; CSV, generated by libsigrok4DSL 0.2.0 on Tue Oct  6 09:34:58 2026
; Channels (16/16)
; Sample rate: 50 MHz
; Sample count: 5.192 M Samples
Time(s), MDR0, MDR1, MDR2, MDR3, MDR4, MDR5, MDR6, MDR7, IRB0, IRB1, IRB2, IRB3, IRB4, IRB5, IRB6, IRB7
0.0006514,1,0,0,0,1,0,0,0,1,0,0,0,1,0,0,0
0.00065524,1,0,0,0,1,0,0,0,0,0,0,0,1,0,0,0
0.00065526,1,0,0,0,1,0,0,0,1,0,0,0,1,0,0,0
0.00065622,1,0,0,0,1,0,0,0,0,0,0,0,1,0,0,0
0.00065624,1,0,0,0,1,0,0,0,1,0,0,0,1,0,0,0
0.0006611,1,0,0,0,1,0,0,0,0,0,0,0,1,0,0,0
0.00066112,1,0,0,0,1,0,0,0,1,0,0,0,1,0,0,0
0.00066598,1,0,0,0,1,0,0,0,0,0,0,0,1,0,0,0
0.000666,1,0,0,0,1,0,0,0,1,0,0,0,1,0,0,0
0.00067184,1,0,0,0,1,0,0,0,0,0,0,0,1,0,0,0
0.00067186,1,0,0,0,1,0,0,0,1,0,0,0,1,0,0,0
0.00067672,1,0,0,0,1,0,0,0,0,0,0,0,1,0,0,0
0.00067674,1,0,0,0,1,0,0,0,1,0,0,0,1,0,0,0
0.00068258,1,0,0,0,1,0,0,0,0,0,0,0,1,0,0,0
0.0006826,1,0,0,0,1,0,0,0,1,0,0,0,1,0,0,0
0.00068746,1,0,0,0,1,0,0,0,0,0,0,0,1,0,0,0
0.00068748,1,0,0,0,1,0,0,0,1,0,0,0,1,0,0,0
0.00069332,1,0,0,0,1,0,0,0,0,0,0,0,1,0,0,0
0.00069334,1,0,0,0,1,0,0,0,1,0,0,0,1,0,0,0
0.0006982,1,0,0,0,1,0,0,0,0,0,0,0,1,0,0,0
0.00069822,1,0,0,0,1,0,0,0,1,0,0,0,1,0,0,0
0.00070406,1,0,0,0,1,0,0,0,0,0,0,0,1,0,0,0
0.00070408,1,0,0,0,1,0,0,0,1,0,0,0,1,0,0,0
0.00070894,1,0,0,0,1,0,0,0,0,0,0,0,1,0,0,0
0.00070896,1,0,0,0,1,0,0,0,1,0,0,0,1,0,0,0
0.0007148,1,0,0,0,1,0,0,0,0,0,0,0,1,0,0,0
0.00071482,1,0,0,0,1,0,0,0,1,0,0,0,1,0,0,0
0.00071968,1,0,0,0,1,0,0,0,0,0,0,0,1,0,0,0
0.0007197,1,0,0,0,1,0,0,0,1,0,0,0,1,0,0,0
0.00072554,1,0,0,0,1,0,0,0,0,0,0,0,1,0,0,0
0.00072556,1,0,0,0,1,0,0,0,1,0,0,0,1,0,0,0
0.00073042,1,0,0,0,1,0,0,0,0,0,0,0,1,0,0,0
0.00073044,1,0,0,0,1,0,0,0,1,0,0,0,1,0,0,0
0.0007353,1,0,0,0,1,0,0,0,0,0,0,0,1,0,0,0
0.00073532,1,0,0,0,1,0,0,0,1,0,0,0,1,0,0,0
0.00074116,1,0,0,0,1,0,0,0,0,0,0,0,1,0,0,0
0.00074118,1,0,0,0,1,0,0,0,1,0,0,0,1,0,0,0
0.00074604,1,0,0,0,1,0,0,0,0,0,0,0,1,0,0,0
0.00074606,1,0,0,0,1,0,0,0,1,0,0,0,1,0,0,0
0.0007519,1,0,0,0,1,0,0,0,0,0,0,0,1,0,0,0
0.00075192,1,0,0,0,1,0,0,0,1,0,0,0,1,0,0,0
0.00075678,1,0,0,0,1,0,0,0,0,0,0,0,1,0,0,0
0.0007568,1,0,0,0,1,0,0,0,1,0,0,0,1,0,0,0
0.00076264,1,0,0,0,1,0,0,0,0,0,0,0,1,0,0,0
0.00076266,1,0,0,0,1,0,0,0,1,0,0,0,1,0,0,0
0.00076752,1,0,0,0,1,0,0,0,0,0,0,0,1,0,0,0
0.00076754,1,0,0,0,1,0,0,0,1,0,0,0,1,0,0,0
0.00077338,1,0,0,0,1,0,0,0,0,0,0,0,1,0,0,0
0.0007734,1,0,0,0,1,0,0,0,1,0,0,0,1,0,0,0
0.00077826,1,0,0,0,1,0,0,0,0,0,0,0,1,0,0,0
0.00077828,1,0,0,0,1,0,0,0,1,0,0,0,1,0,0,0
0.00078412,1,0,0,0,1,0,0,0,0,0,0,0,1,0,0,0
0.00078414,1,0,0,0,1,0,0,0,1,0,0,0,1,0,0,0
0.000789,1,0,0,0,1,0,0,0,0,0,0,0,1,0,0,0
0.00078902,1,0,0,0,1,0,0,0,1,0,0,0,1,0,0,0
0.00079486,1,0,0,0,1,0,0,0,0,0,0,0,1,0,0,0
0.00079488,1,0,0,0,1,0,0,0,1,0,0,0,1,0,0,0
0.00079974,1,0,0,0,1,0,0,0,0,0,0,0,1,0,0,0
0.00079976,1,0,0,0,1,0,0,0,1,0,0,0,1,0,0,0
0.0008056,1,0,0,0,1,0,0,0,0,0,0,0,1,0,0,0
0.00080562,1,0,0,0,1,0,0,0,1,0,0,0,1,0,0,0
0.00081048,1,0,0,0,1,0,0,0,0,0,0,0,1,0,0,0
0.0008105,1,0,0,0,1,0,0,0,1,0,0,0,1,0,0,0
0.00081536,1,0,0,0,1,0,0,0,0,0,0,0,1,0,0,0
0.00081538,1,0,0,0,1,0,0,0,1,0,0,0,1,0,0,0
0.00081634,1,0,0,0,1,0,0,0,0,0,0,0,1,0,0,0
0.00081636,1,0,0,0,1,0,0,0,1,0,0,0,1,0,0,0
0.00082122,1,0,0,0,1,0,0,0,0,0,0,0,1,0,0,0
0.00082124,1,0,0,0,1,0,0,0,1,0,0,0,1,0,0,0
0.0008261,1,0,0,0,1,0,0,0,0,0,0,0,1,0,0,0
0.00082612,1,0,0,0,1,0,0,0,1,0,0,0,1,0,0,0
0.00083196,1,0,0,0,1,0,0,0,0,0,0,0,1,0,0,0
0.00083198,1,0,0,0,1,0,0,0,1,0,0,0,1,0,0,0
0.00083684,1,0,0,0,1,0,0,0,0,0,0,0,1,0,0,0
0.00083686,1,0,0,0,1,0,0,0,1,0,0,0,1,0,0,0
0.0008427,1,0,0,0,1,0,0,0,0,0,0,0,1,0,0,0
0.00084272,1,0,0,0,1,0,0,0,1,0,0,0,1,0,0,0
0.00084758,1,0,0,0,1,0,0,0,0,0,0,0,1,0,0,0
0.0008476,1,0,0,0,1,0,0,0,1,0,0,0,1,0,0,0
0.00085344,1,0,0,0,1,0,0,0,0,0,0,0,1,0,0,0
0.00085346,1,0,0,0,1,0,0,0,1,0,0,0,1,0,0,0
0.00085832,1,0,0,0,1,0,0,0,0,0,0,0,1,0,0,0
0.00085834,1,0,0,0,1,0,0,0,1,0,0,0,1,0,0,0
0.00086418,1,0,0,0,1,0,0,0,0,0,0,0,1,0,0,0
0.0008642,1,0,0,0,1,0,0,0,1,0,0,0,1,0,0,0
0.00086906,1,0,0,0,1,0,0,0,0,0,0,0,1,0,0,0
0.00086908,1,0,0,0,1,0,0,0,1,0,0,0,1,0,0,0
0.00087492,1,0,0,0,1,0,0,0,0,0,0,0,1,0,0,0
0.00087494,1,0,0,0,1,0,0,0,1,0,0,0,1,0,0,0
0.0008798,1,0,0,0,1,0,0,0,0,0,0,0,1,0,0,0
0.00087982,1,0,0,0,1,0,0,0,1,0,0,0,1,0,0,0
0.00088566,1,0,0,0,1,0,0,0,0,0,0,0,1,0,0,0
0.00088568,1,0,0,0,1,0,0,0,1,0,0,0,1,0,0,0
0.00089054,1,0,0,0,1,0,0,0,0,0,0,0,1,0,0,0
0.00089056,1,0,0,0,1,0,0,0,1,0,0,0,1,0,0,0
0.0008964,1,0,0,0,1,0,0,0,0,0,0,0,1,0,0,0
0.00089642,1,0,0,0,1,0,0,0,1,0,0,0,1,0,0,0
0.00090128,1,0,0,0,1,0,0,0,0,0,0,0,1,0,0,0
0.0009013,1,0,0,0,1,0,0,0,1,0,0,0,1,0,0,0
0.00090616,1,0,0,0,1,0,0,0,0,0,0,0,1,0,0,0
0.00090618,1,0,0,0,1,0,0,0,1,0,0,0,1,0,0,0
0.00091202,1,0,0,0,1,0,0,0,0,0,0,0,1,0,0,0
0.00091204,1,0,0,0,1,0,0,0,1,0,0,0,1,0,0,0
0.0009169,1,0,0,0,1,0,0,0,0,0,0,0,1,0,0,0
0.00091692,1,0,0,0,1,0,0,0,1,0,0,0,1,0,0,0
0.00092276,1,0,0,0,1,0,0,0,0,0,0,0,1,0,0,0
0.00092278,1,0,0,0,1,0,0,0,1,0,0,0,1,0,0,0
0.00092764,1,0,0,0,1,0,0,0,0,0,0,0,1,0,0,0
0.00092766,1,0,0,0,1,0,0,0,1,0,0,0,1,0,0,0
0.0009335,1,0,0,0,1,0,0,0,0,0,0,0,1,0,0,0
0.00093352,1,0,0,0,1,0,0,0,1,0,0,0,1,0,0,0
0.00093838,1,0,0,0,1,0,0,0,0,0,0,0,1,0,0,0
0.0009384,1,0,0,0,1,0,0,0,1,0,0,0,1,0,0,0
0.00094424,1,0,0,0,1,0,0,0,0,0,0,0,1,0,0,0
0.00094426,1,0,0,0,1,0,0,0,1,0,0,0,1,0,0,0
0.00094912,1,0,0,0,1,0,0,0,0,0,0,0,1,0,0,0
0.00094914,1,0,0,0,1,0,0,0,1,0,0,0,1,0,0,0
0.00095498,1,0,0,0,1,0,0,0,0,0,0,0,1,0,0,0
0.000955,1,0,0,0,1,0,0,0,1,0,0,0,1,0,0,0
0.00095986,1,0,0,0,1,0,0,0,0,0,0,0,1,0,0,0
0.00095988,1,0,0,0,1,0,0,0,1,0,0,0,1,0,0,0
0.00096572,1,0,0,0,1,0,0,0,0,0,0,0,1,0,0,0
0.00096574,1,0,0,0,1,0,0,0,1,0,0,0,1,0,0,0
0.0009706,1,0,0,0,1,0,0,0,0,0,0,0,1,0,0,0
0.00097062,1,0,0,0,1,0,0,0,1,0,0,0,1,0,0,0
0.00097646,1,0,0,0,1,0,0,0,0,0,0,0,1,0,0,0
0.00097648,1,0,0,0,1,0,0,0,1,0,0,0,1,0,0,0
0.00098134,1,0,0,0,1,0,0,0,0,0,0,0,1,0,0,0
0.00098136,1,0,0,0,1,0,0,0,1,0,0,0,1,0,0,0
0.00098622,1,0,0,0,1,0,0,0,0,0,0,0,1,0,0,0
0.00098624,1,0,0,0,1,0,0,0,1,0,0,0,1,0,0,0
0.00099208,1,0,0,0,1,0,0,0,0,0,0,0,1,0,0,0
0.0009921,1,0,0,0,1,0,0,0,1,0,0,0,1,0,0,0
0.00099696,1,0,0,0,1,0,0,0,0,0,0,0,1,0,0,0
0.00099698,1,0,0,0,1,0,0,0,1,0,0,0,1,0,0,0
0.00100282,1,0,0,0,1,0,0,0,0,0,0,0,1,0,0,0
0.00100284,1,0,0,0,1,0,0,0,1,0,0,0,1,0,0,0
0.0010077,1,0,0,0,1,0,0,0,0,0,0,0,1,0,0,0
0.00100772,1,0,0,0,1,0,0,0,1,0,0,0,1,0,0,0
0.00101356,1,0,0,0,1,0,0,0,0,0,0,0,1,0,0,0
0.00101358,1,0,0,0,1,0,0,0,1,0,0,0,1,0,0,0
0.00101844,1,0,0,0,1,0,0,0,0,0,0,0,1,0,0,0
0.00101846,1,0,0,0,1,0,0,0,1,0,0,0,1,0,0,0
0.0010243,1,0,0,0,1,0,0,0,0,0,0,0,1,0,0,0
0.00102432,1,0,0,0,1,0,0,0,1,0,0,0,1,0,0,0
0.00102918,1,0,0,0,1,0,0,0,0,0,0,0,1,0,0,0
0.0010292,1,0,0,0,1,0,0,0,1,0,0,0,1,0,0,0
0.00103504,1,0,0,0,1,0,0,0,0,0,0,0,1,0,0,0
0.00103506,1,0,0,0,1,0,0,0,1,0,0,0,1,0,0,0
0.00103992,1,0,0,0,1,0,0,0,0,0,0,0,1,0,0,0
0.00103994,1,0,0,0,1,0,0,0,1,0,0,0,1,0,0,0
0.00104578,1,0,0,0,1,0,0,0,0,0,0,0,1,0,0,0
0.0010458,1,0,0,0,1,0,0,0,1,0,0,0,1,0,0,0
0.00105066,1,0,0,0,1,0,0,0,0,0,0,0,1,0,0,0
0.00105068,1,0,0,0,1,0,0,0,1,0,0,0,1,0,0,0
0.00105652,1,0,0,0,1,0,0,0,0,0,0,0,1,0,0,0
0.00105654,1,0,0,0,1,0,0,0,1,0,0,0,1,0,0,0
0.0010614,1,0,0,0,1,0,0,0,0,0,0,0,1,0,0,0
0.00106142,1,0,0,0,1,0,0,0,1,0,0,0,1,0,0,0
0.00106628,1,0,0,0,1,0,0,0,0,0,0,0,1,0,0,0
0.0010663,1,0,0,0,1,0,0,0,1,0,0,0,1,0,0,0
0.00107214,1,0,0,0,1,0,0,0,0,0,0,0,1,0,0,0
0.00107216,1,0,0,0,1,0,0,0,1,0,0,0,1,0,0,0
0.00107702,1,0,0,0,1,0,0,0,0,0,0,0,1,0,0,0
0.00107704,1,0,0,0,1,0,0,0,1,0,0,0,1,0,0,0
0.001078,1,0,0,0,1,0,0,0,0,0,0,0,1,0,0,0
0.00107802,1,0,0,0,1,0,0,0,1,0,0,0,1,0,0,0
0.00108288,1,0,0,0,1,0,0,0,0,0,0,0,1,0,0,0
0.0010829,1,0,0,0,1,0,0,0,1,0,0,0,1,0,0,0
0.00108776,1,0,0,0,1,0,0,0,0,0,0,0,1,0,0,0
0.00108778,1,0,0,0,1,0,0,0,1,0,0,0,1,0,0,0
0.00109362,1,0,0,0,1,0,0,0,0,0,0,0,1,0,0,0
0.00109364,1,0,0,0,1,0,0,0,1,0,0,0,1,0,0,0
0.0010985,1,0,0,0,1,0,0,0,0,0,0,0,1,0,0,0
0.00109852,1,0,0,0,1,0,0,0,1,0,0,0,1,0,0,0
0.00110436,1,0,0,0,1,0,0,0,0,0,0,0,1,0,0,0
0.00110438,1,0,0,0,1,0,0,0,1,0,0,0,1,0,0,0
0.00110924,1,0,0,0,1,0,0,0,0,0,0,0,1,0,0,0
0.00110926,1,0,0,0,1,0,0,0,1,0,0,0,1,0,0,0
0.0011151,1,0,0,0,1,0,0,0,0,0,0,0,1,0,0,0
0.00111512,1,0,0,0,1,0,0,0,1,0,0,0,1,0,0,0
0.00111998,1,0,0,0,1,0,0,0,0,0,0,0,1,0,0,0
0.00112,1,0,0,0,1,0,0,0,1,0,0,0,1,0,0,0
0.00112584,1,0,0,0,1,0,0,0,0,0,0,0,1,0,0,0
0.00112586,1,0,0,0,1,0,0,0,1,0,0,0,1,0,0,0
0.00113072,1,0,0,0,1,0,0,0,0,0,0,0,1,0,0,0
0.00113074,1,0,0,0,1,0,0,0,1,0,0,0,1,0,0,0
0.00113658,1,0,0,0,1,0,0,0,0,0,0,0,1,0,0,0
0.0011366,1,0,0,0,1,0,0,0,1,0,0,0,1,0,0,0
0.00114146,1,0,0,0,1,0,0,0,0,0,0,0,1,0,0,0
0.00114148,1,0,0,0,1,0,0,0,1,0,0,0,1,0,0,0
0.00114634,1,0,0,0,1,0,0,0,0,0,0,0,1,0,0,0
0.00114636,1,0,0,0,1,0,0,0,1,0,0,0,1,0,0,0
0.0011522,1,0,0,0,1,0,0,0,0,0,0,0,1,0,0,0
0.00115222,1,0,0,0,1,0,0,0,1,0,0,0,1,0,0,0
0.00115708,1,0,0,0,1,0,0,0,0,0,0,0,1,0,0,0
0.0011571,1,0,0,0,1,0,0,0,1,0,0,0,1,0,0,0
0.00116294,1,0,0,0,1,0,0,0,0,0,0,0,1,0,0,0
0.00116296,1,0,0,0,1,0,0,0,1,0,0,0,1,0,0,0
0.00116782,1,0,0,0,1,0,0,0,0,0,0,0,1,0,0,0
0.00116784,1,0,0,0,1,0,0,0,1,0,0,0,1,0,0,0
0.00117368,1,0,0,0,1,0,0,0,0,0,0,0,1,0,0,0
0.0011737,1,0,0,0,1,0,0,0,1,0,0,0,1,0,0,0
0.00117856,1,0,0,0,1,0,0,0,0,0,0,0,1,0,0,0
0.00117858,1,0,0,0,1,0,0,0,1,0,0,0,1,0,0,0
0.00118442,1,0,0,0,1,0,0,0,0,0,0,0,1,0,0,0
0.00118444,1,0,0,0,1,0,0,0,1,0,0,0,1,0,0,0
0.0011893,1,0,0,0,1,0,0,0,0,0,0,0,1,0,0,0
0.00118932,1,0,0,0,1,0,0,0,1,0,0,0,1,0,0,0
0.00119516,1,0,0,0,1,0,0,0,0,0,0,0,1,0,0,0
0.00119518,1,0,0,0,1,0,0,0,1,0,0,0,1,0,0,0
0.00120004,1,0,0,0,1,0,0,0,0,0,0,0,1,0,0,0
0.00120006,1,0,0,0,1,0,0,0,1,0,0,0,1,0,0,0
0.0012059,1,0,0,0,1,0,0,0,0,0,0,0,1,0,0,0
0.00120592,1,0,0,0,1,0,0,0,1,0,0,0,1,0,0,0
0.00121078,1,0,0,0,1,0,0,0,0,0,0,0,1,0,0,0
0.0012108,1,0,0,0,1,0,0,0,1,0,0,0,1,0,0,0
0.00121664,1,0,0,0,1,0,0,0,0,0,0,0,1,0,0,0
0.00121666,1,0,0,0,1,0,0,0,1,0,0,0,1,0,0,0
0.00122152,1,0,0,0,1,0,0,0,0,0,0,0,1,0,0,0
0.00122154,1,0,0,0,1,0,0,0,1,0,0,0,1,0,0,0
0.0012264,1,0,0,0,1,0,0,0,0,0,0,0,1,0,0,0
0.00122642,1,0,0,0,1,0,0,0,1,0,0,0,1,0,0,0
0.00122738,1,0,0,0,1,0,0,0,0,0,0,0,1,0,0,0
0.0012274,1,0,0,0,1,0,0,0,1,0,0,0,1,0,0,0
0.00123226,1,0,0,0,1,0,0,0,0,0,0,0,1,0,0,0
0.00123228,1,0,0,0,1,0,0,0,1,0,0,0,1,0,0,0
0.00123714,1,0,0,0,1,0,0,0,0,0,0,0,1,0,0,0
0.00123716,1,0,0,0,1,0,0,0,1,0,0,0,1,0,0,0
0.001243,1,0,0,0,1,0,0,0,0,0,0,0,1,0,0,0
0.00124302,1,0,0,0,1,0,0,0,1,0,0,0,1,0,0,0
0.00124788,1,0,0,0,1,0,0,0,0,0,0,0,1,0,0,0
0.0012479,1,0,0,0,1,0,0,0,1,0,0,0,1,0,0,0
0.00125374,1,0,0,0,1,0,0,0,0,0,0,0,1,0,0,0
0.00125376,1,0,0,0,1,0,0,0,1,0,0,0,1,0,0,0
0.00125862,1,0,0,0,1,0,0,0,0,0,0,0,1,0,0,0
0.00125864,1,0,0,0,1,0,0,0,1,0,0,0,1,0,0,0
0.00126448,1,0,0,0,1,0,0,0,0,0,0,0,1,0,0,0
0.0012645,1,0,0,0,1,0,0,0,1,0,0,0,1,0,0,0
0.00126936,1,0,0,0,1,0,0,0,0,0,0,0,1,0,0,0
0.00126938,1,0,0,0,1,0,0,0,1,0,0,0,1,0,0,0
0.00127522,1,0,0,0,1,0,0,0,0,0,0,0,1,0,0,0
0.00127524,1,0,0,0,1,0,0,0,1,0,0,0,1,0,0,0
0.0012801,1,0,0,0,1,0,0,0,0,0,0,0,1,0,0,0
0.00128012,1,0,0,0,1,0,0,0,1,0,0,0,1,0,0,0
0.00128596,1,0,0,0,1,0,0,0,0,0,0,0,1,0,0,0
0.00128598,1,0,0,0,1,0,0,0,1,0,0,0,1,0,0,0
0.00129084,1,0,0,0,1,0,0,0,0,0,0,0,1,0,0,0
0.00129086,1,0,0,0,1,0,0,0,1,0,0,0,1,0,0,0
0.0012967,1,0,0,0,1,0,0,0,0,0,0,0,1,0,0,0
0.00129672,1,0,0,0,1,0,0,0,1,0,0,0,1,0,0,0
0.00130158,1,0,0,0,1,0,0,0,0,0,0,0,1,0,0,0
0.0013016,1,0,0,0,1,0,0,0,1,0,0,0,1,0,0,0
0.00130646,1,0,0,0,1,0,0,0,0,0,0,0,1,0,0,0
0.00130648,1,0,0,0,1,0,0,0,1,0,0,0,1,0,0,0
0.001308,1,1,1,1,1,1,1,1,1,0,0,0,1,0,0,0
0.00130902,1,0,0,0,1,0,1,0,1,0,0,0,1,0,0,0
0.0013094,1,0,0,0,1,0,1,0,1,0,0,0,1,0,1,0
0.00130992,1,0,1,0,1,0,1,0,1,0,0,0,1,0,1,0
0.00130994,1,1,1,1,1,1,1,1,1,0,0,0,1,0,1,0
0.00131092,1,0,0,0,1,0,1,0,1,0,0,0,1,0,1,0
0.00131094,1,0,1,0,1,0,1,0,1,0,0,0,1,0,1,0
0.00131096,1,1,1,1,1,1,1,1,1,0,0,0,1,0,1,0
0.00131098,0,0,1,1,1,0,1,0,1,0,0,0,1,0,1,0
0.00131102,0,1,1,1,1,1,1,1,1,0,0,0,1,0,1,0
0.00131104,0,0,1,0,1,0,0,0,1,0,0,0,1,0,1,0
0.00131108,0,0,1,0,1,0,0,1,1,0,0,0,1,0,1,0
0.00131112,0,0,1,0,1,0,0,0,1,0,0,0,1,0,1,0
0.00131136,0,0,1,0,1,0,0,0,0,0,1,0,1,0,0,0
0.00131142,0,0,1,0,1,0,0,0,0,0,0,0,0,0,0,0
0.00131144,1,1,1,1,1,1,1,1,0,1,1,0,1,1,1,0
0.00131146,1,1,1,1,1,1,1,1,1,1,1,1,1,1,1,1
0.00131148,0,0,1,0,1,0,0,0,0,0,1,0,1,0,0,0
0.00131152,0,1,1,1,1,1,0,1,0,0,1,0,1,0,0,0
0.00131154,0,0,1,0,1,0,0,0,0,0,1,0,1,0,0,0
0.00131188,1,1,1,0,1,1,1,1,0,0,1,0,1,0,0,0
0.0013119,1,1,1,1,1,1,1,1,0,0,1,0,1,0,0,0
0.00131292,0,0,0,0,0,0,0,1,0,0,1,0,1,0,0,0
0.00131296,0,0,0,0,0,1,0,1,0,0,1,0,1,0,0,0
0.00131298,1,1,1,1,0,1,1,1,0,0,1,0,1,0,0,0
0.001313,0,0,0,0,0,1,0,1,0,0,1,0,1,0,0,0
0.00131302,0,0,0,0,0,0,0,1,0,0,1,0,1,0,0,0
0.00131306,0,0,0,0,0,1,0,1,0,0,1,0,1,0,0,0
0.00131308,0,0,0,0,0,0,0,1,0,0,1,0,1,0,0,0
0.00131382,1,0,0,0,0,0,0,1,0,0,1,0,1,0,0,0
0.00131384,1,1,0,1,0,1,0,1,0,0,1,0,1,0,0,0
0.00131386,1,1,0,1,1,1,1,1,0,0,1,0,1,0,0,0
0.00131388,1,1,1,1,1,1,1,1,0,0,1,0,1,0,0,0
0.0013139,1,1,0,0,1,0,0,0,0,0,1,0,1,0,0,0
0.00131394,1,1,1,1,1,1,1,0,0,0,1,0,1,0,0,0
0.00131396,1,1,0,0,1,1,0,0,0,0,1,0,1,0,0,0
0.00131398,1,1,0,0,1,0,0,0,0,0,1,0,1,0,0,0
0.00131402,1,1,0,1,1,1,0,0,0,0,1,0,1,0,0,0
0.00131404,1,1,0,0,1,0,0,0,0,0,1,0,1,0,0,0
0.00131428,1,1,0,0,1,0,0,0,1,1,0,0,1,0,0,0
0.00131482,1,1,0,1,1,1,0,0,1,1,0,0,1,0,0,0
0.00131484,1,1,1,1,1,1,1,1,1,1,0,0,1,0,0,0
0.00131488,1,0,0,0,1,1,1,0,1,1,0,0,1,0,0,0
0.00131492,1,0,1,1,1,1,1,0,1,1,0,0,1,0,0,0
0.00131494,1,0,0,0,1,1,1,0,1,1,0,0,1,0,0,0
0.00131578,1,1,1,1,1,1,1,0,1,1,0,0,1,0,0,0
0.0013158,1,1,1,1,1,1,1,1,1,1,0,0,1,0,0,0
0.00131586,0,1,0,0,1,0,0,0,1,1,0,0,1,0,0,0
0.0013159,0,1,1,1,1,1,0,0,1,1,0,0,1,0,0,0
0.00131592,1,1,1,1,1,1,1,0,1,1,0,0,1,0,0,0
0.00131594,0,1,0,0,1,0,0,0,1,1,0,0,1,0,0,0
0.00131598,0,1,1,1,1,0,0,0,1,1,0,0,1,0,0,0
0.001316,0,1,0,0,1,0,0,0,1,1,0,0,1,0,0,0
0.00131624,0,1,0,0,1,0,0,0,0,1,0,0,1,0,0,0
0.0013163,0,1,0,0,1,0,0,0,0,0,0,0,0,0,0,0
0.00131632,0,1,0,0,1,0,0,0,0,1,0,0,1,0,0,0
0.00131678,1,1,1,1,1,1,1,1,0,1,0,0,1,0,0,0
0.00131684,1,1,0,0,1,1,0,0,0,1,0,0,1,0,0,0
0.00131686,1,1,1,1,1,1,0,0,0,1,0,0,1,0,0,0
0.00131688,1,1,1,1,1,1,1,1,0,1,0,0,1,0,0,0
0.0013169,1,1,0,0,1,1,0,0,0,1,0,0,1,0,0,0
0.00131694,1,1,1,1,1,1,0,0,0,1,0,0,1,0,0,0
0.00131696,1,1,0,0,1,1,0,0,0,1,0,0,1,0,0,0
0.00131774,1,1,1,1,1,1,1,0,0,1,0,0,1,0,0,0
0.00131776,1,1,1,1,1,1,1,1,0,1,0,0,1,0,0,0
0.00131782,1,0,0,0,1,0,0,0,0,1,0,0,1,0,0,0
0.00131786,1,1,1,1,1,1,1,1,0,1,0,0,1,0,0,0
0.00131788,1,0,1,1,1,1,1,0,0,1,0,0,1,0,0,0
0.0013179,1,0,0,0,1,0,0,0,0,1,0,0,1,0,0,0
0.00131792,1,0,1,0,1,0,0,0,0,1,0,0,1,0,0,0
0.00131794,1,0,1,1,1,1,1,0,0,1,0,0,1,0,0,0
0.00131796,1,0,1,1,1,0,0,0,0,1,0,0,1,0,0,0
0.00131798,1,0,0,0,1,0,0,0,0,1,0,0,1,0,0,0
0.001318,1,0,1,0,1,0,0,0,0,1,0,0,1,0,0,0
0.00131802,1,0,1,1,1,0,0,0,0,1,0,0,1,0,0,0
0.00131804,1,0,1,0,1,0,0,0,0,1,0,0,1,0,0,0
0.00131814,1,0,0,0,1,0,0,0,0,1,0,0,1,0,0,0
0.00131816,1,0,1,0,1,0,0,0,0,1,0,0,1,0,0,0
0.00131818,1,0,1,1,1,0,0,0,0,0,0,0,1,0,0,0
0.0013182,1,0,0,0,1,0,0,0,1,0,0,0,1,0,0,0
0.00131824,1,0,1,1,1,0,0,0,1,0,0,0,1,0,0,0
0.00131826,1,0,0,0,1,0,0,0,1,0,0,0,1,0,0,0
0.00131832,1,0,1,0,1,0,0,0,1,0,0,0,1,0,0,0
0.00131834,1,0,0,0,1,0,0,0,1,0,0,0,1,0,0,0
0.0013187,1,0,1,1,1,0,0,0,1,0,0,0,1,0,0,0
0.00131872,1,1,1,1,1,1,1,1,1,0,0,0,1,0,0,0
0.00131878,0,0,1,1,1,0,1,0,1,0,0,0,1,0,0,0
0.00131882,1,1,1,1,1,1,1,1,1,0,0,0,1,0,0,0
0.00131884,0,0,1,1,1,0,1,0,1,0,0,0,1,0,0,0
0.00131972,1,1,1,1,1,1,1,1,1,0,0,0,1,0,0,0
0.00131976,1,0,0,0,1,0,0,0,1,0,0,0,1,0,0,0
0.0013198,1,1,1,1,1,1,1,1,1,0,0,0,1,0,0,0
0.00131984,1,1,1,0,1,1,0,0,1,0,0,0,1,0,0,0
0.00131986,1,0,0,0,1,0,0,0,1,0,0,0,1,0,0,0
0.00131988,1,1,1,1,1,1,0,0,1,0,0,0,1,0,0,0
0.00131992,1,0,1,0,1,1,0,0,1,0,0,0,1,0,0,0
0.00131994,1,0,1,0,1,0,0,0,1,0,0,0,1,0,0,0
0.00131996,1,0,1,1,1,1,0,0,1,0,0,0,1,0,0,0
0.00132002,1,0,1,0,1,1,0,0,1,0,0,0,1,0,0,0
0.00132004,1,0,1,1,1,1,0,0,1,0,0,0,1,0,0,0
0.00132008,1,0,1,0,1,0,0,0,1,0,0,0,1,0,0,0
0.00132012,1,0,1,1,1,1,0,0,1,0,0,0,1,0,0,0
0.00132014,1,0,1,1,1,0,0,0,1,0,0,0,1,0,0,0
0.00132016,1,0,1,0,1,0,0,0,1,0,0,0,1,0,0,0
0.00132018,1,0,1,1,1,0,0,0,1,0,0,0,1,0,0,0
0.0013202,1,0,1,1,1,1,0,0,1,0,0,0,1,0,0,0
0.00132022,1,0,1,0,1,0,0,0,1,0,0,0,1,0,0,0
0.00132026,1,0,1,1,1,0,0,0,1,0,0,0,1,0,0,0
0.00132028,1,0,1,0,1,0,0,0,1,0,0,0,1,0,0,0
0.00132062,1,0,0,0,1,0,0,0,1,0,0,0,1,0,0,0
0.00132064,1,0,1,0,1,0,0,0,1,0,0,0,1,0,0,0
0.00132066,1,1,1,0,1,0,0,0,1,0,0,0,1,0,0,0
0.00132068,1,0,1,1,1,1,1,1,1,0,0,0,1,0,0,0
0.0013207,1,1,1,1,1,1,1,1,1,0,0,0,1,0,0,0
0.00132074,1,1,1,0,0,0,1,0,1,0,0,0,1,0,0,0
0.00132078,1,1,1,1,0,1,1,1,1,0,0,0,1,0,0,0
0.0013208,1,1,1,0,0,0,1,0,1,0,0,0,1,0,0,0
0.00132084,1,1,1,1,0,1,1,0,1,0,0,0,1,0,0,0
0.00132086,1,1,1,1,0,0,1,0,1,0,0,0,1,0,0,0
0.00132088,1,1,1,0,0,0,1,0,1,0,0,0,1,0,0,0
0.00132166,1,1,1,1,1,1,1,0,1,0,0,0,1,0,0,0
0.00132168,1,1,1,1,1,1,1,1,1,0,0,0,1,0,0,0
0.00132172,0,1,0,0,1,0,1,1,1,0,0,0,1,0,0,0
0.00132176,1,1,1,1,1,1,1,1,1,0,0,0,1,0,0,0
0.00132178,0,1,0,1,1,0,1,1,1,0,0,0,1,0,0,0
0.0013218,0,1,0,0,1,0,1,1,1,0,0,0,1,0,0,0
0.00132184,0,1,0,1,1,0,1,1,1,0,0,0,1,0,0,0
0.00132186,0,1,0,0,1,0,1,1,1,0,0,0,1,0,0,0
0.0013221,0,1,0,0,1,0,1,1,0,1,0,0,1,0,1,1
0.00132262,1,1,1,0,1,0,1,1,0,1,0,0,1,0,1,1
0.00132264,1,1,1,1,1,0,1,1,0,1,0,0,1,0,1,1
0.00132266,1,1,1,1,1,1,1,1,0,1,0,0,1,0,1,1
0.00132268,1,1,1,0,0,0,1,0,0,1,0,0,1,0,1,1
0.00132272,1,1,1,1,0,1,1,0,0,1,0,0,1,0,1,1
0.00132276,1,1,1,0,0,0,1,0,0,1,0,0,1,0,1,1
0.0013236,1,1,1,1,0,1,1,0,0,1,0,0,1,0,1,1
0.00132362,1,1,1,1,1,1,1,1,0,1,0,0,1,0,1,1
0.00132458,0,0,0,0,0,0,0,0,0,1,0,0,1,0,1,1
0.00132554,1,0,1,0,0,0,0,0,0,1,0,0,1,0,1,1
0.00132556,0,0,0,0,0,0,0,0,0,1,0,0,1,0,1,1
0.00132558,1,1,1,1,1,1,1,1,0,1,0,0,1,0,1,1
0.0013256,1,1,1,1,1,0,1,0,0,1,0,0,1,0,1,1
0.00132562,1,1,1,1,1,1,1,0,0,1,0,0,1,0,1,1
0.00132564,1,1,1,1,1,1,1,1,0,1,0,0,1,0,1,1
0.00132566,1,1,0,0,1,1,0,0,0,1,0,0,1,0,1,1
0.00132568,0,1,0,0,1,1,0,1,0,1,0,0,1,0,1,1
0.0013257,0,1,0,0,1,1,0,0,0,1,0,0,1,0,1,1
0.001326,0,1,0,0,1,1,0,0,0,1,0,0,1,0,0,0
0.00132602,0,1,0,0,1,1,0,0,0,1,0,0,1,1,0,0
0.00132652,0,1,0,1,1,1,0,0,0,1,0,0,1,1,0,0
0.00132654,1,1,1,1,1,1,1,1,0,1,0,0,1,1,0,0
0.0013266,1,0,0,1,1,1,1,1,0,1,0,0,1,1,0,0
0.00132664,1,0,1,1,1,1,1,1,0,1,0,0,1,1,0,0
0.00132666,1,0,0,1,1,1,1,1,0,1,0,0,1,1,0,0
0.0013275,1,1,1,1,1,1,1,1,0,1,0,0,1,1,0,0
0.00132758,0,1,0,1,0,0,0,0,0,1,0,0,1,1,0,0
0.00132762,1,1,1,1,0,0,0,0,0,1,0,0,1,1,0,0
0.00132766,0,1,0,1,0,0,0,0,0,1,0,0,1,1,0,0
0.0013277,1,1,1,1,0,0,0,0,0,1,0,0,1,1,0,0
0.00132772,0,1,0,1,0,0,0,0,0,1,0,0,1,1,0,0
0.00132848,1,1,1,1,0,0,1,0,0,1,0,0,1,1,0,0
0.0013285,1,1,1,1,1,1,1,1,0,1,0,0,1,1,0,0
0.0013295,0,0,0,1,1,0,1,0,0,1,0,0,1,1,0,0
0.00132952,1,1,1,1,1,0,1,0,0,1,0,0,1,1,0,0
0.00132954,1,1,1,1,1,1,1,1,0,1,0,0,1,1,0,0
0.00132956,1,1,1,1,1,1,0,1,0,1,0,0,1,1,0,0
0.00132958,0,0,1,0,1,0,0,0,0,1,0,0,1,1,0,0
0.00132962,0,0,1,0,1,1,0,1,0,1,0,0,1,1,0,0
0.00132966,0,0,1,0,1,0,0,0,0,1,0,0,1,1,0,0
0.0013297,0,0,1,0,1,1,0,0,0,1,0,0,1,1,0,0
0.00132972,0,0,1,0,1,0,0,0,0,1,0,0,1,1,0,0
0.0013299,0,0,1,0,1,0,0,0,0,0,0,0,1,0,0,0
0.00132992,0,0,1,0,1,0,0,0,0,0,1,0,1,0,0,0
0.00132998,0,1,1,1,1,0,0,0,0,0,1,0,1,0,0,0
0.00133,1,1,1,1,1,0,0,0,0,1,1,1,1,0,0,0
0.00133002,0,0,1,0,1,1,0,1,0,0,1,0,1,0,0,0
0.00133004,0,0,1,0,1,0,0,0,0,0,1,0,1,0,0,0
0.00133006,0,0,1,0,1,1,0,1,0,0,1,0,1,0,0,0
0.0013301,0,0,1,0,1,0,0,0,0,0,1,0,1,0,0,0
0.00133044,0,0,1,0,1,1,0,1,0,0,1,0,1,0,0,0
0.00133046,1,1,1,1,1,1,1,1,0,0,1,0,1,0,0,0
0.00133148,0,0,0,0,0,0,0,1,0,0,1,0,1,0,0,0
0.00133152,1,1,1,1,0,1,1,1,0,0,1,0,1,0,0,0
0.00133154,1,0,1,0,0,1,0,1,0,0,1,0,1,0,0,0
0.00133156,0,0,0,0,0,0,0,1,0,0,1,0,1,0,0,0
0.0013316,0,0,0,0,0,1,0,1,0,0,1,0,1,0,0,0
0.00133164,0,0,0,0,0,0,0,1,0,0,1,0,1,0,0,0
0.00133168,0,0,0,0,0,1,0,1,0,0,1,0,1,0,0,0
0.0013318,0,0,0,0,0,0,0,1,0,0,1,0,1,0,0,0
0.00133182,0,0,0,0,0,1,0,1,0,0,1,0,1,0,0,0
0.00133188,0,0,0,0,0,0,0,1,0,0,1,0,1,0,0,0
0.00133192,0,0,0,0,0,1,0,1,0,0,1,0,1,0,0,0
0.00133196,0,0,0,0,0,0,0,1,0,0,1,0,1,0,0,0
0.00133202,0,0,0,0,0,1,0,1,0,0,1,0,1,0,0,0
0.00133204,0,0,0,0,0,0,0,1,0,0,1,0,1,0,0,0
0.00133238,1,1,1,1,1,1,0,1,0,0,1,0,1,0,0,0
0.0013324,1,1,1,1,1,1,1,1,0,0,1,0,1,0,0,0
0.00133246,1,1,0,0,1,0,0,0,0,0,1,0,1,0,0,0
0.0013325,1,1,1,1,1,1,1,0,0,0,1,0,1,0,0,0
0.00133252,1,1,1,0,1,1,0,0,0,0,1,0,1,0,0,0
0.00133254,1,1,0,0,1,0,0,0,0,0,1,0,1,0,0,0
0.00133258,1,1,1,0,1,1,0,0,0,0,1,0,1,0,0,0
0.0013326,1,1,0,0,1,0,0,0,0,0,1,0,1,0,0,0
0.00133282,1,1,0,0,1,0,0,0,0,0,0,0,1,0,0,0
0.00133284,1,1,0,0,1,0,0,0,1,1,0,0,1,0,0,0
0.0013329,1,1,0,0,1,0,0,0,0,0,0,0,0,0,0,0
0.00133292,1,1,0,0,1,0,0,0,1,1,0,0,1,0,0,0
0.00133338,1,1,1,1,1,1,1,1,1,1,0,0,1,0,0,0
0.00133342,1,0,0,0,1,1,1,0,1,1,0,0,1,0,0,0
0.00133346,1,1,1,1,1,1,1,0,1,1,0,0,1,0,0,0
0.00133348,1,0,0,0,1,1,1,0,1,1,0,0,1,0,0,0
0.00133432,1,0,1,0,1,1,1,0,1,1,0,0,1,0,0,0
0.00133434,1,1,1,1,1,1,1,1,1,1,0,0,1,0,0,0
0.00133442,0,1,0,0,1,0,0,0,1,1,0,0,1,0,0,0
0.00133446,1,1,1,1,1,1,1,1,1,1,0,0,1,0,0,0
0.00133448,1,1,1,1,1,0,0,0,1,1,0,0,1,0,0,0
0.0013345,0,1,0,0,1,0,0,0,1,1,0,0,1,0,0,0
0.00133454,0,1,1,1,1,0,0,0,1,1,0,0,1,0,0,0
0.00133456,0,1,0,0,1,0,0,0,1,1,0,0,1,0,0,0
0.00133478,0,1,0,0,1,0,0,0,0,1,0,0,1,0,0,0
0.00133534,1,1,1,1,1,1,1,1,0,1,0,0,1,0,0,0
0.00133538,1,1,0,0,1,1,0,0,0,1,0,0,1,0,0,0
0.00133542,1,1,1,1,1,1,1,1,0,1,0,0,1,0,0,0
0.00133544,1,1,0,0,1,1,0,0,0,1,0,0,1,0,0,0
0.0013355,1,1,1,0,1,1,0,0,0,1,0,0,1,0,0,0
0.00133552,1,1,0,0,1,1,0,0,0,1,0,0,1,0,0,0
0.00133628,1,1,1,1,1,1,0,0,0,1,0,0,1,0,0,0
0.0013363,1,1,1,1,1,1,1,1,0,1,0,0,1,0,0,0
0.00133636,1,0,0,0,1,0,0,0,0,1,0,0,1,0,0,0
0.0013364,1,1,1,1,1,1,1,1,0,1,0,0,1,0,0,0
0.00133644,1,0,1,1,1,0,0,0,0,1,0,0,1,0,0,0
0.00133646,1,0,0,0,1,0,0,0,0,1,0,0,1,0,0,0
0.00133648,1,0,1,1,1,1,1,0,0,1,0,0,1,0,0,0
0.0013365,1,0,1,1,1,0,0,0,0,1,0,0,1,0,0,0
0.00133652,1,0,1,0,1,0,0,0,0,1,0,0,1,0,0,0
0.00133674,1,0,0,0,1,0,0,0,1,0,0,0,1,0,0,0
0.00133678,1,0,1,0,1,0,0,0,1,0,0,0,1,0,0,0
0.0013368,1,0,1,0,1,0,0,0,1,0,0,0,0,0,0,0
0.00133682,1,0,0,0,1,0,0,0,1,0,0,0,1,0,0,0
0.00133686,1,0,1,0,1,0,0,0,1,0,0,0,1,0,0,0
0.0013369,1,0,0,0,1,0,0,0,1,0,0,0,1,0,0,0
0.00133726,1,0,1,1,1,0,0,0,1,0,0,0,1,0,0,0
0.00133728,1,1,1,1,1,1,1,1,1,0,0,0,1,0,0,0
0.00133732,1,1,1,1,1,1,1,0,1,0,0,0,1,0,0,0
0.00133734,0,0,1,1,1,0,1,0,1,0,0,0,1,0,0,0
0.00133738,0,1,1,1,1,1,1,0,1,0,0,0,1,0,0,0
0.0013374,0,0,1,1,1,0,1,0,1,0,0,0,1,0,0,0
0.00133826,1,1,1,1,1,1,1,1,1,0,0,0,1,0,0,0
0.00133832,0,1,0,0,1,0,0,0,1,0,0,0,1,0,0,0
0.00133836,1,1,1,1,1,1,0,0,1,0,0,0,1,0,0,0
0.0013384,0,1,0,0,1,0,0,0,1,0,0,0,1,0,0,0
0.00133844,1,1,1,1,1,1,0,0,1,0,0,0,1,0,0,0
0.00133848,1,1,1,0,1,0,0,0,1,0,0,0,1,0,0,0
0.00133852,1,1,1,0,1,1,0,0,1,0,0,0,1,0,0,0
0.00133856,1,1,1,0,1,0,0,0,1,0,0,0,1,0,0,0
0.00133864,0,1,1,0,1,0,0,0,1,0,0,0,1,0,0,0
0.00133866,1,1,1,0,1,0,0,0,1,0,0,0,1,0,0,0
0.00133868,1,1,1,0,1,0,0,0,0,0,0,0,1,0,0,0
0.0013387,0,1,1,0,1,0,0,0,0,1,0,0,1,0,0,0
0.00133874,1,1,1,1,1,0,0,0,0,1,0,0,1,0,0,0
0.00133876,0,1,1,0,1,0,0,0,0,1,0,0,1,0,0,0
0.00133914,0,1,0,0,1,0,0,0,0,1,0,0,1,0,0,0
0.00133916,0,1,1,0,1,0,0,0,0,1,0,0,1,0,0,0
0.00133918,0,1,0,0,1,0,0,0,0,1,0,0,1,0,0,0
0.00133922,1,1,1,1,1,1,0,0,0,1,0,0,1,0,0,0
0.00133924,1,1,1,1,1,1,1,1,0,1,0,0,1,0,0,0
0.00133928,1,1,1,0,0,0,1,0,0,1,0,0,1,0,0,0
0.00133932,1,1,1,1,0,1,1,1,0,1,0,0,1,0,0,0
0.00133934,1,1,1,1,0,1,1,0,0,1,0,0,1,0,0,0
0.00133936,1,1,1,0,0,0,1,0,0,1,0,0,1,0,0,0
0.0013394,1,1,1,1,0,1,1,0,0,1,0,0,1,0,0,0
0.00133942,1,1,1,0,0,0,1,0,0,1,0,0,1,0,0,0
0.00133968,1,1,1,1,0,0,1,0,0,1,0,0,1,0,0,0
0.0013397,1,1,1,0,0,0,1,0,0,1,0,0,1,0,0,0
0.0013402,1,1,1,1,1,0,1,0,0,1,0,0,1,0,0,0
0.00134022,1,1,1,1,1,1,1,1,0,1,0,0,1,0,0,0
0.00134026,1,0,0,1,0,1,1,1,0,1,0,0,1,0,0,0
0.00134028,1,0,0,0,0,0,0,1,0,1,0,0,1,0,0,0
0.0013403,1,0,1,1,0,1,0,1,0,1,0,0,1,0,0,0
0.00134032,1,1,1,1,0,1,1,1,0,1,0,0,1,0,0,0
0.00134034,1,0,1,1,0,1,0,1,0,1,0,0,1,0,0,0
0.00134036,1,0,0,0,0,0,0,1,0,1,0,0,1,0,0,0
0.00134038,1,0,0,1,0,1,0,1,0,1,0,0,1,0,0,0
0.0013404,1,0,1,1,0,1,0,1,0,1,0,0,1,0,0,0
0.00134042,1,0,0,1,0,1,0,1,0,1,0,0,1,0,0,0
0.00134044,1,0,0,0,0,0,0,1,0,1,0,0,1,0,0,0
0.00134046,1,0,0,1,0,0,0,1,0,1,0,0,1,0,0,0
0.00134048,1,0,1,1,0,1,0,1,0,1,0,0,1,0,0,0
0.0013405,1,0,0,0,0,0,0,1,0,1,0,0,1,0,0,0
0.00134054,1,0,0,1,0,0,0,1,0,1,0,0,1,0,0,0
0.00134058,1,0,0,0,0,0,0,1,0,1,0,0,1,0,0,0
0.00134062,1,0,1,1,0,1,0,1,0,1,0,0,1,0,0,0
0.00134064,1,0,1,1,0,1,0,1,0,0,0,0,0,0,0,1
0.00134066,1,0,0,0,0,0,0,1,1,0,0,0,0,0,0,1
0.0013407,1,0,1,1,0,1,0,1,1,0,0,0,0,0,0,1
0.00134072,1,0,0,0,0,0,0,1,1,0,0,0,0,0,0,1
0.00134078,1,0,1,1,0,0,0,1,1,0,0,0,0,0,0,1
0.0013408,1,0,0,0,0,0,0,1,1,0,0,0,0,0,0,1
0.00134116,1,1,1,0,0,0,0,1,1,0,0,0,0,0,0,1
0.00134118,1,1,1,1,0,1,1,1,1,0,0,0,0,0,0,1
0.0013412,1,1,1,1,1,1,1,0,1,0,0,0,0,0,0,1
0.00134122,1,1,1,0,0,0,1,0,1,0,0,0,0,0,0,1
0.00134124,1,1,1,1,0,0,1,0,1,0,0,0,0,0,0,1
0.00134126,1,1,1,1,0,1,1,0,1,0,0,0,0,0,0,1
0.00134128,1,1,1,0,0,0,1,0,1,0,0,0,0,0,0,1
0.00134218,1,1,1,1,1,1,1,1,1,0,0,0,0,0,0,1
0.00134222,1,1,1,1,1,0,1,0,1,0,0,0,0,0,0,1
0.00134224,1,1,1,1,1,1,1,1,1,0,0,0,0,0,0,1
0.00134226,0,1,1,1,1,1,1,1,1,0,0,0,0,0,0,1
0.00134228,0,1,0,0,1,0,1,1,1,0,0,0,0,0,0,1
0.00134232,0,1,1,1,1,1,1,1,1,0,0,0,0,0,0,1
0.00134234,0,1,0,0,1,1,1,1,1,0,0,0,0,0,0,1
0.00134236,0,1,0,0,1,0,1,1,1,0,0,0,0,0,0,1
0.00134238,0,1,0,0,1,1,1,1,1,0,0,0,0,0,0,1
0.0013426,0,1,0,0,1,1,1,1,0,1,0,0,1,0,1,1
0.00134314,1,1,1,1,1,1,1,1,0,1,0,0,1,0,1,1
0.0013432,1,1,1,0,0,0,1,0,0,1,0,0,1,0,1,1
0.00134324,1,1,1,1,0,1,1,0,0,1,0,0,1,0,1,1
0.00134326,1,1,1,0,0,1,1,0,0,1,0,0,1,0,1,1
0.00134328,1,1,1,0,0,0,1,0,0,1,0,0,1,0,1,1
0.00134332,1,1,1,0,0,1,1,0,0,1,0,0,1,0,1,1
0.00134334,1,1,1,0,0,0,1,0,0,1,0,0,1,0,1,1
0.0013441,1,1,1,0,0,1,1,0,0,1,0,0,1,0,1,1
0.00134412,1,1,1,1,1,1,1,1,0,1,0,0,1,0,1,1
0.00134508,0,0,0,0,0,0,0,0,0,1,0,0,1,0,1,1
0.00134604,0,0,1,0,0,0,0,0,0,1,0,0,1,0,1,1
0.00134606,0,0,0,0,0,0,0,0,0,1,0,0,1,0,1,1
0.00134608,1,1,1,1,1,1,1,1,0,1,0,0,1,0,1,1
0.00134612,0,1,0,1,1,0,1,0,0,1,0,0,1,0,1,1
0.00134614,1,1,1,0,1,1,1,1,0,1,0,0,1,0,1,1
0.00134616,0,1,0,0,1,1,1,0,0,1,0,0,1,0,1,1
0.00134618,1,1,1,0,1,1,0,0,0,1,0,0,1,0,1,1
0.0013462,0,1,0,0,1,1,0,0,0,1,0,0,1,0,1,1
0.00134622,0,1,1,0,1,1,0,0,0,1,0,0,1,0,1,1
0.00134626,0,1,0,0,1,1,0,0,0,1,0,0,1,0,1,1
0.0013465,0,1,0,0,1,1,0,0,0,1,0,0,1,0,0,0
0.00134652,0,1,0,0,1,1,0,0,0,1,0,0,1,1,0,0
0.00134702,0,1,1,1,1,1,0,0,0,1,0,0,1,1,0,0
0.00134704,1,1,1,1,1,1,1,1,0,1,0,0,1,1,0,0
0.0013471,0,0,1,1,1,1,1,1,0,1,0,0,1,1,0,0
0.00134714,1,0,1,1,1,1,1,1,0,1,0,0,1,1,0,0
0.00134716,0,0,1,1,1,1,1,1,0,1,0,0,1,1,0,0
0.001348,1,1,1,1,1,1,1,1,0,1,0,0,1,1,0,0
0.00134806,1,1,1,1,0,0,0,0,0,1,0,0,1,1,0,0
0.00134808,0,1,0,1,0,0,0,0,0,1,0,0,1,1,0,0
0.00134812,1,1,1,1,0,1,0,0,0,1,0,0,1,1,0,0
0.00134814,0,1,0,1,0,0,0,0,0,1,0,0,1,1,0,0
0.00134898,0,1,1,1,0,0,0,0,0,1,0,0,1,1,0,0
0.001349,1,1,1,1,1,1,1,1,0,1,0,0,1,1,0,0
0.00135,0,0,0,1,1,0,1,0,0,1,0,0,1,1,0,0
0.00135002,0,0,1,1,1,0,1,0,0,1,0,0,1,1,0,0
0.00135004,1,1,1,1,1,1,1,1,0,1,0,0,1,1,0,0
0.00135006,0,0,1,0,1,0,0,0,0,1,0,0,1,1,0,0
0.0013501,0,0,1,0,1,1,0,0,0,1,0,0,1,1,0,0
0.00135012,0,0,1,0,1,0,0,0,0,1,0,0,1,1,0,0
0.0013504,0,0,1,0,1,0,0,0,0,0,0,0,1,0,0,0
0.00135042,0,0,1,0,1,0,0,0,0,0,1,0,1,0,0,0
0.0013505,0,1,1,1,1,0,0,0,0,1,1,1,1,0,0,0
0.00135052,0,0,1,0,1,1,1,1,0,0,1,0,1,0,0,0
0.00135054,0,0,1,0,1,0,0,0,0,0,1,0,1,0,0,0
0.00135058,0,0,1,0,1,1,0,0,0,0,1,0,1,0,0,0
0.0013506,0,0,1,0,1,0,0,0,0,0,1,0,1,0,0,0
0.00135096,1,1,1,1,1,1,1,1,0,0,1,0,1,0,0,0
0.00135198,0,0,0,0,0,0,0,1,0,0,1,0,1,0,0,0
0.00135202,0,1,0,0,0,1,0,1,0,0,1,0,1,0,0,0
0.00135204,1,1,1,1,0,1,1,1,0,0,1,0,1,0,0,0
0.00135206,0,0,0,0,0,0,0,1,0,0,1,0,1,0,0,0
0.00135288,1,1,1,0,0,0,0,1,0,0,1,0,1,0,0,0
0.0013529,1,1,1,1,1,1,1,1,0,0,1,0,1,0,0,0
0.00135294,1,1,1,1,1,1,1,0,0,0,1,0,1,0,0,0
0.00135296,1,1,0,0,1,0,0,0,0,0,1,0,1,0,0,0
0.00135298,1,1,1,1,1,1,0,0,0,0,1,0,1,0,0,0
0.001353,1,1,1,1,1,1,1,0,0,0,1,0,1,0,0,0
0.00135302,1,1,0,0,1,0,0,0,0,0,1,0,1,0,0,0
0.00135306,1,1,0,0,1,1,0,0,0,0,1,0,1,0,0,0
0.0013531,1,1,0,0,1,0,0,0,0,0,1,0,1,0,0,0
0.00135334,1,1,0,0,1,0,0,0,1,1,0,0,1,0,0,0
0.0013534,1,1,0,0,1,0,0,0,0,0,0,0,0,0,0,0
0.00135342,1,1,0,0,1,0,0,0,1,1,0,0,1,0,0,0
0.00135386,1,1,1,1,1,0,0,0,1,1,0,0,1,0,0,0
0.00135388,1,1,1,0,1,1,1,1,1,1,0,0,1,0,0,0
0.0013539,1,1,1,1,1,1,1,1,1,1,0,0,1,0,0,0
0.00135394,1,0,0,0,1,1,1,0,1,1,0,0,1,0,0,0
0.00135398,1,1,1,1,1,1,1,1,1,1,0,0,1,0,0,0
0.001354,1,0,0,0,1,1,1,0,1,1,0,0,1,0,0,0
0.00135484,1,1,1,1,1,1,1,0,1,1,0,0,1,0,0,0
0.00135486,1,1,1,1,1,1,1,1,1,1,0,0,1,0,0,0
0.00135492,0,1,0,0,1,0,0,0,1,1,0,0,1,0,0,0
0.00135494,0,1,1,0,1,0,0,0,1,1,0,0,1,0,0,0
0.00135496,1,1,1,1,1,1,1,1,1,1,0,0,1,0,0,0
0.00135498,1,1,1,1,1,0,0,0,1,1,0,0,1,0,0,0
0.001355,0,1,0,0,1,0,0,0,1,1,0,0,1,0,0,0
0.00135502,0,1,1,0,1,0,0,0,1,1,0,0,1,0,0,0
0.00135504,0,1,1,1,1,0,0,0,1,1,0,0,1,0,0,0
0.00135506,0,1,1,0,1,0,0,0,1,1,0,0,1,0,0,0
0.00135508,0,1,0,0,1,0,0,0,1,1,0,0,1,0,0,0
0.0013551,0,1,1,0,1,0,0,0,1,1,0,0,1,0,0,0
0.00135524,0,1,0,0,1,0,0,0,1,1,0,0,1,0,0,0
0.00135526,0,1,1,0,1,0,0,0,1,1,0,0,1,0,0,0
0.00135528,0,1,1,0,1,0,0,0,0,1,0,0,1,0,0,0
0.0013553,0,1,0,0,1,0,0,0,0,1,0,0,1,0,0,0
0.00135534,0,1,1,0,1,0,0,0,0,1,0,0,1,0,0,0
0.00135536,0,1,1,0,1,0,0,0,0,0,0,0,0,0,0,0
0.00135538,0,1,0,0,1,0,0,0,0,1,0,0,1,0,0,0
0.00135542,0,1,1,0,1,0,0,0,0,1,0,0,1,0,0,0
0.00135544,0,1,0,0,1,0,0,0,0,1,0,0,1,0,0,0
0.0013558,0,1,1,0,1,0,0,0,0,1,0,0,1,0,0,0
0.00135582,1,1,1,1,1,1,1,1,0,1,0,0,1,0,0,0
0.00135588,1,1,1,1,1,1,1,0,0,1,0,0,1,0,0,0
0.0013559,1,1,0,0,1,1,0,0,0,1,0,0,1,0,0,0
0.00135592,1,1,1,0,1,1,0,0,0,1,0,0,1,0,0,0
0.00135594,1,1,1,1,1,1,1,1,0,1,0,0,1,0,0,0
0.00135596,1,1,0,0,1,1,0,0,0,1,0,0,1,0,0,0
0.001356,1,1,1,0,1,1,0,0,0,1,0,0,1,0,0,0
0.00135602,1,1,0,0,1,1,0,0,0,1,0,0,1,0,0,0
0.0013568,1,1,0,0,1,1,1,0,0,1,0,0,1,0,0,0
0.00135682,1,1,1,1,1,1,1,1,0,1,0,0,1,0,0,0
0.00135686,1,0,0,0,1,0,0,0,0,1,0,0,1,0,0,0
0.0013569,1,1,1,1,1,1,1,1,0,1,0,0,1,0,0,0
0.00135692,1,0,1,1,1,0,1,0,0,1,0,0,1,0,0,0
0.00135694,1,0,0,0,1,0,0,0,0,1,0,0,1,0,0,0
0.00135698,1,0,1,1,1,0,0,0,0,1,0,0,1,0,0,0
0.001357,1,0,1,0,1,0,0,0,0,1,0,0,1,0,0,0
0.00135702,1,0,0,0,1,0,0,0,0,1,0,0,1,0,0,0
0.00135706,1,0,1,0,1,0,0,0,0,1,0,0,1,0,0,0
0.00135708,1,0,0,0,1,0,0,0,0,1,0,0,1,0,0,0
0.00135724,1,0,0,0,1,0,0,0,0,0,0,0,1,0,0,0
0.00135726,1,0,0,0,1,0,0,0,1,0,0,0,1,0,0,0
0.00135778,1,0,1,1,1,0,0,0,1,0,0,0,1,0,0,0
0.0013578,1,1,1,1,1,1,1,1,1,0,0,0,1,0,0,0
0.00135784,0,0,1,1,1,0,1,0,1,0,0,0,1,0,0,0
0.00135788,1,1,1,1,1,1,1,1,1,0,0,0,1,0,0,0
0.0013579,0,0,1,1,1,0,1,0,1,0,0,0,1,0,0,0
0.00135796,0,0,1,1,1,1,1,0,1,0,0,0,1,0,0,0
0.00135798,0,0,1,1,1,0,1,0,1,0,0,0,1,0,0,0
0.00135874,1,1,1,1,1,0,1,0,1,0,0,0,1,0,0,0
0.00135876,1,1,1,1,1,1,1,1,1,0,0,0,1,0,0,0
0.00135882,1,1,0,0,1,0,0,0,1,0,0,0,1,0,0,0
0.00135886,1,1,1,1,1,1,1,1,1,0,0,0,1,0,0,0
0.00135888,1,1,0,0,1,0,0,0,1,0,0,0,1,0,0,0
0.00135894,1,1,1,0,1,0,0,0,1,0,0,0,1,0,0,0
0.00135896,1,1,0,0,1,0,0,0,1,0,0,0,1,0,0,0
0.0013592,1,1,0,0,1,0,0,0,1,1,0,0,1,0,0,0
0.00135926,1,1,0,0,1,0,0,0,1,1,0,0,0,0,0,0
0.00135928,1,1,0,0,1,0,0,0,1,1,0,0,1,0,0,0
0.00135972,1,1,1,0,1,0,0,0,1,1,0,0,1,0,0,0
0.00135974,1,1,1,1,1,1,1,1,1,1,0,0,1,0,0,0
0.0013598,1,1,1,0,0,0,1,0,1,1,0,0,1,0,0,0
0.00135984,1,1,1,1,0,1,1,1,1,1,0,0,1,0,0,0
0.00135986,1,1,1,0,0,0,1,0,1,1,0,0,1,0,0,0
0.00136072,1,1,1,1,0,0,1,1,1,1,0,0,1,0,0,0
0.00136074,1,1,1,1,1,1,1,1,1,1,0,0,1,0,0,0
0.00136076,0,1,0,0,0,0,0,1,1,1,0,0,1,0,0,0
0.0013608,0,1,0,1,0,1,0,1,1,1,0,0,1,0,0,0
0.00136082,0,1,1,1,0,1,0,1,1,1,0,0,1,0,0,0
0.00136084,0,1,0,0,0,0,0,1,1,1,0,0,1,0,0,0
0.00136114,0,1,0,0,0,0,0,1,0,1,0,0,0,0,0,0
0.00136116,0,1,0,0,0,0,0,1,0,1,0,0,0,0,0,1
0.00136168,1,1,1,0,0,0,1,1,0,1,0,0,0,0,0,1
0.0013617,1,1,1,1,0,0,1,0,0,1,0,0,0,0,0,1
0.00136172,1,1,1,0,0,0,1,0,0,1,0,0,0,0,0,1
0.00136268,1,1,1,1,1,1,1,1,0,1,0,0,0,0,0,1
0.00136272,0,0,0,1,1,0,1,0,0,1,0,0,0,0,0,1
0.00136274,1,1,1,1,1,1,1,1,0,1,0,0,0,0,0,1
0.00136278,0,1,0,0,1,0,1,1,0,1,0,0,0,0,0,1
0.00136282,0,1,1,1,1,1,1,1,0,1,0,0,0,0,0,1
0.00136284,0,1,0,0,1,0,1,1,0,1,0,0,0,0,0,1
0.0013631,0,1,0,0,1,0,1,1,0,1,0,0,1,0,1,1
0.00136362,1,1,1,0,1,0,1,1,0,1,0,0,1,0,1,1
0.00136364,1,1,1,1,1,0,1,1,0,1,0,0,1,0,1,1
0.00136366,1,1,1,1,1,1,1,1,0,1,0,0,1,0,1,1
0.0013637,1,1,1,0,0,0,1,0,0,1,0,0,1,0,1,1
0.00136374,1,1,1,1,0,1,1,0,0,1,0,0,1,0,1,1
0.00136376,1,1,1,0,0,0,1,0,0,1,0,0,1,0,1,1
0.0013646,1,1,1,1,0,1,1,0,0,1,0,0,1,0,1,1
0.00136462,1,1,1,1,1,1,1,1,0,1,0,0,1,0,1,1
0.00136558,0,0,0,0,0,0,0,0,0,1,0,0,1,0,1,1
0.00136654,0,0,1,0,0,0,0,0,0,1,0,0,1,0,1,1
0.00136656,0,0,0,0,0,0,0,0,0,1,0,0,1,0,1,1
0.00136658,1,1,1,1,1,1,1,1,0,1,0,0,1,0,1,1
0.00136662,1,1,0,1,1,0,1,0,0,1,0,0,1,0,1,1
0.00136664,1,1,1,1,1,1,1,1,0,1,0,0,1,0,1,1
0.00136666,1,1,1,1,1,1,1,0,0,1,0,0,1,0,1,1
0.00136668,1,1,1,1,1,1,1,1,0,1,0,0,1,0,1,1
0.0013667,0,1,0,0,1,1,0,0,0,1,0,0,1,0,1,1
0.00136674,1,1,1,1,1,1,0,1,0,1,0,0,1,0,1,1
0.00136676,0,1,0,0,1,1,0,0,0,1,0,0,1,0,1,1
0.001367,0,1,0,0,1,1,0,0,0,1,0,0,1,0,0,0
0.00136702,0,1,0,0,1,1,0,0,0,1,0,0,1,1,0,0
0.00136754,0,1,1,1,1,1,0,1,0,1,0,0,1,1,0,0
0.00136756,1,1,1,1,1,1,1,1,0,1,0,0,1,1,0,0
0.00136858,0,1,0,1,0,0,0,0,0,1,0,0,1,1,0,0
0.00136862,1,1,1,1,0,0,0,0,0,1,0,0,1,1,0,0
0.00136866,0,1,0,1,0,0,0,0,0,1,0,0,1,1,0,0
0.0013687,0,1,1,1,0,0,0,0,0,1,0,0,1,1,0,0
0.00136872,0,1,0,1,0,0,0,0,0,1,0,0,1,1,0,0
0.0013695,1,1,1,1,1,1,1,1,0,1,0,0,1,1,0,0
0.0013705,1,0,1,1,1,1,1,1,0,1,0,0,1,1,0,0
0.00137052,0,0,0,1,1,0,1,0,0,1,0,0,1,1,0,0
0.00137054,0,0,1,1,1,1,1,1,0,1,0,0,1,1,0,0
0.00137056,1,1,1,1,1,1,0,0,0,1,0,0,1,1,0,0
0.00137058,0,0,1,1,1,0,0,0,0,1,0,0,1,1,0,0
0.0013706,0,0,1,0,1,0,0,0,0,1,0,0,1,1,0,0
0.0013709,0,0,1,0,1,0,0,0,0,0,0,0,1,0,0,0
0.00137092,0,0,1,0,1,0,0,0,0,0,1,0,1,0,0,0
0.00137098,0,0,1,0,1,0,0,0,0,0,0,0,0,0,0,0
0.001371,0,1,1,1,1,0,0,0,0,1,1,1,1,0,0,0
0.00137102,1,0,1,0,1,1,1,1,0,0,1,0,1,0,0,0
0.00137104,0,0,1,0,1,0,0,0,0,0,1,0,1,0,0,0
0.00137108,1,0,1,0,1,1,0,0,0,0,1,0,1,0,0,0
0.0013711,0,0,1,0,1,0,0,0,0,0,1,0,1,0,0,0
0.00137146,1,1,1,1,1,1,1,1,0,0,1,0,1,0,0,0
0.00137248,0,0,0,0,0,0,0,1,0,0,1,0,1,0,0,0
0.00137252,1,0,0,0,0,1,0,1,0,0,1,0,1,0,0,0
0.00137254,1,1,1,1,0,1,1,1,0,0,1,0,1,0,0,0
0.00137256,0,0,0,0,0,0,0,1,0,0,1,0,1,0,0,0
0.0013726,0,0,0,0,0,1,0,1,0,0,1,0,1,0,0,0
0.00137264,0,0,0,0,0,0,0,1,0,0,1,0,1,0,0,0
0.00137338,0,0,1,1,0,0,0,1,0,0,1,0,1,0,0,0
0.0013734,1,0,1,1,1,1,1,1,0,0,1,0,1,0,0,0
0.00137342,1,1,1,1,1,1,1,1,0,0,1,0,1,0,0,0
0.00137346,1,1,0,0,1,0,0,0,0,0,1,0,1,0,0,0
0.0013735,1,1,1,1,1,1,1,0,0,0,1,0,1,0,0,0
0.00137354,1,1,0,0,1,0,0,0,0,0,1,0,1,0,0,0
0.00137358,1,1,1,0,1,1,0,0,0,0,1,0,1,0,0,0
0.0013736,1,1,1,0,1,0,0,0,0,0,1,0,1,0,0,0
0.00137362,1,1,0,0,1,0,0,0,0,0,1,0,1,0,0,0
0.00137384,1,1,0,0,1,0,0,0,1,1,0,0,1,0,0,0
0.0013739,1,1,0,0,1,0,0,0,1,0,0,0,0,0,0,0
0.00137392,1,1,0,0,1,0,0,0,1,1,0,0,1,0,0,0
0.00137438,1,1,1,1,1,1,1,0,1,1,0,0,1,0,0,0
0.0013744,1,1,1,1,1,1,1,1,1,1,0,0,1,0,0,0
0.00137444,1,0,0,0,1,1,1,0,1,1,0,0,1,0,0,0
0.00137448,1,0,1,1,1,1,1,0,1,1,0,0,1,0,0,0
0.0013745,1,0,0,0,1,1,1,0,1,1,0,0,1,0,0,0
0.00137534,1,1,1,1,1,1,1,0,1,1,0,0,1,0,0,0
0.00137536,1,1,1,1,1,1,1,1,1,1,0,0,1,0,0,0
0.00137542,0,1,0,0,1,0,0,0,1,1,0,0,1,0,0,0
0.00137546,1,1,1,1,1,1,1,0,1,1,0,0,1,0,0,0
0.0013755,0,1,0,0,1,0,0,0,1,1,0,0,1,0,0,0
0.00137554,0,1,1,1,1,0,0,0,1,1,0,0,1,0,0,0
0.00137556,0,1,1,0,1,0,0,0,1,1,0,0,1,0,0,0
0.00137558,0,1,0,0,1,0,0,0,1,1,0,0,1,0,0,0
0.00137562,0,1,1,0,1,0,0,0,1,1,0,0,1,0,0,0
0.00137564,0,1,0,0,1,0,0,0,1,1,0,0,1,0,0,0
0.00137578,0,1,1,0,1,0,0,0,0,1,0,0,1,0,0,0
0.0013758,0,1,0,0,1,0,0,0,0,1,0,0,1,0,0,0
0.00137586,0,1,0,0,1,0,0,0,0,0,0,0,0,0,0,0
0.00137588,0,1,0,0,1,0,0,0,0,1,0,0,1,0,0,0
0.00137632,1,1,1,0,1,0,0,0,0,1,0,0,1,0,0,0
0.00137634,1,1,1,1,1,1,1,1,0,1,0,0,1,0,0,0
0.00137638,1,1,0,0,1,1,0,0,0,1,0,0,1,0,0,0
0.00137642,1,1,1,1,1,1,1,1,0,1,0,0,1,0,0,0
0.00137644,1,1,0,0,1,1,0,0,0,1,0,0,1,0,0,0
0.0013773,1,1,0,0,1,1,1,0,0,1,0,0,1,0,0,0
0.00137732,1,1,0,1,1,1,1,0,0,1,0,0,1,0,0,0
0.00137734,1,1,1,1,1,1,1,1,0,1,0,0,1,0,0,0
0.00137736,1,0,0,0,1,0,0,0,0,1,0,0,1,0,0,0
0.0013774,1,0,1,1,1,0,0,0,0,1,0,0,1,0,0,0
0.00137742,1,0,1,1,1,0,1,0,0,1,0,0,1,0,0,0
0.00137744,1,0,0,0,1,0,0,0,0,1,0,0,1,0,0,0
0.00137774,1,0,0,0,1,0,0,0,0,0,0,0,1,0,0,0
0.00137776,1,0,0,0,1,0,0,0,1,0,0,0,1,0,0,0
0.00137826,1,0,1,1,1,0,0,0,1,0,0,0,1,0,0,0
0.00137828,1,0,1,1,1,1,1,0,1,0,0,0,1,0,0,0
0.0013783,1,1,1,1,1,0,1,0,1,0,0,0,1,0,0,0
0.00137832,1,1,1,1,1,1,1,1,1,0,0,0,1,0,0,0
0.00137834,0,0,1,1,1,0,1,0,1,0,0,0,1,0,0,0
0.00137928,1,1,1,1,1,1,1,1,1,0,0,0,1,0,0,0
0.00137932,0,0,1,0,1,0,0,0,1,0,0,0,1,0,0,0
0.00137936,0,0,1,1,1,1,0,0,1,0,0,0,1,0,0,0
0.00137938,1,1,1,1,1,1,1,0,1,0,0,0,1,0,0,0
0.0013794,0,0,1,0,1,0,0,0,1,0,0,0,1,0,0,0
0.00137944,0,0,1,1,1,0,0,0,1,0,0,0,1,0,0,0
0.00137948,0,0,1,0,1,0,0,0,1,0,0,0,1,0,0,0
0.00137968,0,0,1,1,1,0,0,0,1,0,0,0,1,0,0,0
0.0013797,0,0,1,0,1,0,0,0,0,0,1,0,1,0,0,0
0.00137976,0,0,1,1,1,0,0,0,0,0,1,0,1,0,0,0
0.00137978,0,0,1,1,1,0,1,0,0,0,1,0,1,0,0,0
0.0013798,1,1,1,1,1,1,1,1,0,0,1,1,1,0,1,0
0.00137982,0,0,1,0,1,0,0,0,0,0,1,0,1,0,0,0
0.00137986,1,0,1,1,1,1,1,0,0,0,1,0,1,0,0,0
0.0013799,0,0,1,0,1,0,0,0,0,0,1,0,1,0,0,0
0.00137994,0,0,1,1,1,0,0,0,0,0,1,0,1,0,0,0
0.00137996,0,0,1,0,1,0,0,0,0,0,1,0,1,0,0,0
0.00138024,0,0,1,1,1,0,1,0,0,0,1,0,1,0,0,0
0.00138026,1,1,1,1,1,1,1,1,0,0,1,0,1,0,0,0
0.00138028,0,0,0,0,0,0,1,0,0,0,1,0,1,0,0,0
0.00138032,0,0,0,1,0,0,1,0,0,0,1,0,1,0,0,0
0.00138034,1,1,0,1,0,1,1,0,0,0,1,0,1,0,0,0
0.00138036,0,0,0,0,0,0,1,0,0,0,1,0,1,0,0,0
0.0013812,0,1,0,0,0,0,1,1,0,0,1,0,1,0,0,0
0.00138122,1,1,0,1,0,0,1,0,0,0,1,0,1,0,0,0
0.00138124,1,1,1,1,1,1,1,1,0,0,1,0,1,0,0,0
0.00138128,0,0,0,0,0,0,0,1,0,0,1,0,1,0,0,0
0.00138134,1,1,1,1,0,1,0,1,0,0,1,0,1,0,0,0
0.00138136,0,0,0,0,0,0,0,1,0,0,1,0,1,0,0,0
0.00138218,1,1,1,1,0,0,0,1,0,0,1,0,1,0,0,0
0.0013822,1,1,1,1,1,1,1,1,0,0,1,0,1,0,0,0
0.00138224,0,0,0,1,0,0,0,1,0,0,1,0,1,0,0,0
0.00138228,1,1,1,1,0,1,1,1,0,0,1,0,1,0,0,0
0.00138232,0,0,0,1,0,0,0,1,0,0,1,0,1,0,0,0
0.00138236,1,0,0,1,0,0,0,1,0,0,1,0,1,0,0,0
0.0013824,0,0,0,1,0,0,0,1,0,0,1,0,1,0,0,0
0.00138262,0,0,0,1,0,0,0,1,0,0,0,0,0,0,0,0
0.00138264,0,0,0,1,0,0,0,1,0,0,0,1,0,0,0,1
0.0013827,0,0,0,1,0,0,0,1,0,0,0,1,0,0,0,0
0.00138272,0,0,0,1,0,0,0,1,0,0,0,1,0,0,0,1
0.00138314,1,1,1,1,0,0,0,1,0,0,0,1,0,0,0,1
0.00138316,1,1,1,1,1,1,1,1,0,0,0,1,0,0,0,1
0.00138322,0,0,0,0,0,0,0,1,0,0,0,1,0,0,0,1
0.00138326,1,1,1,1,0,1,1,1,0,0,0,1,0,0,0,1
0.00138328,1,1,1,1,1,1,1,1,0,0,0,1,0,0,0,1
0.0013833,1,1,1,0,0,1,1,1,0,0,0,1,0,0,0,1
0.00138332,0,0,0,0,0,0,0,1,0,0,0,1,0,0,0,1
0.00138334,1,1,1,0,0,1,1,1,0,0,0,1,0,0,0,1
0.00138336,1,1,1,1,0,1,1,1,0,0,0,1,0,0,0,1
0.00138338,1,0,1,0,0,1,0,1,0,0,0,1,0,0,0,1
0.0013834,0,0,0,0,0,0,0,1,0,0,0,1,0,0,0,1
0.00138342,1,0,1,0,0,1,0,1,0,0,0,1,0,0,0,1
0.00138346,1,0,1,0,0,0,0,1,0,0,0,1,0,0,0,1
0.00138348,0,0,1,0,0,0,0,1,0,0,0,1,0,0,0,1
0.0013835,1,0,1,0,0,1,0,1,0,0,0,1,0,0,0,1
0.00138352,1,0,1,0,0,0,0,1,0,0,0,1,0,0,0,1
0.00138354,0,0,1,0,0,0,0,1,0,0,0,1,0,0,0,1
0.0013836,0,0,0,0,0,0,0,1,0,0,0,1,0,0,0,1
0.00138362,1,0,1,0,0,1,0,1,0,0,0,1,0,0,0,1
0.00138364,0,0,1,0,0,0,0,1,0,0,0,1,0,0,0,1
0.00138372,0,0,0,0,0,0,0,1,0,0,0,1,0,0,0,1
0.00138374,0,0,1,0,0,0,0,1,0,0,0,1,0,0,0,1
0.00138376,0,0,0,0,0,0,0,1,0,0,0,1,0,0,0,1
0.00138418,0,0,1,1,1,1,0,1,0,0,0,1,0,0,0,1
0.0013842,1,1,1,1,1,1,1,1,0,0,0,1,0,0,0,1
0.00138424,1,1,0,0,1,1,1,1,0,0,0,1,0,0,0,1
0.00138426,0,1,1,0,1,0,1,1,0,0,0,1,0,0,0,1
0.00138428,0,1,0,0,1,0,1,1,0,0,0,1,0,0,0,1
0.0013843,1,1,1,1,1,0,1,1,0,0,0,1,0,0,0,1
0.00138432,1,1,1,0,1,1,1,1,0,0,0,1,0,0,0,1
0.00138434,0,1,0,0,1,0,1,1,0,0,0,1,0,0,0,1
0.00138458,0,1,0,0,1,0,1,1,0,1,0,0,1,0,1,1
0.00138512,1,1,1,1,1,0,1,1,0,1,0,0,1,0,1,1
0.00138514,1,1,1,1,1,1,1,1,0,1,0,0,1,0,1,1
0.00138516,0,0,1,1,0,1,0,1,0,1,0,0,1,0,1,1
0.00138518,0,0,0,0,0,0,0,1,0,1,0,0,1,0,1,1
0.0013852,0,0,1,1,0,1,0,1,0,1,0,0,1,0,1,1
0.00138522,1,1,1,1,0,1,1,1,0,1,0,0,1,0,1,1
0.00138526,0,0,0,0,0,0,0,1,0,1,0,0,1,0,1,1
0.00138528,0,0,1,1,0,1,0,1,0,1,0,0,1,0,1,1
0.0013853,1,0,1,1,0,1,0,1,0,1,0,0,1,0,1,1
0.00138532,0,0,1,1,0,1,0,1,0,1,0,0,1,0,1,1
0.00138534,0,0,0,0,0,0,0,1,0,1,0,0,1,0,1,1
0.00138536,0,0,1,0,0,1,0,1,0,1,0,0,1,0,1,1
0.00138538,0,0,1,1,0,1,0,1,0,1,0,0,1,0,1,1
0.0013854,0,0,1,0,0,1,0,1,0,1,0,0,1,0,1,1
0.00138542,0,0,1,0,0,0,0,1,0,1,0,0,1,0,1,1
0.00138544,0,0,1,0,0,1,0,1,0,1,0,0,1,0,1,1
0.00138548,0,0,0,0,0,0,0,1,0,1,0,0,1,0,1,1
0.00138552,0,0,1,0,0,0,0,1,0,1,0,0,1,0,1,1
0.00138554,0,0,0,0,0,0,0,1,0,1,0,0,1,0,1,1
0.00138556,0,0,1,0,0,1,0,1,0,1,0,0,1,0,1,1
0.00138558,0,0,1,0,0,0,0,1,0,1,0,0,1,0,1,1
0.0013856,0,0,0,0,0,0,0,1,0,1,0,0,1,0,1,1
0.00138608,1,1,1,1,0,1,1,1,0,1,0,0,1,0,1,1
0.0013861,1,1,1,1,1,1,1,1,0,1,0,0,1,0,1,1
0.00138706,0,0,0,0,0,0,0,0,0,1,0,0,1,0,1,1
0.0013871,0,0,1,0,0,0,1,0,0,1,0,0,1,0,1,1
0.00138712,0,0,0,0,0,0,0,0,0,1,0,0,1,0,1,1
0.00138802,1,1,1,0,0,0,1,0,0,1,0,0,1,0,1,1
0.00138804,0,0,0,0,0,0,0,0,0,1,0,0,1,0,1,1
0.00138806,1,1,1,1,1,1,1,1,0,1,0,0,1,0,1,1
0.0013881,0,0,0,1,1,0,1,0,0,1,0,0,1,0,1,1
0.00138812,1,1,1,1,1,1,1,1,0,1,0,0,1,0,1,1
0.00138814,1,1,1,0,1,1,0,1,0,1,0,0,1,0,1,1
0.00138816,0,1,0,0,1,1,0,0,0,1,0,0,1,0,1,1
0.0013882,1,1,1,0,1,1,0,0,0,1,0,0,1,0,1,1
0.00138824,0,1,0,0,1,1,0,0,0,1,0,0,1,0,1,1
0.00138828,0,1,1,0,1,1,0,0,0,1,0,0,1,0,1,1
0.0013883,0,1,0,0,1,1,0,0,0,1,0,0,1,0,1,1
0.00138848,0,1,0,0,1,1,0,0,0,1,0,0,1,0,0,0
0.0013885,0,1,0,0,1,1,0,0,0,1,0,0,1,1,0,0
0.00138902,1,1,1,0,1,1,0,0,0,1,0,0,1,1,0,0
0.00138904,1,1,1,1,1,1,1,1,0,1,0,0,1,1,0,0
0.00138908,0,1,0,0,0,0,0,0,0,1,0,0,1,1,0,0
0.00138912,1,1,1,1,0,1,1,1,0,1,0,0,1,1,0,0
0.00138916,1,1,1,0,0,0,0,0,0,1,0,0,1,1,0,0
0.00138918,0,1,1,0,0,0,0,0,0,1,0,0,1,1,0,0
0.0013892,1,1,1,1,0,0,1,0,0,1,0,0,1,1,0,0
0.00138924,1,1,1,0,0,0,0,0,0,1,0,0,1,1,0,0
0.00138928,1,1,1,1,0,0,0,0,0,1,0,0,1,1,0,0
0.00138932,1,1,1,0,0,0,0,0,0,1,0,0,1,1,0,0
0.00138938,1,1,1,1,0,0,0,0,0,1,0,0,1,1,0,0
0.0013894,1,1,1,0,0,0,0,0,0,1,0,0,1,1,0,0
0.00138946,1,1,1,1,0,0,0,0,0,1,0,0,1,1,0,0
0.00138948,1,1,1,0,0,0,0,0,0,1,0,0,1,1,0,0
0.00138978,0,1,1,0,0,0,0,0,0,1,0,0,1,1,0,0
0.0013898,1,1,1,0,0,0,0,0,0,1,0,0,1,1,0,0
0.00138994,0,1,1,0,0,0,0,0,0,1,0,0,1,1,0,0
0.00138998,0,1,1,1,0,0,0,0,0,1,0,0,1,1,0,0
0.00139,1,1,1,1,1,1,1,1,0,1,0,0,1,1,0,0
0.00139004,1,1,1,1,1,1,1,0,0,1,0,0,1,1,0,0
0.00139006,1,1,0,1,0,0,0,0,0,1,0,0,1,1,0,0
0.0013901,1,1,1,1,1,1,1,1,0,1,0,0,1,1,0,0
0.00139012,1,1,1,1,0,0,0,0,0,1,0,0,1,1,0,0
0.00139014,1,1,0,1,0,0,0,0,0,1,0,0,1,1,0,0
0.00139016,1,1,1,1,0,0,0,0,0,1,0,0,1,1,0,0
0.0013902,1,1,0,1,0,0,0,0,0,1,0,0,1,1,0,0
0.00139024,1,1,1,1,0,0,0,0,0,1,0,0,1,1,0,0
0.00139028,1,1,0,1,0,0,0,0,0,1,0,0,1,1,0,0
0.0013903,1,1,1,1,0,0,0,0,0,1,0,0,1,1,0,0
0.00139038,1,1,0,1,0,0,0,0,0,1,0,0,1,1,0,0
0.0013904,1,1,1,1,0,0,0,0,0,1,0,0,1,1,0,0
0.00139042,1,1,0,1,0,0,0,0,0,1,0,0,1,1,0,0
0.00139044,1,1,1,1,0,0,0,0,0,1,0,0,1,1,0,0
0.00139046,1,1,0,1,0,0,0,0,0,1,0,0,1,1,0,0
0.00139096,1,1,1,1,0,0,0,0,0,1,0,0,1,1,0,0
0.00139098,1,1,1,1,1,1,1,1,0,1,0,0,1,1,0,0
0.00139196,1,1,1,1,1,1,0,0,0,1,0,0,1,1,0,0
0.00139198,0,0,0,1,1,0,1,0,0,1,0,0,1,1,0,0
0.001392,1,1,1,1,1,0,1,0,0,1,0,0,1,1,0,0
0.00139202,1,1,1,1,1,1,1,1,0,1,0,0,1,1,0,0
0.00139208,0,0,1,0,1,0,0,0,0,1,0,0,1,1,0,0
0.00139212,1,1,1,1,1,1,0,0,0,1,0,0,1,1,0,0
0.00139214,0,0,1,0,1,0,0,0,0,1,0,0,1,1,0,0
0.00139238,0,0,1,0,1,0,0,0,0,0,0,0,1,0,0,0
0.0013924,0,0,1,0,1,0,0,0,0,0,1,0,1,0,0,0
0.00139246,0,0,1,0,1,0,0,0,0,0,0,0,0,0,0,0
0.00139248,0,0,1,0,1,0,0,0,0,0,1,0,1,0,0,0
0.0013929,1,0,1,0,1,0,0,0,0,0,1,0,1,0,0,0
0.00139292,1,1,1,1,1,0,0,0,0,0,1,0,1,0,0,0
0.00139294,1,1,1,1,1,1,1,1,0,0,1,0,1,0,0,0
0.00139396,0,0,0,0,0,0,0,1,0,0,1,0,1,0,0,0
0.001394,1,1,1,1,0,1,0,1,0,0,1,0,1,0,0,0
0.00139402,1,1,1,1,0,1,1,1,0,0,1,0,1,0,0,0
0.00139404,1,0,0,1,0,0,0,1,0,0,1,0,1,0,0,0
0.00139406,0,0,0,0,0,0,0,1,0,0,1,0,1,0,0,0
0.00139408,1,0,1,1,0,0,0,1,0,0,1,0,1,0,0,0
0.00139412,0,0,0,1,0,0,0,1,0,0,1,0,1,0,0,0
0.00139414,0,0,0,0,0,0,0,1,0,0,1,0,1,0,0,0
0.00139416,1,0,0,1,0,0,0,1,0,0,1,0,1,0,0,0
0.00139418,1,0,1,1,0,0,0,1,0,0,1,0,1,0,0,0
0.0013942,0,0,0,1,0,0,0,1,0,0,1,0,1,0,0,0
0.00139426,1,0,1,1,0,0,0,1,0,0,1,0,1,0,0,0
0.00139428,0,0,0,0,0,0,0,1,0,0,1,0,1,0,0,0
0.00139432,1,0,1,1,0,0,0,1,0,0,1,0,1,0,0,0
0.00139434,0,0,0,1,0,0,0,1,0,0,1,0,1,0,0,0
0.00139438,0,0,0,0,0,0,0,1,0,0,1,0,1,0,0,0
0.0013944,0,0,1,1,0,0,0,1,0,0,1,0,1,0,0,0
0.00139442,0,0,0,1,0,0,0,1,0,0,1,0,1,0,0,0
0.00139444,0,0,0,0,0,0,0,1,0,0,1,0,1,0,0,0
0.00139486,1,1,1,1,0,0,0,1,0,0,1,0,1,0,0,0
0.00139488,1,1,1,1,1,1,1,1,0,0,1,0,1,0,0,0
0.00139494,1,1,0,0,1,0,0,0,0,0,1,0,1,0,0,0
0.00139498,1,1,1,1,1,1,1,0,0,0,1,0,1,0,0,0
0.00139502,1,1,0,0,1,0,0,0,0,0,1,0,1,0,0,0
0.00139506,1,1,1,1,1,0,0,0,0,0,1,0,1,0,0,0
0.00139508,1,1,0,0,1,0,0,0,0,0,1,0,1,0,0,0
0.00139532,1,1,0,0,1,0,0,0,1,1,0,0,1,0,0,0
0.00139538,1,1,0,0,1,0,0,0,0,0,0,0,0,0,0,0
0.0013954,1,1,0,0,1,0,0,0,1,1,0,0,1,0,0,0
0.00139586,1,1,1,1,1,1,1,0,1,1,0,0,1,0,0,0
0.00139588,1,1,1,1,1,1,1,1,1,1,0,0,1,0,0,0
0.0013959,1,0,1,1,1,1,1,0,1,1,0,0,1,0,0,0
0.00139592,1,0,0,0,1,1,1,0,1,1,0,0,1,0,0,0
0.00139594,1,0,1,1,1,1,1,0,1,1,0,0,1,0,0,0
0.00139598,1,0,0,0,1,1,1,0,1,1,0,0,1,0,0,0
0.00139682,1,1,0,0,1,1,1,0,1,1,0,0,1,0,0,0
0.00139684,1,1,1,1,1,1,1,0,1,1,0,0,1,0,0,0
0.00139686,1,1,1,1,1,1,1,1,1,1,0,0,1,0,0,0
0.0013969,0,1,0,0,1,0,0,0,1,1,0,0,1,0,0,0
0.00139694,1,1,1,1,1,1,1,0,1,1,0,0,1,0,0,0
0.00139696,1,1,1,1,1,0,0,0,1,1,0,0,1,0,0,0
0.00139698,0,1,0,0,1,0,0,0,1,1,0,0,1,0,0,0
0.001397,0,1,1,0,1,0,0,0,1,1,0,0,1,0,0,0
0.00139702,1,1,1,1,1,0,0,0,1,1,0,0,1,0,0,0
0.00139704,0,1,1,1,1,0,0,0,1,1,0,0,1,0,0,0
0.00139706,0,1,1,0,1,0,0,0,1,1,0,0,1,0,0,0
0.00139708,0,1,1,1,1,0,0,0,1,1,0,0,1,0,0,0
0.00139714,0,1,1,0,1,0,0,0,1,1,0,0,1,0,0,0
0.00139718,0,1,1,1,1,0,0,0,1,1,0,0,1,0,0,0
0.0013972,0,1,1,0,1,0,0,0,1,1,0,0,1,0,0,0
0.00139726,1,1,1,1,1,0,0,0,0,1,0,0,1,0,0,0
0.00139728,0,1,1,0,1,0,0,0,0,1,0,0,1,0,0,0
0.0013973,0,1,0,0,1,0,0,0,0,1,0,0,1,0,0,0
0.00139732,0,1,1,1,1,0,0,0,0,1,0,0,1,0,0,0
0.00139734,1,1,1,0,1,0,0,0,0,0,0,0,0,0,0,0
0.00139736,0,1,1,0,1,0,0,0,0,1,0,0,1,0,0,0
0.00139738,0,1,0,0,1,0,0,0,0,1,0,0,1,0,0,0
0.0013974,1,1,1,1,1,0,0,0,0,1,0,0,1,0,0,0
0.00139742,0,1,1,0,1,0,0,0,0,1,0,0,1,0,0,0
0.00139744,0,1,0,0,1,0,0,0,0,1,0,0,1,0,0,0
0.00139746,0,1,1,0,1,0,0,0,0,1,0,0,1,0,0,0
0.00139752,0,1,0,0,1,0,0,0,0,1,0,0,1,0,0,0
0.00139782,1,1,1,1,1,1,1,1,0,1,0,0,1,0,0,0
0.00139786,1,1,0,0,1,1,0,0,0,1,0,0,1,0,0,0
0.0013979,1,1,1,1,1,1,1,1,0,1,0,0,1,0,0,0
0.00139792,1,1,1,1,1,1,0,0,0,1,0,0,1,0,0,0
0.00139794,1,1,0,0,1,1,0,0,0,1,0,0,1,0,0,0
0.00139798,1,1,1,1,1,1,0,0,0,1,0,0,1,0,0,0
0.001398,1,1,0,0,1,1,0,0,0,1,0,0,1,0,0,0
0.00139876,1,1,1,1,1,1,0,0,0,1,0,0,1,0,0,0
0.00139878,1,1,1,1,1,1,1,0,0,1,0,0,1,0,0,0
0.0013988,1,1,1,1,1,1,1,1,0,1,0,0,1,0,0,0
0.00139884,1,0,1,1,1,0,1,1,0,1,0,0,1,0,0,0
0.00139886,1,0,0,0,1,0,0,0,0,1,0,0,1,0,0,0
0.00139888,1,0,1,1,1,0,1,0,0,1,0,0,1,0,0,0
0.0013989,1,1,1,1,1,1,1,1,0,1,0,0,1,0,0,0
0.00139892,1,0,1,1,1,0,0,0,0,1,0,0,1,0,0,0
0.00139894,1,0,0,0,1,0,0,0,0,1,0,0,1,0,0,0
0.00139896,1,0,1,1,1,0,0,0,0,1,0,0,1,0,0,0
0.00139902,1,0,1,0,1,0,0,0,0,1,0,0,1,0,0,0
0.00139904,1,0,1,1,1,0,0,0,0,1,0,0,1,0,0,0
0.0013991,1,0,1,0,1,0,0,0,0,1,0,0,1,0,0,0
0.00139912,1,0,1,1,1,0,0,0,0,1,0,0,1,0,0,0
0.00139916,1,0,1,0,1,0,0,0,0,1,0,0,1,0,0,0
0.0013992,1,0,1,1,1,0,0,0,0,1,0,0,1,0,0,0
0.00139922,1,0,1,1,1,0,0,0,0,0,0,0,1,0,0,0
0.00139924,1,0,1,0,1,0,0,0,1,0,0,0,1,0,0,0
0.00139932,1,0,0,0,1,0,0,0,1,0,0,0,1,0,0,0
0.00139934,1,0,1,0,1,0,0,0,1,0,0,0,1,0,0,0
0.00139936,1,0,1,1,1,0,0,0,1,0,0,0,1,0,0,0
0.00139938,1,0,0,0,1,0,0,0,1,0,0,0,1,0,0,0
0.00139942,1,0,1,0,1,0,0,0,1,0,0,0,1,0,0,0
0.00139946,1,0,0,0,1,0,0,0,1,0,0,0,1,0,0,0
0.00139974,1,0,1,1,1,0,0,0,1,0,0,0,1,0,0,0
0.00139976,1,1,1,1,1,1,1,1,1,0,0,0,1,0,0,0
0.00139978,1,1,1,1,1,0,1,0,1,0,0,0,1,0,0,0
0.0013998,1,0,1,1,1,1,1,1,1,0,0,0,1,0,0,0
0.00139982,0,0,1,1,1,0,1,0,1,0,0,0,1,0,0,0
0.00139986,0,1,1,1,1,1,1,0,1,0,0,0,1,0,0,0
0.00139988,0,0,1,1,1,0,1,0,1,0,0,0,1,0,0,0
0.00140072,0,1,1,1,1,0,1,0,1,0,0,0,1,0,0,0
0.00140074,0,0,1,1,1,0,1,1,1,0,0,0,1,0,0,0
0.00140076,1,1,1,1,1,1,1,1,1,0,0,0,1,0,0,0
0.0014008,1,0,1,0,1,0,0,0,1,0,0,0,1,0,0,0
0.00140084,1,1,1,1,1,1,0,0,1,0,0,0,1,0,0,0
0.00140088,1,0,1,0,1,0,0,0,1,0,0,0,1,0,0,0
0.00140092,1,0,1,1,1,0,0,0,1,0,0,0,1,0,0,0
0.00140094,1,0,1,0,1,0,0,0,1,0,0,0,1,0,0,0
0.00140118,1,0,1,0,1,0,0,0,1,0,1,0,1,0,0,0
0.00140126,1,0,1,1,1,0,1,0,1,0,1,0,1,0,0,0
0.00140128,1,1,1,1,1,1,1,0,1,0,1,1,1,0,1,0
0.0014013,1,0,1,0,1,0,0,0,1,0,1,0,1,0,0,0
0.00140134,1,1,1,1,1,1,0,0,1,0,1,0,1,0,0,0
0.00140138,1,0,1,0,1,0,0,0,1,0,1,0,1,0,0,0
0.00140142,1,0,1,1,1,0,0,0,1,0,1,0,1,0,0,0
0.00140144,1,0,1,0,1,0,0,0,1,0,1,0,1,0,0,0
0.0014017,1,1,1,0,1,0,0,0,1,0,1,0,1,0,0,0
0.00140172,1,1,1,1,1,1,1,1,1,0,1,0,1,0,0,0
0.00140176,1,1,1,1,0,1,1,0,1,0,1,0,1,0,0,0
0.00140178,1,1,1,0,0,0,1,0,1,0,1,0,1,0,0,0
0.0014018,1,1,1,1,0,0,1,0,1,0,1,0,1,0,0,0
0.00140182,1,1,1,1,0,1,1,1,1,0,1,0,1,0,0,0
0.00140184,1,1,1,0,0,0,1,0,1,0,1,0,1,0,0,0
0.00140188,1,1,1,1,0,0,1,0,1,0,1,0,1,0,0,0
0.0014019,1,1,1,0,0,0,1,0,1,0,1,0,1,0,0,0
0.00140268,1,1,1,1,0,0,1,0,1,0,1,0,1,0,0,0
0.0014027,1,1,1,1,1,1,1,1,1,0,1,0,1,0,0,0
0.00140274,1,1,1,1,0,1,1,1,1,0,1,0,1,0,0,0
0.00140276,1,1,1,0,0,0,0,1,1,0,1,0,1,0,0,0
0.0014028,1,1,1,1,0,1,1,1,1,0,1,0,1,0,0,0
0.00140282,1,1,1,0,0,0,0,1,1,0,1,0,1,0,0,0
0.00140286,1,1,1,1,0,0,0,1,1,0,1,0,1,0,0,0
0.00140288,1,1,1,0,0,0,0,1,1,0,1,0,1,0,0,0
0.00140312,1,1,1,0,0,0,0,1,1,0,1,0,0,0,0,0
0.00140314,1,1,1,0,0,0,0,1,1,1,1,0,0,0,0,1
0.0014032,1,1,1,0,0,0,0,1,0,1,0,0,0,0,0,0
0.00140322,1,1,1,0,0,0,0,1,1,1,1,0,0,0,0,1
0.00140366,1,1,1,1,0,1,0,1,1,1,1,0,0,0,0,1
0.00140368,1,1,1,1,1,1,1,1,1,1,1,0,0,0,0,1
0.0014037,1,1,1,1,1,0,1,1,1,1,1,0,0,0,0,1
0.00140372,1,1,1,0,0,0,1,0,1,1,1,0,0,0,0,1
0.00140376,1,1,1,1,0,1,1,0,1,1,1,0,0,0,0,1
0.0014038,1,1,1,0,0,0,1,0,1,1,1,0,0,0,0,1
0.00140466,0,0,0,1,1,1,1,1,1,1,1,0,0,0,0,1
0.00140468,0,0,0,0,0,0,0,1,1,1,1,0,0,0,0,1
0.0014047,1,1,1,1,1,1,1,1,1,1,1,0,0,0,0,1
0.00140476,0,1,0,0,1,0,1,1,1,1,1,0,0,0,0,1
0.00140482,0,1,0,1,1,1,1,1,1,1,1,0,0,0,0,1
0.00140484,0,1,0,0,1,0,1,1,1,1,1,0,0,0,0,1
0.00140508,0,1,0,0,1,0,1,1,0,1,0,0,0,0,0,1
0.0014051,0,1,0,0,1,0,1,1,0,1,0,0,1,0,1,1
0.00140516,1,1,1,0,1,0,1,1,0,1,0,0,1,0,1,1
0.00140518,1,1,1,1,1,0,1,1,1,1,1,0,1,0,1,1
0.0014052,0,1,0,0,1,0,1,1,0,1,0,0,1,0,1,1
0.00140524,0,1,0,1,1,0,1,1,0,1,0,0,1,0,1,1
0.00140526,0,1,0,0,1,0,1,1,0,1,0,0,1,0,1,1
0.00140562,0,1,1,1,1,0,1,1,0,1,0,0,1,0,1,1
0.00140564,1,1,1,1,1,1,1,1,0,1,0,0,1,0,1,1
0.00140568,1,1,1,0,0,0,1,0,0,1,0,0,1,0,1,1
0.00140572,1,1,1,1,0,1,1,0,0,1,0,0,1,0,1,1
0.00140574,1,1,1,0,0,0,1,0,0,1,0,0,1,0,1,1
0.0014066,1,1,1,1,1,1,1,1,0,1,0,0,1,0,1,1
0.00140756,0,0,0,0,0,0,0,0,0,1,0,0,1,0,1,1
0.00140852,1,0,1,1,0,0,0,0,0,1,0,0,1,0,1,1
0.00140854,0,0,0,0,0,0,0,0,0,1,0,0,1,0,1,1
0.00140856,1,1,1,1,1,1,1,1,0,1,0,0,1,0,1,1
0.0014086,1,1,0,1,1,0,1,0,0,1,0,0,1,0,1,1
0.00140862,1,1,1,1,1,1,1,1,0,1,0,0,1,0,1,1
0.00140864,0,1,0,1,1,1,0,0,0,1,0,0,1,0,1,1
0.00140868,0,1,0,0,1,1,0,0,0,1,0,0,1,0,1,1
0.00140898,0,1,0,0,1,1,0,0,0,1,0,0,1,0,0,0
0.001409,0,1,0,0,1,1,0,0,0,1,0,0,1,1,0,0
0.00140952,0,1,1,1,1,1,0,0,0,1,0,0,1,1,0,0
0.00140954,1,1,1,1,1,1,1,1,0,1,0,0,1,1,0,0
0.00140958,1,0,1,0,0,0,0,0,0,1,0,0,1,1,0,0
0.00140964,1,1,1,1,0,1,1,0,0,1,0,0,1,1,0,0
0.00140966,1,0,1,0,0,0,0,0,0,1,0,0,1,1,0,0
0.00141048,1,1,1,1,0,0,0,0,0,1,0,0,1,1,0,0
0.0014105,1,1,1,1,1,1,1,1,0,1,0,0,1,1,0,0
0.00141054,1,1,1,1,0,0,0,0,0,1,0,0,1,1,0,0
0.00141056,1,1,0,1,0,0,0,0,0,1,0,0,1,1,0,0
0.0014106,1,1,0,1,0,1,0,0,0,1,0,0,1,1,0,0
0.00141062,1,1,0,1,0,0,0,0,0,1,0,0,1,1,0,0
0.00141148,1,1,1,1,0,1,1,0,0,1,0,0,1,1,0,0
0.0014115,1,1,1,1,1,1,1,1,0,1,0,0,1,1,0,0
0.00141248,0,1,1,1,1,1,1,1,0,1,0,0,1,1,0,0
0.0014125,0,0,0,1,1,0,1,0,0,1,0,0,1,1,0,0
0.00141252,1,1,1,1,1,1,1,1,0,1,0,0,1,1,0,0
0.00141256,1,1,1,1,1,0,0,0,0,1,0,0,1,1,0,0
0.00141258,0,0,1,0,1,1,1,1,0,1,0,0,1,1,0,0
0.0014126,0,0,1,0,1,0,0,0,0,1,0,0,1,1,0,0
0.00141264,0,0,1,0,1,1,0,1,0,1,0,0,1,1,0,0
0.00141266,0,0,1,0,1,0,0,0,0,1,0,0,1,1,0,0
0.00141288,0,0,1,0,1,0,0,0,0,0,0,0,1,0,0,0
0.0014129,0,0,1,0,1,0,0,0,0,0,1,0,1,0,0,0
0.00141296,0,0,1,0,1,0,0,0,0,0,0,0,0,0,0,0
0.00141298,0,0,1,0,1,0,0,0,0,0,1,0,1,0,0,0
0.00141344,1,1,1,1,1,1,1,1,0,0,1,0,1,0,0,0
0.00141446,0,1,1,0,0,1,1,1,0,0,1,0,1,0,0,0
0.00141448,0,0,0,0,0,0,0,1,0,0,1,0,1,0,0,0
0.00141452,1,1,1,1,0,1,0,1,0,0,1,0,1,0,0,0
0.00141454,0,0,1,0,0,1,0,1,0,0,1,0,1,0,0,0
0.00141456,0,0,0,0,0,0,0,1,0,0,1,0,1,0,0,0
0.00141536,1,1,0,0,0,0,0,1,0,0,1,0,1,0,0,0
0.00141538,1,1,1,0,0,0,0,1,0,0,1,0,1,0,0,0
0.0014154,1,1,1,1,1,1,1,1,0,0,1,0,1,0,0,0
0.00141544,1,1,0,0,1,0,0,0,0,0,1,0,1,0,0,0
0.00141548,1,1,1,1,1,1,1,1,0,0,1,0,1,0,0,0
0.0014155,1,1,0,0,1,0,0,0,0,0,1,0,1,0,0,0
0.00141554,1,1,1,0,1,1,0,0,0,0,1,0,1,0,0,0
0.00141556,1,1,1,1,1,1,0,0,0,0,1,0,1,0,0,0
0.00141558,1,1,0,0,1,0,0,0,0,0,1,0,1,0,0,0
0.00141582,1,1,0,0,1,0,0,0,1,1,0,0,1,0,0,0
0.00141636,1,1,0,1,1,1,1,0,1,1,0,0,1,0,0,0
0.00141638,1,1,1,1,1,1,1,1,1,1,0,0,1,0,0,0
0.00141642,1,0,0,0,1,1,1,0,1,1,0,0,1,0,0,0
0.00141646,1,1,1,1,1,1,1,1,1,1,0,0,1,0,0,0
0.00141648,1,0,1,0,1,1,1,0,1,1,0,0,1,0,0,0
0.0014165,1,0,0,0,1,1,1,0,1,1,0,0,1,0,0,0
0.00141654,1,0,1,0,1,1,1,0,1,1,0,0,1,0,0,0
0.00141656,1,0,0,0,1,1,1,0,1,1,0,0,1,0,0,0
0.00141732,1,1,0,0,1,1,1,0,1,1,0,0,1,0,0,0
0.00141734,1,0,1,1,1,1,1,0,1,1,0,0,1,0,0,0
0.00141736,1,1,1,1,1,1,1,1,1,1,0,0,1,0,0,0
0.00141738,0,1,1,1,1,0,0,1,1,1,0,0,1,0,0,0
0.0014174,0,1,0,0,1,0,0,0,1,1,0,0,1,0,0,0
0.00141744,0,1,1,1,1,1,1,1,1,1,0,0,1,0,0,0
0.00141746,0,1,0,0,1,0,0,0,1,1,0,0,1,0,0,0
0.00141778,0,1,0,0,1,0,0,0,0,1,0,0,1,0,0,0
0.00141784,0,1,0,0,1,0,0,0,0,0,0,0,0,0,0,0
0.00141786,0,1,0,0,1,0,0,0,0,1,0,0,1,0,0,0
0.0014183,1,1,1,1,1,0,0,0,0,1,0,0,1,0,0,0
0.00141832,1,1,1,1,1,1,1,1,0,1,0,0,1,0,0,0
0.00141838,1,1,0,0,1,1,0,0,0,1,0,0,1,0,0,0
0.00141842,1,1,1,1,1,1,1,1,0,1,0,0,1,0,0,0
0.00141844,1,1,0,0,1,1,0,0,0,1,0,0,1,0,0,0
0.00141928,1,1,0,0,1,1,1,0,0,1,0,0,1,0,0,0
0.0014193,1,1,1,1,1,1,1,1,0,1,0,0,1,0,0,0
0.00141934,1,0,0,0,1,0,0,0,0,1,0,0,1,0,0,0
0.00141938,1,1,1,1,1,1,1,0,0,1,0,0,1,0,0,0
0.00141942,1,0,0,0,1,0,0,0,0,1,0,0,1,0,0,0
0.00141946,1,0,1,1,1,0,0,0,0,1,0,0,1,0,0,0
0.00141948,1,0,1,0,1,0,0,0,0,1,0,0,1,0,0,0
0.0014195,1,0,0,0,1,0,0,0,0,1,0,0,1,0,0,0
0.00141972,1,0,0,0,1,0,0,0,0,0,0,0,1,0,0,0
0.00141974,1,0,0,0,1,0,0,0,1,0,0,0,1,0,0,0
0.00142028,1,1,1,1,1,1,1,1,1,0,0,0,1,0,0,0
0.00142034,0,0,1,1,1,0,1,0,1,0,0,0,1,0,0,0
0.00142038,1,1,1,1,1,1,1,1,1,0,0,0,1,0,0,0
0.0014204,0,0,1,1,1,0,1,0,1,0,0,0,1,0,0,0
0.00142122,1,1,1,1,1,0,1,0,1,0,0,0,1,0,0,0
0.00142124,1,1,1,1,1,1,1,1,1,0,0,0,1,0,0,0
0.0014213,0,1,1,0,1,0,0,0,1,0,0,0,1,0,0,0
0.00142134,1,1,1,1,1,0,0,0,1,0,0,0,1,0,0,0
0.00142138,0,1,1,0,1,0,0,0,1,0,0,0,1,0,0,0
0.00142168,0,1,1,0,1,0,0,0,0,1,1,0,1,0,0,0
0.0014222,1,1,1,1,1,0,0,0,0,1,1,0,1,0,0,0
0.00142222,1,1,1,1,1,0,1,1,0,1,1,0,1,0,0,0
0.00142224,1,1,1,1,1,1,1,1,0,1,1,0,1,0,0,0
0.00142228,1,1,1,0,0,0,1,0,0,1,1,0,1,0,0,0
0.00142232,1,1,1,1,0,1,1,0,0,1,1,0,1,0,0,0
0.00142234,1,1,1,0,0,0,1,0,0,1,1,0,1,0,0,0
0.00142318,1,1,1,1,0,0,1,0,0,1,1,0,1,0,0,0
0.0014232,1,1,1,1,1,1,1,1,0,1,1,0,1,0,0,0
0.00142324,0,0,0,1,1,1,0,1,0,1,1,0,1,0,0,0
0.00142326,0,0,0,1,0,0,0,1,0,1,1,0,1,0,0,0
0.0014233,1,1,1,1,0,1,1,1,0,1,1,0,1,0,0,0
0.00142332,0,0,0,1,0,0,0,1,0,1,1,0,1,0,0,0
0.00142362,0,0,0,1,0,0,0,1,0,0,1,0,0,0,0,0
0.00142364,0,0,0,1,0,0,0,1,0,0,0,1,0,0,0,1
0.0014237,0,0,0,1,0,0,0,1,0,0,0,1,0,0,0,0
0.00142372,0,0,0,1,0,0,0,1,0,0,0,1,0,0,0,1
0.00142418,1,1,1,1,1,1,1,1,0,0,0,1,0,0,0,1
0.00142422,1,1,1,0,0,1,1,0,0,0,0,1,0,0,0,1
0.00142424,1,1,1,0,0,0,1,0,0,0,0,1,0,0,0,1
0.00142428,1,1,1,0,0,1,1,0,0,0,0,1,0,0,0,1
0.0014243,1,1,1,0,0,0,1,0,0,0,0,1,0,0,0,1
0.0014252,1,1,1,1,1,1,1,1,0,0,0,1,0,0,0,1
0.00142524,1,1,1,1,1,0,1,1,0,0,0,1,0,0,0,1
0.00142526,1,1,1,1,1,1,1,1,0,0,0,1,0,0,0,1
0.00142528,0,1,0,0,1,0,1,1,0,0,0,1,0,0,0,1
0.00142532,1,1,0,1,1,1,1,1,0,0,0,1,0,0,0,1
0.00142534,0,1,0,0,1,0,1,1,0,0,0,1,0,0,0,1
0.00142558,0,1,0,0,1,0,1,1,0,0,0,0,0,0,1,0
0.0014256,0,1,0,0,1,0,1,1,0,1,0,0,1,0,1,1
0.00142614,1,1,1,1,1,1,1,1,0,1,0,0,1,0,1,1
0.00142618,1,1,1,0,0,0,1,0,0,1,0,0,1,0,1,1
0.00142622,1,1,1,1,0,1,1,0,0,1,0,0,1,0,1,1
0.00142624,1,1,1,0,0,0,1,0,0,1,0,0,1,0,1,1
0.0014271,1,1,1,1,1,1,1,1,0,1,0,0,1,0,1,1
0.00142806,1,0,0,1,0,1,0,0,0,1,0,0,1,0,1,1
0.00142808,0,0,0,0,0,0,0,0,0,1,0,0,1,0,1,1
0.00142906,1,1,1,1,1,1,1,1,0,1,0,0,1,0,1,1
0.0014291,1,1,0,1,1,0,1,0,0,1,0,0,1,0,1,1
0.00142912,1,1,1,1,1,1,1,1,0,1,0,0,1,0,1,1
0.00142914,0,1,1,1,1,1,1,1,0,1,0,0,1,0,1,1
0.00142916,0,1,0,1,1,1,1,0,0,1,0,0,1,0,1,1
0.00142918,0,1,0,0,1,1,0,0,0,1,0,0,1,0,1,1
0.00142922,1,1,0,0,1,1,0,0,0,1,0,0,1,0,1,1
0.00142924,0,1,0,0,1,1,0,0,0,1,0,0,1,0,1,1
0.00142948,0,1,0,0,1,1,0,0,0,1,0,0,1,0,0,0
0.0014295,0,1,0,0,1,1,0,0,0,1,0,0,1,1,0,0
0.00143004,1,1,1,1,1,1,1,1,0,1,0,0,1,1,0,0
0.00143008,0,0,0,1,0,0,0,0,0,1,0,0,1,1,0,0
0.00143014,1,1,1,1,0,1,1,1,0,1,0,0,1,1,0,0
0.00143016,0,0,0,1,0,0,0,0,0,1,0,0,1,1,0,0
0.00143098,1,1,1,1,0,0,0,0,0,1,0,0,1,1,0,0
0.001431,1,1,1,1,1,1,1,1,0,1,0,0,1,1,0,0
0.00143106,1,1,0,1,0,0,0,0,0,1,0,0,1,1,0,0
0.0014311,1,1,1,1,0,1,1,0,0,1,0,0,1,1,0,0
0.00143112,1,1,1,1,0,0,0,0,0,1,0,0,1,1,0,0
0.00143114,1,1,0,1,0,0,0,0,0,1,0,0,1,1,0,0
0.00143198,1,1,1,1,0,1,1,0,0,1,0,0,1,1,0,0
0.001432,1,1,1,1,1,1,1,1,0,1,0,0,1,1,0,0
0.001433,0,0,0,1,1,0,1,0,0,1,0,0,1,1,0,0
0.00143302,1,1,1,1,1,1,1,1,0,1,0,0,1,1,0,0
0.00143306,0,1,1,1,1,1,1,1,0,1,0,0,1,1,0,0
0.00143308,0,1,1,0,0,1,0,1,0,1,0,0,1,1,0,0
0.0014334,0,1,1,0,0,1,0,1,0,1,1,0,0,1,0,1
0.00143392,1,1,1,1,0,1,0,1,0,1,1,0,0,1,0,1
0.00143394,1,1,1,1,1,1,1,1,0,1,1,0,0,1,0,1
0.001434,0,0,0,0,0,0,1,0,0,1,1,0,0,1,0,1
0.00143404,1,1,1,1,0,1,1,0,0,1,1,0,0,1,0,1
0.00143406,1,1,1,1,0,1,1,1,0,1,1,0,0,1,0,1
0.00143408,0,0,0,0,0,0,1,0,0,1,1,0,0,1,0,1
0.00143412,0,0,1,1,0,1,1,0,0,1,1,0,0,1,0,1
0.00143416,0,0,0,0,0,0,1,0,0,1,1,0,0,1,0,1
0.0014342,0,0,1,0,0,0,1,0,0,1,1,0,0,1,0,1
0.00143424,0,0,0,0,0,0,1,0,0,1,1,0,0,1,0,1
0.00143428,0,0,1,0,0,0,1,0,0,1,1,0,0,1,0,1
0.0014343,0,0,0,0,0,0,1,0,0,1,1,0,0,1,0,1
0.00143434,0,0,1,0,0,0,1,0,0,1,1,0,0,1,0,1
0.00143438,0,0,0,0,0,0,1,0,0,1,1,0,0,1,0,1
0.0014349,1,1,1,1,0,0,1,1,0,1,1,0,0,1,0,1
0.00143492,1,1,1,1,1,1,1,1,0,1,1,0,0,1,0,1
0.00143496,0,0,0,0,0,0,0,1,0,1,1,0,0,1,0,1
0.001435,1,1,1,1,1,1,1,1,0,1,1,0,0,1,0,1
0.00143502,1,1,1,1,0,1,1,1,0,1,1,0,0,1,0,1
0.00143504,0,0,0,0,0,0,0,1,0,1,1,0,0,1,0,1
0.00143506,0,0,0,0,0,1,0,1,0,1,1,0,0,1,0,1
0.00143508,1,1,1,1,0,1,0,1,0,1,1,0,0,1,0,1
0.00143512,0,0,1,0,0,1,0,1,0,1,1,0,0,1,0,1
0.00143516,0,0,1,1,0,1,0,1,0,1,1,0,0,1,0,1
0.0014352,0,0,1,0,0,1,0,1,0,1,1,0,0,1,0,1
0.00143524,0,0,1,1,0,1,0,1,0,1,1,0,0,1,0,1
0.00143526,0,0,1,0,0,1,0,1,0,1,1,0,0,1,0,1
0.00143558,0,0,0,0,0,1,0,1,0,1,1,0,0,1,0,1
0.00143564,0,0,1,0,0,1,0,1,0,1,1,0,0,1,0,1
0.00143566,0,0,0,0,0,1,0,1,0,1,1,0,0,1,0,1
0.00143568,0,0,0,0,0,0,0,1,0,1,1,0,0,1,0,1
0.00143578,0,0,0,0,0,1,0,1,0,1,1,0,0,1,0,1
0.0014358,0,0,0,0,0,0,0,1,0,1,1,0,0,1,0,1
0.00143586,0,0,1,0,0,0,0,1,0,1,1,0,0,1,0,1
0.00143588,0,0,0,0,0,0,0,1,0,1,1,0,0,1,0,1
0.0014359,1,1,1,1,1,1,1,1,0,1,1,0,0,1,0,1
0.00143594,0,1,1,1,0,1,0,0,0,1,1,0,0,1,0,1
0.00143598,1,1,1,1,0,1,1,0,0,1,1,0,0,1,0,1
0.00143602,0,1,1,1,0,1,0,0,0,1,1,0,0,1,0,1
0.00143606,1,1,1,1,0,1,0,0,0,1,1,0,0,1,0,1
0.00143608,0,1,1,1,0,1,0,0,0,1,1,0,0,1,0,1
0.00143686,1,1,1,1,1,1,1,1,0,1,1,0,0,1,0,1
0.00143788,0,1,1,1,0,1,0,0,0,1,1,0,0,1,0,1
0.00143792,1,1,1,1,0,1,1,1,0,1,1,0,0,1,0,1
0.00143794,0,1,1,1,0,1,0,0,0,1,1,0,0,1,0,1
0.00143892,0,0,1,0,1,0,0,0,0,1,1,0,0,1,0,1
0.00143898,0,0,1,0,1,0,1,0,0,1,1,0,0,1,0,1
0.001439,0,0,1,0,1,0,0,0,0,1,1,0,0,1,0,1
0.00143926,0,0,1,0,1,0,0,0,0,0,1,0,1,0,0,0
0.0014398,1,1,1,1,1,1,1,1,0,0,1,0,1,0,0,0
0.00144082,0,0,0,0,0,0,0,1,0,0,1,0,1,0,0,0
0.00144086,0,0,0,0,0,1,0,1,0,0,1,0,1,0,0,0
0.00144088,1,1,1,1,0,1,1,1,0,0,1,0,1,0,0,0
0.0014409,0,0,0,0,0,0,0,1,0,0,1,0,1,0,0,0
0.00144174,0,0,0,1,0,0,0,1,0,0,1,0,1,0,0,0
0.00144176,1,1,1,1,1,1,1,1,0,0,1,0,1,0,0,0
0.0014418,1,1,1,0,1,0,1,0,0,0,1,0,1,0,0,0
0.00144182,1,1,0,0,1,0,0,0,0,0,1,0,1,0,0,0
0.00144184,1,1,1,1,1,1,1,0,0,0,1,0,1,0,0,0
0.00144188,1,1,1,0,1,0,0,0,0,0,1,0,1,0,0,0
0.0014419,1,1,0,0,1,0,0,0,0,0,1,0,1,0,0,0
0.00144192,1,1,1,1,1,1,0,0,0,0,1,0,1,0,0,0
0.00144196,1,1,0,0,1,0,0,0,0,0,1,0,1,0,0,0
0.001442,1,1,1,0,1,0,0,0,0,0,1,0,1,0,0,0
0.00144204,1,1,0,0,1,0,0,0,0,0,1,0,1,0,0,0
0.00144206,1,1,1,0,1,0,0,0,0,0,1,0,1,0,0,0
0.00144212,1,1,0,0,1,0,0,0,0,0,1,0,1,0,0,0
0.00144216,1,1,1,0,1,0,0,0,0,0,1,0,1,0,0,0
0.00144218,1,1,0,0,1,0,0,0,0,1,0,0,1,0,0,0
0.0014422,1,1,0,0,1,0,0,0,1,1,0,0,1,0,0,0
0.00144222,1,1,1,0,1,0,0,0,1,1,0,0,1,0,0,0
0.00144226,1,1,0,0,1,0,0,0,1,1,0,0,1,0,0,0
0.0014423,1,1,1,0,1,0,0,0,1,1,0,0,1,0,0,0
0.00144234,1,1,0,0,1,0,0,0,1,1,0,0,1,0,0,0
0.0014427,1,1,1,1,1,0,0,0,1,1,0,0,1,0,0,0
0.00144272,1,1,1,0,1,1,1,0,1,1,0,0,1,0,0,0
0.00144274,1,1,1,1,1,1,1,1,1,1,0,0,1,0,0,0
0.00144278,1,0,0,0,1,1,1,0,1,1,0,0,1,0,0,0
0.00144282,1,1,1,1,1,1,1,1,1,1,0,0,1,0,0,0
0.00144284,1,0,0,0,1,1,1,0,1,1,0,0,1,0,0,0
0.0014429,1,0,1,1,1,1,1,0,1,1,0,0,1,0,0,0
0.00144292,1,0,0,0,1,1,1,0,1,1,0,0,1,0,0,0
0.00144368,1,1,1,1,1,1,1,0,1,1,0,0,1,0,0,0
0.0014437,1,1,1,1,1,1,1,1,1,1,0,0,1,0,0,0
0.00144376,0,1,0,0,1,0,0,0,1,1,0,0,1,0,0,0
0.0014438,1,1,1,1,1,1,0,0,1,1,0,0,1,0,0,0
0.00144382,1,1,1,1,1,1,1,1,1,1,0,0,1,0,0,0
0.00144384,0,1,1,1,1,0,0,0,1,1,0,0,1,0,0,0
0.00144386,0,1,0,0,1,0,0,0,1,1,0,0,1,0,0,0
0.00144388,0,1,1,1,1,0,0,0,1,1,0,0,1,0,0,0
0.00144394,0,1,1,0,1,0,0,0,1,1,0,0,1,0,0,0
0.00144396,0,1,1,1,1,0,0,0,1,1,0,0,1,0,0,0
0.00144404,0,1,1,0,1,0,0,0,1,1,0,0,1,0,0,0
0.00144406,0,1,1,1,1,0,0,0,1,1,0,0,1,0,0,0
0.00144408,0,1,1,0,1,0,0,0,1,1,0,0,1,0,0,0
0.0014441,0,1,1,1,1,0,0,0,1,1,0,0,1,0,0,0
0.00144414,0,1,1,1,1,0,0,0,0,1,0,0,1,0,0,0
0.00144416,0,1,1,0,1,0,0,0,0,1,0,0,1,0,0,0
0.00144418,0,1,1,1,1,0,0,0,0,1,0,0,1,0,0,0
0.0014442,0,1,1,1,1,0,0,0,0,0,0,0,0,0,0,0
0.00144422,0,1,1,0,1,0,0,0,0,1,0,0,1,0,0,0
0.00144424,0,1,0,0,1,0,0,0,0,1,0,0,1,0,0,0
0.00144426,0,1,1,1,1,0,0,0,0,1,0,0,1,0,0,0
0.00144428,0,1,1,0,1,0,0,0,0,1,0,0,1,0,0,0
0.00144446,0,1,0,0,1,0,0,0,0,1,0,0,1,0,0,0
0.0014445,0,1,1,0,1,0,0,0,0,1,0,0,1,0,0,0
0.00144452,0,1,0,0,1,0,0,0,0,1,0,0,1,0,0,0
0.00144456,0,1,1,0,1,0,0,0,0,1,0,0,1,0,0,0
0.00144458,0,1,0,0,1,0,0,0,0,1,0,0,1,0,0,0
0.00144466,1,1,1,0,1,0,0,0,0,1,0,0,1,0,0,0
0.00144468,1,1,1,1,1,1,1,1,0,1,0,0,1,0,0,0
0.00144472,1,1,0,0,1,1,0,0,0,1,0,0,1,0,0,0
0.00144476,1,1,1,1,1,1,1,1,0,1,0,0,1,0,0,0
0.00144478,1,1,1,0,1,1,0,0,0,1,0,0,1,0,0,0
0.0014448,1,1,0,0,1,1,0,0,0,1,0,0,1,0,0,0
0.00144484,1,1,1,0,1,1,0,0,0,1,0,0,1,0,0,0
0.00144486,1,1,0,0,1,1,0,0,0,1,0,0,1,0,0,0
0.00144564,1,1,0,0,1,1,1,0,0,1,0,0,1,0,0,0
0.00144566,1,1,1,1,1,1,1,1,0,1,0,0,1,0,0,0
0.0014457,1,0,1,1,1,0,1,1,0,1,0,0,1,0,0,0
0.00144572,1,0,0,0,1,0,0,0,0,1,0,0,1,0,0,0
0.00144574,1,0,1,1,1,0,1,0,0,1,0,0,1,0,0,0
0.00144576,1,1,1,1,1,1,1,1,0,1,0,0,1,0,0,0
0.00144578,1,0,1,1,1,0,1,0,0,1,0,0,1,0,0,0
0.0014458,1,0,0,0,1,0,0,0,0,1,0,0,1,0,0,0
0.00144582,1,0,1,1,1,0,0,0,0,1,0,0,1,0,0,0
0.00144604,1,0,1,0,1,0,0,0,0,1,0,0,1,0,0,0
0.00144606,1,0,1,1,1,0,0,0,0,1,0,0,1,0,0,0
0.00144608,1,0,1,1,1,0,0,0,0,0,0,0,1,0,0,0
0.0014461,1,0,1,0,1,0,0,0,1,0,0,0,1,0,0,0
0.00144614,1,0,1,1,1,0,0,0,1,0,0,0,1,0,0,0
0.00144616,1,0,1,1,1,0,0,0,0,0,0,0,1,0,0,0
0.00144618,1,0,1,0,1,0,0,0,1,0,0,0,1,0,0,0
0.00144622,1,0,1,1,1,0,0,0,1,0,0,0,1,0,0,0
0.00144624,1,0,1,0,1,0,0,0,1,0,0,0,1,0,0,0
0.00144644,1,0,0,0,1,0,0,0,1,0,0,0,1,0,0,0
0.0014465,1,0,1,0,1,0,0,0,1,0,0,0,1,0,0,0
0.00144654,1,0,0,0,1,0,0,0,1,0,0,0,1,0,0,0
0.0014466,1,0,1,0,1,0,0,0,1,0,0,0,1,0,0,0
0.00144662,1,1,1,1,1,1,1,1,1,0,0,0,1,0,0,0
0.00144668,0,0,1,1,1,0,1,0,1,0,0,0,1,0,0,0
0.00144672,1,1,1,1,1,1,1,1,1,0,0,0,1,0,0,0
0.00144674,0,0,1,1,1,0,1,0,1,0,0,0,1,0,0,0
0.00144758,1,1,1,1,1,0,1,0,1,0,0,0,1,0,0,0
0.0014476,1,1,1,1,1,1,1,1,1,0,0,0,1,0,0,0
0.00144766,1,0,0,0,0,1,0,0,1,0,0,0,1,0,0,0
0.0014477,1,1,1,1,0,1,1,1,1,0,0,0,1,0,0,0
0.00144774,1,1,1,1,0,1,0,0,1,0,0,0,1,0,0,0
0.00144776,1,0,0,0,0,1,0,0,1,0,0,0,1,0,0,0
0.00144778,1,1,1,1,0,1,0,0,1,0,0,0,1,0,0,0
0.00144784,1,1,1,0,0,1,0,0,1,0,0,0,1,0,0,0
0.00144786,1,1,1,1,0,1,0,0,1,0,0,0,1,0,0,0
0.00144804,1,1,1,1,0,1,0,0,1,0,0,0,0,1,0,0
0.00144806,1,0,1,0,0,1,0,0,1,0,0,0,0,1,0,0
0.00144808,1,1,1,1,0,1,0,0,1,0,0,0,0,1,0,0
0.00144812,1,0,1,1,0,1,0,0,1,0,0,0,0,1,0,0
0.00144816,1,1,1,1,0,1,0,0,1,0,0,0,0,1,0,0
0.00144818,1,0,1,1,0,1,0,0,1,0,0,0,0,1,0,0
0.00144828,1,0,1,0,0,1,0,0,1,0,0,0,0,1,0,0
0.0014483,1,0,1,1,0,1,0,0,1,0,0,0,0,1,0,0
0.00144836,1,0,1,0,0,1,0,0,1,0,0,0,0,1,0,0
0.00144856,1,0,0,0,0,1,0,0,1,0,0,0,0,1,0,0
0.00144858,1,1,1,1,0,1,0,0,1,0,0,0,0,1,0,0
0.0014486,1,1,1,1,1,1,1,1,1,0,0,0,0,1,0,0
0.00144862,1,1,1,1,1,0,1,1,1,0,0,0,0,1,0,0
0.00144864,0,0,0,0,0,0,1,0,1,0,0,0,0,1,0,0
0.00144866,0,0,1,0,0,0,1,0,1,0,0,0,0,1,0,0
0.00144868,0,1,1,1,0,1,1,1,1,0,0,0,0,1,0,0
0.0014487,0,1,1,1,0,0,1,1,1,0,0,0,0,1,0,0
0.00144872,0,0,0,0,0,0,1,0,1,0,0,0,0,1,0,0
0.00144874,0,0,1,1,0,0,1,0,1,0,0,0,0,1,0,0
0.00144876,0,1,1,1,0,0,1,0,1,0,0,0,0,1,0,0
0.00144878,0,0,1,1,0,0,1,0,1,0,0,0,0,1,0,0
0.0014492,0,0,1,0,0,0,1,0,1,0,0,0,0,1,0,0
0.00144936,0,0,0,0,0,0,1,0,1,0,0,0,0,1,0,0
0.00144938,0,0,1,0,0,0,1,0,1,0,0,0,0,1,0,0
0.00144942,0,0,0,0,0,0,1,0,1,0,0,0,0,1,0,0
0.00144944,0,0,1,0,0,0,1,0,1,0,0,0,0,1,0,0
0.00144946,0,0,0,0,0,0,1,0,1,0,0,0,0,1,0,0
0.00144954,1,1,1,1,1,0,1,0,1,0,0,0,0,1,0,0
0.00144956,1,1,1,1,1,1,1,1,1,0,0,0,0,1,0,0
0.00144962,0,0,0,0,0,0,0,1,1,0,0,0,0,1,0,0
0.00144966,1,1,1,1,1,1,0,1,1,0,0,0,0,1,0,0
0.00144968,1,1,1,1,0,1,0,1,1,0,0,0,0,1,0,0
0.0014497,0,0,0,0,0,0,0,1,1,0,0,0,0,1,0,0
0.00144974,0,1,1,1,0,0,0,1,1,0,0,0,0,1,0,0
0.00144976,0,0,1,1,0,0,0,1,1,0,0,0,0,1,0,0
0.00144978,0,0,1,0,0,0,0,1,1,0,0,0,0,1,0,0
0.00144982,0,0,1,1,0,0,0,1,1,0,0,0,0,1,0,0
0.00144986,0,0,1,0,0,0,0,1,1,0,0,0,0,1,0,0
0.00145018,0,0,0,0,0,0,0,1,1,0,0,0,0,1,0,0
0.0014502,0,0,1,0,0,0,0,1,1,0,0,0,0,1,0,0
0.00145022,0,0,0,0,0,0,0,1,1,0,0,0,0,1,0,0
0.00145052,1,1,1,1,0,0,0,1,1,0,0,0,0,1,0,0
0.00145054,1,1,1,1,1,1,1,1,1,0,0,0,0,1,0,0
0.0014506,0,1,1,1,0,1,0,0,1,0,0,0,0,1,0,0
0.00145064,1,1,1,1,1,1,1,1,1,0,0,0,0,1,0,0
0.00145066,0,1,1,1,0,1,0,0,1,0,0,0,0,1,0,0
0.00145156,1,1,1,1,1,1,1,1,1,0,0,0,0,1,0,0
0.00145162,0,1,0,0,1,0,1,1,1,0,0,0,0,1,0,0
0.00145166,1,1,1,0,1,0,1,1,1,0,0,0,0,1,0,0
0.00145168,0,1,0,0,1,0,1,1,1,0,0,0,0,1,0,0
0.00145194,0,1,0,0,1,0,1,1,0,1,0,0,0,0,0,0
0.00145196,0,1,0,0,1,0,1,1,0,1,0,0,1,0,1,1
0.00145248,1,1,1,1,1,1,1,1,0,1,0,0,1,0,1,1
0.00145254,0,1,1,1,0,1,0,0,0,1,0,0,1,0,1,1
0.00145258,1,1,1,1,0,1,0,0,0,1,0,0,1,0,1,1
0.00145262,0,1,1,1,0,1,0,0,0,1,0,0,1,0,1,1
0.00145346,1,1,1,1,0,1,1,1,0,1,0,0,1,0,1,1
0.00145348,1,1,1,1,1,1,1,1,0,1,0,0,1,0,1,1
0.00145442,1,0,1,1,1,0,1,1,0,1,0,0,1,0,1,1
0.00145444,0,0,0,0,0,0,0,0,0,1,0,0,1,0,1,1
0.00145446,1,1,1,0,0,0,0,0,0,1,0,0,1,0,1,1
0.00145448,0,0,0,0,0,0,0,0,0,1,0,0,1,0,1,1
0.00145538,0,0,1,0,0,0,0,0,0,1,0,0,1,0,1,1
0.0014554,0,0,0,0,0,0,0,0,0,1,0,0,1,0,1,1
0.00145544,0,1,1,1,0,1,0,0,0,1,0,0,1,0,1,1
0.00145546,1,1,1,1,1,1,1,1,0,1,0,0,1,0,1,1
0.00145552,0,1,0,0,1,1,0,0,0,1,0,0,1,0,1,1
0.00145556,1,1,1,1,1,1,1,1,0,1,0,0,1,0,1,1
0.00145558,0,1,0,0,1,1,0,0,0,1,0,0,1,0,1,1
0.00145586,0,1,0,0,1,1,0,0,0,1,0,0,1,1,0,0
0.0014564,1,1,1,1,1,1,0,0,0,1,0,0,1,1,0,0
0.00145642,1,1,1,1,1,1,1,1,0,1,0,0,1,1,0,0
0.00145644,1,1,1,1,0,0,1,0,0,1,0,0,1,1,0,0
0.00145646,1,1,0,1,0,0,0,0,0,1,0,0,1,1,0,0
0.00145648,1,1,1,1,0,0,0,0,0,1,0,0,1,1,0,0
0.0014565,1,1,1,1,0,1,1,1,0,1,0,0,1,1,0,0
0.00145652,1,1,0,1,0,0,0,0,0,1,0,0,1,1,0,0
0.00145656,1,1,1,1,0,0,0,0,0,1,0,0,1,1,0,0
0.0014566,1,1,0,1,0,0,0,0,0,1,0,0,1,1,0,0
0.00145736,1,1,1,1,1,1,1,1,0,1,0,0,1,1,0,0
0.00145742,1,1,0,1,0,0,0,0,0,1,0,0,1,1,0,0
0.00145746,1,1,1,1,1,1,1,1,0,1,0,0,1,1,0,0
0.00145748,1,1,1,1,0,0,0,0,0,1,0,0,1,1,0,0
0.0014575,1,1,0,1,0,0,0,0,0,1,0,0,1,1,0,0
0.00145754,1,1,1,1,0,0,0,0,0,1,0,0,1,1,0,0
0.00145756,1,1,0,1,0,0,0,0,0,1,0,0,1,1,0,0
0.00145762,1,1,1,1,0,0,0,0,0,1,0,0,1,1,0,0
0.00145764,1,1,0,1,0,0,0,0,0,1,0,0,1,1,0,0
0.0014578,1,1,1,1,0,0,0,0,0,1,0,0,1,1,0,0
0.00145782,1,1,0,1,0,0,0,0,0,1,0,0,1,1,0,0
0.00145832,1,1,1,1,0,0,0,0,0,1,0,0,1,1,0,0
0.00145834,1,1,1,1,1,1,1,1,0,1,0,0,1,1,0,0
0.00145932,1,1,1,1,0,1,1,1,0,1,0,0,1,1,0,0
0.00145934,1,1,1,1,1,1,1,1,0,1,0,0,1,1,0,0
0.00145936,0,0,0,1,1,0,1,0,0,1,0,0,1,1,0,0
0.00145938,0,1,1,1,1,1,1,1,0,1,0,0,1,1,0,0
0.0014594,1,1,1,1,1,1,1,1,0,1,0,0,1,1,0,0
0.00145942,0,1,1,1,1,1,1,1,0,1,0,0,1,1,0,0
0.00145944,0,1,1,0,0,1,0,1,0,1,0,0,1,1,0,0
0.00145976,0,1,1,0,0,1,0,1,0,1,1,0,0,1,0,1
0.00146028,0,1,1,1,0,1,0,1,0,1,1,0,0,1,0,1
0.0014603,1,1,1,1,1,1,1,1,0,1,1,0,0,1,0,1
0.00146034,1,0,0,1,1,0,1,0,0,1,1,0,0,1,0,1
0.00146036,0,0,0,0,0,0,1,0,0,1,1,0,0,1,0,1
0.00146038,0,0,1,0,0,1,1,0,0,1,1,0,0,1,0,1
0.0014604,1,1,1,1,0,1,1,0,0,1,1,0,0,1,0,1
0.00146044,0,0,0,0,0,0,1,0,0,1,1,0,0,1,0,1
0.00146048,1,0,1,1,0,1,1,0,0,1,1,0,0,1,0,1
0.0014605,0,0,1,1,0,0,1,0,0,1,1,0,0,1,0,1
0.00146052,0,0,1,0,0,0,1,0,0,1,1,0,0,1,0,1
0.00146056,0,0,1,1,0,0,1,0,0,1,1,0,0,1,0,1
0.00146058,0,0,1,0,0,0,1,0,0,1,1,0,0,1,0,1
0.00146068,0,0,0,0,0,0,1,0,0,1,1,0,0,1,0,1
0.0014607,0,0,1,0,0,0,1,0,0,1,1,0,0,1,0,1
0.00146076,0,0,0,0,0,0,1,0,0,1,1,0,0,1,0,1
0.00146078,0,0,1,0,0,0,1,0,0,1,1,0,0,1,0,1
0.00146098,0,0,0,0,0,0,1,0,0,1,1,0,0,1,0,1
0.00146122,0,0,1,0,0,0,1,0,0,1,1,0,0,1,0,1
0.00146126,1,1,0,0,0,0,1,0,0,1,1,0,0,1,0,1
0.00146128,1,1,1,1,1,1,1,1,0,1,1,0,0,1,0,1
0.00146134,0,0,0,0,0,0,0,1,0,1,1,0,0,1,0,1
0.00146138,1,1,1,1,0,1,0,1,0,1,1,0,0,1,0,1
0.00146142,0,0,1,0,0,0,0,1,0,1,1,0,0,1,0,1
0.00146144,0,0,0,0,0,0,0,1,0,1,1,0,0,1,0,1
0.00146146,1,1,1,1,0,1,0,1,0,1,1,0,0,1,0,1
0.00146148,0,0,1,1,0,1,0,1,0,1,1,0,0,1,0,1
0.0014615,0,0,1,0,0,0,0,1,0,1,1,0,0,1,0,1
0.00146154,0,0,1,1,0,0,0,1,0,1,1,0,0,1,0,1
0.00146156,0,0,1,0,0,0,0,1,0,1,1,0,0,1,0,1
0.00146198,0,0,0,0,0,0,0,1,0,1,1,0,0,1,0,1
0.001462,0,0,1,0,0,0,0,1,0,1,1,0,0,1,0,1
0.00146202,0,0,0,0,0,0,0,1,0,1,1,0,0,1,0,1
0.00146208,0,0,1,0,0,0,0,1,0,1,1,0,0,1,0,1
0.0014621,0,0,0,0,0,0,0,1,0,1,1,0,0,1,0,1
0.00146214,0,0,1,0,0,0,0,1,0,1,1,0,0,1,0,1
0.00146216,0,0,0,0,0,0,0,1,0,1,1,0,0,1,0,1
0.00146224,1,1,1,1,0,1,0,1,0,1,1,0,0,1,0,1
0.00146226,1,1,1,1,1,1,1,1,0,1,1,0,0,1,0,1
0.0014623,0,1,1,1,0,1,0,0,0,1,1,0,0,1,0,1
0.00146234,1,1,1,1,0,1,1,0,0,1,1,0,0,1,0,1
0.00146238,0,1,1,1,0,1,0,0,0,1,1,0,0,1,0,1
0.00146242,1,1,1,1,0,1,0,0,0,1,1,0,0,1,0,1
0.00146244,0,1,1,1,0,1,0,0,0,1,1,0,0,1,0,1
0.00146322,1,1,1,1,1,1,1,1,0,1,1,0,0,1,0,1
0.00146424,0,1,1,1,0,1,0,0,0,1,1,0,0,1,0,1
0.00146428,1,1,1,1,0,1,1,0,0,1,1,0,0,1,0,1
0.0014643,0,1,1,1,0,1,0,0,0,1,1,0,0,1,0,1
0.00146528,0,0,1,0,1,0,0,1,0,1,1,0,0,1,0,1
0.0014653,0,0,1,0,1,0,0,0,0,1,1,0,0,1,0,1
0.00146534,1,0,1,0,1,0,0,0,0,1,1,0,0,1,0,1
0.00146536,0,0,1,0,1,0,0,0,0,1,1,0,0,1,0,1
0.00146562,0,0,1,0,1,0,0,0,0,0,1,0,1,0,0,0
0.00146614,1,0,1,0,1,0,0,0,0,0,1,0,1,0,0,0
0.00146616,1,1,1,1,1,1,1,1,0,0,1,0,1,0,0,0
0.00146718,1,1,1,1,0,1,1,1,0,0,1,0,1,0,0,0
0.0014672,0,0,0,0,0,0,0,1,0,0,1,0,1,0,0,0
0.00146724,1,1,1,1,0,1,1,1,0,0,1,0,1,0,0,0
0.00146726,0,0,1,0,0,0,0,1,0,0,1,0,1,0,0,0
0.00146728,0,0,0,0,0,0,0,1,0,0,1,0,1,0,0,0
0.0014681,1,1,1,1,0,0,0,1,0,0,1,0,1,0,0,0
0.00146812,1,1,1,1,1,1,1,1,0,0,1,0,1,0,0,0
0.00146816,1,1,0,0,1,0,0,0,0,0,1,0,1,0,0,0
0.0014682,1,1,1,1,1,1,1,0,0,0,1,0,1,0,0,0
0.00146824,1,1,0,0,1,0,0,0,0,0,1,0,1,0,0,0
0.00146828,1,1,1,1,1,1,0,0,0,0,1,0,1,0,0,0
0.0014683,1,1,0,0,1,0,0,0,0,0,1,0,1,0,0,0
0.00146854,1,1,0,0,1,0,0,0,0,1,0,0,1,0,0,0
0.00146856,1,1,0,0,1,0,0,0,1,1,0,0,1,0,0,0
0.00146906,1,1,1,1,1,0,0,0,1,1,0,0,1,0,0,0
0.00146908,1,1,1,0,1,1,1,1,1,1,0,0,1,0,0,0
0.0014691,1,1,1,1,1,1,1,1,1,1,0,0,1,0,0,0
0.00146914,1,0,0,0,1,1,1,0,1,1,0,0,1,0,0,0
0.00146918,1,1,1,1,1,1,1,1,1,1,0,0,1,0,0,0
0.0014692,1,0,1,1,1,1,1,0,1,1,0,0,1,0,0,0
0.00146922,1,0,0,0,1,1,1,0,1,1,0,0,1,0,0,0
0.00146926,1,0,1,0,1,1,1,0,1,1,0,0,1,0,0,0
0.00146928,1,0,0,0,1,1,1,0,1,1,0,0,1,0,0,0
0.00147004,1,1,1,0,1,1,1,0,1,1,0,0,1,0,0,0
0.00147006,1,0,1,1,1,1,1,1,1,1,0,0,1,0,0,0
0.00147008,1,1,1,1,1,1,1,1,1,1,0,0,1,0,0,0
0.00147012,0,1,0,0,1,0,0,0,1,1,0,0,1,0,0,0
0.00147016,1,1,1,1,1,1,1,1,1,1,0,0,1,0,0,0
0.00147018,0,1,1,1,1,0,0,0,1,1,0,0,1,0,0,0
0.0014702,0,1,0,0,1,0,0,0,1,1,0,0,1,0,0,0
0.00147024,0,1,1,1,1,0,0,0,1,1,0,0,1,0,0,0
0.00147026,0,1,0,0,1,0,0,0,1,1,0,0,1,0,0,0
0.0014705,0,1,0,0,1,0,0,0,0,1,0,0,1,0,0,0
0.00147056,0,1,0,0,1,0,0,0,0,0,0,0,0,0,0,0
0.00147058,0,1,0,0,1,0,0,0,0,1,0,0,1,0,0,0
0.00147102,1,1,1,1,1,0,0,0,0,1,0,0,1,0,0,0
0.00147104,1,1,1,1,1,1,1,1,0,1,0,0,1,0,0,0
0.0014711,1,1,0,0,1,1,0,0,0,1,0,0,1,0,0,0
0.00147114,1,1,1,1,1,1,1,1,0,1,0,0,1,0,0,0
0.00147116,1,1,0,0,1,1,0,0,0,1,0,0,1,0,0,0
0.001472,1,1,1,1,1,1,1,0,0,1,0,0,1,0,0,0
0.00147202,1,1,1,1,1,1,1,1,0,1,0,0,1,0,0,0
0.00147206,1,1,1,1,1,0,1,1,0,1,0,0,1,0,0,0
0.00147208,1,0,0,0,1,0,0,0,0,1,0,0,1,0,0,0
0.0014721,1,0,1,1,1,0,0,0,0,1,0,0,1,0,0,0
0.00147212,1,1,1,1,1,1,1,1,0,1,0,0,1,0,0,0
0.00147214,1,1,1,1,1,0,0,0,0,1,0,0,1,0,0,0
0.00147216,1,0,0,0,1,0,0,0,0,1,0,0,1,0,0,0
0.00147218,1,0,1,1,1,0,0,0,0,1,0,0,1,0,0,0
0.0014722,1,1,1,1,1,0,0,0,0,1,0,0,1,0,0,0
0.00147222,1,0,1,0,1,0,0,0,0,1,0,0,1,0,0,0
0.00147224,1,0,0,0,1,0,0,0,0,1,0,0,1,0,0,0
0.00147226,1,0,1,0,1,0,0,0,0,1,0,0,1,0,0,0
0.0014724,1,0,0,0,1,0,0,0,0,1,0,0,1,0,0,0
0.00147242,1,0,1,0,1,0,0,0,0,1,0,0,1,0,0,0
0.00147244,1,0,1,0,1,0,0,0,0,0,0,0,1,0,0,0
0.00147246,1,0,0,0,1,0,0,0,1,0,0,0,1,0,0,0
0.0014725,1,0,1,1,1,0,0,0,1,0,0,0,1,0,0,0
0.00147252,1,0,0,0,1,0,0,0,0,0,0,0,1,0,0,0
0.00147254,1,0,0,0,1,0,0,0,1,0,0,0,1,0,0,0
0.00147258,1,0,1,0,1,0,0,0,1,0,0,0,1,0,0,0
0.0014726,1,0,0,0,1,0,0,0,1,0,0,0,1,0,0,0
0.00147296,1,1,0,0,1,0,0,0,1,0,0,0,1,0,0,0
0.00147298,1,1,1,1,1,1,1,0,1,0,0,0,1,0,0,0
0.00147302,1,1,1,1,1,1,1,1,1,0,0,0,1,0,0,0
0.00147306,0,0,1,1,1,0,1,0,1,0,0,0,1,0,0,0
0.0014731,0,1,1,1,1,1,1,1,1,0,0,0,1,0,0,0
0.00147312,0,0,1,1,1,0,1,0,1,0,0,0,1,0,0,0
0.00147394,0,1,1,1,1,0,1,0,1,0,0,0,1,0,0,0
0.00147396,1,1,1,1,1,1,1,0,1,0,0,0,1,0,0,0
0.001474,1,1,1,1,1,1,1,1,1,0,0,0,1,0,0,0
0.00147402,0,1,0,0,0,1,0,0,1,0,0,0,1,0,0,0
0.00147406,0,1,1,1,0,1,1,1,1,0,0,0,1,0,0,0
0.00147408,0,1,0,0,0,1,1,1,1,0,0,0,1,0,0,0
0.0014741,0,1,0,0,0,1,0,0,1,0,0,0,1,0,0,0
0.0014744,0,1,0,0,0,1,0,0,0,1,0,0,0,0,0,0
0.00147442,0,1,0,0,0,1,0,0,0,1,0,0,0,1,0,0
0.00147494,0,1,0,1,0,1,0,0,0,1,0,0,0,1,0,0
0.00147496,1,1,1,1,1,1,1,1,0,1,0,0,0,1,0,0
0.001475,0,0,0,0,0,0,1,0,0,1,0,0,0,1,0,0
0.00147504,0,0,1,1,0,1,1,1,0,1,0,0,0,1,0,0
0.00147506,1,1,1,1,0,1,1,1,0,1,0,0,0,1,0,0
0.00147508,0,0,1,1,0,1,1,1,0,1,0,0,0,1,0,0
0.0014751,0,0,0,0,0,0,1,0,0,1,0,0,0,1,0,0
0.00147512,0,0,1,1,0,0,1,1,0,1,0,0,0,1,0,0
0.00147514,0,0,1,1,0,1,1,1,0,1,0,0,0,1,0,0
0.00147516,0,0,1,1,0,0,1,1,0,1,0,0,0,1,0,0
0.00147518,0,0,0,0,0,0,1,0,0,1,0,0,0,1,0,0
0.00147522,0,0,1,0,0,0,1,1,0,1,0,0,0,1,0,0
0.00147524,0,0,0,0,0,0,1,0,0,1,0,0,0,1,0,0
0.0014759,1,1,1,1,0,0,1,0,0,1,0,0,0,1,0,0
0.00147592,1,1,1,1,1,1,1,1,0,1,0,0,0,1,0,0
0.00147598,0,0,0,0,0,0,0,1,0,1,0,0,0,1,0,0
0.00147602,1,1,1,1,1,1,1,1,0,1,0,0,0,1,0,0
0.00147604,1,1,1,1,0,1,0,1,0,1,0,0,0,1,0,0
0.00147606,0,0,0,0,0,0,0,1,0,1,0,0,0,1,0,0
0.0014761,1,1,1,1,0,1,0,1,0,1,0,0,0,1,0,0
0.00147612,0,0,1,1,0,1,0,1,0,1,0,0,0,1,0,0
0.00147614,0,0,0,0,0,0,0,1,0,1,0,0,0,1,0,0
0.00147616,0,0,1,0,0,0,0,1,0,1,0,0,0,1,0,0
0.00147618,0,0,1,1,0,1,0,1,0,1,0,0,0,1,0,0
0.0014762,0,0,1,0,0,1,0,1,0,1,0,0,0,1,0,0
0.00147622,0,0,1,0,0,0,0,1,0,1,0,0,0,1,0,0
0.0014763,0,0,0,0,0,0,0,1,0,1,0,0,0,1,0,0
0.00147634,0,0,1,0,0,0,0,1,0,1,0,0,0,1,0,0
0.00147638,0,0,0,0,0,0,0,1,0,1,0,0,0,1,0,0
0.00147642,0,0,1,0,0,0,0,1,0,1,0,0,0,1,0,0
0.00147644,0,0,0,0,0,0,0,1,0,1,0,0,0,1,0,0
0.00147688,0,0,1,1,1,0,1,1,0,1,0,0,0,1,0,0
0.0014769,1,1,1,1,1,1,1,0,0,1,0,0,0,1,0,0
0.00147692,0,0,1,1,1,0,1,0,0,1,0,0,0,1,0,0
0.00147698,0,0,1,1,1,1,1,0,0,1,0,0,0,1,0,0
0.001477,0,0,1,1,1,0,1,0,0,1,0,0,0,1,0,0
0.00147792,1,1,1,1,1,1,1,1,0,1,0,0,0,1,0,0
0.00147798,1,0,0,0,0,1,0,0,0,1,0,0,0,1,0,0
0.00147802,1,1,1,1,1,1,1,1,0,1,0,0,0,1,0,0
0.00147804,1,1,1,1,0,1,0,0,0,1,0,0,0,1,0,0
0.00147806,1,0,0,0,0,1,0,0,0,1,0,0,0,1,0,0
0.0014781,1,1,1,1,0,1,0,0,0,1,0,0,0,1,0,0
0.00147812,1,0,0,0,0,1,0,0,0,1,0,0,0,1,0,0
0.0014783,1,0,1,0,0,1,0,0,0,0,0,0,0,1,0,0
0.00147832,1,0,0,0,0,1,0,0,1,0,0,0,0,1,0,0
0.00147836,1,0,1,0,0,1,0,0,1,0,0,0,0,1,0,0
0.00147838,1,0,0,0,0,1,0,0,0,0,0,0,0,1,0,0
0.0014784,1,0,0,0,0,1,0,0,1,0,0,0,0,1,0,0
0.00147844,1,0,1,0,0,1,0,0,1,0,0,0,0,1,0,0
0.00147846,1,0,0,0,0,1,0,0,1,0,0,0,0,1,0,0
0.00147886,1,0,1,1,1,1,1,1,1,0,0,0,0,1,0,0
0.00147888,1,1,1,1,1,1,1,1,1,0,0,0,0,1,0,0
0.0014789,0,0,0,0,0,0,1,0,1,0,0,0,0,1,0,0
0.00147894,0,1,1,1,0,0,1,0,1,0,0,0,0,1,0,0
0.00147896,0,1,1,1,0,0,1,1,1,0,0,0,0,1,0,0
0.00147898,0,0,0,0,0,0,1,0,1,0,0,0,0,1,0,0
0.00147902,0,0,1,0,0,0,1,0,1,0,0,0,0,1,0,0
0.00147904,0,0,0,0,0,0,1,0,1,0,0,0,0,1,0,0
0.00147982,1,1,1,1,1,1,1,1,1,0,0,0,0,1,0,0
0.00147988,1,1,1,1,0,1,0,1,1,0,0,0,0,1,0,0
0.0014799,0,0,0,0,0,0,0,1,1,0,0,0,0,1,0,0
0.00147994,1,1,1,1,1,1,1,1,1,0,0,0,0,1,0,0
0.00147996,0,0,1,1,0,0,0,1,1,0,0,0,0,1,0,0
0.00147998,0,0,0,0,0,0,0,1,1,0,0,0,0,1,0,0
0.00148002,0,0,1,1,0,0,0,1,1,0,0,0,0,1,0,0
0.00148004,0,0,0,0,0,0,0,1,1,0,0,0,0,1,0,0
0.00148078,1,1,1,0,0,0,0,1,1,0,0,0,0,1,0,0
0.0014808,1,0,1,1,1,1,0,1,1,0,0,0,0,1,0,0
0.00148082,1,1,1,1,1,1,1,1,1,0,0,0,0,1,0,0
0.00148086,0,0,1,1,1,0,1,0,1,0,0,0,0,1,0,0
0.0014809,1,1,1,1,1,1,1,1,1,0,0,0,0,1,0,0
0.00148092,0,0,1,1,1,0,1,0,1,0,0,0,0,1,0,0
0.00148182,0,1,1,1,1,0,1,1,1,0,0,0,0,1,0,0
0.00148184,1,1,0,0,1,1,1,1,1,0,0,0,0,1,0,0
0.00148186,0,1,0,0,1,0,1,1,1,0,0,0,0,1,0,0
0.00148188,1,1,0,0,1,0,1,1,1,0,0,0,0,1,0,0
0.0014819,1,1,0,0,1,1,1,1,1,0,0,0,0,1,0,0
0.00148192,0,1,0,0,1,0,1,1,1,0,0,0,0,1,0,0
0.0014822,0,1,0,0,1,0,1,1,1,0,0,0,0,0,0,0
0.00148222,0,1,0,0,1,0,1,1,0,1,0,0,1,0,1,1
0.00148274,1,1,1,1,1,0,1,1,0,1,0,0,1,0,1,1
0.00148276,1,1,1,1,1,1,1,1,0,1,0,0,1,0,1,1
0.00148282,0,0,1,1,1,0,1,0,0,1,0,0,1,0,1,1
0.00148286,1,1,1,1,1,1,1,1,0,1,0,0,1,0,1,1
0.00148288,0,0,1,1,1,0,1,0,0,1,0,0,1,0,1,1
0.00148372,0,1,1,1,1,0,1,0,0,1,0,0,1,0,1,1
0.00148374,1,1,1,1,1,1,1,1,0,1,0,0,1,0,1,1
0.0014847,0,0,0,0,0,0,0,0,0,1,0,0,1,0,1,1
0.00148474,0,0,0,0,0,1,0,0,0,1,0,0,1,0,1,1
0.00148476,0,0,0,0,0,0,0,0,0,1,0,0,1,0,1,1
0.00148566,1,0,1,0,0,1,0,0,0,1,0,0,1,0,1,1
0.00148568,0,0,0,0,0,0,0,0,0,1,0,0,1,0,1,1
0.0014857,0,0,1,1,1,0,1,0,0,1,0,0,1,0,1,1
0.00148572,1,1,1,1,1,1,1,1,0,1,0,0,1,0,1,1
0.00148578,0,1,0,0,1,1,0,0,0,1,0,0,1,0,1,1
0.00148582,1,1,1,1,1,1,0,0,0,1,0,0,1,0,1,1
0.00148584,1,1,1,0,1,1,0,0,0,1,0,0,1,0,1,1
0.00148586,0,1,0,0,1,1,0,0,0,1,0,0,1,0,1,1
0.00148612,0,1,0,0,1,1,0,0,0,1,0,0,1,0,0,0
0.00148614,0,1,0,0,1,1,0,0,0,1,0,0,1,1,0,0
0.00148666,1,1,1,1,1,1,0,0,0,1,0,0,1,1,0,0
0.00148668,1,1,1,1,1,1,1,1,0,1,0,0,1,1,0,0
0.00148672,0,1,1,1,0,0,0,0,0,1,0,0,1,1,0,0
0.00148676,1,1,1,1,0,1,1,1,0,1,0,0,1,1,0,0
0.00148678,0,1,1,1,0,0,0,0,0,1,0,0,1,1,0,0
0.00148762,1,1,1,1,0,1,0,0,0,1,0,0,1,1,0,0
0.00148764,1,1,1,1,1,1,1,1,0,1,0,0,1,1,0,0
0.00148768,1,1,0,1,0,0,0,0,0,1,0,0,1,1,0,0
0.00148772,1,1,1,1,0,0,0,0,0,1,0,0,1,1,0,0
0.00148774,1,1,1,1,0,1,1,0,0,1,0,0,1,1,0,0
0.00148776,1,1,0,1,0,0,0,0,0,1,0,0,1,1,0,0
0.0014886,1,1,1,1,0,0,0,0,0,1,0,0,1,1,0,0
0.00148862,1,1,1,1,1,1,1,1,0,1,0,0,1,1,0,0
0.00148962,0,0,0,1,1,0,1,0,0,1,0,0,1,1,0,0
0.00148966,1,1,1,1,1,1,1,1,0,1,0,0,1,1,0,0
0.0014897,1,1,1,0,0,1,0,1,0,1,0,0,1,1,0,0
0.00148972,0,1,1,0,0,1,0,1,0,1,0,0,1,1,0,0
0.00148976,1,1,1,0,0,1,0,1,0,1,0,0,1,1,0,0
0.00148978,0,1,1,0,0,1,0,1,0,1,0,0,1,1,0,0
0.00149002,0,1,1,0,0,1,0,1,0,1,0,0,0,1,0,0
0.00149004,0,1,1,0,0,1,0,1,0,1,1,0,0,1,0,1
0.00149056,1,1,1,1,0,1,0,1,0,1,1,0,0,1,0,1
0.00149058,1,1,1,1,1,1,1,1,0,1,1,0,0,1,0,1
0.00149062,0,0,0,0,0,0,1,0,0,1,1,0,0,1,0,1
0.00149066,1,0,0,1,0,1,1,1,0,1,1,0,0,1,0,1
0.00149068,1,1,1,1,0,1,1,1,0,1,1,0,0,1,0,1
0.0014907,0,0,0,0,0,1,1,1,0,1,1,0,0,1,0,1
0.00149072,0,0,0,0,0,0,1,0,0,1,1,0,0,1,0,1
0.00149074,0,0,0,0,0,1,1,1,0,1,1,0,0,1,0,1
0.00149078,0,0,0,0,0,1,1,0,0,1,1,0,0,1,0,1
0.0014908,0,0,0,0,0,0,1,0,0,1,1,0,0,1,0,1
0.00149082,0,0,0,0,0,1,1,0,0,1,1,0,0,1,0,1
0.00149084,0,0,0,0,0,1,1,1,0,1,1,0,0,1,0,1
0.00149086,0,0,0,0,0,1,1,0,0,1,1,0,0,1,0,1
0.00149096,0,0,0,0,0,0,1,0,0,1,1,0,0,1,0,1
0.001491,0,0,0,0,0,1,1,1,0,1,1,0,0,1,0,1
0.00149102,0,0,0,0,0,1,1,0,0,1,1,0,0,1,0,1
0.00149104,0,0,0,0,0,0,1,0,0,1,1,0,0,1,0,1
0.00149106,0,0,0,0,0,1,1,0,0,1,1,0,0,1,0,1
0.0014911,0,0,0,0,0,0,1,0,0,1,1,0,0,1,0,1
0.00149152,1,1,1,1,1,0,1,0,0,1,1,0,0,1,0,1
0.00149154,1,1,1,1,1,1,1,1,0,1,1,0,0,1,0,1
0.0014916,0,0,0,0,0,0,0,1,0,1,1,0,0,1,0,1
0.00149164,1,1,1,1,0,1,0,1,0,1,1,0,0,1,0,1
0.00149166,1,1,1,1,1,1,1,1,0,1,1,0,0,1,0,1
0.00149168,0,0,0,0,0,0,0,1,0,1,1,0,0,1,0,1
0.00149172,1,1,1,1,0,1,0,1,0,1,1,0,0,1,0,1
0.00149176,0,0,1,0,0,1,0,1,0,1,1,0,0,1,0,1
0.00149178,0,0,0,0,0,0,0,1,0,1,1,0,0,1,0,1
0.0014918,0,0,1,0,0,1,0,1,0,1,1,0,0,1,0,1
0.00149186,0,0,0,0,0,1,0,1,0,1,1,0,0,1,0,1
0.00149188,0,0,1,0,0,1,0,1,0,1,1,0,0,1,0,1
0.00149194,0,0,0,0,0,1,0,1,0,1,1,0,0,1,0,1
0.00149196,0,0,0,0,0,0,0,1,0,1,1,0,0,1,0,1
0.00149198,0,0,1,0,0,1,0,1,0,1,1,0,0,1,0,1
0.001492,0,0,0,0,0,0,0,1,0,1,1,0,0,1,0,1
0.0014925,1,0,1,1,0,0,0,1,0,1,1,0,0,1,0,1
0.00149252,1,1,1,1,1,1,1,1,0,1,1,0,0,1,0,1
0.00149258,0,1,1,1,0,1,0,0,0,1,1,0,0,1,0,1
0.00149262,1,1,1,1,1,1,1,1,0,1,1,0,0,1,0,1
0.00149264,0,1,1,1,0,1,0,0,0,1,1,0,0,1,0,1
0.00149348,1,1,1,1,0,1,1,0,0,1,1,0,0,1,0,1
0.0014935,1,1,1,1,1,1,1,1,0,1,1,0,0,1,0,1
0.0014945,1,1,1,1,1,1,1,0,0,1,1,0,0,1,0,1
0.00149452,0,1,1,1,0,1,0,0,0,1,1,0,0,1,0,1
0.00149456,1,1,1,1,0,1,1,1,0,1,1,0,0,1,0,1
0.00149458,0,1,1,1,0,1,0,0,0,1,1,0,0,1,0,1
0.00149554,1,0,1,0,1,1,1,1,0,1,1,0,0,1,0,1
0.00149556,0,0,1,0,1,0,0,0,0,1,1,0,0,1,0,1
0.0014956,1,0,1,0,1,0,1,1,0,1,1,0,0,1,0,1
0.00149562,0,0,1,0,1,0,0,0,0,1,1,0,0,1,0,1
0.00149588,0,0,1,0,1,0,0,0,0,0,1,0,0,0,0,0
0.0014959,0,0,1,0,1,0,0,0,0,0,1,0,1,0,0,0
0.0014964,1,0,1,0,1,0,0,0,0,0,1,0,1,0,0,0
0.00149642,0,1,1,0,1,0,1,1,0,0,1,0,1,0,0,0
0.00149644,1,1,1,1,1,1,1,1,0,0,1,0,1,0,0,0
0.00149746,0,0,0,0,0,0,0,1,0,0,1,0,1,0,0,0
0.0014975,1,0,1,1,0,1,0,1,0,0,1,0,1,0,0,0
0.00149752,1,1,1,1,0,1,0,1,0,0,1,0,1,0,0,0
0.00149754,0,0,0,0,0,0,0,1,0,0,1,0,1,0,0,0
0.00149836,1,1,1,1,0,0,0,1,0,0,1,0,1,0,0,0
0.00149838,1,1,1,1,1,1,1,1,0,0,1,0,1,0,0,0
0.00149842,1,1,1,0,1,0,1,0,0,0,1,0,1,0,0,0
0.00149844,1,1,0,0,1,0,0,0,0,0,1,0,1,0,0,0
0.00149846,1,1,1,1,1,1,0,0,0,0,1,0,1,0,0,0
0.00149848,1,1,1,1,1,1,1,0,0,0,1,0,1,0,0,0
0.0014985,1,1,0,0,1,0,0,0,0,0,1,0,1,0,0,0
0.00149854,1,1,1,1,1,0,0,0,0,0,1,0,1,0,0,0
0.00149856,1,1,1,0,1,0,0,0,0,0,1,0,1,0,0,0
0.00149858,1,1,0,0,1,0,0,0,0,0,1,0,1,0,0,0
0.0014988,1,1,0,0,1,0,0,0,0,0,0,0,1,0,0,0
0.00149882,1,1,0,0,1,0,0,0,1,1,0,0,1,0,0,0
0.00149888,1,1,0,0,1,0,0,0,0,1,0,0,1,0,0,0
0.0014989,1,1,0,0,1,0,0,0,1,1,0,0,1,0,0,0
0.00149936,1,1,1,1,1,1,1,1,1,1,0,0,1,0,0,0
0.00149942,1,0,0,0,1,1,1,0,1,1,0,0,1,0,0,0
0.00149946,1,1,1,1,1,1,1,1,1,1,0,0,1,0,0,0
0.00149948,1,0,0,0,1,1,1,0,1,1,0,0,1,0,0,0
0.00150032,1,1,1,1,1,1,1,0,1,1,0,0,1,0,0,0
0.00150034,1,1,0,0,1,1,1,0,1,1,0,0,1,0,0,0
0.00150036,1,1,1,1,1,1,1,1,1,1,0,0,1,0,0,0
0.00150038,0,1,0,0,1,0,0,0,1,1,0,0,1,0,0,0
0.00150042,0,1,1,1,1,0,0,0,1,1,0,0,1,0,0,0
0.00150044,0,1,1,0,1,0,0,0,1,1,0,0,1,0,0,0
0.00150046,0,1,0,0,1,0,0,0,1,1,0,0,1,0,0,0
0.00150076,0,1,0,0,1,0,0,0,0,1,0,0,1,0,0,0
0.00150132,1,1,1,1,1,1,1,1,0,1,0,0,1,0,0,0
0.00150136,1,1,1,1,1,1,1,0,0,1,0,0,1,0,0,0
0.00150138,1,1,0,0,1,1,0,0,0,1,0,0,1,0,0,0
0.00150142,1,1,1,1,1,1,1,0,0,1,0,0,1,0,0,0
0.00150144,1,1,0,0,1,1,0,0,0,1,0,0,1,0,0,0
0.00150226,1,1,1,1,1,1,0,0,0,1,0,0,1,0,0,0
0.00150228,1,1,0,0,1,1,1,1,0,1,0,0,1,0,0,0
0.0015023,1,1,1,1,1,1,1,1,0,1,0,0,1,0,0,0
0.00150234,1,0,0,0,1,0,0,0,0,1,0,0,1,0,0,0
0.00150238,1,1,1,1,1,1,1,1,0,1,0,0,1,0,0,0
0.0015024,1,1,1,1,1,0,1,0,0,1,0,0,1,0,0,0
0.00150242,1,0,0,0,1,0,0,0,0,1,0,0,1,0,0,0
0.00150246,1,1,1,1,1,0,0,0,0,1,0,0,1,0,0,0
0.00150248,1,0,1,0,1,0,0,0,0,1,0,0,1,0,0,0
0.0015025,1,0,0,0,1,0,0,0,0,1,0,0,1,0,0,0
0.00150254,1,0,1,0,1,0,0,0,0,1,0,0,1,0,0,0
0.00150258,1,0,0,0,1,0,0,0,0,1,0,0,1,0,0,0
0.00150272,1,0,0,0,1,0,0,0,1,0,0,0,1,0,0,0
0.00150278,1,0,0,0,1,0,0,0,0,0,0,0,0,0,0,0
0.0015028,1,0,0,0,1,0,0,0,1,0,0,0,1,0,0,0
0.00150324,1,1,1,1,1,0,0,0,1,0,0,0,1,0,0,0
0.00150326,1,1,1,1,1,1,1,0,1,0,0,0,1,0,0,0
0.00150328,1,1,1,1,1,1,1,1,1,0,0,0,1,0,0,0
0.00150332,0,0,1,1,1,0,1,0,1,0,0,0,1,0,0,0
0.00150336,1,1,1,1,1,1,1,1,1,0,0,0,1,0,0,0
0.00150338,0,0,1,1,1,0,1,0,1,0,0,0,1,0,0,0
0.00150422,1,1,1,1,1,0,1,0,1,0,0,0,1,0,0,0
0.00150424,1,1,1,1,1,1,1,1,1,0,0,0,1,0,0,0
0.00150428,1,1,0,0,0,1,0,1,1,0,0,0,1,0,0,0
0.0015043,1,1,0,0,0,1,0,0,1,0,0,0,1,0,0,0
0.00150432,1,1,1,1,0,1,0,1,1,0,0,0,1,0,0,0
0.00150434,1,1,1,1,0,1,1,1,1,0,0,0,1,0,0,0
0.00150436,1,1,0,0,0,1,0,0,1,0,0,0,1,0,0,0
0.0015044,1,1,1,0,0,1,0,0,1,0,0,0,1,0,0,0
0.00150442,1,1,0,0,0,1,0,0,1,0,0,0,1,0,0,0
0.00150466,1,1,0,0,0,1,0,0,1,1,0,0,0,0,0,0
0.00150468,1,1,0,0,0,1,0,0,1,1,0,0,0,1,0,0
0.00150522,1,1,1,1,1,1,1,1,1,1,0,0,0,1,0,0
0.00150526,0,0,1,1,1,1,1,1,1,1,0,0,0,1,0,0
0.00150528,0,0,0,0,0,0,1,0,1,1,0,0,0,1,0,0
0.0015053,0,0,1,1,0,0,1,0,1,1,0,0,0,1,0,0
0.00150532,1,1,1,1,1,1,1,1,1,1,0,0,0,1,0,0
0.00150534,0,0,1,1,0,1,1,1,1,1,0,0,0,1,0,0
0.00150536,0,0,1,0,0,0,1,0,1,1,0,0,0,1,0,0
0.00150538,0,0,1,1,0,0,1,0,1,1,0,0,0,1,0,0
0.0015054,0,0,1,1,0,1,1,1,1,1,0,0,0,1,0,0
0.00150542,0,0,1,1,0,0,1,0,1,1,0,0,0,1,0,0
0.00150594,0,0,1,0,0,0,1,0,1,1,0,0,0,1,0,0
0.00150608,0,0,1,1,0,0,1,0,1,1,0,0,0,1,0,0
0.0015061,0,0,1,0,0,0,1,0,1,1,0,0,0,1,0,0
0.00150612,0,0,0,0,0,0,1,0,1,1,0,0,0,1,0,0
0.00150614,0,0,1,0,0,0,1,0,1,1,0,0,0,1,0,0
0.00150618,1,1,1,1,1,1,1,1,1,1,0,0,0,1,0,0
0.00150624,0,0,0,0,0,0,0,1,1,1,0,0,0,1,0,0
0.00150628,1,1,1,1,1,1,0,1,1,1,0,0,0,1,0,0
0.0015063,1,1,1,1,0,1,0,1,1,1,0,0,0,1,0,0
0.00150632,0,0,1,0,0,0,0,1,1,1,0,0,0,1,0,0
0.00150634,0,0,0,0,0,0,0,1,1,1,0,0,0,1,0,0
0.00150636,1,1,1,1,0,1,0,1,1,1,0,0,0,1,0,0
0.0015064,0,0,1,1,0,0,0,1,1,1,0,0,0,1,0,0
0.00150644,0,0,1,1,0,1,0,1,1,1,0,0,0,1,0,0
0.00150648,0,0,1,1,0,0,0,1,1,1,0,0,0,1,0,0
0.00150674,0,0,1,0,0,0,0,1,1,1,0,0,0,1,0,0
0.00150676,0,0,1,1,0,0,0,1,1,1,0,0,0,1,0,0
0.00150678,0,0,1,0,0,0,0,1,1,1,0,0,0,1,0,0
0.00150684,0,0,1,1,0,0,0,1,1,1,0,0,0,1,0,0
0.00150686,0,0,1,0,0,0,0,1,1,1,0,0,0,1,0,0
0.00150702,0,0,0,0,0,0,0,1,1,1,0,0,0,1,0,0
0.00150704,0,0,1,0,0,0,0,1,1,1,0,0,0,1,0,0
0.0015071,0,0,0,0,0,0,0,1,1,1,0,0,0,1,0,0
0.00150714,1,1,0,1,0,0,0,1,1,1,0,0,0,1,0,0
0.00150716,1,0,1,1,1,1,1,1,1,1,0,0,0,1,0,0
0.00150718,1,1,1,1,1,1,1,1,1,1,0,0,0,1,0,0
0.00150722,0,1,1,1,0,1,0,1,1,1,0,0,0,1,0,0
0.00150724,0,1,1,1,0,1,0,0,1,1,0,0,0,1,0,0
0.00150726,1,1,1,1,0,1,0,0,1,1,0,0,0,1,0,0
0.00150728,0,1,1,1,0,1,0,0,1,1,0,0,0,1,0,0
0.00150812,0,1,1,1,1,1,1,0,1,1,0,0,0,1,0,0
0.00150814,0,1,1,1,0,1,0,0,1,1,0,0,0,1,0,0
0.00150818,1,1,1,1,1,1,0,1,1,1,0,0,0,1,0,0
0.0015082,1,1,1,1,1,1,1,1,1,1,0,0,0,1,0,0
0.00150822,1,1,0,1,1,1,0,1,1,1,0,0,0,1,0,0
0.00150824,1,0,0,0,0,0,0,1,1,1,0,0,0,1,0,0
0.00150858,1,0,0,0,0,0,0,1,1,0,0,0,0,0,0,1
0.0015091,1,1,1,1,0,1,0,1,1,0,0,0,0,0,0,1
0.00150912,1,1,1,1,1,1,1,1,1,0,0,0,0,0,0,1
0.00150914,0,1,1,1,0,1,0,0,1,0,0,0,0,0,0,1
0.00151014,1,1,1,1,1,1,1,1,1,0,0,0,0,0,0,1
0.00151018,1,1,1,0,1,1,1,1,1,0,0,0,0,0,0,1
0.0015102,0,1,0,0,1,0,1,1,1,0,0,0,0,0,0,1
0.00151024,1,1,1,1,1,1,1,1,1,0,0,0,0,0,0,1
0.00151026,0,1,0,0,1,0,1,1,1,0,0,0,0,0,0,1
0.00151052,0,1,0,0,1,0,1,1,0,0,0,0,1,0,1,0
0.00151054,0,1,0,0,1,0,1,1,0,1,0,0,1,0,1,1
0.00151104,0,1,1,1,1,0,1,1,0,1,0,0,1,0,1,1
0.00151106,1,1,1,1,1,1,1,1,0,1,0,0,1,0,1,1
0.00151112,1,1,1,1,0,1,0,0,0,1,0,0,1,0,1,1
0.00151114,0,1,1,1,0,1,0,0,0,1,0,0,1,0,1,1
0.00151118,1,1,1,1,0,1,0,0,0,1,0,0,1,0,1,1
0.0015112,0,1,1,1,0,1,0,0,0,1,0,0,1,0,1,1
0.00151204,1,1,1,1,0,1,1,0,0,1,0,0,1,0,1,1
0.00151206,1,1,1,1,1,1,1,1,0,1,0,0,1,0,1,1
0.00151302,0,0,0,0,0,0,0,0,0,1,0,0,1,0,1,1
0.00151304,1,1,1,0,0,0,0,0,0,1,0,0,1,0,1,1
0.00151306,0,0,0,0,0,0,0,0,0,1,0,0,1,0,1,1
0.00151396,0,0,1,0,0,0,0,0,0,1,0,0,1,0,1,1
0.001514,0,0,0,0,0,0,0,0,0,1,0,0,1,0,1,1
0.00151402,0,1,1,1,0,1,0,0,0,1,0,0,1,0,1,1
0.00151404,1,1,1,1,1,1,1,1,0,1,0,0,1,0,1,1
0.0015141,0,1,0,0,1,1,0,0,0,1,0,0,1,0,1,1
0.00151414,1,1,1,1,1,1,1,1,0,1,0,0,1,0,1,1
0.00151416,0,1,1,0,1,1,0,0,0,1,0,0,1,0,1,1
0.00151418,0,1,0,0,1,1,0,0,0,1,0,0,1,0,1,1
0.00151422,0,1,1,0,1,1,0,0,0,1,0,0,1,0,1,1
0.00151424,0,1,0,0,1,1,0,0,0,1,0,0,1,0,1,1
0.00151444,0,1,0,0,1,1,0,0,0,1,0,0,1,1,0,0
0.00151496,1,1,1,1,1,1,0,0,0,1,0,0,1,1,0,0
0.00151498,1,1,1,1,1,1,1,1,0,1,0,0,1,1,0,0
0.00151504,1,0,0,0,1,0,0,0,0,1,0,0,1,1,0,0
0.00151508,1,1,1,1,1,1,1,1,0,1,0,0,1,1,0,0
0.0015151,1,1,1,1,1,0,0,0,0,1,0,0,1,1,0,0
0.00151512,1,0,0,0,1,0,0,0,0,1,0,0,1,1,0,0
0.00151516,1,0,1,1,1,0,0,0,0,1,0,0,1,1,0,0
0.00151518,1,0,1,0,1,0,0,0,0,1,0,0,1,1,0,0
0.0015152,1,0,0,0,1,0,0,0,0,1,0,0,1,1,0,0
0.00151522,1,0,1,0,1,0,0,0,0,1,0,0,1,1,0,0
0.00151528,1,0,0,0,1,0,0,0,0,1,0,0,1,1,0,0
0.0015153,1,0,1,0,1,0,0,0,0,1,0,0,1,1,0,0
0.00151536,1,0,0,0,1,0,0,0,0,1,0,0,1,1,0,0
0.00151538,1,0,1,0,1,0,0,0,0,1,0,0,1,1,0,0
0.00151542,1,0,0,0,1,0,0,0,0,1,0,0,1,1,0,0
0.00151594,1,1,1,1,1,0,0,0,0,1,0,0,1,1,0,0
0.00151596,1,1,1,1,1,1,1,1,0,1,0,0,1,1,0,0
0.00151598,1,1,1,1,1,0,1,0,0,1,0,0,1,1,0,0
0.001516,1,1,0,1,0,0,0,0,0,1,0,0,1,1,0,0
0.00151604,1,1,1,1,0,1,1,1,0,1,0,0,1,1,0,0
0.00151606,1,1,0,1,0,0,0,0,0,1,0,0,1,1,0,0
0.00151692,1,1,1,1,1,1,1,0,0,1,0,0,1,1,0,0
0.00151694,1,1,1,1,1,1,1,1,0,1,0,0,1,1,0,0
0.00151794,0,0,0,1,1,0,1,0,0,1,0,0,1,1,0,0
0.00151796,1,1,1,1,1,1,1,1,0,1,0,0,1,1,0,0
0.001518,0,1,1,1,1,1,1,1,0,1,0,0,1,1,0,0
0.00151802,1,1,1,0,0,1,0,1,0,1,0,0,1,1,0,0
0.00151804,0,1,1,0,0,1,0,1,0,1,0,0,1,1,0,0
0.00151834,0,1,1,0,0,1,0,1,0,1,1,0,0,1,0,1
0.00151888,1,1,1,1,1,1,0,1,0,1,1,0,0,1,0,1
0.0015189,1,1,1,1,1,1,1,1,0,1,1,0,0,1,0,1
0.00151894,0,0,0,0,0,0,1,0,0,1,1,0,0,1,0,1
0.00151898,0,0,0,0,0,1,1,1,0,1,1,0,0,1,0,1
0.001519,0,1,1,1,0,1,1,1,0,1,1,0,0,1,0,1
0.00151902,0,0,0,0,0,0,1,0,0,1,1,0,0,1,0,1
0.00151906,0,0,0,0,0,1,1,1,0,1,1,0,0,1,0,1
0.0015191,0,0,0,0,0,0,1,1,0,1,1,0,0,1,0,1
0.00151912,0,0,0,0,0,0,1,0,0,1,1,0,0,1,0,1
0.00151914,0,0,0,0,0,1,1,1,0,1,1,0,0,1,0,1
0.00151918,0,0,0,0,0,0,1,0,0,1,1,0,0,1,0,1
0.0015192,0,0,0,0,0,1,1,1,0,1,1,0,0,1,0,1
0.00151926,0,0,0,0,0,0,1,0,0,1,1,0,0,1,0,1
0.00151928,0,0,0,0,0,1,1,1,0,1,1,0,0,1,0,1
0.0015193,0,0,0,0,0,0,1,0,0,1,1,0,0,1,0,1
0.00151932,0,0,0,0,0,1,1,1,0,1,1,0,0,1,0,1
0.00151934,0,0,0,0,0,0,1,0,0,1,1,0,0,1,0,1
0.00151984,1,1,1,1,1,1,1,0,0,1,1,0,0,1,0,1
0.00151986,1,1,1,1,1,1,1,1,0,1,1,0,0,1,0,1
0.00151992,0,0,0,0,0,0,0,1,0,1,1,0,0,1,0,1
0.00151996,1,1,1,1,1,1,0,1,0,1,1,0,0,1,0,1
0.00151998,1,1,1,1,0,1,0,1,0,1,1,0,0,1,0,1
0.00152,0,0,0,0,0,0,0,1,0,1,1,0,0,1,0,1
0.00152004,0,1,1,1,0,1,0,1,0,1,1,0,0,1,0,1
0.00152006,0,0,1,0,0,1,0,1,0,1,1,0,0,1,0,1
0.00152008,0,0,0,0,0,0,0,1,0,1,1,0,0,1,0,1
0.00152012,0,0,0,0,0,1,0,1,0,1,1,0,0,1,0,1
0.00152014,0,0,0,0,0,0,0,1,0,1,1,0,0,1,0,1
0.00152026,0,0,0,0,0,1,0,1,0,1,1,0,0,1,0,1
0.00152028,0,0,0,0,0,0,0,1,0,1,1,0,0,1,0,1
0.00152082,0,0,1,1,0,1,0,1,0,1,1,0,0,1,0,1
0.00152084,1,1,1,1,1,1,1,1,0,1,1,0,0,1,0,1
0.00152088,0,1,1,1,0,1,0,0,0,1,1,0,0,1,0,1
0.00152092,1,1,1,1,0,1,1,1,0,1,1,0,0,1,0,1
0.00152094,0,1,1,1,0,1,0,0,0,1,1,0,0,1,0,1
0.0015218,1,1,1,1,0,1,1,1,0,1,1,0,0,1,0,1
0.00152182,1,1,1,1,1,1,1,1,0,1,1,0,0,1,0,1
0.00152282,0,1,1,1,0,1,0,0,0,1,1,0,0,1,0,1
0.00152286,1,1,1,1,0,1,1,1,0,1,1,0,0,1,0,1
0.00152288,0,1,1,1,0,1,0,0,0,1,1,0,0,1,0,1
0.00152386,0,0,1,0,1,0,0,1,0,1,1,0,0,1,0,1
0.00152388,0,0,1,0,1,0,0,0,0,1,1,0,0,1,0,1
0.0015242,0,0,1,0,1,0,0,0,0,0,1,0,1,0,0,0
0.00152472,1,0,1,0,1,0,0,0,0,0,1,0,1,0,0,0
0.00152474,1,1,1,1,1,1,1,1,0,0,1,0,1,0,0,0
0.00152578,0,0,0,0,0,0,0,1,0,0,1,0,1,0,0,0
0.00152582,1,0,1,1,0,1,0,1,0,0,1,0,1,0,0,0
0.00152586,0,0,0,0,0,0,0,1,0,0,1,0,1,0,0,0
0.00152668,1,1,1,0,0,0,0,1,0,0,1,0,1,0,0,0
0.0015267,1,1,1,1,1,1,1,1,0,0,1,0,1,0,0,0
0.00152674,1,1,0,0,1,0,0,0,0,0,1,0,1,0,0,0
0.00152678,1,1,1,1,1,1,1,0,0,0,1,0,1,0,0,0
0.0015268,1,1,1,0,1,1,0,0,0,0,1,0,1,0,0,0
0.00152682,1,1,0,0,1,0,0,0,0,0,1,0,1,0,0,0
0.00152686,1,1,1,0,1,1,0,0,0,0,1,0,1,0,0,0
0.00152688,1,1,0,0,1,0,0,0,0,0,1,0,1,0,0,0
0.00152712,1,1,0,0,1,0,0,0,0,1,0,0,1,0,0,0
0.00152714,1,1,0,0,1,0,0,0,1,1,0,0,1,0,0,0
0.00152768,1,1,1,1,1,1,1,1,1,1,0,0,1,0,0,0
0.00152772,1,0,0,0,1,1,1,0,1,1,0,0,1,0,0,0
0.00152776,1,1,1,1,1,1,1,1,1,1,0,0,1,0,0,0
0.00152778,1,0,1,1,1,1,1,0,1,1,0,0,1,0,0,0
0.0015278,1,0,0,0,1,1,1,0,1,1,0,0,1,0,0,0
0.00152784,1,0,1,0,1,1,1,0,1,1,0,0,1,0,0,0
0.00152786,1,0,0,0,1,1,1,0,1,1,0,0,1,0,0,0
0.00152862,1,1,1,1,1,1,1,0,1,1,0,0,1,0,0,0
0.00152864,1,1,1,1,1,1,1,1,1,1,0,0,1,0,0,0
0.0015287,0,1,0,0,1,0,0,0,1,1,0,0,1,0,0,0
0.00152874,1,1,1,1,1,1,1,1,1,1,0,0,1,0,0,0
0.00152876,1,1,1,1,1,0,0,0,1,1,0,0,1,0,0,0
0.00152878,0,1,0,0,1,0,0,0,1,1,0,0,1,0,0,0
0.00152882,0,1,1,1,1,0,0,0,1,1,0,0,1,0,0,0
0.00152884,0,1,1,0,1,0,0,0,1,1,0,0,1,0,0,0
0.00152886,0,1,0,0,1,0,0,0,1,1,0,0,1,0,0,0
0.0015289,0,1,1,0,1,0,0,0,1,1,0,0,1,0,0,0
0.00152892,0,1,0,0,1,0,0,0,1,1,0,0,1,0,0,0
0.00152908,0,1,0,0,1,0,0,0,0,1,0,0,1,0,0,0
0.00152914,0,1,0,0,1,0,0,0,0,0,0,0,1,0,0,0
0.00152916,0,1,0,0,1,0,0,0,0,1,0,0,1,0,0,0
0.0015296,1,1,1,1,1,0,0,0,0,1,0,0,1,0,0,0
0.00152962,1,1,1,1,1,1,1,0,0,1,0,0,1,0,0,0
0.00152964,1,1,1,1,1,1,1,1,0,1,0,0,1,0,0,0
0.00152968,1,1,0,0,1,1,0,0,0,1,0,0,1,0,0,0
0.00152972,1,1,1,1,1,1,1,1,0,1,0,0,1,0,0,0
0.00152974,1,1,0,0,1,1,0,0,0,1,0,0,1,0,0,0
0.00153058,1,1,0,0,1,1,1,0,0,1,0,0,1,0,0,0
0.0015306,1,1,1,1,1,1,1,1,0,1,0,0,1,0,0,0
0.00153064,1,0,0,0,1,0,0,0,0,1,0,0,1,0,0,0
0.00153068,1,1,1,1,1,1,1,1,0,1,0,0,1,0,0,0
0.00153072,1,0,0,0,1,0,0,0,0,1,0,0,1,0,0,0
0.00153076,1,0,1,1,1,0,0,0,0,1,0,0,1,0,0,0
0.0015308,1,0,0,0,1,0,0,0,0,1,0,0,1,0,0,0
0.00153102,1,0,0,0,1,0,0,0,0,0,0,0,1,0,0,0
0.00153104,1,0,0,0,1,0,0,0,1,0,0,0,1,0,0,0
0.0015311,1,0,0,0,1,0,0,0,0,0,0,0,0,0,0,0
0.00153112,1,0,0,0,1,0,0,0,1,0,0,0,1,0,0,0
0.00153154,1,1,1,1,1,0,0,0,1,0,0,0,1,0,0,0
0.00153156,1,1,1,1,1,1,0,1,1,0,0,0,1,0,0,0
0.00153158,1,1,1,1,1,1,1,1,1,0,0,0,1,0,0,0
0.00153162,0,1,1,1,1,1,1,1,1,0,0,0,1,0,0,0
0.00153164,0,0,1,1,1,0,1,0,1,0,0,0,1,0,0,0
0.00153166,0,1,1,1,1,1,1,0,1,0,0,0,1,0,0,0
0.00153168,0,1,1,1,1,1,1,1,1,0,0,0,1,0,0,0
0.0015317,0,0,1,1,1,0,1,0,1,0,0,0,1,0,0,0
0.00153174,0,0,1,1,1,1,1,0,1,0,0,0,1,0,0,0
0.00153176,0,0,1,1,1,0,1,0,1,0,0,0,1,0,0,0
0.00153254,0,1,1,1,1,1,1,0,1,0,0,0,1,0,0,0
0.00153256,0,1,1,1,1,1,1,1,1,0,0,0,1,0,0,0
0.00153258,1,1,1,1,1,1,1,1,1,0,0,0,1,0,0,0
0.0015326,0,0,1,0,0,1,0,0,1,0,0,0,1,0,0,0
0.00153264,1,1,1,1,0,1,0,1,1,0,0,0,1,0,0,0
0.00153266,1,1,1,1,0,1,1,1,1,0,0,0,1,0,0,0
0.00153268,0,0,1,0,0,1,0,0,1,0,0,0,1,0,0,0
0.00153272,0,1,1,0,0,1,0,0,1,0,0,0,1,0,0,0
0.00153276,0,0,1,0,0,1,0,0,1,0,0,0,1,0,0,0
0.00153298,0,0,1,0,0,1,0,0,0,0,1,0,0,0,0,0
0.001533,0,0,1,0,0,1,0,0,0,0,1,0,0,1,0,0
0.00153306,0,0,1,1,1,1,0,0,0,0,1,0,0,1,0,0
0.00153308,1,0,1,1,1,1,1,1,0,0,1,1,1,1,1,0
0.0015331,1,1,1,0,0,1,0,0,0,0,1,0,0,1,0,0
0.00153312,0,0,1,0,0,1,0,0,0,0,1,0,0,1,0,0
0.00153314,1,1,1,1,0,1,0,0,0,0,1,0,0,1,0,0
0.00153316,1,1,1,1,0,1,1,1,0,0,1,0,0,1,0,0
0.00153318,0,0,1,0,0,1,0,0,0,0,1,0,0,1,0,0
0.0015335,0,1,1,0,0,1,0,0,0,0,1,0,0,1,0,0
0.00153352,1,1,1,1,0,1,1,1,0,0,1,0,0,1,0,0
0.00153354,1,1,1,1,1,1,1,1,0,0,1,0,0,1,0,0
0.00153358,0,0,0,0,0,0,1,0,0,0,1,0,0,1,0,0
0.00153362,1,1,1,1,0,1,1,1,0,0,1,0,0,1,0,0
0.00153364,1,1,1,1,1,1,1,1,0,0,1,0,0,1,0,0
0.00153366,1,1,0,1,0,1,1,1,0,0,1,0,0,1,0,0
0.00153368,0,0,0,0,0,0,1,0,0,0,1,0,0,1,0,0
0.0015337,1,1,0,1,0,0,1,1,0,0,1,0,0,1,0,0
0.00153372,1,1,0,1,0,1,1,1,0,0,1,0,0,1,0,0
0.00153374,0,1,0,1,0,0,1,0,0,0,1,0,0,1,0,0
0.00153376,0,0,0,1,0,0,1,0,0,0,1,0,0,1,0,0
0.0015338,0,1,0,1,0,0,1,0,0,0,1,0,0,1,0,0
0.00153382,0,0,0,1,0,0,1,0,0,0,1,0,0,1,0,0
0.001534,0,0,0,0,0,0,1,0,0,0,1,0,0,1,0,0
0.00153402,0,0,0,1,0,0,1,0,0,0,1,0,0,1,0,0
0.00153408,0,0,0,0,0,0,1,0,0,0,1,0,0,1,0,0
0.00153448,0,1,1,1,0,0,1,0,0,0,1,0,0,1,0,0
0.0015345,1,1,1,1,1,1,1,1,0,0,1,0,0,1,0,0
0.00153456,0,0,0,0,0,0,0,1,0,0,1,0,0,1,0,0
0.00153458,0,1,1,1,0,1,0,1,0,0,1,0,0,1,0,0
0.0015346,1,1,1,1,1,1,1,1,0,0,1,0,0,1,0,0
0.00153462,1,1,1,1,0,1,1,1,0,0,1,0,0,1,0,0
0.00153464,0,0,0,0,0,0,0,1,0,0,1,0,0,1,0,0
0.00153466,0,0,0,1,0,1,0,1,0,0,1,0,0,1,0,0
0.00153468,1,1,1,1,0,1,0,1,0,0,1,0,0,1,0,0
0.0015347,0,0,1,1,0,1,0,1,0,0,1,0,0,1,0,0
0.00153472,0,0,0,0,0,1,0,1,0,0,1,0,0,1,0,0
0.00153474,0,0,0,1,0,1,0,1,0,0,1,0,0,1,0,0
0.00153476,0,0,1,1,0,1,0,1,0,0,1,0,0,1,0,0
0.0015348,0,0,0,0,0,1,0,1,0,0,1,0,0,1,0,0
0.00153484,0,0,0,1,0,1,0,1,0,0,1,0,0,1,0,0
0.00153486,0,0,0,0,0,1,0,1,0,0,1,0,0,1,0,0
0.00153514,0,0,0,0,0,0,0,1,0,0,1,0,0,1,0,0
0.00153548,1,1,1,1,1,1,0,1,0,0,1,0,0,1,0,0
0.0015355,1,1,1,1,1,1,1,1,0,0,1,0,0,1,0,0
0.00153554,0,1,1,1,0,1,0,0,0,0,1,0,0,1,0,0
0.00153558,1,1,1,1,1,1,1,1,0,0,1,0,0,1,0,0
0.0015356,0,1,1,1,0,1,0,0,0,0,1,0,0,1,0,0
0.00153642,0,1,1,1,0,1,1,0,0,0,1,0,0,1,0,0
0.00153644,1,1,1,1,0,1,1,1,0,0,1,0,0,1,0,0
0.00153646,0,1,1,1,0,1,0,0,0,0,1,0,0,1,0,0
0.0015365,1,1,1,1,1,1,1,1,0,0,1,0,0,1,0,0
0.00153656,0,1,0,0,0,0,0,1,0,0,1,0,0,1,0,0
0.0015366,1,1,1,1,1,1,1,1,0,0,1,0,0,1,0,0
0.00153662,1,1,1,1,0,1,1,1,0,0,1,0,0,1,0,0
0.00153664,0,1,0,0,0,0,0,1,0,0,1,0,0,1,0,0
0.00153668,1,1,1,1,0,1,1,1,0,0,1,0,0,1,0,0
0.0015367,1,1,1,0,0,0,1,1,0,0,1,0,0,1,0,0
0.00153672,0,1,0,0,0,0,0,1,0,0,1,0,0,1,0,0
0.00153674,1,1,1,0,0,0,0,1,0,0,1,0,0,1,0,0
0.00153676,1,1,1,0,0,0,1,1,0,0,1,0,0,1,0,0
0.00153678,1,1,1,0,0,0,0,1,0,0,1,0,0,1,0,0
0.00153684,0,1,1,0,0,0,0,1,0,0,1,0,0,1,0,0
0.00153686,1,1,1,0,0,0,0,1,0,0,1,0,0,1,0,0
0.00153688,1,1,1,1,0,0,1,1,0,0,0,0,0,0,0,0
0.0015369,0,1,1,0,0,0,0,1,0,1,0,0,0,0,0,1
0.00153694,1,1,1,1,0,0,1,1,0,1,0,0,0,0,0,1
0.00153696,0,1,1,0,0,0,0,1,0,1,0,0,0,0,0,1
0.00153698,0,1,0,0,0,0,0,1,0,1,0,0,0,0,0,1
0.001537,0,1,1,0,0,0,0,1,0,1,0,0,0,0,0,1
0.00153702,1,1,1,1,0,0,1,1,0,1,0,0,0,0,0,1
0.00153704,0,1,1,0,0,0,0,1,0,1,0,0,0,0,0,1
0.00153742,0,1,1,1,0,1,0,1,0,1,0,0,0,0,0,1
0.00153744,1,1,1,1,1,1,0,0,0,1,0,0,0,0,0,1
0.00153746,0,1,1,1,0,1,0,0,0,1,0,0,0,0,0,1
0.0015375,1,1,1,1,0,1,1,0,0,1,0,0,0,0,0,1
0.00153752,0,1,1,1,0,1,0,0,0,1,0,0,0,0,0,1
0.00153844,0,1,1,1,0,1,1,0,0,1,0,0,0,0,0,1
0.00153846,1,1,1,1,1,1,1,1,0,1,0,0,0,0,0,1
0.0015385,0,1,0,0,1,0,1,1,0,1,0,0,0,0,0,1
0.00153854,1,1,1,0,1,1,1,1,0,1,0,0,0,0,0,1
0.00153856,1,1,1,1,1,1,1,1,0,1,0,0,0,0,0,1
0.00153858,0,1,0,0,1,0,1,1,0,1,0,0,0,0,0,1
0.00153884,0,1,0,0,1,0,1,1,0,1,0,0,1,0,1,1
0.00153938,0,1,1,1,1,1,1,1,0,1,0,0,1,0,1,1
0.0015394,1,1,1,1,1,1,1,1,0,1,0,0,1,0,1,1
0.00153944,0,1,1,1,0,1,0,0,0,1,0,0,1,0,1,1
0.00153948,1,1,1,1,0,1,0,0,0,1,0,0,1,0,1,1
0.0015395,0,1,1,1,0,1,0,0,0,1,0,0,1,0,1,1
0.00154036,1,1,1,1,0,1,1,0,0,1,0,0,1,0,1,1
0.00154038,1,1,1,1,1,1,1,1,0,1,0,0,1,0,1,1
0.00154132,0,0,0,0,0,0,0,0,0,1,0,0,1,0,1,1
0.00154136,1,0,1,0,0,0,0,0,0,1,0,0,1,0,1,1
0.00154138,0,0,0,0,0,0,0,0,0,1,0,0,1,0,1,1
0.00154228,1,1,1,0,0,0,0,0,0,1,0,0,1,0,1,1
0.0015423,0,0,0,0,0,0,0,0,0,1,0,0,1,0,1,1
0.00154232,0,1,1,1,0,1,0,0,0,1,0,0,1,0,1,1
0.00154234,1,1,1,1,0,1,0,0,0,1,0,0,1,0,1,1
0.00154236,1,1,1,1,1,1,1,1,0,1,0,0,1,0,1,1
0.00154238,0,1,1,1,1,1,0,0,0,1,0,0,1,0,1,1
0.0015424,1,1,0,0,1,1,1,1,0,1,0,0,1,0,1,1
0.00154242,0,1,0,0,1,1,0,0,0,1,0,0,1,0,1,1
0.00154246,1,1,1,0,1,1,0,0,0,1,0,0,1,0,1,1
0.00154248,0,1,0,0,1,1,0,0,0,1,0,0,1,0,1,1
0.00154274,0,1,0,0,1,1,0,0,0,1,0,0,1,0,0,0
0.00154276,0,1,0,0,1,1,0,0,0,1,0,0,1,1,0,0
0.0015433,1,1,1,1,1,1,1,1,0,1,0,0,1,1,0,0
0.00154336,0,0,1,0,1,0,0,0,0,1,0,0,1,1,0,0
0.0015434,1,1,1,1,1,0,0,1,0,1,0,0,1,1,0,0
0.00154342,0,0,1,0,1,0,0,1,0,1,0,0,1,1,0,0
0.00154344,0,0,1,0,1,0,0,0,0,1,0,0,1,1,0,0
0.00154424,1,1,1,1,1,0,0,0,0,1,0,0,1,1,0,0
0.00154426,1,1,1,1,1,1,1,1,0,1,0,0,1,1,0,0
0.00154432,1,1,0,1,0,0,0,0,0,1,0,0,1,1,0,0
0.00154436,1,1,1,1,0,1,1,1,0,1,0,0,1,1,0,0
0.00154438,1,1,0,1,0,0,0,0,0,1,0,0,1,1,0,0
0.00154524,1,1,1,1,0,1,1,1,0,1,0,0,1,1,0,0
0.00154526,1,1,1,1,1,1,1,1,0,1,0,0,1,1,0,0
0.00154624,0,0,1,1,1,1,1,1,0,1,0,0,1,1,0,0
0.00154626,0,0,0,1,1,0,1,0,0,1,0,0,1,1,0,0
0.00154628,1,1,1,1,1,1,1,1,0,1,0,0,1,1,0,0
0.00154632,0,1,1,1,1,1,1,1,0,1,0,0,1,1,0,0
0.00154634,0,1,1,0,0,1,0,1,0,1,0,0,1,1,0,0
0.00154664,0,1,1,0,0,1,0,1,0,1,0,0,0,1,0,0
0.00154666,0,1,1,0,0,1,0,1,0,1,1,0,0,1,0,1
0.0015472,1,1,1,1,1,1,1,1,0,1,1,0,0,1,0,1
0.00154724,0,0,0,0,0,0,1,0,0,1,1,0,0,1,0,1
0.00154728,0,0,0,0,0,1,1,0,0,1,1,0,0,1,0,1
0.0015473,1,1,1,1,0,1,1,1,0,1,1,0,0,1,0,1
0.00154732,0,0,0,0,0,1,1,0,0,1,1,0,0,1,0,1
0.00154734,0,0,0,0,0,0,1,0,0,1,1,0,0,1,0,1
0.00154738,0,0,0,0,0,1,1,0,0,1,1,0,0,1,0,1
0.0015474,0,0,0,0,0,0,1,0,0,1,1,0,0,1,0,1
0.00154816,1,1,1,1,0,0,1,1,0,1,1,0,0,1,0,1
0.00154818,1,1,1,1,1,1,1,1,0,1,1,0,0,1,0,1
0.00154822,0,0,0,0,0,0,0,1,0,1,1,0,0,1,0,1
0.00154826,1,1,1,1,0,1,0,1,0,1,1,0,0,1,0,1
0.00154832,0,0,0,0,0,0,0,1,0,1,1,0,0,1,0,1
0.00154834,1,1,1,0,0,0,0,1,0,1,1,0,0,1,0,1
0.00154836,1,1,1,1,0,1,0,1,0,1,1,0,0,1,0,1
0.00154838,0,0,1,0,0,0,0,1,0,1,1,0,0,1,0,1
0.00154844,0,1,1,0,0,0,0,1,0,1,1,0,0,1,0,1
0.00154846,0,0,1,0,0,0,0,1,0,1,1,0,0,1,0,1
0.00154864,0,0,0,0,0,0,0,1,0,1,1,0,0,1,0,1
0.00154866,0,0,1,0,0,0,0,1,0,1,1,0,0,1,0,1
0.00154874,0,0,0,0,0,0,0,1,0,1,1,0,0,1,0,1
0.00154876,0,0,1,0,0,0,0,1,0,1,1,0,0,1,0,1
0.00154878,0,0,0,0,0,0,0,1,0,1,1,0,0,1,0,1
0.00154912,1,0,1,0,0,0,0,1,0,1,1,0,0,1,0,1
0.00154914,0,1,1,1,1,1,0,1,0,1,1,0,0,1,0,1
0.00154916,1,1,1,1,1,1,1,1,0,1,1,0,0,1,0,1
0.0015492,0,1,1,1,0,1,0,0,0,1,1,0,0,1,0,1
0.00154924,1,1,1,1,1,1,1,1,0,1,1,0,0,1,0,1
0.00154926,0,1,1,1,0,1,0,0,0,1,1,0,0,1,0,1
0.00154932,1,1,1,1,0,1,0,0,0,1,1,0,0,1,0,1
0.00154934,0,1,1,1,0,1,0,0,0,1,1,0,0,1,0,1
0.0015501,1,1,1,1,0,1,0,0,0,1,1,0,0,1,0,1
0.00155012,1,1,1,1,1,1,1,1,0,1,1,0,0,1,0,1
0.00155114,0,1,1,1,0,1,0,0,0,1,1,0,0,1,0,1
0.00155118,1,1,1,1,1,1,1,1,0,1,1,0,0,1,0,1
0.0015512,0,1,1,1,0,1,0,0,0,1,1,0,0,1,0,1
0.00155216,1,1,1,1,1,1,0,0,0,1,1,0,0,1,0,1
0.00155218,0,0,1,0,1,0,0,0,0,1,1,0,0,1,0,1
0.00155222,1,0,1,0,1,0,0,0,0,1,1,0,0,1,0,1
0.00155224,0,0,1,0,1,0,0,0,0,1,1,0,0,1,0,1
0.0015525,0,0,1,0,1,0,0,0,0,0,1,0,0,0,0,0
0.00155252,0,0,1,0,1,0,0,0,0,0,1,0,1,0,0,0
0.00155258,0,0,1,0,1,0,0,0,0,0,0,0,1,0,0,0
0.0015526,0,0,1,0,1,0,0,0,0,0,1,0,1,0,0,0
0.00155306,1,1,1,1,1,1,1,1,0,0,1,0,1,0,0,0
0.00155408,0,0,0,0,0,0,0,1,0,0,1,0,1,0,0,0
0.00155414,1,1,1,1,0,1,0,1,0,0,1,0,1,0,0,0
0.00155416,0,0,0,0,0,0,0,1,0,0,1,0,1,0,0,0
0.00155498,1,1,1,1,0,0,0,1,0,0,1,0,1,0,0,0
0.00155502,1,1,1,1,1,1,1,1,0,0,1,0,1,0,0,0
0.00155506,1,1,0,0,1,0,0,0,0,0,1,0,1,0,0,0
0.0015551,1,1,1,1,1,1,1,0,0,0,1,0,1,0,0,0
0.00155512,1,1,1,0,1,0,0,0,0,0,1,0,1,0,0,0
0.00155514,1,1,0,0,1,0,0,0,0,0,1,0,1,0,0,0
0.00155518,1,1,1,1,1,0,0,0,0,0,1,0,1,0,0,0
0.0015552,1,1,0,0,1,0,0,0,0,0,1,0,1,0,0,0
0.00155544,1,1,0,0,1,0,0,0,1,1,0,0,1,0,0,0
0.0015555,1,1,0,0,1,0,0,0,1,0,0,0,0,0,0,0
0.00155552,1,1,0,0,1,0,0,0,1,1,0,0,1,0,0,0
0.00155596,1,1,1,1,1,0,0,0,1,1,0,0,1,0,0,0
0.00155598,1,1,1,0,1,1,1,1,1,1,0,0,1,0,0,0
0.001556,1,1,1,1,1,1,1,1,1,1,0,0,1,0,0,0
0.00155604,1,0,0,0,1,1,1,0,1,1,0,0,1,0,0,0
0.00155608,1,1,1,1,1,1,1,0,1,1,0,0,1,0,0,0
0.0015561,1,0,0,0,1,1,1,0,1,1,0,0,1,0,0,0
0.00155616,1,0,1,0,1,1,1,0,1,1,0,0,1,0,0,0
0.00155618,1,0,0,0,1,1,1,0,1,1,0,0,1,0,0,0
0.00155694,1,1,1,0,1,1,1,0,1,1,0,0,1,0,0,0
0.00155696,1,0,1,1,1,1,1,1,1,1,0,0,1,0,0,0
0.00155698,1,1,1,1,1,1,1,1,1,1,0,0,1,0,0,0
0.001557,0,1,0,0,1,0,0,0,1,1,0,0,1,0,0,0
0.00155704,0,1,1,0,1,0,0,0,1,1,0,0,1,0,0,0
0.00155706,1,1,1,1,1,1,0,0,1,1,0,0,1,0,0,0
0.00155708,0,1,0,0,1,0,0,0,1,1,0,0,1,0,0,0
0.00155738,0,1,0,0,1,0,0,0,0,1,0,0,1,0,0,0
0.00155746,0,1,0,0,1,0,0,0,0,0,0,0,0,0,0,0
0.00155748,0,1,0,0,1,0,0,0,0,1,0,0,1,0,0,0
0.00155794,1,1,1,1,1,1,1,1,0,1,0,0,1,0,0,0
0.00155798,1,1,0,0,1,1,0,0,0,1,0,0,1,0,0,0
0.00155802,1,1,1,1,1,1,1,0,0,1,0,0,1,0,0,0
0.00155806,1,1,0,0,1,1,0,0,0,1,0,0,1,0,0,0
0.0015581,1,1,1,0,1,1,0,0,0,1,0,0,1,0,0,0
0.00155812,1,1,0,0,1,1,0,0,0,1,0,0,1,0,0,0
0.0015589,1,1,1,0,1,1,1,0,0,1,0,0,1,0,0,0
0.00155892,1,1,1,1,1,1,1,1,0,1,0,0,1,0,0,0
0.00155896,1,0,0,0,1,0,0,0,0,1,0,0,1,0,0,0
0.001559,1,1,1,1,1,1,1,0,0,1,0,0,1,0,0,0
0.00155902,1,1,1,1,1,1,1,1,0,1,0,0,1,0,0,0
0.00155904,1,0,0,0,1,0,0,0,0,1,0,0,1,0,0,0
0.00155908,1,0,1,1,1,0,0,0,0,1,0,0,1,0,0,0
0.00155912,1,0,1,0,1,0,0,0,0,1,0,0,1,0,0,0
0.00155916,1,0,1,1,1,0,0,0,0,1,0,0,1,0,0,0
0.00155918,1,0,1,0,1,0,0,0,0,1,0,0,1,0,0,0
0.00155928,1,0,0,0,1,0,0,0,0,1,0,0,1,0,0,0
0.00155932,1,0,1,0,1,0,0,0,0,1,0,0,1,0,0,0
0.00155934,1,0,1,0,1,0,0,0,0,0,0,0,1,0,0,0
0.00155936,1,0,0,0,1,0,0,0,1,0,0,0,1,0,0,0
0.0015594,1,0,1,0,1,0,0,0,1,0,0,0,1,0,0,0
0.00155942,1,0,0,0,1,0,0,0,1,0,0,0,1,0,0,0
0.00155948,1,0,1,0,1,0,0,0,1,0,0,0,1,0,0,0
0.0015595,1,0,0,0,1,0,0,0,1,0,0,0,1,0,0,0
0.00155986,1,0,1,0,1,0,0,0,1,0,0,0,1,0,0,0
0.00155988,1,1,0,1,1,1,1,0,1,0,0,0,1,0,0,0
0.0015599,1,1,1,1,1,1,1,0,1,0,0,0,1,0,0,0
0.00155992,1,1,1,1,1,1,1,1,1,0,0,0,1,0,0,0
0.00155994,0,0,1,1,1,0,1,0,1,0,0,0,1,0,0,0
0.00155998,0,1,1,1,1,1,1,0,1,0,0,0,1,0,0,0
0.00156,0,0,1,1,1,0,1,0,1,0,0,0,1,0,0,0
0.00156084,1,0,1,1,1,0,1,0,1,0,0,0,1,0,0,0
0.00156086,1,1,1,1,1,1,1,1,1,0,0,0,1,0,0,0
0.00156088,1,1,1,1,1,1,1,0,1,0,0,0,1,0,0,0
0.0015609,1,1,1,1,1,1,1,1,1,0,0,0,1,0,0,0
0.00156092,1,0,1,0,0,1,0,0,1,0,0,0,1,0,0,0
0.00156096,1,1,1,1,0,1,1,1,1,0,0,0,1,0,0,0
0.00156098,1,0,1,0,0,1,0,0,1,0,0,0,1,0,0,0
0.0015613,1,0,1,0,0,1,0,0,1,0,1,0,0,1,0,0
0.00156184,1,1,1,1,1,1,1,1,1,0,1,0,0,1,0,0
0.0015619,0,0,0,0,0,0,1,0,1,0,1,0,0,1,0,0
0.00156194,1,1,1,1,0,0,1,0,1,0,1,0,0,1,0,0
0.00156198,0,0,0,1,0,0,1,0,1,0,1,0,0,1,0,0
0.001562,0,0,0,0,0,0,1,0,1,0,1,0,0,1,0,0
0.00156202,0,1,1,1,0,0,1,0,1,0,1,0,0,1,0,0
0.00156206,0,0,0,1,0,0,1,0,1,0,1,0,0,1,0,0
0.00156222,0,0,0,0,0,0,1,0,1,0,1,0,0,1,0,0
0.00156224,0,0,0,1,0,0,1,0,1,0,1,0,0,1,0,0
0.0015623,0,0,0,0,0,0,1,0,1,0,1,0,0,1,0,0
0.00156232,0,0,0,1,0,0,1,0,1,0,1,0,0,1,0,0
0.00156236,0,0,0,0,0,0,1,0,1,0,1,0,0,1,0,0
0.00156238,0,0,0,1,0,0,1,0,1,0,1,0,0,1,0,0
0.0015624,0,0,0,0,0,0,1,0,1,0,1,0,0,1,0,0
0.0015628,1,1,1,1,1,0,1,0,1,0,1,0,0,1,0,0
0.00156282,1,1,1,1,1,1,1,1,1,0,1,0,0,1,0,0
0.00156286,1,1,1,1,1,1,0,1,1,0,1,0,0,1,0,0
0.00156288,0,0,0,0,0,0,0,1,1,0,1,0,0,1,0,0
0.0015629,0,1,1,1,0,0,0,1,1,0,1,0,0,1,0,0
0.00156292,1,1,1,1,1,1,0,1,1,0,1,0,0,1,0,0
0.00156294,1,1,1,1,0,0,0,1,1,0,1,0,0,1,0,0
0.00156296,0,0,0,0,0,0,0,1,1,0,1,0,0,1,0,0
0.00156298,0,0,1,0,0,0,0,1,1,0,1,0,0,1,0,0
0.001563,1,1,1,1,0,0,0,1,1,0,1,0,0,1,0,0
0.00156302,0,0,1,1,0,0,0,1,1,0,1,0,0,1,0,0
0.00156304,0,0,0,0,0,0,0,1,1,0,1,0,0,1,0,0
0.00156306,0,0,1,0,0,0,0,1,1,0,1,0,0,1,0,0
0.00156308,0,0,1,1,0,0,0,1,1,0,1,0,0,1,0,0
0.0015631,0,0,1,0,0,0,0,1,1,0,1,0,0,1,0,0
0.0015632,0,0,0,0,0,0,0,1,1,0,1,0,0,1,0,0
0.00156322,0,0,1,0,0,0,0,1,1,0,1,0,0,1,0,0
0.00156326,0,0,0,0,0,0,0,1,1,0,1,0,0,1,0,0
0.00156332,0,0,1,0,0,0,0,1,1,0,1,0,0,1,0,0
0.00156334,0,0,0,0,0,0,0,1,1,0,1,0,0,1,0,0
0.00156376,1,0,0,0,0,0,0,1,1,0,1,0,0,1,0,0
0.00156378,1,1,0,0,1,1,0,1,1,0,1,0,0,1,0,0
0.0015638,1,1,1,1,1,1,0,0,1,0,1,0,0,1,0,0
0.00156382,1,1,0,0,1,1,0,0,1,0,1,0,0,1,0,0
0.00156386,1,1,1,0,1,1,0,0,1,0,1,0,0,1,0,0
0.00156388,1,1,0,0,1,1,0,0,1,0,1,0,0,1,0,0
0.00156474,1,1,0,0,1,1,1,0,1,0,1,0,0,1,0,0
0.00156476,1,1,1,1,1,1,0,0,1,0,1,0,0,1,0,0
0.00156478,1,1,0,0,1,1,0,0,1,0,1,0,0,1,0,0
0.00156482,1,1,1,1,1,1,1,1,1,0,1,0,0,1,0,0
0.00156484,1,1,1,1,0,1,1,1,1,0,1,0,0,1,0,0
0.00156486,1,0,0,0,1,1,0,0,1,0,1,0,0,1,0,0
0.00156488,1,0,0,0,0,1,0,0,1,0,1,0,0,1,0,0
0.00156492,1,0,1,1,0,1,1,0,1,0,1,0,0,1,0,0
0.00156494,1,0,0,0,0,1,0,0,1,0,1,0,0,1,0,0
0.0015652,1,0,0,0,0,1,0,0,1,0,0,0,0,1,0,0
0.00156574,1,0,1,1,0,1,0,0,1,0,0,0,0,1,0,0
0.00156576,1,1,1,1,1,1,1,1,1,0,0,0,0,1,0,0
0.00156578,1,1,1,1,1,0,1,1,1,0,0,0,0,1,0,0
0.0015658,0,0,0,0,0,0,1,0,1,0,0,0,0,1,0,0
0.00156584,0,0,1,1,0,0,1,0,1,0,0,0,0,1,0,0
0.00156588,0,0,0,0,0,0,1,0,1,0,0,0,0,1,0,0
0.0015667,0,1,0,0,0,0,1,0,1,0,0,0,0,1,0,0
0.00156672,1,1,1,1,1,0,1,1,1,0,0,0,0,1,0,0
0.00156674,1,1,1,1,1,1,1,1,1,0,0,0,0,1,0,0
0.00156678,0,0,0,0,0,0,0,1,1,0,0,0,0,1,0,0
0.00156682,1,1,1,1,1,1,1,1,1,0,0,0,0,1,0,0
0.00156684,0,0,1,1,0,1,0,1,1,0,0,0,0,1,0,0
0.00156686,0,0,0,0,0,0,0,1,1,0,0,0,0,1,0,0
0.0015669,0,0,1,0,0,1,0,1,1,0,0,0,0,1,0,0
0.00156692,0,0,0,0,0,0,0,1,1,0,0,0,0,1,0,0
0.00156768,0,1,0,0,0,0,0,1,1,0,0,0,0,1,0,0
0.0015677,1,1,1,1,1,1,0,1,1,0,0,0,0,1,0,0
0.00156772,1,1,1,1,1,1,1,1,1,0,0,0,0,1,0,0
0.00156774,1,1,1,0,1,1,0,0,1,0,0,0,0,1,0,0
0.00156776,1,1,0,0,1,1,0,0,1,0,0,0,0,1,0,0
0.00156778,1,1,1,1,1,1,1,1,1,0,0,0,0,1,0,0
0.00156782,1,1,1,0,1,1,0,0,1,0,0,0,0,1,0,0
0.00156784,1,1,0,0,1,1,0,0,1,0,0,0,0,1,0,0
0.00156786,1,1,1,1,1,1,1,0,1,0,0,0,0,1,0,0
0.00156788,1,1,1,1,1,1,0,0,1,0,0,0,0,1,0,0
0.0015679,1,1,0,0,1,1,0,0,1,0,0,0,0,1,0,0
0.00156792,1,1,1,1,1,1,0,0,1,0,0,0,0,1,0,0
0.00156796,1,1,1,0,1,1,0,0,1,0,0,0,0,1,0,0
0.00156808,1,1,0,0,1,1,0,0,1,0,0,0,0,1,0,0
0.0015681,1,1,1,0,1,1,0,0,1,0,0,0,0,1,0,0
0.00156812,1,1,0,0,1,1,0,0,1,0,0,0,0,1,0,0
0.00156814,1,1,1,1,1,1,0,0,1,0,0,0,0,1,0,0
0.00156816,1,1,0,0,1,1,0,0,1,0,0,0,0,1,0,0
0.00156872,1,1,0,0,1,1,1,1,1,0,0,0,0,1,0,0
0.00156874,0,1,1,1,1,0,1,1,1,0,0,0,0,1,0,0
0.00156876,0,1,0,0,1,0,1,1,1,0,0,0,0,1,0,0
0.00156878,0,1,1,1,1,0,1,1,1,0,0,0,0,1,0,0
0.00156882,0,1,0,0,1,0,1,1,1,0,0,0,0,1,0,0
0.0015691,0,1,0,0,1,0,1,1,0,1,0,0,0,0,0,0
0.00156912,0,1,0,0,1,0,1,1,0,1,0,0,1,0,1,1
0.00156962,0,1,0,1,1,0,1,1,0,1,0,0,1,0,1,1
0.00156964,1,1,1,1,1,1,1,1,0,1,0,0,1,0,1,1
0.0015697,1,1,0,0,1,1,0,0,0,1,0,0,1,0,1,1
0.00156974,1,1,1,1,1,1,1,0,0,1,0,0,1,0,1,1
0.00156978,1,1,0,0,1,1,0,0,0,1,0,0,1,0,1,1
0.00156982,1,1,1,1,1,1,0,0,0,1,0,0,1,0,1,1
0.00156984,1,1,0,0,1,1,0,0,0,1,0,0,1,0,1,1
0.00157062,1,1,1,1,1,1,1,1,0,1,0,0,1,0,1,1
0.00157158,1,1,1,1,0,1,1,1,0,1,0,0,1,0,1,1
0.0015716,0,0,0,0,0,0,0,0,0,1,0,0,1,0,1,1
0.00157164,0,0,1,0,0,0,0,0,0,1,0,0,1,0,1,1
0.00157166,0,0,0,0,0,0,0,0,0,1,0,0,1,0,1,1
0.0015726,1,1,0,0,1,1,0,0,0,1,0,0,1,0,1,1
0.00157262,1,1,1,1,1,1,1,1,0,1,0,0,1,0,1,1
0.00157268,0,1,0,0,1,1,0,0,0,1,0,0,1,0,1,1
0.00157272,1,1,1,1,1,1,1,1,0,1,0,0,1,0,1,1
0.00157274,0,1,0,0,1,1,0,0,0,1,0,0,1,0,1,1
0.00157302,0,1,0,0,1,1,0,0,0,1,0,0,1,1,0,0
0.00157354,0,1,1,1,1,1,0,0,0,1,0,0,1,1,0,0
0.00157356,1,1,1,1,1,1,1,1,0,1,0,0,1,1,0,0
0.0015736,1,1,1,1,1,0,0,0,0,1,0,0,1,1,0,0
0.00157362,1,1,1,0,1,0,0,0,0,1,0,0,1,1,0,0
0.00157366,1,1,1,1,1,0,1,0,0,1,0,0,1,1,0,0
0.00157368,1,1,1,0,1,0,0,0,0,1,0,0,1,1,0,0
0.00157452,1,1,1,1,1,1,1,1,0,1,0,0,1,1,0,0
0.00157458,1,1,0,1,0,0,0,0,0,1,0,0,1,1,0,0
0.00157462,1,1,1,1,0,1,1,0,0,1,0,0,1,1,0,0
0.00157464,1,1,0,1,0,0,0,0,0,1,0,0,1,1,0,0
0.0015755,1,1,1,1,0,1,1,0,0,1,0,0,1,1,0,0
0.00157552,1,1,1,1,1,1,1,1,0,1,0,0,1,1,0,0
0.00157652,0,0,0,1,1,0,1,0,0,1,0,0,1,1,0,0
0.00157654,1,1,1,1,1,1,1,1,0,1,0,0,1,1,0,0
0.00157658,0,1,1,1,1,1,1,1,0,1,0,0,1,1,0,0
0.0015766,0,1,1,0,0,1,0,1,0,1,0,0,1,1,0,0
0.00157692,0,1,1,0,0,1,0,1,0,1,1,0,0,1,0,1
0.00157746,1,1,1,1,1,1,0,1,0,1,1,0,0,1,0,1
0.00157748,1,1,1,1,1,1,1,1,0,1,1,0,0,1,0,1
0.0015775,1,0,0,1,1,0,1,0,0,1,1,0,0,1,0,1
0.00157752,0,0,0,0,0,0,1,0,0,1,1,0,0,1,0,1
0.00157756,1,1,1,1,0,1,1,1,0,1,1,0,0,1,0,1
0.00157758,1,1,1,1,0,1,1,0,0,1,1,0,0,1,0,1
0.0015776,0,0,0,0,0,0,1,0,0,1,1,0,0,1,0,1
0.00157764,0,0,1,0,0,1,1,0,0,1,1,0,0,1,0,1
0.00157768,0,0,0,0,0,0,1,0,0,1,1,0,0,1,0,1
0.0015779,0,0,1,0,0,0,1,0,0,1,1,0,0,1,0,1
0.00157792,0,0,0,0,0,0,1,0,0,1,1,0,0,1,0,1
0.00157842,1,1,1,1,0,0,1,0,0,1,1,0,0,1,0,1
0.00157844,1,1,1,1,1,1,1,1,0,1,1,0,0,1,0,1
0.0015785,0,0,0,0,0,0,0,1,0,1,1,0,0,1,0,1
0.00157854,1,1,1,1,0,1,0,1,0,1,1,0,0,1,0,1
0.00157858,0,0,0,0,0,0,0,1,0,1,1,0,0,1,0,1
0.0015786,0,0,1,0,0,0,0,1,0,1,1,0,0,1,0,1
0.00157862,1,1,1,1,0,1,0,1,0,1,1,0,0,1,0,1
0.00157864,0,1,1,1,0,0,0,1,0,1,1,0,0,1,0,1
0.00157866,0,0,1,0,0,0,0,1,0,1,1,0,0,1,0,1
0.0015787,0,1,1,0,0,0,0,1,0,1,1,0,0,1,0,1
0.00157872,0,0,1,0,0,0,0,1,0,1,1,0,0,1,0,1
0.00157912,0,0,0,0,0,0,0,1,0,1,1,0,0,1,0,1
0.0015794,1,1,1,1,0,1,0,1,0,1,1,0,0,1,0,1
0.00157942,1,1,1,1,1,1,1,1,0,1,1,0,0,1,0,1
0.00157946,0,1,1,1,0,1,0,0,0,1,1,0,0,1,0,1
0.0015795,1,1,1,1,1,1,1,0,0,1,1,0,0,1,0,1
0.00157952,1,1,1,1,0,1,0,0,0,1,1,0,0,1,0,1
0.00157954,0,1,1,1,0,1,0,0,0,1,1,0,0,1,0,1
0.00157958,1,1,1,1,0,1,0,0,0,1,1,0,0,1,0,1
0.0015796,0,1,1,1,0,1,0,0,0,1,1,0,0,1,0,1
0.00158038,1,1,1,1,1,1,1,1,0,1,1,0,0,1,0,1
0.0015814,0,1,1,1,0,1,0,0,0,1,1,0,0,1,0,1
0.00158144,1,1,1,1,0,1,1,0,0,1,1,0,0,1,0,1
0.00158146,0,1,1,1,0,1,0,0,0,1,1,0,0,1,0,1
0.00158244,0,0,1,0,1,0,1,1,0,1,1,0,0,1,0,1
0.00158246,0,0,1,0,1,0,0,0,0,1,1,0,0,1,0,1
0.0015825,1,0,1,0,1,0,1,0,0,1,1,0,0,1,0,1
0.00158252,0,0,1,0,1,0,0,0,0,1,1,0,0,1,0,1
0.00158278,0,0,1,0,1,0,0,0,0,0,1,0,1,0,0,0
0.0015833,1,0,1,0,1,0,0,0,0,0,1,0,1,0,0,0
0.00158332,1,1,1,1,1,1,1,1,0,0,1,0,1,0,0,0
0.00158436,0,0,0,0,0,0,0,1,0,0,1,0,1,0,0,0
0.00158442,1,1,1,1,0,1,0,1,0,0,1,0,1,0,0,0
0.00158444,0,0,0,0,0,0,0,1,0,0,1,0,1,0,0,0
0.00158526,1,1,1,1,0,0,0,1,0,0,1,0,1,0,0,0
0.00158528,1,1,1,1,1,1,1,1,0,0,1,0,1,0,0,0
0.00158532,1,1,0,0,1,0,0,0,0,0,1,0,1,0,0,0
0.00158536,1,1,1,1,1,1,1,0,0,0,1,0,1,0,0,0
0.0015854,1,1,0,0,1,0,0,0,0,0,1,0,1,0,0,0
0.00158544,1,1,1,1,1,0,0,0,0,0,1,0,1,0,0,0
0.00158546,1,1,0,0,1,0,0,0,0,0,1,0,1,0,0,0
0.0015857,1,1,0,0,1,0,0,0,0,0,0,0,1,0,0,0
0.00158572,1,1,0,0,1,0,0,0,1,1,0,0,1,0,0,0
0.00158622,1,1,1,1,1,0,0,0,1,1,0,0,1,0,0,0
0.00158624,1,1,1,0,1,1,1,1,1,1,0,0,1,0,0,0
0.00158626,1,1,1,1,1,1,1,1,1,1,0,0,1,0,0,0
0.0015863,1,0,0,0,1,1,1,0,1,1,0,0,1,0,0,0
0.00158634,1,0,1,1,1,1,1,0,1,1,0,0,1,0,0,0
0.00158636,1,1,1,1,1,1,1,0,1,1,0,0,1,0,0,0
0.00158638,1,0,0,0,1,1,1,0,1,1,0,0,1,0,0,0
0.00158642,1,0,1,0,1,1,1,0,1,1,0,0,1,0,0,0
0.00158644,1,0,0,0,1,1,1,0,1,1,0,0,1,0,0,0
0.0015872,1,1,1,0,1,1,1,0,1,1,0,0,1,0,0,0
0.00158722,1,1,1,1,1,1,1,1,1,1,0,0,1,0,0,0
0.00158728,0,1,0,0,1,0,0,0,1,1,0,0,1,0,0,0
0.00158732,1,1,1,1,1,1,0,0,1,1,0,0,1,0,0,0
0.00158734,0,1,1,1,1,0,0,0,1,1,0,0,1,0,0,0
0.00158736,0,1,0,0,1,0,0,0,1,1,0,0,1,0,0,0
0.0015874,0,1,1,0,1,0,0,0,1,1,0,0,1,0,0,0
0.00158742,0,1,0,0,1,0,0,0,1,1,0,0,1,0,0,0
0.00158766,0,1,0,0,1,0,0,0,0,1,0,0,1,0,0,0
0.0015882,1,1,1,1,1,1,1,1,0,1,0,0,1,0,0,0
0.00158826,1,1,0,0,1,1,0,0,0,1,0,0,1,0,0,0
0.0015883,1,1,1,1,1,1,1,1,0,1,0,0,1,0,0,0
0.00158832,1,1,0,0,1,1,0,0,0,1,0,0,1,0,0,0
0.00158916,1,1,1,1,1,1,1,0,0,1,0,0,1,0,0,0
0.00158918,1,1,1,1,1,1,1,1,0,1,0,0,1,0,0,0
0.00158922,1,0,1,0,1,0,1,1,0,1,0,0,1,0,0,0
0.00158924,1,0,0,0,1,0,0,0,0,1,0,0,1,0,0,0
0.00158926,1,0,1,1,1,0,0,0,0,1,0,0,1,0,0,0
0.00158928,1,1,1,1,1,1,1,1,0,1,0,0,1,0,0,0
0.0015893,1,0,1,1,1,0,0,0,0,1,0,0,1,0,0,0
0.00158932,1,0,0,0,1,0,0,0,0,1,0,0,1,0,0,0
0.00158934,1,0,1,1,1,0,0,0,0,1,0,0,1,0,0,0
0.00158938,1,0,1,0,1,0,0,0,0,1,0,0,1,0,0,0
0.0015894,1,0,0,0,1,0,0,0,0,1,0,0,1,0,0,0
0.00158942,1,0,1,1,1,0,0,0,0,1,0,0,1,0,0,0
0.00158944,1,0,1,0,1,0,0,0,0,1,0,0,1,0,0,0
0.00158956,1,0,0,0,1,0,0,0,0,1,0,0,1,0,0,0
0.00158958,1,0,1,0,1,0,0,0,0,1,0,0,1,0,0,0
0.0015896,1,0,1,0,1,0,0,0,0,0,0,0,1,0,0,0
0.00158962,1,0,0,0,1,0,0,0,1,0,0,0,1,0,0,0
0.00158966,1,0,1,1,1,0,0,0,1,0,0,0,1,0,0,0
0.00158968,1,0,1,0,1,0,0,0,0,0,0,0,0,0,0,0
0.0015897,1,0,0,0,1,0,0,0,1,0,0,0,1,0,0,0
0.00158974,1,0,1,0,1,0,0,0,1,0,0,0,1,0,0,0
0.00158976,1,0,0,0,1,0,0,0,1,0,0,0,1,0,0,0
0.00159012,1,0,1,0,1,0,0,0,1,0,0,0,1,0,0,0
0.00159014,1,1,1,1,1,0,0,0,1,0,0,0,1,0,0,0
0.00159016,1,1,1,1,1,1,1,1,1,0,0,0,1,0,0,0
0.0015902,1,1,1,1,1,1,1,0,1,0,0,0,1,0,0,0
0.00159022,0,0,1,1,1,0,1,0,1,0,0,0,1,0,0,0
0.00159026,1,1,1,1,1,1,1,1,1,0,0,0,1,0,0,0
0.00159028,0,0,1,1,1,0,1,0,1,0,0,0,1,0,0,0
0.00159112,1,1,1,1,1,0,1,0,1,0,0,0,1,0,0,0
0.00159114,1,1,1,1,1,1,1,1,1,0,0,0,1,0,0,0
0.00159118,0,1,1,0,0,1,0,0,1,0,0,0,1,0,0,0
0.00159122,1,1,1,1,0,1,1,1,1,0,0,0,1,0,0,0
0.00159124,0,1,1,0,0,1,0,0,1,0,0,0,1,0,0,0
0.0015913,0,1,1,1,0,1,0,0,1,0,0,0,1,0,0,0
0.00159132,0,1,1,0,0,1,0,0,1,0,0,0,1,0,0,0
0.00159156,0,1,1,0,0,1,0,0,0,1,1,0,0,0,0,0
0.00159158,0,1,1,0,0,1,0,0,0,1,1,0,0,1,0,0
0.00159208,1,1,1,1,0,1,0,0,0,1,1,0,0,1,0,0
0.0015921,1,1,1,1,1,1,1,1,0,1,1,0,0,1,0,0
0.00159216,0,0,0,0,0,0,1,0,0,1,1,0,0,1,0,0
0.0015922,1,1,0,1,0,1,1,1,0,1,1,0,0,1,0,0
0.00159222,1,1,1,1,0,1,1,1,0,1,1,0,0,1,0,0
0.00159224,1,0,0,1,0,0,1,0,0,1,1,0,0,1,0,0
0.00159226,0,0,0,0,0,0,1,0,0,1,1,0,0,1,0,0
0.00159228,1,0,0,1,0,0,1,0,0,1,1,0,0,1,0,0
0.0015923,1,1,0,1,0,0,1,0,0,1,1,0,0,1,0,0
0.00159232,1,0,0,1,0,0,1,0,0,1,1,0,0,1,0,0
0.00159234,0,0,0,1,0,0,1,0,0,1,1,0,0,1,0,0
0.00159236,1,0,0,1,0,0,1,0,0,1,1,0,0,1,0,0
0.0015924,0,0,0,1,0,0,1,0,0,1,1,0,0,1,0,0
0.00159282,0,0,0,0,0,0,1,0,0,1,1,0,0,1,0,0
0.00159306,1,1,1,1,0,0,1,0,0,1,1,0,0,1,0,0
0.00159308,1,1,1,1,1,1,1,1,0,1,1,0,0,1,0,0
0.00159314,0,0,0,0,0,0,0,1,0,1,1,0,0,1,0,0
0.00159318,1,1,1,1,1,1,0,1,0,1,1,0,0,1,0,0
0.0015932,1,1,1,1,0,1,0,1,0,1,1,0,0,1,0,0
0.00159322,0,0,0,0,0,0,0,1,0,1,1,0,0,1,0,0
0.00159326,1,1,1,1,0,0,0,1,0,1,1,0,0,1,0,0
0.0015933,0,0,0,0,0,0,0,1,0,1,1,0,0,1,0,0
0.00159334,0,0,1,1,0,0,0,1,0,1,1,0,0,1,0,0
0.00159338,0,0,0,0,0,0,0,1,0,1,1,0,0,1,0,0
0.00159342,0,0,1,1,0,0,0,1,0,1,1,0,0,1,0,0
0.00159346,0,0,0,0,0,0,0,1,0,1,1,0,0,1,0,0
0.00159352,0,0,1,1,0,0,0,1,0,1,1,0,0,1,0,0
0.00159354,0,0,0,0,0,0,0,1,0,1,1,0,0,1,0,0
0.00159404,1,0,0,0,1,1,1,1,0,1,1,0,0,1,0,0
0.00159406,1,1,1,1,1,1,1,0,0,1,1,0,0,1,0,0
0.00159408,1,0,0,0,1,1,1,0,0,1,1,0,0,1,0,0
0.00159412,1,0,1,1,1,1,1,0,0,1,1,0,0,1,0,0
0.00159414,1,0,0,0,1,1,1,0,0,1,1,0,0,1,0,0
0.00159508,1,1,1,1,1,1,1,1,0,1,1,0,0,1,0,0
0.00159514,1,0,0,0,0,1,0,0,0,1,1,0,0,1,0,0
0.00159518,1,1,1,1,1,1,1,1,0,1,1,0,0,1,0,0
0.0015952,1,1,1,1,0,1,0,0,0,1,1,0,0,1,0,0
0.00159522,1,0,0,0,0,1,0,0,0,1,1,0,0,1,0,0
0.00159524,1,0,1,0,0,1,0,0,0,1,1,0,0,1,0,0
0.00159526,1,1,1,1,0,1,0,0,0,1,1,0,0,1,0,0
0.00159528,1,0,1,1,0,1,0,0,0,1,1,0,0,1,0,0
0.0015953,1,0,1,0,0,1,0,0,0,1,1,0,0,1,0,0
0.00159532,1,0,1,1,0,1,0,0,0,1,1,0,0,1,0,0
0.00159538,1,0,1,0,0,1,0,0,0,1,1,0,0,1,0,0
0.0015954,1,0,1,1,0,1,0,0,0,1,1,0,0,1,0,0
0.00159542,1,0,1,0,0,1,0,0,0,1,1,0,0,1,0,0
0.00159544,1,0,1,1,0,1,0,0,0,1,1,0,0,1,0,0
0.00159546,1,0,1,1,0,1,0,0,0,0,0,0,0,1,0,0
0.00159548,1,0,1,0,0,1,0,0,1,0,0,0,0,1,0,0
0.0015955,1,0,0,0,0,1,0,0,1,0,0,0,0,1,0,0
0.00159552,1,0,1,1,0,1,0,0,1,0,0,0,0,1,0,0
0.00159554,1,0,0,0,1,1,1,0,0,0,0,0,0,1,0,0
0.00159556,1,0,0,0,1,1,1,1,1,0,0,0,1,1,1,0
0.00159558,1,1,1,1,0,1,0,0,1,0,0,0,0,1,0,0
0.0015956,1,0,0,0,0,1,0,0,1,0,0,0,0,1,0,0
0.00159562,1,1,1,1,0,1,0,0,1,0,0,0,0,1,0,0
0.00159564,1,1,1,1,0,1,1,0,1,0,0,0,0,1,0,0
0.00159566,1,0,1,0,0,1,0,0,1,0,0,0,0,1,0,0
0.00159568,1,0,0,0,0,1,0,0,1,0,0,0,0,1,0,0
0.0015957,1,0,1,1,0,1,0,0,1,0,0,0,0,1,0,0
0.00159574,1,0,0,0,0,1,0,0,1,0,0,0,0,1,0,0
0.00159602,1,1,1,1,0,1,1,1,1,0,0,0,0,1,0,0
0.00159604,1,1,1,1,1,1,1,1,1,0,0,0,0,1,0,0
0.00159606,0,0,0,0,0,0,1,0,1,0,0,0,0,1,0,0
0.0015961,0,1,1,1,0,0,1,0,1,0,0,0,0,1,0,0
0.00159614,0,0,0,0,0,0,1,0,1,0,0,0,0,1,0,0
0.00159618,0,0,1,1,0,0,1,0,1,0,0,0,0,1,0,0
0.00159622,0,0,0,0,0,0,1,0,1,0,0,0,0,1,0,0
0.00159698,1,1,1,1,1,1,1,1,1,0,0,0,0,1,0,0
0.00159704,0,0,0,0,0,0,0,1,1,0,0,0,0,1,0,0
0.00159708,1,1,1,1,0,1,0,1,1,0,0,0,0,1,0,0
0.00159712,0,0,1,0,0,0,0,1,1,0,0,0,0,1,0,0
0.00159714,0,0,0,0,0,0,0,1,1,0,0,0,0,1,0,0
0.00159716,0,0,1,1,0,0,0,1,1,0,0,0,0,1,0,0
0.0015972,0,0,1,0,0,0,0,1,1,0,0,0,0,1,0,0
0.00159722,0,0,0,0,0,0,0,1,1,0,0,0,0,1,0,0
0.00159724,0,0,1,0,0,0,0,1,1,0,0,0,0,1,0,0
0.0015973,0,0,0,0,0,0,0,1,1,0,0,0,0,1,0,0
0.00159732,0,0,1,0,0,0,0,1,1,0,0,0,0,1,0,0
0.00159736,0,0,0,0,0,0,0,1,1,0,0,0,0,1,0,0
0.0015974,0,0,1,0,0,0,0,1,1,0,0,0,0,1,0,0
0.00159744,0,0,0,0,0,0,0,1,1,0,0,0,0,1,0,0
0.00159794,0,1,1,0,0,0,0,1,1,0,0,0,0,1,0,0
0.00159796,1,0,1,1,1,1,0,1,1,0,0,0,0,1,0,0
0.00159798,1,1,1,1,1,1,1,1,1,0,0,0,0,1,0,0
0.00159802,1,0,0,0,1,1,1,0,1,0,0,0,0,1,0,0
0.00159806,1,1,1,1,1,1,1,1,1,0,0,0,0,1,0,0
0.00159808,1,1,1,0,1,1,1,0,1,0,0,0,0,1,0,0
0.0015981,1,0,0,0,1,1,1,0,1,0,0,0,0,1,0,0
0.00159812,1,0,1,1,1,1,1,0,1,0,0,0,0,1,0,0
0.00159814,1,1,1,1,1,1,1,0,1,0,0,0,0,1,0,0
0.00159816,1,0,0,0,1,1,1,0,1,0,0,0,0,1,0,0
0.00159818,1,0,1,0,1,1,1,0,1,0,0,0,0,1,0,0
0.00159834,1,0,0,0,1,1,1,0,1,0,0,0,0,1,0,0
0.00159836,1,0,1,0,1,1,1,0,1,0,0,0,0,1,0,0
0.00159838,1,0,0,0,1,1,1,0,1,0,0,0,0,1,0,0
0.00159842,1,0,1,0,1,1,1,0,1,0,0,0,0,1,0,0
0.00159844,1,0,0,0,1,1,1,0,1,0,0,0,0,1,0,0
0.00159898,1,1,1,1,1,1,1,0,1,0,0,0,0,1,0,0
0.001599,1,1,1,1,1,1,1,1,1,0,0,0,0,1,0,0
0.00159902,0,1,1,1,1,0,1,1,1,0,0,0,0,1,0,0
0.00159904,0,1,0,0,1,0,1,1,1,0,0,0,0,1,0,0
0.00159908,0,1,1,1,1,0,1,1,1,0,0,0,0,1,0,0
0.0015991,0,1,0,0,1,0,1,1,1,0,0,0,0,1,0,0
0.00159938,0,1,0,0,1,0,1,1,0,1,0,0,1,0,1,1
0.00159992,1,1,1,1,1,1,1,1,0,1,0,0,1,0,1,1
0.00159998,1,0,0,0,1,1,1,0,0,1,0,0,1,0,1,1
0.00160002,1,1,1,1,1,1,1,0,0,1,0,0,1,0,1,1
0.00160004,1,0,0,0,1,1,1,0,0,1,0,0,1,0,1,1
0.00160088,1,1,1,1,1,1,1,0,0,1,0,0,1,0,1,1
0.0016009,1,1,1,1,1,1,1,1,0,1,0,0,1,0,1,1
0.00160186,0,0,0,0,0,0,0,0,0,1,0,0,1,0,1,1
0.00160282,0,0,1,0,0,0,0,0,0,1,0,0,1,0,1,1
0.00160284,0,0,0,0,0,0,0,0,0,1,0,0,1,0,1,1
0.00160286,1,0,0,0,1,1,1,0,0,1,0,0,1,0,1,1
0.00160288,1,1,1,1,1,1,1,1,0,1,0,0,1,0,1,1
0.0016029,1,1,1,0,1,1,1,1,0,1,0,0,1,0,1,1
0.00160292,1,1,1,1,1,1,1,1,0,1,0,0,1,0,1,1
0.00160294,0,1,1,0,1,1,0,0,0,1,0,0,1,0,1,1
0.00160296,0,1,0,0,1,1,0,0,0,1,0,0,1,0,1,1
0.001603,0,1,1,0,1,1,0,0,0,1,0,0,1,0,1,1
0.00160302,0,1,0,0,1,1,0,0,0,1,0,0,1,0,1,1
0.00160328,0,1,0,0,1,1,0,0,0,1,0,0,1,0,0,0
0.0016033,0,1,0,0,1,1,0,0,0,1,0,0,1,1,0,0
0.00160382,1,1,1,1,1,1,0,0,0,1,0,0,1,1,0,0
0.00160384,1,1,1,1,1,1,1,1,0,1,0,0,1,1,0,0
0.00160388,0,1,0,1,1,0,0,0,0,1,0,0,1,1,0,0
0.00160392,1,1,1,1,1,0,0,0,0,1,0,0,1,1,0,0
0.00160394,0,1,1,1,1,0,0,0,0,1,0,0,1,1,0,0
0.00160396,0,1,0,1,1,0,0,0,0,1,0,0,1,1,0,0
0.00160478,1,1,1,1,1,0,0,0,0,1,0,0,1,1,0,0
0.0016048,1,1,1,1,1,1,1,1,0,1,0,0,1,1,0,0
0.00160484,1,1,0,1,0,0,0,0,0,1,0,0,1,1,0,0
0.00160488,1,1,1,1,0,0,0,0,0,1,0,0,1,1,0,0
0.0016049,1,1,1,1,0,1,1,0,0,1,0,0,1,1,0,0
0.00160492,1,1,0,1,0,0,0,0,0,1,0,0,1,1,0,0
0.00160496,1,1,1,1,0,0,0,0,0,1,0,0,1,1,0,0
0.00160498,1,1,0,1,0,0,0,0,0,1,0,0,1,1,0,0
0.00160576,1,1,1,1,0,0,0,0,0,1,0,0,1,1,0,0
0.00160578,1,1,1,1,1,1,1,1,0,1,0,0,1,1,0,0
0.00160678,0,0,0,1,1,0,1,0,0,1,0,0,1,1,0,0
0.00160682,1,1,1,1,1,1,1,1,0,1,0,0,1,1,0,0
0.00160686,1,1,1,0,0,1,0,1,0,1,0,0,1,1,0,0
0.00160688,0,1,1,0,0,1,0,1,0,1,0,0,1,1,0,0
0.00160692,1,1,1,0,0,1,0,1,0,1,0,0,1,1,0,0
0.00160694,0,1,1,0,0,1,0,1,0,1,0,0,1,1,0,0
0.00160718,0,1,1,0,0,1,0,1,0,1,0,0,0,1,0,0
0.0016072,0,1,1,0,0,1,0,1,0,1,1,0,0,1,0,1
0.00160774,1,1,1,1,1,1,1,1,0,1,1,0,0,1,0,1
0.00160778,0,0,0,0,0,0,1,0,0,1,1,0,0,1,0,1
0.00160782,1,0,1,1,0,1,1,0,0,1,1,0,0,1,0,1
0.00160784,1,1,1,1,0,1,1,1,0,1,1,0,0,1,0,1
0.00160786,0,0,0,0,0,0,1,0,0,1,1,0,0,1,0,1
0.0016079,1,0,1,0,0,1,1,0,0,1,1,0,0,1,0,1
0.00160794,0,0,0,0,0,0,1,0,0,1,1,0,0,1,0,1
0.00160868,0,0,1,0,0,0,1,0,0,1,1,0,0,1,0,1
0.0016087,1,1,1,1,1,1,1,1,0,1,1,0,0,1,0,1
0.00160876,0,0,0,0,0,0,0,1,0,1,1,0,0,1,0,1
0.0016088,1,1,1,1,0,1,0,1,0,1,1,0,0,1,0,1
0.00160884,0,0,1,0,0,0,0,1,0,1,1,0,0,1,0,1
0.00160886,0,0,0,0,0,0,0,1,0,1,1,0,0,1,0,1
0.00160888,1,1,1,1,0,1,0,1,0,1,1,0,0,1,0,1
0.00160892,0,0,1,0,0,0,0,1,0,1,1,0,0,1,0,1
0.00160896,1,0,1,0,0,0,0,1,0,1,1,0,0,1,0,1
0.00160898,0,0,1,0,0,0,0,1,0,1,1,0,0,1,0,1
0.00160928,0,0,0,0,0,0,0,1,0,1,1,0,0,1,0,1
0.0016093,0,0,1,0,0,0,0,1,0,1,1,0,0,1,0,1
0.00160932,0,0,0,0,0,0,0,1,0,1,1,0,0,1,0,1
0.00160938,0,0,1,0,0,0,0,1,0,1,1,0,0,1,0,1
0.0016094,0,0,0,0,0,0,0,1,0,1,1,0,0,1,0,1
0.00160966,1,0,1,1,0,0,0,1,0,1,1,0,0,1,0,1
0.00160968,1,1,1,1,1,1,1,1,0,1,1,0,0,1,0,1
0.00160972,1,1,1,1,1,1,1,0,0,1,1,0,0,1,0,1
0.00160974,0,1,1,1,0,1,0,0,0,1,1,0,0,1,0,1
0.00160976,1,1,1,1,0,1,0,0,0,1,1,0,0,1,0,1
0.00160978,1,1,1,1,0,1,1,1,0,1,1,0,0,1,0,1
0.0016098,0,1,1,1,0,1,0,0,0,1,1,0,0,1,0,1
0.00160984,1,1,1,1,0,1,0,0,0,1,1,0,0,1,0,1
0.00160986,0,1,1,1,0,1,0,0,0,1,1,0,0,1,0,1
0.00161064,1,1,1,1,0,1,1,0,0,1,1,0,0,1,0,1
0.00161066,1,1,1,1,1,1,1,1,0,1,1,0,0,1,0,1
0.00161168,0,1,1,1,0,1,0,0,0,1,1,0,0,1,0,1
0.00161172,1,1,1,1,0,1,1,1,0,1,1,0,0,1,0,1
0.00161174,0,1,1,1,0,1,0,0,0,1,1,0,0,1,0,1
0.0016127,1,1,1,1,1,1,1,1,0,1,1,0,0,1,0,1
0.00161272,0,0,1,0,1,0,0,0,0,1,1,0,0,1,0,1
0.00161276,1,0,1,0,1,0,1,1,0,1,1,0,0,1,0,1
0.00161278,0,0,1,0,1,0,0,0,0,1,1,0,0,1,0,1
0.00161304,0,0,1,0,1,0,0,0,0,0,1,0,0,0,0,0
0.00161306,0,0,1,0,1,0,0,0,0,0,1,0,1,0,0,0
0.0016136,1,1,1,1,1,1,1,1,0,0,1,0,1,0,0,0
0.00161364,0,0,0,0,0,0,1,0,0,0,1,0,1,0,0,0
0.00161368,1,0,1,1,0,1,1,0,0,0,1,0,1,0,0,0
0.00161372,0,0,0,0,0,0,1,0,0,0,1,0,1,0,0,0
0.00161454,1,1,1,1,0,1,1,0,0,0,1,0,1,0,0,0
0.00161456,1,1,1,1,1,1,1,1,0,0,1,0,1,0,0,0
0.00161462,0,0,0,0,0,0,0,1,0,0,1,0,1,0,0,0
0.00161466,1,1,1,1,0,1,0,1,0,0,1,0,1,0,0,0
0.0016147,0,0,0,0,0,0,0,1,0,0,1,0,1,0,0,0
0.00161552,1,1,1,1,0,0,0,1,0,0,1,0,1,0,0,0
0.00161554,1,1,1,1,1,1,1,1,0,0,1,0,1,0,0,0
0.00161558,1,1,1,1,1,1,1,0,0,0,1,0,1,0,0,0
0.0016156,1,1,0,0,1,0,0,0,0,0,1,0,1,0,0,0
0.00161562,1,1,1,0,1,0,0,0,0,0,1,0,1,0,0,0
0.00161564,1,1,1,1,1,1,1,0,0,0,1,0,1,0,0,0
0.00161566,1,1,0,0,1,0,0,0,0,0,1,0,1,0,0,0
0.00161596,1,1,0,0,1,0,0,0,0,0,0,0,1,0,0,0
0.00161598,1,1,0,0,1,0,0,0,1,1,0,0,1,0,0,0
0.00161604,1,1,0,0,1,0,0,0,0,0,0,0,0,0,0,0
0.00161606,1,1,0,0,1,0,0,0,1,1,0,0,1,0,0,0
0.0016165,1,1,1,1,1,0,0,0,1,1,0,0,1,0,0,0
0.00161652,1,1,1,1,1,1,1,0,1,1,0,0,1,0,0,0
0.00161654,1,1,1,1,1,1,1,1,1,1,0,0,1,0,0,0
0.00161658,1,0,0,0,1,1,1,0,1,1,0,0,1,0,0,0
0.00161662,1,1,1,1,1,1,1,0,1,1,0,0,1,0,0,0
0.00161664,1,0,0,0,1,1,1,0,1,1,0,0,1,0,0,0
0.00161748,1,1,1,0,1,1,1,0,1,1,0,0,1,0,0,0
0.0016175,1,1,1,1,1,1,1,0,1,1,0,0,1,0,0,0
0.00161752,1,1,1,1,1,1,1,1,1,1,0,0,1,0,0,0
0.00161754,0,1,0,0,1,0,0,0,1,1,0,0,1,0,0,0
0.00161758,0,1,1,1,1,0,0,0,1,1,0,0,1,0,0,0
0.00161762,0,1,0,0,1,0,0,0,1,1,0,0,1,0,0,0
0.00161792,0,1,0,0,1,0,0,0,0,1,0,0,1,0,0,0
0.00161848,1,1,1,1,1,1,1,1,0,1,0,0,1,0,0,0
0.00161852,1,1,0,0,1,1,0,0,0,1,0,0,1,0,0,0
0.00161856,1,1,1,1,1,1,1,0,0,1,0,0,1,0,0,0
0.00161858,1,1,0,0,1,1,0,0,0,1,0,0,1,0,0,0
0.00161942,1,1,1,1,1,1,0,0,0,1,0,0,1,0,0,0
0.00161944,1,1,0,0,1,1,1,1,0,1,0,0,1,0,0,0
0.00161946,1,1,1,1,1,1,1,1,0,1,0,0,1,0,0,0
0.0016195,1,0,0,0,1,0,0,0,0,1,0,0,1,0,0,0
0.00161954,1,1,1,1,1,1,1,1,0,1,0,0,1,0,0,0
0.00161956,1,0,1,1,1,0,0,0,0,1,0,0,1,0,0,0
0.00161958,1,0,0,0,1,0,0,0,0,1,0,0,1,0,0,0
0.00161962,1,0,1,1,1,0,0,0,0,1,0,0,1,0,0,0
0.00161964,1,0,1,0,1,0,0,0,0,1,0,0,1,0,0,0
0.00161966,1,0,0,0,1,0,0,0,0,1,0,0,1,0,0,0
0.00161988,1,0,0,0,1,0,0,0,1,0,0,0,1,0,0,0
0.00161994,1,0,0,0,1,0,0,0,0,0,0,0,0,0,0,0
0.00161996,1,0,0,0,1,0,0,0,1,0,0,0,1,0,0,0
0.0016204,1,1,1,0,1,0,0,0,1,0,0,0,1,0,0,0
0.00162042,1,1,1,1,1,1,1,0,1,0,0,0,1,0,0,0
0.00162044,1,1,1,1,1,1,1,1,1,0,0,0,1,0,0,0
0.00162048,0,0,1,1,1,0,1,0,1,0,0,0,1,0,0,0
0.00162052,1,1,1,1,1,1,1,1,1,0,0,0,1,0,0,0
0.00162054,0,0,1,1,1,0,1,0,1,0,0,0,1,0,0,0
0.00162138,1,1,1,1,1,0,1,0,1,0,0,0,1,0,0,0
0.0016214,1,1,1,1,1,1,1,0,1,0,0,0,1,0,0,0
0.00162144,1,1,1,0,0,1,0,0,1,0,0,0,1,0,0,0
0.00162182,1,1,1,0,0,1,0,0,1,0,0,0,0,0,0,0
0.00162184,1,1,1,0,0,1,0,0,1,1,1,0,0,1,0,0
0.00162238,1,1,1,1,0,1,1,1,1,1,1,0,0,1,0,0
0.0016224,1,1,1,0,0,1,1,1,1,1,1,0,0,1,0,0
0.00162242,0,1,1,1,1,1,1,1,1,1,1,0,0,1,0,0
0.00162244,0,0,0,0,0,0,1,0,1,1,1,0,0,1,0,0
0.00162248,0,0,1,1,0,1,1,1,1,1,1,0,0,1,0,0
0.0016225,0,0,0,0,0,0,1,0,1,1,1,0,0,1,0,0
0.00162336,0,0,0,0,0,0,1,1,1,1,1,0,0,1,0,0
0.00162338,0,0,0,0,0,0,0,1,1,1,1,0,0,1,0,0
0.00162434,0,0,0,0,0,0,0,0,1,1,1,0,0,1,0,0
0.00162436,0,0,1,1,0,0,0,0,1,1,1,0,0,1,0,0
0.00162438,0,1,1,1,0,1,0,0,1,1,1,0,0,1,0,0
0.0016244,1,1,1,1,1,1,1,1,1,1,1,0,0,1,0,0
0.00162442,0,1,1,1,0,1,0,0,1,1,1,0,0,1,0,0
0.00162534,1,1,1,1,1,1,1,0,1,1,1,0,0,1,0,0
0.00162536,1,1,1,1,1,1,1,1,1,1,1,0,0,1,0,0
0.00162542,0,1,0,0,1,0,1,1,1,1,1,0,0,1,0,0
0.00162546,0,1,0,0,1,1,1,1,1,1,1,0,0,1,0,0
0.00162548,0,1,0,0,1,0,1,1,1,1,1,0,0,1,0,0
0.00162574,0,1,0,0,1,0,1,1,0,1,0,0,1,0,1,1
0.00162626,0,1,1,1,1,0,1,1,0,1,0,0,1,0,1,1
0.00162628,1,1,1,1,1,1,1,1,0,1,0,0,1,0,1,1
0.00162632,1,1,1,1,1,1,1,0,0,1,0,0,1,0,1,1
0.00162634,0,1,1,1,0,1,0,0,0,1,0,0,1,0,1,1
0.00162638,1,1,1,1,0,1,1,0,0,1,0,0,1,0,1,1
0.0016264,0,1,1,1,0,1,0,0,0,1,0,0,1,0,1,1
0.00162724,1,1,1,1,0,1,0,0,0,1,0,0,1,0,1,1
0.00162726,1,1,1,1,1,1,1,1,0,1,0,0,1,0,1,1
0.00162822,0,0,0,0,0,0,0,0,0,1,0,0,1,0,1,1
0.00162826,1,0,0,0,0,0,0,0,0,1,0,0,1,0,1,1
0.00162828,0,0,0,0,0,0,0,0,0,1,0,0,1,0,1,1
0.00162918,1,0,1,0,0,0,0,0,0,1,0,0,1,0,1,1
0.0016292,0,0,0,0,0,0,0,0,0,1,0,0,1,0,1,1
0.00162922,0,1,1,1,0,1,0,0,0,1,0,0,1,0,1,1
0.00162924,1,1,1,1,1,1,1,1,0,1,0,0,1,0,1,1
0.0016293,0,1,0,0,1,1,0,0,0,1,0,0,1,0,1,1
0.00162934,1,1,1,0,1,1,0,0,0,1,0,0,1,0,1,1
0.00162936,1,1,1,1,1,1,0,0,0,1,0,0,1,0,1,1
0.00162938,0,1,0,0,1,1,0,0,0,1,0,0,1,0,1,1
0.00162964,0,1,0,0,1,1,0,0,0,1,0,0,1,0,0,0
0.00162966,0,1,0,0,1,1,0,0,0,1,0,0,1,1,0,0
0.00163016,1,1,0,1,1,1,0,0,0,1,0,0,1,1,0,0
0.00163018,1,1,1,1,1,1,1,1,0,1,0,0,1,1,0,0
0.00163022,1,1,1,1,1,0,1,0,0,1,0,0,1,1,0,0
0.00163024,1,0,1,1,1,0,0,0,0,1,0,0,1,1,0,0
0.00163028,1,0,1,1,1,0,1,0,0,1,0,0,1,1,0,0
0.0016303,1,0,1,1,1,0,0,0,0,1,0,0,1,1,0,0
0.00163114,1,1,1,1,1,0,0,0,0,1,0,0,1,1,0,0
0.00163116,1,1,1,1,1,1,1,1,0,1,0,0,1,1,0,0
0.00163122,1,1,0,1,0,0,0,0,0,1,0,0,1,1,0,0
0.00163126,1,1,1,1,0,1,1,0,0,1,0,0,1,1,0,0
0.00163128,1,1,0,1,0,0,0,0,0,1,0,0,1,1,0,0
0.00163212,1,1,1,1,0,0,0,0,0,1,0,0,1,1,0,0
0.00163214,1,1,1,1,1,1,1,1,0,1,0,0,1,1,0,0
0.00163314,0,0,0,1,1,0,1,0,0,1,0,0,1,1,0,0
0.00163318,1,1,1,1,1,1,1,1,0,1,0,0,1,1,0,0
0.00163322,1,1,1,0,0,1,0,1,0,1,0,0,1,1,0,0
0.00163324,0,1,1,0,0,1,0,1,0,1,0,0,1,1,0,0
0.00163326,1,1,1,0,0,1,0,1,0,1,0,0,1,1,0,0
0.0016333,0,1,1,0,0,1,0,1,0,1,0,0,1,1,0,0
0.00163354,0,1,1,0,0,1,0,1,0,1,0,0,0,1,0,0
0.00163356,0,1,1,0,0,1,0,1,0,1,1,0,0,1,0,1
0.00163406,1,1,1,0,0,1,0,1,0,1,1,0,0,1,0,1
0.00163408,1,1,1,1,0,1,0,1,0,1,1,0,0,1,0,1
0.0016341,1,1,1,1,1,1,1,1,0,1,1,0,0,1,0,1
0.00163414,1,0,0,1,1,0,1,0,0,1,1,0,0,1,0,1
0.00163416,0,0,0,0,0,0,1,0,0,1,1,0,0,1,0,1
0.00163418,0,0,0,0,0,1,1,0,0,1,1,0,0,1,0,1
0.0016342,1,1,1,1,0,1,1,1,0,1,1,0,0,1,0,1
0.00163422,1,0,1,1,0,1,1,1,0,1,1,0,0,1,0,1
0.00163424,0,0,0,0,0,0,1,0,0,1,1,0,0,1,0,1
0.00163428,1,0,1,1,0,1,1,1,0,1,1,0,0,1,0,1
0.0016343,1,0,0,0,0,1,1,0,0,1,1,0,0,1,0,1
0.00163432,0,0,0,0,0,0,1,0,0,1,1,0,0,1,0,1
0.00163436,0,0,0,0,0,1,1,0,0,1,1,0,0,1,0,1
0.00163438,0,0,0,0,0,0,1,0,0,1,1,0,0,1,0,1
0.0016345,0,0,0,0,0,1,1,0,0,1,1,0,0,1,0,1
0.00163454,0,0,0,0,0,0,1,0,0,1,1,0,0,1,0,1
0.00163504,0,0,1,0,0,0,1,0,0,1,1,0,0,1,0,1
0.00163506,1,1,1,1,1,1,1,1,0,1,1,0,0,1,0,1
0.0016351,0,0,0,0,0,0,0,1,0,1,1,0,0,1,0,1
0.00163514,1,1,1,1,0,1,1,1,0,1,1,0,0,1,0,1
0.00163516,1,1,1,1,1,1,1,1,0,1,1,0,0,1,0,1
0.00163518,1,1,1,1,0,1,0,1,0,1,1,0,0,1,0,1
0.0016352,0,0,0,0,0,0,0,1,0,1,1,0,0,1,0,1
0.00163522,1,1,1,1,0,1,0,1,0,1,1,0,0,1,0,1
0.00163528,0,0,1,1,0,1,0,1,0,1,1,0,0,1,0,1
0.0016353,1,1,1,1,0,1,0,1,0,1,1,0,0,1,0,1
0.00163534,0,0,1,1,0,1,0,1,0,1,1,0,0,1,0,1
0.00163552,0,0,1,0,0,1,0,1,0,1,1,0,0,1,0,1
0.00163554,0,0,1,1,0,1,0,1,0,1,1,0,0,1,0,1
0.0016356,0,0,1,0,0,1,0,1,0,1,1,0,0,1,0,1
0.00163562,0,0,1,1,0,1,0,1,0,1,1,0,0,1,0,1
0.00163564,0,0,1,0,0,1,0,1,0,1,1,0,0,1,0,1
0.001636,0,0,0,0,0,1,0,1,0,1,1,0,0,1,0,1
0.00163602,1,1,1,1,0,0,0,1,0,1,1,0,0,1,0,1
0.00163604,1,1,1,1,1,1,1,1,0,1,1,0,0,1,0,1
0.0016361,0,1,1,1,0,1,0,0,0,1,1,0,0,1,0,1
0.00163614,1,1,1,1,1,1,1,1,0,1,1,0,0,1,0,1
0.00163616,0,1,1,1,0,1,0,0,0,1,1,0,0,1,0,1
0.001637,1,1,1,1,0,1,1,0,0,1,1,0,0,1,0,1
0.00163702,1,1,1,1,1,1,1,1,0,1,1,0,0,1,0,1
0.00163804,0,1,1,1,0,1,0,0,0,1,1,0,0,1,0,1
0.00163808,1,1,1,1,0,1,1,1,0,1,1,0,0,1,0,1
0.0016381,0,1,1,1,0,1,0,0,0,1,1,0,0,1,0,1
0.00163906,1,1,1,1,1,1,1,1,0,1,1,0,0,1,0,1
0.00163908,0,0,1,0,1,0,0,0,0,1,1,0,0,1,0,1
0.00163912,1,0,1,0,1,0,1,1,0,1,1,0,0,1,0,1
0.00163914,0,0,1,0,1,0,0,0,0,1,1,0,0,1,0,1
0.0016394,0,0,1,0,1,0,0,0,0,0,1,0,0,0,0,0
0.00163942,0,0,1,0,1,0,0,0,0,0,1,0,1,0,0,0
0.00163992,1,0,1,0,1,0,0,0,0,0,1,0,1,0,0,0
0.00163994,0,0,1,0,1,0,1,0,0,0,1,0,1,0,0,0
0.00163996,1,1,1,1,1,1,1,1,0,0,1,0,1,0,0,0
0.00164,0,0,0,0,0,0,1,0,0,0,1,0,1,0,0,0
0.00164004,0,0,0,0,0,1,1,0,0,0,1,0,1,0,0,0
0.00164006,1,1,1,1,0,1,1,1,0,0,1,0,1,0,0,0
0.00164008,0,0,0,0,0,1,1,0,0,0,1,0,1,0,0,0
0.0016401,0,0,0,0,0,0,1,0,0,0,1,0,1,0,0,0
0.00164014,0,0,0,0,0,1,1,0,0,0,1,0,1,0,0,0
0.00164016,0,0,0,0,0,0,1,0,0,0,1,0,1,0,0,0
0.0016409,0,0,1,0,0,1,1,0,0,0,1,0,1,0,0,0
0.00164092,1,1,1,1,1,0,1,1,0,0,1,0,1,0,0,0
0.00164094,1,1,1,1,1,1,1,1,0,0,1,0,1,0,0,0
0.00164098,0,0,0,0,0,0,0,1,0,0,1,0,1,0,0,0
0.00164102,1,1,1,1,1,1,1,1,0,0,1,0,1,0,0,0
0.00164104,1,0,1,1,0,1,0,1,0,0,1,0,1,0,0,0
0.00164106,0,0,0,0,0,0,0,1,0,0,1,0,1,0,0,0
0.0016411,0,0,1,0,0,1,0,1,0,0,1,0,1,0,0,0
0.00164114,0,0,0,0,0,0,0,1,0,0,1,0,1,0,0,0
0.00164118,0,0,0,0,0,1,0,1,0,0,1,0,1,0,0,0
0.0016412,0,0,0,0,0,0,0,1,0,0,1,0,1,0,0,0
0.00164188,1,0,0,0,0,0,0,1,0,0,1,0,1,0,0,0
0.0016419,1,1,1,1,1,1,0,1,0,0,1,0,1,0,0,0
0.00164192,1,1,1,1,1,1,1,1,0,0,1,0,1,0,0,0
0.00164196,1,1,0,0,1,0,0,0,0,0,1,0,1,0,0,0
0.001642,1,1,1,1,1,1,1,1,0,0,1,0,1,0,0,0
0.00164202,1,1,1,0,1,1,0,0,0,0,1,0,1,0,0,0
0.00164204,1,1,0,0,1,0,0,0,0,0,1,0,1,0,0,0
0.00164206,1,1,1,0,1,1,0,0,0,0,1,0,1,0,0,0
0.00164208,1,1,1,1,1,1,1,0,0,0,1,0,1,0,0,0
0.0016421,1,1,0,0,1,0,0,0,0,0,1,0,1,0,0,0
0.00164214,1,1,1,0,1,1,0,0,0,0,1,0,1,0,0,0
0.00164218,1,1,0,0,1,0,0,0,0,0,1,0,1,0,0,0
0.00164234,1,1,0,0,1,0,0,0,1,1,0,0,1,0,0,0
0.00164238,1,1,1,0,1,1,0,0,1,1,0,0,1,0,0,0
0.0016424,1,1,1,0,1,0,0,0,0,0,0,0,0,0,0,0
0.00164242,1,1,0,0,1,0,0,0,1,1,0,0,1,0,0,0
0.00164246,1,1,1,0,1,1,0,0,1,1,0,0,1,0,0,0
0.00164248,1,1,0,0,1,0,0,0,1,1,0,0,1,0,0,0
0.00164286,1,1,1,0,1,0,0,0,1,1,0,0,1,0,0,0
0.00164288,1,1,1,1,1,1,1,1,1,1,0,0,1,0,0,0
0.00164292,1,0,1,1,1,1,1,0,1,1,0,0,1,0,0,0
0.00164294,1,0,0,0,1,1,1,0,1,1,0,0,1,0,0,0
0.00164296,1,0,1,1,1,1,1,1,1,1,0,0,1,0,0,0
0.00164298,1,1,1,1,1,1,1,1,1,1,0,0,1,0,0,0
0.001643,1,0,0,0,1,1,1,0,1,1,0,0,1,0,0,0
0.00164304,1,0,1,1,1,1,1,0,1,1,0,0,1,0,0,0
0.00164306,1,0,0,0,1,1,1,0,1,1,0,0,1,0,0,0
0.00164384,1,1,0,0,1,1,1,0,1,1,0,0,1,0,0,0
0.00164386,1,1,1,1,1,1,1,0,1,1,0,0,1,0,0,0
0.00164388,1,1,1,1,1,1,1,1,1,1,0,0,1,0,0,0
0.00164392,0,1,0,0,1,0,0,0,1,1,0,0,1,0,0,0
0.00164396,1,1,1,1,1,1,1,1,1,1,0,0,1,0,0,0
0.00164398,0,1,1,1,1,0,0,0,1,1,0,0,1,0,0,0
0.001644,0,1,0,0,1,0,0,0,1,1,0,0,1,0,0,0
0.00164404,0,1,1,1,1,0,0,0,1,1,0,0,1,0,0,0
0.00164406,0,1,1,0,1,0,0,0,1,1,0,0,1,0,0,0
0.00164408,0,1,0,0,1,0,0,0,1,1,0,0,1,0,0,0
0.00164412,0,1,1,0,1,0,0,0,1,1,0,0,1,0,0,0
0.00164414,0,1,0,0,1,0,0,0,1,1,0,0,1,0,0,0
0.00164428,0,1,0,0,1,0,0,0,0,1,0,0,1,0,0,0
0.0016448,1,1,0,0,1,0,0,0,0,1,0,0,1,0,0,0
0.00164482,0,1,1,1,1,0,0,0,0,1,0,0,1,0,0,0
0.00164484,1,1,1,1,1,1,1,0,0,1,0,0,1,0,0,0
0.00164486,1,1,1,1,1,1,1,1,0,1,0,0,1,0,0,0
0.00164488,1,1,0,0,1,1,0,0,0,1,0,0,1,0,0,0
0.00164492,1,1,1,1,1,1,1,1,0,1,0,0,1,0,0,0
0.00164494,1,1,0,0,1,1,0,0,0,1,0,0,1,0,0,0
0.0016458,1,1,0,0,1,1,1,0,0,1,0,0,1,0,0,0
0.00164582,1,1,1,1,1,1,1,1,0,1,0,0,1,0,0,0
0.00164586,1,0,0,0,1,0,0,0,0,1,0,0,1,0,0,0
0.0016459,1,0,1,1,1,0,1,0,0,1,0,0,1,0,0,0
0.00164592,1,1,1,1,1,1,1,1,0,1,0,0,1,0,0,0
0.00164594,1,0,1,0,1,0,0,0,0,1,0,0,1,0,0,0
0.00164596,1,0,0,0,1,0,0,0,0,1,0,0,1,0,0,0
0.00164598,1,0,1,0,1,0,0,0,0,1,0,0,1,0,0,0
0.001646,1,0,1,1,1,0,0,0,0,1,0,0,1,0,0,0
0.00164602,1,0,0,0,1,0,0,0,0,1,0,0,1,0,0,0
0.00164606,1,0,1,0,1,0,0,0,0,1,0,0,1,0,0,0
0.0016461,1,0,0,0,1,0,0,0,0,1,0,0,1,0,0,0
0.00164624,1,0,0,0,1,0,0,0,1,0,0,0,1,0,0,0
0.0016463,1,0,0,0,1,0,0,0,1,0,0,0,0,0,0,0
0.00164632,1,0,0,0,1,0,0,0,1,0,0,0,1,0,0,0
0.00164676,1,1,1,1,1,0,0,0,1,0,0,0,1,0,0,0
0.00164678,1,1,0,1,1,1,1,1,1,0,0,0,1,0,0,0
0.0016468,1,1,1,1,1,1,1,1,1,0,0,0,1,0,0,0
0.00164684,0,0,1,1,1,0,1,0,1,0,0,0,1,0,0,0
0.00164688,1,1,1,1,1,1,1,1,1,0,0,0,1,0,0,0
0.0016469,0,0,1,1,1,0,1,0,1,0,0,0,1,0,0,0
0.00164696,0,0,1,1,1,1,1,0,1,0,0,0,1,0,0,0
0.00164698,0,0,1,1,1,0,1,0,1,0,0,0,1,0,0,0
0.00164774,1,1,1,1,1,0,1,0,1,0,0,0,1,0,0,0
0.00164776,1,1,1,1,1,1,1,1,1,0,0,0,1,0,0,0
0.00164782,0,0,0,1,0,1,0,0,1,0,0,0,1,0,0,0
0.00164786,1,1,1,1,0,1,1,1,1,0,0,0,1,0,0,0
0.0016479,0,0,0,1,0,1,0,0,1,0,0,0,1,0,0,0
0.00164794,0,0,1,1,0,1,0,0,1,0,0,0,1,0,0,0
0.00164798,0,0,0,1,0,1,0,0,1,0,0,0,1,0,0,0
0.00164818,0,0,1,1,0,1,0,0,0,0,0,0,0,0,0,0
0.0016482,0,0,0,1,0,1,0,0,0,0,0,1,0,1,0,0
0.00164824,0,0,1,1,0,1,0,0,0,0,0,1,0,1,0,0
0.00164826,0,0,0,1,0,1,0,0,0,0,0,0,0,0,0,0
0.00164828,0,0,0,1,0,1,0,0,0,0,0,1,0,1,0,0
0.00164832,0,0,1,1,0,1,0,0,0,0,0,1,0,1,0,0
0.00164834,0,0,0,1,0,1,0,0,0,0,0,1,0,1,0,0
0.00164872,1,1,1,1,0,1,1,0,0,0,0,1,0,1,0,0
0.00164874,1,1,1,1,1,1,1,1,0,0,0,1,0,1,0,0
0.00164876,0,0,1,1,0,1,1,0,0,0,0,1,0,1,0,0
0.00164878,1,1,0,0,0,0,1,1,0,0,0,1,0,1,0,0
0.0016488,0,0,0,0,0,0,1,0,0,0,0,1,0,1,0,0
0.00164882,0,0,1,0,0,0,1,0,0,0,0,1,0,1,0,0
0.00164884,1,1,1,0,0,0,1,1,0,0,0,1,0,1,0,0
0.00164886,0,0,0,0,0,0,1,0,0,0,0,1,0,1,0,0
0.0016497,0,0,0,0,0,0,1,1,0,0,0,1,0,1,0,0
0.00164972,1,1,1,0,0,0,0,1,0,0,0,1,0,1,0,0
0.00164974,0,0,0,0,0,0,0,1,0,0,0,1,0,1,0,0
0.00165068,1,0,0,0,0,0,0,1,0,0,0,1,0,1,0,0
0.0016507,1,0,1,1,0,0,0,0,0,0,0,1,0,1,0,0
0.00165072,0,0,1,1,1,0,1,0,0,0,0,1,0,1,0,0
0.00165074,0,1,1,1,1,0,1,0,0,0,0,1,0,1,0,0
0.00165076,0,0,1,1,1,0,1,0,0,0,0,1,0,1,0,0
0.0016517,1,1,1,1,1,0,1,0,0,0,0,1,0,1,0,0
0.00165172,1,1,1,1,1,1,1,1,0,0,0,1,0,1,0,0
0.00165176,1,0,0,0,1,1,1,0,0,0,0,1,0,1,0,0
0.00165178,1,0,0,0,0,1,0,0,0,0,0,1,0,1,0,0
0.0016521,1,0,0,0,0,1,0,0,1,0,0,0,0,1,0,0
0.00165216,1,0,0,0,0,1,0,0,0,0,0,0,0,0,0,0
0.00165218,1,0,0,0,0,1,0,0,1,0,0,0,0,1,0,0
0.00165264,1,1,1,1,1,1,1,1,1,0,0,0,0,1,0,0
0.0016527,0,0,0,0,0,0,1,0,1,0,0,0,0,1,0,0
0.00165274,0,0,1,1,0,0,1,1,1,0,0,0,0,1,0,0
0.00165276,0,1,1,1,1,1,1,1,1,0,0,0,0,1,0,0
0.00165278,0,0,0,0,0,0,1,0,1,0,0,0,0,1,0,0
0.0016536,1,1,1,1,1,0,1,0,1,0,0,0,0,1,0,0
0.00165362,1,1,1,1,1,1,1,1,1,0,0,0,0,1,0,0
0.00165366,0,0,0,0,0,0,0,1,1,0,0,0,0,1,0,0
0.0016537,1,1,1,1,0,1,0,1,1,0,0,0,0,1,0,0
0.00165372,1,1,1,1,1,1,1,1,1,0,0,0,0,1,0,0
0.00165374,1,0,1,1,0,0,0,1,1,0,0,0,0,1,0,0
0.00165376,0,0,0,0,0,0,0,1,1,0,0,0,0,1,0,0
0.00165378,0,0,1,0,0,0,0,1,1,0,0,0,0,1,0,0
0.0016538,1,0,1,1,0,1,0,1,1,0,0,0,0,1,0,0
0.00165382,0,0,1,0,0,0,0,1,1,0,0,0,0,1,0,0
0.00165384,0,0,0,0,0,0,0,1,1,0,0,0,0,1,0,0
0.00165388,0,0,1,0,0,0,0,1,1,0,0,0,0,1,0,0
0.0016539,0,0,0,0,0,0,0,1,1,0,0,0,0,1,0,0
0.00165402,0,0,1,0,0,0,0,1,1,0,0,0,0,1,0,0
0.00165404,0,0,0,0,0,0,0,1,1,0,0,0,0,1,0,0
0.00165456,0,0,1,0,0,0,0,1,1,0,0,0,0,1,0,0
0.00165458,0,1,1,1,0,0,0,1,1,0,0,0,0,1,0,0
0.0016546,1,1,1,1,1,1,1,1,1,0,0,0,0,1,0,0
0.00165466,0,0,1,1,1,0,1,0,1,0,0,0,0,1,0,0
0.0016547,1,1,1,1,1,1,1,1,1,0,0,0,0,1,0,0
0.00165472,0,0,1,1,1,0,1,0,1,0,0,0,0,1,0,0
0.00165562,1,1,1,1,1,1,1,1,1,0,0,0,0,1,0,0
0.00165564,1,1,0,0,1,1,1,1,1,0,0,0,0,1,0,0
0.00165566,0,1,1,1,1,0,1,1,1,0,0,0,0,1,0,0
0.00165568,0,1,0,0,1,0,1,1,1,0,0,0,0,1,0,0
0.00165572,1,1,1,1,1,1,1,1,1,0,0,0,0,1,0,0
0.00165574,0,1,0,0,1,0,1,1,1,0,0,0,0,1,0,0
0.001656,0,1,0,0,1,0,1,1,0,1,0,0,0,0,0,0
0.00165602,0,1,0,0,1,0,1,1,0,1,0,0,1,0,1,1
0.00165652,0,1,1,1,1,0,1,1,0,1,0,0,1,0,1,1
0.00165654,1,1,1,1,1,0,1,1,0,1,0,0,1,0,1,1
0.00165656,1,1,1,1,1,1,1,1,0,1,0,0,1,0,1,1
0.0016566,0,0,1,1,1,0,1,0,0,1,0,0,1,0,1,1
0.00165664,1,1,1,1,1,1,1,0,0,1,0,0,1,0,1,1
0.00165666,0,0,1,1,1,0,1,0,0,1,0,0,1,0,1,1
0.00165752,1,1,1,1,1,1,1,0,0,1,0,0,1,0,1,1
0.00165754,1,1,1,1,1,1,1,1,0,1,0,0,1,0,1,1
0.00165848,0,0,0,0,0,0,0,0,0,1,0,0,1,0,1,1
0.00165944,0,0,1,0,0,0,0,0,0,1,0,0,1,0,1,1
0.00165946,0,0,0,0,0,0,0,0,0,1,0,0,1,0,1,1
0.00165948,0,0,1,1,1,0,0,0,0,1,0,0,1,0,1,1
0.0016595,0,0,1,1,1,1,1,0,0,1,0,0,1,0,1,1
0.00165952,1,1,1,1,1,1,1,1,0,1,0,0,1,0,1,1
0.00165956,1,1,1,1,1,1,1,0,0,1,0,0,1,0,1,1
0.00165958,0,1,0,0,1,1,0,0,0,1,0,0,1,0,1,1
0.00165962,1,1,1,1,1,1,1,1,0,1,0,0,1,0,1,1
0.00165964,0,1,0,0,1,1,0,0,0,1,0,0,1,0,1,1
0.0016599,0,1,0,0,1,1,0,0,0,1,0,0,1,0,0,0
0.00165992,0,1,0,0,1,1,0,0,0,1,0,0,1,1,0,0
0.00166046,1,1,1,1,1,1,1,1,0,1,0,0,1,1,0,0
0.0016605,0,0,0,0,0,1,0,0,0,1,0,0,1,1,0,0
0.00166054,1,1,1,1,0,1,1,1,0,1,0,0,1,1,0,0
0.00166058,1,0,1,1,0,1,1,0,0,1,0,0,1,1,0,0
0.0016606,0,0,0,0,0,1,0,0,0,1,0,0,1,1,0,0
0.00166062,1,0,1,1,0,1,0,0,0,1,0,0,1,1,0,0
0.00166068,0,0,1,0,0,1,0,0,0,1,0,0,1,1,0,0
0.00166072,1,0,1,1,0,1,0,0,0,1,0,0,1,1,0,0
0.00166074,0,0,1,0,0,1,0,0,0,1,0,0,1,1,0,0
0.00166118,0,0,0,0,0,1,0,0,0,1,0,0,1,1,0,0
0.00166132,0,0,1,0,0,1,0,0,0,1,0,0,1,1,0,0
0.00166136,0,0,0,0,0,1,0,0,0,1,0,0,1,1,0,0
0.0016614,1,1,1,1,0,1,0,0,0,1,0,0,1,1,0,0
0.00166142,1,1,1,1,1,1,1,1,0,1,0,0,1,1,0,0
0.00166148,1,1,0,1,0,0,0,0,0,1,0,0,1,1,0,0
0.00166152,1,1,1,1,0,0,1,0,0,1,0,0,1,1,0,0
0.00166154,1,1,1,1,0,0,1,1,0,1,0,0,1,1,0,0
0.00166156,1,1,0,1,0,0,0,0,0,1,0,0,1,1,0,0
0.0016616,1,1,1,1,0,0,0,0,0,1,0,0,1,1,0,0
0.00166164,1,1,0,1,0,0,0,0,0,1,0,0,1,1,0,0
0.0016624,1,1,1,1,1,1,1,1,0,1,0,0,1,1,0,0
0.00166342,0,0,0,1,1,0,1,0,0,1,0,0,1,1,0,0
0.00166344,1,1,1,1,1,1,1,1,0,1,0,0,1,1,0,0
0.00166348,0,1,1,0,0,1,0,1,0,1,0,0,1,1,0,0
0.0016638,0,1,1,0,0,1,0,1,0,1,0,0,0,1,0,0
0.00166382,0,1,1,0,0,1,0,1,0,1,1,0,0,1,0,1
0.00166436,1,1,1,1,1,1,1,1,0,1,1,0,0,1,0,1
0.00166442,0,0,0,0,0,0,1,0,0,1,1,0,0,1,0,1
0.00166446,1,0,1,1,0,1,1,1,0,1,1,0,0,1,0,1
0.00166448,0,0,1,1,0,1,1,1,0,1,1,0,0,1,0,1
0.0016645,0,0,0,0,0,0,1,0,0,1,1,0,0,1,0,1
0.00166454,0,0,0,1,0,1,1,1,0,1,1,0,0,1,0,1
0.00166458,0,0,0,0,0,0,1,0,0,1,1,0,0,1,0,1
0.00166472,0,0,0,0,0,1,1,1,0,1,1,0,0,1,0,1
0.00166474,0,0,0,0,0,0,1,0,0,1,1,0,0,1,0,1
0.00166476,0,0,0,0,0,0,1,1,0,1,1,0,0,1,0,1
0.00166478,0,0,0,0,0,0,1,0,0,1,1,0,0,1,0,1
0.00166532,1,1,1,1,1,1,1,1,0,1,1,0,0,1,0,1
0.00166538,0,0,0,0,0,0,0,1,0,1,1,0,0,1,0,1
0.00166542,1,1,1,1,0,1,0,1,0,1,1,0,0,1,0,1
0.00166546,0,0,1,0,0,1,0,1,0,1,1,0,0,1,0,1
0.00166548,0,0,0,0,0,0,0,1,0,1,1,0,0,1,0,1
0.0016655,0,1,1,1,0,1,0,1,0,1,1,0,0,1,0,1
0.00166554,0,0,1,0,0,1,0,1,0,1,1,0,0,1,0,1
0.00166556,0,0,0,0,0,0,0,1,0,1,1,0,0,1,0,1
0.00166558,0,0,1,0,0,1,0,1,0,1,1,0,0,1,0,1
0.00166562,0,0,1,0,0,0,0,1,0,1,1,0,0,1,0,1
0.0016657,0,0,0,0,0,0,0,1,0,1,1,0,0,1,0,1
0.00166574,0,0,1,0,0,1,0,1,0,1,1,0,0,1,0,1
0.00166576,0,0,1,0,0,0,0,1,0,1,1,0,0,1,0,1
0.00166578,0,0,0,0,0,0,0,1,0,1,1,0,0,1,0,1
0.00166628,1,1,1,1,0,0,0,1,0,1,1,0,0,1,0,1
0.0016663,1,1,1,1,1,1,0,1,0,1,1,0,0,1,0,1
0.00166632,1,1,1,1,1,1,1,1,0,1,1,0,0,1,0,1
0.00166636,0,1,1,1,0,1,0,0,0,1,1,0,0,1,0,1
0.0016664,1,1,1,1,0,1,0,0,0,1,1,0,0,1,0,1
0.00166642,1,1,1,1,0,1,1,0,0,1,1,0,0,1,0,1
0.00166644,0,1,1,1,0,1,0,0,0,1,1,0,0,1,0,1
0.00166728,1,1,1,1,1,1,1,1,0,1,1,0,0,1,0,1
0.0016683,0,1,1,1,0,1,0,0,0,1,1,0,0,1,0,1
0.00166834,1,1,1,1,1,1,1,1,0,1,1,0,0,1,0,1
0.00166836,0,1,1,1,0,1,0,0,0,1,1,0,0,1,0,1
0.00166934,0,0,1,0,1,0,0,0,0,1,1,0,0,1,0,1
0.00166966,0,0,1,0,1,0,0,0,0,0,1,0,0,0,0,0
0.00166968,0,0,1,0,1,0,0,0,0,0,1,0,1,0,0,0
0.00166974,0,0,1,0,1,0,0,0,0,0,0,0,0,0,0,0
0.00166976,0,0,1,0,1,0,0,0,0,0,1,0,1,0,0,0
0.00167022,1,1,1,1,1,1,1,1,0,0,1,0,1,0,0,0
0.00167026,0,0,0,0,1,0,1,0,0,0,1,0,1,0,0,0
0.00167028,0,0,0,0,0,0,1,0,0,0,1,0,1,0,0,0
0.00167118,1,1,1,1,1,1,1,1,0,0,1,0,1,0,0,0
0.00167124,0,0,0,0,0,0,0,1,0,0,1,0,1,0,0,0
0.0016713,0,0,1,1,0,1,1,1,0,0,1,0,1,0,0,0
0.00167132,0,0,0,0,0,0,0,1,0,0,1,0,1,0,0,0
0.00167214,1,0,0,0,0,0,0,1,0,0,1,0,1,0,0,0
0.00167216,1,1,1,1,0,0,0,1,0,0,1,0,1,0,0,0
0.00167218,1,1,1,1,1,1,1,1,0,0,1,0,1,0,0,0
0.00167222,1,1,0,0,1,0,0,0,0,0,1,0,1,0,0,0
0.00167226,1,1,1,1,1,1,1,0,0,0,1,0,1,0,0,0
0.0016723,1,1,0,0,1,0,0,0,0,0,1,0,1,0,0,0
0.0016726,1,1,0,0,1,0,0,0,1,1,0,0,1,0,0,0
0.00167266,1,1,0,0,1,0,0,0,1,0,0,0,0,0,0,0
0.00167268,1,1,0,0,1,0,0,0,1,1,0,0,1,0,0,0
0.00167314,1,1,1,1,1,1,1,0,1,1,0,0,1,0,0,0
0.00167316,1,1,1,1,1,1,1,1,1,1,0,0,1,0,0,0
0.00167318,1,0,1,1,1,1,1,0,1,1,0,0,1,0,0,0
0.0016732,1,0,0,0,1,1,1,0,1,1,0,0,1,0,0,0
0.00167324,1,0,1,1,1,1,1,0,1,1,0,0,1,0,0,0
0.00167326,1,0,0,0,1,1,1,0,1,1,0,0,1,0,0,0
0.00167412,1,1,1,1,1,1,1,0,1,1,0,0,1,0,0,0
0.00167414,1,1,1,1,1,1,1,1,1,1,0,0,1,0,0,0
0.00167418,0,1,0,0,1,0,0,0,1,1,0,0,1,0,0,0
0.00167422,1,1,1,1,1,1,1,0,1,1,0,0,1,0,0,0
0.00167424,1,1,1,1,1,0,0,0,1,1,0,0,1,0,0,0
0.00167426,0,1,0,0,1,0,0,0,1,1,0,0,1,0,0,0
0.0016743,0,1,1,1,1,0,0,0,1,1,0,0,1,0,0,0
0.00167434,0,1,1,0,1,0,0,0,1,1,0,0,1,0,0,0
0.00167438,0,1,1,1,1,0,0,0,1,1,0,0,1,0,0,0
0.0016744,0,1,1,0,1,0,0,0,1,1,0,0,1,0,0,0
0.0016745,0,1,0,0,1,0,0,0,1,1,0,0,1,0,0,0
0.00167452,0,1,1,0,1,0,0,0,1,1,0,0,1,0,0,0
0.00167454,0,1,1,1,1,0,0,0,0,1,0,0,1,0,0,0
0.00167456,0,1,1,0,1,0,0,0,0,1,0,0,1,0,0,0
0.00167458,0,1,0,0,1,0,0,0,0,1,0,0,1,0,0,0
0.0016746,0,1,1,0,1,0,0,0,0,1,0,0,1,0,0,0
0.00167462,0,1,1,0,1,0,0,0,0,0,0,0,0,0,0,0
0.00167464,0,1,0,0,1,0,0,0,0,1,0,0,1,0,0,0
0.00167468,0,1,1,0,1,0,0,0,0,1,0,0,1,0,0,0
0.0016747,0,1,0,0,1,0,0,0,0,1,0,0,1,0,0,0
0.0016751,1,1,1,1,1,1,1,1,0,1,0,0,1,0,0,0
0.00167514,1,1,0,0,1,1,0,0,0,1,0,0,1,0,0,0
0.00167518,1,1,1,1,1,1,1,1,0,1,0,0,1,0,0,0
0.0016752,1,1,1,1,1,1,1,0,0,1,0,0,1,0,0,0
0.00167522,1,1,0,0,1,1,0,0,0,1,0,0,1,0,0,0
0.00167526,1,1,1,1,1,1,0,0,0,1,0,0,1,0,0,0
0.00167528,1,1,0,0,1,1,0,0,0,1,0,0,1,0,0,0
0.00167604,1,1,1,1,1,1,0,0,0,1,0,0,1,0,0,0
0.00167606,1,1,1,1,1,1,1,0,0,1,0,0,1,0,0,0
0.0016761,1,1,1,1,1,1,1,1,0,1,0,0,1,0,0,0
0.00167614,1,0,0,0,1,0,0,0,0,1,0,0,1,0,0,0
0.00167618,1,1,1,1,1,1,1,1,0,1,0,0,1,0,0,0
0.0016762,1,0,1,0,1,0,0,0,0,1,0,0,1,0,0,0
0.00167622,1,0,0,0,1,0,0,0,0,1,0,0,1,0,0,0
0.00167626,1,0,1,1,1,0,0,0,0,1,0,0,1,0,0,0
0.00167628,1,0,0,0,1,0,0,0,0,1,0,0,1,0,0,0
0.0016765,1,0,0,0,1,0,0,0,0,0,0,0,1,0,0,0
0.00167652,1,0,0,0,1,0,0,0,1,0,0,0,1,0,0,0
0.00167702,1,0,1,1,1,0,0,0,1,0,0,0,1,0,0,0
0.00167704,1,1,1,1,1,1,1,1,1,0,0,0,1,0,0,0
0.00167706,1,1,1,1,1,1,1,0,1,0,0,0,1,0,0,0
0.00167708,1,1,1,1,1,1,1,1,1,0,0,0,1,0,0,0
0.0016771,0,0,1,1,1,0,1,0,1,0,0,0,1,0,0,0
0.00167714,0,1,1,1,1,1,1,1,1,0,0,0,1,0,0,0
0.00167716,0,0,1,1,1,0,1,0,1,0,0,0,1,0,0,0
0.001678,1,1,1,1,1,0,1,0,1,0,0,0,1,0,0,0
0.00167802,1,1,1,1,1,1,1,1,1,0,0,0,1,0,0,0
0.00167808,1,0,0,1,0,1,0,0,1,0,0,0,1,0,0,0
0.00167812,1,1,1,1,0,1,1,1,1,0,0,0,1,0,0,0
0.00167816,1,0,0,1,0,1,0,0,1,0,0,0,1,0,0,0
0.0016782,1,0,1,1,0,1,0,0,1,0,0,0,1,0,0,0
0.00167822,1,0,0,1,0,1,0,0,1,0,0,0,1,0,0,0
0.00167846,1,0,0,1,0,1,0,0,1,0,0,1,0,1,0,0
0.001679,1,1,1,1,0,1,1,1,1,0,0,1,0,1,0,0
0.00167904,1,0,1,1,0,1,1,1,1,0,0,1,0,1,0,0
0.00167906,0,0,0,0,0,0,1,0,1,0,0,1,0,1,0,0
0.0016791,0,1,1,0,0,0,1,1,1,0,0,1,0,1,0,0
0.00167912,0,0,1,0,0,0,1,0,1,0,0,1,0,1,0,0
0.00167914,0,0,0,0,0,0,1,0,1,0,0,1,0,1,0,0
0.00167998,0,0,1,0,0,0,1,1,1,0,0,1,0,1,0,0
0.00168,0,0,0,0,0,0,0,1,1,0,0,1,0,1,0,0
0.00168096,1,0,0,1,0,1,0,0,1,0,0,1,0,1,0,0
0.00168098,1,0,1,1,0,1,0,0,1,0,0,1,0,1,0,0
0.001681,1,1,1,1,0,1,0,0,1,0,0,1,0,1,0,0
0.00168102,0,1,1,1,0,1,0,0,1,0,0,1,0,1,0,0
0.0016819,0,1,1,1,1,1,1,0,1,0,0,1,0,1,0,0
0.00168192,0,1,1,1,0,1,0,0,1,0,0,1,0,1,0,0
0.00168198,1,1,1,1,1,1,1,1,1,0,0,1,0,1,0,0
0.00168202,1,1,1,1,0,1,0,1,1,0,0,1,0,1,0,0
0.00168204,1,0,0,0,0,0,0,1,1,0,0,1,0,1,0,0
0.00168236,1,0,0,0,0,0,0,1,1,0,0,0,0,0,0,0
0.00168238,1,0,0,0,0,0,0,1,1,0,0,0,0,0,0,1
0.00168288,1,1,1,1,0,0,0,1,1,0,0,0,0,0,0,1
0.0016829,1,1,1,1,1,1,1,1,1,0,0,0,0,0,0,1
0.00168292,0,1,1,1,0,1,0,0,1,0,0,0,0,0,0,1
0.00168392,0,1,1,1,0,1,1,1,1,0,0,0,0,0,0,1
0.00168394,1,1,1,1,1,1,1,1,1,0,0,0,0,0,0,1
0.00168398,0,1,0,0,1,0,1,1,1,0,0,0,0,0,0,1
0.00168432,0,1,0,0,1,0,1,1,0,1,0,0,1,0,1,1
0.00168484,0,1,1,1,1,0,1,1,0,1,0,0,1,0,1,1
0.00168486,1,1,1,1,1,1,1,1,0,1,0,0,1,0,1,1
0.0016849,1,1,1,1,0,1,0,0,0,1,0,0,1,0,1,1
0.00168492,0,1,1,1,0,1,0,0,0,1,0,0,1,0,1,1
0.00168584,1,1,1,1,1,1,1,1,0,1,0,0,1,0,1,1
0.0016868,0,0,0,0,0,0,0,0,0,1,0,0,1,0,1,1
0.00168684,1,0,1,0,0,0,0,0,0,1,0,0,1,0,1,1
0.00168686,0,0,0,0,0,0,0,0,0,1,0,0,1,0,1,1
0.00168776,1,1,1,0,0,0,0,0,0,1,0,0,1,0,1,1
0.00168778,0,0,0,0,0,0,0,0,0,1,0,0,1,0,1,1
0.0016878,0,1,1,1,0,1,0,0,0,1,0,0,1,0,1,1
0.00168782,1,1,1,1,1,1,1,1,0,1,0,0,1,0,1,1
0.00168788,0,1,0,0,1,1,0,0,0,1,0,0,1,0,1,1
0.00168792,1,1,1,0,1,1,0,1,0,1,0,0,1,0,1,1
0.00168794,1,1,1,1,1,1,0,1,0,1,0,0,1,0,1,1
0.00168796,0,1,0,0,1,1,0,0,0,1,0,0,1,0,1,1
0.001688,0,1,1,0,1,1,0,0,0,1,0,0,1,0,1,1
0.00168802,0,1,0,0,1,1,0,0,0,1,0,0,1,0,1,1
0.00168822,0,1,0,0,1,1,0,0,0,1,0,0,1,0,0,0
0.00168824,0,1,0,0,1,1,0,0,0,1,0,0,1,1,0,0
0.00168876,1,1,1,1,1,1,0,0,0,1,0,0,1,1,0,0
0.00168878,1,1,1,1,1,1,1,1,0,1,0,0,1,1,0,0
0.00168882,1,1,0,0,0,1,0,0,0,1,0,0,1,1,0,0
0.00168886,1,1,1,1,0,1,1,1,0,1,0,0,1,1,0,0
0.00168888,1,1,1,0,0,1,0,0,0,1,0,0,1,1,0,0
0.0016889,1,1,0,0,0,1,0,0,0,1,0,0,1,1,0,0
0.00168892,1,1,1,0,0,1,0,0,0,1,0,0,1,1,0,0
0.00168896,1,1,0,0,0,1,0,0,0,1,0,0,1,1,0,0
0.001689,1,1,1,0,0,1,0,0,0,1,0,0,1,1,0,0
0.00168904,1,1,0,0,0,1,0,0,0,1,0,0,1,1,0,0
0.00168972,1,1,1,1,0,1,0,1,0,1,0,0,1,1,0,0
0.00168974,1,1,1,1,1,1,1,1,0,1,0,0,1,1,0,0
0.0016898,1,1,0,1,0,0,0,0,0,1,0,0,1,1,0,0
0.00168984,1,1,1,1,1,0,1,1,0,1,0,0,1,1,0,0
0.00168986,1,1,1,1,0,0,0,0,0,1,0,0,1,1,0,0
0.00168988,1,1,0,1,0,0,0,0,0,1,0,0,1,1,0,0
0.00168992,1,1,1,1,0,0,0,0,0,1,0,0,1,1,0,0
0.00168994,1,1,0,1,0,0,0,0,0,1,0,0,1,1,0,0
0.00169072,1,1,1,1,1,1,1,1,0,1,0,0,1,1,0,0
0.0016917,1,1,1,1,0,0,0,0,0,1,0,0,1,1,0,0
0.00169172,0,0,0,1,1,0,1,0,0,1,0,0,1,1,0,0
0.00169174,1,1,1,1,1,1,1,1,0,1,0,0,1,1,0,0
0.00169178,0,1,1,1,1,1,1,1,0,1,0,0,1,1,0,0
0.0016918,1,1,1,0,0,1,1,1,0,1,0,0,1,1,0,0
0.00169182,0,1,1,0,0,1,0,1,0,1,0,0,1,1,0,0
0.00169186,1,1,1,0,0,1,0,1,0,1,0,0,1,1,0,0
0.00169188,0,1,1,0,0,1,0,1,0,1,0,0,1,1,0,0
0.00169212,0,1,1,0,0,1,0,1,0,1,0,0,0,1,0,0
0.00169214,0,1,1,0,0,1,0,1,0,1,1,0,0,1,0,1
0.00169268,1,1,1,1,1,1,1,1,0,1,1,0,0,1,0,1
0.00169274,0,0,0,0,0,0,1,0,0,1,1,0,0,1,0,1
0.00169278,1,1,1,1,0,1,1,1,0,1,1,0,0,1,0,1
0.00169282,0,0,0,0,0,0,1,0,0,1,1,0,0,1,0,1
0.00169362,1,1,1,1,0,0,1,0,0,1,1,0,0,1,0,1
0.00169364,1,1,1,1,1,1,1,1,0,1,1,0,0,1,0,1
0.0016937,0,0,0,0,0,0,0,1,0,1,1,0,0,1,0,1
0.00169374,1,1,1,1,0,1,0,1,0,1,1,0,0,1,0,1
0.00169378,0,0,0,0,0,0,0,1,0,1,1,0,0,1,0,1
0.00169382,1,1,1,1,0,1,0,1,0,1,1,0,0,1,0,1
0.00169384,1,1,1,0,0,0,0,1,0,1,1,0,0,1,0,1
0.00169386,0,0,0,0,0,0,0,1,0,1,1,0,0,1,0,1
0.0016939,0,0,1,0,0,0,0,1,0,1,1,0,0,1,0,1
0.00169394,0,0,0,0,0,0,0,1,0,1,1,0,0,1,0,1
0.00169408,0,0,1,0,0,0,0,1,0,1,1,0,0,1,0,1
0.0016941,0,0,0,0,0,0,0,1,0,1,1,0,0,1,0,1
0.0016946,1,1,1,1,0,0,0,1,0,1,1,0,0,1,0,1
0.00169462,1,1,1,1,1,1,1,1,0,1,1,0,0,1,0,1
0.00169468,0,1,1,1,0,1,0,0,0,1,1,0,0,1,0,1
0.00169472,1,1,1,1,0,1,1,0,0,1,1,0,0,1,0,1
0.00169474,0,1,1,1,0,1,0,0,0,1,1,0,0,1,0,1
0.00169558,1,1,1,1,0,1,0,0,0,1,1,0,0,1,0,1
0.0016956,1,1,1,1,1,1,1,1,0,1,1,0,0,1,0,1
0.00169662,0,1,1,1,0,1,0,0,0,1,1,0,0,1,0,1
0.00169666,1,1,1,1,0,1,1,1,0,1,1,0,0,1,0,1
0.00169668,0,1,1,1,0,1,0,0,0,1,1,0,0,1,0,1
0.00169764,1,1,1,1,1,1,1,1,0,1,1,0,0,1,0,1
0.00169766,0,0,1,0,1,0,0,0,0,1,1,0,0,1,0,1
0.0016977,1,0,1,0,1,0,1,0,0,1,1,0,0,1,0,1
0.00169772,0,0,1,0,1,0,0,0,0,1,1,0,0,1,0,1
0.00169798,0,0,1,0,1,0,0,0,0,0,1,0,0,0,0,0
0.001698,0,0,1,0,1,0,0,0,0,0,1,0,1,0,0,0
0.00169854,1,1,1,1,1,1,1,1,0,0,1,0,1,0,0,0
0.00169858,0,0,0,0,0,0,1,0,0,0,1,0,1,0,0,0
0.00169862,0,0,0,0,0,1,1,0,0,0,1,0,1,0,0,0
0.00169864,1,1,1,1,0,1,1,1,0,0,1,0,1,0,0,0
0.00169866,0,0,0,0,0,1,1,0,0,0,1,0,1,0,0,0
0.00169868,0,0,0,0,0,0,1,0,0,0,1,0,1,0,0,0
0.00169872,0,0,0,0,0,1,1,0,0,0,1,0,1,0,0,0
0.00169874,0,0,0,0,0,0,1,0,0,0,1,0,1,0,0,0
0.00169948,0,0,1,0,0,1,1,0,0,0,1,0,1,0,0,0
0.0016995,1,1,1,1,1,1,1,1,0,0,1,0,1,0,0,0
0.00169956,0,0,0,0,0,0,0,1,0,0,1,0,1,0,0,0
0.0016996,1,1,1,1,1,1,1,1,0,0,1,0,1,0,0,0
0.00169962,1,0,1,1,0,1,0,1,0,0,1,0,1,0,0,0
0.00169964,0,0,0,0,0,0,0,1,0,0,1,0,1,0,0,0
0.00169968,0,0,1,0,0,1,0,1,0,0,1,0,1,0,0,0
0.0016997,0,0,0,0,0,0,0,1,0,0,1,0,1,0,0,0
0.00170046,1,1,1,1,0,0,0,1,0,0,1,0,1,0,0,0
0.00170048,1,1,1,1,1,1,1,1,0,0,1,0,1,0,0,0
0.00170054,1,1,0,0,1,0,0,0,0,0,1,0,1,0,0,0
0.00170058,1,1,1,1,1,1,1,0,0,0,1,0,1,0,0,0
0.0017006,1,1,0,0,1,0,0,0,0,0,1,0,1,0,0,0
0.00170066,1,1,1,0,1,0,0,0,0,0,1,0,1,0,0,0
0.00170068,1,1,0,0,1,0,0,0,0,0,1,0,1,0,0,0
0.00170092,1,1,0,0,1,0,0,0,1,1,0,0,1,0,0,0
0.00170098,1,1,0,0,1,0,0,0,0,0,0,0,0,0,0,0
0.001701,1,1,0,0,1,0,0,0,1,1,0,0,1,0,0,0
0.00170144,1,1,1,0,1,0,0,0,1,1,0,0,1,0,0,0
0.00170146,1,1,1,1,1,1,1,1,1,1,0,0,1,0,0,0
0.0017015,1,0,0,0,1,1,1,0,1,1,0,0,1,0,0,0
0.00170154,1,1,1,1,1,1,1,0,1,1,0,0,1,0,0,0
0.00170156,1,0,0,0,1,1,1,0,1,1,0,0,1,0,0,0
0.0017024,1,0,1,0,1,1,1,0,1,1,0,0,1,0,0,0
0.00170242,1,1,1,1,1,1,1,1,1,1,0,0,1,0,0,0
0.0017025,0,1,0,0,1,0,0,0,1,1,0,0,1,0,0,0
0.00170254,1,1,1,1,1,1,1,1,1,1,0,0,1,0,0,0
0.00170256,1,1,1,1,1,0,0,0,1,1,0,0,1,0,0,0
0.00170258,0,1,0,0,1,0,0,0,1,1,0,0,1,0,0,0
0.00170262,0,1,1,1,1,0,0,0,1,1,0,0,1,0,0,0
0.00170264,0,1,1,0,1,0,0,0,1,1,0,0,1,0,0,0
0.00170266,0,1,0,0,1,0,0,0,1,1,0,0,1,0,0,0
0.0017027,0,1,1,0,1,0,0,0,1,1,0,0,1,0,0,0
0.00170272,0,1,0,0,1,0,0,0,1,1,0,0,1,0,0,0
0.00170286,0,1,0,0,1,0,0,0,0,1,0,0,1,0,0,0
0.00170342,1,1,1,1,1,1,1,1,0,1,0,0,1,0,0,0
0.00170346,1,1,0,0,1,1,0,0,0,1,0,0,1,0,0,0
0.0017035,1,1,1,1,1,1,1,1,0,1,0,0,1,0,0,0
0.00170352,1,1,1,0,1,1,0,0,0,1,0,0,1,0,0,0
0.00170354,1,1,0,0,1,1,0,0,0,1,0,0,1,0,0,0
0.00170358,1,1,1,1,1,1,0,0,0,1,0,0,1,0,0,0
0.0017036,1,1,0,0,1,1,0,0,0,1,0,0,1,0,0,0
0.00170436,1,1,1,1,1,1,0,0,0,1,0,0,1,0,0,0
0.00170438,1,1,1,1,1,1,1,1,0,1,0,0,1,0,0,0
0.00170444,1,0,0,0,1,0,0,0,0,1,0,0,1,0,0,0
0.00170448,1,0,1,1,1,1,1,1,0,1,0,0,1,0,0,0
0.0017045,1,1,1,1,1,1,1,1,0,1,0,0,1,0,0,0
0.00170452,1,0,1,1,1,0,0,0,0,1,0,0,1,0,0,0
0.00170454,1,0,0,0,1,0,0,0,0,1,0,0,1,0,0,0
0.00170456,1,0,1,1,1,0,0,0,0,1,0,0,1,0,0,0
0.0017046,1,0,1,0,1,0,0,0,0,1,0,0,1,0,0,0
0.00170462,1,0,0,0,1,0,0,0,0,1,0,0,1,0,0,0
0.00170464,1,0,1,0,1,0,0,0,0,1,0,0,1,0,0,0
0.00170466,1,0,1,1,1,0,0,0,0,1,0,0,1,0,0,0
0.00170468,1,0,1,0,1,0,0,0,0,1,0,0,1,0,0,0
0.00170476,1,0,0,0,1,0,0,0,0,1,0,0,1,0,0,0
0.00170478,1,0,1,0,1,0,0,0,0,1,0,0,1,0,0,0
0.00170482,1,0,1,0,1,0,0,0,1,0,0,0,1,0,0,0
0.00170484,1,0,0,0,1,0,0,0,1,0,0,0,1,0,0,0
0.00170486,1,0,1,0,1,0,0,0,1,0,0,0,1,0,0,0
0.00170488,1,0,1,0,1,0,0,0,1,0,0,0,0,0,0,0
0.0017049,1,0,0,0,1,0,0,0,1,0,0,0,1,0,0,0
0.00170494,1,0,1,0,1,0,0,0,1,0,0,0,1,0,0,0
0.00170498,1,0,0,0,1,0,0,0,1,0,0,0,1,0,0,0
0.00170534,1,0,1,1,1,0,0,0,1,0,0,0,1,0,0,0
0.00170536,1,1,1,1,1,1,1,1,1,0,0,0,1,0,0,0
0.0017054,1,1,1,1,1,1,1,0,1,0,0,0,1,0,0,0
0.00170542,0,0,1,1,1,0,1,0,1,0,0,0,1,0,0,0
0.00170546,1,1,1,1,1,1,1,1,1,0,0,0,1,0,0,0
0.00170548,0,0,1,1,1,0,1,0,1,0,0,0,1,0,0,0
0.00170632,0,1,1,1,1,0,1,0,1,0,0,0,1,0,0,0
0.00170634,1,1,1,1,1,1,1,1,1,0,0,0,1,0,0,0
0.0017064,0,1,0,1,0,1,0,0,1,0,0,0,1,0,0,0
0.00170644,1,1,1,1,0,1,1,1,1,0,0,0,1,0,0,0
0.00170646,1,1,1,1,0,1,0,0,1,0,0,0,1,0,0,0
0.00170648,0,1,0,1,0,1,0,0,1,0,0,0,1,0,0,0
0.00170652,0,1,1,1,0,1,0,0,1,0,0,0,1,0,0,0
0.00170654,0,1,0,1,0,1,0,0,1,0,0,0,1,0,0,0
0.00170676,0,1,0,1,0,1,0,0,0,0,0,0,0,0,0,0
0.00170678,0,1,0,1,0,1,0,0,0,1,0,1,0,1,0,0
0.00170682,0,1,1,1,0,1,0,0,0,1,0,1,0,1,0,0
0.00170684,0,1,0,1,0,1,0,0,0,1,0,1,0,1,0,0
0.0017073,0,1,1,1,0,1,0,0,0,1,0,1,0,1,0,0
0.00170732,1,1,1,1,1,1,1,1,0,1,0,1,0,1,0,0
0.00170734,0,1,0,1,0,1,1,1,0,1,0,1,0,1,0,0
0.00170736,1,0,1,0,1,1,1,1,0,1,0,1,0,1,0,0
0.00170738,0,0,0,0,0,0,1,0,0,1,0,1,0,1,0,0
0.00170742,1,0,1,0,0,0,1,1,0,1,0,1,0,1,0,0
0.00170744,0,0,0,0,0,0,1,0,0,1,0,1,0,1,0,0
0.00170828,0,0,0,0,0,0,1,1,0,1,0,1,0,1,0,0
0.0017083,1,0,1,0,0,0,0,1,0,1,0,1,0,1,0,0
0.00170832,0,0,0,0,0,0,0,1,0,1,0,1,0,1,0,0
0.00170928,1,1,0,0,1,1,0,1,0,1,0,1,0,1,0,0
0.0017093,1,1,1,1,1,1,0,0,0,1,0,1,0,1,0,0
0.00170932,1,1,0,0,1,1,0,0,0,1,0,1,0,1,0,0
0.00171022,1,1,0,0,1,1,1,0,0,1,0,1,0,1,0,0
0.00171024,1,1,1,1,1,1,0,0,0,1,0,1,0,1,0,0
0.00171026,1,1,0,0,1,1,0,0,0,1,0,1,0,1,0,0
0.00171028,1,1,1,0,1,1,0,0,0,1,0,1,0,1,0,0
0.0017103,1,1,1,1,1,1,1,1,0,1,0,1,0,1,0,0
0.00171034,1,1,0,1,1,1,0,0,0,1,0,1,0,1,0,0
0.00171036,1,0,0,0,0,1,0,0,0,1,0,1,0,1,0,0
0.00171068,1,0,0,0,0,1,0,0,1,0,0,0,0,1,0,0
0.00171074,1,0,0,0,0,1,0,0,0,0,0,0,0,0,0,0
0.00171076,1,0,0,0,0,1,0,0,1,0,0,0,0,1,0,0
0.00171122,1,0,1,1,0,1,0,0,1,0,0,0,0,1,0,0
0.00171124,1,1,1,1,1,1,1,1,1,0,0,0,0,1,0,0
0.00171128,0,0,0,0,0,0,1,0,1,0,0,0,0,1,0,0
0.00171132,0,0,1,0,0,0,1,0,1,0,0,0,0,1,0,0
0.00171134,1,1,1,1,0,1,1,0,1,0,0,0,0,1,0,0
0.00171136,0,0,0,0,0,0,1,0,1,0,0,0,0,1,0,0
0.00171218,1,1,1,1,0,0,1,1,1,0,0,0,0,1,0,0
0.0017122,1,1,1,1,1,1,1,1,1,0,0,0,0,1,0,0
0.00171222,0,0,1,0,1,1,1,1,1,0,0,0,0,1,0,0
0.00171224,0,0,0,0,0,0,0,1,1,0,0,0,0,1,0,0
0.00171228,1,1,1,1,0,1,0,1,1,0,0,0,0,1,0,0
0.0017123,1,0,1,0,0,0,0,1,1,0,0,0,0,1,0,0
0.00171232,0,0,0,0,0,0,0,1,1,0,0,0,0,1,0,0
0.00171318,1,1,1,1,1,1,1,1,1,0,0,0,0,1,0,0
0.00171322,1,1,0,0,1,1,0,0,1,0,0,0,0,1,0,0
0.00171326,1,1,1,1,1,1,0,0,1,0,0,0,0,1,0,0
0.00171328,1,1,1,1,1,1,1,0,1,0,0,0,0,1,0,0
0.0017133,1,1,0,0,1,1,0,0,1,0,0,0,0,1,0,0
0.00171334,1,1,1,0,1,1,0,0,1,0,0,0,0,1,0,0
0.00171336,1,1,0,0,1,1,0,0,1,0,0,0,0,1,0,0
0.0017142,1,1,1,1,1,1,1,1,1,0,0,0,0,1,0,0
0.00171428,0,1,0,0,1,0,1,1,1,0,0,0,0,1,0,0
0.00171432,1,1,1,1,1,1,1,1,1,0,0,0,0,1,0,0
0.00171434,0,1,0,0,1,0,1,1,1,0,0,0,0,1,0,0
0.00171458,0,1,0,0,1,0,1,1,0,1,0,0,0,0,0,0
0.0017146,0,1,0,0,1,0,1,1,0,1,0,0,1,0,1,1
0.0017151,0,1,1,0,1,0,1,1,0,1,0,0,1,0,1,1
0.00171512,1,1,1,1,1,0,1,1,0,1,0,0,1,0,1,1
0.00171514,1,1,1,1,1,1,1,1,0,1,0,0,1,0,1,1
0.00171518,1,1,0,0,1,1,0,0,0,1,0,0,1,0,1,1
0.00171522,1,1,1,1,1,1,1,1,0,1,0,0,1,0,1,1
0.00171524,1,1,0,0,1,1,0,0,0,1,0,0,1,0,1,1
0.00171528,1,1,1,0,1,1,0,0,0,1,0,0,1,0,1,1
0.00171532,1,1,0,0,1,1,0,0,0,1,0,0,1,0,1,1
0.00171608,1,1,1,1,1,1,0,0,0,1,0,0,1,0,1,1
0.0017161,1,1,1,1,1,1,1,1,0,1,0,0,1,0,1,1
0.00171706,0,0,0,0,0,0,0,0,0,1,0,0,1,0,1,1
0.00171802,0,0,1,0,0,0,0,0,0,1,0,0,1,0,1,1
0.00171804,0,0,0,0,0,0,0,0,0,1,0,0,1,0,1,1
0.00171806,1,1,0,0,1,1,0,0,0,1,0,0,1,0,1,1
0.0017181,1,1,1,1,1,1,1,1,0,1,0,0,1,0,1,1
0.00171816,0,1,0,0,1,1,0,0,0,1,0,0,1,0,1,1
0.0017182,1,1,1,1,1,1,1,1,0,1,0,0,1,0,1,1
0.00171822,0,1,0,0,1,1,0,0,0,1,0,0,1,0,1,1
0.00171848,0,1,0,0,1,1,0,0,0,1,0,0,1,0,0,0
0.0017185,0,1,0,0,1,1,0,0,0,1,0,0,1,1,0,0
0.00171904,1,1,1,1,1,1,1,1,0,1,0,0,1,1,0,0
0.00171908,0,1,1,0,0,1,0,0,0,1,0,0,1,1,0,0
0.00171912,1,1,1,1,0,1,1,1,0,1,0,0,1,1,0,0
0.00171914,0,1,1,0,0,1,0,0,0,1,0,0,1,1,0,0
0.00172,1,1,1,1,1,1,1,1,0,1,0,0,1,1,0,0
0.00172006,1,1,0,1,0,0,0,0,0,1,0,0,1,1,0,0
0.0017201,1,1,1,1,0,0,1,0,0,1,0,0,1,1,0,0
0.00172012,1,1,0,1,0,0,0,0,0,1,0,0,1,1,0,0
0.00172098,1,1,1,1,1,1,1,1,0,1,0,0,1,1,0,0
0.00172198,1,0,1,1,1,1,1,1,0,1,0,0,1,1,0,0
0.001722,0,0,0,1,1,0,1,0,0,1,0,0,1,1,0,0
0.00172202,1,1,1,1,1,1,1,1,0,1,0,0,1,1,0,0
0.00172206,0,1,1,1,1,1,1,1,0,1,0,0,1,1,0,0
0.00172208,0,1,1,0,0,1,0,1,0,1,0,0,1,1,0,0
0.00172238,0,1,1,0,0,1,0,1,0,1,0,0,0,1,0,0
0.0017224,0,1,1,0,0,1,0,1,0,1,1,0,0,1,0,1
0.00172292,1,1,1,1,0,1,0,1,0,1,1,0,0,1,0,1
0.00172294,1,1,1,1,1,1,1,1,0,1,1,0,0,1,0,1
0.001723,0,0,0,0,0,0,1,0,0,1,1,0,0,1,0,1
0.00172304,1,1,1,1,0,1,1,0,0,1,1,0,0,1,0,1
0.00172308,0,0,0,0,0,0,1,0,0,1,1,0,0,1,0,1
0.00172312,1,0,1,1,0,0,1,0,0,1,1,0,0,1,0,1
0.00172314,0,0,1,0,0,0,1,0,0,1,1,0,0,1,0,1
0.00172372,0,0,0,0,0,0,1,0,0,1,1,0,0,1,0,1
0.00172374,0,0,1,0,0,0,1,0,0,1,1,0,0,1,0,1
0.00172376,0,0,0,0,0,0,1,0,0,1,1,0,0,1,0,1
0.00172378,0,0,1,0,0,0,1,0,0,1,1,0,0,1,0,1
0.00172384,0,0,0,0,0,0,1,0,0,1,1,0,0,1,0,1
0.00172386,0,0,1,0,0,0,1,0,0,1,1,0,0,1,0,1
0.00172388,0,0,0,0,0,0,1,0,0,1,1,0,0,1,0,1
0.0017239,1,1,1,1,0,0,1,1,0,1,1,0,0,1,0,1
0.00172392,1,1,1,1,1,1,1,1,0,1,1,0,0,1,0,1
0.00172396,0,0,0,0,0,0,0,1,0,1,1,0,0,1,0,1
0.00172398,0,1,1,0,0,1,0,1,0,1,1,0,0,1,0,1
0.001724,1,1,1,1,1,1,1,1,0,1,1,0,0,1,0,1
0.00172402,1,1,1,1,0,1,0,1,0,1,1,0,0,1,0,1
0.00172404,0,0,0,0,0,0,0,1,0,1,1,0,0,1,0,1
0.00172406,0,0,1,0,0,1,0,1,0,1,1,0,0,1,0,1
0.00172408,1,1,1,1,0,1,0,1,0,1,1,0,0,1,0,1
0.00172412,0,0,1,1,0,1,0,1,0,1,1,0,0,1,0,1
0.00172416,0,1,1,1,0,1,0,1,0,1,1,0,0,1,0,1
0.0017242,0,0,1,1,0,1,0,1,0,1,1,0,0,1,0,1
0.00172422,0,1,1,1,0,1,0,1,0,1,1,0,0,1,0,1
0.00172426,0,0,1,1,0,1,0,1,0,1,1,0,0,1,0,1
0.0017243,0,0,1,0,0,1,0,1,0,1,1,0,0,1,0,1
0.00172434,0,0,1,1,0,1,0,1,0,1,1,0,0,1,0,1
0.00172438,0,0,1,0,0,1,0,1,0,1,1,0,0,1,0,1
0.0017244,0,1,1,1,0,1,0,1,0,1,1,0,0,1,0,1
0.00172442,0,0,1,0,0,1,0,1,0,1,1,0,0,1,0,1
0.00172458,0,0,1,0,0,0,0,1,0,1,1,0,0,1,0,1
0.00172478,0,0,1,0,0,1,0,1,0,1,1,0,0,1,0,1
0.0017248,0,0,1,0,0,0,0,1,0,1,1,0,0,1,0,1
0.00172482,0,0,0,0,0,0,0,1,0,1,1,0,0,1,0,1
0.00172484,0,0,1,0,0,0,0,1,0,1,1,0,0,1,0,1
0.00172486,1,1,1,1,0,0,0,1,0,1,1,0,0,1,0,1
0.00172488,1,1,1,1,1,1,1,1,0,1,1,0,0,1,0,1
0.00172494,0,1,1,1,0,1,0,0,0,1,1,0,0,1,0,1
0.00172498,1,1,1,1,0,1,1,0,0,1,1,0,0,1,0,1
0.001725,1,1,1,1,0,1,0,0,0,1,1,0,0,1,0,1
0.00172502,0,1,1,1,0,1,0,0,0,1,1,0,0,1,0,1
0.00172586,1,1,1,1,1,1,1,1,0,1,1,0,0,1,0,1
0.00172688,0,1,1,1,0,1,0,0,0,1,1,0,0,1,0,1
0.00172692,1,1,1,1,1,1,1,1,0,1,1,0,0,1,0,1
0.00172694,0,1,1,1,0,1,0,0,0,1,1,0,0,1,0,1
0.00172792,0,0,1,0,1,0,0,0,0,1,1,0,0,1,0,1
0.00172824,0,0,1,0,1,0,0,0,0,0,1,0,0,0,0,0
0.00172826,0,0,1,0,1,0,0,0,0,0,1,0,1,0,0,0
0.00172832,0,0,1,0,1,0,0,0,0,0,0,0,0,0,0,0
0.00172834,0,0,1,0,1,0,0,0,0,0,1,0,1,0,0,0
0.0017288,1,1,1,1,1,1,1,1,0,0,1,0,1,0,0,0
0.00172886,0,0,0,0,0,0,1,0,0,0,1,0,1,0,0,0
0.0017289,1,1,1,1,0,1,1,0,0,0,1,0,1,0,0,0
0.00172894,0,0,0,0,0,0,1,0,0,0,1,0,1,0,0,0
0.00172898,0,0,1,0,0,0,1,0,0,0,1,0,1,0,0,0
0.001729,0,0,0,0,0,0,1,0,0,0,1,0,1,0,0,0
0.00172976,1,1,1,1,1,0,1,1,0,0,1,0,1,0,0,0
0.00172978,1,1,1,1,1,1,1,1,0,0,1,0,1,0,0,0
0.00172982,0,0,0,0,0,0,0,1,0,0,1,0,1,0,0,0
0.00172986,1,1,1,1,0,1,1,1,0,0,1,0,1,0,0,0
0.0017299,0,0,0,0,0,0,0,1,0,0,1,0,1,0,0,0
0.00172994,0,0,1,0,0,1,0,1,0,0,1,0,1,0,0,0
0.00172996,0,0,0,0,0,0,0,1,0,0,1,0,1,0,0,0
0.00173076,1,1,1,1,1,1,1,1,0,0,1,0,1,0,0,0
0.0017308,1,1,0,0,1,0,0,0,0,0,1,0,1,0,0,0
0.00173084,1,1,1,1,1,1,1,0,0,0,1,0,1,0,0,0
0.00173088,1,1,0,0,1,0,0,0,0,0,1,0,1,0,0,0
0.00173092,1,1,1,1,1,1,0,0,0,0,1,0,1,0,0,0
0.00173094,1,1,1,0,1,0,0,0,0,0,1,0,1,0,0,0
0.00173096,1,1,0,0,1,0,0,0,0,0,1,0,1,0,0,0
0.00173098,1,1,1,0,1,0,0,0,0,0,1,0,1,0,0,0
0.00173104,1,1,0,0,1,0,0,0,0,0,1,0,1,0,0,0
0.00173106,1,1,1,0,1,0,0,0,0,0,1,0,1,0,0,0
0.00173108,1,1,0,0,1,0,0,0,0,0,1,0,1,0,0,0
0.00173116,1,1,1,0,1,0,0,0,0,0,1,0,1,0,0,0
0.00173118,1,1,0,0,1,0,0,0,1,1,0,0,1,0,0,0
0.00173122,1,1,1,0,1,0,0,0,1,1,0,0,1,0,0,0
0.00173124,1,1,1,0,1,0,0,0,1,0,0,0,0,0,0,0
0.00173126,1,1,0,0,1,0,0,0,1,1,0,0,1,0,0,0
0.0017313,1,1,1,0,1,0,0,0,1,1,0,0,1,0,0,0
0.00173132,1,1,0,0,1,0,0,0,1,1,0,0,1,0,0,0
0.0017317,1,1,1,0,1,0,0,0,1,1,0,0,1,0,0,0
0.00173172,1,1,1,1,1,1,1,0,1,1,0,0,1,0,0,0
0.00173174,1,1,1,1,1,1,1,1,1,1,0,0,1,0,0,0
0.00173178,1,0,0,0,1,1,1,0,1,1,0,0,1,0,0,0
0.00173182,1,1,1,1,1,1,1,0,1,1,0,0,1,0,0,0
0.00173184,1,0,0,0,1,1,1,0,1,1,0,0,1,0,0,0
0.00173188,1,0,1,0,1,1,1,0,1,1,0,0,1,0,0,0
0.00173192,1,0,0,0,1,1,1,0,1,1,0,0,1,0,0,0
0.00173268,1,1,1,1,1,1,1,0,1,1,0,0,1,0,0,0
0.0017327,1,1,1,1,1,1,1,1,1,1,0,0,1,0,0,0
0.00173272,1,1,1,1,1,1,1,0,1,1,0,0,1,0,0,0
0.00173274,1,1,1,1,1,1,1,1,1,1,0,0,1,0,0,0
0.00173276,0,1,0,0,1,0,0,0,1,1,0,0,1,0,0,0
0.0017328,0,1,1,1,1,0,0,0,1,1,0,0,1,0,0,0
0.00173284,0,1,0,0,1,0,0,0,1,1,0,0,1,0,0,0
0.00173288,0,1,1,0,1,0,0,0,1,1,0,0,1,0,0,0
0.0017329,0,1,0,0,1,0,0,0,1,1,0,0,1,0,0,0
0.00173314,0,1,0,0,1,0,0,0,0,1,0,0,1,0,0,0
0.0017332,0,1,0,0,1,0,0,0,0,0,0,0,0,0,0,0
0.00173322,0,1,0,0,1,0,0,0,0,1,0,0,1,0,0,0
0.00173366,1,1,1,0,1,0,0,0,0,1,0,0,1,0,0,0
0.00173368,1,1,1,1,1,1,0,0,0,1,0,0,1,0,0,0
0.0017337,1,1,1,1,1,1,1,1,0,1,0,0,1,0,0,0
0.00173372,1,1,0,0,1,1,0,0,0,1,0,0,1,0,0,0
0.00173376,1,1,1,1,1,1,0,0,0,1,0,0,1,0,0,0
0.00173378,1,1,0,0,1,1,0,0,0,1,0,0,1,0,0,0
0.00173464,1,1,0,0,1,1,1,0,0,1,0,0,1,0,0,0
0.00173466,1,1,1,1,1,1,1,1,0,1,0,0,1,0,0,0
0.00173472,1,0,0,0,1,0,0,0,0,1,0,0,1,0,0,0
0.00173476,1,1,1,1,1,1,1,1,0,1,0,0,1,0,0,0
0.00173478,1,0,1,1,1,0,0,0,0,1,0,0,1,0,0,0
0.0017348,1,0,0,0,1,0,0,0,0,1,0,0,1,0,0,0
0.00173484,1,0,1,1,1,0,0,0,0,1,0,0,1,0,0,0
0.00173486,1,0,1,0,1,0,0,0,0,1,0,0,1,0,0,0
0.00173488,1,0,0,0,1,0,0,0,0,1,0,0,1,0,0,0
0.00173508,1,0,0,0,1,0,0,0,0,0,0,0,1,0,0,0
0.0017351,1,0,0,0,1,0,0,0,1,0,0,0,1,0,0,0
0.0017356,1,0,1,0,1,0,0,0,1,0,0,0,1,0,0,0
0.00173562,1,1,1,1,1,1,1,1,1,0,0,0,1,0,0,0
0.00173568,0,0,1,1,1,0,1,0,1,0,0,0,1,0,0,0
0.00173572,1,1,1,1,1,1,1,1,1,0,0,0,1,0,0,0
0.00173574,0,0,1,1,1,0,1,0,1,0,0,0,1,0,0,0
0.0017358,0,1,1,1,1,0,1,0,1,0,0,0,1,0,0,0
0.00173582,0,0,1,1,1,0,1,0,1,0,0,0,1,0,0,0
0.00173658,1,1,1,1,1,0,1,0,1,0,0,0,1,0,0,0
0.0017366,1,1,1,1,1,1,1,1,1,0,0,0,1,0,0,0
0.00173666,1,1,0,1,0,1,0,0,1,0,0,0,1,0,0,0
0.0017367,1,1,1,1,0,1,1,1,1,0,0,0,1,0,0,0
0.00173672,1,1,0,1,0,1,0,0,1,0,0,0,1,0,0,0
0.00173704,1,1,0,1,0,1,0,0,1,1,0,1,0,1,0,0
0.0017371,1,1,0,1,0,1,0,0,0,0,0,0,0,0,0,0
0.00173712,1,1,0,1,0,1,0,0,1,1,0,1,0,1,0,0
0.00173758,1,1,1,1,0,1,1,1,1,1,0,1,0,1,0,0
0.0017376,1,1,1,1,0,1,1,0,1,1,0,1,0,1,0,0
0.00173762,1,1,1,1,1,1,1,1,1,1,0,1,0,1,0,0
0.00173764,0,0,0,0,0,0,1,0,1,1,0,1,0,1,0,0
0.00173768,0,0,1,0,0,0,1,0,1,1,0,1,0,1,0,0
0.00173772,0,0,0,0,0,0,1,0,1,1,0,1,0,1,0,0
0.00173856,0,0,1,0,0,0,1,1,1,1,0,1,0,1,0,0
0.00173858,0,0,0,0,0,0,0,1,1,1,0,1,0,1,0,0
0.00173954,1,1,0,0,1,0,1,1,1,1,0,1,0,1,0,0
0.00173956,1,1,1,1,1,1,1,1,1,1,0,1,0,1,0,0
0.00173958,1,1,1,1,1,1,1,0,1,1,0,1,0,1,0,0
0.0017396,0,1,1,1,0,1,0,0,1,1,0,1,0,1,0,0
0.00173964,1,1,1,1,0,1,1,0,1,1,0,1,0,1,0,0
0.00173966,0,1,1,1,0,1,0,0,1,1,0,1,0,1,0,0
0.00174048,0,1,1,1,1,1,1,0,1,1,0,1,0,1,0,0
0.0017405,0,1,1,1,0,1,0,0,1,1,0,1,0,1,0,0
0.00174056,1,1,1,1,1,1,1,1,1,1,0,1,0,1,0,0
0.0017406,1,1,0,0,1,1,1,1,1,1,0,1,0,1,0,0
0.00174062,0,1,0,0,0,0,0,1,1,1,0,1,0,1,0,0
0.00174094,0,1,0,0,0,0,0,1,0,1,0,0,0,0,0,0
0.00174096,0,1,0,0,0,0,0,1,0,1,0,0,0,0,0,1
0.00174148,0,1,1,1,0,1,0,1,0,1,0,0,0,0,0,1
0.0017415,0,1,1,1,0,1,0,0,0,1,0,0,0,0,0,1
0.0017425,0,1,1,1,1,1,1,1,0,1,0,0,0,0,0,1
0.00174252,1,1,1,1,1,1,1,1,0,1,0,0,0,0,0,1
0.00174256,0,1,0,0,1,0,1,1,0,1,0,0,0,0,0,1
0.0017426,0,1,1,0,1,1,1,1,0,1,0,0,0,0,0,1
0.00174262,0,1,0,0,1,0,1,1,0,1,0,0,0,0,0,1
0.0017429,0,1,0,0,1,0,1,1,0,1,0,0,1,0,1,1
0.00174342,0,1,1,1,1,0,1,1,0,1,0,0,1,0,1,1
0.00174344,1,1,1,1,1,1,1,1,0,1,0,0,1,0,1,1
0.00174348,1,1,1,1,0,1,0,0,0,1,0,0,1,0,1,1
0.0017435,0,1,1,1,0,1,0,0,0,1,0,0,1,0,1,1
0.00174352,1,1,1,1,0,1,0,0,0,1,0,0,1,0,1,1
0.00174356,0,1,1,1,0,1,0,0,0,1,0,0,1,0,1,1
0.0017444,1,1,1,1,0,1,0,0,0,1,0,0,1,0,1,1
0.00174442,1,1,1,1,1,1,1,0,0,1,0,0,1,0,1,1
0.00174444,1,1,1,1,1,1,1,1,0,1,0,0,1,0,1,1
0.00174538,0,0,0,0,0,0,0,0,0,1,0,0,1,0,1,1
0.00174542,1,0,0,0,0,0,0,0,0,1,0,0,1,0,1,1
0.00174544,0,0,0,0,0,0,0,0,0,1,0,0,1,0,1,1
0.00174634,1,0,1,0,0,0,0,0,0,1,0,0,1,0,1,1
0.00174636,0,0,0,0,0,0,0,0,0,1,0,0,1,0,1,1
0.00174638,0,1,1,1,0,1,0,0,0,1,0,0,1,0,1,1
0.0017464,1,1,1,1,1,1,1,1,0,1,0,0,1,0,1,1
0.00174646,0,1,0,0,1,1,0,0,0,1,0,0,1,0,1,1
0.0017465,1,1,1,0,1,1,0,0,0,1,0,0,1,0,1,1
0.00174652,1,1,1,1,1,1,0,0,0,1,0,0,1,0,1,1
0.00174654,0,1,0,0,1,1,0,0,0,1,0,0,1,0,1,1
0.00174658,0,1,1,0,1,1,0,0,0,1,0,0,1,0,1,1
0.0017466,0,1,0,0,1,1,0,0,0,1,0,0,1,0,1,1
0.0017468,0,1,0,0,1,1,0,0,0,1,0,0,1,0,0,0
0.00174682,0,1,0,0,1,1,0,0,0,1,0,0,1,1,0,0
0.00174732,1,1,0,0,1,1,0,0,0,1,0,0,1,1,0,0
0.00174734,1,1,1,1,1,1,0,0,0,1,0,0,1,1,0,0
0.00174736,1,1,1,1,1,1,1,1,0,1,0,0,1,1,0,0
0.00174738,1,1,1,1,0,1,1,1,0,1,0,0,1,1,0,0
0.0017474,1,0,0,1,0,1,0,0,0,1,0,0,1,1,0,0
0.00174744,1,0,1,1,0,1,0,0,0,1,0,0,1,1,0,0
0.00174746,1,0,0,1,0,1,0,0,0,1,0,0,1,1,0,0
0.0017483,1,1,1,1,0,1,1,1,0,1,0,0,1,1,0,0
0.00174832,1,1,1,1,1,1,1,1,0,1,0,0,1,1,0,0
0.00174836,1,1,1,1,1,0,1,1,0,1,0,0,1,1,0,0
0.00174838,1,1,0,1,0,0,0,0,0,1,0,0,1,1,0,0
0.00174842,1,1,1,1,0,0,1,0,0,1,0,0,1,1,0,0
0.00174844,1,1,0,1,0,0,0,0,0,1,0,0,1,1,0,0
0.0017493,1,1,1,1,1,1,1,1,0,1,0,0,1,1,0,0
0.0017503,0,0,0,1,1,0,1,0,0,1,0,0,1,1,0,0
0.00175034,1,1,1,1,1,1,1,1,0,1,0,0,1,1,0,0
0.0017504,0,1,1,0,0,1,0,1,0,1,0,0,1,1,0,0
0.00175044,1,1,1,0,0,1,0,1,0,1,0,0,1,1,0,0
0.00175046,0,1,1,0,0,1,0,1,0,1,0,0,1,1,0,0
0.0017507,0,1,1,0,0,1,0,1,0,1,0,0,0,1,0,0
0.00175072,0,1,1,0,0,1,0,1,0,1,1,0,0,1,0,1
0.00175078,0,1,1,0,0,1,0,1,0,1,1,0,0,1,0,0
0.0017508,0,1,1,0,0,1,0,1,0,1,1,0,0,1,0,1
0.00175124,1,1,1,1,0,1,0,1,0,1,1,0,0,1,0,1
0.00175126,1,1,1,1,1,1,1,1,0,1,1,0,0,1,0,1
0.0017513,1,0,1,1,1,0,1,0,0,1,1,0,0,1,0,1
0.00175132,0,0,0,0,0,0,1,0,0,1,1,0,0,1,0,1
0.00175134,0,0,1,0,0,0,1,0,0,1,1,0,0,1,0,1
0.00175136,1,1,1,1,0,1,1,1,0,1,1,0,0,1,0,1
0.00175138,1,1,1,1,0,1,1,0,0,1,1,0,0,1,0,1
0.0017514,0,0,0,0,0,0,1,0,0,1,1,0,0,1,0,1
0.00175144,1,1,1,1,0,1,1,0,0,1,1,0,0,1,0,1
0.00175146,1,0,1,1,0,0,1,0,0,1,1,0,0,1,0,1
0.00175148,0,0,0,0,0,0,1,0,0,1,1,0,0,1,0,1
0.0017515,0,0,1,0,0,0,1,0,0,1,1,0,0,1,0,1
0.00175152,1,0,1,1,0,0,1,0,0,1,1,0,0,1,0,1
0.00175154,0,0,1,0,0,0,1,0,0,1,1,0,0,1,0,1
0.00175156,0,0,0,0,0,0,1,0,0,1,1,0,0,1,0,1
0.00175158,0,0,1,0,0,0,1,0,0,1,1,0,0,1,0,1
0.00175164,0,0,0,0,0,0,1,0,0,1,1,0,0,1,0,1
0.00175166,0,0,1,0,0,0,1,0,0,1,1,0,0,1,0,1
0.00175172,0,0,0,0,0,0,1,0,0,1,1,0,0,1,0,1
0.00175174,0,0,1,0,0,0,1,0,0,1,1,0,0,1,0,1
0.00175182,0,0,0,0,0,0,1,0,0,1,1,0,0,1,0,1
0.00175186,0,0,1,0,0,0,1,0,0,1,1,0,0,1,0,1
0.00175188,0,0,0,0,0,0,1,0,0,1,1,0,0,1,0,1
0.00175222,1,1,1,1,1,1,1,1,0,1,1,0,0,1,0,1
0.00175226,0,0,0,0,0,0,0,1,0,1,1,0,0,1,0,1
0.0017523,1,1,1,1,0,1,0,1,0,1,1,0,0,1,0,1
0.00175232,1,1,1,1,1,1,1,1,0,1,1,0,0,1,0,1
0.00175234,1,1,1,1,0,1,0,1,0,1,1,0,0,1,0,1
0.00175236,0,0,0,0,0,0,0,1,0,1,1,0,0,1,0,1
0.00175238,1,1,1,1,0,1,0,1,0,1,1,0,0,1,0,1
0.00175242,0,0,1,1,0,1,0,1,0,1,1,0,0,1,0,1
0.00175244,0,0,1,0,0,1,0,1,0,1,1,0,0,1,0,1
0.00175246,0,0,1,1,0,1,0,1,0,1,1,0,0,1,0,1
0.00175248,0,1,1,1,0,1,0,1,0,1,1,0,0,1,0,1
0.0017525,0,0,1,1,0,1,0,1,0,1,1,0,0,1,0,1
0.0017526,0,0,1,0,0,1,0,1,0,1,1,0,0,1,0,1
0.00175264,0,0,1,1,0,1,0,1,0,1,1,0,0,1,0,1
0.00175266,1,0,1,1,0,1,0,1,0,1,1,0,0,1,0,1
0.00175268,0,0,1,0,0,1,0,1,0,1,1,0,0,1,0,1
0.00175292,0,0,1,0,0,0,0,1,0,1,1,0,0,1,0,1
0.00175294,0,0,1,0,0,1,0,1,0,1,1,0,0,1,0,1
0.00175296,0,0,1,0,0,0,0,1,0,1,1,0,0,1,0,1
0.00175302,0,0,0,0,0,0,0,1,0,1,1,0,0,1,0,1
0.00175304,0,0,1,0,0,0,0,1,0,1,1,0,0,1,0,1
0.00175306,0,0,0,0,0,0,0,1,0,1,1,0,0,1,0,1
0.00175308,0,0,1,0,0,0,0,1,0,1,1,0,0,1,0,1
0.0017531,0,0,0,0,0,0,0,1,0,1,1,0,0,1,0,1
0.0017532,1,1,1,1,1,1,0,1,0,1,1,0,0,1,0,1
0.00175322,1,1,1,1,1,1,1,1,0,1,1,0,0,1,0,1
0.00175326,0,1,1,1,0,1,0,0,0,1,1,0,0,1,0,1
0.0017533,1,1,1,1,1,1,1,0,0,1,1,0,0,1,0,1
0.00175332,0,1,1,1,0,1,0,0,0,1,1,0,0,1,0,1
0.00175338,1,1,1,1,0,1,0,0,0,1,1,0,0,1,0,1
0.0017534,0,1,1,1,0,1,0,0,0,1,1,0,0,1,0,1
0.00175416,1,1,1,1,0,1,1,0,0,1,1,0,0,1,0,1
0.00175418,1,1,1,1,1,1,1,1,0,1,1,0,0,1,0,1
0.0017552,0,1,1,1,0,1,0,0,0,1,1,0,0,1,0,1
0.00175524,1,1,1,1,0,1,1,1,0,1,1,0,0,1,0,1
0.00175526,0,1,1,1,0,1,0,0,0,1,1,0,0,1,0,1
0.00175622,1,1,1,1,1,1,1,1,0,1,1,0,0,1,0,1
0.00175624,0,0,1,0,1,0,0,0,0,1,1,0,0,1,0,1
0.00175628,1,0,1,0,1,0,1,0,0,1,1,0,0,1,0,1
0.0017563,0,0,1,0,1,0,0,0,0,1,1,0,0,1,0,1
0.00175656,0,0,1,0,1,0,0,0,0,0,1,0,0,0,0,0
0.00175658,0,0,1,0,1,0,0,0,0,0,1,0,1,0,0,0
0.00175708,1,0,1,0,1,0,0,0,0,0,1,0,1,0,0,0
0.0017571,1,0,1,0,1,1,1,1,0,0,1,0,1,0,0,0
0.00175712,1,1,1,1,1,1,1,1,0,0,1,0,1,0,0,0
0.00175716,0,0,0,0,0,0,1,0,0,0,1,0,1,0,0,0
0.0017572,0,0,0,0,0,1,1,0,0,0,1,0,1,0,0,0
0.00175722,1,1,1,1,0,1,1,0,0,0,1,0,1,0,0,0
0.00175724,1,0,1,1,0,0,1,0,0,0,1,0,1,0,0,0
0.00175726,0,0,0,0,0,0,1,0,0,0,1,0,1,0,0,0
0.0017573,0,0,1,0,0,0,1,0,0,0,1,0,1,0,0,0
0.00175732,0,0,0,0,0,0,1,0,0,0,1,0,1,0,0,0
0.00175806,0,0,1,0,0,0,1,0,0,0,1,0,1,0,0,0
0.00175808,1,1,1,1,0,0,1,1,0,0,1,0,1,0,0,0
0.0017581,1,1,1,1,1,1,1,1,0,0,1,0,1,0,0,0
0.00175814,0,0,0,0,0,0,0,1,0,0,1,0,1,0,0,0
0.00175818,1,1,1,1,1,1,1,1,0,0,1,0,1,0,0,0
0.0017582,1,1,1,1,0,1,0,1,0,0,1,0,1,0,0,0
0.00175822,0,0,0,0,0,0,0,1,0,0,1,0,1,0,0,0
0.00175826,0,0,1,0,0,1,0,1,0,0,1,0,1,0,0,0
0.00175828,0,0,1,0,0,0,0,1,0,0,1,0,1,0,0,0
0.0017583,0,0,0,0,0,0,0,1,0,0,1,0,1,0,0,0
0.00175904,1,0,1,0,0,0,0,1,0,0,1,0,1,0,0,0
0.00175906,1,1,1,1,1,1,0,1,0,0,1,0,1,0,0,0
0.00175908,1,1,1,1,1,1,1,1,0,0,1,0,1,0,0,0
0.00175912,1,1,0,0,1,0,0,0,0,0,1,0,1,0,0,0
0.00175916,1,1,1,1,1,1,1,0,0,0,1,0,1,0,0,0
0.0017592,1,1,0,0,1,0,0,0,0,0,1,0,1,0,0,0
0.00175924,1,1,1,1,1,1,0,0,0,0,1,0,1,0,0,0
0.00175926,1,1,0,0,1,0,0,0,0,0,1,0,1,0,0,0
0.0017595,1,1,0,0,1,0,0,0,1,1,0,0,1,0,0,0
0.00175956,1,1,0,0,1,0,0,0,0,0,0,0,0,0,0,0
0.00175958,1,1,0,0,1,0,0,0,1,1,0,0,1,0,0,0
0.00176002,1,1,1,0,1,0,0,0,1,1,0,0,1,0,0,0
0.00176004,1,1,1,1,1,1,1,1,1,1,0,0,1,0,0,0
0.0017601,1,0,0,0,1,1,1,0,1,1,0,0,1,0,0,0
0.00176012,1,0,1,0,1,1,1,0,1,1,0,0,1,0,0,0
0.00176014,1,1,1,1,1,1,1,0,1,1,0,0,1,0,0,0
0.00176016,1,0,0,0,1,1,1,0,1,1,0,0,1,0,0,0
0.0017602,1,0,1,0,1,1,1,0,1,1,0,0,1,0,0,0
0.00176022,1,0,0,0,1,1,1,0,1,1,0,0,1,0,0,0
0.001761,1,1,1,1,1,1,1,0,1,1,0,0,1,0,0,0
0.00176102,1,1,1,1,1,1,1,1,1,1,0,0,1,0,0,0
0.00176108,0,1,0,0,1,0,0,0,1,1,0,0,1,0,0,0
0.00176112,1,1,1,1,1,1,1,1,1,1,0,0,1,0,0,0
0.00176114,1,1,1,1,1,0,0,0,1,1,0,0,1,0,0,0
0.00176116,0,1,0,0,1,0,0,0,1,1,0,0,1,0,0,0
0.00176118,0,1,1,0,1,0,0,0,1,1,0,0,1,0,0,0
0.0017612,0,1,1,1,1,0,0,0,1,1,0,0,1,0,0,0
0.00176124,0,1,1,0,1,0,0,0,1,1,0,0,1,0,0,0
0.00176128,0,1,1,1,1,0,0,0,1,1,0,0,1,0,0,0
0.0017613,0,1,1,0,1,0,0,0,1,1,0,0,1,0,0,0
0.00176144,0,1,1,1,1,0,0,0,0,1,0,0,1,0,0,0
0.00176146,0,1,1,0,1,0,0,0,0,1,0,0,1,0,0,0
0.00176148,0,1,0,0,1,0,0,0,0,1,0,0,1,0,0,0
0.0017615,0,1,1,1,1,0,0,0,0,1,0,0,1,0,0,0
0.00176152,0,1,1,0,1,0,0,0,0,1,0,0,1,0,0,0
0.00176154,0,1,0,0,1,0,0,0,0,1,0,0,1,0,0,0
0.00176158,0,1,1,0,1,0,0,0,0,1,0,0,1,0,0,0
0.0017616,0,1,0,0,1,0,0,0,0,1,0,0,1,0,0,0
0.00176162,0,1,1,0,1,0,0,0,0,1,0,0,1,0,0,0
0.00176164,0,1,0,0,1,0,0,0,0,1,0,0,1,0,0,0
0.00176196,1,1,0,0,1,0,0,0,0,1,0,0,1,0,0,0
0.00176198,0,1,1,1,1,1,0,0,0,1,0,0,1,0,0,0
0.001762,1,1,1,1,1,1,1,1,0,1,0,0,1,0,0,0
0.00176204,1,1,0,0,1,1,0,0,0,1,0,0,1,0,0,0
0.00176208,1,1,1,1,1,1,1,1,0,1,0,0,1,0,0,0
0.0017621,1,1,0,0,1,1,0,0,0,1,0,0,1,0,0,0
0.00176296,1,1,0,0,1,1,1,0,0,1,0,0,1,0,0,0
0.00176298,1,1,1,1,1,1,1,1,0,1,0,0,1,0,0,0
0.00176302,1,0,0,0,1,0,0,0,0,1,0,0,1,0,0,0
0.00176306,1,1,1,1,1,1,1,1,0,1,0,0,1,0,0,0
0.0017631,1,0,1,0,1,0,0,0,0,1,0,0,1,0,0,0
0.00176312,1,0,0,0,1,0,0,0,0,1,0,0,1,0,0,0
0.00176314,1,0,1,1,1,0,0,0,0,1,0,0,1,0,0,0
0.0017632,1,0,1,0,1,0,0,0,0,1,0,0,1,0,0,0
0.00176322,1,0,1,1,1,0,0,0,0,1,0,0,1,0,0,0
0.00176334,1,0,1,0,1,0,0,0,0,1,0,0,1,0,0,0
0.00176338,1,0,1,1,1,0,0,0,0,1,0,0,1,0,0,0
0.0017634,1,0,1,0,1,0,0,0,1,0,0,0,1,0,0,0
0.00176344,1,0,1,1,1,0,0,0,1,0,0,0,1,0,0,0
0.00176346,1,0,1,1,1,0,0,0,1,0,0,0,0,0,0,0
0.00176348,1,0,0,0,1,0,0,0,1,0,0,0,1,0,0,0
0.00176352,1,0,1,1,1,0,0,0,1,0,0,0,1,0,0,0
0.00176354,1,0,1,0,1,0,0,0,1,0,0,0,1,0,0,0
0.00176356,1,0,0,0,1,0,0,0,1,0,0,0,1,0,0,0
0.00176358,1,0,1,0,1,0,0,0,1,0,0,0,1,0,0,0
0.00176364,1,0,0,0,1,0,0,0,1,0,0,0,1,0,0,0
0.00176366,1,0,1,0,1,0,0,0,1,0,0,0,1,0,0,0
0.00176368,1,0,0,0,1,0,0,0,1,0,0,0,1,0,0,0
0.00176392,1,1,1,1,1,0,0,0,1,0,0,0,1,0,0,0
0.00176394,1,1,1,1,1,1,1,1,1,0,0,0,1,0,0,0
0.001764,0,0,1,1,1,0,1,0,1,0,0,0,1,0,0,0
0.00176404,1,1,1,1,1,1,1,1,1,0,0,0,1,0,0,0
0.00176406,0,0,1,1,1,0,1,0,1,0,0,0,1,0,0,0
0.0017649,1,1,1,1,1,0,1,0,1,0,0,0,1,0,0,0
0.00176492,1,1,1,1,1,1,1,1,1,0,0,0,1,0,0,0
0.00176494,1,1,1,1,1,1,1,0,1,0,0,0,1,0,0,0
0.00176496,1,1,1,1,1,1,1,1,1,0,0,0,1,0,0,0
0.00176498,0,0,1,1,0,1,0,0,1,0,0,0,1,0,0,0
0.00176502,1,1,1,1,0,1,1,1,1,0,0,0,1,0,0,0
0.00176504,0,0,1,1,0,1,0,0,1,0,0,0,1,0,0,0
0.00176534,0,0,1,1,0,1,0,0,0,0,0,0,0,0,0,0
0.00176536,0,0,1,1,0,1,0,0,0,0,1,1,0,1,0,0
0.0017659,1,1,1,1,0,1,1,1,0,0,1,1,0,1,0,0
0.00176592,1,0,1,1,0,1,1,0,0,0,1,1,0,1,0,0
0.00176594,1,1,0,0,1,1,1,1,0,0,1,1,0,1,0,0
0.00176596,0,0,0,0,0,0,1,0,0,0,1,1,0,1,0,0
0.001766,1,1,0,0,0,0,1,1,0,0,1,1,0,1,0,0
0.00176602,0,0,0,0,0,0,1,0,0,0,1,1,0,1,0,0
0.00176688,0,0,0,0,0,0,1,1,0,0,1,1,0,1,0,0
0.0017669,0,0,0,0,0,0,0,1,0,0,1,1,0,1,0,0
0.00176782,1,1,0,0,0,0,0,1,0,0,1,1,0,1,0,0
0.00176784,1,1,1,1,1,1,1,1,0,0,1,1,0,1,0,0
0.00176788,1,0,0,0,1,1,1,0,0,0,1,1,0,1,0,0
0.00176886,1,1,1,1,1,1,1,0,0,0,1,1,0,1,0,0
0.00176888,1,1,1,1,1,1,1,1,0,0,1,1,0,1,0,0
0.00176892,1,0,0,1,0,1,0,0,0,0,1,1,0,1,0,0
0.00176894,1,0,0,0,0,1,0,0,0,0,1,1,0,1,0,0
0.00176926,1,0,0,0,0,1,0,0,1,0,0,0,0,1,0,0
0.00176932,1,0,0,0,0,1,0,0,1,0,0,0,0,0,0,0
0.00176934,1,0,0,0,1,1,1,0,1,0,0,0,1,1,1,0
0.00176936,1,1,1,1,0,1,0,1,1,0,0,0,1,1,1,0
0.00176938,1,0,0,0,0,1,0,0,1,0,0,0,0,1,0,0
0.00176978,1,1,1,1,0,1,0,0,1,0,0,0,0,1,0,0
0.0017698,1,1,1,1,1,1,1,1,1,0,0,0,0,1,0,0
0.00176986,0,0,0,0,0,0,1,0,1,0,0,0,0,1,0,0
0.0017699,1,1,1,1,0,0,1,0,1,0,0,0,0,1,0,0
0.00176994,0,0,0,0,0,0,1,0,1,0,0,0,0,1,0,0
0.00177076,1,1,1,1,0,0,1,0,1,0,0,0,0,1,0,0
0.00177078,1,1,1,1,1,1,1,1,1,0,0,0,0,1,0,0
0.00177082,0,0,0,0,0,0,0,1,1,0,0,0,0,1,0,0
0.00177086,1,1,1,1,0,1,0,1,1,0,0,0,0,1,0,0
0.0017709,1,0,1,0,0,0,0,1,1,0,0,0,0,1,0,0
0.00177092,0,0,0,0,0,0,0,1,1,0,0,0,0,1,0,0
0.00177094,0,0,1,0,0,0,0,1,1,0,0,0,0,1,0,0
0.00177096,1,0,1,1,0,0,0,1,1,0,0,0,0,1,0,0
0.00177098,0,0,0,0,0,0,0,1,1,0,0,0,0,1,0,0
0.00177172,1,0,0,0,0,0,0,1,1,0,0,0,0,1,0,0
0.00177174,1,1,0,0,0,0,0,1,1,0,0,0,0,1,0,0
0.00177176,1,1,1,1,1,1,1,1,1,0,0,0,0,1,0,0
0.00177182,1,0,0,0,1,1,1,0,1,0,0,0,0,1,0,0
0.00177186,1,1,1,1,1,1,1,1,1,0,0,0,0,1,0,0
0.00177188,1,0,0,0,1,1,1,0,1,0,0,0,0,1,0,0
0.00177276,1,0,1,0,1,1,1,0,1,0,0,0,0,1,0,0
0.00177278,1,1,1,1,1,1,1,1,1,0,0,0,0,1,0,0
0.00177282,0,1,0,0,1,1,1,1,1,0,0,0,0,1,0,0
0.00177284,0,1,0,0,1,0,1,1,1,0,0,0,0,1,0,0
0.00177288,0,1,1,1,1,0,1,1,1,0,0,0,0,1,0,0
0.0017729,0,1,0,0,1,0,1,1,1,0,0,0,0,1,0,0
0.00177316,0,1,0,0,1,0,1,1,0,1,0,0,0,0,0,0
0.00177318,0,1,0,0,1,0,1,1,0,1,0,0,1,0,1,1
0.00177368,1,1,0,0,1,0,1,1,0,1,0,0,1,0,1,1
0.0017737,0,1,1,1,1,0,1,1,0,1,0,0,1,0,1,1
0.00177372,1,1,1,1,1,1,1,1,0,1,0,0,1,0,1,1
0.00177376,1,0,0,0,1,1,1,0,0,1,0,0,1,0,1,1
0.0017738,1,0,1,0,1,1,1,0,0,1,0,0,1,0,1,1
0.00177382,1,0,0,0,1,1,1,0,0,1,0,0,1,0,1,1
0.00177468,1,1,1,1,1,1,1,1,0,1,0,0,1,0,1,1
0.00177564,1,0,0,0,0,0,0,0,0,1,0,0,1,0,1,1
0.00177566,0,0,0,0,0,0,0,0,0,1,0,0,1,0,1,1
0.00177664,0,0,0,0,1,1,0,0,0,1,0,0,1,0,1,1
0.00177666,1,0,0,0,1,1,1,0,0,1,0,0,1,0,1,1
0.00177668,1,1,1,1,1,1,1,1,0,1,0,0,1,0,1,1
0.00177674,0,1,0,0,1,1,0,0,0,1,0,0,1,0,1,1
0.00177678,1,1,1,1,1,1,1,1,0,1,0,0,1,0,1,1
0.0017768,0,1,0,0,1,1,0,0,0,1,0,0,1,0,1,1
0.00177706,0,1,0,0,1,1,0,0,0,1,0,0,1,0,0,0
0.00177708,0,1,0,0,1,1,0,0,0,1,0,0,1,1,0,0
0.0017776,1,1,1,0,1,1,1,0,0,1,0,0,1,1,0,0
0.00177762,1,1,1,1,1,1,1,1,0,1,0,0,1,1,0,0
0.00177766,0,0,1,1,0,1,0,0,0,1,0,0,1,1,0,0
0.0017777,1,1,1,1,0,1,1,0,0,1,0,0,1,1,0,0
0.00177772,1,0,1,1,0,1,0,0,0,1,0,0,1,1,0,0
0.00177774,0,0,1,1,0,1,0,0,0,1,0,0,1,1,0,0
0.00177858,1,1,1,1,1,1,1,1,0,1,0,0,1,1,0,0
0.00177864,1,1,0,1,0,0,0,0,0,1,0,0,1,1,0,0
0.00177868,1,1,1,1,0,0,1,0,0,1,0,0,1,1,0,0
0.0017787,1,1,0,1,0,0,0,0,0,1,0,0,1,1,0,0
0.00177956,1,1,1,1,0,1,1,1,0,1,0,0,1,1,0,0
0.00177958,1,1,1,1,1,1,1,1,0,1,0,0,1,1,0,0
0.00178054,1,1,1,1,1,0,0,0,0,1,0,0,1,1,0,0
0.00178056,0,0,0,1,1,0,1,0,0,1,0,0,1,1,0,0
0.00178058,0,0,1,1,1,0,1,0,0,1,0,0,1,1,0,0
0.00178062,1,0,1,1,1,0,1,0,0,1,0,0,1,1,0,0
0.00178066,0,0,1,0,1,0,0,0,0,1,0,0,1,1,0,0
0.0017807,1,1,1,0,1,0,0,0,0,1,0,0,1,1,0,0
0.00178072,0,0,1,0,1,0,0,0,0,1,0,0,1,1,0,0
0.00178096,0,0,1,0,1,0,0,0,0,0,0,0,1,1,0,0
0.00178098,0,0,1,0,1,0,0,0,0,0,1,0,1,0,0,0
0.00178104,0,0,1,0,1,0,0,0,0,0,1,0,0,0,0,0
0.00178106,0,1,1,0,1,0,0,0,0,1,1,0,1,0,0,0
0.00178108,0,0,1,0,1,1,1,0,0,1,1,0,1,0,0,0
0.0017811,0,0,1,0,1,0,0,0,0,0,1,0,1,0,0,0
0.00178152,1,1,1,1,1,1,1,0,0,0,1,0,1,0,0,0
0.00178154,1,1,1,1,1,1,1,1,0,0,1,0,1,0,0,0
0.00178254,0,0,0,0,0,0,0,1,0,0,1,0,1,0,0,0
0.0017826,1,1,1,1,0,1,0,1,0,0,1,0,1,0,0,0
0.00178262,1,0,1,0,0,0,0,1,0,0,1,0,1,0,0,0
0.00178264,0,0,0,0,0,0,0,1,0,0,1,0,1,0,0,0
0.00178344,1,1,1,1,0,0,0,1,0,0,1,0,1,0,0,0
0.00178346,1,1,1,1,1,1,1,1,0,0,1,0,1,0,0,0
0.00178352,1,1,1,0,1,1,1,0,0,0,1,0,1,0,0,0
0.00178354,1,0,0,0,1,1,0,0,0,0,1,0,1,0,0,0
0.00178356,1,1,1,0,1,1,0,0,0,0,1,0,1,0,0,0
0.00178358,1,1,1,1,1,1,1,0,0,0,1,0,1,0,0,0
0.0017836,1,0,0,0,1,1,0,0,0,0,1,0,1,0,0,0
0.00178364,1,0,1,0,1,1,0,0,0,0,1,0,1,0,0,0
0.00178366,1,0,0,0,1,1,0,0,0,0,1,0,1,0,0,0
0.0017839,1,0,0,0,1,1,0,0,0,0,0,0,1,1,0,0
0.00178392,1,0,0,0,1,1,0,0,1,0,0,0,1,1,0,0
0.00178442,1,0,0,1,1,1,0,0,1,0,0,0,1,1,0,0
0.00178444,1,1,1,0,1,1,0,0,1,0,0,0,1,1,0,0
0.00178446,1,1,1,1,1,1,1,1,1,0,0,0,1,1,0,0
0.00178448,1,1,1,1,1,1,1,0,1,0,0,0,1,1,0,0
0.0017845,0,0,0,1,1,1,1,0,1,0,0,0,1,1,0,0
0.00178454,0,1,1,1,1,1,1,0,1,0,0,0,1,1,0,0
0.00178456,0,0,0,1,1,1,1,0,1,0,0,0,1,1,0,0
0.0017854,1,1,0,1,1,1,1,0,1,0,0,0,1,1,0,0
0.00178542,1,1,1,1,1,1,1,1,1,0,0,0,1,1,0,0
0.00178548,1,0,0,0,0,0,0,0,1,0,0,0,1,1,0,0
0.00178552,1,1,1,1,0,0,0,0,1,0,0,0,1,1,0,0
0.00178556,1,0,0,0,0,0,0,0,1,0,0,0,1,1,0,0
0.0017856,1,1,1,1,0,0,0,0,1,0,0,0,1,1,0,0
0.00178562,1,1,1,0,0,0,0,0,1,0,0,0,1,1,0,0
0.00178564,1,0,1,0,0,0,0,0,1,0,0,0,1,1,0,0
0.0017858,1,0,0,0,0,0,0,0,1,0,0,0,1,1,0,0
0.00178582,1,0,1,0,0,0,0,0,1,0,0,0,1,1,0,0
0.00178584,1,0,0,0,0,0,0,0,1,0,0,0,1,1,0,0
0.00178586,1,0,1,0,0,0,0,0,1,0,0,0,1,1,0,0
0.00178588,1,0,0,0,0,0,0,0,1,0,0,0,1,1,0,0
0.0017859,1,0,1,0,0,0,0,0,1,0,0,0,1,1,0,0
0.00178592,1,0,0,0,0,0,0,0,1,0,0,0,1,1,0,0
0.00178594,1,0,1,0,0,0,0,0,1,0,0,0,1,1,0,0
0.00178596,1,0,0,0,0,0,0,0,1,0,0,0,1,1,0,0
0.00178598,1,0,1,0,0,0,0,0,1,0,0,0,1,1,0,0
0.001786,1,0,0,0,0,0,0,0,1,0,0,0,1,1,0,0
0.00178638,1,0,1,1,0,0,0,0,1,0,0,0,1,1,0,0
0.0017864,1,1,1,1,1,1,1,1,1,0,0,0,1,1,0,0
0.0017874,1,1,1,1,1,1,1,0,1,0,0,0,1,1,0,0
0.00178742,0,0,1,0,1,0,0,0,1,0,0,0,1,1,0,0
0.00178746,1,1,1,1,1,1,1,1,1,0,0,0,1,1,0,0
0.00178748,0,0,1,0,1,0,0,0,1,0,0,0,1,1,0,0
0.00178754,0,0,1,1,1,0,0,0,1,0,0,0,1,1,0,0
0.00178756,0,0,1,0,1,0,0,0,1,0,0,0,1,1,0,0
0.0017878,0,0,1,0,1,0,0,0,0,0,0,0,1,0,0,0
0.00178782,0,0,1,0,1,0,0,0,0,0,1,0,1,0,0,0
0.00178788,1,0,1,0,1,0,0,0,0,0,1,0,0,0,0,0
0.0017879,1,0,1,1,1,0,0,0,1,0,1,0,1,0,0,0
0.00178792,0,0,1,0,1,0,0,0,0,0,1,0,1,0,0,0
0.00178834,0,1,1,1,1,0,0,0,0,0,1,0,1,0,0,0
0.00178836,1,1,1,1,1,1,1,1,0,0,1,0,1,0,0,0
0.00178938,0,0,0,0,0,0,0,1,0,0,1,0,1,0,0,0
0.00178942,1,1,0,1,0,1,0,1,0,0,1,0,1,0,0,0
0.00178944,1,1,1,1,0,1,1,1,0,0,1,0,1,0,0,0
0.00178946,1,1,1,1,0,0,0,1,0,0,1,0,1,0,0,0
0.00178948,0,0,0,0,0,0,0,1,0,0,1,0,1,0,0,0
0.0017895,0,0,0,1,0,0,0,1,0,0,1,0,1,0,0,0
0.00178952,1,1,0,1,0,0,0,1,0,0,1,0,1,0,0,0
0.00178954,0,0,0,1,0,0,0,1,0,0,1,0,1,0,0,0
0.00178956,0,0,0,0,0,0,0,1,0,0,1,0,1,0,0,0
0.00178958,0,0,0,1,0,0,0,1,0,0,1,0,1,0,0,0
0.00178964,0,0,0,0,0,0,0,1,0,0,1,0,1,0,0,0
0.00178966,0,0,0,1,0,0,0,1,0,0,1,0,1,0,0,0
0.00178972,0,0,0,0,0,0,0,1,0,0,1,0,1,0,0,0
0.00178974,0,0,0,1,0,0,0,1,0,0,1,0,1,0,0,0
0.0017898,0,0,0,0,0,0,0,1,0,0,1,0,1,0,0,0
0.00178982,0,0,0,1,0,0,0,1,0,0,1,0,1,0,0,0
0.00178986,0,0,0,0,0,0,0,1,0,0,1,0,1,0,0,0
0.00178988,0,0,0,1,0,0,0,1,0,0,1,0,1,0,0,0
0.0017899,0,0,0,0,0,0,0,1,0,0,1,0,1,0,0,0
0.00179028,1,1,1,0,0,0,0,1,0,0,1,0,1,0,0,0
0.0017903,1,1,1,1,1,1,1,1,0,0,1,0,1,0,0,0
0.00179036,0,1,0,0,1,0,0,0,0,0,1,0,1,0,0,0
0.0017904,1,1,1,1,1,1,1,0,0,0,1,0,1,0,0,0
0.00179044,0,1,0,0,1,0,0,0,0,0,1,0,1,0,0,0
0.00179046,1,1,1,1,1,0,0,0,0,0,1,0,1,0,0,0
0.00179048,1,1,1,1,1,1,1,0,0,0,1,0,1,0,0,0
0.0017905,1,1,1,1,1,0,0,0,0,0,1,0,1,0,0,0
0.00179052,0,1,1,1,1,0,0,0,0,0,1,0,1,0,0,0
0.00179054,1,1,1,1,1,0,0,0,0,0,1,0,1,0,0,0
0.00179058,0,1,1,1,1,0,0,0,0,0,1,0,1,0,0,0
0.00179074,1,1,1,1,1,0,0,0,0,1,0,0,1,0,0,0
0.00179076,0,1,0,0,1,0,0,0,0,1,0,0,1,0,0,0
0.00179078,0,1,1,1,1,0,0,0,0,1,0,0,1,0,0,0
0.0017908,1,1,1,1,1,0,0,0,0,0,0,0,0,0,0,0
0.00179082,0,1,0,0,1,0,0,0,0,1,0,0,1,0,0,0
0.00179086,1,1,1,1,1,0,0,0,0,1,0,0,1,0,0,0
0.00179088,0,1,1,1,1,0,0,0,0,1,0,0,1,0,0,0
0.0017909,0,1,0,0,1,0,0,0,0,1,0,0,1,0,0,0
0.00179092,0,1,1,0,1,0,0,0,0,1,0,0,1,0,0,0
0.00179096,0,1,0,0,1,0,0,0,0,1,0,0,1,0,0,0
0.00179128,1,1,1,1,1,0,0,0,0,1,0,0,1,0,0,0
0.0017913,1,1,1,1,1,1,1,1,0,1,0,0,1,0,0,0
0.00179134,1,0,0,0,0,0,0,0,0,1,0,0,1,0,0,0
0.00179138,1,1,1,1,0,1,1,0,0,1,0,0,1,0,0,0
0.0017914,1,1,1,1,0,1,1,1,0,1,0,0,1,0,0,0
0.00179142,1,0,0,0,0,0,0,0,0,1,0,0,1,0,0,0
0.00179146,1,0,1,1,0,1,1,0,0,1,0,0,1,0,0,0
0.0017915,1,0,1,1,0,1,0,0,0,1,0,0,1,0,0,0
0.00179166,1,0,1,1,0,0,0,0,0,1,0,0,1,0,0,0
0.00179168,1,0,1,1,0,1,0,0,0,1,0,0,1,0,0,0
0.0017917,1,0,1,0,0,0,0,0,0,1,0,0,1,0,0,0
0.00179172,1,0,1,1,0,1,0,0,0,1,0,0,1,0,0,0
0.00179176,1,0,1,1,0,0,0,0,0,1,0,0,1,0,0,0
0.00179192,1,0,1,0,0,0,0,0,0,1,0,0,1,0,0,0
0.00179198,1,0,0,0,0,0,0,0,0,1,0,0,1,0,0,0
0.001792,1,0,1,0,0,0,0,0,0,1,0,0,1,0,0,0
0.00179202,1,0,0,0,0,0,0,0,0,1,0,0,1,0,0,0
0.00179214,1,0,1,0,0,0,0,0,0,1,0,0,1,0,0,0
0.00179216,1,0,0,0,0,0,0,0,0,1,0,0,1,0,0,0
0.00179224,1,1,1,1,0,0,0,0,0,1,0,0,1,0,0,0
0.00179226,1,1,1,1,1,1,1,1,0,1,0,0,1,0,0,0
0.0017923,1,0,0,1,1,0,0,0,0,1,0,0,1,0,0,0
0.00179232,1,0,0,0,1,0,0,0,0,1,0,0,1,0,0,0
0.00179234,1,1,1,1,1,1,1,0,0,1,0,0,1,0,0,0
0.00179236,1,1,1,1,1,1,1,1,0,1,0,0,1,0,0,0
0.00179238,1,0,1,1,1,0,0,0,0,1,0,0,1,0,0,0
0.0017924,1,0,0,0,1,0,0,0,0,1,0,0,1,0,0,0
0.00179242,1,0,1,1,1,1,0,0,0,1,0,0,1,0,0,0
0.00179246,1,0,0,0,1,0,0,0,0,1,0,0,1,0,0,0
0.0017925,1,0,1,1,1,0,0,0,0,1,0,0,1,0,0,0
0.00179252,1,0,0,0,1,0,0,0,0,1,0,0,1,0,0,0
0.00179268,1,0,0,0,1,0,0,0,0,0,0,0,1,0,0,0
0.0017927,1,0,0,0,1,0,0,0,1,0,0,0,1,0,0,0
0.00179274,1,0,0,1,1,0,0,0,1,0,0,0,1,0,0,0
0.00179276,1,0,0,0,1,0,0,0,0,0,0,0,0,0,0,0
0.00179278,1,0,0,0,1,0,0,0,1,0,0,0,1,0,0,0
0.0017932,1,0,1,0,1,0,0,0,1,0,0,0,1,0,0,0
0.00179322,1,1,1,1,1,0,0,0,1,0,0,0,1,0,0,0
0.00179324,1,1,1,1,1,1,1,1,1,0,0,0,1,0,0,0
0.00179328,1,1,1,1,0,1,1,1,1,0,0,0,1,0,0,0
0.0017933,0,1,0,0,0,0,0,0,1,0,0,0,1,0,0,0
0.00179334,1,1,1,1,0,1,1,0,1,0,0,0,1,0,0,0
0.00179338,0,1,0,0,0,0,0,0,1,0,0,0,1,0,0,0
0.00179342,0,1,1,1,0,1,0,0,1,0,0,0,1,0,0,0
0.00179346,0,1,1,0,0,0,0,0,1,0,0,0,1,0,0,0
0.0017935,0,1,1,1,0,0,0,0,1,0,0,0,1,0,0,0
0.00179354,0,1,1,0,0,0,0,0,1,0,0,0,1,0,0,0
0.00179364,0,1,1,1,0,0,0,0,1,0,0,0,1,0,0,0
0.00179366,0,1,0,0,0,0,0,0,1,0,0,0,1,0,0,0
0.00179368,0,1,1,1,0,0,0,0,1,0,0,0,1,0,0,0
0.0017937,0,1,0,0,0,0,0,0,1,0,0,0,1,0,0,0
0.00179372,0,1,1,0,0,0,0,0,1,0,0,0,1,0,0,0
0.00179374,0,1,0,0,0,0,0,0,1,0,0,0,1,0,0,0
0.00179376,0,1,1,0,0,0,0,0,1,0,0,0,1,0,0,0
0.0017938,0,1,0,0,0,0,0,0,1,0,0,0,1,0,0,0
0.00179382,0,1,1,0,0,0,0,0,1,0,0,0,1,0,0,0
0.00179384,0,1,0,0,0,0,0,0,1,0,0,0,1,0,0,0
0.00179422,1,1,1,1,1,1,1,1,1,0,0,0,1,0,0,0
0.00179426,0,1,0,0,0,0,1,0,1,0,0,0,1,0,0,0
0.0017943,1,1,1,1,0,1,1,0,1,0,0,0,1,0,0,0
0.00179434,0,1,0,0,0,0,1,0,1,0,0,0,1,0,0,0
0.00179438,0,1,1,1,0,1,1,0,1,0,0,0,1,0,0,0
0.00179442,0,1,0,0,0,0,1,0,1,0,0,0,1,0,0,0
0.00179446,0,1,1,1,0,0,1,0,1,0,0,0,1,0,0,0
0.00179448,0,1,1,0,0,0,1,0,1,0,0,0,1,0,0,0
0.00179452,0,1,0,0,0,0,1,0,1,0,0,0,1,0,0,0
0.00179454,0,1,1,0,0,0,1,0,1,0,0,0,1,0,0,0
0.00179456,0,1,0,0,0,0,1,0,1,0,0,0,1,0,0,0
0.00179462,0,1,1,0,0,0,1,0,1,0,0,0,1,0,0,0
0.00179464,0,1,1,0,0,0,1,0,0,1,0,0,0,0,1,0
0.00179466,0,1,0,0,0,0,1,0,0,1,0,0,0,0,1,0
0.0017947,0,1,1,0,0,0,1,0,0,1,0,0,0,0,1,0
0.00179472,0,1,0,0,0,0,1,0,0,1,0,0,0,0,1,0
0.00179516,1,1,1,1,1,1,1,0,0,1,0,0,0,0,1,0
0.00179518,0,0,0,0,0,1,0,0,0,1,0,0,0,0,1,0
0.0017952,1,0,1,1,1,0,0,0,0,1,0,0,0,0,1,0
0.00179522,1,0,0,0,0,0,0,0,0,1,0,0,0,0,1,0
0.00179526,1,0,1,1,0,1,0,0,0,1,0,0,0,0,1,0
0.00179528,1,0,0,0,0,0,0,0,0,1,0,0,0,0,1,0
0.00179562,1,1,1,1,0,0,0,0,0,1,0,0,0,0,1,0
0.00179564,1,1,1,1,0,1,0,0,0,1,0,0,0,0,1,0
0.00179566,1,1,1,1,0,0,0,0,0,1,0,0,0,0,1,0
0.00179608,1,1,1,1,0,1,0,0,0,1,0,0,0,0,1,0
0.0017961,0,1,1,1,0,0,0,0,0,1,0,0,0,0,1,0
0.00179618,1,1,1,1,1,1,1,1,0,1,0,0,0,0,1,0
0.00179622,0,0,1,0,1,1,1,1,0,1,0,0,0,0,1,0
0.00179624,1,1,0,1,1,1,1,1,0,1,0,0,0,0,1,0
0.00179626,1,1,1,1,1,1,1,1,0,1,0,0,0,0,1,0
0.00179628,0,1,0,0,1,1,0,0,0,1,0,0,0,0,1,0
0.00179632,1,1,1,1,1,1,0,0,0,1,0,0,0,0,1,0
0.00179634,1,1,0,1,1,1,0,0,0,1,0,0,0,0,1,0
0.00179636,0,1,0,0,1,1,0,0,0,1,0,0,0,0,1,0
0.00179638,0,1,0,1,1,1,0,0,0,1,0,0,0,0,1,0
0.0017964,1,1,0,1,1,1,0,0,0,1,0,0,0,0,1,0
0.0017966,1,1,0,1,1,1,0,0,0,1,0,0,1,1,0,0
0.0017967,0,1,0,1,1,1,0,0,0,1,0,0,1,1,0,0
0.00179672,1,1,0,1,1,1,0,0,0,1,0,0,1,1,0,0
0.00179694,0,1,0,1,1,1,0,0,0,1,0,0,1,1,0,0
0.00179698,1,1,0,1,1,1,0,0,0,1,0,0,1,1,0,0
0.001797,0,1,0,1,1,1,0,0,0,1,0,0,1,1,0,0
0.00179702,1,1,0,1,1,1,0,0,0,1,0,0,1,1,0,0
0.00179704,0,1,0,1,1,1,0,0,0,1,0,0,1,1,0,0
0.00179706,1,1,0,1,1,1,0,0,0,1,0,0,1,1,0,0
0.00179708,0,1,0,1,1,1,0,0,0,1,0,0,1,1,0,0
0.0017971,1,1,0,1,1,1,0,0,0,1,0,0,1,1,0,0
0.00179714,1,1,1,1,1,1,1,1,0,1,0,0,1,1,0,0
0.0017972,0,1,1,0,0,0,0,1,0,1,0,0,1,1,0,0
0.00179722,1,1,1,1,0,0,0,1,0,1,0,0,1,1,0,0
0.00179724,1,1,1,1,0,1,1,1,0,1,0,0,1,1,0,0
0.00179726,1,1,1,1,0,0,0,1,0,1,0,0,1,1,0,0
0.00179728,0,1,1,0,0,0,0,1,0,1,0,0,1,1,0,0
0.0017973,1,1,1,1,0,0,0,1,0,1,0,0,1,1,0,0
0.00179804,0,1,1,0,0,0,0,1,0,1,0,0,1,1,0,0
0.00179806,1,1,1,1,0,0,0,1,0,1,0,0,1,1,0,0
0.00179808,0,1,1,1,0,0,0,1,0,1,0,0,1,1,0,0
0.0017981,1,1,1,1,1,0,1,1,0,1,0,0,1,1,0,0
0.00179812,1,1,1,1,1,1,1,1,0,1,0,0,1,1,0,0
0.00179818,1,0,0,0,0,0,0,0,0,1,0,0,1,1,0,0
0.00179822,1,0,1,1,0,1,1,0,0,1,0,0,1,1,0,0
0.00179824,1,0,0,1,0,1,1,0,0,1,0,0,1,1,0,0
0.00179826,1,0,0,0,0,0,0,0,0,1,0,0,1,1,0,0
0.0017983,1,0,0,1,0,1,0,0,0,1,0,0,1,1,0,0
0.00179832,1,0,0,1,0,0,0,0,0,1,0,0,1,1,0,0
0.0017985,1,0,0,0,0,0,0,0,0,1,0,0,1,1,0,0
0.00179852,1,0,0,1,0,0,0,0,0,1,0,0,1,1,0,0
0.00179858,1,0,0,0,0,0,0,0,0,1,0,0,1,1,0,0
0.0017986,1,0,0,1,0,0,0,0,0,1,0,0,1,1,0,0
0.00179864,1,0,0,0,0,0,0,0,0,1,0,0,1,1,0,0
0.00179866,1,0,0,1,0,0,0,0,0,1,0,0,1,1,0,0
0.00179868,1,0,0,0,0,0,0,0,0,1,0,0,1,1,0,0
0.00179908,1,0,1,1,0,1,1,0,0,1,0,0,1,1,0,0
0.0017991,1,1,1,1,1,1,1,1,0,1,0,0,1,1,0,0
0.0018001,0,1,0,0,1,0,0,0,0,1,0,0,1,1,0,0
0.00180014,1,1,1,1,1,1,0,0,0,1,0,0,1,1,0,0
0.00180016,1,1,1,1,1,1,1,0,0,1,0,0,1,1,0,0
0.00180018,0,1,0,0,1,0,0,0,0,1,0,0,1,1,0,0
0.0018005,0,1,0,0,1,0,0,0,0,1,0,0,1,0,0,0
0.00180104,1,1,1,1,1,0,0,0,0,1,0,0,1,0,0,0
0.00180106,1,1,1,1,1,1,1,1,0,1,0,0,1,0,0,0
0.0018011,0,1,0,0,0,0,0,0,0,1,0,0,1,0,0,0
0.00180114,1,1,1,1,0,1,1,0,0,1,0,0,1,0,0,0
0.00180116,1,1,1,1,0,1,1,1,0,1,0,0,1,0,0,0
0.00180118,1,1,1,1,0,0,0,0,0,1,0,0,1,0,0,0
0.0018012,0,1,1,0,0,0,0,0,0,1,0,0,1,0,0,0
0.00180122,1,1,1,1,0,1,1,0,0,1,0,0,1,0,0,0
0.00180126,1,1,1,1,0,1,0,0,0,1,0,0,1,0,0,0
0.00180168,1,1,1,1,0,0,0,0,0,1,0,0,1,0,0,0
0.00180192,0,1,1,0,0,0,0,0,0,1,0,0,1,0,0,0
0.00180194,1,1,1,1,0,0,0,0,0,1,0,0,1,0,0,0
0.001802,1,1,1,1,1,1,1,1,0,1,0,0,1,0,0,0
0.00180208,1,0,0,0,1,0,0,0,0,1,0,0,1,0,0,0
0.00180212,1,1,1,1,1,1,1,1,0,1,0,0,1,0,0,0
0.00180214,1,0,1,1,1,1,1,0,0,1,0,0,1,0,0,0
0.00180216,1,0,0,0,1,0,0,0,0,1,0,0,1,0,0,0
0.0018022,1,0,1,1,1,1,0,0,0,1,0,0,1,0,0,0
0.00180222,1,0,1,1,1,0,0,0,0,1,0,0,1,0,0,0
0.00180224,1,0,0,0,1,0,0,0,0,1,0,0,1,0,0,0
0.00180226,1,0,1,0,1,0,0,0,0,1,0,0,1,0,0,0
0.00180228,1,0,1,1,1,0,0,0,0,1,0,0,1,0,0,0
0.0018023,1,0,1,0,1,0,0,0,0,1,0,0,1,0,0,0
0.00180244,1,0,1,0,1,0,0,0,0,0,0,0,1,0,0,0
0.00180246,1,0,0,0,1,0,0,0,1,0,0,0,1,0,0,0
0.0018025,1,0,1,1,1,0,0,0,1,0,0,0,1,0,0,0
0.00180252,1,0,1,0,1,0,0,0,0,0,0,0,0,0,0,0
0.00180254,1,0,0,0,1,0,0,0,1,0,0,0,1,0,0,0
0.00180258,1,0,1,1,1,0,0,0,1,0,0,0,1,0,0,0
0.0018026,1,0,0,0,1,0,0,0,1,0,0,0,1,0,0,0
0.00180298,1,1,1,1,1,0,0,0,1,0,0,0,1,0,0,0
0.001803,1,1,1,1,1,1,1,1,1,0,0,0,1,0,0,0
0.00180304,1,1,1,1,0,1,1,1,1,0,0,0,1,0,0,0
0.00180306,0,1,0,0,0,0,0,0,1,0,0,0,1,0,0,0
0.00180308,0,1,1,1,0,1,0,0,1,0,0,0,1,0,0,0
0.0018031,1,1,1,1,0,1,1,1,1,0,0,0,1,0,0,0
0.00180312,1,1,1,1,0,1,1,0,1,0,0,0,1,0,0,0
0.00180314,0,1,1,0,0,0,0,0,1,0,0,0,1,0,0,0
0.00180316,0,1,1,1,0,0,0,0,1,0,0,0,1,0,0,0
0.00180318,1,1,1,1,0,1,1,0,1,0,0,0,1,0,0,0
0.0018032,0,1,1,1,0,1,0,0,1,0,0,0,1,0,0,0
0.00180322,0,1,1,1,0,0,0,0,1,0,0,0,1,0,0,0
0.00180326,1,1,1,1,0,1,0,0,1,0,0,0,1,0,0,0
0.0018033,0,1,1,1,0,0,0,0,1,0,0,0,1,0,0,0
0.00180334,1,1,1,1,0,1,0,0,1,0,0,0,1,0,0,0
0.00180336,1,1,1,1,0,0,0,0,1,0,0,0,1,0,0,0
0.00180338,0,1,1,1,0,0,0,0,1,0,0,0,1,0,0,0
0.0018034,0,1,1,1,0,1,0,0,1,0,0,0,1,0,0,0
0.00180342,0,1,1,0,0,0,0,0,1,0,0,0,1,0,0,0
0.00180344,1,1,1,1,0,1,0,0,1,0,0,0,1,0,0,0
0.00180346,0,1,1,1,0,0,0,0,1,0,0,0,1,0,0,0
0.00180364,0,1,1,0,0,0,0,0,1,0,0,0,1,0,0,0
0.00180366,0,1,1,1,0,0,0,0,1,0,0,0,1,0,0,0
0.0018037,0,1,1,0,0,0,0,0,1,0,0,0,1,0,0,0
0.00180376,0,1,1,1,0,0,0,0,1,0,0,0,1,0,0,0
0.00180378,0,1,1,0,0,0,0,0,1,0,0,0,1,0,0,0
0.00180386,0,1,1,1,0,0,0,0,1,0,0,0,1,0,0,0
0.00180388,0,1,1,0,0,0,0,0,1,0,0,0,1,0,0,0
0.00180396,1,1,1,1,1,0,1,1,1,0,0,0,1,0,0,0
0.00180398,1,1,1,1,1,1,1,1,1,0,0,0,1,0,0,0
0.00180404,0,1,0,0,0,0,1,0,1,0,0,0,1,0,0,0
0.00180406,0,1,1,0,0,0,1,0,1,0,0,0,1,0,0,0
0.00180408,1,1,1,1,1,1,1,1,1,0,0,0,1,0,0,0
0.0018041,1,1,1,1,0,1,1,0,1,0,0,0,1,0,0,0
0.00180412,0,1,0,0,0,0,1,0,1,0,0,0,1,0,0,0
0.00180414,1,1,1,1,0,1,1,0,1,0,0,0,1,0,0,0
0.0018042,0,1,1,1,0,0,1,0,1,0,0,0,1,0,0,0
0.00180422,1,1,1,1,0,1,1,0,1,0,0,0,1,0,0,0
0.00180428,0,1,1,1,0,1,1,0,1,0,0,0,1,0,0,0
0.0018043,1,1,1,1,0,1,1,0,1,0,0,0,1,0,0,0
0.00180434,0,1,1,1,0,0,1,0,1,0,0,0,1,0,0,0
0.00180438,1,1,1,1,0,1,1,0,1,0,0,0,1,0,0,0
0.0018044,1,1,1,1,0,1,1,0,0,0,0,0,0,0,1,0
0.00180442,0,1,1,1,0,0,1,0,0,1,0,0,0,0,1,0
0.00180446,1,1,1,1,0,1,1,0,0,1,0,0,0,0,1,0
0.00180448,0,1,1,1,0,0,1,0,0,1,0,0,0,0,1,0
0.0018045,0,1,1,0,0,0,1,0,0,1,0,0,0,0,1,0
0.00180452,0,1,1,1,0,0,1,0,0,1,0,0,0,0,1,0
0.00180454,1,1,1,1,0,1,1,0,0,1,0,0,0,0,1,0
0.00180456,0,1,1,0,0,0,1,0,0,1,0,0,0,0,1,0
0.00180458,0,1,1,1,0,0,1,0,0,1,0,0,0,0,1,0
0.00180464,0,1,1,0,0,0,1,0,0,1,0,0,0,0,1,0
0.00180484,0,1,1,1,0,0,1,0,0,1,0,0,0,0,1,0
0.00180486,0,1,1,0,0,0,1,0,0,1,0,0,0,0,1,0
0.00180492,1,1,1,1,0,1,1,0,0,1,0,0,0,0,1,0
0.00180494,0,0,0,1,0,0,0,0,0,1,0,0,0,0,1,0
0.00180496,1,0,1,1,0,1,1,1,0,1,0,0,0,0,1,0
0.00180498,0,0,0,0,0,0,0,0,0,1,0,0,0,0,1,0
0.00180502,1,0,1,1,0,1,0,0,0,1,0,0,0,0,1,0
0.00180506,0,0,0,0,0,0,0,0,0,1,0,0,0,0,1,0
0.00180512,0,0,1,0,0,0,0,0,0,1,0,0,0,0,1,0
0.00180514,0,0,0,0,0,0,0,0,0,1,0,0,0,0,1,0
0.00180538,0,1,1,1,1,0,0,0,0,1,0,0,0,0,1,0
0.0018054,1,1,1,1,1,1,1,1,0,1,0,0,0,0,1,0
0.00180542,0,1,1,1,1,0,0,0,0,1,0,0,0,0,1,0
0.00180584,0,1,1,1,1,1,1,1,0,1,0,0,0,0,1,0
0.00180586,0,0,1,1,1,0,0,0,0,1,0,0,0,0,1,0
0.0018059,0,0,1,1,1,1,0,0,0,1,0,0,0,0,1,0
0.00180592,0,0,1,1,1,0,0,0,0,1,0,0,0,0,1,0
0.00180594,1,1,1,1,1,1,1,1,0,1,0,0,0,0,1,0
0.00180598,0,1,0,0,1,1,0,0,0,1,0,0,0,0,1,0
0.00180602,1,1,1,1,1,1,1,1,0,1,0,0,0,0,1,0
0.00180604,1,1,1,1,1,1,0,0,0,1,0,0,0,0,1,0
0.00180606,0,1,0,0,1,1,0,0,0,1,0,0,0,0,1,0
0.00180608,0,1,1,0,1,1,0,0,0,1,0,0,0,0,1,0
0.0018061,1,1,1,1,1,1,0,0,0,1,0,0,0,0,1,0
0.00180612,0,1,1,0,1,1,0,0,0,1,0,0,0,0,1,0
0.00180614,0,1,0,0,1,1,0,0,0,1,0,0,0,0,1,0
0.00180616,0,1,1,0,1,1,0,0,0,1,0,0,0,0,1,0
0.00180628,0,1,0,0,1,1,0,0,0,1,0,0,0,0,1,0
0.00180634,0,1,1,0,1,1,0,0,0,1,0,0,0,0,1,0
0.00180636,0,1,0,0,1,1,0,0,0,1,0,0,1,1,0,0
0.0018064,0,1,1,0,1,1,0,0,0,1,0,0,1,1,0,0
0.00180642,0,1,0,0,1,1,0,0,0,1,0,0,1,1,0,0
0.00180648,0,1,1,0,1,1,0,0,0,1,0,0,1,1,0,0
0.0018065,0,1,0,0,1,1,0,0,0,1,0,0,1,1,0,0
0.0018069,1,1,1,1,1,1,0,0,0,1,0,0,1,1,0,0
0.00180692,1,1,1,1,1,1,1,1,0,1,0,0,1,1,0,0
0.00180696,0,1,0,0,1,1,0,0,0,1,0,0,1,1,0,0
0.001807,1,1,1,1,1,1,1,1,0,1,0,0,1,1,0,0
0.00180702,1,1,1,1,1,1,0,0,0,1,0,0,1,1,0,0
0.00180704,0,1,0,0,1,1,0,0,0,1,0,0,1,1,0,0
0.00180706,0,1,1,1,1,1,0,0,0,1,0,0,1,1,0,0
0.00180708,1,1,1,1,1,1,0,0,0,1,0,0,1,1,0,0
0.0018071,0,1,1,0,1,1,0,0,0,1,0,0,1,1,0,0
0.00180714,0,1,1,1,1,1,0,0,0,1,0,0,1,1,0,0
0.00180718,0,1,1,0,1,1,0,0,0,1,0,0,1,1,0,0
0.00180734,0,1,1,1,1,1,0,0,0,1,0,0,1,1,0,0
0.00180736,0,1,1,0,1,1,0,0,0,1,0,0,1,1,0,0
0.00180764,0,1,0,0,1,1,0,0,0,1,0,0,1,1,0,0
0.00180766,0,1,1,0,1,1,0,0,0,1,0,0,1,1,0,0
0.0018077,0,1,0,0,1,1,0,0,0,1,0,0,1,1,0,0
0.00180786,1,1,1,1,1,1,0,0,0,1,0,0,1,1,0,0
0.00180788,1,1,1,1,1,1,1,1,0,1,0,0,1,1,0,0
0.00180792,1,1,0,1,0,0,0,0,0,1,0,0,1,1,0,0
0.00180796,1,1,1,1,0,0,0,0,0,1,0,0,1,1,0,0
0.00180798,1,1,1,1,0,0,1,0,0,1,0,0,1,1,0,0
0.001808,1,1,0,1,0,0,0,0,0,1,0,0,1,1,0,0
0.00180804,1,1,1,1,0,0,0,0,0,1,0,0,1,1,0,0
0.00180808,1,1,0,1,0,0,0,0,0,1,0,0,1,1,0,0
0.00180812,1,1,1,1,0,0,0,0,0,1,0,0,1,1,0,0
0.00180814,1,1,0,1,0,0,0,0,0,1,0,0,1,1,0,0
0.00180884,1,1,1,1,0,0,0,0,0,1,0,0,1,1,0,0
0.00180886,1,1,1,1,1,1,1,1,0,1,0,0,1,1,0,0
0.00180986,0,0,0,1,1,0,1,0,0,1,0,0,1,1,0,0
0.00180988,1,0,1,1,1,0,1,0,0,1,0,0,1,1,0,0
0.0018099,1,1,1,1,1,1,1,1,0,1,0,0,1,1,0,0
0.00180994,0,1,1,0,0,1,0,1,0,1,0,0,1,1,0,0
0.00181026,0,1,1,0,0,1,0,1,0,1,0,0,0,1,0,0
0.00181028,0,1,1,0,0,1,0,1,0,1,1,0,0,1,0,1
0.0018108,0,1,1,1,0,1,0,1,0,1,1,0,0,1,0,1
0.00181082,1,1,1,1,1,1,1,1,0,1,1,0,0,1,0,1
0.00181086,0,0,0,0,0,1,1,0,0,1,1,0,0,1,0,1
0.0018109,1,0,1,1,0,1,1,0,0,1,1,0,0,1,0,1
0.00181092,0,0,0,1,0,1,1,0,0,1,1,0,0,1,0,1
0.00181094,0,0,0,0,0,1,1,0,0,1,1,0,0,1,0,1
0.00181176,1,1,0,0,0,1,1,0,0,1,1,0,0,1,0,1
0.00181178,1,1,1,1,1,1,1,1,0,1,1,0,0,1,0,1
0.00181184,0,0,0,0,0,0,0,1,0,1,1,0,0,1,0,1
0.00181188,0,1,1,1,0,0,0,1,0,1,1,0,0,1,0,1
0.0018119,1,1,1,1,1,1,1,1,0,1,1,0,0,1,0,1
0.00181192,0,0,1,0,0,0,0,1,0,1,1,0,0,1,0,1
0.00181194,0,0,0,0,0,0,0,1,0,1,1,0,0,1,0,1
0.00181196,0,0,1,0,0,0,0,1,0,1,1,0,0,1,0,1
0.00181198,0,0,1,1,0,0,0,1,0,1,1,0,0,1,0,1
0.001812,0,0,0,0,0,0,0,1,0,1,1,0,0,1,0,1
0.00181274,1,0,0,0,0,0,0,1,0,1,1,0,0,1,0,1
0.00181276,1,1,1,1,1,1,1,1,0,1,1,0,0,1,0,1
0.00181282,0,0,0,0,0,0,0,0,0,1,1,0,0,1,0,1
0.00181284,0,1,1,1,0,0,0,0,0,1,1,0,0,1,0,1
0.00181286,1,1,1,1,1,1,1,0,0,1,1,0,0,1,0,1
0.0018129,1,1,1,1,0,1,0,0,0,1,1,0,0,1,0,1
0.00181294,1,1,1,1,0,1,1,0,0,1,1,0,0,1,0,1
0.00181314,1,1,1,1,0,1,0,0,0,1,1,0,0,1,0,1
0.00181316,1,1,1,1,0,1,1,0,0,1,1,0,0,1,0,1
0.00181322,1,1,1,1,0,1,0,0,0,1,1,0,0,1,0,1
0.00181326,1,1,1,1,0,1,1,0,0,1,1,0,0,1,0,1
0.00181328,1,1,1,1,0,1,0,0,0,1,1,0,0,1,0,1
0.00181356,1,1,1,1,0,0,0,0,0,1,1,0,0,1,0,1
0.00181362,1,1,1,1,0,1,0,0,0,1,1,0,0,1,0,1
0.00181364,1,1,1,1,0,0,0,0,0,1,1,0,0,1,0,1
0.00181368,1,0,1,1,0,0,0,0,0,1,1,0,0,1,0,1
0.0018137,1,1,1,1,0,1,0,0,0,1,1,0,0,1,0,1
0.00181372,1,1,1,1,1,1,1,1,0,1,1,0,0,1,0,1
0.00181476,0,0,0,0,0,0,0,0,0,1,1,0,0,1,0,1
0.00181478,0,0,1,0,0,0,0,0,0,1,1,0,0,1,0,1
0.0018148,1,1,1,1,1,1,1,1,0,1,1,0,0,1,0,1
0.00181482,1,1,1,1,0,1,1,0,0,1,1,0,0,1,0,1
0.00181484,0,0,1,1,0,0,0,0,0,1,1,0,0,1,0,1
0.00181486,0,0,1,0,0,0,0,0,0,1,1,0,0,1,0,1
0.00181488,1,1,1,1,0,1,1,0,0,1,1,0,0,1,0,1
0.00181492,1,1,1,1,0,1,0,0,0,1,1,0,0,1,0,1
0.00181494,1,0,1,1,0,1,0,0,0,1,1,0,0,1,0,1
0.00181496,1,1,1,1,0,1,1,0,0,1,1,0,0,1,0,1
0.001815,1,1,1,1,0,1,0,0,0,1,1,0,0,1,0,1
0.00181506,1,1,1,1,0,1,1,0,0,1,1,0,0,1,0,1
0.00181508,1,1,1,1,0,1,0,0,0,1,1,0,0,1,0,1
0.0018151,1,0,1,1,0,1,0,0,0,1,1,0,0,1,0,1
0.00181512,1,1,1,1,0,1,1,0,0,1,1,0,0,1,0,1
0.00181514,1,0,1,1,0,1,0,0,0,1,1,0,0,1,0,1
0.00181516,1,1,1,1,0,1,1,0,0,1,1,0,0,1,0,1
0.00181518,0,0,1,1,0,1,0,0,0,1,1,0,0,1,0,1
0.0018152,1,1,1,1,0,1,0,0,0,1,1,0,0,1,0,1
0.00181524,1,0,1,1,0,1,0,0,0,1,1,0,0,1,0,1
0.00181528,0,0,1,1,0,1,0,0,0,1,1,0,0,1,0,1
0.0018155,0,0,1,1,0,0,0,0,0,1,1,0,0,1,0,1
0.00181558,0,0,1,1,0,1,0,0,0,1,1,0,0,1,0,1
0.0018156,0,0,1,1,0,0,0,0,0,1,1,0,0,1,0,1
0.00181568,0,0,1,1,0,1,0,0,0,1,1,0,0,1,0,1
0.0018157,0,0,1,0,0,0,0,0,0,1,1,0,0,1,0,1
0.00181572,0,0,1,1,0,0,0,0,0,1,1,0,0,1,0,1
0.00181574,0,0,1,0,0,0,0,0,0,1,1,0,0,1,0,1
0.00181578,0,0,1,0,1,0,0,0,0,1,1,0,0,1,0,1
0.0018158,1,1,1,1,1,1,1,1,0,1,1,0,0,1,0,1
0.00181582,1,1,1,1,1,1,0,0,0,1,1,0,0,1,0,1
0.00181584,0,0,1,0,1,0,0,0,0,1,1,0,0,1,0,1
0.00181588,0,1,1,1,1,1,0,0,0,1,1,0,0,1,0,1
0.0018159,0,0,1,1,1,0,0,0,0,1,1,0,0,1,0,1
0.00181592,0,0,1,0,1,0,0,0,0,1,1,0,0,1,0,1
0.00181596,0,0,1,1,1,0,0,0,0,1,1,0,0,1,0,1
0.00181598,0,0,1,0,1,0,0,0,0,1,1,0,0,1,0,1
0.00181612,0,0,1,1,1,0,0,0,0,0,1,0,0,0,0,0
0.00181614,0,0,1,0,1,0,0,0,0,0,1,0,1,0,0,0
0.00181618,0,0,1,1,1,0,0,0,0,0,1,0,1,0,0,0
0.0018162,0,0,1,0,1,0,0,0,0,0,1,0,1,0,0,0
0.00181664,1,0,1,0,1,0,0,0,0,0,1,0,1,0,0,0
0.00181666,1,1,1,1,1,1,1,1,0,0,1,0,1,0,0,0
0.0018177,0,0,0,0,0,0,0,1,0,0,1,0,1,0,0,0
0.00181774,1,1,1,1,0,1,1,1,0,0,1,0,1,0,0,0
0.00181778,0,0,0,0,0,0,0,1,0,0,1,0,1,0,0,0
0.00181782,1,1,1,1,0,1,0,1,0,0,1,0,1,0,0,0
0.00181786,0,0,0,1,0,0,0,1,0,0,1,0,1,0,0,0
0.0018179,1,0,0,1,0,1,0,1,0,0,1,0,1,0,0,0
0.00181792,1,0,1,1,0,1,0,1,0,0,1,0,1,0,0,0
0.00181794,0,0,0,1,0,0,0,1,0,0,1,0,1,0,0,0
0.00181806,1,0,1,1,0,0,0,1,0,0,1,0,1,0,0,0
0.00181808,0,0,0,1,0,0,0,1,0,0,1,0,1,0,0,0
0.00181826,0,0,1,1,0,0,0,1,0,0,1,0,1,0,0,0
0.00181828,0,0,0,1,0,0,0,1,0,0,1,0,1,0,0,0
0.00181844,0,0,0,0,0,0,0,1,0,0,1,0,1,0,0,0
0.00181846,0,0,0,1,0,0,0,1,0,0,1,0,1,0,0,0
0.00181848,0,0,0,0,0,0,0,1,0,0,1,0,1,0,0,0
0.0018185,0,0,0,1,0,0,0,1,0,0,1,0,1,0,0,0
0.00181852,0,0,0,0,0,0,0,1,0,0,1,0,1,0,0,0
0.0018186,1,1,1,1,0,0,0,1,0,0,1,0,1,0,0,0
0.00181862,1,1,1,1,1,1,1,1,0,0,1,0,1,0,0,0
0.00181866,1,1,1,1,1,1,1,0,0,0,1,0,1,0,0,0
0.00181868,1,1,0,0,1,1,0,0,0,0,1,0,1,0,0,0
0.0018187,1,1,1,1,1,1,1,0,0,0,1,0,1,0,0,0
0.00181874,1,1,0,0,1,1,0,0,0,0,1,0,1,0,0,0
0.00181878,1,1,1,1,1,1,0,0,0,0,1,0,1,0,0,0
0.0018188,1,1,0,0,1,1,0,0,0,0,1,0,1,0,0,0
0.00181904,1,1,0,0,1,1,0,0,0,0,0,0,1,0,0,0
0.00181906,1,1,0,0,1,1,0,0,1,1,0,0,1,1,0,0
0.00181958,1,1,1,1,1,1,1,0,1,1,0,0,1,1,0,0
0.0018196,1,1,1,1,1,1,1,1,1,1,0,0,1,1,0,0
0.00182058,0,0,0,0,0,0,0,1,1,1,0,0,1,1,0,0
0.00182062,1,1,1,1,0,1,1,1,1,1,0,0,1,1,0,0
0.00182064,1,1,1,1,1,1,1,1,1,1,0,0,1,1,0,0
0.00182066,0,0,1,1,0,0,0,1,1,1,0,0,1,1,0,0
0.00182068,0,0,0,0,0,0,0,1,1,1,0,0,1,1,0,0
0.0018207,1,0,1,1,0,0,1,1,1,1,0,0,1,1,0,0
0.00182072,1,0,1,1,0,1,1,1,1,1,0,0,1,1,0,0
0.00182074,0,0,1,0,0,0,0,1,1,1,0,0,1,1,0,0
0.00182078,0,0,1,1,0,0,0,1,1,1,0,0,1,1,0,0
0.00182126,0,0,1,0,0,0,0,1,1,1,0,0,1,1,0,0
0.00182128,0,0,0,0,0,0,0,1,1,1,0,0,1,1,0,0
0.0018213,0,0,1,1,0,0,0,1,1,1,0,0,1,1,0,0
0.00182132,0,0,1,0,0,0,0,1,1,1,0,0,1,1,0,0
0.00182136,0,0,0,0,0,0,0,1,1,1,0,0,1,1,0,0
0.0018214,0,0,1,0,0,0,0,1,1,1,0,0,1,1,0,0
0.00182142,0,0,0,0,0,0,0,1,1,1,0,0,1,1,0,0
0.00182144,0,0,1,1,0,0,0,1,1,1,0,0,1,1,0,0
0.00182146,0,0,0,0,0,0,0,1,1,1,0,0,1,1,0,0
0.00182152,1,0,0,0,0,0,0,1,1,1,0,0,1,1,0,0
0.00182154,1,1,1,1,0,1,0,1,1,1,0,0,1,1,0,0
0.00182156,1,1,1,1,0,0,0,0,1,1,0,0,1,1,0,0
0.00182158,1,0,0,0,0,0,0,0,1,1,0,0,1,1,0,0
0.0018216,1,1,1,1,0,0,0,0,1,1,0,0,1,1,0,0
0.00182162,1,0,1,1,0,0,0,0,1,1,0,0,1,1,0,0
0.00182164,1,0,0,0,0,0,0,0,1,1,0,0,1,1,0,0
0.00182252,1,1,1,1,1,1,1,1,1,1,0,0,1,1,0,0
0.0018235,1,1,0,0,1,1,0,0,1,1,0,0,1,1,0,0
0.00182354,0,1,1,1,1,1,1,1,1,1,0,0,1,1,0,0
0.00182446,1,1,1,1,1,1,1,1,1,1,0,0,1,1,0,0
0.00182448,0,0,0,0,0,0,0,1,1,1,0,0,1,1,0,0
0.00182452,1,1,1,1,0,1,1,1,1,1,0,0,1,1,0,0
0.00182454,0,0,1,1,0,0,1,1,1,1,0,0,1,1,0,0
0.00182456,0,0,0,0,0,0,0,1,1,1,0,0,1,1,0,0
0.0018246,0,0,1,1,0,0,0,1,1,1,0,0,1,1,0,0
0.00182462,0,0,0,0,0,0,0,1,1,1,0,0,1,1,0,0
0.00182492,0,0,1,0,0,0,0,1,1,1,0,0,1,1,0,0
0.00182494,0,0,0,0,0,0,0,1,1,1,0,0,1,1,0,0
0.00182544,0,1,1,0,1,0,0,1,1,1,0,0,1,1,0,0
0.00182546,0,1,1,1,1,1,1,1,1,1,0,0,1,1,0,0
0.00182548,1,1,1,1,1,1,1,1,1,1,0,0,1,1,0,0
0.0018255,0,1,1,0,1,0,0,1,1,1,0,0,1,1,0,0
0.00182554,0,1,1,1,1,0,0,1,1,1,0,0,1,1,0,0
0.00182556,0,1,1,0,1,0,0,1,1,1,0,0,1,1,0,0
0.00182642,0,1,1,1,1,1,1,1,1,1,0,0,1,1,0,0
0.00182644,1,1,1,1,1,1,1,1,1,1,0,0,1,1,0,0
0.00182646,0,1,1,1,1,1,1,1,1,1,0,0,1,1,0,0
0.00182648,1,1,1,1,1,1,1,1,1,1,0,0,1,1,0,0
0.0018274,1,1,0,0,1,1,0,1,1,1,0,0,1,1,0,0
0.00182742,1,1,0,0,1,1,0,0,1,1,0,0,1,1,0,0
0.00182744,0,1,1,1,1,0,1,1,1,1,0,0,1,1,0,0
0.00182746,1,1,1,1,1,1,1,1,1,1,0,0,1,1,0,0
0.0018275,1,1,1,0,1,1,0,1,1,1,0,0,1,1,0,0
0.00182752,1,1,0,0,0,1,0,1,1,1,0,0,1,1,0,0
0.00182756,1,1,0,1,0,1,1,1,1,1,0,0,1,1,0,0
0.00182758,1,1,0,0,0,1,0,1,1,1,0,0,1,1,0,0
0.00182836,1,1,1,1,0,1,0,1,1,1,0,0,1,1,0,0
0.00182838,1,1,1,1,1,1,1,1,1,1,0,0,1,1,0,0
0.00182842,1,0,0,0,0,0,0,0,1,1,0,0,1,1,0,0
0.00182848,1,1,1,1,0,1,1,1,1,1,0,0,1,1,0,0
0.0018285,1,0,0,0,0,0,0,0,1,1,0,0,1,1,0,0
0.00182934,1,1,1,1,0,1,0,1,1,1,0,0,1,1,0,0
0.00182936,1,1,1,1,1,1,1,1,1,1,0,0,1,1,0,0
0.00183036,0,1,1,0,0,1,0,1,1,1,0,0,1,1,0,0
0.00183076,0,1,1,0,0,1,0,1,0,1,0,0,0,1,0,0
0.00183078,0,1,1,0,0,1,0,1,0,1,1,0,0,1,0,1
0.00183084,0,1,1,0,0,1,0,1,0,1,1,0,0,0,0,0
0.00183086,0,1,1,0,0,1,0,1,0,1,1,0,0,1,0,1
0.00183132,1,1,1,1,1,1,1,1,0,1,1,0,0,1,0,1
0.00183136,0,0,0,0,0,1,1,0,0,1,1,0,0,1,0,1
0.0018314,0,0,0,0,0,1,1,1,0,1,1,0,0,1,0,1
0.00183142,1,1,1,1,0,1,1,1,0,1,1,0,0,1,0,1
0.00183144,0,0,0,0,0,1,1,1,0,1,1,0,0,1,0,1
0.00183146,0,0,0,0,0,1,1,0,0,1,1,0,0,1,0,1
0.0018315,0,0,0,0,0,1,1,1,0,1,1,0,0,1,0,1
0.00183152,0,0,0,0,0,1,1,0,0,1,1,0,0,1,0,1
0.00183226,1,1,1,1,0,1,1,0,0,1,1,0,0,1,0,1
0.00183228,1,1,1,1,1,1,1,1,0,1,1,0,0,1,0,1
0.00183234,0,0,0,0,0,0,0,1,0,1,1,0,0,1,0,1
0.00183238,1,1,1,1,1,0,0,1,0,1,1,0,0,1,0,1
0.0018324,1,1,1,1,0,0,0,1,0,1,1,0,0,1,0,1
0.00183242,0,0,0,0,0,0,0,1,0,1,1,0,0,1,0,1
0.00183246,1,1,1,1,0,0,0,1,0,1,1,0,0,1,0,1
0.00183248,0,1,1,1,0,0,0,1,0,1,1,0,0,1,0,1
0.0018325,0,0,0,0,0,0,0,1,0,1,1,0,0,1,0,1
0.00183252,0,0,1,0,0,0,0,1,0,1,1,0,0,1,0,1
0.00183254,0,0,1,1,0,0,0,1,0,1,1,0,0,1,0,1
0.00183258,0,0,1,0,0,0,0,1,0,1,1,0,0,1,0,1
0.00183266,0,0,0,0,0,0,0,1,0,1,1,0,0,1,0,1
0.0018327,0,0,1,0,0,0,0,1,0,1,1,0,0,1,0,1
0.00183274,0,0,0,0,0,0,0,1,0,1,1,0,0,1,0,1
0.00183324,1,1,1,1,0,0,0,1,0,1,1,0,0,1,0,1
0.00183326,1,1,1,1,1,1,1,1,0,1,1,0,0,1,0,1
0.00183332,1,0,0,1,0,1,1,0,0,1,1,0,0,1,0,1
0.00183336,1,1,1,1,1,1,1,0,0,1,1,0,0,1,0,1
0.00183338,1,0,0,1,0,1,1,0,0,1,1,0,0,1,0,1
0.00183344,1,0,1,1,0,1,1,0,0,1,1,0,0,1,0,1
0.00183346,1,0,0,1,0,1,1,0,0,1,1,0,0,1,0,1
0.00183422,1,1,1,1,0,1,1,0,0,1,1,0,0,1,0,1
0.00183424,1,1,1,1,1,1,1,1,0,1,1,0,0,1,0,1
0.00183526,1,0,0,1,0,1,1,0,0,1,1,0,0,1,0,1
0.0018353,1,1,1,1,0,1,1,1,0,1,1,0,0,1,0,1
0.00183532,1,0,0,1,0,1,1,0,0,1,1,0,0,1,0,1
0.00183628,1,0,1,1,1,1,1,0,0,1,1,0,0,1,0,1
0.0018363,0,0,1,0,1,1,0,0,0,1,1,0,0,1,0,1
0.00183634,0,1,1,0,1,1,0,0,0,1,1,0,0,1,0,1
0.00183636,0,0,1,0,1,1,0,0,0,1,1,0,0,1,0,1
0.00183662,0,0,1,0,1,1,0,0,0,0,1,0,0,1,0,0
0.00183664,0,0,1,0,1,1,0,0,0,0,1,0,1,1,0,0
0.00183718,1,1,1,1,1,1,0,1,0,0,1,0,1,1,0,0
0.0018372,1,1,1,1,1,1,1,1,0,0,1,0,1,1,0,0
0.00183814,0,0,1,0,1,1,0,0,0,0,1,0,1,1,0,0
0.00183818,0,1,1,1,1,1,1,1,0,0,1,0,1,1,0,0
0.0018382,1,1,1,1,1,1,1,1,0,0,1,0,1,1,0,0
0.00183822,0,1,1,1,1,1,1,1,0,0,1,0,1,1,0,0
0.00183912,1,1,1,1,1,1,1,1,0,0,1,0,1,1,0,0
0.00183914,0,0,0,0,0,0,0,1,0,0,1,0,1,1,0,0
0.00183918,1,1,1,1,0,1,1,1,0,0,1,0,1,1,0,0
0.0018392,1,0,0,1,0,0,0,1,0,0,1,0,1,1,0,0
0.00183922,0,0,0,0,0,0,0,1,0,0,1,0,1,1,0,0
0.00183926,1,0,0,0,0,0,0,1,0,0,1,0,1,1,0,0
0.00183928,0,0,0,0,0,0,0,1,0,0,1,0,1,1,0,0
0.00184008,0,1,1,1,1,1,0,1,0,0,1,0,1,1,0,0
0.0018401,1,1,1,1,1,1,1,1,0,0,1,0,1,1,0,0
0.00184012,0,0,0,1,0,1,0,1,0,0,1,0,1,1,0,0
0.00184014,0,1,1,1,0,1,0,1,0,0,1,0,1,1,0,0
0.00184016,1,1,1,1,1,0,1,1,0,0,1,0,1,1,0,0
0.00184018,0,1,1,0,1,0,0,1,0,0,1,0,1,1,0,0
0.00184108,1,1,1,1,1,1,1,1,0,0,1,0,1,1,0,0
0.00184204,0,1,1,1,1,0,1,1,0,0,1,0,1,1,0,0
0.00184206,0,1,1,0,1,0,0,1,0,0,1,0,1,1,0,0
0.00184208,1,1,1,1,1,1,1,1,0,0,1,0,1,1,0,0
0.00184304,0,0,0,0,0,0,0,1,0,0,1,0,1,1,0,0
0.00184308,1,0,1,1,0,1,1,1,0,0,1,0,1,1,0,0
0.0018431,1,1,1,1,0,1,1,1,0,0,1,0,1,1,0,0
0.00184312,0,0,0,0,0,0,0,1,0,0,1,0,1,1,0,0
0.00184316,0,0,1,1,0,1,0,1,0,0,1,0,1,1,0,0
0.00184318,0,0,0,1,0,0,0,1,0,0,1,0,1,1,0,0
0.0018432,0,0,0,0,0,0,0,1,0,0,1,0,1,1,0,0
0.00184398,0,1,0,0,0,0,0,1,0,0,1,0,1,1,0,0
0.001844,1,1,1,1,1,1,1,1,0,0,1,0,1,1,0,0
0.00184404,1,0,0,1,0,1,0,1,0,0,1,0,1,1,0,0
0.00184406,1,1,1,1,1,1,1,0,0,0,1,0,1,1,0,0
0.00184408,1,0,0,0,0,0,0,0,0,0,1,0,1,1,0,0
0.00184412,1,1,1,1,0,1,1,0,0,0,1,0,1,1,0,0
0.00184414,1,0,0,0,0,0,0,0,0,0,1,0,1,1,0,0
0.00184498,1,1,1,1,1,1,1,0,0,0,1,0,1,1,0,0
0.00184502,1,0,0,0,0,0,0,0,0,0,1,0,1,1,0,0
0.00184506,1,0,1,0,0,0,0,0,0,0,1,0,1,1,0,0
0.00184508,1,0,0,0,0,0,0,0,0,0,1,0,1,1,0,0
0.00184596,1,1,1,0,1,0,0,0,0,0,1,0,1,1,0,0
0.00184598,0,1,1,1,1,1,1,1,0,0,1,0,1,1,0,0
0.001846,1,1,1,1,1,1,1,1,0,0,1,0,1,1,0,0
0.00184602,0,1,1,0,1,0,0,1,0,0,1,0,1,1,0,0
0.00184606,0,1,1,1,1,1,0,1,0,0,1,0,1,1,0,0
0.00184608,0,1,1,0,1,0,0,1,0,0,1,0,1,1,0,0
0.00184694,1,1,1,1,1,1,1,1,0,0,1,0,1,1,0,0
0.0018499,1,1,0,0,0,1,0,1,0,0,1,0,1,1,0,0
0.00184992,1,1,1,1,1,1,0,1,0,0,1,0,1,1,0,0
0.00184994,1,1,1,1,1,1,1,1,0,0,1,0,1,1,0,0
0.00184996,1,1,1,1,1,1,1,0,0,0,1,0,1,1,0,0
0.00184998,1,0,0,0,0,1,0,0,0,0,1,0,1,1,0,0
0.00185002,1,0,1,0,0,1,1,0,0,0,1,0,1,1,0,0
0.00185004,1,0,0,0,0,1,1,0,0,0,1,0,1,1,0,0
0.00185006,1,0,0,0,0,1,0,0,0,0,1,0,1,1,0,0
0.0018503,1,0,0,0,0,1,0,0,1,0,0,0,0,1,0,0
0.00185036,1,0,0,0,0,1,0,0,0,0,0,0,0,0,0,0
0.00185038,1,0,0,0,0,1,0,0,1,0,0,0,0,1,0,0
0.00185082,1,0,1,0,0,1,0,0,1,0,0,0,0,1,0,0
0.00185084,1,1,1,1,1,1,1,1,1,0,0,0,0,1,0,0
0.0018509,0,0,0,0,0,1,1,0,1,0,0,0,0,1,0,0
0.00185094,0,1,1,1,1,1,1,1,1,0,0,0,0,1,0,0
0.00185096,0,0,1,1,0,1,1,0,1,0,0,0,0,1,0,0
0.00185098,0,0,0,0,0,1,1,0,1,0,0,0,0,1,0,0
0.00185102,0,0,1,0,0,1,1,0,1,0,0,0,0,1,0,0
0.00185104,0,0,0,0,0,1,1,0,1,0,0,0,0,1,0,0
0.0018518,1,1,1,1,1,1,1,1,1,0,0,0,0,1,0,0
0.00185188,0,0,0,0,0,0,0,1,1,0,0,0,0,1,0,0
0.00185192,1,1,1,1,1,1,1,1,1,0,0,0,0,1,0,0
0.00185194,1,1,1,1,0,0,0,1,1,0,0,0,0,1,0,0
0.00185196,0,0,0,0,0,0,0,1,1,0,0,0,0,1,0,0
0.001852,1,1,1,1,0,0,0,1,1,0,0,0,0,1,0,0
0.00185202,0,0,1,1,0,0,0,1,1,0,0,0,0,1,0,0
0.00185204,0,0,0,0,0,0,0,1,1,0,0,0,0,1,0,0
0.00185206,0,0,1,0,0,0,0,1,1,0,0,0,0,1,0,0
0.0018522,0,0,0,0,0,0,0,1,1,0,0,0,0,1,0,0
0.00185222,0,0,1,0,0,0,0,1,1,0,0,0,0,1,0,0
0.00185228,0,0,0,0,0,0,0,1,1,0,0,0,0,1,0,0
0.00185232,0,0,1,0,0,0,0,1,1,0,0,0,0,1,0,0
0.00185234,0,0,0,0,0,0,0,1,1,0,0,0,0,1,0,0
0.00185276,0,1,0,0,0,0,0,1,1,0,0,0,0,1,0,0
0.00185278,0,0,1,1,0,0,0,1,1,0,0,0,0,1,0,0
0.0018528,1,1,1,1,1,1,1,1,1,0,0,0,0,1,0,0
0.00185284,1,0,0,1,0,1,1,0,1,0,0,0,0,1,0,0
0.00185288,1,1,1,1,1,1,1,1,1,0,0,0,0,1,0,0
0.0018529,1,1,1,1,0,1,1,1,1,0,0,0,0,1,0,0
0.00185292,1,0,1,1,0,1,1,0,1,0,0,0,0,1,0,0
0.00185296,1,1,1,1,0,1,1,0,1,0,0,0,0,1,0,0
0.001853,1,0,1,1,0,1,1,0,1,0,0,0,0,1,0,0
0.00185302,1,1,1,1,0,1,1,0,1,0,0,0,0,1,0,0
0.00185306,1,0,1,1,0,1,1,0,1,0,0,0,0,1,0,0
0.0018531,1,1,1,1,0,1,1,0,1,0,0,0,0,1,0,0
0.00185312,1,0,1,1,0,1,1,0,1,0,0,0,0,1,0,0
0.00185324,1,1,1,1,0,1,1,0,1,0,0,0,0,1,0,0
0.00185326,1,0,1,1,0,1,1,0,1,0,0,0,0,1,0,0
0.00185362,1,0,0,1,0,1,1,0,1,0,0,0,0,1,0,0
0.00185364,1,0,1,1,0,1,1,0,1,0,0,0,0,1,0,0
0.00185366,1,0,0,1,0,1,1,0,1,0,0,0,0,1,0,0
0.00185368,1,0,1,1,0,1,1,0,1,0,0,0,0,1,0,0
0.0018537,1,0,0,1,0,1,1,0,1,0,0,0,0,1,0,0
0.00185376,1,0,1,1,0,1,1,0,1,0,0,0,0,1,0,0
0.00185378,1,0,0,1,0,1,1,0,1,0,0,0,0,1,0,0
0.0018538,1,0,0,1,0,1,1,1,1,0,0,0,0,1,0,0
0.00185382,1,1,1,1,1,1,1,1,1,0,0,0,0,1,0,0
0.00185384,0,1,0,0,1,0,1,1,1,0,0,0,0,1,0,0
0.00185388,1,1,1,1,1,1,1,1,1,0,0,0,0,1,0,0
0.0018539,0,1,1,0,1,0,1,1,1,0,0,0,0,1,0,0
0.00185392,0,1,0,0,1,0,1,1,1,0,0,0,0,1,0,0
0.00185396,0,1,1,0,1,0,1,1,1,0,0,0,0,1,0,0
0.00185398,0,1,0,0,1,0,1,1,1,0,0,0,0,1,0,0
0.0018542,0,1,0,0,1,0,1,1,0,1,0,0,0,0,0,1
0.00185422,0,1,0,0,1,0,1,1,0,1,0,0,1,0,1,1
0.00185474,1,1,1,1,1,0,1,1,0,1,0,0,1,0,1,1
0.00185476,1,1,1,1,1,1,1,1,0,1,0,0,1,0,1,1
0.0018548,1,0,0,1,0,1,1,0,0,1,0,0,1,0,1,1
0.00185484,1,0,1,1,0,1,1,0,0,1,0,0,1,0,1,1
0.00185486,1,0,0,1,0,1,1,0,0,1,0,0,1,0,1,1
0.0018557,1,0,1,1,0,1,1,0,0,1,0,0,1,0,1,1
0.00185572,1,1,1,1,1,1,1,1,0,1,0,0,1,0,1,1
0.00185668,0,0,0,0,0,0,0,0,0,1,0,0,1,0,1,1
0.00185672,0,0,1,0,0,0,0,0,0,1,0,0,1,0,1,1
0.00185674,0,0,0,0,0,0,0,0,0,1,0,0,1,0,1,1
0.00185764,1,1,1,0,0,0,0,0,0,1,0,0,1,0,1,1
0.00185766,0,0,0,0,0,0,0,0,0,1,0,0,1,0,1,1
0.00185768,1,0,0,1,0,1,1,0,0,1,0,0,1,0,1,1
0.0018577,1,0,1,1,0,1,1,0,0,1,0,0,1,0,1,1
0.00185772,1,1,1,1,1,1,1,1,0,1,0,0,1,0,1,1
0.00185776,1,1,1,0,1,1,0,0,0,1,0,0,1,0,1,1
0.00185778,0,1,0,0,1,1,0,0,0,1,0,0,1,0,1,1
0.00185782,1,1,1,1,1,1,1,1,0,1,0,0,1,0,1,1
0.00185784,0,1,0,0,1,1,0,0,0,1,0,0,1,0,1,1
0.0018581,0,1,0,0,1,1,0,0,0,1,0,0,1,0,0,0
0.00185812,0,1,0,0,1,1,0,0,0,1,0,0,1,1,0,0
0.00185862,1,1,1,1,1,1,0,0,0,1,0,0,1,1,0,0
0.00185864,1,1,1,1,1,1,1,1,0,1,0,0,1,1,0,0
0.0018587,1,0,1,0,1,1,0,0,0,1,0,0,1,1,0,0
0.0018596,1,1,1,1,1,1,0,0,0,1,0,0,1,1,0,0
0.00185966,1,1,1,1,1,0,1,1,0,1,0,0,1,1,0,0
0.00185968,1,1,0,1,0,0,0,0,0,1,0,0,1,1,0,0
0.00185972,1,1,1,1,0,0,1,0,0,1,0,0,1,1,0,0
0.00185974,1,1,0,1,0,0,0,0,0,1,0,0,1,1,0,0
0.0018606,1,1,1,1,0,0,0,0,0,1,0,0,1,1,0,0
0.00186062,1,1,1,1,1,1,1,1,0,1,0,0,1,1,0,0
0.0018616,0,0,1,1,1,1,1,1,0,1,0,0,1,1,0,0
0.00186162,0,0,0,1,1,0,1,0,0,1,0,0,1,1,0,0
0.00186164,1,1,1,1,1,1,1,0,0,1,0,0,1,1,0,0
0.00186166,1,1,1,1,1,1,1,1,0,1,0,0,1,1,0,0
0.00186168,1,0,0,1,1,1,1,0,0,1,0,0,1,1,0,0
0.0018617,1,0,0,0,1,1,0,0,0,1,0,0,1,1,0,0
0.00186174,1,0,1,0,1,1,0,1,0,1,0,0,1,1,0,0
0.00186176,1,0,0,0,1,1,0,0,0,1,0,0,1,1,0,0
0.001862,1,0,0,0,1,1,0,0,0,0,0,0,1,1,0,0
0.00186202,1,0,0,0,1,1,0,0,1,0,0,0,1,1,0,0
0.00186208,1,0,0,0,1,1,0,0,0,0,0,0,0,0,0,0
0.0018621,1,0,0,0,1,1,0,0,1,0,0,0,1,1,0,0
0.00186254,1,1,1,0,1,1,0,0,1,0,0,0,1,1,0,0
0.00186256,1,1,1,1,1,1,1,1,1,0,0,0,1,1,0,0
0.0018626,1,1,0,1,0,1,0,1,1,0,0,0,1,1,0,0
0.0018635,1,1,1,1,0,1,0,1,1,0,0,0,1,1,0,0
0.00186352,1,1,1,1,1,1,1,1,1,0,0,0,1,1,0,0
0.00186358,1,0,1,0,0,0,0,0,1,0,0,0,1,1,0,0
0.0018636,1,0,0,0,0,0,0,0,1,0,0,0,1,1,0,0
0.00186364,1,1,1,1,0,1,1,0,1,0,0,0,1,1,0,0
0.00186366,1,0,1,0,0,0,0,0,1,0,0,0,1,1,0,0
0.00186368,1,0,0,0,0,0,0,0,1,0,0,0,1,1,0,0
0.00186372,1,0,1,0,0,0,0,0,1,0,0,0,1,1,0,0
0.00186374,1,0,0,0,0,0,0,0,1,0,0,0,1,1,0,0
0.0018645,1,1,1,1,1,1,1,1,1,0,0,0,1,1,0,0
0.00186552,0,0,1,0,1,0,0,0,1,0,0,0,1,1,0,0
0.00186556,0,1,1,1,1,1,1,1,1,0,0,0,1,1,0,0
0.00186558,0,1,1,1,1,1,0,0,1,0,0,0,1,1,0,0
0.0018656,0,0,1,0,1,0,0,0,1,0,0,0,1,1,0,0
0.00186592,0,0,1,0,1,0,0,0,0,0,1,0,1,0,0,0
0.00186598,0,0,1,0,1,0,0,0,0,0,1,0,0,0,0,0
0.001866,1,0,1,0,1,0,0,0,0,0,1,0,1,0,0,0
0.00186602,0,0,1,1,1,1,1,1,0,0,1,0,1,0,0,0
0.00186604,0,0,1,0,1,0,0,0,0,0,1,0,1,0,0,0
0.00186646,1,1,1,1,1,1,1,1,0,0,1,0,1,0,0,0
0.00186748,0,0,0,0,0,0,0,1,0,0,1,0,1,0,0,0
0.00186752,1,1,0,1,0,1,1,1,0,0,1,0,1,0,0,0
0.00186754,1,1,1,1,0,1,1,1,0,0,1,0,1,0,0,0
0.00186756,1,0,0,1,0,1,1,1,0,0,1,0,1,0,0,0
0.00186758,0,0,0,0,0,0,0,1,0,0,1,0,1,0,0,0
0.0018676,0,0,0,1,0,1,0,1,0,0,1,0,1,0,0,0
0.00186764,0,0,0,1,0,0,0,1,0,0,1,0,1,0,0,0
0.00186766,0,0,0,0,0,0,0,1,0,0,1,0,1,0,0,0
0.00186768,0,0,0,1,0,0,0,1,0,0,1,0,1,0,0,0
0.0018677,0,0,0,1,0,1,0,1,0,0,1,0,1,0,0,0
0.00186772,0,0,0,1,0,0,0,1,0,0,1,0,1,0,0,0
0.00186782,0,0,0,0,0,0,0,1,0,0,1,0,1,0,0,0
0.00186784,0,0,0,1,0,1,0,1,0,0,1,0,1,0,0,0
0.00186786,0,0,0,1,0,0,0,1,0,0,1,0,1,0,0,0
0.0018679,0,0,0,0,0,0,0,1,0,0,1,0,1,0,0,0
0.00186792,0,0,0,1,0,0,0,1,0,0,1,0,1,0,0,0
0.00186794,0,0,0,0,0,0,0,1,0,0,1,0,1,0,0,0
0.00186796,0,0,0,1,0,0,0,1,0,0,1,0,1,0,0,0
0.00186798,0,0,0,0,0,0,0,1,0,0,1,0,1,0,0,0
0.00186838,1,0,1,1,0,0,0,1,0,0,1,0,1,0,0,0
0.0018684,1,1,1,1,1,1,0,1,0,0,1,0,1,0,0,0
0.00186842,1,1,1,1,1,1,1,1,0,0,1,0,1,0,0,0
0.00186846,1,1,1,1,1,1,1,0,0,0,1,0,1,0,0,0
0.00186848,0,0,1,0,1,0,0,0,0,0,1,0,1,0,0,0
0.00186852,1,1,1,1,1,1,1,0,0,0,1,0,1,0,0,0
0.00186854,1,1,1,1,1,1,0,0,0,0,1,0,1,0,0,0
0.00186856,0,0,1,0,1,0,0,0,0,0,1,0,1,0,0,0
0.00186858,0,0,1,1,1,0,0,0,0,0,1,0,1,0,0,0
0.0018686,1,1,1,1,1,1,0,0,0,0,1,0,1,0,0,0
0.00186862,0,0,1,1,1,0,0,0,0,0,1,0,1,0,0,0
0.00186864,0,0,1,0,1,0,0,0,0,0,1,0,1,0,0,0
0.00186866,0,0,1,1,1,0,0,0,0,0,1,0,1,0,0,0
0.0018687,0,0,1,0,1,0,0,0,0,0,1,0,1,0,0,0
0.00186882,0,0,1,1,1,0,0,0,0,0,1,0,1,0,0,0
0.00186884,0,0,1,0,1,0,0,0,0,0,1,0,1,0,0,0
0.00186936,1,0,1,0,1,0,0,0,0,0,1,0,1,0,0,0
0.00186938,1,1,1,1,1,1,1,0,0,0,1,0,1,0,0,0
0.0018694,1,1,1,1,1,1,1,1,0,0,1,0,1,0,0,0
0.00186944,1,0,0,1,1,1,0,1,0,0,1,0,1,0,0,0
0.00186948,1,1,0,1,1,1,1,1,0,0,1,0,1,0,0,0
0.0018695,1,0,0,1,1,1,0,1,0,0,1,0,1,0,0,0
0.00187036,1,1,1,1,1,1,1,1,0,0,1,0,1,0,0,0
0.00187042,1,0,0,0,0,0,0,0,0,0,1,0,1,0,0,0
0.00187046,1,1,1,1,0,1,1,0,0,0,1,0,1,0,0,0
0.00187048,1,1,1,1,0,1,1,1,0,0,1,0,1,0,0,0
0.0018705,1,1,1,1,0,0,1,0,0,0,1,0,1,0,0,0
0.00187052,1,0,0,0,0,0,0,0,0,0,1,0,1,0,0,0
0.00187054,1,1,0,1,0,0,0,0,0,0,1,0,1,0,0,0
0.00187056,1,1,1,1,0,1,1,0,0,0,1,0,1,0,0,0
0.00187058,1,1,0,0,0,0,0,0,0,0,1,0,1,0,0,0
0.0018706,1,0,0,0,0,0,0,0,0,0,1,0,1,0,0,0
0.00187062,1,1,0,0,0,0,0,0,0,0,1,0,1,0,0,0
0.00187064,1,1,0,1,0,0,0,0,0,0,1,0,1,0,0,0
0.00187066,1,0,0,0,0,0,0,0,0,0,1,0,1,0,0,0
0.00187078,1,0,0,1,0,0,0,0,0,0,1,0,1,0,0,0
0.0018708,1,0,0,0,0,0,0,0,0,0,1,0,1,0,0,0
0.00187132,1,1,1,1,0,0,0,0,0,0,1,0,1,0,0,0
0.00187134,1,1,1,1,1,1,1,1,0,0,1,0,1,0,0,0
0.0018714,1,1,1,0,0,0,0,1,0,0,1,0,1,0,0,0
0.00187144,1,1,1,1,1,1,1,1,0,0,1,0,1,0,0,0
0.00187146,1,1,1,0,0,0,0,1,0,0,1,0,1,0,0,0
0.0018715,1,1,1,1,0,1,0,1,0,0,1,0,1,0,0,0
0.00187152,1,1,1,0,0,0,0,1,0,0,1,0,1,0,0,0
0.00187176,1,1,1,0,0,0,0,1,0,0,1,0,0,0,0,0
0.00187178,1,1,1,0,0,0,0,1,1,1,1,0,0,0,0,1
0.0018723,1,1,1,1,0,1,1,1,1,1,1,0,0,0,0,1
0.00187232,1,1,1,1,1,1,1,1,1,1,1,0,0,0,0,1
0.00187234,1,0,0,1,1,1,1,1,1,1,1,0,0,0,0,1
0.00187236,1,0,0,1,1,1,0,1,1,1,1,0,0,0,0,1
0.0018733,1,1,1,1,1,1,1,1,1,1,1,0,0,0,0,1
0.00187332,1,0,0,0,0,0,0,0,1,1,1,0,0,0,0,1
0.00187334,1,1,1,1,1,0,1,1,1,1,1,0,0,0,0,1
0.00187336,1,1,1,1,1,1,1,1,1,1,1,0,0,0,0,1
0.00187338,1,0,1,0,0,0,0,1,1,1,1,0,0,0,0,1
0.00187344,1,0,1,1,0,1,0,1,1,1,1,0,0,0,0,1
0.00187346,1,0,1,0,0,0,0,1,1,1,1,0,0,0,0,1
0.00187372,1,0,1,0,0,0,0,1,1,0,1,0,0,0,0,1
0.00187424,1,0,1,1,0,0,0,1,1,0,1,0,0,0,0,1
0.00187426,1,0,1,1,1,1,0,1,1,0,1,0,0,0,0,1
0.00187428,1,0,0,1,1,1,1,1,1,0,1,0,0,0,0,1
0.0018743,1,0,0,1,1,1,0,1,1,0,1,0,0,0,0,1
0.00187524,1,1,0,1,1,1,0,1,1,0,1,0,0,0,0,1
0.00187526,1,1,1,1,1,1,1,1,1,0,1,0,0,0,0,1
0.00187528,0,0,1,1,1,1,1,0,1,0,1,0,0,0,0,1
0.0018753,0,0,1,0,1,0,0,0,1,0,1,0,0,0,0,1
0.00187532,0,0,0,1,0,0,0,1,1,0,1,0,0,0,0,1
0.00187568,0,0,0,1,0,0,0,1,0,0,0,1,0,0,0,1
0.00187622,1,1,0,1,0,0,0,1,0,0,0,1,0,0,0,1
0.00187624,1,1,1,1,1,1,1,1,0,0,0,1,0,0,0,1
0.00187628,1,0,0,0,0,0,0,0,0,0,0,1,0,0,0,1
0.00187632,1,1,1,1,0,1,1,0,0,0,0,1,0,0,0,1
0.00187634,1,1,1,1,0,1,1,1,0,0,0,1,0,0,0,1
0.00187636,1,0,0,0,0,0,0,0,0,0,0,1,0,0,0,1
0.0018764,1,0,0,0,0,1,0,0,0,0,0,1,0,0,0,1
0.00187644,1,0,0,0,0,0,0,0,0,0,0,1,0,0,0,1
0.00187724,1,1,1,1,1,1,1,1,0,0,0,1,0,0,0,1
0.00187728,1,1,0,0,0,0,0,1,0,0,0,1,0,0,0,1
0.00187732,1,1,1,1,0,1,1,1,0,0,0,1,0,0,0,1
0.00187734,1,1,0,0,0,1,0,1,0,0,0,1,0,0,0,1
0.00187736,1,1,0,0,0,0,0,1,0,0,0,1,0,0,0,1
0.00187762,1,1,0,0,0,0,0,1,0,0,0,0,0,0,0,0
0.00187764,1,1,0,0,0,0,0,1,1,1,0,0,0,0,0,1
0.0018777,1,1,0,0,0,0,0,1,0,1,0,0,0,0,0,0
0.00187772,1,1,0,0,0,0,0,1,1,1,0,0,0,0,0,1
0.00187816,1,1,1,1,1,1,0,1,1,1,0,0,0,0,0,1
0.00187818,1,0,0,0,0,0,0,0,1,1,0,0,0,0,0,1
0.00187824,1,0,0,1,0,1,0,0,1,1,0,0,0,0,0,1
0.00187826,1,0,0,0,0,0,0,0,1,1,0,0,0,0,0,1
0.00187916,1,1,1,1,1,1,1,1,1,1,0,0,0,0,0,1
0.0018792,0,0,1,0,1,0,0,0,1,1,0,0,0,0,0,1
0.00187922,1,0,1,0,1,1,0,0,1,1,0,0,0,0,0,1
0.00187924,1,1,1,1,1,1,1,1,1,1,0,0,0,0,0,1
0.00187928,1,0,1,0,1,1,0,0,1,1,0,0,0,0,0,1
0.00187932,1,0,1,1,1,1,1,0,1,1,0,0,0,0,0,1
0.00187934,1,0,1,0,1,1,0,0,1,1,0,0,0,0,0,1
0.0018794,1,0,1,1,1,1,0,0,1,1,0,0,0,0,0,1
0.00187942,1,0,1,0,1,1,0,0,1,1,0,0,0,0,0,1
0.00187958,1,0,1,0,1,1,0,0,1,0,0,0,1,0,0,0
0.0018796,1,0,1,0,1,1,0,0,1,0,1,0,1,1,0,0
0.0018801,1,1,1,1,1,1,0,0,1,0,1,0,1,1,0,0
0.00188012,1,1,0,1,1,1,1,1,1,0,1,0,1,1,0,0
0.00188014,1,0,0,1,1,1,0,1,1,0,1,0,1,1,0,0
0.00188018,1,0,0,1,1,1,1,1,1,0,1,0,1,1,0,0
0.0018802,1,0,0,1,1,1,0,1,1,0,1,0,1,1,0,0
0.0018811,1,1,1,1,1,1,1,1,1,0,1,0,1,1,0,0
0.00188112,1,0,0,0,0,0,0,0,1,0,1,0,1,1,0,0
0.00188116,1,1,0,1,0,0,1,0,1,0,1,0,1,1,0,0
0.00188118,1,0,0,0,0,0,0,0,1,0,1,0,1,1,0,0
0.00188208,1,1,1,1,0,1,1,1,1,0,1,0,1,1,0,0
0.0018821,1,1,1,1,1,1,1,1,1,0,1,0,1,1,0,0
0.00188304,1,0,0,1,1,1,0,1,1,0,1,0,1,1,0,0
0.00188306,1,1,1,1,1,1,1,1,1,0,1,0,1,1,0,0
0.0018831,0,0,1,0,1,0,0,0,1,0,1,0,1,1,0,0
0.00188316,0,1,1,1,1,0,1,0,1,0,1,0,1,1,0,0
0.00188318,0,0,1,0,1,0,0,0,1,0,1,0,1,1,0,0
0.00188348,0,0,1,0,1,0,0,0,0,0,1,0,1,0,0,0
0.00188356,0,0,1,0,1,0,0,0,0,0,0,0,0,0,0,0
0.00188358,1,0,1,0,1,0,0,0,1,0,1,0,1,0,0,0
0.0018836,0,0,1,0,1,1,1,1,0,0,1,0,1,0,0,0
0.00188362,0,0,1,0,1,0,0,0,0,0,1,0,1,0,0,0
0.00188402,1,1,1,1,1,1,1,0,0,0,1,0,1,0,0,0
0.00188404,1,1,1,1,1,1,1,1,0,0,1,0,1,0,0,0
0.00188506,0,0,0,0,0,0,0,1,0,0,1,0,1,0,0,0
0.0018851,1,1,1,1,0,1,1,1,0,0,1,0,1,0,0,0
0.00188514,0,0,0,0,0,0,0,1,0,0,1,0,1,0,0,0
0.00188518,0,0,0,1,0,0,0,1,0,0,1,0,1,0,0,0
0.00188522,0,0,0,0,0,0,0,1,0,0,1,0,1,0,0,0
0.00188542,0,0,0,1,0,0,0,1,0,0,1,0,1,0,0,0
0.00188544,0,0,0,0,0,0,0,1,0,0,1,0,1,0,0,0
0.001886,1,1,1,1,1,1,1,1,0,0,1,0,1,0,0,0
0.00188604,0,0,1,0,1,0,0,0,0,0,1,0,1,0,0,0
0.00188608,1,1,1,1,1,1,1,0,0,0,1,0,1,0,0,0
0.00188612,1,1,1,1,1,1,0,0,0,0,1,0,1,0,0,0
0.00188614,0,0,1,0,1,0,0,0,0,0,1,0,1,0,0,0
0.00188616,1,1,1,1,1,1,1,0,0,0,1,0,1,0,0,0
0.0018862,1,1,1,1,1,1,0,0,0,0,1,0,1,0,0,0
0.00188624,1,1,1,1,1,1,1,0,0,0,1,0,1,0,0,0
0.00188628,1,1,1,1,1,1,0,0,0,0,1,0,1,0,0,0
0.00188644,0,0,1,1,1,0,0,0,0,0,1,0,1,0,0,0
0.00188646,1,1,1,1,1,1,0,0,0,0,1,0,1,0,0,0
0.0018865,1,0,1,1,1,1,0,0,0,0,1,0,1,0,0,0
0.00188652,1,0,1,1,1,0,0,0,0,0,1,0,1,0,0,0
0.00188654,1,1,1,1,1,1,0,0,0,0,1,0,1,0,0,0
0.00188656,1,0,1,1,1,0,0,0,0,0,1,0,1,0,0,0
0.00188662,1,1,1,1,1,0,0,0,0,0,1,0,1,0,0,0
0.00188664,0,0,1,1,1,0,0,0,0,0,1,0,1,0,0,0
0.0018869,0,0,1,0,1,0,0,0,0,0,1,0,1,0,0,0
0.00188692,0,0,1,1,1,0,0,0,0,0,1,0,1,0,0,0
0.00188694,1,1,1,0,1,0,0,0,0,0,1,0,1,0,0,0
0.00188696,1,1,1,1,1,1,1,1,0,0,1,0,1,0,0,0
0.00188702,1,1,0,0,0,0,1,1,0,0,1,0,1,0,0,0
0.00188706,1,1,1,1,0,1,1,1,0,0,1,0,1,0,0,0
0.00188708,1,1,0,0,0,0,1,1,0,0,1,0,1,0,0,0
0.00188712,1,1,0,1,0,1,1,1,0,0,1,0,1,0,0,0
0.00188716,1,1,0,0,0,0,1,1,0,0,1,0,1,0,0,0
0.0018872,1,1,0,1,0,0,1,1,0,0,1,0,1,0,0,0
0.00188722,1,1,0,0,0,0,1,1,0,0,1,0,1,0,0,0
0.00188792,1,1,1,1,1,1,1,1,0,0,1,0,1,0,0,0
0.001888,1,0,0,0,0,0,0,0,0,0,1,0,1,0,0,0
0.00188804,1,1,1,1,0,1,1,0,0,0,1,0,1,0,0,0
0.00188808,1,0,0,0,0,0,0,0,0,0,1,0,1,0,0,0
0.00188812,1,1,1,1,0,1,0,0,0,0,1,0,1,0,0,0
0.00188816,1,0,0,1,0,0,0,0,0,0,1,0,1,0,0,0
0.0018882,1,1,1,1,0,1,0,0,0,0,1,0,1,0,0,0
0.00188824,1,0,0,1,0,0,0,0,0,0,1,0,1,0,0,0
0.0018883,1,1,1,1,0,0,0,0,0,0,1,0,1,0,0,0
0.00188832,1,0,0,0,0,0,0,0,0,0,1,0,1,0,0,0
0.00188834,1,1,1,1,0,1,0,0,0,0,1,0,1,0,0,0
0.00188836,1,1,1,1,0,0,0,0,0,0,1,0,1,0,0,0
0.00188838,1,0,0,1,0,0,0,0,0,0,1,0,1,0,0,0
0.00188842,1,0,0,0,0,0,0,0,0,0,1,0,1,0,0,0
0.00188844,1,1,0,1,0,0,0,0,0,0,1,0,1,0,0,0
0.00188846,1,0,0,0,0,0,0,0,0,0,1,0,1,0,0,0
0.00188852,1,1,0,1,0,0,0,0,0,0,1,0,1,0,0,0
0.00188854,1,0,0,0,0,0,0,0,0,0,1,0,1,0,0,0
0.0018889,1,1,1,1,0,0,0,0,0,0,1,0,1,0,0,0
0.00188892,1,1,1,1,1,1,1,1,0,0,1,0,1,0,0,0
0.00188896,0,1,1,0,1,1,0,0,0,0,1,0,1,0,0,0
0.001889,0,1,1,1,1,1,1,0,0,0,1,0,1,0,0,0
0.00188902,0,1,1,1,1,1,0,0,0,0,1,0,1,0,0,0
0.00188904,0,1,1,0,1,1,0,0,0,0,1,0,1,0,0,0
0.00188908,0,1,1,1,1,1,0,0,0,0,1,0,1,0,0,0
0.0018891,0,1,1,0,1,1,0,0,0,0,1,0,1,0,0,0
0.00188934,0,1,1,0,1,1,0,0,0,1,1,0,1,0,0,0
0.00188936,0,1,1,0,1,1,0,0,0,1,1,0,1,1,0,0
0.00188988,0,1,1,1,1,1,1,0,0,1,1,0,1,1,0,0
0.0018899,1,1,1,1,1,1,1,1,0,1,1,0,1,1,0,0
0.00188992,1,1,1,0,1,1,1,1,0,1,1,0,1,1,0,0
0.00188994,1,1,0,0,0,0,1,1,0,1,1,0,1,1,0,0
0.00188998,1,1,0,1,0,0,1,1,0,1,1,0,1,1,0,0
0.00189002,1,1,0,0,0,0,1,1,0,1,1,0,1,1,0,0
0.00189088,1,1,1,1,1,1,1,0,0,1,1,0,1,1,0,0
0.0018909,1,0,0,0,0,0,0,0,0,1,1,0,1,1,0,0
0.00189094,1,0,1,1,0,1,0,0,0,1,1,0,1,1,0,0
0.00189096,1,0,0,0,0,0,0,0,0,1,1,0,1,1,0,0
0.00189184,1,1,0,0,0,0,1,1,0,1,1,0,1,1,0,0
0.00189186,1,1,1,1,0,0,1,1,0,1,1,0,1,1,0,0
0.00189188,1,1,0,0,0,0,1,1,0,1,1,0,1,1,0,0
0.0018919,1,1,1,1,1,1,1,1,0,1,1,0,1,1,0,0
0.00189284,0,0,1,1,1,0,0,0,0,1,1,0,1,1,0,0
0.00189286,0,0,1,0,1,0,0,0,0,1,1,0,1,1,0,0
0.0018929,1,1,1,1,1,1,0,0,0,1,1,0,1,1,0,0
0.00189292,0,0,1,0,1,0,0,0,0,1,1,0,1,1,0,0
0.00189324,0,0,1,0,1,0,0,0,0,0,1,0,1,1,0,0
0.00189326,0,0,1,0,1,0,0,0,0,0,1,0,1,0,0,0
0.0018938,1,1,1,1,1,1,1,1,0,0,1,0,1,0,0,0
0.00189482,0,0,0,0,0,0,0,1,0,0,1,0,1,0,0,0
0.00189486,1,1,0,1,0,1,1,1,0,0,1,0,1,0,0,0
0.00189488,1,1,1,1,0,1,1,1,0,0,1,0,1,0,0,0
0.0018949,1,0,0,1,0,0,0,1,0,0,1,0,1,0,0,0
0.00189492,0,0,0,0,0,0,0,1,0,0,1,0,1,0,0,0
0.00189494,1,0,0,1,0,0,0,1,0,0,1,0,1,0,0,0
0.00189498,0,0,0,0,0,0,0,1,0,0,1,0,1,0,0,0
0.00189518,1,0,0,1,0,0,0,1,0,0,1,0,1,0,0,0
0.0018952,0,0,0,0,0,0,0,1,0,0,1,0,1,0,0,0
0.00189572,1,1,1,1,0,0,0,1,0,0,1,0,1,0,0,0
0.00189574,1,1,1,1,0,1,1,1,0,0,1,0,1,0,0,0
0.00189576,1,1,1,1,1,1,1,1,0,0,1,0,1,0,0,0
0.0018958,0,1,0,0,1,0,0,0,0,0,1,0,1,0,0,0
0.00189584,1,1,1,1,1,1,1,0,0,0,1,0,1,0,0,0
0.00189588,1,1,1,1,1,0,0,0,0,0,1,0,1,0,0,0
0.0018959,0,1,0,0,1,0,0,0,0,0,1,0,1,0,0,0
0.00189592,1,1,1,1,1,0,0,0,0,0,1,0,1,0,0,0
0.00189596,1,1,0,0,1,0,0,0,0,0,1,0,1,0,0,0
0.00189598,0,1,0,0,1,0,0,0,0,0,1,0,1,0,0,0
0.001896,1,1,1,1,1,0,0,0,0,0,1,0,1,0,0,0
0.00189604,1,1,0,0,1,0,0,0,0,0,1,0,1,0,0,0
0.00189612,0,1,0,0,1,0,0,0,0,0,1,0,1,0,0,0
0.00189616,1,1,0,0,1,0,0,0,0,0,1,0,1,0,0,0
0.00189618,1,1,0,0,1,0,0,0,0,1,0,0,1,0,0,0
0.0018962,0,1,0,0,1,0,0,0,0,1,0,0,1,0,0,0
0.00189624,1,1,1,0,1,0,0,0,0,1,0,0,1,0,0,0
0.00189626,0,1,0,0,1,0,0,0,0,1,0,0,1,0,0,0
0.0018963,1,1,0,0,1,0,0,0,0,1,0,0,1,0,0,0
0.00189634,0,1,0,0,1,0,0,0,0,1,0,0,1,0,0,0
0.00189672,1,1,1,1,1,0,1,0,0,1,0,0,1,0,0,0
0.00189674,1,1,1,1,1,1,1,1,0,1,0,0,1,0,0,0
0.00189676,1,1,1,1,0,1,1,1,0,1,0,0,1,0,0,0
0.00189678,0,0,0,0,0,1,0,0,0,1,0,0,1,0,0,0
0.00189682,1,1,1,1,0,1,1,0,0,1,0,0,1,0,0,0
0.00189684,1,0,1,1,0,1,1,0,0,1,0,0,1,0,0,0
0.00189686,0,0,0,0,0,1,0,0,0,1,0,0,1,0,0,0
0.0018969,1,0,1,1,0,1,0,0,0,1,0,0,1,0,0,0
0.00189692,0,0,0,0,0,1,0,0,0,1,0,0,1,0,0,0
0.00189768,1,1,1,1,0,1,0,0,0,1,0,0,1,0,0,0
0.0018977,1,1,1,1,1,1,1,1,0,1,0,0,1,0,0,0
0.00189776,1,0,0,0,1,0,0,0,0,1,0,0,1,0,0,0
0.0018978,1,1,1,1,1,1,1,1,0,1,0,0,1,0,0,0
0.00189782,1,1,1,1,1,0,1,0,0,1,0,0,1,0,0,0
0.00189784,1,0,0,0,1,0,0,0,0,1,0,0,1,0,0,0
0.00189788,1,1,1,1,1,0,0,0,0,1,0,0,1,0,0,0
0.0018979,1,0,1,1,1,0,0,0,0,1,0,0,1,0,0,0
0.00189792,1,0,0,0,1,0,0,0,0,1,0,0,1,0,0,0
0.00189796,1,0,1,0,1,0,0,0,0,1,0,0,1,0,0,0
0.00189798,1,0,0,0,1,0,0,0,0,1,0,0,1,0,0,0
0.00189814,1,0,0,0,1,0,0,0,1,0,0,0,1,0,0,0
0.0018982,1,0,1,0,1,0,0,0,0,0,0,0,0,0,0,0
0.00189822,1,0,0,0,1,0,0,0,1,0,0,0,1,0,0,0
0.00189866,1,0,1,0,1,0,0,0,1,0,0,0,1,0,0,0
0.00189868,1,1,1,1,1,1,1,1,1,0,0,0,1,0,0,0
0.00189874,0,0,0,0,1,0,0,0,1,0,0,0,1,0,0,0
0.00189876,0,1,1,1,1,0,0,0,1,0,0,0,1,0,0,0
0.00189878,1,1,1,1,1,1,1,0,1,0,0,0,1,0,0,0
0.00189882,0,0,0,0,1,0,0,0,1,0,0,0,1,0,0,0
0.00189884,0,0,1,1,1,0,0,0,1,0,0,0,1,0,0,0
0.00189886,0,1,1,1,1,0,0,0,1,0,0,0,1,0,0,0
0.0018989,0,0,1,1,1,0,0,0,1,0,0,0,1,0,0,0
0.00189894,0,1,1,1,1,0,0,0,1,0,0,0,1,0,0,0
0.00189898,0,0,1,1,1,0,0,0,1,0,0,0,1,0,0,0
0.00189902,0,1,1,1,1,0,0,0,1,0,0,0,1,0,0,0
0.00189904,0,0,1,1,1,0,0,0,1,0,0,0,1,0,0,0
0.00189908,0,1,1,1,1,0,0,0,1,0,0,0,1,0,0,0
0.00189912,0,0,1,1,1,0,0,0,1,0,0,0,1,0,0,0
0.0018995,0,0,1,0,1,0,0,0,1,0,0,0,1,0,0,0
0.00189952,0,0,1,1,1,0,0,0,1,0,0,0,1,0,0,0
0.00189956,0,0,1,0,1,0,0,0,1,0,0,0,1,0,0,0
0.0018996,0,0,1,1,1,0,0,0,1,0,0,0,1,0,0,0
0.00189962,0,0,1,0,1,0,0,0,1,0,0,0,1,0,0,0
0.00189964,1,1,1,1,1,0,0,0,1,0,0,0,1,0,0,0
0.00189966,1,1,1,1,1,1,1,1,1,0,0,0,1,0,0,0
0.00189972,1,0,0,1,0,0,1,0,1,0,0,0,1,0,0,0
0.00189974,1,0,1,1,0,0,1,0,1,0,0,0,1,0,0,0
0.00189976,1,1,1,1,0,1,1,1,1,0,0,0,1,0,0,0
0.00189978,1,0,1,1,0,0,1,0,1,0,0,0,1,0,0,0
0.0018998,1,0,0,1,0,0,1,0,1,0,0,0,1,0,0,0
0.00189982,1,0,1,1,0,0,1,0,1,0,0,0,1,0,0,0
0.00189984,1,1,1,1,0,1,1,0,1,0,0,0,1,0,0,0
0.00189986,1,0,1,1,0,0,1,0,1,0,0,0,1,0,0,0
0.00190008,1,0,1,1,0,0,1,0,1,0,0,1,0,0,1,0
0.0019001,1,0,0,1,0,0,1,0,1,0,0,1,0,0,1,0
0.00190012,1,0,1,1,0,0,1,0,1,0,0,1,0,0,1,0
0.00190016,1,0,0,1,0,0,1,0,1,0,0,1,0,0,1,0
0.00190018,1,0,1,1,0,0,1,0,1,0,0,1,0,0,1,0
0.0019002,1,0,0,1,0,0,1,0,1,0,0,1,0,0,1,0
0.00190024,1,0,1,1,0,0,1,0,1,0,0,1,0,0,1,0
0.00190026,1,0,0,1,0,0,1,0,1,0,0,1,0,0,1,0
0.0019006,1,1,1,1,0,1,1,0,1,0,0,1,0,0,1,0
0.00190062,0,0,0,0,0,0,0,0,1,0,0,1,0,0,1,0
0.00190064,0,0,0,0,1,1,1,1,1,0,0,1,0,0,1,0
0.00190066,1,1,1,1,1,1,1,1,1,0,0,1,0,0,1,0
0.00190068,0,0,0,0,1,1,1,1,1,0,0,1,0,0,1,0
0.00190072,0,0,1,0,1,1,1,1,1,0,0,1,0,0,1,0
0.00190076,0,0,0,0,1,1,1,1,1,0,0,1,0,0,1,0
0.00190152,1,1,1,1,1,1,1,1,1,0,0,1,0,0,1,0
0.00190154,0,0,0,0,1,1,1,1,1,0,0,1,0,0,1,0
0.00190156,0,0,1,0,1,1,1,1,1,0,0,1,0,0,1,0
0.0019016,0,0,0,0,1,1,1,1,1,0,0,1,0,0,1,0
0.00190162,1,1,1,1,1,1,1,1,1,0,0,1,0,0,1,0
0.00190166,1,1,1,0,1,0,0,0,1,0,0,1,0,0,1,0
0.00190168,1,1,1,1,1,1,0,0,1,0,0,1,0,0,1,0
0.0019017,1,1,1,1,1,1,1,1,1,0,0,1,0,0,1,0
0.00190172,1,1,1,0,1,1,0,0,1,0,0,1,0,0,1,0
0.00190176,1,1,1,1,1,1,0,0,1,0,0,1,0,0,1,0
0.00190178,1,1,1,0,1,1,0,0,1,0,0,1,0,0,1,0
0.00190204,1,1,1,0,1,1,0,0,1,0,0,0,0,0,0,0
0.00190206,1,1,1,0,1,1,0,0,1,1,1,0,1,1,0,0
0.00190212,1,1,1,0,1,1,1,1,1,1,1,0,1,1,0,0
0.00190214,1,1,1,1,1,1,1,1,1,1,1,0,1,1,1,1
0.00190216,1,1,1,0,1,1,0,0,1,1,1,0,1,1,0,0
0.0019022,1,1,1,1,1,1,1,1,1,1,1,0,1,1,0,0
0.00190222,1,1,1,0,1,1,0,0,1,1,1,0,1,1,0,0
0.00190258,1,1,1,1,1,1,1,1,1,1,1,0,1,1,0,0
0.00190264,1,0,0,0,1,0,1,1,1,1,1,0,1,1,0,0
0.00190268,1,1,1,1,1,1,1,1,1,1,1,0,1,1,0,0
0.0019027,1,0,0,0,1,0,1,1,1,1,1,0,1,1,0,0
0.00190276,1,0,0,1,1,0,1,1,1,1,1,0,1,1,0,0
0.00190278,1,0,0,0,1,0,1,1,1,1,1,0,1,1,0,0
0.00190354,1,1,1,1,1,0,1,1,1,1,1,0,1,1,0,0
0.00190356,1,1,1,1,1,1,1,1,1,1,1,0,1,1,0,0
0.0019036,1,0,1,1,0,1,0,0,1,1,1,0,1,1,0,0
0.00190362,1,0,0,0,0,0,0,0,1,1,1,0,1,1,0,0
0.00190364,1,1,1,1,0,1,0,0,1,1,1,0,1,1,0,0
0.00190366,1,1,1,1,0,1,1,1,1,1,1,0,1,1,0,0
0.00190368,1,1,1,1,0,1,0,0,1,1,1,0,1,1,0,0
0.0019037,1,0,0,0,0,0,0,0,1,1,1,0,1,1,0,0
0.00190372,1,0,1,0,0,0,0,0,1,1,1,0,1,1,0,0
0.00190374,1,1,1,1,0,1,0,0,1,1,1,0,1,1,0,0
0.00190376,1,0,1,1,0,1,0,0,1,1,1,0,1,1,0,0
0.00190378,1,0,0,0,0,0,0,0,1,1,1,0,1,1,0,0
0.0019038,1,0,1,0,0,0,0,0,1,1,1,0,1,1,0,0
0.00190382,1,0,1,1,0,0,0,0,1,1,1,0,1,1,0,0
0.00190384,1,0,1,0,0,0,0,0,1,1,1,0,1,1,0,0
0.00190392,1,0,0,0,0,0,0,0,1,1,1,0,1,1,0,0
0.00190396,1,0,1,0,0,0,0,0,1,1,1,0,1,1,0,0
0.001904,1,0,0,0,0,0,0,0,1,1,1,0,1,1,0,0
0.00190452,1,1,1,1,0,1,1,0,1,1,1,0,1,1,0,0
0.00190454,1,1,1,1,1,1,1,1,1,1,1,0,1,1,0,0
0.00190554,0,1,0,0,1,0,0,0,1,1,1,0,1,1,0,0
0.00190558,0,1,1,1,1,1,0,0,1,1,1,0,1,1,0,0
0.00190562,0,1,0,0,1,0,0,0,1,1,1,0,1,1,0,0
0.00190566,0,1,1,0,1,0,0,0,1,1,1,0,1,1,0,0
0.0019057,0,1,0,0,1,0,0,0,1,1,1,0,1,1,0,0
0.00190594,0,1,1,0,1,0,0,0,0,1,0,0,1,0,0,0
0.00190596,0,1,0,0,1,0,0,0,0,1,0,0,1,0,0,0
0.00190646,1,1,1,1,1,0,0,0,0,1,0,0,1,0,0,0
0.00190648,1,1,1,1,1,1,1,1,0,1,0,0,1,0,0,0
0.0019065,1,1,1,1,1,1,1,0,0,1,0,0,1,0,0,0
0.00190652,1,1,1,1,1,1,1,1,0,1,0,0,1,0,0,0
0.00190654,1,0,1,0,1,1,1,0,0,1,0,0,1,0,0,0
0.00190656,0,0,0,0,1,0,0,0,0,1,0,0,1,0,0,0
0.00190658,1,0,1,1,1,1,0,0,0,1,0,0,1,0,0,0
0.0019066,1,1,1,1,1,1,1,0,0,1,0,0,1,0,0,0
0.00190664,0,0,0,0,1,0,0,0,0,1,0,0,1,0,0,0
0.00190666,0,0,1,1,1,0,0,0,0,1,0,0,1,0,0,0
0.00190668,1,0,1,1,1,0,0,0,0,1,0,0,1,0,0,0
0.00190672,0,0,1,0,1,0,0,0,0,1,0,0,1,0,0,0
0.00190674,0,0,1,1,1,0,0,0,0,1,0,0,1,0,0,0
0.00190676,1,0,1,1,1,0,0,0,0,1,0,0,1,0,0,0
0.00190678,0,0,1,1,1,0,0,0,0,1,0,0,1,0,0,0
0.00190684,1,0,1,1,1,0,0,0,0,1,0,0,1,0,0,0
0.00190686,0,0,1,1,1,0,0,0,0,1,0,0,1,0,0,0
0.00190688,0,0,1,0,1,0,0,0,0,1,0,0,1,0,0,0
0.00190694,0,0,1,1,1,0,0,0,0,1,0,0,1,0,0,0
0.00190696,0,0,1,0,1,0,0,0,0,1,0,0,1,0,0,0
0.00190726,0,0,0,0,1,0,0,0,0,1,0,0,1,0,0,0
0.0019073,0,0,1,0,1,0,0,0,0,1,0,0,1,0,0,0
0.00190732,0,0,0,0,1,0,0,0,0,1,0,0,1,0,0,0
0.00190738,0,0,1,0,1,0,0,0,0,1,0,0,1,0,0,0
0.0019074,0,0,0,0,1,0,0,0,0,1,0,0,1,0,0,0
0.00190742,0,0,1,0,1,0,0,0,0,1,0,0,1,0,0,0
0.00190744,1,1,1,0,1,0,0,0,0,1,0,0,1,0,0,0
0.00190746,0,0,0,1,1,1,1,1,0,1,0,0,1,0,0,0
0.00190748,1,1,1,1,1,1,0,0,0,1,0,0,1,0,0,0
0.0019075,1,0,1,0,1,1,1,1,0,1,0,0,1,0,0,0
0.00190752,1,0,0,0,1,0,0,0,0,1,0,0,1,0,0,0
0.00190754,1,0,1,1,1,0,0,0,0,1,0,0,1,0,0,0
0.00190756,1,1,1,1,1,1,1,1,0,1,0,0,1,0,0,0
0.00190758,1,0,0,0,1,0,0,0,0,1,0,0,1,0,0,0
0.00190762,1,0,1,0,1,0,0,0,0,1,0,0,1,0,0,0
0.00190764,1,0,1,1,1,0,0,0,0,1,0,0,1,0,0,0
0.00190766,1,0,0,0,1,0,0,0,0,1,0,0,1,0,0,0
0.0019079,1,0,0,0,1,0,0,0,1,0,0,0,1,0,0,0
0.00190796,1,0,0,0,1,0,0,0,1,0,0,0,0,0,0,0
0.00190798,1,0,0,0,1,0,0,0,1,0,0,0,1,0,0,0
0.00190844,1,1,1,1,1,1,1,0,1,0,0,0,1,0,0,0
0.00190846,1,1,1,1,1,1,1,1,1,0,0,0,1,0,0,0
0.0019085,0,0,0,0,0,1,0,0,1,0,0,0,1,0,0,0
0.00190854,1,1,1,1,0,1,1,0,1,0,0,0,1,0,0,0
0.00190858,0,0,1,0,0,1,0,0,1,0,0,0,1,0,0,0
0.0019086,0,0,0,0,0,1,0,0,1,0,0,0,1,0,0,0
0.00190862,0,1,1,1,0,1,0,0,1,0,0,0,1,0,0,0
0.00190864,0,0,1,1,0,1,0,0,1,0,0,0,1,0,0,0
0.00190868,0,0,1,0,0,1,0,0,1,0,0,0,1,0,0,0
0.0019087,0,0,1,1,0,1,0,0,1,0,0,0,1,0,0,0
0.00190882,0,0,1,0,0,1,0,0,1,0,0,0,1,0,0,0
0.00190884,0,0,1,1,0,1,0,0,1,0,0,0,1,0,0,0
0.00190886,0,0,1,0,0,1,0,0,1,0,0,0,1,0,0,0
0.001909,0,0,0,0,0,1,0,0,1,0,0,0,1,0,0,0
0.00190902,0,0,1,0,0,1,0,0,1,0,0,0,1,0,0,0
0.00190914,0,0,0,0,0,1,0,0,1,0,0,0,1,0,0,0
0.0019094,1,1,1,1,0,1,0,0,1,0,0,0,1,0,0,0
0.00190942,1,1,1,1,1,1,1,1,1,0,0,0,1,0,0,0
0.00190946,1,1,1,1,1,0,1,1,1,0,0,0,1,0,0,0
0.00190948,1,0,0,1,0,0,1,0,1,0,0,0,1,0,0,0
0.0019095,1,0,1,1,0,0,1,0,1,0,0,0,1,0,0,0
0.00190952,1,1,1,1,0,1,1,1,1,0,0,0,1,0,0,0
0.00190954,1,0,0,1,0,0,1,0,1,0,0,0,1,0,0,0
0.00190958,1,0,1,1,0,0,1,0,1,0,0,0,1,0,0,0
0.00190962,1,0,0,1,0,0,1,0,1,0,0,0,1,0,0,0
0.00190984,1,0,0,1,0,0,1,0,1,0,0,0,0,0,0,0
0.00190986,1,0,0,1,0,0,1,0,1,0,0,1,0,0,1,0
0.00191036,1,1,1,1,0,0,1,0,1,0,0,1,0,0,1,0
0.00191038,1,1,1,0,0,0,0,0,1,0,0,1,0,0,1,0
0.0019104,0,0,0,0,1,0,0,0,1,0,0,1,0,0,1,0
0.00191044,0,1,1,0,1,0,0,0,1,0,0,1,0,0,1,0
0.00191046,0,0,0,0,1,0,0,0,1,0,0,1,0,0,1,0
0.00191134,0,0,1,0,1,0,0,0,1,0,0,1,0,0,1,0
0.00191136,0,0,0,0,1,0,0,0,1,0,0,1,0,0,1,0
0.00191138,1,1,1,1,1,0,1,1,1,0,0,1,0,0,1,0
0.0019114,1,1,1,1,1,1,1,1,1,0,0,1,0,0,1,0
0.00191142,1,1,1,1,1,0,0,0,1,0,0,1,0,0,1,0
0.00191144,1,1,1,1,1,1,0,0,1,0,0,1,0,0,1,0
0.00191146,1,1,1,0,1,1,1,1,1,0,0,1,0,0,1,0
0.00191148,1,1,1,0,1,1,0,0,1,0,0,1,0,0,1,0
0.0019118,1,1,1,0,1,1,0,0,1,0,0,0,0,0,0,0
0.00191182,1,1,1,0,1,1,0,0,1,1,1,0,1,1,0,0
0.0019119,1,1,1,1,1,1,0,0,1,1,1,0,1,1,0,0
0.00191192,1,1,1,0,1,1,1,1,1,1,1,0,1,1,0,0
0.00191194,1,1,1,0,1,1,0,0,1,1,1,0,1,1,0,0
0.00191232,1,1,1,1,1,1,0,0,1,1,1,0,1,1,0,0
0.00191238,1,1,1,1,1,1,1,0,1,1,1,0,1,1,0,0
0.0019124,0,1,1,1,1,1,0,0,1,1,1,0,1,1,0,0
0.0019133,1,1,1,1,1,1,1,1,1,1,1,0,1,1,0,0
0.00191338,1,1,0,1,0,0,0,0,1,1,1,0,1,1,0,0
0.00191342,1,1,1,1,0,0,1,0,1,1,1,0,1,1,0,0
0.00191344,1,1,0,1,0,0,0,0,1,1,1,0,1,1,0,0
0.0019143,1,1,1,1,1,1,1,1,1,1,1,0,1,1,0,0
0.0019153,0,0,0,1,1,0,1,0,1,1,1,0,1,1,0,0
0.00191534,1,1,1,1,1,1,1,1,1,1,1,0,1,1,0,0
0.0019154,0,0,1,0,1,0,0,0,1,1,1,0,1,1,0,0
0.00191544,1,0,1,0,1,1,0,0,1,1,1,0,1,1,0,0
0.00191546,1,1,1,0,1,1,0,0,1,1,1,0,1,1,0,0
0.00191548,0,0,1,0,1,0,0,0,1,1,1,0,1,1,0,0
0.0019157,0,0,1,0,1,0,0,0,0,0,1,0,1,0,0,0
0.00191624,1,1,1,1,1,1,1,0,0,0,1,0,1,0,0,0
0.00191626,1,1,1,1,1,1,1,1,0,0,1,0,1,0,0,0
0.00191728,0,0,0,0,0,0,0,1,0,0,1,0,1,0,0,0
0.00191732,1,1,1,1,0,1,1,1,0,0,1,0,1,0,0,0
0.00191736,0,0,0,0,0,0,0,1,0,0,1,0,1,0,0,0
0.0019174,1,0,0,1,0,1,0,1,0,0,1,0,1,0,0,0
0.00191744,0,0,0,0,0,0,0,1,0,0,1,0,1,0,0,0
0.0019182,0,1,0,0,0,0,0,1,0,0,1,0,1,0,0,0
0.00191822,1,1,1,1,1,1,1,1,0,0,1,0,1,0,0,0
0.00191826,0,1,0,0,1,0,0,0,0,0,1,0,1,0,0,0
0.0019183,1,1,1,1,1,1,1,0,0,0,1,0,1,0,0,0
0.00191834,1,1,1,1,1,1,0,0,0,0,1,0,1,0,0,0
0.00191836,0,1,0,0,1,0,0,0,0,0,1,0,1,0,0,0
0.00191838,1,1,1,1,1,1,1,0,0,0,1,0,1,0,0,0
0.00191842,1,1,1,1,1,1,0,0,0,0,1,0,1,0,0,0
0.00191864,1,1,1,1,1,1,0,0,0,1,0,0,1,0,0,0
0.00191866,1,1,1,1,1,0,0,0,0,1,0,0,1,0,0,0
0.00191868,1,1,1,1,1,1,0,0,0,1,0,0,1,0,0,0
0.0019187,1,1,1,1,1,1,0,0,0,0,0,0,0,0,0,0
0.00191872,1,1,1,1,1,1,0,0,0,1,0,0,1,0,0,0
0.00191874,0,1,1,0,1,0,0,0,0,1,0,0,1,0,0,0
0.00191876,1,1,1,1,1,1,0,0,0,1,0,0,1,0,0,0
0.0019188,1,1,1,1,1,0,0,0,0,1,0,0,1,0,0,0
0.00191884,1,1,1,1,1,1,0,0,0,1,0,0,1,0,0,0
0.00191886,1,1,1,1,1,0,0,0,0,1,0,0,1,0,0,0
0.00191904,1,1,1,0,1,0,0,0,0,1,0,0,1,0,0,0
0.00191906,1,1,1,1,1,0,0,0,0,1,0,0,1,0,0,0
0.00191908,0,1,1,0,1,0,0,0,0,1,0,0,1,0,0,0
0.00191914,1,1,1,1,1,0,0,0,0,1,0,0,1,0,0,0
0.00191916,1,1,0,0,1,0,0,0,0,1,0,0,1,0,0,0
0.00191918,1,1,1,1,1,1,1,0,0,1,0,0,1,0,0,0
0.0019192,1,1,1,1,1,1,1,1,0,1,0,0,1,0,0,0
0.00191922,1,1,1,1,0,1,1,1,0,1,0,0,1,0,0,0
0.00191924,1,0,0,0,0,0,0,0,0,1,0,0,1,0,0,0
0.00191926,1,0,1,1,0,1,0,0,0,1,0,0,1,0,0,0
0.00191928,1,1,1,1,0,1,1,1,0,1,0,0,1,0,0,0
0.0019193,1,1,1,1,0,1,1,0,0,1,0,0,1,0,0,0
0.00191932,1,0,0,0,0,0,0,0,0,1,0,0,1,0,0,0
0.00191934,1,0,1,1,0,1,0,0,0,1,0,0,1,0,0,0
0.00191936,1,0,1,1,0,1,1,0,0,1,0,0,1,0,0,0
0.0019194,1,0,1,1,0,1,0,0,0,1,0,0,1,0,0,0
0.00191944,1,0,1,1,0,1,1,0,0,1,0,0,1,0,0,0
0.00191948,1,0,1,1,0,1,0,0,0,1,0,0,1,0,0,0
0.00191998,1,0,1,1,0,0,0,0,0,1,0,0,1,0,0,0
0.00192004,1,0,1,1,0,1,0,0,0,1,0,0,1,0,0,0
0.00192006,1,0,1,0,0,0,0,0,0,1,0,0,1,0,0,0
0.00192008,1,0,1,1,0,0,0,0,0,1,0,0,1,0,0,0
0.0019201,1,0,1,1,0,1,0,0,0,1,0,0,1,0,0,0
0.00192012,1,0,1,1,0,0,0,0,0,1,0,0,1,0,0,0
0.00192014,1,1,1,1,0,0,0,0,0,1,0,0,1,0,0,0
0.00192016,1,0,1,1,1,1,1,1,0,1,0,0,1,0,0,0
0.00192018,1,1,1,1,1,1,1,1,0,1,0,0,1,0,0,0
0.00192022,1,0,0,0,1,0,0,0,0,1,0,0,1,0,0,0
0.00192026,1,1,1,1,1,1,1,1,0,1,0,0,1,0,0,0
0.00192028,1,1,1,1,1,1,1,0,0,1,0,0,1,0,0,0
0.0019203,1,0,0,0,1,0,0,0,0,1,0,0,1,0,0,0
0.00192032,1,0,1,1,1,0,0,0,0,1,0,0,1,0,0,0
0.00192034,1,1,1,1,1,1,0,0,0,1,0,0,1,0,0,0
0.00192036,1,0,1,1,1,0,0,0,0,1,0,0,1,0,0,0
0.00192038,1,0,1,0,1,0,0,0,0,1,0,0,1,0,0,0
0.0019204,1,0,1,1,1,0,0,0,0,1,0,0,1,0,0,0
0.00192054,1,0,1,0,1,0,0,0,0,1,0,0,1,0,0,0
0.00192056,1,0,1,1,1,0,0,0,0,1,0,0,1,0,0,0
0.00192058,1,0,1,1,1,0,0,0,0,0,0,0,1,0,0,0
0.0019206,1,0,1,0,1,0,0,0,1,0,0,0,1,0,0,0
0.00192064,1,0,1,1,1,0,0,0,1,0,0,0,1,0,0,0
0.00192066,1,0,1,1,1,0,0,0,0,0,0,0,0,0,0,0
0.00192068,1,0,1,0,1,0,0,0,1,0,0,0,1,0,0,0
0.0019207,1,0,0,0,1,0,0,0,1,0,0,0,1,0,0,0
0.00192072,1,0,1,1,1,0,0,0,1,0,0,0,1,0,0,0
0.00192074,1,0,1,0,1,0,0,0,1,0,0,0,1,0,0,0
0.00192076,1,0,0,0,1,0,0,0,1,0,0,0,1,0,0,0
0.00192078,1,0,1,0,1,0,0,0,1,0,0,0,1,0,0,0
0.00192084,1,0,0,0,1,0,0,0,1,0,0,0,1,0,0,0
0.00192086,1,0,1,0,1,0,0,0,1,0,0,0,1,0,0,0
0.00192088,1,0,0,0,1,0,0,0,1,0,0,0,1,0,0,0
0.00192102,1,0,1,0,1,0,0,0,1,0,0,0,1,0,0,0
0.00192104,1,0,0,0,1,0,0,0,1,0,0,0,1,0,0,0
0.00192112,1,1,1,1,1,0,0,0,1,0,0,0,1,0,0,0
0.00192114,1,1,1,1,1,1,0,1,1,0,0,0,1,0,0,0
0.00192116,1,1,1,1,1,1,1,1,1,0,0,0,1,0,0,0
0.00192118,0,1,0,0,0,0,0,0,1,0,0,0,1,0,0,0
0.00192122,0,1,1,1,0,0,0,0,1,0,0,0,1,0,0,0
0.00192124,0,1,1,1,0,1,1,0,1,0,0,0,1,0,0,0
0.00192126,0,1,0,0,0,0,0,0,1,0,0,0,1,0,0,0
0.0019213,0,1,1,0,0,0,0,0,1,0,0,0,1,0,0,0
0.00192132,0,1,1,1,0,0,0,0,1,0,0,0,1,0,0,0
0.00192134,0,1,0,0,0,0,0,0,1,0,0,0,1,0,0,0
0.0019221,1,1,1,1,0,0,0,0,1,0,0,0,1,0,0,0
0.00192212,1,1,1,1,1,1,1,1,1,0,0,0,1,0,0,0
0.00192218,0,1,0,0,0,0,1,0,1,0,0,0,1,0,0,0
0.00192222,1,1,1,1,1,1,1,0,1,0,0,0,1,0,0,0
0.00192224,1,1,1,1,0,1,1,0,1,0,0,0,1,0,0,0
0.00192226,0,1,0,0,0,0,1,0,1,0,0,0,1,0,0,0
0.00192228,0,1,1,0,0,0,1,0,1,0,0,0,1,0,0,0
0.0019223,1,1,1,1,0,1,1,0,1,0,0,0,1,0,0,0
0.00192232,0,1,1,1,0,0,1,0,1,0,0,0,1,0,0,0
0.00192234,0,1,1,0,0,0,1,0,1,0,0,0,1,0,0,0
0.00192236,0,1,1,1,0,0,1,0,1,0,0,0,1,0,0,0
0.00192242,0,1,1,0,0,0,1,0,1,0,0,0,1,0,0,0
0.00192254,0,1,1,1,0,0,1,0,0,1,0,0,0,0,1,0
0.00192256,0,1,0,0,0,0,1,0,0,1,0,0,0,0,1,0
0.00192258,0,1,1,0,0,0,1,0,0,1,0,0,0,0,1,0
0.00192262,0,1,0,0,0,0,1,0,0,1,0,0,0,0,1,0
0.00192266,0,1,1,0,0,0,1,0,0,1,0,0,0,0,1,0
0.0019227,0,1,0,0,0,0,1,0,0,1,0,0,0,0,1,0
0.00192276,0,1,1,0,0,0,1,0,0,1,0,0,0,0,1,0
0.00192278,0,1,0,0,0,0,1,0,0,1,0,0,0,0,1,0
0.00192306,1,1,1,1,0,1,1,0,0,1,0,0,0,0,1,0
0.00192308,0,0,0,0,0,1,0,0,0,1,0,0,0,0,1,0
0.0019231,1,0,1,1,0,0,0,0,0,1,0,0,0,0,1,0
0.00192312,1,0,0,0,0,0,0,0,0,1,0,0,0,0,1,0
0.00192316,1,0,1,1,0,0,0,0,0,1,0,0,0,0,1,0
0.00192318,1,0,0,0,0,0,0,0,0,1,0,0,0,0,1,0
0.00192352,1,1,1,1,0,0,0,0,0,1,0,0,0,0,1,0
0.00192354,1,1,1,1,0,1,0,0,0,1,0,0,0,0,1,0
0.00192356,1,1,1,1,0,0,0,0,0,1,0,0,0,0,1,0
0.00192398,1,1,1,1,0,1,0,1,0,1,0,0,0,0,1,0
0.001924,0,1,1,1,0,0,0,0,0,1,0,0,0,0,1,0
0.00192408,1,1,1,1,1,1,1,1,0,1,0,0,0,0,1,0
0.00192412,0,0,1,1,1,0,1,0,0,1,0,0,0,0,1,0
0.00192414,1,1,1,1,1,1,0,0,0,1,0,0,0,0,1,0
0.00192416,1,1,1,1,1,1,0,1,0,1,0,0,0,0,1,0
0.00192418,1,0,1,0,1,1,1,1,0,1,0,0,0,0,1,0
0.0019242,0,0,1,0,1,0,0,0,0,1,0,0,0,0,1,0
0.00192424,1,0,1,1,1,1,0,1,0,1,0,0,0,0,1,0
0.00192426,0,0,1,0,1,1,0,0,0,1,0,0,0,0,1,0
0.00192428,0,0,1,0,1,0,0,0,0,1,0,0,0,0,1,0
0.00192432,0,0,1,0,1,1,0,0,0,1,0,0,0,0,1,0
0.00192434,0,0,1,0,1,0,0,0,0,1,0,0,0,0,1,0
0.0019245,0,0,1,0,1,0,0,0,0,0,1,0,1,0,0,0
0.00192458,0,1,1,1,1,0,0,0,0,0,1,0,1,0,0,0
0.0019246,1,1,1,1,1,1,1,1,0,1,1,1,1,0,0,0
0.00192462,0,0,1,0,1,0,0,0,0,0,1,0,1,0,0,0
0.00192466,1,0,1,0,1,1,0,1,0,0,1,0,1,0,0,0
0.00192468,1,0,1,0,1,1,0,0,0,0,1,0,1,0,0,0
0.0019247,0,0,1,0,1,0,0,0,0,0,1,0,1,0,0,0
0.00192502,1,1,1,0,1,0,0,0,0,0,1,0,1,0,0,0
0.00192504,1,1,1,1,1,1,1,1,0,0,1,0,1,0,0,0
0.0019251,0,0,1,1,0,1,1,1,0,0,1,0,1,0,0,0
0.00192514,1,0,1,1,0,1,1,1,0,0,1,0,1,0,0,0
0.00192516,0,0,1,1,0,1,1,1,0,0,1,0,1,0,0,0
0.001926,1,1,1,1,0,1,1,1,0,0,1,0,1,0,0,0
0.00192602,1,1,1,1,1,1,1,1,0,0,1,0,1,0,0,0
0.00192606,1,0,0,0,0,0,0,0,0,0,1,0,1,0,0,0
0.0019261,1,1,1,1,0,1,0,0,0,0,1,0,1,0,0,0
0.00192612,1,1,1,1,1,1,1,1,0,0,1,0,1,0,0,0
0.00192614,1,0,0,0,0,1,0,0,0,0,1,0,1,0,0,0
0.00192616,1,0,0,0,0,0,0,0,0,0,1,0,1,0,0,0
0.00192618,1,0,0,0,0,1,0,0,0,0,1,0,1,0,0,0
0.00192624,1,0,0,0,0,0,0,0,0,0,1,0,1,0,0,0
0.00192628,1,0,0,0,0,1,0,0,0,0,1,0,1,0,0,0
0.00192632,1,0,0,0,0,0,0,0,0,0,1,0,1,0,0,0
0.00192642,1,0,0,0,0,1,0,0,0,0,1,0,1,0,0,0
0.00192644,1,0,0,0,0,0,0,0,0,0,1,0,1,0,0,0
0.00192698,1,0,1,0,0,0,0,0,0,0,1,0,1,0,0,0
0.001927,1,1,1,1,1,1,1,1,0,0,1,0,1,0,0,0
0.00192704,1,1,1,0,0,0,0,1,0,0,1,0,1,0,0,0
0.00192708,1,1,1,1,0,1,1,1,0,0,1,0,1,0,0,0
0.00192712,1,1,1,0,0,0,0,1,0,0,1,0,1,0,0,0
0.00192716,1,1,1,1,0,1,0,1,0,0,1,0,1,0,0,0
0.00192718,1,1,1,0,0,0,0,1,0,0,1,0,1,0,0,0
0.00192742,1,1,1,0,0,0,0,1,1,1,1,0,0,0,0,1
0.00192796,1,1,1,1,1,1,1,1,1,1,1,0,0,0,0,1
0.001928,0,1,1,1,0,1,1,1,1,1,1,0,0,0,0,1
0.00192802,0,0,1,1,0,1,1,1,1,1,1,0,0,0,0,1
0.00192894,1,1,1,1,0,1,1,1,1,1,1,0,0,0,0,1
0.00192896,1,0,0,0,0,0,0,0,1,1,1,0,0,0,0,1
0.001929,1,1,1,1,1,1,1,1,1,1,1,0,0,0,0,1
0.00192906,1,0,1,0,0,0,0,1,1,1,1,0,0,0,0,1
0.0019291,1,1,1,1,0,1,0,1,1,1,1,0,0,0,0,1
0.00192914,1,0,1,0,0,0,0,1,1,1,1,0,0,0,0,1
0.00192918,1,0,1,1,0,0,0,1,1,1,1,0,0,0,0,1
0.0019292,1,0,1,0,0,0,0,1,1,1,1,0,0,0,0,1
0.00192938,1,0,1,0,0,0,0,1,1,0,1,0,0,0,0,1
0.0019299,1,0,1,1,0,1,1,1,1,0,1,0,0,0,0,1
0.00192992,0,1,1,1,1,1,1,1,1,0,1,0,0,0,0,1
0.00192994,0,0,1,1,0,1,1,1,1,0,1,0,0,0,0,1
0.00193088,1,0,1,1,0,1,1,1,1,0,1,0,0,0,0,1
0.0019309,1,1,1,1,1,1,1,1,1,0,1,0,0,0,0,1
0.00193094,0,0,0,1,1,0,1,0,1,0,1,0,0,0,0,1
0.00193096,0,0,0,1,1,0,1,1,1,0,1,0,0,0,0,1
0.00193098,0,1,1,1,1,1,1,1,1,0,1,0,0,0,0,1
0.001931,1,1,1,1,1,1,1,1,1,0,1,0,0,0,0,1
0.00193102,0,0,0,1,0,0,0,1,1,0,1,0,0,0,0,1
0.00193106,1,1,1,1,0,1,0,1,1,0,1,0,0,0,0,1
0.00193108,0,0,1,1,0,1,0,1,1,0,1,0,0,0,0,1
0.0019311,0,0,0,1,0,0,0,1,1,0,1,0,0,0,0,1
0.00193114,0,0,1,1,0,0,0,1,1,0,1,0,0,0,0,1
0.00193116,0,0,0,1,0,0,0,1,1,0,1,0,0,0,0,1
0.00193132,0,0,1,1,0,0,0,1,0,0,0,0,0,0,0,0
0.00193134,0,0,0,1,0,0,0,1,0,0,0,1,0,0,0,1
0.00193138,0,0,1,1,0,0,0,1,0,0,0,1,0,0,0,1
0.0019314,0,0,0,1,0,0,0,1,0,0,0,1,0,0,0,0
0.00193142,0,0,0,1,0,0,0,1,0,0,0,1,0,0,0,1
0.00193146,0,0,1,1,0,0,0,1,0,0,0,1,0,0,0,1
0.00193148,0,0,0,1,0,0,0,1,0,0,0,1,0,0,0,1
0.00193186,0,0,1,1,0,1,0,1,0,0,0,1,0,0,0,1
0.00193188,1,1,1,1,1,1,1,1,0,0,0,1,0,0,0,1
0.00193192,1,0,0,0,0,0,0,0,0,0,0,1,0,0,0,1
0.00193196,1,1,1,0,0,1,0,0,0,0,0,1,0,0,0,1
0.00193198,1,1,1,1,0,1,1,1,0,0,0,1,0,0,0,1
0.001932,1,0,1,0,0,0,0,0,0,0,0,1,0,0,0,1
0.00193202,1,0,0,0,0,0,0,0,0,0,0,1,0,0,0,1
0.00193204,1,0,1,0,0,0,0,0,0,0,0,1,0,0,0,1
0.0019321,1,0,0,0,0,0,0,0,0,0,0,1,0,0,0,1
0.00193232,1,0,1,0,0,0,0,0,0,0,0,1,0,0,0,1
0.00193234,1,0,0,0,0,0,0,0,0,0,0,1,0,0,0,1
0.0019329,1,1,0,1,1,0,0,1,0,0,0,1,0,0,0,1
0.00193292,1,1,1,1,1,1,1,1,0,0,0,1,0,0,0,1
0.00193294,1,1,1,1,1,0,0,1,0,0,0,1,0,0,0,1
0.00193296,1,1,0,0,0,0,0,1,0,0,0,1,0,0,0,1
0.001933,1,1,1,1,0,1,1,1,0,0,0,1,0,0,0,1
0.00193302,1,1,1,0,0,0,0,1,0,0,0,1,0,0,0,1
0.00193304,1,1,0,0,0,0,0,1,0,0,0,1,0,0,0,1
0.00193328,1,1,0,0,0,0,0,1,1,0,0,0,0,0,0,1
0.0019333,1,1,0,0,0,0,0,1,1,1,0,0,0,0,0,1
0.0019338,1,1,1,1,0,0,0,1,1,1,0,0,0,0,0,1
0.00193382,1,1,1,1,1,1,1,1,1,1,0,0,0,0,0,1
0.00193384,1,0,0,0,0,0,0,0,1,1,0,0,0,0,0,1
0.00193388,1,0,1,1,0,1,0,0,1,1,0,0,0,0,0,1
0.0019339,1,0,1,0,0,0,0,0,1,1,0,0,0,0,0,1
0.00193392,1,0,0,0,0,0,0,0,1,1,0,0,0,0,0,1
0.00193482,1,1,1,1,1,1,1,1,1,1,0,0,0,0,0,1
0.00193486,0,1,1,1,1,0,1,0,1,1,0,0,0,0,0,1
0.00193488,1,1,1,1,1,1,1,1,1,1,0,0,0,0,0,1
0.00193492,0,0,0,1,1,1,0,0,1,1,0,0,0,0,0,1
0.00193496,1,1,1,1,1,1,1,1,1,1,0,0,0,0,0,1
0.00193498,0,0,1,1,1,1,0,0,1,1,0,0,0,0,0,1
0.001935,0,0,0,1,1,1,0,0,1,1,0,0,0,0,0,1
0.00193524,0,0,0,1,1,1,0,0,0,0,0,1,1,1,0,0
0.00193576,0,0,1,1,1,1,1,1,0,0,0,1,1,1,0,0
0.00193578,1,1,1,1,0,1,1,1,0,0,0,1,1,1,0,0
0.0019358,0,0,1,1,0,1,1,1,0,0,0,1,1,1,0,0
0.00193674,1,1,1,1,1,1,1,1,0,0,0,1,1,1,0,0
0.00193676,1,0,0,0,0,0,0,0,0,0,0,1,1,1,0,0
0.0019368,1,1,1,0,0,1,0,0,0,0,0,1,1,1,0,0
0.00193682,1,0,0,0,0,0,0,0,0,0,0,1,1,1,0,0
0.00193772,1,0,1,0,0,0,0,0,0,0,0,1,1,1,0,0
0.00193774,1,1,1,1,1,1,1,1,0,0,0,1,1,1,0,0
0.00193868,1,0,1,1,1,1,1,1,0,0,0,1,1,1,0,0
0.0019387,1,0,1,1,0,1,1,1,0,0,0,1,1,1,0,0
0.00193872,1,1,1,1,1,1,1,1,0,0,0,1,1,1,0,0
0.00193876,0,1,0,0,1,0,0,0,0,0,0,1,1,1,0,0
0.0019388,1,1,1,1,1,1,1,0,0,0,0,1,1,1,0,0
0.00193882,0,1,1,0,1,0,0,0,0,0,0,1,1,1,0,0
0.00193884,0,1,0,0,1,0,0,0,0,0,0,1,1,1,0,0
0.00193888,0,1,1,0,1,0,0,0,0,0,0,1,1,1,0,0
0.0019389,0,1,0,0,1,0,0,0,0,0,0,1,1,1,0,0
0.00193914,0,1,0,0,1,0,0,0,0,1,0,0,1,0,0,0
0.00193922,1,1,1,1,1,1,1,1,0,1,0,0,1,0,0,0
0.00193924,1,1,1,1,1,1,1,1,0,1,1,0,1,1,1,1
0.00193926,0,1,0,0,1,0,0,0,0,1,0,0,1,0,0,0
0.0019393,1,1,1,1,1,1,1,0,0,1,0,0,1,0,0,0
0.00193932,1,1,1,1,1,1,0,0,0,1,0,0,1,0,0,0
0.00193934,0,1,0,0,1,0,0,0,0,1,0,0,1,0,0,0
0.00193968,1,1,1,1,1,0,0,0,0,1,0,0,1,0,0,0
0.0019397,1,1,1,1,1,1,1,1,0,1,0,0,1,0,0,0
0.00193974,0,1,0,0,0,0,0,0,0,1,0,0,1,0,0,0
0.00193978,1,1,1,1,0,1,1,0,0,1,0,0,1,0,0,0
0.0019398,1,1,1,1,0,1,1,1,0,1,0,0,1,0,0,0
0.00193982,0,1,1,0,0,0,0,0,0,1,0,0,1,0,0,0
0.00193986,1,1,1,1,0,1,1,0,0,1,0,0,1,0,0,0
0.0019399,1,1,1,1,0,1,0,0,0,1,0,0,1,0,0,0
0.00194006,1,1,1,1,0,0,0,0,0,1,0,0,1,0,0,0
0.00194012,1,1,1,1,0,1,0,0,0,1,0,0,1,0,0,0
0.00194014,1,1,1,1,0,0,0,0,0,1,0,0,1,0,0,0
0.00194024,0,1,1,1,0,0,0,0,0,1,0,0,1,0,0,0
0.00194026,1,1,1,1,0,0,0,0,0,1,0,0,1,0,0,0
0.00194032,0,1,1,1,0,0,0,0,0,1,0,0,1,0,0,0
0.00194034,1,1,1,1,0,0,0,0,0,1,0,0,1,0,0,0
0.00194036,0,1,1,1,0,0,0,0,0,1,0,0,1,0,0,0
0.0019404,0,1,1,0,0,0,0,0,0,1,0,0,1,0,0,0
0.00194064,0,1,0,1,0,0,0,0,0,1,0,0,1,0,0,0
0.00194066,1,1,1,1,0,1,1,1,0,1,0,0,1,0,0,0
0.00194068,1,1,1,1,1,1,1,1,0,1,0,0,1,0,0,0
0.00194072,1,0,0,0,1,0,0,0,0,1,0,0,1,0,0,0
0.00194076,1,1,1,1,1,1,1,1,0,1,0,0,1,0,0,0
0.00194078,1,0,1,1,1,1,1,0,0,1,0,0,1,0,0,0
0.0019408,1,0,0,0,1,0,0,0,0,1,0,0,1,0,0,0
0.00194084,1,0,1,1,1,1,0,0,0,1,0,0,1,0,0,0
0.00194086,1,0,1,1,1,0,0,0,0,1,0,0,1,0,0,0
0.00194088,1,0,1,0,1,0,0,0,0,1,0,0,1,0,0,0
0.00194092,1,0,1,1,1,0,0,0,0,1,0,0,1,0,0,0
0.00194094,1,0,1,0,1,0,0,0,0,1,0,0,1,0,0,0
0.0019411,1,0,1,0,1,0,0,0,1,0,0,0,1,0,0,0
0.00194112,1,0,0,0,1,0,0,0,1,0,0,0,1,0,0,0
0.00194114,1,0,1,0,1,0,0,0,1,0,0,0,1,0,0,0
0.00194116,1,0,1,0,1,0,0,0,0,0,0,0,0,0,0,0
0.00194118,1,0,0,0,1,0,0,0,1,0,0,0,1,0,0,0
0.00194122,1,0,1,0,1,0,0,0,1,0,0,0,1,0,0,0
0.00194126,1,0,0,0,1,0,0,0,1,0,0,0,1,0,0,0
0.0019413,1,0,1,0,1,0,0,0,1,0,0,0,1,0,0,0
0.00194132,1,0,0,0,1,0,0,0,1,0,0,0,1,0,0,0
0.00194162,1,1,1,0,1,0,0,0,1,0,0,0,1,0,0,0
0.00194164,1,1,1,1,1,0,0,0,1,0,0,0,1,0,0,0
0.00194166,1,1,1,1,1,1,1,1,1,0,0,0,1,0,0,0
0.00194168,0,1,0,0,0,0,0,0,1,0,0,0,1,0,0,0
0.00194172,0,1,1,1,0,0,0,0,1,0,0,0,1,0,0,0
0.00194174,0,1,1,1,0,1,1,1,1,0,0,0,1,0,0,0
0.00194176,0,1,0,0,0,0,0,0,1,0,0,0,1,0,0,0
0.00194182,0,1,1,0,0,0,0,0,1,0,0,0,1,0,0,0
0.00194184,0,1,0,0,0,0,0,0,1,0,0,0,1,0,0,0
0.00194262,1,1,1,1,1,0,1,1,1,0,0,0,1,0,0,0
0.00194264,1,1,1,1,1,1,1,1,1,0,0,0,1,0,0,0
0.00194268,0,1,0,0,0,0,1,0,1,0,0,0,1,0,0,0
0.00194272,1,1,1,1,0,1,1,0,1,0,0,0,1,0,0,0
0.00194274,0,1,1,1,0,0,1,0,1,0,0,0,1,0,0,0
0.00194276,0,1,0,0,0,0,1,0,1,0,0,0,1,0,0,0
0.0019428,0,1,1,0,0,0,1,0,1,0,0,0,1,0,0,0
0.00194282,0,1,0,0,0,0,1,0,1,0,0,0,1,0,0,0
0.00194304,0,1,0,0,0,0,1,0,0,0,0,0,0,0,1,0
0.00194306,0,1,0,0,0,0,1,0,0,1,0,0,0,0,1,0
0.00194356,1,1,1,1,0,1,1,0,0,1,0,0,0,0,1,0
0.00194358,0,0,0,1,0,0,0,0,0,1,0,0,0,0,1,0
0.0019436,1,0,1,1,0,1,0,1,0,1,0,0,0,0,1,0
0.00194362,0,0,0,0,0,0,0,0,0,1,0,0,0,0,1,0
0.00194366,0,0,1,0,0,0,0,0,0,1,0,0,0,0,1,0
0.00194368,0,0,0,0,0,0,0,0,0,1,0,0,0,0,1,0
0.00194402,0,1,1,1,1,0,0,0,0,1,0,0,0,0,1,0
0.00194404,1,1,1,1,1,1,0,0,0,1,0,0,0,0,1,0
0.00194406,0,1,1,1,1,0,0,0,0,1,0,0,0,0,1,0
0.00194448,0,1,1,1,1,1,0,1,0,1,0,0,0,0,1,0
0.0019445,0,0,1,1,1,0,0,0,0,1,0,0,0,0,1,0
0.00194458,1,1,1,1,1,1,1,1,0,1,0,0,0,0,1,0
0.00194462,0,1,1,0,1,0,0,0,0,1,0,0,0,0,1,0
0.00194466,0,0,1,1,1,1,1,0,0,1,0,0,0,0,1,0
0.00194468,0,0,1,0,1,0,0,0,0,1,0,0,0,0,1,0
0.001945,0,0,1,0,1,0,0,0,0,0,1,0,1,0,0,0
0.00194508,0,0,1,1,1,0,0,0,0,0,1,0,1,0,0,0
0.0019451,1,0,1,1,1,1,1,0,0,0,1,1,1,0,0,0
0.00194512,0,0,1,0,1,0,0,0,0,0,1,0,1,0,0,0
0.00194552,1,1,1,1,1,0,0,0,0,0,1,0,1,0,0,0
0.00194554,1,1,1,1,1,0,1,1,0,0,1,0,1,0,0,0
0.00194556,1,1,1,1,1,1,1,1,0,0,1,0,1,0,0,0
0.0019456,1,0,0,0,0,0,1,0,0,0,1,0,1,0,0,0
0.00194564,1,0,1,1,0,1,1,0,0,0,1,0,1,0,0,0
0.00194566,1,0,0,1,0,1,1,0,0,0,1,0,1,0,0,0
0.00194568,1,0,0,0,0,0,1,0,0,0,1,0,1,0,0,0
0.0019465,1,1,1,1,0,0,1,0,0,0,1,0,1,0,0,0
0.00194654,1,1,1,1,1,1,1,0,0,0,1,0,1,0,0,0
0.00194656,1,1,1,1,0,1,1,1,0,0,1,0,1,0,0,0
0.00194658,1,1,0,1,0,0,0,0,0,0,1,0,1,0,0,0
0.00194662,1,1,1,1,0,1,0,0,0,0,1,0,1,0,0,0
0.00194664,1,1,0,1,0,0,0,0,0,0,1,0,1,0,0,0
0.0019475,1,1,1,1,1,1,1,1,0,0,1,0,1,0,0,0
0.00194754,1,1,1,0,0,0,0,1,0,0,1,0,1,0,0,0
0.00194792,1,1,1,0,0,0,0,1,0,1,1,0,0,0,0,0
0.00194794,1,1,1,0,0,0,0,1,1,1,1,0,0,0,0,1
0.00194848,1,1,1,1,1,1,0,1,1,1,1,0,0,0,0,1
0.0019485,1,1,1,1,1,1,1,1,1,1,1,0,0,0,0,1
0.00194852,1,0,0,1,0,1,1,0,1,1,1,0,0,0,0,1
0.00194854,1,0,0,0,0,0,1,0,1,1,1,0,0,0,0,1
0.00194858,1,0,0,1,0,1,1,0,1,1,1,0,0,0,0,1
0.0019486,1,0,0,0,0,0,1,0,1,1,1,0,0,0,0,1
0.00194944,1,1,0,1,0,0,1,0,1,1,1,0,0,0,0,1
0.00194946,1,1,1,1,0,0,0,0,1,1,1,0,0,0,0,1
0.00194948,1,1,0,1,0,0,0,0,1,1,1,0,0,0,0,1
0.0019495,1,1,1,1,1,1,1,1,1,1,1,0,0,0,0,1
0.00194952,1,1,1,0,1,1,0,1,1,1,1,0,0,0,0,1
0.00194954,1,0,1,0,0,0,0,1,1,1,1,0,0,0,0,1
0.00194988,1,0,1,0,0,0,0,1,1,0,1,0,0,0,0,1
0.0019504,1,1,1,1,0,0,0,1,1,0,1,0,0,0,0,1
0.00195042,1,1,1,1,1,1,1,1,1,0,1,0,0,0,0,1
0.00195044,1,0,0,0,0,0,1,0,1,0,1,0,0,0,0,1
0.0019514,1,0,1,0,0,0,1,1,1,0,1,0,0,0,0,1
0.00195142,1,1,1,1,1,1,1,1,1,0,1,0,0,0,0,1
0.00195144,1,1,0,1,1,0,0,0,1,0,1,0,0,0,0,1
0.00195146,1,1,1,1,1,0,0,1,1,0,1,0,0,0,0,1
0.00195148,1,1,0,1,0,1,1,1,1,0,1,0,0,0,0,1
0.0019515,0,0,0,1,0,1,1,1,1,0,1,0,0,0,0,1
0.00195152,0,0,0,1,0,0,0,1,1,0,1,0,0,0,0,1
0.00195156,0,0,0,1,0,1,1,1,1,0,1,0,0,0,0,1
0.00195158,0,0,0,1,0,0,0,1,1,0,1,0,0,0,0,1
0.00195164,0,0,0,1,0,1,0,1,1,0,1,0,0,0,0,1
0.00195166,0,0,0,1,0,0,0,1,1,0,1,0,0,0,0,1
0.00195184,0,0,0,1,0,0,0,1,0,0,0,1,0,0,0,1
0.0019519,0,0,0,1,0,0,0,1,0,0,0,1,0,0,0,0
0.00195192,0,0,0,1,0,0,0,1,0,0,0,1,0,0,0,1
0.00195238,1,1,1,1,1,0,0,1,0,0,0,1,0,0,0,1
0.0019524,1,1,1,1,1,1,1,1,0,0,0,1,0,0,0,1
0.00195242,1,1,0,1,0,0,0,0,0,0,0,1,0,0,0,1
0.00195246,1,1,0,1,0,1,0,0,0,0,0,1,0,0,0,1
0.0019525,1,1,0,1,0,0,0,0,0,0,0,1,0,0,0,1
0.0019534,1,1,0,1,1,0,0,1,0,0,0,1,0,0,0,1
0.00195342,1,1,0,0,0,1,1,1,0,0,0,1,0,0,0,1
0.00195344,1,1,0,0,0,0,0,1,0,0,0,1,0,0,0,1
0.00195378,1,1,0,0,0,0,0,1,0,0,0,0,0,0,0,0
0.0019538,1,1,0,0,0,0,0,1,1,1,0,0,0,0,0,1
0.0019543,1,1,0,1,0,0,0,1,1,1,0,0,0,0,0,1
0.00195432,1,1,1,1,1,1,1,1,1,1,0,0,0,0,0,1
0.00195434,1,1,0,1,0,0,0,0,1,1,0,0,0,0,0,1
0.00195438,1,1,0,1,0,1,0,0,1,1,0,0,0,0,0,1
0.0019544,1,1,0,1,0,0,0,0,1,1,0,0,0,0,0,1
0.00195532,1,1,1,1,1,1,1,1,1,1,0,0,0,0,0,1
0.00195536,0,1,0,1,1,0,0,0,1,1,0,0,0,0,0,1
0.00195538,0,1,1,1,1,1,1,0,1,1,0,0,0,0,0,1
0.0019554,0,0,0,1,1,1,1,0,1,1,0,0,0,0,0,1
0.00195542,0,0,0,1,1,1,0,0,1,1,0,0,0,0,0,1
0.00195574,0,0,0,1,1,1,0,0,0,0,0,1,1,1,0,0
0.00195626,1,1,1,1,1,1,0,0,0,0,0,1,1,1,0,0
0.00195628,1,1,1,0,0,0,1,1,0,0,0,1,1,1,0,0
0.0019563,1,0,0,0,0,0,1,0,0,0,0,1,1,1,0,0
0.00195634,1,0,1,0,0,0,1,1,0,0,0,1,1,1,0,0
0.00195636,1,0,0,0,0,0,1,0,0,0,0,1,1,1,0,0
0.00195724,1,1,0,1,0,0,1,0,0,0,0,1,1,1,0,0
0.00195726,1,1,0,1,0,0,0,0,0,0,0,1,1,1,0,0
0.00195824,1,1,1,1,0,0,1,1,0,0,0,1,1,1,0,0
0.00195826,1,1,1,1,0,1,1,1,0,0,0,1,1,1,0,0
0.0019583,1,1,1,1,1,1,1,1,0,0,0,1,1,1,0,0
0.0019592,1,1,0,1,0,0,1,0,0,0,0,1,1,1,0,0
0.00195922,1,1,1,1,1,1,1,1,0,0,0,1,1,1,0,0
0.00195926,0,0,1,1,1,0,1,0,0,0,0,1,1,1,0,0
0.00195928,1,1,1,1,1,1,1,1,0,0,0,1,1,1,0,0
0.00195932,0,0,1,0,1,0,0,0,0,0,0,1,1,1,0,0
0.00195938,1,0,1,0,1,0,0,1,0,0,0,1,1,1,0,0
0.0019594,0,0,1,0,1,0,0,0,0,0,0,1,1,1,0,0
0.00195964,0,0,1,0,1,0,0,0,0,0,0,0,1,0,0,0
0.00195966,0,0,1,0,1,0,0,0,0,0,1,0,1,0,0,0
0.00196016,1,1,1,0,1,0,0,0,0,0,1,0,1,0,0,0
0.00196018,1,1,1,0,1,1,1,1,0,0,1,0,1,0,0,0
0.0019602,1,1,1,1,1,1,1,1,0,0,1,0,1,0,0,0
0.00196122,0,0,0,0,0,0,0,1,0,0,1,0,1,0,0,0
0.00196126,1,1,1,1,0,1,1,1,0,0,1,0,1,0,0,0
0.00196128,1,1,0,1,0,1,1,1,0,0,1,0,1,0,0,0
0.0019613,0,0,0,0,0,0,0,1,0,0,1,0,1,0,0,0
0.00196134,0,0,0,1,0,0,0,1,0,0,1,0,1,0,0,0
0.00196138,0,0,0,0,0,0,0,1,0,0,1,0,1,0,0,0
0.00196214,1,1,1,1,0,1,0,1,0,0,1,0,1,0,0,0
0.00196216,1,1,1,1,1,1,1,1,0,0,1,0,1,0,0,0
0.0019622,0,1,0,0,1,0,0,0,0,0,1,0,1,0,0,0
0.00196224,1,1,1,1,1,1,1,0,0,0,1,0,1,0,0,0
0.00196228,1,1,1,1,1,0,0,0,0,0,1,0,1,0,0,0
0.0019623,0,1,0,0,1,0,0,0,0,0,1,0,1,0,0,0
0.00196232,1,1,1,1,1,1,1,0,0,0,1,0,1,0,0,0
0.00196234,1,1,1,1,1,1,0,0,0,0,1,0,1,0,0,0
0.00196244,1,1,1,1,1,0,0,0,0,0,1,0,1,0,0,0
0.00196246,1,1,1,1,1,1,0,0,0,0,1,0,1,0,0,0
0.00196252,1,1,1,1,1,0,0,0,0,0,1,0,1,0,0,0
0.00196254,1,1,1,1,1,1,0,0,0,0,1,0,1,0,0,0
0.00196256,1,1,1,1,1,1,0,0,0,0,0,0,1,0,0,0
0.00196258,1,1,1,1,1,0,0,0,0,1,0,0,1,0,0,0
0.00196262,1,1,1,1,1,1,0,0,0,1,0,0,1,0,0,0
0.00196264,1,1,1,1,1,1,0,0,0,0,0,0,0,0,0,0
0.00196266,1,1,1,1,1,0,0,0,0,1,0,0,1,0,0,0
0.0019627,1,1,1,1,1,1,0,0,0,1,0,0,1,0,0,0
0.00196272,1,1,1,1,1,0,0,0,0,1,0,0,1,0,0,0
0.00196288,1,1,1,0,1,0,0,0,0,1,0,0,1,0,0,0
0.0019629,1,1,1,1,1,0,0,0,0,1,0,0,1,0,0,0
0.00196298,0,1,0,0,1,0,0,0,0,1,0,0,1,0,0,0
0.001963,1,1,1,1,1,0,0,0,0,1,0,0,1,0,0,0
0.00196302,0,1,0,0,1,0,0,0,0,1,0,0,1,0,0,0
0.00196304,1,1,0,0,1,0,0,0,0,1,0,0,1,0,0,0
0.00196306,0,1,0,0,1,0,0,0,0,1,0,0,1,0,0,0
0.0019631,1,1,1,1,1,0,0,0,0,1,0,0,1,0,0,0
0.00196312,1,1,1,1,1,1,1,1,0,1,0,0,1,0,0,0
0.00196316,0,0,1,0,0,1,1,1,0,1,0,0,1,0,0,0
0.00196318,0,0,0,0,0,1,0,0,0,1,0,0,1,0,0,0
0.0019632,1,0,1,1,0,1,1,0,0,1,0,0,1,0,0,0
0.00196322,1,1,1,1,0,1,1,1,0,1,0,0,1,0,0,0
0.00196324,1,0,1,1,0,1,1,0,0,1,0,0,1,0,0,0
0.00196326,0,0,0,0,0,1,0,0,0,1,0,0,1,0,0,0
0.00196328,1,0,1,1,0,1,1,0,0,1,0,0,1,0,0,0
0.00196334,1,0,1,1,0,1,0,0,0,1,0,0,1,0,0,0
0.00196336,1,0,1,1,0,1,1,0,0,1,0,0,1,0,0,0
0.00196342,1,0,1,1,0,1,0,0,0,1,0,0,1,0,0,0
0.00196344,1,0,1,1,0,1,1,0,0,1,0,0,1,0,0,0
0.00196348,1,0,1,1,0,1,0,0,0,1,0,0,1,0,0,0
0.00196352,1,0,1,1,0,1,1,0,0,1,0,0,1,0,0,0
0.00196354,1,0,1,1,0,1,0,0,0,1,0,0,1,0,0,0
0.00196356,1,0,1,1,0,1,1,0,0,1,0,0,1,0,0,0
0.00196358,1,0,1,1,0,1,0,0,0,1,0,0,1,0,0,0
0.00196388,0,0,1,1,0,1,0,0,0,1,0,0,1,0,0,0
0.0019639,1,0,1,1,0,1,0,0,0,1,0,0,1,0,0,0
0.00196392,0,0,1,1,0,1,0,0,0,1,0,0,1,0,0,0
0.00196394,1,0,1,1,0,1,0,0,0,1,0,0,1,0,0,0
0.00196396,0,0,1,1,0,1,0,0,0,1,0,0,1,0,0,0
0.00196398,1,0,1,1,0,1,0,0,0,1,0,0,1,0,0,0
0.001964,0,0,1,1,0,1,0,0,0,1,0,0,1,0,0,0
0.00196402,0,0,0,0,0,1,0,0,0,1,0,0,1,0,0,0
0.00196404,0,0,1,1,0,1,0,0,0,1,0,0,1,0,0,0
0.00196406,1,0,1,1,0,1,0,0,0,1,0,0,1,0,0,0
0.00196408,1,1,1,1,1,1,0,1,0,1,0,0,1,0,0,0
0.0019641,1,1,1,1,1,1,1,0,0,1,0,0,1,0,0,0
0.00196414,1,1,1,1,1,1,1,1,0,1,0,0,1,0,0,0
0.00196416,1,0,0,0,1,0,0,0,0,1,0,0,1,0,0,0
0.0019642,1,1,1,1,1,1,1,1,0,1,0,0,1,0,0,0
0.00196422,1,0,1,1,1,0,0,0,0,1,0,0,1,0,0,0
0.00196424,1,0,0,0,1,0,0,0,0,1,0,0,1,0,0,0
0.00196426,1,0,1,0,1,0,0,0,0,1,0,0,1,0,0,0
0.00196428,1,0,1,1,1,0,0,0,0,1,0,0,1,0,0,0
0.0019643,1,0,1,0,1,0,0,0,0,1,0,0,1,0,0,0
0.00196432,1,0,0,0,1,0,0,0,0,1,0,0,1,0,0,0
0.00196436,1,0,1,1,1,0,0,0,0,1,0,0,1,0,0,0
0.00196438,1,0,0,0,1,0,0,0,0,1,0,0,1,0,0,0
0.00196452,1,0,0,0,1,0,0,0,0,0,0,0,1,0,0,0
0.00196454,1,0,0,0,1,0,0,0,1,0,0,0,1,0,0,0
0.00196458,1,0,1,0,1,0,0,0,1,0,0,0,1,0,0,0
0.0019646,1,0,0,0,1,0,0,0,1,0,0,0,1,0,0,0
0.00196466,1,0,1,0,1,0,0,0,1,0,0,0,1,0,0,0
0.00196468,1,0,0,0,1,0,0,0,1,0,0,0,1,0,0,0
0.00196506,1,0,1,0,1,0,0,0,1,0,0,0,1,0,0,0
0.00196508,1,1,1,1,1,1,1,1,1,0,0,0,1,0,0,0
0.00196512,0,0,0,0,1,0,0,0,1,0,0,0,1,0,0,0
0.00196516,1,1,1,1,1,0,1,0,1,0,0,0,1,0,0,0
0.0019652,0,0,0,0,1,0,0,0,1,0,0,0,1,0,0,0
0.00196602,0,0,1,0,1,0,0,0,1,0,0,0,1,0,0,0
0.00196604,1,1,1,1,1,1,1,1,1,0,0,0,1,0,0,0
0.0019661,1,1,1,1,0,1,1,0,1,0,0,0,1,0,0,0
0.00196612,1,0,0,1,0,0,1,0,1,0,0,0,1,0,0,0
0.00196614,1,0,1,1,0,0,1,0,1,0,0,0,1,0,0,0
0.00196616,1,1,1,1,0,1,1,1,1,0,0,0,1,0,0,0
0.00196618,1,0,0,1,0,0,1,0,1,0,0,0,1,0,0,0
0.00196622,1,0,1,1,0,0,1,0,1,0,0,0,1,0,0,0
0.00196626,1,0,0,1,0,0,1,0,1,0,0,0,1,0,0,0
0.00196648,1,0,0,1,0,0,1,0,1,0,0,1,0,0,1,0
0.001967,1,1,1,1,0,1,1,0,1,0,0,1,0,0,1,0
0.00196702,0,0,0,0,0,1,1,1,1,0,0,1,0,0,1,0
0.00196704,0,0,1,0,1,1,1,1,1,0,0,1,0,0,1,0
0.00196706,1,1,1,1,1,1,1,1,1,0,0,1,0,0,1,0
0.00196708,0,0,0,0,1,1,1,1,1,0,0,1,0,0,1,0
0.00196796,1,1,1,1,1,1,1,1,1,0,0,1,0,0,1,0
0.00196798,0,0,0,0,1,1,1,1,1,0,0,1,0,0,1,0
0.00196802,1,1,1,1,1,1,1,1,1,0,0,1,0,0,1,0
0.00196804,0,0,0,1,1,0,1,0,1,0,0,1,0,0,1,0
0.00196808,0,0,1,1,1,0,1,0,1,0,0,1,0,0,1,0
0.0019681,1,1,1,1,1,1,1,1,1,0,0,1,0,0,1,0
0.00196812,0,0,1,0,1,0,0,0,1,0,0,1,0,0,1,0
0.00196816,1,1,1,0,1,1,0,0,1,0,0,1,0,0,1,0
0.00196818,0,0,1,0,1,0,0,0,1,0,0,1,0,0,1,0
0.00196842,0,0,1,0,1,0,0,0,0,0,0,0,0,0,0,0
0.00196844,0,0,1,0,1,0,0,0,0,0,1,0,1,0,0,0
0.00196896,0,1,1,0,1,0,0,0,0,0,1,0,1,0,0,0
0.00196898,1,1,1,1,1,1,1,1,0,0,1,0,1,0,0,0
0.00196904,0,0,1,1,0,0,0,0,0,0,1,0,1,0,0,0
0.00196908,1,1,1,1,0,1,1,1,0,0,1,0,1,0,0,0
0.0019691,0,0,1,1,0,0,0,0,0,0,1,0,1,0,0,0
0.00196994,1,1,1,1,0,0,1,0,0,0,1,0,1,0,0,0
0.00196996,1,1,1,1,1,1,1,1,0,0,1,0,1,0,0,0
0.00197,0,1,0,0,0,0,0,0,0,0,1,0,1,0,0,0
0.00197004,1,1,0,0,0,1,0,0,0,0,1,0,1,0,0,0
0.00197006,1,1,1,1,1,1,1,1,0,0,1,0,1,0,0,0
0.00197008,1,1,0,0,0,0,0,0,0,0,1,0,1,0,0,0
0.0019701,0,1,0,0,0,0,0,0,0,0,1,0,1,0,0,0
0.00197014,1,1,0,0,0,0,0,0,0,0,1,0,1,0,0,0
0.00197016,0,1,0,0,0,0,0,0,0,0,1,0,1,0,0,0
0.00197094,1,1,1,1,1,1,1,1,0,0,1,0,1,0,0,0
0.00197098,1,1,1,0,0,0,0,1,0,0,1,0,1,0,0,0
0.00197102,1,1,1,1,0,1,1,1,0,0,1,0,1,0,0,0
0.00197106,1,1,1,0,0,0,0,1,0,0,1,0,1,0,0,0
0.0019711,1,1,1,1,0,1,0,1,0,0,1,0,1,0,0,0
0.00197112,1,1,1,0,0,0,0,1,0,0,1,0,1,0,0,0
0.00197136,1,1,1,0,0,0,0,1,1,1,1,0,0,0,0,1
0.0019719,1,1,1,1,1,1,1,1,1,1,1,0,0,0,0,1
0.00197194,0,0,1,1,0,1,0,0,1,1,1,0,0,0,0,1
0.00197196,0,0,1,1,0,0,0,0,1,1,1,0,0,0,0,1
0.001972,0,0,1,1,0,1,1,0,1,1,1,0,0,0,0,1
0.00197202,0,0,1,1,0,0,0,0,1,1,1,0,0,0,0,1
0.00197288,1,1,1,1,0,0,0,0,1,1,1,0,0,0,0,1
0.0019729,0,1,0,0,0,0,0,0,1,1,1,0,0,0,0,1
0.00197292,0,1,0,1,0,0,0,0,1,1,1,0,0,0,0,1
0.00197294,1,1,1,1,1,1,1,1,1,1,1,0,0,0,0,1
0.00197296,1,1,1,1,1,0,0,1,1,1,1,0,0,0,0,1
0.00197298,1,1,1,1,0,0,0,1,1,1,1,0,0,0,0,1
0.001973,1,0,1,0,0,0,0,1,1,1,1,0,0,0,0,1
0.00197304,1,0,1,0,0,1,0,1,1,1,1,0,0,0,0,1
0.00197306,1,0,1,0,0,0,0,1,1,1,1,0,0,0,0,1
0.00197332,1,0,1,0,0,0,0,1,1,0,1,0,0,0,0,1
0.00197384,1,0,1,1,1,1,0,1,1,0,1,0,0,0,0,1
0.00197386,0,0,1,1,1,1,0,0,1,0,1,0,0,0,0,1
0.00197388,0,0,1,1,0,0,0,0,1,0,1,0,0,0,0,1
0.00197482,1,0,1,1,0,0,0,1,1,0,1,0,0,0,0,1
0.00197484,1,1,1,1,1,1,1,1,1,0,1,0,0,0,0,1
0.00197488,1,1,0,1,1,0,1,0,1,0,1,0,0,0,0,1
0.0019749,1,1,1,1,1,1,1,1,1,0,1,0,0,0,0,1
0.00197496,0,0,0,1,0,0,0,1,1,0,1,0,0,0,0,1
0.001975,1,0,1,1,0,1,0,1,1,0,1,0,0,0,0,1
0.00197502,0,0,0,1,0,0,0,1,1,0,1,0,0,0,0,1
0.00197526,0,0,0,1,0,0,0,1,0,0,0,0,0,0,0,1
0.00197528,0,0,0,1,0,0,0,1,0,0,0,1,0,0,0,1
0.00197534,0,0,0,1,0,0,0,1,0,0,0,1,0,0,0,0
0.00197536,0,0,0,1,0,0,0,1,0,0,0,1,0,0,0,1
0.0019758,0,0,1,1,0,1,0,1,0,0,0,1,0,0,0,1
0.00197582,1,1,1,1,1,1,1,1,0,0,0,1,0,0,0,1
0.00197586,0,1,0,0,0,0,0,0,0,0,0,1,0,0,0,1
0.0019759,1,1,1,0,0,1,0,0,0,0,0,1,0,0,0,1
0.00197592,1,1,1,1,0,1,1,1,0,0,0,1,0,0,0,1
0.00197594,0,1,0,0,0,0,0,0,0,0,0,1,0,0,0,1
0.00197598,0,1,1,0,0,1,0,0,0,0,0,1,0,0,0,1
0.00197602,0,1,0,0,0,0,0,0,0,0,0,1,0,0,0,1
0.00197682,1,1,1,1,0,0,0,0,0,0,0,1,0,0,0,1
0.00197684,1,1,1,1,1,1,1,1,0,0,0,1,0,0,0,1
0.00197688,1,1,0,1,1,0,1,1,0,0,0,1,0,0,0,1
0.0019769,1,1,0,0,0,0,0,1,0,0,0,1,0,0,0,1
0.00197694,1,1,1,1,1,1,1,1,0,0,0,1,0,0,0,1
0.00197696,1,1,1,0,0,0,0,1,0,0,0,1,0,0,0,1
0.00197698,1,1,0,0,0,0,0,1,0,0,0,1,0,0,0,1
0.00197722,1,1,0,0,0,0,0,1,1,1,0,0,0,0,0,1
0.00197728,1,1,0,0,0,0,0,1,1,1,0,0,0,0,0,0
0.0019773,1,1,0,0,0,0,0,1,1,1,0,0,0,0,0,1
0.00197774,1,1,1,1,1,1,0,1,1,1,0,0,0,0,0,1
0.00197776,1,1,1,1,1,1,1,1,1,1,0,0,0,0,0,1
0.00197778,0,1,0,0,0,0,0,0,1,1,0,0,0,0,0,1
0.00197782,0,1,1,1,0,1,1,0,1,1,0,0,0,0,0,1
0.00197784,0,1,0,0,0,0,0,0,1,1,0,0,0,0,0,1
0.00197876,1,1,1,1,1,1,1,1,1,1,0,0,0,0,0,1
0.00197882,1,1,0,1,1,1,0,1,1,1,0,0,0,0,0,1
0.00197884,1,1,0,1,1,1,0,0,1,1,0,0,0,0,0,1
0.00197886,1,0,0,1,1,1,1,1,1,1,0,0,0,0,0,1
0.00197888,1,0,0,1,1,1,0,0,1,1,0,0,0,0,0,1
0.00197916,1,0,0,1,1,1,0,0,1,0,0,0,0,0,0,0
0.00197918,1,0,0,1,1,1,0,0,1,0,0,1,1,1,0,0
0.0019797,1,1,1,1,1,1,0,1,1,0,0,1,1,1,0,0
0.00197972,0,0,1,1,0,0,0,0,1,0,0,1,1,1,0,0
0.00198068,1,1,0,0,0,1,1,1,1,0,0,1,1,1,0,0
0.0019807,0,1,0,0,0,0,0,0,1,0,0,1,1,1,0,0
0.00198168,0,1,1,1,1,1,1,1,1,0,0,1,1,1,0,0
0.0019817,1,1,1,1,1,1,1,1,1,0,0,1,1,1,0,0
0.00198262,1,1,1,1,0,0,1,0,1,0,0,1,1,1,0,0
0.00198264,0,1,1,1,0,0,0,0,1,0,0,1,1,1,0,0
0.00198266,1,1,1,1,1,1,1,1,1,0,0,1,1,1,0,0
0.0019827,0,1,0,0,1,0,0,0,1,0,0,1,1,1,0,0
0.00198274,0,1,0,0,1,1,1,1,1,0,0,1,1,1,0,0
0.00198276,0,1,0,0,1,0,0,0,1,0,0,1,1,1,0,0
0.00198308,0,1,0,0,1,0,0,0,0,1,0,0,1,0,0,0
0.00198314,0,1,0,0,1,0,0,0,0,1,0,0,0,0,0,0
0.00198316,0,1,1,1,1,0,0,0,0,1,1,1,1,0,0,0
0.00198318,1,1,1,1,1,1,1,1,0,1,1,1,1,0,0,0
0.0019832,0,1,0,0,1,0,0,0,0,1,0,0,1,0,0,0
0.00198324,0,1,0,0,1,1,1,0,0,1,0,0,1,0,0,0
0.00198326,0,1,0,0,1,0,0,0,0,1,0,0,1,0,0,0
0.00198362,1,1,1,1,1,1,1,1,0,1,0,0,1,0,0,0
0.00198368,0,0,0,0,1,0,0,0,0,1,0,0,1,0,0,0
0.00198372,1,0,1,1,1,1,1,1,0,1,0,0,1,0,0,0
0.00198374,1,0,1,1,1,1,1,0,0,1,0,0,1,0,0,0
0.00198376,0,0,0,0,1,0,0,0,0,1,0,0,1,0,0,0
0.0019838,1,0,1,1,1,1,0,0,0,1,0,0,1,0,0,0
0.00198382,0,0,1,1,1,1,0,0,0,1,0,0,1,0,0,0
0.00198384,0,0,0,0,1,0,0,0,0,1,0,0,1,0,0,0
0.00198388,0,0,1,0,1,0,0,0,0,1,0,0,1,0,0,0
0.0019839,0,0,0,0,1,0,0,0,0,1,0,0,1,0,0,0
0.00198458,1,1,1,1,1,0,0,0,0,1,0,0,1,0,0,0
0.0019846,1,1,1,1,1,1,1,1,0,1,0,0,1,0,0,0
0.00198466,1,0,0,0,1,0,0,0,0,1,0,0,1,0,0,0
0.0019847,1,1,1,1,1,1,1,1,0,1,0,0,1,0,0,0
0.00198472,1,1,1,1,1,1,1,0,0,1,0,0,1,0,0,0
0.00198474,1,0,0,0,1,0,0,0,0,1,0,0,1,0,0,0
0.00198478,1,1,1,1,1,1,0,0,0,1,0,0,1,0,0,0
0.0019848,1,0,1,0,1,0,0,0,0,1,0,0,1,0,0,0
0.00198482,1,0,0,0,1,0,0,0,0,1,0,0,1,0,0,0
0.00198484,1,0,1,0,1,0,0,0,0,1,0,0,1,0,0,0
0.0019849,1,0,0,0,1,0,0,0,0,1,0,0,1,0,0,0
0.00198492,1,0,1,0,1,0,0,0,0,1,0,0,1,0,0,0
0.00198496,1,0,0,0,1,0,0,0,0,1,0,0,1,0,0,0
0.001985,1,0,1,0,1,0,0,0,0,1,0,0,1,0,0,0
0.00198502,1,0,1,0,1,0,0,0,0,0,0,0,1,0,0,0
0.00198504,1,0,0,0,1,0,0,0,1,0,0,0,1,0,0,0
0.00198508,1,0,1,0,1,0,0,0,1,0,0,0,1,0,0,0
0.0019851,1,0,0,0,1,0,0,0,0,0,0,0,1,0,0,0
0.00198512,1,0,0,0,1,0,0,0,1,0,0,0,1,0,0,0
0.00198516,1,0,1,0,1,0,0,0,1,0,0,0,1,0,0,0
0.00198518,1,0,0,0,1,0,0,0,1,0,0,0,1,0,0,0
0.00198556,1,1,0,0,1,0,0,0,1,0,0,0,1,0,0,0
0.00198558,1,1,1,1,1,1,1,1,1,0,0,0,1,0,0,0
0.00198562,0,0,0,0,0,1,0,0,1,0,0,0,1,0,0,0
0.00198566,0,0,1,1,0,1,0,0,1,0,0,0,1,0,0,0
0.00198568,0,1,1,1,0,1,1,1,1,0,0,0,1,0,0,0
0.0019857,0,0,0,0,0,1,0,0,1,0,0,0,1,0,0,0
0.00198574,0,0,1,0,0,1,0,0,1,0,0,0,1,0,0,0
0.00198576,0,0,1,1,0,1,0,0,1,0,0,0,1,0,0,0
0.00198578,0,0,0,0,0,1,0,0,1,0,0,0,1,0,0,0
0.00198654,0,0,1,1,0,1,0,0,1,0,0,0,1,0,0,0
0.00198656,1,1,1,1,1,1,1,1,1,0,0,0,1,0,0,0
0.00198662,1,0,0,1,0,0,1,0,1,0,0,0,1,0,0,0
0.00198664,1,0,1,1,0,0,1,0,1,0,0,0,1,0,0,0
0.00198666,1,1,1,1,1,1,1,1,1,0,0,0,1,0,0,0
0.00198668,1,0,1,1,0,0,1,0,1,0,0,0,1,0,0,0
0.0019867,1,0,0,1,0,0,1,0,1,0,0,0,1,0,0,0
0.00198672,1,0,1,1,0,0,1,0,1,0,0,0,1,0,0,0
0.00198676,1,0,0,1,0,0,1,0,1,0,0,0,1,0,0,0
0.00198698,1,0,0,1,0,0,1,0,1,0,0,1,0,0,1,0
0.0019875,1,1,1,1,1,1,1,0,1,0,0,1,0,0,1,0
0.00198752,0,0,0,0,0,0,0,0,1,0,0,1,0,0,1,0
0.00198754,0,0,0,0,1,0,0,0,1,0,0,1,0,0,1,0
0.00198756,0,1,1,1,1,1,0,1,1,0,0,1,0,0,1,0
0.00198758,0,0,0,0,1,0,0,0,1,0,0,1,0,0,1,0
0.00198852,1,1,1,1,1,1,1,1,1,0,0,1,0,0,1,0
0.00198856,0,1,1,0,1,0,0,0,1,0,0,1,0,0,1,0
0.0019886,0,0,1,0,1,0,0,0,1,0,0,1,0,0,1,0
0.00198894,0,0,1,0,1,0,0,0,0,0,1,0,1,0,0,0
0.00198946,1,1,1,0,1,0,0,0,0,0,1,0,1,0,0,0
0.00198948,1,1,1,1,1,1,1,0,0,0,1,0,1,0,0,0
0.0019895,1,1,1,1,1,1,1,1,0,0,1,0,1,0,0,0
0.00198954,0,0,1,0,0,0,1,0,0,0,1,0,1,0,0,0
0.00198958,1,1,1,1,0,1,1,1,0,0,1,0,1,0,0,0
0.0019896,1,0,1,1,0,1,1,0,0,0,1,0,1,0,0,0
0.00198962,0,0,1,0,0,0,1,0,0,0,1,0,1,0,0,0
0.00198966,0,0,1,1,0,1,1,0,0,0,1,0,1,0,0,0
0.00198968,0,0,1,0,0,0,1,0,0,0,1,0,1,0,0,0
0.00199044,1,1,1,1,1,0,1,0,0,0,1,0,1,0,0,0
0.00199046,1,1,1,1,1,1,1,1,0,0,1,0,1,0,0,0
0.0019905,1,1,0,1,0,0,0,0,0,0,1,0,1,0,0,0
0.00199054,1,1,1,1,0,1,0,0,0,0,1,0,1,0,0,0
0.00199056,1,1,0,1,0,1,0,0,0,0,1,0,1,0,0,0
0.00199058,1,1,0,1,0,0,0,0,0,0,1,0,1,0,0,0
0.00199144,1,1,1,1,1,1,1,1,0,0,1,0,1,0,0,0
0.00199148,1,1,1,0,0,0,0,1,0,0,1,0,1,0,0,0
0.00199186,1,1,1,0,0,0,0,1,1,1,1,0,0,0,0,1
0.0019924,1,1,1,1,0,1,0,1,1,1,1,0,0,0,0,1
0.00199242,1,1,1,1,1,1,1,1,1,1,1,0,0,0,0,1
0.00199244,0,0,1,0,1,1,1,1,1,1,1,0,0,0,0,1
0.00199246,0,0,1,0,0,0,1,0,1,1,1,0,0,0,0,1
0.0019925,0,0,1,1,0,0,1,0,1,1,1,0,0,0,0,1
0.00199252,0,0,1,0,0,0,1,0,1,1,1,0,0,0,0,1
0.00199338,1,1,1,1,0,0,1,0,1,1,1,0,0,0,0,1
0.0019934,1,1,1,1,1,1,0,0,1,1,1,0,0,0,0,1
0.00199342,1,1,0,1,0,0,0,0,1,1,1,0,0,0,0,1
0.00199344,1,1,1,1,1,1,1,1,1,1,1,0,0,0,0,1
0.00199346,1,1,1,0,0,0,0,1,1,1,1,0,0,0,0,1
0.0019935,1,0,1,0,0,0,0,1,1,1,1,0,0,0,0,1
0.00199382,1,0,1,0,0,0,0,1,1,0,1,0,0,0,0,1
0.00199434,1,0,1,1,0,1,1,1,1,0,1,0,0,0,0,1
0.00199436,1,1,1,1,1,1,1,1,1,0,1,0,0,0,0,1
0.00199438,0,0,1,0,0,0,1,0,1,0,1,0,0,0,0,1
0.00199532,1,0,1,0,0,0,1,0,1,0,1,0,0,0,0,1
0.00199534,1,0,1,1,1,1,1,1,1,0,1,0,0,0,0,1
0.00199536,1,1,1,1,1,1,1,1,1,0,1,0,0,0,0,1
0.00199538,1,1,0,0,1,0,0,0,1,0,1,0,0,0,0,1
0.0019954,1,1,1,1,0,0,0,1,1,0,1,0,0,0,0,1
0.00199542,1,1,0,1,0,1,1,1,1,0,1,0,0,0,0,1
0.00199544,0,0,0,1,0,1,1,1,1,0,1,0,0,0,0,1
0.00199546,0,0,0,1,0,0,0,1,1,0,1,0,0,0,0,1
0.00199548,0,0,0,1,0,1,0,1,1,0,1,0,0,0,0,1
0.0019955,0,0,0,1,0,1,1,1,1,0,1,0,0,0,0,1
0.00199552,0,0,0,1,0,0,0,1,1,0,1,0,0,0,0,1
0.00199556,0,0,0,1,0,1,0,1,1,0,1,0,0,0,0,1
0.0019956,0,0,0,1,0,0,0,1,1,0,1,0,0,0,0,1
0.00199576,0,0,0,1,0,0,0,1,0,0,0,0,0,0,0,0
0.00199578,0,0,0,1,0,0,0,1,0,0,0,1,0,0,0,1
0.00199584,0,0,0,1,0,0,0,1,0,0,0,1,0,0,0,0
0.00199586,0,0,0,1,0,0,0,1,0,0,0,1,0,0,0,1
0.0019963,0,0,0,1,0,1,1,1,0,0,0,1,0,0,0,1
0.00199632,1,1,1,1,1,1,1,1,0,0,0,1,0,0,0,1
0.00199636,1,1,0,1,0,0,0,0,0,0,0,1,0,0,0,1
0.0019964,1,1,0,1,0,1,1,0,0,0,0,1,0,0,0,1
0.00199642,1,1,0,1,0,1,0,0,0,0,0,1,0,0,0,1
0.00199644,1,1,0,1,0,0,0,0,0,0,0,1,0,0,0,1
0.00199734,1,1,1,1,1,0,0,1,0,0,0,1,0,0,0,1
0.00199736,1,1,0,0,0,0,0,1,0,0,0,1,0,0,0,1
0.00199772,1,1,0,0,0,0,0,1,1,1,0,0,0,0,0,1
0.00199824,1,1,1,1,0,0,0,1,1,1,0,0,0,0,0,1
0.00199826,1,1,1,1,1,1,1,0,1,1,0,0,0,0,0,1
0.00199828,1,1,0,1,0,0,0,0,1,1,0,0,0,0,0,1
0.00199832,1,1,0,1,0,1,1,0,1,1,0,0,0,0,0,1
0.00199834,1,1,0,1,0,0,0,0,1,1,0,0,0,0,0,1
0.00199926,1,1,1,1,1,1,1,1,1,1,0,0,0,0,0,1
0.00199928,1,1,1,1,1,0,1,0,1,1,0,0,0,0,0,1
0.0019993,1,1,1,1,1,1,0,0,1,1,0,0,0,0,0,1
0.00199932,1,0,1,1,1,1,1,1,1,1,0,0,0,0,0,1
0.00199934,1,0,0,1,1,1,0,0,1,1,0,0,0,0,0,1
0.00199938,1,0,0,1,1,1,1,1,1,1,0,0,0,0,0,1
0.0019994,1,0,0,1,1,1,0,0,1,1,0,0,0,0,0,1
0.00199968,1,0,0,1,1,1,0,0,1,0,0,1,1,1,0,0
0.0020002,1,1,1,1,1,1,1,1,1,0,0,1,1,1,0,0
0.00200022,0,0,1,0,0,0,1,0,1,0,0,1,1,1,0,0
0.00200028,0,0,1,0,0,0,1,1,1,0,0,1,1,1,0,0
0.0020003,0,0,1,0,0,0,1,0,1,0,0,1,1,1,0,0
0.00200118,1,1,1,1,0,0,1,0,1,0,0,1,1,1,0,0
0.0020012,1,1,0,1,0,0,0,0,1,0,0,1,1,1,0,0
0.00200218,1,1,0,1,0,1,1,1,1,0,0,1,1,1,0,0
0.0020022,1,1,0,1,1,1,1,1,1,0,0,1,1,1,0,0
0.00200224,1,1,1,1,1,1,1,1,1,0,0,1,1,1,0,0
0.00200314,1,0,0,1,0,0,1,0,1,0,0,1,1,1,0,0
0.00200316,0,0,0,1,0,0,0,0,1,0,0,1,1,1,0,0
0.00200318,1,1,1,1,1,1,1,1,1,0,0,1,1,1,0,0
0.0020032,0,1,1,1,1,1,1,1,1,0,0,1,1,1,0,0
0.00200322,1,1,1,1,1,1,1,0,1,0,0,1,1,1,0,0
0.00200324,0,1,1,1,1,1,1,0,1,0,0,1,1,1,0,0
0.00200326,1,0,1,0,1,0,0,0,1,0,0,1,1,1,0,0
0.00200328,0,0,1,0,1,0,0,0,1,0,0,1,1,1,0,0
0.00200332,1,0,1,0,1,0,0,0,1,0,0,1,1,1,0,0
0.00200334,0,0,1,0,1,0,0,0,1,0,0,1,1,1,0,0
0.00200358,0,0,1,0,1,0,0,0,0,0,0,0,1,0,0,0
0.0020036,0,0,1,0,1,0,0,0,0,0,1,0,1,0,0,0
0.0020041,1,1,1,1,1,0,0,0,0,0,1,0,1,0,0,0
0.00200412,1,1,1,0,1,1,1,1,0,0,1,0,1,0,0,0
0.00200414,1,1,1,1,1,1,1,1,0,0,1,0,1,0,0,0
0.00200514,0,0,0,0,0,0,0,1,0,0,1,0,1,0,0,0
0.0020052,1,1,1,1,0,1,1,1,0,0,1,0,1,0,0,0
0.00200522,1,0,0,0,0,0,0,1,0,0,1,0,1,0,0,0
0.00200524,0,0,0,0,0,0,0,1,0,0,1,0,1,0,0,0
0.00200608,1,1,1,1,1,0,0,1,0,0,1,0,1,0,0,0
0.0020061,1,1,1,1,1,1,1,1,0,0,1,0,1,0,0,0
0.00200612,1,1,1,0,1,1,1,0,0,0,1,0,1,0,0,0
0.00200614,0,0,1,0,1,0,0,0,0,0,1,0,1,0,0,0
0.00200618,1,1,1,1,1,1,1,0,0,0,1,0,1,0,0,0
0.0020062,0,0,1,0,1,0,0,0,0,0,1,0,1,0,0,0
0.00200704,1,0,1,0,1,1,0,0,0,0,1,0,1,0,0,0
0.00200706,1,1,1,1,1,1,1,1,0,0,1,0,1,0,0,0
0.0020071,0,1,0,0,1,1,0,0,0,0,1,0,1,0,0,0
0.00200714,1,1,1,1,1,1,1,0,0,0,1,0,1,0,0,0
0.00200716,1,1,0,1,1,1,0,0,0,0,1,0,1,0,0,0
0.00200718,0,1,0,0,1,1,0,0,0,0,1,0,1,0,0,0
0.002008,1,1,1,1,1,1,0,0,0,0,1,0,1,0,0,0
0.00200802,1,1,1,1,1,1,1,1,0,0,1,0,1,0,0,0
0.00200808,0,1,0,0,0,0,0,0,0,0,1,0,1,0,0,0
0.00200812,1,1,1,1,0,0,1,0,0,0,1,0,1,0,0,0
0.00200814,1,1,1,1,0,1,1,1,0,0,1,0,1,0,0,0
0.00200816,1,1,1,1,0,0,0,0,0,0,1,0,1,0,0,0
0.00200818,0,1,0,0,0,0,0,0,0,0,1,0,1,0,0,0
0.0020082,0,1,1,0,0,0,0,0,0,0,1,0,1,0,0,0
0.00200822,1,1,1,1,0,0,0,0,0,0,1,0,1,0,0,0
0.00200824,0,1,1,0,0,0,0,0,0,0,1,0,1,0,0,0
0.00200826,0,1,0,0,0,0,0,0,0,0,1,0,1,0,0,0
0.00200828,0,1,1,0,0,0,0,0,0,0,1,0,1,0,0,0
0.0020083,0,1,1,1,0,0,0,0,0,0,1,0,1,0,0,0
0.00200832,0,1,0,0,0,0,0,0,0,0,1,0,1,0,0,0
0.00200898,1,1,1,0,0,0,0,0,0,0,1,0,1,0,0,0
0.002009,1,1,1,1,0,0,0,0,0,0,1,0,1,0,0,0
0.00200902,1,1,1,1,1,1,1,1,0,0,1,0,1,0,0,0
0.00200904,1,1,1,1,0,1,1,1,0,0,1,0,1,0,0,0
0.00200906,1,1,1,0,0,0,0,1,0,0,1,0,1,0,0,0
0.0020091,1,1,1,1,0,1,1,1,0,0,1,0,1,0,0,0
0.00200912,1,1,1,0,0,0,0,1,0,0,1,0,1,0,0,0
0.00200944,1,1,1,0,0,0,0,1,1,1,1,0,0,0,0,1
0.00200998,1,1,1,1,1,1,1,1,1,1,1,0,0,0,0,1
0.00201002,0,1,0,0,1,1,0,0,1,1,1,0,0,0,0,1
0.00201006,0,1,0,1,1,1,0,0,1,1,1,0,0,0,0,1
0.0020101,0,1,0,0,1,1,0,0,1,1,1,0,0,0,0,1
0.00201096,1,1,1,1,1,1,1,1,1,1,1,0,0,0,0,1
0.00201098,0,1,0,0,0,0,0,0,1,1,1,0,0,0,0,1
0.002011,1,1,1,1,1,1,1,1,1,1,1,0,0,0,0,1
0.00201104,1,1,1,1,0,1,1,0,1,1,1,0,0,0,0,1
0.00201106,1,1,0,0,0,1,0,0,1,1,1,0,0,0,0,1
0.00201108,0,1,0,0,0,1,1,1,1,1,1,0,0,0,0,1
0.0020111,0,1,0,0,0,1,0,0,1,1,1,0,0,0,0,1
0.00201138,0,1,0,0,0,1,0,0,0,1,0,0,0,0,0,0
0.0020114,0,1,0,0,0,1,0,0,0,1,0,0,0,1,0,0
0.00201192,0,1,1,1,0,1,0,0,0,1,0,0,0,1,0,0
0.00201194,1,1,1,1,1,1,1,1,0,1,0,0,0,1,0,0
0.00201198,0,0,1,1,1,1,1,1,0,1,0,0,0,1,0,0
0.002012,0,0,0,0,1,0,1,0,0,1,0,0,0,1,0,0
0.00201204,1,0,1,1,1,1,1,1,0,1,0,0,0,1,0,0
0.00201206,0,0,1,1,1,0,1,0,0,1,0,0,0,1,0,0
0.00201208,0,0,0,0,1,0,1,0,0,1,0,0,0,1,0,0
0.00201212,0,0,1,0,1,0,1,0,0,1,0,0,0,1,0,0
0.00201214,0,0,0,0,1,0,1,0,0,1,0,0,0,1,0,0
0.00201288,0,0,1,1,1,0,1,0,0,1,0,0,0,1,0,0
0.0020129,1,1,1,1,1,1,1,1,0,1,0,0,0,1,0,0
0.00201296,1,1,1,1,0,1,1,1,0,1,0,0,0,1,0,0
0.00201298,0,0,0,0,0,0,0,1,0,1,0,0,0,1,0,0
0.002013,0,0,1,0,0,1,0,1,0,1,0,0,0,1,0,0
0.00201302,1,1,1,1,0,1,1,1,0,1,0,0,0,1,0,0
0.00201304,0,0,1,1,0,1,0,1,0,1,0,0,0,1,0,0
0.00201306,0,0,0,0,0,0,0,1,0,1,0,0,0,1,0,0
0.0020131,0,0,1,1,0,1,0,1,0,1,0,0,0,1,0,0
0.00201312,0,0,1,0,0,0,0,1,0,1,0,0,0,1,0,0
0.00201314,0,0,0,0,0,0,0,1,0,1,0,0,0,1,0,0
0.00201318,0,0,1,0,0,0,0,1,0,1,0,0,0,1,0,0
0.0020132,0,0,0,0,0,0,0,1,0,1,0,0,0,1,0,0
0.00201386,0,0,0,0,0,1,0,1,0,1,0,0,0,1,0,0
0.00201388,1,1,1,1,1,1,0,0,0,1,0,0,0,1,0,0
0.0020139,0,1,0,0,1,1,0,0,0,1,0,0,0,1,0,0
0.0020149,1,1,1,1,1,1,0,0,0,1,0,0,0,1,0,0
0.00201492,1,1,1,1,1,1,1,1,0,1,0,0,0,1,0,0
0.00201496,0,0,0,1,0,0,0,1,0,1,0,0,0,1,0,0
0.002015,1,0,1,1,0,1,1,1,0,1,0,0,0,1,0,0
0.00201502,1,1,1,1,0,1,1,1,0,1,0,0,0,1,0,0
0.00201504,0,0,1,1,0,0,0,1,0,1,0,0,0,1,0,0
0.00201506,0,0,0,1,0,0,0,1,0,1,0,0,0,1,0,0
0.00201508,0,0,1,1,0,0,0,1,0,1,0,0,0,1,0,0
0.00201514,0,0,0,1,0,0,0,1,0,1,0,0,0,1,0,0
0.00201516,0,0,1,1,0,0,0,1,0,1,0,0,0,1,0,0
0.0020152,0,0,0,1,0,0,0,1,0,1,0,0,0,1,0,0
0.00201522,0,0,1,1,0,0,0,1,0,1,0,0,0,1,0,0
0.00201524,0,0,0,1,0,0,0,1,0,1,0,0,0,1,0,0
0.00201526,0,0,1,1,0,0,0,1,0,1,0,0,0,1,0,0
0.0020153,0,0,0,1,0,0,0,1,0,0,0,1,0,0,0,1
0.00201536,0,0,1,1,0,0,0,1,0,0,0,1,0,0,0,1
0.00201538,0,0,0,1,0,0,0,1,0,0,0,1,0,0,0,1
0.00201584,1,1,1,1,1,1,1,1,0,0,0,1,0,0,0,1
0.0020159,0,1,0,0,0,0,0,0,0,0,0,1,0,0,0,1
0.00201594,1,1,1,1,1,1,1,0,0,0,0,1,0,0,0,1
0.00201598,0,1,1,0,0,0,0,0,0,0,0,1,0,0,0,1
0.002016,0,1,1,0,0,1,0,0,0,0,0,1,0,0,0,1
0.00201602,1,1,1,1,0,1,1,0,0,0,0,1,0,0,0,1
0.00201604,1,1,1,0,0,1,1,0,0,0,0,1,0,0,0,1
0.00201606,0,1,1,0,0,1,0,0,0,0,0,1,0,0,0,1
0.00201608,1,1,1,0,0,1,0,0,0,0,0,1,0,0,0,1
0.0020161,1,1,1,0,0,1,1,0,0,0,0,1,0,0,0,1
0.00201612,1,1,1,0,0,1,0,0,0,0,0,1,0,0,0,1
0.00201614,0,1,1,0,0,1,0,0,0,0,0,1,0,0,0,1
0.00201616,1,1,1,0,0,1,0,0,0,0,0,1,0,0,0,1
0.00201618,0,1,1,0,0,1,0,0,0,0,0,1,0,0,0,1
0.00201624,1,1,1,0,0,1,1,0,0,0,0,1,0,0,0,1
0.00201626,0,1,1,0,0,1,0,0,0,0,0,1,0,0,0,1
0.00201628,1,1,1,0,0,1,1,0,0,0,0,1,0,0,0,1
0.0020163,0,1,1,0,0,1,0,0,0,0,0,1,0,0,0,1
0.00201658,0,1,1,0,0,0,0,0,0,0,0,1,0,0,0,1
0.00201662,0,1,1,0,0,1,0,0,0,0,0,1,0,0,0,1
0.00201664,0,1,1,0,0,0,0,0,0,0,0,1,0,0,0,1
0.00201672,0,1,0,0,0,0,0,0,0,0,0,1,0,0,0,1
0.00201674,0,1,1,0,0,0,0,0,0,0,0,1,0,0,0,1
0.0020168,0,1,0,0,0,0,0,0,0,0,0,1,0,0,0,1
0.00201682,0,1,1,0,0,0,0,0,0,0,0,1,0,0,0,1
0.00201684,0,1,0,0,0,0,0,0,0,0,0,1,0,0,0,1
0.00201686,1,1,0,1,1,1,1,0,0,0,0,1,0,0,0,1
0.00201688,1,1,1,1,1,1,1,1,0,0,0,1,0,0,0,1
0.00201692,0,1,0,0,0,1,0,0,0,0,0,1,0,0,0,1
0.00201696,1,1,1,1,1,1,1,1,0,0,0,1,0,0,0,1
0.00201698,1,1,1,1,0,1,1,0,0,0,0,1,0,0,0,1
0.002017,0,1,0,0,0,1,0,0,0,0,0,1,0,0,0,1
0.00201704,0,1,1,0,0,1,0,0,0,0,0,1,0,0,0,1
0.00201708,0,1,0,0,0,1,0,0,0,0,0,1,0,0,0,1
0.00201712,0,1,1,0,0,1,0,0,0,0,0,1,0,0,0,1
0.00201714,0,1,0,0,0,1,0,0,0,0,0,1,0,0,0,1
0.00201722,0,1,1,0,0,1,0,0,0,0,0,1,0,0,0,1
0.00201724,0,1,0,0,0,1,0,0,0,0,0,0,0,0,0,0
0.00201726,0,1,0,0,0,1,0,0,0,1,0,0,0,1,0,0
0.0020173,0,1,1,0,0,1,0,0,0,1,0,0,0,1,0,0
0.00201732,0,1,0,0,0,1,0,0,0,1,0,0,0,1,0,0
0.0020178,1,1,1,1,1,1,1,1,0,1,0,0,0,1,0,0
0.00201784,1,0,1,0,1,0,1,0,0,1,0,0,0,1,0,0
0.00201786,1,0,0,0,1,0,1,0,0,1,0,0,0,1,0,0
0.00201788,1,0,1,0,1,0,1,0,0,1,0,0,0,1,0,0
0.0020179,1,1,1,1,1,1,1,1,0,1,0,0,0,1,0,0
0.00201792,1,0,0,0,1,0,1,0,0,1,0,0,0,1,0,0
0.00201874,1,1,1,1,1,0,1,0,0,1,0,0,0,1,0,0
0.00201876,1,1,1,1,1,1,1,1,0,1,0,0,0,1,0,0
0.00201882,0,0,0,0,0,0,0,1,0,1,0,0,0,1,0,0
0.00201886,0,0,1,0,0,1,0,1,0,1,0,0,0,1,0,0
0.00201888,1,1,1,1,0,1,1,1,0,1,0,0,0,1,0,0
0.0020189,0,0,1,0,0,0,0,1,0,1,0,0,0,1,0,0
0.00201892,0,0,0,0,0,0,0,1,0,1,0,0,0,1,0,0
0.00201896,0,0,1,1,0,0,0,1,0,1,0,0,0,1,0,0
0.00201898,0,0,0,0,0,0,0,1,0,1,0,0,0,1,0,0
0.00201972,0,1,1,0,0,0,0,1,0,1,0,0,0,1,0,0
0.00201974,1,1,1,1,1,1,0,0,0,1,0,0,0,1,0,0
0.00201976,0,1,0,0,0,0,0,0,0,1,0,0,0,1,0,0
0.0020198,0,1,1,0,0,0,0,0,0,1,0,0,0,1,0,0
0.00201982,0,1,0,0,0,0,0,0,0,1,0,0,0,1,0,0
0.00202076,1,1,1,1,1,1,1,0,0,1,0,0,0,1,0,0
0.00202078,1,1,1,1,1,1,1,1,0,1,0,0,0,1,0,0
0.00202082,0,0,1,0,1,0,0,0,0,1,0,0,0,1,0,0
0.00202086,1,0,1,1,1,1,1,0,0,1,0,0,0,1,0,0
0.00202088,1,1,1,1,1,1,1,0,0,1,0,0,0,1,0,0
0.0020209,0,0,1,0,1,0,0,0,0,1,0,0,0,1,0,0
0.00202094,1,0,1,1,1,0,0,0,0,1,0,0,0,1,0,0
0.00202096,0,0,1,0,1,0,0,0,0,1,0,0,0,1,0,0
0.00202116,0,0,1,0,1,0,0,0,0,0,1,0,1,0,0,0
0.00202168,1,1,1,1,1,0,0,0,0,0,1,0,1,0,0,0
0.0020217,1,1,1,1,1,1,1,1,0,0,1,0,1,0,0,0
0.00202272,0,0,0,0,0,0,0,1,0,0,1,0,1,0,0,0
0.00202276,1,1,1,1,0,1,1,1,0,0,1,0,1,0,0,0
0.0020228,1,1,1,1,0,1,0,1,0,0,1,0,1,0,0,0
0.00202282,0,0,0,0,0,0,0,1,0,0,1,0,1,0,0,0
0.00202284,1,0,0,1,0,0,0,1,0,0,1,0,1,0,0,0
0.00202286,1,1,1,1,0,1,0,1,0,0,1,0,1,0,0,0
0.00202288,0,0,0,1,0,0,0,1,0,0,1,0,1,0,0,0
0.0020229,0,0,0,0,0,0,0,1,0,0,1,0,1,0,0,0
0.00202292,0,0,0,1,0,0,0,1,0,0,1,0,1,0,0,0
0.00202294,1,0,0,1,0,0,0,1,0,0,1,0,1,0,0,0
0.00202296,0,0,0,1,0,0,0,1,0,0,1,0,1,0,0,0
0.00202298,0,0,0,0,0,0,0,1,0,0,1,0,1,0,0,0
0.002023,0,0,0,1,0,0,0,1,0,0,1,0,1,0,0,0
0.00202306,0,0,0,0,0,0,0,1,0,0,1,0,1,0,0,0
0.00202308,0,0,0,1,0,0,0,1,0,0,1,0,1,0,0,0
0.0020231,0,0,0,0,0,0,0,1,0,0,1,0,1,0,0,0
0.00202312,0,0,0,1,0,0,0,1,0,0,1,0,1,0,0,0
0.00202314,0,0,0,0,0,0,0,1,0,0,1,0,1,0,0,0
0.00202322,0,0,0,1,0,0,0,1,0,0,1,0,1,0,0,0
0.00202324,0,0,0,0,0,0,0,1,0,0,1,0,1,0,0,0
0.00202362,1,1,1,1,0,0,0,1,0,0,1,0,1,0,0,0
0.00202364,1,1,1,1,1,1,0,1,0,0,1,0,1,0,0,0
0.00202366,1,1,1,1,1,1,1,1,0,0,1,0,1,0,0,0
0.0020237,1,1,1,1,1,1,1,0,0,0,1,0,1,0,0,0
0.00202372,0,1,0,1,1,1,0,0,0,0,1,0,1,0,0,0
0.00202374,1,1,1,1,1,1,1,0,0,0,1,0,1,0,0,0
0.00202378,0,1,0,1,1,1,0,0,0,0,1,0,1,0,0,0
0.00202382,1,1,1,1,1,1,0,0,0,0,1,0,1,0,0,0
0.00202384,0,1,0,1,1,1,0,0,0,0,1,0,1,0,0,0
0.00202408,0,1,0,1,1,1,0,0,0,1,0,0,1,1,0,0
0.0020241,0,1,0,1,1,1,0,0,0,1,0,1,1,1,0,0
0.00202462,1,1,1,1,1,1,1,0,0,1,0,1,1,1,0,0
0.00202464,1,1,1,1,1,1,1,1,0,1,0,1,1,1,0,0
0.00202468,0,0,0,0,1,0,1,0,0,1,0,1,1,1,0,0
0.00202472,1,1,1,1,1,1,1,0,0,1,0,1,1,1,0,0
0.00202474,1,0,1,1,1,1,1,0,0,1,0,1,1,1,0,0
0.00202476,0,0,0,0,1,0,1,0,0,1,0,1,1,1,0,0
0.0020248,1,0,1,0,1,0,1,0,0,1,0,1,1,1,0,0
0.00202482,0,0,1,0,1,0,1,0,0,1,0,1,1,1,0,0
0.00202484,0,0,0,0,1,0,1,0,0,1,0,1,1,1,0,0
0.00202488,0,0,1,0,1,0,1,0,0,1,0,1,1,1,0,0
0.0020249,0,0,0,0,1,0,1,0,0,1,0,1,1,1,0,0
0.00202558,1,0,1,0,1,0,1,0,0,1,0,1,1,1,0,0
0.0020256,1,1,1,1,1,1,1,1,0,1,0,1,1,1,0,0
0.00202566,0,0,0,0,0,0,0,1,0,1,0,1,1,1,0,0
0.0020257,1,1,1,1,0,1,0,1,0,1,0,1,1,1,0,0
0.00202574,0,0,0,0,0,0,0,1,0,1,0,1,1,1,0,0
0.00202578,1,1,1,1,0,1,0,1,0,1,0,1,1,1,0,0
0.0020258,1,0,1,1,0,1,0,1,0,1,0,1,1,1,0,0
0.00202582,0,0,1,0,0,0,0,1,0,1,0,1,1,1,0,0
0.00202586,0,0,1,1,0,0,0,1,0,1,0,1,1,1,0,0
0.0020259,0,0,1,0,0,0,0,1,0,1,0,1,1,1,0,0
0.00202592,0,0,0,0,0,0,0,1,0,1,0,1,1,1,0,0
0.00202594,0,0,1,0,0,0,0,1,0,1,0,1,1,1,0,0
0.00202598,0,0,0,0,0,0,0,1,0,1,0,1,1,1,0,0
0.002026,0,0,1,0,0,0,0,1,0,1,0,1,1,1,0,0
0.00202602,0,0,0,0,0,0,0,1,0,1,0,1,1,1,0,0
0.00202604,0,0,1,0,0,0,0,1,0,1,0,1,1,1,0,0
0.00202606,0,0,0,0,0,0,0,1,0,1,0,1,1,1,0,0
0.00202656,1,0,1,0,0,0,0,1,0,1,0,1,1,1,0,0
0.00202658,1,1,1,1,1,1,0,1,0,1,0,1,1,1,0,0
0.0020266,1,1,1,1,1,1,1,1,0,1,0,1,1,1,0,0
0.00202662,1,1,1,1,1,1,1,0,0,1,0,1,1,1,0,0
0.00202664,0,1,0,0,1,1,0,0,0,1,0,1,1,1,0,0
0.00202668,1,1,1,1,1,1,0,0,0,1,0,1,1,1,0,0
0.00202672,0,1,0,0,1,1,0,0,0,1,0,1,1,1,0,0
0.00202674,0,1,1,0,1,1,0,0,0,1,0,1,1,1,0,0
0.00202676,1,1,1,1,1,1,0,0,0,1,0,1,1,1,0,0
0.00202678,1,1,1,0,1,1,0,0,0,1,0,1,1,1,0,0
0.0020268,0,1,0,0,1,1,0,0,0,1,0,1,1,1,0,0
0.00202682,0,1,1,0,1,1,0,0,0,1,0,1,1,1,0,0
0.00202688,0,1,0,0,1,1,0,0,0,1,0,1,1,1,0,0
0.00202752,0,1,1,0,1,1,0,0,0,1,0,1,1,1,0,0
0.00202754,1,1,1,1,1,1,0,0,0,1,0,1,1,1,0,0
0.00202756,0,1,0,0,1,1,0,0,0,1,0,1,1,1,0,0
0.0020276,1,1,0,0,1,1,1,0,0,1,0,1,1,1,0,0
0.00202762,1,0,1,1,1,0,1,1,0,1,0,1,1,1,0,0
0.00202764,1,0,0,0,1,0,1,0,0,1,0,1,1,1,0,0
0.00202768,1,0,1,1,1,0,1,0,0,1,0,1,1,1,0,0
0.0020277,1,0,0,0,1,0,1,0,0,1,0,1,1,1,0,0
0.0020285,1,0,0,1,1,0,1,0,0,1,0,1,1,1,0,0
0.00202852,1,1,0,0,1,0,1,0,0,1,0,1,1,1,0,0
0.00202854,1,1,1,1,1,1,1,1,0,1,0,1,1,1,0,0
0.0020286,0,0,0,0,0,0,0,1,0,1,0,1,1,1,0,0
0.00202864,1,1,1,1,0,1,1,1,0,1,0,1,1,1,0,0
0.00202866,1,0,1,1,0,1,0,1,0,1,0,1,1,1,0,0
0.00202868,0,0,0,0,0,0,0,1,0,1,0,1,1,1,0,0
0.00202872,0,0,1,1,0,1,0,1,0,1,0,1,1,1,0,0
0.00202874,0,0,1,1,0,0,0,1,0,1,0,1,1,1,0,0
0.00202876,0,0,0,0,0,0,0,1,0,1,0,1,1,1,0,0
0.0020288,0,0,1,0,0,0,0,1,0,1,0,1,1,1,0,0
0.00202884,0,0,0,0,0,0,0,1,0,1,0,1,1,1,0,0
0.00202888,0,0,1,0,0,0,0,1,0,1,0,1,1,1,0,0
0.0020289,0,0,0,0,0,0,0,1,0,1,0,1,1,1,0,0
0.00202894,0,0,1,0,0,0,0,1,0,1,0,1,1,1,0,0
0.00202898,0,0,0,0,0,0,0,1,0,1,0,1,1,1,0,0
0.00202948,0,1,0,1,0,0,0,1,0,1,0,1,1,1,0,0
0.0020295,1,0,0,1,0,0,0,1,0,1,0,1,1,1,0,0
0.00202952,1,1,0,1,1,0,1,1,0,1,0,1,1,1,0,0
0.00202954,1,1,1,1,1,1,1,1,0,1,0,1,1,1,0,0
0.00202956,0,1,0,0,0,0,0,0,0,1,0,1,1,1,0,0
0.0020296,1,1,1,1,0,1,0,0,0,1,0,1,1,1,0,0
0.00202962,1,1,1,1,0,1,1,0,0,1,0,1,1,1,0,0
0.00202964,0,1,0,0,0,0,0,0,0,1,0,1,1,1,0,0
0.00203048,1,1,1,1,1,1,1,0,0,1,0,1,1,1,0,0
0.0020305,1,1,1,1,1,1,1,1,0,1,0,1,1,1,0,0
0.00203052,0,1,0,0,0,0,0,0,0,1,0,1,1,1,0,0
0.00203148,0,1,0,0,1,1,0,0,0,1,0,1,1,1,0,0
0.0020315,0,1,1,0,1,1,0,0,0,1,0,1,1,1,0,0
0.00203152,0,1,0,0,1,1,0,0,0,1,0,1,1,1,0,0
0.00203244,1,1,1,1,1,1,1,0,0,1,0,1,1,1,0,0
0.00203248,1,1,1,1,1,1,1,1,0,1,0,1,1,1,0,0
0.00203344,0,0,1,0,1,0,0,0,0,1,0,1,1,1,0,0
0.00203348,1,0,1,1,1,1,1,0,0,1,0,1,1,1,0,0
0.0020335,0,0,1,0,1,0,0,0,0,1,0,1,1,1,0,0
0.00203384,0,0,1,0,1,0,0,0,0,0,0,0,1,0,0,0
0.00203386,0,0,1,0,1,0,0,0,0,0,1,0,1,0,0,0
0.00203438,0,1,1,0,1,0,1,0,0,0,1,0,1,0,0,0
0.0020344,1,1,1,1,1,1,1,1,0,0,1,0,1,0,0,0
0.00203542,0,0,0,0,0,0,0,1,0,0,1,0,1,0,0,0
0.00203546,1,1,0,1,0,1,1,1,0,0,1,0,1,0,0,0
0.00203548,1,1,1,1,0,1,1,1,0,0,1,0,1,0,0,0
0.0020355,0,0,0,0,0,0,0,1,0,0,1,0,1,0,0,0
0.00203554,0,0,0,1,0,0,0,1,0,0,1,0,1,0,0,0
0.00203556,0,0,0,1,0,1,0,1,0,0,1,0,1,0,0,0
0.00203558,0,0,0,0,0,0,0,1,0,0,1,0,1,0,0,0
0.00203632,1,1,1,1,0,0,0,1,0,0,1,0,1,0,0,0
0.00203634,1,1,1,1,1,1,1,1,0,0,1,0,1,0,0,0
0.0020364,0,1,0,0,1,0,0,0,0,0,1,0,1,0,0,0
0.00203644,1,1,1,1,1,1,1,0,0,0,1,0,1,0,0,0
0.00203648,0,1,0,0,1,0,0,0,0,0,1,0,1,0,0,0
0.00203652,1,1,1,1,1,1,0,0,0,0,1,0,1,0,0,0
0.00203654,1,1,1,1,1,0,0,0,0,0,1,0,1,0,0,0
0.00203656,0,1,0,0,1,0,0,0,0,0,1,0,1,0,0,0
0.0020366,1,1,1,1,1,0,0,0,0,0,1,0,1,0,0,0
0.00203662,0,1,1,0,1,0,0,0,0,0,1,0,1,0,0,0
0.00203664,0,1,0,0,1,0,0,0,0,0,1,0,1,0,0,0
0.00203666,0,1,1,0,1,0,0,0,0,0,1,0,1,0,0,0
0.00203672,0,1,0,0,1,0,0,0,0,0,1,0,1,0,0,0
0.00203676,0,1,1,0,1,0,0,0,0,0,1,0,1,0,0,0
0.00203678,0,1,0,0,1,0,0,0,0,1,0,0,1,0,0,0
0.00203684,0,1,1,0,1,0,0,0,0,0,0,0,0,0,0,0
0.00203686,0,1,0,0,1,0,0,0,0,1,0,0,1,0,0,0
0.0020369,0,1,1,1,1,0,0,0,0,1,0,0,1,0,0,0
0.00203692,0,1,0,0,1,0,0,0,0,1,0,0,1,0,0,0
0.0020373,1,1,1,1,1,0,0,0,0,1,0,0,1,0,0,0
0.00203732,1,1,1,1,1,1,1,1,0,1,0,0,1,0,0,0
0.00203738,1,0,0,0,0,0,0,0,0,1,0,0,1,0,0,0
0.00203742,1,1,1,1,0,1,1,0,0,1,0,0,1,0,0,0
0.00203746,1,0,1,1,0,0,0,0,0,1,0,0,1,0,0,0
0.00203748,1,0,0,0,0,0,0,0,0,1,0,0,1,0,0,0
0.0020375,1,1,1,1,0,1,1,0,0,1,0,0,1,0,0,0
0.00203754,1,0,1,1,0,1,0,0,0,1,0,0,1,0,0,0
0.00203772,1,0,1,1,0,1,1,0,0,1,0,0,1,0,0,0
0.00203774,1,0,1,1,0,0,0,0,0,1,0,0,1,0,0,0
0.00203776,1,0,1,1,0,1,0,0,0,1,0,0,1,0,0,0
0.00203788,1,0,1,1,0,0,0,0,0,1,0,0,1,0,0,0
0.00203802,1,0,1,0,0,0,0,0,0,1,0,0,1,0,0,0
0.00203804,1,0,1,1,0,0,0,0,0,1,0,0,1,0,0,0
0.00203808,1,0,1,0,0,0,0,0,0,1,0,0,1,0,0,0
0.00203818,1,0,1,1,0,0,0,0,0,1,0,0,1,0,0,0
0.0020382,1,0,0,0,0,0,0,0,0,1,0,0,1,0,0,0
0.00203822,1,0,1,0,0,0,0,0,0,1,0,0,1,0,0,0
0.00203824,1,0,0,0,0,0,0,0,0,1,0,0,1,0,0,0
0.00203826,1,0,1,0,0,0,0,0,0,1,0,0,1,0,0,0
0.00203828,1,0,1,1,1,0,0,0,0,1,0,0,1,0,0,0
0.0020383,1,1,1,1,1,1,1,1,0,1,0,0,1,0,0,0
0.00203834,1,0,0,0,1,0,0,0,0,1,0,0,1,0,0,0
0.00203838,1,1,1,1,1,1,1,1,0,1,0,0,1,0,0,0
0.0020384,1,1,1,1,1,1,1,0,0,1,0,0,1,0,0,0
0.00203842,1,0,0,0,1,0,0,0,0,1,0,0,1,0,0,0
0.00203846,1,1,1,1,1,1,1,0,0,1,0,0,1,0,0,0
0.00203848,1,1,1,1,1,1,0,0,0,1,0,0,1,0,0,0
0.0020385,1,0,1,0,1,0,0,0,0,1,0,0,1,0,0,0
0.00203852,1,0,1,1,1,0,0,0,0,1,0,0,1,0,0,0
0.00203854,1,0,1,1,1,1,0,0,0,1,0,0,1,0,0,0
0.00203858,1,0,1,1,1,0,0,0,0,1,0,0,1,0,0,0
0.00203868,1,0,1,0,1,0,0,0,0,1,0,0,1,0,0,0
0.0020387,1,0,1,1,1,0,0,0,0,1,0,0,1,0,0,0
0.00203872,1,0,1,1,1,1,0,0,0,0,0,0,1,0,0,0
0.00203874,1,0,0,0,1,0,0,0,1,0,0,0,1,0,0,0
0.00203878,1,0,1,1,1,1,0,0,1,0,0,0,1,0,0,0
0.0020388,1,0,0,0,1,0,0,0,0,0,0,0,1,0,0,0
0.00203882,1,0,0,0,1,0,0,0,1,0,0,0,1,0,0,0
0.00203886,1,0,1,1,1,0,0,0,1,0,0,0,1,0,0,0
0.00203888,1,0,0,0,1,0,0,0,1,0,0,0,1,0,0,0
0.00203924,1,1,1,1,1,0,0,0,1,0,0,0,1,0,0,0
0.00203926,1,1,1,1,1,1,1,0,1,0,0,0,1,0,0,0
0.00203928,1,1,1,1,1,1,1,1,1,0,0,0,1,0,0,0
0.00203932,1,1,1,1,0,1,1,1,1,0,0,0,1,0,0,0
0.00203934,0,1,0,0,0,0,0,0,1,0,0,0,1,0,0,0
0.00203936,0,1,1,1,0,1,0,0,1,0,0,0,1,0,0,0
0.00203938,1,1,1,1,0,1,1,1,1,0,0,0,1,0,0,0
0.0020394,1,1,1,1,0,1,1,0,1,0,0,0,1,0,0,0
0.00203942,0,1,0,0,0,0,0,0,1,0,0,0,1,0,0,0
0.00203944,0,1,1,1,0,0,0,0,1,0,0,0,1,0,0,0
0.00203946,0,1,1,1,0,1,1,0,1,0,0,0,1,0,0,0
0.00203948,0,1,1,1,0,1,0,0,1,0,0,0,1,0,0,0
0.0020395,0,1,1,1,0,0,0,0,1,0,0,0,1,0,0,0
0.00203954,0,1,1,1,0,1,0,0,1,0,0,0,1,0,0,0
0.00203958,0,1,1,1,0,0,0,0,1,0,0,0,1,0,0,0
0.00203962,0,1,1,1,0,1,0,0,1,0,0,0,1,0,0,0
0.00203964,0,1,1,1,0,0,0,0,1,0,0,0,1,0,0,0
0.00203966,0,1,1,0,0,0,0,0,1,0,0,0,1,0,0,0
0.00203968,0,1,1,1,0,0,0,0,1,0,0,0,1,0,0,0
0.0020397,0,1,1,0,0,0,0,0,1,0,0,0,1,0,0,0
0.00203972,0,1,1,1,0,1,0,0,1,0,0,0,1,0,0,0
0.00203974,0,1,1,1,0,0,0,0,1,0,0,0,1,0,0,0
0.00203984,0,1,1,0,0,0,0,0,1,0,0,0,1,0,0,0
0.00203986,0,1,1,1,0,0,0,0,1,0,0,0,1,0,0,0
0.00203988,0,1,1,0,0,0,0,0,1,0,0,0,1,0,0,0
0.00204022,0,1,1,1,0,0,0,0,1,0,0,0,1,0,0,0
0.00204024,1,1,1,1,1,1,1,1,1,0,0,0,1,0,0,0
0.0020403,0,1,0,0,0,0,1,0,1,0,0,0,1,0,0,0
0.00204034,1,1,1,1,0,1,1,1,1,0,0,0,1,0,0,0
0.00204036,1,1,1,1,1,1,1,1,1,0,0,0,1,0,0,0
0.00204038,0,1,1,1,0,0,1,0,1,0,0,0,1,0,0,0
0.0020404,0,1,0,0,0,0,1,0,1,0,0,0,1,0,0,0
0.00204042,1,1,1,1,0,1,1,0,1,0,0,0,1,0,0,0
0.00204046,0,1,1,1,0,0,1,0,1,0,0,0,1,0,0,0
0.0020405,1,1,1,1,0,1,1,0,1,0,0,0,1,0,0,0
0.00204052,0,1,1,1,0,0,1,0,1,0,0,0,1,0,0,0
0.00204068,0,1,1,1,0,0,1,0,0,1,0,0,0,0,1,0
0.0020407,0,1,1,0,0,0,1,0,0,1,0,0,0,0,1,0
0.00204072,0,1,1,1,0,0,1,0,0,1,0,0,0,0,1,0
0.00204074,0,1,1,1,0,0,1,0,0,0,0,0,0,0,1,0
0.00204076,0,1,1,0,0,0,1,0,0,1,0,0,0,0,1,0
0.0020408,0,1,1,1,0,0,1,0,0,1,0,0,0,0,1,0
0.00204084,0,1,1,0,0,0,1,0,0,1,0,0,0,0,1,0
0.00204086,0,1,1,1,0,0,1,0,0,1,0,0,0,0,1,0
0.00204092,0,1,1,0,0,0,1,0,0,1,0,0,0,0,1,0
0.00204116,0,1,0,0,0,0,1,0,0,1,0,0,0,0,1,0
0.00204118,0,1,1,0,0,0,1,0,0,1,0,0,0,0,1,0
0.0020412,1,1,1,1,1,1,1,0,0,1,0,0,0,0,1,0
0.00204122,0,0,0,0,0,1,1,0,0,1,0,0,0,0,1,0
0.00204124,1,0,1,1,1,0,0,0,0,1,0,0,0,0,1,0
0.00204126,1,0,0,0,0,0,0,0,0,1,0,0,0,0,1,0
0.0020413,1,0,1,1,0,1,0,0,0,1,0,0,0,0,1,0
0.00204132,1,0,1,0,0,0,0,0,0,1,0,0,0,0,1,0
0.00204134,1,0,0,0,0,0,0,0,0,1,0,0,0,0,1,0
0.00204138,1,0,1,0,0,0,0,0,0,1,0,0,0,0,1,0
0.0020414,1,0,0,0,0,0,0,0,0,1,0,0,0,0,1,0
0.00204166,1,1,1,1,0,0,0,0,0,1,0,0,0,0,1,0
0.00204168,1,1,1,1,0,1,0,0,0,1,0,0,0,0,1,0
0.0020417,1,1,1,1,0,0,0,0,0,1,0,0,0,0,1,0
0.00204212,1,1,1,1,0,1,0,0,0,1,0,0,0,0,1,0
0.00204214,0,1,1,1,0,0,0,0,0,1,0,0,0,0,1,0
0.00204222,1,1,1,1,1,1,1,1,0,1,0,0,0,0,1,0
0.00204224,1,0,1,0,1,1,1,1,0,1,0,0,0,0,1,0
0.00204226,0,0,1,0,1,0,0,0,0,1,0,0,0,0,1,0
0.0020423,1,0,1,1,1,1,1,0,0,1,0,0,0,0,1,0
0.00204232,0,0,1,0,1,0,0,0,0,1,0,0,0,0,1,0
0.00204262,0,0,1,0,1,0,0,0,0,0,0,0,0,0,1,0
0.00204264,0,0,1,0,1,0,0,0,0,0,1,0,1,0,0,0
0.0020427,0,0,1,0,1,0,0,0,0,0,1,0,0,0,0,0
0.00204272,0,1,1,1,1,0,0,0,0,1,1,1,1,0,0,0
0.00204274,1,0,1,1,1,1,1,1,0,1,1,1,1,0,0,0
0.00204276,0,0,1,0,1,0,0,0,0,0,1,0,1,0,0,0
0.0020428,0,0,1,1,1,1,0,0,0,0,1,0,1,0,0,0
0.00204282,0,0,1,0,1,0,0,0,0,0,1,0,1,0,0,0
0.00204318,1,1,1,1,1,1,1,1,0,0,1,0,1,0,0,0
0.00204322,0,0,0,0,1,0,1,0,0,0,1,0,1,0,0,0
0.00204326,1,0,0,1,1,1,1,0,0,0,1,0,1,0,0,0
0.00204328,1,0,1,1,1,1,1,0,0,0,1,0,1,0,0,0
0.0020433,0,0,0,0,1,0,1,0,0,0,1,0,1,0,0,0
0.00204414,1,1,1,1,1,0,1,0,0,0,1,0,1,0,0,0
0.00204416,1,1,1,1,1,1,1,1,0,0,1,0,1,0,0,0
0.0020442,1,1,1,1,0,1,0,1,0,0,1,0,1,0,0,0
0.00204422,0,1,0,0,0,0,0,0,0,0,1,0,1,0,0,0
0.00204424,0,1,1,0,0,0,0,0,0,0,1,0,1,0,0,0
0.00204426,1,1,1,1,0,1,1,1,0,0,1,0,1,0,0,0
0.00204428,1,1,1,1,0,1,0,0,0,0,1,0,1,0,0,0
0.0020443,0,1,0,0,0,0,0,0,0,0,1,0,1,0,0,0
0.00204434,0,1,1,1,0,1,0,0,0,0,1,0,1,0,0,0
0.00204436,0,1,1,0,0,0,0,0,0,0,1,0,1,0,0,0
0.00204438,0,1,0,0,0,0,0,0,0,0,1,0,1,0,0,0
0.00204442,0,1,1,0,0,0,0,0,0,0,1,0,1,0,0,0
0.00204444,0,1,0,0,0,0,0,0,0,0,1,0,1,0,0,0
0.0020451,0,1,1,0,0,0,0,0,0,0,1,0,1,0,0,0
0.00204512,0,1,1,1,0,0,0,0,0,0,1,0,1,0,0,0
0.00204514,1,1,1,1,1,1,1,1,0,0,1,0,1,0,0,0
0.00204518,1,1,1,0,0,0,0,1,0,0,1,0,1,0,0,0
0.00204522,1,1,1,1,1,1,1,1,0,0,1,0,1,0,0,0
0.00204524,1,1,1,0,0,0,0,1,0,0,1,0,1,0,0,0
0.00204556,1,1,1,0,0,0,0,1,1,1,1,0,0,0,0,1
0.0020461,1,1,1,1,0,1,1,1,1,1,1,0,0,0,0,1
0.00204614,1,1,1,1,1,1,1,1,1,1,1,0,0,0,0,1
0.00204616,0,0,0,0,1,0,1,0,1,1,1,0,0,0,0,1
0.0020462,0,0,0,1,1,1,1,0,1,1,1,0,0,0,0,1
0.00204624,0,0,0,0,1,0,1,0,1,1,1,0,0,0,0,1
0.00204708,0,1,0,0,1,0,1,0,1,1,1,0,0,0,0,1
0.0020471,0,1,0,0,0,0,0,0,1,1,1,0,0,0,0,1
0.00204714,1,1,1,1,1,1,1,1,1,1,1,0,0,0,0,1
0.00204718,0,1,0,0,0,1,0,0,1,1,1,0,0,0,0,1
0.00204722,1,1,1,1,0,1,1,1,1,1,1,0,0,0,0,1
0.00204724,0,1,1,0,0,1,0,0,1,1,1,0,0,0,0,1
0.00204726,0,1,0,0,0,1,0,0,1,1,1,0,0,0,0,1
0.00204752,0,1,0,0,0,1,0,0,0,1,0,0,0,1,0,0
0.00204806,1,1,1,1,1,1,0,0,0,1,0,0,0,1,0,0
0.00204808,1,1,1,1,1,1,1,1,0,1,0,0,0,1,0,0
0.0020481,0,0,0,0,1,0,1,0,0,1,0,0,0,1,0,0
0.00204816,0,0,1,1,1,0,1,1,0,1,0,0,0,1,0,0
0.00204818,0,0,0,0,1,0,1,0,0,1,0,0,0,1,0,0
0.00204902,1,1,1,1,1,0,1,0,0,1,0,0,0,1,0,0
0.00204904,1,1,1,1,1,1,1,1,0,1,0,0,0,1,0,0
0.0020491,0,0,0,0,0,0,0,1,0,1,0,0,0,1,0,0
0.00204916,1,0,1,1,0,0,0,1,0,1,0,0,0,1,0,0
0.00204918,0,0,0,0,0,0,0,1,0,1,0,0,0,1,0,0
0.00205,1,0,1,1,1,1,1,1,0,1,0,0,0,1,0,0
0.00205002,0,0,0,0,1,0,1,0,0,1,0,0,0,1,0,0
0.00205102,1,0,0,0,1,0,1,0,0,1,0,0,0,1,0,0
0.00205104,1,1,1,1,1,1,1,1,0,1,0,0,0,1,0,0
0.00205108,0,0,0,1,0,0,0,1,0,1,0,0,0,1,0,0
0.00205114,1,1,1,1,0,1,1,1,0,1,0,0,0,1,0,0
0.00205116,0,0,0,1,0,0,0,1,0,1,0,0,0,1,0,0
0.00205142,0,0,0,1,0,0,0,1,0,0,0,1,0,0,0,0
0.00205144,0,0,0,1,0,0,0,1,0,0,0,1,0,0,0,1
0.00205194,1,1,1,1,0,0,0,1,0,0,0,1,0,0,0,1
0.00205196,1,1,1,1,1,1,1,1,0,0,0,1,0,0,0,1
0.00205202,0,1,0,0,0,0,0,0,0,0,0,1,0,0,0,1
0.00205206,1,1,1,1,0,1,1,0,0,0,0,1,0,0,0,1
0.00205208,1,1,1,1,1,1,1,1,0,0,0,1,0,0,0,1
0.0020521,0,1,0,0,0,0,0,0,0,0,0,1,0,0,0,1
0.00205214,1,1,1,0,0,1,1,0,0,0,0,1,0,0,0,1
0.00205218,0,1,1,0,0,0,0,0,0,0,0,1,0,0,0,1
0.0020522,0,1,0,0,0,0,0,0,0,0,0,1,0,0,0,1
0.00205222,0,1,1,0,0,1,0,0,0,0,0,1,0,0,0,1
0.00205226,0,1,1,0,0,0,0,0,0,0,0,1,0,0,0,1
0.0020523,0,1,1,0,0,1,0,0,0,0,0,1,0,0,0,1
0.00205234,0,1,0,0,0,0,0,0,0,0,0,1,0,0,0,1
0.00205236,0,1,1,0,0,0,0,0,0,0,0,1,0,0,0,1
0.00205238,0,1,0,0,0,0,0,0,0,0,0,1,0,0,0,1
0.00205242,0,1,1,0,0,0,0,0,0,0,0,1,0,0,0,1
0.00205244,0,1,0,0,0,0,0,0,0,0,0,1,0,0,0,1
0.00205298,1,1,1,1,1,1,1,0,0,0,0,1,0,0,0,1
0.002053,1,1,1,1,1,1,1,1,0,0,0,1,0,0,0,1
0.00205304,0,1,0,0,0,1,0,1,0,0,0,1,0,0,0,1
0.00205306,0,1,0,0,0,1,0,0,0,0,0,1,0,0,0,1
0.00205308,1,1,1,0,0,1,0,0,0,0,0,1,0,0,0,1
0.0020531,1,1,1,1,0,1,1,0,0,0,0,1,0,0,0,1
0.00205312,0,1,1,0,0,1,0,0,0,0,0,1,0,0,0,1
0.00205314,0,1,0,0,0,1,0,0,0,0,0,1,0,0,0,1
0.00205316,0,1,1,0,0,1,0,0,0,0,0,1,0,0,0,1
0.0020532,0,1,0,0,0,1,0,0,0,0,0,1,0,0,0,1
0.00205336,0,1,0,0,0,1,0,0,0,0,0,0,0,0,0,0
0.00205338,0,1,0,0,0,1,0,0,0,1,0,0,0,1,0,0
0.00205344,0,1,0,0,0,1,0,0,0,0,0,0,0,0,0,0
0.00205346,0,1,0,0,0,1,0,0,0,1,0,0,0,1,0,0
0.0020539,1,1,1,0,0,1,0,0,0,1,0,0,0,1,0,0
0.00205392,1,1,1,1,1,1,1,1,0,1,0,0,0,1,0,0
0.00205396,1,0,1,1,1,0,1,0,0,1,0,0,0,1,0,0
0.00205398,1,0,0,0,1,0,1,0,0,1,0,0,0,1,0,0
0.002054,1,0,1,0,1,0,1,0,0,1,0,0,0,1,0,0
0.00205402,1,0,1,1,1,0,1,0,0,1,0,0,0,1,0,0
0.00205404,1,0,0,0,1,0,1,0,0,1,0,0,0,1,0,0
0.00205488,1,1,1,1,1,0,1,0,0,1,0,0,0,1,0,0
0.0020549,1,1,1,1,1,1,1,1,0,1,0,0,0,1,0,0
0.00205494,0,0,0,0,0,0,0,1,0,1,0,0,0,1,0,0
0.00205498,0,0,1,0,0,0,0,1,0,1,0,0,0,1,0,0
0.002055,1,1,1,1,0,1,0,1,0,1,0,0,0,1,0,0
0.00205502,1,0,1,1,0,0,0,1,0,1,0,0,0,1,0,0
0.00205504,0,0,0,0,0,0,0,1,0,1,0,0,0,1,0,0
0.00205506,0,0,1,0,0,0,0,1,0,1,0,0,0,1,0,0
0.00205508,0,0,1,1,0,0,0,1,0,1,0,0,0,1,0,0
0.0020551,0,0,1,0,0,0,0,1,0,1,0,0,0,1,0,0
0.00205512,0,0,0,0,0,0,0,1,0,1,0,0,0,1,0,0
0.00205514,0,0,1,0,0,0,0,1,0,1,0,0,0,1,0,0
0.0020552,0,0,0,0,0,0,0,1,0,1,0,0,0,1,0,0
0.00205524,0,0,1,0,0,0,0,1,0,1,0,0,0,1,0,0
0.00205526,0,0,0,0,0,0,0,1,0,1,0,0,0,1,0,0
0.0020553,0,0,1,0,0,0,0,1,0,1,0,0,0,1,0,0
0.00205532,0,0,0,0,0,0,0,1,0,1,0,0,0,1,0,0
0.00205584,0,1,1,0,0,0,0,1,0,1,0,0,0,1,0,0
0.00205586,1,1,1,1,1,1,1,0,0,1,0,0,0,1,0,0
0.00205588,0,1,0,0,0,0,0,0,0,1,0,0,0,1,0,0
0.00205592,1,1,1,1,0,0,0,0,0,1,0,0,0,1,0,0
0.00205594,0,1,1,0,0,0,0,0,0,1,0,0,0,1,0,0
0.00205596,0,1,0,0,0,0,0,0,0,1,0,0,0,1,0,0
0.00205688,0,1,0,1,0,1,0,0,0,1,0,0,0,1,0,0
0.0020569,1,1,1,1,1,1,1,1,0,1,0,0,0,1,0,0
0.00205694,0,0,1,0,1,0,0,0,0,1,0,0,0,1,0,0
0.00205698,1,0,1,1,1,1,1,0,0,1,0,0,0,1,0,0
0.002057,1,1,1,1,1,1,1,0,0,1,0,0,0,1,0,0
0.00205702,0,0,1,0,1,0,0,0,0,1,0,0,0,1,0,0
0.00205706,1,0,1,1,1,0,0,0,0,1,0,0,0,1,0,0
0.0020571,0,0,1,0,1,0,0,0,0,1,0,0,0,1,0,0
0.00205728,0,0,1,0,1,0,0,0,0,0,1,0,1,0,0,0
0.0020578,1,1,1,1,1,0,0,0,0,0,1,0,1,0,0,0
0.00205782,1,1,1,1,1,1,1,1,0,0,1,0,1,0,0,0
0.00205884,0,0,0,0,0,0,0,1,0,0,1,0,1,0,0,0
0.00205888,0,1,0,1,0,1,1,1,0,0,1,0,1,0,0,0
0.0020589,1,1,1,1,0,1,1,1,0,0,1,0,1,0,0,0
0.00205892,1,0,0,1,0,1,1,1,0,0,1,0,1,0,0,0
0.00205894,0,0,0,0,0,0,0,1,0,0,1,0,1,0,0,0
0.00205896,0,0,0,1,0,0,0,1,0,0,1,0,1,0,0,0
0.00205898,1,0,0,1,0,1,0,1,0,0,1,0,1,0,0,0
0.002059,0,0,0,1,0,1,0,1,0,0,1,0,1,0,0,0
0.00205902,0,0,0,0,0,0,0,1,0,0,1,0,1,0,0,0
0.00205904,0,0,0,1,0,0,0,1,0,0,1,0,1,0,0,0
0.00205918,0,0,0,0,0,0,0,1,0,0,1,0,1,0,0,0
0.0020592,0,0,0,1,0,0,0,1,0,0,1,0,1,0,0,0
0.00205938,0,0,0,0,0,0,0,1,0,0,1,0,1,0,0,0
0.00205942,0,0,0,1,0,0,0,1,0,0,1,0,1,0,0,0
0.00205944,0,0,0,0,0,0,0,1,0,0,1,0,1,0,0,0
0.00205974,1,0,1,1,0,0,0,1,0,0,1,0,1,0,0,0
0.00205976,1,1,1,1,1,1,1,1,0,0,1,0,1,0,0,0
0.00205982,1,1,1,1,1,1,0,0,0,0,1,0,1,0,0,0
0.00205984,1,1,0,1,1,1,0,0,0,0,1,0,1,0,0,0
0.00205986,1,1,1,1,1,1,1,0,0,0,1,0,1,0,0,0
0.0020599,1,1,0,1,1,1,0,0,0,0,1,0,1,0,0,0
0.0020602,1,1,0,1,1,1,0,0,0,0,0,0,1,0,0,0
0.00206022,1,1,0,1,1,1,0,0,1,1,0,1,1,1,0,0
0.00206076,1,1,1,1,1,1,1,1,1,1,0,1,1,1,0,0
0.0020608,0,0,0,0,1,0,1,0,1,1,0,1,1,1,0,0
0.00206084,1,1,1,1,1,1,1,0,1,1,0,1,1,1,0,0
0.00206088,0,0,1,1,1,1,1,0,1,1,0,1,1,1,0,0
0.0020609,0,0,0,0,1,0,1,0,1,1,0,1,1,1,0,0
0.00206092,0,0,1,1,1,1,1,0,1,1,0,1,1,1,0,0
0.00206096,0,0,1,1,1,0,1,0,1,1,0,1,1,1,0,0
0.00206098,0,0,1,0,1,0,1,0,1,1,0,1,1,1,0,0
0.002061,0,0,1,1,1,0,1,0,1,1,0,1,1,1,0,0
0.00206102,0,0,1,1,1,1,1,0,1,1,0,1,1,1,0,0
0.00206104,0,0,1,1,1,0,1,0,1,1,0,1,1,1,0,0
0.00206114,0,0,0,1,1,0,1,0,1,1,0,1,1,1,0,0
0.00206116,0,0,1,1,1,1,1,0,1,1,0,1,1,1,0,0
0.00206118,0,0,1,1,1,0,1,0,1,1,0,1,1,1,0,0
0.00206122,0,0,0,1,1,0,1,0,1,1,0,1,1,1,0,0
0.00206124,0,0,1,1,1,0,1,0,1,1,0,1,1,1,0,0
0.00206126,0,0,0,1,1,0,1,0,1,1,0,1,1,1,0,0
0.00206132,0,0,1,1,1,0,1,0,1,1,0,1,1,1,0,0
0.00206134,0,0,0,1,1,0,1,0,1,1,0,1,1,1,0,0
0.00206144,0,0,0,0,1,0,1,0,1,1,0,1,1,1,0,0
0.00206146,0,0,0,1,1,0,1,0,1,1,0,1,1,1,0,0
0.00206148,0,0,0,0,1,0,1,0,1,1,0,1,1,1,0,0
0.0020617,1,1,1,1,1,0,1,0,1,1,0,1,1,1,0,0
0.00206172,1,1,1,1,1,1,1,1,1,1,0,1,1,1,0,0
0.00206178,0,0,0,0,0,0,0,1,1,1,0,1,1,1,0,0
0.00206182,1,1,1,1,0,1,0,1,1,1,0,1,1,1,0,0
0.00206184,1,1,1,1,0,1,1,1,1,1,0,1,1,1,0,0
0.00206186,1,0,1,1,0,1,0,1,1,1,0,1,1,1,0,0
0.00206188,0,0,0,0,0,0,0,1,1,1,0,1,1,1,0,0
0.0020619,1,0,1,1,0,1,0,1,1,1,0,1,1,1,0,0
0.00206192,1,1,1,1,0,1,0,1,1,1,0,1,1,1,0,0
0.00206194,0,0,1,1,0,0,0,1,1,1,0,1,1,1,0,0
0.00206196,0,0,0,1,0,0,0,1,1,1,0,1,1,1,0,0
0.00206198,0,0,1,1,0,0,0,1,1,1,0,1,1,1,0,0
0.002062,1,0,1,1,0,1,0,1,1,1,0,1,1,1,0,0
0.00206202,0,0,1,1,0,0,0,1,1,1,0,1,1,1,0,0
0.00206226,0,0,0,0,0,0,0,1,1,1,0,1,1,1,0,0
0.00206228,0,0,1,1,0,0,0,1,1,1,0,1,1,1,0,0
0.0020623,0,0,0,0,0,0,0,1,1,1,0,1,1,1,0,0
0.00206268,1,0,0,0,0,0,0,1,1,1,0,1,1,1,0,0
0.0020627,0,1,1,1,0,1,0,1,1,1,0,1,1,1,0,0
0.00206272,1,1,1,1,1,1,1,1,1,1,0,1,1,1,0,0
0.00206274,1,1,1,1,1,1,1,0,1,1,0,1,1,1,0,0
0.00206276,0,0,0,0,1,0,1,0,1,1,0,1,1,1,0,0
0.00206278,1,1,1,1,1,1,1,0,1,1,0,1,1,1,0,0
0.00206284,0,0,0,0,1,0,1,0,1,1,0,1,1,1,0,0
0.00206286,1,1,1,1,1,1,1,0,1,1,0,1,1,1,0,0
0.00206292,0,0,1,1,1,0,1,0,1,1,0,1,1,1,0,0
0.00206294,1,1,1,1,1,1,1,0,1,1,0,1,1,1,0,0
0.00206298,0,0,1,1,1,1,1,0,1,1,0,1,1,1,0,0
0.002063,1,0,1,1,1,1,1,0,1,1,0,1,1,1,0,0
0.00206308,0,0,1,1,1,0,1,0,1,1,0,1,1,1,0,0
0.0020631,0,0,1,1,1,1,1,0,1,1,0,1,1,1,0,0
0.00206314,0,0,1,1,1,0,1,0,1,1,0,1,1,1,0,0
0.00206322,0,0,1,1,1,1,1,0,1,1,0,1,1,1,0,0
0.00206324,0,0,1,1,1,0,1,0,1,1,0,1,1,1,0,0
0.00206326,0,0,1,0,1,0,1,0,1,1,0,1,1,1,0,0
0.00206328,0,0,1,1,1,0,1,0,1,1,0,1,1,1,0,0
0.0020633,0,0,1,0,1,0,1,0,1,1,0,1,1,1,0,0
0.0020634,0,0,0,0,1,0,1,0,1,1,0,1,1,1,0,0
0.00206342,0,0,1,0,1,0,1,0,1,1,0,1,1,1,0,0
0.00206344,0,0,0,0,1,0,1,0,1,1,0,1,1,1,0,0
0.00206364,0,0,1,1,1,0,1,0,1,1,0,1,1,1,0,0
0.00206366,1,1,1,1,1,1,1,0,1,1,0,1,1,1,0,0
0.00206368,0,0,1,0,1,0,1,0,1,1,0,1,1,1,0,0
0.0020637,0,0,0,0,1,0,1,0,1,1,0,1,1,1,0,0
0.00206372,1,0,0,0,1,0,1,0,1,1,0,1,1,1,0,0
0.00206374,1,1,1,1,1,1,1,0,1,1,0,1,1,1,0,0
0.00206376,1,0,1,1,1,1,1,0,1,1,0,1,1,1,0,0
0.00206378,1,0,0,0,1,0,1,0,1,1,0,1,1,1,0,0
0.00206382,1,0,1,0,1,0,1,0,1,1,0,1,1,1,0,0
0.00206384,1,0,0,0,1,0,1,0,1,1,0,1,1,1,0,0
0.00206466,1,1,1,1,1,1,1,1,1,1,0,1,1,1,0,0
0.0020647,1,1,1,1,0,1,1,1,1,1,0,1,1,1,0,0
0.00206472,0,0,0,0,0,0,0,1,1,1,0,1,1,1,0,0
0.00206474,0,1,1,1,0,1,0,1,1,1,0,1,1,1,0,0
0.00206476,1,1,1,1,0,1,1,1,1,1,0,1,1,1,0,0
0.00206478,1,1,1,1,0,1,0,1,1,1,0,1,1,1,0,0
0.0020648,0,0,0,0,0,0,0,1,1,1,0,1,1,1,0,0
0.00206482,0,0,1,1,0,1,0,1,1,1,0,1,1,1,0,0
0.00206484,1,1,1,1,0,1,0,1,1,1,0,1,1,1,0,0
0.00206488,0,0,1,1,0,1,0,1,1,1,0,1,1,1,0,0
0.0020649,0,1,1,1,0,1,0,1,1,1,0,1,1,1,0,0
0.00206496,0,0,1,1,0,1,0,1,1,1,0,1,1,1,0,0
0.00206506,0,1,1,1,0,1,0,1,1,1,0,1,1,1,0,0
0.00206508,0,0,1,1,0,1,0,1,1,1,0,1,1,1,0,0
0.0020653,0,0,1,1,0,0,0,1,1,1,0,1,1,1,0,0
0.00206542,0,0,1,0,0,0,0,1,1,1,0,1,1,1,0,0
0.00206544,0,0,1,1,0,0,0,1,1,1,0,1,1,1,0,0
0.00206546,0,0,1,0,0,0,0,1,1,1,0,1,1,1,0,0
0.00206552,0,0,1,1,0,0,0,1,1,1,0,1,1,1,0,0
0.00206554,0,0,1,0,0,0,0,1,1,1,0,1,1,1,0,0
0.0020656,0,1,0,0,0,0,0,1,1,1,0,1,1,1,0,0
0.00206562,1,1,1,1,1,1,1,1,1,1,0,1,1,1,0,0
0.00206568,0,1,1,0,0,1,1,1,1,1,0,1,1,1,0,0
0.0020657,0,1,0,0,0,0,0,0,1,1,0,1,1,1,0,0
0.00206574,1,1,1,1,1,1,1,0,1,1,0,1,1,1,0,0
0.00206576,1,1,1,1,0,1,0,0,1,1,0,1,1,1,0,0
0.00206578,0,1,0,0,0,0,0,0,1,1,0,1,1,1,0,0
0.00206582,0,1,1,1,0,1,0,0,1,1,0,1,1,1,0,0
0.00206584,0,1,1,0,0,0,0,0,1,1,0,1,1,1,0,0
0.00206586,0,1,0,0,0,0,0,0,1,1,0,1,1,1,0,0
0.00206588,0,1,1,0,0,0,0,0,1,1,0,1,1,1,0,0
0.00206602,0,1,0,0,0,0,0,0,1,1,0,1,1,1,0,0
0.00206604,0,1,1,0,0,0,0,0,1,1,0,1,1,1,0,0
0.0020661,0,1,0,0,0,0,0,0,1,1,0,1,1,1,0,0
0.0020666,1,1,1,1,1,1,1,1,1,1,0,1,1,1,0,0
0.00206664,0,1,1,0,0,0,0,0,1,1,0,1,1,1,0,0
0.00206666,0,1,0,0,0,0,0,0,1,1,0,1,1,1,0,0
0.0020667,1,1,1,1,0,1,0,0,1,1,0,1,1,1,0,0
0.00206672,0,1,0,0,0,0,0,0,1,1,0,1,1,1,0,0
0.0020676,0,0,0,0,1,0,1,0,1,1,0,1,1,1,0,0
0.00206856,1,1,1,1,1,1,1,0,1,1,0,1,1,1,0,0
0.00206858,1,1,1,1,1,1,1,1,1,1,0,1,1,1,0,0
0.00206956,0,1,0,0,1,0,0,0,1,1,0,1,1,1,0,0
0.0020696,0,1,0,1,1,0,1,0,1,1,0,1,1,1,0,0
0.00206962,0,1,0,0,1,0,0,0,1,1,0,1,1,1,0,0
0.00206996,0,1,0,0,1,0,0,0,0,1,0,0,1,0,0,0
0.00207054,0,1,0,0,0,0,0,0,0,1,0,0,1,0,0,0
0.00207148,0,1,1,0,0,0,1,0,0,1,0,0,1,0,0,0
0.0020715,1,1,1,1,1,0,1,1,0,1,0,0,1,0,0,0
0.00207152,1,1,1,1,1,1,1,1,0,1,0,0,1,0,0,0
0.00207154,1,0,1,0,1,1,1,1,0,1,0,0,1,0,0,0
0.00207156,1,0,0,0,1,0,0,0,0,1,0,0,1,0,0,0
0.0020716,1,0,1,1,1,1,1,0,0,1,0,0,1,0,0,0
0.00207162,1,0,0,0,1,0,0,0,0,1,0,0,1,0,0,0
0.00207192,1,0,0,0,1,0,0,0,0,0,0,0,1,0,0,0
0.00207194,1,0,0,0,1,0,0,0,1,0,0,0,1,0,0,0
0.00207244,1,1,0,0,1,0,0,0,1,0,0,0,1,0,0,0
0.00207246,1,1,1,0,1,0,0,0,1,0,0,0,1,0,0,0
0.00207248,1,1,1,1,1,0,1,1,1,0,0,0,1,0,0,0
0.0020725,1,1,1,1,1,1,1,1,1,0,0,0,1,0,0,0
0.00207252,0,1,0,0,0,0,0,0,1,0,0,0,1,0,0,0
0.00207256,0,1,1,0,0,0,1,0,1,0,0,0,1,0,0,0
0.00207258,0,1,0,0,0,0,0,0,1,0,0,0,1,0,0,0
0.00207346,1,1,1,1,1,1,1,1,1,0,0,0,1,0,0,0
0.0020735,0,1,0,0,0,0,1,0,1,0,0,0,1,0,0,0
0.00207354,1,1,1,1,0,1,1,0,1,0,0,0,1,0,0,0
0.00207358,0,1,0,0,0,0,1,0,1,0,0,0,1,0,0,0
0.00207362,0,1,1,0,0,0,1,0,1,0,0,0,1,0,0,0
0.00207364,0,1,0,0,0,0,1,0,1,0,0,0,1,0,0,0
0.00207388,0,1,0,0,0,0,1,0,0,1,0,0,0,0,1,0
0.00207394,0,1,0,0,0,0,1,0,0,0,0,0,0,0,0,0
0.00207396,0,1,0,0,0,0,1,0,0,1,0,0,0,0,1,0
0.0020744,1,0,1,1,0,0,0,0,0,1,0,0,0,0,1,0
0.00207442,0,0,0,0,0,1,1,1,0,1,0,0,0,0,1,0
0.00207444,1,0,1,1,0,0,0,0,0,1,0,0,0,0,1,0
0.00207446,0,0,0,0,0,0,0,0,0,1,0,0,0,0,1,0
0.00207484,0,1,0,1,0,0,0,0,0,1,0,0,0,0,1,0
0.00207486,0,1,1,1,1,0,0,0,0,1,0,0,0,0,1,0
0.00207488,1,1,1,1,1,1,0,0,0,1,0,0,0,0,1,0
0.0020749,0,1,1,1,1,0,0,0,0,1,0,0,0,0,1,0
0.00207532,0,0,1,1,1,0,0,0,0,1,0,0,0,0,1,0
0.00207536,1,0,1,1,1,1,0,0,0,1,0,0,0,0,1,0
0.00207538,0,0,1,1,1,0,0,0,0,1,0,0,0,0,1,0
0.00207542,1,1,1,1,1,1,1,1,0,1,0,0,0,0,1,0
0.00207544,0,1,1,0,1,0,0,0,0,1,0,0,0,0,1,0
0.00207546,0,0,1,0,1,0,0,0,0,1,0,0,0,0,1,0
0.00207582,0,0,1,0,1,0,0,0,0,0,0,0,0,0,0,0
0.00207584,0,0,1,0,1,0,0,0,0,0,1,0,1,0,0,0
0.0020759,0,0,1,0,1,0,0,0,0,0,0,0,1,0,0,0
0.00207592,0,0,1,1,1,0,0,0,0,0,1,1,1,0,0,0
0.00207594,1,0,1,0,1,1,1,1,0,0,1,0,1,0,0,0
0.00207596,0,0,1,0,1,0,0,0,0,0,1,0,1,0,0,0
0.00207636,1,1,1,0,1,0,0,0,0,0,1,0,1,0,0,0
0.00207638,1,1,1,1,1,0,1,1,0,0,1,0,1,0,0,0
0.0020764,1,1,1,1,1,1,1,1,0,0,1,0,1,0,0,0
0.00207642,1,1,1,1,0,1,1,0,0,0,1,0,1,0,0,0
0.00207644,0,1,0,1,0,0,1,0,0,0,1,0,1,0,0,0
0.00207648,1,1,1,1,0,1,1,0,0,0,1,0,1,0,0,0
0.0020765,0,1,0,1,0,0,1,0,0,0,1,0,1,0,0,0
0.00207734,1,1,1,1,0,0,1,0,0,0,1,0,1,0,0,0
0.00207736,1,1,1,1,1,0,1,1,0,0,1,0,1,0,0,0
0.00207738,1,1,1,1,1,1,1,1,0,0,1,0,1,0,0,0
0.0020774,1,1,0,1,0,0,0,0,0,0,1,0,1,0,0,0
0.00207744,1,1,1,1,0,1,0,0,0,0,1,0,1,0,0,0
0.00207746,1,1,0,1,0,0,0,0,0,0,1,0,1,0,0,0
0.0020783,1,1,1,1,0,0,0,0,0,0,1,0,1,0,0,0
0.00207832,1,1,1,1,1,1,1,1,0,0,1,0,1,0,0,0
0.00207838,1,1,1,0,0,0,0,1,0,0,1,0,1,0,0,0
0.00207876,1,1,1,0,0,0,0,1,1,1,1,0,0,0,0,1
0.0020793,1,1,1,1,0,0,0,1,1,1,1,0,0,0,0,1
0.00207932,1,1,1,1,1,0,0,1,1,1,1,0,0,0,0,1
0.00207934,0,1,1,1,0,1,1,1,1,1,1,0,0,0,0,1
0.00207936,0,1,0,1,0,0,1,0,1,1,1,0,0,0,0,1
0.00208028,1,1,0,1,0,0,1,0,1,1,1,0,0,0,0,1
0.0020803,1,1,0,1,0,0,0,0,1,1,1,0,0,0,0,1
0.00208032,1,1,1,1,1,1,1,1,1,1,1,0,0,0,0,1
0.00208036,0,1,0,0,0,1,0,0,1,1,1,0,0,0,0,1
0.00208042,1,1,1,1,0,1,0,0,1,1,1,0,0,0,0,1
0.00208044,0,1,0,0,0,1,0,0,1,1,1,0,0,0,0,1
0.0020807,0,1,0,0,0,1,0,0,0,1,0,0,0,0,0,0
0.00208072,0,1,0,0,0,1,0,0,0,1,0,0,0,1,0,0
0.00208124,1,1,1,1,0,1,0,0,0,1,0,0,0,1,0,0
0.00208126,1,1,1,1,1,1,1,1,0,1,0,0,0,1,0,0
0.00208132,0,0,0,0,1,0,1,0,0,1,0,0,0,1,0,0
0.00208136,1,0,1,1,1,1,1,0,0,1,0,0,0,1,0,0
0.00208138,0,0,1,1,1,0,1,0,0,1,0,0,0,1,0,0
0.0020814,0,0,0,0,1,0,1,0,0,1,0,0,0,1,0,0
0.00208222,1,1,1,1,1,0,1,1,0,1,0,0,0,1,0,0
0.00208224,1,1,1,1,1,1,1,1,0,1,0,0,0,1,0,0
0.00208226,0,0,0,0,0,1,0,1,0,1,0,0,0,1,0,0
0.00208228,0,0,0,0,0,0,0,1,0,1,0,0,0,1,0,0
0.00208232,1,1,1,1,0,1,1,1,0,1,0,0,0,1,0,0
0.00208234,0,0,1,1,0,1,0,1,0,1,0,0,0,1,0,0
0.00208236,0,0,0,0,0,0,0,1,0,1,0,0,0,1,0,0
0.0020824,0,0,1,0,0,1,0,1,0,1,0,0,0,1,0,0
0.00208242,0,0,0,0,0,0,0,1,0,1,0,0,0,1,0,0
0.00208318,0,1,0,1,0,0,0,1,0,1,0,0,0,1,0,0
0.0020832,0,1,1,1,1,1,1,0,0,1,0,0,0,1,0,0
0.00208322,0,1,1,1,0,0,1,0,0,1,0,0,0,1,0,0
0.00208324,0,1,0,1,0,0,1,0,0,1,0,0,0,1,0,0
0.00208422,1,1,1,1,1,1,1,0,0,1,0,0,0,1,0,0
0.00208424,1,1,1,1,1,1,1,1,0,1,0,0,0,1,0,0
0.00208428,1,0,0,1,0,1,0,1,0,1,0,0,0,1,0,0
0.0020843,0,0,0,1,0,0,0,1,0,1,0,0,0,1,0,0
0.00208434,1,0,1,1,0,1,0,1,0,1,0,0,0,1,0,0
0.00208436,0,0,0,1,0,0,0,1,0,1,0,0,0,1,0,0
0.00208462,0,0,0,1,0,0,0,1,0,0,0,1,0,0,0,1
0.00208514,0,1,0,1,0,0,0,1,0,0,0,1,0,0,0,1
0.00208516,1,0,1,1,1,1,1,1,0,0,0,1,0,0,0,1
0.00208518,1,1,1,1,1,1,1,1,0,0,0,1,0,0,0,1
0.0020852,1,1,1,1,1,1,1,0,0,0,0,1,0,0,0,1
0.00208522,1,1,0,1,0,0,0,0,0,0,0,1,0,0,0,1
0.00208524,1,1,1,1,0,0,0,0,0,0,0,1,0,0,0,1
0.00208526,1,1,1,1,0,1,1,0,0,0,0,1,0,0,0,1
0.00208528,1,1,0,1,0,0,0,0,0,0,0,1,0,0,0,1
0.00208618,1,1,1,1,0,1,0,0,0,0,0,1,0,0,0,1
0.0020862,0,1,1,0,1,1,1,1,0,0,0,1,0,0,0,1
0.00208622,0,1,0,0,0,1,0,0,0,0,0,1,0,0,0,1
0.00208656,0,1,0,0,0,1,0,0,0,0,0,0,0,0,0,0
0.00208658,0,1,0,0,0,1,0,0,0,1,0,0,0,1,0,0
0.00208712,1,1,1,1,1,1,1,1,0,1,0,0,0,1,0,0
0.00208718,1,0,0,0,1,0,1,0,0,1,0,0,0,1,0,0
0.00208722,1,1,1,1,1,1,1,1,0,1,0,0,0,1,0,0
0.00208724,1,0,0,0,1,0,1,0,0,1,0,0,0,1,0,0
0.00208808,1,1,1,1,1,0,1,1,0,1,0,0,0,1,0,0
0.0020881,1,1,1,1,1,1,1,1,0,1,0,0,0,1,0,0
0.00208812,1,0,0,0,0,0,0,1,0,1,0,0,0,1,0,0
0.00208814,0,0,0,0,0,0,0,1,0,1,0,0,0,1,0,0
0.00208818,0,1,1,1,0,1,0,1,0,1,0,0,0,1,0,0
0.0020882,0,0,0,0,0,0,0,1,0,1,0,0,0,1,0,0
0.00208904,1,1,0,0,0,0,0,1,0,1,0,0,0,1,0,0
0.00208906,1,1,1,1,1,0,0,0,0,1,0,0,0,1,0,0
0.00208908,1,1,0,1,0,0,0,0,0,1,0,0,0,1,0,0
0.00209008,1,1,1,1,1,1,0,1,0,1,0,0,0,1,0,0
0.0020901,1,1,1,1,1,1,1,1,0,1,0,0,0,1,0,0
0.00209014,0,0,1,1,1,0,0,0,0,1,0,0,0,1,0,0
0.00209016,0,0,1,0,1,0,0,0,0,1,0,0,0,1,0,0
0.00209046,0,0,1,0,1,0,0,0,0,0,0,0,0,1,0,0
0.00209048,0,0,1,0,1,0,0,0,0,0,1,0,1,0,0,0
0.00209102,1,1,1,1,1,1,1,1,0,0,1,0,1,0,0,0
0.00209204,1,1,1,1,0,1,1,1,0,0,1,0,1,0,0,0
0.00209206,0,0,0,0,0,0,0,1,0,0,1,0,1,0,0,0
0.0020921,1,1,1,1,0,0,0,1,0,0,1,0,1,0,0,0
0.00209212,0,0,1,1,0,0,0,1,0,0,1,0,1,0,0,0
0.00209214,0,0,0,0,0,0,0,1,0,0,1,0,1,0,0,0
0.00209294,1,0,0,0,0,0,0,1,0,0,1,0,1,0,0,0
0.00209296,1,1,1,1,0,0,0,1,0,0,1,0,1,0,0,0
0.00209298,1,1,1,1,1,1,1,1,0,0,1,0,1,0,0,0
0.00209302,1,1,0,1,1,1,0,0,0,0,1,0,1,0,0,0
0.00209306,1,1,1,1,1,1,1,0,0,0,1,0,1,0,0,0
0.00209308,1,1,0,1,1,1,0,0,0,0,1,0,1,0,0,0
0.0020934,1,1,0,1,1,1,0,0,0,1,0,0,1,1,0,0
0.00209342,1,1,0,1,1,1,0,0,1,1,0,1,1,1,0,0
0.00209394,1,1,1,1,1,1,1,0,1,1,0,1,1,1,0,0
0.00209396,1,1,1,1,1,1,1,1,1,1,0,1,1,1,0,0
0.002094,0,0,0,0,1,0,1,0,1,1,0,1,1,1,0,0
0.00209404,0,0,1,1,1,1,1,0,1,1,0,1,1,1,0,0
0.00209406,1,1,1,1,1,1,1,0,1,1,0,1,1,1,0,0
0.00209408,0,0,1,1,1,0,1,0,1,1,0,1,1,1,0,0
0.0020941,0,0,0,0,1,0,1,0,1,1,0,1,1,1,0,0
0.00209412,0,0,1,1,1,0,1,0,1,1,0,1,1,1,0,0
0.00209416,0,0,1,0,1,0,1,0,1,1,0,1,1,1,0,0
0.00209418,0,0,0,0,1,0,1,0,1,1,0,1,1,1,0,0
0.0020942,0,0,1,1,1,0,1,0,1,1,0,1,1,1,0,0
0.00209424,0,0,1,0,1,0,1,0,1,1,0,1,1,1,0,0
0.00209428,0,0,0,0,1,0,1,0,1,1,0,1,1,1,0,0
0.0020943,0,0,1,1,1,0,1,0,1,1,0,1,1,1,0,0
0.00209432,0,0,0,0,1,0,1,0,1,1,0,1,1,1,0,0
0.00209438,0,0,1,1,1,0,1,0,1,1,0,1,1,1,0,0
0.0020944,0,0,0,0,1,0,1,0,1,1,0,1,1,1,0,0
0.0020949,1,1,1,1,1,0,1,0,1,1,0,1,1,1,0,0
0.00209492,1,1,1,1,1,1,1,1,1,1,0,1,1,1,0,0
0.00209496,1,1,1,1,0,1,1,1,1,1,0,1,1,1,0,0
0.00209498,0,0,0,0,0,0,0,1,1,1,0,1,1,1,0,0
0.00209502,1,1,1,1,0,1,0,1,1,1,0,1,1,1,0,0
0.00209506,0,0,0,0,0,0,0,1,1,1,0,1,1,1,0,0
0.00209508,0,0,1,1,0,0,0,1,1,1,0,1,1,1,0,0
0.0020951,1,1,1,1,0,1,0,1,1,1,0,1,1,1,0,0
0.00209514,0,0,1,1,0,0,0,1,1,1,0,1,1,1,0,0
0.00209518,1,0,1,1,0,0,0,1,1,1,0,1,1,1,0,0
0.00209522,0,0,1,1,0,0,0,1,1,1,0,1,1,1,0,0
0.00209554,0,0,0,0,0,0,0,1,1,1,0,1,1,1,0,0
0.00209556,0,0,1,1,0,0,0,1,1,1,0,1,1,1,0,0
0.00209558,0,0,0,0,0,0,0,1,1,1,0,1,1,1,0,0
0.00209588,1,1,1,1,0,0,0,1,1,1,0,1,1,1,0,0
0.0020959,1,0,1,1,1,1,1,1,1,1,0,1,1,1,0,0
0.00209592,1,1,1,1,1,1,1,1,1,1,0,1,1,1,0,0
0.00209596,0,1,0,1,0,0,1,0,1,1,0,1,1,1,0,0
0.002096,1,1,1,1,1,1,1,1,1,1,0,1,1,1,0,0
0.00209602,1,1,1,1,0,1,1,0,1,1,0,1,1,1,0,0
0.00209604,0,1,0,1,0,0,1,0,1,1,0,1,1,1,0,0
0.00209606,1,1,1,1,0,0,1,0,1,1,0,1,1,1,0,0
0.00209608,1,1,1,1,0,1,1,0,1,1,0,1,1,1,0,0
0.0020961,1,1,1,1,0,0,1,0,1,1,0,1,1,1,0,0
0.00209612,0,1,1,1,0,0,1,0,1,1,0,1,1,1,0,0
0.00209614,1,1,1,1,0,0,1,0,1,1,0,1,1,1,0,0
0.00209622,0,1,1,1,0,0,1,0,1,1,0,1,1,1,0,0
0.00209624,1,1,1,1,0,0,1,0,1,1,0,1,1,1,0,0
0.00209626,0,1,1,1,0,0,1,0,1,1,0,1,1,1,0,0
0.00209628,0,1,0,1,0,0,1,0,1,1,0,1,1,1,0,0
0.0020963,0,1,1,1,0,0,1,0,1,1,0,1,1,1,0,0
0.00209632,1,1,1,1,0,0,1,0,1,1,0,1,1,1,0,0
0.00209634,0,1,1,1,0,0,1,0,1,1,0,1,1,1,0,0
0.00209636,0,1,0,1,0,0,1,0,1,1,0,1,1,1,0,0
0.00209638,0,1,1,1,0,0,1,0,1,1,0,1,1,1,0,0
0.0020964,0,1,0,1,0,0,1,0,1,1,0,1,1,1,0,0
0.00209646,0,1,1,1,0,0,1,0,1,1,0,1,1,1,0,0
0.00209648,0,1,0,1,0,0,1,0,1,1,0,1,1,1,0,0
0.00209684,0,1,1,1,0,0,1,0,1,1,0,1,1,1,0,0
0.00209686,1,1,1,1,0,1,1,0,1,1,0,1,1,1,0,0
0.00209688,0,1,0,1,0,0,1,0,1,1,0,1,1,1,0,0
0.00209692,1,1,1,1,1,0,1,0,1,1,0,1,1,1,0,0
0.00209694,1,1,1,0,1,1,1,1,1,1,0,1,1,1,0,0
0.00209696,1,1,1,0,1,0,1,0,1,1,0,1,1,1,0,0
0.00209698,1,0,0,0,1,0,1,0,1,1,0,1,1,1,0,0
0.00209702,1,0,1,1,1,1,1,1,1,1,0,1,1,1,0,0
0.00209704,1,0,0,0,1,0,1,0,1,1,0,1,1,1,0,0
0.00209784,1,1,0,0,1,0,1,0,1,1,0,1,1,1,0,0
0.00209786,1,1,1,1,1,0,1,1,1,1,0,1,1,1,0,0
0.00209788,1,1,1,1,1,1,1,1,1,1,0,1,1,1,0,0
0.0020979,0,0,0,0,0,0,0,1,1,1,0,1,1,1,0,0
0.00209794,1,0,1,1,0,1,0,1,1,1,0,1,1,1,0,0
0.00209798,0,0,0,0,0,0,0,1,1,1,0,1,1,1,0,0
0.0020988,1,1,1,1,0,0,0,1,1,1,0,1,1,1,0,0
0.00209882,1,1,1,1,1,1,1,1,1,1,0,1,1,1,0,0
0.00209888,1,1,0,1,0,0,0,0,1,1,0,1,1,1,0,0
0.00209892,1,1,1,1,0,1,0,0,1,1,0,1,1,1,0,0
0.00209894,1,1,1,1,0,1,1,0,1,1,0,1,1,1,0,0
0.00209896,1,1,0,1,0,0,0,0,1,1,0,1,1,1,0,0
0.0020998,1,1,1,1,0,1,1,0,1,1,0,1,1,1,0,0
0.00209982,1,1,1,1,1,1,1,1,1,1,0,1,1,1,0,0
0.00209984,1,1,0,1,0,0,0,0,1,1,0,1,1,1,0,0
0.0021008,0,1,0,1,0,1,1,0,1,1,0,1,1,1,0,0
0.00210082,0,1,0,1,0,0,1,0,1,1,0,1,1,1,0,0
0.00210176,0,1,1,1,0,1,1,0,1,1,0,1,1,1,0,0
0.00210178,1,1,1,1,1,1,1,1,1,1,0,1,1,1,0,0
0.00210274,1,1,1,1,1,0,0,0,1,1,0,1,1,1,0,0
0.00210276,0,0,0,1,1,0,1,0,1,1,0,1,1,1,0,0
0.00210278,1,1,1,1,1,1,1,0,1,1,0,1,1,1,0,0
0.0021028,1,1,1,1,1,1,1,1,1,1,0,1,1,1,0,0
0.00210282,1,1,1,1,1,1,1,0,1,1,0,1,1,1,0,0
0.00210284,0,0,1,0,1,0,0,0,1,1,0,1,1,1,0,0
0.00210316,0,0,1,0,1,0,0,0,0,0,0,0,1,0,0,0
0.00210318,0,0,1,0,1,0,0,0,0,0,1,0,1,0,0,0
0.0021037,0,1,1,0,1,0,0,0,0,0,1,0,1,0,0,0
0.00210372,1,1,1,1,1,1,1,1,0,0,1,0,1,0,0,0
0.00210474,0,0,0,0,0,0,0,1,0,0,1,0,1,0,0,0
0.0021048,1,1,1,1,0,0,0,1,0,0,1,0,1,0,0,0
0.00210482,0,0,0,0,0,0,0,1,0,0,1,0,1,0,0,0
0.00210564,1,1,1,0,0,0,0,1,0,0,1,0,1,0,0,0
0.00210566,1,1,1,1,1,1,0,1,0,0,1,0,1,0,0,0
0.00210568,1,1,1,1,1,1,1,1,0,0,1,0,1,0,0,0
0.0021057,1,1,1,1,1,1,1,0,0,0,1,0,1,0,0,0
0.00210572,0,1,0,0,1,0,0,0,0,0,1,0,1,0,0,0
0.00210574,1,1,1,1,1,0,0,0,0,0,1,0,1,0,0,0
0.00210576,1,1,1,1,1,1,1,0,0,0,1,0,1,0,0,0
0.00210578,1,1,1,1,1,0,0,0,0,0,1,0,1,0,0,0
0.0021058,0,1,0,0,1,0,0,0,0,0,1,0,1,0,0,0
0.00210582,1,1,1,1,1,0,0,0,0,0,1,0,1,0,0,0
0.00210588,0,1,0,0,1,0,0,0,0,0,1,0,1,0,0,0
0.0021059,1,1,1,1,1,0,0,0,0,0,1,0,1,0,0,0
0.00210594,0,1,1,1,1,0,0,0,0,0,1,0,1,0,0,0
0.00210602,0,1,1,0,1,0,0,0,0,0,1,0,1,0,0,0
0.00210604,0,1,0,0,1,0,0,0,0,0,1,0,1,0,0,0
0.00210606,0,1,1,0,1,0,0,0,0,0,1,0,1,0,0,0
0.00210608,0,1,1,1,1,0,0,0,0,0,1,0,1,0,0,0
0.0021061,0,1,1,0,1,0,0,0,0,1,0,0,1,0,0,0
0.00210612,0,1,0,0,1,0,0,0,0,1,0,0,1,0,0,0
0.00210614,0,1,1,1,1,0,0,0,0,1,0,0,1,0,0,0
0.00210616,1,1,1,1,1,0,0,0,0,0,0,0,0,0,0,0
0.00210618,0,1,0,0,1,0,0,0,0,1,0,0,1,0,0,0
0.00210622,0,1,1,1,1,0,0,0,0,1,0,0,1,0,0,0
0.00210624,0,1,0,0,1,0,0,0,0,1,0,0,1,0,0,0
0.00210664,1,1,1,1,1,1,1,1,0,1,0,0,1,0,0,0
0.0021067,0,0,0,0,0,1,0,0,0,1,0,0,1,0,0,0
0.00210674,1,1,1,1,0,1,1,0,0,1,0,0,1,0,0,0
0.00210678,0,0,1,1,0,1,0,0,0,1,0,0,1,0,0,0
0.00210682,1,0,1,1,0,1,1,0,0,1,0,0,1,0,0,0
0.00210686,1,0,1,1,0,1,0,0,0,1,0,0,1,0,0,0
0.0021073,0,0,1,1,0,1,0,0,0,1,0,0,1,0,0,0
0.00210732,1,0,1,1,0,1,0,0,0,1,0,0,1,0,0,0
0.00210734,0,0,1,1,0,1,0,0,0,1,0,0,1,0,0,0
0.00210736,1,0,1,1,0,1,0,0,0,1,0,0,1,0,0,0
0.00210738,0,0,1,1,0,1,0,0,0,1,0,0,1,0,0,0
0.0021075,1,0,1,1,0,1,0,0,0,1,0,0,1,0,0,0
0.00210752,0,0,1,0,0,1,0,0,0,1,0,0,1,0,0,0
0.00210754,0,0,1,1,0,1,0,0,0,1,0,0,1,0,0,0
0.00210756,0,0,1,0,0,1,0,0,0,1,0,0,1,0,0,0
0.0021076,1,1,1,1,0,1,0,0,0,1,0,0,1,0,0,0
0.00210762,1,1,1,1,1,1,1,1,0,1,0,0,1,0,0,0
0.00210766,1,0,0,0,1,0,1,0,0,1,0,0,1,0,0,0
0.00210768,1,0,0,0,1,0,0,0,0,1,0,0,1,0,0,0
0.0021077,1,1,1,1,1,1,1,1,0,1,0,0,1,0,0,0
0.00210774,1,0,1,1,1,0,0,0,0,1,0,0,1,0,0,0
0.00210776,1,0,0,0,1,0,0,0,0,1,0,0,1,0,0,0
0.00210778,1,1,1,1,1,0,0,0,0,1,0,0,1,0,0,0
0.00210782,1,0,1,1,1,0,0,0,0,1,0,0,1,0,0,0
0.00210784,1,0,1,0,1,0,0,0,0,1,0,0,1,0,0,0
0.00210786,1,0,1,1,1,0,0,0,0,1,0,0,1,0,0,0
0.002108,1,0,1,0,1,0,0,0,0,1,0,0,1,0,0,0
0.00210802,1,0,1,1,1,0,0,0,0,1,0,0,1,0,0,0
0.00210804,1,0,1,1,1,0,0,0,0,0,0,0,1,0,0,0
0.00210806,1,0,1,0,1,0,0,0,1,0,0,0,1,0,0,0
0.0021081,1,0,1,1,1,0,0,0,1,0,0,0,1,0,0,0
0.00210812,1,0,1,1,1,0,0,0,0,0,0,0,1,0,0,0
0.00210814,1,0,0,0,1,0,0,0,1,0,0,0,1,0,0,0
0.00210818,1,0,1,1,1,0,0,0,1,0,0,0,1,0,0,0
0.0021082,1,0,0,0,1,0,0,0,1,0,0,0,1,0,0,0
0.00210824,1,0,1,0,1,0,0,0,1,0,0,0,1,0,0,0
0.00210828,1,0,0,0,1,0,0,0,1,0,0,0,1,0,0,0
0.00210848,1,0,1,0,1,0,0,0,1,0,0,0,1,0,0,0
0.0021085,1,0,0,0,1,0,0,0,1,0,0,0,1,0,0,0
0.00210856,1,0,0,1,1,0,0,0,1,0,0,0,1,0,0,0
0.00210858,1,1,1,0,1,1,1,0,1,0,0,0,1,0,0,0
0.0021086,1,1,1,1,1,1,1,1,1,0,0,0,1,0,0,0
0.00210864,1,1,1,1,1,1,1,0,1,0,0,0,1,0,0,0
0.00210866,0,0,0,0,1,0,0,0,1,0,0,0,1,0,0,0
0.00210868,0,1,1,1,1,1,1,0,1,0,0,0,1,0,0,0
0.0021087,1,1,1,1,1,1,1,1,1,0,0,0,1,0,0,0
0.00210872,1,1,1,1,1,1,1,0,1,0,0,0,1,0,0,0
0.00210874,0,0,0,0,1,0,0,0,1,0,0,0,1,0,0,0
0.00210876,0,1,1,1,1,0,0,0,1,0,0,0,1,0,0,0
0.00210878,1,1,1,1,1,1,1,0,1,0,0,0,1,0,0,0
0.0021088,1,1,1,1,1,0,0,0,1,0,0,0,1,0,0,0
0.00210882,0,1,1,1,1,0,0,0,1,0,0,0,1,0,0,0
0.00210886,1,1,1,1,1,0,0,0,1,0,0,0,1,0,0,0
0.00210888,0,1,1,1,1,0,0,0,1,0,0,0,1,0,0,0
0.00210898,0,0,1,1,1,0,0,0,1,0,0,0,1,0,0,0
0.002109,0,1,1,1,1,0,0,0,1,0,0,0,1,0,0,0
0.00210902,0,0,1,1,1,0,0,0,1,0,0,0,1,0,0,0
0.00210904,1,1,1,1,1,0,0,0,1,0,0,0,1,0,0,0
0.00210906,0,0,1,1,1,0,0,0,1,0,0,0,1,0,0,0
0.00210912,0,1,1,1,1,0,0,0,1,0,0,0,1,0,0,0
0.00210914,0,0,1,1,1,0,0,0,1,0,0,0,1,0,0,0
0.00210954,1,0,0,1,1,0,0,0,1,0,0,0,1,0,0,0
0.00210956,1,1,1,1,1,1,1,1,1,0,0,0,1,0,0,0
0.00210958,1,1,1,1,1,1,1,0,1,0,0,0,1,0,0,0
0.0021096,1,1,1,1,1,1,1,1,1,0,0,0,1,0,0,0
0.00210962,1,0,0,1,0,0,1,0,1,0,0,0,1,0,0,0
0.00210966,1,1,1,1,0,1,1,1,1,0,0,0,1,0,0,0
0.00210968,1,1,1,1,0,0,1,0,1,0,0,0,1,0,0,0
0.0021097,1,0,0,1,0,0,1,0,1,0,0,0,1,0,0,0
0.00210974,1,0,1,1,0,0,1,0,1,0,0,0,1,0,0,0
0.00210978,1,0,0,1,0,0,1,0,1,0,0,0,1,0,0,0
0.0021098,1,0,1,1,0,0,1,0,1,0,0,0,1,0,0,0
0.00210984,1,0,0,1,0,0,1,0,1,0,0,0,1,0,0,0
0.00210988,1,0,1,1,0,0,1,0,1,0,0,0,1,0,0,0
0.0021099,1,0,0,1,0,0,1,0,1,0,0,0,1,0,0,0
0.00211,1,0,0,1,0,0,1,0,1,0,0,1,0,0,1,0
0.00211052,1,1,1,1,0,1,1,0,1,0,0,1,0,0,1,0
0.00211054,0,0,0,0,0,1,1,0,1,0,0,1,0,0,1,0
0.00211056,0,0,0,0,1,1,1,1,1,0,0,1,0,0,1,0
0.00211058,1,1,1,1,1,1,1,1,1,0,0,1,0,0,1,0
0.0021106,0,0,0,0,1,1,1,1,1,0,0,1,0,0,1,0
0.00211064,0,0,1,0,1,1,1,1,1,0,0,1,0,0,1,0
0.00211066,0,0,0,0,1,1,1,1,1,0,0,1,0,0,1,0
0.00211148,1,1,1,1,1,1,1,1,1,0,0,1,0,0,1,0
0.0021115,0,0,0,0,1,1,1,1,1,0,0,1,0,0,1,0
0.00211154,1,1,1,1,1,1,1,1,1,0,0,1,0,0,1,0
0.00211156,1,1,1,1,1,0,1,0,1,0,0,1,0,0,1,0
0.00211158,1,1,1,1,1,0,1,1,1,0,0,1,0,0,1,0
0.0021116,1,1,1,1,1,1,1,1,1,0,0,1,0,0,1,0
0.00211164,0,0,1,0,1,0,0,0,1,0,0,1,0,0,1,0
0.00211168,1,1,1,1,1,1,0,0,1,0,0,1,0,0,1,0
0.0021117,1,1,1,1,1,0,0,0,1,0,0,1,0,0,1,0
0.00211172,0,0,1,0,1,0,0,0,1,0,0,1,0,0,1,0
0.00211176,1,0,1,1,1,0,0,0,1,0,0,1,0,0,1,0
0.00211178,0,0,1,0,1,0,0,0,1,0,0,1,0,0,1,0
0.00211196,0,0,1,0,1,0,0,0,0,0,1,0,1,0,0,0
0.00211248,1,1,1,0,1,0,0,0,0,0,1,0,1,0,0,0
0.0021125,1,1,1,1,1,1,1,1,0,0,1,0,1,0,0,0
0.00211254,1,1,1,1,0,1,1,1,0,0,1,0,1,0,0,0
0.00211256,0,1,1,0,0,0,0,1,0,0,1,0,1,0,0,0
0.00211258,1,1,1,0,0,0,0,1,0,0,1,0,1,0,0,0
0.0021126,1,1,1,1,0,1,1,1,0,0,1,0,1,0,0,0
0.00211262,1,1,1,0,0,0,0,1,0,0,1,0,1,0,0,0
0.00211264,0,1,1,0,0,0,0,1,0,0,1,0,1,0,0,0
0.00211266,1,1,1,1,0,0,0,1,0,0,1,0,1,0,0,0
0.0021127,0,1,1,0,0,0,0,1,0,0,1,0,1,0,0,0
0.00211274,1,1,1,0,0,0,0,1,0,0,1,0,1,0,0,0
0.00211276,0,1,1,0,0,0,0,1,0,0,1,0,1,0,0,0
0.00211346,1,1,1,1,0,0,0,1,0,0,1,0,1,0,0,0
0.00211348,1,1,1,1,1,1,1,1,0,0,1,0,1,0,0,0
0.00211352,1,1,1,1,1,1,1,0,0,0,1,0,1,0,0,0
0.00211354,0,1,0,0,0,0,0,0,0,0,1,0,1,0,0,0
0.00211356,1,1,0,1,0,0,0,0,0,0,1,0,1,0,0,0
0.00211358,1,1,1,1,0,1,1,0,0,0,1,0,1,0,0,0
0.00211362,0,1,0,0,0,0,0,0,0,0,1,0,1,0,0,0
0.00211364,1,1,0,1,0,0,0,0,0,0,1,0,1,0,0,0
0.00211366,1,1,1,1,0,1,0,0,0,0,1,0,1,0,0,0
0.00211368,1,1,0,1,0,1,0,0,0,0,1,0,1,0,0,0
0.0021137,1,1,0,1,0,0,0,0,0,0,1,0,1,0,0,0
0.00211374,1,1,0,1,0,1,0,0,0,0,1,0,1,0,0,0
0.00211376,1,1,0,1,0,0,0,0,0,0,1,0,1,0,0,0
0.00211394,0,1,0,1,0,0,0,0,0,0,1,0,1,0,0,0
0.00211396,1,1,0,1,0,0,0,0,0,0,1,0,1,0,0,0
0.00211412,1,1,0,0,0,0,0,0,0,0,1,0,1,0,0,0
0.00211414,1,1,0,1,0,0,0,0,0,0,1,0,1,0,0,0
0.00211416,1,1,0,0,0,0,0,0,0,0,1,0,1,0,0,0
0.00211422,1,1,0,1,0,0,0,0,0,0,1,0,1,0,0,0
0.00211424,0,1,0,0,0,0,0,0,0,0,1,0,1,0,0,0
0.00211428,1,1,0,0,0,0,0,0,0,0,1,0,1,0,0,0
0.0021143,0,1,0,0,0,0,0,0,0,0,1,0,1,0,0,0
0.00211434,1,1,0,1,0,0,0,0,0,0,1,0,1,0,0,0
0.00211436,0,1,0,0,0,0,0,0,0,0,1,0,1,0,0,0
0.00211442,1,1,1,0,0,0,0,0,0,0,1,0,1,0,0,0
0.00211446,1,1,1,1,1,1,1,1,0,0,1,0,1,0,0,0
0.0021145,1,1,1,0,0,0,0,1,0,0,1,0,1,0,0,0
0.00211454,1,1,1,1,1,1,1,1,0,0,1,0,1,0,0,0
0.00211456,1,1,1,0,0,0,0,1,0,0,1,0,1,0,0,0
0.0021146,1,1,1,1,0,0,0,1,0,0,1,0,1,0,0,0
0.00211464,1,1,1,0,0,0,0,1,0,0,1,0,1,0,0,0
0.00211488,1,1,1,0,0,0,0,1,1,1,1,0,0,0,0,1
0.00211542,1,1,1,1,0,1,1,1,1,1,1,0,0,0,0,1
0.00211544,1,1,1,1,1,1,1,1,1,1,1,0,0,0,0,1
0.00211546,0,1,1,0,0,0,1,1,1,1,1,0,0,0,0,1
0.00211548,0,1,1,0,0,0,0,1,1,1,1,0,0,0,0,1
0.0021155,0,1,1,1,0,0,0,1,1,1,1,0,0,0,0,1
0.00211552,0,1,1,1,0,1,1,1,1,1,1,0,0,0,0,1
0.00211554,0,1,1,0,0,0,0,1,1,1,1,0,0,0,0,1
0.0021164,0,1,1,0,0,1,0,1,1,1,1,0,0,0,0,1
0.00211642,0,1,0,0,0,0,0,0,1,1,1,0,0,0,0,1
0.00211646,1,1,1,1,1,1,1,1,1,1,1,0,0,0,0,1
0.0021165,0,1,0,1,1,1,1,0,1,1,1,0,0,0,0,1
0.00211652,0,1,0,0,0,1,0,0,1,1,1,0,0,0,0,1
0.00211656,1,1,0,0,0,1,0,0,1,1,1,0,0,0,0,1
0.00211658,0,1,0,0,0,1,0,0,1,1,1,0,0,0,0,1
0.00211684,0,1,0,0,0,1,0,0,0,1,0,0,0,1,0,0
0.00211738,1,1,1,1,1,1,1,0,0,1,0,0,0,1,0,0
0.0021174,1,1,1,1,1,1,1,1,0,1,0,0,0,1,0,0
0.00211744,0,0,0,0,1,0,1,0,0,1,0,0,0,1,0,0
0.00211748,1,1,1,1,1,1,1,0,0,1,0,0,0,1,0,0
0.0021175,1,0,1,1,1,0,1,0,0,1,0,0,0,1,0,0
0.00211752,0,0,0,0,1,0,1,0,0,1,0,0,0,1,0,0
0.00211756,0,0,1,1,1,0,1,0,0,1,0,0,0,1,0,0
0.00211758,0,0,0,0,1,0,1,0,0,1,0,0,0,1,0,0
0.00211834,1,1,1,1,1,0,1,1,0,1,0,0,0,1,0,0
0.00211836,1,1,1,1,1,1,1,1,0,1,0,0,0,1,0,0
0.0021184,1,1,1,1,0,1,1,1,0,1,0,0,0,1,0,0
0.00211842,0,0,0,0,0,0,0,1,0,1,0,0,0,1,0,0
0.00211846,1,1,1,1,0,1,0,1,0,1,0,0,0,1,0,0
0.0021185,0,0,0,0,0,0,0,1,0,1,0,0,0,1,0,0
0.00211854,1,0,1,1,0,0,0,1,0,1,0,0,0,1,0,0
0.00211856,0,0,1,0,0,0,0,1,0,1,0,0,0,1,0,0
0.00211858,0,0,0,0,0,0,0,1,0,1,0,0,0,1,0,0
0.00211862,0,0,1,0,0,0,0,1,0,1,0,0,0,1,0,0
0.00211864,0,0,0,0,0,0,0,1,0,1,0,0,0,1,0,0
0.00211932,0,1,1,0,0,0,0,1,0,1,0,0,0,1,0,0
0.00211934,1,1,1,1,0,1,0,1,0,1,0,0,0,1,0,0
0.00211936,0,1,1,0,0,0,0,1,0,1,0,0,0,1,0,0
0.00212036,1,1,1,1,1,1,1,1,0,1,0,0,0,1,0,0
0.0021204,0,0,0,1,0,0,0,1,0,1,0,0,0,1,0,0
0.00212044,1,0,1,1,0,1,0,1,0,1,0,0,0,1,0,0
0.00212046,1,1,1,1,0,1,1,1,0,1,0,0,0,1,0,0
0.00212048,0,0,0,1,0,0,0,1,0,1,0,0,0,1,0,0
0.00212074,0,0,0,1,0,0,0,1,0,0,0,1,0,0,0,0
0.00212076,0,0,0,1,0,0,0,1,0,0,0,1,0,0,0,1
0.00212126,1,1,1,1,0,0,0,1,0,0,0,1,0,0,0,1
0.00212128,1,1,1,1,1,1,1,1,0,0,0,1,0,0,0,1
0.00212134,0,1,0,0,0,0,0,0,0,0,0,1,0,0,0,1
0.00212138,1,1,1,1,1,1,1,0,0,0,0,1,0,0,0,1
0.0021214,1,1,1,1,1,1,1,1,0,0,0,1,0,0,0,1
0.00212142,0,1,1,0,0,0,0,0,0,0,0,1,0,0,0,1
0.00212144,0,1,0,0,0,0,0,0,0,0,0,1,0,0,0,1
0.00212146,1,1,1,1,0,1,1,0,0,0,0,1,0,0,0,1
0.00212148,1,1,1,0,0,1,1,0,0,0,0,1,0,0,0,1
0.0021215,0,1,1,0,0,1,0,0,0,0,0,1,0,0,0,1
0.00212154,1,1,1,0,0,1,0,0,0,0,0,1,0,0,0,1
0.00212156,0,1,1,0,0,1,0,0,0,0,0,1,0,0,0,1
0.0021217,0,1,1,0,0,0,0,0,0,0,0,1,0,0,0,1
0.00212172,0,1,1,0,0,1,0,0,0,0,0,1,0,0,0,1
0.00212184,0,1,1,0,0,0,0,0,0,0,0,1,0,0,0,1
0.00212186,0,1,1,0,0,1,0,0,0,0,0,1,0,0,0,1
0.00212188,0,1,1,0,0,0,0,0,0,0,0,1,0,0,0,1
0.00212216,0,1,0,0,0,0,0,0,0,0,0,1,0,0,0,1
0.00212218,0,1,1,0,0,0,0,0,0,0,0,1,0,0,0,1
0.00212222,0,1,0,0,0,0,0,0,0,0,0,1,0,0,0,1
0.00212226,0,1,1,0,0,0,0,0,0,0,0,1,0,0,0,1
0.00212228,0,1,0,0,0,0,0,0,0,0,0,1,0,0,0,1
0.0021223,1,1,1,1,0,1,0,0,0,0,0,1,0,0,0,1
0.00212232,1,1,1,1,1,1,1,1,0,0,0,1,0,0,0,1
0.00212236,0,1,0,0,0,1,0,0,0,0,0,1,0,0,0,1
0.0021224,1,1,1,1,0,1,1,1,0,0,0,1,0,0,0,1
0.00212242,1,1,1,1,1,1,1,0,0,0,0,1,0,0,0,1
0.00212244,0,1,0,0,0,1,0,0,0,0,0,1,0,0,0,1
0.00212248,0,1,1,0,0,1,0,0,0,0,0,1,0,0,0,1
0.00212252,0,1,0,0,0,1,0,0,0,0,0,1,0,0,0,1
0.00212268,0,1,0,0,0,1,0,0,0,0,0,0,0,0,0,0
0.0021227,0,1,0,0,0,1,0,0,0,1,0,0,0,1,0,0
0.00212276,0,1,0,0,0,1,0,0,0,0,0,0,0,0,0,0
0.00212278,0,1,0,0,0,1,0,0,0,1,0,0,0,1,0,0
0.00212324,1,1,1,1,1,1,1,1,0,1,0,0,0,1,0,0
0.00212328,1,1,1,1,1,0,1,1,0,1,0,0,0,1,0,0
0.0021233,1,0,0,0,1,0,1,0,0,1,0,0,0,1,0,0
0.00212332,1,0,1,0,1,0,1,0,0,1,0,0,0,1,0,0
0.00212334,1,1,1,1,1,1,1,1,0,1,0,0,0,1,0,0
0.00212336,1,0,1,0,1,0,1,0,0,1,0,0,0,1,0,0
0.00212338,1,0,0,0,1,0,1,0,0,1,0,0,0,1,0,0
0.0021234,1,0,1,0,1,0,1,0,0,1,0,0,0,1,0,0
0.00212342,1,0,1,1,1,0,1,0,0,1,0,0,0,1,0,0
0.00212344,1,0,0,0,1,0,1,0,0,1,0,0,0,1,0,0
0.00212348,1,0,1,0,1,0,1,0,0,1,0,0,0,1,0,0
0.00212352,1,0,0,0,1,0,1,0,0,1,0,0,0,1,0,0
0.00212364,1,0,1,0,1,0,1,0,0,1,0,0,0,1,0,0
0.00212366,1,0,0,0,1,0,1,0,0,1,0,0,0,1,0,0
0.00212418,1,0,1,0,1,0,1,0,0,1,0,0,0,1,0,0
0.0021242,1,1,1,1,1,0,1,0,0,1,0,0,0,1,0,0
0.00212422,1,1,1,1,1,1,1,1,0,1,0,0,0,1,0,0
0.00212426,1,1,1,1,0,1,1,1,0,1,0,0,0,1,0,0
0.00212428,0,0,0,0,0,0,0,1,0,1,0,0,0,1,0,0
0.00212432,1,1,1,1,0,1,1,1,0,1,0,0,0,1,0,0
0.00212434,0,1,1,1,0,1,0,1,0,1,0,0,0,1,0,0
0.00212436,0,0,0,0,0,0,0,1,0,1,0,0,0,1,0,0
0.0021244,0,1,1,1,0,0,0,1,0,1,0,0,0,1,0,0
0.00212442,0,0,1,1,0,0,0,1,0,1,0,0,0,1,0,0
0.00212444,0,0,0,0,0,0,0,1,0,1,0,0,0,1,0,0
0.00212446,0,0,1,0,0,0,0,1,0,1,0,0,0,1,0,0
0.0021246,0,0,0,0,0,0,0,1,0,1,0,0,0,1,0,0
0.00212462,0,0,1,0,0,0,0,1,0,1,0,0,0,1,0,0
0.00212466,0,0,0,0,0,0,0,1,0,1,0,0,0,1,0,0
0.00212516,0,0,1,0,0,0,0,1,0,1,0,0,0,1,0,0
0.00212518,1,1,1,1,1,1,0,0,0,1,0,0,0,1,0,0
0.0021252,0,1,0,0,0,0,0,0,0,1,0,0,0,1,0,0
0.00212524,1,1,1,1,0,0,0,0,0,1,0,0,0,1,0,0
0.00212526,0,1,0,0,0,0,0,0,0,1,0,0,0,1,0,0
0.0021262,0,1,0,1,0,1,0,0,0,1,0,0,0,1,0,0
0.00212622,1,1,1,1,1,1,1,1,0,1,0,0,0,1,0,0
0.00212626,0,0,1,0,1,0,0,0,0,1,0,0,0,1,0,0
0.0021263,1,0,1,1,1,1,0,0,0,1,0,0,0,1,0,0
0.00212632,1,1,1,1,1,1,1,0,0,1,0,0,0,1,0,0
0.00212634,0,0,1,0,1,0,0,0,0,1,0,0,0,1,0,0
0.00212638,1,0,1,1,1,0,0,0,0,1,0,0,0,1,0,0
0.00212642,0,0,1,0,1,0,0,0,0,1,0,0,0,1,0,0
0.0021266,0,0,1,0,1,0,0,0,0,0,0,0,1,0,0,0
0.00212662,0,0,1,0,1,0,0,0,0,0,1,0,1,0,0,0
0.00212714,1,1,1,1,1,1,1,1,0,0,1,0,1,0,0,0
0.00212816,0,0,0,0,0,0,0,1,0,0,1,0,1,0,0,0
0.0021282,1,1,0,1,0,1,1,1,0,0,1,0,1,0,0,0
0.00212822,1,1,1,1,0,1,1,1,0,0,1,0,1,0,0,0
0.00212824,1,1,0,1,0,1,1,1,0,0,1,0,1,0,0,0
0.00212826,0,0,0,0,0,0,0,1,0,0,1,0,1,0,0,0
0.00212828,0,0,0,1,0,0,0,1,0,0,1,0,1,0,0,0
0.0021283,1,1,0,1,0,1,0,1,0,0,1,0,1,0,0,0
0.00212832,1,0,0,1,0,0,0,1,0,0,1,0,1,0,0,0
0.00212834,0,0,0,0,0,0,0,1,0,0,1,0,1,0,0,0
0.00212836,0,0,0,1,0,0,0,1,0,0,1,0,1,0,0,0
0.00212838,1,0,0,1,0,1,0,1,0,0,1,0,1,0,0,0
0.0021284,0,0,0,1,0,0,0,1,0,0,1,0,1,0,0,0
0.0021285,0,0,0,0,0,0,0,1,0,0,1,0,1,0,0,0
0.00212852,0,0,0,1,0,0,0,1,0,0,1,0,1,0,0,0
0.00212878,0,0,0,0,0,0,0,1,0,0,1,0,1,0,0,0
0.0021288,0,0,0,1,0,0,0,1,0,0,1,0,1,0,0,0
0.00212882,0,0,0,0,0,0,0,1,0,0,1,0,1,0,0,0
0.00212898,0,0,0,1,0,0,0,1,0,0,1,0,1,0,0,0
0.002129,0,0,0,0,0,0,0,1,0,0,1,0,1,0,0,0
0.00212906,0,0,0,1,0,0,0,1,0,0,1,0,1,0,0,0
0.00212908,0,0,0,0,0,0,0,1,0,0,1,0,1,0,0,0
0.0021291,1,1,1,1,1,1,1,1,0,0,1,0,1,0,0,0
0.00212914,1,1,1,1,1,1,1,0,0,0,1,0,1,0,0,0
0.00212916,0,0,1,1,1,1,0,0,0,0,1,0,1,0,0,0
0.0021292,1,1,1,1,1,1,1,0,0,0,1,0,1,0,0,0
0.00212922,0,0,1,1,1,1,0,0,0,0,1,0,1,0,0,0
0.00212926,1,1,1,1,1,1,0,0,0,0,1,0,1,0,0,0
0.00212928,0,0,1,1,1,1,0,0,0,0,1,0,1,0,0,0
0.00212954,0,0,1,1,1,1,0,0,0,0,1,1,1,1,0,0
0.00213006,1,1,1,1,1,1,0,0,0,0,1,1,1,1,0,0
0.00213008,1,1,1,1,1,1,1,0,0,0,1,1,1,1,0,0
0.0021301,1,1,1,1,1,1,1,1,0,0,1,1,1,1,0,0
0.00213012,0,0,0,0,1,0,1,0,0,0,1,1,1,1,0,0
0.00213016,1,1,1,1,1,1,1,0,0,0,1,1,1,1,0,0
0.00213018,1,1,0,1,1,1,1,0,0,0,1,1,1,1,0,0
0.0021302,0,0,0,0,1,0,1,0,0,0,1,1,1,1,0,0
0.00213024,1,0,0,0,1,0,1,0,0,0,1,1,1,1,0,0
0.00213026,0,0,0,0,1,0,1,0,0,0,1,1,1,1,0,0
0.00213104,1,1,1,1,1,0,1,1,0,0,1,1,1,1,0,0
0.00213106,1,1,1,1,1,1,1,1,0,0,1,1,1,1,0,0
0.0021311,0,0,1,1,0,1,0,1,0,0,1,1,1,1,0,0
0.00213112,0,0,0,0,0,0,0,1,0,0,1,1,1,1,0,0
0.00213114,0,1,1,1,0,1,0,1,0,0,1,1,1,1,0,0
0.00213116,1,1,1,1,0,1,1,1,0,0,1,1,1,1,0,0
0.00213118,1,0,1,1,0,1,0,1,0,0,1,1,1,1,0,0
0.0021312,0,0,0,0,0,0,0,1,0,0,1,1,1,1,0,0
0.00213124,1,0,1,1,0,1,0,1,0,0,1,1,1,1,0,0
0.00213126,0,0,1,0,0,0,0,1,0,0,1,1,1,1,0,0
0.00213128,0,0,0,0,0,0,0,1,0,0,1,1,1,1,0,0
0.00213132,0,0,1,0,0,0,0,1,0,0,1,1,1,1,0,0
0.00213134,0,0,0,0,0,0,0,1,0,0,1,1,1,1,0,0
0.002132,1,0,1,0,0,0,0,1,0,0,1,1,1,1,0,0
0.00213202,1,1,1,1,0,1,0,1,0,0,1,1,1,1,0,0
0.00213204,1,1,1,1,1,1,1,1,0,0,1,1,1,1,0,0
0.00213208,0,1,1,1,0,0,0,1,0,0,1,1,1,1,0,0
0.0021321,0,1,1,0,0,0,0,1,0,0,1,1,1,1,0,0
0.00213214,1,1,1,1,0,1,1,1,0,0,1,1,1,1,0,0
0.00213216,0,1,1,0,0,0,0,1,0,0,1,1,1,1,0,0
0.00213298,0,1,1,1,0,0,0,1,0,0,1,1,1,1,0,0
0.002133,0,1,1,0,0,0,0,1,0,0,1,1,1,1,0,0
0.00213304,1,1,1,1,1,1,1,1,0,0,1,1,1,1,0,0
0.0021331,1,0,0,0,1,0,1,0,0,0,1,1,1,1,0,0
0.00213314,1,1,1,1,1,1,1,0,0,0,1,1,1,1,0,0
0.00213316,1,0,0,1,1,1,1,0,0,0,1,1,1,1,0,0
0.00213318,1,0,0,0,1,0,1,0,0,0,1,1,1,1,0,0
0.00213322,1,0,0,1,1,0,1,0,0,0,1,1,1,1,0,0
0.00213324,1,0,0,0,1,0,1,0,0,0,1,1,1,1,0,0
0.00213396,1,1,1,0,1,0,1,0,0,0,1,1,1,1,0,0
0.00213398,1,1,1,1,1,1,1,1,0,0,1,1,1,1,0,0
0.00213404,0,0,0,0,0,0,0,1,0,0,1,1,1,1,0,0
0.00213408,1,1,1,1,0,1,1,1,0,0,1,1,1,1,0,0
0.00213412,0,0,0,0,0,0,0,1,0,0,1,1,1,1,0,0
0.00213416,0,0,1,1,0,1,0,1,0,0,1,1,1,1,0,0
0.0021342,0,0,0,0,0,0,0,1,0,0,1,1,1,1,0,0
0.00213424,0,0,1,1,0,0,0,1,0,0,1,1,1,1,0,0
0.00213428,0,0,0,0,0,0,0,1,0,0,1,1,1,1,0,0
0.00213438,0,0,1,0,0,0,0,1,0,0,1,1,1,1,0,0
0.00213442,0,0,0,0,0,0,0,1,0,0,1,1,1,1,0,0
0.00213492,0,1,0,0,0,0,0,1,0,0,1,1,1,1,0,0
0.00213494,0,0,1,1,0,1,1,1,0,0,1,1,1,1,0,0
0.00213496,1,1,1,1,1,1,1,1,0,0,1,1,1,1,0,0
0.002135,0,1,0,0,0,0,0,0,0,0,1,1,1,1,0,0
0.00213504,0,1,0,1,0,1,0,0,0,0,1,1,1,1,0,0
0.00213506,1,1,1,1,1,1,1,0,0,0,1,1,1,1,0,0
0.00213508,0,1,0,0,0,0,0,0,0,0,1,1,1,1,0,0
0.00213514,0,1,0,0,0,1,0,0,0,0,1,1,1,1,0,0
0.00213516,0,1,0,0,0,0,0,0,0,0,1,1,1,1,0,0
0.00213592,1,1,1,1,1,1,1,0,0,0,1,1,1,1,0,0
0.00213594,1,1,1,1,1,1,1,1,0,0,1,1,1,1,0,0
0.00213596,0,1,1,0,0,0,0,0,0,0,1,1,1,1,0,0
0.00213598,0,1,0,0,0,0,0,0,0,0,1,1,1,1,0,0
0.00213602,0,1,1,1,0,1,1,0,0,0,1,1,1,1,0,0
0.00213604,0,1,0,0,0,0,0,0,0,0,1,1,1,1,0,0
0.00213692,0,1,1,0,0,0,0,1,0,0,1,1,1,1,0,0
0.00213788,0,1,1,1,1,1,1,1,0,0,1,1,1,1,0,0
0.0021379,1,1,1,1,1,1,1,1,0,0,1,1,1,1,0,0
0.00213888,0,1,0,0,1,0,0,0,0,0,1,1,1,1,0,0
0.00213928,0,1,0,0,1,0,0,0,0,0,0,0,1,0,0,0
0.0021393,0,1,0,0,1,0,0,0,0,1,0,0,1,0,0,0
0.00213984,1,1,1,1,1,1,1,1,0,1,0,0,1,0,0,0
0.00213988,0,0,0,0,1,0,1,0,0,1,0,0,1,0,0,0
0.0021399,0,0,0,0,1,0,0,0,0,1,0,0,1,0,0,0
0.00213992,0,0,1,0,1,0,0,0,0,1,0,0,1,0,0,0
0.00213994,1,1,1,1,1,1,1,0,0,1,0,0,1,0,0,0
0.00213996,1,0,1,1,1,0,0,0,0,1,0,0,1,0,0,0
0.00213998,0,0,0,0,1,0,0,0,0,1,0,0,1,0,0,0
0.00214002,0,0,1,1,1,0,0,0,0,1,0,0,1,0,0,0
0.00214004,0,0,1,0,1,0,0,0,0,1,0,0,1,0,0,0
0.00214006,0,0,0,0,1,0,0,0,0,1,0,0,1,0,0,0
0.0021401,0,0,1,0,1,0,0,0,0,1,0,0,1,0,0,0
0.00214012,0,0,0,0,1,0,0,0,0,1,0,0,1,0,0,0
0.00214026,0,0,1,0,1,0,0,0,0,1,0,0,1,0,0,0
0.00214028,0,0,0,0,1,0,0,0,0,1,0,0,1,0,0,0
0.00214078,1,1,1,1,1,0,0,0,0,1,0,0,1,0,0,0
0.0021408,1,1,1,1,1,1,1,1,0,1,0,0,1,0,0,0
0.00214086,1,0,1,0,1,0,0,0,0,1,0,0,1,0,0,0
0.00214088,1,0,0,0,1,0,0,0,0,1,0,0,1,0,0,0
0.0021409,1,1,1,1,1,1,1,0,0,1,0,0,1,0,0,0
0.00214092,1,1,1,1,1,1,1,1,0,1,0,0,1,0,0,0
0.00214094,1,0,0,0,1,0,0,0,0,1,0,0,1,0,0,0
0.00214098,1,1,1,0,1,0,0,0,0,1,0,0,1,0,0,0
0.002141,1,1,1,1,1,0,0,0,0,1,0,0,1,0,0,0
0.00214102,1,0,0,0,1,0,0,0,0,1,0,0,1,0,0,0
0.00214106,1,0,1,0,1,0,0,0,0,1,0,0,1,0,0,0
0.00214108,1,0,0,0,1,0,0,0,0,1,0,0,1,0,0,0
0.00214124,1,0,0,0,1,0,0,0,0,0,0,0,1,0,0,0
0.00214126,1,0,0,0,1,0,0,0,1,0,0,0,1,0,0,0
0.00214176,1,0,1,0,1,0,0,0,1,0,0,0,1,0,0,0
0.00214178,1,1,0,0,1,0,0,0,1,0,0,0,1,0,0,0
0.0021418,1,1,1,1,1,1,1,1,1,0,0,0,1,0,0,0
0.00214184,0,0,0,0,0,1,0,0,1,0,0,0,1,0,0,0
0.00214188,0,1,1,1,0,1,1,1,1,0,0,0,1,0,0,0
0.0021419,1,1,1,1,0,1,1,1,1,0,0,0,1,0,0,0
0.00214192,0,0,1,1,0,1,0,0,1,0,0,0,1,0,0,0
0.00214194,0,0,0,0,0,1,0,0,1,0,0,0,1,0,0,0
0.00214196,0,0,1,1,0,1,0,0,1,0,0,0,1,0,0,0
0.00214198,0,1,1,1,0,1,0,0,1,0,0,0,1,0,0,0
0.002142,0,0,1,1,0,1,0,0,1,0,0,0,1,0,0,0
0.00214202,0,0,1,0,0,1,0,0,1,0,0,0,1,0,0,0
0.00214204,0,0,1,1,0,1,0,0,1,0,0,0,1,0,0,0
0.00214208,0,0,1,0,0,1,0,0,1,0,0,0,1,0,0,0
0.00214244,0,0,0,0,0,1,0,0,1,0,0,0,1,0,0,0
0.00214274,1,1,1,1,0,1,0,0,1,0,0,0,1,0,0,0
0.00214276,1,1,1,1,1,1,1,1,1,0,0,0,1,0,0,0
0.00214282,1,0,0,1,0,0,1,0,1,0,0,0,1,0,0,0
0.00214286,1,1,1,1,0,1,1,1,1,0,0,0,1,0,0,0
0.00214288,1,1,1,1,0,0,1,0,1,0,0,0,1,0,0,0
0.0021429,1,0,0,1,0,0,1,0,1,0,0,0,1,0,0,0
0.00214294,1,1,1,1,0,0,1,0,1,0,0,0,1,0,0,0
0.00214296,1,0,1,1,0,0,1,0,1,0,0,0,1,0,0,0
0.00214298,1,0,0,1,0,0,1,0,1,0,0,0,1,0,0,0
0.00214302,1,0,1,1,0,0,1,0,1,0,0,0,1,0,0,0
0.00214304,1,0,0,1,0,0,1,0,1,0,0,0,1,0,0,0
0.0021432,1,0,0,1,0,0,1,0,1,0,0,1,0,0,1,0
0.00214372,1,1,1,1,0,0,0,0,1,0,0,1,0,0,1,0
0.00214374,0,0,0,0,0,0,0,0,1,0,0,1,0,0,1,0
0.00214376,0,0,0,0,1,0,0,0,1,0,0,1,0,0,1,0
0.00214378,0,1,1,1,1,1,0,1,1,0,0,1,0,0,1,0
0.0021438,0,0,0,0,1,0,0,0,1,0,0,1,0,0,1,0
0.00214468,0,1,1,0,1,0,0,0,1,0,0,1,0,0,1,0
0.0021447,0,0,0,0,1,0,0,0,1,0,0,1,0,0,1,0
0.00214474,1,1,1,1,1,1,1,1,1,0,0,1,0,0,1,0
0.00214476,1,1,1,1,1,1,1,0,1,0,0,1,0,0,1,0
0.00214478,0,0,1,0,1,0,0,0,1,0,0,1,0,0,1,0
0.00214514,0,0,1,0,1,0,0,0,0,0,0,0,0,0,0,0
0.00214516,0,0,1,0,1,0,0,0,0,0,1,0,1,0,0,0
0.0021457,1,1,1,1,1,1,1,1,0,0,1,0,1,0,0,0
0.00214574,1,1,1,1,0,0,1,0,0,0,1,0,1,0,0,0
0.00214576,1,0,1,1,0,0,1,0,0,0,1,0,1,0,0,0
0.0021458,1,1,1,1,0,1,1,0,0,0,1,0,1,0,0,0
0.00214582,1,0,1,1,0,0,1,0,0,0,1,0,1,0,0,0
0.00214666,1,1,1,1,1,1,1,1,0,0,1,0,1,0,0,0
0.00214672,1,1,0,1,0,0,0,0,0,0,1,0,1,0,0,0
0.00214676,1,1,1,1,0,1,0,0,0,0,1,0,1,0,0,0
0.00214678,1,1,0,1,0,0,0,0,0,0,1,0,1,0,0,0
0.00214766,1,1,1,1,1,1,1,1,0,0,1,0,1,0,0,0
0.00214768,1,1,1,1,0,1,1,1,0,0,1,0,1,0,0,0
0.0021477,1,1,1,0,0,0,0,1,0,0,1,0,1,0,0,0
0.00214808,1,1,1,0,0,0,0,1,1,1,1,0,0,0,0,1
0.00214862,1,1,1,1,0,1,0,1,1,1,1,0,0,0,0,1
0.00214864,1,1,1,1,1,1,1,1,1,1,1,0,0,0,0,1
0.00214866,1,0,1,1,0,0,1,0,1,1,1,0,0,0,0,1
0.0021496,1,1,1,1,0,0,1,0,1,1,1,0,0,0,0,1
0.00214962,1,1,0,1,0,0,0,0,1,1,1,0,0,0,0,1
0.00214964,1,1,1,1,0,1,0,1,1,1,1,0,0,0,0,1
0.00214966,1,1,1,1,1,1,1,1,1,1,1,0,0,0,0,1
0.00214968,0,1,0,0,0,1,0,0,1,1,1,0,0,0,0,1
0.00215002,0,1,0,0,0,1,0,0,0,1,0,0,0,0,0,0
0.00215004,0,1,0,0,0,1,0,0,0,1,0,0,0,1,0,0
0.00215058,1,1,1,1,1,1,0,1,0,1,0,0,0,1,0,0
0.0021506,1,1,1,1,1,1,1,1,0,1,0,0,0,1,0,0
0.00215064,0,0,0,0,1,0,1,0,0,1,0,0,0,1,0,0
0.00215068,1,0,1,1,1,1,1,0,0,1,0,0,0,1,0,0
0.0021507,0,0,1,1,1,0,1,0,0,1,0,0,0,1,0,0
0.00215072,0,0,0,0,1,0,1,0,0,1,0,0,0,1,0,0
0.00215154,0,1,0,0,1,0,1,1,0,1,0,0,0,1,0,0
0.00215156,1,1,1,1,1,1,1,1,0,1,0,0,0,1,0,0
0.00215158,1,1,1,1,1,0,0,1,0,1,0,0,0,1,0,0
0.0021516,0,0,0,0,0,0,0,1,0,1,0,0,0,1,0,0
0.00215164,1,0,1,1,0,1,0,1,0,1,0,0,0,1,0,0
0.00215166,0,0,0,0,0,0,0,1,0,1,0,0,0,1,0,0
0.0021525,1,1,1,1,0,0,0,1,0,1,0,0,0,1,0,0
0.00215252,1,1,1,1,1,1,1,1,0,1,0,0,0,1,0,0
0.00215254,1,0,1,1,0,0,1,0,0,1,0,0,0,1,0,0
0.00215354,1,0,1,1,1,1,1,0,0,1,0,0,0,1,0,0
0.00215356,1,1,1,1,1,1,1,1,0,1,0,0,0,1,0,0
0.0021536,0,0,0,1,0,0,0,1,0,1,0,0,0,1,0,0
0.00215394,0,0,0,1,0,0,0,1,0,0,0,1,0,0,0,1
0.00215446,0,1,0,1,0,0,0,1,0,0,0,1,0,0,0,1
0.00215448,1,0,1,1,1,1,1,1,0,0,0,1,0,0,0,1
0.0021545,1,1,1,1,1,1,1,1,0,0,0,1,0,0,0,1
0.00215452,1,1,1,1,0,0,0,0,0,0,0,1,0,0,0,1
0.00215454,1,1,0,1,0,0,0,0,0,0,0,1,0,0,0,1
0.00215456,1,1,1,1,0,0,0,0,0,0,0,1,0,0,0,1
0.00215458,1,1,1,1,0,1,1,0,0,0,0,1,0,0,0,1
0.0021546,1,1,0,1,0,0,0,0,0,0,0,1,0,0,0,1
0.0021555,1,1,0,1,0,1,0,0,0,0,0,1,0,0,0,1
0.00215552,0,1,0,0,1,1,1,1,0,0,0,1,0,0,0,1
0.00215554,0,1,0,0,0,1,0,0,0,0,0,1,0,0,0,1
0.00215558,0,1,1,0,0,1,0,0,0,0,0,1,0,0,0,1
0.0021556,0,1,0,0,0,1,0,0,0,0,0,1,0,0,0,1
0.00215588,0,1,0,0,0,1,0,0,0,0,0,0,0,0,0,0
0.0021559,0,1,0,0,0,1,0,0,0,1,0,0,0,1,0,0
0.00215644,1,1,1,1,1,1,1,1,0,1,0,0,0,1,0,0
0.00215648,1,1,1,0,1,1,1,1,0,1,0,0,0,1,0,0
0.0021565,1,0,0,0,1,0,1,0,0,1,0,0,0,1,0,0
0.00215654,1,0,1,0,1,1,1,1,0,1,0,0,0,1,0,0
0.00215656,1,0,0,0,1,0,1,0,0,1,0,0,0,1,0,0
0.0021574,1,1,1,1,1,1,1,1,0,1,0,0,0,1,0,0
0.00215746,0,0,0,0,0,0,0,1,0,1,0,0,0,1,0,0
0.0021575,0,1,1,1,0,1,0,1,0,1,0,0,0,1,0,0
0.00215754,0,0,0,0,0,0,0,1,0,1,0,0,0,1,0,0
0.00215758,0,0,1,0,0,0,0,1,0,1,0,0,0,1,0,0
0.0021576,0,0,0,0,0,0,0,1,0,1,0,0,0,1,0,0
0.00215836,1,1,1,1,0,0,0,1,0,1,0,0,0,1,0,0
0.00215838,1,1,1,1,1,1,1,0,0,1,0,0,0,1,0,0
0.0021584,1,1,0,1,0,0,0,0,0,1,0,0,0,1,0,0
0.00215844,1,1,1,1,0,1,0,0,0,1,0,0,0,1,0,0
0.00215846,1,1,0,1,0,0,0,0,0,1,0,0,0,1,0,0
0.0021594,1,1,1,1,1,1,1,1,0,1,0,0,0,1,0,0
0.00215946,0,0,1,0,1,0,0,0,0,1,0,0,0,1,0,0
0.00215952,1,1,1,1,1,1,0,0,0,1,0,0,0,1,0,0
0.00215954,0,0,1,0,1,0,0,0,0,1,0,0,0,1,0,0
0.0021598,0,0,1,0,1,0,0,0,0,0,1,0,1,0,0,0
0.00216032,1,1,1,1,1,0,0,0,0,0,1,0,1,0,0,0
0.00216034,1,1,1,1,1,1,1,1,0,0,1,0,1,0,0,0
0.00216136,1,1,1,1,0,1,1,1,0,0,1,0,1,0,0,0
0.00216138,0,0,0,0,0,0,0,1,0,0,1,0,1,0,0,0
0.00216142,1,1,1,1,0,1,1,1,0,0,1,0,1,0,0,0
0.00216146,0,0,0,0,0,0,0,1,0,0,1,0,1,0,0,0
0.0021615,1,1,0,1,0,1,0,1,0,0,1,0,1,0,0,0
0.00216152,1,0,0,1,0,0,0,1,0,0,1,0,1,0,0,0
0.00216154,0,0,0,0,0,0,0,1,0,0,1,0,1,0,0,0
0.00216156,0,0,0,1,0,0,0,1,0,0,1,0,1,0,0,0
0.00216158,1,0,0,1,0,0,0,1,0,0,1,0,1,0,0,0
0.0021617,0,0,0,0,0,0,0,1,0,0,1,0,1,0,0,0
0.00216172,1,0,0,1,0,0,0,1,0,0,1,0,1,0,0,0
0.00216178,0,0,0,1,0,0,0,1,0,0,1,0,1,0,0,0
0.0021618,1,0,0,1,0,0,0,1,0,0,1,0,1,0,0,0
0.00216186,0,0,0,1,0,0,0,1,0,0,1,0,1,0,0,0
0.00216188,1,0,0,1,0,0,0,1,0,0,1,0,1,0,0,0
0.00216192,0,0,0,1,0,0,0,1,0,0,1,0,1,0,0,0
0.00216196,1,0,0,1,0,0,0,1,0,0,1,0,1,0,0,0
0.00216198,0,0,0,1,0,0,0,1,0,0,1,0,1,0,0,0
0.002162,0,0,0,0,0,0,0,1,0,0,1,0,1,0,0,0
0.00216202,0,0,0,1,0,0,0,1,0,0,1,0,1,0,0,0
0.00216204,0,0,0,0,0,0,0,1,0,0,1,0,1,0,0,0
0.00216218,0,0,0,1,0,0,0,1,0,0,1,0,1,0,0,0
0.0021622,0,0,0,0,0,0,0,1,0,0,1,0,1,0,0,0
0.00216224,1,0,0,0,0,0,0,1,0,0,1,0,1,0,0,0
0.00216226,1,0,0,1,0,0,0,1,0,0,1,0,1,0,0,0
0.00216228,1,1,1,1,1,1,1,1,0,0,1,0,1,0,0,0
0.00216234,0,0,1,1,1,1,0,0,0,0,1,0,1,0,0,0
0.00216238,1,1,1,1,1,1,1,0,0,0,1,0,1,0,0,0
0.0021624,1,1,1,1,1,1,0,0,0,0,1,0,1,0,0,0
0.00216242,0,0,1,1,1,1,0,0,0,0,1,0,1,0,0,0
0.00216246,1,1,1,1,1,1,0,0,0,0,1,0,1,0,0,0
0.00216248,0,0,1,1,1,1,0,0,0,0,1,0,1,0,0,0
0.00216272,0,0,1,1,1,1,0,0,0,0,1,1,1,1,0,0
0.00216324,1,1,1,1,1,1,0,0,0,0,1,1,1,1,0,0
0.00216326,1,1,1,1,1,1,1,1,0,0,1,1,1,1,0,0
0.00216332,0,0,0,0,1,0,1,0,0,0,1,1,1,1,0,0
0.00216336,1,1,1,1,1,1,1,0,0,0,1,1,1,1,0,0
0.00216338,1,1,1,1,1,1,1,1,0,0,1,1,1,1,0,0
0.0021634,0,0,0,0,1,0,1,0,0,0,1,1,1,1,0,0
0.00216344,0,0,0,1,1,1,1,0,0,0,1,1,1,1,0,0
0.00216346,1,1,1,1,1,1,1,0,0,0,1,1,1,1,0,0
0.00216348,0,0,0,0,1,0,1,0,0,0,1,1,1,1,0,0
0.00216422,1,1,1,1,1,0,1,0,0,0,1,1,1,1,0,0
0.00216424,1,1,1,1,1,1,1,1,0,0,1,1,1,1,0,0
0.00216428,0,0,0,0,0,0,0,1,0,0,1,1,1,1,0,0
0.00216432,0,0,0,0,0,1,0,1,0,0,1,1,1,1,0,0
0.00216434,1,1,1,1,0,1,1,1,0,0,1,1,1,1,0,0
0.00216436,0,0,0,0,0,1,0,1,0,0,1,1,1,1,0,0
0.00216438,0,0,0,0,0,0,0,1,0,0,1,1,1,1,0,0
0.0021644,0,0,0,0,0,1,0,1,0,0,1,1,1,1,0,0
0.00216444,0,0,0,0,0,0,0,1,0,0,1,1,1,1,0,0
0.0021645,0,0,0,0,0,1,0,1,0,0,1,1,1,1,0,0
0.00216452,0,0,0,0,0,0,0,1,0,0,1,1,1,1,0,0
0.00216522,1,1,1,1,1,1,0,1,0,0,1,1,1,1,0,0
0.00216524,1,1,1,1,1,1,1,1,0,0,1,1,1,1,0,0
0.00216528,1,0,1,1,0,0,1,0,0,0,1,1,1,1,0,0
0.00216532,1,1,1,1,1,1,1,1,0,0,1,1,1,1,0,0
0.00216534,1,0,1,1,0,1,1,0,0,0,1,1,1,1,0,0
0.00216536,1,0,1,1,0,0,1,0,0,0,1,1,1,1,0,0
0.00216538,1,0,1,1,0,1,1,0,0,0,1,1,1,1,0,0
0.00216542,1,0,1,1,0,0,1,0,0,0,1,1,1,1,0,0
0.00216546,1,0,1,1,0,1,1,0,0,0,1,1,1,1,0,0
0.0021655,1,0,1,1,0,0,1,0,0,0,1,1,1,1,0,0
0.00216618,1,1,1,1,0,1,1,1,0,0,1,1,1,1,0,0
0.0021662,1,0,1,1,0,0,1,0,0,0,1,1,1,1,0,0
0.00216624,1,0,1,1,1,0,1,0,0,0,1,1,1,1,0,0
0.00216626,1,0,0,0,1,1,1,1,0,0,1,1,1,1,0,0
0.00216628,1,0,0,0,1,0,1,0,0,0,1,1,1,1,0,0
0.0021663,1,1,0,0,1,1,1,1,0,0,1,1,1,1,0,0
0.00216634,1,0,0,0,1,0,1,0,0,0,1,1,1,1,0,0
0.00216716,1,0,1,1,1,0,1,0,0,0,1,1,1,1,0,0
0.00216718,1,1,1,1,1,1,1,1,0,0,1,1,1,1,0,0
0.00216722,0,0,0,0,0,0,0,1,0,0,1,1,1,1,0,0
0.00216726,0,1,1,1,0,1,0,1,0,0,1,1,1,1,0,0
0.00216728,1,1,1,1,0,1,1,1,0,0,1,1,1,1,0,0
0.0021673,0,0,1,0,0,1,0,1,0,0,1,1,1,1,0,0
0.00216732,0,0,0,0,0,0,0,1,0,0,1,1,1,1,0,0
0.00216734,0,0,0,0,0,1,0,1,0,0,1,1,1,1,0,0
0.00216736,0,0,1,0,0,1,0,1,0,0,1,1,1,1,0,0
0.00216738,0,0,0,0,0,1,0,1,0,0,1,1,1,1,0,0
0.0021674,0,0,0,0,0,0,0,1,0,0,1,1,1,1,0,0
0.00216744,0,0,0,0,0,1,0,1,0,0,1,1,1,1,0,0
0.00216746,0,0,0,0,0,0,0,1,0,0,1,1,1,1,0,0
0.00216812,1,1,1,1,0,0,0,1,0,0,1,1,1,1,0,0
0.00216814,0,0,0,0,0,1,0,1,0,0,1,1,1,1,0,0
0.00216816,1,1,1,1,1,1,1,1,0,0,1,1,1,1,0,0
0.00216822,1,1,0,1,0,0,0,0,0,0,1,1,1,1,0,0
0.00216826,1,1,1,1,1,1,1,0,0,0,1,1,1,1,0,0
0.00216828,1,1,0,1,0,0,0,0,0,0,1,1,1,1,0,0
0.00216912,1,1,1,1,1,1,1,1,0,0,1,1,1,1,0,0
0.00216916,1,1,0,1,0,0,0,0,0,0,1,1,1,1,0,0
0.00217012,1,0,1,1,0,0,1,0,0,0,1,1,1,1,0,0
0.00217108,1,0,1,1,1,1,1,0,0,0,1,1,1,1,0,0
0.0021711,1,1,1,1,1,1,1,1,0,0,1,1,1,1,0,0
0.00217208,0,0,0,1,1,0,1,0,0,0,1,1,1,1,0,0
0.00217212,1,1,1,1,1,1,1,1,0,0,1,1,1,1,0,0
0.00217218,0,1,1,0,0,1,0,1,0,0,1,1,1,1,0,0
0.00217222,1,1,1,0,0,1,0,1,0,0,1,1,1,1,0,0
0.00217224,0,1,1,0,0,1,0,1,0,0,1,1,1,1,0,0
0.00217248,0,1,1,0,0,1,0,1,0,0,1,0,0,1,0,0
0.0021725,0,1,1,0,0,1,0,1,0,1,1,0,0,1,0,1
0.00217256,1,1,1,0,0,1,0,1,0,1,1,0,0,1,0,1
0.00217258,1,1,1,1,0,1,0,1,1,1,1,0,0,1,0,1
0.0021726,0,1,1,0,0,1,1,1,0,1,1,0,0,1,0,1
0.00217262,0,1,1,0,0,1,0,1,0,1,1,0,0,1,0,1
0.00217266,1,1,1,0,0,1,0,1,0,1,1,0,0,1,0,1
0.00217268,0,1,1,0,0,1,0,1,0,1,1,0,0,1,0,1
0.00217302,1,1,1,1,0,1,0,1,0,1,1,0,0,1,0,1
0.00217304,1,1,1,1,1,1,1,1,0,1,1,0,0,1,0,1
0.00217308,0,0,0,0,1,0,1,0,0,1,1,0,0,1,0,1
0.00217312,1,0,0,0,1,1,1,0,0,1,1,0,0,1,0,1
0.00217314,1,1,1,1,1,1,1,1,0,1,1,0,0,1,0,1
0.00217316,0,0,0,0,1,0,1,0,0,1,1,0,0,1,0,1
0.0021732,0,0,0,0,1,1,1,0,0,1,1,0,0,1,0,1
0.00217322,0,0,0,0,1,0,1,0,0,1,1,0,0,1,0,1
0.00217398,0,0,1,0,1,0,1,0,0,1,1,0,0,1,0,1
0.002174,1,1,1,1,1,1,1,1,0,1,1,0,0,1,0,1
0.00217408,0,0,0,0,0,0,0,1,0,1,1,0,0,1,0,1
0.00217412,1,1,1,1,0,1,1,1,0,1,1,0,0,1,0,1
0.00217414,1,1,1,1,0,1,0,1,0,1,1,0,0,1,0,1
0.00217416,0,0,0,0,0,0,0,1,0,1,1,0,0,1,0,1
0.0021742,1,0,1,1,0,1,0,1,0,1,1,0,0,1,0,1
0.00217422,0,0,1,0,0,1,0,1,0,1,1,0,0,1,0,1
0.00217424,0,0,0,0,0,0,0,1,0,1,1,0,0,1,0,1
0.00217428,0,0,1,0,0,1,0,1,0,1,1,0,0,1,0,1
0.00217432,0,0,1,0,0,0,0,1,0,1,1,0,0,1,0,1
0.00217434,0,0,0,0,0,0,0,1,0,1,1,0,0,1,0,1
0.00217436,0,0,1,0,0,0,0,1,0,1,1,0,0,1,0,1
0.00217438,0,0,0,0,0,0,0,1,0,1,1,0,0,1,0,1
0.00217444,0,0,1,0,0,1,0,1,0,1,1,0,0,1,0,1
0.00217446,0,0,0,0,0,0,0,1,0,1,1,0,0,1,0,1
0.00217496,1,0,0,0,0,0,0,1,0,1,1,0,0,1,0,1
0.00217498,1,1,1,1,1,1,1,1,0,1,1,0,0,1,0,1
0.00217504,0,0,0,0,0,0,1,0,0,1,1,0,0,1,0,1
0.00217508,1,1,1,1,0,1,1,1,0,1,1,0,0,1,0,1
0.00217512,0,0,1,1,0,1,1,0,0,1,1,0,0,1,0,1
0.00217514,0,0,0,0,0,1,1,0,0,1,1,0,0,1,0,1
0.00217516,1,1,1,1,0,1,1,0,0,1,1,0,0,1,0,1
0.0021752,0,0,1,1,0,1,1,0,0,1,1,0,0,1,0,1
0.00217526,1,0,1,1,0,1,1,0,0,1,1,0,0,1,0,1
0.00217528,0,0,1,1,0,1,1,0,0,1,1,0,0,1,0,1
0.00217554,0,0,1,0,0,1,1,0,0,1,1,0,0,1,0,1
0.00217558,0,0,1,1,0,1,1,0,0,1,1,0,0,1,0,1
0.0021756,0,0,1,0,0,1,1,0,0,1,1,0,0,1,0,1
0.00217582,0,0,0,0,0,1,1,0,0,1,1,0,0,1,0,1
0.00217584,0,0,1,0,0,1,1,0,0,1,1,0,0,1,0,1
0.00217588,0,0,0,0,0,0,1,0,0,1,1,0,0,1,0,1
0.00217592,0,0,1,0,0,1,1,0,0,1,1,0,0,1,0,1
0.00217594,1,1,1,1,1,1,1,1,0,1,1,0,0,1,0,1
0.00217698,0,0,0,0,0,0,1,0,0,1,1,0,0,1,0,1
0.00217702,1,1,1,1,1,1,1,1,0,1,1,0,0,1,0,1
0.00217704,1,1,1,1,0,1,1,1,0,1,1,0,0,1,0,1
0.00217706,0,0,0,0,0,0,1,0,0,1,1,0,0,1,0,1
0.0021771,1,1,1,1,0,1,1,0,0,1,1,0,0,1,0,1
0.00217712,0,0,1,1,0,1,1,0,0,1,1,0,0,1,0,1
0.00217714,0,0,1,0,0,1,1,0,0,1,1,0,0,1,0,1
0.00217718,0,0,1,1,0,1,1,0,0,1,1,0,0,1,0,1
0.00217724,0,0,1,0,0,1,1,0,0,1,1,0,0,1,0,1
0.00217726,0,0,1,1,0,1,1,0,0,1,1,0,0,1,0,1
0.00217732,0,0,1,0,0,0,1,0,0,1,1,0,0,1,0,1
0.00217734,0,0,1,1,0,1,1,0,0,1,1,0,0,1,0,1
0.00217738,0,0,1,0,0,1,1,0,0,1,1,0,0,1,0,1
0.00217746,0,0,1,0,0,0,1,0,0,1,1,0,0,1,0,1
0.00217756,0,0,0,0,0,0,1,0,0,1,1,0,0,1,0,1
0.00217758,0,0,1,0,0,0,1,0,0,1,1,0,0,1,0,1
0.00217768,0,0,0,0,0,0,1,0,0,1,1,0,0,1,0,1
0.0021778,0,0,1,0,0,0,1,0,0,1,1,0,0,1,0,1
0.00217782,0,0,0,0,0,0,1,0,0,1,1,0,0,1,0,1
0.00217798,0,0,1,0,0,0,1,0,0,1,1,0,0,1,0,1
0.002178,0,1,1,0,0,1,1,1,0,1,1,0,0,1,0,1
0.00217802,1,1,1,1,1,1,0,1,0,1,1,0,0,1,0,1
0.00217804,0,1,1,0,0,1,0,1,0,1,1,0,0,1,0,1
0.00217834,0,1,1,0,0,1,0,1,0,1,1,0,0,1,0,0
0.00217836,0,1,1,0,0,1,0,1,0,1,1,0,0,1,0,1
0.00217842,0,1,1,0,0,1,0,1,0,1,1,0,0,1,0,0
0.00217844,0,1,1,0,0,1,1,1,0,1,1,0,0,1,1,1
0.00217846,1,1,1,1,0,1,0,1,0,1,1,0,0,1,0,1
0.00217848,0,1,1,0,0,1,0,1,0,1,1,0,0,1,0,1
0.00217852,0,1,1,1,0,1,0,1,0,1,1,0,0,1,0,1
0.00217854,0,1,1,0,0,1,0,1,0,1,1,0,0,1,0,1
0.00217886,1,1,1,0,0,1,0,1,0,1,1,0,0,1,0,1
0.00217888,1,1,1,1,1,1,0,1,0,1,1,0,0,1,0,1
0.0021789,1,1,1,1,1,1,1,1,0,1,1,0,0,1,0,1
0.00217894,1,0,0,0,1,0,1,0,0,1,1,0,0,1,0,1
0.00217898,1,0,1,1,1,1,1,1,0,1,1,0,0,1,0,1
0.002179,1,0,0,1,1,1,1,1,0,1,1,0,0,1,0,1
0.00217902,1,0,0,0,1,0,1,0,0,1,1,0,0,1,0,1
0.00217906,1,0,0,1,1,0,1,0,0,1,1,0,0,1,0,1
0.00217908,1,0,0,0,1,0,1,0,0,1,1,0,0,1,0,1
0.00217984,1,0,1,0,1,0,1,0,0,1,1,0,0,1,0,1
0.00217986,1,1,1,1,1,1,1,1,0,1,1,0,0,1,0,1
0.00217992,0,0,0,0,0,0,0,1,0,1,1,0,0,1,0,1
0.00217996,1,1,1,1,0,1,0,1,0,1,1,0,0,1,0,1
0.00218,0,0,0,0,0,0,0,1,0,1,1,0,0,1,0,1
0.00218004,0,0,1,1,0,1,0,1,0,1,1,0,0,1,0,1
0.00218008,0,0,1,0,0,0,0,1,0,1,1,0,0,1,0,1
0.0021801,0,0,0,0,0,0,0,1,0,1,1,0,0,1,0,1
0.00218012,0,0,1,0,0,0,0,1,0,1,1,0,0,1,0,1
0.00218016,0,0,0,0,0,0,0,1,0,1,1,0,0,1,0,1
0.0021802,0,0,1,0,0,0,0,1,0,1,1,0,0,1,0,1
0.00218022,0,0,0,0,0,0,0,1,0,1,1,0,0,1,0,1
0.00218082,1,0,0,0,0,0,0,1,0,1,1,0,0,1,0,1
0.00218084,1,1,1,1,1,1,1,1,0,1,1,0,0,1,0,1
0.0021809,0,0,0,0,0,0,0,1,0,1,1,0,0,1,0,1
0.00218092,0,1,1,1,0,1,0,1,0,1,1,0,0,1,0,1
0.00218094,1,1,1,1,1,1,1,1,0,1,1,0,0,1,0,1
0.00218096,1,1,1,1,0,1,1,1,0,1,1,0,0,1,0,1
0.00218098,0,0,1,0,0,0,0,1,0,1,1,0,0,1,0,1
0.002181,1,1,1,1,0,1,0,1,0,1,1,0,0,1,0,1
0.00218102,1,1,1,1,0,1,1,1,0,1,1,0,0,1,0,1
0.00218104,1,1,1,1,0,1,0,1,0,1,1,0,0,1,0,1
0.0021814,0,0,1,1,0,1,0,1,0,1,1,0,0,1,0,1
0.00218142,1,1,1,1,0,1,0,1,0,1,1,0,0,1,0,1
0.00218144,1,0,1,1,0,1,0,1,0,1,1,0,0,1,0,1
0.00218146,1,1,1,1,0,1,0,1,0,1,1,0,0,1,0,1
0.00218148,1,0,1,1,0,1,0,1,0,1,1,0,0,1,0,1
0.00218174,0,0,1,1,0,0,0,1,0,1,1,0,0,1,0,1
0.00218176,1,0,1,1,0,0,0,1,0,1,1,0,0,1,0,1
0.00218178,1,0,1,1,0,1,0,1,0,1,1,0,0,1,0,1
0.0021818,1,1,1,1,1,1,1,1,0,1,1,0,0,1,0,1
0.00218284,0,0,0,0,0,0,0,1,0,1,1,0,0,1,0,1
0.00218288,1,1,1,1,1,1,1,1,0,1,1,0,0,1,0,1
0.0021829,1,1,1,1,0,1,1,1,0,1,1,0,0,1,0,1
0.00218292,0,0,0,0,0,0,0,1,0,1,1,0,0,1,0,1
0.00218296,1,1,1,1,0,1,1,1,0,1,1,0,0,1,0,1
0.00218298,0,0,1,1,0,1,0,1,0,1,1,0,0,1,0,1
0.002183,0,0,1,1,0,0,0,1,0,1,1,0,0,1,0,1
0.00218304,0,0,1,1,0,1,0,1,0,1,1,0,0,1,0,1
0.00218308,0,0,1,1,0,0,0,1,0,1,1,0,0,1,0,1
0.0021831,0,0,1,1,0,1,0,1,0,1,1,0,0,1,0,1
0.00218316,0,0,1,1,0,0,0,1,0,1,1,0,0,1,0,1
0.0021832,0,0,1,1,0,1,0,1,0,1,1,0,0,1,0,1
0.00218322,0,0,1,1,0,0,0,1,0,1,1,0,0,1,0,1
0.00218334,0,0,1,0,0,0,0,1,0,1,1,0,0,1,0,1
0.0021837,0,0,0,0,0,0,0,1,0,1,1,0,0,1,0,1
0.0021838,0,0,1,0,0,0,0,1,0,1,1,0,0,1,0,1
0.00218382,0,0,0,0,0,0,0,1,0,1,1,0,0,1,0,1
0.00218384,0,1,1,0,0,0,0,1,0,1,1,0,0,1,0,1
0.00218386,0,1,1,0,0,1,0,1,0,1,1,0,0,1,0,1
0.00218388,1,1,1,1,1,1,1,1,0,1,1,0,0,1,0,1
0.0021839,0,1,1,0,0,1,0,1,0,1,1,0,0,1,0,1
0.00218396,0,1,1,1,0,1,0,1,0,1,1,0,0,1,0,1
0.00218398,0,1,1,0,0,1,0,1,0,1,1,0,0,1,0,1
0.00218474,1,1,1,1,1,1,0,1,0,1,1,0,0,1,0,1
0.00218476,1,1,1,1,1,1,1,1,0,1,1,0,0,1,0,1
0.0021848,0,0,0,0,0,0,1,0,0,1,1,0,0,1,0,1
0.00218484,0,0,0,1,0,1,1,0,0,1,1,0,0,1,0,1
0.00218486,1,1,1,1,0,1,1,1,0,1,1,0,0,1,0,1
0.00218488,0,0,0,0,0,0,1,0,0,1,1,0,0,1,0,1
0.00218492,0,0,0,1,0,1,1,0,0,1,1,0,0,1,0,1
0.00218496,0,0,0,0,0,0,1,0,0,1,1,0,0,1,0,1
0.002185,0,0,0,1,0,1,1,0,0,1,1,0,0,1,0,1
0.00218504,0,0,0,0,0,0,1,0,0,1,1,0,0,1,0,1
0.00218508,0,0,0,0,0,1,1,0,0,1,1,0,0,1,0,1
0.0021851,0,0,0,0,0,0,1,0,0,1,1,0,0,1,0,1
0.00218518,0,0,0,1,0,1,1,0,0,1,1,0,0,1,0,1
0.0021852,0,0,0,0,0,0,1,0,0,1,1,0,0,1,0,1
0.0021857,1,1,1,1,1,0,1,0,0,1,1,0,0,1,0,1
0.00218572,1,1,1,1,1,1,1,1,0,1,1,0,0,1,0,1
0.00218578,0,0,0,0,0,0,0,1,0,1,1,0,0,1,0,1
0.00218582,1,1,1,1,1,1,0,1,0,1,1,0,0,1,0,1
0.00218584,1,1,1,1,0,1,0,1,0,1,1,0,0,1,0,1
0.00218586,0,0,0,0,0,0,0,1,0,1,1,0,0,1,0,1
0.0021859,1,1,1,1,0,1,0,1,0,1,1,0,0,1,0,1
0.00218592,0,0,1,1,0,1,0,1,0,1,1,0,0,1,0,1
0.00218594,0,0,0,0,0,0,0,1,0,1,1,0,0,1,0,1
0.00218598,0,0,1,1,0,1,0,1,0,1,1,0,0,1,0,1
0.00218602,0,0,0,0,0,0,0,1,0,1,1,0,0,1,0,1
0.00218668,1,1,1,1,0,0,0,1,0,1,1,0,0,1,0,1
0.0021867,1,1,1,1,1,1,1,1,0,1,1,0,0,1,0,1
0.00218674,1,1,1,1,1,1,1,0,0,1,1,0,0,1,0,1
0.00218676,0,1,1,1,0,1,0,0,0,1,1,0,0,1,0,1
0.0021868,1,1,1,1,1,1,1,1,0,1,1,0,0,1,0,1
0.00218682,0,1,1,1,0,1,0,0,0,1,1,0,0,1,0,1
0.00218766,1,1,1,1,0,1,1,0,0,1,1,0,0,1,0,1
0.00218768,1,1,1,1,1,1,1,1,0,1,1,0,0,1,0,1
0.00218868,1,1,1,1,0,1,1,0,0,1,1,0,0,1,0,1
0.0021887,0,1,1,1,0,1,0,0,0,1,1,0,0,1,0,1
0.00218874,1,1,1,1,0,1,1,0,0,1,1,0,0,1,0,1
0.00218876,0,1,1,1,0,1,0,0,0,1,1,0,0,1,0,1
0.00218972,1,0,1,0,1,1,1,1,0,1,1,0,0,1,0,1
0.00218974,0,0,1,0,1,0,0,0,0,1,1,0,0,1,0,1
0.00218978,1,0,1,0,1,0,1,0,0,1,1,0,0,1,0,1
0.0021898,0,0,1,0,1,0,0,0,0,1,1,0,0,1,0,1
0.00219006,0,0,1,0,1,0,0,0,0,0,1,0,0,0,0,0
0.00219008,0,0,1,0,1,0,0,0,0,0,1,0,1,0,0,0
0.00219058,1,0,1,0,1,0,0,0,0,0,1,0,1,0,0,0
0.0021906,0,1,1,0,1,1,1,1,0,0,1,0,1,0,0,0
0.00219062,1,1,1,1,1,1,1,1,0,0,1,0,1,0,0,0
0.00219164,0,0,0,0,0,0,0,1,0,0,1,0,1,0,0,0
0.00219168,1,0,1,1,0,1,0,1,0,0,1,0,1,0,0,0
0.00219172,0,0,0,0,0,0,0,1,0,0,1,0,1,0,0,0
0.00219254,1,1,1,1,0,0,0,1,0,0,1,0,1,0,0,0
0.00219256,1,1,1,1,1,1,1,1,0,0,1,0,1,0,0,0
0.0021926,1,1,1,0,1,0,1,0,0,0,1,0,1,0,0,0
0.00219262,1,1,0,0,1,0,0,0,0,0,1,0,1,0,0,0
0.00219264,1,1,1,1,1,1,1,0,0,0,1,0,1,0,0,0
0.00219268,1,1,0,0,1,0,0,0,0,0,1,0,1,0,0,0
0.00219272,1,1,1,1,1,0,0,0,0,0,1,0,1,0,0,0
0.00219274,1,1,1,0,1,0,0,0,0,0,1,0,1,0,0,0
0.00219276,1,1,0,0,1,0,0,0,0,0,1,0,1,0,0,0
0.00219298,1,1,0,0,1,0,0,0,0,0,0,0,1,0,0,0
0.002193,1,1,0,0,1,0,0,0,1,1,0,0,1,0,0,0
0.00219306,1,1,0,0,1,0,0,0,0,1,0,0,1,0,0,0
0.00219308,1,1,0,0,1,0,0,0,1,1,0,0,1,0,0,0
0.00219354,1,1,1,1,1,1,1,1,1,1,0,0,1,0,0,0
0.0021936,1,0,0,0,1,1,1,0,1,1,0,0,1,0,0,0
0.00219364,1,1,1,1,1,1,1,1,1,1,0,0,1,0,0,0
0.00219366,1,0,0,0,1,1,1,0,1,1,0,0,1,0,0,0
0.0021937,1,0,1,0,1,1,1,0,1,1,0,0,1,0,0,0
0.00219372,1,0,0,0,1,1,1,0,1,1,0,0,1,0,0,0
0.00219448,1,1,0,0,1,1,1,0,1,1,0,0,1,0,0,0
0.0021945,1,1,1,1,1,1,1,0,1,1,0,0,1,0,0,0
0.00219454,1,1,1,1,1,1,1,1,1,1,0,0,1,0,0,0
0.00219456,0,1,0,0,1,0,0,0,1,1,0,0,1,0,0,0
0.0021946,0,1,1,1,1,0,0,0,1,1,0,0,1,0,0,0
0.00219464,0,1,0,0,1,0,0,0,1,1,0,0,1,0,0,0
0.00219494,0,1,0,0,1,0,0,0,0,1,0,0,1,0,0,0
0.00219548,0,1,1,1,1,0,0,0,0,1,0,0,1,0,0,0
0.0021955,1,1,1,1,1,1,1,1,0,1,0,0,1,0,0,0
0.00219554,1,1,0,0,1,1,0,0,0,1,0,0,1,0,0,0
0.00219558,1,1,1,1,1,1,1,0,0,1,0,0,1,0,0,0
0.0021956,1,1,1,1,1,1,0,0,0,1,0,0,1,0,0,0
0.00219562,1,1,0,0,1,1,0,0,0,1,0,0,1,0,0,0
0.00219644,1,1,1,1,1,1,0,0,0,1,0,0,1,0,0,0
0.00219646,1,1,0,0,1,1,1,1,0,1,0,0,1,0,0,0
0.00219648,1,1,1,1,1,1,1,1,0,1,0,0,1,0,0,0
0.00219652,1,0,0,0,1,0,0,0,0,1,0,0,1,0,0,0
0.00219656,1,1,1,1,1,1,1,1,0,1,0,0,1,0,0,0
0.00219658,1,1,1,1,1,1,1,0,0,1,0,0,1,0,0,0
0.0021966,1,0,0,0,1,0,0,0,0,1,0,0,1,0,0,0
0.00219664,1,1,1,1,1,0,0,0,0,1,0,0,1,0,0,0
0.00219666,1,0,1,1,1,0,0,0,0,1,0,0,1,0,0,0
0.00219668,1,0,0,0,1,0,0,0,0,1,0,0,1,0,0,0
0.00219672,1,0,1,0,1,0,0,0,0,1,0,0,1,0,0,0
0.00219682,1,0,0,0,1,0,0,0,0,1,0,0,1,0,0,0
0.00219688,1,0,1,0,1,0,0,0,0,1,0,0,1,0,0,0
0.0021969,1,0,0,0,1,0,0,0,1,0,0,0,1,0,0,0
0.00219696,1,0,1,0,1,0,0,0,0,0,0,0,0,0,0,0
0.00219698,1,0,0,0,1,0,0,0,1,0,0,0,1,0,0,0
0.00219702,1,0,1,0,1,0,0,0,1,0,0,0,1,0,0,0
0.00219704,1,0,0,0,1,0,0,0,1,0,0,0,1,0,0,0
0.00219742,1,1,1,1,1,0,0,0,1,0,0,0,1,0,0,0
0.00219744,1,1,1,1,1,1,1,1,1,0,0,0,1,0,0,0
0.0021975,0,0,1,1,1,0,1,0,1,0,0,0,1,0,0,0
0.00219754,1,1,1,1,1,1,1,1,1,0,0,0,1,0,0,0
0.00219756,0,0,1,1,1,0,1,0,1,0,0,0,1,0,0,0
0.0021984,1,1,1,1,1,0,1,0,1,0,0,0,1,0,0,0
0.00219842,0,1,1,1,1,1,1,1,1,0,0,0,1,0,0,0
0.00219844,1,1,1,1,1,1,1,1,1,0,0,0,1,0,0,0
0.00219846,1,0,1,1,1,1,0,0,1,0,0,0,1,0,0,0
0.0021985,1,1,1,1,1,1,1,1,1,0,0,0,1,0,0,0
0.00219852,1,0,1,1,1,1,0,0,1,0,0,0,1,0,0,0
0.00219884,1,0,1,1,1,1,0,0,1,0,1,1,1,0,0,0
0.00219886,1,0,1,1,1,1,0,0,1,0,1,1,1,1,0,0
0.0021994,1,1,1,1,1,1,1,1,1,0,1,1,1,1,0,0
0.00219944,0,1,0,0,1,0,1,0,1,0,1,1,1,1,0,0
0.00219946,0,0,0,0,1,0,1,0,1,0,1,1,1,1,0,0
0.00219948,0,1,0,0,1,1,1,0,1,0,1,1,1,1,0,0
0.0021995,1,1,1,1,1,1,1,1,1,0,1,1,1,1,0,0
0.00219952,0,0,0,0,1,1,1,0,1,0,1,1,1,1,0,0
0.00219954,0,0,0,0,1,0,1,0,1,0,1,1,1,1,0,0
0.00219956,0,0,0,0,1,1,1,0,1,0,1,1,1,1,0,0
0.00219962,0,0,0,0,1,0,1,0,1,0,1,1,1,1,0,0
0.00219964,0,0,0,0,1,1,1,0,1,0,1,1,1,1,0,0
0.0021997,0,0,0,0,1,0,1,0,1,0,1,1,1,1,0,0
0.00219972,0,0,0,0,1,1,1,0,1,0,1,1,1,1,0,0
0.00219976,0,0,0,0,1,0,1,0,1,0,1,1,1,1,0,0
0.0021998,0,0,0,0,1,1,1,0,1,0,1,1,1,1,0,0
0.00219986,0,0,0,0,1,0,1,0,1,0,1,1,1,1,0,0
0.00219988,0,0,0,0,1,1,1,0,1,0,1,1,1,1,0,0
0.0021999,0,0,0,0,1,0,1,0,1,0,1,1,1,1,0,0
0.00219994,0,0,0,0,1,1,1,0,1,0,1,1,1,1,0,0
0.00219996,0,0,0,0,1,0,1,0,1,0,1,1,1,1,0,0
0.00220034,1,0,1,0,1,0,1,0,1,0,1,1,1,1,0,0
0.00220036,1,1,1,1,1,1,1,1,1,0,1,1,1,1,0,0
0.00220042,0,0,0,0,0,0,0,1,1,0,1,1,1,1,0,0
0.00220046,1,1,1,1,0,1,0,1,1,0,1,1,1,1,0,0
0.0022005,0,0,0,0,0,0,0,1,1,0,1,1,1,1,0,0
0.00220054,1,1,1,1,0,1,0,1,1,0,1,1,1,1,0,0
0.00220056,1,0,1,1,0,1,0,1,1,0,1,1,1,1,0,0
0.00220058,0,0,1,0,0,1,0,1,1,0,1,1,1,1,0,0
0.00220062,0,0,1,1,0,1,0,1,1,0,1,1,1,1,0,0
0.00220066,0,0,1,0,0,1,0,1,1,0,1,1,1,1,0,0
0.00220084,0,0,0,0,0,1,0,1,1,0,1,1,1,1,0,0
0.00220086,0,0,1,0,0,1,0,1,1,0,1,1,1,1,0,0
0.00220088,0,0,0,0,0,1,0,1,1,0,1,1,1,1,0,0
0.0022009,0,0,1,0,0,1,0,1,1,0,1,1,1,1,0,0
0.00220092,0,0,0,0,0,0,0,1,1,0,1,1,1,1,0,0
0.00220132,1,1,1,1,0,0,0,1,1,0,1,1,1,1,0,0
0.00220134,1,0,1,1,1,1,1,1,1,0,1,1,1,1,0,0
0.00220136,1,1,1,1,1,1,1,1,1,0,1,1,1,1,0,0
0.0022014,0,0,0,0,0,0,1,1,1,0,1,1,1,1,0,0
0.00220142,0,0,0,0,0,0,1,0,1,0,1,1,1,1,0,0
0.00220144,1,0,1,1,0,0,1,0,1,0,1,1,1,1,0,0
0.00220146,1,1,1,1,0,1,1,1,1,0,1,1,1,1,0,0
0.00220148,0,0,1,0,0,0,1,0,1,0,1,1,1,1,0,0
0.0022015,0,0,0,0,0,0,1,0,1,0,1,1,1,1,0,0
0.00220154,0,0,1,0,0,0,1,0,1,0,1,1,1,1,0,0
0.00220156,0,0,0,0,0,0,1,0,1,0,1,1,1,1,0,0
0.0022023,1,1,1,1,0,1,1,0,1,0,1,1,1,1,0,0
0.00220232,1,0,1,0,0,0,1,0,1,0,1,1,1,1,0,0
0.00220234,0,0,0,0,0,0,1,0,1,0,1,1,1,1,0,0
0.00220236,1,1,1,1,1,1,1,0,1,0,1,1,1,1,0,0
0.00220238,1,1,1,1,1,1,1,1,1,0,1,1,1,1,0,0
0.00220242,1,0,0,0,1,0,1,0,1,0,1,1,1,1,0,0
0.00220246,1,1,1,1,1,1,1,1,1,0,1,1,1,1,0,0
0.00220248,1,1,1,1,1,1,1,0,1,0,1,1,1,1,0,0
0.0022025,1,0,0,0,1,0,1,0,1,0,1,1,1,1,0,0
0.00220254,1,1,1,1,1,1,1,0,1,0,1,1,1,1,0,0
0.00220256,1,0,1,0,1,0,1,0,1,0,1,1,1,1,0,0
0.00220258,1,0,0,0,1,0,1,0,1,0,1,1,1,1,0,0
0.00220262,1,0,1,0,1,0,1,0,1,0,1,1,1,1,0,0
0.00220264,1,0,0,0,1,0,1,0,1,0,1,1,1,1,0,0
0.0022033,1,1,1,1,1,1,1,1,1,0,1,1,1,1,0,0
0.00220334,0,0,0,0,0,0,0,1,1,0,1,1,1,1,0,0
0.00220338,0,1,1,1,0,1,0,1,1,0,1,1,1,1,0,0
0.0022034,1,1,1,1,0,1,1,1,1,0,1,1,1,1,0,0
0.00220342,0,0,1,1,0,1,0,1,1,0,1,1,1,1,0,0
0.00220344,0,0,0,0,0,0,0,1,1,0,1,1,1,1,0,0
0.00220346,0,0,1,1,0,1,0,1,1,0,1,1,1,1,0,0
0.0022035,0,0,1,0,0,1,0,1,1,0,1,1,1,1,0,0
0.00220352,0,0,0,0,0,0,0,1,1,0,1,1,1,1,0,0
0.00220354,0,0,1,0,0,1,0,1,1,0,1,1,1,1,0,0
0.00220356,0,0,1,1,0,1,0,1,1,0,1,1,1,1,0,0
0.00220358,0,0,1,0,0,1,0,1,1,0,1,1,1,1,0,0
0.0022036,0,0,0,0,0,0,0,1,1,0,1,1,1,1,0,0
0.00220362,0,0,1,0,0,1,0,1,1,0,1,1,1,1,0,0
0.00220364,0,0,1,0,0,0,0,1,1,0,1,1,1,1,0,0
0.00220368,0,0,0,0,0,0,0,1,1,0,1,1,1,1,0,0
0.0022037,0,0,1,0,0,1,0,1,1,0,1,1,1,1,0,0
0.00220372,0,0,1,0,0,0,0,1,1,0,1,1,1,1,0,0
0.00220374,0,0,0,0,0,0,0,1,1,0,1,1,1,1,0,0
0.00220424,0,0,1,0,0,0,0,1,1,0,1,1,1,1,0,0
0.00220426,1,1,1,1,1,1,1,1,1,0,1,1,1,1,0,0
0.00220434,0,0,0,0,0,0,0,1,1,0,1,1,1,1,0,0
0.00220438,1,1,1,1,0,1,1,1,1,0,1,1,1,1,0,0
0.0022044,1,1,1,1,0,1,0,1,1,0,1,1,1,1,0,0
0.00220442,0,0,0,0,0,0,0,1,1,0,1,1,1,1,0,0
0.00220446,0,1,1,1,0,0,0,1,1,0,1,1,1,1,0,0
0.00220448,0,1,0,0,0,0,0,1,1,0,1,1,1,1,0,0
0.0022045,0,0,0,0,0,0,0,1,1,0,1,1,1,1,0,0
0.00220524,1,1,1,1,0,1,1,1,1,0,1,1,1,1,0,0
0.00220526,1,1,1,1,1,1,1,1,1,0,1,1,1,1,0,0
0.00220528,0,0,1,0,0,0,0,1,1,0,1,1,1,1,0,0
0.0022053,0,0,0,0,0,0,0,1,1,0,1,1,1,1,0,0
0.00220534,0,1,1,1,0,1,0,1,1,0,1,1,1,1,0,0
0.00220536,0,0,0,0,0,0,0,1,1,0,1,1,1,1,0,0
0.00220624,0,0,0,0,0,1,1,0,1,0,1,1,1,1,0,0
0.00220626,0,0,0,0,0,0,1,0,1,0,1,1,1,1,0,0
0.0022072,0,1,1,1,0,1,1,1,1,0,1,1,1,1,0,0
0.00220722,1,1,1,1,1,1,0,0,1,0,1,1,1,1,0,0
0.00220724,0,1,1,1,0,1,0,0,1,0,1,1,1,1,0,0
0.00220822,1,1,1,1,1,1,1,1,1,0,1,1,1,1,0,0
0.00220828,0,1,1,1,1,1,1,1,1,0,1,1,1,1,0,0
0.0022083,0,1,0,0,1,0,1,1,1,0,1,1,1,1,0,0
0.0022086,0,1,0,0,1,0,1,1,1,0,1,0,1,0,0,0
0.00220862,0,1,0,0,1,0,1,1,0,1,0,0,1,0,1,1
0.00220916,1,1,1,1,1,1,1,1,0,1,0,0,1,0,1,1
0.0022092,0,1,1,1,0,1,0,0,0,1,0,0,1,0,1,1
0.00221014,1,1,1,1,1,1,1,1,0,1,0,0,1,0,1,1
0.0022111,0,0,0,0,0,0,0,0,0,1,0,0,1,0,1,1
0.00221206,0,0,1,0,0,0,0,0,0,1,0,0,1,0,1,1
0.00221208,0,0,0,0,0,0,0,0,0,1,0,0,1,0,1,1
0.0022121,0,1,1,1,0,1,0,0,0,1,0,0,1,0,1,1
0.00221212,1,1,1,1,1,1,1,1,0,1,0,0,1,0,1,1
0.00221218,0,1,0,0,1,1,0,0,0,1,0,0,1,0,1,1
0.00221222,1,1,1,0,1,1,0,0,0,1,0,0,1,0,1,1
0.00221224,0,1,1,0,1,1,0,0,0,1,0,0,1,0,1,1
0.00221226,0,1,0,0,1,1,0,0,0,1,0,0,1,0,1,1
0.00221252,0,1,0,0,1,1,0,0,0,1,0,0,1,1,0,0
0.00221306,1,1,1,1,1,1,0,1,0,1,0,0,1,1,0,0
0.00221308,1,1,1,1,1,1,1,1,0,1,0,0,1,1,0,0
0.0022131,0,0,0,0,1,0,1,0,0,1,0,0,1,1,0,0
0.00221316,1,1,1,1,1,1,1,1,0,1,0,0,1,1,0,0
0.00221318,0,0,0,0,1,0,1,0,0,1,0,0,1,1,0,0
0.00221402,1,1,1,1,1,0,1,0,0,1,0,0,1,1,0,0
0.00221404,1,1,1,1,1,1,1,1,0,1,0,0,1,1,0,0
0.00221408,1,1,1,1,0,0,0,0,0,1,0,0,1,1,0,0
0.0022141,1,1,0,1,0,0,0,0,0,1,0,0,1,1,0,0
0.00221414,1,1,1,1,0,1,0,1,0,1,0,0,1,1,0,0
0.00221416,1,1,0,1,0,0,0,0,0,1,0,0,1,1,0,0
0.00221502,1,1,1,1,1,1,1,1,0,1,0,0,1,1,0,0
0.00221602,0,0,0,1,1,0,1,0,0,1,0,0,1,1,0,0
0.00221604,1,1,1,1,1,0,1,0,0,1,0,0,1,1,0,0
0.00221606,1,1,1,1,1,1,1,1,0,1,0,0,1,1,0,0
0.0022161,0,1,1,0,0,1,0,1,0,1,0,0,1,1,0,0
0.00221642,0,1,1,0,0,1,0,1,0,1,1,0,0,1,0,1
0.00221694,1,1,1,1,0,1,0,1,0,1,1,0,0,1,0,1
0.00221696,1,1,1,1,1,1,1,1,0,1,1,0,0,1,0,1
0.00221702,0,0,0,0,1,0,1,0,0,1,1,0,0,1,0,1
0.00221706,0,0,0,0,1,1,1,0,0,1,1,0,0,1,0,1
0.00221708,1,1,1,1,1,1,1,1,0,1,1,0,0,1,0,1
0.0022171,0,0,0,0,1,1,1,0,0,1,1,0,0,1,0,1
0.00221712,0,0,0,0,1,0,1,0,0,1,1,0,0,1,0,1
0.00221714,0,0,0,0,1,1,1,0,0,1,1,0,0,1,0,1
0.00221718,0,0,0,0,1,0,1,0,0,1,1,0,0,1,0,1
0.00221724,0,0,0,0,1,1,1,0,0,1,1,0,0,1,0,1
0.00221726,0,0,0,0,1,0,1,0,0,1,1,0,0,1,0,1
0.00221792,1,1,1,1,1,0,1,0,0,1,1,0,0,1,0,1
0.00221794,1,1,1,1,1,1,1,1,0,1,1,0,0,1,0,1
0.00221798,0,0,0,0,0,0,0,1,0,1,1,0,0,1,0,1
0.00221802,0,0,1,1,0,1,0,1,0,1,1,0,0,1,0,1
0.00221804,1,1,1,1,0,1,1,1,0,1,1,0,0,1,0,1
0.00221806,0,0,1,0,0,1,0,1,0,1,1,0,0,1,0,1
0.00221808,0,0,0,0,0,0,0,1,0,1,1,0,0,1,0,1
0.0022181,0,0,0,0,0,1,0,1,0,1,1,0,0,1,0,1
0.00221812,0,0,1,0,0,1,0,1,0,1,1,0,0,1,0,1
0.00221814,0,0,0,0,0,1,0,1,0,1,1,0,0,1,0,1
0.00221836,0,0,0,0,0,0,0,1,0,1,1,0,0,1,0,1
0.00221838,0,0,0,0,0,1,0,1,0,1,1,0,0,1,0,1
0.0022184,0,0,0,0,0,0,0,1,0,1,1,0,0,1,0,1
0.00221844,0,0,0,0,0,1,0,1,0,1,1,0,0,1,0,1
0.00221848,0,0,0,0,0,0,0,1,0,1,1,0,0,1,0,1
0.00221892,1,1,1,1,1,1,1,1,0,1,1,0,0,1,0,1
0.00221898,0,0,0,0,0,0,1,0,0,1,1,0,0,1,0,1
0.00221902,0,0,1,1,0,1,1,0,0,1,1,0,0,1,0,1
0.00221904,1,1,1,1,0,1,1,1,0,1,1,0,0,1,0,1
0.00221906,0,0,0,0,0,0,1,0,0,1,1,0,0,1,0,1
0.00221912,0,0,0,0,0,1,1,0,0,1,1,0,0,1,0,1
0.00221914,0,0,0,0,0,0,1,0,0,1,1,0,0,1,0,1
0.00221988,1,1,1,1,1,1,1,1,0,1,1,0,0,1,0,1
0.00222092,0,0,0,0,0,0,1,0,0,1,1,0,0,1,0,1
0.00222094,0,0,0,0,0,1,1,0,0,1,1,0,0,1,0,1
0.00222096,1,1,1,1,1,1,1,1,0,1,1,0,0,1,0,1
0.00222098,0,0,1,1,0,1,1,0,0,1,1,0,0,1,0,1
0.002221,0,0,0,0,0,0,1,0,0,1,1,0,0,1,0,1
0.00222104,0,0,1,1,0,1,1,0,0,1,1,0,0,1,0,1
0.00222106,0,0,1,0,0,1,1,0,0,1,1,0,0,1,0,1
0.00222108,0,0,0,0,0,0,1,0,0,1,1,0,0,1,0,1
0.00222112,0,0,1,0,0,1,1,0,0,1,1,0,0,1,0,1
0.00222114,0,0,0,0,0,0,1,0,0,1,1,0,0,1,0,1
0.00222192,0,0,1,0,0,0,1,0,0,1,1,0,0,1,0,1
0.00222194,0,1,1,0,0,1,1,1,0,1,1,0,0,1,0,1
0.00222196,1,1,1,1,0,1,0,1,0,1,1,0,0,1,0,1
0.00222198,0,1,1,0,0,1,0,1,0,1,1,0,0,1,0,1
0.00222236,0,1,1,0,0,1,1,1,0,1,1,0,0,1,0,1
0.00222238,0,1,1,0,0,1,1,1,0,1,1,0,0,1,1,1
0.0022224,0,1,1,0,0,1,0,1,0,1,1,0,0,1,0,1
0.0022228,1,1,1,1,0,1,0,1,0,1,1,0,0,1,0,1
0.00222282,1,1,1,1,1,1,0,1,0,1,1,0,0,1,0,1
0.00222284,1,1,1,1,1,1,1,1,0,1,1,0,0,1,0,1
0.00222288,1,0,0,0,1,0,1,0,0,1,1,0,0,1,0,1
0.00222292,1,1,1,1,1,1,1,1,0,1,1,0,0,1,0,1
0.00222296,1,0,0,0,1,0,1,0,0,1,1,0,0,1,0,1
0.002223,1,0,1,1,1,0,1,0,0,1,1,0,0,1,0,1
0.00222302,1,0,0,0,1,0,1,0,0,1,1,0,0,1,0,1
0.00222378,1,1,1,1,1,0,1,0,0,1,1,0,0,1,0,1
0.0022238,1,1,1,1,1,1,1,1,0,1,1,0,0,1,0,1
0.00222384,0,0,0,0,0,0,0,1,0,1,1,0,0,1,0,1
0.00222388,0,0,1,0,0,1,0,1,0,1,1,0,0,1,0,1
0.0022239,1,1,1,1,0,1,0,1,0,1,1,0,0,1,0,1
0.00222392,0,0,0,0,0,0,0,1,0,1,1,0,0,1,0,1
0.00222398,0,0,1,0,0,0,0,1,0,1,1,0,0,1,0,1
0.002224,0,0,0,0,0,0,0,1,0,1,1,0,0,1,0,1
0.00222478,1,1,1,1,1,1,1,1,0,1,1,0,0,1,0,1
0.00222484,0,0,0,0,0,0,0,1,0,1,1,0,0,1,0,1
0.00222486,1,1,1,1,0,1,0,1,0,1,1,0,0,1,0,1
0.00222488,1,1,1,1,1,1,1,1,0,1,1,0,0,1,0,1
0.0022249,1,1,1,1,0,1,1,1,0,1,1,0,0,1,0,1
0.00222492,0,0,0,0,0,0,0,1,0,1,1,0,0,1,0,1
0.00222494,1,0,1,1,0,0,0,1,0,1,1,0,0,1,0,1
0.00222496,1,1,1,1,0,1,0,1,0,1,1,0,0,1,0,1
0.002225,1,1,1,1,0,0,0,1,0,1,1,0,0,1,0,1
0.00222504,1,1,1,1,0,1,0,1,0,1,1,0,0,1,0,1
0.00222508,1,1,1,1,0,0,0,1,0,1,1,0,0,1,0,1
0.00222512,1,1,1,1,0,1,0,1,0,1,1,0,0,1,0,1
0.00222514,1,1,1,1,0,0,0,1,0,1,1,0,0,1,0,1
0.00222516,1,0,1,1,0,0,0,1,0,1,1,0,0,1,0,1
0.00222518,1,1,1,1,0,1,0,1,0,1,1,0,0,1,0,1
0.0022252,1,0,1,1,0,0,0,1,0,1,1,0,0,1,0,1
0.00222522,1,1,1,1,0,0,0,1,0,1,1,0,0,1,0,1
0.00222524,1,0,1,1,0,0,0,1,0,1,1,0,0,1,0,1
0.0022253,0,0,1,1,0,0,0,1,0,1,1,0,0,1,0,1
0.00222532,1,0,1,1,0,0,0,1,0,1,1,0,0,1,0,1
0.00222538,0,0,1,1,0,0,0,1,0,1,1,0,0,1,0,1
0.0022254,1,0,1,1,0,0,0,1,0,1,1,0,0,1,0,1
0.00222542,0,0,1,1,0,0,0,1,0,1,1,0,0,1,0,1
0.00222546,0,0,1,0,0,0,0,1,0,1,1,0,0,1,0,1
0.00222564,0,0,1,1,0,0,0,1,0,1,1,0,0,1,0,1
0.00222566,0,0,1,0,0,0,0,1,0,1,1,0,0,1,0,1
0.00222568,0,0,0,0,0,0,0,1,0,1,1,0,0,1,0,1
0.0022257,0,0,1,0,0,0,0,1,0,1,1,0,0,1,0,1
0.00222572,0,0,1,1,0,0,0,1,0,1,1,0,0,1,0,1
0.00222574,1,1,1,1,1,1,1,1,0,1,1,0,0,1,0,1
0.00222676,1,0,1,0,0,1,1,1,0,1,1,0,0,1,0,1
0.00222678,0,0,0,0,0,0,0,1,0,1,1,0,0,1,0,1
0.0022268,0,1,1,1,0,1,1,1,0,1,1,0,0,1,0,1
0.00222682,1,1,1,1,1,1,1,1,0,1,1,0,0,1,0,1
0.00222684,1,0,1,1,0,1,1,1,0,1,1,0,0,1,0,1
0.00222686,0,0,0,0,0,0,0,1,0,1,1,0,0,1,0,1
0.00222688,0,0,1,0,0,0,0,1,0,1,1,0,0,1,0,1
0.0022269,1,1,1,1,0,1,0,1,0,1,1,0,0,1,0,1
0.00222692,0,0,1,1,0,0,0,1,0,1,1,0,0,1,0,1
0.00222694,0,0,0,0,0,0,0,1,0,1,1,0,0,1,0,1
0.00222696,0,0,1,0,0,0,0,1,0,1,1,0,0,1,0,1
0.00222698,0,0,1,1,0,0,0,1,0,1,1,0,0,1,0,1
0.00222702,0,0,1,0,0,0,0,1,0,1,1,0,0,1,0,1
0.00222714,0,0,1,1,0,0,0,1,0,1,1,0,0,1,0,1
0.00222716,0,0,1,0,0,0,0,1,0,1,1,0,0,1,0,1
0.00222738,0,0,0,0,0,0,0,1,0,1,1,0,0,1,0,1
0.0022274,0,0,1,0,0,0,0,1,0,1,1,0,0,1,0,1
0.00222742,0,0,0,0,0,0,0,1,0,1,1,0,0,1,0,1
0.0022277,0,0,1,0,0,0,0,1,0,1,1,0,0,1,0,1
0.00222772,0,0,0,0,0,0,0,1,0,1,1,0,0,1,0,1
0.00222778,0,1,1,0,0,1,0,1,0,1,1,0,0,1,0,1
0.0022278,0,1,1,1,0,1,0,1,0,1,1,0,0,1,0,1
0.00222782,1,1,1,1,1,1,1,1,0,1,1,0,0,1,0,1
0.00222784,0,1,1,0,0,1,0,1,0,1,1,0,0,1,0,1
0.00222788,0,1,1,1,0,1,0,1,0,1,1,0,0,1,0,1
0.0022279,0,1,1,0,0,1,0,1,0,1,1,0,0,1,0,1
0.00222866,1,1,1,1,0,1,0,1,0,1,1,0,0,1,0,1
0.00222868,1,1,1,1,1,1,1,1,0,1,1,0,0,1,0,1
0.00222874,0,0,0,0,0,0,1,0,0,1,1,0,0,1,0,1
0.00222878,1,1,1,1,0,1,1,0,0,1,1,0,0,1,0,1
0.0022288,1,1,1,1,1,1,1,0,0,1,1,0,0,1,0,1
0.00222882,1,1,1,1,0,0,1,0,0,1,1,0,0,1,0,1
0.00222884,0,0,0,0,0,0,1,0,0,1,1,0,0,1,0,1
0.00222886,1,1,1,1,0,0,1,0,0,1,1,0,0,1,0,1
0.00222892,1,0,1,1,0,0,1,0,0,1,1,0,0,1,0,1
0.00222894,1,1,1,1,0,0,1,0,0,1,1,0,0,1,0,1
0.0022291,1,0,1,1,0,0,1,0,0,1,1,0,0,1,0,1
0.00222912,1,1,1,1,0,0,1,0,0,1,1,0,0,1,0,1
0.00222914,0,0,1,1,0,0,1,0,0,1,1,0,0,1,0,1
0.00222916,1,1,1,1,0,0,1,0,0,1,1,0,0,1,0,1
0.00222918,0,1,1,1,0,0,1,0,0,1,1,0,0,1,0,1
0.0022292,1,1,1,1,0,0,1,0,0,1,1,0,0,1,0,1
0.00222924,0,1,1,1,0,0,1,0,0,1,1,0,0,1,0,1
0.00222938,0,0,1,1,0,0,1,0,0,1,1,0,0,1,0,1
0.00222956,0,0,1,0,0,0,1,0,0,1,1,0,0,1,0,1
0.00222964,1,1,1,1,0,0,1,0,0,1,1,0,0,1,0,1
0.00222966,1,1,1,1,1,1,1,1,0,1,1,0,0,1,0,1
0.0022297,0,0,0,0,0,0,0,1,0,1,1,0,0,1,0,1
0.00222974,1,1,1,1,1,1,1,1,0,1,1,0,0,1,0,1
0.00222978,0,0,1,0,0,0,0,1,0,1,1,0,0,1,0,1
0.00222982,1,1,1,1,0,1,0,1,0,1,1,0,0,1,0,1
0.00222986,0,0,1,1,0,1,0,1,0,1,1,0,0,1,0,1
0.0022299,1,1,1,1,0,1,0,1,0,1,1,0,0,1,0,1
0.00222994,0,1,1,1,0,1,0,1,0,1,1,0,0,1,0,1
0.00222996,0,0,1,1,0,1,0,1,0,1,1,0,0,1,0,1
0.00222998,1,1,1,1,0,1,0,1,0,1,1,0,0,1,0,1
0.00223,0,1,1,1,0,1,0,1,0,1,1,0,0,1,0,1
0.00223002,1,1,1,1,0,1,0,1,0,1,1,0,0,1,0,1
0.00223004,0,0,1,1,0,1,0,1,0,1,1,0,0,1,0,1
0.00223006,0,1,1,1,0,1,0,1,0,1,1,0,0,1,0,1
0.00223008,0,0,1,1,0,1,0,1,0,1,1,0,0,1,0,1
0.00223036,0,0,1,0,0,1,0,1,0,1,1,0,0,1,0,1
0.00223038,0,0,1,1,0,1,0,1,0,1,1,0,0,1,0,1
0.0022304,0,0,1,0,0,0,0,1,0,1,1,0,0,1,0,1
0.00223052,0,0,1,1,0,1,0,1,0,1,1,0,0,1,0,1
0.00223054,0,0,1,0,0,0,0,1,0,1,1,0,0,1,0,1
0.00223056,0,0,0,0,0,0,0,1,0,1,1,0,0,1,0,1
0.00223058,0,0,1,0,0,0,0,1,0,1,1,0,0,1,0,1
0.0022306,1,1,1,1,0,0,0,1,0,1,1,0,0,1,0,1
0.00223062,1,1,1,1,1,1,1,1,0,1,1,0,0,1,0,1
0.00223068,1,1,1,1,0,1,1,0,0,1,1,0,0,1,0,1
0.0022307,0,1,1,1,0,1,0,0,0,1,1,0,0,1,0,1
0.00223072,1,1,1,1,0,1,1,0,0,1,1,0,0,1,0,1
0.00223074,1,1,1,1,1,1,1,0,0,1,1,0,0,1,0,1
0.00223076,0,1,1,1,0,1,0,0,0,1,1,0,0,1,0,1
0.0022316,1,1,1,1,1,1,1,0,0,1,1,0,0,1,0,1
0.00223162,1,1,1,1,1,1,1,1,0,1,1,0,0,1,0,1
0.00223262,0,1,1,1,0,1,0,0,0,1,1,0,0,1,0,1
0.00223266,1,1,1,1,0,1,1,0,0,1,1,0,0,1,0,1
0.00223268,0,1,1,1,0,1,0,0,0,1,1,0,0,1,0,1
0.00223366,0,0,1,0,1,1,1,1,0,1,1,0,0,1,0,1
0.00223368,0,0,1,0,1,0,0,0,0,1,1,0,0,1,0,1
0.00223372,1,0,1,0,1,0,1,0,0,1,1,0,0,1,0,1
0.00223374,0,0,1,0,1,0,0,0,0,1,1,0,0,1,0,1
0.002234,0,0,1,0,1,0,0,0,0,0,1,0,1,0,0,0
0.00223452,1,1,1,1,1,0,0,0,0,0,1,0,1,0,0,0
0.00223454,1,1,1,1,1,1,1,1,0,0,1,0,1,0,0,0
0.00223556,0,0,0,0,0,0,0,1,0,0,1,0,1,0,0,0
0.0022356,0,0,0,0,0,1,0,1,0,0,1,0,1,0,0,0
0.00223562,1,1,1,1,0,1,1,1,0,0,1,0,1,0,0,0
0.00223564,0,0,0,0,0,0,0,1,0,0,1,0,1,0,0,0
0.0022365,1,1,1,1,1,1,1,1,0,0,1,0,1,0,0,0
0.00223654,1,1,0,0,1,0,1,0,0,0,1,0,1,0,0,0
0.00223656,1,1,0,0,1,0,0,0,0,0,1,0,1,0,0,0
0.00223658,1,1,1,1,1,1,1,0,0,0,1,0,1,0,0,0
0.00223662,1,1,1,0,1,0,0,0,0,0,1,0,1,0,0,0
0.00223664,1,1,0,0,1,0,0,0,0,0,1,0,1,0,0,0
0.00223666,1,1,1,1,1,1,1,0,0,0,1,0,1,0,0,0
0.00223668,1,1,1,1,1,1,0,0,0,0,1,0,1,0,0,0
0.0022367,1,1,1,0,1,0,0,0,0,0,1,0,1,0,0,0
0.00223692,1,1,1,0,1,0,0,0,0,0,0,0,1,0,0,0
0.00223694,1,1,0,0,1,0,0,0,1,1,0,0,1,0,0,0
0.00223696,1,1,1,0,1,0,0,0,1,1,0,0,1,0,0,0
0.002237,1,1,0,0,1,0,0,0,1,1,0,0,1,0,0,0
0.00223704,1,1,1,0,1,0,0,0,1,1,0,0,1,0,0,0
0.00223708,1,1,0,0,1,0,0,0,1,1,0,0,1,0,0,0
0.00223712,1,1,1,0,1,0,0,0,1,1,0,0,1,0,0,0
0.00223714,1,1,0,0,1,0,0,0,1,1,0,0,1,0,0,0
0.00223744,1,1,1,0,1,0,0,0,1,1,0,0,1,0,0,0
0.00223748,1,1,1,1,1,1,1,1,1,1,0,0,1,0,0,0
0.00223752,1,0,0,0,1,1,1,0,1,1,0,0,1,0,0,0
0.00223756,1,1,1,1,1,1,1,0,1,1,0,0,1,0,0,0
0.00223758,1,0,0,0,1,1,1,0,1,1,0,0,1,0,0,0
0.00223764,1,0,1,1,1,1,1,0,1,1,0,0,1,0,0,0
0.00223766,1,0,0,0,1,1,1,0,1,1,0,0,1,0,0,0
0.00223842,1,1,0,0,1,1,1,0,1,1,0,0,1,0,0,0
0.00223844,1,0,1,1,1,1,1,1,1,1,0,0,1,0,0,0
0.00223846,1,1,1,1,1,1,1,1,1,1,0,0,1,0,0,0
0.0022385,0,1,0,0,1,0,0,0,1,1,0,0,1,0,0,0
0.00223854,1,1,1,1,1,1,1,1,1,1,0,0,1,0,0,0
0.00223858,0,1,1,1,1,0,0,0,1,1,0,0,1,0,0,0
0.0022386,0,1,0,0,1,0,0,0,1,1,0,0,1,0,0,0
0.00223862,0,1,1,1,1,0,0,0,1,1,0,0,1,0,0,0
0.00223888,0,1,1,1,1,0,0,0,0,1,0,0,1,0,0,0
0.0022389,0,1,1,0,1,0,0,0,0,1,0,0,1,0,0,0
0.00223892,0,1,1,1,1,0,0,0,0,1,0,0,1,0,0,0
0.00223896,0,1,1,0,1,0,0,0,0,1,0,0,1,0,0,0
0.002239,0,1,1,1,1,0,0,0,0,1,0,0,1,0,0,0
0.00223904,0,1,1,0,1,0,0,0,0,1,0,0,1,0,0,0
0.00223936,0,1,0,0,1,0,0,0,0,1,0,0,1,0,0,0
0.00223938,0,1,1,0,1,0,0,0,0,1,0,0,1,0,0,0
0.0022394,1,1,0,0,1,0,0,0,0,1,0,0,1,0,0,0
0.00223942,1,1,1,1,1,1,0,0,0,1,0,0,1,0,0,0
0.00223944,1,1,1,1,1,1,1,1,0,1,0,0,1,0,0,0
0.00223946,1,1,0,0,1,1,0,0,0,1,0,0,1,0,0,0
0.0022395,1,1,1,1,1,1,1,0,0,1,0,0,1,0,0,0
0.00223952,1,1,1,1,1,1,0,0,0,1,0,0,1,0,0,0
0.00223954,1,1,0,0,1,1,0,0,0,1,0,0,1,0,0,0
0.00223958,1,1,1,1,1,1,0,0,0,1,0,0,1,0,0,0
0.0022396,1,1,0,0,1,1,0,0,0,1,0,0,1,0,0,0
0.00224038,1,1,0,0,1,1,1,0,0,1,0,0,1,0,0,0
0.0022404,1,1,1,1,1,1,1,1,0,1,0,0,1,0,0,0
0.00224046,1,0,0,0,1,0,0,0,0,1,0,0,1,0,0,0
0.0022405,1,1,1,1,1,1,1,1,0,1,0,0,1,0,0,0
0.00224052,1,1,1,1,1,1,1,0,0,1,0,0,1,0,0,0
0.00224054,1,0,0,0,1,0,0,0,0,1,0,0,1,0,0,0
0.00224058,1,0,1,1,1,0,0,0,0,1,0,0,1,0,0,0
0.00224062,1,0,1,0,1,0,0,0,0,1,0,0,1,0,0,0
0.00224066,1,0,1,1,1,0,0,0,0,1,0,0,1,0,0,0
0.0022407,1,0,1,0,1,0,0,0,0,1,0,0,1,0,0,0
0.00224074,1,0,1,1,1,0,0,0,0,1,0,0,1,0,0,0
0.00224076,1,0,1,0,1,0,0,0,0,1,0,0,1,0,0,0
0.00224082,1,0,1,1,1,0,0,0,0,0,0,0,1,0,0,0
0.00224084,1,0,1,0,1,0,0,0,1,0,0,0,1,0,0,0
0.00224086,1,0,0,0,1,0,0,0,1,0,0,0,1,0,0,0
0.00224088,1,0,1,1,1,0,0,0,1,0,0,0,1,0,0,0
0.0022409,1,0,1,0,1,0,0,0,0,0,0,0,0,0,0,0
0.00224092,1,0,0,0,1,0,0,0,1,0,0,0,1,0,0,0
0.00224096,1,0,1,1,1,0,0,0,1,0,0,0,1,0,0,0
0.00224098,1,0,1,0,1,0,0,0,1,0,0,0,1,0,0,0
0.002241,1,0,0,0,1,0,0,0,1,0,0,0,1,0,0,0
0.00224102,1,0,1,0,1,0,0,0,1,0,0,0,1,0,0,0
0.00224108,1,0,0,0,1,0,0,0,1,0,0,0,1,0,0,0
0.00224136,1,1,1,1,1,1,1,0,1,0,0,0,1,0,0,0
0.00224138,1,1,1,1,1,1,1,1,1,0,0,0,1,0,0,0
0.00224142,0,0,1,1,1,0,1,0,1,0,0,0,1,0,0,0
0.00224146,1,1,1,1,1,1,1,0,1,0,0,0,1,0,0,0
0.00224148,0,1,1,1,1,1,1,0,1,0,0,0,1,0,0,0
0.0022415,0,0,1,1,1,0,1,0,1,0,0,0,1,0,0,0
0.00224154,0,1,1,1,1,0,1,0,1,0,0,0,1,0,0,0
0.00224156,0,0,1,1,1,0,1,0,1,0,0,0,1,0,0,0
0.00224232,1,1,1,1,1,0,1,0,1,0,0,0,1,0,0,0
0.00224236,1,1,1,1,1,1,1,1,1,0,0,0,1,0,0,0
0.0022424,1,1,1,1,1,1,0,0,1,0,0,0,1,0,0,0
0.00224242,0,1,1,1,1,1,0,0,1,0,0,0,1,0,0,0
0.00224244,1,1,1,1,1,1,0,0,1,0,0,0,1,0,0,0
0.00224246,0,1,1,1,1,1,0,0,1,0,0,0,1,0,0,0
0.00224278,0,1,1,1,1,1,0,0,0,1,1,1,1,1,0,0
0.00224332,1,1,1,1,1,1,1,0,0,1,1,1,1,1,0,0
0.00224336,1,1,1,1,1,1,1,1,0,1,1,1,1,1,0,0
0.00224338,0,0,0,0,1,0,1,0,0,1,1,1,1,1,0,0
0.00224342,1,1,1,1,1,1,1,1,0,1,1,1,1,1,0,0
0.00224344,1,0,0,0,1,0,1,0,0,1,1,1,1,1,0,0
0.00224346,0,0,0,0,1,0,1,0,0,1,1,1,1,1,0,0
0.00224428,1,1,1,1,1,0,1,0,0,1,1,1,1,1,0,0
0.0022443,1,1,1,1,1,1,1,1,0,1,1,1,1,1,0,0
0.00224436,0,0,0,0,0,0,0,1,0,1,1,1,1,1,0,0
0.0022444,1,1,1,1,0,1,1,1,0,1,1,1,1,1,0,0
0.00224442,1,1,1,1,0,1,0,1,0,1,1,1,1,1,0,0
0.00224444,0,0,0,0,0,0,0,1,0,1,1,1,1,1,0,0
0.00224448,1,1,1,1,0,1,0,1,0,1,1,1,1,1,0,0
0.0022445,0,0,1,1,0,1,0,1,0,1,1,1,1,1,0,0
0.00224452,0,0,0,0,0,0,0,1,0,1,1,1,1,1,0,0
0.00224456,0,0,1,0,0,0,0,1,0,1,1,1,1,1,0,0
0.0022446,0,0,0,0,0,0,0,1,0,1,1,1,1,1,0,0
0.00224526,1,0,1,0,0,0,0,1,0,1,1,1,1,1,0,0
0.00224528,1,1,1,1,1,1,1,1,0,1,1,1,1,1,0,0
0.00224534,0,0,0,0,0,0,1,0,0,1,1,1,1,1,0,0
0.00224538,0,0,1,0,0,0,1,0,0,1,1,1,1,1,0,0
0.0022454,1,1,1,1,0,1,1,0,0,1,1,1,1,1,0,0
0.00224542,0,0,0,0,0,0,1,0,0,1,1,1,1,1,0,0
0.00224624,1,1,1,1,0,1,1,0,0,1,1,1,1,1,0,0
0.00224626,0,0,0,0,0,0,1,0,0,1,1,1,1,1,0,0
0.0022463,1,0,0,0,1,0,1,0,0,1,1,1,1,1,0,0
0.00224632,1,1,1,1,1,1,1,0,0,1,1,1,1,1,0,0
0.00224634,1,0,0,0,1,0,1,0,0,1,1,1,1,1,0,0
0.0022472,1,0,1,0,1,0,1,0,0,1,1,1,1,1,0,0
0.00224722,1,1,1,1,1,1,1,0,0,1,1,1,1,1,0,0
0.00224724,1,1,1,1,1,1,1,1,0,1,1,1,1,1,0,0
0.00224728,0,1,1,1,0,1,0,1,0,1,1,1,1,1,0,0
0.0022473,0,0,0,0,0,0,0,1,0,1,1,1,1,1,0,0
0.00224732,0,0,1,0,0,1,0,1,0,1,1,1,1,1,0,0
0.00224734,1,1,1,1,0,1,1,1,0,1,1,1,1,1,0,0
0.00224736,1,1,1,1,0,1,0,1,0,1,1,1,1,1,0,0
0.00224738,0,0,0,0,0,0,0,1,0,1,1,1,1,1,0,0
0.0022474,0,0,1,0,0,0,0,1,0,1,1,1,1,1,0,0
0.00224742,1,0,1,1,0,1,0,1,0,1,1,1,1,1,0,0
0.00224744,0,0,1,1,0,0,0,1,0,1,1,1,1,1,0,0
0.00224746,0,0,1,0,0,0,0,1,0,1,1,1,1,1,0,0
0.0022475,0,0,1,1,0,0,0,1,0,1,1,1,1,1,0,0
0.00224752,0,0,1,0,0,0,0,1,0,1,1,1,1,1,0,0
0.00224762,0,0,0,0,0,0,0,1,0,1,1,1,1,1,0,0
0.00224764,0,0,1,0,0,0,0,1,0,1,1,1,1,1,0,0
0.00224768,0,0,0,0,0,0,0,1,0,1,1,1,1,1,0,0
0.00224774,0,0,1,0,0,0,0,1,0,1,1,1,1,1,0,0
0.00224776,0,0,0,0,0,0,0,1,0,1,1,1,1,1,0,0
0.00224818,1,0,1,1,1,0,0,1,0,1,1,1,1,1,0,0
0.0022482,1,1,1,1,0,1,0,1,0,1,1,1,1,1,0,0
0.00224822,1,1,1,1,1,1,1,1,0,1,1,1,1,1,0,0
0.00224826,0,0,0,0,0,0,0,1,0,1,1,1,1,1,0,0
0.0022483,1,1,1,1,0,1,1,1,0,1,1,1,1,1,0,0
0.00224834,0,0,0,0,0,0,0,1,0,1,1,1,1,1,0,0
0.00224918,1,1,1,1,1,1,1,1,0,1,1,1,1,1,0,0
0.00224922,0,0,0,0,0,0,0,1,0,1,1,1,1,1,0,0
0.00224928,1,0,0,0,0,0,0,1,0,1,1,1,1,1,0,0
0.0022493,0,0,0,0,0,0,0,1,0,1,1,1,1,1,0,0
0.00225018,1,0,1,1,0,0,1,0,0,1,1,1,1,1,0,0
0.0022502,0,0,0,0,0,0,1,0,0,1,1,1,1,1,0,0
0.00225114,0,1,1,1,0,1,1,1,0,1,1,1,1,1,0,0
0.00225116,1,1,1,1,1,1,0,0,0,1,1,1,1,1,0,0
0.00225118,0,1,1,1,0,1,0,0,0,1,1,1,1,1,0,0
0.00225216,1,1,1,1,0,1,0,1,0,1,1,1,1,1,0,0
0.00225218,1,0,0,0,0,0,0,1,0,1,1,1,1,1,0,0
0.0022522,1,0,0,1,0,0,0,1,0,1,1,1,1,1,0,0
0.00225222,1,1,1,1,1,1,1,1,0,1,1,1,1,1,0,0
0.00225224,1,0,0,0,0,0,0,1,0,1,1,1,1,1,0,0
0.00225254,1,0,0,0,0,0,0,1,0,0,0,0,0,0,0,0
0.00225256,1,0,0,0,0,0,0,1,1,0,0,0,0,0,0,1
0.00225262,1,0,0,0,0,0,0,1,1,0,0,0,0,0,0,0
0.00225264,1,0,0,0,0,0,0,1,1,0,0,0,0,0,0,1
0.00225306,1,0,1,0,0,0,0,1,1,0,0,0,0,0,0,1
0.00225308,1,1,1,1,1,1,1,1,1,0,0,0,0,0,0,1
0.0022531,0,1,1,1,0,1,0,0,1,0,0,0,0,0,0,1
0.00225412,1,1,1,1,1,1,1,1,1,0,0,0,0,0,0,1
0.00225416,0,1,0,0,1,0,1,1,1,0,0,0,0,0,0,1
0.0022545,0,1,0,0,1,0,1,1,0,1,0,0,1,0,1,1
0.00225502,1,1,1,1,1,0,1,1,0,1,0,0,1,0,1,1
0.00225506,1,1,1,1,1,1,1,1,0,1,0,0,1,0,1,1
0.00225508,1,1,1,1,1,1,1,0,0,1,0,0,1,0,1,1
0.0022551,0,1,1,1,0,1,0,0,0,1,0,0,1,0,1,1
0.00225514,1,1,1,1,0,1,0,0,0,1,0,0,1,0,1,1
0.00225516,0,1,1,1,0,1,0,0,0,1,0,0,1,0,1,1
0.00225602,1,1,1,1,0,1,1,0,0,1,0,0,1,0,1,1
0.00225604,1,1,1,1,1,1,1,1,0,1,0,0,1,0,1,1
0.00225698,0,0,0,0,0,0,0,0,0,1,0,0,1,0,1,1
0.00225702,1,0,1,0,0,0,0,0,0,1,0,0,1,0,1,1
0.00225704,0,0,0,0,0,0,0,0,0,1,0,0,1,0,1,1
0.00225794,1,0,1,0,0,0,0,0,0,1,0,0,1,0,1,1
0.00225796,0,0,0,0,0,0,0,0,0,1,0,0,1,0,1,1
0.00225798,0,1,1,1,0,1,0,0,0,1,0,0,1,0,1,1
0.002258,1,1,1,1,1,1,0,0,0,1,0,0,1,0,1,1
0.00225802,1,1,1,1,1,1,1,1,0,1,0,0,1,0,1,1
0.00225806,1,1,1,0,1,1,1,0,0,1,0,0,1,0,1,1
0.00225808,0,1,0,0,1,1,0,0,0,1,0,0,1,0,1,1
0.00225812,1,1,1,1,1,1,1,1,0,1,0,0,1,0,1,1
0.00225814,0,1,0,0,1,1,0,0,0,1,0,0,1,0,1,1
0.0022584,0,1,0,0,1,1,0,0,0,1,0,0,1,0,0,0
0.00225842,0,1,0,0,1,1,0,0,0,1,0,0,1,1,0,0
0.00225892,1,1,0,0,1,1,0,0,0,1,0,0,1,1,0,0
0.00225894,0,1,1,1,1,1,0,0,0,1,0,0,1,1,0,0
0.00225896,1,1,1,1,1,1,1,1,0,1,0,0,1,1,0,0
0.002259,1,1,0,0,1,0,1,0,0,1,0,0,1,1,0,0
0.00225904,1,1,1,1,1,0,1,1,0,1,0,0,1,1,0,0
0.00225906,1,1,0,0,1,0,1,0,0,1,0,0,1,1,0,0
0.00225992,1,1,1,1,1,1,1,1,0,1,0,0,1,1,0,0
0.00225998,1,1,0,1,0,0,0,0,0,1,0,0,1,1,0,0
0.00226002,1,1,1,1,0,1,1,1,0,1,0,0,1,1,0,0
0.00226004,1,1,0,1,0,0,0,0,0,1,0,0,1,1,0,0
0.0022601,1,1,1,1,0,0,0,0,0,1,0,0,1,1,0,0
0.00226012,1,1,0,1,0,0,0,0,0,1,0,0,1,1,0,0
0.0022609,1,1,1,1,1,1,1,1,0,1,0,0,1,1,0,0
0.0022619,0,0,1,1,1,1,1,1,0,1,0,0,1,1,0,0
0.00226192,0,0,0,1,1,0,1,0,0,1,0,0,1,1,0,0
0.00226194,1,1,1,1,1,1,1,1,0,1,0,0,1,1,0,0
0.00226196,1,1,1,0,1,1,1,1,0,1,0,0,1,1,0,0
0.00226198,0,1,1,0,0,1,0,1,0,1,0,0,1,1,0,0
0.00226202,0,1,1,1,0,1,0,1,0,1,0,0,1,1,0,0
0.00226204,0,1,1,0,0,1,0,1,0,1,0,0,1,1,0,0
0.0022623,0,1,1,0,0,1,0,1,0,1,0,0,0,1,0,0
0.00226232,0,1,1,0,0,1,0,1,0,1,1,0,0,1,0,1
0.00226238,0,1,1,0,0,1,0,1,0,1,1,0,0,1,0,0
0.0022624,0,1,1,0,0,1,0,1,0,1,1,0,0,1,0,1
0.00226284,1,1,1,1,0,1,0,1,0,1,1,0,0,1,0,1
0.00226286,1,1,1,1,1,1,1,1,0,1,1,0,0,1,0,1
0.00226292,0,0,0,0,1,0,1,0,0,1,1,0,0,1,0,1
0.00226296,1,1,1,1,1,1,1,1,0,1,1,0,0,1,0,1
0.00226298,1,0,1,1,1,1,1,0,0,1,1,0,0,1,0,1
0.002263,0,0,0,0,1,0,1,0,0,1,1,0,0,1,0,1
0.00226304,1,0,1,1,1,1,1,0,0,1,1,0,0,1,0,1
0.00226306,0,0,0,1,1,0,1,0,0,1,1,0,0,1,0,1
0.00226308,0,0,0,0,1,0,1,0,0,1,1,0,0,1,0,1
0.00226312,0,0,0,1,1,0,1,0,0,1,1,0,0,1,0,1
0.00226314,0,0,0,0,1,0,1,0,0,1,1,0,0,1,0,1
0.0022632,0,0,0,1,1,0,1,0,0,1,1,0,0,1,0,1
0.00226322,0,0,0,0,1,0,1,0,0,1,1,0,0,1,0,1
0.00226326,0,0,0,1,1,0,1,0,0,1,1,0,0,1,0,1
0.00226328,0,0,0,0,1,0,1,0,0,1,1,0,0,1,0,1
0.00226382,1,1,1,1,1,0,1,1,0,1,1,0,0,1,0,1
0.00226384,1,1,1,1,1,1,1,1,0,1,1,0,0,1,0,1
0.00226386,0,1,1,0,0,1,0,1,0,1,1,0,0,1,0,1
0.00226388,0,0,0,0,0,0,0,1,0,1,1,0,0,1,0,1
0.00226392,1,1,1,1,0,1,0,1,0,1,1,0,0,1,0,1
0.00226394,0,0,1,1,0,1,0,1,0,1,1,0,0,1,0,1
0.00226396,0,0,0,0,0,0,0,1,0,1,1,0,0,1,0,1
0.002264,0,0,0,0,0,1,0,1,0,1,1,0,0,1,0,1
0.00226402,0,0,0,0,0,0,0,1,0,1,1,0,0,1,0,1
0.0022648,1,0,1,1,0,0,0,1,0,1,1,0,0,1,0,1
0.00226482,1,1,1,1,1,1,1,1,0,1,1,0,0,1,0,1
0.00226486,1,0,1,1,0,1,1,0,0,1,1,0,0,1,0,1
0.00226488,0,0,0,0,0,0,1,0,0,1,1,0,0,1,0,1
0.0022649,0,1,1,0,0,1,1,0,0,1,1,0,0,1,0,1
0.00226492,1,1,1,1,1,1,1,0,0,1,1,0,0,1,0,1
0.00226494,1,1,1,1,0,1,1,0,0,1,1,0,0,1,0,1
0.00226496,0,0,0,0,0,0,1,0,0,1,1,0,0,1,0,1
0.00226498,0,0,1,0,0,0,1,0,0,1,1,0,0,1,0,1
0.002265,1,1,1,1,0,1,1,0,0,1,1,0,0,1,0,1
0.00226502,0,0,1,1,0,1,1,0,0,1,1,0,0,1,0,1
0.00226504,0,0,0,0,0,0,1,0,0,1,1,0,0,1,0,1
0.00226508,0,0,1,0,0,1,1,0,0,1,1,0,0,1,0,1
0.0022651,0,0,1,0,0,0,1,0,0,1,1,0,0,1,0,1
0.00226512,0,0,0,0,0,0,1,0,0,1,1,0,0,1,0,1
0.00226516,0,0,1,0,0,0,1,0,0,1,1,0,0,1,0,1
0.00226518,0,0,0,0,0,0,1,0,0,1,1,0,0,1,0,1
0.00226576,1,1,1,1,0,1,1,0,0,1,1,0,0,1,0,1
0.00226578,1,1,1,1,1,1,1,1,0,1,1,0,0,1,0,1
0.0022668,0,0,0,0,0,0,1,0,0,1,1,0,0,1,0,1
0.00226684,1,1,1,1,0,1,1,1,0,1,1,0,0,1,0,1
0.00226688,0,0,0,0,0,0,1,0,0,1,1,0,0,1,0,1
0.00226692,1,1,1,1,0,1,1,0,0,1,1,0,0,1,0,1
0.00226694,0,0,1,1,0,1,1,0,0,1,1,0,0,1,0,1
0.00226696,0,0,1,0,0,0,1,0,0,1,1,0,0,1,0,1
0.00226698,0,0,0,0,0,0,1,0,0,1,1,0,0,1,0,1
0.002267,0,0,1,1,0,1,1,0,0,1,1,0,0,1,0,1
0.00226704,0,0,1,0,0,0,1,0,0,1,1,0,0,1,0,1
0.00226714,0,0,0,0,0,0,1,0,0,1,1,0,0,1,0,1
0.00226716,0,0,1,0,0,0,1,0,0,1,1,0,0,1,0,1
0.0022672,0,0,0,0,0,0,1,0,0,1,1,0,0,1,0,1
0.00226722,0,0,1,0,0,0,1,0,0,1,1,0,0,1,0,1
0.00226724,0,0,0,0,0,0,1,0,0,1,1,0,0,1,0,1
0.00226726,0,0,1,0,0,0,1,0,0,1,1,0,0,1,0,1
0.0022673,0,0,0,0,0,0,1,0,0,1,1,0,0,1,0,1
0.00226734,0,0,1,0,0,0,1,0,0,1,1,0,0,1,0,1
0.00226736,0,0,0,0,0,0,1,0,0,1,1,0,0,1,0,1
0.00226782,0,1,1,0,0,0,1,0,0,1,1,0,0,1,0,1
0.00226784,1,1,1,1,1,1,0,1,0,1,1,0,0,1,0,1
0.00226786,0,1,1,0,0,1,0,1,0,1,1,0,0,1,0,1
0.00226816,0,1,1,0,0,1,0,1,0,1,1,0,0,1,0,0
0.00226818,0,1,1,0,0,1,0,1,0,1,1,0,0,1,0,1
0.00226824,0,1,1,0,0,1,0,1,0,1,1,0,0,1,0,0
0.00226826,0,1,1,0,0,1,1,1,0,1,1,0,0,1,1,1
0.00226828,1,1,1,1,1,1,0,1,0,1,1,0,0,1,0,1
0.0022683,0,1,1,0,0,1,0,1,0,1,1,0,0,1,0,1
0.00226834,0,1,1,1,0,1,0,1,0,1,1,0,0,1,0,1
0.00226836,0,1,1,0,0,1,0,1,0,1,1,0,0,1,0,1
0.0022687,1,1,1,1,1,1,0,1,0,1,1,0,0,1,0,1
0.00226872,1,1,1,1,1,1,1,1,0,1,1,0,0,1,0,1
0.00226878,1,0,0,0,1,0,1,0,0,1,1,0,0,1,0,1
0.00226882,1,1,1,1,1,1,1,1,0,1,1,0,0,1,0,1
0.00226884,1,0,0,0,1,0,1,0,0,1,1,0,0,1,0,1
0.0022689,1,0,1,1,1,0,1,0,0,1,1,0,0,1,0,1
0.00226892,1,0,0,0,1,0,1,0,0,1,1,0,0,1,0,1
0.00226968,1,1,1,1,1,1,1,1,0,1,1,0,0,1,0,1
0.00226972,1,0,1,0,0,1,0,1,0,1,1,0,0,1,0,1
0.00226974,0,0,0,0,0,0,0,1,0,1,1,0,0,1,0,1
0.00226978,1,1,1,1,0,1,0,1,0,1,1,0,0,1,0,1
0.0022698,0,0,1,1,0,1,0,1,0,1,1,0,0,1,0,1
0.00226982,0,0,0,0,0,0,0,1,0,1,1,0,0,1,0,1
0.00226986,0,0,1,0,0,0,0,1,0,1,1,0,0,1,0,1
0.00226988,0,0,0,0,0,0,0,1,0,1,1,0,0,1,0,1
0.00227066,1,1,1,1,1,1,0,1,0,1,1,0,0,1,0,1
0.00227068,1,1,1,1,1,1,1,1,0,1,1,0,0,1,0,1
0.00227072,0,0,0,0,0,0,0,1,0,1,1,0,0,1,0,1
0.00227076,1,1,1,1,0,1,1,1,0,1,1,0,0,1,0,1
0.0022708,1,1,1,1,0,1,0,1,0,1,1,0,0,1,0,1
0.00227082,0,0,0,0,0,0,0,1,0,1,1,0,0,1,0,1
0.00227084,1,1,1,1,0,1,0,1,0,1,1,0,0,1,0,1
0.00227104,1,0,1,1,0,0,0,1,0,1,1,0,0,1,0,1
0.00227106,1,1,1,1,0,0,0,1,0,1,1,0,0,1,0,1
0.00227108,1,1,1,1,0,1,0,1,0,1,1,0,0,1,0,1
0.0022711,1,1,1,1,0,0,0,1,0,1,1,0,0,1,0,1
0.00227114,1,0,1,1,0,0,0,1,0,1,1,0,0,1,0,1
0.00227116,1,1,1,1,0,0,0,1,0,1,1,0,0,1,0,1
0.00227118,1,0,1,1,0,0,0,1,0,1,1,0,0,1,0,1
0.00227132,0,0,1,0,0,0,0,1,0,1,1,0,0,1,0,1
0.00227134,1,0,1,1,0,0,0,1,0,1,1,0,0,1,0,1
0.00227136,0,0,1,0,0,0,0,1,0,1,1,0,0,1,0,1
0.00227162,1,1,1,1,1,1,1,1,0,1,1,0,0,1,0,1
0.00227266,0,0,0,0,0,0,0,1,0,1,1,0,0,1,0,1
0.0022727,1,1,1,1,1,1,1,1,0,1,1,0,0,1,0,1
0.00227272,1,1,1,1,0,1,1,1,0,1,1,0,0,1,0,1
0.00227274,0,0,0,0,0,0,0,1,0,1,1,0,0,1,0,1
0.00227278,1,1,1,1,0,1,1,1,0,1,1,0,0,1,0,1
0.0022728,1,0,1,1,0,1,0,1,0,1,1,0,0,1,0,1
0.00227282,0,0,1,0,0,0,0,1,0,1,1,0,0,1,0,1
0.00227286,0,0,1,1,0,0,0,1,0,1,1,0,0,1,0,1
0.0022729,0,0,1,0,0,0,0,1,0,1,1,0,0,1,0,1
0.00227294,0,0,1,1,0,0,0,1,0,1,1,0,0,1,0,1
0.002273,0,0,1,0,0,0,0,1,0,1,1,0,0,1,0,1
0.00227302,0,0,1,1,0,0,0,1,0,1,1,0,0,1,0,1
0.00227304,0,0,1,0,0,0,0,1,0,1,1,0,0,1,0,1
0.00227306,0,0,1,1,0,0,0,1,0,1,1,0,0,1,0,1
0.00227308,0,0,1,0,0,0,0,1,0,1,1,0,0,1,0,1
0.00227332,0,0,0,0,0,0,0,1,0,1,1,0,0,1,0,1
0.00227334,0,0,1,0,0,0,0,1,0,1,1,0,0,1,0,1
0.00227336,0,0,0,0,0,0,0,1,0,1,1,0,0,1,0,1
0.00227348,0,0,1,0,0,0,0,1,0,1,1,0,0,1,0,1
0.0022735,0,0,0,0,0,0,0,1,0,1,1,0,0,1,0,1
0.00227368,0,1,1,0,0,1,0,1,0,1,1,0,0,1,0,1
0.0022737,1,1,1,1,1,1,1,1,0,1,1,0,0,1,0,1
0.00227372,0,1,1,1,0,1,0,1,0,1,1,0,0,1,0,1
0.00227374,0,1,1,0,0,1,0,1,0,1,1,0,0,1,0,1
0.00227378,1,1,1,1,0,1,0,1,0,1,1,0,0,1,0,1
0.0022738,0,1,1,0,0,1,0,1,0,1,1,0,0,1,0,1
0.00227402,0,1,1,0,0,1,0,1,0,1,1,0,0,1,0,0
0.00227404,0,1,1,0,0,1,0,1,0,1,1,0,0,1,0,1
0.0022741,0,1,1,0,0,1,0,1,0,1,1,0,0,1,0,0
0.00227412,0,1,1,0,0,1,0,1,0,1,1,0,0,1,0,1
0.00227454,1,1,1,1,0,1,0,1,0,1,1,0,0,1,0,1
0.00227456,1,1,1,1,1,1,1,1,0,1,1,0,0,1,0,1
0.00227462,0,0,0,0,1,0,1,0,0,1,1,0,0,1,0,1
0.00227464,0,0,0,0,0,0,1,0,0,1,1,0,0,1,0,1
0.00227466,1,1,1,1,0,1,1,0,0,1,1,0,0,1,0,1
0.00227468,1,1,1,1,1,1,1,0,0,1,1,0,0,1,0,1
0.0022747,1,1,1,1,0,1,1,0,0,1,1,0,0,1,0,1
0.00227472,0,0,0,0,0,0,1,0,0,1,1,0,0,1,0,1
0.00227474,1,1,1,1,0,0,1,0,0,1,1,0,0,1,0,1
0.00227476,1,1,1,1,0,1,1,0,0,1,1,0,0,1,0,1
0.00227478,1,1,1,1,0,0,1,0,0,1,1,0,0,1,0,1
0.00227512,0,1,1,1,0,0,1,0,0,1,1,0,0,1,0,1
0.00227514,1,1,1,1,0,0,1,0,0,1,1,0,0,1,0,1
0.00227516,0,1,1,1,0,0,1,0,0,1,1,0,0,1,0,1
0.00227522,1,1,1,1,0,0,1,0,0,1,1,0,0,1,0,1
0.00227524,0,1,1,1,0,0,1,0,0,1,1,0,0,1,0,1
0.00227526,0,0,1,1,0,0,1,0,0,1,1,0,0,1,0,1
0.00227528,0,1,1,1,0,0,1,0,0,1,1,0,0,1,0,1
0.0022753,0,0,1,1,0,0,1,0,0,1,1,0,0,1,0,1
0.00227544,0,1,1,1,0,0,1,0,0,1,1,0,0,1,0,1
0.00227546,0,0,1,1,0,0,1,0,0,1,1,0,0,1,0,1
0.00227548,0,0,1,0,0,0,1,0,0,1,1,0,0,1,0,1
0.0022755,0,1,1,1,0,0,1,0,0,1,1,0,0,1,0,1
0.00227552,0,0,1,0,0,0,1,0,0,1,1,0,0,1,0,1
0.00227554,1,1,1,1,1,1,1,1,0,1,1,0,0,1,0,1
0.00227558,0,0,0,0,0,0,0,1,0,1,1,0,0,1,0,1
0.00227562,1,1,1,1,0,1,0,1,0,1,1,0,0,1,0,1
0.00227564,1,1,1,1,1,1,1,1,0,1,1,0,0,1,0,1
0.00227566,1,1,1,1,0,1,0,1,0,1,1,0,0,1,0,1
0.00227568,0,0,0,0,0,0,0,1,0,1,1,0,0,1,0,1
0.0022757,1,1,1,1,0,1,0,1,0,1,1,0,0,1,0,1
0.00227576,0,0,1,1,0,1,0,1,0,1,1,0,0,1,0,1
0.00227578,1,1,1,1,0,1,0,1,0,1,1,0,0,1,0,1
0.00227582,0,1,1,1,0,1,0,1,0,1,1,0,0,1,0,1
0.00227584,0,0,1,1,0,1,0,1,0,1,1,0,0,1,0,1
0.00227586,0,1,1,1,0,1,0,1,0,1,1,0,0,1,0,1
0.0022759,0,0,1,1,0,1,0,1,0,1,1,0,0,1,0,1
0.0022762,0,0,1,0,0,1,0,1,0,1,1,0,0,1,0,1
0.00227622,0,0,1,1,0,1,0,1,0,1,1,0,0,1,0,1
0.00227626,0,0,1,0,0,0,0,1,0,1,1,0,0,1,0,1
0.00227648,0,0,0,0,0,0,0,1,0,1,1,0,0,1,0,1
0.0022765,1,1,1,1,0,0,0,1,0,1,1,0,0,1,0,1
0.00227652,1,1,1,1,1,1,1,1,0,1,1,0,0,1,0,1
0.00227658,0,1,1,1,0,1,0,0,0,1,1,0,0,1,0,1
0.00227662,1,1,1,1,1,1,1,1,0,1,1,0,0,1,0,1
0.00227664,0,1,1,1,0,1,0,0,0,1,1,0,0,1,0,1
0.00227748,1,1,1,1,0,1,1,0,0,1,1,0,0,1,0,1
0.0022775,1,1,1,1,1,1,1,1,0,1,1,0,0,1,0,1
0.00227852,0,1,1,1,0,1,0,0,0,1,1,0,0,1,0,1
0.00227856,1,1,1,1,0,1,1,1,0,1,1,0,0,1,0,1
0.00227858,0,1,1,1,0,1,0,0,0,1,1,0,0,1,0,1
0.00227954,1,1,1,1,1,1,1,1,0,1,1,0,0,1,0,1
0.00227956,0,0,1,0,1,0,0,0,0,1,1,0,0,1,0,1
0.0022796,1,0,1,0,1,0,1,0,0,1,1,0,0,1,0,1
0.00227962,0,0,1,0,1,0,0,0,0,1,1,0,0,1,0,1
0.00227988,0,0,1,0,1,0,0,0,0,0,1,0,0,0,0,0
0.0022799,0,0,1,0,1,0,0,0,0,0,1,0,1,0,0,0
0.0022804,1,0,1,0,1,0,0,0,0,0,1,0,1,0,0,0
0.00228042,1,0,1,0,1,1,1,1,0,0,1,0,1,0,0,0
0.00228044,1,1,1,1,1,1,1,1,0,0,1,0,1,0,0,0
0.00228146,0,0,0,0,0,0,0,1,0,0,1,0,1,0,0,0
0.0022815,1,0,1,1,0,1,1,1,0,0,1,0,1,0,0,0
0.00228154,0,0,0,0,0,0,0,1,0,0,1,0,1,0,0,0
0.00228238,1,1,1,1,1,0,0,1,0,0,1,0,1,0,0,0
0.0022824,1,1,1,1,1,1,1,1,0,0,1,0,1,0,0,0
0.00228244,1,1,0,0,1,0,0,0,0,0,1,0,1,0,0,0
0.00228248,1,1,1,1,1,1,1,0,0,0,1,0,1,0,0,0
0.0022825,1,1,1,1,1,1,0,0,0,0,1,0,1,0,0,0
0.00228252,1,1,0,0,1,0,0,0,0,0,1,0,1,0,0,0
0.00228254,1,1,1,0,1,0,0,0,0,0,1,0,1,0,0,0
0.00228256,1,1,1,1,1,1,1,0,0,0,1,0,1,0,0,0
0.00228258,1,1,1,0,1,0,0,0,0,0,1,0,1,0,0,0
0.00228264,1,1,1,1,1,0,0,0,0,0,1,0,1,0,0,0
0.00228266,1,1,1,0,1,0,0,0,0,0,1,0,1,0,0,0
0.00228276,1,1,0,0,1,0,0,0,0,0,1,0,1,0,0,0
0.00228278,1,1,1,0,1,0,0,0,0,0,1,0,1,0,0,0
0.00228282,1,1,0,0,1,0,0,0,1,1,0,0,1,0,0,0
0.00228286,1,1,1,1,1,0,0,0,1,1,0,0,1,0,0,0
0.00228288,1,1,1,0,1,0,0,0,0,0,0,0,0,0,0,0
0.0022829,1,1,0,0,1,0,0,0,1,1,0,0,1,0,0,0
0.00228294,1,1,1,1,1,0,0,0,1,1,0,0,1,0,0,0
0.00228296,1,1,0,0,1,0,0,0,1,1,0,0,1,0,0,0
0.002283,1,1,1,0,1,0,0,0,1,1,0,0,1,0,0,0
0.00228304,1,1,0,0,1,0,0,0,1,1,0,0,1,0,0,0
0.00228334,1,1,1,1,1,0,0,0,1,1,0,0,1,0,0,0
0.00228336,1,1,1,1,1,1,1,1,1,1,0,0,1,0,0,0
0.0022834,1,0,1,0,1,1,1,0,1,1,0,0,1,0,0,0
0.00228342,1,0,0,0,1,1,1,0,1,1,0,0,1,0,0,0
0.00228344,1,0,1,1,1,1,1,0,1,1,0,0,1,0,0,0
0.00228346,1,1,1,1,1,1,1,0,1,1,0,0,1,0,0,0
0.00228348,1,0,0,0,1,1,1,0,1,1,0,0,1,0,0,0
0.00228352,1,0,1,1,1,1,1,0,1,1,0,0,1,0,0,0
0.00228354,1,0,0,0,1,1,1,0,1,1,0,0,1,0,0,0
0.00228432,1,1,0,0,1,1,1,0,1,1,0,0,1,0,0,0
0.00228434,1,0,1,1,1,1,1,1,1,1,0,0,1,0,0,0
0.00228436,1,1,1,1,1,1,1,1,1,1,0,0,1,0,0,0
0.0022844,0,1,0,0,1,0,0,0,1,1,0,0,1,0,0,0
0.00228442,0,1,1,0,1,0,0,0,1,1,0,0,1,0,0,0
0.00228444,1,1,1,1,1,1,1,1,1,1,0,0,1,0,0,0
0.00228446,1,1,1,1,1,0,0,0,1,1,0,0,1,0,0,0
0.00228448,0,1,0,0,1,0,0,0,1,1,0,0,1,0,0,0
0.0022845,0,1,1,1,1,0,0,0,1,1,0,0,1,0,0,0
0.00228452,1,1,1,1,1,0,0,0,1,1,0,0,1,0,0,0
0.00228454,0,1,1,1,1,0,0,0,1,1,0,0,1,0,0,0
0.00228476,0,1,1,1,1,0,0,0,0,1,0,0,1,0,0,0
0.0022848,0,1,1,0,1,0,0,0,0,1,0,0,1,0,0,0
0.00228482,1,1,1,1,1,0,0,0,0,1,0,0,1,0,0,0
0.00228484,0,1,1,1,1,0,0,0,0,1,0,0,1,0,0,0
0.00228486,0,1,1,0,1,0,0,0,0,1,0,0,1,0,0,0
0.0022849,1,1,1,1,1,0,0,0,0,1,0,0,1,0,0,0
0.00228492,0,1,1,0,1,0,0,0,0,1,0,0,1,0,0,0
0.00228496,0,1,1,1,1,0,0,0,0,1,0,0,1,0,0,0
0.00228498,0,1,1,0,1,0,0,0,0,1,0,0,1,0,0,0
0.00228528,1,1,0,0,1,0,0,0,0,1,0,0,1,0,0,0
0.0022853,1,1,1,1,1,1,0,0,0,1,0,0,1,0,0,0
0.00228534,1,1,1,1,1,1,1,1,0,1,0,0,1,0,0,0
0.00228536,1,1,0,0,1,1,0,0,0,1,0,0,1,0,0,0
0.0022854,1,1,1,1,1,1,1,0,0,1,0,0,1,0,0,0
0.00228542,1,1,0,0,1,1,0,0,0,1,0,0,1,0,0,0
0.00228546,1,1,1,0,1,1,0,0,0,1,0,0,1,0,0,0
0.0022855,1,1,0,0,1,1,0,0,0,1,0,0,1,0,0,0
0.00228554,1,1,1,0,1,1,0,0,0,1,0,0,1,0,0,0
0.00228556,1,1,0,0,1,1,0,0,0,1,0,0,1,0,0,0
0.00228626,1,1,1,0,1,1,0,0,0,1,0,0,1,0,0,0
0.00228628,1,1,0,0,1,1,1,0,0,1,0,0,1,0,0,0
0.0022863,1,1,1,1,1,1,1,1,0,1,0,0,1,0,0,0
0.00228634,1,0,0,0,1,0,0,0,0,1,0,0,1,0,0,0
0.00228638,1,1,1,1,1,1,1,0,0,1,0,0,1,0,0,0
0.0022864,1,1,1,1,1,1,1,1,0,1,0,0,1,0,0,0
0.00228642,1,0,1,1,1,0,0,0,0,1,0,0,1,0,0,0
0.00228644,1,0,0,0,1,0,0,0,0,1,0,0,1,0,0,0
0.00228646,1,0,1,1,1,0,0,0,0,1,0,0,1,0,0,0
0.0022865,1,0,1,0,1,0,0,0,0,1,0,0,1,0,0,0
0.00228654,1,0,1,1,1,0,0,0,0,1,0,0,1,0,0,0
0.00228658,1,0,1,0,1,0,0,0,0,1,0,0,1,0,0,0
0.0022867,1,0,1,1,1,0,0,0,0,1,0,0,1,0,0,0
0.00228672,1,0,1,0,1,0,0,0,1,0,0,0,1,0,0,0
0.00228674,1,0,0,0,1,0,0,0,1,0,0,0,1,0,0,0
0.00228676,1,0,1,0,1,0,0,0,1,0,0,0,1,0,0,0
0.00228678,1,0,1,0,1,0,0,0,1,0,0,0,0,0,0,0
0.0022868,1,0,0,0,1,0,0,0,1,0,0,0,1,0,0,0
0.00228684,1,0,1,0,1,0,0,0,1,0,0,0,1,0,0,0
0.00228688,1,0,0,0,1,0,0,0,1,0,0,0,1,0,0,0
0.0022869,1,0,1,0,1,0,0,0,1,0,0,0,1,0,0,0
0.00228696,1,0,0,0,1,0,0,0,1,0,0,0,1,0,0,0
0.00228702,1,0,1,0,1,0,0,0,1,0,0,0,1,0,0,0
0.00228704,1,0,0,0,1,0,0,0,1,0,0,0,1,0,0,0
0.00228724,1,1,1,1,1,0,0,0,1,0,0,0,1,0,0,0
0.00228726,1,1,1,1,1,1,1,1,1,0,0,0,1,0,0,0
0.00228732,0,0,1,1,1,0,1,0,1,0,0,0,1,0,0,0
0.00228736,1,1,1,1,1,1,1,1,1,0,0,0,1,0,0,0
0.00228738,0,0,1,1,1,0,1,0,1,0,0,0,1,0,0,0
0.00228822,1,1,1,1,1,0,1,0,1,0,0,0,1,0,0,0
0.00228824,1,1,1,1,1,1,1,1,1,0,0,0,1,0,0,0
0.00228828,1,1,1,1,1,1,1,0,1,0,0,0,1,0,0,0
0.0022883,1,1,1,1,1,1,0,0,1,0,0,0,1,0,0,0
0.00228868,1,1,1,1,1,1,0,0,1,1,1,1,1,1,0,0
0.00228922,1,1,1,1,1,1,1,0,1,1,1,1,1,1,0,0
0.00228924,1,1,1,1,1,1,1,1,1,1,1,1,1,1,0,0
0.00228926,0,0,0,0,1,0,1,0,1,1,1,1,1,1,0,0
0.0022893,0,0,0,0,1,1,1,1,1,1,1,1,1,1,0,0
0.00228932,1,1,1,1,1,1,1,1,1,1,1,1,1,1,0,0
0.00228934,0,0,0,0,1,0,1,0,1,1,1,1,1,1,0,0
0.00229018,1,1,1,1,1,0,1,1,1,1,1,1,1,1,0,0
0.0022902,1,1,1,1,1,1,1,1,1,1,1,1,1,1,0,0
0.00229024,0,0,0,0,0,0,0,1,1,1,1,1,1,1,0,0
0.00229028,1,1,1,1,0,1,0,1,1,1,1,1,1,1,0,0
0.0022903,1,1,1,1,0,1,1,1,1,1,1,1,1,1,0,0
0.00229032,1,0,1,1,0,1,0,1,1,1,1,1,1,1,0,0
0.00229034,0,0,0,0,0,0,0,1,1,1,1,1,1,1,0,0
0.00229036,0,0,1,1,0,1,0,1,1,1,1,1,1,1,0,0
0.00229038,1,0,1,1,0,1,0,1,1,1,1,1,1,1,0,0
0.0022904,0,0,1,0,0,0,0,1,1,1,1,1,1,1,0,0
0.00229042,0,0,0,0,0,0,0,1,1,1,1,1,1,1,0,0
0.00229044,0,0,1,0,0,0,0,1,1,1,1,1,1,1,0,0
0.00229046,0,0,1,0,0,1,0,1,1,1,1,1,1,1,0,0
0.00229048,0,0,1,0,0,0,0,1,1,1,1,1,1,1,0,0
0.0022905,0,0,0,0,0,0,0,1,1,1,1,1,1,1,0,0
0.0022906,0,0,1,0,0,0,0,1,1,1,1,1,1,1,0,0
0.00229062,0,0,0,0,0,0,0,1,1,1,1,1,1,1,0,0
0.00229114,1,0,1,0,0,0,0,1,1,1,1,1,1,1,0,0
0.00229116,0,1,1,1,0,1,1,1,1,1,1,1,1,1,0,0
0.00229118,1,1,1,1,1,1,1,1,1,1,1,1,1,1,0,0
0.00229122,1,0,0,0,0,0,1,0,1,1,1,1,1,1,0,0
0.00229124,0,0,0,0,0,0,1,0,1,1,1,1,1,1,0,0
0.00229126,0,0,1,0,0,1,1,0,1,1,1,1,1,1,0,0
0.00229128,0,1,1,1,1,1,1,0,1,1,1,1,1,1,0,0
0.0022913,0,0,0,0,0,1,1,0,1,1,1,1,1,1,0,0
0.00229132,0,0,0,0,0,0,1,0,1,1,1,1,1,1,0,0
0.00229134,0,0,1,0,0,1,1,0,1,1,1,1,1,1,0,0
0.00229136,0,0,1,1,0,1,1,0,1,1,1,1,1,1,0,0
0.00229138,0,0,0,0,0,1,1,0,1,1,1,1,1,1,0,0
0.0022914,0,0,0,0,0,0,1,0,1,1,1,1,1,1,0,0
0.00229142,0,0,0,0,0,1,1,0,1,1,1,1,1,1,0,0
0.00229154,0,0,0,0,0,0,1,0,1,1,1,1,1,1,0,0
0.00229158,0,0,0,0,0,1,1,0,1,1,1,1,1,1,0,0
0.00229164,0,0,0,0,0,0,1,0,1,1,1,1,1,1,0,0
0.00229212,0,0,1,1,0,1,1,0,1,1,1,1,1,1,0,0
0.00229214,0,1,1,1,0,1,1,0,1,1,1,1,1,1,0,0
0.00229216,0,0,0,0,0,0,1,0,1,1,1,1,1,1,0,0
0.00229218,1,0,0,0,1,0,1,0,1,1,1,1,1,1,0,0
0.0022922,1,0,1,1,1,1,1,0,1,1,1,1,1,1,0,0
0.00229222,1,1,1,1,1,1,1,0,1,1,1,1,1,1,0,0
0.00229224,1,0,0,0,1,0,1,0,1,1,1,1,1,1,0,0
0.0022931,1,1,1,1,1,0,1,0,1,1,1,1,1,1,0,0
0.00229312,1,1,1,1,1,1,1,1,1,1,1,1,1,1,0,0
0.00229318,0,0,0,0,0,0,0,1,1,1,1,1,1,1,0,0
0.00229322,1,1,1,1,0,1,0,1,1,1,1,1,1,1,0,0
0.00229324,1,1,1,1,0,1,1,1,1,1,1,1,1,1,0,0
0.00229326,0,0,1,1,0,1,0,1,1,1,1,1,1,1,0,0
0.00229328,0,0,0,0,0,0,0,1,1,1,1,1,1,1,0,0
0.0022933,0,1,1,1,0,1,0,1,1,1,1,1,1,1,0,0
0.00229334,0,0,1,1,0,1,0,1,1,1,1,1,1,1,0,0
0.0022935,0,0,1,0,0,0,0,1,1,1,1,1,1,1,0,0
0.00229352,0,0,1,1,0,1,0,1,1,1,1,1,1,1,0,0
0.00229356,0,0,1,0,0,0,0,1,1,1,1,1,1,1,0,0
0.0022936,0,0,1,1,0,0,0,1,1,1,1,1,1,1,0,0
0.00229362,0,0,1,0,0,0,0,1,1,1,1,1,1,1,0,0
0.00229382,0,0,0,0,0,0,0,1,1,1,1,1,1,1,0,0
0.00229406,0,0,1,1,1,0,0,1,1,1,1,1,1,1,0,0
0.00229408,1,1,0,0,0,1,1,1,1,1,1,1,1,1,0,0
0.0022941,1,1,1,1,1,1,1,1,1,1,1,1,1,1,0,0
0.00229414,0,0,0,0,0,0,0,0,1,1,1,1,1,1,0,0
0.00229416,0,0,0,0,0,0,0,1,1,1,1,1,1,1,0,0
0.0022942,1,1,1,1,1,1,1,1,1,1,1,1,1,1,0,0
0.00229422,0,0,1,0,0,0,0,1,1,1,1,1,1,1,0,0
0.00229424,0,0,0,0,0,0,0,1,1,1,1,1,1,1,0,0
0.00229428,0,0,1,0,0,0,0,1,1,1,1,1,1,1,0,0
0.0022943,0,0,0,0,0,0,0,1,1,1,1,1,1,1,0,0
0.00229506,1,1,1,1,0,1,1,1,1,1,1,1,1,1,0,0
0.00229508,1,1,1,1,1,1,1,1,1,1,1,1,1,1,0,0
0.0022951,1,1,1,1,0,1,1,1,1,1,1,1,1,1,0,0
0.00229512,0,0,0,0,0,0,0,1,1,1,1,1,1,1,0,0
0.00229516,1,0,1,1,0,0,0,1,1,1,1,1,1,1,0,0
0.00229518,0,0,0,0,0,0,0,1,1,1,1,1,1,1,0,0
0.00229606,0,0,0,0,0,0,1,1,1,1,1,1,1,1,0,0
0.00229608,0,0,0,0,0,0,1,0,1,1,1,1,1,1,0,0
0.00229702,0,0,1,1,1,0,1,0,1,1,1,1,1,1,0,0
0.00229704,1,0,1,1,1,1,1,0,1,1,1,1,1,1,0,0
0.00229706,0,0,1,1,1,0,1,0,1,1,1,1,1,1,0,0
0.00229804,1,0,1,1,1,0,1,0,1,1,1,1,1,1,0,0
0.00229806,1,1,1,1,0,1,1,1,1,1,1,1,1,1,0,0
0.00229808,1,0,0,0,0,0,0,0,1,1,1,1,1,1,0,0
0.0022981,1,0,0,0,0,1,1,0,1,1,1,1,1,1,0,0
0.00229812,1,0,1,0,0,1,0,0,1,1,1,1,1,1,0,0
0.00229814,1,0,0,0,0,1,0,0,1,1,1,1,1,1,0,0
0.00229844,1,0,0,0,0,1,0,0,1,0,0,0,0,1,0,0
0.00229896,1,1,1,1,0,1,0,0,1,0,0,0,0,1,0,0
0.00229898,1,1,1,1,1,1,1,1,1,0,0,0,0,1,0,0
0.00229904,0,0,0,0,0,0,1,0,1,0,0,0,0,1,0,0
0.00229908,1,1,1,1,0,0,1,0,1,0,0,0,0,1,0,0
0.00229912,0,0,0,0,0,0,1,0,1,0,0,0,0,1,0,0
0.00229916,0,0,1,1,0,0,1,0,1,0,0,0,0,1,0,0
0.00229918,0,0,0,0,0,0,1,0,1,0,0,0,0,1,0,0
0.00229994,1,1,1,1,1,1,1,0,1,0,0,0,0,1,0,0
0.00229996,1,1,1,1,1,1,1,1,1,0,0,0,0,1,0,0
0.0023,0,0,0,0,0,0,0,1,1,0,0,0,0,1,0,0
0.00230004,1,1,1,1,0,1,0,1,1,0,0,0,0,1,0,0
0.00230008,1,0,1,0,0,0,0,1,1,0,0,0,0,1,0,0
0.0023001,0,0,0,0,0,0,0,1,1,0,0,0,0,1,0,0
0.00230012,1,0,1,0,0,0,0,1,1,0,0,0,0,1,0,0
0.00230014,1,0,1,1,0,0,0,1,1,0,0,0,0,1,0,0
0.00230016,0,0,1,0,0,0,0,1,1,0,0,0,0,1,0,0
0.00230018,0,0,0,0,0,0,0,1,1,0,0,0,0,1,0,0
0.00230022,0,0,1,0,0,0,0,1,1,0,0,0,0,1,0,0
0.00230024,0,0,0,0,0,0,0,1,1,0,0,0,0,1,0,0
0.00230036,0,0,1,0,0,0,0,1,1,0,0,0,0,1,0,0
0.00230038,0,0,0,0,0,0,0,1,1,0,0,0,0,1,0,0
0.0023009,0,0,1,1,0,0,0,1,1,0,0,0,0,1,0,0
0.00230092,0,1,1,1,0,0,0,1,1,0,0,0,0,1,0,0
0.00230094,1,1,1,1,1,1,1,1,1,0,0,0,0,1,0,0
0.002301,0,0,1,1,1,0,1,0,1,0,0,0,0,1,0,0
0.00230104,1,1,1,1,1,1,1,1,1,0,0,0,0,1,0,0
0.00230106,0,0,1,1,1,0,1,0,1,0,0,0,0,1,0,0
0.00230194,1,0,1,1,1,0,1,0,1,0,0,0,0,1,0,0
0.00230196,1,1,1,1,1,1,1,1,1,0,0,0,0,1,0,0
0.002302,0,1,0,0,1,0,1,1,1,0,0,0,0,1,0,0
0.00230204,1,1,1,0,1,1,1,1,1,0,0,0,0,1,0,0
0.00230208,0,1,0,0,1,0,1,1,1,0,0,0,0,1,0,0
0.00230234,0,1,0,0,1,0,1,1,0,1,0,0,0,0,0,0
0.00230236,0,1,0,0,1,0,1,1,0,1,0,0,1,0,1,1
0.00230286,0,1,1,1,1,0,1,1,0,1,0,0,1,0,1,1
0.00230288,1,1,1,1,1,0,1,1,0,1,0,0,1,0,1,1
0.0023029,1,1,1,1,1,1,1,1,0,1,0,0,1,0,1,1
0.00230292,1,1,1,1,1,1,1,0,0,1,0,0,1,0,1,1
0.00230294,0,0,1,1,1,0,1,0,0,1,0,0,1,0,1,1
0.00230298,1,0,1,1,1,1,1,0,0,1,0,0,1,0,1,1
0.002303,0,0,1,1,1,0,1,0,0,1,0,0,1,0,1,1
0.00230386,1,1,1,1,1,1,1,0,0,1,0,0,1,0,1,1
0.00230388,1,1,1,1,1,1,1,1,0,1,0,0,1,0,1,1
0.00230482,0,0,0,0,0,0,0,0,0,1,0,0,1,0,1,1
0.00230578,1,0,1,0,0,1,0,0,0,1,0,0,1,0,1,1
0.0023058,0,0,0,0,0,0,0,0,0,1,0,0,1,0,1,1
0.00230582,0,0,1,1,1,0,0,0,0,1,0,0,1,0,1,1
0.00230584,0,0,1,1,1,1,1,0,0,1,0,0,1,0,1,1
0.00230586,1,1,1,1,1,1,1,1,0,1,0,0,1,0,1,1
0.0023059,1,1,1,1,1,1,1,0,0,1,0,0,1,0,1,1
0.00230592,0,1,0,0,1,1,0,0,0,1,0,0,1,0,1,1
0.00230596,1,1,1,1,1,1,1,1,0,1,0,0,1,0,1,1
0.00230598,0,1,0,0,1,1,0,0,0,1,0,0,1,0,1,1
0.00230624,0,1,0,0,1,1,0,0,0,1,0,0,1,0,0,0
0.00230626,0,1,0,0,1,1,0,0,0,1,0,0,1,1,0,0
0.00230676,0,1,1,0,1,1,0,0,0,1,0,0,1,1,0,0
0.00230678,1,1,1,1,1,1,1,0,0,1,0,0,1,1,0,0
0.0023068,1,1,1,1,1,1,1,1,0,1,0,0,1,1,0,0
0.00230684,0,1,1,0,1,0,1,0,0,1,0,0,1,1,0,0
0.00230688,1,1,1,1,1,1,1,1,0,1,0,0,1,1,0,0
0.0023069,0,1,1,0,1,0,1,0,0,1,0,0,1,1,0,0
0.00230696,1,1,1,0,1,0,1,0,0,1,0,0,1,1,0,0
0.00230698,0,1,1,0,1,0,1,0,0,1,0,0,1,1,0,0
0.00230776,1,1,1,1,1,1,1,1,0,1,0,0,1,1,0,0
0.00230782,1,1,0,1,0,0,0,0,0,1,0,0,1,1,0,0
0.00230786,1,1,1,1,0,1,0,0,0,1,0,0,1,1,0,0
0.00230788,1,1,0,1,0,0,0,0,0,1,0,0,1,1,0,0
0.00230874,1,1,1,1,1,1,1,1,0,1,0,0,1,1,0,0
0.00230972,1,1,0,1,1,0,0,0,0,1,0,0,1,1,0,0
0.00230974,0,0,0,1,1,0,1,0,0,1,0,0,1,1,0,0
0.00230976,1,1,1,1,1,0,1,0,0,1,0,0,1,1,0,0
0.00230978,1,1,1,1,1,1,1,1,0,1,0,0,1,1,0,0
0.00230982,1,1,1,1,1,1,1,0,0,1,0,0,1,1,0,0
0.00230984,0,1,0,0,1,0,0,0,0,1,0,0,1,1,0,0
0.00230988,1,1,1,0,1,0,0,0,0,1,0,0,1,1,0,0
0.0023099,1,1,0,0,1,0,0,0,0,1,0,0,1,1,0,0
0.00230992,0,1,0,0,1,0,0,0,0,1,0,0,1,1,0,0
0.00230996,1,1,0,0,1,0,0,0,0,1,0,0,1,1,0,0
0.00230998,0,1,0,0,1,0,0,0,0,1,0,0,1,1,0,0
0.00231014,0,1,0,0,1,0,0,0,0,1,0,0,1,0,0,0
0.00231022,0,1,0,0,1,0,0,0,0,0,0,0,0,0,0,0
0.00231024,0,1,0,0,1,0,0,0,0,1,0,0,1,0,0,0
0.0023107,1,1,1,1,1,1,1,1,0,1,0,0,1,0,0,0
0.00231076,1,1,1,1,0,0,0,0,0,1,0,0,1,0,0,0
0.0023108,1,1,1,1,0,1,1,0,0,1,0,0,1,0,0,0
0.00231082,1,1,1,1,0,0,0,0,0,1,0,0,1,0,0,0
0.00231168,1,1,1,1,1,1,1,1,0,1,0,0,1,0,0,0
0.00231172,1,0,0,0,1,0,0,0,0,1,0,0,1,0,0,0
0.00231176,1,1,1,1,1,1,1,0,0,1,0,0,1,0,0,0
0.00231178,1,1,1,1,1,1,1,1,0,1,0,0,1,0,0,0
0.0023118,1,0,1,0,1,0,0,0,0,1,0,0,1,0,0,0
0.00231182,1,0,0,0,1,0,0,0,0,1,0,0,1,0,0,0
0.00231184,1,0,1,0,1,0,0,0,0,1,0,0,1,0,0,0
0.00231186,1,0,1,1,1,1,0,0,0,1,0,0,1,0,0,0
0.00231188,1,0,0,0,1,0,0,0,0,1,0,0,1,0,0,0
0.00231194,1,0,1,0,1,0,0,0,0,1,0,0,1,0,0,0
0.00231196,1,0,0,0,1,0,0,0,0,1,0,0,1,0,0,0
0.0023121,1,0,1,0,1,0,0,0,0,0,0,0,1,0,0,0
0.00231212,1,0,0,0,1,0,0,0,1,0,0,0,1,0,0,0
0.00231216,1,0,1,0,1,0,0,0,1,0,0,0,1,0,0,0
0.00231218,1,0,0,0,1,0,0,0,1,0,0,0,1,0,0,0
0.00231224,1,0,1,0,1,0,0,0,1,0,0,0,1,0,0,0
0.00231226,1,0,0,0,1,0,0,0,1,0,0,0,1,0,0,0
0.00231262,1,1,1,1,1,0,0,0,1,0,0,0,1,0,0,0
0.00231264,1,1,1,1,1,1,1,1,1,0,0,0,1,0,0,0
0.0023127,0,0,0,0,1,1,1,1,1,0,0,0,1,0,0,0
0.00231274,0,1,1,1,1,1,1,1,1,0,0,0,1,0,0,0
0.00231278,0,0,0,0,1,1,1,1,1,0,0,0,1,0,0,0
0.00231282,0,0,1,1,1,1,1,1,1,0,0,0,1,0,0,0
0.00231284,0,0,0,0,1,1,1,1,1,0,0,0,1,0,0,0
0.0023136,1,0,0,0,1,1,1,1,1,0,0,0,1,0,0,0
0.00231362,0,0,1,1,1,1,1,1,1,0,0,0,1,0,0,0
0.00231364,1,1,1,1,1,1,1,1,1,0,0,0,1,0,0,0
0.00231366,1,1,1,1,0,1,1,1,1,0,0,0,1,0,0,0
0.00231368,0,0,0,0,0,0,1,0,1,0,0,0,1,0,0,0
0.0023137,0,0,1,0,0,1,1,0,1,0,0,0,1,0,0,0
0.00231372,1,1,1,1,0,1,1,1,1,0,0,0,1,0,0,0
0.00231376,0,0,0,0,0,0,1,0,1,0,0,0,1,0,0,0
0.0023138,0,0,1,1,0,1,1,0,1,0,0,0,1,0,0,0
0.00231384,0,0,1,0,0,0,1,0,1,0,0,0,1,0,0,0
0.00231388,0,0,1,1,0,1,1,0,1,0,0,0,1,0,0,0
0.00231392,0,0,1,0,0,0,1,0,1,0,0,0,1,0,0,0
0.00231394,0,0,1,0,0,1,1,0,1,0,0,0,1,0,0,0
0.00231396,0,0,1,0,0,0,1,0,1,0,0,0,1,0,0,0
0.002314,0,0,0,0,0,0,1,0,1,0,0,0,1,0,0,0
0.00231402,0,0,1,0,0,0,1,0,1,0,0,0,1,0,0,0
0.00231404,0,0,1,0,0,1,1,0,1,0,0,0,1,0,0,0
0.00231406,0,0,1,0,0,1,1,0,0,0,0,0,0,0,1,0
0.00231408,0,0,0,0,0,0,1,0,0,0,0,0,0,0,1,0
0.00231412,0,0,1,0,0,0,1,0,0,0,0,0,0,0,1,0
0.00231414,0,0,0,0,1,1,1,1,0,0,0,0,1,1,1,0
0.00231416,1,1,1,1,1,1,1,1,0,0,0,0,1,1,1,1
0.00231418,0,0,0,0,0,0,1,0,0,0,0,0,0,0,1,0
0.00231422,1,1,1,1,0,1,1,1,0,0,0,0,0,0,1,0
0.00231426,0,0,0,0,0,0,1,0,0,0,0,0,0,0,1,0
0.0023143,0,0,1,1,0,1,1,0,0,0,0,0,0,0,1,0
0.00231432,0,0,1,0,0,1,1,0,0,0,0,0,0,0,1,0
0.00231434,0,0,0,0,0,0,1,0,0,0,0,0,0,0,1,0
0.00231458,1,1,1,1,0,0,0,0,0,0,0,0,0,0,1,0
0.0023146,0,0,0,0,0,0,0,0,0,0,0,0,0,0,1,0
0.00231464,1,1,1,1,0,1,0,1,0,0,0,0,0,0,1,0
0.00231466,0,0,0,0,0,0,0,0,0,0,0,0,0,0,1,0
0.00231554,1,1,1,1,0,1,0,1,0,0,0,0,0,0,1,0
0.00231556,0,0,0,0,0,0,0,0,0,0,0,0,0,0,1,0
0.0023156,1,1,1,1,1,1,1,1,0,0,0,0,0,0,1,0
0.00231568,0,1,0,0,1,1,0,0,0,0,0,0,0,0,1,0
0.00231574,0,1,1,1,1,1,0,1,0,0,0,0,0,0,1,0
0.00231576,0,1,0,0,1,1,0,0,0,0,0,0,0,0,1,0
0.002316,0,1,0,0,1,1,0,0,0,1,0,0,0,0,0,0
0.00231602,0,1,0,0,1,1,0,0,0,1,0,0,1,1,0,0
0.00231656,1,1,1,1,1,1,1,1,0,1,0,0,1,1,0,0
0.0023166,1,0,0,1,1,0,1,0,0,1,0,0,1,1,0,0
0.00231664,1,0,1,1,1,0,1,0,0,1,0,0,1,1,0,0
0.00231668,1,0,0,1,1,0,1,0,0,1,0,0,1,1,0,0
0.0023175,1,1,1,1,1,0,1,0,0,1,0,0,1,1,0,0
0.00231752,1,1,1,1,1,1,1,1,0,1,0,0,1,1,0,0
0.00231758,1,1,0,1,0,0,0,0,0,1,0,0,1,1,0,0
0.00231762,1,1,1,1,0,1,0,0,0,1,0,0,1,1,0,0
0.00231766,1,1,0,1,0,0,0,0,0,1,0,0,1,1,0,0
0.0023185,1,1,1,1,0,1,1,1,0,1,0,0,1,1,0,0
0.00231852,1,1,1,1,1,1,1,1,0,1,0,0,1,1,0,0
0.00231952,0,0,0,1,1,0,1,0,0,1,0,0,1,1,0,0
0.00231954,0,1,0,1,1,0,1,0,0,1,0,0,1,1,0,0
0.00231956,1,1,1,1,1,1,1,1,0,1,0,0,1,1,0,0
0.00231958,0,1,1,1,1,1,1,0,0,1,0,0,1,1,0,0
0.0023196,0,1,0,0,1,0,0,0,0,1,0,0,1,1,0,0
0.00231964,0,1,1,0,1,1,0,0,0,1,0,0,1,1,0,0
0.00231968,0,1,0,0,1,0,0,0,0,1,0,0,1,1,0,0
0.00231992,0,1,0,0,1,0,0,0,0,1,0,0,1,0,0,0
0.00232044,0,1,1,1,1,0,0,0,0,1,0,0,1,0,0,0
0.00232046,1,1,1,1,1,1,1,1,0,1,0,0,1,0,0,0
0.00232052,1,1,1,1,0,0,0,0,0,1,0,0,1,0,0,0
0.00232056,1,1,1,1,0,1,0,1,0,1,0,0,1,0,0,0
0.00232058,1,1,1,1,0,0,0,0,0,1,0,0,1,0,0,0
0.00232142,1,1,1,1,1,0,0,0,0,1,0,0,1,0,0,0
0.00232144,1,1,1,1,1,1,1,1,0,1,0,0,1,0,0,0
0.00232148,1,0,0,0,1,0,0,0,0,1,0,0,1,0,0,0
0.00232152,1,0,0,0,1,1,0,0,0,1,0,0,1,0,0,0
0.00232154,1,1,1,1,1,1,1,1,0,1,0,0,1,0,0,0
0.00232156,1,0,1,0,1,1,0,0,0,1,0,0,1,0,0,0
0.00232158,1,0,0,0,1,0,0,0,0,1,0,0,1,0,0,0
0.00232162,1,1,1,0,1,1,0,0,0,1,0,0,1,0,0,0
0.00232164,1,0,0,0,1,0,0,0,0,1,0,0,1,0,0,0
0.00232186,1,0,0,0,1,0,0,0,0,0,0,0,1,0,0,0
0.00232188,1,0,0,0,1,0,0,0,1,0,0,0,1,0,0,0
0.00232238,1,1,1,0,1,0,0,0,1,0,0,0,1,0,0,0
0.0023224,1,1,1,1,1,1,1,1,1,0,0,0,1,0,0,0
0.00232246,1,1,1,1,1,0,0,0,1,0,0,0,1,0,0,0
0.0023225,1,1,1,1,1,1,1,1,1,0,0,0,1,0,0,0
0.00232252,1,1,1,1,1,0,0,0,1,0,0,0,1,0,0,0
0.0023234,1,1,1,1,1,1,1,1,1,0,0,0,1,0,0,0
0.00232344,0,0,0,0,0,0,1,0,1,0,0,0,1,0,0,0
0.00232348,0,1,1,1,0,1,1,0,1,0,0,0,1,0,0,0
0.0023235,1,1,1,1,0,1,1,1,1,0,0,0,1,0,0,0
0.00232352,0,0,1,0,0,1,1,0,1,0,0,0,1,0,0,0
0.00232354,0,0,0,0,0,0,1,0,1,0,0,0,1,0,0,0
0.00232356,0,1,1,1,0,1,1,0,1,0,0,0,1,0,0,0
0.0023236,0,0,1,1,0,1,1,0,1,0,0,0,1,0,0,0
0.00232362,0,0,1,0,0,1,1,0,1,0,0,0,1,0,0,0
0.00232364,0,1,1,1,0,1,1,0,1,0,0,0,1,0,0,0
0.00232368,0,0,1,1,0,1,1,0,1,0,0,0,1,0,0,0
0.0023237,0,1,1,1,0,1,1,0,1,0,0,0,1,0,0,0
0.00232372,0,0,1,1,0,1,1,0,1,0,0,0,1,0,0,0
0.00232382,0,1,1,1,0,1,1,0,0,0,0,0,0,0,1,0
0.00232384,0,0,1,0,0,0,1,0,0,0,0,0,0,0,1,0
0.00232388,0,1,1,1,0,1,1,0,0,0,0,0,0,0,1,0
0.0023239,1,1,1,1,1,0,1,0,0,0,0,0,0,0,1,0
0.00232392,1,1,1,1,1,1,1,1,1,1,1,1,1,0,1,0
0.00232394,0,0,0,0,0,0,1,0,0,0,0,0,0,0,1,0
0.00232398,0,1,1,1,0,1,1,0,0,0,0,0,0,0,1,0
0.002324,1,1,1,1,1,1,1,1,0,0,0,0,0,0,1,0
0.00232402,0,0,1,1,0,1,1,0,0,0,0,0,0,0,1,0
0.00232404,0,0,0,0,0,0,1,0,0,0,0,0,0,0,1,0
0.00232406,0,1,1,1,0,1,1,0,0,0,0,0,0,0,1,0
0.0023241,0,0,1,0,0,0,1,0,0,0,0,0,0,0,1,0
0.00232414,0,0,1,1,0,0,1,0,0,0,0,0,0,0,1,0
0.00232418,0,0,1,0,0,0,1,0,0,0,0,0,0,0,1,0
0.00232432,0,0,1,1,0,0,1,0,0,0,0,0,0,0,1,0
0.00232434,1,1,1,1,1,0,0,0,0,0,0,0,0,0,1,0
0.00232436,1,1,1,1,0,0,0,0,0,0,0,0,0,0,1,0
0.00232438,1,1,1,1,1,1,0,1,0,0,0,0,0,0,1,0
0.0023244,1,1,1,1,0,1,0,1,0,0,0,0,0,0,1,0
0.00232442,1,1,1,1,0,0,0,0,0,0,0,0,0,0,1,0
0.00232446,1,1,1,1,0,1,0,0,0,0,0,0,0,0,1,0
0.00232448,1,1,1,1,0,0,0,0,0,0,0,0,0,0,1,0
0.0023253,1,1,1,1,0,1,0,1,0,0,0,0,0,0,1,0
0.00232532,1,1,1,1,0,0,0,0,0,0,0,0,0,0,1,0
0.00232536,1,1,1,1,1,1,1,1,0,0,0,0,0,0,1,0
0.0023254,1,1,1,1,1,0,1,1,0,0,0,0,0,0,1,0
0.00232542,1,1,1,1,1,1,1,1,0,0,0,0,0,0,1,0
0.00232546,0,1,0,0,1,1,0,0,0,0,0,0,0,0,1,0
0.0023255,1,1,1,1,1,1,0,1,0,0,0,0,0,0,1,0
0.00232552,1,1,1,0,1,1,0,0,0,0,0,0,0,0,1,0
0.00232554,0,1,0,0,1,1,0,0,0,0,0,0,0,0,1,0
0.00232558,0,1,1,0,1,1,0,0,0,0,0,0,0,0,1,0
0.0023256,0,1,0,0,1,1,0,0,0,0,0,0,0,0,1,0
0.00232576,0,1,0,0,1,1,0,0,0,0,0,0,0,0,0,0
0.00232578,0,1,0,0,1,1,0,0,0,1,0,0,1,1,0,0
0.00232632,1,1,1,1,1,1,1,1,0,1,0,0,1,1,0,0
0.00232636,1,1,1,1,1,0,1,0,0,1,0,0,1,1,0,0
0.00232638,0,1,0,0,1,0,0,0,0,1,0,0,1,1,0,0
0.0023264,1,1,1,1,1,1,1,1,0,1,0,0,1,1,0,0
0.00232644,1,1,1,1,1,0,0,0,0,1,0,0,1,1,0,0
0.00232646,0,1,0,0,1,0,0,0,0,1,0,0,1,1,0,0
0.00232648,1,1,1,1,1,0,0,0,0,1,0,0,1,1,0,0
0.00232712,0,1,1,1,1,0,0,0,0,1,0,0,1,1,0,0
0.00232714,1,1,1,1,1,0,0,0,0,1,0,0,1,1,0,0
0.00232716,0,1,1,1,1,0,0,0,0,1,0,0,1,1,0,0
0.00232718,1,1,1,1,1,0,0,0,0,1,0,0,1,1,0,0
0.0023272,0,1,1,0,1,0,0,0,0,1,0,0,1,1,0,0
0.00232724,0,1,1,1,1,0,0,0,0,1,0,0,1,1,0,0
0.00232726,1,1,1,1,1,0,0,0,0,1,0,0,1,1,0,0
0.00232728,1,1,1,1,1,1,1,1,0,1,0,0,1,1,0,0
0.00232734,1,1,1,1,0,1,1,0,0,1,0,0,1,1,0,0
0.00232736,1,1,0,0,0,0,0,0,0,1,0,0,1,1,0,0
0.00232738,1,1,1,1,0,0,0,0,0,1,0,0,1,1,0,0
0.0023274,1,1,1,1,0,1,1,1,0,1,0,0,1,1,0,0
0.00232742,1,1,1,0,0,0,0,0,0,1,0,0,1,1,0,0
0.00232744,1,1,0,0,0,0,0,0,0,1,0,0,1,1,0,0
0.00232746,1,1,1,1,0,0,0,0,0,1,0,0,1,1,0,0
0.0023275,1,1,1,0,0,0,0,0,0,1,0,0,1,1,0,0
0.00232752,1,1,0,0,0,0,0,0,0,1,0,0,1,1,0,0
0.00232754,1,1,1,0,0,0,0,0,0,1,0,0,1,1,0,0
0.00232768,1,1,0,0,0,0,0,0,0,1,0,0,1,1,0,0
0.0023277,1,1,1,0,0,0,0,0,0,1,0,0,1,1,0,0
0.00232774,1,1,0,0,0,0,0,0,0,1,0,0,1,1,0,0
0.00232826,1,1,1,1,0,1,1,1,0,1,0,0,1,1,0,0
0.00232828,1,1,1,1,1,1,1,1,0,1,0,0,1,1,0,0
0.00232928,0,0,1,0,1,0,0,0,0,1,0,0,1,1,0,0
0.00232932,1,0,1,1,1,1,1,1,0,1,0,0,1,1,0,0
0.00232934,0,0,1,1,1,1,1,0,0,1,0,0,1,1,0,0
0.00232936,0,0,1,0,1,0,0,0,0,1,0,0,1,1,0,0
0.0023294,0,0,1,1,1,1,0,0,0,1,0,0,1,1,0,0
0.00232942,0,0,1,0,1,0,0,0,0,1,0,0,1,1,0,0
0.00232968,0,0,1,0,1,0,0,0,0,0,1,0,1,0,0,0
0.00232976,0,1,1,0,1,0,0,0,0,0,1,0,1,0,0,0
0.00232978,1,1,1,1,1,1,1,1,0,1,1,0,1,0,0,0
0.0023298,0,0,1,0,1,0,0,0,0,0,1,0,1,0,0,0
0.0023302,1,0,1,0,1,0,0,0,0,0,1,0,1,0,0,0
0.00233022,1,1,1,1,1,1,1,1,0,0,1,0,1,0,0,0
0.00233126,0,0,0,0,0,0,0,1,0,0,1,0,1,0,0,0
0.0023313,1,1,1,1,0,1,1,1,0,0,1,0,1,0,0,0
0.00233134,0,0,0,0,0,0,0,1,0,0,1,0,1,0,0,0
0.00233138,1,0,0,1,0,1,0,1,0,0,1,0,1,0,0,0
0.00233142,0,0,0,1,0,0,0,1,0,0,1,0,1,0,0,0
0.00233182,0,0,0,0,0,0,0,1,0,0,1,0,1,0,0,0
0.00233184,0,0,0,1,0,0,0,1,0,0,1,0,1,0,0,0
0.0023319,0,0,0,0,0,0,0,1,0,0,1,0,1,0,0,0
0.00233206,0,0,0,1,0,0,0,1,0,0,1,0,1,0,0,0
0.00233208,0,0,0,0,0,0,0,1,0,0,1,0,1,0,0,0
0.00233216,1,1,1,1,0,0,0,1,0,0,1,0,1,0,0,0
0.00233218,1,1,1,1,1,1,1,1,0,0,1,0,1,0,0,0
0.00233222,1,1,0,0,1,0,0,0,0,0,1,0,1,0,0,0
0.00233226,1,1,1,1,1,1,1,0,0,0,1,0,1,0,0,0
0.0023323,1,1,0,0,1,0,0,0,0,0,1,0,1,0,0,0
0.00233234,1,1,1,1,1,1,1,0,0,0,1,0,1,0,0,0
0.00233236,1,1,1,1,1,0,0,0,0,0,1,0,1,0,0,0
0.00233238,1,1,0,0,1,0,0,0,0,0,1,0,1,0,0,0
0.00233242,1,1,1,1,1,0,0,0,0,0,1,0,1,0,0,0
0.00233244,1,1,0,0,1,0,0,0,0,0,1,0,1,0,0,0
0.0023326,1,1,0,0,1,0,0,0,0,0,0,0,1,0,0,0
0.00233262,1,1,0,0,1,0,0,0,1,1,0,0,1,0,0,0
0.00233266,1,1,1,1,1,0,0,0,1,1,0,0,1,0,0,0
0.00233268,1,1,0,0,1,0,0,0,1,1,0,0,1,0,0,0
0.00233316,1,1,0,1,1,1,1,0,1,1,0,0,1,0,0,0
0.00233318,1,1,1,1,1,1,1,1,1,1,0,0,1,0,0,0
0.0023332,1,0,0,0,1,1,1,1,1,1,0,0,1,0,0,0
0.00233322,1,0,0,0,1,1,1,0,1,1,0,0,1,0,0,0
0.00233324,1,0,1,1,1,1,1,0,1,1,0,0,1,0,0,0
0.00233328,1,0,0,0,1,1,1,0,1,1,0,0,1,0,0,0
0.00233332,1,0,1,0,1,1,1,0,1,1,0,0,1,0,0,0
0.00233334,1,0,0,0,1,1,1,0,1,1,0,0,1,0,0,0
0.0023341,1,1,0,0,1,1,1,0,1,1,0,0,1,0,0,0
0.00233412,1,1,1,1,1,1,1,1,1,1,0,0,1,0,0,0
0.00233418,0,1,0,0,1,0,0,0,1,1,0,0,1,0,0,0
0.00233422,1,1,1,1,1,1,1,0,1,1,0,0,1,0,0,0
0.00233424,0,1,1,1,1,0,0,0,1,1,0,0,1,0,0,0
0.00233426,0,1,0,0,1,0,0,0,1,1,0,0,1,0,0,0
0.0023343,0,1,1,1,1,0,0,0,1,1,0,0,1,0,0,0
0.00233432,0,1,0,0,1,0,0,0,1,1,0,0,1,0,0,0
0.00233456,0,1,0,0,1,0,0,0,0,1,0,0,1,0,0,0
0.00233508,1,1,1,1,1,0,0,0,0,1,0,0,1,0,0,0
0.0023351,1,1,1,1,1,1,1,1,0,1,0,0,1,0,0,0
0.00233516,1,1,0,0,1,1,0,0,0,1,0,0,1,0,0,0
0.0023352,1,1,1,1,1,1,1,1,0,1,0,0,1,0,0,0
0.00233522,1,1,0,0,1,1,0,0,0,1,0,0,1,0,0,0
0.00233606,1,1,0,0,1,1,1,0,0,1,0,0,1,0,0,0
0.00233608,1,1,0,1,1,1,1,0,0,1,0,0,1,0,0,0
0.0023361,1,0,1,1,1,1,1,1,0,1,0,0,1,0,0,0
0.00233612,1,0,0,0,1,0,0,0,0,1,0,0,1,0,0,0
0.00233616,1,0,1,1,1,1,1,0,0,1,0,0,1,0,0,0
0.00233618,1,0,0,0,1,0,0,0,0,1,0,0,1,0,0,0
0.0023365,1,0,0,0,1,0,0,0,0,0,0,0,1,0,0,0
0.00233652,1,0,0,0,1,0,0,0,1,0,0,0,1,0,0,0
0.00233658,1,0,0,0,1,0,0,0,0,0,0,0,0,0,0,0
0.0023366,1,0,0,0,1,0,0,0,1,0,0,0,1,0,0,0
0.00233704,1,1,1,1,1,0,0,0,1,0,0,0,1,0,0,0
0.00233706,1,0,1,1,1,1,1,1,1,0,0,0,1,0,0,0
0.00233708,1,1,1,1,1,1,1,1,1,0,0,0,1,0,0,0
0.00233712,0,0,1,1,1,0,1,0,1,0,0,0,1,0,0,0
0.00233716,1,1,1,1,1,1,1,1,1,0,0,0,1,0,0,0
0.00233718,0,0,1,1,1,0,1,0,1,0,0,0,1,0,0,0
0.00233802,1,1,1,1,1,0,1,0,1,0,0,0,1,0,0,0
0.00233804,1,1,1,1,1,1,1,1,1,0,0,0,1,0,0,0
0.00233808,1,0,0,0,0,0,1,0,1,0,0,0,1,0,0,0
0.00233812,1,1,1,1,0,1,1,0,1,0,0,0,1,0,0,0
0.00233816,1,0,0,0,0,0,1,0,1,0,0,0,1,0,0,0
0.00233846,1,0,0,0,0,0,1,0,1,0,0,0,0,0,1,0
0.00233898,1,1,1,1,0,1,1,0,1,0,0,0,0,0,1,0
0.002339,0,0,1,1,0,0,0,0,1,0,0,0,0,0,1,0
0.00233902,1,1,1,1,0,0,0,1,1,0,0,0,0,0,1,0
0.00233904,1,1,1,1,1,1,0,1,1,0,0,0,0,0,1,0
0.00233906,1,1,1,1,0,0,0,1,1,0,0,0,0,0,1,0
0.0023399,1,1,1,1,1,1,1,1,1,0,0,0,0,0,1,0
0.00233992,0,1,0,0,0,0,1,1,1,0,0,0,0,0,1,0
0.00233996,0,1,0,0,0,1,1,1,1,0,0,0,0,0,1,0
0.00233998,0,1,0,0,0,0,1,1,1,0,0,0,0,0,1,0
0.00234,1,1,1,1,1,0,1,1,1,0,0,0,0,0,1,0
0.00234002,1,1,1,1,1,1,1,1,1,0,0,0,0,0,1,0
0.00234004,0,1,1,1,1,0,0,1,1,0,0,0,0,0,1,0
0.00234006,1,1,0,0,1,1,1,1,1,0,0,0,0,0,1,0
0.00234008,0,1,0,0,1,0,1,1,1,0,0,0,0,0,1,0
0.00234012,0,1,0,0,1,1,1,1,1,0,0,0,0,0,1,0
0.00234014,0,1,0,0,1,0,1,1,1,0,0,0,0,0,1,0
0.00234042,0,1,0,0,1,0,1,1,0,1,0,0,1,0,1,1
0.00234094,1,1,1,1,1,0,1,1,0,1,0,0,1,0,1,1
0.00234096,1,1,1,1,1,1,1,1,0,1,0,0,1,0,1,1
0.002341,1,1,1,1,0,1,0,1,0,1,0,0,1,0,1,1
0.00234102,1,1,1,1,0,0,0,1,0,1,0,0,1,0,1,1
0.00234104,1,1,1,1,0,1,0,1,0,1,0,0,1,0,1,1
0.00234108,1,1,1,1,0,0,0,1,0,1,0,0,1,0,1,1
0.00234192,1,1,1,1,0,1,0,1,0,1,0,0,1,0,1,1
0.00234194,1,1,1,1,1,1,1,1,0,1,0,0,1,0,1,1
0.0023429,0,0,0,0,0,0,0,0,0,1,0,0,1,0,1,1
0.00234386,1,0,1,0,0,0,0,0,0,1,0,0,1,0,1,1
0.00234388,0,0,0,0,0,0,0,0,0,1,0,0,1,0,1,1
0.0023439,1,1,1,1,1,1,1,1,0,1,0,0,1,0,1,1
0.00234394,0,0,1,0,1,0,0,0,0,1,0,0,1,0,1,1
0.00234396,1,1,1,1,1,1,1,1,0,1,0,0,1,0,1,1
0.00234398,1,1,0,0,1,1,0,1,0,1,0,0,1,0,1,1
0.002344,0,1,0,0,1,1,0,0,0,1,0,0,1,0,1,1
0.00234402,1,1,0,0,1,1,0,1,0,1,0,0,1,0,1,1
0.00234406,1,1,0,0,1,1,0,0,0,1,0,0,1,0,1,1
0.00234408,0,1,0,0,1,1,0,0,0,1,0,0,1,0,1,1
0.0023441,1,1,0,0,1,1,0,1,0,1,0,0,1,0,1,1
0.00234414,1,1,0,0,1,1,0,0,0,1,0,0,1,0,1,1
0.00234418,1,1,0,0,1,1,0,1,0,1,0,0,1,0,1,1
0.00234422,1,1,0,0,1,1,0,0,0,1,0,0,1,0,1,1
0.00234432,1,1,0,0,1,1,0,1,0,1,0,0,1,0,0,0
0.00234434,1,1,0,0,1,1,0,0,0,1,0,0,1,1,0,0
0.00234484,0,1,1,1,1,1,0,0,0,1,0,0,1,1,0,0
0.00234486,1,1,1,1,1,1,0,1,0,1,0,0,1,1,0,0
0.00234488,1,1,1,1,1,1,1,0,0,1,0,0,1,1,0,0
0.0023449,1,1,1,1,1,1,1,1,0,1,0,0,1,1,0,0
0.00234492,0,0,1,1,1,0,1,0,0,1,0,0,1,1,0,0
0.00234496,1,0,1,1,1,0,1,1,0,1,0,0,1,1,0,0
0.00234498,0,0,1,1,1,0,1,0,0,1,0,0,1,1,0,0
0.00234504,1,0,1,1,1,0,1,0,0,1,0,0,1,1,0,0
0.00234506,0,0,1,1,1,0,1,0,0,1,0,0,1,1,0,0
0.00234582,1,1,1,1,1,0,1,0,0,1,0,0,1,1,0,0
0.00234584,1,1,1,1,1,1,1,1,0,1,0,0,1,1,0,0
0.0023459,1,1,0,1,0,0,0,0,0,1,0,0,1,1,0,0
0.00234596,1,1,1,1,0,1,0,1,0,1,0,0,1,1,0,0
0.00234598,1,1,0,1,0,0,0,0,0,1,0,0,1,1,0,0
0.00234682,1,1,1,1,1,1,1,1,0,1,0,0,1,1,0,0
0.00234782,0,0,0,1,1,0,1,0,0,1,0,0,1,1,0,0
0.00234786,1,1,1,1,1,1,1,1,0,1,0,0,1,1,0,0
0.00234792,0,0,1,0,1,0,0,0,0,1,0,0,1,1,0,0
0.00234796,1,0,1,0,1,1,0,0,0,1,0,0,1,1,0,0
0.00234798,1,1,1,0,1,1,0,0,0,1,0,0,1,1,0,0
0.002348,0,0,1,0,1,0,0,0,0,1,0,0,1,1,0,0
0.00234822,0,0,1,0,1,0,0,0,0,0,0,0,1,0,0,0
0.00234824,0,0,1,0,1,0,0,0,0,0,1,0,1,0,0,0
0.00234874,1,0,1,0,1,0,0,0,0,0,1,0,1,0,0,0
0.00234876,1,1,1,0,1,1,0,0,0,0,1,0,1,0,0,0
0.00234878,1,1,1,1,1,1,1,1,0,0,1,0,1,0,0,0
0.0023498,0,0,0,0,0,0,0,1,0,0,1,0,1,0,0,0
0.00234984,1,1,1,1,0,1,1,1,0,0,1,0,1,0,0,0
0.00234988,0,0,0,0,0,0,0,1,0,0,1,0,1,0,0,0
0.00234992,1,0,0,1,0,1,0,1,0,0,1,0,1,0,0,0
0.00234996,0,0,0,0,0,0,0,1,0,0,1,0,1,0,0,0
0.00235,0,0,0,1,0,0,0,1,0,0,1,0,1,0,0,0
0.00235004,0,0,0,0,0,0,0,1,0,0,1,0,1,0,0,0
0.00235016,1,0,0,1,0,0,0,1,0,0,1,0,1,0,0,0
0.00235018,0,0,0,0,0,0,0,1,0,0,1,0,1,0,0,0
0.00235072,1,0,0,1,0,0,0,1,0,0,1,0,1,0,0,0
0.00235074,1,1,1,1,1,1,1,1,0,0,1,0,1,0,0,0
0.00235078,1,1,0,0,1,0,0,0,0,0,1,0,1,0,0,0
0.00235082,1,1,1,1,1,1,1,0,0,0,1,0,1,0,0,0
0.00235086,1,1,0,0,1,0,0,0,0,0,1,0,1,0,0,0
0.0023509,1,1,1,1,1,1,1,0,0,0,1,0,1,0,0,0
0.00235092,1,1,1,1,1,1,0,0,0,0,1,0,1,0,0,0
0.00235094,1,1,1,0,1,0,0,0,0,0,1,0,1,0,0,0
0.00235096,1,1,1,1,1,1,0,0,0,0,1,0,1,0,0,0
0.0023511,1,1,1,1,1,0,0,0,0,0,1,0,1,0,0,0
0.00235114,1,1,1,1,1,1,0,0,0,0,1,0,1,0,0,0
0.00235116,1,1,1,0,1,0,0,0,1,1,0,0,1,0,0,0
0.0023512,1,1,1,1,1,1,0,0,1,1,0,0,1,0,0,0
0.00235122,1,1,1,1,1,1,0,0,0,0,0,0,0,0,0,0
0.00235124,1,1,0,0,1,0,0,0,1,1,0,0,1,0,0,0
0.00235128,1,1,1,1,1,1,0,0,1,1,0,0,1,0,0,0
0.0023513,1,1,1,1,1,0,0,0,1,1,0,0,1,0,0,0
0.00235132,1,1,0,0,1,0,0,0,1,1,0,0,1,0,0,0
0.00235134,1,1,1,0,1,0,0,0,1,1,0,0,1,0,0,0
0.00235136,1,1,1,1,1,0,0,0,1,1,0,0,1,0,0,0
0.00235138,1,1,1,0,1,0,0,0,1,1,0,0,1,0,0,0
0.00235148,1,1,0,0,1,0,0,0,1,1,0,0,1,0,0,0
0.0023515,1,1,1,0,1,0,0,0,1,1,0,0,1,0,0,0
0.00235152,1,1,0,0,1,0,0,0,1,1,0,0,1,0,0,0
0.00235158,1,1,1,0,1,0,0,0,1,1,0,0,1,0,0,0
0.0023516,1,1,0,0,1,0,0,0,1,1,0,0,1,0,0,0
0.00235168,1,1,1,1,1,0,0,0,1,1,0,0,1,0,0,0
0.0023517,1,1,1,1,1,1,1,1,1,1,0,0,1,0,0,0
0.00235176,1,0,0,0,1,1,1,0,1,1,0,0,1,0,0,0
0.0023518,1,1,1,1,1,1,1,1,1,1,0,0,1,0,0,0
0.00235182,1,0,0,0,1,1,1,0,1,1,0,0,1,0,0,0
0.00235186,1,0,1,1,1,1,1,0,1,1,0,0,1,0,0,0
0.0023519,1,0,0,0,1,1,1,0,1,1,0,0,1,0,0,0
0.00235194,1,0,1,0,1,1,1,0,1,1,0,0,1,0,0,0
0.00235196,1,0,0,0,1,1,1,0,1,1,0,0,1,0,0,0
0.00235266,1,1,1,1,1,1,1,0,1,1,0,0,1,0,0,0
0.00235268,1,1,1,1,1,1,1,1,1,1,0,0,1,0,0,0
0.00235274,0,1,0,0,1,0,0,0,1,1,0,0,1,0,0,0
0.00235278,1,1,1,1,1,1,1,1,1,1,0,0,1,0,0,0
0.0023528,1,1,1,1,1,1,0,0,1,1,0,0,1,0,0,0
0.00235282,0,1,0,0,1,0,0,0,1,1,0,0,1,0,0,0
0.00235286,1,1,1,1,1,0,0,0,1,1,0,0,1,0,0,0
0.00235288,0,1,1,1,1,0,0,0,1,1,0,0,1,0,0,0
0.0023531,0,1,1,1,1,0,0,0,0,1,0,0,1,0,0,0
0.00235314,0,1,1,0,1,0,0,0,0,1,0,0,1,0,0,0
0.00235316,0,1,1,1,1,0,0,0,0,1,0,0,1,0,0,0
0.00235318,0,1,1,1,1,0,0,0,0,0,0,0,0,0,0,0
0.0023532,0,1,1,0,1,0,0,0,0,1,0,0,1,0,0,0
0.00235324,0,1,1,1,1,0,0,0,0,1,0,0,1,0,0,0
0.00235326,0,1,1,0,1,0,0,0,0,1,0,0,1,0,0,0
0.0023535,0,1,0,0,1,0,0,0,0,1,0,0,1,0,0,0
0.00235354,0,1,1,0,1,0,0,0,0,1,0,0,1,0,0,0
0.00235356,0,1,0,0,1,0,0,0,0,1,0,0,1,0,0,0
0.00235358,0,1,1,0,1,0,0,0,0,1,0,0,1,0,0,0
0.0023536,0,1,0,0,1,0,0,0,0,1,0,0,1,0,0,0
0.00235364,1,1,1,1,1,0,0,0,0,1,0,0,1,0,0,0
0.00235366,1,1,1,1,1,1,1,1,0,1,0,0,1,0,0,0
0.0023537,1,1,0,0,1,1,0,0,0,1,0,0,1,0,0,0
0.00235374,1,1,1,1,1,1,1,1,0,1,0,0,1,0,0,0
0.00235376,1,1,0,0,1,1,0,0,0,1,0,0,1,0,0,0
0.0023538,1,1,1,0,1,1,0,0,0,1,0,0,1,0,0,0
0.00235384,1,1,0,0,1,1,0,0,0,1,0,0,1,0,0,0
0.0023546,1,1,1,1,1,1,0,0,0,1,0,0,1,0,0,0
0.00235462,1,1,1,1,1,1,1,1,0,1,0,0,1,0,0,0
0.00235468,1,0,1,0,1,0,1,1,0,1,0,0,1,0,0,0
0.0023547,1,0,0,0,1,0,0,0,0,1,0,0,1,0,0,0
0.00235472,1,0,1,1,1,0,1,0,0,1,0,0,1,0,0,0
0.00235474,1,1,1,1,1,1,1,1,0,1,0,0,1,0,0,0
0.00235476,1,0,1,1,1,0,0,0,0,1,0,0,1,0,0,0
0.00235478,1,0,0,0,1,0,0,0,0,1,0,0,1,0,0,0
0.0023548,1,0,1,1,1,0,0,0,0,1,0,0,1,0,0,0
0.00235484,1,0,1,0,1,0,0,0,0,1,0,0,1,0,0,0
0.00235486,1,0,0,0,1,0,0,0,0,1,0,0,1,0,0,0
0.00235488,1,0,1,0,1,0,0,0,0,1,0,0,1,0,0,0
0.002355,1,0,0,0,1,0,0,0,0,1,0,0,1,0,0,0
0.00235504,1,0,1,0,1,0,0,0,0,1,0,0,1,0,0,0
0.00235506,1,0,1,0,1,0,0,0,0,0,0,0,1,0,0,0
0.00235508,1,0,0,0,1,0,0,0,1,0,0,0,1,0,0,0
0.00235512,1,0,1,0,1,0,0,0,1,0,0,0,1,0,0,0
0.00235514,1,0,0,0,1,0,0,0,1,0,0,0,1,0,0,0
0.0023552,1,0,1,0,1,0,0,0,1,0,0,0,1,0,0,0
0.00235522,1,0,0,0,1,0,0,0,1,0,0,0,1,0,0,0
0.00235558,1,1,1,0,1,0,0,0,1,0,0,0,1,0,0,0
0.0023556,1,1,1,1,1,1,1,1,1,0,0,0,1,0,0,0
0.00235566,0,0,1,1,1,0,1,0,1,0,0,0,1,0,0,0
0.0023557,1,1,1,1,1,1,1,1,1,0,0,0,1,0,0,0
0.00235572,0,0,1,1,1,0,1,0,1,0,0,0,1,0,0,0
0.00235578,0,0,1,1,1,1,1,0,1,0,0,0,1,0,0,0
0.0023558,0,0,1,1,1,0,1,0,1,0,0,0,1,0,0,0
0.00235656,1,1,1,1,1,0,1,0,1,0,0,0,1,0,0,0
0.00235658,1,1,1,1,1,1,1,1,1,0,0,0,1,0,0,0
0.00235664,0,1,0,0,0,0,1,0,1,0,0,0,1,0,0,0
0.00235668,1,1,1,1,0,1,1,1,1,0,0,0,1,0,0,0
0.00235672,1,1,1,0,0,1,1,0,1,0,0,0,1,0,0,0
0.00235674,0,1,0,0,0,0,1,0,1,0,0,0,1,0,0,0
0.00235676,1,1,1,1,0,1,1,0,1,0,0,0,1,0,0,0
0.0023568,1,1,1,0,0,1,1,0,1,0,0,0,1,0,0,0
0.00235684,1,1,1,1,0,1,1,0,1,0,0,0,1,0,0,0
0.00235688,1,1,1,0,0,1,1,0,1,0,0,0,1,0,0,0
0.002357,1,1,1,1,0,1,1,0,1,0,0,0,1,0,0,0
0.00235702,1,1,1,0,0,1,1,0,0,1,0,0,0,0,1,0
0.00235704,0,1,0,0,0,0,1,0,0,1,0,0,0,0,1,0
0.00235706,1,1,1,1,0,1,1,0,0,1,0,0,0,0,1,0
0.00235708,1,1,1,1,0,1,1,0,0,0,0,0,0,0,0,0
0.0023571,0,1,1,0,0,0,1,0,0,1,0,0,0,0,1,0
0.00235712,0,1,0,0,0,0,1,0,0,1,0,0,0,0,1,0
0.00235714,1,1,1,1,0,1,1,0,0,1,0,0,0,0,1,0
0.00235716,1,1,1,0,0,0,1,0,0,1,0,0,0,0,1,0
0.00235718,0,1,1,0,0,0,1,0,0,1,0,0,0,0,1,0
0.0023575,0,1,0,0,0,0,1,0,0,1,0,0,0,0,1,0
0.00235752,1,1,1,0,0,0,1,0,0,1,0,0,0,0,1,0
0.00235754,1,0,1,1,0,0,0,0,0,1,0,0,0,0,1,0
0.00235756,1,0,0,1,0,1,0,0,0,1,0,0,0,0,1,0
0.00235758,1,0,1,1,1,1,0,1,0,1,0,0,0,0,1,0
0.0023576,1,0,1,1,0,1,0,0,0,1,0,0,0,0,1,0
0.00235762,1,0,0,1,0,1,0,0,0,1,0,0,0,0,1,0
0.00235766,1,0,1,1,0,1,0,0,0,1,0,0,0,0,1,0
0.0023577,1,0,0,1,0,1,0,0,0,1,0,0,0,0,1,0
0.00235798,1,0,1,1,0,1,1,0,0,1,0,0,0,0,1,0
0.00235846,0,0,0,1,0,1,0,0,0,1,0,0,0,0,1,0
0.00235848,0,1,0,1,1,1,0,0,0,1,0,0,0,0,1,0
0.0023585,1,1,1,1,1,1,1,1,0,1,0,0,0,0,1,0
0.00235852,0,0,0,1,1,1,0,0,0,1,0,0,0,0,1,0
0.00235854,1,1,1,1,0,1,0,0,0,1,0,0,0,0,1,0
0.00235856,1,1,1,1,1,1,1,1,0,1,0,0,0,0,1,0
0.00235858,1,1,1,1,1,0,1,0,0,1,0,0,0,0,1,0
0.0023586,1,1,1,1,1,1,1,1,0,1,0,0,0,0,1,0
0.00235864,0,1,0,1,1,0,1,1,0,1,0,0,0,0,1,0
0.00235866,0,1,0,0,1,0,1,1,0,1,0,0,0,0,1,0
0.0023587,0,1,1,0,1,0,1,1,0,1,0,0,0,0,1,0
0.00235872,0,1,0,0,1,0,1,1,0,1,0,0,0,0,1,0
0.00235896,0,1,0,0,1,0,1,1,0,1,0,0,1,0,1,0
0.00235898,0,1,0,0,1,0,1,1,0,1,0,0,1,0,1,1
0.00235952,1,1,1,1,1,1,1,1,0,1,0,0,1,0,1,1
0.00235956,1,0,1,1,0,1,0,0,0,1,0,0,1,0,1,1
0.00235958,1,0,0,1,0,1,0,0,0,1,0,0,1,0,1,1
0.0023596,1,0,1,1,0,1,0,0,0,1,0,0,1,0,1,1
0.00235962,1,1,1,1,0,1,0,0,0,1,0,0,1,0,1,1
0.00235964,1,0,0,1,0,1,0,0,0,1,0,0,1,0,1,1
0.00235968,1,0,1,1,0,1,0,0,0,1,0,0,1,0,1,1
0.00235972,1,0,0,1,0,1,0,0,0,1,0,0,1,0,1,1
0.00236048,1,1,1,1,1,1,1,1,0,1,0,0,1,0,1,1
0.00236146,0,0,0,0,0,0,0,0,0,1,0,0,1,0,1,1
0.00236148,0,0,1,0,0,0,1,0,0,1,0,0,1,0,1,1
0.0023615,1,1,1,0,0,0,1,0,0,1,0,0,1,0,1,1
0.00236152,0,0,1,0,0,0,1,0,0,1,0,0,1,0,1,1
0.0023624,1,0,1,0,0,0,1,0,0,1,0,0,1,0,1,1
0.00236242,0,0,1,0,0,0,1,0,0,1,0,0,1,0,1,1
0.00236244,1,1,1,1,1,1,1,1,0,1,0,0,1,0,1,1
0.00236248,1,1,0,1,1,0,1,0,0,1,0,0,1,0,1,1
0.0023625,1,1,1,1,1,1,1,1,0,1,0,0,1,0,1,1
0.00236256,0,1,0,0,1,1,0,0,0,1,0,0,1,0,1,1
0.0023626,1,1,1,0,1,1,0,0,0,1,0,0,1,0,1,1
0.00236262,1,1,0,0,1,1,0,0,0,1,0,0,1,0,1,1
0.00236264,0,1,0,0,1,1,0,0,0,1,0,0,1,0,1,1
0.00236288,0,1,0,0,1,1,0,0,0,1,0,0,1,1,0,0
0.0023634,1,1,1,1,1,1,0,0,0,1,0,0,1,1,0,0
0.00236342,1,1,1,1,1,1,1,1,0,1,0,0,1,1,0,0
0.00236348,1,1,1,1,1,0,1,0,0,1,0,0,1,1,0,0
0.00236438,1,1,1,1,1,1,1,0,0,1,0,0,1,1,0,0
0.00236442,1,1,1,1,1,0,1,0,0,1,0,0,1,1,0,0
0.00236444,1,1,0,1,0,0,0,0,0,1,0,0,1,1,0,0
0.00236448,1,1,1,1,0,0,0,0,0,1,0,0,1,1,0,0
0.0023645,1,1,0,1,0,0,0,0,0,1,0,0,1,1,0,0
0.00236536,1,1,1,1,0,0,0,0,0,1,0,0,1,1,0,0
0.00236538,1,1,1,1,1,1,1,1,0,1,0,0,1,1,0,0
0.00236634,1,1,1,1,1,1,1,0,0,1,0,0,1,1,0,0
0.00236636,0,0,0,1,1,1,1,0,0,1,0,0,1,1,0,0
0.00236638,0,0,0,1,1,0,1,0,0,1,0,0,1,1,0,0
0.00236678,0,0,0,1,1,0,1,0,0,0,0,1,1,0,1,0
0.00236732,1,1,0,1,1,0,1,0,0,0,0,1,1,0,1,0
0.00236734,1,1,1,1,1,1,1,1,0,0,0,1,1,0,1,0
0.00236736,1,1,1,1,1,1,0,0,0,0,0,1,1,0,1,0
0.00236738,1,1,0,0,0,1,0,0,0,0,0,1,1,0,1,0
0.00236832,1,1,1,1,1,1,1,1,0,0,0,1,1,0,1,0
0.00236874,1,1,1,1,1,1,1,1,1,1,1,1,1,1,1,1
