; CSV, generated by libsigrok4DSL 0.2.0 on Tue Oct  6 09:30:54 2026
; Channels (16/16)
; Sample rate: 50 MHz
; Sample count: 5.192 M Samples
Time(s), MDR0, MDR1, MDR2, MDR3, MDR4, MDR5, MDR6, MDR7, IRB0, IRB1, IRB2, IRB3, IRB4, IRB5, IRB6, IRB7
0,1,0,0,0,1,0,0,0,1,0,0,0,1,0,0,0
1.28e-06,1,0,0,0,1,0,0,0,0,0,0,0,1,0,0,0
1.3e-06,1,0,0,0,1,0,0,0,1,0,0,0,1,0,0,0
6.16e-06,1,0,0,0,1,0,0,0,0,0,0,0,1,0,0,0
6.18e-06,1,0,0,0,1,0,0,0,1,0,0,0,1,0,0,0
1.202e-05,1,0,0,0,1,0,0,0,0,0,0,0,1,0,0,0
1.204e-05,1,0,0,0,1,0,0,0,1,0,0,0,1,0,0,0
1.69e-05,1,0,0,0,1,0,0,0,0,0,0,0,1,0,0,0
1.692e-05,1,0,0,0,1,0,0,0,1,0,0,0,1,0,0,0
2.276e-05,1,0,0,0,1,0,0,0,0,0,0,0,1,0,0,0
2.278e-05,1,0,0,0,1,0,0,0,1,0,0,0,1,0,0,0
2.764e-05,1,0,0,0,1,0,0,0,0,0,0,0,1,0,0,0
2.766e-05,1,0,0,0,1,0,0,0,1,0,0,0,1,0,0,0
3.252e-05,1,0,0,0,1,0,0,0,0,0,0,0,1,0,0,0
3.254e-05,1,0,0,0,1,0,0,0,1,0,0,0,1,0,0,0
3.838e-05,1,0,0,0,1,0,0,0,0,0,0,0,1,0,0,0
3.84e-05,1,0,0,0,1,0,0,0,1,0,0,0,1,0,0,0
4.326e-05,1,0,0,0,1,0,0,0,0,0,0,0,1,0,0,0
4.328e-05,1,0,0,0,1,0,0,0,1,0,0,0,1,0,0,0
4.912e-05,1,0,0,0,1,0,0,0,0,0,0,0,1,0,0,0
4.914e-05,1,0,0,0,1,0,0,0,1,0,0,0,1,0,0,0
5.4e-05,1,0,0,0,1,0,0,0,0,0,0,0,1,0,0,0
5.402e-05,1,0,0,0,1,0,0,0,1,0,0,0,1,0,0,0
5.986e-05,1,0,0,0,1,0,0,0,0,0,0,0,1,0,0,0
5.988e-05,1,0,0,0,1,0,0,0,1,0,0,0,1,0,0,0
6.474e-05,1,0,0,0,1,0,0,0,0,0,0,0,1,0,0,0
6.476e-05,1,0,0,0,1,0,0,0,1,0,0,0,1,0,0,0
7.06e-05,1,0,0,0,1,0,0,0,0,0,0,0,1,0,0,0
7.062e-05,1,0,0,0,1,0,0,0,1,0,0,0,1,0,0,0
7.548e-05,1,0,0,0,1,0,0,0,0,0,0,0,1,0,0,0
7.55e-05,1,0,0,0,1,0,0,0,1,0,0,0,1,0,0,0
8.134e-05,1,0,0,0,1,0,0,0,0,0,0,0,1,0,0,0
8.136e-05,1,0,0,0,1,0,0,0,1,0,0,0,1,0,0,0
8.622e-05,1,0,0,0,1,0,0,0,0,0,0,0,1,0,0,0
8.624e-05,1,0,0,0,1,0,0,0,1,0,0,0,1,0,0,0
9.208e-05,1,0,0,0,1,0,0,0,0,0,0,0,1,0,0,0
9.21e-05,1,0,0,0,1,0,0,0,1,0,0,0,1,0,0,0
9.696e-05,1,0,0,0,1,0,0,0,0,0,0,0,1,0,0,0
9.698e-05,1,0,0,0,1,0,0,0,1,0,0,0,1,0,0,0
0.00010282,1,0,0,0,1,0,0,0,0,0,0,0,1,0,0,0
0.00010284,1,0,0,0,1,0,0,0,1,0,0,0,1,0,0,0
0.0001077,1,0,0,0,1,0,0,0,0,0,0,0,1,0,0,0
0.00010772,1,0,0,0,1,0,0,0,1,0,0,0,1,0,0,0
0.00011258,1,0,0,0,1,0,0,0,0,0,0,0,1,0,0,0
0.0001126,1,0,0,0,1,0,0,0,1,0,0,0,1,0,0,0
0.00011844,1,0,0,0,1,0,0,0,0,0,0,0,1,0,0,0
0.00011846,1,0,0,0,1,0,0,0,1,0,0,0,1,0,0,0
0.00012332,1,0,0,0,1,0,0,0,0,0,0,0,1,0,0,0
0.00012334,1,0,0,0,1,0,0,0,1,0,0,0,1,0,0,0
0.00012918,1,0,0,0,1,0,0,0,0,0,0,0,1,0,0,0
0.0001292,1,0,0,0,1,0,0,0,1,0,0,0,1,0,0,0
0.00013406,1,0,0,0,1,0,0,0,0,0,0,0,1,0,0,0
0.00013408,1,0,0,0,1,0,0,0,1,0,0,0,1,0,0,0
0.00013992,1,0,0,0,1,0,0,0,0,0,0,0,1,0,0,0
0.00013994,1,0,0,0,1,0,0,0,1,0,0,0,1,0,0,0
0.0001448,1,0,0,0,1,0,0,0,0,0,0,0,1,0,0,0
0.00014482,1,0,0,0,1,0,0,0,1,0,0,0,1,0,0,0
0.00015066,1,0,0,0,1,0,0,0,0,0,0,0,1,0,0,0
0.00015068,1,0,0,0,1,0,0,0,1,0,0,0,1,0,0,0
0.00015554,1,0,0,0,1,0,0,0,0,0,0,0,1,0,0,0
0.00015556,1,0,0,0,1,0,0,0,1,0,0,0,1,0,0,0
0.0001614,1,0,0,0,1,0,0,0,0,0,0,0,1,0,0,0
0.00016142,1,0,0,0,1,0,0,0,1,0,0,0,1,0,0,0
0.00016628,1,0,0,0,1,0,0,0,0,0,0,0,1,0,0,0
0.0001663,1,0,0,0,1,0,0,0,1,0,0,0,1,0,0,0
0.00017214,1,0,0,0,1,0,0,0,0,0,0,0,1,0,0,0
0.00017216,1,0,0,0,1,0,0,0,1,0,0,0,1,0,0,0
0.00017702,1,0,0,0,1,0,0,0,0,0,0,0,1,0,0,0
0.00017704,1,0,0,0,1,0,0,0,1,0,0,0,1,0,0,0
0.00018288,1,0,0,0,1,0,0,0,0,0,0,0,1,0,0,0
0.0001829,1,0,0,0,1,0,0,0,1,0,0,0,1,0,0,0
0.00018776,1,0,0,0,1,0,0,0,0,0,0,0,1,0,0,0
0.00018778,1,0,0,0,1,0,0,0,1,0,0,0,1,0,0,0
0.00019362,1,0,0,0,1,0,0,0,0,0,0,0,1,0,0,0
0.00019364,1,0,0,0,1,0,0,0,1,0,0,0,1,0,0,0
0.0001985,1,0,0,0,1,0,0,0,0,0,0,0,1,0,0,0
0.00019852,1,0,0,0,1,0,0,0,1,0,0,0,1,0,0,0
0.00020338,1,0,0,0,1,0,0,0,0,0,0,0,1,0,0,0
0.0002034,1,0,0,0,1,0,0,0,1,0,0,0,1,0,0,0
0.00020436,1,0,0,0,1,0,0,0,0,0,0,0,1,0,0,0
0.00020438,1,0,0,0,1,0,0,0,1,0,0,0,1,0,0,0
0.00020924,1,0,0,0,1,0,0,0,0,0,0,0,1,0,0,0
0.00020926,1,0,0,0,1,0,0,0,1,0,0,0,1,0,0,0
0.00021412,1,0,0,0,1,0,0,0,0,0,0,0,1,0,0,0
0.00021414,1,0,0,0,1,0,0,0,1,0,0,0,1,0,0,0
0.00021998,1,0,0,0,1,0,0,0,0,0,0,0,1,0,0,0
0.00022,1,0,0,0,1,0,0,0,1,0,0,0,1,0,0,0
0.00022486,1,0,0,0,1,0,0,0,0,0,0,0,1,0,0,0
0.00022488,1,0,0,0,1,0,0,0,1,0,0,0,1,0,0,0
0.00023072,1,0,0,0,1,0,0,0,0,0,0,0,1,0,0,0
0.00023074,1,0,0,0,1,0,0,0,1,0,0,0,1,0,0,0
0.0002356,1,0,0,0,1,0,0,0,0,0,0,0,1,0,0,0
0.00023562,1,0,0,0,1,0,0,0,1,0,0,0,1,0,0,0
0.00024146,1,0,0,0,1,0,0,0,0,0,0,0,1,0,0,0
0.00024148,1,0,0,0,1,0,0,0,1,0,0,0,1,0,0,0
0.00024634,1,0,0,0,1,0,0,0,0,0,0,0,1,0,0,0
0.00024636,1,0,0,0,1,0,0,0,1,0,0,0,1,0,0,0
0.0002522,1,0,0,0,1,0,0,0,0,0,0,0,1,0,0,0
0.00025222,1,0,0,0,1,0,0,0,1,0,0,0,1,0,0,0
0.00025708,1,0,0,0,1,0,0,0,0,0,0,0,1,0,0,0
0.0002571,1,0,0,0,1,0,0,0,1,0,0,0,1,0,0,0
0.00026294,1,0,0,0,1,0,0,0,0,0,0,0,1,0,0,0
0.00026296,1,0,0,0,1,0,0,0,1,0,0,0,1,0,0,0
0.00026782,1,0,0,0,1,0,0,0,0,0,0,0,1,0,0,0
0.00026784,1,0,0,0,1,0,0,0,1,0,0,0,1,0,0,0
0.0002727,1,0,0,0,1,0,0,0,0,0,0,0,1,0,0,0
0.00027272,1,0,0,0,1,0,0,0,1,0,0,0,1,0,0,0
0.00027368,1,0,0,0,1,0,0,0,0,0,0,0,1,0,0,0
0.0002737,1,0,0,0,1,0,0,0,1,0,0,0,1,0,0,0
0.00027856,1,0,0,0,1,0,0,0,0,0,0,0,1,0,0,0
0.00027858,1,0,0,0,1,0,0,0,1,0,0,0,1,0,0,0
0.00028344,1,0,0,0,1,0,0,0,0,0,0,0,1,0,0,0
0.00028346,1,0,0,0,1,0,0,0,1,0,0,0,1,0,0,0
0.0002893,1,0,0,0,1,0,0,0,0,0,0,0,1,0,0,0
0.00028932,1,0,0,0,1,0,0,0,1,0,0,0,1,0,0,0
0.00029418,1,0,0,0,1,0,0,0,0,0,0,0,1,0,0,0
0.0002942,1,0,0,0,1,0,0,0,1,0,0,0,1,0,0,0
0.00029516,1,0,0,0,1,0,0,0,0,0,0,0,1,0,0,0
0.00029518,1,0,0,0,1,0,0,0,1,0,0,0,1,0,0,0
0.00030004,1,0,0,0,1,0,0,0,0,0,0,0,1,0,0,0
0.00030006,1,0,0,0,1,0,0,0,1,0,0,0,1,0,0,0
0.00030492,1,0,0,0,1,0,0,0,0,0,0,0,1,0,0,0
0.00030494,1,0,0,0,1,0,0,0,1,0,0,0,1,0,0,0
0.00031078,1,0,0,0,1,0,0,0,0,0,0,0,1,0,0,0
0.0003108,1,0,0,0,1,0,0,0,1,0,0,0,1,0,0,0
0.00031566,1,0,0,0,1,0,0,0,0,0,0,0,1,0,0,0
0.00031568,1,0,0,0,1,0,0,0,1,0,0,0,1,0,0,0
0.00032152,1,0,0,0,1,0,0,0,0,0,0,0,1,0,0,0
0.00032154,1,0,0,0,1,0,0,0,1,0,0,0,1,0,0,0
0.0003264,1,0,0,0,1,0,0,0,0,0,0,0,1,0,0,0
0.00032642,1,0,0,0,1,0,0,0,1,0,0,0,1,0,0,0
0.00033226,1,0,0,0,1,0,0,0,0,0,0,0,1,0,0,0
0.00033228,1,0,0,0,1,0,0,0,1,0,0,0,1,0,0,0
0.00033714,1,0,0,0,1,0,0,0,0,0,0,0,1,0,0,0
0.00033716,1,0,0,0,1,0,0,0,1,0,0,0,1,0,0,0
0.000343,1,0,0,0,1,0,0,0,0,0,0,0,1,0,0,0
0.00034302,1,0,0,0,1,0,0,0,1,0,0,0,1,0,0,0
0.00034788,1,0,0,0,1,0,0,0,0,0,0,0,1,0,0,0
0.0003479,1,0,0,0,1,0,0,0,1,0,0,0,1,0,0,0
0.00035374,1,0,0,0,1,0,0,0,0,0,0,0,1,0,0,0
0.00035376,1,0,0,0,1,0,0,0,1,0,0,0,1,0,0,0
0.00035862,1,0,0,0,1,0,0,0,0,0,0,0,1,0,0,0
0.00035864,1,0,0,0,1,0,0,0,1,0,0,0,1,0,0,0
0.0003635,1,0,0,0,1,0,0,0,0,0,0,0,1,0,0,0
0.00036352,1,0,0,0,1,0,0,0,1,0,0,0,1,0,0,0
0.00036448,1,0,0,0,1,0,0,0,0,0,0,0,1,0,0,0
0.0003645,1,0,0,0,1,0,0,0,1,0,0,0,1,0,0,0
0.00036936,1,0,0,0,1,0,0,0,0,0,0,0,1,0,0,0
0.00036938,1,0,0,0,1,0,0,0,1,0,0,0,1,0,0,0
0.00037424,1,0,0,0,1,0,0,0,0,0,0,0,1,0,0,0
0.00037426,1,0,0,0,1,0,0,0,1,0,0,0,1,0,0,0
0.00037522,1,0,0,0,1,0,0,0,0,0,0,0,1,0,0,0
0.00037524,1,0,0,0,1,0,0,0,1,0,0,0,1,0,0,0
0.0003801,1,0,0,0,1,0,0,0,0,0,0,0,1,0,0,0
0.00038012,1,0,0,0,1,0,0,0,1,0,0,0,1,0,0,0
0.00038498,1,0,0,0,1,0,0,0,0,0,0,0,1,0,0,0
0.000385,1,0,0,0,1,0,0,0,1,0,0,0,1,0,0,0
0.00039084,1,0,0,0,1,0,0,0,0,0,0,0,1,0,0,0
0.00039086,1,0,0,0,1,0,0,0,1,0,0,0,1,0,0,0
0.00039572,1,0,0,0,1,0,0,0,0,0,0,0,1,0,0,0
0.00039574,1,0,0,0,1,0,0,0,1,0,0,0,1,0,0,0
0.00040158,1,0,0,0,1,0,0,0,0,0,0,0,1,0,0,0
0.0004016,1,0,0,0,1,0,0,0,1,0,0,0,1,0,0,0
0.00040646,1,0,0,0,1,0,0,0,0,0,0,0,1,0,0,0
0.00040648,1,0,0,0,1,0,0,0,1,0,0,0,1,0,0,0
0.00041232,1,0,0,0,1,0,0,0,0,0,0,0,1,0,0,0
0.00041234,1,0,0,0,1,0,0,0,1,0,0,0,1,0,0,0
0.0004172,1,0,0,0,1,0,0,0,0,0,0,0,1,0,0,0
0.00041722,1,0,0,0,1,0,0,0,1,0,0,0,1,0,0,0
0.00042306,1,0,0,0,1,0,0,0,0,0,0,0,1,0,0,0
0.00042308,1,0,0,0,1,0,0,0,1,0,0,0,1,0,0,0
0.00042794,1,0,0,0,1,0,0,0,0,0,0,0,1,0,0,0
0.00042796,1,0,0,0,1,0,0,0,1,0,0,0,1,0,0,0
0.0004338,1,0,0,0,1,0,0,0,0,0,0,0,1,0,0,0
0.00043382,1,0,0,0,1,0,0,0,1,0,0,0,1,0,0,0
0.00043868,1,0,0,0,1,0,0,0,0,0,0,0,1,0,0,0
0.0004387,1,0,0,0,1,0,0,0,1,0,0,0,1,0,0,0
0.00044454,1,0,0,0,1,0,0,0,0,0,0,0,1,0,0,0
0.00044456,1,0,0,0,1,0,0,0,1,0,0,0,1,0,0,0
0.00044942,1,0,0,0,1,0,0,0,0,0,0,0,1,0,0,0
0.00044944,1,0,0,0,1,0,0,0,1,0,0,0,1,0,0,0
0.0004543,1,0,0,0,1,0,0,0,0,0,0,0,1,0,0,0
0.00045432,1,0,0,0,1,0,0,0,1,0,0,0,1,0,0,0
0.00045528,1,0,0,0,1,0,0,0,0,0,0,0,1,0,0,0
0.0004553,1,0,0,0,1,0,0,0,1,0,0,0,1,0,0,0
0.00046016,1,0,0,0,1,0,0,0,0,0,0,0,1,0,0,0
0.00046018,1,0,0,0,1,0,0,0,1,0,0,0,1,0,0,0
0.00046504,1,0,0,0,1,0,0,0,0,0,0,0,1,0,0,0
0.00046506,1,0,0,0,1,0,0,0,1,0,0,0,1,0,0,0
0.0004709,1,0,0,0,1,0,0,0,0,0,0,0,1,0,0,0
0.00047092,1,0,0,0,1,0,0,0,1,0,0,0,1,0,0,0
0.00047578,1,0,0,0,1,0,0,0,0,0,0,0,1,0,0,0
0.0004758,1,0,0,0,1,0,0,0,1,0,0,0,1,0,0,0
0.00048164,1,0,0,0,1,0,0,0,0,0,0,0,1,0,0,0
0.00048166,1,0,0,0,1,0,0,0,1,0,0,0,1,0,0,0
0.00048652,1,0,0,0,1,0,0,0,0,0,0,0,1,0,0,0
0.00048654,1,0,0,0,1,0,0,0,1,0,0,0,1,0,0,0
0.00049238,1,0,0,0,1,0,0,0,0,0,0,0,1,0,0,0
0.0004924,1,0,0,0,1,0,0,0,1,0,0,0,1,0,0,0
0.00049726,1,0,0,0,1,0,0,0,0,0,0,0,1,0,0,0
0.00049728,1,0,0,0,1,0,0,0,1,0,0,0,1,0,0,0
0.00050312,1,0,0,0,1,0,0,0,0,0,0,0,1,0,0,0
0.00050314,1,0,0,0,1,0,0,0,1,0,0,0,1,0,0,0
0.000508,1,0,0,0,1,0,0,0,0,0,0,0,1,0,0,0
0.00050802,1,0,0,0,1,0,0,0,1,0,0,0,1,0,0,0
0.00051386,1,0,0,0,1,0,0,0,0,0,0,0,1,0,0,0
0.00051388,1,0,0,0,1,0,0,0,1,0,0,0,1,0,0,0
0.00051874,1,0,0,0,1,0,0,0,0,0,0,0,1,0,0,0
0.00051876,1,0,0,0,1,0,0,0,1,0,0,0,1,0,0,0
0.0005246,1,0,0,0,1,0,0,0,0,0,0,0,1,0,0,0
0.00052462,1,0,0,0,1,0,0,0,1,0,0,0,1,0,0,0
0.00052948,1,0,0,0,1,0,0,0,0,0,0,0,1,0,0,0
0.0005295,1,0,0,0,1,0,0,0,1,0,0,0,1,0,0,0
0.00053436,1,0,0,0,1,0,0,0,0,0,0,0,1,0,0,0
0.00053438,1,0,0,0,1,0,0,0,1,0,0,0,1,0,0,0
0.00053534,1,0,0,0,1,0,0,0,0,0,0,0,1,0,0,0
0.00053536,1,0,0,0,1,0,0,0,1,0,0,0,1,0,0,0
0.00054022,1,0,0,0,1,0,0,0,0,0,0,0,1,0,0,0
0.00054024,1,0,0,0,1,0,0,0,1,0,0,0,1,0,0,0
0.0005451,1,0,0,0,1,0,0,0,0,0,0,0,1,0,0,0
0.00054512,1,0,0,0,1,0,0,0,1,0,0,0,1,0,0,0
0.00055096,1,0,0,0,1,0,0,0,0,0,0,0,1,0,0,0
0.00055098,1,0,0,0,1,0,0,0,1,0,0,0,1,0,0,0
0.00055584,1,0,0,0,1,0,0,0,0,0,0,0,1,0,0,0
0.00055586,1,0,0,0,1,0,0,0,1,0,0,0,1,0,0,0
0.0005617,1,0,0,0,1,0,0,0,0,0,0,0,1,0,0,0
0.00056172,1,0,0,0,1,0,0,0,1,0,0,0,1,0,0,0
0.00056658,1,0,0,0,1,0,0,0,0,0,0,0,1,0,0,0
0.0005666,1,0,0,0,1,0,0,0,1,0,0,0,1,0,0,0
0.00057244,1,0,0,0,1,0,0,0,0,0,0,0,1,0,0,0
0.00057246,1,0,0,0,1,0,0,0,1,0,0,0,1,0,0,0
0.00057732,1,0,0,0,1,0,0,0,0,0,0,0,1,0,0,0
0.00057734,1,0,0,0,1,0,0,0,1,0,0,0,1,0,0,0
0.00058318,1,0,0,0,1,0,0,0,0,0,0,0,1,0,0,0
0.0005832,1,0,0,0,1,0,0,0,1,0,0,0,1,0,0,0
0.00058806,1,0,0,0,1,0,0,0,0,0,0,0,1,0,0,0
0.00058808,1,0,0,0,1,0,0,0,1,0,0,0,1,0,0,0
0.00059392,1,0,0,0,1,0,0,0,0,0,0,0,1,0,0,0
0.00059394,1,0,0,0,1,0,0,0,1,0,0,0,1,0,0,0
0.0005988,1,0,0,0,1,0,0,0,0,0,0,0,1,0,0,0
0.00059882,1,0,0,0,1,0,0,0,1,0,0,0,1,0,0,0
0.00060466,1,0,0,0,1,0,0,0,0,0,0,0,1,0,0,0
0.00060468,1,0,0,0,1,0,0,0,1,0,0,0,1,0,0,0
0.00060954,1,0,0,0,1,0,0,0,0,0,0,0,1,0,0,0
0.00060956,1,0,0,0,1,0,0,0,1,0,0,0,1,0,0,0
0.0006154,1,0,0,0,1,0,0,0,0,0,0,0,1,0,0,0
0.00061542,1,0,0,0,1,0,0,0,1,0,0,0,1,0,0,0
0.00062028,1,0,0,0,1,0,0,0,0,0,0,0,1,0,0,0
0.0006203,1,0,0,0,1,0,0,0,1,0,0,0,1,0,0,0
0.00062516,1,0,0,0,1,0,0,0,0,0,0,0,1,0,0,0
0.00062518,1,0,0,0,1,0,0,0,1,0,0,0,1,0,0,0
0.00062614,1,0,0,0,1,0,0,0,0,0,0,0,1,0,0,0
0.00062616,1,0,0,0,1,0,0,0,1,0,0,0,1,0,0,0
0.00063102,1,0,0,0,1,0,0,0,0,0,0,0,1,0,0,0
0.00063104,1,0,0,0,1,0,0,0,1,0,0,0,1,0,0,0
0.0006359,1,0,0,0,1,0,0,0,0,0,0,0,1,0,0,0
0.00063592,1,0,0,0,1,0,0,0,1,0,0,0,1,0,0,0
0.00064176,1,0,0,0,1,0,0,0,0,0,0,0,1,0,0,0
0.00064178,1,0,0,0,1,0,0,0,1,0,0,0,1,0,0,0
0.00064664,1,0,0,0,1,0,0,0,0,0,0,0,1,0,0,0
0.00064666,1,0,0,0,1,0,0,0,1,0,0,0,1,0,0,0
0.0006525,1,0,0,0,1,0,0,0,0,0,0,0,1,0,0,0
0.00065252,1,0,0,0,1,0,0,0,1,0,0,0,1,0,0,0
0.00065738,1,0,0,0,1,0,0,0,0,0,0,0,1,0,0,0
0.0006574,1,0,0,0,1,0,0,0,1,0,0,0,1,0,0,0
0.00066324,1,0,0,0,1,0,0,0,0,0,0,0,1,0,0,0
0.00066326,1,0,0,0,1,0,0,0,1,0,0,0,1,0,0,0
0.00066812,1,0,0,0,1,0,0,0,0,0,0,0,1,0,0,0
0.00066814,1,0,0,0,1,0,0,0,1,0,0,0,1,0,0,0
0.00067398,1,0,0,0,1,0,0,0,0,0,0,0,1,0,0,0
0.000674,1,0,0,0,1,0,0,0,1,0,0,0,1,0,0,0
0.00067886,1,0,0,0,1,0,0,0,0,0,0,0,1,0,0,0
0.00067888,1,0,0,0,1,0,0,0,1,0,0,0,1,0,0,0
0.00068472,1,0,0,0,1,0,0,0,0,0,0,0,1,0,0,0
0.00068474,1,0,0,0,1,0,0,0,1,0,0,0,1,0,0,0
0.0006896,1,0,0,0,1,0,0,0,0,0,0,0,1,0,0,0
0.00068962,1,0,0,0,1,0,0,0,1,0,0,0,1,0,0,0
0.00069546,1,0,0,0,1,0,0,0,0,0,0,0,1,0,0,0
0.00069548,1,0,0,0,1,0,0,0,1,0,0,0,1,0,0,0
0.00070034,1,0,0,0,1,0,0,0,0,0,0,0,1,0,0,0
0.00070036,1,0,0,0,1,0,0,0,1,0,0,0,1,0,0,0
0.0007062,1,0,0,0,1,0,0,0,0,0,0,0,1,0,0,0
0.00070622,1,0,0,0,1,0,0,0,1,0,0,0,1,0,0,0
0.00071108,1,0,0,0,1,0,0,0,0,0,0,0,1,0,0,0
0.0007111,1,0,0,0,1,0,0,0,1,0,0,0,1,0,0,0
0.00071596,1,0,0,0,1,0,0,0,0,0,0,0,1,0,0,0
0.00071598,1,0,0,0,1,0,0,0,1,0,0,0,1,0,0,0
0.00072182,1,0,0,0,1,0,0,0,0,0,0,0,1,0,0,0
0.00072184,1,0,0,0,1,0,0,0,1,0,0,0,1,0,0,0
0.0007267,1,0,0,0,1,0,0,0,0,0,0,0,1,0,0,0
0.00072672,1,0,0,0,1,0,0,0,1,0,0,0,1,0,0,0
0.00073256,1,0,0,0,1,0,0,0,0,0,0,0,1,0,0,0
0.00073258,1,0,0,0,1,0,0,0,1,0,0,0,1,0,0,0
0.00073744,1,0,0,0,1,0,0,0,0,0,0,0,1,0,0,0
0.00073746,1,0,0,0,1,0,0,0,1,0,0,0,1,0,0,0
0.0007433,1,0,0,0,1,0,0,0,0,0,0,0,1,0,0,0
0.00074332,1,0,0,0,1,0,0,0,1,0,0,0,1,0,0,0
0.00074818,1,0,0,0,1,0,0,0,0,0,0,0,1,0,0,0
0.0007482,1,0,0,0,1,0,0,0,1,0,0,0,1,0,0,0
0.00075404,1,0,0,0,1,0,0,0,0,0,0,0,1,0,0,0
0.00075406,1,0,0,0,1,0,0,0,1,0,0,0,1,0,0,0
0.00075892,1,0,0,0,1,0,0,0,0,0,0,0,1,0,0,0
0.00075894,1,0,0,0,1,0,0,0,1,0,0,0,1,0,0,0
0.00076478,1,0,0,0,1,0,0,0,0,0,0,0,1,0,0,0
0.0007648,1,0,0,0,1,0,0,0,1,0,0,0,1,0,0,0
0.00076966,1,0,0,0,1,0,0,0,0,0,0,0,1,0,0,0
0.00076968,1,0,0,0,1,0,0,0,1,0,0,0,1,0,0,0
0.00077552,1,0,0,0,1,0,0,0,0,0,0,0,1,0,0,0
0.00077554,1,0,0,0,1,0,0,0,1,0,0,0,1,0,0,0
0.0007804,1,0,0,0,1,0,0,0,0,0,0,0,1,0,0,0
0.00078042,1,0,0,0,1,0,0,0,1,0,0,0,1,0,0,0
0.00078626,1,0,0,0,1,0,0,0,0,0,0,0,1,0,0,0
0.00078628,1,0,0,0,1,0,0,0,1,0,0,0,1,0,0,0
0.00079114,1,0,0,0,1,0,0,0,0,0,0,0,1,0,0,0
0.00079116,1,0,0,0,1,0,0,0,1,0,0,0,1,0,0,0
0.00079602,1,0,0,0,1,0,0,0,0,0,0,0,1,0,0,0
0.00079604,1,0,0,0,1,0,0,0,1,0,0,0,1,0,0,0
0.000797,1,0,0,0,1,0,0,0,0,0,0,0,1,0,0,0
0.00079702,1,0,0,0,1,0,0,0,1,0,0,0,1,0,0,0
0.00080188,1,0,0,0,1,0,0,0,0,0,0,0,1,0,0,0
0.0008019,1,0,0,0,1,0,0,0,1,0,0,0,1,0,0,0
0.00080676,1,0,0,0,1,0,0,0,0,0,0,0,1,0,0,0
0.00080678,1,0,0,0,1,0,0,0,1,0,0,0,1,0,0,0
0.00081262,1,0,0,0,1,0,0,0,0,0,0,0,1,0,0,0
0.00081264,1,0,0,0,1,0,0,0,1,0,0,0,1,0,0,0
0.0008175,1,0,0,0,1,0,0,0,0,0,0,0,1,0,0,0
0.00081752,1,0,0,0,1,0,0,0,1,0,0,0,1,0,0,0
0.00082336,1,0,0,0,1,0,0,0,0,0,0,0,1,0,0,0
0.00082338,1,0,0,0,1,0,0,0,1,0,0,0,1,0,0,0
0.00082824,1,0,0,0,1,0,0,0,0,0,0,0,1,0,0,0
0.00082826,1,0,0,0,1,0,0,0,1,0,0,0,1,0,0,0
0.0008341,1,0,0,0,1,0,0,0,0,0,0,0,1,0,0,0
0.00083412,1,0,0,0,1,0,0,0,1,0,0,0,1,0,0,0
0.00083898,1,0,0,0,1,0,0,0,0,0,0,0,1,0,0,0
0.000839,1,0,0,0,1,0,0,0,1,0,0,0,1,0,0,0
0.00084484,1,0,0,0,1,0,0,0,0,0,0,0,1,0,0,0
0.00084486,1,0,0,0,1,0,0,0,1,0,0,0,1,0,0,0
0.00084972,1,0,0,0,1,0,0,0,0,0,0,0,1,0,0,0
0.00084974,1,0,0,0,1,0,0,0,1,0,0,0,1,0,0,0
0.00085558,1,0,0,0,1,0,0,0,0,0,0,0,1,0,0,0
0.0008556,1,0,0,0,1,0,0,0,1,0,0,0,1,0,0,0
0.00086046,1,0,0,0,1,0,0,0,0,0,0,0,1,0,0,0
0.00086048,1,0,0,0,1,0,0,0,1,0,0,0,1,0,0,0
0.00086632,1,0,0,0,1,0,0,0,0,0,0,0,1,0,0,0
0.00086634,1,0,0,0,1,0,0,0,1,0,0,0,1,0,0,0
0.0008712,1,0,0,0,1,0,0,0,0,0,0,0,1,0,0,0
0.00087122,1,0,0,0,1,0,0,0,1,0,0,0,1,0,0,0
0.00087608,1,0,0,0,1,0,0,0,0,0,0,0,1,0,0,0
0.0008761,1,0,0,0,1,0,0,0,1,0,0,0,1,0,0,0
0.00088194,1,0,0,0,1,0,0,0,0,0,0,0,1,0,0,0
0.00088196,1,0,0,0,1,0,0,0,1,0,0,0,1,0,0,0
0.00088682,1,0,0,0,1,0,0,0,0,0,0,0,1,0,0,0
0.00088684,1,0,0,0,1,0,0,0,1,0,0,0,1,0,0,0
0.00089268,1,0,0,0,1,0,0,0,0,0,0,0,1,0,0,0
0.0008927,1,0,0,0,1,0,0,0,1,0,0,0,1,0,0,0
0.00089756,1,0,0,0,1,0,0,0,0,0,0,0,1,0,0,0
0.00089758,1,0,0,0,1,0,0,0,1,0,0,0,1,0,0,0
0.00090342,1,0,0,0,1,0,0,0,0,0,0,0,1,0,0,0
0.00090344,1,0,0,0,1,0,0,0,1,0,0,0,1,0,0,0
0.0009083,1,0,0,0,1,0,0,0,0,0,0,0,1,0,0,0
0.00090832,1,0,0,0,1,0,0,0,1,0,0,0,1,0,0,0
0.00091416,1,0,0,0,1,0,0,0,0,0,0,0,1,0,0,0
0.00091418,1,0,0,0,1,0,0,0,1,0,0,0,1,0,0,0
0.00091904,1,0,0,0,1,0,0,0,0,0,0,0,1,0,0,0
0.00091906,1,0,0,0,1,0,0,0,1,0,0,0,1,0,0,0
0.0009249,1,0,0,0,1,0,0,0,0,0,0,0,1,0,0,0
0.00092492,1,0,0,0,1,0,0,0,1,0,0,0,1,0,0,0
0.00092978,1,0,0,0,1,0,0,0,0,0,0,0,1,0,0,0
0.0009298,1,0,0,0,1,0,0,0,1,0,0,0,1,0,0,0
0.00093564,1,0,0,0,1,0,0,0,0,0,0,0,1,0,0,0
0.00093566,1,0,0,0,1,0,0,0,1,0,0,0,1,0,0,0
0.00094052,1,0,0,0,1,0,0,0,0,0,0,0,1,0,0,0
0.00094054,1,0,0,0,1,0,0,0,1,0,0,0,1,0,0,0
0.00094638,1,0,0,0,1,0,0,0,0,0,0,0,1,0,0,0
0.0009464,1,0,0,0,1,0,0,0,1,0,0,0,1,0,0,0
0.00095126,1,0,0,0,1,0,0,0,0,0,0,0,1,0,0,0
0.00095128,1,0,0,0,1,0,0,0,1,0,0,0,1,0,0,0
0.00095712,1,0,0,0,1,0,0,0,0,0,0,0,1,0,0,0
0.00095714,1,0,0,0,1,0,0,0,1,0,0,0,1,0,0,0
0.000962,1,0,0,0,1,0,0,0,0,0,0,0,1,0,0,0
0.00096202,1,0,0,0,1,0,0,0,1,0,0,0,1,0,0,0
0.00096688,1,0,0,0,1,0,0,0,0,0,0,0,1,0,0,0
0.0009669,1,0,0,0,1,0,0,0,1,0,0,0,1,0,0,0
0.00097274,1,0,0,0,1,0,0,0,0,0,0,0,1,0,0,0
0.00097276,1,0,0,0,1,0,0,0,1,0,0,0,1,0,0,0
0.00097762,1,0,0,0,1,0,0,0,0,0,0,0,1,0,0,0
0.00097764,1,0,0,0,1,0,0,0,1,0,0,0,1,0,0,0
0.00098348,1,0,0,0,1,0,0,0,0,0,0,0,1,0,0,0
0.0009835,1,0,0,0,1,0,0,0,1,0,0,0,1,0,0,0
0.00098836,1,0,0,0,1,0,0,0,0,0,0,0,1,0,0,0
0.00098838,1,0,0,0,1,0,0,0,1,0,0,0,1,0,0,0
0.00099422,1,0,0,0,1,0,0,0,0,0,0,0,1,0,0,0
0.00099424,1,0,0,0,1,0,0,0,1,0,0,0,1,0,0,0
0.00099672,1,0,0,0,1,0,1,0,1,0,0,0,1,0,0,0
0.00099674,1,1,1,1,1,1,1,1,1,0,0,0,1,0,0,0
0.00099776,1,0,0,0,1,0,1,0,1,0,0,0,1,0,0,0
0.00099814,1,0,0,0,1,0,1,0,1,0,0,0,1,0,1,0
0.00099866,1,1,1,1,1,1,1,1,1,0,0,0,1,0,1,0
0.00099966,1,0,0,0,1,0,1,0,1,0,0,0,1,0,1,0
0.00099968,1,1,1,1,1,1,1,1,1,0,0,0,1,0,1,0
0.00099976,1,1,1,1,1,1,0,1,1,0,0,0,1,0,1,0
0.00099978,0,0,1,0,1,0,0,0,1,0,0,0,1,0,1,0
0.00099982,0,1,1,0,1,1,0,1,1,0,0,0,1,0,1,0
0.00099984,0,0,1,0,1,0,0,0,1,0,0,0,1,0,1,0
0.00100008,0,0,1,0,1,0,0,0,0,0,0,0,1,0,0,0
0.0010001,0,0,1,0,1,0,0,0,0,0,1,0,1,0,0,0
0.00100016,0,0,1,0,1,0,0,1,0,0,1,0,1,0,0,0
0.00100018,1,1,1,1,1,1,1,1,1,1,1,1,1,1,1,1
0.0010002,1,1,1,1,1,1,1,1,0,0,1,0,1,0,0,0
0.00100022,0,0,1,0,1,0,0,0,0,0,1,0,1,0,0,0
0.00100026,1,1,1,1,1,1,1,1,0,0,1,0,1,0,0,0
0.00100028,0,0,1,0,1,0,0,0,0,0,1,0,1,0,0,0
0.00100062,1,1,1,1,1,1,1,1,0,0,1,0,1,0,0,0
0.00100166,0,0,0,0,0,0,0,1,0,0,1,0,1,0,0,0
0.0010017,1,1,0,1,0,1,0,1,0,0,1,0,1,0,0,0
0.00100172,1,1,1,1,0,1,1,1,0,0,1,0,1,0,0,0
0.00100174,0,0,0,1,0,0,0,1,0,0,1,0,1,0,0,0
0.00100176,0,0,0,0,0,0,0,1,0,0,1,0,1,0,0,0
0.00100178,0,0,0,1,0,1,0,1,0,0,1,0,1,0,0,0
0.00100184,0,0,0,0,0,0,0,1,0,0,1,0,1,0,0,0
0.00100186,0,0,0,1,0,1,0,1,0,0,1,0,1,0,0,0
0.001002,0,0,0,1,0,0,0,1,0,0,1,0,1,0,0,0
0.00100202,0,0,0,1,0,1,0,1,0,0,1,0,1,0,0,0
0.00100208,0,0,0,0,0,0,0,1,0,0,1,0,1,0,0,0
0.0010021,0,0,0,1,0,1,0,1,0,0,1,0,1,0,0,0
0.00100214,0,0,0,1,0,0,0,1,0,0,1,0,1,0,0,0
0.0010022,0,0,0,1,0,1,0,1,0,0,1,0,1,0,0,0
0.00100222,0,0,0,0,0,0,0,1,0,0,1,0,1,0,0,0
0.00100224,0,0,0,1,0,0,0,1,0,0,1,0,1,0,0,0
0.00100226,0,0,0,0,0,0,0,1,0,0,1,0,1,0,0,0
0.00100256,1,0,0,1,0,0,0,1,0,0,1,0,1,0,0,0
0.00100258,1,1,1,1,1,1,1,1,0,0,1,0,1,0,0,0
0.00100264,1,1,0,0,1,0,0,0,0,0,1,0,1,0,0,0
0.00100268,1,1,1,1,1,1,1,0,0,0,1,0,1,0,0,0
0.00100272,1,1,0,0,1,0,0,0,0,0,1,0,1,0,0,0
0.00100276,1,1,1,1,1,1,0,0,0,0,1,0,1,0,0,0
0.00100278,1,1,0,0,1,0,0,0,0,0,1,0,1,0,0,0
0.00100302,1,1,0,0,1,0,0,0,1,1,0,0,1,0,0,0
0.00100308,1,1,0,0,1,0,0,0,0,0,0,0,0,0,0,0
0.0010031,1,1,0,0,1,0,0,0,1,1,0,0,1,0,0,0
0.00100356,1,1,1,1,1,1,1,1,1,1,0,0,1,0,0,0
0.0010036,1,0,0,0,1,1,1,0,1,1,0,0,1,0,0,0
0.00100364,1,0,0,1,1,1,1,0,1,1,0,0,1,0,0,0
0.00100366,1,0,1,1,1,1,1,0,1,1,0,0,1,0,0,0
0.00100368,1,0,0,0,1,1,1,0,1,1,0,0,1,0,0,0
0.00100452,1,1,1,1,1,1,1,1,1,1,0,0,1,0,0,0
0.0010046,0,1,0,0,1,0,0,0,1,1,0,0,1,0,0,0
0.00100464,1,1,1,1,1,1,0,0,1,1,0,0,1,0,0,0
0.00100466,1,1,1,1,1,0,0,0,1,1,0,0,1,0,0,0
0.00100468,0,1,0,0,1,0,0,0,1,1,0,0,1,0,0,0
0.00100472,0,1,1,1,1,0,0,0,1,1,0,0,1,0,0,0
0.00100476,0,1,0,0,1,0,0,0,1,1,0,0,1,0,0,0
0.00100496,0,1,1,0,1,0,0,0,0,1,0,0,1,0,0,0
0.00100498,0,1,0,0,1,0,0,0,0,1,0,0,1,0,0,0
0.00100504,0,1,0,0,1,0,0,0,0,1,0,0,0,0,0,0
0.00100506,0,1,0,0,1,0,0,0,0,1,0,0,1,0,0,0
0.0010055,1,1,1,1,1,1,1,0,0,1,0,0,1,0,0,0
0.00100552,1,1,1,1,1,1,1,1,0,1,0,0,1,0,0,0
0.00100556,1,1,0,0,1,1,0,0,0,1,0,0,1,0,0,0
0.0010056,1,1,1,1,1,1,1,0,0,1,0,0,1,0,0,0
0.00100564,1,1,0,0,1,1,0,0,0,1,0,0,1,0,0,0
0.00100568,1,1,1,0,1,1,0,0,0,1,0,0,1,0,0,0
0.0010057,1,1,0,0,1,1,0,0,0,1,0,0,1,0,0,0
0.00100646,1,1,1,1,1,1,0,0,0,1,0,0,1,0,0,0
0.00100648,1,1,1,1,1,1,1,1,0,1,0,0,1,0,0,0
0.00100654,1,0,1,1,1,0,1,1,0,1,0,0,1,0,0,0
0.00100656,1,0,0,0,1,0,0,0,0,1,0,0,1,0,0,0
0.00100658,1,0,1,1,1,0,1,0,0,1,0,0,1,0,0,0
0.0010066,1,1,1,1,1,1,1,1,0,1,0,0,1,0,0,0
0.00100662,1,0,1,1,1,0,0,0,0,1,0,0,1,0,0,0
0.00100664,1,0,0,0,1,0,0,0,0,1,0,0,1,0,0,0
0.00100666,1,0,1,1,1,0,0,0,0,1,0,0,1,0,0,0
0.00100672,1,0,0,0,1,0,0,0,0,1,0,0,1,0,0,0
0.00100674,1,0,1,0,1,0,0,0,0,1,0,0,1,0,0,0
0.00100676,1,0,1,1,1,0,0,0,0,1,0,0,1,0,0,0
0.00100678,1,0,1,0,1,0,0,0,0,1,0,0,1,0,0,0
0.00100692,1,0,1,0,1,0,0,0,1,0,0,0,1,0,0,0
0.00100694,1,0,0,0,1,0,0,0,1,0,0,0,1,0,0,0
0.00100698,1,0,1,1,1,0,0,0,1,0,0,0,1,0,0,0
0.001007,1,0,0,0,1,0,0,0,1,0,0,0,1,0,0,0
0.00100704,1,0,1,0,1,0,0,0,1,0,0,0,1,0,0,0
0.00100708,1,0,0,0,1,0,0,0,1,0,0,0,1,0,0,0
0.00100744,1,0,1,1,1,0,0,0,1,0,0,0,1,0,0,0
0.00100746,1,1,1,1,1,1,1,1,1,0,0,0,1,0,0,0
0.00100752,0,0,1,1,1,0,1,0,1,0,0,0,1,0,0,0
0.00100756,1,1,1,1,1,1,1,1,1,0,0,0,1,0,0,0
0.00100758,0,0,1,1,1,0,1,0,1,0,0,0,1,0,0,0
0.00100842,1,0,1,1,1,0,1,0,1,0,0,0,1,0,0,0
0.00100844,0,0,1,1,1,0,1,0,1,0,0,0,1,0,0,0
0.00100846,1,1,1,1,1,1,1,1,1,0,0,0,1,0,0,0
0.0010085,1,0,0,0,1,0,0,0,1,0,0,0,1,0,0,0
0.00100854,1,1,1,1,1,1,0,0,1,0,0,0,1,0,0,0
0.00100856,1,1,1,1,1,1,1,1,1,0,0,0,1,0,0,0
0.00100858,1,0,1,0,1,0,0,0,1,0,0,0,1,0,0,0
0.0010086,1,0,0,0,1,0,0,0,1,0,0,0,1,0,0,0
0.00100862,1,1,1,1,1,1,0,0,1,0,0,0,1,0,0,0
0.00100866,1,0,1,0,1,0,0,0,1,0,0,0,1,0,0,0
0.0010087,1,1,1,1,1,1,0,0,1,0,0,0,1,0,0,0
0.00100872,1,0,1,1,1,1,0,0,1,0,0,0,1,0,0,0
0.00100874,1,0,1,0,1,1,0,0,1,0,0,0,1,0,0,0
0.00100878,1,0,1,1,1,1,0,0,1,0,0,0,1,0,0,0
0.00100882,1,0,1,0,1,0,0,0,1,0,0,0,1,0,0,0
0.00100884,1,0,1,1,1,0,0,0,1,0,0,0,1,0,0,0
0.0010089,1,0,1,0,1,0,0,0,1,0,0,0,1,0,0,0
0.00100892,1,0,1,1,1,1,0,0,1,0,0,0,1,0,0,0
0.00100894,1,0,1,0,1,0,0,0,1,0,0,0,1,0,0,0
0.0010094,1,1,1,1,1,0,1,0,1,0,0,0,1,0,0,0
0.00100942,1,1,1,1,1,1,1,1,1,0,0,0,1,0,0,0
0.00100946,1,1,1,0,0,0,1,0,1,0,0,0,1,0,0,0
0.0010095,1,1,1,1,0,1,1,0,1,0,0,0,1,0,0,0
0.00100952,1,1,1,1,0,1,1,1,1,0,0,0,1,0,0,0
0.00100954,1,1,1,0,0,0,1,0,1,0,0,0,1,0,0,0
0.00100958,1,1,1,1,0,1,1,0,1,0,0,0,1,0,0,0
0.0010096,1,1,1,0,0,0,1,0,1,0,0,0,1,0,0,0
0.0010104,1,1,1,1,1,1,1,1,1,0,0,0,1,0,0,0
0.00101046,0,1,0,0,1,0,1,1,1,0,0,0,1,0,0,0
0.0010105,0,1,1,1,1,1,1,1,1,0,0,0,1,0,0,0
0.00101052,0,1,0,0,1,0,1,1,1,0,0,0,1,0,0,0
0.00101082,0,1,0,0,1,0,1,1,0,1,0,0,1,0,1,0
0.00101084,0,1,0,0,1,0,1,1,0,1,0,0,1,0,1,1
0.00101136,0,1,1,1,1,1,1,1,0,1,0,0,1,0,1,1
0.00101138,1,1,1,1,1,0,1,1,0,1,0,0,1,0,1,1
0.0010114,1,1,1,1,1,1,1,1,0,1,0,0,1,0,1,1
0.00101142,1,1,1,0,0,0,1,0,0,1,0,0,1,0,1,1
0.00101146,1,1,1,1,0,1,1,0,0,1,0,0,1,0,1,1
0.00101148,1,1,1,0,0,0,1,0,0,1,0,0,1,0,1,1
0.00101234,1,1,1,1,0,1,1,0,0,1,0,0,1,0,1,1
0.00101236,1,1,1,1,1,1,1,1,0,1,0,0,1,0,1,1
0.00101332,0,0,0,0,0,0,0,0,0,1,0,0,1,0,1,1
0.00101336,0,0,1,1,0,0,0,0,0,1,0,0,1,0,1,1
0.00101338,0,0,0,0,0,0,0,0,0,1,0,0,1,0,1,1
0.0010143,1,1,1,1,1,0,1,0,0,1,0,0,1,0,1,1
0.00101432,1,1,1,1,1,1,1,1,0,1,0,0,1,0,1,1
0.00101434,1,1,0,1,1,0,1,0,0,1,0,0,1,0,1,1
0.00101436,1,1,0,1,1,1,1,0,0,1,0,0,1,0,1,1
0.00101438,0,1,1,1,1,1,1,1,0,1,0,0,1,0,1,1
0.0010144,0,1,0,1,1,1,1,0,0,1,0,0,1,0,1,1
0.00101442,0,1,0,0,1,1,0,0,0,1,0,0,1,0,1,1
0.00101446,1,1,1,0,1,1,0,1,0,1,0,0,1,0,1,1
0.00101448,0,1,1,0,1,1,0,0,0,1,0,0,1,0,1,1
0.0010145,0,1,0,0,1,1,0,0,0,1,0,0,1,0,1,1
0.00101454,0,1,1,0,1,1,0,0,0,1,0,0,1,0,1,1
0.00101456,0,1,0,0,1,1,0,0,0,1,0,0,1,0,1,1
0.00101474,0,1,0,0,1,1,0,0,0,1,0,0,1,1,0,0
0.00101526,1,1,1,1,1,1,0,0,0,1,0,0,1,1,0,0
0.00101528,1,1,1,1,1,1,1,1,0,1,0,0,1,1,0,0
0.00101534,1,0,0,1,1,1,1,1,0,1,0,0,1,1,0,0
0.00101536,1,0,1,1,1,1,1,1,0,1,0,0,1,1,0,0
0.0010154,1,0,0,1,1,1,1,1,0,1,0,0,1,1,0,0
0.00101624,1,1,1,1,1,1,1,1,0,1,0,0,1,1,0,0
0.0010163,1,1,1,1,1,1,1,0,0,1,0,0,1,1,0,0
0.00101632,0,1,0,1,0,0,0,0,0,1,0,0,1,1,0,0
0.00101636,1,1,1,1,0,0,0,0,0,1,0,0,1,1,0,0
0.0010164,0,1,0,1,0,0,0,0,0,1,0,0,1,1,0,0
0.00101644,0,1,1,1,0,0,0,0,0,1,0,0,1,1,0,0
0.00101664,0,1,0,1,0,0,0,0,0,1,0,0,1,1,0,0
0.00101666,0,1,1,1,0,0,0,0,0,1,0,0,1,1,0,0
0.0010167,0,1,0,1,0,0,0,0,0,1,0,0,1,1,0,0
0.00101674,0,1,1,1,0,0,0,0,0,1,0,0,1,1,0,0
0.00101678,0,1,0,1,0,0,0,0,0,1,0,0,1,1,0,0
0.00101722,1,1,1,1,0,1,1,1,0,1,0,0,1,1,0,0
0.00101724,1,1,1,1,1,1,1,1,0,1,0,0,1,1,0,0
0.00101824,0,0,0,1,1,0,1,0,0,1,0,0,1,1,0,0
0.00101826,1,1,1,1,1,0,1,0,0,1,0,0,1,1,0,0
0.00101828,1,1,1,1,1,1,1,1,0,1,0,0,1,1,0,0
0.0010183,0,1,1,0,1,1,0,0,0,1,0,0,1,1,0,0
0.00101832,0,0,1,0,1,0,0,0,0,1,0,0,1,1,0,0
0.00101836,1,0,1,0,1,1,0,1,0,1,0,0,1,1,0,0
0.00101838,0,0,1,0,1,1,0,0,0,1,0,0,1,1,0,0
0.0010184,0,0,1,0,1,0,0,0,0,1,0,0,1,1,0,0
0.00101844,0,0,1,0,1,1,0,0,0,1,0,0,1,1,0,0
0.00101846,0,0,1,0,1,0,0,0,0,1,0,0,1,1,0,0
0.00101864,0,0,1,0,1,0,0,0,0,0,1,0,1,0,0,0
0.00101872,0,1,1,1,1,0,0,0,0,0,1,0,1,0,0,0
0.00101874,1,1,1,1,1,1,1,1,0,1,1,1,1,0,0,0
0.00101876,0,0,1,0,1,0,0,0,0,0,1,0,1,0,0,0
0.0010188,0,0,1,0,1,1,0,1,0,0,1,0,1,0,0,0
0.00101882,0,0,1,0,1,1,0,0,0,0,1,0,1,0,0,0
0.00101884,0,0,1,0,1,0,0,0,0,0,1,0,1,0,0,0
0.00101918,1,1,1,0,1,1,1,1,0,0,1,0,1,0,0,0
0.0010192,1,1,1,1,1,1,1,1,0,0,1,0,1,0,0,0
0.0010202,0,0,0,0,0,0,0,1,0,0,1,0,1,0,0,0
0.00102024,0,0,0,0,0,1,0,1,0,0,1,0,1,0,0,0
0.00102026,1,1,1,1,0,1,1,1,0,0,1,0,1,0,0,0
0.00102028,1,0,1,0,0,1,0,1,0,0,1,0,1,0,0,0
0.0010203,0,0,0,0,0,0,0,1,0,0,1,0,1,0,0,0
0.00102034,0,0,0,0,0,1,0,1,0,0,1,0,1,0,0,0
0.00102038,0,0,0,0,0,0,0,1,0,0,1,0,1,0,0,0
0.00102042,0,0,0,0,0,1,0,1,0,0,1,0,1,0,0,0
0.00102054,0,0,0,0,0,0,0,1,0,0,1,0,1,0,0,0
0.00102056,0,0,0,0,0,1,0,1,0,0,1,0,1,0,0,0
0.00102062,0,0,0,0,0,0,0,1,0,0,1,0,1,0,0,0
0.00102064,0,0,0,0,0,1,0,1,0,0,1,0,1,0,0,0
0.00102078,0,0,0,0,0,0,0,1,0,0,1,0,1,0,0,0
0.00102112,1,1,0,1,1,1,1,1,0,0,1,0,1,0,0,0
0.00102114,1,1,1,1,1,1,1,1,0,0,1,0,1,0,0,0
0.00102118,1,1,1,1,1,1,1,0,0,0,1,0,1,0,0,0
0.0010212,1,1,0,0,1,0,0,0,0,0,1,0,1,0,0,0
0.00102124,1,1,1,1,1,1,1,0,0,0,1,0,1,0,0,0
0.00102126,1,1,1,0,1,0,0,0,0,0,1,0,1,0,0,0
0.00102128,1,1,0,0,1,0,0,0,0,0,1,0,1,0,0,0
0.0010213,1,1,1,0,1,0,0,0,0,0,1,0,1,0,0,0
0.00102132,1,1,1,0,1,1,0,0,0,0,1,0,1,0,0,0
0.00102134,1,1,0,0,1,0,0,0,0,0,1,0,1,0,0,0
0.00102156,1,1,0,0,1,0,0,0,0,0,0,0,1,0,0,0
0.00102158,1,1,0,0,1,0,0,0,1,1,0,0,1,0,0,0
0.00102212,1,1,1,1,1,1,1,1,1,1,0,0,1,0,0,0
0.00102216,1,0,0,0,1,1,1,0,1,1,0,0,1,0,0,0
0.0010222,1,1,1,1,1,1,1,0,1,1,0,0,1,0,0,0
0.00102222,1,0,0,0,1,1,1,0,1,1,0,0,1,0,0,0
0.00102306,1,1,1,1,1,1,1,0,1,1,0,0,1,0,0,0
0.00102308,1,1,1,1,1,1,1,1,1,1,0,0,1,0,0,0
0.00102314,0,1,1,0,1,0,0,0,1,1,0,0,1,0,0,0
0.00102316,0,1,0,0,1,0,0,0,1,1,0,0,1,0,0,0
0.00102318,0,1,1,0,1,0,0,0,1,1,0,0,1,0,0,0
0.0010232,1,1,1,1,1,1,1,1,1,1,0,0,1,0,0,0
0.00102322,0,1,1,1,1,0,0,0,1,1,0,0,1,0,0,0
0.00102324,0,1,0,0,1,0,0,0,1,1,0,0,1,0,0,0
0.00102326,0,1,1,0,1,0,0,0,1,1,0,0,1,0,0,0
0.00102328,0,1,1,1,1,0,0,0,1,1,0,0,1,0,0,0
0.0010233,0,1,1,0,1,0,0,0,1,1,0,0,1,0,0,0
0.00102332,0,1,0,0,1,0,0,0,1,1,0,0,1,0,0,0
0.00102336,0,1,1,0,1,0,0,0,1,1,0,0,1,0,0,0
0.00102338,0,1,0,0,1,0,0,0,1,1,0,0,1,0,0,0
0.00102352,0,1,0,0,1,0,0,0,0,1,0,0,1,0,0,0
0.00102358,0,1,1,0,1,0,0,0,0,1,0,0,1,0,0,0
0.0010236,0,1,0,0,1,0,0,0,0,1,0,0,1,0,0,0
0.00102404,1,1,1,1,1,0,0,0,0,1,0,0,1,0,0,0
0.00102406,1,1,1,1,1,1,1,1,0,1,0,0,1,0,0,0
0.00102412,1,1,0,0,1,1,0,0,0,1,0,0,1,0,0,0
0.00102416,1,1,1,1,1,1,1,1,0,1,0,0,1,0,0,0
0.00102418,1,1,0,0,1,1,0,0,0,1,0,0,1,0,0,0
0.00102422,1,1,1,0,1,1,0,0,0,1,0,0,1,0,0,0
0.00102426,1,1,0,0,1,1,0,0,0,1,0,0,1,0,0,0
0.00102502,1,1,1,1,1,1,1,0,0,1,0,0,1,0,0,0
0.00102504,1,1,1,1,1,1,1,1,0,1,0,0,1,0,0,0
0.0010251,1,0,0,0,1,0,0,0,0,1,0,0,1,0,0,0
0.00102514,1,0,1,1,1,1,1,1,0,1,0,0,1,0,0,0
0.00102516,1,1,1,1,1,1,1,1,0,1,0,0,1,0,0,0
0.00102518,1,0,0,0,1,0,0,0,0,1,0,0,1,0,0,0
0.00102522,1,0,1,1,1,0,0,0,0,1,0,0,1,0,0,0
0.00102526,1,0,1,0,1,0,0,0,0,1,0,0,1,0,0,0
0.00102528,1,0,0,0,1,0,0,0,0,1,0,0,1,0,0,0
0.0010253,1,0,1,0,1,0,0,0,0,1,0,0,1,0,0,0
0.00102542,1,0,0,0,1,0,0,0,0,1,0,0,1,0,0,0
0.00102544,1,0,1,0,1,0,0,0,0,1,0,0,1,0,0,0
0.00102546,1,0,1,0,1,0,0,0,0,0,0,0,1,0,0,0
0.00102548,1,0,0,0,1,0,0,0,1,0,0,0,1,0,0,0
0.00102552,1,0,1,1,1,0,0,0,1,0,0,0,1,0,0,0
0.00102554,1,0,1,0,1,0,0,0,0,0,0,0,0,0,0,0
0.00102556,1,0,0,0,1,0,0,0,1,0,0,0,1,0,0,0
0.0010256,1,0,1,0,1,0,0,0,1,0,0,0,1,0,0,0
0.00102562,1,0,0,0,1,0,0,0,1,0,0,0,1,0,0,0
0.001026,1,0,1,1,1,0,0,0,1,0,0,0,1,0,0,0
0.00102602,1,1,1,1,1,1,1,1,1,0,0,0,1,0,0,0
0.00102606,0,0,1,1,1,0,1,0,1,0,0,0,1,0,0,0
0.0010261,0,1,1,1,1,1,1,0,1,0,0,0,1,0,0,0
0.00102612,0,0,1,1,1,1,1,0,1,0,0,0,1,0,0,0
0.00102614,0,0,1,1,1,0,1,0,1,0,0,0,1,0,0,0
0.00102698,0,1,1,1,1,0,1,0,1,0,0,0,1,0,0,0
0.001027,1,1,1,1,1,1,1,1,1,0,0,0,1,0,0,0
0.00102704,1,1,1,0,1,1,1,1,1,0,0,0,1,0,0,0
0.00102706,0,1,0,0,1,0,0,0,1,0,0,0,1,0,0,0
0.0010271,1,1,1,1,1,1,1,1,1,0,0,0,1,0,0,0
0.00102712,1,1,1,1,1,1,0,0,1,0,0,0,1,0,0,0
0.00102714,0,1,0,0,1,0,0,0,1,0,0,0,1,0,0,0
0.00102716,0,1,1,0,1,0,0,0,1,0,0,0,1,0,0,0
0.00102718,1,1,1,1,1,1,0,0,1,0,0,0,1,0,0,0
0.0010272,1,1,1,0,1,1,0,0,1,0,0,0,1,0,0,0
0.00102722,0,1,1,0,1,0,0,0,1,0,0,0,1,0,0,0
0.00102742,0,1,1,0,1,0,0,0,0,1,0,0,1,0,0,0
0.00102796,1,1,1,1,1,1,1,1,0,1,0,0,1,0,0,0
0.00102802,1,1,1,0,0,0,1,0,0,1,0,0,1,0,0,0
0.00102806,1,1,1,1,0,1,1,1,0,1,0,0,1,0,0,0
0.00102808,1,1,1,0,0,0,1,0,0,1,0,0,1,0,0,0
0.00102814,1,1,1,1,0,0,1,0,0,1,0,0,1,0,0,0
0.00102816,1,1,1,0,0,0,1,0,0,1,0,0,1,0,0,0
0.00102894,1,1,1,1,1,1,1,0,0,1,0,0,1,0,0,0
0.00102896,1,1,1,1,1,1,1,1,0,1,0,0,1,0,0,0
0.001029,1,0,0,0,0,0,0,1,0,1,0,0,1,0,0,0
0.00102904,1,0,1,1,0,1,0,1,0,1,0,0,1,0,0,0
0.00102906,1,0,1,1,0,1,1,1,0,1,0,0,1,0,0,0
0.00102908,1,0,1,1,0,0,0,1,0,1,0,0,1,0,0,0
0.0010291,1,0,0,0,0,0,0,1,0,1,0,0,1,0,0,0
0.00102912,1,0,1,1,0,1,0,1,0,1,0,0,1,0,0,0
0.00102916,1,0,1,0,0,0,0,1,0,1,0,0,1,0,0,0
0.00102918,1,0,0,0,0,0,0,1,0,1,0,0,1,0,0,0
0.0010292,1,0,1,0,0,0,0,1,0,1,0,0,1,0,0,0
0.00102922,1,0,1,1,0,0,0,1,0,1,0,0,1,0,0,0
0.00102924,1,0,1,0,0,0,0,1,0,1,0,0,1,0,0,0
0.00102938,1,0,1,0,0,0,0,1,1,0,0,0,0,0,0,1
0.0010294,1,0,0,0,0,0,0,1,1,0,0,0,0,0,0,1
0.00102942,1,0,1,0,0,0,0,1,1,0,0,0,0,0,0,1
0.00102944,1,0,1,1,0,0,0,1,1,0,0,0,0,0,0,1
0.00102946,1,0,0,0,0,0,0,1,1,0,0,0,0,0,0,1
0.0010295,1,0,1,0,0,0,0,1,1,0,0,0,0,0,0,1
0.00102954,1,0,0,0,0,0,0,1,1,0,0,0,0,0,0,1
0.00102956,1,0,1,0,0,0,0,1,1,0,0,0,0,0,0,1
0.00102972,1,0,0,0,0,0,0,1,1,0,0,0,0,0,0,1
0.00102974,1,0,1,0,0,0,0,1,1,0,0,0,0,0,0,1
0.00102976,1,0,0,0,0,0,0,1,1,0,0,0,0,0,0,1
0.00102978,1,0,1,0,0,0,0,1,1,0,0,0,0,0,0,1
0.0010298,1,0,0,0,0,0,0,1,1,0,0,0,0,0,0,1
0.00102982,1,0,1,0,0,0,0,1,1,0,0,0,0,0,0,1
0.00102984,1,0,0,0,0,0,0,1,1,0,0,0,0,0,0,1
0.00102988,1,0,1,0,0,0,0,1,1,0,0,0,0,0,0,1
0.0010299,1,1,1,0,0,0,1,1,1,0,0,0,0,0,0,1
0.00102992,1,1,1,1,0,1,1,1,1,0,0,0,0,0,0,1
0.00102994,1,1,1,1,0,0,1,0,1,0,0,0,0,0,0,1
0.00102996,1,1,1,0,0,0,1,0,1,0,0,0,0,0,0,1
0.00102998,1,1,1,1,0,1,1,0,1,0,0,0,0,0,0,1
0.00103002,1,1,1,0,0,0,1,0,1,0,0,0,0,0,0,1
0.0010309,1,1,1,0,1,0,1,1,1,0,0,0,0,0,0,1
0.00103092,1,1,1,0,1,1,1,1,1,0,0,0,0,0,0,1
0.00103094,1,0,1,1,1,1,1,0,1,0,0,0,0,0,0,1
0.00103096,1,1,1,1,1,0,1,1,1,0,0,0,0,0,0,1
0.00103098,0,1,1,1,1,1,1,1,1,0,0,0,0,0,0,1
0.00103102,0,1,0,0,1,0,1,1,1,0,0,0,0,0,0,1
0.00103106,0,1,1,1,1,1,1,1,1,0,0,0,0,0,0,1
0.00103108,0,1,0,0,1,1,1,1,1,0,0,0,0,0,0,1
0.0010311,0,1,0,0,1,0,1,1,1,0,0,0,0,0,0,1
0.00103112,0,1,0,0,1,1,1,1,1,0,0,0,0,0,0,1
0.00103116,0,1,0,0,1,0,1,1,1,0,0,0,0,0,0,1
0.0010312,0,1,0,0,1,1,1,1,1,0,0,0,0,0,0,1
0.00103124,0,1,0,0,1,0,1,1,1,0,0,0,0,0,0,1
0.00103132,0,1,0,0,1,1,1,1,0,0,0,0,0,0,0,0
0.00103134,0,1,0,0,1,0,1,1,0,1,0,0,1,0,1,1
0.00103188,1,1,1,1,1,1,1,1,0,1,0,0,1,0,1,1
0.00103194,1,1,1,0,0,0,1,0,0,1,0,0,1,0,1,1
0.00103198,1,1,1,1,0,1,1,0,0,1,0,0,1,0,1,1
0.001032,1,1,1,0,0,0,1,0,0,1,0,0,1,0,1,1
0.00103284,1,1,1,0,0,1,1,0,0,1,0,0,1,0,1,1
0.00103286,1,1,1,1,1,1,1,1,0,1,0,0,1,0,1,1
0.00103382,0,0,0,0,0,0,0,0,0,1,0,0,1,0,1,1
0.00103478,0,0,1,0,0,0,0,0,0,1,0,0,1,0,1,1
0.0010348,0,0,0,0,0,0,0,0,0,1,0,0,1,0,1,1
0.00103482,1,1,1,1,1,1,1,1,0,1,0,0,1,0,1,1
0.00103484,1,1,0,1,1,0,1,0,0,1,0,0,1,0,1,1
0.00103486,0,1,0,1,1,1,1,0,0,1,0,0,1,0,1,1
0.00103488,1,1,1,0,1,1,1,1,0,1,0,0,1,0,1,1
0.0010349,0,1,1,0,1,1,1,0,0,1,0,0,1,0,1,1
0.00103492,0,1,0,0,1,1,0,0,0,1,0,0,1,0,1,1
0.00103496,1,1,1,0,1,1,0,0,0,1,0,0,1,0,1,1
0.00103498,0,1,0,0,1,1,0,0,0,1,0,0,1,0,1,1
0.00103524,0,1,0,0,1,1,0,0,0,1,0,0,1,1,0,0
0.00103576,1,1,1,1,1,1,0,0,0,1,0,0,1,1,0,0
0.00103578,1,1,1,1,1,1,1,1,0,1,0,0,1,1,0,0
0.00103584,0,0,1,1,1,1,1,1,0,1,0,0,1,1,0,0
0.00103588,1,0,1,1,1,1,1,1,0,1,0,0,1,1,0,0
0.0010359,0,0,1,1,1,1,1,1,0,1,0,0,1,1,0,0
0.00103674,1,1,1,1,1,1,1,1,0,1,0,0,1,1,0,0
0.0010368,0,1,0,1,0,0,0,0,0,1,0,0,1,1,0,0
0.00103686,0,1,1,1,0,0,0,0,0,1,0,0,1,1,0,0
0.00103688,0,1,0,1,0,0,0,0,0,1,0,0,1,1,0,0
0.00103772,0,1,1,1,0,0,0,0,0,1,0,0,1,1,0,0
0.00103774,1,1,1,1,1,1,1,1,0,1,0,0,1,1,0,0
0.00103874,0,0,0,1,1,0,1,0,0,1,0,0,1,1,0,0
0.00103876,0,0,1,1,1,0,1,0,0,1,0,0,1,1,0,0
0.00103878,1,1,1,0,1,1,0,1,0,1,0,0,1,1,0,0
0.0010388,0,0,1,0,1,0,0,0,0,1,0,0,1,1,0,0
0.00103914,0,0,1,0,1,0,0,0,0,0,0,0,1,0,0,0
0.00103916,0,0,1,0,1,0,0,0,0,0,1,0,1,0,0,0
0.00103922,0,1,1,1,1,0,0,0,0,0,1,0,1,0,0,0
0.00103924,1,1,1,1,1,1,0,1,0,1,1,1,1,0,0,0
0.00103926,0,0,1,0,1,0,0,0,0,0,1,0,1,0,0,0
0.0010393,0,0,1,0,1,1,0,0,0,0,1,0,1,0,0,0
0.00103932,0,0,1,0,1,0,0,0,0,0,1,0,1,0,0,0
0.00103966,1,1,1,0,1,0,0,0,0,0,1,0,1,0,0,0
0.00103968,1,1,1,0,1,1,1,1,0,0,1,0,1,0,0,0
0.0010397,1,1,1,1,1,1,1,1,0,0,1,0,1,0,0,0
0.00104072,0,0,0,0,0,0,0,1,0,0,1,0,1,0,0,0
0.00104076,1,0,0,0,0,1,0,1,0,0,1,0,1,0,0,0
0.00104078,1,1,1,1,0,1,0,1,0,0,1,0,1,0,0,0
0.0010408,0,0,0,0,0,0,0,1,0,0,1,0,1,0,0,0
0.00104086,0,0,1,0,0,0,0,1,0,0,1,0,1,0,0,0
0.00104088,0,0,0,0,0,0,0,1,0,0,1,0,1,0,0,0
0.00104162,1,1,1,0,0,0,0,1,0,0,1,0,1,0,0,0
0.00104164,1,1,1,1,1,1,1,1,0,0,1,0,1,0,0,0
0.00104168,1,1,0,0,1,0,0,0,0,0,1,0,1,0,0,0
0.00104172,1,1,1,1,1,1,1,0,0,0,1,0,1,0,0,0
0.00104176,1,1,0,0,1,0,0,0,0,0,1,0,1,0,0,0
0.0010418,1,1,1,1,1,1,0,0,0,0,1,0,1,0,0,0
0.00104182,1,1,1,0,1,0,0,0,0,0,1,0,1,0,0,0
0.00104184,1,1,0,0,1,0,0,0,0,0,1,0,1,0,0,0
0.00104188,1,1,1,0,1,0,0,0,0,0,1,0,1,0,0,0
0.00104192,1,1,0,0,1,0,0,0,0,0,1,0,1,0,0,0
0.00104206,1,1,1,0,1,0,0,0,0,0,0,0,1,0,0,0
0.00104208,1,1,0,0,1,0,0,0,1,1,0,0,1,0,0,0
0.00104212,1,1,1,0,1,0,0,0,1,1,0,0,1,0,0,0
0.00104214,1,1,0,0,1,0,0,0,0,1,0,0,1,0,0,0
0.00104216,1,1,0,0,1,0,0,0,1,1,0,0,1,0,0,0
0.00104258,1,1,1,0,1,0,0,0,1,1,0,0,1,0,0,0
0.0010426,1,1,1,1,1,1,1,1,1,1,0,0,1,0,0,0
0.00104268,1,0,0,0,1,1,1,0,1,1,0,0,1,0,0,0
0.00104272,1,1,1,1,1,1,1,0,1,1,0,0,1,0,0,0
0.00104274,1,0,0,0,1,1,1,0,1,1,0,0,1,0,0,0
0.00104278,1,0,1,0,1,1,1,0,1,1,0,0,1,0,0,0
0.0010428,1,0,0,0,1,1,1,0,1,1,0,0,1,0,0,0
0.00104358,1,1,1,1,1,1,1,0,1,1,0,0,1,0,0,0
0.0010436,1,1,1,1,1,1,1,1,1,1,0,0,1,0,0,0
0.00104364,0,1,0,0,1,0,0,0,1,1,0,0,1,0,0,0
0.00104368,0,1,1,1,1,0,0,0,1,1,0,0,1,0,0,0
0.0010437,1,1,1,1,1,1,1,0,1,1,0,0,1,0,0,0
0.00104372,0,1,1,0,1,0,0,0,1,1,0,0,1,0,0,0
0.00104374,0,1,0,0,1,0,0,0,1,1,0,0,1,0,0,0
0.00104376,0,1,1,0,1,0,0,0,1,1,0,0,1,0,0,0
0.00104378,0,1,1,1,1,0,0,0,1,1,0,0,1,0,0,0
0.0010438,0,1,1,0,1,0,0,0,1,1,0,0,1,0,0,0
0.00104382,0,1,0,0,1,0,0,0,1,1,0,0,1,0,0,0
0.00104384,0,1,1,0,1,0,0,0,1,1,0,0,1,0,0,0
0.00104386,0,1,0,0,1,0,0,0,1,1,0,0,1,0,0,0
0.00104388,0,1,1,0,1,0,0,0,1,1,0,0,1,0,0,0
0.0010439,0,1,0,0,1,0,0,0,1,1,0,0,1,0,0,0
0.00104402,0,1,1,0,1,0,0,0,0,1,0,0,1,0,0,0
0.00104404,0,1,0,0,1,0,0,0,0,1,0,0,1,0,0,0
0.00104454,1,1,1,1,1,0,0,0,0,1,0,0,1,0,0,0
0.00104456,1,1,1,1,1,1,1,1,0,1,0,0,1,0,0,0
0.00104462,1,1,0,0,1,1,0,0,0,1,0,0,1,0,0,0
0.00104466,1,1,1,1,1,1,1,0,0,1,0,0,1,0,0,0
0.00104468,1,1,1,1,1,1,0,0,0,1,0,0,1,0,0,0
0.0010447,1,1,0,0,1,1,0,0,0,1,0,0,1,0,0,0
0.00104474,1,1,1,0,1,1,0,0,0,1,0,0,1,0,0,0
0.00104476,1,1,0,0,1,1,0,0,0,1,0,0,1,0,0,0
0.00104552,1,1,1,1,1,1,0,0,0,1,0,0,1,0,0,0
0.00104554,1,1,0,0,1,1,1,1,0,1,0,0,1,0,0,0
0.00104556,1,1,1,1,1,1,1,1,0,1,0,0,1,0,0,0
0.00104558,1,0,1,1,1,0,1,1,0,1,0,0,1,0,0,0
0.0010456,1,0,0,0,1,0,0,0,0,1,0,0,1,0,0,0
0.00104564,1,1,1,1,1,1,1,1,0,1,0,0,1,0,0,0
0.00104566,1,0,1,1,1,0,0,0,0,1,0,0,1,0,0,0
0.00104568,1,0,0,0,1,0,0,0,0,1,0,0,1,0,0,0
0.0010457,1,0,1,0,1,0,0,0,0,1,0,0,1,0,0,0
0.00104572,1,0,1,1,1,0,0,0,0,1,0,0,1,0,0,0
0.00104574,1,0,1,0,1,0,0,0,0,1,0,0,1,0,0,0
0.00104576,1,0,0,0,1,0,0,0,0,1,0,0,1,0,0,0
0.00104598,1,0,0,0,1,0,0,0,1,0,0,0,1,0,0,0
0.00104604,1,0,0,0,1,0,0,0,0,0,0,0,0,0,0,0
0.00104606,1,0,0,0,1,0,0,0,1,0,0,0,1,0,0,0
0.00104652,1,1,1,1,1,1,1,1,1,0,0,0,1,0,0,0
0.00104658,0,0,1,1,1,0,1,0,1,0,0,0,1,0,0,0
0.00104662,1,1,1,1,1,1,1,1,1,0,0,0,1,0,0,0
0.00104664,0,0,1,1,1,0,1,0,1,0,0,0,1,0,0,0
0.00104748,1,1,1,1,1,0,1,0,1,0,0,0,1,0,0,0
0.0010475,1,1,1,1,1,1,1,1,1,0,0,0,1,0,0,0
0.00104754,1,1,0,0,1,1,0,1,1,0,0,0,1,0,0,0
0.00104756,1,1,0,0,1,0,0,0,1,0,0,0,1,0,0,0
0.00104758,1,1,1,0,1,0,0,0,1,0,0,0,1,0,0,0
0.0010476,1,1,1,1,1,1,0,0,1,0,0,0,1,0,0,0
0.00104762,1,1,0,0,1,0,0,0,1,0,0,0,1,0,0,0
0.00104792,1,1,0,0,1,0,0,0,1,1,0,0,1,0,0,0
0.001048,1,1,0,0,1,0,0,0,0,0,0,0,0,0,0,0
0.00104802,1,1,0,0,1,0,0,0,1,1,0,0,1,0,0,0
0.00104846,1,1,1,0,1,0,0,0,1,1,0,0,1,0,0,0
0.00104848,1,1,1,1,1,1,1,1,1,1,0,0,1,0,0,0
0.00104852,1,1,1,1,0,1,1,0,1,1,0,0,1,0,0,0
0.00104854,1,1,1,0,0,0,1,0,1,1,0,0,1,0,0,0
0.00104858,1,1,1,1,0,1,1,1,1,1,0,0,1,0,0,0
0.0010486,1,1,1,0,0,0,1,0,1,1,0,0,1,0,0,0
0.00104946,1,1,1,0,0,0,1,1,1,1,0,0,1,0,0,0
0.00104948,1,1,1,1,1,1,1,1,1,1,0,0,1,0,0,0
0.0010495,0,1,0,0,0,0,0,1,1,1,0,0,1,0,0,0
0.00104954,0,1,1,1,0,1,0,1,1,1,0,0,1,0,0,0
0.00104956,0,1,0,0,0,0,0,1,1,1,0,0,1,0,0,0
0.00104988,0,1,0,0,0,0,0,1,0,1,0,0,0,0,0,1
0.0010504,1,1,1,0,0,0,0,1,0,1,0,0,0,0,0,1
0.00105042,1,1,1,1,0,1,1,1,0,1,0,0,0,0,0,1
0.00105044,1,1,1,0,0,0,1,0,0,1,0,0,0,0,0,1
0.00105142,1,1,1,1,1,1,1,1,0,1,0,0,0,0,0,1
0.00105144,1,0,1,1,1,1,1,1,0,1,0,0,0,0,0,1
0.00105146,1,0,1,1,1,0,1,0,0,1,0,0,0,0,0,1
0.00105148,1,1,1,1,1,1,1,1,0,1,0,0,0,0,0,1
0.0010515,0,1,0,0,1,0,1,1,0,1,0,0,0,0,0,1
0.00105184,0,1,0,0,1,0,1,1,0,1,0,0,1,0,1,1
0.00105236,1,1,1,1,1,0,1,1,0,1,0,0,1,0,1,1
0.00105238,1,1,1,1,1,1,1,1,0,1,0,0,1,0,1,1
0.00105242,1,1,1,1,0,1,1,0,0,1,0,0,1,0,1,1
0.00105244,1,1,1,0,0,0,1,0,0,1,0,0,1,0,1,1
0.00105248,1,1,1,1,0,1,1,0,0,1,0,0,1,0,1,1
0.0010525,1,1,1,0,0,0,1,0,0,1,0,0,1,0,1,1
0.00105334,1,1,1,1,0,1,1,0,0,1,0,0,1,0,1,1
0.00105336,1,1,1,1,1,1,1,1,0,1,0,0,1,0,1,1
0.00105432,0,0,0,0,0,0,0,0,0,1,0,0,1,0,1,1
0.00105528,0,0,1,0,0,0,0,0,0,1,0,0,1,0,1,1
0.0010553,0,0,0,0,0,0,0,0,0,1,0,0,1,0,1,1
0.00105532,1,1,1,1,1,1,1,1,0,1,0,0,1,0,1,1
0.00105534,1,1,1,1,1,0,1,1,0,1,0,0,1,0,1,1
0.00105536,1,1,0,1,1,0,1,0,0,1,0,0,1,0,1,1
0.00105538,1,1,1,1,1,1,1,1,0,1,0,0,1,0,1,1
0.0010554,1,1,1,1,1,1,1,0,0,1,0,0,1,0,1,1
0.00105542,1,1,1,0,1,1,1,1,0,1,0,0,1,0,1,1
0.00105544,0,1,0,0,1,1,0,0,0,1,0,0,1,0,1,1
0.00105548,1,1,1,0,1,1,0,0,0,1,0,0,1,0,1,1
0.0010555,0,1,0,0,1,1,0,0,0,1,0,0,1,0,1,1
0.00105574,0,1,0,0,1,1,0,0,0,1,0,0,1,0,0,0
0.00105576,0,1,0,0,1,1,0,0,0,1,0,0,1,1,0,0
0.00105626,1,1,1,1,1,1,0,0,0,1,0,0,1,1,0,0
0.00105628,1,1,1,1,1,1,1,1,0,1,0,0,1,1,0,0
0.00105732,0,1,0,1,0,0,0,0,0,1,0,0,1,1,0,0
0.00105736,1,1,1,1,0,0,0,0,0,1,0,0,1,1,0,0
0.0010574,0,1,0,1,0,0,0,0,0,1,0,0,1,1,0,0
0.00105744,0,1,1,1,0,0,0,0,0,1,0,0,1,1,0,0
0.00105746,0,1,0,1,0,0,0,0,0,1,0,0,1,1,0,0
0.00105822,1,1,1,1,0,0,0,0,0,1,0,0,1,1,0,0
0.00105824,1,1,1,1,1,1,1,1,0,1,0,0,1,1,0,0
0.00105924,0,0,0,1,1,0,1,0,0,1,0,0,1,1,0,0
0.00105928,1,1,1,1,1,1,1,1,0,1,0,0,1,1,0,0
0.0010593,0,0,1,1,1,0,0,0,0,1,0,0,1,1,0,0
0.00105932,0,0,1,0,1,0,0,0,0,1,0,0,1,1,0,0
0.00105964,0,0,1,0,1,0,0,0,0,0,0,0,1,0,0,0
0.00105966,0,0,1,0,1,0,0,0,0,0,1,0,1,0,0,0
0.00105972,0,1,1,0,1,0,0,0,0,0,1,0,1,0,0,0
0.00105974,0,1,1,0,1,0,0,0,0,1,1,0,1,0,0,0
0.00105976,0,0,1,0,1,0,0,0,0,0,1,0,1,0,0,0
0.0010602,1,1,1,1,1,1,1,1,0,0,1,0,1,0,0,0
0.00106122,0,0,0,0,0,0,0,1,0,0,1,0,1,0,0,0
0.00106126,1,0,1,0,0,1,0,1,0,0,1,0,1,0,0,0
0.00106128,1,1,1,1,0,1,1,1,0,0,1,0,1,0,0,0
0.0010613,0,0,0,0,0,0,0,1,0,0,1,0,1,0,0,0
0.00106134,0,0,0,0,0,1,0,1,0,0,1,0,1,0,0,0
0.00106136,0,0,0,0,0,0,0,1,0,0,1,0,1,0,0,0
0.00106212,0,0,1,1,1,0,0,1,0,0,1,0,1,0,0,0
0.00106214,1,1,1,1,1,1,1,1,0,0,1,0,1,0,0,0
0.0010622,1,1,0,0,1,0,0,0,0,0,1,0,1,0,0,0
0.00106224,1,1,1,1,1,1,1,0,0,0,1,0,1,0,0,0
0.00106226,1,1,1,0,1,1,0,0,0,0,1,0,1,0,0,0
0.00106228,1,1,0,0,1,0,0,0,0,0,1,0,1,0,0,0
0.00106232,1,1,1,0,1,1,0,0,0,0,1,0,1,0,0,0
0.00106234,1,1,0,0,1,0,0,0,0,0,1,0,1,0,0,0
0.00106256,1,1,0,0,1,0,0,0,0,0,0,0,1,0,0,0
0.00106258,1,1,0,0,1,0,0,0,1,1,0,0,1,0,0,0
0.00106264,1,1,0,0,1,0,0,0,0,0,0,0,0,0,0,0
0.00106266,1,1,0,0,1,0,0,0,1,1,0,0,1,0,0,0
0.0010631,1,1,1,1,1,0,0,0,1,1,0,0,1,0,0,0
0.00106312,1,1,1,1,1,1,1,1,1,1,0,0,1,0,0,0
0.00106316,1,0,0,0,1,1,1,1,1,1,0,0,1,0,0,0
0.00106318,1,0,0,0,1,1,1,0,1,1,0,0,1,0,0,0
0.00106322,1,0,1,1,1,1,1,0,1,1,0,0,1,0,0,0
0.00106324,1,0,0,0,1,1,1,0,1,1,0,0,1,0,0,0
0.00106408,1,1,1,1,1,1,1,0,1,1,0,0,1,0,0,0
0.0010641,1,1,1,1,1,1,1,1,1,1,0,0,1,0,0,0
0.00106416,0,1,0,0,1,0,0,0,1,1,0,0,1,0,0,0
0.0010642,1,1,1,1,1,1,1,0,1,1,0,0,1,0,0,0
0.00106422,1,1,1,1,1,0,0,0,1,1,0,0,1,0,0,0
0.00106424,0,1,0,0,1,0,0,0,1,1,0,0,1,0,0,0
0.00106428,0,1,1,1,1,0,0,0,1,1,0,0,1,0,0,0
0.0010643,0,1,1,0,1,0,0,0,1,1,0,0,1,0,0,0
0.00106432,0,1,0,0,1,0,0,0,1,1,0,0,1,0,0,0
0.00106436,0,1,1,0,1,0,0,0,1,1,0,0,1,0,0,0
0.0010644,0,1,0,0,1,0,0,0,1,1,0,0,1,0,0,0
0.0010645,0,1,1,0,1,0,0,0,1,1,0,0,1,0,0,0
0.00106452,0,1,1,0,1,0,0,0,0,1,0,0,1,0,0,0
0.00106454,0,1,0,0,1,0,0,0,0,1,0,0,1,0,0,0
0.00106458,0,1,1,0,1,0,0,0,0,1,0,0,1,0,0,0
0.0010646,0,1,0,0,1,0,0,0,0,1,0,0,1,0,0,0
0.00106504,1,1,0,0,1,0,0,0,0,1,0,0,1,0,0,0
0.00106506,0,1,1,1,1,1,0,0,0,1,0,0,1,0,0,0
0.00106508,1,1,1,1,1,1,1,1,0,1,0,0,1,0,0,0
0.00106512,1,1,0,0,1,1,0,0,0,1,0,0,1,0,0,0
0.00106516,1,1,1,1,1,1,1,0,0,1,0,0,1,0,0,0
0.00106518,1,1,0,0,1,1,0,0,0,1,0,0,1,0,0,0
0.00106604,1,1,0,0,1,1,1,0,0,1,0,0,1,0,0,0
0.00106606,1,1,0,1,1,1,1,0,0,1,0,0,1,0,0,0
0.00106608,1,0,1,1,1,0,1,1,0,1,0,0,1,0,0,0
0.0010661,1,0,0,0,1,0,0,0,0,1,0,0,1,0,0,0
0.00106614,1,0,1,1,1,0,0,0,0,1,0,0,1,0,0,0
0.00106616,1,0,0,0,1,0,0,0,0,1,0,0,1,0,0,0
0.00106648,1,0,0,0,1,0,0,0,1,0,0,0,1,0,0,0
0.00106654,1,0,0,0,1,0,0,0,1,0,0,0,0,0,0,0
0.00106656,1,0,0,0,1,0,0,0,1,0,0,0,1,0,0,0
0.001067,1,0,1,1,1,0,0,0,1,0,0,0,1,0,0,0
0.00106702,1,1,1,1,1,0,1,0,1,0,0,0,1,0,0,0
0.00106706,1,0,1,1,1,1,1,1,1,0,0,0,1,0,0,0
0.00106708,0,0,1,1,1,0,1,0,1,0,0,0,1,0,0,0
0.001068,1,0,1,1,1,0,1,0,1,0,0,0,1,0,0,0
0.00106802,1,1,1,1,1,1,1,1,1,0,0,0,1,0,0,0
0.00106806,0,0,1,0,1,0,0,0,1,0,0,0,1,0,0,0
0.0010681,1,0,1,1,1,1,0,0,1,0,0,0,1,0,0,0
0.00106812,0,0,1,1,1,1,0,0,1,0,0,0,1,0,0,0
0.00106814,0,0,1,0,1,0,0,0,1,0,0,0,1,0,0,0
0.00106818,0,0,1,1,1,0,0,0,1,0,0,0,1,0,0,0
0.0010682,0,0,1,0,1,0,0,0,1,0,0,0,1,0,0,0
0.00106842,0,0,1,0,1,0,0,0,0,0,0,0,1,0,0,0
0.00106844,0,0,1,0,1,0,0,0,0,0,1,0,1,0,0,0
0.0010685,0,0,1,0,1,0,0,0,0,0,0,0,0,0,0,0
0.00106852,0,0,1,0,1,0,1,0,0,0,1,0,1,0,1,0
0.00106854,1,1,1,1,1,0,0,0,0,0,1,0,1,0,1,0
0.00106856,0,0,1,0,1,0,0,0,0,0,1,0,1,0,0,0
0.0010686,0,0,1,1,1,0,0,0,0,0,1,0,1,0,0,0
0.00106864,0,0,1,0,1,0,0,0,0,0,1,0,1,0,0,0
0.00106898,0,0,1,0,1,0,1,0,0,0,1,0,1,0,0,0
0.001069,1,0,1,1,1,1,1,1,0,0,1,0,1,0,0,0
0.00106902,0,0,0,0,0,0,1,0,0,0,1,0,1,0,0,0
0.00106906,0,0,0,1,0,0,1,0,0,0,1,0,1,0,0,0
0.00106908,0,0,0,1,0,1,1,0,0,0,1,0,1,0,0,0
0.0010691,0,0,0,0,0,0,1,0,0,0,1,0,1,0,0,0
0.00106994,1,1,1,0,0,0,1,0,0,0,1,0,1,0,0,0
0.00106996,1,1,1,1,1,1,1,1,0,0,1,0,1,0,0,0
0.00107002,0,0,0,0,0,0,0,1,0,0,1,0,1,0,0,0
0.00107006,1,0,0,0,0,0,0,1,0,0,1,0,1,0,0,0
0.00107008,1,1,1,1,0,1,0,1,0,0,1,0,1,0,0,0
0.0010701,0,0,0,0,0,0,0,1,0,0,1,0,1,0,0,0
0.00107016,1,0,0,0,0,0,0,1,0,0,1,0,1,0,0,0
0.00107018,0,0,0,0,0,0,0,1,0,0,1,0,1,0,0,0
0.0010709,1,0,0,0,0,0,0,1,0,0,1,0,1,0,0,0
0.00107092,1,1,1,1,1,1,1,1,0,0,1,0,1,0,0,0
0.00107098,0,0,0,1,0,0,0,1,0,0,1,0,1,0,0,0
0.00107102,1,1,1,1,0,1,1,1,0,0,1,0,1,0,0,0
0.00107104,1,1,1,1,0,1,0,1,0,0,1,0,1,0,0,0
0.00107106,0,0,0,1,0,0,0,1,0,0,1,0,1,0,0,0
0.0010711,1,0,0,1,0,0,0,1,0,0,1,0,1,0,0,0
0.00107112,0,0,0,1,0,0,0,1,0,0,1,0,1,0,0,0
0.00107136,0,0,0,1,0,0,0,1,0,0,0,0,0,0,0,1
0.00107138,0,0,0,1,0,0,0,1,0,0,0,1,0,0,0,1
0.00107188,1,1,1,1,0,0,0,1,0,0,0,1,0,0,0,1
0.0010719,1,1,1,1,1,1,1,1,0,0,0,1,0,0,0,1
0.00107196,0,0,0,0,0,0,0,1,0,0,0,1,0,0,0,1
0.001072,1,1,1,1,0,1,1,1,0,0,0,1,0,0,0,1
0.00107202,1,1,1,1,1,1,1,1,0,0,0,1,0,0,0,1
0.00107204,0,0,0,0,0,0,0,1,0,0,0,1,0,0,0,1
0.00107208,1,1,1,0,0,1,0,1,0,0,0,1,0,0,0,1
0.00107212,0,0,1,0,0,0,0,1,0,0,0,1,0,0,0,1
0.00107214,0,0,0,0,0,0,0,1,0,0,0,1,0,0,0,1
0.00107216,0,0,1,0,0,0,0,1,0,0,0,1,0,0,0,1
0.00107218,1,0,1,0,0,0,0,1,0,0,0,1,0,0,0,1
0.0010722,0,0,1,0,0,0,0,1,0,0,0,1,0,0,0,1
0.00107222,0,0,0,0,0,0,0,1,0,0,0,1,0,0,0,1
0.00107224,0,0,1,0,0,0,0,1,0,0,0,1,0,0,0,1
0.00107228,0,0,0,0,0,0,0,1,0,0,0,1,0,0,0,1
0.0010723,1,0,1,0,0,0,0,1,0,0,0,1,0,0,0,1
0.00107232,0,0,0,0,0,0,0,1,0,0,0,1,0,0,0,1
0.00107236,0,0,1,0,0,0,0,1,0,0,0,1,0,0,0,1
0.00107238,0,0,0,0,0,0,0,1,0,0,0,1,0,0,0,1
0.00107292,0,0,1,1,0,1,0,1,0,0,0,1,0,0,0,1
0.00107294,1,1,1,1,1,1,1,1,0,0,0,1,0,0,0,1
0.00107298,1,1,0,0,1,1,1,1,0,0,0,1,0,0,0,1
0.001073,0,1,0,0,1,0,1,1,0,0,0,1,0,0,0,1
0.00107304,1,1,1,1,1,0,1,1,0,0,0,1,0,0,0,1
0.00107306,0,1,1,0,1,0,1,1,0,0,0,1,0,0,0,1
0.00107308,0,1,0,0,1,0,1,1,0,0,0,1,0,0,0,1
0.0010733,0,1,0,0,1,0,1,1,0,0,0,0,0,0,0,1
0.00107332,0,1,0,0,1,0,1,1,0,1,0,0,1,0,1,1
0.00107338,0,1,0,0,1,0,1,1,0,1,0,0,0,0,1,0
0.0010734,0,1,0,0,1,0,1,1,0,1,0,0,1,0,1,1
0.00107386,1,1,1,1,1,1,1,1,0,1,0,0,1,0,1,1
0.0010739,0,0,0,0,0,0,0,1,0,1,0,0,1,0,1,1
0.00107394,1,0,1,1,0,1,0,1,0,1,0,0,1,0,1,1
0.00107396,1,1,1,1,0,1,1,1,0,1,0,0,1,0,1,1
0.00107398,1,0,1,1,0,1,0,1,0,1,0,0,1,0,1,1
0.001074,0,0,0,0,0,0,0,1,0,1,0,0,1,0,1,1
0.00107402,0,0,1,1,0,1,0,1,0,1,0,0,1,0,1,1
0.00107404,1,0,1,1,0,1,0,1,0,1,0,0,1,0,1,1
0.00107406,0,0,1,1,0,1,0,1,0,1,0,0,1,0,1,1
0.00107408,0,0,1,0,0,0,0,1,0,1,0,0,1,0,1,1
0.0010741,0,0,1,1,0,1,0,1,0,1,0,0,1,0,1,1
0.00107416,0,0,1,1,0,0,0,1,0,1,0,0,1,0,1,1
0.00107418,0,0,1,1,0,1,0,1,0,1,0,0,1,0,1,1
0.00107422,0,0,1,1,0,0,0,1,0,1,0,0,1,0,1,1
0.00107424,0,0,1,0,0,0,0,1,0,1,0,0,1,0,1,1
0.00107426,0,0,1,1,0,0,0,1,0,1,0,0,1,0,1,1
0.00107428,0,0,1,0,0,0,0,1,0,1,0,0,1,0,1,1
0.0010743,0,0,1,1,0,1,0,1,0,1,0,0,1,0,1,1
0.00107432,0,0,1,0,0,0,0,1,0,1,0,0,1,0,1,1
0.00107448,0,0,0,0,0,0,0,1,0,1,0,0,1,0,1,1
0.0010748,0,0,1,1,0,0,0,1,0,1,0,0,1,0,1,1
0.00107482,1,1,1,1,1,1,1,1,0,1,0,0,1,0,1,1
0.0010758,0,0,0,0,0,0,0,0,0,1,0,0,1,0,1,1
0.00107584,1,1,1,1,0,1,1,0,0,1,0,0,1,0,1,1
0.00107586,0,0,0,0,0,0,0,0,0,1,0,0,1,0,1,1
0.00107676,1,1,1,0,0,0,1,0,0,1,0,0,1,0,1,1
0.00107678,0,0,0,0,0,0,0,0,0,1,0,0,1,0,1,1
0.0010768,1,1,1,1,1,1,1,1,0,1,0,0,1,0,1,1
0.00107684,0,1,0,1,1,0,1,1,0,1,0,0,1,0,1,1
0.00107686,1,1,1,1,1,1,1,1,0,1,0,0,1,0,1,1
0.00107688,0,1,0,0,1,1,0,1,0,1,0,0,1,0,1,1
0.0010769,0,1,0,0,1,1,0,0,0,1,0,0,1,0,1,1
0.00107694,1,1,1,0,1,1,0,0,0,1,0,0,1,0,1,1
0.00107696,0,1,0,0,1,1,0,0,0,1,0,0,1,0,1,1
0.00107702,0,1,1,0,1,1,0,0,0,1,0,0,1,0,1,1
0.00107704,0,1,0,0,1,1,0,0,0,1,0,0,1,0,1,1
0.00107722,0,1,0,0,1,1,0,0,0,1,0,0,1,1,0,0
0.00107774,1,1,1,1,1,1,0,0,0,1,0,0,1,1,0,0
0.00107776,1,1,1,1,1,1,1,1,0,1,0,0,1,1,0,0
0.00107782,0,1,0,0,0,0,0,0,0,1,0,0,1,1,0,0
0.00107784,0,1,1,0,0,0,0,0,0,1,0,0,1,1,0,0
0.00107786,1,1,1,1,0,1,1,0,0,1,0,0,1,1,0,0
0.0010779,0,1,1,0,0,0,0,0,0,1,0,0,1,1,0,0
0.00107794,1,1,1,1,0,0,0,0,0,1,0,0,1,1,0,0
0.00107798,1,1,1,0,0,0,0,0,0,1,0,0,1,1,0,0
0.00107818,0,1,1,0,0,0,0,0,0,1,0,0,1,1,0,0
0.0010782,1,1,1,1,0,0,0,0,0,1,0,0,1,1,0,0
0.00107822,0,1,1,0,0,0,0,0,0,1,0,0,1,1,0,0
0.00107824,1,1,1,0,0,0,0,0,0,1,0,0,1,1,0,0
0.0010783,0,1,1,0,0,0,0,0,0,1,0,0,1,1,0,0
0.00107832,1,1,1,0,0,0,0,0,0,1,0,0,1,1,0,0
0.0010784,0,1,1,0,0,0,0,0,0,1,0,0,1,1,0,0
0.00107842,1,1,1,0,0,0,0,0,0,1,0,0,1,1,0,0
0.00107844,0,1,1,0,0,0,0,0,0,1,0,0,1,1,0,0
0.00107868,1,1,1,0,0,0,0,0,0,1,0,0,1,1,0,0
0.0010787,0,1,1,0,0,0,0,0,0,1,0,0,1,1,0,0
0.00107872,1,1,1,1,1,0,0,0,0,1,0,0,1,1,0,0
0.00107874,1,1,1,1,1,1,1,1,0,1,0,0,1,1,0,0
0.00107878,1,1,1,1,1,1,1,0,0,1,0,0,1,1,0,0
0.0010788,1,1,0,1,0,0,0,0,0,1,0,0,1,1,0,0
0.00107884,1,1,1,1,1,1,1,1,0,1,0,0,1,1,0,0
0.00107886,1,1,1,1,0,0,0,0,0,1,0,0,1,1,0,0
0.00107888,1,1,0,1,0,0,0,0,0,1,0,0,1,1,0,0
0.0010789,1,1,1,1,0,0,0,0,0,1,0,0,1,1,0,0
0.00107894,1,1,0,1,0,0,0,0,0,1,0,0,1,1,0,0
0.00107898,1,1,1,1,0,0,0,0,0,1,0,0,1,1,0,0
0.00107902,1,1,0,1,0,0,0,0,0,1,0,0,1,1,0,0
0.00107906,1,1,1,1,0,0,0,0,0,1,0,0,1,1,0,0
0.00107908,1,1,0,1,0,0,0,0,0,1,0,0,1,1,0,0
0.00107914,1,1,1,1,0,0,0,0,0,1,0,0,1,1,0,0
0.00107916,1,1,0,1,0,0,0,0,0,1,0,0,1,1,0,0
0.0010797,1,1,1,1,0,0,0,0,0,1,0,0,1,1,0,0
0.00107972,1,1,1,1,1,1,1,1,0,1,0,0,1,1,0,0
0.0010807,1,1,0,1,1,1,0,0,0,1,0,0,1,1,0,0
0.00108072,0,0,0,1,1,0,1,0,0,1,0,0,1,1,0,0
0.00108074,1,1,1,1,1,0,1,0,0,1,0,0,1,1,0,0
0.00108076,1,1,1,1,1,1,1,1,0,1,0,0,1,1,0,0
0.0010808,1,1,1,1,1,0,0,0,0,1,0,0,1,1,0,0
0.00108082,0,0,1,0,1,0,0,0,0,1,0,0,1,1,0,0
0.00108086,1,1,1,1,1,1,0,0,0,1,0,0,1,1,0,0
0.00108088,0,0,1,0,1,0,0,0,0,1,0,0,1,1,0,0
0.00108112,0,0,1,0,1,0,0,0,0,0,0,0,1,0,0,0
0.00108114,0,0,1,0,1,0,0,0,0,0,1,0,1,0,0,0
0.0010812,0,1,1,0,1,0,0,0,0,0,1,0,1,0,0,0
0.00108122,1,1,1,0,1,0,0,0,0,1,1,0,1,0,0,0
0.00108124,0,0,1,0,1,0,0,0,0,0,1,0,1,0,0,0
0.00108164,1,1,1,1,1,0,0,0,0,0,1,0,1,0,0,0
0.00108166,1,1,1,1,1,1,1,1,0,0,1,0,1,0,0,0
0.0010827,0,0,0,0,0,0,0,1,0,0,1,0,1,0,0,0
0.00108274,1,1,1,1,0,1,0,1,0,0,1,0,1,0,0,0
0.00108276,1,1,1,1,0,1,1,1,0,0,1,0,1,0,0,0
0.00108278,0,0,0,0,0,0,0,1,0,0,1,0,1,0,0,0
0.00108282,1,0,1,1,0,0,0,1,0,0,1,0,1,0,0,0
0.00108286,0,0,0,0,0,0,0,1,0,0,1,0,1,0,0,0
0.0010829,1,0,1,1,0,0,0,1,0,0,1,0,1,0,0,0
0.00108292,0,0,1,1,0,0,0,1,0,0,1,0,1,0,0,0
0.00108296,0,0,0,1,0,0,0,1,0,0,1,0,1,0,0,0
0.00108298,0,0,1,1,0,0,0,1,0,0,1,0,1,0,0,0
0.00108302,0,0,0,0,0,0,0,1,0,0,1,0,1,0,0,0
0.00108304,0,0,1,1,0,0,0,1,0,0,1,0,1,0,0,0
0.0010831,0,0,0,0,0,0,0,1,0,0,1,0,1,0,0,0
0.00108312,0,0,1,0,0,0,0,1,0,0,1,0,1,0,0,0
0.00108314,0,0,1,1,0,0,0,1,0,0,1,0,1,0,0,0
0.00108316,0,0,0,0,0,0,0,1,0,0,1,0,1,0,0,0
0.00108318,0,0,1,0,0,0,0,1,0,0,1,0,1,0,0,0
0.00108328,0,0,0,0,0,0,0,1,0,0,1,0,1,0,0,0
0.00108332,0,0,1,0,0,0,0,1,0,0,1,0,1,0,0,0
0.00108334,0,0,0,0,0,0,0,1,0,0,1,0,1,0,0,0
0.00108356,0,0,1,0,0,0,0,1,0,0,1,0,1,0,0,0
0.00108358,0,0,0,0,0,0,0,1,0,0,1,0,1,0,0,0
0.0010836,1,1,1,1,0,0,0,1,0,0,1,0,1,0,0,0
0.00108362,1,1,1,1,1,1,1,1,0,0,1,0,1,0,0,0
0.00108368,1,1,0,0,1,0,0,0,0,0,1,0,1,0,0,0
0.00108372,1,1,1,1,1,1,1,0,0,0,1,0,1,0,0,0
0.00108374,1,1,1,1,1,0,0,0,0,0,1,0,1,0,0,0
0.00108376,1,1,0,0,1,0,0,0,0,0,1,0,1,0,0,0
0.0010838,1,1,1,1,1,0,0,0,0,0,1,0,1,0,0,0
0.00108382,1,1,0,0,1,0,0,0,0,0,1,0,1,0,0,0
0.00108404,1,1,0,0,1,0,0,0,0,0,0,0,1,0,0,0
0.00108406,1,1,0,0,1,0,0,0,1,1,0,0,1,0,0,0
0.00108412,1,1,0,0,1,0,0,0,0,0,0,0,0,0,0,0
0.00108414,1,1,0,0,1,0,0,0,1,1,0,0,1,0,0,0
0.0010846,1,1,1,1,1,1,1,1,1,1,0,0,1,0,0,0
0.00108464,1,0,0,0,1,1,1,0,1,1,0,0,1,0,0,0
0.00108468,1,0,1,1,1,1,1,0,1,1,0,0,1,0,0,0
0.0010847,1,0,1,0,1,1,1,0,1,1,0,0,1,0,0,0
0.00108472,1,0,0,0,1,1,1,0,1,1,0,0,1,0,0,0
0.00108556,1,1,0,0,1,1,1,0,1,1,0,0,1,0,0,0
0.00108558,1,1,1,1,1,1,1,1,1,1,0,0,1,0,0,0
0.00108562,1,1,1,1,1,0,0,1,1,1,0,0,1,0,0,0
0.00108564,0,1,0,0,1,0,0,0,1,1,0,0,1,0,0,0
0.00108566,0,1,1,0,1,0,0,0,1,1,0,0,1,0,0,0
0.00108568,1,1,1,1,1,1,1,0,1,1,0,0,1,0,0,0
0.0010857,1,1,1,1,1,0,0,0,1,1,0,0,1,0,0,0
0.00108572,0,1,0,0,1,0,0,0,1,1,0,0,1,0,0,0
0.00108574,0,1,1,1,1,0,0,0,1,1,0,0,1,0,0,0
0.0010858,0,1,1,0,1,0,0,0,1,1,0,0,1,0,0,0
0.00108584,0,1,1,1,1,0,0,0,1,1,0,0,1,0,0,0
0.00108586,0,1,1,0,1,0,0,0,1,1,0,0,1,0,0,0
0.001086,0,1,1,0,1,0,0,0,0,1,0,0,1,0,0,0
0.00108606,0,1,1,1,1,0,0,0,0,1,0,0,1,0,0,0
0.00108608,0,1,1,0,1,0,0,0,0,1,0,0,1,0,0,0
0.00108632,0,1,0,0,1,0,0,0,0,1,0,0,1,0,0,0
0.00108634,0,1,1,0,1,0,0,0,0,1,0,0,1,0,0,0
0.00108636,0,1,0,0,1,0,0,0,0,1,0,0,1,0,0,0
0.00108652,0,1,1,0,1,0,0,0,0,1,0,0,1,0,0,0
0.00108654,1,1,1,1,1,1,1,0,0,1,0,0,1,0,0,0
0.00108656,1,1,1,1,1,1,1,1,0,1,0,0,1,0,0,0
0.0010866,1,1,0,0,1,1,0,0,0,1,0,0,1,0,0,0
0.00108664,1,1,1,1,1,1,1,0,0,1,0,0,1,0,0,0
0.00108666,1,1,0,0,1,1,0,0,0,1,0,0,1,0,0,0
0.00108672,1,1,1,0,1,1,0,0,0,1,0,0,1,0,0,0
0.00108674,1,1,0,0,1,1,0,0,0,1,0,0,1,0,0,0
0.0010875,1,1,1,1,1,1,0,0,0,1,0,0,1,0,0,0
0.00108752,1,1,1,1,1,1,1,1,0,1,0,0,1,0,0,0
0.00108758,1,0,0,0,1,0,0,0,0,1,0,0,1,0,0,0
0.00108762,1,0,1,1,1,1,1,0,0,1,0,0,1,0,0,0
0.00108764,1,1,1,1,1,1,1,1,0,1,0,0,1,0,0,0
0.00108766,1,0,1,1,1,0,0,0,0,1,0,0,1,0,0,0
0.00108768,1,0,0,0,1,0,0,0,0,1,0,0,1,0,0,0
0.0010877,1,0,1,1,1,0,0,0,0,1,0,0,1,0,0,0
0.00108776,1,0,1,0,1,0,0,0,0,1,0,0,1,0,0,0
0.00108778,1,0,1,1,1,0,0,0,0,1,0,0,1,0,0,0
0.00108784,1,0,1,0,1,0,0,0,0,1,0,0,1,0,0,0
0.00108796,1,0,1,0,1,0,0,0,1,0,0,0,1,0,0,0
0.00108802,1,0,1,1,1,0,0,0,1,0,0,0,0,0,0,0
0.00108804,1,0,1,0,1,0,0,0,1,0,0,0,1,0,0,0
0.00108806,1,0,0,0,1,0,0,0,1,0,0,0,1,0,0,0
0.00108808,1,0,1,0,1,0,0,0,1,0,0,0,1,0,0,0
0.00108812,1,0,0,0,1,0,0,0,1,0,0,0,1,0,0,0
0.00108814,1,0,1,0,1,0,0,0,1,0,0,0,1,0,0,0
0.0010882,1,0,0,0,1,0,0,0,1,0,0,0,1,0,0,0
0.00108824,1,0,1,0,1,0,0,0,1,0,0,0,1,0,0,0
0.00108826,1,0,0,0,1,0,0,0,1,0,0,0,1,0,0,0
0.00108832,1,0,1,0,1,0,0,0,1,0,0,0,1,0,0,0
0.00108834,1,0,0,0,1,0,0,0,1,0,0,0,1,0,0,0
0.00108848,1,0,1,1,1,0,0,0,1,0,0,0,1,0,0,0
0.0010885,1,1,1,1,1,0,1,0,1,0,0,0,1,0,0,0
0.00108854,1,0,1,1,1,1,1,1,1,0,0,0,1,0,0,0
0.00108856,0,0,1,1,1,0,1,0,1,0,0,0,1,0,0,0
0.0010886,0,1,1,1,1,1,1,0,1,0,0,0,1,0,0,0
0.00108862,0,0,1,1,1,0,1,0,1,0,0,0,1,0,0,0
0.00108946,1,1,1,1,1,0,1,0,1,0,0,0,1,0,0,0
0.00108948,1,1,1,1,1,0,1,1,1,0,0,0,1,0,0,0
0.0010895,1,1,1,1,1,1,1,1,1,0,0,0,1,0,0,0
0.00108954,1,0,1,0,1,0,0,0,1,0,0,0,1,0,0,0
0.00108958,1,1,1,1,1,1,0,0,1,0,0,0,1,0,0,0
0.00108962,1,0,1,0,1,0,0,0,1,0,0,0,1,0,0,0
0.00108966,1,0,1,1,1,0,0,0,1,0,0,0,1,0,0,0
0.00108968,1,0,1,0,1,0,0,0,1,0,0,0,1,0,0,0
0.00108992,1,0,1,0,1,0,0,0,1,0,1,0,1,0,0,0
0.00109,1,0,1,1,1,0,1,0,1,0,1,0,1,0,0,0
0.00109002,1,1,1,1,1,1,1,1,1,0,1,1,1,0,1,0
0.00109004,1,0,1,0,1,0,0,0,1,0,1,0,1,0,0,0
0.00109008,1,1,1,1,1,1,1,0,1,0,1,0,1,0,0,0
0.0010901,1,0,1,1,1,0,0,0,1,0,1,0,1,0,0,0
0.00109012,1,0,1,0,1,0,0,0,1,0,1,0,1,0,0,0
0.00109016,1,0,1,1,1,0,0,0,1,0,1,0,1,0,0,0
0.00109018,1,0,1,0,1,0,0,0,1,0,1,0,1,0,0,0
0.00109044,1,1,1,1,1,0,0,0,1,0,1,0,1,0,0,0
0.00109046,1,1,1,1,1,1,1,1,1,0,1,0,1,0,0,0
0.0010905,1,1,1,0,0,0,1,0,1,0,1,0,1,0,0,0
0.00109054,1,1,1,1,0,1,1,0,1,0,1,0,1,0,0,0
0.00109058,1,1,1,0,0,0,1,0,1,0,1,0,1,0,0,0
0.00109062,1,1,1,1,0,0,1,0,1,0,1,0,1,0,0,0
0.00109064,1,1,1,0,0,0,1,0,1,0,1,0,1,0,0,0
0.0010914,1,1,1,1,0,0,1,0,1,0,1,0,1,0,0,0
0.00109142,1,1,1,1,1,0,1,0,1,0,1,0,1,0,0,0
0.00109144,1,1,1,1,1,1,1,1,1,0,1,0,1,0,0,0
0.00109148,1,1,1,0,0,0,0,1,1,0,1,0,1,0,0,0
0.00109152,1,1,1,1,0,1,0,1,1,0,1,0,1,0,0,0
0.00109156,1,1,1,0,0,0,0,1,1,0,1,0,1,0,0,0
0.00109186,1,1,1,0,0,0,0,1,1,0,1,0,0,0,0,1
0.00109188,1,1,1,0,0,0,0,1,1,1,1,0,0,0,0,1
0.0010924,1,1,1,1,0,1,1,1,1,1,1,0,0,0,0,1
0.00109242,1,1,1,1,1,1,1,1,1,1,1,0,0,0,0,1
0.00109246,1,1,1,0,0,0,1,0,1,1,1,0,0,0,0,1
0.0010925,1,1,1,1,0,1,1,0,1,1,1,0,0,0,0,1
0.00109252,1,1,1,0,0,0,1,0,1,1,1,0,0,0,0,1
0.0010934,0,0,0,0,0,1,0,1,1,1,1,0,0,0,0,1
0.00109342,0,0,0,0,0,0,0,1,1,1,1,0,0,0,0,1
0.00109344,1,1,1,1,1,1,1,1,1,1,1,0,0,0,0,1
0.0010935,0,1,0,0,1,0,1,1,1,1,1,0,0,0,0,1
0.00109354,0,1,0,1,1,0,1,1,1,1,1,0,0,0,0,1
0.00109356,0,1,0,0,1,0,1,1,1,1,1,0,0,0,0,1
0.00109382,0,1,0,0,1,0,1,1,0,1,0,0,1,0,1,1
0.00109436,1,1,1,1,1,0,1,1,0,1,0,0,1,0,1,1
0.00109438,1,1,1,1,1,1,1,1,0,1,0,0,1,0,1,1
0.00109442,1,1,1,0,0,0,1,0,0,1,0,0,1,0,1,1
0.00109446,1,1,1,1,0,1,1,0,0,1,0,0,1,0,1,1
0.00109448,1,1,1,0,0,0,1,0,0,1,0,0,1,0,1,1
0.00109532,1,1,1,1,0,0,1,0,0,1,0,0,1,0,1,1
0.00109534,1,1,1,1,1,1,1,1,0,1,0,0,1,0,1,1
0.0010963,0,0,0,0,0,0,0,0,0,1,0,0,1,0,1,1
0.00109726,1,0,1,1,0,0,0,0,0,1,0,0,1,0,1,1
0.00109728,0,0,0,0,0,0,0,0,0,1,0,0,1,0,1,1
0.0010973,1,1,1,1,1,1,1,1,0,1,0,0,1,0,1,1
0.00109734,1,1,1,1,1,0,1,0,0,1,0,0,1,0,1,1
0.00109736,1,1,1,1,1,1,1,1,0,1,0,0,1,0,1,1
0.00109738,0,1,0,1,1,1,0,0,0,1,0,0,1,0,1,1
0.0010974,0,1,0,0,1,1,0,0,0,1,0,0,1,0,1,1
0.00109772,0,1,0,0,1,1,0,0,0,1,0,0,1,0,0,0
0.00109774,0,1,0,0,1,1,0,0,0,1,0,0,1,1,0,0
0.00109824,1,1,1,1,1,1,0,0,0,1,0,0,1,1,0,0
0.00109826,1,1,1,1,1,1,1,1,0,1,0,0,1,1,0,0
0.00109832,1,0,1,0,0,0,0,0,0,1,0,0,1,1,0,0
0.00109836,1,1,1,1,0,1,0,0,0,1,0,0,1,1,0,0
0.0010984,1,0,1,0,0,0,0,0,0,1,0,0,1,1,0,0
0.00109922,1,1,1,1,0,0,0,0,0,1,0,0,1,1,0,0
0.00109924,1,1,1,1,1,1,1,1,0,1,0,0,1,1,0,0
0.00109928,1,1,0,1,0,0,0,0,0,1,0,0,1,1,0,0
0.00110022,1,1,1,1,0,1,1,0,0,1,0,0,1,1,0,0
0.00110024,1,1,1,1,1,1,1,1,0,1,0,0,1,1,0,0
0.00110122,0,0,1,1,1,1,1,0,0,1,0,0,1,1,0,0
0.00110124,0,0,0,1,1,0,1,0,0,1,0,0,1,1,0,0
0.00110126,1,1,1,1,1,1,1,1,0,1,0,0,1,1,0,0
0.00110128,1,1,1,1,1,0,0,0,0,1,0,0,1,1,0,0
0.00110132,0,0,1,0,1,0,0,0,0,1,0,0,1,1,0,0
0.00110136,0,0,1,0,1,1,0,0,0,1,0,0,1,1,0,0
0.0011014,0,0,1,0,1,0,0,0,0,1,0,0,1,1,0,0
0.00110162,0,0,1,0,1,0,0,0,0,0,0,0,1,0,0,0
0.00110164,0,0,1,0,1,0,0,0,0,0,1,0,1,0,0,0
0.00110216,0,1,1,0,1,1,0,0,0,0,1,0,1,0,0,0
0.00110218,1,1,1,1,1,1,1,1,0,0,1,0,1,0,0,0
0.0011032,0,0,0,0,0,0,0,1,0,0,1,0,1,0,0,0
0.00110326,0,1,1,1,0,1,0,1,0,0,1,0,1,0,0,0
0.00110328,0,0,1,0,0,0,0,1,0,0,1,0,1,0,0,0
0.0011033,0,0,0,0,0,0,0,1,0,0,1,0,1,0,0,0
0.0011041,1,1,1,0,0,0,0,1,0,0,1,0,1,0,0,0
0.00110412,1,1,1,1,1,1,0,1,0,0,1,0,1,0,0,0
0.00110414,1,1,1,1,1,1,1,1,0,0,1,0,1,0,0,0
0.00110416,1,1,1,1,1,1,1,0,0,0,1,0,1,0,0,0
0.00110418,1,1,0,0,1,0,0,0,0,0,1,0,1,0,0,0
0.0011042,1,1,1,1,1,1,0,0,0,0,1,0,1,0,0,0
0.00110422,1,1,1,1,1,1,1,0,0,0,1,0,1,0,0,0
0.00110424,1,1,1,0,1,0,0,0,0,0,1,0,1,0,0,0
0.00110426,1,1,0,0,1,0,0,0,0,0,1,0,1,0,0,0
0.00110428,1,1,1,0,1,0,0,0,0,0,1,0,1,0,0,0
0.00110432,1,1,0,0,1,0,0,0,0,0,1,0,1,0,0,0
0.00110436,1,1,1,0,1,0,0,0,0,0,1,0,1,0,0,0
0.00110438,1,1,0,0,1,0,0,0,0,0,1,0,1,0,0,0
0.00110456,1,1,0,0,1,0,0,0,1,1,0,0,1,0,0,0
0.00110462,1,1,1,0,1,0,0,0,0,0,0,0,0,0,0,0
0.00110464,1,1,0,0,1,0,0,0,1,1,0,0,1,0,0,0
0.00110468,1,1,1,0,1,0,0,0,1,1,0,0,1,0,0,0
0.0011047,1,1,0,0,1,0,0,0,1,1,0,0,1,0,0,0
0.0011051,1,1,1,1,1,1,1,1,1,1,0,0,1,0,0,0
0.00110516,1,0,0,0,1,1,1,0,1,1,0,0,1,0,0,0
0.0011052,1,1,1,1,1,1,1,0,1,1,0,0,1,0,0,0
0.00110522,1,0,0,0,1,1,1,0,1,1,0,0,1,0,0,0
0.00110528,1,0,1,0,1,1,1,0,1,1,0,0,1,0,0,0
0.0011053,1,0,0,0,1,1,1,0,1,1,0,0,1,0,0,0
0.00110606,1,1,0,1,1,1,1,0,1,1,0,0,1,0,0,0
0.00110608,1,0,1,1,1,1,1,0,1,1,0,0,1,0,0,0
0.0011061,1,1,1,1,1,1,1,1,1,1,0,0,1,0,0,0
0.00110612,0,1,0,0,1,0,0,0,1,1,0,0,1,0,0,0
0.00110616,0,1,1,1,1,0,0,0,1,1,0,0,1,0,0,0
0.00110618,0,1,1,1,1,1,0,1,1,1,0,0,1,0,0,0
0.0011062,0,1,0,0,1,0,0,0,1,1,0,0,1,0,0,0
0.0011065,0,1,0,0,1,0,0,0,0,1,0,0,1,0,0,0
0.00110658,0,1,0,0,1,0,0,0,0,1,0,0,0,0,0,0
0.0011066,0,1,0,0,1,0,0,0,0,1,0,0,1,0,0,0
0.00110704,1,1,1,1,1,0,0,0,0,1,0,0,1,0,0,0
0.00110706,1,1,1,1,1,1,1,1,0,1,0,0,1,0,0,0
0.0011071,1,1,1,0,1,1,1,0,0,1,0,0,1,0,0,0
0.00110712,1,1,0,0,1,1,0,0,0,1,0,0,1,0,0,0
0.00110716,1,1,1,1,1,1,0,0,0,1,0,0,1,0,0,0
0.00110718,1,1,0,0,1,1,0,0,0,1,0,0,1,0,0,0
0.00110802,1,1,0,0,1,1,1,0,0,1,0,0,1,0,0,0
0.00110804,1,1,1,1,1,1,0,0,0,1,0,0,1,0,0,0
0.00110806,1,1,1,1,1,1,1,1,0,1,0,0,1,0,0,0
0.00110808,1,0,0,0,1,0,0,0,0,1,0,0,1,0,0,0
0.00110812,1,0,1,1,1,0,1,0,0,1,0,0,1,0,0,0
0.00110814,1,0,0,0,1,0,0,0,0,1,0,0,1,0,0,0
0.00110846,1,0,0,0,1,0,0,0,1,0,0,0,1,0,0,0
0.00110902,1,1,1,1,1,1,1,1,1,0,0,0,1,0,0,0
0.00110906,0,0,1,1,1,0,1,0,1,0,0,0,1,0,0,0
0.00110912,0,1,1,1,1,0,1,0,1,0,0,0,1,0,0,0
0.00110914,0,0,1,1,1,0,1,0,1,0,0,0,1,0,0,0
0.00110996,1,1,1,1,1,0,1,0,1,0,0,0,1,0,0,0
0.00110998,1,1,1,1,1,1,1,1,1,0,0,0,1,0,0,0
0.00111004,0,1,1,0,1,0,0,0,1,0,0,0,1,0,0,0
0.00111008,1,1,1,0,1,0,0,0,1,0,0,0,1,0,0,0
0.0011101,0,1,1,0,1,0,0,0,1,0,0,0,1,0,0,0
0.00111042,0,1,1,0,1,0,0,0,0,1,1,0,1,0,0,0
0.00111094,1,1,1,1,1,0,1,0,0,1,1,0,1,0,0,0
0.00111096,1,1,1,1,1,1,1,1,0,1,1,0,1,0,0,0
0.00111102,1,1,1,0,0,0,1,0,0,1,1,0,1,0,0,0
0.00111106,1,1,1,1,0,1,1,0,0,1,1,0,1,0,0,0
0.00111108,1,1,1,0,0,0,1,0,0,1,1,0,1,0,0,0
0.00111192,1,1,1,1,0,0,1,0,0,1,1,0,1,0,0,0
0.00111194,1,1,1,1,1,1,1,1,0,1,1,0,1,0,0,0
0.00111198,0,0,0,1,0,0,0,1,0,1,1,0,1,0,0,0
0.00111204,1,1,1,1,0,1,1,1,0,1,1,0,1,0,0,0
0.00111206,0,0,0,1,0,0,0,1,0,1,1,0,1,0,0,0
0.00111236,0,0,0,1,0,0,0,1,0,0,0,0,0,0,0,0
0.00111238,0,0,0,1,0,0,0,1,0,0,0,1,0,0,0,1
0.00111244,0,0,0,1,0,0,0,1,0,0,0,1,0,0,0,0
0.00111246,0,0,0,1,0,0,0,1,0,0,0,1,0,0,0,1
0.00111292,1,1,1,1,1,1,1,1,0,0,0,1,0,0,0,1
0.00111296,1,1,1,0,0,0,1,0,0,0,0,1,0,0,0,1
0.001113,1,1,1,0,0,1,1,0,0,0,0,1,0,0,0,1
0.00111304,1,1,1,0,0,0,1,0,0,0,0,1,0,0,0,1
0.00111392,1,1,1,0,1,1,1,0,0,0,0,1,0,0,0,1
0.00111394,1,1,1,1,1,1,1,1,0,0,0,1,0,0,0,1
0.00111398,1,1,1,1,1,0,1,1,0,0,0,1,0,0,0,1
0.001114,1,1,1,1,1,1,1,1,0,0,0,1,0,0,0,1
0.00111402,0,1,0,0,1,0,1,1,0,0,0,1,0,0,0,1
0.00111406,0,1,0,1,1,1,1,1,0,0,0,1,0,0,0,1
0.00111408,0,1,0,0,1,0,1,1,0,0,0,1,0,0,0,1
0.00111432,0,1,0,0,1,0,1,1,0,1,0,0,1,0,1,1
0.00111484,1,1,1,0,1,0,1,1,0,1,0,0,1,0,1,1
0.00111486,1,1,1,1,1,0,1,1,0,1,0,0,1,0,1,1
0.00111488,1,1,1,1,1,1,1,1,0,1,0,0,1,0,1,1
0.0011149,1,1,1,0,0,1,1,0,0,1,0,0,1,0,1,1
0.00111492,1,1,1,0,0,0,1,0,0,1,0,0,1,0,1,1
0.00111494,1,1,1,0,0,1,1,0,0,1,0,0,1,0,1,1
0.00111498,1,1,1,0,0,0,1,0,0,1,0,0,1,0,1,1
0.00111584,1,1,1,1,1,1,1,0,0,1,0,0,1,0,1,1
0.00111586,1,1,1,1,1,1,1,1,0,1,0,0,1,0,1,1
0.0011168,0,0,0,0,0,0,0,0,0,1,0,0,1,0,1,1
0.00111776,1,0,1,0,0,0,0,0,0,1,0,0,1,0,1,1
0.00111778,0,0,0,0,0,0,0,0,0,1,0,0,1,0,1,1
0.0011178,1,1,1,1,1,1,1,1,0,1,0,0,1,0,1,1
0.00111784,1,1,0,1,1,0,1,0,0,1,0,0,1,0,1,1
0.00111786,1,1,1,1,1,1,1,1,0,1,0,0,1,0,1,1
0.00111788,0,1,0,1,1,1,1,0,0,1,0,0,1,0,1,1
0.00111792,0,1,0,0,1,1,0,0,0,1,0,0,1,0,1,1
0.00111822,0,1,0,0,1,1,0,0,0,1,0,0,1,0,0,0
0.00111824,0,1,0,0,1,1,0,0,0,1,0,0,1,1,0,0
0.00111878,1,1,1,1,1,1,1,1,0,1,0,0,1,1,0,0
0.00111882,0,0,0,1,0,0,0,0,0,1,0,0,1,1,0,0
0.00111886,0,0,1,1,0,0,0,0,0,1,0,0,1,1,0,0
0.00111888,1,0,1,1,0,0,0,0,0,1,0,0,1,1,0,0
0.0011189,0,0,0,1,0,0,0,0,0,1,0,0,1,1,0,0
0.00111972,1,1,1,1,0,0,0,0,0,1,0,0,1,1,0,0
0.00111974,1,1,1,1,1,1,1,1,0,1,0,0,1,1,0,0
0.0011198,1,1,0,1,0,0,0,0,0,1,0,0,1,1,0,0
0.00111984,1,1,1,1,0,1,1,0,0,1,0,0,1,1,0,0
0.00111986,1,1,0,1,0,0,0,0,0,1,0,0,1,1,0,0
0.00112072,1,1,1,1,0,1,1,1,0,1,0,0,1,1,0,0
0.00112074,1,1,1,1,1,1,1,1,0,1,0,0,1,1,0,0
0.00112172,0,0,1,1,1,1,1,1,0,1,0,0,1,1,0,0
0.00112174,0,0,0,1,1,0,1,0,0,1,0,0,1,1,0,0
0.00112176,1,1,1,1,1,1,1,1,0,1,0,0,1,1,0,0
0.0011218,0,1,1,0,0,1,1,1,0,1,0,0,1,1,0,0
0.00112182,0,1,1,0,0,1,0,1,0,1,0,0,1,1,0,0
0.00112212,0,1,1,0,0,1,0,1,0,1,0,0,0,1,0,0
0.00112214,0,1,1,0,0,1,0,1,0,1,1,0,0,1,0,1
0.0011222,0,1,1,0,0,1,0,1,0,1,1,0,0,1,0,0
0.00112222,0,1,1,0,0,1,0,1,0,1,1,0,0,1,0,1
0.00112266,1,1,1,1,0,1,0,1,0,1,1,0,0,1,0,1
0.00112268,1,1,1,1,1,1,1,1,0,1,1,0,0,1,0,1
0.00112274,0,0,0,0,0,0,1,0,0,1,1,0,0,1,0,1
0.00112278,1,1,1,1,0,1,1,0,0,1,1,0,0,1,0,1
0.00112282,0,0,0,0,0,0,1,0,0,1,1,0,0,1,0,1
0.00112286,0,0,1,1,0,0,1,0,0,1,1,0,0,1,0,1
0.0011229,0,0,1,0,0,0,1,0,0,1,1,0,0,1,0,1
0.00112334,0,0,0,0,0,0,1,0,0,1,1,0,0,1,0,1
0.00112336,0,0,1,0,0,0,1,0,0,1,1,0,0,1,0,1
0.00112338,0,0,0,0,0,0,1,0,0,1,1,0,0,1,0,1
0.00112346,0,0,1,0,0,0,1,0,0,1,1,0,0,1,0,1
0.00112348,0,0,0,0,0,0,1,0,0,1,1,0,0,1,0,1
0.00112354,0,0,1,0,0,0,1,0,0,1,1,0,0,1,0,1
0.00112356,0,0,0,0,0,0,1,0,0,1,1,0,0,1,0,1
0.00112364,1,1,1,1,0,1,1,1,0,1,1,0,0,1,0,1
0.00112366,1,1,1,1,1,1,1,1,0,1,1,0,0,1,0,1
0.00112368,0,0,1,0,1,1,0,1,0,1,1,0,0,1,0,1
0.0011237,0,0,0,0,0,0,0,1,0,1,1,0,0,1,0,1
0.00112372,0,1,1,1,0,1,0,1,0,1,1,0,0,1,0,1
0.00112374,1,1,1,1,1,1,1,1,0,1,1,0,0,1,0,1
0.00112376,1,1,1,1,0,1,0,1,0,1,1,0,0,1,0,1
0.00112378,0,0,0,0,0,0,0,1,0,1,1,0,0,1,0,1
0.0011238,0,0,1,0,0,1,0,1,0,1,1,0,0,1,0,1
0.00112382,1,1,1,1,0,1,0,1,0,1,1,0,0,1,0,1
0.00112384,0,1,1,1,0,1,0,1,0,1,1,0,0,1,0,1
0.00112386,0,0,1,0,0,1,0,1,0,1,1,0,0,1,0,1
0.0011239,0,0,1,1,0,1,0,1,0,1,1,0,0,1,0,1
0.00112394,0,0,1,0,0,1,0,1,0,1,1,0,0,1,0,1
0.00112408,0,0,1,1,0,1,0,1,0,1,1,0,0,1,0,1
0.0011241,0,0,1,0,0,1,0,1,0,1,1,0,0,1,0,1
0.00112434,0,0,1,0,0,0,0,1,0,1,1,0,0,1,0,1
0.00112456,0,0,0,0,0,0,0,1,0,1,1,0,0,1,0,1
0.0011246,0,0,1,0,0,0,0,1,0,1,1,0,0,1,0,1
0.00112462,0,0,1,1,0,1,0,1,0,1,1,0,0,1,0,1
0.00112464,1,1,1,1,1,1,1,1,0,1,1,0,0,1,0,1
0.00112468,0,1,1,1,0,1,0,0,0,1,1,0,0,1,0,1
0.00112472,1,1,1,1,1,1,1,0,0,1,1,0,0,1,0,1
0.00112474,0,1,1,1,0,1,0,0,0,1,1,0,0,1,0,1
0.0011248,1,1,1,1,0,1,0,0,0,1,1,0,0,1,0,1
0.00112482,0,1,1,1,0,1,0,0,0,1,1,0,0,1,0,1
0.00112558,1,1,1,1,0,1,0,0,0,1,1,0,0,1,0,1
0.0011256,1,1,1,1,1,1,1,1,0,1,1,0,0,1,0,1
0.00112662,0,1,1,1,0,1,0,0,0,1,1,0,0,1,0,1
0.00112666,1,1,1,1,1,1,1,1,0,1,1,0,0,1,0,1
0.00112668,0,1,1,1,0,1,0,0,0,1,1,0,0,1,0,1
0.00112764,1,1,1,1,1,1,0,0,0,1,1,0,0,1,0,1
0.00112766,0,0,1,0,1,0,0,0,0,1,1,0,0,1,0,1
0.0011277,1,0,1,0,1,0,1,0,0,1,1,0,0,1,0,1
0.00112772,0,0,1,0,1,0,0,0,0,1,1,0,0,1,0,1
0.00112798,0,0,1,0,1,0,0,0,0,0,1,0,0,0,0,0
0.001128,0,0,1,0,1,0,0,0,0,0,1,0,1,0,0,0
0.00112806,0,0,1,0,1,0,0,0,0,0,0,0,1,0,0,0
0.00112808,0,0,1,0,1,0,0,0,0,0,1,0,1,0,0,0
0.00112854,1,1,1,1,1,1,1,1,0,0,1,0,1,0,0,0
0.00112956,0,0,0,0,0,0,0,1,0,0,1,0,1,0,0,0
0.0011296,0,0,0,0,0,1,0,1,0,0,1,0,1,0,0,0
0.00112962,1,1,1,1,0,1,1,1,0,0,1,0,1,0,0,0
0.00112964,0,0,0,0,0,0,0,1,0,0,1,0,1,0,0,0
0.00113046,0,0,1,0,0,0,0,1,0,0,1,0,1,0,0,0
0.00113048,0,0,1,1,0,0,0,1,0,0,1,0,1,0,0,0
0.0011305,1,1,1,1,1,1,1,1,0,0,1,0,1,0,0,0
0.00113054,1,1,0,0,1,0,0,0,0,0,1,0,1,0,0,0
0.00113058,1,1,1,1,1,1,1,0,0,0,1,0,1,0,0,0
0.00113062,1,1,0,0,1,0,0,0,0,0,1,0,1,0,0,0
0.00113066,1,1,1,1,1,1,0,0,0,0,1,0,1,0,0,0
0.00113068,1,1,1,0,1,0,0,0,0,0,1,0,1,0,0,0
0.00113086,1,1,0,0,1,0,0,0,0,0,1,0,1,0,0,0
0.00113088,1,1,1,0,1,0,0,0,0,0,1,0,1,0,0,0
0.00113092,1,1,0,0,1,0,0,0,1,1,0,0,1,0,0,0
0.00113096,1,1,1,0,1,0,0,0,1,1,0,0,1,0,0,0
0.00113098,1,1,1,0,1,0,0,0,0,0,0,0,0,0,0,0
0.001131,1,1,0,0,1,0,0,0,1,1,0,0,1,0,0,0
0.00113104,1,1,1,0,1,0,0,0,1,1,0,0,1,0,0,0
0.00113108,1,1,0,0,1,0,0,0,1,1,0,0,1,0,0,0
0.0011311,1,1,1,0,1,0,0,0,1,1,0,0,1,0,0,0
0.00113114,1,1,0,0,1,0,0,0,1,1,0,0,1,0,0,0
0.00113118,1,1,1,0,1,0,0,0,1,1,0,0,1,0,0,0
0.0011312,1,1,0,0,1,0,0,0,1,1,0,0,1,0,0,0
0.00113144,1,1,1,1,1,0,0,0,1,1,0,0,1,0,0,0
0.00113146,1,1,1,1,1,1,1,1,1,1,0,0,1,0,0,0
0.00113152,1,0,0,0,1,1,1,0,1,1,0,0,1,0,0,0
0.00113156,1,1,1,1,1,1,1,0,1,1,0,0,1,0,0,0
0.00113158,1,0,0,0,1,1,1,0,1,1,0,0,1,0,0,0
0.00113162,1,0,1,0,1,1,1,0,1,1,0,0,1,0,0,0
0.00113166,1,0,0,0,1,1,1,0,1,1,0,0,1,0,0,0
0.0011317,1,0,1,0,1,1,1,0,1,1,0,0,1,0,0,0
0.00113172,1,0,0,0,1,1,1,0,1,1,0,0,1,0,0,0
0.00113242,1,1,1,1,1,1,1,0,1,1,0,0,1,0,0,0
0.00113244,1,1,1,1,1,1,1,1,1,1,0,0,1,0,0,0
0.0011325,0,1,0,0,1,0,0,0,1,1,0,0,1,0,0,0
0.00113254,1,1,1,1,1,0,0,0,1,1,0,0,1,0,0,0
0.00113258,0,1,1,0,1,0,0,0,1,1,0,0,1,0,0,0
0.0011326,0,1,0,0,1,0,0,0,1,1,0,0,1,0,0,0
0.00113262,0,1,1,1,1,0,0,0,1,1,0,0,1,0,0,0
0.00113266,0,1,1,0,1,0,0,0,1,1,0,0,1,0,0,0
0.0011327,0,1,1,1,1,0,0,0,1,1,0,0,1,0,0,0
0.00113274,0,1,1,0,1,0,0,0,1,1,0,0,1,0,0,0
0.00113286,0,1,1,1,1,0,0,0,0,1,0,0,1,0,0,0
0.00113288,0,1,1,0,1,0,0,0,0,1,0,0,1,0,0,0
0.0011332,0,1,0,0,1,0,0,0,0,1,0,0,1,0,0,0
0.00113322,0,1,1,0,1,0,0,0,0,1,0,0,1,0,0,0
0.00113324,0,1,0,0,1,0,0,0,0,1,0,0,1,0,0,0
0.0011333,0,1,1,0,1,0,0,0,0,1,0,0,1,0,0,0
0.00113332,0,1,0,0,1,0,0,0,0,1,0,0,1,0,0,0
0.00113334,0,1,1,0,1,0,0,0,0,1,0,0,1,0,0,0
0.00113336,0,1,0,0,1,0,0,0,0,1,0,0,1,0,0,0
0.0011334,1,1,1,1,1,0,0,0,0,1,0,0,1,0,0,0
0.00113342,1,1,1,1,1,1,0,0,0,1,0,0,1,0,0,0
0.00113344,1,1,1,1,1,1,1,1,0,1,0,0,1,0,0,0
0.00113346,1,1,0,0,1,1,0,0,0,1,0,0,1,0,0,0
0.0011335,1,1,1,1,1,1,1,0,0,1,0,0,1,0,0,0
0.00113352,1,1,1,0,1,1,0,0,0,1,0,0,1,0,0,0
0.00113354,1,1,0,0,1,1,0,0,0,1,0,0,1,0,0,0
0.00113358,1,1,1,0,1,1,0,0,0,1,0,0,1,0,0,0
0.0011336,1,1,0,0,1,1,0,0,0,1,0,0,1,0,0,0
0.00113438,1,1,0,0,1,1,1,0,0,1,0,0,1,0,0,0
0.0011344,1,1,1,1,1,1,1,1,0,1,0,0,1,0,0,0
0.00113444,1,0,0,0,1,0,0,0,0,1,0,0,1,0,0,0
0.00113448,1,1,1,1,1,1,1,0,0,1,0,0,1,0,0,0
0.0011345,1,1,1,1,1,1,1,1,0,1,0,0,1,0,0,0
0.00113452,1,0,1,1,1,0,0,0,0,1,0,0,1,0,0,0
0.00113454,1,0,0,0,1,0,0,0,0,1,0,0,1,0,0,0
0.00113456,1,0,1,1,1,0,0,0,0,1,0,0,1,0,0,0
0.00113458,1,1,1,1,1,0,0,0,0,1,0,0,1,0,0,0
0.0011346,1,0,1,1,1,0,0,0,0,1,0,0,1,0,0,0
0.00113462,1,0,1,0,1,0,0,0,0,1,0,0,1,0,0,0
0.00113464,1,0,1,1,1,0,0,0,0,1,0,0,1,0,0,0
0.0011347,1,0,1,0,1,0,0,0,0,1,0,0,1,0,0,0
0.00113472,1,0,1,1,1,0,0,0,0,1,0,0,1,0,0,0
0.00113478,1,0,1,0,1,0,0,0,0,1,0,0,1,0,0,0
0.0011348,1,0,1,1,1,0,0,0,0,1,0,0,1,0,0,0
0.00113482,1,0,1,1,1,0,0,0,0,0,0,0,1,0,0,0
0.00113484,1,0,1,0,1,0,0,0,1,0,0,0,1,0,0,0
0.00113488,1,0,1,1,1,0,0,0,1,0,0,0,1,0,0,0
0.0011349,1,0,1,0,1,0,0,0,1,0,0,0,1,0,0,0
0.00113496,1,0,1,1,1,0,0,0,1,0,0,0,1,0,0,0
0.00113498,1,0,1,0,1,0,0,0,1,0,0,0,1,0,0,0
0.00113528,1,0,0,0,1,0,0,0,1,0,0,0,1,0,0,0
0.00113532,1,0,1,0,1,0,0,0,1,0,0,0,1,0,0,0
0.00113534,1,1,1,1,1,0,0,0,1,0,0,0,1,0,0,0
0.00113536,1,1,1,1,1,1,1,1,1,0,0,0,1,0,0,0
0.00113542,0,0,1,1,1,0,1,0,1,0,0,0,1,0,0,0
0.00113546,1,1,1,1,1,1,1,1,1,0,0,0,1,0,0,0
0.00113548,0,0,1,1,1,0,1,0,1,0,0,0,1,0,0,0
0.00113632,1,1,1,1,1,0,1,0,1,0,0,0,1,0,0,0
0.00113634,1,1,1,1,1,1,1,1,1,0,0,0,1,0,0,0
0.0011364,1,0,0,0,0,1,0,0,1,0,0,0,1,0,0,0
0.00113644,1,1,1,1,0,1,1,1,1,0,0,0,1,0,0,0
0.00113648,1,1,1,1,0,1,0,0,1,0,0,0,1,0,0,0
0.0011365,1,0,0,0,0,1,0,0,1,0,0,0,1,0,0,0
0.00113652,1,1,1,1,0,1,0,0,1,0,0,0,1,0,0,0
0.00113658,1,1,1,0,0,1,0,0,1,0,0,0,1,0,0,0
0.0011366,1,1,1,1,0,1,0,0,1,0,0,0,1,0,0,0
0.00113672,1,1,1,0,0,1,0,0,1,0,0,0,1,0,0,0
0.00113674,1,1,1,1,0,1,0,0,1,0,0,0,1,0,0,0
0.00113678,1,1,1,1,0,1,0,0,1,0,0,0,0,1,0,0
0.0011368,1,0,1,0,0,1,0,0,1,0,0,0,0,1,0,0
0.00113682,1,1,1,1,0,1,0,0,1,0,0,0,0,1,0,0
0.00113688,1,0,1,0,0,1,0,0,1,0,0,0,0,1,0,0
0.0011369,1,1,1,1,0,1,0,0,1,0,0,0,0,1,0,0
0.00113694,1,0,1,1,0,1,0,0,1,0,0,0,0,1,0,0
0.001137,1,0,1,0,0,1,0,0,1,0,0,0,0,1,0,0
0.00113702,1,0,1,1,0,1,0,0,1,0,0,0,0,1,0,0
0.00113704,1,0,1,0,0,1,0,0,1,0,0,0,0,1,0,0
0.00113706,1,0,1,1,0,1,0,0,1,0,0,0,0,1,0,0
0.00113708,1,0,1,0,0,1,0,0,1,0,0,0,0,1,0,0
0.0011372,1,0,1,1,0,1,0,0,1,0,0,0,0,1,0,0
0.00113722,1,0,1,0,0,1,0,0,1,0,0,0,0,1,0,0
0.00113732,1,1,1,1,1,1,0,0,1,0,0,0,0,1,0,0
0.00113734,1,1,1,1,1,1,1,1,1,0,0,0,0,1,0,0
0.00113736,0,1,1,1,0,0,1,0,1,0,0,0,0,1,0,0
0.00113738,0,0,0,0,0,0,1,0,1,0,0,0,0,1,0,0
0.0011374,0,0,1,1,0,0,1,0,1,0,0,0,0,1,0,0
0.00113742,0,1,1,1,0,1,1,1,1,0,0,0,0,1,0,0
0.00113744,0,1,1,1,0,0,1,0,1,0,0,0,0,1,0,0
0.00113746,0,0,0,0,0,0,1,0,1,0,0,0,0,1,0,0
0.00113748,0,0,1,1,0,0,1,0,1,0,0,0,0,1,0,0
0.0011375,0,1,1,1,0,0,1,0,1,0,0,0,0,1,0,0
0.00113752,0,0,1,1,0,0,1,0,1,0,0,0,0,1,0,0
0.00113754,0,0,0,0,0,0,1,0,1,0,0,0,0,1,0,0
0.00113756,0,0,1,1,0,0,1,0,1,0,0,0,0,1,0,0
0.00113762,0,0,1,0,0,0,1,0,1,0,0,0,0,1,0,0
0.00113764,0,0,1,1,0,0,1,0,1,0,0,0,0,1,0,0
0.0011377,0,0,1,0,0,0,1,0,1,0,0,0,0,1,0,0
0.00113774,0,0,1,1,0,0,1,0,1,0,0,0,0,1,0,0
0.00113776,0,0,1,0,0,0,1,0,1,0,0,0,0,1,0,0
0.00113796,0,0,0,0,0,0,1,0,1,0,0,0,0,1,0,0
0.00113824,0,0,1,0,0,0,1,0,1,0,0,0,0,1,0,0
0.00113826,0,0,0,0,0,0,1,0,1,0,0,0,0,1,0,0
0.00113828,1,1,1,1,1,1,1,1,1,0,0,0,0,1,0,0
0.00113836,0,0,0,0,0,0,0,1,1,0,0,0,0,1,0,0
0.0011384,1,1,1,1,1,1,0,1,1,0,0,0,0,1,0,0
0.00113842,1,1,1,1,0,0,0,1,1,0,0,0,0,1,0,0
0.00113844,0,0,0,0,0,0,0,1,1,0,0,0,0,1,0,0
0.00113848,0,0,1,1,0,0,0,1,1,0,0,0,0,1,0,0
0.00113852,0,0,1,0,0,0,0,1,1,0,0,0,0,1,0,0
0.00113856,0,0,1,1,0,0,0,1,1,0,0,0,0,1,0,0
0.00113858,0,0,1,0,0,0,0,1,1,0,0,0,0,1,0,0
0.0011389,0,0,0,0,0,0,0,1,1,0,0,0,0,1,0,0
0.00113892,0,0,1,0,0,0,0,1,1,0,0,0,0,1,0,0
0.00113894,0,0,0,0,0,0,0,1,1,0,0,0,0,1,0,0
0.00113926,1,1,1,1,0,0,0,1,1,0,0,0,0,1,0,0
0.00113928,1,1,1,1,1,1,1,1,1,0,0,0,0,1,0,0
0.00113932,0,1,1,1,0,1,0,0,1,0,0,0,0,1,0,0
0.00113936,1,1,1,1,0,1,1,1,1,0,0,0,0,1,0,0
0.00113938,0,1,1,1,0,1,0,1,1,0,0,0,0,1,0,0
0.0011394,0,1,1,1,0,1,0,0,1,0,0,0,0,1,0,0
0.00114028,0,1,1,1,0,1,0,1,1,0,0,0,0,1,0,0
0.0011403,1,1,1,1,1,1,1,1,1,0,0,0,0,1,0,0
0.00114032,1,1,0,1,1,0,1,1,1,0,0,0,0,1,0,0
0.00114034,0,1,0,0,1,0,1,1,1,0,0,0,0,1,0,0
0.0011404,1,1,1,0,1,0,1,1,1,0,0,0,0,1,0,0
0.00114042,0,1,0,0,1,0,1,1,1,0,0,0,0,1,0,0
0.00114068,0,1,0,0,1,0,1,1,0,1,0,0,0,0,0,0
0.0011407,0,1,0,0,1,0,1,1,0,1,0,0,1,0,1,1
0.0011412,1,1,1,1,1,0,1,1,0,1,0,0,1,0,1,1
0.00114122,1,1,1,1,1,1,1,1,0,1,0,0,1,0,1,1
0.00114128,0,1,1,1,0,1,0,0,0,1,0,0,1,0,1,1
0.00114132,1,1,1,1,0,1,1,0,0,1,0,0,1,0,1,1
0.00114134,0,1,1,1,0,1,0,0,0,1,0,0,1,0,1,1
0.0011422,1,1,1,1,0,1,1,1,0,1,0,0,1,0,1,1
0.00114222,1,1,1,1,1,1,1,1,0,1,0,0,1,0,1,1
0.00114316,0,0,0,0,0,0,0,0,0,1,0,0,1,0,1,1
0.0011432,1,0,1,0,0,0,0,0,0,1,0,0,1,0,1,1
0.00114322,0,0,0,0,0,0,0,0,0,1,0,0,1,0,1,1
0.00114412,1,1,1,0,0,0,0,0,0,1,0,0,1,0,1,1
0.00114414,0,0,0,0,0,0,0,0,0,1,0,0,1,0,1,1
0.00114416,0,1,1,1,0,0,0,0,0,1,0,0,1,0,1,1
0.00114418,0,1,1,1,0,1,0,0,0,1,0,0,1,0,1,1
0.0011442,1,1,1,1,1,1,0,0,0,1,0,0,1,0,1,1
0.00114422,1,1,1,1,1,1,1,1,0,1,0,0,1,0,1,1
0.00114426,0,1,0,0,1,1,0,0,0,1,0,0,1,0,1,1
0.0011443,1,1,1,1,1,1,1,1,0,1,0,0,1,0,1,1
0.00114432,0,1,0,0,1,1,0,0,0,1,0,0,1,0,1,1
0.00114458,0,1,0,0,1,1,0,0,0,1,0,0,1,0,0,0
0.0011446,0,1,0,0,1,1,0,0,0,1,0,0,1,1,0,0
0.00114514,1,1,1,1,1,1,1,1,0,1,0,0,1,1,0,0
0.00114518,1,1,0,1,0,0,0,0,0,1,0,0,1,1,0,0
0.00114522,1,1,1,1,0,0,1,1,0,1,0,0,1,1,0,0
0.00114524,1,1,1,1,0,0,0,0,0,1,0,0,1,1,0,0
0.00114526,1,1,0,1,0,0,0,0,0,1,0,0,1,1,0,0
0.0011453,1,1,1,1,0,0,0,0,0,1,0,0,1,1,0,0
0.00114532,1,1,0,1,0,0,0,0,0,1,0,0,1,1,0,0
0.00114608,1,1,1,1,0,0,0,0,0,1,0,0,1,1,0,0
0.0011461,1,1,1,1,1,1,1,1,0,1,0,0,1,1,0,0
0.00114614,1,1,1,1,1,0,1,0,0,1,0,0,1,1,0,0
0.00114616,1,1,0,1,0,0,0,0,0,1,0,0,1,1,0,0
0.0011462,1,1,1,1,1,1,1,1,0,1,0,0,1,1,0,0
0.00114622,1,1,1,1,0,0,0,0,0,1,0,0,1,1,0,0
0.00114624,1,1,0,1,0,0,0,0,0,1,0,0,1,1,0,0
0.00114626,1,1,1,1,0,0,0,0,0,1,0,0,1,1,0,0
0.0011463,1,1,0,1,0,0,0,0,0,1,0,0,1,1,0,0
0.00114634,1,1,1,1,0,0,0,0,0,1,0,0,1,1,0,0
0.00114638,1,1,0,1,0,0,0,0,0,1,0,0,1,1,0,0
0.00114706,1,1,1,1,0,0,0,0,0,1,0,0,1,1,0,0
0.00114708,1,1,1,1,1,1,1,1,0,1,0,0,1,1,0,0
0.0011481,0,0,0,1,1,0,1,0,0,1,0,0,1,1,0,0
0.00114812,0,1,1,1,1,1,1,1,0,1,0,0,1,1,0,0
0.00114814,1,1,1,1,1,1,1,1,0,1,0,0,1,1,0,0
0.00114818,0,1,1,0,0,1,0,1,0,1,0,0,1,1,0,0
0.00114822,1,1,1,0,0,1,0,1,0,1,0,0,1,1,0,0
0.00114824,0,1,1,0,0,1,0,1,0,1,0,0,1,1,0,0
0.00114848,0,1,1,0,0,1,0,1,0,1,0,0,0,1,0,0
0.0011485,0,1,1,0,0,1,0,1,0,1,1,0,0,1,0,1
0.00114904,1,1,1,1,1,1,1,1,0,1,1,0,0,1,0,1
0.00114908,0,0,0,0,0,0,1,0,0,1,1,0,0,1,0,1
0.00114912,1,1,1,1,0,1,1,0,0,1,1,0,0,1,0,1
0.00114914,1,1,1,1,0,1,1,1,0,1,1,0,0,1,0,1
0.00114916,1,1,1,1,0,1,1,0,0,1,1,0,0,1,0,1
0.00114918,0,0,0,0,0,0,1,0,0,1,1,0,0,1,0,1
0.0011492,1,0,1,1,0,0,1,0,0,1,1,0,0,1,0,1
0.00114922,1,1,1,1,0,1,1,0,0,1,1,0,0,1,0,1
0.00114924,1,0,1,1,0,0,1,0,0,1,1,0,0,1,0,1
0.00114926,1,0,1,0,0,0,1,0,0,1,1,0,0,1,0,1
0.00114928,1,0,1,1,0,0,1,0,0,1,1,0,0,1,0,1
0.00114934,1,0,1,0,0,0,1,0,0,1,1,0,0,1,0,1
0.0011496,0,0,1,0,0,0,1,0,0,1,1,0,0,1,0,1
0.00114962,1,0,1,0,0,0,1,0,0,1,1,0,0,1,0,1
0.00114964,0,0,1,0,0,0,1,0,0,1,1,0,0,1,0,1
0.00114994,0,0,0,0,0,0,1,0,0,1,1,0,0,1,0,1
0.00114996,0,0,1,0,0,0,1,0,0,1,1,0,0,1,0,1
0.00114998,1,0,1,0,0,0,1,0,0,1,1,0,0,1,0,1
0.00115,1,1,1,1,1,0,1,0,0,1,1,0,0,1,0,1
0.00115002,1,1,1,1,1,1,1,1,0,1,1,0,0,1,0,1
0.00115008,0,0,0,0,0,0,0,1,0,1,1,0,0,1,0,1
0.00115012,1,1,1,1,1,1,0,1,0,1,1,0,0,1,0,1
0.00115014,1,1,1,1,0,1,0,1,0,1,1,0,0,1,0,1
0.00115016,0,0,0,0,0,0,0,1,0,1,1,0,0,1,0,1
0.00115018,0,0,1,0,0,0,0,1,0,1,1,0,0,1,0,1
0.0011502,1,1,1,1,0,1,0,1,0,1,1,0,0,1,0,1
0.00115024,0,0,1,0,0,0,0,1,0,1,1,0,0,1,0,1
0.00115028,1,0,1,1,0,0,0,1,0,1,1,0,0,1,0,1
0.0011503,0,0,1,0,0,0,0,1,0,1,1,0,0,1,0,1
0.00115092,0,0,0,0,0,0,0,1,0,1,1,0,0,1,0,1
0.00115094,0,0,1,0,0,0,0,1,0,1,1,0,0,1,0,1
0.00115096,1,1,1,1,0,0,0,1,0,1,1,0,0,1,0,1
0.00115098,1,1,1,1,1,1,1,1,0,1,1,0,0,1,0,1
0.00115104,0,1,1,1,0,1,0,0,0,1,1,0,0,1,0,1
0.00115108,1,1,1,1,1,1,1,0,0,1,1,0,0,1,0,1
0.0011511,0,1,1,1,0,1,0,0,0,1,1,0,0,1,0,1
0.00115116,1,1,1,1,0,1,0,0,0,1,1,0,0,1,0,1
0.00115118,0,1,1,1,0,1,0,0,0,1,1,0,0,1,0,1
0.00115194,1,1,1,1,0,1,0,0,0,1,1,0,0,1,0,1
0.00115196,1,1,1,1,1,1,1,1,0,1,1,0,0,1,0,1
0.00115298,0,1,1,1,0,1,0,0,0,1,1,0,0,1,0,1
0.00115302,1,1,1,1,1,1,1,1,0,1,1,0,0,1,0,1
0.00115304,0,1,1,1,0,1,0,0,0,1,1,0,0,1,0,1
0.001154,1,1,1,1,1,1,0,0,0,1,1,0,0,1,0,1
0.00115402,0,0,1,0,1,0,0,0,0,1,1,0,0,1,0,1
0.00115434,0,0,1,0,1,0,0,0,0,0,1,0,0,0,0,0
0.00115436,0,0,1,0,1,0,0,0,0,0,1,0,1,0,0,0
0.00115442,0,0,1,0,1,0,0,0,0,0,0,0,1,0,0,0
0.00115444,0,0,1,0,1,0,0,0,0,0,1,0,1,0,0,0
0.00115488,1,1,1,1,1,0,0,0,0,0,1,0,1,0,0,0
0.0011549,1,1,1,1,1,1,1,1,0,0,1,0,1,0,0,0
0.00115592,0,0,0,0,0,0,0,1,0,0,1,0,1,0,0,0
0.00115598,1,1,1,1,0,1,1,1,0,0,1,0,1,0,0,0
0.001156,1,0,1,0,0,0,0,1,0,0,1,0,1,0,0,0
0.00115602,0,0,0,0,0,0,0,1,0,0,1,0,1,0,0,0
0.00115682,1,1,1,1,0,0,0,1,0,0,1,0,1,0,0,0
0.00115684,1,1,1,1,1,1,1,1,0,0,1,0,1,0,0,0
0.0011569,1,1,0,0,1,0,0,0,0,0,1,0,1,0,0,0
0.00115694,1,1,1,1,1,1,1,0,0,0,1,0,1,0,0,0
0.00115696,1,1,1,0,1,0,0,0,0,0,1,0,1,0,0,0
0.00115698,1,1,0,0,1,0,0,0,0,0,1,0,1,0,0,0
0.00115702,1,1,1,1,1,0,0,0,0,0,1,0,1,0,0,0
0.00115704,1,1,0,0,1,0,0,0,0,0,1,0,1,0,0,0
0.0011571,1,1,1,0,1,0,0,0,0,0,1,0,1,0,0,0
0.00115712,1,1,0,0,1,0,0,0,0,0,1,0,1,0,0,0
0.00115728,1,1,0,0,1,0,0,0,1,1,0,0,1,0,0,0
0.00115734,1,1,1,0,1,0,0,0,0,0,0,0,0,0,0,0
0.00115736,1,1,0,0,1,0,0,0,1,1,0,0,1,0,0,0
0.0011574,1,1,1,0,1,0,0,0,1,1,0,0,1,0,0,0
0.00115742,1,1,0,0,1,0,0,0,1,1,0,0,1,0,0,0
0.0011578,1,1,1,1,1,0,0,0,1,1,0,0,1,0,0,0
0.00115782,1,1,1,1,1,1,1,1,1,1,0,0,1,0,0,0
0.00115788,1,0,0,0,1,1,1,0,1,1,0,0,1,0,0,0
0.00115792,1,1,1,1,1,1,1,1,1,1,0,0,1,0,0,0
0.00115794,1,0,1,0,1,1,1,0,1,1,0,0,1,0,0,0
0.00115796,1,0,0,0,1,1,1,0,1,1,0,0,1,0,0,0
0.001158,1,0,1,0,1,1,1,0,1,1,0,0,1,0,0,0
0.00115802,1,0,0,0,1,1,1,0,1,1,0,0,1,0,0,0
0.00115878,1,1,1,0,1,1,1,0,1,1,0,0,1,0,0,0
0.0011588,1,0,1,1,1,1,1,1,1,1,0,0,1,0,0,0
0.00115882,1,1,1,1,1,1,1,1,1,1,0,0,1,0,0,0
0.00115884,0,1,1,1,1,0,0,0,1,1,0,0,1,0,0,0
0.00115886,0,1,0,0,1,0,0,0,1,1,0,0,1,0,0,0
0.00115888,0,1,1,0,1,0,0,0,1,1,0,0,1,0,0,0
0.0011589,1,1,1,1,1,1,1,1,1,1,0,0,1,0,0,0
0.00115892,0,1,1,1,1,0,0,0,1,1,0,0,1,0,0,0
0.00115894,0,1,0,0,1,0,0,0,1,1,0,0,1,0,0,0
0.00115896,0,1,1,0,1,0,0,0,1,1,0,0,1,0,0,0
0.00115898,0,1,1,1,1,0,0,0,1,1,0,0,1,0,0,0
0.001159,0,1,1,0,1,0,0,0,1,1,0,0,1,0,0,0
0.00115902,0,1,0,0,1,0,0,0,1,1,0,0,1,0,0,0
0.00115906,0,1,1,0,1,0,0,0,1,1,0,0,1,0,0,0
0.00115908,0,1,0,0,1,0,0,0,1,1,0,0,1,0,0,0
0.00115922,0,1,1,0,1,0,0,0,0,1,0,0,1,0,0,0
0.00115924,0,1,0,0,1,0,0,0,0,1,0,0,1,0,0,0
0.0011593,0,1,0,0,1,0,0,0,0,0,0,0,0,0,0,0
0.00115932,0,1,0,0,1,0,0,0,0,1,0,0,1,0,0,0
0.00115976,1,1,1,1,1,0,1,1,0,1,0,0,1,0,0,0
0.00115978,1,1,1,1,1,1,1,1,0,1,0,0,1,0,0,0
0.00115982,1,1,1,1,1,1,1,0,0,1,0,0,1,0,0,0
0.00115984,1,1,0,0,1,1,0,0,0,1,0,0,1,0,0,0
0.00115988,1,1,1,1,1,1,1,1,0,1,0,0,1,0,0,0
0.0011599,1,1,0,0,1,1,0,0,0,1,0,0,1,0,0,0
0.00116074,1,1,1,1,1,1,1,0,0,1,0,0,1,0,0,0
0.00116076,1,1,1,1,1,1,1,1,0,1,0,0,1,0,0,0
0.0011608,1,0,0,0,1,0,0,0,0,1,0,0,1,0,0,0
0.00116084,1,1,1,1,1,1,0,0,0,1,0,0,1,0,0,0
0.00116086,1,1,1,1,1,1,1,1,0,1,0,0,1,0,0,0
0.00116088,1,0,1,0,1,0,0,0,0,1,0,0,1,0,0,0
0.0011609,1,0,0,0,1,0,0,0,0,1,0,0,1,0,0,0
0.00116092,1,0,1,1,1,0,0,0,0,1,0,0,1,0,0,0
0.00116096,1,0,0,0,1,0,0,0,0,1,0,0,1,0,0,0
0.001161,1,0,1,0,1,0,0,0,0,1,0,0,1,0,0,0
0.00116104,1,0,0,0,1,0,0,0,0,1,0,0,1,0,0,0
0.00116118,1,0,0,0,1,0,0,0,0,0,0,0,1,0,0,0
0.0011612,1,0,0,0,1,0,0,0,1,0,0,0,1,0,0,0
0.0011617,1,1,0,1,1,0,0,0,1,0,0,0,1,0,0,0
0.00116172,1,1,1,1,1,1,1,1,1,0,0,0,1,0,0,0
0.00116174,1,1,1,1,1,1,1,0,1,0,0,0,1,0,0,0
0.00116176,1,1,1,1,1,1,1,1,1,0,0,0,1,0,0,0
0.00116178,0,0,1,1,1,0,1,1,1,0,0,0,1,0,0,0
0.0011618,0,0,1,1,1,0,1,0,1,0,0,0,1,0,0,0
0.00116182,0,1,1,1,1,1,1,0,1,0,0,0,1,0,0,0
0.00116186,0,0,1,1,1,0,1,0,1,0,0,0,1,0,0,0
0.00116268,0,1,1,1,1,0,1,0,1,0,0,0,1,0,0,0
0.0011627,1,1,1,1,1,1,1,1,1,0,0,0,1,0,0,0
0.00116272,1,1,1,1,1,1,1,0,1,0,0,0,1,0,0,0
0.00116274,1,1,1,1,1,1,1,1,1,0,0,0,1,0,0,0
0.00116276,0,1,0,0,0,1,0,0,1,0,0,0,1,0,0,0
0.0011628,1,1,1,1,0,1,1,1,1,0,0,0,1,0,0,0
0.00116282,0,1,0,0,0,1,0,0,1,0,0,0,1,0,0,0
0.00116314,0,1,0,0,0,1,0,0,0,1,0,0,0,1,0,0
0.00116368,1,1,1,1,0,1,0,0,0,1,0,0,0,1,0,0
0.0011637,1,1,1,1,1,1,1,1,0,1,0,0,0,1,0,0
0.00116374,0,0,0,0,0,0,1,0,0,1,0,0,0,1,0,0
0.00116378,1,0,1,1,0,1,1,1,0,1,0,0,0,1,0,0
0.0011638,1,1,1,1,0,1,1,1,0,1,0,0,0,1,0,0
0.00116382,0,0,1,1,0,0,1,0,0,1,0,0,0,1,0,0
0.00116384,0,0,0,0,0,0,1,0,0,1,0,0,0,1,0,0
0.00116386,0,0,1,1,0,0,1,1,0,1,0,0,0,1,0,0
0.00116388,0,0,1,1,0,1,1,1,0,1,0,0,0,1,0,0
0.0011639,0,0,1,0,0,0,1,0,0,1,0,0,0,1,0,0
0.00116392,0,0,0,0,0,0,1,0,0,1,0,0,0,1,0,0
0.00116394,0,0,1,0,0,0,1,0,0,1,0,0,0,1,0,0
0.00116396,0,0,1,1,0,0,1,0,0,1,0,0,0,1,0,0
0.00116398,0,0,1,0,0,0,1,0,0,1,0,0,0,1,0,0
0.001164,0,0,0,0,0,0,1,0,0,1,0,0,0,1,0,0
0.00116402,0,0,1,0,0,0,1,0,0,1,0,0,0,1,0,0
0.00116406,0,0,0,0,0,0,1,0,0,1,0,0,0,1,0,0
0.00116408,0,0,1,0,0,0,1,0,0,1,0,0,0,1,0,0
0.00116414,0,0,0,0,0,0,1,0,0,1,0,0,0,1,0,0
0.00116464,1,1,1,1,1,0,1,0,0,1,0,0,0,1,0,0
0.00116466,1,1,1,1,1,1,1,1,0,1,0,0,0,1,0,0
0.0011647,0,0,0,0,0,0,0,1,0,1,0,0,0,1,0,0
0.00116474,1,1,1,1,0,1,0,1,0,1,0,0,0,1,0,0
0.00116476,1,1,1,1,1,1,1,1,0,1,0,0,0,1,0,0
0.00116478,1,1,1,1,0,1,0,1,0,1,0,0,0,1,0,0
0.0011648,0,0,0,0,0,0,0,1,0,1,0,0,0,1,0,0
0.00116482,0,0,1,1,0,1,0,1,0,1,0,0,0,1,0,0
0.00116484,1,1,1,1,0,1,0,1,0,1,0,0,0,1,0,0
0.00116486,0,0,1,1,0,1,0,1,0,1,0,0,0,1,0,0
0.00116488,0,0,1,0,0,0,0,1,0,1,0,0,0,1,0,0
0.0011649,0,0,1,1,0,0,0,1,0,1,0,0,0,1,0,0
0.00116492,0,0,1,1,0,1,0,1,0,1,0,0,0,1,0,0
0.00116494,0,0,1,1,0,0,0,1,0,1,0,0,0,1,0,0
0.00116504,0,0,1,0,0,0,0,1,0,1,0,0,0,1,0,0
0.00116506,0,0,1,1,0,1,0,1,0,1,0,0,0,1,0,0
0.00116508,0,0,1,1,0,0,0,1,0,1,0,0,0,1,0,0
0.0011651,0,0,1,0,0,0,0,1,0,1,0,0,0,1,0,0
0.00116538,0,0,0,0,0,0,0,1,0,1,0,0,0,1,0,0
0.0011654,0,0,1,0,0,0,0,1,0,1,0,0,0,1,0,0
0.00116542,0,0,0,0,0,0,0,1,0,1,0,0,0,1,0,0
0.00116552,0,0,1,0,0,0,0,1,0,1,0,0,0,1,0,0
0.00116554,0,0,0,0,0,0,0,1,0,1,0,0,0,1,0,0
0.00116558,0,0,1,0,0,0,0,1,0,1,0,0,0,1,0,0
0.0011656,0,0,0,0,0,0,0,1,0,1,0,0,0,1,0,0
0.00116562,0,0,1,1,1,0,1,1,0,1,0,0,0,1,0,0
0.00116564,1,1,1,1,1,1,1,0,0,1,0,0,0,1,0,0
0.00116566,0,0,1,1,1,0,1,0,0,1,0,0,0,1,0,0
0.00116666,1,1,1,1,1,1,1,1,0,1,0,0,0,1,0,0
0.0011667,1,1,1,0,0,1,1,0,0,1,0,0,0,1,0,0
0.00116672,1,0,0,0,0,1,0,0,0,1,0,0,0,1,0,0
0.00116674,1,1,0,0,0,1,0,0,0,1,0,0,0,1,0,0
0.00116676,1,1,1,1,1,1,1,1,0,1,0,0,0,1,0,0
0.00116678,1,1,1,1,0,1,0,0,0,1,0,0,0,1,0,0
0.0011668,1,0,0,0,0,1,0,0,0,1,0,0,0,1,0,0
0.00116684,1,1,1,1,0,1,0,0,0,1,0,0,0,1,0,0
0.00116686,1,0,1,0,0,1,0,0,0,1,0,0,0,1,0,0
0.00116688,1,0,0,0,0,1,0,0,0,1,0,0,0,1,0,0
0.0011669,1,0,1,0,0,1,0,0,0,1,0,0,0,1,0,0
0.00116704,1,0,1,0,0,1,0,0,1,0,0,0,0,1,0,0
0.00116706,1,0,0,0,0,1,0,0,1,0,0,0,0,1,0,0
0.00116708,1,0,1,0,0,1,0,0,1,0,0,0,0,1,0,0
0.00116712,1,0,0,0,0,1,0,0,1,0,0,0,0,1,0,0
0.00116716,1,0,1,0,0,1,0,0,1,0,0,0,0,1,0,0
0.0011672,1,0,0,0,0,1,0,0,1,0,0,0,0,1,0,0
0.00116724,1,0,1,0,0,1,0,0,1,0,0,0,0,1,0,0
0.00116728,1,0,0,0,0,1,0,0,1,0,0,0,0,1,0,0
0.0011673,1,0,1,0,0,1,0,0,1,0,0,0,0,1,0,0
0.00116732,1,0,0,0,0,1,0,0,1,0,0,0,0,1,0,0
0.00116754,1,0,1,0,0,1,0,0,1,0,0,0,0,1,0,0
0.00116756,1,0,0,0,0,1,0,0,1,0,0,0,0,1,0,0
0.00116758,1,0,1,1,1,1,0,0,1,0,0,0,0,1,0,0
0.0011676,1,0,1,1,1,1,1,1,1,0,0,0,0,1,0,0
0.00116762,1,1,1,1,1,1,1,1,1,0,0,0,0,1,0,0
0.00116764,0,0,0,0,0,0,1,0,1,0,0,0,0,1,0,0
0.00116768,0,1,1,1,1,0,1,1,1,0,0,0,0,1,0,0
0.0011677,0,1,1,1,0,0,1,0,1,0,0,0,0,1,0,0
0.00116772,0,0,0,0,0,0,1,0,1,0,0,0,0,1,0,0
0.00116776,0,0,1,1,0,0,1,0,1,0,0,0,0,1,0,0
0.00116778,0,0,1,0,0,0,1,0,1,0,0,0,0,1,0,0
0.0011678,0,0,0,0,0,0,1,0,1,0,0,0,0,1,0,0
0.00116854,1,1,0,0,0,0,1,0,1,0,0,0,0,1,0,0
0.00116856,1,1,1,1,1,1,1,1,1,0,0,0,0,1,0,0
0.00116862,0,0,0,0,0,0,0,1,1,0,0,0,0,1,0,0
0.00116866,1,1,1,1,0,1,0,1,1,0,0,0,0,1,0,0
0.0011687,0,0,1,0,0,0,0,1,1,0,0,0,0,1,0,0
0.00116872,0,0,0,0,0,0,0,1,1,0,0,0,0,1,0,0
0.00116874,0,0,1,0,0,0,0,1,1,0,0,0,0,1,0,0
0.00116876,0,0,1,1,0,0,0,1,1,0,0,0,0,1,0,0
0.00116878,0,0,1,0,0,0,0,1,1,0,0,0,0,1,0,0
0.0011688,0,0,0,0,0,0,0,1,1,0,0,0,0,1,0,0
0.00116884,0,0,1,0,0,0,0,1,1,0,0,0,0,1,0,0
0.00116886,0,0,0,0,0,0,0,1,1,0,0,0,0,1,0,0
0.0011689,0,0,1,0,0,0,0,1,1,0,0,0,0,1,0,0
0.00116892,0,0,0,0,0,0,0,1,1,0,0,0,0,1,0,0
0.00116952,1,1,1,1,0,0,0,1,1,0,0,0,0,1,0,0
0.00116954,1,1,1,1,1,1,1,1,1,0,0,0,0,1,0,0
0.0011696,0,0,1,1,1,0,1,0,1,0,0,0,0,1,0,0
0.00116964,1,1,1,1,1,1,1,0,1,0,0,0,0,1,0,0
0.00116966,0,0,1,1,1,1,1,0,1,0,0,0,0,1,0,0
0.00116968,0,0,1,1,1,0,1,0,1,0,0,0,0,1,0,0
0.00117056,0,1,1,1,1,0,1,1,1,0,0,0,0,1,0,0
0.00117058,0,1,0,0,1,0,1,1,1,0,0,0,0,1,0,0
0.00117094,0,1,0,0,1,0,1,1,0,1,0,0,0,0,0,0
0.00117096,0,1,0,0,1,0,1,1,0,1,0,0,1,0,1,1
0.00117148,1,1,1,1,1,1,1,1,0,1,0,0,1,0,1,1
0.00117154,1,1,1,1,1,1,1,0,0,1,0,0,1,0,1,1
0.00117156,0,0,1,1,1,0,1,0,0,1,0,0,1,0,1,1
0.0011716,1,1,1,1,1,1,1,0,0,1,0,0,1,0,1,1
0.00117162,0,0,1,1,1,0,1,0,0,1,0,0,1,0,1,1
0.00117246,1,1,1,1,1,1,1,0,0,1,0,0,1,0,1,1
0.00117248,1,1,1,1,1,1,1,1,0,1,0,0,1,0,1,1
0.00117344,0,0,0,0,0,0,0,0,0,1,0,0,1,0,1,1
0.00117348,0,0,0,0,0,1,0,0,0,1,0,0,1,0,1,1
0.0011735,0,0,0,0,0,0,0,0,0,1,0,0,1,0,1,1
0.00117444,0,0,1,1,1,0,1,0,0,1,0,0,1,0,1,1
0.00117446,1,1,1,1,1,1,1,1,0,1,0,0,1,0,1,1
0.00117452,0,1,0,0,1,1,0,0,0,1,0,0,1,0,1,1
0.00117456,1,1,1,1,1,1,1,0,0,1,0,0,1,0,1,1
0.00117458,0,1,0,0,1,1,0,0,0,1,0,0,1,0,1,1
0.00117486,0,1,0,0,1,1,0,0,0,1,0,0,1,1,0,0
0.0011754,1,1,1,1,1,1,1,0,0,1,0,0,1,1,0,0
0.00117542,1,1,1,1,1,1,1,1,0,1,0,0,1,1,0,0
0.00117544,1,1,1,1,0,0,1,1,0,1,0,0,1,1,0,0
0.00117546,0,1,1,1,0,0,0,0,0,1,0,0,1,1,0,0
0.0011755,1,1,1,1,0,1,1,1,0,1,0,0,1,1,0,0
0.00117552,0,1,1,1,0,0,0,0,0,1,0,0,1,1,0,0
0.00117636,1,1,1,1,1,1,1,1,0,1,0,0,1,1,0,0
0.00117642,1,1,0,1,0,0,0,0,0,1,0,0,1,1,0,0
0.00117646,1,1,1,1,0,1,1,0,0,1,0,0,1,1,0,0
0.00117648,1,1,0,1,0,0,0,0,0,1,0,0,1,1,0,0
0.00117734,1,1,1,1,0,1,1,0,0,1,0,0,1,1,0,0
0.00117736,1,1,1,1,1,1,1,1,0,1,0,0,1,1,0,0
0.00117836,0,0,0,1,1,0,1,0,0,1,0,0,1,1,0,0
0.00117838,1,1,1,1,1,1,1,0,0,1,0,0,1,1,0,0
0.0011784,1,1,1,1,1,1,1,1,0,1,0,0,1,1,0,0
0.00117844,0,1,1,0,0,1,0,1,0,1,0,0,1,1,0,0
0.00117876,0,1,1,0,0,1,0,1,0,1,1,0,0,1,0,1
0.00117928,0,1,1,1,0,1,0,1,0,1,1,0,0,1,0,1
0.0011793,1,1,1,1,1,1,1,1,0,1,1,0,0,1,0,1
0.00117936,0,0,0,0,0,0,1,0,0,1,1,0,0,1,0,1
0.0011794,1,0,1,1,0,1,1,1,0,1,1,0,0,1,0,1
0.00117942,1,1,1,1,0,1,1,1,0,1,1,0,0,1,0,1
0.00117944,0,0,0,0,0,0,1,0,0,1,1,0,0,1,0,1
0.00117948,0,0,0,0,0,1,1,1,0,1,1,0,0,1,0,1
0.00117952,0,0,0,0,0,1,1,0,0,1,1,0,0,1,0,1
0.00117954,0,0,0,0,0,0,1,0,0,1,1,0,0,1,0,1
0.00117956,0,0,0,0,0,1,1,0,0,1,1,0,0,1,0,1
0.00117968,0,0,0,0,0,0,1,0,0,1,1,0,0,1,0,1
0.0011797,0,0,0,0,0,1,1,0,0,1,1,0,0,1,0,1
0.00117972,0,0,0,0,0,0,1,0,0,1,1,0,0,1,0,1
0.00117974,0,0,0,0,0,1,1,0,0,1,1,0,0,1,0,1
0.00117976,0,0,0,0,0,0,1,0,0,1,1,0,0,1,0,1
0.00118026,1,1,1,1,1,1,1,1,0,1,1,0,0,1,0,1
0.00118034,0,0,0,0,0,0,0,1,0,1,1,0,0,1,0,1
0.00118038,1,1,1,1,1,1,0,1,0,1,1,0,0,1,0,1
0.0011804,1,1,1,1,0,1,0,1,0,1,1,0,0,1,0,1
0.00118042,0,0,0,0,0,0,0,1,0,1,1,0,0,1,0,1
0.00118046,1,1,1,1,0,1,0,1,0,1,1,0,0,1,0,1
0.00118048,0,0,1,1,0,1,0,1,0,1,1,0,0,1,0,1
0.0011805,0,0,1,0,0,0,0,1,0,1,1,0,0,1,0,1
0.00118054,0,0,1,1,0,1,0,1,0,1,1,0,0,1,0,1
0.00118056,0,0,1,0,0,1,0,1,0,1,1,0,0,1,0,1
0.00118058,0,0,1,0,0,0,0,1,0,1,1,0,0,1,0,1
0.0011806,0,0,1,0,0,1,0,1,0,1,1,0,0,1,0,1
0.00118066,0,0,1,0,0,0,0,1,0,1,1,0,0,1,0,1
0.00118068,0,0,1,0,0,1,0,1,0,1,1,0,0,1,0,1
0.0011807,0,0,1,0,0,0,0,1,0,1,1,0,0,1,0,1
0.00118072,0,0,1,0,0,1,0,1,0,1,1,0,0,1,0,1
0.00118074,0,0,1,0,0,0,0,1,0,1,1,0,0,1,0,1
0.00118082,0,0,0,0,0,0,0,1,0,1,1,0,0,1,0,1
0.00118086,0,0,1,0,0,0,0,1,0,1,1,0,0,1,0,1
0.00118088,0,0,0,0,0,0,0,1,0,1,1,0,0,1,0,1
0.00118124,1,1,1,0,0,0,0,1,0,1,1,0,0,1,0,1
0.00118126,1,1,1,1,1,1,1,1,0,1,1,0,0,1,0,1
0.0011813,0,1,1,1,0,1,0,0,0,1,1,0,0,1,0,1
0.00118134,1,1,1,1,0,1,1,0,0,1,1,0,0,1,0,1
0.00118138,0,1,1,1,0,1,0,0,0,1,1,0,0,1,0,1
0.00118142,1,1,1,1,0,1,0,0,0,1,1,0,0,1,0,1
0.00118144,0,1,1,1,0,1,0,0,0,1,1,0,0,1,0,1
0.00118222,1,1,1,1,1,1,1,1,0,1,1,0,0,1,0,1
0.00118324,0,1,1,1,0,1,0,0,0,1,1,0,0,1,0,1
0.00118328,1,1,1,1,0,1,1,0,0,1,1,0,0,1,0,1
0.0011833,0,1,1,1,0,1,0,0,0,1,1,0,0,1,0,1
0.00118428,0,0,1,0,1,0,1,1,0,1,1,0,0,1,0,1
0.0011843,0,0,1,0,1,0,0,0,0,1,1,0,0,1,0,1
0.00118434,1,0,1,0,1,0,1,0,0,1,1,0,0,1,0,1
0.00118436,0,0,1,0,1,0,0,0,0,1,1,0,0,1,0,1
0.00118462,0,0,1,0,1,0,0,0,0,0,1,0,1,0,0,0
0.00118514,1,1,1,1,1,0,0,0,0,0,1,0,1,0,0,0
0.00118516,1,1,1,1,1,1,1,1,0,0,1,0,1,0,0,0
0.00118618,1,1,1,1,0,1,1,1,0,0,1,0,1,0,0,0
0.0011862,0,0,0,0,0,0,0,1,0,0,1,0,1,0,0,0
0.00118624,1,0,1,1,0,1,0,1,0,0,1,0,1,0,0,0
0.00118626,1,0,1,1,0,0,0,1,0,0,1,0,1,0,0,0
0.00118628,0,0,0,0,0,0,0,1,0,0,1,0,1,0,0,0
0.0011871,1,1,1,1,1,0,0,1,0,0,1,0,1,0,0,0
0.00118712,1,1,1,1,1,1,1,1,0,0,1,0,1,0,0,0
0.00118716,1,1,0,0,1,0,0,0,0,0,1,0,1,0,0,0
0.0011872,1,1,1,1,1,1,1,0,0,0,1,0,1,0,0,0
0.00118724,1,1,0,0,1,0,0,0,0,0,1,0,1,0,0,0
0.00118728,1,1,1,0,1,0,0,0,0,0,1,0,1,0,0,0
0.0011873,1,1,0,0,1,0,0,0,0,0,1,0,1,0,0,0
0.00118754,1,1,0,0,1,0,0,0,0,0,0,0,1,0,0,0
0.00118756,1,1,0,0,1,0,0,0,1,1,0,0,1,0,0,0
0.0011881,1,1,1,1,1,1,1,1,1,1,0,0,1,0,0,0
0.00118814,1,0,1,0,1,1,1,0,1,1,0,0,1,0,0,0
0.00118816,1,0,0,0,1,1,1,0,1,1,0,0,1,0,0,0
0.00118818,1,0,1,1,1,1,1,0,1,1,0,0,1,0,0,0
0.0011882,1,1,1,1,1,1,1,0,1,1,0,0,1,0,0,0
0.00118822,1,0,0,0,1,1,1,0,1,1,0,0,1,0,0,0
0.00118826,1,0,1,0,1,1,1,0,1,1,0,0,1,0,0,0
0.00118828,1,0,0,0,1,1,1,0,1,1,0,0,1,0,0,0
0.00118904,1,1,0,0,1,1,1,0,1,1,0,0,1,0,0,0
0.00118906,1,1,1,1,1,1,1,1,1,1,0,0,1,0,0,0
0.00118908,1,1,0,0,1,1,1,0,1,1,0,0,1,0,0,0
0.0011891,1,1,1,1,1,0,0,1,1,1,0,0,1,0,0,0
0.00118912,0,1,0,0,1,0,0,0,1,1,0,0,1,0,0,0
0.00118916,0,1,1,1,1,0,0,0,1,1,0,0,1,0,0,0
0.00118918,0,1,1,0,1,0,0,0,1,1,0,0,1,0,0,0
0.0011892,0,1,0,0,1,0,0,0,1,1,0,0,1,0,0,0
0.0011895,0,1,0,0,1,0,0,0,0,1,0,0,1,0,0,0
0.00118956,0,1,0,0,1,0,0,0,0,0,0,0,1,0,0,0
0.00118958,0,1,0,0,1,0,0,0,0,1,0,0,1,0,0,0
0.00119004,0,1,1,1,1,0,0,0,0,1,0,0,1,0,0,0
0.00119006,1,1,1,1,1,1,1,1,0,1,0,0,1,0,0,0
0.0011901,1,1,0,0,1,1,0,0,0,1,0,0,1,0,0,0
0.00119014,1,1,1,1,1,1,0,0,0,1,0,0,1,0,0,0
0.00119016,1,1,1,0,1,1,0,0,0,1,0,0,1,0,0,0
0.00119018,1,1,0,0,1,1,0,0,0,1,0,0,1,0,0,0
0.001191,1,1,1,1,1,1,0,0,0,1,0,0,1,0,0,0
0.00119102,1,1,1,0,1,1,1,1,0,1,0,0,1,0,0,0
0.00119104,1,1,1,1,1,1,1,1,0,1,0,0,1,0,0,0
0.00119108,1,0,0,0,1,0,0,0,0,1,0,0,1,0,0,0
0.00119112,1,1,1,1,1,1,1,1,0,1,0,0,1,0,0,0
0.00119114,1,0,1,1,1,0,0,0,0,1,0,0,1,0,0,0
0.00119116,1,0,0,0,1,0,0,0,0,1,0,0,1,0,0,0
0.0011912,1,0,1,1,1,0,0,0,0,1,0,0,1,0,0,0
0.00119122,1,0,1,0,1,0,0,0,0,1,0,0,1,0,0,0
0.00119124,1,0,0,0,1,0,0,0,0,1,0,0,1,0,0,0
0.00119128,1,0,1,0,1,0,0,0,0,1,0,0,1,0,0,0
0.0011913,1,0,0,0,1,0,0,0,0,1,0,0,1,0,0,0
0.00119144,1,0,0,0,1,0,0,0,0,0,0,0,1,0,0,0
0.00119146,1,0,0,0,1,0,0,0,1,0,0,0,1,0,0,0
0.00119152,1,0,0,0,1,0,0,0,0,0,0,0,0,0,0,0
0.00119154,1,0,0,0,1,0,0,0,1,0,0,0,1,0,0,0
0.00119198,1,1,1,1,1,0,0,0,1,0,0,0,1,0,0,0
0.001192,1,1,1,1,1,1,1,1,1,0,0,0,1,0,0,0
0.00119206,0,0,1,1,1,0,1,0,1,0,0,0,1,0,0,0
0.0011921,1,1,1,1,1,1,1,1,1,0,0,0,1,0,0,0
0.00119212,0,0,1,1,1,0,1,0,1,0,0,0,1,0,0,0
0.00119296,1,1,1,1,1,0,1,0,1,0,0,0,1,0,0,0
0.00119298,1,1,1,1,1,1,1,1,1,0,0,0,1,0,0,0
0.00119302,1,1,0,0,0,1,0,0,1,0,0,0,1,0,0,0
0.00119306,1,1,1,1,0,1,0,1,1,0,0,0,1,0,0,0
0.00119308,1,1,1,0,0,1,0,0,1,0,0,0,1,0,0,0
0.0011931,1,1,0,0,0,1,0,0,1,0,0,0,1,0,0,0
0.00119314,1,1,1,0,0,1,0,0,1,0,0,0,1,0,0,0
0.00119316,1,1,0,0,0,1,0,0,1,0,0,0,1,0,0,0
0.0011934,1,1,0,0,0,1,0,0,1,1,0,0,0,0,0,0
0.00119342,1,1,0,0,0,1,0,0,1,1,0,0,0,1,0,0
0.00119396,1,1,1,1,1,1,1,1,1,1,0,0,0,1,0,0
0.001194,0,0,0,0,0,0,1,0,1,1,0,0,0,1,0,0
0.00119404,0,1,1,1,0,1,1,1,1,1,0,0,0,1,0,0
0.00119406,1,1,1,1,0,1,1,1,1,1,0,0,0,1,0,0
0.00119408,0,0,1,1,0,1,1,1,1,1,0,0,0,1,0,0
0.0011941,0,0,0,0,0,0,1,0,1,1,0,0,0,1,0,0
0.00119412,0,0,1,1,0,0,1,0,1,1,0,0,0,1,0,0
0.00119414,0,0,1,1,0,1,1,0,1,1,0,0,0,1,0,0
0.00119416,0,0,1,1,0,0,1,0,1,1,0,0,0,1,0,0
0.00119468,0,0,1,0,0,0,1,0,1,1,0,0,0,1,0,0
0.0011947,0,0,1,1,0,0,1,0,1,1,0,0,0,1,0,0
0.00119472,0,0,1,0,0,0,1,0,1,1,0,0,0,1,0,0
0.00119486,0,0,0,0,0,0,1,0,1,1,0,0,0,1,0,0
0.00119488,0,0,1,0,0,0,1,0,1,1,0,0,0,1,0,0
0.0011949,1,1,1,1,0,0,1,0,1,1,0,0,0,1,0,0
0.00119492,1,1,1,1,1,1,1,1,1,1,0,0,0,1,0,0
0.00119498,0,0,0,0,0,0,0,1,1,1,0,0,0,1,0,0
0.001195,0,0,1,0,0,0,0,1,1,1,0,0,0,1,0,0
0.00119502,1,1,1,1,1,1,0,1,1,1,0,0,0,1,0,0
0.00119504,1,1,1,1,0,1,0,1,1,1,0,0,0,1,0,0
0.00119506,0,0,0,0,0,0,0,1,1,1,0,0,0,1,0,0
0.00119508,0,0,1,0,0,0,0,1,1,1,0,0,0,1,0,0
0.0011951,1,1,1,1,0,1,0,1,1,1,0,0,0,1,0,0
0.00119514,0,0,1,1,0,0,0,1,1,1,0,0,0,1,0,0
0.00119518,0,0,1,1,0,1,0,1,1,1,0,0,0,1,0,0
0.00119522,0,0,1,1,0,0,0,1,1,1,0,0,0,1,0,0
0.0011955,0,0,1,0,0,0,0,1,1,1,0,0,0,1,0,0
0.00119552,0,0,1,1,0,0,0,1,1,1,0,0,0,1,0,0
0.00119554,0,0,1,0,0,0,0,1,1,1,0,0,0,1,0,0
0.00119586,0,0,0,0,0,0,0,1,1,1,0,0,0,1,0,0
0.00119588,1,1,0,1,0,0,0,1,1,1,0,0,0,1,0,0
0.0011959,0,0,1,1,1,1,1,1,1,1,0,0,0,1,0,0
0.00119592,1,1,1,1,1,1,1,1,1,1,0,0,0,1,0,0
0.00119596,0,1,1,1,0,1,0,0,1,1,0,0,0,1,0,0
0.001196,1,1,1,1,0,1,0,0,1,1,0,0,0,1,0,0
0.00119602,0,1,1,1,0,1,0,0,1,1,0,0,0,1,0,0
0.00119686,1,1,1,1,1,1,1,1,1,1,0,0,0,1,0,0
0.00119688,0,1,1,1,0,1,0,0,1,1,0,0,0,1,0,0
0.00119692,1,1,1,1,1,1,0,1,1,1,0,0,0,1,0,0
0.00119694,1,1,0,0,1,1,1,1,1,1,0,0,0,1,0,0
0.00119696,1,1,0,0,0,1,0,1,1,1,0,0,0,1,0,0
0.00119698,1,0,0,0,0,0,0,1,1,1,0,0,0,1,0,0
0.00119702,1,0,1,1,0,0,0,1,1,1,0,0,0,1,0,0
0.00119704,1,0,0,0,0,0,0,1,1,1,0,0,0,1,0,0
0.0011973,1,0,0,0,0,0,0,1,1,0,0,0,0,0,0,0
0.00119732,1,0,0,0,0,0,0,1,1,0,0,0,0,0,0,1
0.00119784,1,1,1,1,0,1,0,1,1,0,0,0,0,0,0,1
0.00119786,1,1,1,1,1,1,1,0,1,0,0,0,0,0,0,1
0.00119788,0,1,1,1,0,1,0,0,1,0,0,0,0,0,0,1
0.00119888,1,1,1,1,1,1,1,1,1,0,0,0,0,0,0,1
0.00119892,0,1,0,0,1,0,1,1,1,0,0,0,0,0,0,1
0.00119898,0,1,1,1,1,1,1,1,1,0,0,0,0,0,0,1
0.001199,0,1,0,0,1,0,1,1,1,0,0,0,0,0,0,1
0.00119926,0,1,0,0,1,0,1,1,0,1,0,0,1,0,1,1
0.00119978,1,1,1,1,1,0,1,1,0,1,0,0,1,0,1,1
0.0011998,1,1,1,1,1,1,1,1,0,1,0,0,1,0,1,1
0.00119986,0,1,1,1,0,1,0,0,0,1,0,0,1,0,1,1
0.0011999,1,1,1,1,0,1,0,0,0,1,0,0,1,0,1,1
0.00119992,0,1,1,1,0,1,0,0,0,1,0,0,1,0,1,1
0.00120078,1,1,1,1,0,1,1,1,0,1,0,0,1,0,1,1
0.0012008,1,1,1,1,1,1,1,1,0,1,0,0,1,0,1,1
0.00120174,0,0,0,0,0,0,0,0,0,1,0,0,1,0,1,1
0.00120178,1,0,1,0,0,0,0,0,0,1,0,0,1,0,1,1
0.0012018,0,0,0,0,0,0,0,0,0,1,0,0,1,0,1,1
0.0012027,1,1,1,0,0,0,0,0,0,1,0,0,1,0,1,1
0.00120272,0,0,0,0,0,0,0,0,0,1,0,0,1,0,1,1
0.00120274,0,0,1,0,0,0,0,0,0,1,0,0,1,0,1,1
0.00120276,0,1,1,1,0,1,0,0,0,1,0,0,1,0,1,1
0.00120278,1,1,1,1,1,1,1,1,0,1,0,0,1,0,1,1
0.00120284,0,1,0,0,1,1,0,0,0,1,0,0,1,0,1,1
0.00120288,1,1,1,1,1,1,1,1,0,1,0,0,1,0,1,1
0.0012029,0,1,0,0,1,1,0,0,0,1,0,0,1,0,1,1
0.00120296,0,1,1,0,1,1,0,0,0,1,0,0,1,0,1,1
0.00120298,0,1,0,0,1,1,0,0,0,1,0,0,1,0,1,1
0.00120316,0,1,0,0,1,1,0,0,0,1,0,0,1,0,0,0
0.00120318,0,1,0,0,1,1,0,0,0,1,0,0,1,1,0,0
0.00120368,0,1,0,1,1,1,0,0,0,1,0,0,1,1,0,0
0.0012037,1,1,1,1,1,1,1,1,0,1,0,0,1,1,0,0
0.00120376,1,1,1,1,1,0,1,1,0,1,0,0,1,1,0,0
0.00120378,1,0,0,0,1,0,0,0,0,1,0,0,1,1,0,0
0.0012038,1,0,1,0,1,0,0,0,0,1,0,0,1,1,0,0
0.00120382,1,1,1,1,1,1,1,1,0,1,0,0,1,1,0,0
0.00120384,1,0,1,1,1,0,0,0,0,1,0,0,1,1,0,0
0.00120386,1,0,0,0,1,0,0,0,0,1,0,0,1,1,0,0
0.00120388,1,0,1,0,1,0,0,0,0,1,0,0,1,1,0,0
0.00120418,1,0,0,0,1,0,0,0,0,1,0,0,1,1,0,0
0.0012042,1,0,1,0,1,0,0,0,0,1,0,0,1,1,0,0
0.00120426,1,0,0,0,1,0,0,0,0,1,0,0,1,1,0,0
0.0012043,1,0,1,0,1,0,0,0,0,1,0,0,1,1,0,0
0.00120432,1,0,0,0,1,0,0,0,0,1,0,0,1,1,0,0
0.00120466,1,1,0,1,1,0,0,0,0,1,0,0,1,1,0,0
0.00120468,1,1,1,1,1,1,1,1,0,1,0,0,1,1,0,0
0.00120472,1,1,0,1,0,0,0,0,0,1,0,0,1,1,0,0
0.00120476,1,1,1,1,0,0,0,0,0,1,0,0,1,1,0,0
0.00120478,1,1,1,1,0,1,1,0,0,1,0,0,1,1,0,0
0.0012048,1,1,0,1,0,0,0,0,0,1,0,0,1,1,0,0
0.00120484,1,1,1,1,0,0,0,0,0,1,0,0,1,1,0,0
0.00120486,1,1,0,1,0,0,0,0,0,1,0,0,1,1,0,0
0.00120566,1,1,1,1,1,1,1,1,0,1,0,0,1,1,0,0
0.00120668,0,0,0,1,1,0,1,0,0,1,0,0,1,1,0,0
0.0012067,1,1,1,1,1,1,1,1,0,1,0,0,1,1,0,0
0.00120674,0,1,1,1,1,1,1,1,0,1,0,0,1,1,0,0
0.00120676,0,1,1,0,0,1,0,1,0,1,0,0,1,1,0,0
0.00120706,0,1,1,0,0,1,0,1,0,1,0,0,0,1,0,0
0.00120708,0,1,1,0,0,1,0,1,0,1,1,0,0,1,0,1
0.00120762,1,1,1,1,1,1,1,1,0,1,1,0,0,1,0,1
0.00120766,0,0,0,0,0,0,1,0,0,1,1,0,0,1,0,1
0.00120772,0,1,1,1,0,1,1,1,0,1,1,0,0,1,0,1
0.00120776,0,0,0,0,0,0,1,0,0,1,1,0,0,1,0,1
0.0012078,0,0,0,0,0,1,1,1,0,1,1,0,0,1,0,1
0.00120784,0,0,0,0,0,0,1,0,0,1,1,0,0,1,0,1
0.00120788,0,0,0,0,0,1,1,0,0,1,1,0,0,1,0,1
0.00120792,0,0,0,0,0,0,1,0,0,1,1,0,0,1,0,1
0.00120794,0,0,0,0,0,1,1,0,0,1,1,0,0,1,0,1
0.00120798,0,0,0,0,0,0,1,0,0,1,1,0,0,1,0,1
0.00120802,0,0,0,0,0,1,1,0,0,1,1,0,0,1,0,1
0.00120808,0,0,0,0,0,0,1,0,0,1,1,0,0,1,0,1
0.00120856,0,0,1,0,0,0,1,0,0,1,1,0,0,1,0,1
0.00120858,1,1,1,1,1,1,1,0,0,1,1,0,0,1,0,1
0.0012086,1,1,1,1,1,1,1,1,0,1,1,0,0,1,0,1
0.00120866,0,0,0,0,0,0,0,1,0,1,1,0,0,1,0,1
0.00120868,0,0,0,0,0,1,0,1,0,1,1,0,0,1,0,1
0.0012087,1,1,1,1,1,1,0,1,0,1,1,0,0,1,0,1
0.00120872,0,1,1,1,0,1,0,1,0,1,1,0,0,1,0,1
0.00120874,0,0,0,0,0,0,0,1,0,1,1,0,0,1,0,1
0.00120878,0,1,1,1,0,1,0,1,0,1,1,0,0,1,0,1
0.0012088,0,0,1,0,0,1,0,1,0,1,1,0,0,1,0,1
0.00120882,0,0,0,0,0,0,0,1,0,1,1,0,0,1,0,1
0.00120886,0,0,1,0,0,1,0,1,0,1,1,0,0,1,0,1
0.00120888,0,0,0,0,0,0,0,1,0,1,1,0,0,1,0,1
0.00120954,0,0,1,1,0,0,0,1,0,1,1,0,0,1,0,1
0.00120956,0,1,1,1,1,1,0,1,0,1,1,0,0,1,0,1
0.00120958,0,1,1,1,1,1,1,1,0,1,1,0,0,1,0,1
0.0012096,1,1,1,1,0,1,1,1,0,1,1,0,0,1,0,1
0.00120962,0,1,1,1,0,1,0,0,0,1,1,0,0,1,0,1
0.00120966,1,1,1,1,0,1,1,1,0,1,1,0,0,1,0,1
0.00120968,0,1,1,1,0,1,0,0,0,1,1,0,0,1,0,1
0.00121054,1,1,1,1,1,1,1,1,0,1,1,0,0,1,0,1
0.00121156,0,1,1,1,0,1,0,0,0,1,1,0,0,1,0,1
0.0012116,1,1,1,1,0,1,1,1,0,1,1,0,0,1,0,1
0.00121162,0,1,1,1,0,1,0,0,0,1,1,0,0,1,0,1
0.00121258,1,1,1,1,0,1,0,0,0,1,1,0,0,1,0,1
0.0012126,0,0,1,0,1,0,0,0,0,1,1,0,0,1,0,1
0.00121292,0,0,1,0,1,0,0,0,0,0,1,0,0,0,0,0
0.00121294,0,0,1,0,1,0,0,0,0,0,1,0,1,0,0,0
0.001213,0,0,1,0,1,0,0,0,0,0,0,0,1,0,0,0
0.00121302,0,0,1,0,1,0,0,0,0,0,1,0,1,0,0,0
0.00121346,0,0,1,1,1,0,0,0,0,0,1,0,1,0,0,0
0.00121348,1,1,1,1,1,1,1,1,0,0,1,0,1,0,0,0
0.0012145,0,0,0,0,0,1,1,1,0,0,1,0,1,0,0,0
0.00121452,0,0,0,0,0,0,0,1,0,0,1,0,1,0,0,0
0.00121456,1,1,1,1,0,1,0,1,0,0,1,0,1,0,0,0
0.00121458,0,0,1,1,0,0,0,1,0,0,1,0,1,0,0,0
0.0012146,0,0,0,0,0,0,0,1,0,0,1,0,1,0,0,0
0.0012154,1,1,0,0,0,0,0,1,0,0,1,0,1,0,0,0
0.00121542,1,1,1,1,0,0,0,1,0,0,1,0,1,0,0,0
0.00121544,1,1,1,1,1,1,1,1,0,0,1,0,1,0,0,0
0.00121548,1,1,0,0,1,0,0,0,0,0,1,0,1,0,0,0
0.00121552,1,1,1,1,1,1,1,0,0,0,1,0,1,0,0,0
0.00121554,1,1,1,0,1,0,0,0,0,0,1,0,1,0,0,0
0.00121556,1,1,0,0,1,0,0,0,0,0,1,0,1,0,0,0
0.00121558,1,1,1,0,1,0,0,0,0,0,1,0,1,0,0,0
0.0012156,1,1,1,1,1,1,0,0,0,0,1,0,1,0,0,0
0.00121562,1,1,1,0,1,0,0,0,0,0,1,0,1,0,0,0
0.00121564,1,1,0,0,1,0,0,0,0,0,1,0,1,0,0,0
0.00121566,1,1,1,0,1,0,0,0,0,0,1,0,1,0,0,0
0.00121572,1,1,0,0,1,0,0,0,0,0,1,0,1,0,0,0
0.00121574,1,1,1,0,1,0,0,0,0,0,1,0,1,0,0,0
0.00121578,1,1,0,0,1,0,0,0,0,0,1,0,1,0,0,0
0.00121582,1,1,1,0,1,0,0,0,0,0,1,0,1,0,0,0
0.00121584,1,1,0,0,1,0,0,0,0,0,1,0,1,0,0,0
0.00121586,1,1,0,0,1,0,0,0,1,1,0,0,1,0,0,0
0.0012159,1,1,1,0,1,0,0,0,1,1,0,0,1,0,0,0
0.00121592,1,1,1,0,1,0,0,0,0,0,0,0,0,0,0,0
0.00121594,1,1,0,0,1,0,0,0,1,1,0,0,1,0,0,0
0.00121598,1,1,1,0,1,0,0,0,1,1,0,0,1,0,0,0
0.001216,1,1,0,0,1,0,0,0,1,1,0,0,1,0,0,0
0.0012164,1,1,1,1,1,1,1,0,1,1,0,0,1,0,0,0
0.00121642,1,1,1,1,1,1,1,1,1,1,0,0,1,0,0,0
0.00121646,1,0,0,0,1,1,1,0,1,1,0,0,1,0,0,0
0.0012165,1,1,1,1,1,1,1,1,1,1,0,0,1,0,0,0
0.00121652,1,0,1,0,1,1,1,0,1,1,0,0,1,0,0,0
0.00121654,1,0,0,0,1,1,1,0,1,1,0,0,1,0,0,0
0.00121658,1,0,1,1,1,1,1,0,1,1,0,0,1,0,0,0
0.0012166,1,0,0,0,1,1,1,0,1,1,0,0,1,0,0,0
0.00121736,1,1,1,1,1,1,1,0,1,1,0,0,1,0,0,0
0.00121738,1,1,1,1,1,1,1,1,1,1,0,0,1,0,0,0
0.00121744,0,1,0,0,1,0,0,0,1,1,0,0,1,0,0,0
0.00121748,1,1,1,1,1,1,1,1,1,1,0,0,1,0,0,0
0.0012175,0,1,1,1,1,0,0,0,1,1,0,0,1,0,0,0
0.00121752,0,1,0,0,1,0,0,0,1,1,0,0,1,0,0,0
0.00121756,0,1,1,1,1,0,0,0,1,1,0,0,1,0,0,0
0.00121758,0,1,1,0,1,0,0,0,1,1,0,0,1,0,0,0
0.0012176,0,1,0,0,1,0,0,0,1,1,0,0,1,0,0,0
0.00121764,0,1,1,0,1,0,0,0,1,1,0,0,1,0,0,0
0.00121766,0,1,0,0,1,0,0,0,1,1,0,0,1,0,0,0
0.0012178,0,1,1,0,1,0,0,0,0,1,0,0,1,0,0,0
0.00121782,0,1,0,0,1,0,0,0,0,1,0,0,1,0,0,0
0.00121788,0,1,0,0,1,0,0,0,0,0,0,0,0,0,0,0
0.0012179,0,1,0,0,1,0,0,0,0,1,0,0,1,0,0,0
0.00121834,1,1,1,1,1,0,0,0,0,1,0,0,1,0,0,0
0.00121836,1,1,1,1,1,1,1,0,0,1,0,0,1,0,0,0
0.00121838,1,1,1,1,1,1,1,1,0,1,0,0,1,0,0,0
0.00121842,1,1,0,0,1,1,0,0,0,1,0,0,1,0,0,0
0.00121846,1,1,1,1,1,1,1,1,0,1,0,0,1,0,0,0
0.00121848,1,1,0,0,1,1,0,0,0,1,0,0,1,0,0,0
0.00121932,1,1,0,0,1,1,1,0,0,1,0,0,1,0,0,0
0.00121934,1,1,1,1,1,1,1,1,0,1,0,0,1,0,0,0
0.00121938,1,0,0,0,1,0,0,0,0,1,0,0,1,0,0,0
0.00121942,1,0,1,1,1,1,1,0,0,1,0,0,1,0,0,0
0.00121944,1,1,1,1,1,1,1,0,0,1,0,0,1,0,0,0
0.00121946,1,0,0,0,1,0,0,0,0,1,0,0,1,0,0,0
0.0012195,1,0,1,1,1,0,0,0,0,1,0,0,1,0,0,0
0.00121952,1,0,1,0,1,0,0,0,0,1,0,0,1,0,0,0
0.00121954,1,0,0,0,1,0,0,0,0,1,0,0,1,0,0,0
0.00121976,1,0,0,0,1,0,0,0,0,0,0,0,1,0,0,0
0.00121978,1,0,0,0,1,0,0,0,1,0,0,0,1,0,0,0
0.00122028,1,1,1,1,1,0,0,0,1,0,0,0,1,0,0,0
0.0012203,1,1,1,1,1,1,1,1,1,0,0,0,1,0,0,0
0.00122036,0,0,1,1,1,0,1,0,1,0,0,0,1,0,0,0
0.0012204,1,1,1,1,1,1,1,1,1,0,0,0,1,0,0,0
0.00122042,0,1,1,1,1,1,1,0,1,0,0,0,1,0,0,0
0.00122044,0,0,1,1,1,0,1,0,1,0,0,0,1,0,0,0
0.00122126,0,1,1,1,1,0,1,0,1,0,0,0,1,0,0,0
0.00122128,1,1,1,1,1,1,1,1,1,0,0,0,1,0,0,0
0.0012213,0,1,1,1,1,1,1,1,1,0,0,0,1,0,0,0
0.00122132,1,1,1,1,1,1,1,1,1,0,0,0,1,0,0,0
0.00122134,0,0,1,0,0,1,0,0,1,0,0,0,1,0,0,0
0.00122138,1,1,1,1,0,1,1,1,1,0,0,0,1,0,0,0
0.0012214,1,1,1,1,0,1,0,0,1,0,0,0,1,0,0,0
0.00122142,0,0,1,0,0,1,0,0,1,0,0,0,1,0,0,0
0.00122146,0,1,1,0,0,1,0,0,1,0,0,0,1,0,0,0
0.00122148,0,0,1,0,0,1,0,0,1,0,0,0,1,0,0,0
0.00122172,0,0,1,0,0,1,0,0,0,0,1,0,0,1,0,0
0.0012218,0,0,1,1,1,1,1,0,0,0,1,0,0,1,0,0
0.00122182,1,1,1,1,1,1,1,1,0,0,1,1,1,1,1,0
0.00122184,0,0,1,0,0,1,0,0,0,0,1,0,0,1,0,0
0.00122188,1,1,1,1,0,1,1,0,0,0,1,0,0,1,0,0
0.00122192,0,0,1,0,0,1,0,0,0,0,1,0,0,1,0,0
0.00122224,0,1,1,1,0,1,0,0,0,0,1,0,0,1,0,0
0.00122226,1,1,1,1,1,1,1,1,0,0,1,0,0,1,0,0
0.00122232,0,0,0,0,0,0,1,0,0,0,1,0,0,1,0,0
0.00122236,1,1,0,1,0,1,1,1,0,0,1,0,0,1,0,0
0.00122238,1,1,1,1,1,1,1,1,0,0,1,0,0,1,0,0
0.0012224,1,0,0,1,0,0,1,0,0,0,1,0,0,1,0,0
0.00122242,0,0,0,0,0,0,1,0,0,0,1,0,0,1,0,0
0.00122244,1,1,0,1,0,1,1,0,0,0,1,0,0,1,0,0
0.00122246,1,1,1,1,0,1,1,0,0,0,1,0,0,1,0,0
0.00122248,0,0,0,1,0,0,1,0,0,0,1,0,0,1,0,0
0.00122272,0,0,0,0,0,0,1,0,0,0,1,0,0,1,0,0
0.00122274,0,0,0,1,0,0,1,0,0,0,1,0,0,1,0,0
0.0012228,0,0,0,0,0,0,1,0,0,0,1,0,0,1,0,0
0.00122282,0,0,0,1,0,0,1,0,0,0,1,0,0,1,0,0
0.00122284,0,0,0,0,0,0,1,0,0,0,1,0,0,1,0,0
0.00122286,0,0,0,1,0,0,1,0,0,0,1,0,0,1,0,0
0.00122288,0,0,0,0,0,0,1,0,0,0,1,0,0,1,0,0
0.00122322,1,1,1,1,0,0,1,1,0,0,1,0,0,1,0,0
0.00122324,1,1,1,1,1,1,1,1,0,0,1,0,0,1,0,0
0.00122328,0,0,0,0,0,0,0,1,0,0,1,0,0,1,0,0
0.00122332,1,1,1,1,0,1,1,1,0,0,1,0,0,1,0,0
0.00122334,1,1,1,1,1,1,1,1,0,0,1,0,0,1,0,0
0.00122336,1,1,1,1,0,1,0,1,0,0,1,0,0,1,0,0
0.00122338,0,0,0,0,0,0,0,1,0,0,1,0,0,1,0,0
0.0012234,1,1,1,1,0,1,0,1,0,0,1,0,0,1,0,0
0.00122344,0,0,1,1,0,1,0,1,0,0,1,0,0,1,0,0
0.00122346,0,0,1,0,0,1,0,1,0,0,1,0,0,1,0,0
0.00122348,0,0,1,1,0,1,0,1,0,0,1,0,0,1,0,0
0.00122362,0,0,1,0,0,1,0,1,0,0,1,0,0,1,0,0
0.00122364,0,0,1,1,0,1,0,1,0,0,1,0,0,1,0,0
0.00122368,0,0,1,0,0,1,0,1,0,0,1,0,0,1,0,0
0.0012237,0,0,0,0,0,1,0,1,0,0,1,0,0,1,0,0
0.00122372,0,0,1,0,0,1,0,1,0,0,1,0,0,1,0,0
0.0012238,0,0,0,0,0,1,0,1,0,0,1,0,0,1,0,0
0.00122384,0,0,1,0,0,1,0,1,0,0,1,0,0,1,0,0
0.00122386,0,0,0,0,0,0,0,1,0,0,1,0,0,1,0,0
0.00122422,1,1,1,1,1,1,1,1,0,0,1,0,0,1,0,0
0.00122426,1,1,1,1,1,1,1,0,0,0,1,0,0,1,0,0
0.00122428,0,1,1,1,0,1,0,0,0,0,1,0,0,1,0,0
0.00122432,1,1,1,1,1,1,1,1,0,0,1,0,0,1,0,0
0.00122434,0,1,1,1,0,1,0,0,0,0,1,0,0,1,0,0
0.00122516,0,1,1,1,1,1,1,0,0,0,1,0,0,1,0,0
0.00122518,1,1,1,1,0,1,1,0,0,0,1,0,0,1,0,0
0.0012252,0,1,1,1,0,1,0,0,0,0,1,0,0,1,0,0
0.00122524,1,1,1,1,1,1,1,1,0,0,1,0,0,1,0,0
0.00122528,1,1,0,0,1,0,1,1,0,0,1,0,0,1,0,0
0.0012253,0,1,0,0,0,0,0,1,0,0,1,0,0,1,0,0
0.00122532,1,1,1,0,0,1,1,1,0,0,1,0,0,1,0,0
0.00122534,1,1,1,1,1,1,1,1,0,0,1,0,0,1,0,0
0.00122536,1,1,1,1,0,0,1,1,0,0,1,0,0,1,0,0
0.00122538,0,1,0,0,0,0,0,1,0,0,1,0,0,1,0,0
0.0012254,1,1,1,0,0,0,0,1,0,0,1,0,0,1,0,0
0.00122542,1,1,1,1,0,0,1,1,0,0,1,0,0,1,0,0
0.00122544,1,1,1,1,0,0,0,1,0,0,1,0,0,1,0,0
0.00122546,0,1,1,0,0,0,0,1,0,0,1,0,0,1,0,0
0.00122548,1,1,1,0,0,0,0,1,0,0,1,0,0,1,0,0
0.0012255,1,1,1,1,0,0,0,1,0,0,1,0,0,1,0,0
0.00122552,1,1,1,0,0,0,0,1,0,0,1,0,0,1,0,0
0.00122556,0,1,1,0,0,0,0,1,0,0,1,0,0,1,0,0
0.0012256,1,1,1,0,0,0,0,1,0,0,1,0,0,1,0,0
0.00122562,1,1,1,1,0,0,0,1,0,0,0,0,0,0,0,0
0.00122564,0,1,1,0,0,0,0,1,0,1,0,0,0,0,0,1
0.00122568,1,1,1,1,0,0,0,1,0,1,0,0,0,0,0,1
0.0012257,0,1,1,1,0,1,0,1,0,1,0,0,0,0,0,1
0.00122572,1,1,1,1,1,1,1,1,0,1,1,1,0,1,0,1
0.00122574,0,1,0,0,0,0,0,1,0,1,0,0,0,0,0,1
0.00122578,1,1,1,1,0,1,1,1,0,1,0,0,0,0,0,1
0.0012258,1,1,1,1,1,1,1,1,0,1,0,0,0,0,0,1
0.00122582,0,1,1,0,0,0,0,1,0,1,0,0,0,0,0,1
0.00122584,0,1,0,0,0,0,0,1,0,1,0,0,0,0,0,1
0.00122586,1,1,1,1,0,0,0,1,0,1,0,0,0,0,0,1
0.0012259,0,1,1,0,0,0,0,1,0,1,0,0,0,0,0,1
0.00122614,0,1,1,1,0,0,0,1,0,1,0,0,0,0,0,1
0.00122616,1,1,1,1,1,1,1,1,0,1,0,0,0,0,0,1
0.00122618,1,1,1,1,0,1,0,0,0,1,0,0,0,0,0,1
0.0012262,0,1,1,1,0,1,0,0,0,1,0,0,0,0,0,1
0.00122622,1,1,1,1,0,1,0,0,0,1,0,0,0,0,0,1
0.00122626,0,1,1,1,0,1,0,0,0,1,0,0,0,0,0,1
0.00122718,1,1,1,1,1,1,1,1,0,1,0,0,0,0,0,1
0.00122724,0,1,0,0,1,0,1,1,0,1,0,0,0,0,0,1
0.00122728,1,1,1,1,1,1,1,1,0,1,0,0,0,0,0,1
0.0012273,0,1,1,0,1,1,1,1,0,1,0,0,0,0,0,1
0.00122732,0,1,0,0,1,0,1,1,0,1,0,0,0,0,0,1
0.00122758,0,1,0,0,1,0,1,1,0,1,0,0,1,0,1,1
0.00122812,0,1,1,1,1,1,1,1,0,1,0,0,1,0,1,1
0.00122814,1,1,1,1,1,1,1,1,0,1,0,0,1,0,1,1
0.00122818,0,1,1,1,0,1,0,0,0,1,0,0,1,0,1,1
0.00122822,1,1,1,1,0,1,0,0,0,1,0,0,1,0,1,1
0.00122824,0,1,1,1,0,1,0,0,0,1,0,0,1,0,1,1
0.0012291,1,1,1,1,0,1,1,0,0,1,0,0,1,0,1,1
0.00122912,1,1,1,1,1,1,1,1,0,1,0,0,1,0,1,1
0.00123006,0,0,0,0,0,0,0,0,0,1,0,0,1,0,1,1
0.0012301,1,0,1,0,0,0,0,0,0,1,0,0,1,0,1,1
0.00123012,0,0,0,0,0,0,0,0,0,1,0,0,1,0,1,1
0.00123102,1,1,1,0,0,0,0,0,0,1,0,0,1,0,1,1
0.00123104,0,0,0,0,0,0,0,0,0,1,0,0,1,0,1,1
0.00123106,0,1,1,1,0,1,0,0,0,1,0,0,1,0,1,1
0.00123108,1,1,1,1,1,1,0,1,0,1,0,0,1,0,1,1
0.00123112,0,1,1,1,1,1,0,0,0,1,0,0,1,0,1,1
0.00123114,0,1,0,0,1,1,0,1,0,1,0,0,1,0,1,1
0.00123116,0,1,0,0,1,1,0,0,0,1,0,0,1,0,1,1
0.0012312,1,1,1,0,1,1,0,0,0,1,0,0,1,0,1,1
0.00123122,0,1,0,0,1,1,0,0,0,1,0,0,1,0,1,1
0.00123148,0,1,0,0,1,1,0,0,0,1,0,0,1,0,0,0
0.0012315,0,1,0,0,1,1,0,0,0,1,0,0,1,1,0,0
0.00123202,1,1,1,1,1,1,0,0,0,1,0,0,1,1,0,0
0.00123204,1,1,1,1,1,1,1,1,0,1,0,0,1,1,0,0
0.00123208,1,1,1,1,1,0,1,1,0,1,0,0,1,1,0,0
0.0012321,0,0,1,0,1,0,0,0,0,1,0,0,1,1,0,0
0.00123214,1,1,1,1,1,1,1,1,0,1,0,0,1,1,0,0
0.00123216,0,0,1,0,1,0,0,0,0,1,0,0,1,1,0,0
0.00123298,1,1,1,1,1,0,0,0,0,1,0,0,1,1,0,0
0.001233,1,1,1,1,1,1,1,1,0,1,0,0,1,1,0,0
0.00123304,1,1,1,1,0,0,0,0,0,1,0,0,1,1,0,0
0.00123306,1,1,0,1,0,0,0,0,0,1,0,0,1,1,0,0
0.0012331,1,1,1,1,0,1,1,1,0,1,0,0,1,1,0,0
0.00123312,1,1,0,1,0,0,0,0,0,1,0,0,1,1,0,0
0.00123398,1,1,1,1,1,1,1,1,0,1,0,0,1,1,0,0
0.00123498,0,0,1,1,1,0,1,0,0,1,0,0,1,1,0,0
0.001235,0,0,0,1,1,0,1,0,0,1,0,0,1,1,0,0
0.00123502,1,1,1,1,1,1,1,1,0,1,0,0,1,1,0,0
0.00123506,0,1,1,1,0,1,1,1,0,1,0,0,1,1,0,0
0.00123508,0,1,1,0,0,1,0,1,0,1,0,0,1,1,0,0
0.00123538,0,1,1,0,0,1,0,1,0,1,0,0,0,1,0,0
0.0012354,0,1,1,0,0,1,0,1,0,1,1,0,0,1,0,1
0.00123594,1,1,1,1,1,1,1,1,0,1,1,0,0,1,0,1
0.00123598,0,0,0,0,0,0,1,0,0,1,1,0,0,1,0,1
0.00123602,0,0,1,0,0,1,1,0,0,1,1,0,0,1,0,1
0.00123604,1,1,1,1,0,1,1,1,0,1,1,0,0,1,0,1
0.00123606,0,0,0,0,0,0,1,0,0,1,1,0,0,1,0,1
0.0012361,0,0,1,0,0,0,1,0,0,1,1,0,0,1,0,1
0.00123612,0,0,1,0,0,1,1,0,0,1,1,0,0,1,0,1
0.00123614,0,0,0,0,0,0,1,0,0,1,1,0,0,1,0,1
0.0012362,0,0,1,0,0,0,1,0,0,1,1,0,0,1,0,1
0.00123622,0,0,0,0,0,0,1,0,0,1,1,0,0,1,0,1
0.00123636,0,0,1,0,0,0,1,0,0,1,1,0,0,1,0,1
0.00123638,0,0,0,0,0,0,1,0,0,1,1,0,0,1,0,1
0.00123642,0,0,1,0,0,0,1,0,0,1,1,0,0,1,0,1
0.00123644,0,0,0,0,0,0,1,0,0,1,1,0,0,1,0,1
0.00123688,0,0,1,0,0,0,1,0,0,1,1,0,0,1,0,1
0.0012369,1,1,1,1,1,1,1,1,0,1,1,0,0,1,0,1
0.00123696,0,0,0,0,0,0,0,1,0,1,1,0,0,1,0,1
0.001237,1,1,1,1,0,1,0,1,0,1,1,0,0,1,0,1
0.00123704,0,0,1,0,0,0,0,1,0,1,1,0,0,1,0,1
0.00123706,0,0,0,0,0,0,0,1,0,1,1,0,0,1,0,1
0.00123708,0,1,1,1,0,1,0,1,0,1,1,0,0,1,0,1
0.0012371,1,1,1,1,0,0,0,1,0,1,1,0,0,1,0,1
0.00123712,0,1,1,0,0,0,0,1,0,1,1,0,0,1,0,1
0.00123714,0,0,1,0,0,0,0,1,0,1,1,0,0,1,0,1
0.00123718,0,1,1,0,0,0,0,1,0,1,1,0,0,1,0,1
0.0012372,0,0,1,0,0,0,0,1,0,1,1,0,0,1,0,1
0.00123764,0,0,0,0,0,0,0,1,0,1,1,0,0,1,0,1
0.00123766,0,0,1,0,0,0,0,1,0,1,1,0,0,1,0,1
0.00123768,0,0,0,0,0,0,0,1,0,1,1,0,0,1,0,1
0.0012377,0,0,1,0,0,0,0,1,0,1,1,0,0,1,0,1
0.00123772,0,0,0,0,0,0,0,1,0,1,1,0,0,1,0,1
0.00123776,0,0,1,0,0,0,0,1,0,1,1,0,0,1,0,1
0.00123782,0,0,0,0,0,0,0,1,0,1,1,0,0,1,0,1
0.00123784,0,0,1,0,0,0,0,1,0,1,1,0,0,1,0,1
0.00123786,1,1,1,1,0,0,0,1,0,1,1,0,0,1,0,1
0.00123788,1,1,1,1,1,1,1,1,0,1,1,0,0,1,0,1
0.00123792,1,1,1,1,1,1,1,0,0,1,1,0,0,1,0,1
0.00123794,0,1,1,1,0,1,0,0,0,1,1,0,0,1,0,1
0.00123798,1,1,1,1,1,1,1,1,0,1,1,0,0,1,0,1
0.001238,0,1,1,1,0,1,0,0,0,1,1,0,0,1,0,1
0.00123804,1,1,1,1,0,1,0,0,0,1,1,0,0,1,0,1
0.00123806,0,1,1,1,0,1,0,0,0,1,1,0,0,1,0,1
0.00123884,1,1,1,1,0,1,0,0,0,1,1,0,0,1,0,1
0.00123886,1,1,1,1,1,1,1,1,0,1,1,0,0,1,0,1
0.00123988,0,1,1,1,0,1,0,0,0,1,1,0,0,1,0,1
0.00123992,1,1,1,1,0,1,1,1,0,1,1,0,0,1,0,1
0.00123994,0,1,1,1,0,1,0,0,0,1,1,0,0,1,0,1
0.0012409,1,1,1,1,1,1,1,1,0,1,1,0,0,1,0,1
0.00124092,0,0,1,0,1,0,0,0,0,1,1,0,0,1,0,1
0.00124096,1,0,1,0,1,0,1,0,0,1,1,0,0,1,0,1
0.00124098,0,0,1,0,1,0,0,0,0,1,1,0,0,1,0,1
0.00124124,0,0,1,0,1,0,0,0,0,0,1,0,0,0,0,0
0.00124126,0,0,1,0,1,0,0,0,0,0,1,0,1,0,0,0
0.00124176,1,0,1,0,1,0,0,0,0,0,1,0,1,0,0,0
0.00124178,1,1,1,0,1,1,1,1,0,0,1,0,1,0,0,0
0.0012418,1,1,1,1,1,1,1,1,0,0,1,0,1,0,0,0
0.00124282,0,0,0,0,0,0,0,1,0,0,1,0,1,0,0,0
0.00124288,1,1,1,1,0,0,0,1,0,0,1,0,1,0,0,0
0.0012429,0,0,0,0,0,0,0,1,0,0,1,0,1,0,0,0
0.00124372,1,1,1,1,0,0,0,1,0,0,1,0,1,0,0,0
0.00124374,1,1,1,1,1,1,1,1,0,0,1,0,1,0,0,0
0.00124378,1,1,1,1,1,1,1,0,0,0,1,0,1,0,0,0
0.0012438,1,1,0,0,1,0,0,0,0,0,1,0,1,0,0,0
0.00124384,1,1,1,1,1,1,1,0,0,0,1,0,1,0,0,0
0.00124386,1,1,1,0,1,0,0,0,0,0,1,0,1,0,0,0
0.00124388,1,1,0,0,1,0,0,0,0,0,1,0,1,0,0,0
0.00124392,1,1,1,0,1,0,0,0,0,0,1,0,1,0,0,0
0.00124394,1,1,0,0,1,0,0,0,0,0,1,0,1,0,0,0
0.00124416,1,1,0,0,1,0,0,0,0,0,0,0,1,0,0,0
0.00124418,1,1,0,0,1,0,0,0,1,1,0,0,1,0,0,0
0.00124424,1,1,0,0,1,0,0,0,0,0,0,0,0,0,0,0
0.00124426,1,1,0,0,1,0,0,0,1,1,0,0,1,0,0,0
0.0012447,1,1,1,1,1,0,0,0,1,1,0,0,1,0,0,0
0.00124472,1,1,0,0,1,1,1,1,1,1,0,0,1,0,0,0
0.00124474,1,1,1,1,1,1,1,1,1,1,0,0,1,0,0,0
0.00124478,1,0,0,0,1,1,1,0,1,1,0,0,1,0,0,0
0.00124482,1,1,1,1,1,1,1,0,1,1,0,0,1,0,0,0
0.00124484,1,0,0,0,1,1,1,0,1,1,0,0,1,0,0,0
0.0012449,1,0,1,0,1,1,1,0,1,1,0,0,1,0,0,0
0.00124492,1,0,0,0,1,1,1,0,1,1,0,0,1,0,0,0
0.00124568,1,1,1,1,1,1,1,0,1,1,0,0,1,0,0,0
0.00124572,1,1,1,1,1,1,1,1,1,1,0,0,1,0,0,0
0.00124574,0,1,0,0,1,0,0,0,1,1,0,0,1,0,0,0
0.00124578,0,1,1,1,1,0,0,0,1,1,0,0,1,0,0,0
0.00124582,0,1,0,0,1,0,0,0,1,1,0,0,1,0,0,0
0.00124612,0,1,0,0,1,0,0,0,0,1,0,0,1,0,0,0
0.00124668,1,1,1,1,1,1,1,1,0,1,0,0,1,0,0,0
0.00124672,1,1,0,0,1,1,0,0,0,1,0,0,1,0,0,0
0.00124676,1,1,1,1,1,1,0,0,0,1,0,0,1,0,0,0
0.00124678,1,1,0,0,1,1,0,0,0,1,0,0,1,0,0,0
0.00124762,1,1,1,1,1,1,0,0,0,1,0,0,1,0,0,0
0.00124764,1,1,1,1,1,1,1,1,0,1,0,0,1,0,0,0
0.0012477,1,0,0,0,1,0,0,0,0,1,0,0,1,0,0,0
0.00124774,1,1,1,1,1,0,1,0,0,1,0,0,1,0,0,0
0.00124776,1,0,1,1,1,0,0,0,0,1,0,0,1,0,0,0
0.00124778,1,0,0,0,1,0,0,0,0,1,0,0,1,0,0,0
0.00124782,1,0,1,1,1,0,0,0,0,1,0,0,1,0,0,0
0.00124784,1,0,1,0,1,0,0,0,0,1,0,0,1,0,0,0
0.00124786,1,0,0,0,1,0,0,0,0,1,0,0,1,0,0,0
0.00124808,1,0,0,0,1,0,0,0,1,0,0,0,1,0,0,0
0.00124814,1,0,0,0,1,0,0,0,1,0,0,0,0,0,0,0
0.00124816,1,0,0,0,1,0,0,0,1,0,0,0,1,0,0,0
0.0012486,1,0,1,0,1,0,0,0,1,0,0,0,1,0,0,0
0.00124862,1,1,0,1,1,1,1,0,1,0,0,0,1,0,0,0
0.00124864,1,1,1,1,1,1,1,0,1,0,0,0,1,0,0,0
0.00124866,1,1,1,1,1,1,1,1,1,0,0,0,1,0,0,0
0.00124868,0,0,1,1,1,0,1,0,1,0,0,0,1,0,0,0
0.00124872,0,1,1,1,1,1,1,0,1,0,0,0,1,0,0,0
0.00124874,0,0,1,1,1,0,1,0,1,0,0,0,1,0,0,0
0.00124958,1,0,1,1,1,0,1,0,1,0,0,0,1,0,0,0
0.0012496,1,1,1,1,1,1,1,1,1,0,0,0,1,0,0,0
0.00124962,1,1,1,1,1,1,1,0,1,0,0,0,1,0,0,0
0.00124964,1,1,1,0,0,1,0,1,1,0,0,0,1,0,0,0
0.00124966,1,0,1,0,0,1,0,0,1,0,0,0,1,0,0,0
0.0012497,1,1,1,1,0,1,1,0,1,0,0,0,1,0,0,0
0.00124972,1,0,1,0,0,1,0,0,1,0,0,0,1,0,0,0
0.00125002,1,0,1,0,0,1,0,0,1,0,0,0,0,0,0,0
0.00125004,1,0,1,0,0,1,0,0,1,0,1,0,0,1,0,0
0.00125058,1,1,1,1,1,1,1,1,1,0,1,0,0,1,0,0
0.00125064,0,0,0,0,0,0,1,0,1,0,1,0,0,1,0,0
0.00125068,1,1,1,1,0,0,1,0,1,0,1,0,0,1,0,0
0.00125072,0,0,0,1,0,0,1,0,1,0,1,0,0,1,0,0
0.00125074,0,0,0,0,0,0,1,0,1,0,1,0,0,1,0,0
0.00125076,0,0,1,1,0,0,1,0,1,0,1,0,0,1,0,0
0.0012508,0,0,0,1,0,0,1,0,1,0,1,0,0,1,0,0
0.00125082,0,0,0,0,0,0,1,0,1,0,1,0,0,1,0,0
0.00125084,0,0,0,1,0,0,1,0,1,0,1,0,0,1,0,0
0.00125086,0,0,1,1,0,0,1,0,1,0,1,0,0,1,0,0
0.00125088,0,0,0,1,0,0,1,0,1,0,1,0,0,1,0,0
0.0012509,0,0,1,1,0,0,1,0,1,0,1,0,0,1,0,0
0.00125092,0,0,0,1,0,0,1,0,1,0,1,0,0,1,0,0
0.00125094,0,0,1,1,0,0,1,0,1,0,1,0,0,1,0,0
0.00125096,0,0,0,0,0,0,1,0,1,0,1,0,0,1,0,0
0.00125098,0,0,1,1,0,0,1,0,1,0,1,0,0,1,0,0
0.00125102,0,0,0,0,0,0,1,0,1,0,1,0,0,1,0,0
0.00125154,1,1,1,1,1,1,1,1,1,0,1,0,0,1,0,0
0.0012516,0,0,0,0,0,0,0,1,1,0,1,0,0,1,0,0
0.00125164,1,1,1,1,0,1,0,1,1,0,1,0,0,1,0,0
0.00125168,1,0,1,1,0,0,0,1,1,0,1,0,0,1,0,0
0.0012517,0,0,0,0,0,0,0,1,1,0,1,0,0,1,0,0
0.00125172,1,0,1,1,0,0,0,1,1,0,1,0,0,1,0,0
0.00125174,1,1,1,1,0,0,0,1,1,0,1,0,0,1,0,0
0.00125176,1,0,1,1,0,0,0,1,1,0,1,0,0,1,0,0
0.00125178,0,0,1,0,0,0,0,1,1,0,1,0,0,1,0,0
0.0012518,0,0,1,1,0,0,0,1,1,0,1,0,0,1,0,0
0.00125182,1,0,1,1,0,0,0,1,1,0,1,0,0,1,0,0
0.00125184,0,0,1,0,0,0,0,1,1,0,1,0,0,1,0,0
0.00125188,1,0,1,0,0,0,0,1,1,0,1,0,0,1,0,0
0.0012519,0,0,1,0,0,0,0,1,1,0,1,0,0,1,0,0
0.00125196,0,0,1,1,0,0,0,1,1,0,1,0,0,1,0,0
0.00125198,0,0,1,0,0,0,0,1,1,0,1,0,0,1,0,0
0.00125234,0,0,0,0,0,0,0,1,1,0,1,0,0,1,0,0
0.00125236,0,0,1,0,0,0,0,1,1,0,1,0,0,1,0,0
0.00125238,0,0,0,0,0,0,0,1,1,0,1,0,0,1,0,0
0.00125242,0,0,1,0,0,0,0,1,1,0,1,0,0,1,0,0
0.00125246,0,0,0,0,0,0,0,1,1,0,1,0,0,1,0,0
0.00125248,0,0,1,0,0,0,0,1,1,0,1,0,0,1,0,0
0.0012525,1,1,1,0,0,0,0,1,1,0,1,0,0,1,0,0
0.00125252,1,1,1,1,1,1,1,0,1,0,1,0,0,1,0,0
0.00125254,1,1,1,0,1,1,0,0,1,0,1,0,0,1,0,0
0.00125256,1,1,0,0,1,1,0,0,1,0,1,0,0,1,0,0
0.00125258,1,1,1,0,1,1,0,0,1,0,1,0,0,1,0,0
0.00125262,1,1,0,0,1,1,0,0,1,0,1,0,0,1,0,0
0.00125266,1,1,1,0,1,1,0,0,1,0,1,0,0,1,0,0
0.00125268,1,1,0,0,1,1,0,0,1,0,1,0,0,1,0,0
0.00125348,1,1,0,0,1,1,1,0,1,0,1,0,0,1,0,0
0.0012535,1,1,1,1,1,1,0,0,1,0,1,0,0,1,0,0
0.00125352,1,1,0,0,1,1,0,0,1,0,1,0,0,1,0,0
0.00125354,1,1,1,1,1,1,0,1,1,0,1,0,0,1,0,0
0.00125356,1,1,1,1,1,1,1,1,1,0,1,0,0,1,0,0
0.0012536,1,0,0,0,0,1,0,0,1,0,1,0,0,1,0,0
0.00125366,1,0,1,1,0,1,0,0,1,0,1,0,0,1,0,0
0.00125368,1,0,0,0,0,1,0,0,1,0,1,0,0,1,0,0
0.00125394,1,0,0,0,0,1,0,0,1,0,0,0,0,1,0,0
0.00125448,1,1,1,1,1,1,0,0,1,0,0,0,0,1,0,0
0.0012545,1,1,1,1,1,1,1,1,1,0,0,0,0,1,0,0
0.00125452,0,0,1,1,0,0,1,0,1,0,0,0,0,1,0,0
0.00125454,0,0,0,0,0,0,1,0,1,0,0,0,0,1,0,0
0.00125458,1,1,1,1,0,1,1,0,1,0,0,0,0,1,0,0
0.0012546,0,0,1,1,0,0,1,0,1,0,0,0,0,1,0,0
0.00125462,0,0,0,0,0,0,1,0,1,0,0,0,0,1,0,0
0.00125466,0,0,1,0,0,0,1,0,1,0,0,0,0,1,0,0
0.00125468,0,0,0,0,0,0,1,0,1,0,0,0,0,1,0,0
0.00125544,1,1,1,1,0,0,1,0,1,0,0,0,0,1,0,0
0.00125546,1,1,1,1,1,0,1,1,1,0,0,0,0,1,0,0
0.00125548,1,1,1,1,1,1,1,1,1,0,0,0,0,1,0,0
0.0012555,0,0,1,0,0,1,0,1,1,0,0,0,0,1,0,0
0.00125552,0,0,0,0,0,0,0,1,1,0,0,0,0,1,0,0
0.00125554,0,0,0,0,0,1,0,1,1,0,0,0,0,1,0,0
0.00125556,1,1,1,1,1,1,1,1,1,0,0,0,0,1,0,0
0.00125558,0,0,1,0,0,1,0,1,1,0,0,0,0,1,0,0
0.0012556,0,0,0,0,0,0,0,1,1,0,0,0,0,1,0,0
0.00125564,0,0,1,0,0,1,0,1,1,0,0,0,0,1,0,0
0.00125566,0,0,0,0,0,0,0,1,1,0,0,0,0,1,0,0
0.00125642,1,1,1,1,0,0,0,1,1,0,0,0,0,1,0,0
0.00125644,1,1,1,1,1,1,1,1,1,0,0,0,0,1,0,0
0.00125648,1,1,0,0,1,1,0,0,1,0,0,0,0,1,0,0
0.00125652,1,1,1,1,1,1,1,1,1,0,0,0,0,1,0,0
0.00125656,1,1,1,1,1,1,0,0,1,0,0,0,0,1,0,0
0.0012566,1,1,1,1,1,1,1,1,1,0,0,0,0,1,0,0
0.00125662,1,1,1,1,1,1,1,0,1,0,0,0,0,1,0,0
0.0012568,1,1,1,1,1,1,0,0,1,0,0,0,0,1,0,0
0.00125684,1,1,1,1,1,1,1,0,1,0,0,0,0,1,0,0
0.00125686,1,1,1,1,1,1,0,0,1,0,0,0,0,1,0,0
0.00125688,1,1,1,1,1,1,1,0,1,0,0,0,0,1,0,0
0.0012569,1,1,1,1,1,1,0,0,1,0,0,0,0,1,0,0
0.00125708,1,1,1,0,1,1,0,0,1,0,0,0,0,1,0,0
0.0012571,1,1,1,1,1,1,0,0,1,0,0,0,0,1,0,0
0.00125712,1,1,1,0,1,1,0,0,1,0,0,0,0,1,0,0
0.0012573,1,1,1,1,1,1,0,0,1,0,0,0,0,1,0,0
0.00125732,1,1,0,0,1,1,0,0,1,0,0,0,0,1,0,0
0.00125736,1,1,1,0,1,1,0,0,1,0,0,0,0,1,0,0
0.00125738,1,1,0,0,1,1,0,0,1,0,0,0,0,1,0,0
0.00125744,1,1,0,0,1,1,1,1,1,0,0,0,0,1,0,0
0.00125746,1,1,1,1,1,1,1,1,1,0,0,0,0,1,0,0
0.00125748,0,1,0,0,1,0,1,1,1,0,0,0,0,1,0,0
0.00125752,0,1,1,1,1,0,1,1,1,0,0,0,0,1,0,0
0.00125756,0,1,0,0,1,0,1,1,1,0,0,0,0,1,0,0
0.0012576,0,1,1,1,1,0,1,1,1,0,0,0,0,1,0,0
0.00125762,0,1,0,0,1,0,1,1,1,0,0,0,0,1,0,0
0.00125784,0,1,0,0,1,0,1,1,0,1,0,0,0,0,0,0
0.00125786,0,1,0,0,1,0,1,1,0,1,0,0,1,0,1,1
0.00125836,1,1,1,1,1,0,1,1,0,1,0,0,1,0,1,1
0.00125838,1,1,1,1,1,1,1,1,0,1,0,0,1,0,1,1
0.00125844,1,1,0,0,1,1,0,0,0,1,0,0,1,0,1,1
0.00125848,1,1,1,1,1,1,1,1,0,1,0,0,1,0,1,1
0.0012585,1,1,1,1,1,1,0,0,0,1,0,0,1,0,1,1
0.00125852,1,1,0,0,1,1,0,0,0,1,0,0,1,0,1,1
0.00125856,1,1,1,1,1,1,0,0,0,1,0,0,1,0,1,1
0.00125858,1,1,0,0,1,1,0,0,0,1,0,0,1,0,1,1
0.00125934,1,1,1,0,1,1,0,0,0,1,0,0,1,0,1,1
0.00125936,1,1,1,1,1,1,1,1,0,1,0,0,1,0,1,1
0.00126032,0,0,0,0,0,0,0,0,0,1,0,0,1,0,1,1
0.00126038,0,0,1,0,0,0,1,0,0,1,0,0,1,0,1,1
0.0012604,0,0,0,0,0,0,0,0,0,1,0,0,1,0,1,1
0.00126128,0,0,1,0,0,0,0,0,0,1,0,0,1,0,1,1
0.0012613,0,0,0,0,0,0,0,0,0,1,0,0,1,0,1,1
0.00126132,1,0,0,0,0,0,0,0,0,1,0,0,1,0,1,1
0.00126134,1,1,0,0,1,1,0,0,0,1,0,0,1,0,1,1
0.00126136,1,1,1,1,1,1,1,1,0,1,0,0,1,0,1,1
0.00126142,0,1,0,0,1,1,0,0,0,1,0,0,1,0,1,1
0.00126146,1,1,1,1,1,1,1,1,0,1,0,0,1,0,1,1
0.00126148,0,1,0,0,1,1,0,0,0,1,0,0,1,0,1,1
0.00126174,0,1,0,0,1,1,0,0,0,1,0,0,1,0,0,0
0.00126176,0,1,0,0,1,1,0,0,0,1,0,0,1,1,0,0
0.00126226,1,1,1,1,1,1,0,0,0,1,0,0,1,1,0,0
0.00126228,1,1,1,1,1,1,1,1,0,1,0,0,1,1,0,0
0.00126234,1,1,1,0,1,0,0,0,0,1,0,0,1,1,0,0
0.00126238,1,1,1,1,1,0,1,0,0,1,0,0,1,1,0,0
0.0012624,1,1,1,0,1,0,0,0,0,1,0,0,1,1,0,0
0.00126324,1,1,1,1,1,0,0,0,0,1,0,0,1,1,0,0
0.00126326,1,1,1,1,1,1,1,1,0,1,0,0,1,1,0,0
0.00126332,1,1,0,1,0,0,0,0,0,1,0,0,1,1,0,0
0.00126336,1,1,1,1,0,1,1,0,0,1,0,0,1,1,0,0
0.00126338,1,1,0,1,0,0,0,0,0,1,0,0,1,1,0,0
0.00126424,1,1,1,1,0,1,1,0,0,1,0,0,1,1,0,0
0.00126426,1,1,1,1,1,1,1,1,0,1,0,0,1,1,0,0
0.00126526,0,0,0,1,1,0,1,0,0,1,0,0,1,1,0,0
0.00126528,1,1,1,1,1,1,1,1,0,1,0,0,1,1,0,0
0.00126532,0,1,1,1,1,1,1,1,0,1,0,0,1,1,0,0
0.00126534,0,1,1,0,0,1,0,1,0,1,0,0,1,1,0,0
0.00126564,0,1,1,0,0,1,0,1,0,1,0,0,0,1,0,0
0.00126566,0,1,1,0,0,1,0,1,0,1,1,0,0,1,0,1
0.0012662,1,1,1,1,1,1,1,1,0,1,1,0,0,1,0,1
0.00126624,0,0,0,0,0,0,1,0,0,1,1,0,0,1,0,1
0.00126628,0,0,0,0,0,1,1,0,0,1,1,0,0,1,0,1
0.0012663,1,1,1,1,0,1,1,1,0,1,1,0,0,1,0,1
0.00126632,1,1,1,1,0,1,1,0,0,1,1,0,0,1,0,1
0.00126634,0,0,0,0,0,0,1,0,0,1,1,0,0,1,0,1
0.00126636,0,0,1,0,0,0,1,0,0,1,1,0,0,1,0,1
0.00126638,0,0,1,1,0,1,1,0,0,1,1,0,0,1,0,1
0.0012664,0,0,1,0,0,0,1,0,0,1,1,0,0,1,0,1
0.00126642,0,0,0,0,0,0,1,0,0,1,1,0,0,1,0,1
0.00126644,0,0,1,0,0,0,1,0,0,1,1,0,0,1,0,1
0.00126666,0,0,0,0,0,0,1,0,0,1,1,0,0,1,0,1
0.00126668,0,0,1,0,0,0,1,0,0,1,1,0,0,1,0,1
0.00126684,0,0,0,0,0,0,1,0,0,1,1,0,0,1,0,1
0.00126686,0,0,1,0,0,0,1,0,0,1,1,0,0,1,0,1
0.0012669,0,0,0,0,0,0,1,0,0,1,1,0,0,1,0,1
0.00126696,0,0,1,0,0,0,1,0,0,1,1,0,0,1,0,1
0.00126698,0,0,0,0,0,0,1,0,0,1,1,0,0,1,0,1
0.00126706,0,0,1,0,0,0,1,0,0,1,1,0,0,1,0,1
0.00126708,0,0,0,0,0,0,1,0,0,1,1,0,0,1,0,1
0.00126712,0,0,1,0,0,0,1,0,0,1,1,0,0,1,0,1
0.00126716,1,1,1,1,0,0,1,0,0,1,1,0,0,1,0,1
0.00126718,1,1,1,1,1,1,1,1,0,1,1,0,0,1,0,1
0.00126722,0,0,1,0,0,0,0,1,0,1,1,0,0,1,0,1
0.00126724,0,0,0,0,0,0,0,1,0,1,1,0,0,1,0,1
0.00126726,0,1,1,0,0,1,0,1,0,1,1,0,0,1,0,1
0.00126728,1,1,1,1,0,1,0,1,0,1,1,0,0,1,0,1
0.00126732,0,0,0,0,0,0,0,1,0,1,1,0,0,1,0,1
0.00126734,0,0,1,0,0,0,0,1,0,1,1,0,0,1,0,1
0.00126736,1,1,1,1,0,1,0,1,0,1,1,0,0,1,0,1
0.00126738,0,1,1,0,0,0,0,1,0,1,1,0,0,1,0,1
0.0012674,0,0,1,0,0,0,0,1,0,1,1,0,0,1,0,1
0.00126744,0,1,1,0,0,0,0,1,0,1,1,0,0,1,0,1
0.00126746,0,0,1,0,0,0,0,1,0,1,1,0,0,1,0,1
0.00126808,0,0,0,0,0,0,0,1,0,1,1,0,0,1,0,1
0.0012681,0,0,1,0,0,0,0,1,0,1,1,0,0,1,0,1
0.00126812,0,1,1,0,0,0,0,1,0,1,1,0,0,1,0,1
0.00126814,1,1,1,1,1,1,0,1,0,1,1,0,0,1,0,1
0.00126816,1,1,1,1,1,1,1,1,0,1,1,0,0,1,0,1
0.0012682,0,1,1,1,0,1,0,0,0,1,1,0,0,1,0,1
0.00126824,1,1,1,1,1,1,1,1,0,1,1,0,0,1,0,1
0.00126826,0,1,1,1,0,1,0,0,0,1,1,0,0,1,0,1
0.00126832,1,1,1,1,0,1,0,0,0,1,1,0,0,1,0,1
0.00126834,0,1,1,1,0,1,0,0,0,1,1,0,0,1,0,1
0.00126912,1,1,1,1,1,1,1,1,0,1,1,0,0,1,0,1
0.00127014,0,1,1,1,0,1,0,0,0,1,1,0,0,1,0,1
0.00127018,1,1,1,1,1,1,1,1,0,1,1,0,0,1,0,1
0.0012702,0,1,1,1,0,1,0,0,0,1,1,0,0,1,0,1
0.00127118,0,0,1,0,1,0,0,0,0,1,1,0,0,1,0,1
0.0012715,0,0,1,0,1,0,0,0,0,0,1,0,0,0,0,0
0.00127152,0,0,1,0,1,0,0,0,0,0,1,0,1,0,0,0
0.00127158,0,0,1,0,1,0,0,0,0,0,0,0,0,0,0,0
0.0012716,0,0,1,0,1,0,0,0,0,0,1,0,1,0,0,0
0.00127204,0,1,1,0,1,0,0,0,0,0,1,0,1,0,0,0
0.00127206,1,1,1,1,1,1,1,1,0,0,1,0,1,0,0,0
0.0012731,0,0,0,0,0,0,0,1,0,0,1,0,1,0,0,0
0.00127316,1,1,1,1,0,0,0,1,0,0,1,0,1,0,0,0
0.00127318,0,0,0,0,0,0,0,1,0,0,1,0,1,0,0,0
0.00127324,0,0,1,0,0,0,0,1,0,0,1,0,1,0,0,0
0.00127326,0,0,0,0,0,0,0,1,0,0,1,0,1,0,0,0
0.00127398,1,0,1,1,0,0,0,1,0,0,1,0,1,0,0,0
0.001274,1,1,1,1,0,0,0,1,0,0,1,0,1,0,0,0
0.00127402,1,1,1,1,1,1,1,1,0,0,1,0,1,0,0,0
0.00127406,1,1,0,0,1,0,0,0,0,0,1,0,1,0,0,0
0.0012741,1,1,1,1,1,1,1,0,0,0,1,0,1,0,0,0
0.00127412,1,1,1,1,1,0,0,0,0,0,1,0,1,0,0,0
0.00127414,1,1,0,0,1,0,0,0,0,0,1,0,1,0,0,0
0.00127418,1,1,1,1,1,0,0,0,0,0,1,0,1,0,0,0
0.0012742,1,1,0,0,1,0,0,0,0,0,1,0,1,0,0,0
0.00127444,1,1,0,0,1,0,0,0,1,1,0,0,1,0,0,0
0.0012745,1,1,1,0,1,0,0,0,1,0,0,0,0,0,0,0
0.00127452,1,1,0,0,1,0,0,0,1,1,0,0,1,0,0,0
0.00127496,1,1,1,1,1,0,0,0,1,1,0,0,1,0,0,0
0.00127498,1,1,1,1,1,1,1,1,1,1,0,0,1,0,0,0
0.00127504,1,0,0,0,1,1,1,0,1,1,0,0,1,0,0,0
0.00127508,1,1,1,1,1,1,1,0,1,1,0,0,1,0,0,0
0.0012751,1,0,1,0,1,1,1,0,1,1,0,0,1,0,0,0
0.00127512,1,0,0,0,1,1,1,0,1,1,0,0,1,0,0,0
0.00127516,1,0,1,0,1,1,1,0,1,1,0,0,1,0,0,0
0.00127518,1,0,0,0,1,1,1,0,1,1,0,0,1,0,0,0
0.00127594,1,1,1,0,1,1,1,0,1,1,0,0,1,0,0,0
0.00127596,1,1,1,1,1,1,1,1,1,1,0,0,1,0,0,0
0.00127598,1,1,1,1,1,1,1,0,1,1,0,0,1,0,0,0
0.001276,0,1,1,1,1,0,0,1,1,1,0,0,1,0,0,0
0.00127602,0,1,0,0,1,0,0,0,1,1,0,0,1,0,0,0
0.00127606,0,1,1,1,1,0,0,0,1,1,0,0,1,0,0,0
0.00127608,0,1,0,0,1,0,0,0,1,1,0,0,1,0,0,0
0.00127638,0,1,0,0,1,0,0,0,0,1,0,0,1,0,0,0
0.00127646,0,1,0,0,1,0,0,0,0,0,0,0,0,0,0,0
0.00127648,0,1,0,0,1,0,0,0,0,1,0,0,1,0,0,0
0.00127694,1,1,1,1,1,1,1,1,0,1,0,0,1,0,0,0
0.00127698,1,1,1,1,1,1,1,0,0,1,0,0,1,0,0,0
0.001277,1,1,0,0,1,1,0,0,0,1,0,0,1,0,0,0
0.00127704,1,1,1,1,1,1,1,0,0,1,0,0,1,0,0,0
0.00127706,1,1,0,0,1,1,0,0,0,1,0,0,1,0,0,0
0.0012779,1,1,1,1,1,1,1,0,0,1,0,0,1,0,0,0
0.00127792,1,1,1,1,1,1,1,1,0,1,0,0,1,0,0,0
0.00127796,1,0,0,0,1,0,0,0,0,1,0,0,1,0,0,0
0.001278,1,0,1,1,1,0,0,0,0,1,0,0,1,0,0,0
0.00127802,1,1,1,1,1,1,1,0,0,1,0,0,1,0,0,0
0.00127804,1,0,1,0,1,0,0,0,0,1,0,0,1,0,0,0
0.00127806,1,0,0,0,1,0,0,0,0,1,0,0,1,0,0,0
0.00127808,1,0,1,1,1,0,0,0,0,1,0,0,1,0,0,0
0.0012781,1,0,1,0,1,0,0,0,0,1,0,0,1,0,0,0
0.00127812,1,0,0,0,1,0,0,0,0,1,0,0,1,0,0,0
0.00127834,1,0,0,0,1,0,0,0,0,0,0,0,1,0,0,0
0.00127836,1,0,0,0,1,0,0,0,1,0,0,0,1,0,0,0
0.00127886,1,1,1,1,1,0,0,0,1,0,0,0,1,0,0,0
0.00127888,1,1,1,1,1,1,1,1,1,0,0,0,1,0,0,0
0.00127894,0,0,1,1,1,0,1,0,1,0,0,0,1,0,0,0
0.00127898,0,1,1,1,1,1,1,0,1,0,0,0,1,0,0,0
0.001279,0,1,1,1,1,0,1,0,1,0,0,0,1,0,0,0
0.00127902,0,0,1,1,1,0,1,0,1,0,0,0,1,0,0,0
0.00127984,0,1,1,1,1,0,1,0,1,0,0,0,1,0,0,0
0.00127986,1,1,1,1,1,1,1,1,1,0,0,0,1,0,0,0
0.00127992,0,1,1,0,0,1,0,0,1,0,0,0,1,0,0,0
0.00127996,1,1,1,1,0,1,1,0,1,0,0,0,1,0,0,0
0.00127998,0,1,1,0,0,1,0,0,1,0,0,0,1,0,0,0
0.0012803,0,1,1,0,0,1,0,0,0,1,1,0,0,1,0,0
0.00128082,1,1,1,1,0,1,0,0,0,1,1,0,0,1,0,0
0.00128084,1,1,1,1,1,1,1,1,0,1,1,0,0,1,0,0
0.0012809,0,0,0,0,0,0,1,0,0,1,1,0,0,1,0,0
0.00128094,1,1,0,1,0,0,1,0,0,1,1,0,0,1,0,0
0.00128096,1,1,1,1,0,0,1,0,0,1,1,0,0,1,0,0
0.00128098,1,0,0,1,0,0,1,0,0,1,1,0,0,1,0,0
0.001281,0,0,0,0,0,0,1,0,0,1,1,0,0,1,0,0
0.00128102,1,0,0,1,0,0,1,0,0,1,1,0,0,1,0,0
0.00128104,1,0,1,1,0,0,1,0,0,1,1,0,0,1,0,0
0.00128106,1,0,0,1,0,0,1,0,0,1,1,0,0,1,0,0
0.00128108,0,0,0,1,0,0,1,0,0,1,1,0,0,1,0,0
0.0012811,1,0,0,1,0,0,1,0,0,1,1,0,0,1,0,0
0.00128114,0,0,0,1,0,0,1,0,0,1,1,0,0,1,0,0
0.00128118,1,0,0,1,0,0,1,0,0,1,1,0,0,1,0,0
0.0012812,0,0,0,1,0,0,1,0,0,1,1,0,0,1,0,0
0.00128146,0,0,0,0,0,0,1,0,0,1,1,0,0,1,0,0
0.0012818,1,1,1,1,0,0,1,0,0,1,1,0,0,1,0,0
0.00128182,1,1,1,1,1,1,1,1,0,1,1,0,0,1,0,0
0.00128186,1,1,1,1,0,1,0,1,0,1,1,0,0,1,0,0
0.00128188,0,0,0,0,0,0,0,1,0,1,1,0,0,1,0,0
0.0012819,0,1,1,0,0,0,0,1,0,1,1,0,0,1,0,0
0.00128192,1,1,1,1,0,1,0,1,0,1,1,0,0,1,0,0
0.00128194,1,1,1,1,0,0,0,1,0,1,1,0,0,1,0,0
0.00128196,0,0,0,0,0,0,0,1,0,1,1,0,0,1,0,0
0.00128198,0,0,1,1,0,0,0,1,0,1,1,0,0,1,0,0
0.001282,1,1,1,1,0,0,0,1,0,1,1,0,0,1,0,0
0.00128204,0,0,1,0,0,0,0,1,0,1,1,0,0,1,0,0
0.00128206,0,0,1,1,0,0,0,1,0,1,1,0,0,1,0,0
0.00128208,1,0,1,1,0,0,0,1,0,1,1,0,0,1,0,0
0.0012821,0,0,1,1,0,0,0,1,0,1,1,0,0,1,0,0
0.0012822,0,0,1,0,0,0,0,1,0,1,1,0,0,1,0,0
0.00128222,0,0,1,1,0,0,0,1,0,1,1,0,0,1,0,0
0.00128226,0,0,1,0,0,0,0,1,0,1,1,0,0,1,0,0
0.0012824,0,0,0,0,0,0,0,1,0,1,1,0,0,1,0,0
0.00128242,0,0,1,0,0,0,0,1,0,1,1,0,0,1,0,0
0.00128256,0,0,0,0,0,0,0,1,0,1,1,0,0,1,0,0
0.0012826,0,0,1,0,0,0,0,1,0,1,1,0,0,1,0,0
0.00128262,0,0,0,0,0,0,0,1,0,1,1,0,0,1,0,0
0.00128268,0,0,1,0,0,0,0,1,0,1,1,0,0,1,0,0
0.0012827,0,0,0,0,0,0,0,1,0,1,1,0,0,1,0,0
0.00128274,0,0,1,0,0,0,0,1,0,1,1,0,0,1,0,0
0.00128276,1,0,0,0,0,0,0,1,0,1,1,0,0,1,0,0
0.00128278,1,0,0,0,1,1,1,1,0,1,1,0,0,1,0,0
0.0012828,1,1,1,1,1,1,1,0,0,1,1,0,0,1,0,0
0.00128282,1,0,0,0,1,1,1,0,0,1,1,0,0,1,0,0
0.00128286,1,1,1,1,1,1,1,0,0,1,1,0,0,1,0,0
0.00128288,1,0,0,0,1,1,1,0,0,1,1,0,0,1,0,0
0.00128382,1,1,1,1,1,1,1,1,0,1,1,0,0,1,0,0
0.00128386,1,1,1,1,0,1,0,0,0,1,1,0,0,1,0,0
0.00128388,1,0,0,0,0,1,0,0,0,1,1,0,0,1,0,0
0.0012839,1,1,1,1,0,1,0,0,0,1,1,0,0,1,0,0
0.00128392,1,1,1,1,0,1,1,1,0,1,1,0,0,1,0,0
0.00128394,1,1,1,1,0,1,0,0,0,1,1,0,0,1,0,0
0.00128396,1,0,0,0,0,1,0,0,0,1,1,0,0,1,0,0
0.00128398,1,0,1,1,0,1,0,0,0,1,1,0,0,1,0,0
0.001284,1,1,1,1,0,1,0,0,0,1,1,0,0,1,0,0
0.00128402,1,0,1,1,0,1,0,0,0,1,1,0,0,1,0,0
0.00128404,1,0,1,0,0,1,0,0,0,1,1,0,0,1,0,0
0.00128406,1,0,1,1,0,1,0,0,0,1,1,0,0,1,0,0
0.00128412,1,0,1,0,0,1,0,0,0,1,1,0,0,1,0,0
0.00128414,1,0,1,1,0,1,0,0,0,1,1,0,0,1,0,0
0.00128416,1,0,1,0,0,1,0,0,0,1,1,0,0,1,0,0
0.00128418,1,0,1,1,0,1,0,0,0,1,1,0,0,1,0,0
0.0012842,1,0,1,1,0,1,0,0,0,0,0,0,0,1,0,0
0.00128422,1,0,1,0,0,1,0,0,1,0,0,0,0,1,0,0
0.00128426,1,0,1,1,0,1,0,0,1,0,0,0,0,1,0,0
0.00128428,1,0,0,0,1,1,1,0,1,0,0,0,0,1,0,0
0.0012843,1,1,1,1,1,1,1,1,1,0,0,0,1,1,1,0
0.00128432,1,0,0,0,0,1,0,0,1,0,0,0,0,1,0,0
0.00128436,1,1,1,1,0,1,0,0,1,0,0,0,0,1,0,0
0.00128438,1,1,1,1,0,1,1,0,1,0,0,0,0,1,0,0
0.0012844,1,0,0,0,0,1,0,0,1,0,0,0,0,1,0,0
0.00128444,1,0,1,1,0,1,0,0,1,0,0,0,0,1,0,0
0.00128446,1,0,1,0,0,1,0,0,1,0,0,0,0,1,0,0
0.00128448,1,0,0,0,0,1,0,0,1,0,0,0,0,1,0,0
0.00128452,1,0,1,0,0,1,0,0,1,0,0,0,0,1,0,0
0.00128456,1,0,0,0,0,1,0,0,1,0,0,0,0,1,0,0
0.00128458,1,0,1,0,0,1,0,0,1,0,0,0,0,1,0,0
0.0012846,1,0,0,0,0,1,0,0,1,0,0,0,0,1,0,0
0.00128464,1,0,1,0,0,1,0,0,1,0,0,0,0,1,0,0
0.00128466,1,0,0,0,0,1,0,0,1,0,0,0,0,1,0,0
0.0012847,1,0,1,0,0,1,0,0,1,0,0,0,0,1,0,0
0.00128472,1,0,0,0,0,1,0,0,1,0,0,0,0,1,0,0
0.00128474,1,0,1,0,0,1,0,0,1,0,0,0,0,1,0,0
0.00128476,1,1,1,1,1,1,1,1,1,0,0,0,0,1,0,0
0.0012848,0,0,0,0,0,0,1,0,1,0,0,0,0,1,0,0
0.00128484,0,1,1,1,0,0,1,0,1,0,0,0,0,1,0,0
0.00128488,0,0,0,0,0,0,1,0,1,0,0,0,0,1,0,0
0.00128492,0,0,1,1,0,0,1,0,1,0,0,0,0,1,0,0
0.00128496,0,0,0,0,0,0,1,0,1,0,0,0,0,1,0,0
0.001285,0,0,1,0,0,0,1,0,1,0,0,0,0,1,0,0
0.00128502,0,0,0,0,0,0,1,0,1,0,0,0,0,1,0,0
0.0012857,0,0,1,0,0,0,1,0,1,0,0,0,0,1,0,0
0.00128572,1,1,1,1,1,1,1,1,1,0,0,0,0,1,0,0
0.00128578,0,0,0,0,0,0,0,1,1,0,0,0,0,1,0,0
0.00128582,1,1,1,1,0,1,0,1,1,0,0,0,0,1,0,0
0.00128586,0,0,1,0,0,0,0,1,1,0,0,0,0,1,0,0
0.00128588,0,0,0,0,0,0,0,1,1,0,0,0,0,1,0,0
0.0012859,0,0,1,1,0,0,0,1,1,0,0,0,0,1,0,0
0.00128594,0,0,1,0,0,0,0,1,1,0,0,0,0,1,0,0
0.0012861,0,0,0,0,0,0,0,1,1,0,0,0,0,1,0,0
0.00128612,0,0,1,0,0,0,0,1,1,0,0,0,0,1,0,0
0.00128626,0,0,0,0,0,0,0,1,1,0,0,0,0,1,0,0
0.00128668,1,1,1,1,0,0,0,1,1,0,0,0,0,1,0,0
0.0012867,1,1,1,1,1,1,1,1,1,0,0,0,0,1,0,0
0.00128676,1,0,0,0,1,1,1,0,1,0,0,0,0,1,0,0
0.00128678,1,1,1,1,1,1,1,0,1,0,0,0,0,1,0,0
0.0012868,1,1,1,1,1,1,1,1,1,0,0,0,0,1,0,0
0.00128682,1,0,1,0,1,1,1,0,1,0,0,0,0,1,0,0
0.00128684,1,0,0,0,1,1,1,0,1,0,0,0,0,1,0,0
0.00128686,1,0,1,1,1,1,1,0,1,0,0,0,0,1,0,0
0.0012869,1,0,1,0,1,1,1,0,1,0,0,0,0,1,0,0
0.00128692,1,0,0,0,1,1,1,0,1,0,0,0,0,1,0,0
0.00128694,1,0,1,0,1,1,1,0,1,0,0,0,0,1,0,0
0.00128706,1,0,0,0,1,1,1,0,1,0,0,0,0,1,0,0
0.0012871,1,0,1,0,1,1,1,0,1,0,0,0,0,1,0,0
0.00128712,1,0,0,0,1,1,1,0,1,0,0,0,0,1,0,0
0.00128714,1,0,1,0,1,1,1,0,1,0,0,0,0,1,0,0
0.00128716,1,0,0,0,1,1,1,0,1,0,0,0,0,1,0,0
0.00128772,1,1,0,0,1,1,1,1,1,0,0,0,0,1,0,0
0.00128774,0,1,1,1,1,0,1,1,1,0,0,0,0,1,0,0
0.00128776,0,1,0,0,1,0,1,1,1,0,0,0,0,1,0,0
0.00128778,0,1,1,1,1,0,1,1,1,0,0,0,0,1,0,0
0.00128782,0,1,0,0,1,0,1,1,1,0,0,0,0,1,0,0
0.00128786,0,1,1,0,1,0,1,1,1,0,0,0,0,1,0,0
0.00128788,0,1,0,0,1,0,1,1,1,0,0,0,0,1,0,0
0.0012881,0,1,0,0,1,0,1,1,0,1,0,0,0,0,0,0
0.00128812,0,1,0,0,1,0,1,1,0,1,0,0,1,0,1,1
0.00128866,1,1,1,1,1,1,1,1,0,1,0,0,1,0,1,1
0.0012887,1,1,1,1,1,1,1,0,0,1,0,0,1,0,1,1
0.00128872,1,0,0,0,1,1,1,0,0,1,0,0,1,0,1,1
0.00128876,1,1,1,1,1,1,1,0,0,1,0,0,1,0,1,1
0.00128878,1,0,0,0,1,1,1,0,0,1,0,0,1,0,1,1
0.00128962,1,1,1,1,1,1,1,0,0,1,0,0,1,0,1,1
0.00128964,1,1,1,1,1,1,1,1,0,1,0,0,1,0,1,1
0.0012906,0,0,0,0,0,0,0,0,0,1,0,0,1,0,1,1
0.00129064,0,0,1,0,0,0,0,0,0,1,0,0,1,0,1,1
0.00129066,0,0,0,0,0,0,0,0,0,1,0,0,1,0,1,1
0.00129156,0,0,1,0,0,0,0,0,0,1,0,0,1,0,1,1
0.00129158,0,0,0,0,0,0,0,0,0,1,0,0,1,0,1,1
0.0012916,1,0,0,0,1,1,1,0,0,1,0,0,1,0,1,1
0.00129162,1,1,1,1,1,1,1,1,0,1,0,0,1,0,1,1
0.00129164,1,1,1,0,1,1,1,0,0,1,0,0,1,0,1,1
0.00129168,0,1,0,0,1,1,0,0,0,1,0,0,1,0,1,1
0.00129172,0,1,1,0,1,1,0,0,0,1,0,0,1,0,1,1
0.00129174,0,1,0,0,1,1,0,0,0,1,0,0,1,0,1,1
0.00129202,0,1,0,0,1,1,0,0,0,1,0,0,1,1,0,0
0.00129256,1,1,1,1,1,1,1,1,0,1,0,0,1,1,0,0
0.0012926,1,1,1,1,1,1,1,0,0,1,0,0,1,1,0,0
0.00129262,0,1,0,1,1,0,0,0,0,1,0,0,1,1,0,0
0.00129266,1,1,1,1,1,0,1,0,0,1,0,0,1,1,0,0
0.00129268,0,1,0,1,1,0,0,0,0,1,0,0,1,1,0,0
0.00129352,1,1,1,1,1,1,1,1,0,1,0,0,1,1,0,0
0.00129358,1,1,0,1,0,0,0,0,0,1,0,0,1,1,0,0
0.00129362,1,1,1,1,0,1,0,0,0,1,0,0,1,1,0,0
0.00129364,1,1,1,1,0,0,0,0,0,1,0,0,1,1,0,0
0.00129366,1,1,0,1,0,0,0,0,0,1,0,0,1,1,0,0
0.0012937,1,1,1,1,0,0,0,0,0,1,0,0,1,1,0,0
0.00129372,1,1,0,1,0,0,0,0,0,1,0,0,1,1,0,0
0.0012945,1,1,1,1,0,0,0,0,0,1,0,0,1,1,0,0
0.00129452,1,1,1,1,1,1,1,1,0,1,0,0,1,1,0,0
0.00129552,0,0,0,1,1,0,1,0,0,1,0,0,1,1,0,0
0.00129554,0,1,1,1,1,0,1,0,0,1,0,0,1,1,0,0
0.00129556,1,1,1,1,1,1,1,1,0,1,0,0,1,1,0,0
0.0012956,0,1,1,0,0,1,0,1,0,1,0,0,1,1,0,0
0.00129564,1,1,1,0,0,1,0,1,0,1,0,0,1,1,0,0
0.00129566,0,1,1,0,0,1,0,1,0,1,0,0,1,1,0,0
0.00129592,0,1,1,0,0,1,0,1,0,1,1,0,0,1,0,1
0.00129646,1,1,1,1,1,1,0,1,0,1,1,0,0,1,0,1
0.00129648,1,1,1,1,1,1,1,1,0,1,1,0,0,1,0,1
0.0012965,1,0,1,1,1,0,1,0,0,1,1,0,0,1,0,1
0.00129652,0,0,0,0,0,0,1,0,0,1,1,0,0,1,0,1
0.00129656,1,1,1,1,0,1,1,0,0,1,1,0,0,1,0,1
0.00129658,1,1,1,1,0,1,1,1,0,1,1,0,0,1,0,1
0.0012966,0,0,0,0,0,0,1,0,0,1,1,0,0,1,0,1
0.00129664,1,0,1,0,0,0,1,0,0,1,1,0,0,1,0,1
0.00129668,0,0,0,0,0,0,1,0,0,1,1,0,0,1,0,1
0.00129672,0,0,1,0,0,0,1,0,0,1,1,0,0,1,0,1
0.00129676,0,0,0,0,0,0,1,0,0,1,1,0,0,1,0,1
0.0012968,0,0,1,0,0,0,1,0,0,1,1,0,0,1,0,1
0.00129682,0,0,0,0,0,0,1,0,0,1,1,0,0,1,0,1
0.0012969,0,0,1,0,0,0,1,0,0,1,1,0,0,1,0,1
0.00129692,0,0,0,0,0,0,1,0,0,1,1,0,0,1,0,1
0.00129698,0,0,1,0,0,0,1,0,0,1,1,0,0,1,0,1
0.001297,0,0,0,0,0,0,1,0,0,1,1,0,0,1,0,1
0.00129742,1,1,1,1,0,0,1,0,0,1,1,0,0,1,0,1
0.00129744,1,1,1,1,1,1,1,1,0,1,1,0,0,1,0,1
0.0012975,0,0,0,0,0,0,0,1,0,1,1,0,0,1,0,1
0.00129754,1,1,1,1,0,1,0,1,0,1,1,0,0,1,0,1
0.00129758,0,0,1,0,0,0,0,1,0,1,1,0,0,1,0,1
0.0012976,0,0,0,0,0,0,0,1,0,1,1,0,0,1,0,1
0.00129762,1,1,1,1,0,1,0,1,0,1,1,0,0,1,0,1
0.00129764,1,1,1,1,0,0,0,1,0,1,1,0,0,1,0,1
0.00129766,0,0,1,0,0,0,0,1,0,1,1,0,0,1,0,1
0.0012977,1,0,1,0,0,0,0,1,0,1,1,0,0,1,0,1
0.00129772,0,0,1,0,0,0,0,1,0,1,1,0,0,1,0,1
0.00129828,0,0,0,0,0,0,0,1,0,1,1,0,0,1,0,1
0.0012983,0,0,1,0,0,0,0,1,0,1,1,0,0,1,0,1
0.00129832,0,0,0,0,0,0,0,1,0,1,1,0,0,1,0,1
0.00129834,0,0,1,0,0,0,0,1,0,1,1,0,0,1,0,1
0.00129836,0,0,0,0,0,0,0,1,0,1,1,0,0,1,0,1
0.0012984,1,1,1,0,0,0,0,1,0,1,1,0,0,1,0,1
0.00129842,1,1,1,1,1,1,1,1,0,1,1,0,0,1,0,1
0.00129846,0,1,1,1,0,1,0,0,0,1,1,0,0,1,0,1
0.0012985,1,1,1,1,1,1,1,0,0,1,1,0,0,1,0,1
0.00129852,1,1,1,1,0,1,0,0,0,1,1,0,0,1,0,1
0.00129854,0,1,1,1,0,1,0,0,0,1,1,0,0,1,0,1
0.00129858,1,1,1,1,0,1,0,0,0,1,1,0,0,1,0,1
0.0012986,0,1,1,1,0,1,0,0,0,1,1,0,0,1,0,1
0.00129938,1,1,1,1,0,1,1,1,0,1,1,0,0,1,0,1
0.0012994,1,1,1,1,1,1,1,1,0,1,1,0,0,1,0,1
0.0013004,0,1,1,1,0,1,0,0,0,1,1,0,0,1,0,1
0.00130044,1,1,1,1,0,1,0,0,0,1,1,0,0,1,0,1
0.00130046,0,1,1,1,0,1,0,0,0,1,1,0,0,1,0,1
0.00130144,0,0,1,0,1,1,1,1,0,1,1,0,0,1,0,1
0.00130146,0,0,1,0,1,0,0,0,0,1,1,0,0,1,0,1
0.0013015,1,0,1,0,1,0,1,0,0,1,1,0,0,1,0,1
0.00130152,0,0,1,0,1,0,0,0,0,1,1,0,0,1,0,1
0.00130178,0,0,1,0,1,0,0,0,0,0,1,0,1,0,0,0
0.00130232,1,1,1,0,1,1,1,1,0,0,1,0,1,0,0,0
0.00130234,1,1,1,1,1,1,1,1,0,0,1,0,1,0,0,0
0.00130236,0,0,0,0,0,0,1,0,0,0,1,0,1,0,0,0
0.00130242,1,0,1,1,0,1,1,0,0,0,1,0,1,0,0,0
0.00130244,0,0,1,0,0,1,1,0,0,0,1,0,1,0,0,0
0.00130246,0,0,0,0,0,0,1,0,0,0,1,0,1,0,0,0
0.00130328,1,1,1,1,1,1,1,1,0,0,1,0,1,0,0,0
0.00130336,0,0,0,0,0,0,0,1,0,0,1,0,1,0,0,0
0.0013034,1,1,1,1,0,1,0,1,0,0,1,0,1,0,0,0
0.00130342,1,0,1,1,0,1,0,1,0,0,1,0,1,0,0,0
0.00130344,0,0,0,0,0,0,0,1,0,0,1,0,1,0,0,0
0.00130348,0,0,1,0,0,0,0,1,0,0,1,0,1,0,0,0
0.00130352,0,0,0,0,0,0,0,1,0,0,1,0,1,0,0,0
0.00130426,1,1,1,1,1,0,0,1,0,0,1,0,1,0,0,0
0.00130428,1,1,1,1,1,1,1,1,0,0,1,0,1,0,0,0
0.00130432,1,1,0,0,1,0,0,0,0,0,1,0,1,0,0,0
0.00130436,1,1,1,1,1,1,0,0,0,0,1,0,1,0,0,0
0.0013044,1,1,0,0,1,0,0,0,0,0,1,0,1,0,0,0
0.00130444,1,1,1,0,1,0,0,0,0,0,1,0,1,0,0,0
0.00130446,1,1,0,0,1,0,0,0,0,0,1,0,1,0,0,0
0.0013047,1,1,0,0,1,0,0,0,0,0,0,0,1,0,0,0
0.00130472,1,1,0,0,1,0,0,0,1,1,0,0,1,0,0,0
0.00130522,1,1,1,1,1,0,0,0,1,1,0,0,1,0,0,0
0.00130524,1,1,1,1,1,1,1,0,1,1,0,0,1,0,0,0
0.00130526,1,1,1,1,1,1,1,1,1,1,0,0,1,0,0,0
0.0013053,1,0,1,0,1,1,1,0,1,1,0,0,1,0,0,0
0.00130532,1,0,0,0,1,1,1,0,1,1,0,0,1,0,0,0
0.00130534,1,0,1,0,1,1,1,0,1,1,0,0,1,0,0,0
0.00130536,1,1,1,1,1,1,1,0,1,1,0,0,1,0,0,0
0.00130538,1,0,0,0,1,1,1,0,1,1,0,0,1,0,0,0
0.00130542,1,0,1,0,1,1,1,0,1,1,0,0,1,0,0,0
0.00130544,1,0,0,0,1,1,1,0,1,1,0,0,1,0,0,0
0.0013062,1,1,0,0,1,1,1,0,1,1,0,0,1,0,0,0
0.00130622,1,1,1,1,1,1,1,1,1,1,0,0,1,0,0,0
0.00130624,1,1,1,1,1,1,1,0,1,1,0,0,1,0,0,0
0.00130626,1,1,1,1,1,1,1,1,1,1,0,0,1,0,0,0
0.00130628,0,1,0,0,1,0,0,0,1,1,0,0,1,0,0,0
0.00130632,0,1,1,1,1,0,0,0,1,1,0,0,1,0,0,0
0.00130634,0,1,1,0,1,0,0,0,1,1,0,0,1,0,0,0
0.00130636,0,1,0,0,1,0,0,0,1,1,0,0,1,0,0,0
0.00130666,0,1,0,0,1,0,0,0,0,1,0,0,1,0,0,0
0.00130722,1,1,1,1,1,1,1,1,0,1,0,0,1,0,0,0
0.00130726,1,1,0,0,1,1,0,0,0,1,0,0,1,0,0,0
0.0013073,1,1,1,1,1,1,1,0,0,1,0,0,1,0,0,0
0.00130732,1,1,0,0,1,1,0,0,0,1,0,0,1,0,0,0
0.00130816,1,1,1,1,1,1,0,0,0,1,0,0,1,0,0,0
0.00130818,1,1,1,0,1,1,1,1,0,1,0,0,1,0,0,0
0.0013082,1,1,1,1,1,1,1,1,0,1,0,0,1,0,0,0
0.00130822,1,0,1,1,1,0,1,1,0,1,0,0,1,0,0,0
0.00130824,1,0,0,0,1,0,0,0,0,1,0,0,1,0,0,0
0.00130828,1,1,1,1,1,1,1,1,0,1,0,0,1,0,0,0
0.0013083,1,0,1,1,1,0,0,0,0,1,0,0,1,0,0,0
0.00130832,1,0,0,0,1,0,0,0,0,1,0,0,1,0,0,0
0.00130836,1,0,1,1,1,0,0,0,0,1,0,0,1,0,0,0
0.00130838,1,0,0,0,1,0,0,0,0,1,0,0,1,0,0,0
0.0013086,1,0,0,0,1,0,0,0,0,0,0,0,1,0,0,0
0.00130862,1,0,0,0,1,0,0,0,1,0,0,0,1,0,0,0
0.00130868,1,0,0,0,1,0,0,0,0,0,0,0,0,0,0,0
0.0013087,1,0,0,0,1,0,0,0,1,0,0,0,1,0,0,0
0.00130914,1,1,1,0,1,0,0,0,1,0,0,0,1,0,0,0
0.00130916,1,1,1,1,1,1,1,0,1,0,0,0,1,0,0,0
0.00130918,1,1,1,1,1,1,1,1,1,0,0,0,1,0,0,0
0.00130922,0,0,1,1,1,0,1,0,1,0,0,0,1,0,0,0
0.00130926,1,1,1,1,1,1,1,1,1,0,0,0,1,0,0,0
0.00130928,0,0,1,1,1,0,1,0,1,0,0,0,1,0,0,0
0.00131012,1,1,1,1,1,0,1,0,1,0,0,0,1,0,0,0
0.00131014,1,1,1,1,1,1,1,0,1,0,0,0,1,0,0,0
0.00131016,1,1,1,1,1,1,1,1,1,0,0,0,1,0,0,0
0.00131018,1,1,1,0,0,1,0,0,1,0,0,0,1,0,0,0
0.00131022,1,1,1,1,0,1,1,1,1,0,0,0,1,0,0,0
0.00131024,1,1,1,0,0,1,0,0,1,0,0,0,1,0,0,0
0.00131056,1,1,1,0,0,1,0,0,1,1,1,0,0,0,0,0
0.00131058,1,1,1,0,0,1,0,0,1,1,1,0,0,1,0,0
0.00131112,1,1,1,1,0,1,1,1,1,1,1,0,0,1,0,0
0.00131114,1,1,1,1,1,1,1,1,1,1,1,0,0,1,0,0
0.00131116,0,0,0,1,1,0,1,1,1,1,1,0,0,1,0,0
0.00131118,0,0,0,0,0,0,1,0,1,1,1,0,0,1,0,0
0.00131122,0,0,0,1,0,1,1,1,1,1,1,0,0,1,0,0
0.00131124,0,0,0,0,0,0,1,0,1,1,1,0,0,1,0,0
0.00131208,0,0,0,0,0,0,1,1,1,1,1,0,0,1,0,0
0.0013121,0,0,1,1,0,0,0,1,1,1,1,0,0,1,0,0
0.00131212,0,0,0,0,0,0,0,1,1,1,1,0,0,1,0,0
0.00131308,0,0,0,0,0,0,0,0,1,1,1,0,0,1,0,0
0.0013131,0,1,1,1,0,1,0,0,1,1,1,0,0,1,0,0
0.00131312,1,1,1,1,0,1,0,0,1,1,1,0,0,1,0,0
0.00131314,0,1,1,1,0,1,0,0,1,1,1,0,0,1,0,0
0.00131408,1,1,1,1,1,1,1,0,1,1,1,0,0,1,0,0
0.0013141,1,1,1,1,1,1,1,1,1,1,1,0,0,1,0,0
0.00131416,0,1,0,0,1,0,1,1,1,1,1,0,0,1,0,0
0.0013142,1,1,0,1,1,1,1,1,1,1,1,0,0,1,0,0
0.00131422,0,1,0,0,1,0,1,1,1,1,1,0,0,1,0,0
0.00131446,0,1,0,0,1,0,1,1,0,1,0,0,0,0,0,0
0.00131448,0,1,0,0,1,0,1,1,0,1,0,0,1,0,1,1
0.001315,1,1,1,1,1,1,1,1,0,1,0,0,1,0,1,1
0.00131506,0,1,1,1,0,1,0,0,0,1,0,0,1,0,1,1
0.0013151,1,1,1,1,0,1,0,0,0,1,0,0,1,0,1,1
0.00131512,0,1,1,1,0,1,0,0,0,1,0,0,1,0,1,1
0.00131598,1,1,1,1,0,1,0,0,0,1,0,0,1,0,1,1
0.001316,1,1,1,1,1,1,1,1,0,1,0,0,1,0,1,1
0.00131696,0,0,0,0,0,0,0,0,0,1,0,0,1,0,1,1
0.001317,1,0,0,0,0,0,0,0,0,1,0,0,1,0,1,1
0.00131702,0,0,0,0,0,0,0,0,0,1,0,0,1,0,1,1
0.00131792,1,0,1,0,0,0,0,0,0,1,0,0,1,0,1,1
0.00131794,0,0,0,0,0,0,0,0,0,1,0,0,1,0,1,1
0.00131796,0,1,1,1,0,1,0,0,0,1,0,0,1,0,1,1
0.00131798,1,1,1,1,1,1,1,1,0,1,0,0,1,0,1,1
0.00131804,0,1,0,0,1,1,0,0,0,1,0,0,1,0,1,1
0.00131808,1,1,1,1,1,1,0,0,0,1,0,0,1,0,1,1
0.0013181,1,1,1,0,1,1,0,0,0,1,0,0,1,0,1,1
0.00131812,0,1,0,0,1,1,0,0,0,1,0,0,1,0,1,1
0.00131816,0,1,1,0,1,1,0,0,0,1,0,0,1,0,1,1
0.00131818,0,1,0,0,1,1,0,0,0,1,0,0,1,0,1,1
0.00131838,0,1,0,0,1,1,0,0,0,1,0,0,1,1,0,0
0.0013189,1,1,1,1,1,1,0,0,0,1,0,0,1,1,0,0
0.00131892,1,1,1,1,1,1,1,1,0,1,0,0,1,1,0,0
0.00131896,1,0,1,1,1,0,0,0,0,1,0,0,1,1,0,0
0.00131988,1,1,1,1,1,0,0,0,0,1,0,0,1,1,0,0
0.0013199,1,1,1,1,1,1,1,1,0,1,0,0,1,1,0,0
0.00131994,1,1,1,1,0,0,1,0,0,1,0,0,1,1,0,0
0.00131996,1,1,0,1,0,0,0,0,0,1,0,0,1,1,0,0
0.00132,1,1,1,1,0,1,1,0,0,1,0,0,1,1,0,0
0.00132002,1,1,0,1,0,0,0,0,0,1,0,0,1,1,0,0
0.00132086,1,1,1,1,0,0,0,0,0,1,0,0,1,1,0,0
0.00132088,1,1,1,1,1,1,1,1,0,1,0,0,1,1,0,0
0.00132188,0,0,0,1,1,0,1,0,0,1,0,0,1,1,0,0
0.0013219,0,1,1,1,1,1,1,0,0,1,0,0,1,1,0,0
0.00132192,1,1,1,1,1,1,1,1,0,1,0,0,1,1,0,0
0.00132196,0,1,1,0,0,1,0,1,0,1,0,0,1,1,0,0
0.001322,1,1,1,0,0,1,0,1,0,1,0,0,1,1,0,0
0.00132202,0,1,1,0,0,1,0,1,0,1,0,0,1,1,0,0
0.00132228,0,1,1,0,0,1,0,1,0,1,1,0,0,1,0,1
0.0013228,1,1,1,1,0,1,0,1,0,1,1,0,0,1,0,1
0.00132282,1,1,1,1,1,1,1,1,0,1,1,0,0,1,0,1
0.00132288,0,0,0,0,0,0,1,0,0,1,1,0,0,1,0,1
0.00132292,1,0,1,0,0,1,1,1,0,1,1,0,0,1,0,1
0.00132294,1,1,1,1,0,1,1,1,0,1,1,0,0,1,0,1
0.00132296,1,0,1,1,0,1,1,1,0,1,1,0,0,1,0,1
0.00132298,0,0,0,0,0,0,1,0,0,1,1,0,0,1,0,1
0.001323,0,0,0,0,0,1,1,0,0,1,1,0,0,1,0,1
0.00132302,1,0,1,1,0,1,1,0,0,1,1,0,0,1,0,1
0.00132304,1,0,1,0,0,1,1,0,0,1,1,0,0,1,0,1
0.00132306,0,0,0,0,0,0,1,0,0,1,1,0,0,1,0,1
0.0013231,0,0,1,0,0,1,1,0,0,1,1,0,0,1,0,1
0.00132312,0,0,1,0,0,0,1,0,0,1,1,0,0,1,0,1
0.00132314,0,0,0,0,0,0,1,0,0,1,1,0,0,1,0,1
0.00132316,0,0,1,0,0,0,1,0,0,1,1,0,0,1,0,1
0.0013232,0,0,0,0,0,0,1,0,0,1,1,0,0,1,0,1
0.00132326,1,0,1,0,0,1,1,0,0,1,1,0,0,1,0,1
0.00132328,0,0,0,0,0,0,1,0,0,1,1,0,0,1,0,1
0.00132334,0,0,1,0,0,0,1,0,0,1,1,0,0,1,0,1
0.00132336,0,0,0,0,0,0,1,0,0,1,1,0,0,1,0,1
0.00132378,1,1,1,1,0,0,1,0,0,1,1,0,0,1,0,1
0.0013238,1,1,1,1,1,1,1,1,0,1,1,0,0,1,0,1
0.00132384,0,0,0,0,0,0,0,1,0,1,1,0,0,1,0,1
0.00132388,1,1,1,1,0,1,1,1,0,1,1,0,0,1,0,1
0.0013239,1,1,1,1,1,1,1,1,0,1,1,0,0,1,0,1
0.00132392,1,1,1,1,0,1,0,1,0,1,1,0,0,1,0,1
0.00132394,0,0,0,0,0,0,0,1,0,1,1,0,0,1,0,1
0.00132396,1,1,1,1,0,1,0,1,0,1,1,0,0,1,0,1
0.001324,1,0,1,1,0,1,0,1,0,1,1,0,0,1,0,1
0.00132402,0,0,1,1,0,1,0,1,0,1,1,0,0,1,0,1
0.00132404,1,1,1,1,0,1,0,1,0,1,1,0,0,1,0,1
0.00132406,1,0,1,1,0,1,0,1,0,1,1,0,0,1,0,1
0.00132408,0,0,1,1,0,1,0,1,0,1,1,0,0,1,0,1
0.00132424,1,0,1,1,0,1,0,1,0,1,1,0,0,1,0,1
0.00132426,0,0,1,0,0,1,0,1,0,1,1,0,0,1,0,1
0.00132428,0,0,1,1,0,1,0,1,0,1,1,0,0,1,0,1
0.0013244,0,0,1,0,0,1,0,1,0,1,1,0,0,1,0,1
0.0013247,0,0,0,0,0,0,0,1,0,1,1,0,0,1,0,1
0.00132472,0,0,1,0,0,1,0,1,0,1,1,0,0,1,0,1
0.00132476,1,1,1,1,1,1,1,1,0,1,1,0,0,1,0,1
0.00132484,0,1,1,1,0,1,0,0,0,1,1,0,0,1,0,1
0.00132488,1,1,1,1,1,1,1,1,0,1,1,0,0,1,0,1
0.0013249,0,1,1,1,0,1,0,0,0,1,1,0,0,1,0,1
0.00132574,1,1,1,1,1,1,1,0,0,1,1,0,0,1,0,1
0.00132576,1,1,1,1,1,1,1,1,0,1,1,0,0,1,0,1
0.00132676,0,1,1,1,0,1,0,0,0,1,1,0,0,1,0,1
0.00132682,0,1,1,1,0,1,1,0,0,1,1,0,0,1,0,1
0.00132684,0,1,1,1,0,1,0,0,0,1,1,0,0,1,0,1
0.0013278,1,0,1,0,1,1,1,1,0,1,1,0,0,1,0,1
0.00132782,0,0,1,0,1,0,0,0,0,1,1,0,0,1,0,1
0.00132786,1,0,1,0,1,0,1,0,0,1,1,0,0,1,0,1
0.00132788,0,0,1,0,1,0,0,0,0,1,1,0,0,1,0,1
0.00132814,0,0,1,0,1,0,0,0,0,0,1,0,1,0,0,0
0.00132866,1,1,1,0,1,0,0,0,0,0,1,0,1,0,0,0
0.00132868,1,1,1,0,1,1,1,1,0,0,1,0,1,0,0,0
0.0013287,1,1,1,1,1,1,1,1,0,0,1,0,1,0,0,0
0.00132874,0,0,0,0,0,0,1,0,0,0,1,0,1,0,0,0
0.00132878,0,0,0,0,0,1,1,0,0,0,1,0,1,0,0,0
0.0013288,1,1,1,1,0,1,1,1,0,0,1,0,1,0,0,0
0.00132882,0,0,0,0,0,1,1,0,0,0,1,0,1,0,0,0
0.00132884,0,0,0,0,0,0,1,0,0,0,1,0,1,0,0,0
0.00132964,1,1,1,1,1,0,1,1,0,0,1,0,1,0,0,0
0.00132968,1,1,1,1,1,1,1,1,0,0,1,0,1,0,0,0
0.0013297,1,1,1,1,0,1,1,1,0,0,1,0,1,0,0,0
0.00132972,0,0,0,0,0,0,0,1,0,0,1,0,1,0,0,0
0.00132974,0,0,0,0,0,1,0,1,0,0,1,0,1,0,0,0
0.00132976,1,1,1,1,1,1,1,1,0,0,1,0,1,0,0,0
0.00132978,0,0,1,1,0,1,0,1,0,0,1,0,1,0,0,0
0.0013298,0,0,0,0,0,0,0,1,0,0,1,0,1,0,0,0
0.00132984,0,0,1,0,0,1,0,1,0,0,1,0,1,0,0,0
0.00132986,0,0,1,0,0,0,0,1,0,0,1,0,1,0,0,0
0.00132988,0,0,0,0,0,0,0,1,0,0,1,0,1,0,0,0
0.00133062,1,1,0,0,0,0,0,1,0,0,1,0,1,0,0,0
0.00133064,1,1,1,1,1,1,0,1,0,0,1,0,1,0,0,0
0.00133066,1,1,1,1,1,1,1,1,0,0,1,0,1,0,0,0
0.00133068,1,1,1,1,1,1,1,0,0,0,1,0,1,0,0,0
0.0013307,1,1,0,0,1,0,0,0,0,0,1,0,1,0,0,0
0.00133072,1,1,1,0,1,1,0,0,0,0,1,0,1,0,0,0
0.00133074,1,1,1,1,1,1,1,1,0,0,1,0,1,0,0,0
0.00133076,1,1,1,0,1,0,0,0,0,0,1,0,1,0,0,0
0.00133078,1,1,0,0,1,0,0,0,0,0,1,0,1,0,0,0
0.0013308,1,1,1,0,1,1,0,0,0,0,1,0,1,0,0,0
0.00133082,1,1,1,1,1,1,0,0,0,0,1,0,1,0,0,0
0.00133084,1,1,0,0,1,0,0,0,0,0,1,0,1,0,0,0
0.00133088,1,1,1,0,1,0,0,0,0,0,1,0,1,0,0,0
0.00133092,1,1,0,0,1,0,0,0,0,0,1,0,1,0,0,0
0.00133098,1,1,1,0,1,0,0,0,0,0,1,0,1,0,0,0
0.001331,1,1,0,0,1,0,0,0,0,0,1,0,1,0,0,0
0.00133106,1,1,0,0,1,0,0,0,0,0,0,0,1,0,0,0
0.00133108,1,1,0,0,1,0,0,0,1,1,0,0,1,0,0,0
0.00133112,1,1,1,0,1,0,0,0,1,1,0,0,1,0,0,0
0.00133114,1,1,0,0,1,0,0,0,1,1,0,0,1,0,0,0
0.0013312,1,1,1,0,1,0,0,0,1,1,0,0,1,0,0,0
0.00133122,1,1,0,0,1,0,0,0,1,1,0,0,1,0,0,0
0.0013316,1,1,1,1,1,1,1,0,1,1,0,0,1,0,0,0
0.00133162,1,1,1,1,1,1,1,1,1,1,0,0,1,0,0,0
0.00133166,1,0,0,0,1,1,1,0,1,1,0,0,1,0,0,0
0.0013317,1,1,1,1,1,1,1,1,1,1,0,0,1,0,0,0
0.00133172,1,0,1,1,1,1,1,0,1,1,0,0,1,0,0,0
0.00133174,1,0,0,0,1,1,1,0,1,1,0,0,1,0,0,0
0.00133178,1,0,1,1,1,1,1,0,1,1,0,0,1,0,0,0
0.0013318,1,0,0,0,1,1,1,0,1,1,0,0,1,0,0,0
0.00133256,1,1,0,0,1,1,1,0,1,1,0,0,1,0,0,0
0.00133258,1,1,1,1,1,1,1,1,1,1,0,0,1,0,0,0
0.0013326,1,1,1,1,1,1,1,0,1,1,0,0,1,0,0,0
0.00133262,1,1,1,1,1,1,1,1,1,1,0,0,1,0,0,0
0.00133264,0,1,1,1,1,0,0,1,1,1,0,0,1,0,0,0
0.00133266,0,1,0,0,1,0,0,0,1,1,0,0,1,0,0,0
0.0013327,1,1,1,1,1,1,1,1,1,1,0,0,1,0,0,0
0.00133272,0,1,1,1,1,0,0,0,1,1,0,0,1,0,0,0
0.00133274,0,1,0,0,1,0,0,0,1,1,0,0,1,0,0,0
0.00133278,0,1,1,1,1,0,0,0,1,1,0,0,1,0,0,0
0.0013328,0,1,1,0,1,0,0,0,1,1,0,0,1,0,0,0
0.00133282,0,1,0,0,1,0,0,0,1,1,0,0,1,0,0,0
0.00133286,0,1,1,0,1,0,0,0,1,1,0,0,1,0,0,0
0.00133288,0,1,0,0,1,0,0,0,1,1,0,0,1,0,0,0
0.00133302,0,1,0,0,1,0,0,0,0,1,0,0,1,0,0,0
0.00133354,1,1,0,0,1,0,0,0,0,1,0,0,1,0,0,0
0.00133356,1,1,1,1,1,0,0,0,0,1,0,0,1,0,0,0
0.00133358,1,1,1,1,1,1,1,1,0,1,0,0,1,0,0,0
0.0013336,1,1,0,0,1,1,1,1,0,1,0,0,1,0,0,0
0.00133362,1,1,0,0,1,1,0,0,0,1,0,0,1,0,0,0
0.00133366,1,1,1,1,1,1,0,0,0,1,0,0,1,0,0,0
0.00133368,1,1,0,0,1,1,0,0,0,1,0,0,1,0,0,0
0.00133452,1,1,1,0,1,1,0,0,0,1,0,0,1,0,0,0
0.00133454,1,1,1,1,1,1,1,1,0,1,0,0,1,0,0,0
0.0013346,1,0,0,0,1,0,0,0,0,1,0,0,1,0,0,0
0.00133464,1,1,1,1,1,1,1,0,0,1,0,0,1,0,0,0
0.00133466,1,1,1,1,1,1,1,1,0,1,0,0,1,0,0,0
0.00133468,1,0,1,0,1,0,0,0,0,1,0,0,1,0,0,0
0.0013347,1,0,0,0,1,0,0,0,0,1,0,0,1,0,0,0
0.00133472,1,0,1,1,1,0,0,0,0,1,0,0,1,0,0,0
0.00133476,1,0,1,0,1,0,0,0,0,1,0,0,1,0,0,0
0.00133478,1,0,0,0,1,0,0,0,0,1,0,0,1,0,0,0
0.0013348,1,0,1,0,1,0,0,0,0,1,0,0,1,0,0,0
0.00133486,1,0,0,0,1,0,0,0,0,1,0,0,1,0,0,0
0.00133488,1,0,1,0,1,0,0,0,0,1,0,0,1,0,0,0
0.0013349,1,0,0,0,1,0,0,0,0,1,0,0,1,0,0,0
0.00133496,1,0,1,0,1,0,0,0,0,0,0,0,1,0,0,0
0.00133498,1,0,0,0,1,0,0,0,1,0,0,0,1,0,0,0
0.00133502,1,0,1,0,1,0,0,0,1,0,0,0,1,0,0,0
0.00133504,1,0,1,0,1,0,0,0,0,0,0,0,0,0,0,0
0.00133506,1,0,0,0,1,0,0,0,1,0,0,0,1,0,0,0
0.0013351,1,0,1,0,1,0,0,0,1,0,0,0,1,0,0,0
0.00133512,1,0,0,0,1,0,0,0,1,0,0,0,1,0,0,0
0.0013355,1,1,1,1,1,0,0,0,1,0,0,0,1,0,0,0
0.00133552,1,1,1,1,1,1,1,1,1,0,0,0,1,0,0,0
0.00133558,0,0,1,1,1,0,1,0,1,0,0,0,1,0,0,0
0.00133562,1,1,1,1,1,1,1,1,1,0,0,0,1,0,0,0
0.00133564,0,0,1,1,1,0,1,0,1,0,0,0,1,0,0,0
0.00133568,0,1,1,1,1,1,1,0,1,0,0,0,1,0,0,0
0.0013357,0,0,1,1,1,0,1,0,1,0,0,0,1,0,0,0
0.00133648,1,1,1,1,1,1,1,0,1,0,0,0,1,0,0,0
0.0013365,1,1,1,1,1,1,1,1,1,0,0,0,1,0,0,0
0.00133656,0,0,0,1,0,1,0,0,1,0,0,0,1,0,0,0
0.0013366,1,1,1,1,0,1,1,1,1,0,0,0,1,0,0,0
0.00133662,1,1,1,1,0,1,1,0,1,0,0,0,1,0,0,0
0.00133664,0,0,0,1,0,1,0,0,1,0,0,0,1,0,0,0
0.00133668,0,1,1,1,0,1,0,0,1,0,0,0,1,0,0,0
0.0013367,0,0,1,1,0,1,0,0,1,0,0,0,1,0,0,0
0.00133672,0,0,0,1,0,1,0,0,1,0,0,0,1,0,0,0
0.00133676,0,0,1,1,0,1,0,0,1,0,0,0,1,0,0,0
0.0013368,0,0,0,1,0,1,0,0,1,0,0,0,1,0,0,0
0.00133684,0,0,1,1,0,1,0,0,1,0,0,0,1,0,0,0
0.00133686,0,0,0,1,0,1,0,0,1,0,0,0,1,0,0,0
0.0013369,0,0,1,1,0,1,0,0,1,0,0,0,1,0,0,0
0.00133692,0,0,1,1,0,1,0,0,0,0,0,0,0,0,0,0
0.00133694,0,0,0,1,0,1,0,0,0,0,0,1,0,1,0,0
0.00133698,0,0,1,1,0,1,0,0,0,0,0,1,0,1,0,0
0.00133702,0,0,0,1,0,1,0,0,0,0,0,1,0,1,0,0
0.00133706,0,0,1,1,0,1,0,0,0,0,0,1,0,1,0,0
0.00133708,0,0,0,1,0,1,0,0,0,0,0,1,0,1,0,0
0.00133746,1,1,1,1,0,1,1,1,0,0,0,1,0,1,0,0
0.00133748,1,1,1,1,1,1,1,1,0,0,0,1,0,1,0,0
0.0013375,0,0,0,1,0,1,1,0,0,0,0,1,0,1,0,0
0.00133752,0,0,0,0,0,0,1,0,0,0,0,1,0,1,0,0
0.00133756,1,1,1,0,0,0,1,0,0,0,0,1,0,1,0,0
0.0013376,0,0,0,0,0,0,1,0,0,0,0,1,0,1,0,0
0.00133844,0,0,0,0,0,0,1,1,0,0,0,1,0,1,0,0
0.00133846,0,0,1,0,0,0,0,1,0,0,0,1,0,1,0,0
0.00133848,0,0,0,0,0,0,0,1,0,0,0,1,0,1,0,0
0.0013394,1,0,0,0,0,0,0,1,0,0,0,1,0,1,0,0
0.00133942,1,1,1,0,0,0,0,0,0,0,0,1,0,1,0,0
0.00133944,1,0,1,1,1,0,1,0,0,0,0,1,0,1,0,0
0.00133946,0,0,1,1,1,1,1,1,0,0,0,1,0,1,0,0
0.00133948,0,1,1,1,1,0,1,0,0,0,0,1,0,1,0,0
0.0013395,0,0,1,1,1,0,1,0,0,0,0,1,0,1,0,0
0.00134044,1,1,1,1,1,1,1,1,0,0,0,1,0,1,0,0
0.0013405,1,0,0,0,1,1,0,0,0,0,0,1,0,1,0,0
0.00134052,1,0,0,0,0,1,0,0,0,0,0,1,0,1,0,0
0.00134082,1,0,0,0,0,1,0,0,0,0,0,0,0,1,0,0
0.00134084,1,0,0,0,0,1,0,0,1,0,0,0,0,1,0,0
0.0013409,1,0,0,0,0,1,0,0,0,0,0,0,0,1,0,0
0.00134092,1,0,0,0,0,1,0,0,1,0,0,0,0,1,0,0
0.00134138,1,1,1,1,1,1,1,1,1,0,0,0,0,1,0,0
0.00134144,0,0,0,0,0,0,1,0,1,0,0,0,0,1,0,0
0.00134148,0,0,1,1,0,1,1,0,1,0,0,0,0,1,0,0
0.0013415,0,1,1,1,1,1,1,1,1,0,0,0,0,1,0,0
0.00134152,0,0,0,0,0,0,1,0,1,0,0,0,0,1,0,0
0.00134156,0,0,1,0,0,0,1,0,1,0,0,0,0,1,0,0
0.0013416,0,0,0,0,0,0,1,0,1,0,0,0,0,1,0,0
0.00134234,1,1,1,1,1,1,1,1,1,0,0,0,0,1,0,0
0.0013424,0,0,0,0,0,0,0,1,1,0,0,0,0,1,0,0
0.00134244,1,1,1,1,0,1,0,1,1,0,0,0,0,1,0,0
0.00134246,1,1,1,1,1,1,0,1,1,0,0,0,0,1,0,0
0.00134248,0,0,1,0,0,0,0,1,1,0,0,0,0,1,0,0
0.0013425,0,0,0,0,0,0,0,1,1,0,0,0,0,1,0,0
0.00134252,0,0,1,1,0,0,0,1,1,0,0,0,0,1,0,0
0.00134254,1,0,1,1,0,0,0,1,1,0,0,0,0,1,0,0
0.00134256,0,0,1,0,0,0,0,1,1,0,0,0,0,1,0,0
0.00134258,0,0,0,0,0,0,0,1,1,0,0,0,0,1,0,0
0.0013426,0,0,1,0,0,0,0,1,1,0,0,0,0,1,0,0
0.0013428,0,0,0,0,0,0,0,1,1,0,0,0,0,1,0,0
0.00134282,0,0,1,0,0,0,0,1,1,0,0,0,0,1,0,0
0.00134284,0,0,0,0,0,0,0,1,1,0,0,0,0,1,0,0
0.0013433,1,1,1,1,0,0,0,1,1,0,0,0,0,1,0,0
0.00134334,1,1,1,1,1,1,1,1,1,0,0,0,0,1,0,0
0.0013434,0,0,1,1,1,0,1,0,1,0,0,0,0,1,0,0
0.00134344,1,1,1,1,1,1,1,1,1,0,0,0,0,1,0,0
0.00134346,0,0,1,1,1,0,1,0,1,0,0,0,0,1,0,0
0.00134434,1,0,1,1,1,0,1,1,1,0,0,0,0,1,0,0
0.00134436,1,1,1,1,1,1,1,1,1,0,0,0,0,1,0,0
0.00134438,1,1,0,0,1,0,1,1,1,0,0,0,0,1,0,0
0.0013444,0,1,1,1,1,1,1,1,1,0,0,0,0,1,0,0
0.00134442,0,1,0,0,1,0,1,1,1,0,0,0,0,1,0,0
0.00134474,0,1,0,0,1,0,1,1,0,1,0,0,1,0,1,1
0.00134526,0,1,1,1,1,0,1,1,0,1,0,0,1,0,1,1
0.00134528,1,1,1,1,1,1,1,1,0,1,0,0,1,0,1,1
0.00134532,0,0,1,1,1,0,1,0,0,1,0,0,1,0,1,1
0.00134626,1,1,1,1,1,1,1,1,0,1,0,0,1,0,1,1
0.00134722,0,0,0,0,0,0,0,0,0,1,0,0,1,0,1,1
0.00134818,0,0,1,0,0,0,0,0,0,1,0,0,1,0,1,1
0.0013482,0,0,0,0,0,0,0,0,0,1,0,0,1,0,1,1
0.00134822,0,0,1,1,1,0,1,0,0,1,0,0,1,0,1,1
0.00134824,1,1,1,1,1,1,1,1,0,1,0,0,1,0,1,1
0.0013483,0,1,0,0,1,1,0,0,0,1,0,0,1,0,1,1
0.00134836,1,1,1,1,1,1,1,0,0,1,0,0,1,0,1,1
0.00134838,0,1,0,0,1,1,0,0,0,1,0,0,1,0,1,1
0.00134864,0,1,0,0,1,1,0,0,0,1,0,0,1,0,0,0
0.00134866,0,1,0,0,1,1,0,0,0,1,0,0,1,1,0,0
0.00134916,1,1,1,1,1,1,0,0,0,1,0,0,1,1,0,0
0.00134918,1,1,1,1,1,1,1,1,0,1,0,0,1,1,0,0
0.00134924,0,0,0,0,0,1,0,0,0,1,0,0,1,1,0,0
0.00134928,1,0,1,1,0,1,1,0,0,1,0,0,1,1,0,0
0.0013493,1,1,1,1,0,1,1,1,0,1,0,0,1,1,0,0
0.00134932,0,0,1,0,0,1,0,0,0,1,0,0,1,1,0,0
0.00134934,0,0,0,0,0,1,0,0,0,1,0,0,1,1,0,0
0.00134936,0,0,1,1,0,1,0,0,0,1,0,0,1,1,0,0
0.00134938,1,0,1,1,0,1,0,0,0,1,0,0,1,1,0,0
0.0013494,0,0,1,0,0,1,0,0,0,1,0,0,1,1,0,0
0.00134982,0,0,0,0,0,1,0,0,0,1,0,0,1,1,0,0
0.00134984,0,0,1,0,0,1,0,0,0,1,0,0,1,1,0,0
0.0013499,0,0,0,0,0,1,0,0,0,1,0,0,1,1,0,0
0.00134992,0,0,1,0,0,1,0,0,0,1,0,0,1,1,0,0
0.00134994,0,0,0,0,0,1,0,0,0,1,0,0,1,1,0,0
0.0013501,0,0,1,0,0,1,0,0,0,1,0,0,1,1,0,0
0.00135012,0,0,0,0,0,1,0,0,0,1,0,0,1,1,0,0
0.00135014,1,1,1,1,0,1,0,0,0,1,0,0,1,1,0,0
0.00135016,1,1,1,1,1,1,1,1,0,1,0,0,1,1,0,0
0.00135022,1,1,0,1,0,0,0,0,0,1,0,0,1,1,0,0
0.00135026,1,1,1,1,0,0,1,1,0,1,0,0,1,1,0,0
0.00135028,1,1,1,1,0,0,0,0,0,1,0,0,1,1,0,0
0.0013503,1,1,0,1,0,0,0,0,0,1,0,0,1,1,0,0
0.00135034,1,1,1,1,0,0,0,0,0,1,0,0,1,1,0,0
0.00135036,1,1,0,1,0,0,0,0,0,1,0,0,1,1,0,0
0.00135114,1,1,1,1,1,1,1,1,0,1,0,0,1,1,0,0
0.00135214,0,0,1,1,1,0,1,0,0,1,0,0,1,1,0,0
0.00135216,0,0,0,1,1,0,1,0,0,1,0,0,1,1,0,0
0.00135218,1,1,1,1,1,1,1,1,0,1,0,0,1,1,0,0
0.00135222,0,1,1,0,0,1,0,1,0,1,0,0,1,1,0,0
0.00135254,0,1,1,0,0,1,0,1,0,1,0,0,0,1,0,0
0.00135256,0,1,1,0,0,1,0,1,0,1,1,0,0,1,0,1
0.0013531,1,1,1,1,1,1,1,1,0,1,1,0,0,1,0,1
0.00135314,0,0,0,1,1,0,1,0,0,1,1,0,0,1,0,1
0.00135316,0,0,0,0,0,0,1,0,0,1,1,0,0,1,0,1
0.00135318,0,0,0,0,0,1,1,0,0,1,1,0,0,1,0,1
0.0013532,0,0,1,1,0,1,1,1,0,1,1,0,0,1,0,1
0.00135324,0,0,0,0,0,0,1,0,0,1,1,0,0,1,0,1
0.00135328,0,0,1,1,0,1,1,1,0,1,1,0,0,1,0,1
0.00135332,0,0,0,0,0,0,1,0,0,1,1,0,0,1,0,1
0.00135334,0,0,0,0,0,1,1,0,0,1,1,0,0,1,0,1
0.00135346,0,0,0,0,0,0,1,0,0,1,1,0,0,1,0,1
0.0013535,0,0,0,0,0,1,1,0,0,1,1,0,0,1,0,1
0.00135352,0,0,0,0,0,0,1,0,0,1,1,0,0,1,0,1
0.00135404,0,0,1,1,0,0,1,0,0,1,1,0,0,1,0,1
0.00135406,1,1,1,1,1,1,1,1,0,1,1,0,0,1,0,1
0.00135412,0,0,0,0,0,0,0,1,0,1,1,0,0,1,0,1
0.00135416,1,1,1,1,0,1,0,1,0,1,1,0,0,1,0,1
0.0013542,0,0,0,0,0,0,0,1,0,1,1,0,0,1,0,1
0.00135424,0,1,1,1,0,1,0,1,0,1,1,0,0,1,0,1
0.00135426,0,0,1,1,0,1,0,1,0,1,1,0,0,1,0,1
0.00135428,0,0,1,0,0,0,0,1,0,1,1,0,0,1,0,1
0.00135432,0,0,1,1,0,1,0,1,0,1,1,0,0,1,0,1
0.00135434,0,0,1,0,0,1,0,1,0,1,1,0,0,1,0,1
0.00135436,0,0,1,0,0,0,0,1,0,1,1,0,0,1,0,1
0.0013544,0,0,1,0,0,1,0,1,0,1,1,0,0,1,0,1
0.00135442,0,0,1,0,0,0,0,1,0,1,1,0,0,1,0,1
0.0013545,0,0,1,0,0,1,0,1,0,1,1,0,0,1,0,1
0.00135452,0,0,1,0,0,0,0,1,0,1,1,0,0,1,0,1
0.00135474,0,0,0,0,0,0,0,1,0,1,1,0,0,1,0,1
0.00135502,1,1,1,1,0,0,0,1,0,1,1,0,0,1,0,1
0.00135504,1,1,1,1,1,1,1,1,0,1,1,0,0,1,0,1
0.0013551,0,1,1,1,0,1,0,0,0,1,1,0,0,1,0,1
0.00135514,1,1,1,1,1,1,1,1,0,1,1,0,0,1,0,1
0.00135516,0,1,1,1,0,1,0,0,0,1,1,0,0,1,0,1
0.00135602,1,1,1,1,1,1,1,1,0,1,1,0,0,1,0,1
0.00135704,0,1,1,1,0,1,0,0,0,1,1,0,0,1,0,1
0.00135708,1,1,1,1,1,1,1,1,0,1,1,0,0,1,0,1
0.0013571,0,1,1,1,0,1,0,0,0,1,1,0,0,1,0,1
0.00135806,1,1,1,1,1,1,1,1,0,1,1,0,0,1,0,1
0.00135808,0,0,1,0,1,0,0,0,0,1,1,0,0,1,0,1
0.00135812,1,0,1,0,1,0,0,0,0,1,1,0,0,1,0,1
0.00135814,0,0,1,0,1,0,0,0,0,1,1,0,0,1,0,1
0.0013584,0,0,1,0,1,0,0,0,0,0,1,0,0,0,0,0
0.00135842,0,0,1,0,1,0,0,0,0,0,1,0,1,0,0,0
0.00135896,1,1,1,1,1,1,1,1,0,0,1,0,1,0,0,0
0.001359,0,0,0,0,0,0,1,0,0,0,1,0,1,0,0,0
0.00135992,1,1,1,1,1,1,1,1,0,0,1,0,1,0,0,0
0.00135998,0,0,0,0,0,0,0,1,0,0,1,0,1,0,0,0
0.00136004,0,0,1,0,0,0,0,1,0,0,1,0,1,0,0,0
0.00136006,0,0,0,0,0,0,0,1,0,0,1,0,1,0,0,0
0.00136088,1,0,0,1,0,0,0,1,0,0,1,0,1,0,0,0
0.0013609,1,1,1,1,1,1,1,1,0,0,1,0,1,0,0,0
0.00136096,1,1,0,0,1,0,0,0,0,0,1,0,1,0,0,0
0.001361,1,1,1,1,1,1,1,0,0,0,1,0,1,0,0,0
0.00136102,1,1,0,0,1,0,0,0,0,0,1,0,1,0,0,0
0.00136134,1,1,0,0,1,0,0,0,1,1,0,0,1,0,0,0
0.0013614,1,1,0,0,1,0,0,0,0,0,0,0,0,0,0,0
0.00136142,1,1,0,0,1,0,0,0,1,1,0,0,1,0,0,0
0.00136186,1,1,1,0,1,0,0,0,1,1,0,0,1,0,0,0
0.00136188,1,1,1,1,1,1,1,1,1,1,0,0,1,0,0,0
0.00136192,1,0,0,0,1,1,1,0,1,1,0,0,1,0,0,0
0.00136196,1,0,1,1,1,1,1,0,1,1,0,0,1,0,0,0
0.00136198,1,0,0,0,1,1,1,0,1,1,0,0,1,0,0,0
0.00136284,1,1,0,0,1,1,1,0,1,1,0,0,1,0,0,0
0.00136286,1,1,1,1,1,1,1,1,1,1,0,0,1,0,0,0
0.0013629,1,1,1,1,1,0,1,1,1,1,0,0,1,0,0,0
0.00136292,0,1,0,0,1,0,0,0,1,1,0,0,1,0,0,0
0.00136296,1,1,1,1,1,1,1,0,1,1,0,0,1,0,0,0
0.00136298,1,1,1,1,1,0,0,0,1,1,0,0,1,0,0,0
0.001363,0,1,0,0,1,0,0,0,1,1,0,0,1,0,0,0
0.00136302,0,1,1,0,1,0,0,0,1,1,0,0,1,0,0,0
0.00136304,0,1,1,1,1,0,0,0,1,1,0,0,1,0,0,0
0.00136308,0,1,1,0,1,0,0,0,1,1,0,0,1,0,0,0
0.00136324,0,1,0,0,1,0,0,0,1,1,0,0,1,0,0,0
0.00136326,0,1,1,0,1,0,0,0,1,1,0,0,1,0,0,0
0.00136328,0,1,1,0,1,0,0,0,0,1,0,0,1,0,0,0
0.00136332,0,1,0,0,1,0,0,0,0,1,0,0,1,0,0,0
0.00136334,0,1,1,0,1,0,0,0,0,1,0,0,1,0,0,0
0.00136338,0,1,0,0,1,0,0,0,0,1,0,0,1,0,0,0
0.00136342,0,1,1,0,1,0,0,0,0,1,0,0,1,0,0,0
0.00136346,0,1,0,0,1,0,0,0,0,1,0,0,1,0,0,0
0.00136382,1,1,1,1,1,1,1,0,0,1,0,0,1,0,0,0
0.00136384,1,1,1,1,1,1,1,1,0,1,0,0,1,0,0,0
0.00136388,1,1,0,0,1,1,0,0,0,1,0,0,1,0,0,0
0.00136392,1,1,1,1,1,1,1,1,0,1,0,0,1,0,0,0
0.00136394,1,1,0,0,1,1,0,0,0,1,0,0,1,0,0,0
0.001364,1,1,1,0,1,1,0,0,0,1,0,0,1,0,0,0
0.00136402,1,1,0,0,1,1,0,0,0,1,0,0,1,0,0,0
0.00136478,1,1,1,1,1,1,0,0,0,1,0,0,1,0,0,0
0.0013648,1,1,1,1,1,1,1,1,0,1,0,0,1,0,0,0
0.00136482,1,1,1,1,1,1,1,0,0,1,0,0,1,0,0,0
0.00136484,1,1,1,1,1,1,1,1,0,1,0,0,1,0,0,0
0.00136486,1,0,1,0,1,0,0,0,0,1,0,0,1,0,0,0
0.00136488,1,0,0,0,1,0,0,0,0,1,0,0,1,0,0,0
0.0013649,1,0,1,1,1,0,0,0,0,1,0,0,1,0,0,0
0.00136492,1,0,1,1,1,1,1,1,0,1,0,0,1,0,0,0
0.00136494,1,0,1,0,1,0,0,0,0,1,0,0,1,0,0,0
0.00136496,1,0,0,0,1,0,0,0,0,1,0,0,1,0,0,0
0.00136498,1,0,1,0,1,0,0,0,0,1,0,0,1,0,0,0
0.00136502,1,0,0,0,1,0,0,0,0,1,0,0,1,0,0,0
0.00136524,1,0,0,0,1,0,0,0,1,0,0,0,1,0,0,0
0.0013653,1,0,0,0,1,0,0,0,1,0,0,0,0,0,0,0
0.00136532,1,0,0,0,1,0,0,0,1,0,0,0,1,0,0,0
0.00136576,1,0,1,1,1,0,0,0,1,0,0,0,1,0,0,0
0.00136578,1,1,1,1,1,1,1,0,1,0,0,0,1,0,0,0
0.00136582,1,1,1,1,1,1,1,1,1,0,0,0,1,0,0,0
0.00136584,0,0,1,1,1,0,1,0,1,0,0,0,1,0,0,0
0.00136588,0,1,1,1,1,1,1,1,1,0,0,0,1,0,0,0
0.0013659,0,0,1,1,1,0,1,0,1,0,0,0,1,0,0,0
0.00136674,1,1,1,1,1,1,1,1,1,0,0,0,1,0,0,0
0.00136676,1,1,1,1,1,1,1,0,1,0,0,0,1,0,0,0
0.00136678,1,1,1,1,1,1,1,1,1,0,0,0,1,0,0,0
0.00136682,1,0,0,1,0,1,0,0,1,0,0,0,1,0,0,0
0.00136686,1,1,1,1,0,1,1,1,1,0,0,0,1,0,0,0
0.00136688,1,0,1,1,0,1,0,0,1,0,0,0,1,0,0,0
0.0013669,1,0,0,1,0,1,0,0,1,0,0,0,1,0,0,0
0.00136694,1,0,1,1,0,1,0,0,1,0,0,0,1,0,0,0
0.00136696,1,0,0,1,0,1,0,0,1,0,0,0,1,0,0,0
0.00136718,1,0,0,1,0,1,0,0,1,0,0,0,0,0,0,0
0.0013672,1,0,0,1,0,1,0,0,1,0,0,1,0,1,0,0
0.00136772,1,0,1,1,0,1,0,0,1,0,0,1,0,1,0,0
0.00136774,1,1,1,1,1,1,1,1,1,0,0,1,0,1,0,0
0.00136776,1,0,1,1,0,1,1,1,1,0,0,1,0,1,0,0
0.00136778,0,1,1,0,1,1,1,1,1,0,0,1,0,1,0,0
0.0013678,0,0,0,0,0,0,1,0,1,0,0,1,0,1,0,0
0.00136784,0,1,1,0,0,0,1,1,1,0,0,1,0,1,0,0
0.00136786,0,0,1,0,0,0,1,0,1,0,0,1,0,1,0,0
0.00136788,0,0,0,0,0,0,1,0,1,0,0,1,0,1,0,0
0.00136792,0,0,1,0,0,0,1,0,1,0,0,1,0,1,0,0
0.00136794,0,0,0,0,0,0,1,0,1,0,0,1,0,1,0,0
0.0013687,0,0,0,0,0,0,1,1,1,0,0,1,0,1,0,0
0.00136872,0,1,1,0,0,0,0,1,1,0,0,1,0,1,0,0
0.00136874,0,0,0,0,0,0,0,1,1,0,0,1,0,1,0,0
0.0013697,1,0,0,1,0,1,0,0,1,0,0,1,0,1,0,0
0.00136972,1,1,1,1,0,1,0,0,1,0,0,1,0,1,0,0
0.00136976,0,1,1,1,0,1,0,0,1,0,0,1,0,1,0,0
0.00137064,0,1,1,1,1,1,1,0,1,0,0,1,0,1,0,0
0.00137066,0,1,1,1,0,1,0,0,1,0,0,1,0,1,0,0
0.0013707,0,1,1,1,0,1,1,1,1,0,0,1,0,1,0,0
0.00137072,1,1,1,1,1,1,1,1,1,0,0,1,0,1,0,0
0.00137076,1,1,1,0,0,1,0,1,1,0,0,1,0,1,0,0
0.00137078,1,0,0,0,0,0,0,1,1,0,0,1,0,1,0,0
0.0013711,1,0,0,0,0,0,0,1,1,0,0,0,0,0,0,1
0.00137116,1,0,0,0,0,0,0,1,0,0,0,0,0,0,0,0
0.00137118,1,0,0,0,0,0,0,1,1,0,0,0,0,0,0,1
0.00137162,1,1,1,1,0,1,0,1,1,0,0,0,0,0,0,1
0.00137164,0,1,1,1,1,1,1,1,1,0,0,0,0,0,0,1
0.00137166,0,1,1,1,0,1,0,0,1,0,0,0,0,0,0,1
0.00137266,1,1,1,1,1,1,1,1,1,0,0,0,0,0,0,1
0.00137272,0,1,0,0,1,0,1,1,1,0,0,0,0,0,0,1
0.00137276,0,1,1,0,1,0,1,1,1,0,0,0,0,0,0,1
0.00137278,0,1,0,0,1,0,1,1,1,0,0,0,0,0,0,1
0.00137304,0,1,0,0,1,0,1,1,0,0,0,0,0,0,0,0
0.00137306,0,1,0,0,1,0,1,1,0,1,0,0,1,0,1,1
0.00137358,0,1,1,1,1,0,1,1,0,1,0,0,1,0,1,1
0.0013736,1,1,1,1,1,1,1,1,0,1,0,0,1,0,1,1
0.00137364,0,1,1,1,0,1,0,0,0,1,0,0,1,0,1,1
0.00137458,1,1,1,1,1,1,1,1,0,1,0,0,1,0,1,1
0.00137554,0,0,0,0,0,0,0,0,0,1,0,0,1,0,1,1
0.00137558,1,0,1,0,0,0,0,0,0,1,0,0,1,0,1,1
0.0013756,0,0,0,0,0,0,0,0,0,1,0,0,1,0,1,1
0.0013765,0,0,1,0,0,0,0,0,0,1,0,0,1,0,1,1
0.00137652,0,0,0,0,0,0,0,0,0,1,0,0,1,0,1,1
0.00137654,0,1,1,1,0,1,0,0,0,1,0,0,1,0,1,1
0.00137656,1,1,1,1,1,1,1,1,0,1,0,0,1,0,1,1
0.00137662,0,1,0,0,1,1,0,0,0,1,0,0,1,0,1,1
0.00137666,1,1,1,1,1,1,0,0,0,1,0,0,1,0,1,1
0.00137668,1,1,1,0,1,1,0,0,0,1,0,0,1,0,1,1
0.0013767,0,1,0,0,1,1,0,0,0,1,0,0,1,0,1,1
0.00137674,0,1,1,0,1,1,0,0,0,1,0,0,1,0,1,1
0.00137676,0,1,0,0,1,1,0,0,0,1,0,0,1,0,1,1
0.00137696,0,1,0,0,1,1,0,0,0,1,0,0,1,1,0,0
0.00137748,1,1,1,0,1,1,0,0,0,1,0,0,1,1,0,0
0.0013775,1,1,1,1,1,1,1,1,0,1,0,0,1,1,0,0
0.00137754,1,1,1,1,0,1,1,1,0,1,0,0,1,1,0,0
0.00137756,1,1,0,0,0,1,0,0,0,1,0,0,1,1,0,0
0.00137758,1,1,1,0,0,1,0,0,0,1,0,0,1,1,0,0
0.0013776,1,1,1,1,0,1,1,1,0,1,0,0,1,1,0,0
0.00137762,1,1,1,0,0,1,0,0,0,1,0,0,1,1,0,0
0.00137764,1,1,0,0,0,1,0,0,0,1,0,0,1,1,0,0
0.00137766,1,1,1,0,0,1,0,0,0,1,0,0,1,1,0,0
0.0013777,1,1,0,0,0,1,0,0,0,1,0,0,1,1,0,0
0.00137774,1,1,1,0,0,1,0,0,0,1,0,0,1,1,0,0
0.00137778,1,1,0,0,0,1,0,0,0,1,0,0,1,1,0,0
0.00137782,1,1,1,0,0,1,0,0,0,1,0,0,1,1,0,0
0.00137784,1,1,0,0,0,1,0,0,0,1,0,0,1,1,0,0
0.0013779,1,1,1,0,0,1,0,0,0,1,0,0,1,1,0,0
0.00137792,1,1,0,0,0,1,0,0,0,1,0,0,1,1,0,0
0.00137846,1,1,1,1,0,1,0,1,0,1,0,0,1,1,0,0
0.00137848,1,1,1,1,1,1,1,1,0,1,0,0,1,1,0,0
0.00137852,1,1,1,1,1,0,1,1,0,1,0,0,1,1,0,0
0.00137854,1,1,0,1,0,0,0,0,0,1,0,0,1,1,0,0
0.00137858,1,1,1,1,1,0,1,1,0,1,0,0,1,1,0,0
0.0013786,1,1,0,1,0,0,0,0,0,1,0,0,1,1,0,0
0.00137866,1,1,1,1,0,0,0,0,0,1,0,0,1,1,0,0
0.00137868,1,1,0,1,0,0,0,0,0,1,0,0,1,1,0,0
0.00137944,1,1,1,1,0,0,0,0,0,1,0,0,1,1,0,0
0.00137946,1,1,1,1,1,1,1,1,0,1,0,0,1,1,0,0
0.00138044,1,1,0,1,1,0,0,0,0,1,0,0,1,1,0,0
0.00138046,0,0,0,1,1,0,1,0,0,1,0,0,1,1,0,0
0.00138048,1,1,1,1,1,1,1,1,0,1,0,0,1,1,0,0
0.00138052,0,1,1,1,1,1,1,1,0,1,0,0,1,1,0,0
0.00138054,1,1,1,0,0,1,0,1,0,1,0,0,1,1,0,0
0.00138056,0,1,1,0,0,1,0,1,0,1,0,0,1,1,0,0
0.00138058,1,1,1,0,0,1,0,1,0,1,0,0,1,1,0,0
0.00138062,0,1,1,0,0,1,0,1,0,1,0,0,1,1,0,0
0.00138086,0,1,1,0,0,1,0,1,0,1,1,0,0,1,0,1
0.0013814,1,1,1,1,0,1,0,1,0,1,1,0,0,1,0,1
0.00138142,1,1,1,1,1,1,1,1,0,1,1,0,0,1,0,1
0.00138146,0,0,0,0,0,0,1,0,0,1,1,0,0,1,0,1
0.00138152,1,1,1,1,0,1,1,1,0,1,1,0,0,1,0,1
0.00138154,1,1,1,1,0,1,1,0,0,1,1,0,0,1,0,1
0.00138156,0,0,0,0,0,0,1,0,0,1,1,0,0,1,0,1
0.0013816,1,0,1,0,0,0,1,0,0,1,1,0,0,1,0,1
0.00138162,0,0,1,0,0,0,1,0,0,1,1,0,0,1,0,1
0.00138164,0,0,0,0,0,0,1,0,0,1,1,0,0,1,0,1
0.00138184,0,0,1,0,0,0,1,0,0,1,1,0,0,1,0,1
0.00138186,0,0,0,0,0,0,1,0,0,1,1,0,0,1,0,1
0.00138236,1,1,1,1,0,0,1,0,0,1,1,0,0,1,0,1
0.00138238,1,1,1,1,1,1,1,1,0,1,1,0,0,1,0,1
0.00138244,0,0,0,0,0,0,0,1,0,1,1,0,0,1,0,1
0.00138248,1,1,1,1,1,1,0,1,0,1,1,0,0,1,0,1
0.0013825,1,1,1,1,0,1,0,1,0,1,1,0,0,1,0,1
0.00138252,0,0,0,0,0,0,0,1,0,1,1,0,0,1,0,1
0.00138256,1,1,1,1,0,1,0,1,0,1,1,0,0,1,0,1
0.00138258,1,1,1,0,0,0,0,1,0,1,1,0,0,1,0,1
0.0013826,0,0,1,0,0,0,0,1,0,1,1,0,0,1,0,1
0.00138294,0,0,0,0,0,0,0,1,0,1,1,0,0,1,0,1
0.00138296,0,0,1,0,0,0,0,1,0,1,1,0,0,1,0,1
0.001383,0,0,0,0,0,0,0,1,0,1,1,0,0,1,0,1
0.0013831,0,0,1,0,0,0,0,1,0,1,1,0,0,1,0,1
0.00138312,0,0,0,0,0,0,0,1,0,1,1,0,0,1,0,1
0.00138334,1,1,1,0,0,0,0,1,0,1,1,0,0,1,0,1
0.00138336,1,1,1,1,1,1,1,1,0,1,1,0,0,1,0,1
0.00138342,0,1,1,1,0,1,0,0,0,1,1,0,0,1,0,1
0.00138346,1,1,1,1,1,1,1,1,0,1,1,0,0,1,0,1
0.00138348,0,1,1,1,0,1,0,0,0,1,1,0,0,1,0,1
0.00138432,1,1,1,1,0,1,1,0,0,1,1,0,0,1,0,1
0.00138434,1,1,1,1,1,1,1,1,0,1,1,0,0,1,0,1
0.00138534,1,1,1,1,0,1,0,0,0,1,1,0,0,1,0,1
0.00138536,0,1,1,1,0,1,0,0,0,1,1,0,0,1,0,1
0.0013854,0,1,1,1,0,1,1,0,0,1,1,0,0,1,0,1
0.00138542,0,1,1,1,0,1,0,0,0,1,1,0,0,1,0,1
0.00138638,1,0,1,0,1,1,1,1,0,1,1,0,0,1,0,1
0.0013864,0,0,1,0,1,0,0,0,0,1,1,0,0,1,0,1
0.00138644,1,0,1,0,1,0,1,0,0,1,1,0,0,1,0,1
0.00138646,0,0,1,0,1,0,0,0,0,1,1,0,0,1,0,1
0.00138672,0,0,1,0,1,0,0,0,0,0,1,0,0,0,0,0
0.00138674,0,0,1,0,1,0,0,0,0,0,1,0,1,0,0,0
0.00138726,0,0,1,0,1,0,1,0,0,0,1,0,1,0,0,0
0.00138728,1,1,1,1,1,1,1,1,0,0,1,0,1,0,0,0
0.00138732,0,0,0,0,0,0,1,0,0,0,1,0,1,0,0,0
0.00138736,0,0,0,0,0,1,1,0,0,0,1,0,1,0,0,0
0.00138738,1,1,1,1,0,1,1,1,0,0,1,0,1,0,0,0
0.0013874,0,0,0,0,0,1,1,0,0,0,1,0,1,0,0,0
0.00138742,0,0,0,0,0,0,1,0,0,0,1,0,1,0,0,0
0.00138746,0,0,0,0,0,1,1,0,0,0,1,0,1,0,0,0
0.00138748,0,0,0,0,0,0,1,0,0,0,1,0,1,0,0,0
0.00138822,1,1,1,1,0,1,1,1,0,0,1,0,1,0,0,0
0.00138824,1,1,1,1,1,1,1,1,0,0,1,0,1,0,0,0
0.0013883,0,0,0,0,0,0,0,1,0,0,1,0,1,0,0,0
0.00138834,1,1,1,1,1,1,1,1,0,0,1,0,1,0,0,0
0.00138836,0,0,1,1,0,1,0,1,0,0,1,0,1,0,0,0
0.00138838,0,0,0,0,0,0,0,1,0,0,1,0,1,0,0,0
0.00138842,0,0,1,1,0,1,0,1,0,0,1,0,1,0,0,0
0.00138844,0,0,1,0,0,0,0,1,0,0,1,0,1,0,0,0
0.00138846,0,0,0,0,0,0,0,1,0,0,1,0,1,0,0,0
0.0013885,0,0,1,0,0,0,0,1,0,0,1,0,1,0,0,0
0.00138852,0,0,0,0,0,0,0,1,0,0,1,0,1,0,0,0
0.0013892,1,1,1,1,1,1,1,1,0,0,1,0,1,0,0,0
0.00138926,1,1,1,1,1,1,1,0,0,0,1,0,1,0,0,0
0.00138928,1,1,0,0,1,0,0,0,0,0,1,0,1,0,0,0
0.00138932,1,1,1,1,1,1,1,0,0,0,1,0,1,0,0,0
0.00138934,1,1,0,0,1,0,0,0,0,0,1,0,1,0,0,0
0.0013894,1,1,1,0,1,0,0,0,0,0,1,0,1,0,0,0
0.00138942,1,1,0,0,1,0,0,0,0,0,1,0,1,0,0,0
0.00138964,1,1,0,0,1,0,0,0,0,0,0,0,1,0,0,0
0.00138966,1,1,0,0,1,0,0,0,1,1,0,0,1,0,0,0
0.00139018,1,1,1,0,1,0,0,0,1,1,0,0,1,0,0,0
0.0013902,1,1,1,1,1,1,1,1,1,1,0,0,1,0,0,0
0.00139024,1,0,0,0,1,1,1,0,1,1,0,0,1,0,0,0
0.00139028,1,1,1,1,1,1,1,0,1,1,0,0,1,0,0,0
0.0013903,1,0,0,0,1,1,1,0,1,1,0,0,1,0,0,0
0.00139114,1,1,1,1,1,1,1,0,1,1,0,0,1,0,0,0
0.00139116,1,1,1,1,1,1,1,1,1,1,0,0,1,0,0,0
0.00139122,0,1,1,1,1,0,0,0,1,1,0,0,1,0,0,0
0.00139124,0,1,0,0,1,0,0,0,1,1,0,0,1,0,0,0
0.00139126,0,1,1,0,1,0,0,0,1,1,0,0,1,0,0,0
0.00139128,1,1,1,1,1,1,1,0,1,1,0,0,1,0,0,0
0.0013913,0,1,1,1,1,0,0,0,1,1,0,0,1,0,0,0
0.00139132,0,1,0,0,1,0,0,0,1,1,0,0,1,0,0,0
0.00139134,0,1,1,0,1,0,0,0,1,1,0,0,1,0,0,0
0.0013914,0,1,0,0,1,0,0,0,1,1,0,0,1,0,0,0
0.00139142,0,1,1,0,1,0,0,0,1,1,0,0,1,0,0,0
0.00139146,0,1,0,0,1,0,0,0,1,1,0,0,1,0,0,0
0.0013916,0,1,0,0,1,0,0,0,0,1,0,0,1,0,0,0
0.00139212,1,1,1,1,1,0,0,0,0,1,0,0,1,0,0,0
0.00139214,1,1,1,1,1,1,1,1,0,1,0,0,1,0,0,0
0.0013922,1,1,0,0,1,1,0,0,0,1,0,0,1,0,0,0
0.00139224,1,1,1,1,1,1,1,1,0,1,0,0,1,0,0,0
0.00139226,1,1,0,0,1,1,0,0,0,1,0,0,1,0,0,0
0.00139232,1,1,1,0,1,1,0,0,0,1,0,0,1,0,0,0
0.00139234,1,1,0,0,1,1,0,0,0,1,0,0,1,0,0,0
0.0013931,1,1,1,1,1,1,1,0,0,1,0,0,1,0,0,0
0.00139312,1,1,1,1,1,1,1,1,0,1,0,0,1,0,0,0
0.00139318,1,0,0,0,1,0,0,0,0,1,0,0,1,0,0,0
0.00139322,1,0,1,1,1,1,1,0,0,1,0,0,1,0,0,0
0.00139324,1,1,1,1,1,1,1,1,0,1,0,0,1,0,0,0
0.00139326,1,0,1,0,1,0,0,0,0,1,0,0,1,0,0,0
0.00139328,1,0,0,0,1,0,0,0,0,1,0,0,1,0,0,0
0.0013933,1,0,1,1,1,0,0,0,0,1,0,0,1,0,0,0
0.00139334,1,0,1,0,1,0,0,0,0,1,0,0,1,0,0,0
0.00139338,1,0,1,1,1,0,0,0,0,1,0,0,1,0,0,0
0.0013934,1,0,1,0,1,0,0,0,0,1,0,0,1,0,0,0
0.00139354,1,0,1,0,1,0,0,0,0,0,0,0,1,0,0,0
0.00139356,1,0,1,0,1,0,0,0,1,0,0,0,1,0,0,0
0.00139358,1,0,0,0,1,0,0,0,1,0,0,0,1,0,0,0
0.0013936,1,0,1,0,1,0,0,0,1,0,0,0,1,0,0,0
0.00139362,1,0,1,0,1,0,0,0,0,0,0,0,0,0,0,0
0.00139364,1,0,0,0,1,0,0,0,1,0,0,0,1,0,0,0
0.00139368,1,0,1,0,1,0,0,0,1,0,0,0,1,0,0,0
0.0013937,1,0,0,0,1,0,0,0,1,0,0,0,1,0,0,0
0.00139408,1,0,1,1,1,0,0,0,1,0,0,0,1,0,0,0
0.0013941,1,1,1,1,1,1,1,1,1,0,0,0,1,0,0,0
0.00139414,0,1,1,1,1,0,1,0,1,0,0,0,1,0,0,0
0.00139416,0,0,1,1,1,0,1,0,1,0,0,0,1,0,0,0
0.00139418,0,1,1,1,1,1,1,0,1,0,0,0,1,0,0,0
0.00139422,0,0,1,1,1,0,1,0,1,0,0,0,1,0,0,0
0.00139506,0,1,1,1,1,0,1,0,1,0,0,0,1,0,0,0
0.00139508,1,1,1,1,1,1,1,1,1,0,0,0,1,0,0,0
0.00139512,1,1,1,1,0,1,1,1,1,0,0,0,1,0,0,0
0.00139514,0,1,0,1,0,1,0,0,1,0,0,0,1,0,0,0
0.00139518,1,1,1,1,0,1,1,1,1,0,0,0,1,0,0,0
0.0013952,0,1,1,1,0,1,0,0,1,0,0,0,1,0,0,0
0.00139522,0,1,0,1,0,1,0,0,1,0,0,0,1,0,0,0
0.00139526,0,1,1,1,0,1,0,0,1,0,0,0,1,0,0,0
0.00139528,0,1,0,1,0,1,0,0,1,0,0,0,1,0,0,0
0.00139548,0,1,1,1,0,1,0,0,1,0,0,0,1,0,0,0
0.0013955,0,1,1,1,0,1,0,0,0,1,0,0,0,0,0,0
0.00139552,0,1,0,1,0,1,0,0,0,1,0,1,0,1,0,0
0.00139556,0,1,1,1,0,1,0,0,0,1,0,1,0,1,0,0
0.00139558,0,1,0,1,0,1,0,0,0,1,0,1,0,1,0,0
0.00139604,1,1,1,1,0,1,1,0,0,1,0,1,0,1,0,0
0.00139606,1,1,1,1,1,1,1,1,0,1,0,1,0,1,0,0
0.00139608,0,1,0,1,0,1,1,1,0,1,0,1,0,1,0,0
0.0013961,0,0,0,0,0,0,1,0,0,1,0,1,0,1,0,0
0.00139614,0,0,1,0,0,0,1,0,0,1,0,1,0,1,0,0
0.00139616,1,0,1,0,0,0,1,0,0,1,0,1,0,1,0,0
0.00139618,0,0,0,0,0,0,1,0,0,1,0,1,0,1,0,0
0.00139702,0,0,0,0,0,0,1,1,0,1,0,1,0,1,0,0
0.00139704,0,0,1,0,0,0,0,1,0,1,0,1,0,1,0,0
0.00139706,0,0,0,0,0,0,0,1,0,1,0,1,0,1,0,0
0.00139802,1,1,0,0,1,1,0,1,0,1,0,1,0,1,0,0
0.00139804,1,1,1,1,1,1,0,0,0,1,0,1,0,1,0,0
0.00139806,1,1,0,0,1,1,0,0,0,1,0,1,0,1,0,0
0.00139896,1,1,0,0,1,1,1,0,0,1,0,1,0,1,0,0
0.00139898,1,1,1,0,1,1,0,0,0,1,0,1,0,1,0,0
0.001399,1,1,0,0,1,1,0,0,0,1,0,1,0,1,0,0
0.00139902,1,1,1,1,1,1,1,1,0,1,0,1,0,1,0,0
0.00139908,1,1,0,0,1,1,0,0,0,1,0,1,0,1,0,0
0.0013991,1,0,0,0,0,1,0,0,0,1,0,1,0,1,0,0
0.0013994,1,0,0,0,0,1,0,0,0,0,0,0,0,1,0,0
0.00139942,1,0,0,0,0,1,0,0,1,0,0,0,0,1,0,0
0.00139948,1,0,0,0,0,1,0,0,0,0,0,0,0,0,0,0
0.0013995,1,0,0,0,0,1,0,0,1,0,0,0,0,1,0,0
0.00139996,1,1,1,1,1,1,1,1,1,0,0,0,0,1,0,0
0.00140002,0,0,0,0,0,0,1,0,1,0,0,0,0,1,0,0
0.00140006,0,0,1,0,0,0,1,0,1,0,0,0,0,1,0,0
0.00140008,1,1,1,1,0,0,1,0,1,0,0,0,0,1,0,0
0.0014001,0,0,0,0,0,0,1,0,1,0,0,0,0,1,0,0
0.00140014,0,0,1,0,0,0,1,0,1,0,0,0,0,1,0,0
0.00140018,0,0,0,0,0,0,1,0,1,0,0,0,0,1,0,0
0.00140092,1,1,0,1,0,0,1,1,1,0,0,0,0,1,0,0
0.00140094,1,1,1,1,1,1,1,1,1,0,0,0,0,1,0,0
0.00140096,0,0,0,0,0,0,1,1,1,0,0,0,0,1,0,0
0.00140098,0,0,0,0,0,0,0,1,1,0,0,0,0,1,0,0
0.00140102,1,1,1,1,0,0,0,1,1,0,0,0,0,1,0,0
0.00140104,0,0,0,0,0,0,0,1,1,0,0,0,0,1,0,0
0.00140192,1,1,1,1,1,1,1,1,1,0,0,0,0,1,0,0
0.00140196,1,1,0,0,1,1,0,0,1,0,0,0,0,1,0,0
0.001402,1,1,1,1,1,1,1,0,1,0,0,0,0,1,0,0
0.00140202,1,1,1,0,1,1,0,0,1,0,0,0,0,1,0,0
0.00140204,1,1,0,0,1,1,0,0,1,0,0,0,0,1,0,0
0.00140208,1,1,1,0,1,1,0,0,1,0,0,0,0,1,0,0
0.0014021,1,1,0,0,1,1,0,0,1,0,0,0,0,1,0,0
0.00140292,1,1,1,1,1,1,1,1,1,0,0,0,0,1,0,0
0.00140302,0,1,0,0,1,0,1,1,1,0,0,0,0,1,0,0
0.00140306,1,1,1,1,1,1,1,1,1,0,0,0,0,1,0,0
0.00140308,0,1,0,0,1,0,1,1,1,0,0,0,0,1,0,0
0.00140332,0,1,0,0,1,0,1,1,0,1,0,0,1,0,1,1
0.00140384,1,1,1,1,1,0,1,1,0,1,0,0,1,0,1,1
0.00140386,1,1,1,1,1,1,1,1,0,1,0,0,1,0,1,1
0.0014039,1,1,1,1,1,1,1,0,0,1,0,0,1,0,1,1
0.00140392,1,1,0,0,1,1,0,0,0,1,0,0,1,0,1,1
0.00140396,1,1,1,1,1,1,1,0,0,1,0,0,1,0,1,1
0.00140398,1,1,0,0,1,1,0,0,0,1,0,0,1,0,1,1
0.00140402,1,1,1,0,1,1,0,0,0,1,0,0,1,0,1,1
0.00140406,1,1,0,0,1,1,0,0,0,1,0,0,1,0,1,1
0.00140482,1,1,1,1,1,1,0,0,0,1,0,0,1,0,1,1
0.00140484,1,1,1,1,1,1,1,1,0,1,0,0,1,0,1,1
0.0014058,0,0,0,0,0,0,0,0,0,1,0,0,1,0,1,1
0.00140676,1,0,1,0,0,0,0,0,0,1,0,0,1,0,1,1
0.00140678,0,0,0,0,0,0,0,0,0,1,0,0,1,0,1,1
0.0014068,1,1,0,0,1,1,0,0,0,1,0,0,1,0,1,1
0.00140682,1,1,1,0,1,1,1,0,0,1,0,0,1,0,1,1
0.00140684,1,1,1,1,1,1,1,1,0,1,0,0,1,0,1,1
0.00140688,1,1,1,0,1,1,0,0,0,1,0,0,1,0,1,1
0.0014069,0,1,0,0,1,1,0,0,0,1,0,0,1,0,1,1
0.00140694,1,1,1,1,1,1,1,0,0,1,0,0,1,0,1,1
0.00140696,0,1,0,0,1,1,0,0,0,1,0,0,1,0,1,1
0.00140722,0,1,0,0,1,1,0,0,0,1,0,0,1,0,0,0
0.00140724,0,1,0,0,1,1,0,0,0,1,0,0,1,1,0,0
0.00140774,0,1,1,0,1,1,0,0,0,1,0,0,1,1,0,0
0.00140776,1,1,1,1,1,1,0,0,0,1,0,0,1,1,0,0
0.00140778,1,1,1,1,1,1,1,1,0,1,0,0,1,1,0,0
0.0014078,1,1,1,1,0,1,1,1,0,1,0,0,1,1,0,0
0.00140782,0,1,1,0,0,1,0,0,0,1,0,0,1,1,0,0
0.00140786,1,1,1,1,0,1,1,1,0,1,0,0,1,1,0,0
0.00140788,0,1,1,0,0,1,0,0,0,1,0,0,1,1,0,0
0.00140872,1,1,1,1,0,1,0,0,0,1,0,0,1,1,0,0
0.00140874,1,1,1,1,1,1,1,1,0,1,0,0,1,1,0,0
0.0014088,1,1,0,1,0,0,0,0,0,1,0,0,1,1,0,0
0.00140884,1,1,1,1,0,0,1,0,0,1,0,0,1,1,0,0
0.00140886,1,1,0,1,0,0,0,0,0,1,0,0,1,1,0,0
0.00140972,1,1,1,1,1,1,1,1,0,1,0,0,1,1,0,0
0.00141072,0,0,1,1,1,1,1,0,0,1,0,0,1,1,0,0
0.00141074,0,0,0,1,1,0,1,0,0,1,0,0,1,1,0,0
0.00141076,1,1,1,1,1,1,1,1,0,1,0,0,1,1,0,0
0.00141078,0,1,1,1,1,1,1,1,0,1,0,0,1,1,0,0
0.0014108,1,1,1,1,1,1,1,1,0,1,0,0,1,1,0,0
0.00141082,0,1,1,0,0,1,0,1,0,1,0,0,1,1,0,0
0.00141112,0,1,1,0,0,1,0,1,0,1,0,0,0,1,0,0
0.00141114,0,1,1,0,0,1,0,1,0,1,1,0,0,1,0,1
0.0014112,0,1,1,0,0,1,0,1,0,1,1,0,0,1,0,0
0.00141122,0,1,1,0,0,1,0,1,0,1,1,0,0,1,0,1
0.00141166,0,1,1,1,0,1,0,1,0,1,1,0,0,1,0,1
0.00141168,1,1,1,1,1,1,1,1,0,1,1,0,0,1,0,1
0.00141172,1,0,1,1,1,0,1,0,0,1,1,0,0,1,0,1
0.00141174,0,0,0,0,0,0,1,0,0,1,1,0,0,1,0,1
0.00141176,0,0,1,0,0,0,1,0,0,1,1,0,0,1,0,1
0.00141178,1,1,1,1,0,1,1,0,0,1,1,0,0,1,0,1
0.00141182,0,0,0,0,0,0,1,0,0,1,1,0,0,1,0,1
0.00141184,0,0,1,0,0,0,1,0,0,1,1,0,0,1,0,1
0.00141186,0,0,1,1,0,0,1,0,0,1,1,0,0,1,0,1
0.00141188,0,0,1,0,0,0,1,0,0,1,1,0,0,1,0,1
0.00141258,0,0,0,0,0,0,1,0,0,1,1,0,0,1,0,1
0.0014126,0,0,1,0,0,0,1,0,0,1,1,0,0,1,0,1
0.00141262,0,0,0,0,0,0,1,0,0,1,1,0,0,1,0,1
0.00141264,1,1,1,1,1,1,1,1,0,1,1,0,0,1,0,1
0.00141268,0,0,0,0,0,1,0,1,0,1,1,0,0,1,0,1
0.0014127,0,0,0,0,0,0,0,1,0,1,1,0,0,1,0,1
0.00141272,1,1,1,1,0,1,0,1,0,1,1,0,0,1,0,1
0.00141274,1,1,1,1,1,1,1,1,0,1,1,0,0,1,0,1
0.00141276,1,1,1,1,0,1,0,1,0,1,1,0,0,1,0,1
0.00141278,0,0,0,0,0,0,0,1,0,1,1,0,0,1,0,1
0.0014128,0,0,1,1,0,1,0,1,0,1,1,0,0,1,0,1
0.00141282,1,1,1,1,0,1,0,1,0,1,1,0,0,1,0,1
0.00141284,0,1,1,1,0,1,0,1,0,1,1,0,0,1,0,1
0.00141286,0,0,1,0,0,1,0,1,0,1,1,0,0,1,0,1
0.00141288,0,0,1,1,0,1,0,1,0,1,1,0,0,1,0,1
0.00141294,0,0,1,0,0,1,0,1,0,1,1,0,0,1,0,1
0.00141296,0,0,1,1,0,1,0,1,0,1,1,0,0,1,0,1
0.00141302,0,0,1,0,0,1,0,1,0,1,1,0,0,1,0,1
0.00141306,0,0,1,0,0,0,0,1,0,1,1,0,0,1,0,1
0.00141308,0,0,1,1,0,1,0,1,0,1,1,0,0,1,0,1
0.0014131,0,0,1,0,0,1,0,1,0,1,1,0,0,1,0,1
0.0014132,0,0,1,0,0,0,0,1,0,1,1,0,0,1,0,1
0.00141322,0,0,1,0,0,1,0,1,0,1,1,0,0,1,0,1
0.00141326,0,0,1,0,0,0,0,1,0,1,1,0,0,1,0,1
0.00141358,0,0,0,0,0,0,0,1,0,1,1,0,0,1,0,1
0.0014136,1,1,1,1,0,0,0,1,0,1,1,0,0,1,0,1
0.00141362,1,1,1,1,1,1,1,1,0,1,1,0,0,1,0,1
0.00141368,0,1,1,1,0,1,0,0,0,1,1,0,0,1,0,1
0.00141372,1,1,1,1,1,1,1,1,0,1,1,0,0,1,0,1
0.00141374,0,1,1,1,0,1,0,0,0,1,1,0,0,1,0,1
0.0014146,1,1,1,1,1,1,1,1,0,1,1,0,0,1,0,1
0.00141562,0,1,1,1,0,1,0,0,0,1,1,0,0,1,0,1
0.00141566,1,1,1,1,1,1,1,1,0,1,1,0,0,1,0,1
0.00141568,0,1,1,1,0,1,0,0,0,1,1,0,0,1,0,1
0.00141664,1,1,1,1,1,1,1,1,0,1,1,0,0,1,0,1
0.00141666,0,0,1,0,1,0,0,0,0,1,1,0,0,1,0,1
0.0014167,1,0,1,0,1,0,1,0,0,1,1,0,0,1,0,1
0.00141672,0,0,1,0,1,0,0,0,0,1,1,0,0,1,0,1
0.00141698,0,0,1,0,1,0,0,0,0,0,1,0,0,0,0,0
0.001417,0,0,1,0,1,0,0,0,0,0,1,0,1,0,0,0
0.0014175,1,0,1,0,1,0,0,0,0,0,1,0,1,0,0,0
0.00141752,1,1,1,0,1,0,0,0,0,0,1,0,1,0,0,0
0.00141754,1,1,1,1,1,1,1,1,0,0,1,0,1,0,0,0
0.00141758,0,0,0,0,0,0,1,0,0,0,1,0,1,0,0,0
0.00141764,1,1,1,1,0,1,1,0,0,0,1,0,1,0,0,0
0.00141766,1,0,1,1,0,0,1,0,0,0,1,0,1,0,0,0
0.00141768,0,0,0,0,0,0,1,0,0,0,1,0,1,0,0,0
0.00141772,0,0,1,0,0,0,1,0,0,0,1,0,1,0,0,0
0.00141774,0,0,0,0,0,0,1,0,0,0,1,0,1,0,0,0
0.00141848,0,0,1,0,0,0,1,0,0,0,1,0,1,0,0,0
0.0014185,1,1,1,1,0,0,1,1,0,0,1,0,1,0,0,0
0.00141852,1,1,1,1,1,1,1,1,0,0,1,0,1,0,0,0
0.00141856,0,0,0,0,0,0,0,1,0,0,1,0,1,0,0,0
0.0014186,1,1,1,1,0,1,1,1,0,0,1,0,1,0,0,0
0.00141864,0,0,0,0,0,0,0,1,0,0,1,0,1,0,0,0
0.00141868,0,0,1,0,0,1,0,1,0,0,1,0,1,0,0,0
0.0014187,0,0,1,0,0,0,0,1,0,0,1,0,1,0,0,0
0.00141872,0,0,0,0,0,0,0,1,0,0,1,0,1,0,0,0
0.00141946,1,1,0,0,0,0,0,1,0,0,1,0,1,0,0,0
0.00141948,0,1,1,1,0,0,0,1,0,0,1,0,1,0,0,0
0.0014195,1,1,1,1,1,1,1,1,0,0,1,0,1,0,0,0
0.00141954,1,1,0,0,1,0,0,0,0,0,1,0,1,0,0,0
0.00141958,1,1,1,1,1,1,1,0,0,0,1,0,1,0,0,0
0.0014196,1,1,1,1,1,1,0,0,0,0,1,0,1,0,0,0
0.00141962,1,1,0,0,1,0,0,0,0,0,1,0,1,0,0,0
0.00141966,1,1,1,1,1,1,0,0,0,0,1,0,1,0,0,0
0.00141968,1,1,1,0,1,0,0,0,0,0,1,0,1,0,0,0
0.0014197,1,1,0,0,1,0,0,0,0,0,1,0,1,0,0,0
0.00141972,1,1,1,0,1,0,0,0,0,0,1,0,1,0,0,0
0.00141976,1,1,0,0,1,0,0,0,0,0,1,0,1,0,0,0
0.0014198,1,1,1,0,1,0,0,0,0,0,1,0,1,0,0,0
0.00141982,1,1,0,0,1,0,0,0,0,0,1,0,1,0,0,0
0.00141992,1,1,0,0,1,0,0,0,1,1,0,0,1,0,0,0
0.00141996,1,1,1,0,1,0,0,0,1,1,0,0,1,0,0,0
0.00141998,1,1,1,0,1,0,0,0,0,0,0,0,0,0,0,0
0.00142,1,1,0,0,1,0,0,0,1,1,0,0,1,0,0,0
0.00142004,1,1,1,0,1,0,0,0,1,1,0,0,1,0,0,0
0.00142006,1,1,0,0,1,0,0,0,1,1,0,0,1,0,0,0
0.00142044,1,1,1,1,1,0,0,0,1,1,0,0,1,0,0,0
0.00142046,1,1,1,1,1,1,1,1,1,1,0,0,1,0,0,0
0.0014205,1,0,1,1,1,1,1,1,1,1,0,0,1,0,0,0
0.00142052,1,0,0,0,1,1,1,0,1,1,0,0,1,0,0,0
0.00142054,1,0,1,0,1,1,1,0,1,1,0,0,1,0,0,0
0.00142056,1,0,1,1,1,1,1,0,1,1,0,0,1,0,0,0
0.00142058,1,0,0,0,1,1,1,0,1,1,0,0,1,0,0,0
0.00142062,1,0,1,0,1,1,1,0,1,1,0,0,1,0,0,0
0.00142064,1,0,0,0,1,1,1,0,1,1,0,0,1,0,0,0
0.00142142,1,1,1,1,1,1,1,0,1,1,0,0,1,0,0,0
0.00142144,1,1,1,1,1,1,1,1,1,1,0,0,1,0,0,0
0.0014215,0,1,0,0,1,0,0,0,1,1,0,0,1,0,0,0
0.00142154,0,1,1,1,1,0,0,0,1,1,0,0,1,0,0,0
0.00142158,0,1,0,0,1,0,0,0,1,1,0,0,1,0,0,0
0.00142162,0,1,1,0,1,0,0,0,1,1,0,0,1,0,0,0
0.00142166,0,1,0,0,1,0,0,0,1,1,0,0,1,0,0,0
0.00142186,0,1,0,0,1,0,0,0,0,1,0,0,1,0,0,0
0.0014224,0,1,1,1,1,0,0,0,0,1,0,0,1,0,0,0
0.00142242,1,1,1,1,1,1,0,0,0,1,0,0,1,0,0,0
0.00142244,1,1,1,1,1,1,1,1,0,1,0,0,1,0,0,0
0.00142246,1,1,0,0,1,1,0,0,0,1,0,0,1,0,0,0
0.0014225,1,1,1,1,1,1,0,0,0,1,0,0,1,0,0,0
0.00142252,1,1,0,0,1,1,0,0,0,1,0,0,1,0,0,0
0.00142338,1,1,0,0,1,1,1,0,0,1,0,0,1,0,0,0
0.0014234,1,1,1,1,1,1,1,1,0,1,0,0,1,0,0,0
0.00142344,1,0,0,0,1,0,0,0,0,1,0,0,1,0,0,0
0.00142348,1,0,1,0,1,0,0,0,0,1,0,0,1,0,0,0
0.0014235,1,1,1,1,1,1,1,0,0,1,0,0,1,0,0,0
0.00142352,1,0,1,1,1,0,0,0,0,1,0,0,1,0,0,0
0.00142354,1,0,0,0,1,0,0,0,0,1,0,0,1,0,0,0
0.00142356,1,0,1,0,1,0,0,0,0,1,0,0,1,0,0,0
0.00142358,1,0,1,1,1,0,0,0,0,1,0,0,1,0,0,0
0.0014236,1,0,1,0,1,0,0,0,0,1,0,0,1,0,0,0
0.00142362,1,0,0,0,1,0,0,0,0,1,0,0,1,0,0,0
0.00142364,1,0,1,0,1,0,0,0,0,1,0,0,1,0,0,0
0.00142368,1,0,0,0,1,0,0,0,0,1,0,0,1,0,0,0
0.00142372,1,0,1,0,1,0,0,0,0,1,0,0,1,0,0,0
0.00142376,1,0,0,0,1,0,0,0,0,1,0,0,1,0,0,0
0.0014238,1,0,1,0,1,0,0,0,0,1,0,0,1,0,0,0
0.00142382,1,0,0,0,1,0,0,0,1,0,0,0,1,0,0,0
0.00142388,1,0,1,0,1,0,0,0,1,0,0,0,1,0,0,0
0.0014239,1,0,0,0,1,0,0,0,1,0,0,0,1,0,0,0
0.00142434,1,1,1,1,1,0,0,0,1,0,0,0,1,0,0,0
0.00142436,1,1,1,1,1,1,1,1,1,0,0,0,1,0,0,0
0.00142442,0,0,1,1,1,0,1,0,1,0,0,0,1,0,0,0
0.00142446,1,1,1,1,1,1,1,1,1,0,0,0,1,0,0,0
0.00142448,0,0,1,1,1,0,1,0,1,0,0,0,1,0,0,0
0.00142532,1,1,1,1,1,0,1,0,1,0,0,0,1,0,0,0
0.00142534,1,1,1,1,1,1,1,1,1,0,0,0,1,0,0,0
0.0014254,1,1,0,1,0,1,0,0,1,0,0,0,1,0,0,0
0.00142544,1,1,1,1,0,1,0,0,1,0,0,0,1,0,0,0
0.00142546,1,1,0,1,0,1,0,0,1,0,0,0,1,0,0,0
0.00142576,1,1,0,1,0,1,0,0,1,0,0,0,0,0,0,0
0.00142578,1,1,0,1,0,1,0,0,1,1,0,1,0,1,0,0
0.00142584,1,1,0,1,0,1,0,0,0,0,0,0,0,1,0,0
0.00142586,1,1,0,1,0,1,0,0,1,1,0,1,0,1,0,0
0.00142632,1,1,1,1,0,1,1,1,1,1,0,1,0,1,0,0
0.00142634,1,1,0,1,0,1,1,0,1,1,0,1,0,1,0,0
0.00142636,1,1,1,1,1,1,1,1,1,1,0,1,0,1,0,0
0.00142638,0,0,0,0,0,0,1,0,1,1,0,1,0,1,0,0
0.00142642,0,0,1,0,0,0,1,0,1,1,0,1,0,1,0,0
0.00142646,0,0,0,0,0,0,1,0,1,1,0,1,0,1,0,0
0.00142728,0,0,0,0,0,0,1,1,1,1,0,1,0,1,0,0
0.0014273,0,0,1,0,0,0,0,1,1,1,0,1,0,1,0,0
0.00142732,0,0,0,0,0,0,0,1,1,1,0,1,0,1,0,0
0.00142828,1,1,0,0,1,0,1,1,1,1,0,1,0,1,0,0
0.0014283,1,1,1,1,1,1,1,1,1,1,0,1,0,1,0,0
0.00142832,1,1,1,1,1,1,1,0,1,1,0,1,0,1,0,0
0.00142834,0,1,1,1,0,1,0,0,1,1,0,1,0,1,0,0
0.00142922,0,1,1,1,1,1,1,0,1,1,0,1,0,1,0,0
0.00142924,0,1,1,1,0,1,0,0,1,1,0,1,0,1,0,0
0.0014293,1,1,1,1,1,1,1,1,1,1,0,1,0,1,0,0
0.00142934,0,1,0,0,1,0,1,1,1,1,0,1,0,1,0,0
0.00142936,0,1,0,0,0,0,0,1,1,1,0,1,0,1,0,0
0.00142968,0,1,0,0,0,0,0,1,0,1,0,0,0,0,0,1
0.0014302,0,1,1,1,0,1,0,1,0,1,0,0,0,0,0,1
0.00143022,1,1,1,1,1,1,0,0,0,1,0,0,0,0,0,1
0.00143024,0,1,1,1,0,1,0,0,0,1,0,0,0,0,0,1
0.00143124,1,1,1,1,1,1,1,1,0,1,0,0,0,0,0,1
0.0014313,0,1,0,0,1,0,1,1,0,1,0,0,0,0,0,1
0.00143134,1,1,1,0,1,1,1,1,0,1,0,0,0,0,0,1
0.00143136,0,1,0,0,1,0,1,1,0,1,0,0,0,0,0,1
0.00143162,0,1,0,0,1,0,1,1,0,1,0,0,0,0,0,0
0.00143164,0,1,0,0,1,0,1,1,0,1,0,0,1,0,1,1
0.00143216,1,1,1,1,1,0,1,1,0,1,0,0,1,0,1,1
0.00143218,1,1,1,1,1,1,1,1,0,1,0,0,1,0,1,1
0.00143222,0,1,1,1,0,1,0,0,0,1,0,0,1,0,1,1
0.00143226,1,1,1,1,0,1,0,0,0,1,0,0,1,0,1,1
0.00143228,0,1,1,1,0,1,0,0,0,1,0,0,1,0,1,1
0.00143316,1,1,1,1,1,1,1,0,0,1,0,0,1,0,1,1
0.00143318,1,1,1,1,1,1,1,1,0,1,0,0,1,0,1,1
0.00143412,0,0,0,0,0,0,0,0,0,1,0,0,1,0,1,1
0.00143416,0,0,1,0,0,0,0,0,0,1,0,0,1,0,1,1
0.00143418,0,0,0,0,0,0,0,0,0,1,0,0,1,0,1,1
0.00143508,1,0,1,0,0,0,0,0,0,1,0,0,1,0,1,1
0.0014351,0,0,0,0,0,0,0,0,0,1,0,0,1,0,1,1
0.00143512,0,1,1,1,0,1,0,0,0,1,0,0,1,0,1,1
0.00143514,1,1,1,1,1,1,1,1,0,1,0,0,1,0,1,1
0.0014352,0,1,0,0,1,1,0,0,0,1,0,0,1,0,1,1
0.00143524,1,1,1,1,1,1,0,0,0,1,0,0,1,0,1,1
0.00143526,1,1,1,0,1,1,0,0,0,1,0,0,1,0,1,1
0.00143528,0,1,0,0,1,1,0,0,0,1,0,0,1,0,1,1
0.00143532,0,1,1,0,1,1,0,0,0,1,0,0,1,0,1,1
0.00143534,0,1,0,0,1,1,0,0,0,1,0,0,1,0,1,1
0.00143554,0,1,0,0,1,1,0,0,0,1,0,0,1,1,0,0
0.00143606,1,1,0,1,1,1,0,0,0,1,0,0,1,1,0,0
0.00143608,1,1,1,1,1,1,0,0,0,1,0,0,1,1,0,0
0.0014361,1,1,1,1,1,1,1,1,0,1,0,0,1,1,0,0
0.00143612,1,1,1,1,0,1,1,1,0,1,0,0,1,1,0,0
0.00143614,1,0,0,1,0,1,0,0,0,1,0,0,1,1,0,0
0.00143618,1,0,1,1,0,1,0,0,0,1,0,0,1,1,0,0
0.0014362,1,0,0,1,0,1,0,0,0,1,0,0,1,1,0,0
0.00143704,1,1,1,1,1,1,1,1,0,1,0,0,1,1,0,0
0.0014371,1,1,1,1,0,0,0,0,0,1,0,0,1,1,0,0
0.00143712,1,1,0,1,0,0,0,0,0,1,0,0,1,1,0,0
0.00143716,1,1,1,1,0,0,0,0,0,1,0,0,1,1,0,0
0.00143718,1,1,0,1,0,0,0,0,0,1,0,0,1,1,0,0
0.00143804,1,1,1,1,1,1,1,1,0,1,0,0,1,1,0,0
0.00143904,0,0,0,1,1,0,1,0,0,1,0,0,1,1,0,0
0.00143908,1,1,1,1,1,1,1,1,0,1,0,0,1,1,0,0
0.00143912,1,1,1,0,0,1,0,1,0,1,0,0,1,1,0,0
0.00143914,0,1,1,0,0,1,0,1,0,1,0,0,1,1,0,0
0.00143918,1,1,1,0,0,1,0,1,0,1,0,0,1,1,0,0
0.0014392,0,1,1,0,0,1,0,1,0,1,0,0,1,1,0,0
0.00143944,0,1,1,0,0,1,0,1,0,1,1,0,0,1,0,1
0.00143996,1,1,1,1,0,1,0,1,0,1,1,0,0,1,0,1
0.00143998,1,1,1,1,1,1,0,1,0,1,1,0,0,1,0,1
0.00144,1,1,1,1,1,1,1,1,0,1,1,0,0,1,0,1
0.00144004,0,0,0,0,0,0,1,0,0,1,1,0,0,1,0,1
0.00144008,1,1,1,1,0,1,1,0,0,1,1,0,0,1,0,1
0.00144014,0,0,0,0,0,0,1,0,0,1,1,0,0,1,0,1
0.00144016,1,0,1,1,0,0,1,0,0,1,1,0,0,1,0,1
0.00144022,0,0,1,0,0,0,1,0,0,1,1,0,0,1,0,1
0.00144024,1,0,1,1,0,0,1,0,0,1,1,0,0,1,0,1
0.0014403,0,0,1,0,0,0,1,0,0,1,1,0,0,1,0,1
0.00144034,1,0,1,1,0,0,1,0,0,1,1,0,0,1,0,1
0.00144036,0,0,1,0,0,0,1,0,0,1,1,0,0,1,0,1
0.00144042,1,0,1,1,0,0,1,0,0,1,1,0,0,1,0,1
0.00144044,0,0,1,0,0,0,1,0,0,1,1,0,0,1,0,1
0.0014409,0,0,0,0,0,0,1,0,0,1,1,0,0,1,0,1
0.00144094,1,1,1,1,0,0,1,0,0,1,1,0,0,1,0,1
0.00144096,1,1,1,1,1,1,1,1,0,1,1,0,0,1,0,1
0.001441,0,0,0,0,0,0,0,1,0,1,1,0,0,1,0,1
0.00144104,1,1,1,1,0,1,0,1,0,1,1,0,0,1,0,1
0.00144106,1,1,1,1,1,1,1,1,0,1,1,0,0,1,0,1
0.00144108,0,0,1,0,0,1,0,1,0,1,1,0,0,1,0,1
0.0014411,0,0,0,0,0,0,0,1,0,1,1,0,0,1,0,1
0.00144112,1,1,1,1,0,1,0,1,0,1,1,0,0,1,0,1
0.00144116,0,0,1,1,0,1,0,1,0,1,1,0,0,1,0,1
0.00144118,0,0,1,0,0,1,0,1,0,1,1,0,0,1,0,1
0.0014412,0,0,1,1,0,1,0,1,0,1,1,0,0,1,0,1
0.00144126,0,0,1,0,0,1,0,1,0,1,1,0,0,1,0,1
0.00144128,0,0,1,1,0,1,0,1,0,1,1,0,0,1,0,1
0.00144132,0,0,1,0,0,1,0,1,0,1,1,0,0,1,0,1
0.00144138,0,0,1,1,0,1,0,1,0,1,1,0,0,1,0,1
0.00144142,0,0,1,0,0,1,0,1,0,1,1,0,0,1,0,1
0.00144152,0,0,1,0,0,0,0,1,0,1,1,0,0,1,0,1
0.00144156,0,0,1,0,0,1,0,1,0,1,1,0,0,1,0,1
0.00144158,0,0,1,0,0,0,0,1,0,1,1,0,0,1,0,1
0.00144186,0,0,0,0,0,0,0,1,0,1,1,0,0,1,0,1
0.00144188,0,0,1,0,0,0,0,1,0,1,1,0,0,1,0,1
0.00144192,0,0,0,0,0,0,0,1,0,1,1,0,0,1,0,1
0.00144194,1,1,1,1,1,1,1,1,0,1,1,0,0,1,0,1
0.00144198,1,1,1,1,1,1,1,0,0,1,1,0,0,1,0,1
0.001442,0,1,1,1,0,1,0,0,0,1,1,0,0,1,0,1
0.00144204,1,1,1,1,1,1,1,0,0,1,1,0,0,1,0,1
0.00144206,0,1,1,1,0,1,0,0,0,1,1,0,0,1,0,1
0.0014421,1,1,1,1,0,1,0,0,0,1,1,0,0,1,0,1
0.00144212,0,1,1,1,0,1,0,0,0,1,1,0,0,1,0,1
0.0014429,1,1,1,1,0,1,1,0,0,1,1,0,0,1,0,1
0.00144292,1,1,1,1,1,1,1,1,0,1,1,0,0,1,0,1
0.00144392,1,1,1,1,0,1,1,0,0,1,1,0,0,1,0,1
0.00144394,0,1,1,1,0,1,0,0,0,1,1,0,0,1,0,1
0.00144398,1,1,1,1,0,1,1,0,0,1,1,0,0,1,0,1
0.001444,0,1,1,1,0,1,0,0,0,1,1,0,0,1,0,1
0.00144496,1,0,1,0,1,1,1,1,0,1,1,0,0,1,0,1
0.00144498,0,0,1,0,1,0,0,0,0,1,1,0,0,1,0,1
0.00144502,1,0,1,0,1,0,1,0,0,1,1,0,0,1,0,1
0.00144504,0,0,1,0,1,0,0,0,0,1,1,0,0,1,0,1
0.0014453,0,0,1,0,1,0,0,0,0,0,1,0,0,0,0,0
0.00144532,0,0,1,0,1,0,0,0,0,0,1,0,1,0,0,0
0.00144582,1,1,1,0,1,0,0,0,0,0,1,0,1,0,0,0
0.00144584,1,1,1,1,1,1,1,1,0,0,1,0,1,0,0,0
0.0014459,0,0,0,0,0,0,1,0,0,0,1,0,1,0,0,0
0.00144596,1,1,1,1,0,1,1,0,0,0,1,0,1,0,0,0
0.00144598,0,0,0,0,0,0,1,0,0,0,1,0,1,0,0,0
0.00144604,0,0,1,0,0,0,1,0,0,0,1,0,1,0,0,0
0.00144606,0,0,0,0,0,0,1,0,0,0,1,0,1,0,0,0
0.0014468,1,1,1,1,0,0,1,1,0,0,1,0,1,0,0,0
0.00144684,1,1,1,1,1,1,1,1,0,0,1,0,1,0,0,0
0.00144688,0,0,0,0,0,0,0,1,0,0,1,0,1,0,0,0
0.00144692,1,1,1,1,1,1,1,1,0,0,1,0,1,0,0,0
0.00144694,0,0,1,0,0,1,0,1,0,0,1,0,1,0,0,0
0.00144696,0,0,0,0,0,0,0,1,0,0,1,0,1,0,0,0
0.001447,0,0,1,0,0,0,0,1,0,0,1,0,1,0,0,0
0.00144702,0,0,0,0,0,0,0,1,0,0,1,0,1,0,0,0
0.00144778,1,1,1,0,0,0,0,1,0,0,1,0,1,0,0,0
0.0014478,1,1,1,1,1,1,1,1,0,0,1,0,1,0,0,0
0.00144786,1,1,0,0,1,0,0,0,0,0,1,0,1,0,0,0
0.0014479,1,1,1,1,1,1,1,0,0,0,1,0,1,0,0,0
0.00144792,1,1,1,0,1,0,0,0,0,0,1,0,1,0,0,0
0.00144794,1,1,0,0,1,0,0,0,0,0,1,0,1,0,0,0
0.00144798,1,1,1,0,1,0,0,0,0,0,1,0,1,0,0,0
0.001448,1,1,0,0,1,0,0,0,0,0,1,0,1,0,0,0
0.00144822,1,1,0,0,1,0,0,0,0,0,0,0,1,0,0,0
0.00144824,1,1,0,0,1,0,0,0,1,1,0,0,1,0,0,0
0.0014483,1,1,0,0,1,0,0,0,0,1,0,0,1,0,0,0
0.00144832,1,1,0,0,1,0,0,0,1,1,0,0,1,0,0,0
0.00144876,1,1,1,1,1,0,0,0,1,1,0,0,1,0,0,0
0.00144878,1,1,1,1,1,1,1,1,1,1,0,0,1,0,0,0
0.00144882,1,0,0,0,1,1,1,0,1,1,0,0,1,0,0,0
0.00144886,1,0,1,1,1,1,1,0,1,1,0,0,1,0,0,0
0.0014489,1,0,0,0,1,1,1,0,1,1,0,0,1,0,0,0
0.00144894,1,0,1,0,1,1,1,0,1,1,0,0,1,0,0,0
0.00144896,1,0,0,0,1,1,1,0,1,1,0,0,1,0,0,0
0.00144972,1,1,1,1,1,1,1,0,1,1,0,0,1,0,0,0
0.00144976,1,1,1,1,1,1,1,1,1,1,0,0,1,0,0,0
0.0014498,0,1,1,1,1,0,0,0,1,1,0,0,1,0,0,0
0.00144982,0,1,0,0,1,0,0,0,1,1,0,0,1,0,0,0
0.00144984,0,1,1,0,1,0,0,0,1,1,0,0,1,0,0,0
0.00144986,1,1,1,1,1,1,1,0,1,1,0,0,1,0,0,0
0.00144988,0,1,1,1,1,0,0,0,1,1,0,0,1,0,0,0
0.0014499,0,1,0,0,1,0,0,0,1,1,0,0,1,0,0,0
0.00144992,0,1,1,0,1,0,0,0,1,1,0,0,1,0,0,0
0.00144994,0,1,1,1,1,0,0,0,1,1,0,0,1,0,0,0
0.00144996,0,1,1,0,1,0,0,0,1,1,0,0,1,0,0,0
0.00144998,0,1,0,0,1,0,0,0,1,1,0,0,1,0,0,0
0.00145,0,1,1,0,1,0,0,0,1,1,0,0,1,0,0,0
0.00145018,0,1,1,0,1,0,0,0,0,1,0,0,1,0,0,0
0.0014502,0,1,0,0,1,0,0,0,0,1,0,0,1,0,0,0
0.00145024,0,1,1,0,1,0,0,0,0,1,0,0,1,0,0,0
0.00145026,0,1,0,0,1,0,0,0,0,1,0,0,1,0,0,0
0.0014503,0,1,1,0,1,0,0,0,0,1,0,0,1,0,0,0
0.00145034,0,1,0,0,1,0,0,0,0,1,0,0,1,0,0,0
0.0014507,1,1,0,0,1,0,0,0,0,1,0,0,1,0,0,0
0.00145072,0,1,1,1,1,0,1,0,0,1,0,0,1,0,0,0
0.00145074,1,1,1,1,1,1,1,1,0,1,0,0,1,0,0,0
0.00145078,1,1,0,0,1,1,0,0,0,1,0,0,1,0,0,0
0.0014508,1,1,1,1,1,1,0,0,0,1,0,0,1,0,0,0
0.00145084,1,1,0,0,1,1,0,0,0,1,0,0,1,0,0,0
0.00145088,1,1,1,0,1,1,0,0,0,1,0,0,1,0,0,0
0.0014509,1,1,0,0,1,1,0,0,0,1,0,0,1,0,0,0
0.0014517,1,1,0,1,1,1,1,1,0,1,0,0,1,0,0,0
0.00145172,1,1,1,1,1,1,1,1,0,1,0,0,1,0,0,0
0.00145176,1,0,0,0,1,0,0,0,0,1,0,0,1,0,0,0
0.0014518,1,0,1,1,1,1,1,0,0,1,0,0,1,0,0,0
0.00145182,1,1,1,1,1,0,1,0,0,1,0,0,1,0,0,0
0.00145184,1,0,0,0,1,0,0,0,0,1,0,0,1,0,0,0
0.00145188,1,0,1,1,1,0,0,0,0,1,0,0,1,0,0,0
0.00145192,1,0,1,0,1,0,0,0,0,1,0,0,1,0,0,0
0.00145196,1,0,1,1,1,0,0,0,0,1,0,0,1,0,0,0
0.001452,1,0,1,0,1,0,0,0,0,1,0,0,1,0,0,0
0.00145212,1,0,1,0,1,0,0,0,0,0,0,0,1,0,0,0
0.00145214,1,0,1,0,1,0,0,0,1,0,0,0,1,0,0,0
0.00145216,1,0,0,0,1,0,0,0,1,0,0,0,1,0,0,0
0.00145218,1,0,1,1,1,0,0,0,1,0,0,0,1,0,0,0
0.0014522,1,0,1,0,1,0,0,0,0,0,0,0,0,0,0,0
0.00145222,1,0,1,0,1,0,0,0,1,0,0,0,1,0,0,0
0.00145224,1,0,0,0,1,0,0,0,1,0,0,0,1,0,0,0
0.00145226,1,0,1,0,1,0,0,0,1,0,0,0,1,0,0,0
0.0014523,1,0,0,0,1,0,0,0,1,0,0,0,1,0,0,0
0.00145232,1,0,1,0,1,0,0,0,1,0,0,0,1,0,0,0
0.00145236,1,0,0,0,1,0,0,0,1,0,0,0,1,0,0,0
0.00145238,1,0,1,0,1,0,0,0,1,0,0,0,1,0,0,0
0.0014524,1,0,0,0,1,0,0,0,1,0,0,0,1,0,0,0
0.00145242,1,0,1,0,1,0,0,0,1,0,0,0,1,0,0,0
0.00145244,1,0,0,0,1,0,0,0,1,0,0,0,1,0,0,0
0.00145266,1,1,1,1,1,0,0,0,1,0,0,0,1,0,0,0
0.00145268,1,1,1,1,1,1,1,1,1,0,0,0,1,0,0,0
0.00145272,0,1,1,1,1,1,1,0,1,0,0,0,1,0,0,0
0.00145274,0,0,1,1,1,0,1,0,1,0,0,0,1,0,0,0
0.00145278,0,1,1,1,1,1,1,0,1,0,0,0,1,0,0,0
0.0014528,0,0,1,1,1,0,1,0,1,0,0,0,1,0,0,0
0.00145364,1,1,1,1,1,1,1,0,1,0,0,0,1,0,0,0
0.0014537,1,1,1,1,1,1,1,1,1,0,0,0,1,0,0,0
0.00145372,0,0,1,1,0,1,0,0,1,0,0,0,1,0,0,0
0.00145376,1,1,1,1,0,1,1,1,1,0,0,0,1,0,0,0
0.00145378,0,0,1,1,0,1,0,0,1,0,0,0,1,0,0,0
0.00145408,0,0,1,1,0,1,0,0,0,0,0,0,0,0,0,0
0.0014541,0,0,1,1,0,1,0,0,0,0,1,1,0,1,0,0
0.00145462,1,1,1,1,0,1,1,0,0,0,1,1,0,1,0,0
0.00145464,1,1,1,1,1,1,1,1,0,0,1,1,0,1,0,0
0.00145466,1,0,1,1,0,1,1,1,0,0,1,1,0,1,0,0
0.00145468,1,0,0,0,0,0,1,1,0,0,1,1,0,1,0,0
0.0014547,0,0,0,0,0,0,1,0,0,0,1,1,0,1,0,0
0.00145474,1,1,0,0,0,0,1,1,0,0,1,1,0,1,0,0
0.00145476,0,0,0,0,0,0,1,0,0,0,1,1,0,1,0,0
0.00145562,0,0,0,0,0,0,0,1,0,0,1,1,0,1,0,0
0.00145656,1,1,0,0,0,0,0,1,0,0,1,1,0,1,0,0
0.00145658,1,1,1,1,1,1,1,1,0,0,1,1,0,1,0,0
0.00145662,1,0,0,0,1,1,1,0,0,0,1,1,0,1,0,0
0.0014576,1,1,1,1,1,1,1,0,0,0,1,1,0,1,0,0
0.00145762,1,1,1,1,1,1,1,1,0,0,1,1,0,1,0,0
0.00145766,1,0,0,1,0,1,0,0,0,0,1,1,0,1,0,0
0.00145768,1,0,0,0,0,1,0,0,0,0,1,1,0,1,0,0
0.00145798,1,0,0,0,0,1,0,0,0,0,0,0,0,1,0,0
0.001458,1,0,0,0,0,1,0,0,1,0,0,0,0,1,0,0
0.00145806,1,0,0,0,0,1,0,0,0,0,0,0,0,1,0,0
0.00145808,1,0,0,0,1,1,1,0,1,0,0,0,1,1,1,0
0.0014581,1,1,1,1,0,1,0,0,1,0,0,0,0,1,0,0
0.00145812,1,0,0,0,0,1,0,0,1,0,0,0,0,1,0,0
0.00145852,1,1,1,1,0,1,0,0,1,0,0,0,0,1,0,0
0.00145854,1,1,1,1,1,1,1,1,1,0,0,0,0,1,0,0
0.0014586,0,0,0,0,0,0,1,0,1,0,0,0,0,1,0,0
0.00145864,1,1,1,1,0,0,1,0,1,0,0,0,0,1,0,0
0.00145866,1,0,1,1,0,0,1,0,1,0,0,0,0,1,0,0
0.00145868,0,0,0,0,0,0,1,0,1,0,0,0,0,1,0,0
0.0014595,1,1,1,1,1,1,1,1,1,0,0,0,0,1,0,0
0.00145956,0,0,0,0,0,0,0,1,1,0,0,0,0,1,0,0
0.0014596,1,1,1,1,0,1,0,1,1,0,0,0,0,1,0,0
0.00145964,0,0,1,0,0,0,0,1,1,0,0,0,0,1,0,0
0.00145966,0,0,0,0,0,0,0,1,1,0,0,0,0,1,0,0
0.00145968,0,0,1,1,0,0,0,1,1,0,0,0,0,1,0,0
0.00145972,0,0,0,0,0,0,0,1,1,0,0,0,0,1,0,0
0.00145978,0,0,1,0,0,0,0,1,1,0,0,0,0,1,0,0
0.0014598,0,0,0,0,0,0,0,1,1,0,0,0,0,1,0,0
0.00146046,1,1,0,0,0,0,0,1,1,0,0,0,0,1,0,0
0.00146048,1,1,1,1,0,1,0,1,1,0,0,0,0,1,0,0
0.0014605,1,1,1,1,1,1,1,1,1,0,0,0,0,1,0,0
0.00146056,1,0,0,0,1,1,1,0,1,0,0,0,0,1,0,0
0.0014606,1,1,1,1,1,1,1,1,1,0,0,0,0,1,0,0
0.00146062,1,0,0,0,1,1,1,0,1,0,0,0,0,1,0,0
0.0014615,1,1,1,1,1,1,1,0,1,0,0,0,0,1,0,0
0.00146152,1,1,1,1,1,1,1,1,1,0,0,0,0,1,0,0
0.00146156,0,1,0,0,1,0,1,1,1,0,0,0,0,1,0,0
0.00146162,0,1,1,1,1,0,1,1,1,0,0,0,0,1,0,0
0.00146164,0,1,0,0,1,0,1,1,1,0,0,0,0,1,0,0
0.0014619,0,1,0,0,1,0,1,1,0,1,0,0,1,0,1,1
0.00146242,1,1,0,0,1,0,1,1,0,1,0,0,1,0,1,1
0.00146244,1,1,1,1,1,0,1,1,0,1,0,0,1,0,1,1
0.00146246,1,1,1,1,1,1,1,1,0,1,0,0,1,0,1,1
0.00146248,1,0,1,1,1,1,1,0,0,1,0,0,1,0,1,1
0.0014625,1,0,0,0,1,1,1,0,0,1,0,0,1,0,1,1
0.00146342,1,1,1,1,1,1,1,1,0,1,0,0,1,0,1,1
0.00146438,0,0,0,0,0,0,0,0,0,1,0,0,1,0,1,1
0.00146534,0,0,1,0,0,0,0,0,0,1,0,0,1,0,1,1
0.00146536,0,0,0,0,0,0,0,0,0,1,0,0,1,0,1,1
0.00146538,1,0,0,0,1,1,1,0,0,1,0,0,1,0,1,1
0.0014654,1,0,0,0,1,1,1,1,0,1,0,0,1,0,1,1
0.00146542,1,1,1,1,1,1,1,1,0,1,0,0,1,0,1,1
0.00146546,1,1,1,0,1,1,0,0,0,1,0,0,1,0,1,1
0.00146548,0,1,0,0,1,1,0,0,0,1,0,0,1,0,1,1
0.00146552,1,1,1,1,1,1,1,0,0,1,0,0,1,0,1,1
0.00146554,0,1,0,0,1,1,0,0,0,1,0,0,1,0,1,1
0.0014658,0,1,0,0,1,1,0,0,0,1,0,0,1,0,0,0
0.00146582,0,1,0,0,1,1,0,0,0,1,0,0,1,1,0,0
0.00146632,0,1,1,1,1,1,0,0,0,1,0,0,1,1,0,0
0.00146634,1,1,1,1,1,1,1,1,0,1,0,0,1,1,0,0
0.0014664,0,0,1,1,0,1,0,0,0,1,0,0,1,1,0,0
0.00146644,1,1,1,1,0,1,1,0,0,1,0,0,1,1,0,0
0.00146646,0,0,1,1,0,1,0,0,0,1,0,0,1,1,0,0
0.0014673,1,1,1,1,0,1,0,0,0,1,0,0,1,1,0,0
0.00146732,1,1,1,1,1,1,1,1,0,1,0,0,1,1,0,0
0.00146738,1,1,0,1,0,0,0,0,0,1,0,0,1,1,0,0
0.00146742,1,1,1,1,0,0,1,0,0,1,0,0,1,1,0,0
0.00146744,1,1,0,1,0,0,0,0,0,1,0,0,1,1,0,0
0.0014683,1,1,1,1,0,1,1,1,0,1,0,0,1,1,0,0
0.00146832,1,1,1,1,1,1,1,1,0,1,0,0,1,1,0,0
0.00146928,1,1,0,1,1,0,0,0,0,1,0,0,1,1,0,0
0.0014693,0,0,0,1,1,0,1,0,0,1,0,0,1,1,0,0
0.00146932,0,0,1,1,1,0,1,0,0,1,0,0,1,1,0,0
0.00146934,1,1,1,1,1,0,1,0,0,1,0,0,1,1,0,0
0.00146936,0,0,1,1,1,0,1,0,0,1,0,0,1,1,0,0
0.00146938,1,1,1,1,1,0,1,0,0,1,0,0,1,1,0,0
0.0014694,0,0,1,0,1,0,0,0,0,1,0,0,1,1,0,0
0.00146944,1,1,1,0,1,0,0,0,0,1,0,0,1,1,0,0
0.00146946,0,0,1,0,1,0,0,0,0,1,0,0,1,1,0,0
0.0014697,0,0,1,0,1,0,0,0,0,0,0,0,1,0,0,0
0.00146972,0,0,1,0,1,0,0,0,0,0,1,0,1,0,0,0
0.00147026,1,1,1,1,1,1,1,0,0,0,1,0,1,0,0,0
0.00147028,1,1,1,1,1,1,1,1,0,0,1,0,1,0,0,0
0.00147128,0,0,0,0,0,0,0,1,0,0,1,0,1,0,0,0
0.00147132,1,1,0,0,0,0,0,1,0,0,1,0,1,0,0,0
0.00147134,1,1,1,1,0,1,0,1,0,0,1,0,1,0,0,0
0.00147136,1,0,0,0,0,0,0,1,0,0,1,0,1,0,0,0
0.00147138,0,0,0,0,0,0,0,1,0,0,1,0,1,0,0,0
0.00147142,1,0,0,0,0,0,0,1,0,0,1,0,1,0,0,0
0.00147144,0,0,0,0,0,0,0,1,0,0,1,0,1,0,0,0
0.00147218,1,1,1,1,0,0,0,1,0,0,1,0,1,0,0,0
0.0014722,1,1,1,1,1,1,1,1,0,0,1,0,1,0,0,0
0.00147226,1,0,0,0,1,1,0,0,0,0,1,0,1,0,0,0
0.0014723,1,1,1,1,1,1,1,0,0,0,1,0,1,0,0,0
0.00147232,1,1,1,1,1,1,0,0,0,0,1,0,1,0,0,0
0.00147234,1,0,0,0,1,1,0,0,0,0,1,0,1,0,0,0
0.00147238,1,0,1,0,1,1,0,0,0,0,1,0,1,0,0,0
0.0014724,1,0,0,0,1,1,0,0,0,0,1,0,1,0,0,0
0.00147264,1,0,0,0,1,1,0,0,1,0,0,0,1,1,0,0
0.0014727,1,0,0,0,1,1,0,0,0,0,0,0,0,0,0,0
0.00147272,1,0,0,0,1,1,0,0,1,0,0,0,1,1,0,0
0.00147316,1,0,0,1,1,1,0,0,1,0,0,0,1,1,0,0
0.00147318,1,1,1,1,1,1,1,1,1,0,0,0,1,1,0,0
0.00147322,0,1,1,1,1,1,1,0,1,0,0,0,1,1,0,0
0.00147324,0,0,0,1,1,1,1,0,1,0,0,0,1,1,0,0
0.00147326,0,0,1,1,1,1,1,0,1,0,0,0,1,1,0,0
0.00147328,0,1,1,1,1,1,1,0,1,0,0,0,1,1,0,0
0.0014733,0,0,0,1,1,1,1,0,1,0,0,0,1,1,0,0
0.00147414,1,1,1,1,1,1,1,0,1,0,0,0,1,1,0,0
0.00147416,1,1,1,1,1,1,1,1,1,0,0,0,1,1,0,0
0.0014742,1,1,1,1,0,0,0,0,1,0,0,0,1,1,0,0
0.00147422,1,0,0,0,0,0,0,0,1,0,0,0,1,1,0,0
0.00147426,1,1,1,1,0,0,0,0,1,0,0,0,1,1,0,0
0.0014743,1,0,0,0,0,0,0,0,1,0,0,0,1,1,0,0
0.00147432,1,0,1,0,0,0,0,0,1,0,0,0,1,1,0,0
0.00147434,1,1,1,1,0,0,0,0,1,0,0,0,1,1,0,0
0.00147436,1,1,1,0,0,0,0,0,1,0,0,0,1,1,0,0
0.00147438,1,0,1,0,0,0,0,0,1,0,0,0,1,1,0,0
0.00147482,1,0,0,0,0,0,0,0,1,0,0,0,1,1,0,0
0.00147484,1,0,1,0,0,0,0,0,1,0,0,0,1,1,0,0
0.00147486,1,0,0,0,0,0,0,0,1,0,0,0,1,1,0,0
0.00147502,1,0,1,0,0,0,0,0,1,0,0,0,1,1,0,0
0.00147504,1,0,0,0,0,0,0,0,1,0,0,0,1,1,0,0
0.00147512,1,1,1,1,0,0,1,0,1,0,0,0,1,1,0,0
0.00147514,1,1,1,1,1,1,1,1,1,0,0,0,1,1,0,0
0.00147614,0,1,1,0,1,0,0,0,1,0,0,0,1,1,0,0
0.00147616,0,0,1,0,1,0,0,0,1,0,0,0,1,1,0,0
0.00147618,0,0,1,1,1,0,0,0,1,0,0,0,1,1,0,0
0.0014762,1,1,1,1,1,1,1,0,1,0,0,0,1,1,0,0
0.00147622,0,0,1,0,1,0,0,0,1,0,0,0,1,1,0,0
0.00147654,0,0,1,0,1,0,0,0,0,0,0,0,1,0,0,0
0.00147656,0,0,1,0,1,0,0,0,0,0,1,0,1,0,0,0
0.00147662,1,0,1,0,1,0,0,0,0,0,1,0,1,0,0,0
0.00147664,1,1,1,1,1,1,1,0,1,0,1,0,1,0,0,0
0.00147666,0,0,1,0,1,0,0,0,0,0,1,0,1,0,0,0
0.00147706,1,1,1,1,1,0,0,0,0,0,1,0,1,0,0,0
0.00147708,1,1,1,1,1,1,1,1,0,0,1,0,1,0,0,0
0.00147812,0,0,0,0,0,0,0,1,0,0,1,0,1,0,0,0
0.00147816,0,0,0,1,0,0,0,1,0,0,1,0,1,0,0,0
0.00147818,1,1,1,1,0,1,1,1,0,0,1,0,1,0,0,0
0.0014782,1,0,1,1,0,0,0,1,0,0,1,0,1,0,0,0
0.00147822,0,0,0,0,0,0,0,1,0,0,1,0,1,0,0,0
0.00147824,0,0,1,1,0,0,0,1,0,0,1,0,1,0,0,0
0.00147826,1,0,1,1,0,0,0,1,0,0,1,0,1,0,0,0
0.00147828,0,0,1,1,0,0,0,1,0,0,1,0,1,0,0,0
0.0014783,0,0,0,0,0,0,0,1,0,0,1,0,1,0,0,0
0.00147832,0,0,0,1,0,0,0,1,0,0,1,0,1,0,0,0
0.00147834,0,0,1,1,0,0,0,1,0,0,1,0,1,0,0,0
0.00147838,0,0,0,0,0,0,0,1,0,0,1,0,1,0,0,0
0.0014784,0,0,1,1,0,0,0,1,0,0,1,0,1,0,0,0
0.00147844,0,0,0,0,0,0,0,1,0,0,1,0,1,0,0,0
0.00147846,0,0,1,1,0,0,0,1,0,0,1,0,1,0,0,0
0.00147852,0,0,0,0,0,0,0,1,0,0,1,0,1,0,0,0
0.00147854,0,0,1,0,0,0,0,1,0,0,1,0,1,0,0,0
0.00147856,0,0,1,1,0,0,0,1,0,0,1,0,1,0,0,0
0.00147858,0,0,0,0,0,0,0,1,0,0,1,0,1,0,0,0
0.0014786,0,0,1,0,0,0,0,1,0,0,1,0,1,0,0,0
0.00147862,0,0,0,0,0,0,0,1,0,0,1,0,1,0,0,0
0.00147864,0,0,1,0,0,0,0,1,0,0,1,0,1,0,0,0
0.00147866,0,0,0,0,0,0,0,1,0,0,1,0,1,0,0,0
0.00147868,0,0,1,0,0,0,0,1,0,0,1,0,1,0,0,0
0.0014787,0,0,0,0,0,0,0,1,0,0,1,0,1,0,0,0
0.00147872,0,0,1,0,0,0,0,1,0,0,1,0,1,0,0,0
0.00147874,0,0,0,0,0,0,0,1,0,0,1,0,1,0,0,0
0.00147902,1,1,1,1,0,0,0,1,0,0,1,0,1,0,0,0
0.00147904,1,1,1,1,1,1,1,1,0,0,1,0,1,0,0,0
0.00147908,1,1,1,1,1,1,1,0,0,0,1,0,1,0,0,0
0.0014791,0,1,0,0,1,0,0,0,0,0,1,0,1,0,0,0
0.00147912,1,1,1,1,1,1,1,0,0,0,1,0,1,0,0,0
0.00147916,1,1,1,1,1,1,0,0,0,0,1,0,1,0,0,0
0.00147918,0,1,0,0,1,0,0,0,0,0,1,0,1,0,0,0
0.0014792,1,1,1,1,1,0,0,0,0,0,1,0,1,0,0,0
0.00147922,1,1,1,1,1,1,0,0,0,0,1,0,1,0,0,0
0.00147924,1,1,1,1,1,0,0,0,0,0,1,0,1,0,0,0
0.00147926,0,1,1,1,1,0,0,0,0,0,1,0,1,0,0,0
0.00147928,1,1,1,1,1,0,0,0,0,0,1,0,1,0,0,0
0.00147942,0,1,1,1,1,0,0,0,0,0,1,0,1,0,0,0
0.00147944,1,1,1,1,1,0,0,0,0,0,1,0,1,0,0,0
0.00147946,1,1,1,1,1,0,0,0,0,0,0,0,1,0,0,0
0.00147948,1,1,1,1,1,0,0,0,0,1,0,0,1,0,0,0
0.0014795,0,1,1,0,1,0,0,0,0,1,0,0,1,0,0,0
0.00147952,1,1,1,1,1,0,0,0,0,1,0,0,1,0,0,0
0.00147954,1,1,1,1,1,0,0,0,0,0,0,0,0,0,0,0
0.00147956,0,1,1,1,1,0,0,0,0,1,0,0,1,0,0,0
0.00147958,0,1,1,0,1,0,0,0,0,1,0,0,1,0,0,0
0.0014796,1,1,1,1,1,0,0,0,0,1,0,0,1,0,0,0
0.00147962,0,1,1,1,1,0,0,0,0,1,0,0,1,0,0,0
0.0014797,0,1,1,0,1,0,0,0,0,1,0,0,1,0,0,0
0.0014799,0,1,1,1,1,0,0,0,0,1,0,0,1,0,0,0
0.00147992,0,1,1,0,1,0,0,0,0,1,0,0,1,0,0,0
0.00147994,0,1,0,0,1,0,0,0,0,1,0,0,1,0,0,0
0.00147996,0,1,1,0,1,0,0,0,0,1,0,0,1,0,0,0
0.00148,0,1,0,0,1,0,0,0,0,1,0,0,1,0,0,0
0.00148002,1,1,1,1,1,1,1,1,0,1,0,0,1,0,0,0
0.00148006,1,0,1,1,0,1,1,1,0,1,0,0,1,0,0,0
0.00148008,1,0,0,0,0,0,0,0,0,1,0,0,1,0,0,0
0.0014801,1,0,1,1,0,1,1,0,0,1,0,0,1,0,0,0
0.00148012,1,1,1,1,0,1,1,1,0,1,0,0,1,0,0,0
0.00148014,1,1,1,1,0,1,1,0,0,1,0,0,1,0,0,0
0.00148016,1,0,0,0,0,0,0,0,0,1,0,0,1,0,0,0
0.00148018,1,0,1,1,0,1,0,0,0,1,0,0,1,0,0,0
0.0014802,1,1,1,1,0,1,1,0,0,1,0,0,1,0,0,0
0.00148022,1,0,1,1,0,1,1,0,0,1,0,0,1,0,0,0
0.00148024,1,0,1,1,0,0,0,0,0,1,0,0,1,0,0,0
0.00148026,1,0,1,1,0,1,0,0,0,1,0,0,1,0,0,0
0.0014804,1,0,1,1,0,0,0,0,0,1,0,0,1,0,0,0
0.00148046,1,0,1,1,0,1,0,0,0,1,0,0,1,0,0,0
0.00148048,1,0,1,1,0,0,0,0,0,1,0,0,1,0,0,0
0.00148096,1,0,1,0,0,0,0,0,0,1,0,0,1,0,0,0
0.00148098,1,1,1,1,0,1,1,0,0,1,0,0,1,0,0,0
0.001481,1,1,1,1,1,1,1,1,0,1,0,0,1,0,0,0
0.00148104,1,0,0,0,1,0,0,0,0,1,0,0,1,0,0,0
0.00148108,1,1,1,1,1,1,1,0,0,1,0,0,1,0,0,0
0.00148112,1,0,1,0,1,0,0,0,0,1,0,0,1,0,0,0
0.00148114,1,0,0,0,1,0,0,0,0,1,0,0,1,0,0,0
0.00148116,1,0,1,1,1,1,0,0,0,1,0,0,1,0,0,0
0.0014812,1,0,1,0,1,0,0,0,0,1,0,0,1,0,0,0
0.00148124,1,0,1,1,1,0,0,0,0,1,0,0,1,0,0,0
0.00148128,1,0,1,0,1,0,0,0,0,1,0,0,1,0,0,0
0.00148142,1,0,1,0,1,0,0,0,0,0,0,0,1,0,0,0
0.00148144,1,0,0,0,1,0,0,0,1,0,0,0,1,0,0,0
0.00148148,1,0,1,1,1,0,0,0,1,0,0,0,1,0,0,0
0.0014815,1,0,0,0,1,0,0,0,1,0,0,0,1,0,0,0
0.00148154,1,0,1,0,1,0,0,0,1,0,0,0,1,0,0,0
0.00148158,1,0,0,0,1,0,0,0,1,0,0,0,1,0,0,0
0.00148194,1,1,1,1,1,0,0,0,1,0,0,0,1,0,0,0
0.00148196,1,1,1,1,1,1,1,1,1,0,0,0,1,0,0,0
0.00148202,0,1,0,0,0,1,0,0,1,0,0,0,1,0,0,0
0.00148204,0,1,0,0,0,0,0,0,1,0,0,0,1,0,0,0
0.00148206,0,1,1,0,0,1,0,0,1,0,0,0,1,0,0,0
0.00148208,1,1,1,1,0,1,1,1,1,0,0,0,1,0,0,0
0.0014821,0,1,1,1,0,1,0,0,1,0,0,0,1,0,0,0
0.00148212,0,1,0,0,0,0,0,0,1,0,0,0,1,0,0,0
0.00148214,0,1,1,1,0,0,0,0,1,0,0,0,1,0,0,0
0.00148216,0,1,1,1,0,1,0,0,1,0,0,0,1,0,0,0
0.00148218,0,1,1,1,0,0,0,0,1,0,0,0,1,0,0,0
0.0014822,0,1,1,0,0,0,0,0,1,0,0,0,1,0,0,0
0.00148222,0,1,1,1,0,0,0,0,1,0,0,0,1,0,0,0
0.00148228,0,1,1,0,0,0,0,0,1,0,0,0,1,0,0,0
0.0014826,0,1,0,0,0,0,0,0,1,0,0,0,1,0,0,0
0.00148262,0,1,1,0,0,0,0,0,1,0,0,0,1,0,0,0
0.00148276,0,1,0,0,0,0,0,0,1,0,0,0,1,0,0,0
0.00148286,0,1,1,0,0,0,0,0,1,0,0,0,1,0,0,0
0.00148288,0,1,0,0,0,0,0,0,1,0,0,0,1,0,0,0
0.0014829,0,1,1,0,0,0,0,0,1,0,0,0,1,0,0,0
0.00148292,0,1,0,0,0,0,0,0,1,0,0,0,1,0,0,0
0.00148294,0,1,0,1,0,0,0,0,1,0,0,0,1,0,0,0
0.00148296,1,1,1,1,1,1,1,0,1,0,0,0,1,0,0,0
0.00148298,1,1,1,1,1,1,1,1,1,0,0,0,1,0,0,0
0.001483,0,1,0,0,0,0,1,0,1,0,0,0,1,0,0,0
0.00148304,1,1,1,1,0,1,1,0,1,0,0,0,1,0,0,0
0.00148306,0,1,1,1,0,1,1,0,1,0,0,0,1,0,0,0
0.00148308,0,1,0,0,0,0,1,0,1,0,0,0,1,0,0,0
0.00148312,0,1,1,0,0,0,1,0,1,0,0,0,1,0,0,0
0.00148314,0,1,0,0,0,0,1,0,1,0,0,0,1,0,0,0
0.00148338,0,1,0,0,0,0,1,0,0,1,0,0,0,0,1,0
0.0014839,1,1,1,1,0,0,1,0,0,1,0,0,0,0,1,0
0.00148392,1,0,0,0,0,1,1,1,0,1,0,0,0,0,1,0
0.00148394,1,1,1,1,1,1,0,0,0,1,0,0,0,0,1,0
0.00148396,1,0,0,0,0,0,0,0,0,1,0,0,0,0,1,0
0.00148434,1,1,0,0,0,0,0,0,0,1,0,0,0,0,1,0
0.00148482,0,1,0,0,0,0,0,0,0,1,0,0,0,0,1,0
0.00148492,1,1,1,1,1,1,1,1,0,1,0,0,0,0,1,0
0.00148496,0,1,1,0,1,1,1,1,0,1,0,0,0,0,1,0
0.00148498,1,1,0,1,1,1,1,1,0,1,0,0,0,0,1,0
0.001485,1,1,1,1,1,1,1,1,0,1,0,0,0,0,1,0
0.00148502,0,1,0,0,1,1,0,0,0,1,0,0,0,0,1,0
0.00148506,1,1,0,1,1,1,0,0,0,1,0,0,0,0,1,0
0.0014851,0,1,0,0,1,1,0,0,0,1,0,0,0,0,1,0
0.00148514,1,1,0,1,1,1,0,0,0,1,0,0,0,0,1,0
0.00148516,0,1,0,1,1,1,0,0,0,1,0,0,0,0,1,0
0.00148518,0,1,0,0,1,1,0,0,0,1,0,0,0,0,1,0
0.00148532,0,1,0,0,1,1,0,0,0,1,0,0,0,0,0,0
0.00148534,0,1,0,0,1,1,0,0,0,1,0,0,1,1,0,0
0.00148538,0,1,0,1,1,1,0,0,0,1,0,0,1,1,0,0
0.0014854,0,1,0,0,1,1,0,0,0,1,0,0,1,1,0,0
0.00148586,1,1,1,1,1,1,0,0,0,1,0,0,1,1,0,0
0.00148588,1,1,1,1,1,1,1,1,0,1,0,0,1,1,0,0
0.00148592,0,1,1,0,0,0,0,1,0,1,0,0,1,1,0,0
0.00148596,1,1,1,1,0,1,1,1,0,1,0,0,1,1,0,0
0.001486,1,1,1,0,0,0,0,1,0,1,0,0,1,1,0,0
0.00148602,0,1,1,0,0,0,0,1,0,1,0,0,1,1,0,0
0.00148604,1,1,1,1,0,0,0,1,0,1,0,0,1,1,0,0
0.00148608,0,1,1,0,0,0,0,1,0,1,0,0,1,1,0,0
0.0014861,0,1,1,1,0,0,0,1,0,1,0,0,1,1,0,0
0.00148612,1,1,1,1,0,0,0,1,0,1,0,0,1,1,0,0
0.00148616,0,1,1,1,0,0,0,1,0,1,0,0,1,1,0,0
0.00148622,0,1,1,0,0,0,0,1,0,1,0,0,1,1,0,0
0.00148628,1,1,1,1,0,0,0,1,0,1,0,0,1,1,0,0
0.0014863,0,1,1,1,0,0,0,1,0,1,0,0,1,1,0,0
0.00148634,0,1,1,0,0,0,0,1,0,1,0,0,1,1,0,0
0.00148682,0,1,1,1,0,0,0,1,0,1,0,0,1,1,0,0
0.00148684,1,1,1,1,1,1,1,1,0,1,0,0,1,1,0,0
0.0014869,1,0,0,1,0,0,0,0,0,1,0,0,1,1,0,0
0.00148692,1,0,0,0,0,0,0,0,0,1,0,0,1,1,0,0
0.00148696,1,1,1,1,0,1,1,0,0,1,0,0,1,1,0,0
0.00148698,1,0,0,1,0,1,0,0,0,1,0,0,1,1,0,0
0.001487,1,0,0,0,0,0,0,0,0,1,0,0,1,1,0,0
0.00148704,1,0,0,1,0,0,0,0,0,1,0,0,1,1,0,0
0.00148708,1,0,0,0,0,0,0,0,0,1,0,0,1,1,0,0
0.00148712,1,0,0,1,0,0,0,0,0,1,0,0,1,1,0,0
0.00148714,1,0,0,0,0,0,0,0,0,1,0,0,1,1,0,0
0.00148782,1,1,1,1,1,1,1,1,0,1,0,0,1,1,0,0
0.00148884,0,1,0,0,1,0,0,0,0,1,0,0,1,1,0,0
0.00148888,1,1,1,1,1,1,1,0,0,1,0,0,1,1,0,0
0.00148892,0,1,0,0,1,0,0,0,0,1,0,0,1,1,0,0
0.00148924,0,1,0,0,1,0,0,0,0,1,0,0,1,0,0,0
0.00148976,1,1,0,1,1,0,0,0,0,1,0,0,1,0,0,0
0.00148978,1,1,1,1,1,1,1,1,0,1,0,0,1,0,0,0
0.00148984,0,1,0,0,0,0,0,0,0,1,0,0,1,0,0,0
0.00148986,0,1,1,1,0,0,0,0,0,1,0,0,1,0,0,0
0.00148988,1,1,1,1,0,1,1,0,0,1,0,0,1,0,0,0
0.00148992,0,1,1,0,0,0,0,0,0,1,0,0,1,0,0,0
0.00148994,1,1,1,1,0,0,0,0,0,1,0,0,1,0,0,0
0.00148996,1,1,1,1,0,1,1,0,0,1,0,0,1,0,0,0
0.00148998,1,1,1,1,0,1,0,0,0,1,0,0,1,0,0,0
0.00149016,1,1,1,1,0,0,0,0,0,1,0,0,1,0,0,0
0.00149018,1,1,1,1,0,1,0,0,0,1,0,0,1,0,0,0
0.0014902,1,1,1,1,0,0,0,0,0,1,0,0,1,0,0,0
0.00149022,1,1,1,1,0,1,0,0,0,1,0,0,1,0,0,0
0.00149024,1,1,1,1,0,0,0,0,0,1,0,0,1,0,0,0
0.00149046,0,1,1,1,0,0,0,0,0,1,0,0,1,0,0,0
0.00149048,1,1,1,1,0,0,0,0,0,1,0,0,1,0,0,0
0.0014905,0,1,1,1,0,0,0,0,0,1,0,0,1,0,0,0
0.00149056,0,1,1,0,0,0,0,0,0,1,0,0,1,0,0,0
0.00149068,0,1,0,0,0,0,0,0,0,1,0,0,1,0,0,0
0.0014907,0,1,1,0,0,0,0,0,0,1,0,0,1,0,0,0
0.00149072,1,1,1,1,0,0,0,0,0,1,0,0,1,0,0,0
0.00149074,1,1,1,1,1,1,1,1,0,1,0,0,1,0,0,0
0.00149082,1,0,0,0,1,0,0,0,0,1,0,0,1,0,0,0
0.00149086,1,1,1,1,1,1,1,1,0,1,0,0,1,0,0,0
0.00149088,1,0,1,1,1,1,0,0,0,1,0,0,1,0,0,0
0.0014909,1,0,0,0,1,0,0,0,0,1,0,0,1,0,0,0
0.00149092,1,0,1,0,1,0,0,0,0,1,0,0,1,0,0,0
0.00149094,1,0,1,1,1,1,0,0,0,1,0,0,1,0,0,0
0.00149096,1,0,1,1,1,0,0,0,0,1,0,0,1,0,0,0
0.00149098,1,0,0,0,1,0,0,0,0,1,0,0,1,0,0,0
0.001491,1,0,1,0,1,0,0,0,0,1,0,0,1,0,0,0
0.00149102,1,0,1,1,1,0,0,0,0,1,0,0,1,0,0,0
0.00149104,1,0,1,0,1,0,0,0,0,1,0,0,1,0,0,0
0.00149114,1,0,0,0,1,0,0,0,0,1,0,0,1,0,0,0
0.00149116,1,0,1,0,1,0,0,0,0,1,0,0,1,0,0,0
0.00149118,1,0,1,0,1,0,0,0,0,0,0,0,1,0,0,0
0.0014912,1,0,1,0,1,0,0,0,1,0,0,0,1,0,0,0
0.00149122,1,0,0,0,1,0,0,0,1,0,0,0,1,0,0,0
0.00149124,1,0,1,1,1,0,0,0,1,0,0,0,1,0,0,0
0.00149126,1,0,1,0,1,0,0,0,0,0,0,0,1,0,0,0
0.00149128,1,0,0,0,1,0,0,0,1,0,0,0,1,0,0,0
0.0014913,1,0,1,0,1,0,0,0,1,0,0,0,1,0,0,0
0.00149134,1,0,0,0,1,0,0,0,1,0,0,0,1,0,0,0
0.00149172,1,1,1,1,1,0,0,0,1,0,0,0,1,0,0,0
0.00149174,1,1,1,1,1,1,1,1,1,0,0,0,1,0,0,0
0.00149178,0,1,0,0,0,0,0,0,1,0,0,0,1,0,0,0
0.00149182,0,1,1,1,0,1,1,0,1,0,0,0,1,0,0,0
0.00149184,1,1,1,1,0,1,1,1,1,0,0,0,1,0,0,0
0.00149186,1,1,1,1,0,1,1,0,1,0,0,0,1,0,0,0
0.00149188,0,1,0,0,0,0,0,0,1,0,0,0,1,0,0,0
0.0014919,0,1,1,1,0,0,0,0,1,0,0,0,1,0,0,0
0.00149192,1,1,1,1,0,1,0,0,1,0,0,0,1,0,0,0
0.00149196,0,1,1,1,0,0,0,0,1,0,0,0,1,0,0,0
0.00149244,0,1,1,0,0,0,0,0,1,0,0,0,1,0,0,0
0.0014926,0,1,1,1,0,0,0,0,1,0,0,0,1,0,0,0
0.00149262,0,1,1,0,0,0,0,0,1,0,0,0,1,0,0,0
0.00149264,0,1,0,0,0,0,0,0,1,0,0,0,1,0,0,0
0.00149266,0,1,1,0,0,0,0,0,1,0,0,0,1,0,0,0
0.00149268,1,1,1,1,0,0,0,0,1,0,0,0,1,0,0,0
0.0014927,1,1,1,1,1,1,1,1,1,0,0,0,1,0,0,0
0.00149276,0,1,1,1,1,1,1,0,1,0,0,0,1,0,0,0
0.00149278,0,1,0,0,0,0,1,0,1,0,0,0,1,0,0,0
0.0014928,1,1,1,1,0,1,1,0,1,0,0,0,1,0,0,0
0.00149282,1,1,1,1,1,1,1,1,1,0,0,0,1,0,0,0
0.00149284,1,1,1,1,0,1,1,0,1,0,0,0,1,0,0,0
0.00149286,0,1,0,0,0,0,1,0,1,0,0,0,1,0,0,0
0.00149288,1,1,1,1,0,1,1,0,1,0,0,0,1,0,0,0
0.00149292,1,1,1,1,0,0,1,0,1,0,0,0,1,0,0,0
0.00149294,0,1,1,1,0,0,1,0,1,0,0,0,1,0,0,0
0.00149298,1,1,1,1,0,1,1,0,1,0,0,0,1,0,0,0
0.001493,0,1,1,1,0,0,1,0,1,0,0,0,1,0,0,0
0.00149308,0,1,1,0,0,0,1,0,1,0,0,0,1,0,0,0
0.0014931,0,1,1,1,0,0,1,0,1,0,0,0,1,0,0,0
0.00149314,0,1,1,1,0,0,1,0,0,1,0,0,0,0,1,0
0.00149316,0,1,1,0,0,0,1,0,0,1,0,0,0,0,1,0
0.0014932,1,1,1,1,0,0,1,0,0,0,0,0,0,0,0,0
0.00149322,0,1,1,0,0,0,1,0,0,1,0,0,0,0,1,0
0.00149326,0,1,1,1,0,0,1,0,0,1,0,0,0,0,1,0
0.0014933,0,1,1,0,0,0,1,0,0,1,0,0,0,0,1,0
0.00149362,0,1,0,0,0,0,1,0,0,1,0,0,0,0,1,0
0.00149364,0,1,1,0,0,0,1,0,0,1,0,0,0,0,1,0
0.00149366,1,1,1,1,1,1,1,0,0,1,0,0,0,0,1,0
0.00149368,0,0,0,0,0,1,0,0,0,1,0,0,0,0,1,0
0.0014937,1,0,1,1,1,1,0,0,0,1,0,0,0,0,1,0
0.00149372,0,0,0,0,0,0,0,0,0,1,0,0,0,0,1,0
0.00149376,1,0,1,1,0,1,0,0,0,1,0,0,0,0,1,0
0.00149378,0,0,1,1,0,0,0,0,0,1,0,0,0,0,1,0
0.0014938,0,0,0,0,0,0,0,0,0,1,0,0,0,0,1,0
0.00149384,0,0,1,0,0,0,0,0,0,1,0,0,0,0,1,0
0.00149388,0,0,0,0,0,0,0,0,0,1,0,0,0,0,1,0
0.00149412,1,1,1,1,0,0,0,0,0,1,0,0,0,0,1,0
0.00149414,0,1,1,1,0,0,0,0,0,1,0,0,0,0,1,0
0.00149416,0,1,0,1,0,0,0,0,0,1,0,0,0,0,1,0
0.00149418,0,1,1,1,0,0,0,0,0,1,0,0,0,0,1,0
0.0014942,0,1,0,1,0,0,0,0,0,1,0,0,0,0,1,0
0.00149458,0,0,0,1,0,1,0,0,0,1,0,0,0,0,1,0
0.0014946,0,0,0,1,0,0,0,0,0,1,0,0,0,0,1,0
0.00149462,0,0,1,1,0,0,0,0,0,1,0,0,0,0,1,0
0.00149466,0,0,0,1,0,0,0,0,0,1,0,0,0,0,1,0
0.00149468,1,1,1,1,1,1,1,1,0,1,0,0,0,0,1,0
0.00149472,0,1,0,0,1,1,0,0,0,1,0,0,0,0,1,0
0.00149476,1,1,1,1,1,1,0,0,0,1,0,0,0,0,1,0
0.00149478,1,1,1,0,1,1,0,0,0,1,0,0,0,0,1,0
0.0014948,0,1,0,0,1,1,0,0,0,1,0,0,0,0,1,0
0.00149484,0,1,1,0,1,1,0,0,0,1,0,0,0,0,1,0
0.00149488,0,1,0,0,1,1,0,0,0,1,0,0,0,0,1,0
0.0014951,0,1,0,0,1,1,0,0,0,1,0,0,1,1,0,0
0.00149564,1,1,1,1,1,1,1,1,0,1,0,0,1,1,0,0
0.0014957,0,1,0,0,1,1,0,0,0,1,0,0,1,1,0,0
0.00149572,0,1,1,0,1,1,0,0,0,1,0,0,1,1,0,0
0.00149574,1,1,1,1,1,1,1,1,0,1,0,0,1,1,0,0
0.00149576,0,1,1,0,1,1,0,0,0,1,0,0,1,1,0,0
0.00149578,0,1,0,0,1,1,0,0,0,1,0,0,1,1,0,0
0.0014958,0,1,1,0,1,1,0,0,0,1,0,0,1,1,0,0
0.00149582,0,1,1,1,1,1,0,0,0,1,0,0,1,1,0,0
0.00149584,0,1,1,0,1,1,0,0,0,1,0,0,1,1,0,0
0.00149586,0,1,0,0,1,1,0,0,0,1,0,0,1,1,0,0
0.00149588,0,1,1,0,1,1,0,0,0,1,0,0,1,1,0,0
0.00149602,0,1,0,0,1,1,0,0,0,1,0,0,1,1,0,0
0.00149604,0,1,1,0,1,1,0,0,0,1,0,0,1,1,0,0
0.00149606,0,1,0,0,1,1,0,0,0,1,0,0,1,1,0,0
0.00149608,0,1,1,0,1,1,0,0,0,1,0,0,1,1,0,0
0.0014961,0,1,0,0,1,1,0,0,0,1,0,0,1,1,0,0
0.0014966,1,1,1,1,1,1,1,1,0,1,0,0,1,1,0,0
0.00149666,1,1,0,1,0,0,0,0,0,1,0,0,1,1,0,0
0.0014967,1,1,1,1,0,0,1,0,0,1,0,0,1,1,0,0
0.00149672,1,1,1,1,0,0,0,0,0,1,0,0,1,1,0,0
0.00149674,1,1,0,1,0,0,0,0,0,1,0,0,1,1,0,0
0.00149678,1,1,1,1,0,0,0,0,0,1,0,0,1,1,0,0
0.0014968,1,1,0,1,0,0,0,0,0,1,0,0,1,1,0,0
0.00149758,1,1,1,1,0,0,1,0,0,1,0,0,1,1,0,0
0.0014976,1,1,1,1,1,1,1,1,0,1,0,0,1,1,0,0
0.00149856,1,1,1,1,0,1,1,1,0,1,0,0,1,1,0,0
0.00149858,1,1,1,1,1,1,1,1,0,1,0,0,1,1,0,0
0.0014986,0,0,0,1,1,0,1,0,0,1,0,0,1,1,0,0
0.00149862,1,1,1,1,1,1,1,1,0,1,0,0,1,1,0,0
0.00149866,0,1,1,1,1,1,1,1,0,1,0,0,1,1,0,0
0.00149868,0,1,1,0,0,1,0,1,0,1,0,0,1,1,0,0
0.001499,0,1,1,0,0,1,0,1,0,1,1,0,0,1,0,1
0.00149952,0,1,1,1,0,1,0,1,0,1,1,0,0,1,0,1
0.00149954,1,1,1,1,1,1,0,1,0,1,1,0,0,1,0,1
0.00149956,1,1,1,1,1,1,1,1,0,1,1,0,0,1,0,1
0.0014996,0,0,0,0,0,1,1,0,0,1,1,0,0,1,0,1
0.00149964,1,0,1,1,0,1,1,0,0,1,1,0,0,1,0,1
0.00149966,0,0,1,1,0,1,1,0,0,1,1,0,0,1,0,1
0.00149968,0,0,0,0,0,1,1,0,0,1,1,0,0,1,0,1
0.0015005,1,1,0,0,0,1,1,0,0,1,1,0,0,1,0,1
0.00150052,1,1,1,1,1,1,1,1,0,1,1,0,0,1,0,1
0.00150058,0,0,0,0,0,0,0,1,0,1,1,0,0,1,0,1
0.00150062,1,1,1,1,0,0,0,1,0,1,1,0,0,1,0,1
0.00150066,0,0,1,0,0,0,0,1,0,1,1,0,0,1,0,1
0.00150068,0,0,0,0,0,0,0,1,0,1,1,0,0,1,0,1
0.0015007,0,0,1,1,0,0,0,1,0,1,1,0,0,1,0,1
0.00150074,0,0,1,0,0,0,0,1,0,1,1,0,0,1,0,1
0.00150076,0,0,0,0,0,0,0,1,0,1,1,0,0,1,0,1
0.00150078,0,0,1,0,0,0,0,1,0,1,1,0,0,1,0,1
0.00150082,0,0,0,0,0,0,0,1,0,1,1,0,0,1,0,1
0.00150084,0,0,1,0,0,0,0,1,0,1,1,0,0,1,0,1
0.0015009,0,0,0,0,0,0,0,1,0,1,1,0,0,1,0,1
0.00150096,0,0,1,0,0,0,0,1,0,1,1,0,0,1,0,1
0.00150098,0,0,0,0,0,0,0,1,0,1,1,0,0,1,0,1
0.00150148,1,0,1,1,0,0,0,1,0,1,1,0,0,1,0,1
0.0015015,1,1,1,1,1,1,1,1,0,1,1,0,0,1,0,1
0.00150154,1,1,1,1,1,1,1,0,0,1,1,0,0,1,0,1
0.00150156,0,0,0,0,0,0,0,0,0,1,1,0,0,1,0,1
0.00150158,1,1,1,1,0,1,1,0,0,1,1,0,0,1,0,1
0.0015016,1,1,1,1,1,1,1,0,0,1,1,0,0,1,0,1
0.00150164,1,0,1,1,0,0,0,0,0,1,1,0,0,1,0,1
0.00150166,1,1,1,1,0,1,0,0,0,1,1,0,0,1,0,1
0.00150168,1,1,1,1,0,1,1,0,0,1,1,0,0,1,0,1
0.00150172,1,1,1,1,0,1,0,0,0,1,1,0,0,1,0,1
0.0015021,1,1,1,1,0,0,0,0,0,1,1,0,0,1,0,1
0.0015024,0,0,1,1,0,0,0,0,0,1,1,0,0,1,0,1
0.00150242,1,0,1,1,0,0,0,0,0,1,1,0,0,1,0,1
0.00150244,1,1,1,1,0,1,0,0,0,1,1,0,0,1,0,1
0.00150246,1,1,1,1,1,1,1,1,0,1,1,0,0,1,0,1
0.00150348,1,1,1,1,0,1,1,0,0,1,1,0,0,1,0,1
0.0015035,0,0,0,0,0,0,0,0,0,1,1,0,0,1,0,1
0.00150352,1,1,1,1,0,1,1,0,0,1,1,0,0,1,0,1
0.00150354,1,1,1,1,1,1,1,1,0,1,1,0,0,1,0,1
0.00150356,1,1,1,1,0,1,1,0,0,1,1,0,0,1,0,1
0.00150358,0,0,1,0,0,0,0,0,0,1,1,0,0,1,0,1
0.0015036,0,0,1,1,0,0,0,0,0,1,1,0,0,1,0,1
0.00150362,1,1,1,1,0,1,1,0,0,1,1,0,0,1,0,1
0.00150366,0,0,1,1,0,1,0,0,0,1,1,0,0,1,0,1
0.00150368,1,0,1,1,0,1,0,0,0,1,1,0,0,1,0,1
0.0015037,1,1,1,1,0,1,1,0,0,1,1,0,0,1,0,1
0.00150372,1,1,1,1,0,1,0,0,0,1,1,0,0,1,0,1
0.00150376,0,0,1,1,0,1,0,0,0,1,1,0,0,1,0,1
0.00150378,1,1,1,1,0,1,0,0,0,1,1,0,0,1,0,1
0.00150382,0,0,1,1,0,1,0,0,0,1,1,0,0,1,0,1
0.00150386,1,1,1,1,0,1,0,0,0,1,1,0,0,1,0,1
0.0015039,0,0,1,1,0,1,0,0,0,1,1,0,0,1,0,1
0.00150406,0,0,1,1,0,0,0,0,0,1,1,0,0,1,0,1
0.00150444,0,0,1,0,0,0,0,0,0,1,1,0,0,1,0,1
0.00150446,0,0,1,1,0,0,0,0,0,1,1,0,0,1,0,1
0.00150448,0,0,0,0,0,0,0,0,0,1,1,0,0,1,0,1
0.0015045,0,0,1,0,0,0,0,0,0,1,1,0,0,1,0,1
0.00150452,0,0,1,0,1,0,0,0,0,1,1,0,0,1,0,1
0.00150454,1,1,1,1,1,1,1,1,0,1,1,0,0,1,0,1
0.00150456,0,0,1,1,1,0,0,0,0,1,1,0,0,1,0,1
0.00150458,0,0,1,0,1,0,0,0,0,1,1,0,0,1,0,1
0.0015046,0,0,1,1,1,0,0,0,0,1,1,0,0,1,0,1
0.00150462,0,0,1,1,1,1,0,0,0,1,1,0,0,1,0,1
0.00150464,0,0,1,0,1,0,0,0,0,1,1,0,0,1,0,1
0.0015047,0,0,1,1,1,0,0,0,0,1,1,0,0,1,0,1
0.00150472,0,0,1,0,1,0,0,0,0,1,1,0,0,1,0,1
0.00150486,0,0,1,1,1,0,0,0,0,0,1,0,1,0,0,0
0.00150488,0,0,1,0,1,0,0,0,0,0,1,0,1,0,0,0
0.00150538,1,1,1,1,1,0,0,0,0,0,1,0,1,0,0,0
0.0015054,1,1,1,1,1,1,1,1,0,0,1,0,1,0,0,0
0.00150644,0,0,0,0,0,0,0,1,0,0,1,0,1,0,0,0
0.00150648,1,1,1,1,0,1,1,1,0,0,1,0,1,0,0,0
0.00150652,0,0,0,0,0,0,0,1,0,0,1,0,1,0,0,0
0.00150656,1,1,1,1,0,1,0,1,0,0,1,0,1,0,0,0
0.0015066,0,0,0,1,0,0,0,1,0,0,1,0,1,0,0,0
0.00150664,0,0,1,1,0,0,0,1,0,0,1,0,1,0,0,0
0.00150666,1,0,1,1,0,0,0,1,0,0,1,0,1,0,0,0
0.00150668,0,0,1,1,0,0,0,1,0,0,1,0,1,0,0,0
0.00150716,0,0,0,0,0,0,0,1,0,0,1,0,1,0,0,0
0.00150722,0,0,1,1,0,0,0,1,0,0,1,0,1,0,0,0
0.00150726,0,0,0,0,0,0,0,1,0,0,1,0,1,0,0,0
0.00150728,0,0,1,1,0,0,0,1,0,0,1,0,1,0,0,0
0.0015073,0,0,0,1,0,0,0,1,0,0,1,0,1,0,0,0
0.00150732,0,0,0,0,0,0,0,1,0,0,1,0,1,0,0,0
0.00150734,1,1,1,1,1,1,0,1,0,0,1,0,1,0,0,0
0.00150736,1,1,1,1,1,1,1,1,0,0,1,0,1,0,0,0
0.0015074,1,1,0,0,1,1,0,0,0,0,1,0,1,0,0,0
0.00150744,1,1,1,1,1,1,1,0,0,0,1,0,1,0,0,0
0.00150748,1,1,0,0,1,1,0,0,0,0,1,0,1,0,0,0
0.00150752,1,1,1,1,1,1,0,0,0,0,1,0,1,0,0,0
0.00150754,1,1,0,0,1,1,0,0,0,0,1,0,1,0,0,0
0.00150778,1,1,0,0,1,1,0,0,0,1,0,0,1,0,0,0
0.0015078,1,1,0,0,1,1,0,0,1,1,0,0,1,1,0,0
0.00150832,1,1,1,1,1,1,1,0,1,1,0,0,1,1,0,0
0.00150836,1,1,1,1,1,1,1,1,1,1,0,0,1,1,0,0
0.00150932,0,0,0,0,0,0,0,1,1,1,0,0,1,1,0,0
0.00150936,1,1,1,1,0,1,1,1,1,1,0,0,1,1,0,0
0.0015094,0,0,1,1,0,0,0,1,1,1,0,0,1,1,0,0
0.00150942,0,0,0,0,0,0,0,1,1,1,0,0,1,1,0,0
0.00150944,1,0,1,1,0,1,0,1,1,1,0,0,1,1,0,0
0.00150946,0,0,1,1,0,0,0,1,1,1,0,0,1,1,0,0
0.0015095,0,0,1,0,0,0,0,1,1,1,0,0,1,1,0,0
0.00150952,0,0,1,1,0,0,0,1,1,1,0,0,1,1,0,0
0.00150976,0,0,1,0,0,0,0,1,1,1,0,0,1,1,0,0
0.00150978,0,0,1,1,0,0,0,1,1,1,0,0,1,1,0,0
0.0015099,0,0,1,0,0,0,0,1,1,1,0,0,1,1,0,0
0.00150992,0,0,1,1,0,0,0,1,1,1,0,0,1,1,0,0
0.00150996,0,0,1,0,0,0,0,1,1,1,0,0,1,1,0,0
0.00151002,0,0,1,1,0,0,0,1,1,1,0,0,1,1,0,0
0.00151004,0,0,1,0,0,0,0,1,1,1,0,0,1,1,0,0
0.00151022,0,0,0,0,0,0,0,1,1,1,0,0,1,1,0,0
0.00151026,1,0,0,0,0,0,0,1,1,1,0,0,1,1,0,0
0.00151028,1,1,1,1,1,1,0,0,1,1,0,0,1,1,0,0
0.0015103,1,0,0,0,0,0,0,0,1,1,0,0,1,1,0,0
0.00151034,1,1,1,1,0,0,0,0,1,1,0,0,1,1,0,0
0.00151036,1,0,1,1,0,0,0,0,1,1,0,0,1,1,0,0
0.00151038,1,0,0,0,0,0,0,0,1,1,0,0,1,1,0,0
0.00151042,1,0,1,0,0,0,0,0,1,1,0,0,1,1,0,0
0.00151044,1,0,0,0,0,0,0,0,1,1,0,0,1,1,0,0
0.00151124,1,1,1,1,0,1,0,0,1,1,0,0,1,1,0,0
0.00151126,1,1,1,1,1,1,1,1,1,1,0,0,1,1,0,0
0.00151224,1,1,0,0,1,1,0,0,1,1,0,0,1,1,0,0
0.00151228,0,1,1,1,1,1,1,1,1,1,0,0,1,1,0,0
0.0015132,1,1,1,1,1,1,1,1,1,1,0,0,1,1,0,0
0.00151322,0,0,0,0,0,0,0,1,1,1,0,0,1,1,0,0
0.00151326,1,1,1,1,0,1,1,1,1,1,0,0,1,1,0,0
0.00151328,0,0,1,1,0,0,0,1,1,1,0,0,1,1,0,0
0.0015133,0,0,0,0,0,0,0,1,1,1,0,0,1,1,0,0
0.00151334,0,0,1,1,0,0,0,1,1,1,0,0,1,1,0,0
0.00151336,0,0,1,0,0,0,0,1,1,1,0,0,1,1,0,0
0.00151338,0,0,0,0,0,0,0,1,1,1,0,0,1,1,0,0
0.00151342,0,0,1,0,0,0,0,1,1,1,0,0,1,1,0,0
0.00151358,0,0,0,0,0,0,0,1,1,1,0,0,1,1,0,0
0.00151362,0,0,1,0,0,0,0,1,1,1,0,0,1,1,0,0
0.00151368,0,0,0,0,0,0,0,1,1,1,0,0,1,1,0,0
0.00151372,0,0,1,0,0,0,0,1,1,1,0,0,1,1,0,0
0.00151374,0,0,0,0,0,0,0,1,1,1,0,0,1,1,0,0
0.00151418,0,1,1,0,1,0,0,1,1,1,0,0,1,1,0,0
0.0015142,1,1,1,1,1,1,1,1,1,1,0,0,1,1,0,0
0.00151424,0,1,1,0,1,0,0,1,1,1,0,0,1,1,0,0
0.00151428,0,1,1,1,1,0,0,1,1,1,0,0,1,1,0,0
0.0015143,0,1,1,0,1,0,0,1,1,1,0,0,1,1,0,0
0.00151516,0,1,1,1,1,1,1,1,1,1,0,0,1,1,0,0
0.00151518,1,1,1,1,1,1,1,1,1,1,0,0,1,1,0,0
0.0015152,0,1,1,1,1,1,1,1,1,1,0,0,1,1,0,0
0.00151522,1,1,1,1,1,1,1,1,1,1,0,0,1,1,0,0
0.00151614,1,1,0,0,1,1,0,0,1,1,0,0,1,1,0,0
0.00151616,0,1,1,0,1,0,0,1,1,1,0,0,1,1,0,0
0.00151618,0,1,1,1,1,1,1,1,1,1,0,0,1,1,0,0
0.0015162,1,1,1,1,1,1,1,1,1,1,0,0,1,1,0,0
0.00151624,1,1,0,0,1,1,0,1,1,1,0,0,1,1,0,0
0.00151626,1,1,0,0,0,1,0,1,1,1,0,0,1,1,0,0
0.0015163,1,1,0,1,0,1,1,1,1,1,0,0,1,1,0,0
0.00151632,1,1,0,0,0,1,0,1,1,1,0,0,1,1,0,0
0.0015171,1,1,1,1,0,1,0,1,1,1,0,0,1,1,0,0
0.00151712,1,1,1,1,1,1,1,1,1,1,0,0,1,1,0,0
0.00151716,1,0,0,0,0,0,0,0,1,1,0,0,1,1,0,0
0.00151722,1,1,1,1,0,1,0,1,1,1,0,0,1,1,0,0
0.00151724,1,0,0,0,0,0,0,0,1,1,0,0,1,1,0,0
0.00151806,1,0,1,0,0,0,0,0,1,1,0,0,1,1,0,0
0.00151808,1,1,1,1,0,1,1,1,1,1,0,0,1,1,0,0
0.0015181,1,1,1,1,1,1,1,1,1,1,0,0,1,1,0,0
0.0015191,0,1,1,0,0,1,0,1,1,1,0,0,1,1,0,0
0.0015195,0,1,1,0,0,1,0,1,0,1,0,0,0,1,0,0
0.00151952,0,1,1,0,0,1,0,1,0,1,1,0,0,1,0,1
0.00152004,0,1,1,1,0,1,0,1,0,1,1,0,0,1,0,1
0.00152006,1,1,1,1,1,1,1,1,0,1,1,0,0,1,0,1
0.0015201,0,0,0,0,0,1,1,0,0,1,1,0,0,1,0,1
0.00152014,0,0,0,1,0,1,1,1,0,1,1,0,0,1,0,1
0.00152016,1,1,1,1,0,1,1,1,0,1,1,0,0,1,0,1
0.00152018,0,0,0,0,0,1,1,0,0,1,1,0,0,1,0,1
0.001521,1,1,1,1,0,1,1,0,0,1,1,0,0,1,0,1
0.00152102,1,1,1,1,1,1,1,1,0,1,1,0,0,1,0,1
0.00152106,1,1,1,1,1,0,1,1,0,1,1,0,0,1,0,1
0.00152108,0,0,0,0,0,0,0,1,0,1,1,0,0,1,0,1
0.00152112,1,1,1,1,1,0,0,1,0,1,1,0,0,1,0,1
0.00152114,1,1,1,1,0,0,0,1,0,1,1,0,0,1,0,1
0.00152116,0,0,0,0,0,0,0,1,0,1,1,0,0,1,0,1
0.0015212,1,1,1,1,0,0,0,1,0,1,1,0,0,1,0,1
0.00152124,0,0,1,0,0,0,0,1,0,1,1,0,0,1,0,1
0.00152128,0,0,1,1,0,0,0,1,0,1,1,0,0,1,0,1
0.00152132,0,0,1,0,0,0,0,1,0,1,1,0,0,1,0,1
0.0015217,0,0,0,0,0,0,0,1,0,1,1,0,0,1,0,1
0.00152172,0,0,1,0,0,0,0,1,0,1,1,0,0,1,0,1
0.00152174,0,0,0,0,0,0,0,1,0,1,1,0,0,1,0,1
0.0015218,0,0,1,0,0,0,0,1,0,1,1,0,0,1,0,1
0.00152182,0,0,0,0,0,0,0,1,0,1,1,0,0,1,0,1
0.00152198,1,1,1,1,0,0,0,1,0,1,1,0,0,1,0,1
0.001522,1,1,1,1,1,1,1,1,0,1,1,0,0,1,0,1
0.00152206,1,0,0,1,0,1,1,0,0,1,1,0,0,1,0,1
0.0015221,1,1,1,1,1,1,1,1,0,1,1,0,0,1,0,1
0.00152212,1,0,0,1,0,1,1,0,0,1,1,0,0,1,0,1
0.00152218,1,0,1,1,0,1,1,0,0,1,1,0,0,1,0,1
0.0015222,1,0,0,1,0,1,1,0,0,1,1,0,0,1,0,1
0.00152296,1,1,1,1,0,1,1,0,0,1,1,0,0,1,0,1
0.00152298,1,1,1,1,1,1,1,1,0,1,1,0,0,1,0,1
0.00152398,1,1,1,1,1,1,1,0,0,1,1,0,0,1,0,1
0.001524,1,0,0,1,0,1,1,0,0,1,1,0,0,1,0,1
0.00152404,1,1,1,1,0,1,1,1,0,1,1,0,0,1,0,1
0.00152406,1,0,0,1,0,1,1,0,0,1,1,0,0,1,0,1
0.00152502,1,1,1,1,1,1,0,0,0,1,1,0,0,1,0,1
0.00152504,0,0,1,0,1,1,0,0,0,1,1,0,0,1,0,1
0.00152508,0,1,1,0,1,1,0,0,0,1,1,0,0,1,0,1
0.0015251,0,0,1,0,1,1,0,0,0,1,1,0,0,1,0,1
0.00152536,0,0,1,0,1,1,0,0,0,0,1,0,1,1,0,0
0.0015259,1,1,1,0,1,1,0,0,0,0,1,0,1,1,0,0
0.00152592,1,1,1,1,1,1,0,1,0,0,1,0,1,1,0,0
0.00152594,1,1,1,1,1,1,1,1,0,0,1,0,1,1,0,0
0.00152688,0,0,1,0,1,1,0,0,0,0,1,0,1,1,0,0
0.00152692,0,1,1,1,1,1,1,1,0,0,1,0,1,1,0,0
0.00152694,1,1,1,1,1,1,1,1,0,0,1,0,1,1,0,0
0.00152696,0,1,1,1,1,1,1,1,0,0,1,0,1,1,0,0
0.00152784,1,1,1,1,1,1,1,1,0,0,1,0,1,1,0,0
0.00152786,1,1,1,1,0,1,1,1,0,0,1,0,1,1,0,0
0.00152788,0,0,0,0,0,0,0,1,0,0,1,0,1,1,0,0
0.00152792,1,1,1,1,0,1,1,1,0,0,1,0,1,1,0,0
0.00152794,1,0,0,0,0,0,0,1,0,0,1,0,1,1,0,0
0.00152796,0,0,0,0,0,0,0,1,0,0,1,0,1,1,0,0
0.001528,1,0,0,0,0,0,0,1,0,0,1,0,1,1,0,0
0.00152802,0,0,0,0,0,0,0,1,0,0,1,0,1,1,0,0
0.00152882,0,1,1,1,1,1,1,1,0,0,1,0,1,1,0,0
0.00152884,1,1,1,1,1,1,1,1,0,0,1,0,1,1,0,0
0.00152886,0,0,0,1,0,1,0,1,0,0,1,0,1,1,0,0
0.00152888,0,1,1,1,0,1,0,1,0,0,1,0,1,1,0,0
0.0015289,1,1,1,0,1,1,1,1,0,0,1,0,1,1,0,0
0.00152892,0,1,1,0,1,0,0,1,0,0,1,0,1,1,0,0
0.0015298,1,1,1,1,1,0,1,1,0,0,1,0,1,1,0,0
0.00152982,1,1,1,1,1,1,1,1,0,0,1,0,1,1,0,0
0.00153078,0,1,1,0,1,0,0,1,0,0,1,0,1,1,0,0
0.00153082,1,1,1,1,1,1,1,1,0,0,1,0,1,1,0,0
0.00153178,0,0,0,0,0,0,0,1,0,0,1,0,1,1,0,0
0.00153182,1,0,1,1,0,1,1,1,0,0,1,0,1,1,0,0
0.00153184,1,1,1,1,0,1,1,1,0,0,1,0,1,1,0,0
0.00153186,0,0,0,0,0,0,0,1,0,0,1,0,1,1,0,0
0.0015319,0,0,1,1,0,1,0,1,0,0,1,0,1,1,0,0
0.00153192,0,0,0,0,0,0,0,1,0,0,1,0,1,1,0,0
0.00153198,0,0,1,0,0,0,0,1,0,0,1,0,1,1,0,0
0.001532,0,0,0,0,0,0,0,1,0,0,1,0,1,1,0,0
0.0015322,0,0,1,0,0,0,0,1,0,0,1,0,1,1,0,0
0.00153222,0,0,0,0,0,0,0,1,0,0,1,0,1,1,0,0
0.00153224,0,0,1,0,0,0,0,1,0,0,1,0,1,1,0,0
0.00153226,0,0,0,0,0,0,0,1,0,0,1,0,1,1,0,0
0.00153272,0,1,1,1,0,1,0,1,0,0,1,0,1,1,0,0
0.00153274,1,1,1,1,1,1,1,1,0,0,1,0,1,1,0,0
0.00153276,0,0,0,1,0,1,0,1,0,0,1,0,1,1,0,0
0.00153278,1,0,0,1,0,1,0,1,0,0,1,0,1,1,0,0
0.0015328,1,1,1,0,0,0,0,0,0,0,1,0,1,1,0,0
0.00153282,1,0,0,0,0,0,0,0,0,0,1,0,1,1,0,0
0.00153286,1,1,1,1,0,1,1,0,0,0,1,0,1,1,0,0
0.00153288,1,0,0,0,0,0,0,0,0,0,1,0,1,1,0,0
0.0015337,1,1,1,1,0,1,1,0,0,0,1,0,1,1,0,0
0.00153372,1,1,1,1,1,1,1,0,0,0,1,0,1,1,0,0
0.00153376,1,0,0,0,0,0,0,0,0,0,1,0,1,1,0,0
0.0015338,1,0,1,1,0,0,0,0,0,0,1,0,1,1,0,0
0.00153382,1,0,0,0,0,0,0,0,0,0,1,0,1,1,0,0
0.0015347,1,1,1,0,1,0,0,1,0,0,1,0,1,1,0,0
0.00153472,0,1,1,1,1,1,1,1,0,0,1,0,1,1,0,0
0.00153474,1,1,1,0,1,0,0,1,0,0,1,0,1,1,0,0
0.00153476,0,1,1,0,1,0,0,1,0,0,1,0,1,1,0,0
0.00153568,1,1,1,1,1,1,1,1,0,0,1,0,1,1,0,0
0.00153864,1,1,0,0,0,1,0,1,0,0,1,0,1,1,0,0
0.00153866,1,1,1,1,1,1,0,1,0,0,1,0,1,1,0,0
0.00153868,1,1,1,1,1,1,1,1,0,0,1,0,1,1,0,0
0.0015387,1,1,1,1,1,1,1,0,0,0,1,0,1,1,0,0
0.00153872,1,0,0,0,0,1,0,0,0,0,1,0,1,1,0,0
0.00153876,1,0,1,0,0,1,1,0,0,0,1,0,1,1,0,0
0.00153878,1,0,0,0,0,1,1,0,0,0,1,0,1,1,0,0
0.0015388,1,0,0,0,0,1,0,0,0,0,1,0,1,1,0,0
0.00153884,1,0,0,0,0,1,1,0,0,0,1,0,1,1,0,0
0.00153886,1,0,0,0,0,1,0,0,0,0,1,0,1,1,0,0
0.00153902,1,0,0,0,0,1,0,0,0,0,0,0,0,1,0,0
0.00153904,1,0,0,0,0,1,0,0,1,0,0,0,0,1,0,0
0.0015391,1,0,0,0,0,1,0,0,0,0,0,0,0,1,0,0
0.00153912,1,0,0,0,0,1,0,0,1,0,0,0,0,1,0,0
0.00153956,1,0,1,0,0,1,1,0,1,0,0,0,0,1,0,0
0.00153958,1,1,1,1,1,1,1,1,1,0,0,0,0,1,0,0
0.00153962,0,0,0,0,0,1,1,0,1,0,0,0,0,1,0,0
0.00153966,0,0,1,0,0,1,1,0,1,0,0,0,0,1,0,0
0.00153968,1,1,1,1,0,1,1,0,1,0,0,0,0,1,0,0
0.0015397,0,0,1,0,0,1,1,0,1,0,0,0,0,1,0,0
0.00153972,0,0,0,0,0,1,1,0,1,0,0,0,0,1,0,0
0.00153974,0,0,1,0,0,1,1,0,1,0,0,0,0,1,0,0
0.0015398,0,0,0,0,0,1,1,0,1,0,0,0,0,1,0,0
0.00154052,0,1,1,0,0,1,1,0,1,0,0,0,0,1,0,0
0.00154054,1,1,1,1,1,1,1,1,1,0,0,0,0,1,0,0
0.0015406,0,1,1,1,0,0,0,1,1,0,0,0,0,1,0,0
0.00154062,0,0,0,0,0,0,0,1,1,0,0,0,0,1,0,0
0.00154064,0,1,1,0,0,0,0,1,1,0,0,0,0,1,0,0
0.00154066,1,1,1,1,1,1,1,1,1,0,0,0,0,1,0,0
0.00154068,1,0,1,1,0,0,0,1,1,0,0,0,0,1,0,0
0.0015407,0,0,0,0,0,0,0,1,1,0,0,0,0,1,0,0
0.00154072,0,0,1,0,0,0,0,1,1,0,0,0,0,1,0,0
0.00154074,0,0,1,1,0,0,0,1,1,0,0,0,0,1,0,0
0.00154078,0,0,1,0,0,0,0,1,1,0,0,0,0,1,0,0
0.0015411,0,0,0,0,0,0,0,1,1,0,0,0,0,1,0,0
0.00154112,0,0,1,0,0,0,0,1,1,0,0,0,0,1,0,0
0.00154114,0,0,0,0,0,0,0,1,1,0,0,0,0,1,0,0
0.00154116,0,0,1,0,0,0,0,1,1,0,0,0,0,1,0,0
0.00154118,0,0,0,0,0,0,0,1,1,0,0,0,0,1,0,0
0.00154122,0,0,1,0,0,0,0,1,1,0,0,0,0,1,0,0
0.00154124,0,0,0,0,0,0,0,1,1,0,0,0,0,1,0,0
0.0015415,0,1,0,0,0,0,0,1,1,0,0,0,0,1,0,0
0.00154152,0,0,1,1,0,0,0,1,1,0,0,0,0,1,0,0
0.00154154,1,1,1,1,1,1,1,1,1,0,0,0,0,1,0,0
0.00154158,1,0,0,1,0,1,1,0,1,0,0,0,0,1,0,0
0.00154162,1,1,1,1,1,1,1,1,1,0,0,0,0,1,0,0
0.00154164,1,1,1,1,0,1,1,0,1,0,0,0,0,1,0,0
0.00154166,1,0,0,1,0,1,1,0,1,0,0,0,0,1,0,0
0.00154168,1,1,1,1,0,1,1,0,1,0,0,0,0,1,0,0
0.00154172,1,0,1,1,0,1,1,0,1,0,0,0,0,1,0,0
0.00154176,1,1,1,1,0,1,1,0,1,0,0,0,0,1,0,0
0.0015418,1,0,1,1,0,1,1,0,1,0,0,0,0,1,0,0
0.00154192,1,1,1,1,0,1,1,0,1,0,0,0,0,1,0,0
0.00154194,1,0,1,1,0,1,1,0,1,0,0,0,0,1,0,0
0.00154228,1,0,0,1,0,1,1,0,1,0,0,0,0,1,0,0
0.0015423,1,0,1,1,0,1,1,0,1,0,0,0,0,1,0,0
0.0015424,1,0,0,1,0,1,1,0,1,0,0,0,0,1,0,0
0.00154242,1,0,1,1,0,1,1,0,1,0,0,0,0,1,0,0
0.00154246,1,0,0,1,0,1,1,0,1,0,0,0,0,1,0,0
0.00154248,1,0,1,1,0,1,1,0,1,0,0,0,0,1,0,0
0.0015425,1,0,0,1,0,1,1,0,1,0,0,0,0,1,0,0
0.00154254,1,1,0,1,0,1,1,1,1,0,0,0,0,1,0,0
0.00154256,1,1,1,1,1,1,1,1,1,0,0,0,0,1,0,0
0.00154258,0,1,0,0,1,0,1,1,1,0,0,0,0,1,0,0
0.00154262,0,1,1,1,1,0,1,1,1,0,0,0,0,1,0,0
0.00154264,0,1,1,0,1,0,1,1,1,0,0,0,0,1,0,0
0.00154266,0,1,0,0,1,0,1,1,1,0,0,0,0,1,0,0
0.0015427,0,1,1,0,1,0,1,1,1,0,0,0,0,1,0,0
0.00154272,0,1,0,0,1,0,1,1,1,0,0,0,0,1,0,0
0.00154292,0,1,0,0,1,0,1,1,1,0,0,0,0,0,0,0
0.00154294,0,1,0,0,1,0,1,1,0,1,0,0,1,0,1,1
0.00154348,1,1,1,1,1,0,1,1,0,1,0,0,1,0,1,1
0.0015435,1,1,1,1,1,1,1,1,0,1,0,0,1,0,1,1
0.00154354,1,0,0,1,0,1,1,0,0,1,0,0,1,0,1,1
0.00154358,1,1,1,1,0,1,1,0,0,1,0,0,1,0,1,1
0.0015436,1,0,0,1,0,1,1,0,0,1,0,0,1,0,1,1
0.00154444,1,0,1,1,0,1,1,0,0,1,0,0,1,0,1,1
0.00154446,1,1,1,1,1,1,1,1,0,1,0,0,1,0,1,1
0.00154542,0,0,0,0,0,0,0,0,0,1,0,0,1,0,1,1
0.00154546,0,0,1,0,0,0,0,0,0,1,0,0,1,0,1,1
0.00154548,0,0,0,0,0,0,0,0,0,1,0,0,1,0,1,1
0.00154638,1,1,1,0,0,0,0,0,0,1,0,0,1,0,1,1
0.0015464,0,0,0,0,0,0,0,0,0,1,0,0,1,0,1,1
0.00154642,1,0,0,1,0,1,1,0,0,1,0,0,1,0,1,1
0.00154644,1,1,1,1,1,1,1,1,0,1,0,0,1,0,1,1
0.0015465,0,1,0,0,1,1,0,0,0,1,0,0,1,0,1,1
0.00154656,1,1,1,1,1,1,0,0,0,1,0,0,1,0,1,1
0.00154658,0,1,0,0,1,1,0,0,0,1,0,0,1,0,1,1
0.00154684,0,1,0,0,1,1,0,0,0,1,0,0,1,0,0,0
0.00154686,0,1,0,0,1,1,0,0,0,1,0,0,1,1,0,0
0.00154736,1,1,1,1,1,1,0,0,0,1,0,0,1,1,0,0
0.0015474,1,1,1,1,1,1,1,1,0,1,0,0,1,1,0,0
0.00154744,1,0,1,0,1,1,0,0,0,1,0,0,1,1,0,0
0.00154834,1,1,1,1,1,1,0,0,0,1,0,0,1,1,0,0
0.00154836,1,1,1,1,1,1,1,1,0,1,0,0,1,1,0,0
0.00154838,1,1,1,1,1,1,0,0,0,1,0,0,1,1,0,0
0.0015484,1,1,1,1,0,0,0,0,0,1,0,0,1,1,0,0
0.00154842,1,1,0,1,0,0,0,0,0,1,0,0,1,1,0,0
0.00154934,1,1,1,1,0,0,1,0,0,1,0,0,1,1,0,0
0.00154936,1,1,1,1,1,1,1,1,0,1,0,0,1,1,0,0
0.00155034,0,0,0,1,1,0,1,0,0,1,0,0,1,1,0,0
0.00155038,1,1,1,1,1,1,1,1,0,1,0,0,1,1,0,0
0.0015504,1,0,1,1,1,1,1,1,0,1,0,0,1,1,0,0
0.00155042,1,0,0,0,1,1,0,0,0,1,0,0,1,1,0,0
0.00155048,1,0,1,0,1,1,0,1,0,1,0,0,1,1,0,0
0.0015505,1,0,0,0,1,1,0,0,0,1,0,0,1,1,0,0
0.00155074,1,0,0,0,1,1,0,0,0,0,0,0,1,1,0,0
0.00155076,1,0,0,0,1,1,0,0,1,0,0,0,1,1,0,0
0.00155126,1,0,1,0,1,1,0,0,1,0,0,0,1,1,0,0
0.00155128,1,1,1,0,1,1,0,0,1,0,0,0,1,1,0,0
0.0015513,1,1,1,1,1,1,1,1,1,0,0,0,1,1,0,0
0.00155134,1,1,0,1,0,1,0,1,1,0,0,0,1,1,0,0
0.00155138,1,1,1,1,0,1,0,1,1,0,0,0,1,1,0,0
0.0015514,1,1,0,1,0,1,0,1,1,0,0,0,1,1,0,0
0.00155224,1,1,1,1,0,1,0,1,1,0,0,0,1,1,0,0
0.00155226,1,1,1,1,1,1,1,1,1,0,0,0,1,1,0,0
0.00155232,1,0,0,0,0,0,0,0,1,0,0,0,1,1,0,0
0.00155238,1,1,1,1,0,1,1,1,1,0,0,0,1,1,0,0
0.0015524,1,0,1,0,0,0,0,0,1,0,0,0,1,1,0,0
0.00155242,1,0,0,0,0,0,0,0,1,0,0,0,1,1,0,0
0.00155246,1,0,1,0,0,0,0,0,1,0,0,0,1,1,0,0
0.00155248,1,0,0,0,0,0,0,0,1,0,0,0,1,1,0,0
0.00155324,1,1,1,1,1,1,1,1,1,0,0,0,1,1,0,0
0.00155426,0,0,1,0,1,0,0,0,1,0,0,0,1,1,0,0
0.0015543,1,1,1,1,1,1,1,1,1,0,0,0,1,1,0,0
0.00155432,0,0,1,0,1,0,0,0,1,0,0,0,1,1,0,0
0.00155464,0,0,1,0,1,0,0,0,0,0,0,0,1,0,0,0
0.00155466,0,0,1,0,1,0,0,0,0,0,1,0,1,0,0,0
0.00155472,1,0,1,0,1,0,0,0,0,0,0,0,0,0,0,0
0.00155474,1,0,1,0,1,0,0,0,1,0,1,0,1,0,0,0
0.00155476,0,0,1,0,1,1,0,1,0,0,1,0,1,0,0,0
0.00155478,0,0,1,0,1,0,0,0,0,0,1,0,1,0,0,0
0.0015552,1,1,1,1,1,1,1,1,0,0,1,0,1,0,0,0
0.00155622,0,0,0,0,0,0,0,1,0,0,1,0,1,0,0,0
0.00155626,1,1,0,1,0,1,1,1,0,0,1,0,1,0,0,0
0.00155628,1,1,1,1,0,1,1,1,0,0,1,0,1,0,0,0
0.0015563,0,0,0,1,0,1,0,1,0,0,1,0,1,0,0,0
0.00155632,0,0,0,0,0,0,0,1,0,0,1,0,1,0,0,0
0.00155634,0,0,0,1,0,1,0,1,0,0,1,0,1,0,0,0
0.00155638,0,0,0,1,0,0,0,1,0,0,1,0,1,0,0,0
0.0015564,0,0,0,0,0,0,0,1,0,0,1,0,1,0,0,0
0.00155642,0,0,0,1,0,0,0,1,0,0,1,0,1,0,0,0
0.00155644,0,0,0,1,0,1,0,1,0,0,1,0,1,0,0,0
0.00155646,0,0,0,1,0,0,0,1,0,0,1,0,1,0,0,0
0.00155648,0,0,0,0,0,0,0,1,0,0,1,0,1,0,0,0
0.0015565,0,0,0,1,0,0,0,1,0,0,1,0,1,0,0,0
0.00155656,0,0,0,0,0,0,0,1,0,0,1,0,1,0,0,0
0.00155658,0,0,0,1,0,0,0,1,0,0,1,0,1,0,0,0
0.00155662,0,0,0,0,0,0,0,1,0,0,1,0,1,0,0,0
0.00155668,0,0,0,1,0,0,0,1,0,0,1,0,1,0,0,0
0.0015567,0,0,0,0,0,0,0,1,0,0,1,0,1,0,0,0
0.00155712,1,1,1,1,0,0,0,1,0,0,1,0,1,0,0,0
0.00155714,1,1,1,1,1,1,1,1,0,0,1,0,1,0,0,0
0.0015572,0,0,1,0,1,0,0,0,0,0,1,0,1,0,0,0
0.00155724,1,1,1,1,1,1,1,0,0,0,1,0,1,0,0,0
0.00155728,0,0,1,0,1,0,0,0,0,0,1,0,1,0,0,0
0.00155732,1,1,1,1,1,0,0,0,0,0,1,0,1,0,0,0
0.00155734,0,1,1,1,1,0,0,0,0,0,1,0,1,0,0,0
0.00155736,0,0,1,0,1,0,0,0,0,0,1,0,1,0,0,0
0.0015574,0,0,1,1,1,0,0,0,0,0,1,0,1,0,0,0
0.00155742,0,0,1,0,1,0,0,0,0,0,1,0,1,0,0,0
0.0015581,1,0,1,1,1,0,0,0,0,0,1,0,1,0,0,0
0.00155812,1,1,1,1,1,1,1,1,0,0,1,0,1,0,0,0
0.00155818,1,0,0,1,1,1,0,1,0,0,1,0,1,0,0,0
0.00155822,1,1,0,1,1,1,1,1,0,0,1,0,1,0,0,0
0.00155824,1,0,0,1,1,1,0,1,0,0,1,0,1,0,0,0
0.00155908,1,0,1,1,1,1,0,1,0,0,1,0,1,0,0,0
0.0015591,1,1,1,1,1,1,1,1,0,0,1,0,1,0,0,0
0.00155916,1,0,0,0,0,0,0,0,0,0,1,0,1,0,0,0
0.0015592,1,1,1,1,0,1,1,0,0,0,1,0,1,0,0,0
0.00155924,1,0,1,0,0,0,0,0,0,0,1,0,1,0,0,0
0.00155926,1,0,0,0,0,0,0,0,0,0,1,0,1,0,0,0
0.00155928,1,1,1,1,0,0,0,0,0,0,1,0,1,0,0,0
0.00155932,1,0,0,0,0,0,0,0,0,0,1,0,1,0,0,0
0.00155938,1,1,1,1,0,0,0,0,0,0,1,0,1,0,0,0
0.0015594,1,0,0,0,0,0,0,0,0,0,1,0,1,0,0,0
0.00155952,1,0,1,0,0,0,0,0,0,0,1,0,1,0,0,0
0.00155954,1,0,0,0,0,0,0,0,0,0,1,0,1,0,0,0
0.00156006,1,1,1,1,0,0,0,0,0,0,1,0,1,0,0,0
0.00156008,1,1,1,1,1,1,1,1,0,0,1,0,1,0,0,0
0.00156012,1,1,1,0,0,0,0,1,0,0,1,0,1,0,0,0
0.00156016,1,1,1,1,0,1,1,1,0,0,1,0,1,0,0,0
0.0015602,1,1,1,0,0,0,0,1,0,0,1,0,1,0,0,0
0.00156024,1,1,1,1,0,1,0,1,0,0,1,0,1,0,0,0
0.00156026,1,1,1,0,0,0,0,1,0,0,1,0,1,0,0,0
0.0015605,1,1,1,0,0,0,0,1,0,1,1,0,0,0,0,0
0.00156052,1,1,1,0,0,0,0,1,1,1,1,0,0,0,0,1
0.00156104,1,1,1,1,0,1,1,1,1,1,1,0,0,0,0,1
0.00156106,1,1,1,1,1,1,1,1,1,1,1,0,0,0,0,1
0.00156108,0,0,1,1,1,1,1,1,1,1,1,0,0,0,0,1
0.0015611,1,0,0,1,1,1,0,1,1,1,1,0,0,0,0,1
0.00156202,1,1,0,1,1,1,0,1,1,1,1,0,0,0,0,1
0.00156204,1,1,1,1,0,0,1,0,1,1,1,0,0,0,0,1
0.00156206,1,0,0,0,0,0,0,0,1,1,1,0,0,0,0,1
0.00156208,1,1,1,1,1,0,1,1,1,1,1,0,0,0,0,1
0.0015621,1,1,1,1,1,1,1,1,1,1,1,0,0,0,0,1
0.00156212,1,0,1,0,0,0,0,1,1,1,1,0,0,0,0,1
0.00156216,1,0,1,0,0,1,0,1,1,1,1,0,0,0,0,1
0.00156218,1,0,1,1,0,1,0,1,1,1,1,0,0,0,0,1
0.0015622,1,0,1,0,0,0,0,1,1,1,1,0,0,0,0,1
0.00156246,1,0,1,0,0,0,0,1,1,0,1,0,0,0,0,1
0.00156298,1,0,1,1,0,1,0,1,1,0,1,0,0,0,0,1
0.001563,1,0,1,1,1,1,1,1,1,0,1,0,0,0,0,1
0.00156302,1,0,0,1,1,1,1,1,1,0,1,0,0,0,0,1
0.00156304,1,0,0,1,1,1,0,1,1,0,1,0,0,0,0,1
0.00156398,1,1,1,1,1,1,0,1,1,0,1,0,0,0,0,1
0.001564,1,1,1,1,1,1,1,1,1,0,1,0,0,0,0,1
0.00156402,0,0,1,0,1,0,0,0,1,0,1,0,0,0,0,1
0.00156406,0,0,0,1,0,0,0,1,1,0,1,0,0,0,0,1
0.0015644,0,0,0,1,0,0,0,1,1,0,0,0,0,0,0,1
0.00156442,0,0,0,1,0,0,0,1,0,0,0,1,0,0,0,1
0.00156448,0,0,0,1,0,0,0,1,0,0,0,0,0,0,0,0
0.0015645,0,0,0,1,0,0,0,1,0,0,0,1,0,0,0,1
0.00156496,1,1,1,1,1,1,0,1,0,0,0,1,0,0,0,1
0.00156498,1,1,1,1,1,1,1,1,0,0,0,1,0,0,0,1
0.00156502,1,0,0,0,0,0,0,0,0,0,0,1,0,0,0,1
0.00156506,1,1,1,1,0,1,1,0,0,0,0,1,0,0,0,1
0.00156508,1,0,1,1,0,1,1,0,0,0,0,1,0,0,0,1
0.0015651,1,0,0,0,0,0,0,0,0,0,0,1,0,0,0,1
0.00156514,1,0,0,0,0,1,0,0,0,0,0,1,0,0,0,1
0.00156516,1,0,0,0,0,0,0,0,0,0,0,1,0,0,0,1
0.00156598,1,1,1,1,1,1,1,1,0,0,0,1,0,0,0,1
0.00156602,1,1,0,0,0,0,0,1,0,0,0,1,0,0,0,1
0.00156606,1,1,1,1,0,1,1,1,0,0,0,1,0,0,0,1
0.00156608,1,1,0,0,0,0,0,1,0,0,0,1,0,0,0,1
0.00156636,1,1,0,0,0,0,0,1,0,0,0,0,0,0,0,0
0.00156638,1,1,0,0,0,0,0,1,1,1,0,0,0,0,0,1
0.0015669,1,1,1,1,1,1,1,1,1,1,0,0,0,0,0,1
0.00156692,1,0,0,0,0,0,0,0,1,1,0,0,0,0,0,1
0.00156696,1,0,0,1,0,1,0,0,1,1,0,0,0,0,0,1
0.001567,1,0,0,0,0,0,0,0,1,1,0,0,0,0,0,1
0.0015679,1,1,1,1,1,1,1,1,1,1,0,0,0,0,0,1
0.00156794,0,0,1,0,1,0,0,0,1,1,0,0,0,0,0,1
0.00156796,1,0,1,0,1,1,0,0,1,1,0,0,0,0,0,1
0.00156798,1,1,1,1,1,1,1,1,1,1,0,0,0,0,0,1
0.001568,1,0,1,1,1,1,1,0,1,1,0,0,0,0,0,1
0.00156802,1,0,1,0,1,1,0,0,1,1,0,0,0,0,0,1
0.00156806,1,0,1,1,1,1,0,0,1,1,0,0,0,0,0,1
0.00156808,1,0,1,0,1,1,0,0,1,1,0,0,0,0,0,1
0.00156832,1,0,1,0,1,1,0,0,1,0,1,0,1,1,0,0
0.00156884,1,1,1,1,1,1,0,1,1,0,1,0,1,1,0,0
0.00156886,1,1,0,1,1,1,1,1,1,0,1,0,1,1,0,0
0.00156888,1,0,0,1,1,1,0,1,1,0,1,0,1,1,0,0
0.00156892,1,0,0,1,1,1,1,1,1,0,1,0,1,1,0,0
0.00156894,1,0,0,1,1,1,0,1,1,0,1,0,1,1,0,0
0.00156982,1,1,0,1,1,1,0,1,1,0,1,0,1,1,0,0
0.00156984,1,1,1,1,0,1,1,1,1,0,1,0,1,1,0,0
0.00156986,1,0,0,0,0,0,0,0,1,0,1,0,1,1,0,0
0.0015699,1,1,0,1,0,0,1,0,1,0,1,0,1,1,0,0
0.00156992,1,0,0,0,0,0,0,0,1,0,1,0,1,1,0,0
0.00157082,1,1,1,1,0,1,1,1,1,0,1,0,1,1,0,0
0.00157084,1,1,1,1,1,1,1,1,1,0,1,0,1,1,0,0
0.00157178,1,0,0,1,1,1,0,1,1,0,1,0,1,1,0,0
0.0015718,1,1,1,1,1,1,1,1,1,0,1,0,1,1,0,0
0.00157184,0,0,1,0,1,0,0,0,1,0,1,0,1,1,0,0
0.0015719,0,0,1,1,1,0,0,0,1,0,1,0,1,1,0,0
0.00157192,0,0,1,0,1,0,0,0,1,0,1,0,1,1,0,0
0.00157222,0,0,1,0,1,0,0,0,0,0,1,0,1,0,0,0
0.0015723,1,0,1,0,1,0,0,0,0,0,1,0,1,0,0,0
0.00157232,1,0,1,1,1,0,0,0,1,0,1,0,1,0,0,0
0.00157234,0,0,1,0,1,0,0,0,0,0,1,0,1,0,0,0
0.00157274,1,1,1,0,1,0,0,0,0,0,1,0,1,0,0,0
0.00157276,1,1,1,0,1,0,1,0,0,0,1,0,1,0,0,0
0.00157278,1,1,1,1,1,1,1,1,0,0,1,0,1,0,0,0
0.0015738,0,0,0,0,0,0,0,1,0,0,1,0,1,0,0,0
0.00157384,1,0,1,1,0,1,1,1,0,0,1,0,1,0,0,0
0.00157386,1,1,1,1,0,1,1,1,0,0,1,0,1,0,0,0
0.00157388,0,0,0,0,0,0,0,1,0,0,1,0,1,0,0,0
0.00157392,0,0,0,1,0,0,0,1,0,0,1,0,1,0,0,0
0.00157396,0,0,0,0,0,0,0,1,0,0,1,0,1,0,0,0
0.00157472,1,0,1,1,0,0,0,1,0,0,1,0,1,0,0,0
0.00157474,1,1,1,1,1,1,1,1,0,0,1,0,1,0,0,0
0.00157478,0,0,1,0,1,0,0,0,0,0,1,0,1,0,0,0
0.00157482,1,1,1,1,1,1,1,0,0,0,1,0,1,0,0,0
0.00157486,0,0,1,1,1,0,0,0,0,0,1,0,1,0,0,0
0.0015749,1,1,1,1,1,1,1,0,0,0,1,0,1,0,0,0
0.00157494,1,1,1,1,1,0,0,0,0,0,1,0,1,0,0,0
0.00157496,1,1,1,1,1,1,0,0,0,0,1,0,1,0,0,0
0.0015751,0,0,1,1,1,0,0,0,0,0,1,0,1,0,0,0
0.00157512,1,1,1,1,1,1,0,0,0,0,1,0,1,0,0,0
0.00157516,1,0,1,1,1,0,0,0,0,0,1,0,1,0,0,0
0.00157518,0,0,1,1,1,0,0,0,0,0,1,0,1,0,0,0
0.0015752,1,1,1,1,1,1,0,0,0,0,1,0,1,0,0,0
0.00157522,1,0,1,1,1,0,0,0,0,0,0,0,0,0,0,0
0.00157524,1,1,1,1,1,0,0,0,0,0,1,0,1,0,0,0
0.00157526,0,0,1,1,1,0,0,0,0,0,1,0,1,0,0,0
0.00157528,1,0,1,1,1,0,0,0,0,0,1,0,1,0,0,0
0.00157532,0,0,1,1,1,0,0,0,0,0,1,0,1,0,0,0
0.00157564,0,0,1,0,1,0,0,0,0,0,1,0,1,0,0,0
0.00157568,1,1,1,0,1,0,0,0,0,0,1,0,1,0,0,0
0.0015757,1,1,1,1,1,1,1,1,0,0,1,0,1,0,0,0
0.00157574,1,1,0,1,0,1,1,1,0,0,1,0,1,0,0,0
0.00157576,1,1,0,0,0,0,1,1,0,0,1,0,1,0,0,0
0.00157578,1,1,0,1,0,1,1,1,0,0,1,0,1,0,0,0
0.0015758,1,1,1,1,0,1,1,1,0,0,1,0,1,0,0,0
0.00157582,1,1,0,0,0,0,1,1,0,0,1,0,1,0,0,0
0.00157586,1,1,0,1,0,1,1,1,0,0,1,0,1,0,0,0
0.00157588,1,1,0,0,0,0,1,1,0,0,1,0,1,0,0,0
0.00157666,1,1,1,1,1,1,1,1,0,0,1,0,1,0,0,0
0.00157672,1,1,1,1,1,1,1,0,0,0,1,0,1,0,0,0
0.00157674,1,0,0,0,0,0,0,0,0,0,1,0,1,0,0,0
0.00157678,1,1,1,1,1,1,1,0,0,0,1,0,1,0,0,0
0.0015768,1,1,1,1,0,1,0,0,0,0,1,0,1,0,0,0
0.00157682,1,0,0,0,0,0,0,0,0,0,1,0,1,0,0,0
0.00157686,1,1,1,1,0,1,0,0,0,0,1,0,1,0,0,0
0.0015769,1,0,0,0,0,0,0,0,0,0,1,0,1,0,0,0
0.00157692,1,0,1,1,0,0,0,0,0,0,1,0,1,0,0,0
0.00157694,1,1,1,1,0,1,0,0,0,0,1,0,1,0,0,0
0.00157696,1,0,1,1,0,0,0,0,0,0,1,0,1,0,0,0
0.00157702,1,1,1,1,0,0,0,0,0,0,1,0,1,0,0,0
0.00157704,1,0,1,1,0,0,0,0,0,0,1,0,1,0,0,0
0.00157706,1,0,1,0,0,0,0,0,0,0,1,0,1,0,0,0
0.00157708,1,1,1,1,0,0,0,0,0,0,1,0,1,0,0,0
0.0015771,1,0,1,1,0,0,0,0,0,0,1,0,1,0,0,0
0.00157714,1,1,1,1,0,0,0,0,0,0,1,0,1,0,0,0
0.00157716,1,0,1,1,0,0,0,0,0,0,1,0,1,0,0,0
0.00157718,1,0,1,0,0,0,0,0,0,0,1,0,1,0,0,0
0.00157722,1,0,0,0,0,0,0,0,0,0,1,0,1,0,0,0
0.00157724,1,0,1,0,0,0,0,0,0,0,1,0,1,0,0,0
0.00157726,1,0,0,0,0,0,0,0,0,0,1,0,1,0,0,0
0.00157762,1,1,1,0,0,0,0,0,0,0,1,0,1,0,0,0
0.00157764,1,1,1,1,0,0,0,0,0,0,1,0,1,0,0,0
0.00157766,1,1,1,1,1,1,1,1,0,0,1,0,1,0,0,0
0.0015777,0,1,1,0,1,1,0,0,0,0,1,0,1,0,0,0
0.00157774,1,1,1,1,1,1,1,1,0,0,1,0,1,0,0,0
0.00157776,0,1,1,0,1,1,0,0,0,0,1,0,1,0,0,0
0.00157808,0,1,1,0,1,1,0,0,0,1,1,0,1,1,0,0
0.00157862,1,1,1,1,1,1,1,0,0,1,1,0,1,1,0,0
0.00157864,1,1,1,1,1,1,1,1,0,1,1,0,1,1,0,0
0.00157866,1,1,1,0,1,1,1,1,0,1,1,0,1,1,0,0
0.00157868,1,1,0,0,0,0,1,1,0,1,1,0,1,1,0,0
0.00157872,1,1,1,1,0,1,1,1,0,1,1,0,1,1,0,0
0.00157874,1,1,0,0,0,0,1,1,0,1,1,0,1,1,0,0
0.0015796,1,1,0,1,1,0,1,1,0,1,1,0,1,1,0,0
0.00157962,1,0,1,1,1,1,0,0,0,1,1,0,1,1,0,0
0.00157964,1,0,0,0,0,0,0,0,0,1,1,0,1,1,0,0
0.00157968,1,0,1,1,0,1,0,0,0,1,1,0,1,1,0,0
0.0015797,1,0,0,0,0,0,0,0,0,1,1,0,1,1,0,0
0.00158058,1,1,0,0,0,0,1,1,0,1,1,0,1,1,0,0
0.00158064,1,1,1,1,1,1,1,1,0,1,1,0,1,1,0,0
0.00158158,0,0,1,0,1,0,0,0,0,1,1,0,1,1,0,0
0.00158164,1,1,1,1,1,1,0,0,0,1,1,0,1,1,0,0
0.00158166,0,0,1,0,1,0,0,0,0,1,1,0,1,1,0,0
0.00158198,0,0,1,0,1,0,0,0,0,0,1,0,1,0,0,0
0.00158254,1,1,1,1,1,1,1,1,0,0,1,0,1,0,0,0
0.00158356,0,0,0,0,0,0,0,1,0,0,1,0,1,0,0,0
0.0015836,1,0,0,1,0,1,0,1,0,0,1,0,1,0,0,0
0.00158362,1,1,1,1,0,1,1,1,0,0,1,0,1,0,0,0
0.00158364,0,0,0,0,0,0,0,1,0,0,1,0,1,0,0,0
0.00158368,0,0,0,1,0,0,0,1,0,0,1,0,1,0,0,0
0.0015837,1,0,0,1,0,0,0,1,0,0,1,0,1,0,0,0
0.00158372,0,0,0,0,0,0,0,1,0,0,1,0,1,0,0,0
0.00158392,0,0,0,1,0,0,0,1,0,0,1,0,1,0,0,0
0.00158394,0,0,0,0,0,0,0,1,0,0,1,0,1,0,0,0
0.00158446,1,1,1,1,0,0,0,1,0,0,1,0,1,0,0,0
0.00158448,1,1,1,1,1,1,1,1,0,0,1,0,1,0,0,0
0.00158454,0,1,0,0,1,0,0,0,0,0,1,0,1,0,0,0
0.00158458,1,1,1,1,1,1,1,0,0,0,1,0,1,0,0,0
0.00158462,0,1,0,0,1,0,0,0,0,0,1,0,1,0,0,0
0.00158466,1,1,1,1,1,0,0,0,0,0,1,0,1,0,0,0
0.0015847,0,1,0,0,1,0,0,0,0,0,1,0,1,0,0,0
0.00158474,0,1,1,0,1,0,0,0,0,0,1,0,1,0,0,0
0.00158478,0,1,0,0,1,0,0,0,0,0,1,0,1,0,0,0
0.00158492,0,1,0,0,1,0,0,0,0,1,0,0,1,0,0,0
0.00158498,0,1,1,0,1,0,0,0,0,0,0,0,0,0,0,0
0.001585,0,1,0,0,1,0,0,0,0,1,0,0,1,0,0,0
0.00158546,1,1,1,1,1,1,1,0,0,1,0,0,1,0,0,0
0.00158548,1,1,1,1,1,1,1,1,0,1,0,0,1,0,0,0
0.0015855,0,0,0,0,0,1,1,1,0,1,0,0,1,0,0,0
0.00158552,0,0,0,0,0,1,0,0,0,1,0,0,1,0,0,0
0.00158556,1,1,1,1,0,1,1,0,0,1,0,0,1,0,0,0
0.00158558,1,0,1,1,0,1,1,0,0,1,0,0,1,0,0,0
0.0015856,0,0,0,0,0,1,0,0,0,1,0,0,1,0,0,0
0.00158564,0,0,1,1,0,1,0,0,0,1,0,0,1,0,0,0
0.00158566,0,0,0,0,0,1,0,0,0,1,0,0,1,0,0,0
0.00158642,1,1,1,1,1,1,1,1,0,1,0,0,1,0,0,0
0.0015865,1,0,0,0,1,0,0,0,0,1,0,0,1,0,0,0
0.00158654,1,1,1,1,1,1,1,1,0,1,0,0,1,0,0,0
0.00158656,1,1,1,1,1,0,0,0,0,1,0,0,1,0,0,0
0.00158658,1,0,0,0,1,0,0,0,0,1,0,0,1,0,0,0
0.00158662,1,0,1,1,1,0,0,0,0,1,0,0,1,0,0,0
0.00158664,1,0,1,0,1,0,0,0,0,1,0,0,1,0,0,0
0.00158666,1,0,0,0,1,0,0,0,0,1,0,0,1,0,0,0
0.0015867,1,0,1,0,1,0,0,0,0,1,0,0,1,0,0,0
0.00158672,1,0,0,0,1,0,0,0,0,1,0,0,1,0,0,0
0.00158678,1,0,1,0,1,0,0,0,0,1,0,0,1,0,0,0
0.0015868,1,0,0,0,1,0,0,0,0,1,0,0,1,0,0,0
0.00158686,1,0,1,0,1,0,0,0,0,0,0,0,1,0,0,0
0.00158688,1,0,0,0,1,0,0,0,1,0,0,0,1,0,0,0
0.00158692,1,0,1,0,1,0,0,0,1,0,0,0,1,0,0,0
0.00158694,1,0,0,0,1,0,0,0,0,0,0,0,0,0,0,0
0.00158696,1,0,0,0,1,0,0,0,1,0,0,0,1,0,0,0
0.001587,1,0,1,0,1,0,0,0,1,0,0,0,1,0,0,0
0.00158702,1,0,0,0,1,0,0,0,1,0,0,0,1,0,0,0
0.0015874,1,1,1,1,1,0,0,0,1,0,0,0,1,0,0,0
0.00158742,1,1,1,1,1,1,1,1,1,0,0,0,1,0,0,0
0.00158746,0,0,0,0,1,0,1,0,1,0,0,0,1,0,0,0
0.00158748,0,0,0,0,1,0,0,0,1,0,0,0,1,0,0,0
0.0015875,0,1,1,1,1,0,0,0,1,0,0,0,1,0,0,0
0.00158752,1,1,1,1,1,1,1,0,1,0,0,0,1,0,0,0
0.00158756,0,0,0,0,1,0,0,0,1,0,0,0,1,0,0,0
0.00158758,0,0,1,1,1,0,0,0,1,0,0,0,1,0,0,0
0.0015876,0,1,1,1,1,0,0,0,1,0,0,0,1,0,0,0
0.00158764,0,0,1,1,1,0,0,0,1,0,0,0,1,0,0,0
0.00158812,0,0,1,0,1,0,0,0,1,0,0,0,1,0,0,0
0.00158814,0,0,1,1,1,0,0,0,1,0,0,0,1,0,0,0
0.00158816,0,0,1,0,1,0,0,0,1,0,0,0,1,0,0,0
0.00158828,0,0,1,1,1,0,0,0,1,0,0,0,1,0,0,0
0.0015883,0,0,1,0,1,0,0,0,1,0,0,0,1,0,0,0
0.00158832,0,0,0,0,1,0,0,0,1,0,0,0,1,0,0,0
0.00158834,0,0,1,0,1,0,0,0,1,0,0,0,1,0,0,0
0.00158836,1,1,1,1,1,0,0,0,1,0,0,0,1,0,0,0
0.00158838,1,1,1,1,1,1,1,1,1,0,0,0,1,0,0,0
0.00158844,1,1,1,1,0,1,1,0,1,0,0,0,1,0,0,0
0.00158846,1,0,0,1,0,0,1,0,1,0,0,0,1,0,0,0
0.00158848,1,1,1,1,0,1,1,0,1,0,0,0,1,0,0,0
0.00158852,1,0,1,1,0,0,1,0,1,0,0,0,1,0,0,0
0.00158854,1,0,0,1,0,0,1,0,1,0,0,0,1,0,0,0
0.00158856,1,0,1,1,0,0,1,0,1,0,0,0,1,0,0,0
0.00158882,1,0,1,1,0,0,1,0,1,0,0,1,0,0,1,0
0.00158884,1,0,0,1,0,0,1,0,1,0,0,1,0,0,1,0
0.00158886,1,0,1,1,0,0,1,0,1,0,0,1,0,0,1,0
0.0015889,1,0,0,1,0,0,1,0,1,0,0,1,0,0,1,0
0.00158894,1,0,1,1,0,0,1,0,1,0,0,1,0,0,1,0
0.00158898,1,0,0,1,0,0,1,0,1,0,0,1,0,0,1,0
0.00158932,1,0,1,1,0,0,1,0,1,0,0,1,0,0,1,0
0.00158934,1,1,1,1,0,1,1,0,1,0,0,1,0,0,1,0
0.00158936,0,0,0,0,0,0,1,0,1,0,0,1,0,0,1,0
0.00158938,0,0,0,0,1,1,1,1,1,0,0,1,0,0,1,0
0.0015894,1,1,1,1,1,1,1,1,1,0,0,1,0,0,1,0
0.00158942,0,0,0,0,1,1,1,1,1,0,0,1,0,0,1,0
0.00158946,0,0,1,0,1,1,1,1,1,0,0,1,0,0,1,0
0.00158948,0,0,0,0,1,1,1,1,1,0,0,1,0,0,1,0
0.0015903,0,1,1,1,1,1,1,1,1,0,0,1,0,0,1,0
0.00159032,0,0,0,0,1,1,1,1,1,0,0,1,0,0,1,0
0.00159036,1,1,1,1,1,1,1,1,1,0,0,1,0,0,1,0
0.0015904,1,1,1,0,1,1,0,0,1,0,0,1,0,0,1,0
0.00159042,1,1,1,1,1,1,1,1,1,0,0,1,0,0,1,0
0.00159046,1,1,1,0,1,1,0,0,1,0,0,1,0,0,1,0
0.0015905,1,1,1,1,1,1,0,0,1,0,0,1,0,0,1,0
0.00159052,1,1,1,0,1,1,0,0,1,0,0,1,0,0,1,0
0.00159078,1,1,1,0,1,1,0,0,1,1,1,0,1,1,0,0
0.00159082,1,1,1,1,1,1,0,0,1,1,1,0,1,1,0,0
0.00159084,1,1,1,0,1,1,0,0,1,1,1,0,1,1,0,0
0.00159086,1,1,1,0,1,1,1,1,1,1,1,0,1,1,1,0
0.00159088,1,1,1,1,1,1,1,0,1,1,1,0,1,1,1,1
0.0015909,1,1,1,0,1,1,0,0,1,1,1,0,1,1,0,0
0.00159094,1,1,1,1,1,1,1,1,1,1,1,0,1,1,0,0
0.00159096,1,1,1,0,1,1,0,0,1,1,1,0,1,1,0,0
0.00159132,1,1,1,1,1,1,1,1,1,1,1,0,1,1,0,0
0.00159138,1,0,0,0,1,0,1,1,1,1,1,0,1,1,0,0
0.00159142,1,1,1,1,1,1,1,1,1,1,1,0,1,1,0,0
0.00159144,1,0,0,0,1,0,1,1,1,1,1,0,1,1,0,0
0.0015915,1,0,0,1,1,0,1,1,1,1,1,0,1,1,0,0
0.00159152,1,0,0,0,1,0,1,1,1,1,1,0,1,1,0,0
0.00159228,1,1,1,1,1,1,1,1,1,1,1,0,1,1,0,0
0.00159234,1,0,0,0,0,0,0,0,1,1,1,0,1,1,0,0
0.00159238,1,1,1,1,0,1,0,0,1,1,1,0,1,1,0,0
0.0015924,1,1,1,1,0,1,1,0,1,1,1,0,1,1,0,0
0.00159242,1,1,1,1,0,1,0,0,1,1,1,0,1,1,0,0
0.00159244,1,0,0,0,0,0,0,0,1,1,1,0,1,1,0,0
0.00159246,1,0,1,1,0,1,0,0,1,1,1,0,1,1,0,0
0.00159248,1,1,1,1,0,1,0,0,1,1,1,0,1,1,0,0
0.0015925,1,0,1,1,0,1,0,0,1,1,1,0,1,1,0,0
0.00159252,1,0,1,0,0,0,0,0,1,1,1,0,1,1,0,0
0.00159254,1,0,1,1,0,1,0,0,1,1,1,0,1,1,0,0
0.00159258,1,0,1,1,0,0,0,0,1,1,1,0,1,1,0,0
0.0015926,1,0,1,0,0,0,0,0,1,1,1,0,1,1,0,0
0.00159262,1,0,1,1,0,0,0,0,1,1,1,0,1,1,0,0
0.00159264,1,0,1,0,0,0,0,0,1,1,1,0,1,1,0,0
0.00159266,1,0,1,1,0,0,0,0,1,1,1,0,1,1,0,0
0.00159268,1,0,1,0,0,0,0,0,1,1,1,0,1,1,0,0
0.0015927,1,0,1,1,0,0,0,0,1,1,1,0,1,1,0,0
0.00159272,1,0,1,0,0,0,0,0,1,1,1,0,1,1,0,0
0.00159296,1,0,0,0,0,0,0,0,1,1,1,0,1,1,0,0
0.00159298,1,0,1,0,0,0,0,0,1,1,1,0,1,1,0,0
0.001593,1,0,0,0,0,0,0,0,1,1,1,0,1,1,0,0
0.00159302,1,0,1,0,0,0,0,0,1,1,1,0,1,1,0,0
0.00159304,1,0,0,0,0,0,0,0,1,1,1,0,1,1,0,0
0.00159316,1,0,1,0,0,0,0,0,1,1,1,0,1,1,0,0
0.00159318,1,0,0,0,0,0,0,0,1,1,1,0,1,1,0,0
0.00159324,1,0,1,1,0,0,0,0,1,1,1,0,1,1,0,0
0.00159326,1,1,1,1,0,1,1,1,1,1,1,0,1,1,0,0
0.00159328,1,1,1,1,1,1,1,1,1,1,1,0,1,1,0,0
0.00159428,0,1,0,0,1,0,0,0,1,1,1,0,1,1,0,0
0.00159432,0,1,1,1,1,1,0,0,1,1,1,0,1,1,0,0
0.00159436,0,1,0,0,1,0,0,0,1,1,1,0,1,1,0,0
0.0015944,0,1,1,0,1,0,0,0,1,1,1,0,1,1,0,0
0.00159444,0,1,0,0,1,0,0,0,1,1,1,0,1,1,0,0
0.0015945,0,1,1,0,1,0,0,0,1,1,1,0,1,1,0,0
0.00159452,0,1,0,0,1,0,0,0,1,1,1,0,1,1,0,0
0.00159468,0,1,0,0,1,0,0,0,0,1,0,0,1,0,0,0
0.0015952,1,1,1,1,1,0,0,0,0,1,0,0,1,0,0,0
0.00159522,1,1,1,1,1,1,1,1,0,1,0,0,1,0,0,0
0.00159528,0,0,0,0,1,0,0,0,0,1,0,0,1,0,0,0
0.00159532,1,0,1,1,1,1,0,0,0,1,0,0,1,0,0,0
0.00159534,1,1,1,1,1,1,1,0,0,1,0,0,1,0,0,0
0.00159536,1,0,1,1,1,0,0,0,0,1,0,0,1,0,0,0
0.00159538,0,0,0,0,1,0,0,0,0,1,0,0,1,0,0,0
0.0015954,1,0,1,1,1,0,0,0,0,1,0,0,1,0,0,0
0.00159546,0,0,1,0,1,0,0,0,0,1,0,0,1,0,0,0
0.00159548,1,0,1,1,1,0,0,0,0,1,0,0,1,0,0,0
0.00159552,0,0,1,1,1,0,0,0,0,1,0,0,1,0,0,0
0.00159554,0,0,1,0,1,0,0,0,0,1,0,0,1,0,0,0
0.00159556,0,0,1,1,1,0,0,0,0,1,0,0,1,0,0,0
0.0015956,0,0,1,0,1,0,0,0,0,1,0,0,1,0,0,0
0.00159562,0,0,1,1,1,0,0,0,0,1,0,0,1,0,0,0
0.00159564,0,0,1,0,1,0,0,0,0,1,0,0,1,0,0,0
0.00159614,0,0,0,0,1,0,0,0,0,1,0,0,1,0,0,0
0.00159616,0,0,1,0,1,0,0,0,0,1,0,0,1,0,0,0
0.00159618,1,1,1,0,1,0,0,0,0,1,0,0,1,0,0,0
0.0015962,1,1,1,1,1,1,1,1,0,1,0,0,1,0,0,0
0.00159622,1,1,1,1,1,0,0,0,0,1,0,0,1,0,0,0
0.00159624,1,0,0,0,1,0,0,0,0,1,0,0,1,0,0,0
0.00159628,1,1,1,1,1,1,1,0,0,1,0,0,1,0,0,0
0.00159632,1,0,0,0,1,0,0,0,0,1,0,0,1,0,0,0
0.00159636,1,0,1,0,1,0,0,0,0,1,0,0,1,0,0,0
0.0015964,1,0,0,0,1,0,0,0,0,1,0,0,1,0,0,0
0.00159662,1,0,0,0,1,0,0,0,0,0,0,0,1,0,0,0
0.00159664,1,0,0,0,1,0,0,0,1,0,0,0,1,0,0,0
0.0015967,1,0,0,0,1,0,0,0,0,0,0,0,0,0,0,0
0.00159672,1,0,0,0,1,0,0,0,1,0,0,0,1,0,0,0
0.00159718,1,1,1,1,1,1,1,1,1,0,0,0,1,0,0,0
0.00159724,0,0,0,0,0,1,0,0,1,0,0,0,1,0,0,0
0.00159728,1,1,1,1,0,1,1,0,1,0,0,0,1,0,0,0
0.00159732,0,0,1,0,0,1,0,0,1,0,0,0,1,0,0,0
0.00159736,0,1,1,1,0,1,0,0,1,0,0,0,1,0,0,0
0.0015974,0,0,1,0,0,1,0,0,1,0,0,0,1,0,0,0
0.00159744,0,0,1,1,0,1,0,0,1,0,0,0,1,0,0,0
0.00159748,0,0,1,0,0,1,0,0,1,0,0,0,1,0,0,0
0.00159754,0,0,1,1,0,1,0,0,1,0,0,0,1,0,0,0
0.00159756,0,0,1,0,0,1,0,0,1,0,0,0,1,0,0,0
0.00159758,0,0,1,1,0,1,0,0,1,0,0,0,1,0,0,0
0.0015976,0,0,1,0,0,1,0,0,1,0,0,0,1,0,0,0
0.00159802,0,0,0,0,0,1,0,0,1,0,0,0,1,0,0,0
0.00159804,0,0,1,0,0,1,0,0,1,0,0,0,1,0,0,0
0.00159806,0,0,0,0,0,1,0,0,1,0,0,0,1,0,0,0
0.00159808,0,0,1,0,0,1,0,0,1,0,0,0,1,0,0,0
0.00159812,0,0,0,0,0,1,0,0,1,0,0,0,1,0,0,0
0.00159814,1,1,1,1,0,1,0,0,1,0,0,0,1,0,0,0
0.00159816,1,1,1,1,1,1,1,1,1,0,0,0,1,0,0,0
0.0015982,1,0,0,1,0,0,1,0,1,0,0,0,1,0,0,0
0.00159824,1,1,1,1,0,0,1,0,1,0,0,0,1,0,0,0
0.00159828,1,0,0,1,0,0,1,0,1,0,0,0,1,0,0,0
0.00159832,1,0,1,1,0,0,1,0,1,0,0,0,1,0,0,0
0.00159836,1,0,0,1,0,0,1,0,1,0,0,0,1,0,0,0
0.00159858,1,0,0,1,0,0,1,0,1,0,0,1,0,0,1,0
0.0015991,1,1,1,1,0,0,1,0,1,0,0,1,0,0,1,0
0.00159912,0,0,0,0,0,0,0,0,1,0,0,1,0,0,1,0
0.00159914,0,0,0,0,1,0,0,0,1,0,0,1,0,0,1,0
0.00159916,0,0,1,0,1,0,0,0,1,0,0,1,0,0,1,0
0.0015992,0,0,0,0,1,0,0,0,1,0,0,1,0,0,1,0
0.00160008,0,0,1,0,1,0,0,0,1,0,0,1,0,0,1,0
0.0016001,0,0,0,0,1,0,0,0,1,0,0,1,0,0,1,0
0.00160012,1,1,1,1,1,1,1,1,1,0,0,1,0,0,1,0
0.00160016,1,1,1,1,1,1,0,0,1,0,0,1,0,0,1,0
0.0016002,1,1,1,0,1,1,0,0,1,0,0,1,0,0,1,0
0.00160054,1,1,1,0,1,1,0,0,1,1,0,0,0,0,0,0
0.00160056,1,1,1,0,1,1,0,0,1,1,1,0,1,1,0,0
0.00160064,1,1,1,1,1,1,0,0,1,1,1,0,1,1,0,0
0.00160066,1,1,1,0,1,1,0,0,1,1,1,0,1,1,0,0
0.00160106,1,1,1,1,1,1,0,0,1,1,1,0,1,1,0,0
0.00160112,1,1,1,1,1,1,1,1,1,1,1,0,1,1,0,0
0.00160114,0,1,1,1,1,1,0,0,1,1,1,0,1,1,0,0
0.00160204,1,1,1,1,1,1,1,1,1,1,1,0,1,1,0,0
0.0016021,1,1,1,1,0,0,1,0,1,1,1,0,1,1,0,0
0.00160212,1,1,0,1,0,0,0,0,1,1,1,0,1,1,0,0
0.00160304,1,1,1,1,0,1,1,1,1,1,1,0,1,1,0,0
0.00160306,1,1,1,1,1,1,1,1,1,1,1,0,1,1,0,0
0.00160404,0,0,0,1,1,0,1,0,1,1,1,0,1,1,0,0
0.00160408,1,1,1,1,1,1,1,1,1,1,1,0,1,1,0,0
0.00160414,0,0,1,0,1,0,0,0,1,1,1,0,1,1,0,0
0.00160418,1,1,1,0,1,1,0,0,1,1,1,0,1,1,0,0
0.0016042,0,0,1,0,1,0,0,0,1,1,1,0,1,1,0,0
0.00160444,0,0,1,0,1,0,0,0,0,0,1,0,1,0,0,0
0.00160496,1,1,1,1,1,0,0,0,0,0,1,0,1,0,0,0
0.00160498,1,1,1,1,1,1,1,1,0,0,1,0,1,0,0,0
0.00160602,0,0,0,0,0,0,0,1,0,0,1,0,1,0,0,0
0.00160606,1,1,1,1,0,1,1,1,0,0,1,0,1,0,0,0
0.0016061,0,0,0,0,0,0,0,1,0,0,1,0,1,0,0,0
0.00160614,1,0,1,1,0,1,0,1,0,0,1,0,1,0,0,0
0.00160616,0,0,1,1,0,1,0,1,0,0,1,0,1,0,0,0
0.00160618,0,0,0,0,0,0,0,1,0,0,1,0,1,0,0,0
0.00160622,0,0,1,1,0,0,0,1,0,0,1,0,1,0,0,0
0.00160624,0,0,1,0,0,0,0,1,0,0,1,0,1,0,0,0
0.00160634,0,0,0,0,0,0,0,1,0,0,1,0,1,0,0,0
0.00160636,0,0,1,0,0,0,0,1,0,0,1,0,1,0,0,0
0.00160638,0,0,1,1,0,0,0,1,0,0,1,0,1,0,0,0
0.0016064,0,0,1,0,0,0,0,1,0,0,1,0,1,0,0,0
0.00160648,0,0,0,0,0,0,0,1,0,0,1,0,1,0,0,0
0.0016065,0,0,1,0,0,0,0,1,0,0,1,0,1,0,0,0
0.0016066,0,0,0,0,0,0,0,1,0,0,1,0,1,0,0,0
0.00160664,0,0,1,0,0,0,0,1,0,0,1,0,1,0,0,0
0.00160666,0,0,0,0,0,0,0,1,0,0,1,0,1,0,0,0
0.00160692,1,0,1,0,0,0,0,1,0,0,1,0,1,0,0,0
0.00160694,1,1,1,1,1,1,0,1,0,0,1,0,1,0,0,0
0.00160696,1,1,1,1,1,1,1,1,0,0,1,0,1,0,0,0
0.001607,0,1,0,0,1,0,0,0,0,0,1,0,1,0,0,0
0.00160704,1,1,1,1,1,1,1,0,0,0,1,0,1,0,0,0
0.00160708,0,1,1,0,1,0,0,0,0,0,1,0,1,0,0,0
0.00160712,1,1,1,1,1,1,0,0,0,0,1,0,1,0,0,0
0.00160732,1,1,1,1,1,0,0,0,0,0,1,0,1,0,0,0
0.00160734,1,1,1,1,1,1,0,0,0,0,1,0,1,0,0,0
0.00160736,1,1,1,1,1,1,0,0,0,0,0,0,1,0,0,0
0.00160738,1,1,1,1,1,0,0,0,0,1,0,0,1,0,0,0
0.00160742,1,1,1,1,1,1,0,0,0,1,0,0,1,0,0,0
0.00160744,1,1,1,1,1,1,0,0,0,0,0,0,0,0,0,0
0.00160746,1,1,1,1,1,0,0,0,0,1,0,0,1,0,0,0
0.00160748,0,1,1,0,1,0,0,0,0,1,0,0,1,0,0,0
0.0016075,1,1,1,1,1,1,0,0,0,1,0,0,1,0,0,0
0.00160752,1,1,1,1,1,0,0,0,0,1,0,0,1,0,0,0
0.00160756,0,1,1,1,1,0,0,0,0,1,0,0,1,0,0,0
0.00160758,1,1,1,1,1,0,0,0,0,1,0,0,1,0,0,0
0.0016076,0,1,1,1,1,0,0,0,0,1,0,0,1,0,0,0
0.00160766,0,1,1,0,1,0,0,0,0,1,0,0,1,0,0,0
0.00160768,0,1,1,1,1,0,0,0,0,1,0,0,1,0,0,0
0.0016077,0,1,1,0,1,0,0,0,0,1,0,0,1,0,0,0
0.0016078,1,1,1,0,1,0,0,0,0,1,0,0,1,0,0,0
0.00160782,0,1,1,0,1,0,0,0,0,1,0,0,1,0,0,0
0.0016079,1,1,1,1,1,0,0,0,0,1,0,0,1,0,0,0
0.00160792,1,1,1,1,1,1,1,1,0,1,0,0,1,0,0,0
0.00160796,1,0,0,0,0,0,0,0,0,1,0,0,1,0,0,0
0.001608,1,0,1,1,0,1,1,0,0,1,0,0,1,0,0,0
0.00160802,1,1,1,1,0,1,1,1,0,1,0,0,1,0,0,0
0.00160804,1,0,1,1,0,1,1,0,0,1,0,0,1,0,0,0
0.00160806,1,0,0,0,0,0,0,0,0,1,0,0,1,0,0,0
0.00160808,1,0,1,1,0,1,0,0,0,1,0,0,1,0,0,0
0.0016081,1,0,1,1,0,1,1,0,0,1,0,0,1,0,0,0
0.00160812,1,0,1,1,0,1,0,0,0,1,0,0,1,0,0,0
0.00160814,1,0,1,1,0,0,0,0,0,1,0,0,1,0,0,0
0.00160816,1,0,1,1,0,1,0,0,0,1,0,0,1,0,0,0
0.0016083,1,0,1,1,0,0,0,0,0,1,0,0,1,0,0,0
0.00160832,1,0,1,1,0,1,0,0,0,1,0,0,1,0,0,0
0.00160834,1,0,1,1,0,0,0,0,0,1,0,0,1,0,0,0
0.00160862,1,0,1,0,0,0,0,0,0,1,0,0,1,0,0,0
0.00160866,1,0,1,1,0,0,0,0,0,1,0,0,1,0,0,0
0.00160868,1,0,1,0,0,0,0,0,0,1,0,0,1,0,0,0
0.00160878,1,0,1,1,0,0,0,0,0,1,0,0,1,0,0,0
0.0016088,1,0,1,0,0,0,0,0,0,1,0,0,1,0,0,0
0.00160882,1,0,0,0,0,0,0,0,0,1,0,0,1,0,0,0
0.00160884,1,0,1,0,0,0,0,0,0,1,0,0,1,0,0,0
0.00160886,1,0,1,1,0,0,0,0,0,1,0,0,1,0,0,0
0.00160888,1,1,1,1,1,0,0,0,0,1,0,0,1,0,0,0
0.0016089,1,1,1,1,1,1,1,1,0,1,0,0,1,0,0,0
0.00160896,1,0,0,0,1,0,0,0,0,1,0,0,1,0,0,0
0.00160898,1,1,1,1,1,0,0,0,0,1,0,0,1,0,0,0
0.001609,1,1,1,1,1,1,1,1,0,1,0,0,1,0,0,0
0.00160902,1,1,1,1,1,1,0,0,0,1,0,0,1,0,0,0
0.00160904,1,0,0,0,1,0,0,0,0,1,0,0,1,0,0,0
0.00160906,1,0,1,1,1,0,0,0,0,1,0,0,1,0,0,0
0.00160908,1,1,1,1,1,1,0,0,0,1,0,0,1,0,0,0
0.0016091,1,0,1,1,1,0,0,0,0,1,0,0,1,0,0,0
0.00160912,1,0,1,0,1,0,0,0,0,1,0,0,1,0,0,0
0.00160914,1,0,1,1,1,0,0,0,0,1,0,0,1,0,0,0
0.00160918,1,0,1,0,1,0,0,0,0,1,0,0,1,0,0,0
0.00160922,1,0,1,1,1,0,0,0,0,1,0,0,1,0,0,0
0.00160924,1,0,1,0,1,0,0,0,0,1,0,0,1,0,0,0
0.0016093,1,0,1,1,1,0,0,0,0,1,0,0,1,0,0,0
0.00160932,1,0,1,1,1,0,0,0,0,0,0,0,1,0,0,0
0.00160934,1,0,1,0,1,0,0,0,1,0,0,0,1,0,0,0
0.00160938,1,0,1,1,1,0,0,0,1,0,0,0,1,0,0,0
0.0016094,1,0,1,0,1,0,0,0,1,0,0,0,1,0,0,0
0.0016097,1,0,0,0,1,0,0,0,1,0,0,0,1,0,0,0
0.00160976,1,0,1,0,1,0,0,0,1,0,0,0,1,0,0,0
0.00160978,1,0,0,0,1,0,0,0,1,0,0,0,1,0,0,0
0.00160984,1,1,0,0,1,0,0,0,1,0,0,0,1,0,0,0
0.00160986,1,0,1,1,1,1,1,0,1,0,0,0,1,0,0,0
0.00160988,1,1,1,1,1,0,0,0,1,0,0,0,1,0,0,0
0.0016099,1,1,1,1,1,1,1,1,1,0,0,0,1,0,0,0
0.00160992,0,1,0,0,0,0,0,0,1,0,0,0,1,0,0,0
0.00160996,0,1,1,1,0,1,1,0,1,0,0,0,1,0,0,0
0.00161,0,1,0,0,0,0,0,0,1,0,0,0,1,0,0,0
0.00161004,0,1,1,0,0,0,0,0,1,0,0,0,1,0,0,0
0.00161008,0,1,0,0,0,0,0,0,1,0,0,0,1,0,0,0
0.00161082,0,1,1,1,0,0,0,0,1,0,0,0,1,0,0,0
0.00161084,0,1,1,1,0,1,1,0,1,0,0,0,1,0,0,0
0.00161086,1,1,1,1,1,1,1,1,1,0,0,0,1,0,0,0
0.0016109,0,1,1,0,0,1,1,0,1,0,0,0,1,0,0,0
0.00161092,0,1,0,0,0,0,1,0,1,0,0,0,1,0,0,0
0.00161094,0,1,1,1,0,1,1,0,1,0,0,0,1,0,0,0
0.00161096,1,1,1,1,0,1,1,0,1,0,0,0,1,0,0,0
0.00161098,0,1,1,1,0,0,1,0,1,0,0,0,1,0,0,0
0.001611,0,1,0,0,0,0,1,0,1,0,0,0,1,0,0,0
0.00161102,0,1,1,1,0,0,1,0,1,0,0,0,1,0,0,0
0.00161108,0,1,0,0,0,0,1,0,1,0,0,0,1,0,0,0
0.0016111,0,1,1,0,0,0,1,0,1,0,0,0,1,0,0,0
0.00161112,0,1,1,1,0,0,1,0,1,0,0,0,1,0,0,0
0.00161114,0,1,1,0,0,0,1,0,1,0,0,0,1,0,0,0
0.00161128,0,1,1,0,0,0,1,0,0,1,0,0,0,0,1,0
0.0016113,0,1,0,0,0,0,1,0,0,1,0,0,0,0,1,0
0.00161132,0,1,1,0,0,0,1,0,0,1,0,0,0,0,1,0
0.00161134,0,1,1,0,0,0,1,0,0,0,0,0,0,0,0,0
0.00161136,0,1,0,0,0,0,1,0,0,1,0,0,0,0,1,0
0.0016114,0,1,1,0,0,0,1,0,0,1,0,0,0,0,1,0
0.00161144,0,1,0,0,0,0,1,0,0,1,0,0,0,0,1,0
0.00161148,0,1,1,0,0,0,1,0,0,1,0,0,0,0,1,0
0.0016115,0,1,0,0,0,0,1,0,0,1,0,0,0,0,1,0
0.00161178,0,1,1,0,0,0,1,0,0,1,0,0,0,0,1,0
0.0016118,1,1,1,1,1,0,1,0,0,1,0,0,0,0,1,0
0.00161182,1,0,0,0,0,1,1,0,0,1,0,0,0,0,1,0
0.00161184,1,0,1,1,0,0,0,0,0,1,0,0,0,0,1,0
0.00161186,1,0,0,0,0,0,0,0,0,1,0,0,0,0,1,0
0.0016119,1,0,1,1,0,0,0,0,0,1,0,0,0,0,1,0
0.00161192,1,0,0,0,0,0,0,0,0,1,0,0,0,0,1,0
0.00161226,1,1,0,0,0,0,0,0,0,1,0,0,0,0,1,0
0.00161272,0,1,1,1,0,0,0,0,0,1,0,0,0,0,1,0
0.00161274,0,1,0,0,0,0,0,0,0,1,0,0,0,0,1,0
0.00161282,1,1,1,1,1,1,1,1,0,1,0,0,0,0,1,0
0.00161284,1,0,1,1,1,1,1,1,0,1,0,0,0,0,1,0
0.00161286,0,1,1,1,1,0,1,0,0,1,0,0,0,0,1,0
0.00161288,1,1,1,1,1,1,0,0,0,1,0,0,0,0,1,0
0.0016129,0,1,1,1,1,1,0,0,0,1,0,0,0,0,1,0
0.00161292,0,0,1,0,1,1,1,1,0,1,0,0,0,0,1,0
0.00161294,0,0,1,0,1,0,0,0,0,1,0,0,0,0,1,0
0.00161296,0,0,1,0,1,1,0,0,0,1,0,0,0,0,1,0
0.00161298,1,0,1,0,1,1,0,1,0,1,0,0,0,0,1,0
0.001613,0,0,1,0,1,0,0,0,0,1,0,0,0,0,1,0
0.00161322,0,0,1,0,1,0,0,0,0,0,0,0,0,0,0,0
0.00161324,0,0,1,0,1,0,0,0,0,0,1,0,1,0,0,0
0.0016133,0,0,1,0,1,0,0,0,0,0,0,0,0,0,0,0
0.00161332,0,1,1,0,1,0,0,0,0,1,1,0,1,0,0,0
0.00161334,0,0,1,0,1,0,0,0,0,0,1,0,1,0,0,0
0.00161376,1,1,1,0,1,0,0,0,0,0,1,0,1,0,0,0
0.00161378,1,1,1,1,1,1,1,1,0,0,1,0,1,0,0,0
0.00161384,0,0,1,1,0,1,1,1,0,0,1,0,1,0,0,0
0.00161388,1,0,1,1,0,1,1,1,0,0,1,0,1,0,0,0
0.0016139,0,0,1,1,0,1,1,1,0,0,1,0,1,0,0,0
0.00161474,1,1,1,1,0,1,1,1,0,0,1,0,1,0,0,0
0.00161476,1,1,1,1,1,1,1,1,0,0,1,0,1,0,0,0
0.0016148,1,0,0,0,0,0,0,0,0,0,1,0,1,0,0,0
0.00161484,1,1,1,0,0,1,0,0,0,0,1,0,1,0,0,0
0.00161486,1,1,1,1,1,1,1,1,0,0,1,0,1,0,0,0
0.00161488,1,0,0,0,0,1,0,0,0,0,1,0,1,0,0,0
0.0016149,1,0,0,0,0,0,0,0,0,0,1,0,1,0,0,0
0.00161492,1,0,0,0,0,1,0,0,0,0,1,0,1,0,0,0
0.00161494,1,0,1,0,0,1,0,0,0,0,1,0,1,0,0,0
0.00161496,1,0,0,0,0,0,0,0,0,0,1,0,1,0,0,0
0.0016157,1,0,1,0,0,0,0,0,0,0,1,0,1,0,0,0
0.00161574,1,1,1,1,1,1,1,1,0,0,1,0,1,0,0,0
0.00161578,1,1,1,0,0,0,0,1,0,0,1,0,1,0,0,0
0.00161582,1,1,1,1,1,1,1,1,0,0,1,0,1,0,0,0
0.00161584,1,1,1,0,0,0,0,1,0,0,1,0,1,0,0,0
0.00161616,1,1,1,0,0,0,0,1,1,1,1,0,0,0,0,1
0.0016167,1,1,1,1,1,1,1,1,1,1,1,0,0,0,0,1
0.00161674,0,0,1,1,0,1,1,1,1,1,1,0,0,0,0,1
0.00161768,1,1,1,1,1,1,1,1,1,1,1,0,0,0,0,1
0.0016177,1,0,0,0,0,0,0,0,1,1,1,0,0,0,0,1
0.00161774,1,1,1,1,1,1,1,1,1,1,1,0,0,0,0,1
0.0016178,1,0,1,0,0,0,0,1,1,1,1,0,0,0,0,1
0.00161784,1,1,1,1,1,1,0,1,1,1,1,0,0,0,0,1
0.00161786,1,1,1,1,0,0,0,1,1,1,1,0,0,0,0,1
0.00161788,1,0,1,0,0,0,0,1,1,1,1,0,0,0,0,1
0.00161792,1,1,1,1,0,0,0,1,1,1,1,0,0,0,0,1
0.00161794,1,0,1,0,0,0,0,1,1,1,1,0,0,0,0,1
0.0016181,1,0,1,0,0,0,0,1,1,0,1,0,0,0,0,1
0.00161864,1,0,1,1,0,1,1,1,1,0,1,0,0,0,0,1
0.00161866,0,1,1,1,1,1,1,1,1,0,1,0,0,0,0,1
0.00161868,0,0,1,1,0,1,1,1,1,0,1,0,0,0,0,1
0.00161872,0,1,1,1,0,1,1,1,1,0,1,0,0,0,0,1
0.00161874,0,0,1,1,0,1,1,1,1,0,1,0,0,0,0,1
0.00161962,1,0,1,1,0,1,1,1,1,0,1,0,0,0,0,1
0.00161964,1,1,1,1,1,1,1,1,1,0,1,0,0,0,0,1
0.00161968,0,0,0,1,1,0,1,0,1,0,1,0,0,0,0,1
0.0016197,0,0,0,1,1,0,1,1,1,0,1,0,0,0,0,1
0.00161972,0,1,1,1,1,1,1,1,1,0,1,0,0,0,0,1
0.00161974,1,1,1,1,0,1,0,1,1,0,1,0,0,0,0,1
0.00161976,0,0,0,1,0,0,0,1,1,0,1,0,0,0,0,1
0.0016198,0,1,1,1,0,1,0,1,1,0,1,0,0,0,0,1
0.00161982,0,0,1,1,0,0,0,1,1,0,1,0,0,0,0,1
0.00161984,0,0,0,1,0,0,0,1,1,0,1,0,0,0,0,1
0.00161988,0,0,1,1,0,0,0,1,1,0,1,0,0,0,0,1
0.0016199,0,0,0,1,0,0,0,1,1,0,1,0,0,0,0,1
0.00161996,0,0,1,1,0,0,0,1,1,0,1,0,0,0,0,1
0.00162002,0,0,0,1,0,0,0,1,1,0,1,0,0,0,0,1
0.00162004,0,0,1,1,0,0,0,1,1,0,1,0,0,0,0,1
0.00162006,0,0,1,1,0,0,0,1,0,0,0,0,0,0,0,1
0.00162008,0,0,0,1,0,0,0,1,0,0,0,1,0,0,0,1
0.00162012,0,0,1,1,0,0,0,1,0,0,0,1,0,0,0,1
0.00162014,0,0,0,1,0,0,0,1,0,0,0,1,0,0,0,1
0.0016202,0,0,1,1,0,0,0,1,0,0,0,1,0,0,0,1
0.00162022,0,0,0,1,0,0,0,1,0,0,0,1,0,0,0,1
0.0016205,0,0,1,1,0,0,0,1,0,0,0,1,0,0,0,1
0.00162052,0,0,0,1,0,0,0,1,0,0,0,1,0,0,0,1
0.00162058,1,1,0,1,0,0,0,1,0,0,0,1,0,0,0,1
0.0016206,1,1,1,1,1,1,0,1,0,0,0,1,0,0,0,1
0.00162064,1,1,1,1,1,1,1,1,0,0,0,1,0,0,0,1
0.00162066,1,0,0,0,0,0,0,0,0,0,0,1,0,0,0,1
0.0016207,1,1,1,0,0,1,0,0,0,0,0,1,0,0,0,1
0.00162074,1,0,0,0,0,0,0,0,0,0,0,1,0,0,0,1
0.00162078,1,0,1,0,0,0,0,0,0,0,0,1,0,0,0,1
0.00162082,1,0,0,0,0,0,0,0,0,0,0,1,0,0,0,1
0.00162162,1,0,0,1,0,0,0,0,0,0,0,1,0,0,0,1
0.00162164,1,1,0,1,1,0,1,1,0,0,0,1,0,0,0,1
0.00162166,1,1,1,1,1,1,1,1,0,0,0,1,0,0,0,1
0.00162168,1,1,1,0,1,0,0,1,0,0,0,1,0,0,0,1
0.0016217,1,1,0,0,0,0,0,1,0,0,0,1,0,0,0,1
0.00162174,1,1,1,1,0,1,0,1,0,0,0,1,0,0,0,1
0.00162176,1,1,0,0,0,0,0,1,0,0,0,1,0,0,0,1
0.00162202,1,1,0,0,0,0,0,1,1,1,0,0,0,0,0,1
0.00162208,1,1,0,0,0,0,0,1,1,0,0,0,0,0,0,0
0.0016221,1,1,0,0,0,0,0,1,1,1,0,0,0,0,0,1
0.00162254,1,1,1,1,1,1,0,1,1,1,0,0,0,0,0,1
0.00162256,1,1,1,1,1,1,1,1,1,1,0,0,0,0,0,1
0.00162258,1,0,0,0,0,0,0,0,1,1,0,0,0,0,0,1
0.00162262,1,0,1,1,0,1,0,0,1,1,0,0,0,0,0,1
0.00162264,1,0,1,0,0,0,0,0,1,1,0,0,0,0,0,1
0.00162266,1,0,0,0,0,0,0,0,1,1,0,0,0,0,0,1
0.00162356,1,1,1,1,1,1,1,1,1,1,0,0,0,0,0,1
0.00162358,1,1,1,1,1,1,1,0,1,1,0,0,0,0,0,1
0.0016236,1,1,1,1,1,1,1,1,1,1,0,0,0,0,0,1
0.00162366,0,0,0,1,1,1,0,0,1,1,0,0,0,0,0,1
0.0016237,1,1,1,1,1,1,1,0,1,1,0,0,0,0,0,1
0.00162372,0,0,1,1,1,1,0,0,1,1,0,0,0,0,0,1
0.00162374,0,0,0,1,1,1,0,0,1,1,0,0,0,0,0,1
0.00162396,0,0,0,1,1,1,0,0,0,0,0,0,0,0,0,0
0.00162398,0,0,0,1,1,1,0,0,0,0,0,1,1,1,0,0
0.0016245,0,0,1,1,1,1,1,1,0,0,0,1,1,1,0,0
0.00162452,0,0,1,1,0,1,1,1,0,0,0,1,1,1,0,0
0.00162546,1,0,1,1,0,1,1,1,0,0,0,1,1,1,0,0
0.00162548,1,1,1,1,1,1,1,0,0,0,0,1,1,1,0,0
0.0016255,1,0,0,0,0,0,0,0,0,0,0,1,1,1,0,0
0.00162554,1,1,1,0,0,1,1,0,0,0,0,1,1,1,0,0
0.00162556,1,0,0,0,0,0,0,0,0,0,0,1,1,1,0,0
0.00162646,1,1,1,1,0,1,1,0,0,0,0,1,1,1,0,0
0.00162648,1,1,1,1,1,1,1,1,0,0,0,1,1,1,0,0
0.00162742,1,0,1,1,0,1,1,1,0,0,0,1,1,1,0,0
0.00162746,1,1,1,1,1,1,1,1,0,0,0,1,1,1,0,0
0.00162748,0,1,0,0,1,0,0,0,0,0,0,1,1,1,0,0
0.00162754,1,1,1,1,1,1,1,0,0,0,0,1,1,1,0,0
0.00162756,0,1,1,0,1,0,0,0,0,0,0,1,1,1,0,0
0.00162758,0,1,0,0,1,0,0,0,0,0,0,1,1,1,0,0
0.00162762,0,1,1,0,1,0,0,0,0,0,0,1,1,1,0,0
0.00162764,0,1,0,0,1,0,0,0,0,0,0,1,1,1,0,0
0.00162788,0,1,0,0,1,0,0,0,0,1,0,0,1,0,0,0
0.00162794,0,1,0,0,1,0,0,0,0,0,0,0,0,0,0,0
0.00162796,0,1,1,1,1,1,1,1,0,1,1,1,1,1,1,0
0.00162798,1,1,1,1,1,1,1,0,0,1,1,1,1,0,0,0
0.001628,0,1,0,0,1,0,0,0,0,1,0,0,1,0,0,0
0.00162804,1,1,1,1,1,1,1,0,0,1,0,0,1,0,0,0
0.00162806,0,1,1,0,1,0,0,0,0,1,0,0,1,0,0,0
0.00162808,0,1,0,0,1,0,0,0,0,1,0,0,1,0,0,0
0.00162812,0,1,1,0,1,0,0,0,0,1,0,0,1,0,0,0
0.00162814,0,1,0,0,1,0,0,0,0,1,0,0,1,0,0,0
0.0016284,1,1,1,1,1,0,0,0,0,1,0,0,1,0,0,0
0.00162842,1,1,1,1,1,1,1,1,0,1,0,0,1,0,0,0
0.00162846,1,1,1,1,0,1,1,1,0,1,0,0,1,0,0,0
0.00162848,0,1,0,0,0,0,0,0,0,1,0,0,1,0,0,0
0.0016285,0,1,1,0,0,0,0,0,0,1,0,0,1,0,0,0
0.00162852,1,1,1,1,0,1,1,1,0,1,0,0,1,0,0,0
0.00162854,1,1,1,1,0,1,1,0,0,1,0,0,1,0,0,0
0.00162856,0,1,0,0,0,0,0,0,0,1,0,0,1,0,0,0
0.00162858,0,1,1,0,0,0,0,0,0,1,0,0,1,0,0,0
0.0016286,1,1,1,1,0,1,0,0,0,1,0,0,1,0,0,0
0.00162864,0,1,1,0,0,0,0,0,0,1,0,0,1,0,0,0
0.00162866,0,1,1,1,0,0,0,0,0,1,0,0,1,0,0,0
0.00162868,1,1,1,1,0,0,0,0,0,1,0,0,1,0,0,0
0.00162872,0,1,1,0,0,0,0,0,0,1,0,0,1,0,0,0
0.00162874,1,1,1,1,0,0,0,0,0,1,0,0,1,0,0,0
0.00162878,0,1,1,1,0,0,0,0,0,1,0,0,1,0,0,0
0.0016288,0,1,1,0,0,0,0,0,0,1,0,0,1,0,0,0
0.00162882,0,1,1,1,0,0,0,0,0,1,0,0,1,0,0,0
0.00162884,1,1,1,1,0,0,0,0,0,1,0,0,1,0,0,0
0.00162886,0,1,1,1,0,0,0,0,0,1,0,0,1,0,0,0
0.00162888,0,1,1,0,0,0,0,0,0,1,0,0,1,0,0,0
0.0016293,0,1,0,0,0,0,0,0,0,1,0,0,1,0,0,0
0.00162932,0,1,1,0,0,0,0,0,0,1,0,0,1,0,0,0
0.00162938,0,1,0,1,0,1,1,1,0,1,0,0,1,0,0,0
0.0016294,1,1,1,1,1,1,1,1,0,1,0,0,1,0,0,0
0.00162946,1,0,0,0,1,0,0,0,0,1,0,0,1,0,0,0
0.0016295,1,0,1,1,1,1,1,0,0,1,0,0,1,0,0,0
0.00162952,1,0,1,1,1,1,0,0,0,1,0,0,1,0,0,0
0.00162954,1,0,0,0,1,0,0,0,0,1,0,0,1,0,0,0
0.00162956,1,0,1,0,1,0,0,0,0,1,0,0,1,0,0,0
0.00162958,1,0,1,1,1,0,0,0,0,1,0,0,1,0,0,0
0.00162962,1,0,1,0,1,0,0,0,0,1,0,0,1,0,0,0
0.00162982,1,0,1,0,1,0,0,0,0,0,0,0,1,0,0,0
0.00162984,1,0,1,0,1,0,0,0,1,0,0,0,1,0,0,0
0.00162986,1,0,0,0,1,0,0,0,1,0,0,0,1,0,0,0
0.00162988,1,0,1,0,1,0,0,0,1,0,0,0,1,0,0,0
0.0016299,1,0,0,0,1,0,0,0,0,0,0,0,1,0,0,0
0.00162992,1,0,0,0,1,0,0,0,1,0,0,0,1,0,0,0
0.00162996,1,0,1,0,1,0,0,0,1,0,0,0,1,0,0,0
0.00162998,1,0,0,0,1,0,0,0,1,0,0,0,1,0,0,0
0.00163004,1,0,1,0,1,0,0,0,1,0,0,0,1,0,0,0
0.00163006,1,0,0,0,1,0,0,0,1,0,0,0,1,0,0,0
0.00163036,1,0,1,1,1,0,0,0,1,0,0,0,1,0,0,0
0.00163038,1,1,1,1,1,0,0,0,1,0,0,0,1,0,0,0
0.0016304,1,1,1,1,1,1,1,1,1,0,0,0,1,0,0,0
0.00163042,0,1,0,0,0,0,0,0,1,0,0,0,1,0,0,0
0.00163046,0,1,1,1,0,1,0,0,1,0,0,0,1,0,0,0
0.00163048,0,1,1,1,0,1,1,0,1,0,0,0,1,0,0,0
0.0016305,0,1,0,0,0,0,0,0,1,0,0,0,1,0,0,0
0.00163056,0,1,1,0,0,0,0,0,1,0,0,0,1,0,0,0
0.00163058,0,1,0,0,0,0,0,0,1,0,0,0,1,0,0,0
0.00163136,1,1,1,1,1,0,1,1,1,0,0,0,1,0,0,0
0.00163138,1,1,1,1,1,1,1,1,1,0,0,0,1,0,0,0
0.00163142,0,1,0,0,0,0,1,0,1,0,0,0,1,0,0,0
0.00163146,1,1,1,1,0,1,1,0,1,0,0,0,1,0,0,0
0.00163148,0,1,1,0,0,0,1,0,1,0,0,0,1,0,0,0
0.0016315,0,1,0,0,0,0,1,0,1,0,0,0,1,0,0,0
0.00163154,0,1,1,0,0,0,1,0,1,0,0,0,1,0,0,0
0.00163156,0,1,0,0,0,0,1,0,1,0,0,0,1,0,0,0
0.00163178,0,1,0,0,0,0,1,0,0,1,0,0,0,0,1,0
0.00163184,0,1,0,0,0,0,1,0,0,0,0,0,0,0,1,0
0.00163186,0,1,0,0,0,0,1,0,0,1,0,0,0,0,1,0
0.0016323,1,1,1,1,0,1,1,0,0,1,0,0,0,0,1,0
0.00163232,0,0,0,0,0,1,0,0,0,1,0,0,0,0,1,0
0.00163234,1,0,1,1,0,0,0,0,0,1,0,0,0,0,1,0
0.00163236,0,0,0,0,0,0,0,0,0,1,0,0,0,0,1,0
0.0016324,0,0,1,0,0,0,0,0,0,1,0,0,0,0,1,0
0.00163242,0,0,0,0,0,0,0,0,0,1,0,0,0,0,1,0
0.00163276,0,1,1,1,0,0,0,0,0,1,0,0,0,0,1,0
0.00163278,0,1,0,1,0,0,0,0,0,1,0,0,0,0,1,0
0.00163322,0,0,0,1,0,1,0,0,0,1,0,0,0,0,1,0
0.00163324,0,0,0,1,0,0,0,0,0,1,0,0,0,0,1,0
0.00163332,1,1,1,1,1,1,1,1,0,1,0,0,0,0,1,0
0.00163336,0,1,1,0,1,0,0,0,0,1,0,0,0,0,1,0
0.0016334,0,0,1,0,1,0,0,0,0,1,0,0,0,0,1,0
0.00163374,0,0,1,0,1,0,0,0,0,0,1,0,1,0,0,0
0.00163426,1,1,1,1,1,0,0,0,0,0,1,0,1,0,0,0
0.00163428,1,1,1,1,1,0,1,1,0,0,1,0,1,0,0,0
0.0016343,1,1,1,1,1,1,1,1,0,0,1,0,1,0,0,0
0.00163434,1,0,0,0,0,0,1,0,0,0,1,0,1,0,0,0
0.00163438,1,0,1,1,0,1,1,0,0,0,1,0,1,0,0,0
0.0016344,1,0,0,0,0,1,1,0,0,0,1,0,1,0,0,0
0.00163442,1,0,0,0,0,0,1,0,0,0,1,0,1,0,0,0
0.00163524,1,1,1,1,0,0,1,0,0,0,1,0,1,0,0,0
0.00163526,1,1,1,1,1,0,1,0,0,0,1,0,1,0,0,0
0.00163528,1,1,1,1,1,1,1,0,0,0,1,0,1,0,0,0
0.0016353,1,1,0,1,0,0,0,0,0,0,1,0,1,0,0,0
0.00163536,1,1,1,1,0,1,0,0,0,0,1,0,1,0,0,0
0.00163538,1,1,0,1,0,0,0,0,0,0,1,0,1,0,0,0
0.00163624,1,1,1,1,1,1,1,1,0,0,1,0,1,0,0,0
0.00163628,1,1,1,0,0,0,0,1,0,0,1,0,1,0,0,0
0.00163666,1,1,1,0,0,0,0,1,1,1,1,0,0,0,0,1
0.0016372,1,1,1,1,0,0,0,1,1,1,1,0,0,0,0,1
0.00163722,1,1,1,1,1,1,1,1,1,1,1,0,0,0,0,1
0.00163724,1,0,0,0,0,1,1,0,1,1,1,0,0,0,0,1
0.00163726,1,0,0,0,0,0,1,0,1,1,1,0,0,0,0,1
0.00163818,1,1,0,1,0,0,1,0,1,1,1,0,0,0,0,1
0.0016382,1,1,1,1,0,0,0,0,1,1,1,0,0,0,0,1
0.00163822,1,1,0,1,0,0,0,0,1,1,1,0,0,0,0,1
0.00163824,1,1,1,1,1,1,1,1,1,1,1,0,0,0,0,1
0.00163826,1,1,1,0,0,0,0,1,1,1,1,0,0,0,0,1
0.00163828,1,0,1,0,0,0,0,1,1,1,1,0,0,0,0,1
0.00163862,1,0,1,0,0,0,0,1,1,0,1,0,0,0,0,1
0.00163914,1,0,1,1,0,1,1,1,1,0,1,0,0,0,0,1
0.00163916,1,1,0,1,1,1,1,0,1,0,1,0,0,0,0,1
0.00163918,1,0,0,0,0,0,1,0,1,0,1,0,0,0,0,1
0.00164012,1,0,1,0,0,0,1,0,1,0,1,0,0,0,0,1
0.00164014,1,0,1,1,1,0,1,1,1,0,1,0,0,0,0,1
0.00164016,1,1,1,1,1,1,1,1,1,0,1,0,0,0,0,1
0.00164018,1,1,0,1,1,0,0,0,1,0,1,0,0,0,0,1
0.0016402,1,1,1,1,0,0,0,1,1,0,1,0,0,0,0,1
0.00164022,1,1,0,1,0,1,1,1,1,0,1,0,0,0,0,1
0.00164024,0,0,0,1,0,1,1,1,1,0,1,0,0,0,0,1
0.00164026,0,0,0,1,0,0,0,1,1,0,1,0,0,0,0,1
0.00164028,0,0,0,1,0,1,0,1,1,0,1,0,0,0,0,1
0.0016403,0,0,0,1,0,1,1,1,1,0,1,0,0,0,0,1
0.00164032,0,0,0,1,0,0,0,1,1,0,1,0,0,0,0,1
0.00164038,0,0,0,1,0,1,0,1,1,0,1,0,0,0,0,1
0.0016404,0,0,0,1,0,0,0,1,1,0,1,0,0,0,0,1
0.00164056,0,0,0,1,0,0,0,1,0,0,0,0,0,0,0,0
0.00164058,0,0,0,1,0,0,0,1,0,0,0,1,0,0,0,1
0.00164064,0,0,0,1,0,0,0,1,0,0,0,1,0,0,0,0
0.00164066,0,0,0,1,0,0,0,1,0,0,0,1,0,0,0,1
0.0016411,1,1,0,1,0,1,0,1,0,0,0,1,0,0,0,1
0.00164112,1,1,1,1,0,0,0,1,0,0,0,1,0,0,0,1
0.00164114,1,1,1,1,0,1,1,1,0,0,0,1,0,0,0,1
0.00164116,1,1,0,1,0,0,0,0,0,0,0,1,0,0,0,1
0.0016412,1,1,0,1,0,1,0,0,0,0,0,1,0,0,0,1
0.00164124,1,1,0,1,0,0,0,0,0,0,0,1,0,0,0,1
0.00164214,1,1,0,1,0,0,1,1,0,0,0,1,0,0,0,1
0.00164216,1,1,0,0,0,0,0,1,0,0,0,1,0,0,0,1
0.00164252,1,1,0,0,0,0,0,1,1,1,0,0,0,0,0,1
0.00164304,1,1,1,1,0,0,0,1,1,1,0,0,0,0,0,1
0.00164306,1,1,1,1,1,1,1,0,1,1,0,0,0,0,0,1
0.00164308,1,1,0,1,0,0,0,0,1,1,0,0,0,0,0,1
0.00164312,1,1,0,1,0,1,0,0,1,1,0,0,0,0,0,1
0.00164314,1,1,0,1,0,0,0,0,1,1,0,0,0,0,0,1
0.00164406,1,1,1,1,1,1,1,1,1,1,0,0,0,0,0,1
0.00164408,0,1,1,1,1,1,1,1,1,1,0,0,0,0,0,1
0.0016441,0,1,0,1,1,1,0,0,1,1,0,0,0,0,0,1
0.00164412,0,0,1,1,1,1,1,1,1,1,0,0,0,0,0,1
0.00164414,0,0,0,1,1,1,0,0,1,1,0,0,0,0,0,1
0.00164448,0,0,0,1,1,1,0,0,0,0,0,1,1,1,0,0
0.001645,1,1,1,1,1,1,1,1,0,0,0,1,1,1,0,0
0.00164502,1,0,1,0,0,0,1,0,0,0,0,1,1,1,0,0
0.00164504,1,0,0,0,0,0,1,0,0,0,0,1,1,1,0,0
0.00164508,1,0,1,0,0,0,1,0,0,0,0,1,1,1,0,0
0.0016451,1,0,0,0,0,0,1,0,0,0,0,1,1,1,0,0
0.00164598,1,1,1,1,0,0,1,0,0,0,0,1,1,1,0,0
0.001646,1,1,0,1,0,0,0,0,0,0,0,1,1,1,0,0
0.00164698,1,1,1,1,0,0,1,1,0,0,0,1,1,1,0,0
0.001647,1,1,1,1,0,1,1,1,0,0,0,1,1,1,0,0
0.00164702,1,1,1,1,1,1,1,1,0,0,0,1,1,1,0,0
0.00164794,1,1,0,1,0,0,1,0,0,0,0,1,1,1,0,0
0.00164796,1,1,1,1,1,1,1,1,0,0,0,1,1,1,0,0
0.001648,0,0,1,1,1,0,1,0,0,0,0,1,1,1,0,0
0.00164802,1,1,1,1,1,1,1,1,0,0,0,1,1,1,0,0
0.00164806,0,0,1,0,1,0,0,0,0,0,0,1,1,1,0,0
0.00164838,0,0,1,0,1,0,0,0,0,0,1,0,1,0,0,0
0.0016489,1,1,1,1,1,0,0,0,0,0,1,0,1,0,0,0
0.00164892,1,1,1,1,1,1,1,1,0,0,1,0,1,0,0,0
0.00164994,1,1,1,1,0,1,1,1,0,0,1,0,1,0,0,0
0.00164996,0,0,0,0,0,0,0,1,0,0,1,0,1,0,0,0
0.00165,1,1,1,1,0,1,1,1,0,0,1,0,1,0,0,0
0.00165002,1,0,1,1,0,1,0,1,0,0,1,0,1,0,0,0
0.00165004,0,0,0,0,0,0,0,1,0,0,1,0,1,0,0,0
0.00165008,0,0,0,1,0,0,0,1,0,0,1,0,1,0,0,0
0.00165012,0,0,0,0,0,0,0,1,0,0,1,0,1,0,0,0
0.00165088,1,1,1,1,1,1,0,1,0,0,1,0,1,0,0,0
0.0016509,1,1,1,1,1,1,1,1,0,0,1,0,1,0,0,0
0.00165092,1,1,1,1,1,1,1,0,0,0,1,0,1,0,0,0
0.00165094,0,1,0,0,1,0,0,0,0,0,1,0,1,0,0,0
0.00165098,1,1,1,1,1,1,1,0,0,0,1,0,1,0,0,0
0.00165102,0,1,0,0,1,0,0,0,0,0,1,0,1,0,0,0
0.00165104,1,1,1,1,1,0,0,0,0,0,1,0,1,0,0,0
0.00165106,1,1,1,1,1,1,0,0,0,0,1,0,1,0,0,0
0.0016511,1,1,1,1,1,0,0,0,0,0,1,0,1,0,0,0
0.00165114,1,1,1,1,1,1,0,0,0,0,1,0,1,0,0,0
0.00165118,1,1,1,1,1,0,0,0,0,0,1,0,1,0,0,0
0.0016513,1,1,1,1,1,1,0,0,0,0,0,0,1,0,0,0
0.00165132,1,1,1,1,1,0,0,0,0,1,0,0,1,0,0,0
0.00165136,1,1,1,1,1,1,0,0,0,1,0,0,1,0,0,0
0.00165138,1,1,1,1,1,0,0,0,0,1,0,0,1,0,0,0
0.0016514,0,1,1,1,1,0,0,0,0,1,0,0,1,0,0,0
0.00165142,1,1,1,1,1,0,0,0,0,1,0,0,1,0,0,0
0.00165146,0,1,1,1,1,0,0,0,0,1,0,0,1,0,0,0
0.00165152,1,1,1,1,1,0,0,0,0,1,0,0,1,0,0,0
0.00165154,0,1,1,1,1,0,0,0,0,1,0,0,1,0,0,0
0.00165158,1,1,1,1,1,0,0,0,0,1,0,0,1,0,0,0
0.0016516,0,1,1,0,1,0,0,0,0,1,0,0,1,0,0,0
0.00165162,0,1,1,1,1,0,0,0,0,1,0,0,1,0,0,0
0.00165164,0,1,1,0,1,0,0,0,0,1,0,0,1,0,0,0
0.00165174,0,1,1,1,1,0,0,0,0,1,0,0,1,0,0,0
0.00165176,0,1,1,0,1,0,0,0,0,1,0,0,1,0,0,0
0.00165182,0,1,0,0,1,0,0,0,0,1,0,0,1,0,0,0
0.00165184,1,1,1,1,1,1,0,0,0,1,0,0,1,0,0,0
0.00165186,1,1,1,1,1,1,1,1,0,1,0,0,1,0,0,0
0.0016519,0,0,0,0,0,1,0,0,0,1,0,0,1,0,0,0
0.00165194,1,0,1,1,0,1,1,0,0,1,0,0,1,0,0,0
0.00165196,1,1,1,1,0,1,1,1,0,1,0,0,1,0,0,0
0.00165198,1,0,1,1,0,1,1,0,0,1,0,0,1,0,0,0
0.001652,0,0,0,0,0,1,0,0,0,1,0,0,1,0,0,0
0.00165202,1,0,1,1,0,1,1,0,0,1,0,0,1,0,0,0
0.00165206,1,0,1,1,0,1,0,0,0,1,0,0,1,0,0,0
0.00165232,0,0,1,1,0,1,0,0,0,1,0,0,1,0,0,0
0.00165234,1,0,1,1,0,1,0,0,0,1,0,0,1,0,0,0
0.0016524,0,0,1,1,0,1,0,0,0,1,0,0,1,0,0,0
0.00165242,1,0,1,1,0,1,0,0,0,1,0,0,1,0,0,0
0.00165246,0,0,1,1,0,1,0,0,0,1,0,0,1,0,0,0
0.00165268,0,0,1,0,0,1,0,0,0,1,0,0,1,0,0,0
0.0016527,0,0,1,1,0,1,0,0,0,1,0,0,1,0,0,0
0.00165276,0,0,0,0,0,1,0,0,0,1,0,0,1,0,0,0
0.00165278,0,0,1,0,0,1,0,0,0,1,0,0,1,0,0,0
0.0016528,1,1,1,1,0,1,0,0,0,1,0,0,1,0,0,0
0.00165282,1,1,1,1,1,1,1,1,0,1,0,0,1,0,0,0
0.00165284,1,1,1,1,1,1,1,0,0,1,0,0,1,0,0,0
0.00165286,1,1,1,1,1,1,1,1,0,1,0,0,1,0,0,0
0.00165288,1,0,0,0,1,0,1,0,0,1,0,0,1,0,0,0
0.0016529,1,0,0,0,1,0,0,0,0,1,0,0,1,0,0,0
0.00165292,1,1,1,1,1,0,1,0,0,1,0,0,1,0,0,0
0.00165294,1,1,1,1,1,0,1,1,0,1,0,0,1,0,0,0
0.00165296,1,0,1,0,1,0,0,0,0,1,0,0,1,0,0,0
0.00165298,1,0,0,0,1,0,0,0,0,1,0,0,1,0,0,0
0.001653,1,0,1,1,1,0,0,0,0,1,0,0,1,0,0,0
0.00165304,1,0,0,0,1,0,0,0,0,1,0,0,1,0,0,0
0.00165308,1,0,1,0,1,0,0,0,0,1,0,0,1,0,0,0
0.00165312,1,0,0,0,1,0,0,0,0,1,0,0,1,0,0,0
0.00165316,1,0,1,0,1,0,0,0,0,1,0,0,1,0,0,0
0.00165318,1,0,0,0,1,0,0,0,0,1,0,0,1,0,0,0
0.00165324,1,0,1,0,1,0,0,0,0,1,0,0,1,0,0,0
0.00165326,1,0,0,0,1,0,0,0,1,0,0,0,1,0,0,0
0.00165332,1,0,1,0,1,0,0,0,1,0,0,0,1,0,0,0
0.00165334,1,0,0,0,1,0,0,0,1,0,0,0,1,0,0,0
0.00165338,1,0,1,0,1,0,0,0,1,0,0,0,1,0,0,0
0.0016534,1,0,0,0,1,0,0,0,1,0,0,0,1,0,0,0
0.0016538,1,1,1,1,1,0,0,0,1,0,0,0,1,0,0,0
0.00165382,1,1,1,1,1,1,1,1,1,0,0,0,1,0,0,0
0.00165384,1,1,1,1,1,1,1,0,1,0,0,0,1,0,0,0
0.00165386,0,0,0,0,1,0,0,0,1,0,0,0,1,0,0,0
0.0016539,1,1,1,1,1,1,1,0,1,0,0,0,1,0,0,0
0.00165392,0,0,1,1,1,0,0,0,1,0,0,0,1,0,0,0
0.00165394,0,0,0,0,1,0,0,0,1,0,0,0,1,0,0,0
0.00165476,1,1,1,1,1,0,0,0,1,0,0,0,1,0,0,0
0.00165478,1,0,1,1,1,1,1,1,1,0,0,0,1,0,0,0
0.0016548,1,1,1,1,1,1,1,1,1,0,0,0,1,0,0,0
0.00165484,1,0,0,1,0,0,1,0,1,0,0,0,1,0,0,0
0.00165488,1,1,1,1,0,1,1,0,1,0,0,0,1,0,0,0
0.00165492,1,0,0,1,0,0,1,0,1,0,0,0,1,0,0,0
0.00165496,1,0,1,1,0,0,1,0,1,0,0,0,1,0,0,0
0.001655,1,0,0,1,0,0,1,0,1,0,0,0,1,0,0,0
0.0016552,1,0,0,1,0,0,1,0,1,0,0,0,0,0,0,0
0.00165522,1,0,0,1,0,0,1,0,1,0,0,1,0,0,1,0
0.00165574,1,1,1,0,0,0,0,0,1,0,0,1,0,0,1,0
0.00165576,0,0,0,0,1,1,1,1,1,0,0,1,0,0,1,0
0.00165578,0,1,1,1,1,1,1,1,1,0,0,1,0,0,1,0
0.0016558,0,1,1,0,1,1,1,1,1,0,0,1,0,0,1,0
0.00165582,0,0,0,0,1,1,1,1,1,0,0,1,0,0,1,0
0.00165664,0,1,1,0,1,1,1,1,1,0,0,1,0,0,1,0
0.00165666,0,0,0,0,1,1,1,1,1,0,0,1,0,0,1,0
0.0016567,0,1,1,0,1,1,1,1,1,0,0,1,0,0,1,0
0.00165672,0,0,0,0,1,1,1,1,1,0,0,1,0,0,1,0
0.00165674,1,0,1,0,1,1,1,1,1,0,0,1,0,0,1,0
0.00165676,1,1,1,1,1,1,1,1,1,0,0,1,0,0,1,0
0.00165678,0,0,0,1,1,0,1,0,1,0,0,1,0,0,1,0
0.00165682,0,0,1,1,1,0,1,0,1,0,0,1,0,0,1,0
0.00165684,1,1,1,1,1,1,1,1,1,0,0,1,0,0,1,0
0.00165686,0,0,1,0,1,0,0,0,1,0,0,1,0,0,1,0
0.0016569,1,1,1,0,1,1,0,0,1,0,0,1,0,0,1,0
0.00165692,0,0,1,0,1,0,0,0,1,0,0,1,0,0,1,0
0.00165716,0,0,1,0,1,0,0,0,0,0,0,0,0,0,0,0
0.00165718,0,0,1,0,1,0,0,0,0,0,1,0,1,0,0,0
0.00165768,1,1,1,0,1,0,0,0,0,0,1,0,1,0,0,0
0.00165772,1,1,1,1,1,1,1,1,0,0,1,0,1,0,0,0
0.00165776,0,0,1,1,0,0,0,0,0,0,1,0,1,0,0,0
0.00165782,1,1,1,1,0,1,1,0,0,0,1,0,1,0,0,0
0.00165784,0,0,1,1,0,0,0,0,0,0,1,0,1,0,0,0
0.00165868,1,1,1,1,0,0,1,1,0,0,1,0,1,0,0,0
0.0016587,1,1,1,1,1,1,1,1,0,0,1,0,1,0,0,0
0.00165874,0,1,0,0,0,0,0,0,0,0,1,0,1,0,0,0
0.00165878,1,1,0,0,0,1,0,0,0,0,1,0,1,0,0,0
0.0016588,1,1,1,1,0,1,1,0,0,0,1,0,1,0,0,0
0.00165882,0,1,0,0,0,0,0,0,0,0,1,0,1,0,0,0
0.00165888,0,1,1,0,0,0,0,0,0,0,1,0,1,0,0,0
0.0016589,0,1,0,0,0,0,0,0,0,0,1,0,1,0,0,0
0.00165968,1,1,1,1,1,1,1,1,0,0,1,0,1,0,0,0
0.00165972,1,1,1,0,0,0,0,1,0,0,1,0,1,0,0,0
0.00165976,1,1,1,1,1,1,1,1,0,0,1,0,1,0,0,0
0.00165978,1,1,1,0,0,0,0,1,0,0,1,0,1,0,0,0
0.0016601,1,1,1,0,0,0,0,1,1,1,1,0,0,0,0,1
0.00166064,1,1,1,1,1,1,1,1,1,1,1,0,0,0,0,1
0.00166068,0,0,1,1,0,0,0,0,1,1,1,0,0,0,0,1
0.00166074,0,0,1,1,0,1,0,0,1,1,1,0,0,0,0,1
0.00166076,0,0,1,1,0,0,0,0,1,1,1,0,0,0,0,1
0.00166162,1,1,1,1,0,1,1,0,1,1,1,0,0,0,0,1
0.00166164,0,1,0,0,0,0,0,0,1,1,1,0,0,0,0,1
0.00166166,1,1,1,1,1,1,1,1,1,1,1,0,0,0,0,1
0.0016617,1,1,1,1,1,0,0,1,1,1,1,0,0,0,0,1
0.00166172,1,1,1,1,0,0,1,1,1,1,1,0,0,0,0,1
0.00166174,1,0,1,0,0,0,0,1,1,1,1,0,0,0,0,1
0.00166178,1,0,1,0,0,1,0,1,1,1,1,0,0,0,0,1
0.0016618,1,0,1,0,0,0,0,1,1,1,1,0,0,0,0,1
0.00166204,1,0,1,0,0,0,0,1,0,0,1,0,0,0,0,0
0.00166206,1,0,1,0,0,0,0,1,1,0,1,0,0,0,0,1
0.00166258,1,0,1,1,1,1,1,1,1,0,1,0,0,0,0,1
0.0016626,0,0,1,1,0,0,0,0,1,0,1,0,0,0,0,1
0.00166356,1,0,1,1,0,0,0,1,1,0,1,0,0,0,0,1
0.00166358,1,1,1,1,1,1,1,1,1,0,1,0,0,0,0,1
0.00166362,1,1,0,1,1,0,1,0,1,0,1,0,0,0,0,1
0.00166364,1,1,1,1,1,1,1,1,1,0,1,0,0,0,0,1
0.00166368,1,1,1,1,0,1,0,1,1,0,1,0,0,0,0,1
0.0016637,0,0,0,1,0,0,0,1,1,0,1,0,0,0,0,1
0.00166374,1,0,1,1,0,1,0,1,1,0,1,0,0,0,0,1
0.00166376,0,0,0,1,0,0,0,1,1,0,1,0,0,0,0,1
0.001664,0,0,0,1,0,0,0,1,0,0,0,0,0,0,0,1
0.00166402,0,0,0,1,0,0,0,1,0,0,0,1,0,0,0,1
0.00166452,1,1,0,1,0,0,0,1,0,0,0,1,0,0,0,1
0.00166454,0,0,1,1,1,1,1,1,0,0,0,1,0,0,0,1
0.00166456,1,1,1,1,1,1,1,1,0,0,0,1,0,0,0,1
0.0016646,0,1,0,0,0,0,0,0,0,0,0,1,0,0,0,1
0.00166464,1,1,1,0,0,1,0,0,0,0,0,1,0,0,0,1
0.00166466,1,1,1,0,0,1,1,0,0,0,0,1,0,0,0,1
0.00166468,0,1,0,0,0,0,0,0,0,0,0,1,0,0,0,1
0.00166472,0,1,1,0,0,0,0,0,0,0,0,1,0,0,0,1
0.00166476,0,1,0,0,0,0,0,0,0,0,0,1,0,0,0,1
0.00166556,1,1,1,1,1,0,1,1,0,0,0,1,0,0,0,1
0.00166558,1,1,1,1,1,1,1,1,0,0,0,1,0,0,0,1
0.0016656,1,1,0,1,1,1,1,1,0,0,0,1,0,0,0,1
0.00166562,1,1,1,1,0,0,1,1,0,0,0,1,0,0,0,1
0.00166564,1,1,0,0,0,0,0,1,0,0,0,1,0,0,0,1
0.00166568,1,1,1,1,0,1,1,1,0,0,0,1,0,0,0,1
0.0016657,1,1,0,0,0,0,0,1,0,0,0,1,0,0,0,1
0.00166594,1,1,0,0,0,0,0,1,0,0,0,0,0,0,0,1
0.00166596,1,1,0,0,0,0,0,1,1,1,0,0,0,0,0,1
0.00166602,1,1,0,0,0,0,0,1,0,0,0,0,0,0,0,0
0.00166604,1,1,0,0,0,0,0,1,1,1,0,0,0,0,0,1
0.00166648,1,1,1,1,1,1,1,1,1,1,0,0,0,0,0,1
0.0016665,1,1,1,1,0,1,1,0,1,1,0,0,0,0,0,1
0.00166652,0,1,0,0,0,0,0,0,1,1,0,0,0,0,0,1
0.00166656,0,1,1,1,0,1,1,0,1,1,0,0,0,0,0,1
0.00166658,0,1,0,0,0,0,0,0,1,1,0,0,0,0,0,1
0.00166748,0,1,1,1,1,1,1,0,1,1,0,0,0,0,0,1
0.0016675,1,1,1,1,1,1,1,1,1,1,0,0,0,0,0,1
0.00166756,1,1,0,1,1,1,0,0,1,1,0,0,0,0,0,1
0.0016676,1,0,0,1,1,1,1,0,1,1,0,0,0,0,0,1
0.00166762,1,0,0,1,1,1,0,0,1,1,0,0,0,0,0,1
0.0016679,1,0,0,1,1,1,0,0,1,0,0,0,0,0,0,0
0.00166792,1,0,0,1,1,1,0,0,1,0,0,1,1,1,0,0
0.00166844,1,1,1,1,1,1,1,1,1,0,0,1,1,1,0,0
0.00166846,0,0,1,1,0,0,0,0,1,0,0,1,1,1,0,0
0.0016694,0,1,1,1,0,0,0,0,1,0,0,1,1,1,0,0
0.00166942,0,1,0,0,0,0,0,1,1,0,0,1,1,1,0,0
0.00166944,0,1,0,0,0,0,0,0,1,0,0,1,1,1,0,0
0.00167042,0,1,1,1,1,1,1,1,1,0,0,1,1,1,0,0
0.00167044,1,1,1,1,1,1,1,1,1,0,0,1,1,1,0,0
0.00167136,0,1,1,1,0,0,0,0,1,0,0,1,1,1,0,0
0.0016714,1,1,1,1,1,1,1,1,1,0,0,1,1,1,0,0
0.00167142,0,1,0,0,1,0,0,0,1,0,0,1,1,1,0,0
0.00167148,0,1,0,0,1,1,1,1,1,0,0,1,1,1,0,0
0.0016715,0,1,0,0,1,0,0,0,1,0,0,1,1,1,0,0
0.0016718,0,1,0,0,1,0,0,0,0,0,0,0,1,0,0,0
0.00167182,0,1,0,0,1,0,0,0,0,1,0,0,1,0,0,0
0.0016719,0,1,1,1,1,0,0,0,0,1,1,1,1,0,0,0
0.00167192,1,1,0,0,1,1,1,1,0,1,0,0,1,0,0,0
0.00167194,0,1,0,0,1,0,0,0,0,1,0,0,1,0,0,0
0.00167198,0,1,0,0,1,1,1,0,0,1,0,0,1,0,0,0
0.001672,0,1,0,0,1,0,0,0,0,1,0,0,1,0,0,0
0.00167234,1,1,1,1,1,0,0,0,0,1,0,0,1,0,0,0
0.00167236,1,1,1,1,1,1,1,1,0,1,0,0,1,0,0,0
0.0016724,0,0,1,0,1,1,1,1,0,1,0,0,1,0,0,0
0.00167242,0,0,0,0,1,0,0,0,0,1,0,0,1,0,0,0
0.00167246,1,0,1,1,1,1,1,1,0,1,0,0,1,0,0,0
0.00167248,1,0,1,1,1,1,1,0,0,1,0,0,1,0,0,0
0.0016725,0,0,0,0,1,0,0,0,0,1,0,0,1,0,0,0
0.00167254,0,0,1,0,1,0,0,0,0,1,0,0,1,0,0,0
0.00167258,0,0,0,0,1,0,0,0,0,1,0,0,1,0,0,0
0.00167332,1,1,1,1,1,1,1,1,0,1,0,0,1,0,0,0
0.0016734,1,0,0,0,1,0,0,0,0,1,0,0,1,0,0,0
0.00167342,1,0,1,0,1,0,0,0,0,1,0,0,1,0,0,0
0.00167344,1,1,1,1,1,1,1,1,0,1,0,0,1,0,0,0
0.00167346,1,1,1,1,1,0,0,0,0,1,0,0,1,0,0,0
0.00167348,1,0,0,0,1,0,0,0,0,1,0,0,1,0,0,0
0.0016735,1,0,1,0,1,0,0,0,0,1,0,0,1,0,0,0
0.00167352,1,1,1,1,1,1,0,0,0,1,0,0,1,0,0,0
0.00167354,1,0,1,0,1,0,0,0,0,1,0,0,1,0,0,0
0.00167356,1,0,0,0,1,0,0,0,0,1,0,0,1,0,0,0
0.00167358,1,0,1,0,1,0,0,0,0,1,0,0,1,0,0,0
0.00167364,1,0,0,0,1,0,0,0,0,1,0,0,1,0,0,0
0.00167368,1,0,1,0,1,0,0,0,0,1,0,0,1,0,0,0
0.0016737,1,0,0,0,1,0,0,0,0,1,0,0,1,0,0,0
0.00167374,1,0,1,0,1,0,0,0,0,1,0,0,1,0,0,0
0.00167376,1,0,1,0,1,0,0,0,0,0,0,0,1,0,0,0
0.00167378,1,0,0,0,1,0,0,0,1,0,0,0,1,0,0,0
0.00167382,1,0,1,0,1,0,0,0,1,0,0,0,1,0,0,0
0.00167384,1,0,0,0,1,0,0,0,1,0,0,0,1,0,0,0
0.0016739,1,0,1,0,1,0,0,0,1,0,0,0,1,0,0,0
0.00167392,1,0,0,0,1,0,0,0,1,0,0,0,1,0,0,0
0.0016743,1,1,0,0,1,0,0,0,1,0,0,0,1,0,0,0
0.00167432,1,1,1,1,1,1,1,1,1,0,0,0,1,0,0,0
0.00167436,0,0,0,0,0,1,0,0,1,0,0,0,1,0,0,0
0.0016744,0,0,1,1,0,1,1,0,1,0,0,0,1,0,0,0
0.00167442,1,1,1,1,0,1,1,0,1,0,0,0,1,0,0,0
0.00167444,0,0,0,0,0,1,0,0,1,0,0,0,1,0,0,0
0.00167448,0,0,1,1,0,1,0,0,1,0,0,0,1,0,0,0
0.00167452,0,0,0,0,0,1,0,0,1,0,0,0,1,0,0,0
0.00167458,0,0,1,0,0,1,0,0,1,0,0,0,1,0,0,0
0.0016746,0,0,0,0,0,1,0,0,1,0,0,0,1,0,0,0
0.00167526,0,0,1,1,0,1,0,0,1,0,0,0,1,0,0,0
0.00167528,1,1,1,1,1,1,1,1,1,0,0,0,1,0,0,0
0.00167534,1,0,0,1,0,0,1,0,1,0,0,0,1,0,0,0
0.00167538,1,1,1,1,0,0,1,0,1,0,0,0,1,0,0,0
0.0016754,1,1,1,1,0,1,1,1,1,0,0,0,1,0,0,0
0.00167542,1,0,1,1,0,0,1,0,1,0,0,0,1,0,0,0
0.00167544,1,0,0,1,0,0,1,0,1,0,0,0,1,0,0,0
0.00167546,1,0,1,1,0,0,1,0,1,0,0,0,1,0,0,0
0.0016755,1,0,0,1,0,0,1,0,1,0,0,0,1,0,0,0
0.00167554,1,0,1,1,0,0,1,0,1,0,0,0,1,0,0,0
0.00167558,1,0,0,1,0,0,1,0,1,0,0,0,1,0,0,0
0.00167572,1,0,0,1,0,0,1,0,1,0,0,1,0,0,1,0
0.00167624,1,1,1,1,0,0,1,0,1,0,0,1,0,0,1,0
0.00167626,0,0,0,0,0,0,0,0,1,0,0,1,0,0,1,0
0.00167628,0,0,0,0,1,0,0,0,1,0,0,1,0,0,1,0
0.0016763,0,1,1,1,1,1,0,1,1,0,0,1,0,0,1,0
0.00167632,0,0,0,0,1,0,0,0,1,0,0,1,0,0,1,0
0.0016772,0,0,1,0,1,0,0,0,1,0,0,1,0,0,1,0
0.00167722,0,0,0,0,1,0,0,0,1,0,0,1,0,0,1,0
0.00167726,1,1,1,1,1,1,1,1,1,0,0,1,0,0,1,0
0.0016773,0,1,1,0,1,0,0,0,1,0,0,1,0,0,1,0
0.00167732,0,1,1,1,1,1,1,0,1,0,0,1,0,0,1,0
0.00167734,0,0,1,0,1,0,0,0,1,0,0,1,0,0,1,0
0.00167766,0,0,1,0,1,0,0,0,0,0,0,0,0,0,0,0
0.00167768,0,0,1,0,1,0,0,0,0,0,1,0,1,0,0,0
0.0016782,1,1,1,0,1,0,0,0,0,0,1,0,1,0,0,0
0.00167822,1,1,1,1,1,1,1,1,0,0,1,0,1,0,0,0
0.00167828,0,0,1,0,0,0,1,0,0,0,1,0,1,0,0,0
0.00167832,1,1,1,1,0,1,1,1,0,0,1,0,1,0,0,0
0.00167834,0,0,1,1,0,1,1,0,0,0,1,0,1,0,0,0
0.00167836,0,0,1,0,0,0,1,0,0,0,1,0,1,0,0,0
0.0016784,0,0,1,1,0,1,1,0,0,0,1,0,1,0,0,0
0.00167842,0,0,1,0,0,0,1,0,0,0,1,0,1,0,0,0
0.00167918,1,1,1,1,1,0,1,0,0,0,1,0,1,0,0,0
0.0016792,1,1,1,1,1,1,1,1,0,0,1,0,1,0,0,0
0.00167924,1,1,0,1,0,0,0,0,0,0,1,0,1,0,0,0
0.00167928,1,1,1,1,0,1,0,0,0,0,1,0,1,0,0,0
0.0016793,1,1,0,1,0,1,0,0,0,0,1,0,1,0,0,0
0.00167932,1,1,0,1,0,0,0,0,0,0,1,0,1,0,0,0
0.00168018,1,1,1,1,1,1,1,1,0,0,1,0,1,0,0,0
0.00168022,1,1,1,0,0,0,0,1,0,0,1,0,1,0,0,0
0.00168026,1,1,1,0,0,1,0,1,0,0,1,0,1,0,0,0
0.00168028,1,1,1,0,0,0,0,1,0,0,1,0,1,0,0,0
0.0016806,1,1,1,0,0,0,0,1,1,1,1,0,0,0,0,1
0.00168114,1,1,1,1,0,1,0,1,1,1,1,0,0,0,0,1
0.00168116,1,1,1,1,1,1,1,1,1,1,1,0,0,0,0,1
0.00168118,0,0,1,0,0,0,1,0,1,1,1,0,0,0,0,1
0.00168212,1,1,1,1,0,0,1,0,1,1,1,0,0,0,0,1
0.00168214,1,1,0,1,0,1,0,0,1,1,1,0,0,0,0,1
0.00168216,1,1,0,1,0,0,0,0,1,1,1,0,0,0,0,1
0.00168218,1,1,1,1,1,1,1,1,1,1,1,0,0,0,0,1
0.0016822,1,1,1,0,0,0,0,1,1,1,1,0,0,0,0,1
0.00168222,1,0,1,0,0,0,0,1,1,1,1,0,0,0,0,1
0.00168254,1,0,1,0,0,0,0,1,1,0,1,0,0,0,0,0
0.00168256,1,0,1,0,0,0,0,1,1,0,1,0,0,0,0,1
0.00168308,1,0,1,1,1,1,1,1,1,0,1,0,0,0,0,1
0.0016831,0,0,1,1,1,1,1,0,1,0,1,0,0,0,0,1
0.00168312,0,0,1,0,0,0,1,0,1,0,1,0,0,0,0,1
0.00168406,1,0,1,0,0,0,1,0,1,0,1,0,0,0,0,1
0.00168408,1,1,1,1,1,1,1,1,1,0,1,0,0,0,0,1
0.00168412,1,1,0,0,1,0,0,0,1,0,1,0,0,0,0,1
0.00168414,1,1,1,1,0,0,0,1,1,0,1,0,0,0,0,1
0.00168416,1,1,0,1,0,1,1,1,1,0,1,0,0,0,0,1
0.00168418,0,0,0,1,0,0,0,1,1,0,1,0,0,0,0,1
0.00168422,0,0,0,1,0,1,1,1,1,0,1,0,0,0,0,1
0.00168426,0,0,0,1,0,0,0,1,1,0,1,0,0,0,0,1
0.0016843,0,0,0,1,0,1,0,1,1,0,1,0,0,0,0,1
0.00168434,0,0,0,1,0,0,0,1,1,0,1,0,0,0,0,1
0.0016845,0,0,0,1,0,0,0,1,0,0,0,0,0,0,0,1
0.00168452,0,0,0,1,0,0,0,1,0,0,0,1,0,0,0,1
0.00168504,0,0,0,1,0,1,1,1,0,0,0,1,0,0,0,1
0.00168506,1,1,1,1,1,1,1,1,0,0,0,1,0,0,0,1
0.0016851,1,1,0,1,0,0,0,0,0,0,0,1,0,0,0,1
0.00168514,1,1,0,1,0,1,1,0,0,0,0,1,0,0,0,1
0.00168516,1,1,0,1,0,0,0,0,0,0,0,1,0,0,0,1
0.00168606,1,1,0,1,0,0,0,1,0,0,0,1,0,0,0,1
0.00168608,1,1,1,1,1,1,1,1,0,0,0,1,0,0,0,1
0.0016861,1,1,0,0,0,0,0,1,0,0,0,1,0,0,0,1
0.00168614,1,1,0,0,0,1,0,1,0,0,0,1,0,0,0,1
0.00168616,1,1,0,0,0,0,0,1,0,0,0,1,0,0,0,1
0.00168646,1,1,0,0,0,0,0,1,1,1,0,0,0,0,0,1
0.00168652,1,1,0,0,0,0,0,1,0,0,0,0,0,0,0,0
0.00168654,1,1,0,0,0,0,0,1,1,1,0,0,0,0,0,1
0.00168698,1,1,1,1,1,1,0,1,1,1,0,0,0,0,0,1
0.001687,1,1,1,1,0,1,1,0,1,1,0,0,0,0,0,1
0.00168702,1,1,0,1,0,0,0,0,1,1,0,0,0,0,0,1
0.00168706,1,1,0,1,0,1,1,0,1,1,0,0,0,0,0,1
0.00168708,1,1,0,1,0,0,0,0,1,1,0,0,0,0,0,1
0.00168798,1,1,0,1,0,1,1,0,1,1,0,0,0,0,0,1
0.001688,1,1,1,1,1,1,1,1,1,1,0,0,0,0,0,1
0.00168802,1,1,1,1,1,0,0,0,1,1,0,0,0,0,0,1
0.00168804,1,1,1,1,1,1,0,0,1,1,0,0,0,0,0,1
0.00168806,1,0,1,1,1,1,1,1,1,1,0,0,0,0,0,1
0.00168808,1,0,0,1,1,1,0,0,1,1,0,0,0,0,0,1
0.00168812,1,0,0,1,1,1,1,1,1,1,0,0,0,0,0,1
0.00168814,1,0,0,1,1,1,0,0,1,1,0,0,0,0,0,1
0.0016884,1,0,0,1,1,1,0,0,1,0,0,0,0,0,0,0
0.00168842,1,0,0,1,1,1,0,0,1,0,0,1,1,1,0,0
0.00168894,1,1,1,1,1,1,1,1,1,0,0,1,1,1,0,0
0.00168896,0,0,1,0,0,0,1,0,1,0,0,1,1,1,0,0
0.00168902,0,0,1,0,0,0,1,1,1,0,0,1,1,1,0,0
0.00168904,0,0,1,0,0,0,1,0,1,0,0,1,1,1,0,0
0.0016899,1,1,1,0,0,0,1,0,1,0,0,1,1,1,0,0
0.00168992,1,1,1,1,1,0,0,0,1,0,0,1,1,1,0,0
0.00168994,1,1,0,1,0,0,0,0,1,0,0,1,1,1,0,0
0.00169092,1,1,0,1,0,1,1,1,1,0,0,1,1,1,0,0
0.00169094,1,1,0,1,1,1,1,1,1,0,0,1,1,1,0,0
0.00169098,1,1,1,1,1,1,1,1,1,0,0,1,1,1,0,0
0.00169188,0,0,0,1,0,0,0,0,1,0,0,1,1,1,0,0
0.0016919,1,1,1,1,1,1,1,1,1,0,0,1,1,1,0,0
0.00169194,0,1,1,1,1,1,1,1,1,0,0,1,1,1,0,0
0.00169196,1,1,1,1,1,1,1,0,1,0,0,1,1,1,0,0
0.00169198,0,1,1,1,1,1,1,0,1,0,0,1,1,1,0,0
0.001692,0,0,1,0,1,0,0,0,1,0,0,1,1,1,0,0
0.00169232,0,0,1,0,1,0,0,0,0,0,1,0,1,0,0,0
0.00169284,1,1,1,0,1,0,0,0,0,0,1,0,1,0,0,0
0.00169286,1,1,1,1,1,1,1,1,0,0,1,0,1,0,0,0
0.00169388,0,0,0,0,0,0,0,1,0,0,1,0,1,0,0,0
0.00169394,1,1,1,1,0,1,0,1,0,0,1,0,1,0,0,0
0.00169396,0,0,0,0,0,0,0,1,0,0,1,0,1,0,0,0
0.00169482,1,1,1,1,1,0,1,1,0,0,1,0,1,0,0,0
0.00169484,1,1,1,1,1,1,1,1,0,0,1,0,1,0,0,0
0.00169486,0,0,1,0,1,0,0,0,0,0,1,0,1,0,0,0
0.0016949,1,0,1,1,1,1,0,0,0,0,1,0,1,0,0,0
0.00169492,1,1,1,1,1,1,1,0,0,0,1,0,1,0,0,0
0.00169494,0,0,1,0,1,0,0,0,0,0,1,0,1,0,0,0
0.00169576,0,1,1,0,1,0,0,0,0,0,1,0,1,0,0,0
0.00169578,1,0,1,1,1,1,1,1,0,0,1,0,1,0,0,0
0.0016958,1,1,1,1,1,1,1,1,0,0,1,0,1,0,0,0
0.00169584,0,1,0,0,1,1,0,0,0,0,1,0,1,0,0,0
0.00169588,1,1,1,1,1,1,1,0,0,0,1,0,1,0,0,0
0.0016959,1,1,0,1,1,1,0,0,0,0,1,0,1,0,0,0
0.00169592,0,1,0,0,1,1,0,0,0,0,1,0,1,0,0,0
0.00169674,1,1,1,1,1,1,0,0,0,0,1,0,1,0,0,0
0.00169676,1,1,1,1,1,1,1,1,0,0,1,0,1,0,0,0
0.00169682,0,1,0,0,0,0,0,0,0,0,1,0,1,0,0,0
0.00169686,1,1,1,1,0,0,1,0,0,0,1,0,1,0,0,0
0.00169688,1,1,1,1,0,1,1,0,0,0,1,0,1,0,0,0
0.0016969,0,1,1,0,0,0,0,0,0,0,1,0,1,0,0,0
0.00169692,0,1,0,0,0,0,0,0,0,0,1,0,1,0,0,0
0.00169694,0,1,1,1,0,0,0,0,0,0,1,0,1,0,0,0
0.00169696,1,1,1,1,0,0,0,0,0,0,1,0,1,0,0,0
0.00169698,0,1,1,0,0,0,0,0,0,0,1,0,1,0,0,0
0.001697,0,1,0,0,0,0,0,0,0,0,1,0,1,0,0,0
0.00169702,0,1,1,0,0,0,0,0,0,0,1,0,1,0,0,0
0.00169708,0,1,0,0,0,0,0,0,0,0,1,0,1,0,0,0
0.0016971,0,1,1,0,0,0,0,0,0,0,1,0,1,0,0,0
0.00169714,0,1,0,0,0,0,0,0,0,0,1,0,1,0,0,0
0.00169718,0,1,1,0,0,0,0,0,0,0,1,0,1,0,0,0
0.00169722,0,1,0,0,0,0,0,0,0,0,1,0,1,0,0,0
0.00169772,1,1,1,0,0,0,0,0,0,0,1,0,1,0,0,0
0.00169774,1,1,1,1,1,0,1,1,0,0,1,0,1,0,0,0
0.00169776,1,1,1,1,1,1,1,1,0,0,1,0,1,0,0,0
0.00169778,1,1,1,0,0,1,0,1,0,0,1,0,1,0,0,0
0.0016978,1,1,1,0,0,0,0,1,0,0,1,0,1,0,0,0
0.00169782,1,1,1,1,0,1,1,1,0,0,1,0,1,0,0,0
0.00169786,1,1,1,0,0,0,0,1,0,0,1,0,1,0,0,0
0.00169816,1,1,1,0,0,0,0,1,0,0,1,0,0,0,0,0
0.00169818,1,1,1,0,0,0,0,1,1,1,1,0,0,0,0,1
0.00169872,1,1,1,1,1,1,1,1,1,1,1,0,0,0,0,1
0.00169874,0,1,1,1,1,1,1,1,1,1,1,0,0,0,0,1
0.00169876,0,1,0,0,1,1,0,0,1,1,1,0,0,0,0,1
0.0016988,0,1,0,1,1,1,0,0,1,1,1,0,0,0,0,1
0.00169882,0,1,0,0,1,1,0,0,1,1,1,0,0,0,0,1
0.0016997,1,1,1,1,0,0,0,1,1,1,1,0,0,0,0,1
0.00169972,0,1,0,0,0,0,0,0,1,1,1,0,0,0,0,1
0.00169974,1,1,1,1,1,1,1,1,1,1,1,0,0,0,0,1
0.00169978,1,1,0,0,0,1,0,0,1,1,1,0,0,0,0,1
0.00169982,0,1,0,0,0,1,1,0,1,1,1,0,0,0,0,1
0.00169984,0,1,1,0,0,1,0,0,1,1,1,0,0,0,0,1
0.00169986,0,1,0,0,0,1,0,0,1,1,1,0,0,0,0,1
0.00170012,0,1,0,0,0,1,0,0,0,1,0,0,0,0,0,0
0.00170014,0,1,0,0,0,1,0,0,0,1,0,0,0,1,0,0
0.00170066,0,1,1,1,1,1,1,1,0,1,0,0,0,1,0,0
0.00170068,1,1,1,1,1,1,1,1,0,1,0,0,0,1,0,0
0.00170072,0,0,0,0,1,0,1,0,0,1,0,0,0,1,0,0
0.00170076,0,0,1,0,1,0,1,0,0,1,0,0,0,1,0,0
0.00170078,1,0,1,1,1,1,1,1,0,1,0,0,0,1,0,0
0.0017008,0,0,0,0,1,0,1,0,0,1,0,0,0,1,0,0
0.00170084,0,0,1,0,1,0,1,0,0,1,0,0,0,1,0,0
0.00170088,0,0,0,0,1,0,1,0,0,1,0,0,0,1,0,0
0.00170162,1,1,1,1,1,0,1,0,0,1,0,0,0,1,0,0
0.00170164,1,1,1,1,1,1,1,1,0,1,0,0,0,1,0,0
0.0017017,0,0,0,0,0,0,0,1,0,1,0,0,0,1,0,0
0.00170174,0,1,1,1,0,1,0,1,0,1,0,0,0,1,0,0
0.00170176,1,1,1,1,0,1,1,1,0,1,0,0,0,1,0,0
0.00170178,0,0,1,0,0,0,0,1,0,1,0,0,0,1,0,0
0.0017018,0,0,0,0,0,0,0,1,0,1,0,0,0,1,0,0
0.00170182,0,0,1,0,0,0,0,1,0,1,0,0,0,1,0,0
0.00170184,0,0,1,1,0,0,0,1,0,1,0,0,0,1,0,0
0.00170186,0,0,1,0,0,0,0,1,0,1,0,0,0,1,0,0
0.00170188,0,0,0,0,0,0,0,1,0,1,0,0,0,1,0,0
0.00170192,0,0,1,0,0,0,0,1,0,1,0,0,0,1,0,0
0.00170194,0,0,0,0,0,0,0,1,0,1,0,0,0,1,0,0
0.00170208,0,0,1,0,0,0,0,1,0,1,0,0,0,1,0,0
0.0017021,0,0,0,0,0,0,0,1,0,1,0,0,0,1,0,0
0.0017026,0,1,0,1,1,1,0,1,0,1,0,0,0,1,0,0
0.00170262,1,1,1,1,1,1,0,0,0,1,0,0,0,1,0,0
0.00170264,0,1,0,0,1,1,0,0,0,1,0,0,0,1,0,0
0.00170364,1,1,1,1,1,1,1,1,0,1,0,0,0,1,0,0
0.0017037,0,0,0,1,0,0,0,1,0,1,0,0,0,1,0,0
0.00170374,1,1,1,1,0,1,1,1,0,1,0,0,0,1,0,0
0.00170378,0,0,1,1,0,0,0,1,0,1,0,0,0,1,0,0
0.0017038,0,0,0,1,0,0,0,1,0,1,0,0,0,1,0,0
0.00170382,0,0,1,1,0,0,0,1,0,1,0,0,0,1,0,0
0.00170396,0,0,0,1,0,0,0,1,0,1,0,0,0,1,0,0
0.00170398,0,0,1,1,0,0,0,1,0,1,0,0,0,1,0,0
0.00170402,0,0,1,1,0,0,0,1,0,0,0,0,0,0,0,0
0.00170404,0,0,0,1,0,0,0,1,0,0,0,1,0,0,0,1
0.00170408,0,0,1,1,0,0,0,1,0,0,0,1,0,0,0,1
0.0017041,0,0,1,1,0,0,0,1,0,0,0,1,0,0,0,0
0.00170412,0,0,1,1,0,0,0,1,0,0,0,1,0,0,0,1
0.00170414,0,0,0,1,0,0,0,1,0,0,0,1,0,0,0,1
0.00170416,0,0,1,1,0,0,0,1,0,0,0,1,0,0,0,1
0.00170418,0,0,0,1,0,0,0,1,0,0,0,1,0,0,0,1
0.00170424,0,0,1,1,0,0,0,1,0,0,0,1,0,0,0,1
0.00170426,0,0,0,1,0,0,0,1,0,0,0,1,0,0,0,1
0.00170458,1,1,1,1,1,1,1,1,0,0,0,1,0,0,0,1
0.00170462,1,1,1,0,1,1,1,0,0,0,0,1,0,0,0,1
0.00170464,0,1,0,0,0,0,0,0,0,0,0,1,0,0,0,1
0.00170466,0,1,1,0,0,1,0,0,0,0,0,1,0,0,0,1
0.00170468,1,1,1,1,1,1,1,0,0,0,0,1,0,0,0,1
0.0017047,1,1,1,0,0,1,1,0,0,0,0,1,0,0,0,1
0.00170472,0,1,0,0,0,0,0,0,0,0,0,1,0,0,0,1
0.00170474,0,1,1,0,0,1,0,0,0,0,0,1,0,0,0,1
0.00170476,1,1,1,0,0,1,1,0,0,0,0,1,0,0,0,1
0.00170478,1,1,1,0,0,1,0,0,0,0,0,1,0,0,0,1
0.0017048,0,1,1,0,0,1,0,0,0,0,0,1,0,0,0,1
0.00170482,1,1,1,0,0,1,0,0,0,0,0,1,0,0,0,1
0.00170486,0,1,1,0,0,1,0,0,0,0,0,1,0,0,0,1
0.00170488,1,1,1,0,0,1,0,0,0,0,0,1,0,0,0,1
0.00170492,0,1,1,0,0,1,0,0,0,0,0,1,0,0,0,1
0.00170496,0,1,1,0,0,0,0,0,0,0,0,1,0,0,0,1
0.00170498,1,1,1,0,0,1,0,0,0,0,0,1,0,0,0,1
0.001705,0,1,1,0,0,0,0,0,0,0,0,1,0,0,0,1
0.00170502,1,1,1,0,0,1,0,0,0,0,0,1,0,0,0,1
0.00170504,0,1,1,0,0,1,0,0,0,0,0,1,0,0,0,1
0.0017051,0,1,1,0,0,0,0,0,0,0,0,1,0,0,0,1
0.00170518,0,1,1,0,0,1,0,0,0,0,0,1,0,0,0,1
0.0017052,0,1,1,0,0,0,0,0,0,0,0,1,0,0,0,1
0.00170546,0,1,0,0,0,0,0,0,0,0,0,1,0,0,0,1
0.0017055,0,1,1,0,0,0,0,0,0,0,0,1,0,0,0,1
0.00170554,0,1,0,0,0,0,0,0,0,0,0,1,0,0,0,1
0.00170556,0,1,1,0,0,0,0,0,0,0,0,1,0,0,0,1
0.00170558,0,1,0,0,0,0,0,0,0,0,0,1,0,0,0,1
0.0017056,1,1,0,0,1,1,0,0,0,0,0,1,0,0,0,1
0.00170562,1,1,1,1,1,1,1,1,0,0,0,1,0,0,0,1
0.00170566,0,1,0,0,0,1,0,0,0,0,0,1,0,0,0,1
0.0017057,1,1,1,1,1,1,1,1,0,0,0,1,0,0,0,1
0.00170572,0,1,1,0,0,1,0,0,0,0,0,1,0,0,0,1
0.00170574,0,1,0,0,0,1,0,0,0,0,0,1,0,0,0,1
0.00170578,0,1,1,0,0,1,0,0,0,0,0,1,0,0,0,1
0.0017058,0,1,0,0,0,1,0,0,0,0,0,1,0,0,0,1
0.00170598,0,1,0,0,0,1,0,0,0,0,0,0,0,1,0,0
0.001706,0,1,0,0,0,1,0,0,0,1,0,0,0,1,0,0
0.0017065,0,1,1,0,0,1,0,0,0,1,0,0,0,1,0,0
0.00170652,1,1,1,1,1,1,1,0,0,1,0,0,0,1,0,0
0.00170654,1,1,1,1,1,1,1,1,0,1,0,0,0,1,0,0
0.00170658,1,0,0,0,1,0,1,0,0,1,0,0,0,1,0,0
0.00170662,1,0,1,1,1,0,1,0,0,1,0,0,0,1,0,0
0.00170664,1,0,1,1,1,1,1,0,0,1,0,0,0,1,0,0
0.00170666,1,0,0,0,1,0,1,0,0,1,0,0,0,1,0,0
0.00170748,1,1,1,1,1,0,1,0,0,1,0,0,0,1,0,0
0.0017075,1,1,1,1,1,1,1,1,0,1,0,0,0,1,0,0
0.00170756,0,0,0,0,0,0,0,1,0,1,0,0,0,1,0,0
0.0017076,0,1,1,1,0,1,0,1,0,1,0,0,0,1,0,0
0.00170762,1,1,1,1,0,1,0,1,0,1,0,0,0,1,0,0
0.00170764,0,0,1,0,0,0,0,1,0,1,0,0,0,1,0,0
0.00170766,0,0,0,0,0,0,0,1,0,1,0,0,0,1,0,0
0.00170768,0,0,1,0,0,0,0,1,0,1,0,0,0,1,0,0
0.00170772,0,0,0,0,0,0,0,1,0,1,0,0,0,1,0,0
0.00170846,1,1,1,0,0,0,0,1,0,1,0,0,0,1,0,0
0.00170848,1,1,1,1,0,1,0,0,0,1,0,0,0,1,0,0
0.0017085,0,1,0,0,0,0,0,0,0,1,0,0,0,1,0,0
0.00170854,0,1,1,0,0,0,0,0,0,1,0,0,0,1,0,0
0.00170856,0,1,0,0,0,0,0,0,0,1,0,0,0,1,0,0
0.0017095,1,1,1,1,1,1,1,1,0,1,0,0,0,1,0,0
0.00170956,0,0,1,0,1,0,0,0,0,1,0,0,0,1,0,0
0.0017096,1,1,1,1,1,1,1,0,0,1,0,0,0,1,0,0
0.00170962,1,0,1,1,1,1,0,0,0,1,0,0,0,1,0,0
0.00170964,0,0,1,0,1,0,0,0,0,1,0,0,0,1,0,0
0.00170968,1,0,1,1,1,0,0,0,0,1,0,0,0,1,0,0
0.0017097,0,0,1,0,1,0,0,0,0,1,0,0,0,1,0,0
0.00170988,0,0,1,0,1,0,0,0,0,0,0,0,0,0,0,0
0.0017099,0,0,1,0,1,0,0,0,0,0,1,0,1,0,0,0
0.0017104,1,1,1,0,1,0,0,0,0,0,1,0,1,0,0,0
0.00171042,1,1,1,1,1,1,1,1,0,0,1,0,1,0,0,0
0.00171146,0,0,0,0,0,0,0,1,0,0,1,0,1,0,0,0
0.0017115,1,1,1,1,0,1,1,1,0,0,1,0,1,0,0,0
0.00171154,0,0,0,1,0,0,0,1,0,0,1,0,1,0,0,0
0.00171156,0,0,0,0,0,0,0,1,0,0,1,0,1,0,0,0
0.00171158,1,0,1,1,0,1,0,1,0,0,1,0,1,0,0,0
0.00171162,0,0,0,1,0,0,0,1,0,0,1,0,1,0,0,0
0.00171164,0,0,0,0,0,0,0,1,0,0,1,0,1,0,0,0
0.00171166,0,0,0,1,0,0,0,1,0,0,1,0,1,0,0,0
0.00171172,0,0,0,0,0,0,0,1,0,0,1,0,1,0,0,0
0.00171174,0,0,0,1,0,0,0,1,0,0,1,0,1,0,0,0
0.0017118,0,0,0,0,0,0,0,1,0,0,1,0,1,0,0,0
0.00171182,0,0,0,1,0,0,0,1,0,0,1,0,1,0,0,0
0.00171184,0,0,1,1,0,0,0,1,0,0,1,0,1,0,0,0
0.00171186,0,0,0,1,0,0,0,1,0,0,1,0,1,0,0,0
0.00171188,0,0,0,0,0,0,0,1,0,0,1,0,1,0,0,0
0.0017119,0,0,0,1,0,0,0,1,0,0,1,0,1,0,0,0
0.00171196,0,0,1,1,0,0,0,1,0,0,1,0,1,0,0,0
0.00171198,0,0,0,0,0,0,0,1,0,0,1,0,1,0,0,0
0.00171236,1,1,1,1,0,0,0,1,0,0,1,0,1,0,0,0
0.00171238,1,1,1,1,1,1,1,1,0,0,1,0,1,0,0,0
0.00171244,0,1,0,1,1,1,0,0,0,0,1,0,1,0,0,0
0.00171248,1,1,1,1,1,1,1,0,0,0,1,0,1,0,0,0
0.00171252,0,1,0,1,1,1,0,0,0,0,1,0,1,0,0,0
0.00171256,1,1,1,1,1,1,0,0,0,0,1,0,1,0,0,0
0.00171258,0,1,0,1,1,1,0,0,0,0,1,0,1,0,0,0
0.00171282,0,1,0,1,1,1,0,0,0,1,0,1,1,1,0,0
0.00171336,1,1,1,1,1,1,1,1,0,1,0,1,1,1,0,0
0.0017134,1,0,1,0,1,0,1,1,0,1,0,1,1,1,0,0
0.00171342,0,0,0,0,1,0,1,0,0,1,0,1,1,1,0,0
0.00171344,0,0,1,0,1,0,1,0,0,1,0,1,1,1,0,0
0.00171346,1,1,1,1,1,1,1,0,0,1,0,1,1,1,0,0
0.00171348,1,0,1,0,1,0,1,0,0,1,0,1,1,1,0,0
0.0017135,0,0,0,0,1,0,1,0,0,1,0,1,1,1,0,0
0.00171352,0,0,1,0,1,0,1,0,0,1,0,1,1,1,0,0
0.00171354,1,0,1,0,1,0,1,0,0,1,0,1,1,1,0,0
0.00171356,0,0,1,0,1,0,1,0,0,1,0,1,1,1,0,0
0.00171358,0,0,0,0,1,0,1,0,0,1,0,1,1,1,0,0
0.00171362,0,0,1,0,1,0,1,0,0,1,0,1,1,1,0,0
0.00171366,0,0,0,0,1,0,1,0,0,1,0,1,1,1,0,0
0.0017137,0,0,1,0,1,0,1,0,0,1,0,1,1,1,0,0
0.00171372,0,0,0,0,1,0,1,0,0,1,0,1,1,1,0,0
0.0017138,0,0,1,0,1,0,1,0,0,1,0,1,1,1,0,0
0.00171382,0,0,0,0,1,0,1,0,0,1,0,1,1,1,0,0
0.00171432,1,1,1,1,1,0,1,0,0,1,0,1,1,1,0,0
0.00171434,1,1,1,1,1,1,1,1,0,1,0,1,1,1,0,0
0.0017144,0,0,0,0,0,0,0,1,0,1,0,1,1,1,0,0
0.00171444,1,1,1,1,0,1,0,1,0,1,0,1,1,1,0,0
0.00171448,0,0,0,0,0,0,0,1,0,1,0,1,1,1,0,0
0.00171452,1,1,1,1,0,1,0,1,0,1,0,1,1,1,0,0
0.00171454,1,0,1,1,0,0,0,1,0,1,0,1,1,1,0,0
0.00171456,0,0,1,0,0,0,0,1,0,1,0,1,1,1,0,0
0.0017146,0,0,1,1,0,0,0,1,0,1,0,1,1,1,0,0
0.00171464,0,0,1,0,0,0,0,1,0,1,0,1,1,1,0,0
0.00171474,0,0,1,1,0,0,0,1,0,1,0,1,1,1,0,0
0.00171476,0,0,1,0,0,0,0,1,0,1,0,1,1,1,0,0
0.00171498,0,0,0,0,0,0,0,1,0,1,0,1,1,1,0,0
0.001715,0,0,1,0,0,0,0,1,0,1,0,1,1,1,0,0
0.00171502,0,0,0,0,0,0,0,1,0,1,0,1,1,1,0,0
0.0017153,1,1,1,1,0,0,0,1,0,1,0,1,1,1,0,0
0.00171532,1,1,1,1,1,1,1,1,0,1,0,1,1,1,0,0
0.00171536,0,1,1,0,1,1,1,0,0,1,0,1,1,1,0,0
0.00171538,0,1,0,0,1,1,0,0,0,1,0,1,1,1,0,0
0.00171542,1,1,1,1,1,1,0,0,0,1,0,1,1,1,0,0
0.00171546,0,1,0,0,1,1,0,0,0,1,0,1,1,1,0,0
0.00171548,0,1,1,0,1,1,0,0,0,1,0,1,1,1,0,0
0.0017155,1,1,1,1,1,1,0,0,0,1,0,1,1,1,0,0
0.00171552,0,1,1,0,1,1,0,0,0,1,0,1,1,1,0,0
0.00171554,0,1,0,0,1,1,0,0,0,1,0,1,1,1,0,0
0.00171556,0,1,1,0,1,1,0,0,0,1,0,1,1,1,0,0
0.0017156,0,1,0,0,1,1,0,0,0,1,0,1,1,1,0,0
0.00171564,0,1,1,0,1,1,0,0,0,1,0,1,1,1,0,0
0.00171566,0,1,0,0,1,1,0,0,0,1,0,1,1,1,0,0
0.00171626,0,1,1,0,1,1,0,0,0,1,0,1,1,1,0,0
0.00171628,1,1,1,1,1,1,0,0,0,1,0,1,1,1,0,0
0.0017163,0,1,0,0,1,1,0,0,0,1,0,1,1,1,0,0
0.00171634,1,1,0,0,1,1,1,0,0,1,0,1,1,1,0,0
0.00171636,1,0,1,1,1,0,1,0,0,1,0,1,1,1,0,0
0.00171638,1,0,0,0,1,0,1,0,0,1,0,1,1,1,0,0
0.0017164,1,0,1,1,1,0,1,0,0,1,0,1,1,1,0,0
0.00171644,1,0,0,0,1,0,1,0,0,1,0,1,1,1,0,0
0.00171724,1,0,0,1,1,0,1,0,0,1,0,1,1,1,0,0
0.00171726,1,1,1,0,1,0,1,0,0,1,0,1,1,1,0,0
0.00171728,1,1,1,1,1,1,1,1,0,1,0,1,1,1,0,0
0.00171732,0,0,0,0,0,0,0,1,0,1,0,1,1,1,0,0
0.00171736,0,0,1,0,0,1,0,1,0,1,0,1,1,1,0,0
0.00171738,1,1,1,1,0,1,1,1,0,1,0,1,1,1,0,0
0.0017174,1,0,1,1,0,1,0,1,0,1,0,1,1,1,0,0
0.00171742,0,0,0,0,0,0,0,1,0,1,0,1,1,1,0,0
0.00171744,0,0,1,0,0,0,0,1,0,1,0,1,1,1,0,0
0.00171746,0,0,1,1,0,0,0,1,0,1,0,1,1,1,0,0
0.0017175,0,0,0,0,0,0,0,1,0,1,0,1,1,1,0,0
0.00171752,0,0,1,0,0,0,0,1,0,1,0,1,1,1,0,0
0.00171754,0,0,1,1,0,0,0,1,0,1,0,1,1,1,0,0
0.00171756,0,0,1,0,0,0,0,1,0,1,0,1,1,1,0,0
0.00171774,0,0,0,0,0,0,0,1,0,1,0,1,1,1,0,0
0.00171822,1,0,1,1,0,0,0,1,0,1,0,1,1,1,0,0
0.00171824,1,0,0,1,1,0,1,1,0,1,0,1,1,1,0,0
0.00171826,1,0,1,1,1,1,1,1,0,1,0,1,1,1,0,0
0.00171828,1,1,1,1,1,1,1,0,0,1,0,1,1,1,0,0
0.0017183,0,1,0,0,0,0,0,0,0,1,0,1,1,1,0,0
0.00171834,1,1,1,1,1,1,1,0,0,1,0,1,1,1,0,0
0.00171836,1,1,1,1,0,1,1,0,0,1,0,1,1,1,0,0
0.00171838,0,1,0,0,0,0,0,0,0,1,0,1,1,1,0,0
0.00171842,0,1,1,0,0,0,0,0,0,1,0,1,1,1,0,0
0.00171844,0,1,0,0,0,0,0,0,0,1,0,1,1,1,0,0
0.00171922,1,1,1,1,1,1,1,0,0,1,0,1,1,1,0,0
0.00171926,0,1,0,0,0,0,0,0,0,1,0,1,1,1,0,0
0.0017193,0,1,1,0,0,0,0,0,0,1,0,1,1,1,0,0
0.00171932,0,1,0,0,0,0,0,0,0,1,0,1,1,1,0,0
0.0017202,0,1,0,0,1,1,0,0,0,1,0,1,1,1,0,0
0.00172024,1,1,1,0,1,1,0,0,0,1,0,1,1,1,0,0
0.00172026,0,1,0,0,1,1,0,0,0,1,0,1,1,1,0,0
0.00172118,1,1,1,1,1,1,1,0,0,1,0,1,1,1,0,0
0.0017212,1,1,1,1,1,1,1,1,0,1,0,1,1,1,0,0
0.00172216,1,0,1,1,1,0,1,0,0,1,0,1,1,1,0,0
0.00172218,0,0,1,0,1,0,0,0,0,1,0,1,1,1,0,0
0.00172222,1,1,1,1,1,1,1,0,0,1,0,1,1,1,0,0
0.00172224,0,0,1,0,1,0,0,0,0,1,0,1,1,1,0,0
0.00172258,0,0,1,0,1,0,0,0,0,0,0,0,1,0,0,0
0.0017226,0,0,1,0,1,0,0,0,0,0,1,0,1,0,0,0
0.0017231,1,1,1,0,1,0,0,0,0,0,1,0,1,0,0,0
0.00172312,1,1,1,1,1,1,1,1,0,0,1,0,1,0,0,0
0.00172416,0,0,0,0,0,0,0,1,0,0,1,0,1,0,0,0
0.0017242,1,1,0,1,0,1,0,1,0,0,1,0,1,0,0,0
0.00172422,1,1,1,1,0,1,1,1,0,0,1,0,1,0,0,0
0.00172424,0,0,0,0,0,0,0,1,0,0,1,0,1,0,0,0
0.00172428,0,0,0,1,0,1,0,1,0,0,1,0,1,0,0,0
0.00172432,0,0,0,0,0,0,0,1,0,0,1,0,1,0,0,0
0.00172506,1,1,1,1,1,0,0,1,0,0,1,0,1,0,0,0
0.00172508,1,1,1,1,1,1,1,1,0,0,1,0,1,0,0,0
0.00172512,1,1,1,1,1,1,1,0,0,0,1,0,1,0,0,0
0.00172514,0,1,0,0,1,0,0,0,0,0,1,0,1,0,0,0
0.00172516,0,1,0,0,1,1,0,0,0,0,1,0,1,0,0,0
0.00172518,1,1,1,1,1,1,1,0,0,0,1,0,1,0,0,0
0.0017252,1,1,1,1,1,0,0,0,0,0,1,0,1,0,0,0
0.00172522,0,1,0,0,1,0,0,0,0,0,1,0,1,0,0,0
0.00172524,0,1,1,0,1,0,0,0,0,0,1,0,1,0,0,0
0.00172526,1,1,1,1,1,1,0,0,0,0,1,0,1,0,0,0
0.00172528,0,1,1,0,1,0,0,0,0,0,1,0,1,0,0,0
0.0017253,0,1,0,0,1,0,0,0,0,0,1,0,1,0,0,0
0.00172534,0,1,1,0,1,0,0,0,0,0,1,0,1,0,0,0
0.00172536,0,1,0,0,1,0,0,0,0,0,1,0,1,0,0,0
0.0017255,0,1,0,0,1,0,0,0,0,0,0,0,1,0,0,0
0.00172552,0,1,0,0,1,0,0,0,0,1,0,0,1,0,0,0
0.00172558,0,1,0,0,1,0,0,0,0,1,0,0,0,0,0,0
0.0017256,0,1,0,0,1,0,0,0,0,1,0,0,1,0,0,0
0.00172604,1,1,1,1,1,0,0,0,0,1,0,0,1,0,0,0
0.00172606,1,1,1,1,1,1,1,1,0,1,0,0,1,0,0,0
0.0017261,1,1,1,1,0,1,1,1,0,1,0,0,1,0,0,0
0.00172612,1,0,0,0,0,0,0,0,0,1,0,0,1,0,0,0
0.00172614,1,0,1,0,0,0,0,0,0,1,0,0,1,0,0,0
0.00172616,1,1,1,1,0,1,1,0,0,1,0,0,1,0,0,0
0.0017262,1,0,0,0,0,0,0,0,0,1,0,0,1,0,0,0
0.00172622,1,0,1,0,0,0,0,0,0,1,0,0,1,0,0,0
0.00172624,1,1,1,1,0,1,1,0,0,1,0,0,1,0,0,0
0.00172626,1,1,1,1,0,1,0,0,0,1,0,0,1,0,0,0
0.00172628,1,0,1,1,0,0,0,0,0,1,0,0,1,0,0,0
0.00172632,1,1,1,1,0,1,0,0,0,1,0,0,1,0,0,0
0.00172636,1,0,1,1,0,0,0,0,0,1,0,0,1,0,0,0
0.0017264,1,0,1,1,0,1,0,0,0,1,0,0,1,0,0,0
0.00172644,1,0,1,1,0,0,0,0,0,1,0,0,1,0,0,0
0.00172646,1,0,1,1,0,1,0,0,0,1,0,0,1,0,0,0
0.00172648,1,0,1,1,0,0,0,0,0,1,0,0,1,0,0,0
0.0017265,1,1,1,1,0,1,0,0,0,1,0,0,1,0,0,0
0.00172652,1,0,1,0,0,0,0,0,0,1,0,0,1,0,0,0
0.00172654,1,0,1,1,0,0,0,0,0,1,0,0,1,0,0,0
0.00172662,1,0,1,0,0,0,0,0,0,1,0,0,1,0,0,0
0.00172668,1,0,1,1,0,0,0,0,0,1,0,0,1,0,0,0
0.0017267,1,0,1,0,0,0,0,0,0,1,0,0,1,0,0,0
0.00172694,1,0,0,0,0,0,0,0,0,1,0,0,1,0,0,0
0.00172702,1,0,1,0,1,0,0,0,0,1,0,0,1,0,0,0
0.00172704,1,1,1,1,1,1,1,1,0,1,0,0,1,0,0,0
0.00172708,1,0,0,0,1,0,0,0,0,1,0,0,1,0,0,0
0.00172712,1,1,1,1,1,1,1,1,0,1,0,0,1,0,0,0
0.00172714,1,1,1,1,1,1,1,0,0,1,0,0,1,0,0,0
0.00172716,1,0,0,0,1,0,0,0,0,1,0,0,1,0,0,0
0.0017272,1,1,1,1,1,1,0,0,0,1,0,0,1,0,0,0
0.00172724,1,0,0,0,1,0,0,0,0,1,0,0,1,0,0,0
0.00172726,1,0,1,0,1,0,0,0,0,1,0,0,1,0,0,0
0.00172728,1,0,1,1,1,0,0,0,0,1,0,0,1,0,0,0
0.00172732,1,0,1,0,1,0,0,0,0,1,0,0,1,0,0,0
0.00172736,1,0,1,1,1,0,0,0,0,1,0,0,1,0,0,0
0.00172738,1,0,1,0,1,0,0,0,0,1,0,0,1,0,0,0
0.00172742,1,0,0,0,1,0,0,0,0,1,0,0,1,0,0,0
0.00172744,1,0,1,0,1,0,0,0,0,1,0,0,1,0,0,0
0.00172746,1,0,1,0,1,0,0,0,0,0,0,0,1,0,0,0
0.00172748,1,0,0,0,1,0,0,0,1,0,0,0,1,0,0,0
0.00172752,1,0,1,1,1,0,0,0,1,0,0,0,1,0,0,0
0.00172754,1,0,0,0,1,0,0,0,1,0,0,0,1,0,0,0
0.00172758,1,0,1,0,1,0,0,0,1,0,0,0,1,0,0,0
0.00172762,1,0,0,0,1,0,0,0,1,0,0,0,1,0,0,0
0.00172798,1,1,1,1,1,0,0,0,1,0,0,0,1,0,0,0
0.001728,1,1,1,1,1,1,1,1,1,0,0,0,1,0,0,0
0.00172806,0,1,0,0,0,0,0,0,1,0,0,0,1,0,0,0
0.0017281,0,1,1,1,0,1,0,0,1,0,0,0,1,0,0,0
0.00172812,1,1,1,1,0,1,1,1,1,0,0,0,1,0,0,0
0.00172814,0,1,1,1,0,1,1,0,1,0,0,0,1,0,0,0
0.00172816,0,1,0,0,0,0,0,0,1,0,0,0,1,0,0,0
0.00172818,0,1,1,1,0,0,0,0,1,0,0,0,1,0,0,0
0.0017282,0,1,1,1,0,1,0,0,1,0,0,0,1,0,0,0
0.00172822,0,1,1,1,0,0,0,0,1,0,0,0,1,0,0,0
0.00172838,0,1,1,0,0,0,0,0,1,0,0,0,1,0,0,0
0.0017284,0,1,1,1,0,0,0,0,1,0,0,0,1,0,0,0
0.00172842,0,1,1,0,0,0,0,0,1,0,0,0,1,0,0,0
0.00172846,0,1,1,1,0,0,0,0,1,0,0,0,1,0,0,0
0.00172848,0,1,1,0,0,0,0,0,1,0,0,0,1,0,0,0
0.00172882,0,1,0,0,0,0,0,0,1,0,0,0,1,0,0,0
0.00172884,0,1,1,0,0,0,0,0,1,0,0,0,1,0,0,0
0.00172886,0,1,0,0,0,0,0,0,1,0,0,0,1,0,0,0
0.0017289,0,1,1,0,0,0,0,0,1,0,0,0,1,0,0,0
0.00172892,0,1,0,0,0,0,0,0,1,0,0,0,1,0,0,0
0.00172894,0,1,1,0,0,0,0,0,1,0,0,0,1,0,0,0
0.00172896,1,1,1,1,0,0,0,0,1,0,0,0,1,0,0,0
0.00172898,1,1,1,1,1,1,1,1,1,0,0,0,1,0,0,0
0.00172904,0,1,0,0,0,0,1,0,1,0,0,0,1,0,0,0
0.00172908,1,1,1,1,0,1,1,0,1,0,0,0,1,0,0,0
0.00172912,0,1,0,0,0,0,1,0,1,0,0,0,1,0,0,0
0.00172916,0,1,1,1,0,1,1,0,1,0,0,0,1,0,0,0
0.00172918,0,1,1,1,0,0,1,0,1,0,0,0,1,0,0,0
0.0017292,0,1,1,0,0,0,1,0,1,0,0,0,1,0,0,0
0.00172924,0,1,1,1,0,0,1,0,1,0,0,0,1,0,0,0
0.00172928,0,1,1,0,0,0,1,0,1,0,0,0,1,0,0,0
0.00172942,0,1,1,0,0,0,1,0,0,1,0,0,0,0,1,0
0.00172944,0,1,0,0,0,0,1,0,0,1,0,0,0,0,1,0
0.00172946,0,1,1,0,0,0,1,0,0,1,0,0,0,0,1,0
0.00172948,0,1,1,1,0,0,1,0,0,0,0,0,0,0,0,0
0.0017295,0,1,0,0,0,0,1,0,0,1,0,0,0,0,1,0
0.00172954,0,1,1,0,0,0,1,0,0,1,0,0,0,0,1,0
0.00172958,0,1,0,0,0,0,1,0,0,1,0,0,0,0,1,0
0.00172962,0,1,1,0,0,0,1,0,0,1,0,0,0,0,1,0
0.00172964,0,1,0,0,0,0,1,0,0,1,0,0,0,0,1,0
0.00172994,1,0,1,1,0,0,0,0,0,1,0,0,0,0,1,0
0.00172996,1,0,0,0,0,1,1,0,0,1,0,0,0,0,1,0
0.00172998,1,0,1,1,0,0,0,0,0,1,0,0,0,0,1,0
0.00173,1,0,0,0,0,0,0,0,0,1,0,0,0,0,1,0
0.00173004,1,0,1,0,0,0,0,0,0,1,0,0,0,0,1,0
0.00173006,1,0,0,0,0,0,0,0,0,1,0,0,0,0,1,0
0.00173038,1,1,0,0,0,0,0,0,0,1,0,0,0,0,1,0
0.00173086,0,1,0,0,0,0,0,0,0,1,0,0,0,0,1,0
0.0017309,0,1,1,0,0,0,0,0,0,1,0,0,0,0,1,0
0.00173092,0,1,0,0,0,0,0,0,0,1,0,0,0,0,1,0
0.00173096,1,1,1,1,1,1,1,1,0,1,0,0,0,0,1,0
0.00173098,1,0,1,1,1,1,1,1,0,1,0,0,0,0,1,0
0.001731,0,0,1,0,1,0,0,0,0,1,0,0,0,0,1,0
0.00173104,1,0,1,1,1,1,1,0,0,1,0,0,0,0,1,0
0.00173106,0,0,1,0,1,0,0,0,0,1,0,0,0,0,1,0
0.00173136,0,0,1,0,1,0,0,0,0,0,0,0,0,0,0,0
0.00173138,0,0,1,0,1,0,0,0,0,0,1,0,1,0,0,0
0.00173146,1,0,1,1,1,0,0,0,0,1,1,0,1,0,0,0
0.00173148,0,0,1,0,1,0,0,0,0,0,1,0,1,0,0,0
0.00173192,1,1,1,1,1,1,1,1,0,0,1,0,1,0,0,0
0.00173196,0,0,0,0,1,0,1,0,0,0,1,0,1,0,0,0
0.001732,1,0,0,1,1,1,1,0,0,0,1,0,1,0,0,0
0.00173202,1,0,1,1,1,1,1,0,0,0,1,0,1,0,0,0
0.00173204,0,0,0,0,1,0,1,0,0,0,1,0,1,0,0,0
0.00173288,1,1,1,1,1,0,1,0,0,0,1,0,1,0,0,0
0.0017329,1,1,1,1,1,1,1,1,0,0,1,0,1,0,0,0
0.00173294,0,1,0,0,0,0,0,0,0,0,1,0,1,0,0,0
0.00173298,1,1,1,1,0,1,0,0,0,0,1,0,1,0,0,0
0.001733,1,1,1,1,0,1,1,1,0,0,1,0,1,0,0,0
0.00173302,0,1,1,0,0,0,0,0,0,0,1,0,1,0,0,0
0.00173304,0,1,0,0,0,0,0,0,0,0,1,0,1,0,0,0
0.00173306,0,1,1,0,0,0,0,0,0,0,1,0,1,0,0,0
0.00173312,0,1,0,0,0,0,0,0,0,0,1,0,1,0,0,0
0.00173384,1,1,1,1,0,0,0,0,0,0,1,0,1,0,0,0
0.00173388,1,1,1,1,1,1,1,1,0,0,1,0,1,0,0,0
0.00173392,1,1,1,0,0,0,0,1,0,0,1,0,1,0,0,0
0.00173396,1,1,1,1,0,1,1,1,0,0,1,0,1,0,0,0
0.00173398,1,1,1,0,0,0,0,1,0,0,1,0,1,0,0,0
0.0017343,1,1,1,0,0,0,0,1,1,1,1,0,0,0,0,1
0.00173484,1,1,1,1,0,1,1,1,1,1,1,0,0,0,0,1
0.00173486,1,1,1,1,1,1,1,1,1,1,1,0,0,0,0,1
0.00173488,0,0,0,1,1,1,1,1,1,1,1,0,0,0,0,1
0.0017349,0,0,0,0,1,0,1,0,1,1,1,0,0,0,0,1
0.00173494,0,0,1,1,1,1,1,0,1,1,1,0,0,0,0,1
0.00173496,0,0,0,0,1,0,1,0,1,1,1,0,0,0,0,1
0.00173582,0,1,1,0,1,0,1,0,1,1,1,0,0,0,0,1
0.00173584,0,1,0,0,0,0,0,0,1,1,1,0,0,0,0,1
0.00173586,0,1,0,1,1,1,0,0,1,1,1,0,0,0,0,1
0.00173588,1,1,1,1,1,1,1,1,1,1,1,0,0,0,0,1
0.0017359,1,1,0,1,0,1,1,1,1,1,1,0,0,0,0,1
0.00173592,0,1,0,0,0,1,0,0,1,1,1,0,0,0,0,1
0.00173596,1,1,1,1,0,1,1,1,1,1,1,0,0,0,0,1
0.00173598,0,1,0,0,0,1,0,0,1,1,1,0,0,0,0,1
0.00173624,0,1,0,0,0,1,0,0,0,1,0,0,0,0,0,0
0.00173626,0,1,0,0,0,1,0,0,0,1,0,0,0,1,0,0
0.0017368,1,1,1,0,1,1,1,0,0,1,0,0,0,1,0,0
0.00173682,1,1,1,1,1,1,1,1,0,1,0,0,0,1,0,0
0.00173684,0,0,0,0,1,0,1,0,0,1,0,0,0,1,0,0
0.0017369,0,0,1,1,1,0,1,0,0,1,0,0,0,1,0,0
0.00173692,0,0,0,0,1,0,1,0,0,1,0,0,0,1,0,0
0.00173776,1,1,1,1,1,0,1,0,0,1,0,0,0,1,0,0
0.00173778,1,1,1,1,1,1,1,1,0,1,0,0,0,1,0,0
0.00173784,0,0,0,0,0,0,0,1,0,1,0,0,0,1,0,0
0.00173788,1,0,0,0,0,0,0,1,0,1,0,0,0,1,0,0
0.00173792,0,0,0,0,0,0,0,1,0,1,0,0,0,1,0,0
0.00173874,1,1,1,1,1,1,1,0,0,1,0,0,0,1,0,0
0.00173876,0,0,0,0,1,0,1,0,0,1,0,0,0,1,0,0
0.00173976,1,0,1,1,1,0,1,0,0,1,0,0,0,1,0,0
0.00173978,1,1,1,1,1,1,1,1,0,1,0,0,0,1,0,0
0.00173982,0,0,0,1,0,0,0,1,0,1,0,0,0,1,0,0
0.00173988,1,0,1,1,0,1,1,1,0,1,0,0,0,1,0,0
0.0017399,0,0,0,1,0,0,0,1,0,1,0,0,0,1,0,0
0.00174016,0,0,0,1,0,0,0,1,0,0,0,1,0,0,0,1
0.00174068,1,1,1,1,0,0,0,1,0,0,0,1,0,0,0,1
0.0017407,1,1,1,1,1,1,1,1,0,0,0,1,0,0,0,1
0.00174076,0,1,0,0,0,0,0,0,0,0,0,1,0,0,0,1
0.0017408,1,1,1,1,1,1,1,0,0,0,0,1,0,0,0,1
0.00174084,0,1,0,0,0,0,0,0,0,0,0,1,0,0,0,1
0.00174088,1,1,1,0,0,1,1,0,0,0,0,1,0,0,0,1
0.0017409,0,1,1,0,0,1,0,0,0,0,0,1,0,0,0,1
0.00174092,0,1,1,0,0,0,0,0,0,0,0,1,0,0,0,1
0.00174096,0,1,1,0,0,1,0,0,0,0,0,1,0,0,0,1
0.001741,0,1,1,0,0,0,0,0,0,0,0,1,0,0,0,1
0.00174108,0,1,0,0,0,0,0,0,0,0,0,1,0,0,0,1
0.0017411,0,1,1,0,0,1,0,0,0,0,0,1,0,0,0,1
0.00174112,0,1,0,0,0,0,0,0,0,0,0,1,0,0,0,1
0.00174114,0,1,1,0,0,0,0,0,0,0,0,1,0,0,0,1
0.00174118,0,1,0,0,0,0,0,0,0,0,0,1,0,0,0,1
0.0017412,0,1,1,0,0,0,0,0,0,0,0,1,0,0,0,1
0.00174122,0,1,0,0,0,0,0,0,0,0,0,1,0,0,0,1
0.00174172,1,1,1,1,1,1,1,1,0,0,0,1,0,0,0,1
0.00174178,0,1,0,0,0,1,0,1,0,0,0,1,0,0,0,1
0.0017418,0,1,0,0,0,1,0,0,0,0,0,1,0,0,0,1
0.00174182,0,1,1,0,0,1,0,0,0,0,0,1,0,0,0,1
0.00174184,1,1,1,1,0,1,1,0,0,0,0,1,0,0,0,1
0.00174186,0,1,0,0,0,1,0,0,0,0,0,1,0,0,0,1
0.0017419,0,1,1,0,0,1,0,0,0,0,0,1,0,0,0,1
0.00174194,0,1,0,0,0,1,0,0,0,0,0,1,0,0,0,1
0.0017421,0,1,0,0,0,1,0,0,0,0,0,0,0,0,0,0
0.00174212,0,1,0,0,0,1,0,0,0,1,0,0,0,1,0,0
0.00174216,0,1,1,0,0,1,0,0,0,1,0,0,0,1,0,0
0.00174218,0,1,0,0,0,1,0,0,0,1,0,0,0,1,0,0
0.00174264,0,1,1,1,0,1,0,0,0,1,0,0,0,1,0,0
0.00174266,1,1,1,1,1,1,1,1,0,1,0,0,0,1,0,0
0.0017427,1,0,0,0,1,0,1,0,0,1,0,0,0,1,0,0
0.00174274,1,0,1,1,1,0,1,0,0,1,0,0,0,1,0,0
0.00174278,1,0,0,0,1,0,1,0,0,1,0,0,0,1,0,0
0.00174362,1,1,1,1,1,1,1,1,0,1,0,0,0,1,0,0
0.00174368,0,0,0,0,0,0,0,1,0,1,0,0,0,1,0,0
0.00174372,0,0,1,0,0,1,0,1,0,1,0,0,0,1,0,0
0.00174374,1,1,1,1,0,1,0,1,0,1,0,0,0,1,0,0
0.00174376,0,0,1,1,0,0,0,1,0,1,0,0,0,1,0,0
0.00174378,0,0,0,0,0,0,0,1,0,1,0,0,0,1,0,0
0.0017438,0,0,1,0,0,0,0,1,0,1,0,0,0,1,0,0
0.00174382,0,0,1,1,0,0,0,1,0,1,0,0,0,1,0,0
0.00174384,0,0,1,0,0,0,0,1,0,1,0,0,0,1,0,0
0.00174386,0,0,0,0,0,0,0,1,0,1,0,0,0,1,0,0
0.00174388,0,0,1,0,0,0,0,1,0,1,0,0,0,1,0,0
0.00174398,0,0,0,0,0,0,0,1,0,1,0,0,0,1,0,0
0.00174406,0,0,1,0,0,0,0,1,0,1,0,0,0,1,0,0
0.00174408,0,0,0,0,0,0,0,1,0,1,0,0,0,1,0,0
0.00174458,1,1,1,1,0,0,0,1,0,1,0,0,0,1,0,0
0.0017446,1,1,1,1,1,1,1,0,0,1,0,0,0,1,0,0
0.00174462,0,1,0,0,0,0,0,0,0,1,0,0,0,1,0,0
0.00174466,1,1,1,1,0,1,0,0,0,1,0,0,0,1,0,0
0.00174468,1,1,1,1,0,0,0,0,0,1,0,0,0,1,0,0
0.0017447,0,1,0,0,0,0,0,0,0,1,0,0,0,1,0,0
0.00174562,1,1,1,1,1,1,1,0,0,1,0,0,0,1,0,0
0.00174564,1,1,1,1,1,1,1,1,0,1,0,0,0,1,0,0
0.00174568,0,0,1,0,1,0,0,0,0,1,0,0,0,1,0,0
0.00174572,1,0,1,1,1,1,1,0,0,1,0,0,0,1,0,0
0.00174574,1,1,1,1,1,1,1,0,0,1,0,0,0,1,0,0
0.00174576,0,0,1,0,1,0,0,0,0,1,0,0,0,1,0,0
0.0017458,1,0,1,1,1,0,0,0,0,1,0,0,0,1,0,0
0.00174582,0,0,1,0,1,0,0,0,0,1,0,0,0,1,0,0
0.001746,0,0,1,0,1,0,0,0,0,0,0,0,0,0,0,0
0.00174602,0,0,1,0,1,0,0,0,0,0,1,0,1,0,0,0
0.00174654,1,1,1,0,1,0,0,0,0,0,1,0,1,0,0,0
0.00174656,1,1,1,1,1,1,1,1,0,0,1,0,1,0,0,0
0.00174758,0,0,0,0,0,0,0,1,0,0,1,0,1,0,0,0
0.00174762,1,1,0,1,0,1,1,1,0,0,1,0,1,0,0,0
0.00174764,1,1,1,1,0,1,1,1,0,0,1,0,1,0,0,0
0.00174766,1,0,1,1,0,1,1,1,0,0,1,0,1,0,0,0
0.00174768,0,0,0,0,0,0,0,1,0,0,1,0,1,0,0,0
0.0017477,0,0,1,1,0,0,0,1,0,0,1,0,1,0,0,0
0.00174772,1,0,1,1,0,1,0,1,0,0,1,0,1,0,0,0
0.00174774,1,0,1,1,0,0,0,1,0,0,1,0,1,0,0,0
0.00174776,0,0,0,0,0,0,0,1,0,0,1,0,1,0,0,0
0.00174778,0,0,0,1,0,0,0,1,0,0,1,0,1,0,0,0
0.0017478,0,0,1,1,0,0,0,1,0,0,1,0,1,0,0,0
0.0017479,0,0,0,1,0,0,0,1,0,0,1,0,1,0,0,0
0.00174794,0,0,1,1,0,0,0,1,0,0,1,0,1,0,0,0
0.001748,0,0,0,0,0,0,0,1,0,0,1,0,1,0,0,0
0.00174802,0,0,1,1,0,0,0,1,0,0,1,0,1,0,0,0
0.00174806,0,0,0,1,0,0,0,1,0,0,1,0,1,0,0,0
0.00174808,0,0,0,0,0,0,0,1,0,0,1,0,1,0,0,0
0.0017481,0,0,1,1,0,0,0,1,0,0,1,0,1,0,0,0
0.00174812,0,0,0,0,0,0,0,1,0,0,1,0,1,0,0,0
0.00174814,0,0,1,0,0,0,0,1,0,0,1,0,1,0,0,0
0.00174816,0,0,0,0,0,0,0,1,0,0,1,0,1,0,0,0
0.00174818,0,0,0,1,0,0,0,1,0,0,1,0,1,0,0,0
0.0017482,0,0,0,0,0,0,0,1,0,0,1,0,1,0,0,0
0.00174824,0,0,1,0,0,0,0,1,0,0,1,0,1,0,0,0
0.00174826,0,0,0,0,0,0,0,1,0,0,1,0,1,0,0,0
0.0017484,0,0,1,0,0,0,0,1,0,0,1,0,1,0,0,0
0.00174842,0,0,0,0,0,0,0,1,0,0,1,0,1,0,0,0
0.00174848,1,1,1,1,0,0,0,1,0,0,1,0,1,0,0,0
0.0017485,1,1,1,1,1,1,1,1,0,0,1,0,1,0,0,0
0.00174856,1,1,0,1,1,1,0,0,0,0,1,0,1,0,0,0
0.0017486,1,1,1,1,1,1,1,0,0,0,1,0,1,0,0,0
0.00174862,1,1,1,1,1,1,0,0,0,0,1,0,1,0,0,0
0.00174864,1,1,0,1,1,1,0,0,0,0,1,0,1,0,0,0
0.00174868,1,1,1,1,1,1,0,0,0,0,1,0,1,0,0,0
0.0017487,1,1,0,1,1,1,0,0,0,0,1,0,1,0,0,0
0.00174894,1,1,0,1,1,1,0,0,0,1,0,0,1,1,0,0
0.00174896,1,1,0,1,1,1,0,0,1,1,0,1,1,1,0,0
0.00174946,1,1,1,1,1,1,0,0,1,1,0,1,1,1,0,0
0.00174948,1,1,1,1,1,1,1,0,1,1,0,1,1,1,0,0
0.0017495,1,1,1,1,1,1,1,1,1,1,0,1,1,1,0,0
0.00174954,0,0,0,0,1,0,1,0,1,1,0,1,1,1,0,0
0.00174958,1,1,1,1,1,1,1,0,1,1,0,1,1,1,0,0
0.00174962,0,0,1,1,1,0,1,0,1,1,0,1,1,1,0,0
0.00174964,0,0,0,0,1,0,1,0,1,1,0,1,1,1,0,0
0.00174966,1,1,1,1,1,0,1,0,1,1,0,1,1,1,0,0
0.0017497,1,0,1,1,1,0,1,0,1,1,0,1,1,1,0,0
0.00174972,0,0,1,1,1,0,1,0,1,1,0,1,1,1,0,0
0.00174974,1,1,1,1,1,0,1,0,1,1,0,1,1,1,0,0
0.00174976,1,0,1,1,1,0,1,0,1,1,0,1,1,1,0,0
0.0017498,0,0,1,1,1,0,1,0,1,1,0,1,1,1,0,0
0.00174982,1,0,1,1,1,0,1,0,1,1,0,1,1,1,0,0
0.00174986,0,0,1,1,1,0,1,0,1,1,0,1,1,1,0,0
0.00174988,1,0,1,1,1,0,1,0,1,1,0,1,1,1,0,0
0.0017499,0,0,1,1,1,0,1,0,1,1,0,1,1,1,0,0
0.00174992,1,1,1,1,1,0,1,0,1,1,0,1,1,1,0,0
0.00174994,0,0,1,1,1,0,1,0,1,1,0,1,1,1,0,0
0.00175,1,0,1,1,1,0,1,0,1,1,0,1,1,1,0,0
0.00175002,0,0,1,1,1,0,1,0,1,1,0,1,1,1,0,0
0.00175042,0,0,0,0,1,0,1,0,1,1,0,1,1,1,0,0
0.00175044,1,1,1,1,1,0,1,0,1,1,0,1,1,1,0,0
0.00175046,1,1,1,1,1,1,1,1,1,1,0,1,1,1,0,0
0.00175052,0,0,0,0,0,0,0,1,1,1,0,1,1,1,0,0
0.00175056,1,1,1,1,0,1,0,1,1,1,0,1,1,1,0,0
0.0017506,1,0,1,1,0,0,0,1,1,1,0,1,1,1,0,0
0.00175062,0,0,0,0,0,0,0,1,1,1,0,1,1,1,0,0
0.00175064,1,1,1,1,0,1,0,1,1,1,0,1,1,1,0,0
0.00175068,1,0,1,1,0,0,0,1,1,1,0,1,1,1,0,0
0.0017507,0,0,1,1,0,0,0,1,1,1,0,1,1,1,0,0
0.00175072,1,0,1,1,0,0,0,1,1,1,0,1,1,1,0,0
0.00175074,1,1,1,1,0,0,0,1,1,1,0,1,1,1,0,0
0.00175076,1,0,1,1,0,0,0,1,1,1,0,1,1,1,0,0
0.00175084,0,0,1,1,0,0,0,1,1,1,0,1,1,1,0,0
0.0017509,1,0,1,1,0,0,0,1,1,1,0,1,1,1,0,0
0.00175092,0,0,1,1,0,0,0,1,1,1,0,1,1,1,0,0
0.00175114,0,0,1,0,0,0,0,1,1,1,0,1,1,1,0,0
0.00175118,0,0,1,1,0,0,0,1,1,1,0,1,1,1,0,0
0.0017512,0,0,1,0,0,0,0,1,1,1,0,1,1,1,0,0
0.00175134,0,0,0,0,0,0,0,1,1,1,0,1,1,1,0,0
0.00175136,0,0,1,0,0,0,0,1,1,1,0,1,1,1,0,0
0.00175138,0,0,0,0,0,0,0,1,1,1,0,1,1,1,0,0
0.0017514,0,0,1,0,0,0,0,1,1,1,0,1,1,1,0,0
0.00175142,1,0,0,0,0,0,0,1,1,1,0,1,1,1,0,0
0.00175144,1,1,1,1,1,1,0,1,1,1,0,1,1,1,0,0
0.00175146,1,1,1,1,1,1,1,1,1,1,0,1,1,1,0,0
0.00175148,0,1,1,1,1,0,1,0,1,1,0,1,1,1,0,0
0.0017515,0,0,0,0,1,0,1,0,1,1,0,1,1,1,0,0
0.00175152,1,1,1,1,1,1,1,0,1,1,0,1,1,1,0,0
0.00175158,0,0,0,0,1,0,1,0,1,1,0,1,1,1,0,0
0.0017516,1,1,1,1,1,1,1,0,1,1,0,1,1,1,0,0
0.00175166,0,0,1,0,1,0,1,0,1,1,0,1,1,1,0,0
0.00175168,1,1,1,1,1,1,1,0,1,1,0,1,1,1,0,0
0.0017517,1,0,1,1,1,1,1,0,1,1,0,1,1,1,0,0
0.00175172,1,0,1,1,1,0,1,0,1,1,0,1,1,1,0,0
0.00175174,0,0,1,1,1,0,1,0,1,1,0,1,1,1,0,0
0.00175182,0,0,1,0,1,0,1,0,1,1,0,1,1,1,0,0
0.00175184,0,0,1,1,1,1,1,0,1,1,0,1,1,1,0,0
0.00175186,0,0,1,1,1,0,1,0,1,1,0,1,1,1,0,0
0.00175196,0,0,1,0,1,0,1,0,1,1,0,1,1,1,0,0
0.00175228,0,0,0,0,1,0,1,0,1,1,0,1,1,1,0,0
0.0017523,0,0,1,0,1,0,1,0,1,1,0,1,1,1,0,0
0.00175232,0,0,0,0,1,0,1,0,1,1,0,1,1,1,0,0
0.00175238,0,0,1,1,1,0,1,0,1,1,0,1,1,1,0,0
0.0017524,1,1,1,1,1,1,1,0,1,1,0,1,1,1,0,0
0.00175242,0,0,0,0,1,0,1,0,1,1,0,1,1,1,0,0
0.00175246,1,0,0,0,1,0,1,0,1,1,0,1,1,1,0,0
0.00175248,1,1,1,1,1,1,1,0,1,1,0,1,1,1,0,0
0.0017525,1,0,1,0,1,0,1,0,1,1,0,1,1,1,0,0
0.00175252,1,0,0,0,1,0,1,0,1,1,0,1,1,1,0,0
0.00175256,1,0,1,0,1,0,1,0,1,1,0,1,1,1,0,0
0.00175258,1,0,0,0,1,0,1,0,1,1,0,1,1,1,0,0
0.0017534,1,1,1,1,1,1,1,1,1,1,0,1,1,1,0,0
0.00175344,0,0,0,0,0,0,0,1,1,1,0,1,1,1,0,0
0.00175348,0,1,1,1,0,1,0,1,1,1,0,1,1,1,0,0
0.0017535,1,1,1,1,0,1,0,1,1,1,0,1,1,1,0,0
0.00175354,0,0,0,0,0,0,0,1,1,1,0,1,1,1,0,0
0.00175356,0,0,1,1,0,1,0,1,1,1,0,1,1,1,0,0
0.00175358,1,1,1,1,0,1,0,1,1,1,0,1,1,1,0,0
0.0017536,0,1,1,1,0,1,0,1,1,1,0,1,1,1,0,0
0.00175362,0,0,1,1,0,1,0,1,1,1,0,1,1,1,0,0
0.00175366,0,1,1,1,0,1,0,1,1,1,0,1,1,1,0,0
0.0017537,0,0,1,1,0,1,0,1,1,1,0,1,1,1,0,0
0.00175378,0,0,1,1,0,0,0,1,1,1,0,1,1,1,0,0
0.0017538,0,0,1,1,0,1,0,1,1,1,0,1,1,1,0,0
0.00175384,0,0,1,1,0,0,0,1,1,1,0,1,1,1,0,0
0.00175414,0,0,1,0,0,0,0,1,1,1,0,1,1,1,0,0
0.00175416,0,0,1,1,0,0,0,1,1,1,0,1,1,1,0,0
0.00175418,0,0,1,0,0,0,0,1,1,1,0,1,1,1,0,0
0.00175426,0,0,1,1,0,0,0,1,1,1,0,1,1,1,0,0
0.00175428,0,0,1,0,0,0,0,1,1,1,0,1,1,1,0,0
0.0017543,0,0,0,0,0,0,0,1,1,1,0,1,1,1,0,0
0.00175432,0,0,1,0,0,0,0,1,1,1,0,1,1,1,0,0
0.00175434,1,1,1,1,0,0,0,1,1,1,0,1,1,1,0,0
0.00175436,1,1,1,1,1,1,1,1,1,1,0,1,1,1,0,0
0.00175442,0,1,1,0,0,0,0,0,1,1,0,1,1,1,0,0
0.00175444,0,1,0,0,0,0,0,0,1,1,0,1,1,1,0,0
0.00175448,1,1,1,1,1,1,1,0,1,1,0,1,1,1,0,0
0.0017545,0,1,1,1,0,1,0,0,1,1,0,1,1,1,0,0
0.00175452,0,1,0,0,0,0,0,0,1,1,0,1,1,1,0,0
0.00175454,0,1,1,0,0,0,0,0,1,1,0,1,1,1,0,0
0.00175456,0,1,1,1,0,0,0,0,1,1,0,1,1,1,0,0
0.00175458,0,1,1,0,0,0,0,0,1,1,0,1,1,1,0,0
0.0017546,0,1,0,0,0,0,0,0,1,1,0,1,1,1,0,0
0.00175462,0,1,1,0,0,0,0,0,1,1,0,1,1,1,0,0
0.00175484,0,1,0,0,0,0,0,0,1,1,0,1,1,1,0,0
0.00175488,0,1,1,0,0,0,0,0,1,1,0,1,1,1,0,0
0.0017549,0,1,0,0,0,0,0,0,1,1,0,1,1,1,0,0
0.00175532,0,1,1,0,0,0,0,0,1,1,0,1,1,1,0,0
0.00175534,1,1,1,1,1,1,1,1,1,1,0,1,1,1,0,0
0.00175538,0,1,0,0,0,0,0,0,1,1,0,1,1,1,0,0
0.00175542,0,1,1,0,0,0,0,0,1,1,0,1,1,1,0,0
0.00175544,0,1,1,1,0,0,0,0,1,1,0,1,1,1,0,0
0.00175546,0,1,0,0,0,0,0,0,1,1,0,1,1,1,0,0
0.00175634,0,0,0,0,1,0,1,0,1,1,0,1,1,1,0,0
0.0017573,1,1,1,1,1,1,1,0,1,1,0,1,1,1,0,0
0.00175732,1,1,1,1,1,1,1,1,1,1,0,1,1,1,0,0
0.0017583,0,1,0,0,1,0,0,0,1,1,0,1,1,1,0,0
0.00175834,1,1,1,1,1,1,1,0,1,1,0,1,1,1,0,0
0.00175836,0,1,0,0,1,0,1,0,1,1,0,1,1,1,0,0
0.00175838,0,1,0,0,1,0,0,0,1,1,0,1,1,1,0,0
0.0017587,0,1,0,0,1,0,0,0,0,1,0,0,1,0,0,0
0.00175926,0,1,0,0,1,0,1,0,0,1,0,0,1,0,0,0
0.00175928,0,1,0,0,0,0,0,0,0,1,0,0,1,0,0,0
0.0017602,1,1,1,0,0,0,0,0,0,1,0,0,1,0,0,0
0.00176022,0,1,1,1,0,1,1,1,0,1,0,0,1,0,0,0
0.00176024,1,1,1,1,1,0,1,1,0,1,0,0,1,0,0,0
0.00176026,1,1,1,1,1,1,1,1,0,1,0,0,1,0,0,0
0.00176028,1,0,0,0,1,0,0,0,0,1,0,0,1,0,0,0
0.00176034,1,0,1,1,1,1,1,0,0,1,0,0,1,0,0,0
0.00176036,1,0,0,0,1,0,0,0,0,1,0,0,1,0,0,0
0.00176066,1,0,0,0,1,0,0,0,1,0,0,0,1,0,0,0
0.00176072,1,0,0,0,1,0,0,0,1,0,0,0,0,0,0,0
0.00176074,1,0,0,0,1,0,0,0,1,0,0,0,1,0,0,0
0.00176118,1,1,0,0,1,0,0,0,1,0,0,0,1,0,0,0
0.0017612,1,1,1,1,1,0,0,0,1,0,0,0,1,0,0,0
0.00176122,1,1,1,1,1,1,1,1,1,0,0,0,1,0,0,0
0.00176124,0,1,0,1,0,0,1,1,1,0,0,0,1,0,0,0
0.00176126,0,1,0,0,0,0,0,0,1,0,0,0,1,0,0,0
0.0017613,0,1,1,1,0,1,1,0,1,0,0,0,1,0,0,0
0.00176132,0,1,0,0,0,0,0,0,1,0,0,0,1,0,0,0
0.0017622,1,1,1,1,1,1,1,1,1,0,0,0,1,0,0,0
0.00176224,0,1,0,0,0,0,1,0,1,0,0,0,1,0,0,0
0.00176228,1,1,1,1,0,1,1,0,1,0,0,0,1,0,0,0
0.00176232,0,1,0,0,0,0,1,0,1,0,0,0,1,0,0,0
0.0017626,0,1,0,0,0,0,1,0,0,0,0,0,0,0,0,0
0.00176262,0,1,0,0,0,0,1,0,0,1,0,0,0,0,1,0
0.00176312,1,1,0,0,0,0,1,0,0,1,0,0,0,0,1,0
0.00176314,1,0,1,1,0,0,0,0,0,1,0,0,0,0,1,0
0.00176316,0,0,0,0,0,1,1,1,0,1,0,0,0,0,1,0
0.00176318,0,0,1,1,0,0,0,0,0,1,0,0,0,0,1,0
0.0017632,0,0,0,0,0,0,0,0,0,1,0,0,0,0,1,0
0.00176358,0,1,0,1,0,0,0,0,0,1,0,0,0,0,1,0
0.0017636,0,1,1,1,0,0,0,0,0,1,0,0,0,0,1,0
0.00176362,0,1,0,1,0,0,0,0,0,1,0,0,0,0,1,0
0.00176406,0,0,0,1,0,0,0,0,0,1,0,0,0,0,1,0
0.0017641,0,0,1,1,0,0,0,0,0,1,0,0,0,0,1,0
0.00176412,0,0,0,1,0,0,0,0,0,1,0,0,0,0,1,0
0.00176414,1,0,0,1,0,1,0,0,0,1,0,0,0,0,1,0
0.00176416,1,1,1,1,1,1,1,1,0,1,0,0,0,0,1,0
0.00176418,0,1,1,0,1,0,0,0,0,1,0,0,0,0,1,0
0.0017642,0,0,1,0,1,0,0,0,0,1,0,0,0,0,1,0
0.00176456,0,0,1,0,1,0,0,0,0,0,0,0,1,0,0,0
0.00176458,0,0,1,0,1,0,0,0,0,0,1,0,1,0,0,0
0.00176508,1,1,1,1,1,0,0,0,0,0,1,0,1,0,0,0
0.0017651,1,1,1,1,1,0,0,1,0,0,1,0,1,0,0,0
0.00176512,1,1,1,1,1,1,1,1,0,0,1,0,1,0,0,0
0.00176514,1,1,1,1,1,0,1,1,0,0,1,0,1,0,0,0
0.00176516,0,1,0,1,0,0,1,0,0,0,1,0,1,0,0,0
0.00176608,1,1,1,1,0,0,1,0,0,0,1,0,1,0,0,0
0.0017661,1,1,1,1,1,0,1,0,0,0,1,0,1,0,0,0
0.00176612,1,1,1,1,1,1,1,1,0,0,1,0,1,0,0,0
0.00176614,1,1,0,1,0,0,0,0,0,0,1,0,1,0,0,0
0.00176618,1,1,1,1,0,1,0,0,0,0,1,0,1,0,0,0
0.0017662,1,1,0,1,0,0,0,0,0,0,1,0,1,0,0,0
0.00176704,1,1,1,1,0,1,1,0,0,0,1,0,1,0,0,0
0.00176706,1,1,1,1,1,1,1,1,0,0,1,0,1,0,0,0
0.0017671,1,1,1,1,0,0,1,1,0,0,1,0,1,0,0,0
0.00176712,1,1,1,0,0,0,0,1,0,0,1,0,1,0,0,0
0.00176748,1,1,1,0,0,0,0,1,0,0,1,0,0,0,0,0
0.0017675,1,1,1,0,0,0,0,1,1,1,1,0,0,0,0,1
0.00176804,1,1,1,1,0,0,0,1,1,1,1,0,0,0,0,1
0.00176806,0,1,1,1,1,1,1,1,1,1,1,0,0,0,0,1
0.00176808,0,1,0,1,0,0,1,0,1,1,1,0,0,0,0,1
0.00176902,1,1,0,1,0,0,0,0,1,1,1,0,0,0,0,1
0.00176906,1,1,1,1,1,1,1,1,1,1,1,0,0,0,0,1
0.0017691,0,1,0,0,0,1,0,0,1,1,1,0,0,0,0,1
0.00176916,1,1,1,1,0,1,0,0,1,1,1,0,0,0,0,1
0.00176918,0,1,0,0,0,1,0,0,1,1,1,0,0,0,0,1
0.00176944,0,1,0,0,0,1,0,0,0,1,0,0,0,0,0,0
0.00176946,0,1,0,0,0,1,0,0,0,1,0,0,0,1,0,0
0.00176996,0,1,0,1,0,1,0,0,0,1,0,0,0,1,0,0
0.00176998,1,1,1,1,0,1,1,1,0,1,0,0,0,1,0,0
0.00177,1,1,1,1,1,1,1,1,0,1,0,0,0,1,0,0
0.00177004,1,0,1,1,1,0,1,1,0,1,0,0,0,1,0,0
0.00177006,0,0,0,0,1,0,1,0,0,1,0,0,0,1,0,0
0.0017701,1,0,1,1,1,1,1,1,0,1,0,0,0,1,0,0
0.00177012,0,0,1,0,1,0,1,0,0,1,0,0,0,1,0,0
0.00177014,0,0,0,0,1,0,1,0,0,1,0,0,0,1,0,0
0.00177096,1,1,1,1,1,1,1,1,0,1,0,0,0,1,0,0
0.001771,0,0,0,0,0,0,0,1,0,1,0,0,0,1,0,0
0.00177104,0,0,0,0,0,1,0,1,0,1,0,0,0,1,0,0
0.00177106,1,1,1,1,1,1,1,1,0,1,0,0,0,1,0,0
0.00177108,0,0,1,0,0,1,0,1,0,1,0,0,0,1,0,0
0.0017711,0,0,0,0,0,0,0,1,0,1,0,0,0,1,0,0
0.00177114,0,0,1,0,0,1,0,1,0,1,0,0,0,1,0,0
0.00177116,0,0,0,0,0,0,0,1,0,1,0,0,0,1,0,0
0.00177192,0,1,0,1,0,0,1,1,0,1,0,0,0,1,0,0
0.00177194,1,1,1,1,1,1,1,0,0,1,0,0,0,1,0,0
0.00177196,0,1,0,1,0,0,1,0,0,1,0,0,0,1,0,0
0.00177296,1,1,1,1,1,1,1,1,0,1,0,0,0,1,0,0
0.00177302,0,0,0,1,0,1,0,1,0,1,0,0,0,1,0,0
0.00177304,0,0,0,1,0,0,0,1,0,1,0,0,0,1,0,0
0.00177308,1,0,1,1,0,1,0,1,0,1,0,0,0,1,0,0
0.0017731,0,0,0,1,0,0,0,1,0,1,0,0,0,1,0,0
0.00177334,0,0,0,1,0,0,0,1,0,0,0,0,0,0,0,0
0.00177336,0,0,0,1,0,0,0,1,0,0,0,1,0,0,0,1
0.00177342,0,0,0,1,0,0,0,1,0,0,0,1,0,0,0,0
0.00177344,0,0,0,1,0,0,0,1,0,0,0,1,0,0,0,1
0.00177388,1,1,1,1,0,0,0,1,0,0,0,1,0,0,0,1
0.0017739,1,0,1,1,1,1,1,1,0,0,0,1,0,0,0,1
0.00177392,1,1,1,1,1,1,1,1,0,0,0,1,0,0,0,1
0.00177394,1,1,0,1,0,0,0,0,0,0,0,1,0,0,0,1
0.00177398,1,1,1,1,0,1,0,0,0,0,0,1,0,0,0,1
0.00177402,1,1,0,1,0,0,0,0,0,0,0,1,0,0,0,1
0.00177492,1,1,0,1,0,1,0,0,0,0,0,1,0,0,0,1
0.00177494,0,1,0,0,0,1,1,1,0,0,0,1,0,0,0,1
0.00177496,0,1,0,0,0,1,0,0,0,0,0,1,0,0,0,1
0.001775,0,1,1,0,0,1,0,0,0,0,0,1,0,0,0,1
0.00177502,0,1,0,0,0,1,0,0,0,0,0,1,0,0,0,1
0.0017753,0,1,0,0,0,1,0,0,0,0,0,0,0,1,0,0
0.00177532,0,1,0,0,0,1,0,0,0,1,0,0,0,1,0,0
0.00177582,1,1,0,0,0,1,0,0,0,1,0,0,0,1,0,0
0.00177584,0,1,0,0,0,1,0,0,0,1,0,0,0,1,0,0
0.00177586,1,1,1,1,1,1,1,1,0,1,0,0,0,1,0,0
0.0017759,1,0,0,0,1,0,1,0,0,1,0,0,0,1,0,0
0.00177596,1,1,1,1,1,1,1,1,0,1,0,0,0,1,0,0
0.00177598,1,0,0,0,1,0,1,0,0,1,0,0,0,1,0,0
0.00177682,1,1,0,0,1,0,1,1,0,1,0,0,0,1,0,0
0.00177684,1,0,1,1,1,1,1,1,0,1,0,0,0,1,0,0
0.00177686,1,1,1,1,0,0,0,1,0,1,0,0,0,1,0,0
0.00177688,0,0,0,0,0,0,0,1,0,1,0,0,0,1,0,0
0.00177692,0,1,1,1,0,1,0,1,0,1,0,0,0,1,0,0
0.00177694,0,0,0,0,0,0,0,1,0,1,0,0,0,1,0,0
0.00177778,1,1,0,1,0,0,0,1,0,1,0,0,0,1,0,0
0.0017778,1,1,1,1,0,0,0,0,0,1,0,0,0,1,0,0
0.00177782,1,1,0,1,0,0,0,0,0,1,0,0,0,1,0,0
0.00177882,1,1,1,1,1,1,1,1,0,1,0,0,0,1,0,0
0.00177888,0,0,1,1,1,0,0,0,0,1,0,0,0,1,0,0
0.0017789,0,0,1,0,1,0,0,0,0,1,0,0,0,1,0,0
0.0017792,0,0,1,0,1,0,0,0,0,0,0,0,0,0,0,0
0.00177922,0,0,1,0,1,0,0,0,0,0,1,0,1,0,0,0
0.00177974,0,1,1,0,1,0,0,0,0,0,1,0,1,0,0,0
0.00177976,1,1,1,1,1,1,1,1,0,0,1,0,1,0,0,0
0.00178078,0,0,0,0,0,0,0,1,0,0,1,0,1,0,0,0
0.00178084,1,1,1,1,0,0,0,1,0,0,1,0,1,0,0,0
0.00178086,1,1,1,0,0,0,0,1,0,0,1,0,1,0,0,0
0.00178088,0,0,0,0,0,0,0,1,0,0,1,0,1,0,0,0
0.00178168,1,1,1,1,0,0,0,1,0,0,1,0,1,0,0,0
0.0017817,1,1,1,1,1,1,1,1,0,0,1,0,1,0,0,0
0.00178174,1,1,1,1,1,1,1,0,0,0,1,0,1,0,0,0
0.00178176,1,1,0,1,1,1,0,0,0,0,1,0,1,0,0,0
0.0017818,1,1,1,1,1,1,1,0,0,0,1,0,1,0,0,0
0.00178182,1,1,0,1,1,1,0,0,0,0,1,0,1,0,0,0
0.00178214,1,1,0,1,1,1,0,0,1,1,0,1,1,1,0,0
0.00178268,1,1,1,1,1,1,1,1,1,1,0,1,1,1,0,0
0.00178274,0,0,0,0,1,0,1,0,1,1,0,1,1,1,0,0
0.00178278,1,0,1,1,1,1,1,0,1,1,0,1,1,1,0,0
0.0017828,1,1,1,1,1,1,1,0,1,1,0,1,1,1,0,0
0.00178282,0,0,1,0,1,0,1,0,1,1,0,1,1,1,0,0
0.00178284,0,0,0,0,1,0,1,0,1,1,0,1,1,1,0,0
0.00178286,0,0,1,1,1,0,1,0,1,1,0,1,1,1,0,0
0.0017829,0,0,1,0,1,0,1,0,1,1,0,1,1,1,0,0
0.00178306,0,0,0,0,1,0,1,0,1,1,0,1,1,1,0,0
0.00178312,0,0,1,0,1,0,1,0,1,1,0,1,1,1,0,0
0.00178314,0,0,0,0,1,0,1,0,1,1,0,1,1,1,0,0
0.00178318,0,0,1,0,1,0,1,0,1,1,0,1,1,1,0,0
0.0017832,0,0,0,0,1,0,1,0,1,1,0,1,1,1,0,0
0.00178364,1,1,1,1,1,0,1,0,1,1,0,1,1,1,0,0
0.00178366,1,1,1,1,1,1,1,1,1,1,0,1,1,1,0,0
0.0017837,0,0,0,0,0,0,0,1,1,1,0,1,1,1,0,0
0.00178374,1,1,1,1,0,1,0,1,1,1,0,1,1,1,0,0
0.0017838,0,0,0,0,0,0,0,1,1,1,0,1,1,1,0,0
0.00178382,1,0,1,1,0,0,0,1,1,1,0,1,1,1,0,0
0.00178384,1,1,1,1,0,1,0,1,1,1,0,1,1,1,0,0
0.00178386,1,0,1,1,0,0,0,1,1,1,0,1,1,1,0,0
0.00178388,0,0,1,0,0,0,0,1,1,1,0,1,1,1,0,0
0.0017839,0,0,1,1,0,0,0,1,1,1,0,1,1,1,0,0
0.00178392,1,0,1,1,0,0,0,1,1,1,0,1,1,1,0,0
0.00178396,0,0,1,1,0,0,0,1,1,1,0,1,1,1,0,0
0.00178404,0,0,1,0,0,0,0,1,1,1,0,1,1,1,0,0
0.00178406,0,0,1,1,0,0,0,1,1,1,0,1,1,1,0,0
0.00178416,0,0,1,0,0,0,0,1,1,1,0,1,1,1,0,0
0.00178418,0,0,1,1,0,0,0,1,1,1,0,1,1,1,0,0
0.0017842,0,0,1,0,0,0,0,1,1,1,0,1,1,1,0,0
0.0017844,0,0,0,0,0,0,0,1,1,1,0,1,1,1,0,0
0.00178458,0,0,1,0,0,0,0,1,1,1,0,1,1,1,0,0
0.0017846,0,0,0,0,0,0,0,1,1,1,0,1,1,1,0,0
0.00178462,1,1,1,1,0,0,0,1,1,1,0,1,1,1,0,0
0.00178464,1,1,1,1,0,1,1,1,1,1,0,1,1,1,0,0
0.00178466,1,1,1,1,1,1,1,1,1,1,0,1,1,1,0,0
0.00178468,1,1,1,1,1,1,1,0,1,1,0,1,1,1,0,0
0.0017847,0,1,0,1,0,0,1,0,1,1,0,1,1,1,0,0
0.00178472,1,1,1,1,0,1,1,0,1,1,0,1,1,1,0,0
0.00178476,1,1,1,1,0,0,1,0,1,1,0,1,1,1,0,0
0.00178478,0,1,0,1,0,0,1,0,1,1,0,1,1,1,0,0
0.0017848,1,1,1,1,0,1,1,0,1,1,0,1,1,1,0,0
0.00178484,0,1,1,1,0,0,1,0,1,1,0,1,1,1,0,0
0.00178488,1,1,1,1,0,0,1,0,1,1,0,1,1,1,0,0
0.00178492,0,1,1,1,0,0,1,0,1,1,0,1,1,1,0,0
0.00178494,1,1,1,1,0,0,1,0,1,1,0,1,1,1,0,0
0.00178496,0,1,1,1,0,0,1,0,1,1,0,1,1,1,0,0
0.00178504,1,1,1,1,0,0,1,0,1,1,0,1,1,1,0,0
0.00178506,0,1,1,1,0,0,1,0,1,1,0,1,1,1,0,0
0.00178524,0,1,0,1,0,0,1,0,1,1,0,1,1,1,0,0
0.00178526,0,1,1,1,0,0,1,0,1,1,0,1,1,1,0,0
0.00178528,0,1,0,1,0,0,1,0,1,1,0,1,1,1,0,0
0.00178558,0,1,1,1,0,0,1,0,1,1,0,1,1,1,0,0
0.0017856,1,1,1,1,0,1,1,0,1,1,0,1,1,1,0,0
0.00178562,0,1,0,1,0,0,1,0,1,1,0,1,1,1,0,0
0.00178566,1,1,1,1,1,0,1,0,1,1,0,1,1,1,0,0
0.00178568,1,1,1,0,1,1,1,1,1,1,0,1,1,1,0,0
0.0017857,1,1,0,0,1,1,1,1,1,1,0,1,1,1,0,0
0.00178572,1,0,0,0,1,0,1,0,1,1,0,1,1,1,0,0
0.00178576,1,0,1,1,1,1,1,0,1,1,0,1,1,1,0,0
0.00178578,1,0,0,0,1,0,1,0,1,1,0,1,1,1,0,0
0.00178656,1,0,0,1,1,0,1,0,1,1,0,1,1,1,0,0
0.00178658,1,1,1,0,1,0,1,0,1,1,0,1,1,1,0,0
0.0017866,1,1,1,1,1,1,1,1,1,1,0,1,1,1,0,0
0.00178664,0,0,0,0,0,0,0,1,1,1,0,1,1,1,0,0
0.00178668,1,0,1,1,0,1,0,1,1,1,0,1,1,1,0,0
0.00178672,0,0,0,0,0,0,0,1,1,1,0,1,1,1,0,0
0.00178676,0,0,1,0,0,0,0,1,1,1,0,1,1,1,0,0
0.00178678,0,0,0,0,0,0,0,1,1,1,0,1,1,1,0,0
0.00178754,1,1,1,1,0,0,0,1,1,1,0,1,1,1,0,0
0.00178756,1,1,1,1,1,1,1,1,1,1,0,1,1,1,0,0
0.00178762,1,1,0,1,0,0,0,0,1,1,0,1,1,1,0,0
0.00178766,1,1,1,1,0,1,1,0,1,1,0,1,1,1,0,0
0.00178768,1,1,0,1,0,0,0,0,1,1,0,1,1,1,0,0
0.00178854,1,1,1,1,1,1,1,0,1,1,0,1,1,1,0,0
0.00178858,1,1,0,1,0,0,0,0,1,1,0,1,1,1,0,0
0.00178954,0,1,0,1,0,0,1,0,1,1,0,1,1,1,0,0
0.0017905,0,1,1,1,1,1,1,0,1,1,0,1,1,1,0,0
0.00179052,1,1,1,1,1,1,1,1,1,1,0,1,1,1,0,0
0.00179148,1,1,0,1,1,0,0,0,1,1,0,1,1,1,0,0
0.0017915,0,0,0,1,1,0,1,0,1,1,0,1,1,1,0,0
0.00179152,1,1,1,1,1,1,1,1,1,1,0,1,1,1,0,0
0.00179156,1,1,1,1,1,1,1,0,1,1,0,1,1,1,0,0
0.00179158,0,0,1,0,1,0,0,0,1,1,0,1,1,1,0,0
0.0017919,0,0,1,0,1,0,0,0,0,0,0,0,1,0,0,0
0.00179192,0,0,1,0,1,0,0,0,0,0,1,0,1,0,0,0
0.00179242,1,1,1,0,1,0,0,0,0,0,1,0,1,0,0,0
0.00179244,1,1,1,0,1,0,1,1,0,0,1,0,1,0,0,0
0.00179246,1,1,1,1,1,1,1,1,0,0,1,0,1,0,0,0
0.00179348,0,0,0,0,0,0,0,1,0,0,1,0,1,0,0,0
0.00179354,1,1,1,1,0,0,0,1,0,0,1,0,1,0,0,0
0.00179356,0,0,0,0,0,0,0,1,0,0,1,0,1,0,0,0
0.00179362,0,0,1,0,0,0,0,1,0,0,1,0,1,0,0,0
0.00179364,0,0,0,0,0,0,0,1,0,0,1,0,1,0,0,0
0.00179438,1,1,1,0,0,0,0,1,0,0,1,0,1,0,0,0
0.0017944,1,1,1,1,1,1,1,1,0,0,1,0,1,0,0,0
0.00179444,0,1,0,0,1,0,0,0,0,0,1,0,1,0,0,0
0.00179448,1,1,1,1,1,1,0,0,0,0,1,0,1,0,0,0
0.0017945,1,1,1,1,1,1,1,0,0,0,1,0,1,0,0,0
0.00179452,1,1,1,1,1,0,0,0,0,0,1,0,1,0,0,0
0.00179454,0,1,0,0,1,0,0,0,0,0,1,0,1,0,0,0
0.00179456,1,1,1,1,1,0,0,0,0,0,1,0,1,0,0,0
0.00179462,0,1,1,0,1,0,0,0,0,0,1,0,1,0,0,0
0.00179464,1,1,1,1,1,0,0,0,0,0,1,0,1,0,0,0
0.0017947,0,1,1,1,1,0,0,0,0,0,1,0,1,0,0,0
0.00179478,0,1,1,0,1,0,0,0,0,0,1,0,1,0,0,0
0.0017948,0,1,1,1,1,0,0,0,0,0,1,0,1,0,0,0
0.00179482,1,1,1,1,1,0,0,0,0,0,0,0,1,0,0,0
0.00179484,0,1,1,0,1,0,0,0,0,1,0,0,1,0,0,0
0.00179488,1,1,1,1,1,0,0,0,0,1,0,0,1,0,0,0
0.0017949,0,1,1,1,1,0,0,0,0,1,0,0,0,0,0,0
0.00179492,0,1,1,0,1,0,0,0,0,1,0,0,1,0,0,0
0.00179496,1,1,1,1,1,0,0,0,0,1,0,0,1,0,0,0
0.00179498,0,1,1,0,1,0,0,0,0,1,0,0,1,0,0,0
0.00179528,0,1,0,0,1,0,0,0,0,1,0,0,1,0,0,0
0.00179532,0,1,1,0,1,0,0,0,0,1,0,0,1,0,0,0
0.00179536,0,1,0,0,1,0,0,0,0,1,0,0,1,0,0,0
0.00179538,1,1,1,1,1,1,1,1,0,1,0,0,1,0,0,0
0.00179542,1,1,1,1,0,1,1,1,0,1,0,0,1,0,0,0
0.00179544,0,0,0,0,0,1,0,0,0,1,0,0,1,0,0,0
0.00179546,1,0,1,1,0,1,0,0,0,1,0,0,1,0,0,0
0.00179548,1,1,1,1,0,1,1,0,0,1,0,0,1,0,0,0
0.00179552,0,0,1,0,0,1,0,0,0,1,0,0,1,0,0,0
0.00179554,1,0,1,1,0,1,0,0,0,1,0,0,1,0,0,0
0.00179556,1,0,1,1,0,1,1,0,0,1,0,0,1,0,0,0
0.00179558,1,0,1,1,0,1,0,0,0,1,0,0,1,0,0,0
0.00179606,0,0,1,1,0,1,0,0,0,1,0,0,1,0,0,0
0.00179612,1,0,1,1,0,1,0,0,0,1,0,0,1,0,0,0
0.00179614,0,0,1,1,0,1,0,0,0,1,0,0,1,0,0,0
0.00179624,1,0,1,1,0,1,0,0,0,1,0,0,1,0,0,0
0.00179626,0,0,1,1,0,1,0,0,0,1,0,0,1,0,0,0
0.00179632,1,0,1,0,0,1,0,0,0,1,0,0,1,0,0,0
0.00179634,1,1,1,1,0,1,0,0,0,1,0,0,1,0,0,0
0.00179636,1,1,1,1,1,1,1,1,0,1,0,0,1,0,0,0
0.0017964,1,0,0,0,1,0,0,0,0,1,0,0,1,0,0,0
0.00179644,1,1,1,1,1,1,1,1,0,1,0,0,1,0,0,0
0.00179646,1,1,1,1,1,1,1,0,0,1,0,0,1,0,0,0
0.00179648,1,0,1,0,1,0,0,0,0,1,0,0,1,0,0,0
0.0017965,1,0,0,0,1,0,0,0,0,1,0,0,1,0,0,0
0.00179652,1,1,1,1,1,0,0,0,0,1,0,0,1,0,0,0
0.00179656,1,0,1,1,1,0,0,0,0,1,0,0,1,0,0,0
0.00179674,1,0,1,0,1,0,0,0,0,1,0,0,1,0,0,0
0.00179676,1,0,1,1,1,0,0,0,0,1,0,0,1,0,0,0
0.00179678,1,0,1,1,1,0,0,0,0,0,0,0,1,0,0,0
0.0017968,1,0,1,0,1,0,0,0,1,0,0,0,1,0,0,0
0.00179684,1,0,1,1,1,0,0,0,1,0,0,0,1,0,0,0
0.00179686,1,0,1,0,1,0,0,0,1,0,0,0,1,0,0,0
0.00179692,1,0,1,1,1,0,0,0,1,0,0,0,1,0,0,0
0.00179694,1,0,1,0,1,0,0,0,1,0,0,0,1,0,0,0
0.00179726,1,0,0,0,1,0,0,0,1,0,0,0,1,0,0,0
0.0017973,1,0,0,1,1,0,0,0,1,0,0,0,1,0,0,0
0.00179732,1,1,1,0,1,1,1,1,1,0,0,0,1,0,0,0
0.00179734,1,1,1,1,1,1,1,1,1,0,0,0,1,0,0,0
0.00179738,0,0,0,0,1,0,0,0,1,0,0,0,1,0,0,0
0.00179742,0,1,1,1,1,1,1,0,1,0,0,0,1,0,0,0
0.00179744,1,1,1,1,1,1,1,1,1,0,0,0,1,0,0,0
0.00179746,1,1,1,1,1,1,1,0,1,0,0,0,1,0,0,0
0.00179748,0,0,0,0,1,0,0,0,1,0,0,0,1,0,0,0
0.0017975,0,1,1,1,1,0,0,0,1,0,0,0,1,0,0,0
0.00179752,1,1,1,1,1,1,0,0,1,0,0,0,1,0,0,0
0.00179754,0,1,1,1,1,0,0,0,1,0,0,0,1,0,0,0
0.00179756,0,0,1,1,1,0,0,0,1,0,0,0,1,0,0,0
0.0017976,0,1,1,1,1,0,0,0,1,0,0,0,1,0,0,0
0.00179764,0,0,1,1,1,0,0,0,1,0,0,0,1,0,0,0
0.00179814,0,0,1,0,1,0,0,0,1,0,0,0,1,0,0,0
0.00179816,0,0,1,1,1,0,0,0,1,0,0,0,1,0,0,0
0.00179818,0,0,1,0,1,0,0,0,1,0,0,0,1,0,0,0
0.0017982,0,0,1,1,1,0,0,0,1,0,0,0,1,0,0,0
0.00179824,0,0,1,0,1,0,0,0,1,0,0,0,1,0,0,0
0.00179828,1,0,0,1,1,0,0,0,1,0,0,0,1,0,0,0
0.0017983,1,1,1,1,1,1,1,1,1,0,0,0,1,0,0,0
0.00179832,1,1,1,1,1,0,1,0,1,0,0,0,1,0,0,0
0.00179834,1,1,1,1,1,1,1,1,1,0,0,0,1,0,0,0
0.00179836,1,0,0,1,0,0,1,0,1,0,0,0,1,0,0,0
0.0017984,1,1,1,1,0,1,1,1,1,0,0,0,1,0,0,0
0.00179842,1,1,1,1,0,0,1,0,1,0,0,0,1,0,0,0
0.00179844,1,0,0,1,0,0,1,0,1,0,0,0,1,0,0,0
0.00179848,1,0,1,1,0,0,1,0,1,0,0,0,1,0,0,0
0.00179852,1,0,0,1,0,0,1,0,1,0,0,0,1,0,0,0
0.00179854,1,0,1,1,0,0,1,0,1,0,0,0,1,0,0,0
0.00179866,1,0,0,1,0,0,1,0,1,0,0,0,1,0,0,0
0.00179872,1,0,1,1,0,0,1,0,1,0,0,0,1,0,0,0
0.00179874,1,0,0,1,0,0,1,0,1,0,0,1,0,0,1,0
0.00179878,1,0,1,1,0,0,1,0,1,0,0,1,0,0,1,0
0.0017988,1,0,0,1,0,0,1,0,1,0,0,1,0,0,1,0
0.00179924,1,0,1,1,0,0,1,0,1,0,0,1,0,0,1,0
0.00179928,0,0,0,0,0,1,1,1,1,0,0,1,0,0,1,0
0.0017993,1,1,1,1,1,1,1,1,1,0,0,1,0,0,1,0
0.00179934,0,0,0,0,1,1,1,1,1,0,0,1,0,0,1,0
0.00179938,0,0,1,0,1,1,1,1,1,0,0,1,0,0,1,0
0.0017994,0,0,0,0,1,1,1,1,1,0,0,1,0,0,1,0
0.00180016,0,0,1,0,1,1,1,1,1,0,0,1,0,0,1,0
0.00180018,0,0,0,0,1,1,1,1,1,0,0,1,0,0,1,0
0.00180022,1,1,1,1,1,1,1,1,1,0,0,1,0,0,1,0
0.00180024,0,0,0,0,1,1,1,1,1,0,0,1,0,0,1,0
0.00180028,1,1,1,1,1,1,1,1,1,0,0,1,0,0,1,0
0.0018003,1,1,1,1,1,0,1,0,1,0,0,1,0,0,1,0
0.00180032,1,1,1,1,1,1,1,1,1,0,0,1,0,0,1,0
0.00180038,0,0,1,0,1,0,0,0,1,0,0,1,0,0,1,0
0.00180042,1,1,1,1,1,1,0,0,1,0,0,1,0,0,1,0
0.00180044,1,1,1,1,1,0,0,0,1,0,0,1,0,0,1,0
0.00180046,0,0,1,0,1,0,0,0,1,0,0,1,0,0,1,0
0.0018005,1,0,1,0,1,0,0,0,1,0,0,1,0,0,1,0
0.00180052,0,0,1,0,1,0,0,0,1,0,0,1,0,0,1,0
0.00180068,0,0,1,0,1,0,0,0,0,0,0,0,0,0,0,0
0.0018007,0,0,1,0,1,0,0,0,0,0,1,0,1,0,0,0
0.00180122,1,1,1,1,1,1,0,0,0,0,1,0,1,0,0,0
0.00180124,1,1,1,1,1,1,1,1,0,0,1,0,1,0,0,0
0.00180128,0,1,1,0,0,0,0,1,0,0,1,0,1,0,0,0
0.00180132,1,1,1,1,0,1,0,1,0,0,1,0,1,0,0,0
0.00180134,1,1,1,1,0,1,1,1,0,0,1,0,1,0,0,0
0.00180136,0,1,1,0,0,0,0,1,0,0,1,0,1,0,0,0
0.0018014,1,1,1,1,0,0,0,1,0,0,1,0,1,0,0,0
0.00180142,1,1,1,0,0,0,0,1,0,0,1,0,1,0,0,0
0.00180144,0,1,1,0,0,0,0,1,0,0,1,0,1,0,0,0
0.00180148,1,1,1,0,0,0,0,1,0,0,1,0,1,0,0,0
0.0018015,0,1,1,0,0,0,0,1,0,0,1,0,1,0,0,0
0.0018022,1,1,1,1,0,0,0,1,0,0,1,0,1,0,0,0
0.00180222,1,1,1,1,1,1,1,1,0,0,1,0,1,0,0,0
0.00180226,0,1,0,0,0,0,1,0,0,0,1,0,1,0,0,0
0.00180228,0,1,0,0,0,0,0,0,0,0,1,0,1,0,0,0
0.0018023,1,1,0,1,0,1,0,0,0,0,1,0,1,0,0,0
0.00180232,1,1,1,1,0,1,1,0,0,0,1,0,1,0,0,0
0.00180236,0,1,0,0,0,0,0,0,0,0,1,0,1,0,0,0
0.00180238,1,1,0,1,0,0,0,0,0,0,1,0,1,0,0,0
0.0018024,1,1,1,1,0,1,0,0,0,0,1,0,1,0,0,0
0.00180242,1,1,0,1,0,1,0,0,0,0,1,0,1,0,0,0
0.00180244,1,1,0,1,0,0,0,0,0,0,1,0,1,0,0,0
0.00180274,1,1,0,0,0,0,0,0,0,0,1,0,1,0,0,0
0.00180276,1,1,0,1,0,0,0,0,0,0,1,0,1,0,0,0
0.0018028,1,1,0,0,0,0,0,0,0,0,1,0,1,0,0,0
0.00180284,0,1,0,1,0,0,0,0,0,0,1,0,1,0,0,0
0.00180286,0,1,0,0,0,0,0,0,0,0,1,0,1,0,0,0
0.00180316,1,1,1,0,0,0,0,0,0,0,1,0,1,0,0,0
0.00180318,1,1,1,1,0,1,0,0,0,0,1,0,1,0,0,0
0.0018032,1,1,1,1,1,1,1,1,0,0,1,0,1,0,0,0
0.00180324,1,1,1,0,0,0,0,1,0,0,1,0,1,0,0,0
0.00180326,1,1,1,1,0,1,0,1,0,0,1,0,1,0,0,0
0.00180328,1,1,1,1,0,1,1,1,0,0,1,0,1,0,0,0
0.0018033,1,1,1,0,0,0,0,1,0,0,1,0,1,0,0,0
0.00180334,1,1,1,1,0,0,0,1,0,0,1,0,1,0,0,0
0.00180336,1,1,1,0,0,0,0,1,0,0,1,0,1,0,0,0
0.00180362,1,1,1,0,0,0,0,1,1,1,1,0,0,0,0,1
0.00180416,1,1,1,1,1,1,1,1,1,1,1,0,0,0,0,1
0.0018042,0,1,1,0,0,0,0,1,1,1,1,0,0,0,0,1
0.00180424,0,1,1,1,0,1,0,1,1,1,1,0,0,0,0,1
0.00180426,0,1,1,1,0,0,0,1,1,1,1,0,0,0,0,1
0.00180428,0,1,1,0,0,0,0,1,1,1,1,0,0,0,0,1
0.00180514,1,1,1,1,1,1,0,1,1,1,1,0,0,0,0,1
0.00180516,0,1,0,0,0,0,0,0,1,1,1,0,0,0,0,1
0.00180518,0,1,0,1,0,0,0,0,1,1,1,0,0,0,0,1
0.0018052,1,1,1,1,1,1,1,1,1,1,1,0,0,0,0,1
0.00180522,0,1,0,1,1,1,1,0,1,1,1,0,0,0,0,1
0.00180524,0,1,0,1,0,1,0,0,1,1,1,0,0,0,0,1
0.00180526,0,1,0,0,0,1,0,0,1,1,1,0,0,0,0,1
0.0018053,1,1,0,1,0,1,0,0,1,1,1,0,0,0,0,1
0.00180532,0,1,0,0,0,1,0,0,1,1,1,0,0,0,0,1
0.00180556,0,1,0,0,0,1,0,0,0,1,0,0,0,0,0,0
0.00180558,0,1,0,0,0,1,0,0,0,1,0,0,0,1,0,0
0.0018061,1,1,1,0,0,1,0,0,0,1,0,0,0,1,0,0
0.00180612,1,1,1,1,1,1,1,1,0,1,0,0,0,1,0,0
0.00180616,0,0,0,0,1,0,1,0,0,1,0,0,0,1,0,0
0.00180622,1,1,1,1,1,1,1,0,0,1,0,0,0,1,0,0
0.00180624,1,0,1,0,1,0,1,0,0,1,0,0,0,1,0,0
0.00180626,0,0,0,0,1,0,1,0,0,1,0,0,0,1,0,0
0.0018063,0,0,1,0,1,0,1,0,0,1,0,0,0,1,0,0
0.00180632,0,0,0,0,1,0,1,0,0,1,0,0,0,1,0,0
0.00180706,0,0,1,1,1,0,1,0,0,1,0,0,0,1,0,0
0.00180708,1,1,1,1,1,1,1,1,0,1,0,0,0,1,0,0
0.00180714,0,0,0,0,0,0,0,1,0,1,0,0,0,1,0,0
0.00180718,0,0,1,0,0,0,0,1,0,1,0,0,0,1,0,0
0.0018072,1,1,1,1,0,1,0,1,0,1,0,0,0,1,0,0
0.00180722,1,0,1,1,0,0,0,1,0,1,0,0,0,1,0,0
0.00180724,0,0,0,0,0,0,0,1,0,1,0,0,0,1,0,0
0.00180728,1,0,1,1,0,0,0,1,0,1,0,0,0,1,0,0
0.0018073,0,0,1,0,0,0,0,1,0,1,0,0,0,1,0,0
0.00180732,0,0,0,0,0,0,0,1,0,1,0,0,0,1,0,0
0.00180736,0,0,1,0,0,0,0,1,0,1,0,0,0,1,0,0
0.0018074,0,0,0,0,0,0,0,1,0,1,0,0,0,1,0,0
0.00180752,0,0,1,0,0,0,0,1,0,1,0,0,0,1,0,0
0.00180754,0,0,0,0,0,0,0,1,0,1,0,0,0,1,0,0
0.00180804,0,1,1,1,0,0,0,1,0,1,0,0,0,1,0,0
0.00180806,1,1,1,0,0,0,0,1,0,1,0,0,0,1,0,0
0.00180808,1,1,1,1,0,1,0,1,0,1,0,0,0,1,0,0
0.0018081,0,1,1,0,0,0,0,1,0,1,0,0,0,1,0,0
0.00180908,0,1,1,1,1,1,0,1,0,1,0,0,0,1,0,0
0.0018091,1,1,1,1,1,1,1,1,0,1,0,0,0,1,0,0
0.00180914,0,0,0,1,0,0,0,1,0,1,0,0,0,1,0,0
0.00180918,1,0,1,1,0,1,0,1,0,1,0,0,0,1,0,0
0.0018092,1,1,1,1,0,1,1,1,0,1,0,0,0,1,0,0
0.00180922,0,0,0,1,0,0,0,1,0,1,0,0,0,1,0,0
0.00180928,0,0,1,1,0,0,0,1,0,1,0,0,0,1,0,0
0.0018093,0,0,0,1,0,0,0,1,0,1,0,0,0,1,0,0
0.00180948,0,0,0,1,0,0,0,1,0,0,0,1,0,0,0,1
0.00181,1,1,1,1,0,0,0,1,0,0,0,1,0,0,0,1
0.00181002,1,1,1,1,1,1,1,1,0,0,0,1,0,0,0,1
0.00181008,0,1,0,0,0,0,0,0,0,0,0,1,0,0,0,1
0.00181012,1,1,1,1,1,1,1,0,0,0,0,1,0,0,0,1
0.00181016,0,1,0,0,0,0,0,0,0,0,0,1,0,0,0,1
0.0018102,1,1,1,0,0,1,1,0,0,0,0,1,0,0,0,1
0.00181022,1,1,1,0,0,1,0,0,0,0,0,1,0,0,0,1
0.00181024,0,1,1,0,0,0,0,0,0,0,0,1,0,0,0,1
0.00181028,0,1,1,0,0,1,0,0,0,0,0,1,0,0,0,1
0.00181032,0,1,1,0,0,0,0,0,0,0,0,1,0,0,0,1
0.00181042,0,1,1,0,0,1,0,0,0,0,0,1,0,0,0,1
0.00181044,0,1,1,0,0,0,0,0,0,0,0,1,0,0,0,1
0.00181084,0,1,0,0,0,0,0,0,0,0,0,1,0,0,0,1
0.00181086,0,1,1,0,0,0,0,0,0,0,0,1,0,0,0,1
0.0018109,0,1,0,0,0,0,0,0,0,0,0,1,0,0,0,1
0.00181094,0,1,1,0,0,0,0,0,0,0,0,1,0,0,0,1
0.00181098,0,1,0,0,0,0,0,0,0,0,0,1,0,0,0,1
0.001811,0,1,1,0,0,0,0,0,0,0,0,1,0,0,0,1
0.00181102,0,1,0,0,0,0,0,0,0,0,0,1,0,0,0,1
0.00181104,1,1,1,1,0,1,0,0,0,0,0,1,0,0,0,1
0.00181106,1,1,1,1,1,1,1,1,0,0,0,1,0,0,0,1
0.0018111,0,1,0,0,0,1,0,0,0,0,0,1,0,0,0,1
0.00181114,1,1,1,1,1,1,1,1,0,0,0,1,0,0,0,1
0.00181116,1,1,1,0,0,1,1,0,0,0,0,1,0,0,0,1
0.00181118,0,1,0,0,0,1,0,0,0,0,0,1,0,0,0,1
0.00181122,0,1,1,0,0,1,0,0,0,0,0,1,0,0,0,1
0.00181124,0,1,0,0,0,1,0,0,0,0,0,1,0,0,0,1
0.00181142,0,1,0,0,0,1,0,0,0,0,0,0,0,0,0,0
0.00181144,0,1,0,0,0,1,0,0,0,1,0,0,0,1,0,0
0.00181196,1,1,1,1,1,1,1,0,0,1,0,0,0,1,0,0
0.00181198,1,1,1,1,1,1,1,1,0,1,0,0,0,1,0,0
0.00181202,1,0,0,0,1,0,1,0,0,1,0,0,0,1,0,0
0.00181206,1,0,1,1,1,0,1,0,0,1,0,0,0,1,0,0
0.00181208,1,1,1,1,1,1,1,1,0,1,0,0,0,1,0,0
0.0018121,1,0,0,0,1,0,1,0,0,1,0,0,0,1,0,0
0.00181214,1,0,1,0,1,0,1,0,0,1,0,0,0,1,0,0
0.00181218,1,0,0,0,1,0,1,0,0,1,0,0,0,1,0,0
0.00181222,1,0,1,0,1,0,1,0,0,1,0,0,0,1,0,0
0.00181224,1,0,0,0,1,0,1,0,0,1,0,0,0,1,0,0
0.00181292,1,1,1,1,1,0,1,0,0,1,0,0,0,1,0,0
0.00181294,1,1,1,1,1,1,1,1,0,1,0,0,0,1,0,0
0.001813,0,0,0,0,0,0,0,1,0,1,0,0,0,1,0,0
0.00181304,0,1,1,0,0,1,0,1,0,1,0,0,0,1,0,0
0.00181306,1,1,1,1,0,1,0,1,0,1,0,0,0,1,0,0
0.00181308,0,1,1,1,0,0,0,1,0,1,0,0,0,1,0,0
0.0018131,0,0,0,0,0,0,0,1,0,1,0,0,0,1,0,0
0.00181312,0,0,1,0,0,0,0,1,0,1,0,0,0,1,0,0
0.00181314,0,0,1,1,0,0,0,1,0,1,0,0,0,1,0,0
0.00181316,0,0,1,0,0,0,0,1,0,1,0,0,0,1,0,0
0.00181318,0,0,0,0,0,0,0,1,0,1,0,0,0,1,0,0
0.0018132,0,0,1,0,0,0,0,1,0,1,0,0,0,1,0,0
0.00181328,0,0,0,0,0,0,0,1,0,1,0,0,0,1,0,0
0.0018133,0,0,1,0,0,0,0,1,0,1,0,0,0,1,0,0
0.00181332,0,0,0,0,0,0,0,1,0,1,0,0,0,1,0,0
0.00181334,0,0,1,0,0,0,0,1,0,1,0,0,0,1,0,0
0.0018134,0,0,0,0,0,0,0,1,0,1,0,0,0,1,0,0
0.00181348,0,0,1,0,0,0,0,1,0,1,0,0,0,1,0,0
0.0018135,0,0,0,0,0,0,0,1,0,1,0,0,0,1,0,0
0.0018139,0,1,1,0,0,0,0,1,0,1,0,0,0,1,0,0
0.00181392,1,1,1,1,1,1,0,0,0,1,0,0,0,1,0,0
0.00181394,0,1,0,0,0,0,0,0,0,1,0,0,0,1,0,0
0.00181398,1,1,1,1,0,0,0,0,0,1,0,0,0,1,0,0
0.001814,0,1,0,0,0,0,0,0,0,1,0,0,0,1,0,0
0.00181494,1,1,1,1,1,1,1,0,0,1,0,0,0,1,0,0
0.00181496,1,1,1,1,1,1,1,1,0,1,0,0,0,1,0,0
0.001815,0,0,1,0,1,0,0,0,0,1,0,0,0,1,0,0
0.00181504,1,0,1,1,1,1,0,0,0,1,0,0,0,1,0,0
0.00181506,1,1,1,1,1,1,1,0,0,1,0,0,0,1,0,0
0.00181508,0,0,1,0,1,0,0,0,0,1,0,0,0,1,0,0
0.00181512,1,0,1,1,1,0,0,0,0,1,0,0,0,1,0,0
0.00181514,0,0,1,0,1,0,0,0,0,1,0,0,0,1,0,0
0.00181532,0,0,1,0,1,0,0,0,0,0,0,0,0,1,0,0
0.00181534,0,0,1,0,1,0,0,0,0,0,1,0,1,0,0,0
0.00181588,1,1,1,1,1,1,1,1,0,0,1,0,1,0,0,0
0.0018169,0,0,0,0,0,0,0,1,0,0,1,0,1,0,0,0
0.00181694,1,1,0,1,0,1,1,1,0,0,1,0,1,0,0,0
0.00181696,1,1,1,1,0,1,1,1,0,0,1,0,1,0,0,0
0.00181698,1,0,1,1,0,1,1,1,0,0,1,0,1,0,0,0
0.001817,0,0,0,0,0,0,0,1,0,0,1,0,1,0,0,0
0.00181702,0,0,0,1,0,0,0,1,0,0,1,0,1,0,0,0
0.00181704,1,0,1,1,0,1,0,1,0,0,1,0,1,0,0,0
0.00181706,0,0,0,1,0,0,0,1,0,0,1,0,1,0,0,0
0.00181708,0,0,0,0,0,0,0,1,0,0,1,0,1,0,0,0
0.0018171,0,0,0,1,0,0,0,1,0,0,1,0,1,0,0,0
0.0018175,0,0,0,0,0,0,0,1,0,0,1,0,1,0,0,0
0.00181754,0,0,0,1,0,0,0,1,0,0,1,0,1,0,0,0
0.00181756,0,0,0,0,0,0,0,1,0,0,1,0,1,0,0,0
0.00181772,0,0,0,1,0,0,0,1,0,0,1,0,1,0,0,0
0.00181774,0,0,0,0,0,0,0,1,0,0,1,0,1,0,0,0
0.0018178,0,0,0,1,0,0,0,1,0,0,1,0,1,0,0,0
0.00181782,1,0,0,0,0,0,0,1,0,0,1,0,1,0,0,0
0.00181784,1,1,1,1,1,1,1,1,0,0,1,0,1,0,0,0
0.00181788,0,0,1,1,1,1,1,0,0,0,1,0,1,0,0,0
0.0018179,0,0,1,1,1,1,0,0,0,0,1,0,1,0,0,0
0.00181792,1,1,1,1,1,1,1,0,0,0,1,0,1,0,0,0
0.00181796,0,0,1,1,1,1,0,0,0,0,1,0,1,0,0,0
0.001818,1,1,1,1,1,1,0,0,0,0,1,0,1,0,0,0
0.00181802,0,0,1,1,1,1,0,0,0,0,1,0,1,0,0,0
0.00181826,0,0,1,1,1,1,0,0,0,0,1,1,1,1,0,0
0.0018188,1,1,1,1,1,1,0,0,0,0,1,1,1,1,0,0
0.00181882,1,1,1,1,1,1,1,0,0,0,1,1,1,1,0,0
0.00181884,1,1,1,0,1,1,1,1,0,0,1,1,1,1,0,0
0.00181886,0,0,0,0,1,0,1,0,0,0,1,1,1,1,0,0
0.0018189,1,1,1,1,1,1,1,0,0,0,1,1,1,1,0,0
0.00181892,1,0,1,0,1,0,1,0,0,0,1,1,1,1,0,0
0.00181894,0,0,0,0,1,0,1,0,0,0,1,1,1,1,0,0
0.00181898,1,0,0,0,1,0,1,0,0,0,1,1,1,1,0,0
0.001819,0,0,0,0,1,0,1,0,0,0,1,1,1,1,0,0
0.00181976,0,1,1,1,1,0,1,0,0,0,1,1,1,1,0,0
0.00181978,1,1,1,1,1,1,1,1,0,0,1,1,1,1,0,0
0.00181984,0,0,0,0,0,0,0,1,0,0,1,1,1,1,0,0
0.00181988,1,1,1,1,0,1,0,1,0,0,1,1,1,1,0,0
0.00181992,0,0,1,1,0,0,0,1,0,0,1,1,1,1,0,0
0.00181994,0,0,0,0,0,0,0,1,0,0,1,1,1,1,0,0
0.00181996,0,0,1,1,0,0,0,1,0,0,1,1,1,1,0,0
0.00181998,1,0,1,1,0,0,0,1,0,0,1,1,1,1,0,0
0.00182,0,0,1,0,0,0,0,1,0,0,1,1,1,1,0,0
0.00182002,0,0,0,0,0,0,0,1,0,0,1,1,1,1,0,0
0.00182004,0,0,1,0,0,0,0,1,0,0,1,1,1,1,0,0
0.00182016,0,0,0,0,0,0,0,1,0,0,1,1,1,1,0,0
0.00182018,0,0,1,0,0,0,0,1,0,0,1,1,1,1,0,0
0.00182024,0,0,0,0,0,0,0,1,0,0,1,1,1,1,0,0
0.00182026,0,0,1,0,0,0,0,1,0,0,1,1,1,1,0,0
0.00182028,0,0,0,0,0,0,0,1,0,0,1,1,1,1,0,0
0.00182074,1,1,1,1,0,0,0,1,0,0,1,1,1,1,0,0
0.00182076,1,1,1,1,1,1,1,1,0,0,1,1,1,1,0,0
0.00182082,0,1,1,0,0,0,0,1,0,0,1,1,1,1,0,0
0.00182088,1,1,1,1,0,1,0,1,0,0,1,1,1,1,0,0
0.0018209,0,1,1,0,0,0,0,1,0,0,1,1,1,1,0,0
0.00182172,1,1,1,1,0,1,0,1,0,0,1,1,1,1,0,0
0.00182174,0,1,1,0,0,0,0,1,0,0,1,1,1,1,0,0
0.00182178,1,1,1,1,1,1,1,1,0,0,1,1,1,1,0,0
0.00182184,1,0,0,0,1,0,1,0,0,0,1,1,1,1,0,0
0.00182188,1,1,1,1,1,1,1,0,0,0,1,1,1,1,0,0
0.0018219,1,0,0,1,1,1,1,0,0,0,1,1,1,1,0,0
0.00182192,1,0,0,0,1,0,1,0,0,0,1,1,1,1,0,0
0.00182268,1,0,0,1,1,0,1,0,0,0,1,1,1,1,0,0
0.0018227,1,1,1,1,1,0,1,1,0,0,1,1,1,1,0,0
0.00182272,1,1,1,1,1,1,1,1,0,0,1,1,1,1,0,0
0.00182278,0,0,0,0,0,0,0,1,0,0,1,1,1,1,0,0
0.00182282,1,1,1,1,0,1,0,1,0,0,1,1,1,1,0,0
0.00182286,0,0,0,0,0,0,0,1,0,0,1,1,1,1,0,0
0.0018229,0,0,1,1,0,1,0,1,0,0,1,1,1,1,0,0
0.00182292,0,0,1,1,0,0,0,1,0,0,1,1,1,1,0,0
0.00182294,0,0,1,0,0,0,0,1,0,0,1,1,1,1,0,0
0.00182298,0,0,1,1,0,0,0,1,0,0,1,1,1,1,0,0
0.001823,0,0,1,0,0,0,0,1,0,0,1,1,1,1,0,0
0.0018231,0,0,0,0,0,0,0,1,0,0,1,1,1,1,0,0
0.00182312,0,0,1,0,0,0,0,1,0,0,1,1,1,1,0,0
0.00182318,0,0,0,0,0,0,0,1,0,0,1,1,1,1,0,0
0.0018232,0,0,1,0,0,0,0,1,0,0,1,1,1,1,0,0
0.00182322,0,0,0,0,0,0,0,1,0,0,1,1,1,1,0,0
0.00182366,0,1,0,1,0,0,0,1,0,0,1,1,1,1,0,0
0.00182368,1,0,1,1,0,1,0,1,0,0,1,1,1,1,0,0
0.0018237,1,1,1,1,1,1,1,1,0,0,1,1,1,1,0,0
0.00182374,0,1,0,0,0,0,0,0,0,0,1,1,1,1,0,0
0.00182378,0,1,0,1,0,1,0,0,0,0,1,1,1,1,0,0
0.0018238,1,1,1,1,1,1,1,0,0,0,1,1,1,1,0,0
0.00182382,0,1,0,0,0,0,0,0,0,0,1,1,1,1,0,0
0.00182388,0,1,1,1,0,0,0,0,0,0,1,1,1,1,0,0
0.0018239,0,1,0,0,0,0,0,0,0,0,1,1,1,1,0,0
0.00182466,1,1,1,1,1,1,1,0,0,0,1,1,1,1,0,0
0.00182468,1,1,1,1,1,1,1,1,0,0,1,1,1,1,0,0
0.0018247,0,1,0,0,0,0,0,0,0,0,1,1,1,1,0,0
0.00182476,0,1,1,1,0,0,0,0,0,0,1,1,1,1,0,0
0.00182478,0,1,0,0,0,0,0,0,0,0,1,1,1,1,0,0
0.00182566,0,1,1,0,0,0,0,1,0,0,1,1,1,1,0,0
0.00182568,0,1,1,1,0,0,0,1,0,0,1,1,1,1,0,0
0.0018257,0,1,1,0,0,0,0,1,0,0,1,1,1,1,0,0
0.00182662,0,1,1,1,1,1,1,1,0,0,1,1,1,1,0,0
0.00182664,1,1,1,1,1,1,1,1,0,0,1,1,1,1,0,0
0.0018276,1,1,1,1,1,0,1,1,0,0,1,1,1,1,0,0
0.00182762,0,1,0,0,1,0,0,0,0,0,1,1,1,1,0,0
0.00182802,0,1,0,0,1,0,0,0,0,0,0,0,1,0,0,0
0.00182804,0,1,0,0,1,0,0,0,0,1,0,0,1,0,0,0
0.00182856,0,1,1,0,1,0,0,0,0,1,0,0,1,0,0,0
0.00182858,1,1,1,1,1,1,1,1,0,1,0,0,1,0,0,0
0.00182862,0,0,0,0,1,0,0,0,0,1,0,0,1,0,0,0
0.00182868,1,1,1,1,1,1,1,0,0,1,0,0,1,0,0,0
0.0018287,0,0,1,0,1,0,0,0,0,1,0,0,1,0,0,0
0.00182872,0,0,0,0,1,0,0,0,0,1,0,0,1,0,0,0
0.00182876,0,0,1,0,1,0,0,0,0,1,0,0,1,0,0,0
0.0018288,0,0,0,0,1,0,0,0,0,1,0,0,1,0,0,0
0.00182884,0,0,1,0,1,0,0,0,0,1,0,0,1,0,0,0
0.00182886,0,0,0,0,1,0,0,0,0,1,0,0,1,0,0,0
0.00182952,1,1,1,1,1,0,0,0,0,1,0,0,1,0,0,0
0.00182954,1,1,1,1,1,1,1,1,0,1,0,0,1,0,0,0
0.0018296,1,0,0,0,1,0,0,0,0,1,0,0,1,0,0,0
0.00182964,1,1,1,1,1,1,1,0,0,1,0,0,1,0,0,0
0.00182968,1,0,0,0,1,0,0,0,0,1,0,0,1,0,0,0
0.00182972,1,1,1,1,1,0,0,0,0,1,0,0,1,0,0,0
0.00182974,1,0,1,0,1,0,0,0,0,1,0,0,1,0,0,0
0.00182976,1,0,0,0,1,0,0,0,0,1,0,0,1,0,0,0
0.0018298,1,0,1,0,1,0,0,0,0,1,0,0,1,0,0,0
0.00182986,1,0,0,0,1,0,0,0,0,1,0,0,1,0,0,0
0.00182998,1,0,0,0,1,0,0,0,1,0,0,0,1,0,0,0
0.00183004,1,0,1,0,1,0,0,0,1,0,0,0,0,0,0,0
0.00183006,1,0,0,0,1,0,0,0,1,0,0,0,1,0,0,0
0.0018305,1,1,1,1,1,0,0,0,1,0,0,0,1,0,0,0
0.00183052,1,1,1,1,1,1,1,1,1,0,0,0,1,0,0,0
0.00183058,0,0,0,0,0,1,0,0,1,0,0,0,1,0,0,0
0.00183062,0,1,1,1,0,1,1,0,1,0,0,0,1,0,0,0
0.00183064,1,1,1,1,0,1,1,1,1,0,0,0,1,0,0,0
0.00183066,0,0,1,0,0,1,0,0,1,0,0,0,1,0,0,0
0.00183068,0,0,0,0,0,1,0,0,1,0,0,0,1,0,0,0
0.0018307,0,1,1,1,0,1,0,0,1,0,0,0,1,0,0,0
0.00183074,0,0,1,1,0,1,0,0,1,0,0,0,1,0,0,0
0.00183076,0,0,1,0,0,1,0,0,1,0,0,0,1,0,0,0
0.00183078,0,0,1,1,0,1,0,0,1,0,0,0,1,0,0,0
0.0018309,0,0,1,0,0,1,0,0,1,0,0,0,1,0,0,0
0.00183092,0,0,1,1,0,1,0,0,1,0,0,0,1,0,0,0
0.00183094,0,0,1,0,0,1,0,0,1,0,0,0,1,0,0,0
0.00183136,0,0,0,0,0,1,0,0,1,0,0,0,1,0,0,0
0.00183138,0,0,1,0,0,1,0,0,1,0,0,0,1,0,0,0
0.0018314,0,0,0,0,0,1,0,0,1,0,0,0,1,0,0,0
0.00183142,0,0,1,0,0,1,0,0,1,0,0,0,1,0,0,0
0.00183146,0,0,0,0,0,1,0,0,1,0,0,0,1,0,0,0
0.00183148,1,1,1,1,1,1,0,0,1,0,0,0,1,0,0,0
0.0018315,1,1,1,1,1,1,1,1,1,0,0,0,1,0,0,0
0.00183156,1,0,0,1,0,0,1,0,1,0,0,0,1,0,0,0
0.0018316,1,1,1,1,1,1,1,1,1,0,0,0,1,0,0,0
0.00183162,1,0,1,1,0,0,1,0,1,0,0,0,1,0,0,0
0.00183164,1,0,0,1,0,0,1,0,1,0,0,0,1,0,0,0
0.00183168,1,0,1,1,0,0,1,0,1,0,0,0,1,0,0,0
0.00183172,1,0,0,1,0,0,1,0,1,0,0,0,1,0,0,0
0.00183176,1,0,1,1,0,0,1,0,1,0,0,0,1,0,0,0
0.00183178,1,0,0,1,0,0,1,0,1,0,0,0,1,0,0,0
0.00183192,1,0,1,1,0,0,1,0,1,0,0,0,0,0,0,0
0.00183194,1,0,0,1,0,0,1,0,1,0,0,1,0,0,1,0
0.00183244,1,0,1,1,0,0,1,0,1,0,0,1,0,0,1,0
0.00183246,1,0,1,0,0,0,0,0,1,0,0,1,0,0,1,0
0.00183248,0,0,0,0,1,0,0,0,1,0,0,1,0,0,1,0
0.00183252,0,1,1,0,1,0,0,0,1,0,0,1,0,0,1,0
0.00183254,0,0,0,0,1,0,0,0,1,0,0,1,0,0,1,0
0.00183342,0,1,1,1,1,0,0,0,1,0,0,1,0,0,1,0
0.00183344,0,0,0,0,1,0,0,0,1,0,0,1,0,0,1,0
0.00183346,1,1,1,0,1,0,0,0,1,0,0,1,0,0,1,0
0.00183348,1,1,1,1,1,1,1,1,1,0,0,1,0,0,1,0
0.0018335,1,1,1,0,1,0,0,0,1,0,0,1,0,0,1,0
0.00183352,0,0,1,0,1,0,0,0,1,0,0,1,0,0,1,0
0.00183388,0,0,1,0,1,0,0,0,0,0,0,0,0,0,0,0
0.0018339,0,0,1,0,1,0,0,0,0,0,1,0,1,0,0,0
0.00183444,1,1,1,1,1,1,1,1,0,0,1,0,1,0,0,0
0.00183448,1,0,1,1,0,0,1,0,0,0,1,0,1,0,0,0
0.00183452,1,1,1,1,0,0,1,0,0,0,1,0,1,0,0,0
0.00183454,1,0,1,1,0,0,1,0,0,0,1,0,1,0,0,0
0.0018354,1,1,1,1,1,1,1,1,0,0,1,0,1,0,0,0
0.00183544,1,1,1,1,1,1,0,0,0,0,1,0,1,0,0,0
0.00183546,1,1,0,1,0,0,0,0,0,0,1,0,1,0,0,0
0.0018355,1,1,1,1,0,1,0,0,0,0,1,0,1,0,0,0
0.00183552,1,1,0,1,0,0,0,0,0,0,1,0,1,0,0,0
0.00183638,1,1,0,1,0,1,0,0,0,0,1,0,1,0,0,0
0.0018364,1,1,1,1,1,1,1,1,0,0,1,0,1,0,0,0
0.00183642,1,1,1,1,0,1,1,1,0,0,1,0,1,0,0,0
0.00183644,1,1,1,0,0,0,0,1,0,0,1,0,1,0,0,0
0.0018368,1,1,1,0,0,0,0,1,0,0,1,0,0,0,0,0
0.00183682,1,1,1,0,0,0,0,1,1,1,1,0,0,0,0,1
0.00183736,1,1,1,1,0,1,0,1,1,1,1,0,0,0,0,1
0.00183738,1,0,1,1,1,1,1,1,1,1,1,0,0,0,0,1
0.0018374,1,0,1,1,0,0,1,0,1,1,1,0,0,0,0,1
0.00183834,1,1,1,1,0,0,1,0,1,1,1,0,0,0,0,1
0.00183836,1,1,0,1,0,0,0,0,1,1,1,0,0,0,0,1
0.00183838,1,1,1,1,0,1,0,1,1,1,1,0,0,0,0,1
0.0018384,1,1,1,1,1,1,1,1,1,1,1,0,0,0,0,1
0.00183842,0,1,0,0,0,1,0,0,1,1,1,0,0,0,0,1
0.00183876,0,1,0,0,0,1,0,0,0,1,0,0,0,0,0,0
0.00183878,0,1,0,0,0,1,0,0,0,1,0,0,0,1,0,0
0.00183932,1,1,1,1,1,1,0,1,0,1,0,0,0,1,0,0
0.00183934,1,1,1,1,1,1,1,1,0,1,0,0,0,1,0,0
0.00183938,0,0,0,0,1,0,1,0,0,1,0,0,0,1,0,0
0.00183942,1,0,1,1,1,1,1,0,0,1,0,0,0,1,0,0
0.00183944,0,0,1,0,1,0,1,0,0,1,0,0,0,1,0,0
0.00183946,0,0,0,0,1,0,1,0,0,1,0,0,0,1,0,0
0.00184026,0,1,0,0,1,0,1,0,0,1,0,0,0,1,0,0
0.00184028,0,1,0,0,1,0,1,1,0,1,0,0,0,1,0,0
0.0018403,1,1,1,1,1,1,1,1,0,1,0,0,0,1,0,0
0.00184032,1,1,1,1,0,0,0,1,0,1,0,0,0,1,0,0
0.00184034,0,0,0,0,0,0,0,1,0,1,0,0,0,1,0,0
0.00184038,1,1,1,1,0,1,0,1,0,1,0,0,0,1,0,0
0.0018404,0,0,0,0,0,0,0,1,0,1,0,0,0,1,0,0
0.00184124,1,1,1,1,0,0,0,1,0,1,0,0,0,1,0,0
0.00184126,1,1,1,1,1,1,1,0,0,1,0,0,0,1,0,0
0.00184128,1,0,1,1,0,0,1,0,0,1,0,0,0,1,0,0
0.00184228,1,1,1,1,1,1,1,1,0,1,0,0,0,1,0,0
0.00184234,0,0,0,1,0,0,0,1,0,1,0,0,0,1,0,0
0.00184238,0,0,1,1,0,1,0,1,0,1,0,0,0,1,0,0
0.00184242,0,0,0,1,0,0,0,1,0,1,0,0,0,1,0,0
0.00184266,0,0,0,1,0,0,0,1,0,0,0,0,0,0,0,0
0.00184268,0,0,0,1,0,0,0,1,0,0,0,1,0,0,0,1
0.00184274,0,0,0,1,0,0,0,1,0,0,0,1,0,0,0,0
0.00184276,0,0,0,1,0,0,0,1,0,0,0,1,0,0,0,1
0.00184322,1,1,1,1,1,1,1,1,0,0,0,1,0,0,0,1
0.00184326,1,1,0,1,0,0,0,0,0,0,0,1,0,0,0,1
0.0018433,1,1,1,1,0,1,0,0,0,0,0,1,0,0,0,1
0.00184334,1,1,0,1,0,0,0,0,0,0,0,1,0,0,0,1
0.00184338,1,1,1,1,0,0,0,0,0,0,0,1,0,0,0,1
0.0018434,1,1,0,1,0,0,0,0,0,0,0,1,0,0,0,1
0.00184424,1,1,0,1,0,1,0,0,0,0,0,1,0,0,0,1
0.00184426,0,1,0,0,0,1,1,1,0,0,0,1,0,0,0,1
0.00184428,0,1,0,0,0,1,0,0,0,0,0,1,0,0,0,1
0.00184432,0,1,1,0,0,1,0,0,0,0,0,1,0,0,0,1
0.00184434,0,1,0,0,0,1,0,0,0,0,0,1,0,0,0,1
0.00184462,0,1,0,0,0,1,0,0,0,0,0,0,0,1,0,0
0.00184464,0,1,0,0,0,1,0,0,0,1,0,0,0,1,0,0
0.00184518,1,1,1,1,1,1,1,1,0,1,0,0,0,1,0,0
0.00184522,1,0,0,0,1,0,1,0,0,1,0,0,0,1,0,0
0.00184528,1,0,1,0,1,1,1,1,0,1,0,0,0,1,0,0
0.0018453,1,0,0,0,1,0,1,0,0,1,0,0,0,1,0,0
0.00184612,1,1,1,1,1,0,1,0,0,1,0,0,0,1,0,0
0.00184614,1,1,1,1,1,1,1,1,0,1,0,0,0,1,0,0
0.0018462,0,0,0,0,0,0,0,1,0,1,0,0,0,1,0,0
0.00184624,1,1,1,1,0,1,0,1,0,1,0,0,0,1,0,0
0.00184626,0,1,1,1,0,1,0,1,0,1,0,0,0,1,0,0
0.00184628,0,0,0,0,0,0,0,1,0,1,0,0,0,1,0,0
0.00184632,0,0,1,0,0,0,0,1,0,1,0,0,0,1,0,0
0.00184636,0,0,0,0,0,0,0,1,0,1,0,0,0,1,0,0
0.0018464,0,0,1,0,0,0,0,1,0,1,0,0,0,1,0,0
0.00184642,0,0,0,0,0,0,0,1,0,1,0,0,0,1,0,0
0.0018471,1,1,1,1,0,0,0,1,0,1,0,0,0,1,0,0
0.00184712,1,1,1,1,1,1,1,0,0,1,0,0,0,1,0,0
0.00184714,1,1,0,1,0,0,0,0,0,1,0,0,0,1,0,0
0.00184718,1,1,1,1,0,1,0,0,0,1,0,0,0,1,0,0
0.0018472,1,1,1,1,0,0,0,0,0,1,0,0,0,1,0,0
0.00184722,1,1,0,1,0,0,0,0,0,1,0,0,0,1,0,0
0.00184814,1,1,1,1,1,1,1,1,0,1,0,0,0,1,0,0
0.0018482,0,0,1,0,1,0,0,0,0,1,0,0,0,1,0,0
0.00184824,1,0,1,0,1,0,0,0,0,1,0,0,0,1,0,0
0.00184826,1,1,1,1,1,1,0,0,0,1,0,0,0,1,0,0
0.00184828,0,0,1,0,1,0,0,0,0,1,0,0,0,1,0,0
0.00184852,0,0,1,0,1,0,0,0,0,0,0,0,0,0,0,0
0.00184854,0,0,1,0,1,0,0,0,0,0,1,0,1,0,0,0
0.00184906,1,1,1,1,1,0,0,0,0,0,1,0,1,0,0,0
0.00184908,1,1,1,1,1,1,1,1,0,0,1,0,1,0,0,0
0.0018501,0,0,0,0,0,0,0,1,0,0,1,0,1,0,0,0
0.00185014,1,1,0,1,0,1,0,1,0,0,1,0,1,0,0,0
0.00185016,1,1,1,1,0,1,1,1,0,0,1,0,1,0,0,0
0.00185018,1,1,1,1,0,1,0,1,0,0,1,0,1,0,0,0
0.0018502,0,0,0,0,0,0,0,1,0,0,1,0,1,0,0,0
0.00185022,0,0,0,1,0,0,0,1,0,0,1,0,1,0,0,0
0.00185024,1,1,1,1,0,0,0,1,0,0,1,0,1,0,0,0
0.00185026,1,0,1,1,0,0,0,1,0,0,1,0,1,0,0,0
0.00185028,0,0,0,0,0,0,0,1,0,0,1,0,1,0,0,0
0.0018503,1,0,0,1,0,0,0,1,0,0,1,0,1,0,0,0
0.00185036,0,0,0,1,0,0,0,1,0,0,1,0,1,0,0,0
0.00185038,1,0,0,1,0,0,0,1,0,0,1,0,1,0,0,0
0.00185042,0,0,0,1,0,0,0,1,0,0,1,0,1,0,0,0
0.00185046,1,0,1,1,0,0,0,1,0,0,1,0,1,0,0,0
0.00185048,1,0,0,1,0,0,0,1,0,0,1,0,1,0,0,0
0.00185052,0,0,0,1,0,0,0,1,0,0,1,0,1,0,0,0
0.00185054,1,0,0,1,0,0,0,1,0,0,1,0,1,0,0,0
0.00185058,1,0,1,1,0,0,0,1,0,0,1,0,1,0,0,0
0.0018506,1,0,0,1,0,0,0,1,0,0,1,0,1,0,0,0
0.00185062,0,0,0,1,0,0,0,1,0,0,1,0,1,0,0,0
0.00185064,1,0,0,1,0,0,0,1,0,0,1,0,1,0,0,0
0.00185066,0,0,0,1,0,0,0,1,0,0,1,0,1,0,0,0
0.00185068,1,0,0,1,0,0,0,1,0,0,1,0,1,0,0,0
0.00185072,0,0,0,1,0,0,0,1,0,0,1,0,1,0,0,0
0.00185074,1,0,0,1,0,0,0,1,0,0,1,0,1,0,0,0
0.00185076,0,0,0,0,0,0,0,1,0,0,1,0,1,0,0,0
0.00185078,0,0,0,1,0,0,0,1,0,0,1,0,1,0,0,0
0.0018508,0,0,0,0,0,0,0,1,0,0,1,0,1,0,0,0
0.00185092,1,0,1,1,0,0,0,1,0,0,1,0,1,0,0,0
0.00185094,0,0,0,0,0,0,0,1,0,0,1,0,1,0,0,0
0.001851,1,1,1,1,0,0,0,1,0,0,1,0,1,0,0,0
0.00185102,1,1,1,1,1,1,1,1,0,0,1,0,1,0,0,0
0.00185108,0,0,1,1,1,1,0,0,0,0,1,0,1,0,0,0
0.00185112,1,1,1,1,1,1,1,0,0,0,1,0,1,0,0,0
0.00185114,0,0,1,1,1,1,0,0,0,0,1,0,1,0,0,0
0.00185146,0,0,1,1,1,1,0,0,0,0,1,1,1,1,0,0
0.00185198,1,1,1,1,1,1,0,0,0,0,1,1,1,1,0,0
0.001852,1,1,1,1,1,1,1,1,0,0,1,1,1,1,0,0
0.00185206,0,0,0,0,1,0,1,0,0,0,1,1,1,1,0,0
0.0018521,1,1,1,1,1,1,1,0,0,0,1,1,1,1,0,0
0.00185214,0,0,0,0,1,0,1,0,0,0,1,1,1,1,0,0
0.00185218,1,1,1,1,1,1,1,0,0,0,1,1,1,1,0,0
0.0018522,1,0,1,1,1,1,1,0,0,0,1,1,1,1,0,0
0.00185222,0,0,0,0,1,0,1,0,0,0,1,1,1,1,0,0
0.00185226,0,0,1,0,1,0,1,0,0,0,1,1,1,1,0,0
0.0018523,0,0,0,0,1,0,1,0,0,0,1,1,1,1,0,0
0.00185234,0,0,1,0,1,0,1,0,0,0,1,1,1,1,0,0
0.00185238,0,0,0,0,1,0,1,0,0,0,1,1,1,1,0,0
0.00185244,0,0,1,0,1,0,1,0,0,0,1,1,1,1,0,0
0.00185246,0,0,0,0,1,0,1,0,0,0,1,1,1,1,0,0
0.00185248,0,0,1,0,1,0,1,0,0,0,1,1,1,1,0,0
0.0018525,0,0,0,0,1,0,1,0,0,0,1,1,1,1,0,0
0.00185296,1,1,1,1,1,0,1,0,0,0,1,1,1,1,0,0
0.00185298,1,1,1,1,1,1,1,1,0,0,1,1,1,1,0,0
0.00185302,0,0,0,0,0,0,0,1,0,0,1,1,1,1,0,0
0.00185306,0,0,1,1,0,1,0,1,0,0,1,1,1,1,0,0
0.00185308,1,1,1,1,0,1,1,1,0,0,1,1,1,1,0,0
0.0018531,0,0,0,0,0,0,0,1,0,0,1,1,1,1,0,0
0.00185314,0,0,0,0,0,1,0,1,0,0,1,1,1,1,0,0
0.00185316,0,0,1,0,0,1,0,1,0,0,1,1,1,1,0,0
0.00185318,0,0,0,0,0,0,0,1,0,0,1,1,1,1,0,0
0.00185396,1,1,1,1,1,1,1,1,0,0,1,1,1,1,0,0
0.001854,1,1,1,1,0,1,1,0,0,0,1,1,1,1,0,0
0.00185402,1,0,1,1,0,0,1,0,0,0,1,1,1,1,0,0
0.00185404,1,1,1,1,0,1,1,0,0,0,1,1,1,1,0,0
0.00185406,1,1,1,1,1,1,1,1,0,0,1,1,1,1,0,0
0.00185408,1,0,1,1,0,0,1,0,0,0,1,1,1,1,0,0
0.00185412,1,1,1,1,0,1,1,0,0,0,1,1,1,1,0,0
0.00185414,1,0,1,1,0,1,1,0,0,0,1,1,1,1,0,0
0.00185416,1,0,1,1,0,0,1,0,0,0,1,1,1,1,0,0
0.00185418,1,0,1,1,0,1,1,0,0,0,1,1,1,1,0,0
0.00185424,1,0,1,1,0,0,1,0,0,0,1,1,1,1,0,0
0.00185426,1,0,1,1,0,1,1,0,0,0,1,1,1,1,0,0
0.0018543,1,0,1,1,0,0,1,0,0,0,1,1,1,1,0,0
0.00185436,1,0,1,1,0,1,1,0,0,0,1,1,1,1,0,0
0.0018544,1,0,1,1,0,0,1,0,0,0,1,1,1,1,0,0
0.0018549,1,0,1,1,0,1,1,0,0,0,1,1,1,1,0,0
0.00185492,1,1,1,1,0,1,1,1,0,0,1,1,1,1,0,0
0.00185494,1,0,1,1,0,0,1,0,0,0,1,1,1,1,0,0
0.00185498,1,1,1,1,1,1,1,0,0,0,1,1,1,1,0,0
0.001855,1,0,0,0,1,0,1,0,0,0,1,1,1,1,0,0
0.00185504,1,1,0,0,1,1,1,1,0,0,1,1,1,1,0,0
0.00185508,1,0,0,0,1,0,1,0,0,0,1,1,1,1,0,0
0.00185512,1,0,0,0,1,1,1,0,0,0,1,1,1,1,0,0
0.00185514,1,0,0,0,1,0,1,0,0,0,1,1,1,1,0,0
0.00185588,1,1,0,0,1,0,1,0,0,0,1,1,1,1,0,0
0.0018559,1,0,1,1,1,0,1,0,0,0,1,1,1,1,0,0
0.00185592,1,1,1,1,1,1,1,1,0,0,1,1,1,1,0,0
0.00185596,0,0,0,0,0,0,0,1,0,0,1,1,1,1,0,0
0.001856,0,0,1,1,0,1,0,1,0,0,1,1,1,1,0,0
0.00185602,0,1,1,1,0,1,0,1,0,0,1,1,1,1,0,0
0.00185604,0,0,0,0,0,0,0,1,0,0,1,1,1,1,0,0
0.00185686,1,1,1,1,0,1,0,1,0,0,1,1,1,1,0,0
0.00185688,0,0,1,0,1,1,0,1,0,0,1,1,1,1,0,0
0.0018569,1,1,1,1,1,1,1,1,0,0,1,1,1,1,0,0
0.00185694,1,1,1,1,0,0,0,0,0,0,1,1,1,1,0,0
0.00185696,1,1,0,1,0,0,0,0,0,0,1,1,1,1,0,0
0.001857,1,1,1,1,0,1,1,0,0,0,1,1,1,1,0,0
0.00185702,1,1,0,1,0,0,0,0,0,0,1,1,1,1,0,0
0.00185786,1,1,1,1,1,1,1,1,0,0,1,1,1,1,0,0
0.0018579,1,1,0,1,0,0,0,0,0,0,1,1,1,1,0,0
0.00185884,1,1,1,1,0,0,0,0,0,0,1,1,1,1,0,0
0.00185886,1,0,1,1,0,0,1,0,0,0,1,1,1,1,0,0
0.00185982,1,0,1,1,0,1,1,0,0,0,1,1,1,1,0,0
0.00185984,1,1,1,1,1,1,1,1,0,0,1,1,1,1,0,0
0.00186082,0,0,0,1,1,0,1,0,0,0,1,1,1,1,0,0
0.00186084,1,1,1,1,1,0,1,0,0,0,1,1,1,1,0,0
0.00186086,1,1,1,1,1,1,1,1,0,0,1,1,1,1,0,0
0.0018609,1,1,1,1,0,1,1,1,0,0,1,1,1,1,0,0
0.00186092,0,1,1,0,0,1,0,1,0,0,1,1,1,1,0,0
0.00186096,1,1,1,0,0,1,0,1,0,0,1,1,1,1,0,0
0.00186098,0,1,1,0,0,1,0,1,0,0,1,1,1,1,0,0
0.00186122,0,1,1,0,0,1,0,1,0,0,1,0,0,1,0,0
0.00186124,0,1,1,0,0,1,0,1,0,1,1,0,0,1,0,1
0.0018613,1,1,1,0,0,1,0,1,0,1,1,0,0,1,0,1
0.00186132,1,1,1,1,0,1,0,1,1,1,1,0,0,1,0,1
0.00186134,0,1,1,0,0,1,0,1,0,1,1,0,0,1,0,1
0.00186138,1,1,1,0,0,1,0,1,0,1,1,0,0,1,0,1
0.0018614,0,1,1,0,0,1,0,1,0,1,1,0,0,1,0,1
0.00186174,0,1,1,1,0,1,0,1,0,1,1,0,0,1,0,1
0.00186176,1,1,1,1,0,1,0,1,0,1,1,0,0,1,0,1
0.00186178,1,1,1,1,1,1,1,1,0,1,1,0,0,1,0,1
0.00186182,0,0,0,0,1,0,1,0,0,1,1,0,0,1,0,1
0.00186186,1,0,1,1,1,1,1,1,0,1,1,0,0,1,0,1
0.0018619,0,0,0,0,1,0,1,0,0,1,1,0,0,1,0,1
0.00186194,1,0,1,0,1,1,1,0,0,1,1,0,0,1,0,1
0.00186196,0,0,1,0,1,0,1,0,0,1,1,0,0,1,0,1
0.00186198,0,0,0,0,1,0,1,0,0,1,1,0,0,1,0,1
0.00186272,1,1,1,1,1,0,1,0,0,1,1,0,0,1,0,1
0.00186274,1,1,1,1,1,1,1,1,0,1,1,0,0,1,0,1
0.0018628,0,0,1,1,0,1,0,1,0,1,1,0,0,1,0,1
0.00186282,0,0,0,0,0,0,0,1,0,1,1,0,0,1,0,1
0.00186284,1,1,1,1,0,1,0,1,0,1,1,0,0,1,0,1
0.00186286,1,1,1,1,0,1,1,1,0,1,1,0,0,1,0,1
0.00186288,1,0,1,1,0,1,0,1,0,1,1,0,0,1,0,1
0.0018629,0,0,0,0,0,0,0,1,0,1,1,0,0,1,0,1
0.00186292,0,0,1,0,0,0,0,1,0,1,1,0,0,1,0,1
0.00186294,1,0,1,1,0,1,0,1,0,1,1,0,0,1,0,1
0.00186296,0,0,1,0,0,1,0,1,0,1,1,0,0,1,0,1
0.00186298,0,0,1,0,0,0,0,1,0,1,1,0,0,1,0,1
0.00186302,0,0,1,0,0,1,0,1,0,1,1,0,0,1,0,1
0.00186304,0,0,1,0,0,0,0,1,0,1,1,0,0,1,0,1
0.00186318,0,0,1,0,0,1,0,1,0,1,1,0,0,1,0,1
0.0018632,0,0,1,0,0,0,0,1,0,1,1,0,0,1,0,1
0.00186346,0,0,0,0,0,0,0,1,0,1,1,0,0,1,0,1
0.0018637,1,0,1,1,0,0,0,1,0,1,1,0,0,1,0,1
0.00186372,1,1,1,1,1,1,1,1,0,1,1,0,0,1,0,1
0.00186378,0,0,0,0,0,0,1,0,0,1,1,0,0,1,0,1
0.0018638,0,0,1,1,0,1,1,0,0,1,1,0,0,1,0,1
0.00186382,1,1,1,1,1,1,1,1,0,1,1,0,0,1,0,1
0.00186384,1,1,1,1,0,1,1,1,0,1,1,0,0,1,0,1
0.00186386,0,0,1,0,0,1,1,0,0,1,1,0,0,1,0,1
0.00186388,0,0,1,1,0,1,1,0,0,1,1,0,0,1,0,1
0.0018639,1,1,1,1,0,1,1,0,0,1,1,0,0,1,0,1
0.00186394,1,0,1,1,0,1,1,0,0,1,1,0,0,1,0,1
0.00186396,0,0,1,1,0,1,1,0,0,1,1,0,0,1,0,1
0.00186398,1,1,1,1,0,1,1,0,0,1,1,0,0,1,0,1
0.00186404,0,0,1,1,0,1,1,0,0,1,1,0,0,1,0,1
0.00186406,1,0,1,1,0,1,1,0,0,1,1,0,0,1,0,1
0.0018641,0,0,1,1,0,1,1,0,0,1,1,0,0,1,0,1
0.00186412,1,0,1,1,0,1,1,0,0,1,1,0,0,1,0,1
0.00186416,0,0,1,1,0,1,1,0,0,1,1,0,0,1,0,1
0.00186454,0,0,1,0,0,1,1,0,0,1,1,0,0,1,0,1
0.00186458,0,0,1,1,0,1,1,0,0,1,1,0,0,1,0,1
0.0018646,0,0,1,0,0,1,1,0,0,1,1,0,0,1,0,1
0.00186466,0,0,1,1,0,1,1,0,0,1,1,0,0,1,0,1
0.00186468,1,1,1,1,1,1,1,1,0,1,1,0,0,1,0,1
0.00186572,0,0,0,0,0,0,1,0,0,1,1,0,0,1,0,1
0.00186574,0,0,1,0,0,1,1,0,0,1,1,0,0,1,0,1
0.00186576,1,1,1,1,1,1,1,1,0,1,1,0,0,1,0,1
0.00186578,1,1,1,1,0,1,1,0,0,1,1,0,0,1,0,1
0.0018658,0,0,0,0,0,0,1,0,0,1,1,0,0,1,0,1
0.00186584,1,1,1,1,0,1,1,0,0,1,1,0,0,1,0,1
0.00186586,0,0,1,1,0,1,1,0,0,1,1,0,0,1,0,1
0.00186588,0,0,1,0,0,1,1,0,0,1,1,0,0,1,0,1
0.0018659,0,0,1,1,0,1,1,0,0,1,1,0,0,1,0,1
0.00186606,0,0,1,1,0,0,1,0,0,1,1,0,0,1,0,1
0.00186608,0,0,1,1,0,1,1,0,0,1,1,0,0,1,0,1
0.00186614,0,0,1,0,0,0,1,0,0,1,1,0,0,1,0,1
0.00186616,0,0,1,1,0,1,1,0,0,1,1,0,0,1,0,1
0.00186618,0,0,1,0,0,0,1,0,0,1,1,0,0,1,0,1
0.0018662,0,0,1,1,0,1,1,0,0,1,1,0,0,1,0,1
0.00186622,0,0,1,0,0,0,1,0,0,1,1,0,0,1,0,1
0.00186658,0,0,0,0,0,0,1,0,0,1,1,0,0,1,0,1
0.0018666,0,0,1,0,0,0,1,0,0,1,1,0,0,1,0,1
0.00186662,0,0,0,0,0,0,1,0,0,1,1,0,0,1,0,1
0.00186664,0,0,1,0,0,0,1,0,0,1,1,0,0,1,0,1
0.00186666,0,0,0,0,0,0,1,0,0,1,1,0,0,1,0,1
0.00186668,0,0,1,0,0,0,1,0,0,1,1,0,0,1,0,1
0.0018667,0,0,0,0,0,0,1,0,0,1,1,0,0,1,0,1
0.00186672,0,1,1,0,0,0,1,0,0,1,1,0,0,1,0,1
0.00186674,0,1,1,0,0,1,1,1,0,1,1,0,0,1,0,1
0.00186676,1,1,1,1,0,1,0,1,0,1,1,0,0,1,0,1
0.00186678,0,1,1,0,0,1,0,1,0,1,1,0,0,1,0,1
0.00186718,0,1,1,0,0,1,1,1,0,1,1,0,0,1,1,1
0.0018672,0,1,1,0,0,1,0,1,0,1,1,0,0,1,0,1
0.0018676,1,1,1,0,0,1,0,1,0,1,1,0,0,1,0,1
0.00186762,1,1,1,1,1,1,0,1,0,1,1,0,0,1,0,1
0.00186764,1,1,1,1,1,1,1,1,0,1,1,0,0,1,0,1
0.00186768,1,0,0,0,1,0,1,0,0,1,1,0,0,1,0,1
0.00186772,1,1,1,1,1,1,1,1,0,1,1,0,0,1,0,1
0.00186774,1,0,0,1,1,1,1,0,0,1,1,0,0,1,0,1
0.00186776,1,0,0,0,1,0,1,0,0,1,1,0,0,1,0,1
0.0018678,1,0,0,1,1,0,1,0,0,1,1,0,0,1,0,1
0.00186782,1,0,0,0,1,0,1,0,0,1,1,0,0,1,0,1
0.00186858,1,1,1,1,1,0,1,0,0,1,1,0,0,1,0,1
0.0018686,1,1,1,1,1,1,1,1,0,1,1,0,0,1,0,1
0.00186866,0,0,0,0,0,0,0,1,0,1,1,0,0,1,0,1
0.0018687,1,1,1,1,0,1,0,1,0,1,1,0,0,1,0,1
0.00186874,0,0,1,0,0,0,0,1,0,1,1,0,0,1,0,1
0.00186876,0,0,0,0,0,0,0,1,0,1,1,0,0,1,0,1
0.00186878,0,0,1,1,0,1,0,1,0,1,1,0,0,1,0,1
0.00186882,0,0,1,0,0,0,0,1,0,1,1,0,0,1,0,1
0.00186886,0,0,1,1,0,0,0,1,0,1,1,0,0,1,0,1
0.00186888,0,0,1,0,0,0,0,1,0,1,1,0,0,1,0,1
0.00186906,0,0,0,0,0,0,0,1,0,1,1,0,0,1,0,1
0.00186908,0,0,1,0,0,0,0,1,0,1,1,0,0,1,0,1
0.0018692,0,0,0,0,0,0,0,1,0,1,1,0,0,1,0,1
0.00186922,0,0,1,0,0,0,0,1,0,1,1,0,0,1,0,1
0.00186924,0,0,0,0,0,0,0,1,0,1,1,0,0,1,0,1
0.0018693,0,0,1,0,0,0,0,1,0,1,1,0,0,1,0,1
0.00186932,0,0,0,0,0,0,0,1,0,1,1,0,0,1,0,1
0.00186956,1,0,1,1,0,0,0,1,0,1,1,0,0,1,0,1
0.00186958,1,1,1,1,1,1,1,1,0,1,1,0,0,1,0,1
0.00186962,0,0,1,1,0,1,1,1,0,1,1,0,0,1,0,1
0.00186964,0,0,0,0,0,0,0,1,0,1,1,0,0,1,0,1
0.00186966,1,1,1,1,0,1,1,1,0,1,1,0,0,1,0,1
0.00186968,1,1,1,1,1,1,1,1,0,1,1,0,0,1,0,1
0.0018697,1,1,1,1,0,1,1,1,0,1,1,0,0,1,0,1
0.00186972,0,0,1,0,0,0,0,1,0,1,1,0,0,1,0,1
0.00186974,1,1,1,1,0,1,0,1,0,1,1,0,0,1,0,1
0.0018698,1,0,1,1,0,1,0,1,0,1,1,0,0,1,0,1
0.00186982,1,1,1,1,0,1,0,1,0,1,1,0,0,1,0,1
0.00186996,1,0,1,1,0,1,0,1,0,1,1,0,0,1,0,1
0.00186998,1,1,1,1,0,1,0,1,0,1,1,0,0,1,0,1
0.00187004,1,0,1,1,0,1,0,1,0,1,1,0,0,1,0,1
0.00187008,1,1,1,1,0,1,0,1,0,1,1,0,0,1,0,1
0.0018701,1,0,1,1,0,1,0,1,0,1,1,0,0,1,0,1
0.00187028,0,0,1,1,0,1,0,1,0,1,1,0,0,1,0,1
0.0018703,0,0,1,1,0,0,0,1,0,1,1,0,0,1,0,1
0.00187044,1,0,1,1,0,0,0,1,0,1,1,0,0,1,0,1
0.00187046,0,0,1,1,0,0,0,1,0,1,1,0,0,1,0,1
0.00187048,0,0,1,0,0,0,0,1,0,1,1,0,0,1,0,1
0.0018705,0,0,1,1,0,0,0,1,0,1,1,0,0,1,0,1
0.00187052,0,0,1,1,0,1,0,1,0,1,1,0,0,1,0,1
0.00187054,1,1,1,1,1,1,1,1,0,1,1,0,0,1,0,1
0.00187158,0,0,0,0,0,0,0,1,0,1,1,0,0,1,0,1
0.0018716,0,0,1,0,0,1,0,1,0,1,1,0,0,1,0,1
0.00187162,1,1,1,1,1,1,1,1,0,1,1,0,0,1,0,1
0.00187164,1,1,1,1,0,1,1,1,0,1,1,0,0,1,0,1
0.00187166,0,0,0,0,0,0,0,1,0,1,1,0,0,1,0,1
0.00187168,0,0,1,0,0,0,0,1,0,1,1,0,0,1,0,1
0.0018717,1,1,1,1,0,1,0,1,0,1,1,0,0,1,0,1
0.00187172,0,0,1,1,0,1,0,1,0,1,1,0,0,1,0,1
0.00187174,0,0,1,0,0,0,0,1,0,1,1,0,0,1,0,1
0.00187178,0,0,1,1,0,1,0,1,0,1,1,0,0,1,0,1
0.0018718,0,0,1,1,0,0,0,1,0,1,1,0,0,1,0,1
0.00187182,0,0,1,0,0,0,0,1,0,1,1,0,0,1,0,1
0.00187184,0,0,1,1,0,0,0,1,0,1,1,0,0,1,0,1
0.0018719,0,0,1,0,0,0,0,1,0,1,1,0,0,1,0,1
0.00187194,0,0,1,1,0,0,0,1,0,1,1,0,0,1,0,1
0.00187196,0,0,1,0,0,0,0,1,0,1,1,0,0,1,0,1
0.00187246,0,0,0,0,0,0,0,1,0,1,1,0,0,1,0,1
0.00187248,0,0,1,0,0,0,0,1,0,1,1,0,0,1,0,1
0.00187252,0,0,0,0,0,0,0,1,0,1,1,0,0,1,0,1
0.00187254,0,0,1,1,0,0,0,1,0,1,1,0,0,1,0,1
0.00187256,0,0,0,0,0,0,0,1,0,1,1,0,0,1,0,1
0.00187258,0,1,1,0,0,1,0,1,0,1,1,0,0,1,0,1
0.0018726,0,1,1,1,0,1,0,1,0,1,1,0,0,1,0,1
0.00187262,1,1,1,1,1,1,1,1,0,1,1,0,0,1,0,1
0.00187264,0,1,1,0,0,1,0,1,0,1,1,0,0,1,0,1
0.00187268,0,1,1,1,0,1,0,1,0,1,1,0,0,1,0,1
0.00187272,0,1,1,0,0,1,0,1,0,1,1,0,0,1,0,1
0.00187348,1,1,1,1,1,1,0,1,0,1,1,0,0,1,0,1
0.0018735,1,1,1,1,1,1,1,1,0,1,1,0,0,1,0,1
0.00187352,1,0,1,1,1,1,1,0,0,1,1,0,0,1,0,1
0.00187354,0,0,0,0,0,0,1,0,0,1,1,0,0,1,0,1
0.00187358,1,0,1,1,0,1,1,0,0,1,1,0,0,1,0,1
0.0018736,1,1,1,1,0,1,1,0,0,1,1,0,0,1,0,1
0.00187362,0,0,0,0,0,0,1,0,0,1,1,0,0,1,0,1
0.00187366,0,0,0,1,0,1,1,0,0,1,1,0,0,1,0,1
0.0018737,0,0,0,1,0,0,1,0,0,1,1,0,0,1,0,1
0.00187372,0,0,0,0,0,0,1,0,0,1,1,0,0,1,0,1
0.00187374,0,0,0,1,0,1,1,0,0,1,1,0,0,1,0,1
0.00187376,0,0,0,1,0,0,1,0,0,1,1,0,0,1,0,1
0.00187386,0,0,0,0,0,0,1,0,0,1,1,0,0,1,0,1
0.00187392,0,0,0,1,0,0,1,0,0,1,1,0,0,1,0,1
0.00187394,0,0,0,0,0,0,1,0,0,1,1,0,0,1,0,1
0.00187444,1,1,1,1,1,1,1,1,0,1,1,0,0,1,0,1
0.00187452,0,0,0,0,0,0,0,1,0,1,1,0,0,1,0,1
0.00187456,1,1,1,1,1,1,1,1,0,1,1,0,0,1,0,1
0.00187458,1,1,1,1,0,1,0,1,0,1,1,0,0,1,0,1
0.0018746,0,0,0,0,0,0,0,1,0,1,1,0,0,1,0,1
0.00187464,1,1,1,1,0,1,0,1,0,1,1,0,0,1,0,1
0.00187466,0,0,1,1,0,1,0,1,0,1,1,0,0,1,0,1
0.00187468,0,0,1,0,0,0,0,1,0,1,1,0,0,1,0,1
0.00187472,0,0,1,1,0,1,0,1,0,1,1,0,0,1,0,1
0.00187476,0,0,1,0,0,0,0,1,0,1,1,0,0,1,0,1
0.00187502,0,0,0,0,0,0,0,1,0,1,1,0,0,1,0,1
0.00187506,0,0,1,0,0,0,0,1,0,1,1,0,0,1,0,1
0.00187508,0,0,0,0,0,0,0,1,0,1,1,0,0,1,0,1
0.00187542,1,1,1,0,0,0,0,1,0,1,1,0,0,1,0,1
0.00187544,1,1,1,1,1,1,1,1,0,1,1,0,0,1,0,1
0.00187548,0,1,1,1,0,1,0,0,0,1,1,0,0,1,0,1
0.00187552,1,1,1,1,0,1,1,0,0,1,1,0,0,1,0,1
0.00187556,0,1,1,1,0,1,0,0,0,1,1,0,0,1,0,1
0.0018756,1,1,1,1,0,1,0,0,0,1,1,0,0,1,0,1
0.00187562,0,1,1,1,0,1,0,0,0,1,1,0,0,1,0,1
0.0018764,1,1,1,1,1,1,1,1,0,1,1,0,0,1,0,1
0.00187742,0,1,1,1,0,1,0,0,0,1,1,0,0,1,0,1
0.00187746,1,1,1,1,0,1,1,0,0,1,1,0,0,1,0,1
0.00187748,0,1,1,1,0,1,0,0,0,1,1,0,0,1,0,1
0.00187846,0,0,1,0,1,0,1,1,0,1,1,0,0,1,0,1
0.00187848,0,0,1,0,1,0,0,0,0,1,1,0,0,1,0,1
0.00187852,1,0,1,0,1,0,1,0,0,1,1,0,0,1,0,1
0.00187854,0,0,1,0,1,0,0,0,0,1,1,0,0,1,0,1
0.0018788,0,0,1,0,1,0,0,0,0,0,1,0,1,0,0,0
0.00187932,1,1,1,1,1,0,0,0,0,0,1,0,1,0,0,0
0.00187934,1,1,1,1,1,1,1,1,0,0,1,0,1,0,0,0
0.00188036,1,1,1,1,0,1,1,1,0,0,1,0,1,0,0,0
0.00188038,0,0,0,0,0,0,0,1,0,0,1,0,1,0,0,0
0.00188042,1,0,1,1,0,1,0,1,0,0,1,0,1,0,0,0
0.00188044,1,0,1,1,0,0,0,1,0,0,1,0,1,0,0,0
0.00188046,0,0,0,0,0,0,0,1,0,0,1,0,1,0,0,0
0.00188128,1,1,1,1,1,0,0,1,0,0,1,0,1,0,0,0
0.0018813,1,1,1,1,1,1,1,1,0,0,1,0,1,0,0,0
0.00188134,1,1,0,0,1,0,0,0,0,0,1,0,1,0,0,0
0.00188138,1,1,1,1,1,1,1,0,0,0,1,0,1,0,0,0
0.00188142,1,1,0,0,1,0,0,0,0,0,1,0,1,0,0,0
0.00188146,1,1,1,0,1,0,0,0,0,0,1,0,1,0,0,0
0.00188148,1,1,0,0,1,0,0,0,0,0,1,0,1,0,0,0
0.00188172,1,1,0,0,1,0,0,0,0,1,0,0,1,0,0,0
0.00188174,1,1,0,0,1,0,0,0,1,1,0,0,1,0,0,0
0.00188228,1,1,1,1,1,1,1,1,1,1,0,0,1,0,0,0
0.00188232,1,0,0,0,1,1,1,0,1,1,0,0,1,0,0,0
0.00188236,1,0,1,1,1,1,1,0,1,1,0,0,1,0,0,0
0.00188238,1,1,1,1,1,1,1,0,1,1,0,0,1,0,0,0
0.0018824,1,0,0,0,1,1,1,0,1,1,0,0,1,0,0,0
0.00188244,1,0,1,0,1,1,1,0,1,1,0,0,1,0,0,0
0.00188246,1,0,0,0,1,1,1,0,1,1,0,0,1,0,0,0
0.00188322,1,1,0,0,1,1,1,0,1,1,0,0,1,0,0,0
0.00188324,1,1,1,1,1,1,1,1,1,1,0,0,1,0,0,0
0.00188326,1,1,1,1,1,1,1,0,1,1,0,0,1,0,0,0
0.00188328,1,1,1,1,1,1,1,1,1,1,0,0,1,0,0,0
0.0018833,0,1,0,0,1,0,0,0,1,1,0,0,1,0,0,0
0.00188334,0,1,1,1,1,1,0,1,1,1,0,0,1,0,0,0
0.00188336,0,1,1,0,1,0,0,0,1,1,0,0,1,0,0,0
0.00188338,0,1,0,0,1,0,0,0,1,1,0,0,1,0,0,0
0.00188368,0,1,0,0,1,0,0,0,0,1,0,0,1,0,0,0
0.00188374,0,1,0,0,1,0,0,0,0,0,0,0,0,0,0,0
0.00188376,0,1,0,0,1,0,0,0,0,1,0,0,1,0,0,0
0.00188422,1,1,1,1,1,0,0,0,0,1,0,0,1,0,0,0
0.00188424,1,1,1,1,1,1,1,1,0,1,0,0,1,0,0,0
0.00188428,1,1,0,0,1,1,0,0,0,1,0,0,1,0,0,0
0.00188432,1,1,1,1,1,1,1,1,0,1,0,0,1,0,0,0
0.00188434,1,1,0,0,1,1,0,0,0,1,0,0,1,0,0,0
0.00188518,1,1,1,1,1,1,0,0,0,1,0,0,1,0,0,0
0.0018852,1,1,1,1,1,1,1,1,0,1,0,0,1,0,0,0
0.00188526,1,0,0,0,1,0,0,0,0,1,0,0,1,0,0,0
0.0018853,1,1,1,1,1,1,1,1,0,1,0,0,1,0,0,0
0.00188532,1,0,1,1,1,0,0,0,0,1,0,0,1,0,0,0
0.00188534,1,0,0,0,1,0,0,0,0,1,0,0,1,0,0,0
0.00188538,1,0,1,1,1,0,0,0,0,1,0,0,1,0,0,0
0.0018854,1,0,1,0,1,0,0,0,0,1,0,0,1,0,0,0
0.00188542,1,0,0,0,1,0,0,0,0,1,0,0,1,0,0,0
0.00188546,1,0,1,0,1,0,0,0,0,1,0,0,1,0,0,0
0.00188548,1,0,0,0,1,0,0,0,0,1,0,0,1,0,0,0
0.00188562,1,0,0,0,1,0,0,0,0,0,0,0,1,0,0,0
0.00188564,1,0,0,0,1,0,0,0,1,0,0,0,1,0,0,0
0.0018857,1,0,0,0,1,0,0,0,0,0,0,0,1,0,0,0
0.00188572,1,0,0,0,1,0,0,0,1,0,0,0,1,0,0,0
0.00188616,1,1,1,1,1,0,0,0,1,0,0,0,1,0,0,0
0.00188618,1,1,1,1,1,1,1,1,1,0,0,0,1,0,0,0
0.00188624,0,0,1,1,1,0,1,0,1,0,0,0,1,0,0,0
0.00188628,1,1,1,1,1,1,1,1,1,0,0,0,1,0,0,0
0.0018863,0,0,1,1,1,0,1,0,1,0,0,0,1,0,0,0
0.00188714,1,1,1,1,1,0,1,0,1,0,0,0,1,0,0,0
0.00188716,1,1,1,1,1,1,1,1,1,0,0,0,1,0,0,0
0.0018872,1,0,1,1,1,1,0,0,1,0,0,0,1,0,0,0
0.00188724,1,1,1,1,1,1,1,1,1,0,0,0,1,0,0,0
0.00188726,1,0,1,1,1,1,0,0,1,0,0,0,1,0,0,0
0.00188758,1,0,1,1,1,1,0,0,1,0,1,1,1,1,0,0
0.00188812,1,0,1,1,1,1,1,1,1,0,1,1,1,1,0,0
0.00188814,1,1,1,1,1,1,1,1,1,0,1,1,1,1,0,0
0.00188818,0,0,0,0,1,0,1,0,1,0,1,1,1,1,0,0
0.00188822,0,1,0,0,1,1,1,1,1,0,1,1,1,1,0,0
0.00188824,1,1,1,1,1,1,1,1,1,0,1,1,1,1,0,0
0.00188826,0,0,0,0,1,1,1,0,1,0,1,1,1,1,0,0
0.00188828,0,0,0,0,1,0,1,0,1,0,1,1,1,1,0,0
0.0018883,0,0,0,0,1,1,1,0,1,0,1,1,1,1,0,0
0.00188836,0,0,0,0,1,0,1,0,1,0,1,1,1,1,0,0
0.00188838,0,0,0,0,1,1,1,0,1,0,1,1,1,1,0,0
0.00188842,0,0,0,0,1,0,1,0,1,0,1,1,1,1,0,0
0.00188844,0,0,0,0,1,1,1,0,1,0,1,1,1,1,0,0
0.0018885,0,0,0,0,1,0,1,0,1,0,1,1,1,1,0,0
0.00188854,0,0,0,0,1,1,1,0,1,0,1,1,1,1,0,0
0.00188858,0,0,0,0,1,0,1,0,1,0,1,1,1,1,0,0
0.00188908,1,1,1,1,1,0,1,0,1,0,1,1,1,1,0,0
0.0018891,1,1,1,1,1,1,1,1,1,0,1,1,1,1,0,0
0.00188914,1,1,1,1,0,1,1,1,1,0,1,1,1,1,0,0
0.00188916,0,0,0,0,0,0,0,1,1,0,1,1,1,1,0,0
0.00188918,0,0,1,0,0,1,0,1,1,0,1,1,1,1,0,0
0.0018892,1,1,1,1,0,1,0,1,1,0,1,1,1,1,0,0
0.00188924,0,0,0,0,0,0,0,1,1,0,1,1,1,1,0,0
0.00188926,0,0,1,0,0,0,0,1,1,0,1,1,1,1,0,0
0.00188928,1,0,1,1,0,1,0,1,1,0,1,1,1,1,0,0
0.00188932,0,0,1,0,0,1,0,1,1,0,1,1,1,1,0,0
0.00188936,0,0,1,1,0,1,0,1,1,0,1,1,1,1,0,0
0.0018894,0,0,1,0,0,1,0,1,1,0,1,1,1,1,0,0
0.00188944,0,0,1,1,0,1,0,1,1,0,1,1,1,1,0,0
0.00188946,0,0,1,0,0,1,0,1,1,0,1,1,1,1,0,0
0.00188948,0,0,1,0,0,0,0,1,1,0,1,1,1,1,0,0
0.0018895,0,0,1,0,0,1,0,1,1,0,1,1,1,1,0,0
0.00188956,0,0,1,0,0,0,0,1,1,0,1,1,1,1,0,0
0.00188978,0,0,0,0,0,0,0,1,1,0,1,1,1,1,0,0
0.0018898,0,0,1,0,0,0,0,1,1,0,1,1,1,1,0,0
0.00188982,0,0,0,0,0,0,0,1,1,0,1,1,1,1,0,0
0.00188984,0,0,1,0,0,0,0,1,1,0,1,1,1,1,0,0
0.00188986,0,0,0,0,0,0,0,1,1,0,1,1,1,1,0,0
0.00189002,0,0,1,0,0,0,0,1,1,0,1,1,1,1,0,0
0.00189004,0,0,0,0,0,0,0,1,1,0,1,1,1,1,0,0
0.00189006,1,1,1,1,0,0,0,1,1,0,1,1,1,1,0,0
0.00189008,1,1,1,1,1,1,1,1,1,0,1,1,1,1,0,0
0.00189014,0,0,0,0,0,0,1,0,1,0,1,1,1,1,0,0
0.00189018,0,0,1,1,0,0,1,0,1,0,1,1,1,1,0,0
0.0018902,1,1,1,1,0,1,1,1,1,0,1,1,1,1,0,0
0.00189022,0,0,0,0,0,0,1,0,1,0,1,1,1,1,0,0
0.00189026,0,0,1,0,0,0,1,0,1,0,1,1,1,1,0,0
0.0018903,0,0,0,0,0,0,1,0,1,0,1,1,1,1,0,0
0.00189104,1,1,1,1,0,1,1,0,1,0,1,1,1,1,0,0
0.00189106,0,0,0,0,0,0,1,0,1,0,1,1,1,1,0,0
0.0018911,1,1,1,1,1,1,1,0,1,0,1,1,1,1,0,0
0.00189112,1,1,1,1,1,1,1,1,1,0,1,1,1,1,0,0
0.00189116,1,0,0,0,1,0,1,0,1,0,1,1,1,1,0,0
0.0018912,1,1,1,1,1,1,1,1,1,0,1,1,1,1,0,0
0.00189122,1,0,0,0,1,0,1,0,1,0,1,1,1,1,0,0
0.00189128,1,0,1,0,1,0,1,0,1,0,1,1,1,1,0,0
0.0018913,1,0,0,0,1,0,1,0,1,0,1,1,1,1,0,0
0.00189204,1,1,1,1,1,1,1,1,1,0,1,1,1,1,0,0
0.00189208,0,0,0,0,0,0,0,1,1,0,1,1,1,1,0,0
0.00189212,0,0,0,1,0,1,0,1,1,0,1,1,1,1,0,0
0.00189214,1,1,1,1,0,1,1,1,1,0,1,1,1,1,0,0
0.00189216,0,0,0,0,0,0,0,1,1,0,1,1,1,1,0,0
0.0018922,0,0,1,0,0,0,0,1,1,0,1,1,1,1,0,0
0.00189222,0,0,1,1,0,1,0,1,1,0,1,1,1,1,0,0
0.00189224,0,0,0,0,0,0,0,1,1,0,1,1,1,1,0,0
0.0018923,0,0,1,0,0,0,0,1,1,0,1,1,1,1,0,0
0.00189232,0,0,0,0,0,0,0,1,1,0,1,1,1,1,0,0
0.00189298,1,1,1,1,0,0,0,1,1,0,1,1,1,1,0,0
0.001893,1,1,1,1,1,1,1,1,1,0,1,1,1,1,0,0
0.00189306,1,1,1,1,0,1,1,1,1,0,1,1,1,1,0,0
0.00189308,0,0,0,0,0,0,0,1,1,0,1,1,1,1,0,0
0.00189312,1,1,1,1,0,1,1,1,1,0,1,1,1,1,0,0
0.00189314,1,1,1,1,0,1,0,1,1,0,1,1,1,1,0,0
0.00189316,0,0,0,0,0,0,0,1,1,0,1,1,1,1,0,0
0.0018932,0,1,1,0,0,0,0,1,1,0,1,1,1,1,0,0
0.00189322,0,0,0,0,0,0,0,1,1,0,1,1,1,1,0,0
0.00189398,1,1,1,1,1,1,1,1,1,0,1,1,1,1,0,0
0.00189402,0,0,0,0,0,0,0,1,1,0,1,1,1,1,0,0
0.00189408,0,1,1,0,0,0,0,1,1,0,1,1,1,1,0,0
0.0018941,0,0,0,0,0,0,0,1,1,0,1,1,1,1,0,0
0.00189498,0,0,1,1,0,1,1,0,1,0,1,1,1,1,0,0
0.001895,0,0,0,0,0,0,1,0,1,0,1,1,1,1,0,0
0.00189594,0,1,1,1,0,1,1,1,1,0,1,1,1,1,0,0
0.00189596,1,1,1,1,0,1,0,0,1,0,1,1,1,1,0,0
0.00189598,0,1,1,1,0,1,0,0,1,0,1,1,1,1,0,0
0.00189696,1,1,1,1,1,1,1,1,1,0,1,1,1,1,0,0
0.00189702,0,1,1,1,1,1,1,1,1,0,1,1,1,1,0,0
0.00189704,0,1,0,0,1,0,1,1,1,0,1,1,1,1,0,0
0.00189734,0,1,0,0,1,0,1,1,0,0,0,0,1,0,0,0
0.00189736,0,1,0,0,1,0,1,1,0,1,0,0,1,0,1,1
0.00189788,0,1,1,1,1,0,1,1,0,1,0,0,1,0,1,1
0.0018979,1,1,1,1,1,1,1,1,0,1,0,0,1,0,1,1
0.00189794,0,1,1,1,0,1,0,0,0,1,0,0,1,0,1,1
0.00189888,1,1,1,1,1,1,1,1,0,1,0,0,1,0,1,1
0.00189984,0,0,0,0,0,0,0,0,0,1,0,0,1,0,1,1
0.00190084,0,1,1,1,0,1,0,0,0,1,0,0,1,0,1,1
0.00190086,0,1,1,1,1,1,1,1,0,1,0,0,1,0,1,1
0.00190088,1,1,1,1,1,1,1,1,0,1,0,0,1,0,1,1
0.00190092,0,1,0,0,1,1,0,0,0,1,0,0,1,0,1,1
0.00190096,1,1,1,1,1,1,0,1,0,1,0,0,1,0,1,1
0.00190098,0,1,0,0,1,1,0,0,0,1,0,0,1,0,1,1
0.00190124,0,1,0,0,1,1,0,0,0,1,0,0,1,0,0,0
0.00190126,0,1,0,0,1,1,0,0,0,1,0,0,1,1,0,0
0.0019018,1,1,1,1,1,1,1,1,0,1,0,0,1,1,0,0
0.00190184,0,0,0,0,1,0,1,0,0,1,0,0,1,1,0,0
0.0019019,1,1,1,1,1,1,1,1,0,1,0,0,1,1,0,0
0.00190192,0,0,0,0,1,0,1,0,0,1,0,0,1,1,0,0
0.00190276,1,1,1,1,1,0,1,0,0,1,0,0,1,1,0,0
0.00190278,1,1,1,1,1,1,1,1,0,1,0,0,1,1,0,0
0.00190282,1,1,0,1,0,0,0,0,0,1,0,0,1,1,0,0
0.00190286,1,1,1,1,0,0,0,0,0,1,0,0,1,1,0,0
0.00190288,1,1,1,1,0,1,0,0,0,1,0,0,1,1,0,0
0.0019029,1,1,0,1,0,0,0,0,0,1,0,0,1,1,0,0
0.00190374,1,1,1,1,0,1,0,0,0,1,0,0,1,1,0,0
0.00190376,1,1,1,1,1,1,1,1,0,1,0,0,1,1,0,0
0.00190476,0,0,0,1,1,0,1,0,0,1,0,0,1,1,0,0
0.00190478,1,1,1,1,1,1,1,1,0,1,0,0,1,1,0,0
0.00190484,0,1,1,0,0,1,0,1,0,1,0,0,1,1,0,0
0.00190516,0,1,1,0,0,1,0,1,0,1,1,0,0,1,0,1
0.00190568,1,1,1,1,0,1,0,1,0,1,1,0,0,1,0,1
0.0019057,1,1,1,1,1,1,1,1,0,1,1,0,0,1,0,1
0.00190576,0,0,0,0,1,0,1,0,0,1,1,0,0,1,0,1
0.0019058,0,0,0,1,1,1,1,1,0,1,1,0,0,1,0,1
0.00190582,1,1,1,1,1,1,1,1,0,1,1,0,0,1,0,1
0.00190584,0,0,0,0,1,1,1,0,0,1,1,0,0,1,0,1
0.00190586,0,0,0,0,1,0,1,0,0,1,1,0,0,1,0,1
0.00190588,0,0,0,0,1,1,1,0,0,1,1,0,0,1,0,1
0.00190592,0,0,0,0,1,0,1,0,0,1,1,0,0,1,0,1
0.00190598,0,0,0,0,1,1,1,0,0,1,1,0,0,1,0,1
0.001906,0,0,0,0,1,0,1,0,0,1,1,0,0,1,0,1
0.00190666,1,1,1,1,1,0,1,1,0,1,1,0,0,1,0,1
0.00190668,1,1,1,1,1,1,1,1,0,1,1,0,0,1,0,1
0.00190672,0,0,0,0,0,0,0,1,0,1,1,0,0,1,0,1
0.00190676,0,0,1,0,0,1,0,1,0,1,1,0,0,1,0,1
0.00190678,1,1,1,1,0,1,1,1,0,1,1,0,0,1,0,1
0.0019068,0,0,0,0,0,0,0,1,0,1,1,0,0,1,0,1
0.00190684,0,0,0,0,0,1,0,1,0,1,1,0,0,1,0,1
0.00190686,0,0,1,0,0,1,0,1,0,1,1,0,0,1,0,1
0.00190688,0,0,0,0,0,1,0,1,0,1,1,0,0,1,0,1
0.0019069,0,0,0,0,0,0,0,1,0,1,1,0,0,1,0,1
0.00190692,0,0,0,0,0,1,0,1,0,1,1,0,0,1,0,1
0.00190704,0,0,0,0,0,0,0,1,0,1,1,0,0,1,0,1
0.00190708,0,0,0,0,0,1,0,1,0,1,1,0,0,1,0,1
0.0019071,0,0,0,0,0,0,0,1,0,1,1,0,0,1,0,1
0.00190712,0,0,0,0,0,1,0,1,0,1,1,0,0,1,0,1
0.00190714,0,0,0,0,0,0,0,1,0,1,1,0,0,1,0,1
0.00190766,1,1,1,1,1,1,1,1,0,1,1,0,0,1,0,1
0.00190772,0,0,0,0,0,0,1,0,0,1,1,0,0,1,0,1
0.00190776,1,0,1,1,0,1,1,1,0,1,1,0,0,1,0,1
0.00190778,0,1,1,1,0,1,1,1,0,1,1,0,0,1,0,1
0.0019078,0,0,0,0,0,0,1,0,0,1,1,0,0,1,0,1
0.00190784,0,0,1,0,0,1,1,0,0,1,1,0,0,1,0,1
0.00190786,0,0,0,0,0,1,1,1,0,1,1,0,0,1,0,1
0.00190788,0,0,0,0,0,0,1,0,0,1,1,0,0,1,0,1
0.00190862,1,1,1,1,1,1,1,1,0,1,1,0,0,1,0,1
0.00190964,0,0,0,0,0,0,1,0,0,1,1,0,0,1,0,1
0.00190968,0,0,1,0,0,1,1,1,0,1,1,0,0,1,0,1
0.0019097,1,1,1,1,1,1,1,1,0,1,1,0,0,1,0,1
0.00190972,0,0,1,1,0,1,1,0,0,1,1,0,0,1,0,1
0.00190974,0,0,0,0,0,0,1,0,0,1,1,0,0,1,0,1
0.00190978,0,0,1,1,0,1,1,0,0,1,1,0,0,1,0,1
0.0019098,0,0,1,0,0,1,1,0,0,1,1,0,0,1,0,1
0.00190982,0,0,0,0,0,0,1,0,0,1,1,0,0,1,0,1
0.00190986,0,0,1,0,0,1,1,0,0,1,1,0,0,1,0,1
0.00190988,0,0,1,0,0,0,1,0,0,1,1,0,0,1,0,1
0.0019099,0,0,0,0,0,0,1,0,0,1,1,0,0,1,0,1
0.00190992,0,0,1,0,0,0,1,0,0,1,1,0,0,1,0,1
0.00190998,0,0,0,0,0,0,1,0,0,1,1,0,0,1,0,1
0.00191002,0,0,1,0,0,0,1,0,0,1,1,0,0,1,0,1
0.00191004,0,0,0,0,0,0,1,0,0,1,1,0,0,1,0,1
0.00191066,0,1,1,0,0,1,1,0,0,1,1,0,0,1,0,1
0.00191068,1,1,1,1,1,1,1,1,0,1,1,0,0,1,0,1
0.0019107,0,1,1,1,0,1,0,1,0,1,1,0,0,1,0,1
0.00191072,0,1,1,0,0,1,0,1,0,1,1,0,0,1,0,1
0.0019111,0,1,1,0,0,1,1,1,0,1,1,0,0,1,0,1
0.00191112,0,1,1,1,0,1,1,1,0,1,1,0,0,1,1,1
0.00191114,0,1,1,0,0,1,0,1,0,1,1,0,0,1,0,1
0.00191154,1,1,1,1,0,1,0,1,0,1,1,0,0,1,0,1
0.00191156,1,1,1,1,1,1,1,1,0,1,1,0,0,1,0,1
0.00191162,1,0,0,0,1,0,1,0,0,1,1,0,0,1,0,1
0.00191166,1,1,1,1,1,1,1,0,0,1,1,0,0,1,0,1
0.0019117,1,0,0,0,1,0,1,0,0,1,1,0,0,1,0,1
0.00191174,1,0,1,1,1,0,1,0,0,1,1,0,0,1,0,1
0.00191176,1,0,0,0,1,0,1,0,0,1,1,0,0,1,0,1
0.00191252,1,1,1,1,1,0,1,1,0,1,1,0,0,1,0,1
0.00191254,1,1,1,1,1,1,1,1,0,1,1,0,0,1,0,1
0.00191258,0,0,0,0,0,0,0,1,0,1,1,0,0,1,0,1
0.00191262,0,0,1,1,0,1,0,1,0,1,1,0,0,1,0,1
0.00191264,1,1,1,1,0,1,0,1,0,1,1,0,0,1,0,1
0.00191266,0,0,0,0,0,0,0,1,0,1,1,0,0,1,0,1
0.00191272,0,0,1,0,0,0,0,1,0,1,1,0,0,1,0,1
0.00191274,0,0,0,0,0,0,0,1,0,1,1,0,0,1,0,1
0.00191352,1,1,1,1,1,1,1,1,0,1,1,0,0,1,0,1
0.00191356,0,0,0,0,0,0,0,1,0,1,1,0,0,1,0,1
0.0019136,1,1,1,1,0,1,1,1,0,1,1,0,0,1,0,1
0.00191362,1,1,1,1,1,1,1,1,0,1,1,0,0,1,0,1
0.00191364,1,1,1,1,0,1,1,1,0,1,1,0,0,1,0,1
0.00191366,0,0,0,0,0,0,0,1,0,1,1,0,0,1,0,1
0.00191368,1,1,1,1,0,0,0,1,0,1,1,0,0,1,0,1
0.0019137,1,1,1,1,0,1,0,1,0,1,1,0,0,1,0,1
0.00191374,0,0,1,1,0,0,0,1,0,1,1,0,0,1,0,1
0.00191376,1,0,1,1,0,0,0,1,0,1,1,0,0,1,0,1
0.00191378,1,1,1,1,0,1,0,1,0,1,1,0,0,1,0,1
0.0019138,1,1,1,1,0,0,0,1,0,1,1,0,0,1,0,1
0.00191382,1,0,1,1,0,0,0,1,0,1,1,0,0,1,0,1
0.0019139,0,0,1,1,0,0,0,1,0,1,1,0,0,1,0,1
0.00191394,1,0,1,1,0,0,0,1,0,1,1,0,0,1,0,1
0.00191398,0,0,1,1,0,0,0,1,0,1,1,0,0,1,0,1
0.00191402,1,0,1,1,0,0,0,1,0,1,1,0,0,1,0,1
0.00191404,0,0,1,1,0,0,0,1,0,1,1,0,0,1,0,1
0.0019141,0,0,1,0,0,0,0,1,0,1,1,0,0,1,0,1
0.00191412,0,0,1,1,0,0,0,1,0,1,1,0,0,1,0,1
0.00191414,0,0,1,0,0,0,0,1,0,1,1,0,0,1,0,1
0.00191446,1,1,1,1,0,1,0,1,0,1,1,0,0,1,0,1
0.00191448,1,1,1,1,1,1,1,1,0,1,1,0,0,1,0,1
0.0019155,0,0,0,0,0,0,0,1,0,1,1,0,0,1,0,1
0.00191554,1,1,1,1,0,1,1,1,0,1,1,0,0,1,0,1
0.00191558,1,0,1,1,0,1,0,1,0,1,1,0,0,1,0,1
0.0019156,0,0,0,0,0,0,0,1,0,1,1,0,0,1,0,1
0.00191562,0,0,1,1,0,0,0,1,0,1,1,0,0,1,0,1
0.00191564,1,0,1,1,0,1,0,1,0,1,1,0,0,1,0,1
0.00191566,0,0,1,1,0,0,0,1,0,1,1,0,0,1,0,1
0.00191568,0,0,1,0,0,0,0,1,0,1,1,0,0,1,0,1
0.00191572,0,0,1,1,0,0,0,1,0,1,1,0,0,1,0,1
0.00191576,0,0,1,0,0,0,0,1,0,1,1,0,0,1,0,1
0.00191588,0,0,1,1,0,0,0,1,0,1,1,0,0,1,0,1
0.0019159,0,0,1,0,0,0,0,1,0,1,1,0,0,1,0,1
0.00191624,0,0,0,0,0,0,0,1,0,1,1,0,0,1,0,1
0.00191628,0,0,1,0,0,0,0,1,0,1,1,0,0,1,0,1
0.00191636,0,0,0,0,0,0,0,1,0,1,1,0,0,1,0,1
0.00191644,0,0,1,0,0,0,0,1,0,1,1,0,0,1,0,1
0.00191646,0,0,0,0,0,0,0,1,0,1,1,0,0,1,0,1
0.00191648,0,0,1,0,0,0,0,1,0,1,1,0,0,1,0,1
0.0019165,0,0,0,0,0,0,0,1,0,1,1,0,0,1,0,1
0.00191652,0,1,1,0,0,1,0,1,0,1,1,0,0,1,0,1
0.00191654,1,1,1,1,0,1,1,1,0,1,1,0,0,1,0,1
0.00191656,1,1,1,1,1,1,1,1,0,1,1,0,0,1,0,1
0.00191658,0,1,1,0,0,1,0,1,0,1,1,0,0,1,0,1
0.00191662,0,1,1,1,0,1,0,1,0,1,1,0,0,1,0,1
0.00191664,0,1,1,0,0,1,0,1,0,1,1,0,0,1,0,1
0.0019174,1,1,1,1,0,1,0,1,0,1,1,0,0,1,0,1
0.00191742,1,1,1,1,1,1,1,1,0,1,1,0,0,1,0,1
0.00191748,0,0,0,0,0,0,1,0,0,1,1,0,0,1,0,1
0.00191752,1,1,1,1,0,1,1,0,0,1,1,0,0,1,0,1
0.00191756,1,1,1,1,0,0,1,0,0,1,1,0,0,1,0,1
0.00191758,0,0,1,1,0,0,1,0,0,1,1,0,0,1,0,1
0.0019176,1,1,1,1,0,0,1,0,0,1,1,0,0,1,0,1
0.00191788,0,0,1,1,0,0,1,0,0,1,1,0,0,1,0,1
0.0019179,1,1,1,1,0,0,1,0,0,1,1,0,0,1,0,1
0.00191796,0,1,1,1,0,0,1,0,0,1,1,0,0,1,0,1
0.00191798,1,1,1,1,0,0,1,0,0,1,1,0,0,1,0,1
0.00191804,0,1,1,1,0,0,1,0,0,1,1,0,0,1,0,1
0.00191812,0,0,1,1,0,0,1,0,0,1,1,0,0,1,0,1
0.00191828,0,1,1,1,0,0,1,0,0,1,1,0,0,1,0,1
0.0019183,0,0,1,1,0,0,1,0,0,1,1,0,0,1,0,1
0.00191836,0,0,1,0,0,0,1,0,0,1,1,0,0,1,0,1
0.00191838,1,1,1,1,0,0,1,1,0,1,1,0,0,1,0,1
0.0019184,1,1,1,1,1,1,1,1,0,1,1,0,0,1,0,1
0.00191844,0,0,0,0,0,0,0,1,0,1,1,0,0,1,0,1
0.00191846,0,1,1,1,0,1,0,1,0,1,1,0,0,1,0,1
0.00191848,1,1,1,1,1,1,1,1,0,1,1,0,0,1,0,1
0.0019185,1,1,1,1,0,1,1,1,0,1,1,0,0,1,0,1
0.00191852,0,0,0,0,0,0,0,1,0,1,1,0,0,1,0,1
0.00191854,0,0,1,1,0,1,0,1,0,1,1,0,0,1,0,1
0.00191856,1,1,1,1,0,1,0,1,0,1,1,0,0,1,0,1
0.0019186,0,0,1,1,0,1,0,1,0,1,1,0,0,1,0,1
0.00191864,1,1,1,1,0,1,0,1,0,1,1,0,0,1,0,1
0.00191866,0,1,1,1,0,1,0,1,0,1,1,0,0,1,0,1
0.00191868,0,0,1,1,0,1,0,1,0,1,1,0,0,1,0,1
0.0019187,0,1,1,1,0,1,0,1,0,1,1,0,0,1,0,1
0.00191872,0,0,1,1,0,1,0,1,0,1,1,0,0,1,0,1
0.0019188,0,1,1,1,0,1,0,1,0,1,1,0,0,1,0,1
0.00191882,1,1,1,1,0,1,0,1,0,1,1,0,0,1,0,1
0.00191884,0,0,1,1,0,1,0,1,0,1,1,0,0,1,0,1
0.00191904,0,0,1,1,0,0,0,1,0,1,1,0,0,1,0,1
0.00191906,0,0,1,0,0,0,0,1,0,1,1,0,0,1,0,1
0.0019191,0,0,1,1,0,0,0,1,0,1,1,0,0,1,0,1
0.00191912,0,0,1,0,0,0,0,1,0,1,1,0,0,1,0,1
0.0019193,0,0,0,0,0,0,0,1,0,1,1,0,0,1,0,1
0.00191932,0,0,1,0,0,0,0,1,0,1,1,0,0,1,0,1
0.00191934,1,1,1,1,0,0,0,1,0,1,1,0,0,1,0,1
0.00191936,1,1,1,1,1,1,1,1,0,1,1,0,0,1,0,1
0.00191942,0,1,1,1,0,1,0,0,0,1,1,0,0,1,0,1
0.00191946,1,1,1,1,1,1,1,0,0,1,1,0,0,1,0,1
0.00191948,1,1,1,1,0,1,0,0,0,1,1,0,0,1,0,1
0.0019195,0,1,1,1,0,1,0,0,0,1,1,0,0,1,0,1
0.00191954,1,1,1,1,0,1,0,0,0,1,1,0,0,1,0,1
0.00191956,0,1,1,1,0,1,0,0,0,1,1,0,0,1,0,1
0.00192034,1,1,1,1,1,1,1,0,0,1,1,0,0,1,0,1
0.00192036,1,1,1,1,1,1,1,1,0,1,1,0,0,1,0,1
0.00192136,0,1,1,1,0,1,0,0,0,1,1,0,0,1,0,1
0.0019214,1,1,1,1,1,1,1,0,0,1,1,0,0,1,0,1
0.00192142,0,1,1,1,0,1,0,0,0,1,1,0,0,1,0,1
0.0019224,0,0,1,0,1,0,0,0,0,1,1,0,0,1,0,1
0.00192272,0,0,1,0,1,0,0,0,0,0,1,0,0,0,0,0
0.00192274,0,0,1,0,1,0,0,0,0,0,1,0,1,0,0,0
0.0019228,0,0,1,0,1,0,0,0,0,0,0,0,0,0,0,0
0.00192282,0,0,1,0,1,0,0,0,0,0,1,0,1,0,0,0
0.00192326,1,1,1,0,1,0,0,0,0,0,1,0,1,0,0,0
0.00192328,1,1,1,1,1,1,1,1,0,0,1,0,1,0,0,0
0.0019243,0,0,0,0,0,0,0,1,0,0,1,0,1,0,0,0
0.00192434,0,0,0,0,0,1,0,1,0,0,1,0,1,0,0,0
0.00192436,1,1,1,1,0,1,1,1,0,0,1,0,1,0,0,0
0.00192438,0,0,0,0,0,0,0,1,0,0,1,0,1,0,0,0
0.0019252,1,0,0,0,0,0,0,1,0,0,1,0,1,0,0,0
0.00192522,0,1,1,1,0,0,0,1,0,0,1,0,1,0,0,0
0.00192524,1,1,1,1,1,1,1,1,0,0,1,0,1,0,0,0
0.00192528,1,1,0,0,1,0,0,0,0,0,1,0,1,0,0,0
0.00192532,1,1,1,1,1,1,1,0,0,0,1,0,1,0,0,0
0.00192536,1,1,0,0,1,0,0,0,0,0,1,0,1,0,0,0
0.0019254,1,1,1,1,1,1,0,0,0,0,1,0,1,0,0,0
0.00192542,1,1,1,0,1,0,0,0,0,0,1,0,1,0,0,0
0.00192566,1,1,0,0,1,0,0,0,1,1,0,0,1,0,0,0
0.0019257,1,1,1,0,1,0,0,0,1,1,0,0,1,0,0,0
0.00192572,1,1,1,0,1,0,0,0,1,0,0,0,0,0,0,0
0.00192574,1,1,0,0,1,0,0,0,1,1,0,0,1,0,0,0
0.00192578,1,1,1,0,1,0,0,0,1,1,0,0,1,0,0,0
0.00192582,1,1,0,0,1,0,0,0,1,1,0,0,1,0,0,0
0.00192588,1,1,1,0,1,0,0,0,1,1,0,0,1,0,0,0
0.0019259,1,1,0,0,1,0,0,0,1,1,0,0,1,0,0,0
0.00192618,1,1,1,1,1,0,0,0,1,1,0,0,1,0,0,0
0.0019262,1,1,1,1,1,1,1,1,1,1,0,0,1,0,0,0
0.00192626,1,0,0,0,1,1,1,0,1,1,0,0,1,0,0,0
0.0019263,1,1,1,1,1,1,1,0,1,1,0,0,1,0,0,0
0.00192632,1,0,0,0,1,1,1,0,1,1,0,0,1,0,0,0
0.00192636,1,0,1,0,1,1,1,0,1,1,0,0,1,0,0,0
0.0019264,1,0,0,0,1,1,1,0,1,1,0,0,1,0,0,0
0.00192716,1,1,1,0,1,1,1,0,1,1,0,0,1,0,0,0
0.00192718,1,0,1,1,1,1,1,1,1,1,0,0,1,0,0,0
0.0019272,1,1,1,1,1,1,1,1,1,1,0,0,1,0,0,0
0.00192724,0,1,0,0,1,0,0,0,1,1,0,0,1,0,0,0
0.00192728,1,1,1,1,1,1,0,0,1,1,0,0,1,0,0,0
0.00192732,0,1,1,0,1,0,0,0,1,1,0,0,1,0,0,0
0.00192734,0,1,0,0,1,0,0,0,1,1,0,0,1,0,0,0
0.00192736,0,1,1,1,1,0,0,0,1,1,0,0,1,0,0,0
0.0019274,0,1,1,0,1,0,0,0,1,1,0,0,1,0,0,0
0.00192744,0,1,1,1,1,0,0,0,1,1,0,0,1,0,0,0
0.00192748,0,1,1,0,1,0,0,0,1,1,0,0,1,0,0,0
0.0019275,0,1,1,1,1,0,0,0,1,1,0,0,1,0,0,0
0.00192754,0,1,1,0,1,0,0,0,1,1,0,0,1,0,0,0
0.0019276,0,1,1,1,1,0,0,0,0,1,0,0,1,0,0,0
0.00192762,0,1,1,0,1,0,0,0,0,1,0,0,1,0,0,0
0.00192766,0,1,1,1,1,0,0,0,0,1,0,0,1,0,0,0
0.00192768,0,1,1,1,1,0,0,0,0,0,0,0,0,0,0,0
0.0019277,0,1,1,0,1,0,0,0,0,1,0,0,1,0,0,0
0.00192774,0,1,1,1,1,0,0,0,0,1,0,0,1,0,0,0
0.00192776,0,1,1,0,1,0,0,0,0,1,0,0,1,0,0,0
0.00192806,0,1,0,0,1,0,0,0,0,1,0,0,1,0,0,0
0.00192814,1,1,1,1,1,0,0,0,0,1,0,0,1,0,0,0
0.00192816,1,1,1,1,1,1,0,0,0,1,0,0,1,0,0,0
0.00192818,1,1,1,1,1,1,1,1,0,1,0,0,1,0,0,0
0.0019282,1,1,0,0,1,1,0,0,0,1,0,0,1,0,0,0
0.00192824,1,1,1,1,1,1,1,0,0,1,0,0,1,0,0,0
0.00192826,1,1,1,1,1,1,0,0,0,1,0,0,1,0,0,0
0.00192828,1,1,0,0,1,1,0,0,0,1,0,0,1,0,0,0
0.00192832,1,1,1,0,1,1,0,0,0,1,0,0,1,0,0,0
0.00192834,1,1,0,0,1,1,0,0,0,1,0,0,1,0,0,0
0.00192912,1,1,0,0,1,1,1,0,0,1,0,0,1,0,0,0
0.00192914,1,1,1,1,1,1,1,1,0,1,0,0,1,0,0,0
0.0019292,1,0,0,0,1,0,0,0,0,1,0,0,1,0,0,0
0.00192924,1,1,1,1,1,1,1,1,0,1,0,0,1,0,0,0
0.00192926,1,1,1,1,1,0,0,0,0,1,0,0,1,0,0,0
0.00192928,1,0,0,0,1,0,0,0,0,1,0,0,1,0,0,0
0.0019293,1,0,1,0,1,0,0,0,0,1,0,0,1,0,0,0
0.00192932,1,0,1,1,1,0,0,0,0,1,0,0,1,0,0,0
0.00192936,1,0,1,0,1,0,0,0,0,1,0,0,1,0,0,0
0.0019294,1,0,1,1,1,0,0,0,0,1,0,0,1,0,0,0
0.00192942,1,0,1,0,1,0,0,0,0,1,0,0,1,0,0,0
0.00192956,1,0,1,0,1,0,0,0,0,0,0,0,1,0,0,0
0.00192958,1,0,1,0,1,0,0,0,1,0,0,0,1,0,0,0
0.00192962,1,0,1,1,1,0,0,0,1,0,0,0,1,0,0,0
0.00192964,1,0,1,0,1,0,0,0,1,0,0,0,1,0,0,0
0.00192966,1,0,0,0,1,0,0,0,1,0,0,0,1,0,0,0
0.00192968,1,0,1,0,1,0,0,0,1,0,0,0,1,0,0,0
0.0019298,1,0,0,0,1,0,0,0,1,0,0,0,1,0,0,0
0.00192982,1,0,1,0,1,0,0,0,1,0,0,0,1,0,0,0
0.00192988,1,0,0,0,1,0,0,0,1,0,0,0,1,0,0,0
0.00193,1,0,1,0,1,0,0,0,1,0,0,0,1,0,0,0
0.00193002,1,0,0,0,1,0,0,0,1,0,0,0,1,0,0,0
0.00193008,1,0,1,1,1,0,0,0,1,0,0,0,1,0,0,0
0.0019301,1,1,1,1,1,1,1,1,1,0,0,0,1,0,0,0
0.00193016,0,0,1,1,1,0,1,0,1,0,0,0,1,0,0,0
0.0019302,1,1,1,1,1,1,1,0,1,0,0,0,1,0,0,0
0.00193022,0,1,1,1,1,0,1,0,1,0,0,0,1,0,0,0
0.00193024,0,0,1,1,1,0,1,0,1,0,0,0,1,0,0,0
0.00193106,1,1,1,1,1,0,1,0,1,0,0,0,1,0,0,0
0.00193108,1,1,1,1,1,1,1,1,1,0,0,0,1,0,0,0
0.00193114,0,1,1,1,1,1,0,0,1,0,0,0,1,0,0,0
0.00193118,1,1,1,1,1,1,0,1,1,0,0,0,1,0,0,0
0.0019312,0,1,1,1,1,1,0,0,1,0,0,0,1,0,0,0
0.00193152,0,1,1,1,1,1,0,0,0,1,1,1,1,1,0,0
0.00193206,1,1,1,1,1,1,1,0,0,1,1,1,1,1,0,0
0.00193208,1,1,1,1,1,1,1,1,0,1,1,1,1,1,0,0
0.0019321,1,0,0,0,1,0,1,1,0,1,1,1,1,1,0,0
0.00193212,0,0,0,0,1,0,1,0,0,1,1,1,1,1,0,0
0.00193216,1,1,1,1,1,1,1,1,0,1,1,1,1,1,0,0
0.00193218,0,0,0,0,1,0,1,0,0,1,1,1,1,1,0,0
0.00193302,1,1,1,1,1,0,1,0,0,1,1,1,1,1,0,0
0.00193304,1,1,1,1,1,1,1,1,0,1,1,1,1,1,0,0
0.00193308,1,1,1,1,0,1,1,1,0,1,1,1,1,1,0,0
0.0019331,0,0,0,0,0,0,0,1,0,1,1,1,1,1,0,0
0.00193314,1,1,1,1,0,1,0,1,0,1,1,1,1,1,0,0
0.00193318,0,0,0,0,0,0,0,1,0,1,1,1,1,1,0,0
0.00193322,0,0,1,1,0,1,0,1,0,1,1,1,1,1,0,0
0.00193324,0,0,1,1,0,0,0,1,0,1,1,1,1,1,0,0
0.00193326,0,0,0,0,0,0,0,1,0,1,1,1,1,1,0,0
0.0019333,0,0,1,0,0,0,0,1,0,1,1,1,1,1,0,0
0.00193334,0,0,0,0,0,0,0,1,0,1,1,1,1,1,0,0
0.00193338,0,0,1,0,0,0,0,1,0,1,1,1,1,1,0,0
0.0019334,0,0,0,0,0,0,0,1,0,1,1,1,1,1,0,0
0.001934,1,1,1,1,0,0,0,1,0,1,1,1,1,1,0,0
0.00193402,1,1,1,1,1,1,1,1,0,1,1,1,1,1,0,0
0.00193406,0,0,1,0,0,1,1,1,0,1,1,1,1,1,0,0
0.00193408,0,0,0,0,0,0,1,0,0,1,1,1,1,1,0,0
0.00193412,1,1,1,1,0,1,1,0,0,1,1,1,1,1,0,0
0.00193414,1,0,1,1,0,1,1,0,0,1,1,1,1,1,0,0
0.00193416,0,0,0,0,0,0,1,0,0,1,1,1,1,1,0,0
0.00193498,1,1,1,1,0,1,1,1,0,1,1,1,1,1,0,0
0.001935,0,0,0,0,0,0,1,0,0,1,1,1,1,1,0,0
0.00193504,1,0,0,0,1,0,1,0,0,1,1,1,1,1,0,0
0.00193506,1,1,1,1,1,1,1,1,0,1,1,1,1,1,0,0
0.00193508,1,0,0,0,1,0,1,0,0,1,1,1,1,1,0,0
0.00193594,1,1,1,1,1,0,1,0,0,1,1,1,1,1,0,0
0.00193596,1,1,1,1,1,1,1,1,0,1,1,1,1,1,0,0
0.00193602,0,0,0,0,0,0,0,1,0,1,1,1,1,1,0,0
0.00193606,0,0,1,1,0,1,0,1,0,1,1,1,1,1,0,0
0.00193608,1,1,1,1,0,1,1,1,0,1,1,1,1,1,0,0
0.0019361,0,0,1,1,0,1,0,1,0,1,1,1,1,1,0,0
0.00193612,0,0,0,0,0,0,0,1,0,1,1,1,1,1,0,0
0.00193614,0,0,1,1,0,0,0,1,0,1,1,1,1,1,0,0
0.0019362,0,0,0,0,0,0,0,1,0,1,1,1,1,1,0,0
0.00193622,0,0,1,0,0,0,0,1,0,1,1,1,1,1,0,0
0.00193624,0,0,1,1,0,0,0,1,0,1,1,1,1,1,0,0
0.00193626,0,0,1,0,0,0,0,1,0,1,1,1,1,1,0,0
0.00193634,0,0,0,0,0,0,0,1,0,1,1,1,1,1,0,0
0.00193638,0,0,1,0,0,0,0,1,0,1,1,1,1,1,0,0
0.00193642,0,0,0,0,0,0,0,1,0,1,1,1,1,1,0,0
0.00193646,0,0,1,0,0,0,0,1,0,1,1,1,1,1,0,0
0.00193648,0,0,0,0,0,0,0,1,0,1,1,1,1,1,0,0
0.00193692,1,1,1,1,1,0,0,1,0,1,1,1,1,1,0,0
0.00193694,1,1,1,1,1,1,1,1,0,1,1,1,1,1,0,0
0.00193698,1,0,0,0,0,1,0,1,0,1,1,1,1,1,0,0
0.001937,0,0,0,0,0,0,0,1,0,1,1,1,1,1,0,0
0.00193704,1,1,1,1,0,1,1,1,0,1,1,1,1,1,0,0
0.00193706,1,0,1,1,0,0,0,1,0,1,1,1,1,1,0,0
0.00193708,0,0,0,0,0,0,0,1,0,1,1,1,1,1,0,0
0.00193712,1,0,0,0,0,0,0,1,0,1,1,1,1,1,0,0
0.00193714,0,0,0,0,0,0,0,1,0,1,1,1,1,1,0,0
0.0019379,1,0,0,0,0,0,0,1,0,1,1,1,1,1,0,0
0.00193792,1,1,1,1,1,1,1,1,0,1,1,1,1,1,0,0
0.00193796,0,0,0,0,0,0,0,1,0,1,1,1,1,1,0,0
0.001938,1,0,0,0,0,0,0,1,0,1,1,1,1,1,0,0
0.00193802,0,0,0,0,0,0,0,1,0,1,1,1,1,1,0,0
0.00193892,1,0,1,0,0,0,1,0,0,1,1,1,1,1,0,0
0.00193894,0,0,0,0,0,0,1,0,0,1,1,1,1,1,0,0
0.00193986,0,0,0,0,0,0,1,1,0,1,1,1,1,1,0,0
0.00193988,0,1,1,1,0,1,1,0,0,1,1,1,1,1,0,0
0.0019399,1,1,1,1,0,1,0,0,0,1,1,1,1,1,0,0
0.00193992,0,1,1,1,0,1,0,0,0,1,1,1,1,1,0,0
0.0019409,1,1,1,1,1,1,1,1,0,1,1,1,1,1,0,0
0.00194092,1,0,0,0,0,0,0,1,0,1,1,1,1,1,0,0
0.00194094,1,0,0,1,0,0,0,1,0,1,1,1,1,1,0,0
0.00194096,1,1,0,0,1,1,1,1,0,1,1,1,1,1,0,0
0.00194098,1,0,0,0,0,0,0,1,0,1,1,1,1,1,0,0
0.00194128,1,0,0,0,0,0,0,1,0,0,0,0,0,0,0,0
0.0019413,1,0,0,0,0,0,0,1,1,0,0,0,0,0,0,1
0.0019418,1,1,1,1,0,0,0,1,1,0,0,0,0,0,0,1
0.00194182,1,1,1,1,1,1,1,1,1,0,0,0,0,0,0,1
0.00194184,0,1,1,1,0,1,0,0,1,0,0,0,0,0,0,1
0.00194284,1,1,1,1,1,1,1,1,1,0,0,0,0,0,0,1
0.0019429,0,1,0,0,1,0,1,1,1,0,0,0,0,0,0,1
0.00194324,0,1,0,0,1,0,1,1,0,1,0,0,1,0,1,1
0.00194376,1,1,1,1,1,0,1,1,0,1,0,0,1,0,1,1
0.00194378,1,1,1,1,1,1,1,1,0,1,0,0,1,0,1,1
0.00194382,1,1,1,1,0,1,0,0,0,1,0,0,1,0,1,1
0.00194384,0,1,1,1,0,1,0,0,0,1,0,0,1,0,1,1
0.00194386,1,1,1,1,0,1,0,0,0,1,0,0,1,0,1,1
0.00194388,0,1,1,1,0,1,0,0,0,1,0,0,1,0,1,1
0.00194474,1,1,1,1,0,1,0,0,0,1,0,0,1,0,1,1
0.00194476,1,1,1,1,1,1,1,0,0,1,0,0,1,0,1,1
0.00194478,1,1,1,1,1,1,1,1,0,1,0,0,1,0,1,1
0.00194572,0,0,0,0,0,0,0,0,0,1,0,0,1,0,1,1
0.00194576,1,0,1,0,0,0,0,0,0,1,0,0,1,0,1,1
0.00194578,0,0,0,0,0,0,0,0,0,1,0,0,1,0,1,1
0.00194668,1,0,1,0,0,0,0,0,0,1,0,0,1,0,1,1
0.0019467,0,0,0,0,0,0,0,0,0,1,0,0,1,0,1,1
0.00194672,0,1,1,1,0,1,0,0,0,1,0,0,1,0,1,1
0.00194674,1,1,1,1,1,1,1,1,0,1,0,0,1,0,1,1
0.0019468,0,1,0,0,1,1,0,0,0,1,0,0,1,0,1,1
0.00194684,0,1,1,0,1,1,0,0,0,1,0,0,1,0,1,1
0.00194686,1,1,1,1,1,1,0,0,0,1,0,0,1,0,1,1
0.00194688,0,1,0,0,1,1,0,0,0,1,0,0,1,0,1,1
0.00194714,0,1,0,0,1,1,0,0,0,1,0,0,1,0,0,0
0.00194716,0,1,0,0,1,1,0,0,0,1,0,0,1,1,0,0
0.00194766,1,1,0,0,1,1,0,0,0,1,0,0,1,1,0,0
0.00194768,1,1,1,1,1,1,0,0,0,1,0,0,1,1,0,0
0.0019477,1,1,1,1,1,1,1,1,0,1,0,0,1,1,0,0
0.00194772,1,1,1,1,1,0,1,1,0,1,0,0,1,1,0,0
0.00194774,1,1,0,0,1,0,1,0,0,1,0,0,1,1,0,0
0.00194778,1,1,1,0,1,0,1,0,0,1,0,0,1,1,0,0
0.0019478,1,1,0,0,1,0,1,0,0,1,0,0,1,1,0,0
0.00194864,1,1,1,1,1,0,1,0,0,1,0,0,1,1,0,0
0.00194866,1,1,1,1,1,1,1,1,0,1,0,0,1,1,0,0
0.0019487,1,1,1,1,0,0,0,0,0,1,0,0,1,1,0,0
0.00194872,1,1,0,1,0,0,0,0,0,1,0,0,1,1,0,0
0.00194876,1,1,1,1,0,1,0,0,0,1,0,0,1,1,0,0
0.00194878,1,1,0,1,0,0,0,0,0,1,0,0,1,1,0,0
0.00194884,1,1,1,1,0,0,0,0,0,1,0,0,1,1,0,0
0.00194886,1,1,0,1,0,0,0,0,0,1,0,0,1,1,0,0
0.00194964,1,1,1,1,1,1,1,1,0,1,0,0,1,1,0,0
0.00195064,0,0,0,1,1,0,1,0,0,1,0,0,1,1,0,0
0.00195068,1,1,1,1,1,1,1,1,0,1,0,0,1,1,0,0
0.0019507,0,1,1,0,0,1,0,1,0,1,0,0,1,1,0,0
0.00195104,0,1,1,0,0,1,0,1,0,1,0,0,0,1,0,0
0.00195106,0,1,1,0,0,1,0,1,0,1,1,0,0,1,0,1
0.00195156,1,1,1,1,0,1,0,1,0,1,1,0,0,1,0,1
0.00195158,1,1,1,1,1,1,1,1,0,1,1,0,0,1,0,1
0.00195164,1,0,0,1,1,0,1,0,0,1,1,0,0,1,0,1
0.00195166,0,0,0,0,1,0,1,0,0,1,1,0,0,1,0,1
0.00195168,0,0,0,0,1,1,1,0,0,1,1,0,0,1,0,1
0.0019517,1,1,1,1,1,1,1,1,0,1,1,0,0,1,0,1
0.00195172,1,0,1,1,1,1,1,0,0,1,1,0,0,1,0,1
0.00195174,0,0,0,0,1,0,1,0,0,1,1,0,0,1,0,1
0.00195176,0,0,0,1,1,0,1,0,0,1,1,0,0,1,0,1
0.00195178,1,0,1,1,1,0,1,0,0,1,1,0,0,1,0,1
0.0019518,0,0,0,1,1,0,1,0,0,1,1,0,0,1,0,1
0.00195182,0,0,0,0,1,0,1,0,0,1,1,0,0,1,0,1
0.00195186,0,0,0,1,1,0,1,0,0,1,1,0,0,1,0,1
0.00195188,0,0,0,0,1,0,1,0,0,1,1,0,0,1,0,1
0.00195256,1,1,1,1,1,0,1,1,0,1,1,0,0,1,0,1
0.00195258,1,1,1,1,1,1,1,1,0,1,1,0,0,1,0,1
0.0019526,0,0,0,0,0,0,0,1,0,1,1,0,0,1,0,1
0.00195266,1,1,1,1,0,1,0,1,0,1,1,0,0,1,0,1
0.00195268,0,0,0,0,0,0,0,1,0,1,1,0,0,1,0,1
0.00195274,0,0,1,0,0,0,0,1,0,1,1,0,0,1,0,1
0.00195276,0,0,0,0,0,0,0,1,0,1,1,0,0,1,0,1
0.00195354,1,1,1,1,1,1,0,1,0,1,1,0,0,1,0,1
0.00195356,1,1,1,1,1,1,1,1,0,1,1,0,0,1,0,1
0.0019536,0,0,0,0,0,0,1,0,0,1,1,0,0,1,0,1
0.00195364,1,1,1,1,0,1,1,0,0,1,1,0,0,1,0,1
0.0019537,0,0,0,0,0,0,1,0,0,1,1,0,0,1,0,1
0.00195372,0,0,1,1,0,1,1,0,0,1,1,0,0,1,0,1
0.00195374,1,1,1,1,0,1,1,0,0,1,1,0,0,1,0,1
0.00195376,0,0,1,1,0,1,1,0,0,1,1,0,0,1,0,1
0.00195378,0,0,1,0,0,0,1,0,0,1,1,0,0,1,0,1
0.00195382,0,0,1,1,0,1,1,0,0,1,1,0,0,1,0,1
0.00195384,0,0,1,0,0,0,1,0,0,1,1,0,0,1,0,1
0.00195424,0,0,0,0,0,0,1,0,0,1,1,0,0,1,0,1
0.0019545,1,1,1,1,1,1,1,0,0,1,1,0,0,1,0,1
0.00195452,1,1,1,1,1,1,1,1,0,1,1,0,0,1,0,1
0.00195554,0,0,0,0,0,0,1,0,0,1,1,0,0,1,0,1
0.00195558,1,1,1,1,1,1,1,1,0,1,1,0,0,1,0,1
0.0019556,1,1,1,1,0,1,1,0,0,1,1,0,0,1,0,1
0.00195562,0,0,0,0,0,0,1,0,0,1,1,0,0,1,0,1
0.00195566,1,0,1,1,0,1,1,0,0,1,1,0,0,1,0,1
0.00195568,0,0,1,1,0,1,1,0,0,1,1,0,0,1,0,1
0.0019557,0,0,1,0,0,0,1,0,0,1,1,0,0,1,0,1
0.00195574,0,0,1,1,0,1,1,0,0,1,1,0,0,1,0,1
0.00195576,0,0,1,1,0,0,1,0,0,1,1,0,0,1,0,1
0.00195578,0,0,1,0,0,0,1,0,0,1,1,0,0,1,0,1
0.0019559,0,0,1,1,0,0,1,0,0,1,1,0,0,1,0,1
0.00195592,0,0,1,0,0,0,1,0,0,1,1,0,0,1,0,1
0.00195614,0,0,0,0,0,0,1,0,0,1,1,0,0,1,0,1
0.00195616,0,0,1,0,0,0,1,0,0,1,1,0,0,1,0,1
0.0019562,0,0,0,0,0,0,1,0,0,1,1,0,0,1,0,1
0.00195626,0,0,1,0,0,0,1,0,0,1,1,0,0,1,0,1
0.00195628,0,0,0,0,0,0,1,0,0,1,1,0,0,1,0,1
0.00195636,0,0,1,0,0,0,1,0,0,1,1,0,0,1,0,1
0.00195638,0,0,0,0,0,0,1,0,0,1,1,0,0,1,0,1
0.00195646,0,0,1,0,0,0,1,0,0,1,1,0,0,1,0,1
0.00195648,0,0,0,0,0,0,1,0,0,1,1,0,0,1,0,1
0.00195654,0,0,1,0,0,0,1,0,0,1,1,0,0,1,0,1
0.00195656,0,1,1,0,0,1,1,1,0,1,1,0,0,1,0,1
0.00195658,1,1,1,1,1,1,0,1,0,1,1,0,0,1,0,1
0.0019566,0,1,1,0,0,1,0,1,0,1,1,0,0,1,0,1
0.001957,0,1,1,0,0,1,1,1,0,1,1,0,0,1,1,1
0.00195702,1,1,1,1,0,1,0,1,0,1,1,0,0,1,0,1
0.00195704,0,1,1,0,0,1,0,1,0,1,1,0,0,1,0,1
0.00195742,1,1,1,1,0,1,0,1,0,1,1,0,0,1,0,1
0.00195744,1,1,1,1,1,1,0,1,0,1,1,0,0,1,0,1
0.00195746,1,1,1,1,1,1,1,1,0,1,1,0,0,1,0,1
0.0019575,1,0,0,0,1,0,1,0,0,1,1,0,0,1,0,1
0.00195754,1,0,1,1,1,1,1,0,0,1,1,0,0,1,0,1
0.00195756,1,1,1,1,1,1,1,1,0,1,1,0,0,1,0,1
0.00195758,1,0,0,0,1,0,1,0,0,1,1,0,0,1,0,1
0.00195762,1,0,1,1,1,0,1,0,0,1,1,0,0,1,0,1
0.00195766,1,0,0,0,1,0,1,0,0,1,1,0,0,1,0,1
0.0019584,1,1,1,1,1,0,1,0,0,1,1,0,0,1,0,1
0.00195842,1,1,1,1,1,1,1,1,0,1,1,0,0,1,0,1
0.00195846,0,0,0,0,0,0,0,1,0,1,1,0,0,1,0,1
0.00195852,1,1,1,1,0,1,0,1,0,1,1,0,0,1,0,1
0.00195854,0,0,1,0,0,0,0,1,0,1,1,0,0,1,0,1
0.00195856,0,0,0,0,0,0,0,1,0,1,1,0,0,1,0,1
0.0019586,0,0,1,0,0,0,0,1,0,1,1,0,0,1,0,1
0.00195862,0,0,0,0,0,0,0,1,0,1,1,0,0,1,0,1
0.0019594,1,1,1,1,1,1,0,1,0,1,1,0,0,1,0,1
0.00195942,1,1,1,1,1,1,1,1,0,1,1,0,0,1,0,1
0.00195946,0,0,0,0,0,0,0,1,0,1,1,0,0,1,0,1
0.0019595,1,1,1,1,0,1,1,1,0,1,1,0,0,1,0,1
0.00195954,0,0,1,0,0,0,0,1,0,1,1,0,0,1,0,1
0.00195958,1,1,1,1,0,1,0,1,0,1,1,0,0,1,0,1
0.00195962,1,1,1,1,0,0,0,1,0,1,1,0,0,1,0,1
0.00195966,1,1,1,1,0,1,0,1,0,1,1,0,0,1,0,1
0.0019597,1,1,1,1,0,0,0,1,0,1,1,0,0,1,0,1
0.00195972,1,0,1,1,0,0,0,1,0,1,1,0,0,1,0,1
0.00195974,1,1,1,1,0,0,0,1,0,1,1,0,0,1,0,1
0.00195978,1,0,1,1,0,0,0,1,0,1,1,0,0,1,0,1
0.0019598,1,1,1,1,0,0,0,1,0,1,1,0,0,1,0,1
0.00195986,1,0,1,1,0,0,0,1,0,1,1,0,0,1,0,1
0.00195994,0,0,1,1,0,0,0,1,0,1,1,0,0,1,0,1
0.00195996,1,0,1,1,0,0,0,1,0,1,1,0,0,1,0,1
0.00196,0,0,1,1,0,0,0,1,0,1,1,0,0,1,0,1
0.00196004,0,0,1,0,0,0,0,1,0,1,1,0,0,1,0,1
0.00196006,0,0,1,1,0,0,0,1,0,1,1,0,0,1,0,1
0.00196008,0,0,1,0,0,0,0,1,0,1,1,0,0,1,0,1
0.0019601,0,0,1,1,0,0,0,1,0,1,1,0,0,1,0,1
0.00196012,0,0,1,0,0,0,0,1,0,1,1,0,0,1,0,1
0.00196034,0,0,1,1,0,0,0,1,0,1,1,0,0,1,0,1
0.00196036,1,1,1,1,1,1,1,1,0,1,1,0,0,1,0,1
0.0019614,0,0,0,0,0,0,0,1,0,1,1,0,0,1,0,1
0.00196144,1,1,1,1,1,1,1,1,0,1,1,0,0,1,0,1
0.00196146,1,1,1,1,0,1,1,1,0,1,1,0,0,1,0,1
0.00196148,0,0,0,0,0,0,0,1,0,1,1,0,0,1,0,1
0.00196152,1,1,1,1,0,1,0,1,0,1,1,0,0,1,0,1
0.00196154,1,0,1,1,0,1,0,1,0,1,1,0,0,1,0,1
0.00196156,0,0,1,0,0,0,0,1,0,1,1,0,0,1,0,1
0.0019616,0,0,1,1,0,0,0,1,0,1,1,0,0,1,0,1
0.00196164,0,0,1,0,0,0,0,1,0,1,1,0,0,1,0,1
0.00196168,0,0,1,1,0,0,0,1,0,1,1,0,0,1,0,1
0.00196172,0,0,1,0,0,0,0,1,0,1,1,0,0,1,0,1
0.00196176,0,0,1,1,0,0,0,1,0,1,1,0,0,1,0,1
0.00196178,0,0,1,0,0,0,0,1,0,1,1,0,0,1,0,1
0.00196226,0,0,0,0,0,0,0,1,0,1,1,0,0,1,0,1
0.0019623,0,0,1,0,0,0,0,1,0,1,1,0,0,1,0,1
0.00196234,0,0,0,0,0,0,0,1,0,1,1,0,0,1,0,1
0.00196236,0,0,1,0,0,0,0,1,0,1,1,0,0,1,0,1
0.00196238,0,0,0,0,0,0,0,1,0,1,1,0,0,1,0,1
0.0019624,0,1,1,0,0,0,0,1,0,1,1,0,0,1,0,1
0.00196242,0,1,1,0,0,1,0,1,0,1,1,0,0,1,0,1
0.00196244,1,1,1,1,1,1,1,1,0,1,1,0,0,1,0,1
0.00196246,0,1,1,0,0,1,0,1,0,1,1,0,0,1,0,1
0.00196252,0,1,1,1,0,1,0,1,0,1,1,0,0,1,0,1
0.00196254,0,1,1,0,0,1,0,1,0,1,1,0,0,1,0,1
0.00196328,1,1,1,1,0,1,0,1,0,1,1,0,0,1,0,1
0.0019633,1,1,1,1,1,1,1,1,0,1,1,0,0,1,0,1
0.00196336,0,0,0,0,0,0,1,0,0,1,1,0,0,1,0,1
0.0019634,1,1,1,1,0,1,1,0,0,1,1,0,0,1,0,1
0.00196342,1,1,1,1,1,1,1,0,0,1,1,0,0,1,0,1
0.00196344,1,1,1,1,0,1,1,0,0,1,1,0,0,1,0,1
0.00196346,0,0,0,0,0,0,1,0,0,1,1,0,0,1,0,1
0.00196348,1,1,1,1,0,0,1,0,0,1,1,0,0,1,0,1
0.00196354,1,0,1,1,0,0,1,0,0,1,1,0,0,1,0,1
0.00196356,1,1,1,1,0,0,1,0,0,1,1,0,0,1,0,1
0.00196372,1,0,1,1,0,0,1,0,0,1,1,0,0,1,0,1
0.00196374,1,1,1,1,0,0,1,0,0,1,1,0,0,1,0,1
0.00196376,0,0,1,1,0,0,1,0,0,1,1,0,0,1,0,1
0.00196378,1,1,1,1,0,0,1,0,0,1,1,0,0,1,0,1
0.00196388,0,0,1,1,0,0,1,0,0,1,1,0,0,1,0,1
0.0019639,1,1,1,1,0,0,1,0,0,1,1,0,0,1,0,1
0.00196392,0,0,1,1,0,0,1,0,0,1,1,0,0,1,0,1
0.00196394,1,1,1,1,0,0,1,0,0,1,1,0,0,1,0,1
0.00196396,0,1,1,1,0,0,1,0,0,1,1,0,0,1,0,1
0.00196398,1,1,1,1,0,0,1,0,0,1,1,0,0,1,0,1
0.001964,0,0,1,1,0,0,1,0,0,1,1,0,0,1,0,1
0.00196404,0,1,1,1,0,0,1,0,0,1,1,0,0,1,0,1
0.00196406,0,0,1,1,0,0,1,0,0,1,1,0,0,1,0,1
0.00196422,0,0,1,0,0,0,1,0,0,1,1,0,0,1,0,1
0.00196426,1,1,1,1,0,0,1,0,0,1,1,0,0,1,0,1
0.00196428,1,1,1,1,1,1,1,1,0,1,1,0,0,1,0,1
0.00196432,0,0,0,0,0,0,0,1,0,1,1,0,0,1,0,1
0.00196436,1,1,1,1,0,1,0,1,0,1,1,0,0,1,0,1
0.00196438,1,1,1,1,1,1,1,1,0,1,1,0,0,1,0,1
0.0019644,0,0,1,0,0,0,0,1,0,1,1,0,0,1,0,1
0.00196442,0,0,0,0,0,0,0,1,0,1,1,0,0,1,0,1
0.00196444,1,1,1,1,0,1,0,1,0,1,1,0,0,1,0,1
0.00196448,0,0,1,1,0,1,0,1,0,1,1,0,0,1,0,1
0.00196452,0,1,1,1,0,1,0,1,0,1,1,0,0,1,0,1
0.00196456,0,0,1,1,0,1,0,1,0,1,1,0,0,1,0,1
0.0019648,0,0,1,1,0,0,0,1,0,1,1,0,0,1,0,1
0.00196482,0,0,1,0,0,0,0,1,0,1,1,0,0,1,0,1
0.00196484,0,0,1,1,0,0,0,1,0,1,1,0,0,1,0,1
0.00196486,0,0,1,1,0,1,0,1,0,1,1,0,0,1,0,1
0.00196488,0,0,1,0,0,0,0,1,0,1,1,0,0,1,0,1
0.00196518,0,0,0,0,0,0,0,1,0,1,1,0,0,1,0,1
0.0019652,0,0,1,0,0,0,0,1,0,1,1,0,0,1,0,1
0.00196524,1,1,1,1,1,1,0,1,0,1,1,0,0,1,0,1
0.00196526,1,1,1,1,1,1,1,1,0,1,1,0,0,1,0,1
0.0019653,1,1,1,1,1,1,1,0,0,1,1,0,0,1,0,1
0.00196532,0,1,1,1,0,1,0,0,0,1,1,0,0,1,0,1
0.00196536,1,1,1,1,1,1,1,0,0,1,1,0,0,1,0,1
0.00196538,0,1,1,1,0,1,0,0,0,1,1,0,0,1,0,1
0.00196622,1,1,1,1,0,1,1,0,0,1,1,0,0,1,0,1
0.00196624,1,1,1,1,1,1,1,1,0,1,1,0,0,1,0,1
0.00196724,1,1,1,1,0,1,1,0,0,1,1,0,0,1,0,1
0.00196726,0,1,1,1,0,1,0,0,0,1,1,0,0,1,0,1
0.0019673,1,1,1,1,0,1,1,0,0,1,1,0,0,1,0,1
0.00196732,0,1,1,1,0,1,0,0,0,1,1,0,0,1,0,1
0.00196828,1,0,1,0,1,1,1,1,0,1,1,0,0,1,0,1
0.0019683,0,0,1,0,1,0,0,0,0,1,1,0,0,1,0,1
0.00196834,1,0,1,0,1,0,1,0,0,1,1,0,0,1,0,1
0.00196836,0,0,1,0,1,0,0,0,0,1,1,0,0,1,0,1
0.00196862,0,0,1,0,1,0,0,0,0,0,1,0,0,0,0,0
0.00196864,0,0,1,0,1,0,0,0,0,0,1,0,1,0,0,0
0.00196914,1,1,1,0,1,0,0,0,0,0,1,0,1,0,0,0
0.00196916,1,1,1,1,1,1,1,1,0,0,1,0,1,0,0,0
0.00197018,0,0,0,1,0,1,1,1,0,0,1,0,1,0,0,0
0.0019702,0,0,0,0,0,0,0,1,0,0,1,0,1,0,0,0
0.00197024,1,0,1,1,0,1,1,1,0,0,1,0,1,0,0,0
0.00197026,0,0,1,1,0,1,0,1,0,0,1,0,1,0,0,0
0.00197028,0,0,0,0,0,0,0,1,0,0,1,0,1,0,0,0
0.0019711,1,1,1,0,0,0,0,1,0,0,1,0,1,0,0,0
0.00197112,1,1,1,1,1,1,1,1,0,0,1,0,1,0,0,0
0.00197116,1,1,1,1,1,1,1,0,0,0,1,0,1,0,0,0
0.00197118,1,1,0,0,1,0,0,0,0,0,1,0,1,0,0,0
0.0019712,1,1,1,0,1,0,0,0,0,0,1,0,1,0,0,0
0.00197122,1,1,1,1,1,1,1,0,0,0,1,0,1,0,0,0
0.00197124,1,1,1,0,1,0,0,0,0,0,1,0,1,0,0,0
0.00197126,1,1,0,0,1,0,0,0,0,0,1,0,1,0,0,0
0.00197128,1,1,1,0,1,0,0,0,0,0,1,0,1,0,0,0
0.0019713,1,1,1,1,1,1,0,0,0,0,1,0,1,0,0,0
0.00197132,1,1,1,0,1,0,0,0,0,0,1,0,1,0,0,0
0.00197134,1,1,0,0,1,0,0,0,0,0,1,0,1,0,0,0
0.00197136,1,1,1,0,1,0,0,0,0,0,1,0,1,0,0,0
0.0019715,1,1,0,0,1,0,0,0,0,0,1,0,1,0,0,0
0.00197152,1,1,1,0,1,0,0,0,0,0,1,0,1,0,0,0
0.00197154,1,1,1,0,1,0,0,0,0,0,0,0,1,0,0,0
0.00197156,1,1,0,0,1,0,0,0,1,1,0,0,1,0,0,0
0.0019716,1,1,1,0,1,0,0,0,1,1,0,0,1,0,0,0
0.00197162,1,1,0,0,1,0,0,0,0,1,0,0,1,0,0,0
0.00197164,1,1,0,0,1,0,0,0,1,1,0,0,1,0,0,0
0.00197168,1,1,1,0,1,0,0,0,1,1,0,0,1,0,0,0
0.0019717,1,1,0,0,1,0,0,0,1,1,0,0,1,0,0,0
0.00197208,1,1,1,1,1,1,1,0,1,1,0,0,1,0,0,0
0.0019721,1,1,1,1,1,1,1,1,1,1,0,0,1,0,0,0
0.00197214,1,0,0,0,1,1,1,0,1,1,0,0,1,0,0,0
0.00197218,1,1,1,1,1,1,1,0,1,1,0,0,1,0,0,0
0.0019722,1,0,1,1,1,1,1,0,1,1,0,0,1,0,0,0
0.00197222,1,0,0,0,1,1,1,0,1,1,0,0,1,0,0,0
0.00197226,1,0,1,1,1,1,1,0,1,1,0,0,1,0,0,0
0.00197228,1,0,0,0,1,1,1,0,1,1,0,0,1,0,0,0
0.00197304,1,1,0,0,1,1,1,0,1,1,0,0,1,0,0,0
0.00197306,1,1,1,1,1,1,1,0,1,1,0,0,1,0,0,0
0.00197308,1,1,1,1,1,1,1,1,1,1,0,0,1,0,0,0
0.00197312,0,1,1,0,1,0,0,0,1,1,0,0,1,0,0,0
0.00197314,0,1,0,0,1,0,0,0,1,1,0,0,1,0,0,0
0.00197316,0,1,1,0,1,0,0,0,1,1,0,0,1,0,0,0
0.00197318,1,1,1,1,1,1,1,1,1,1,0,0,1,0,0,0
0.0019732,0,1,1,1,1,0,0,0,1,1,0,0,1,0,0,0
0.00197322,0,1,0,0,1,0,0,0,1,1,0,0,1,0,0,0
0.00197324,0,1,1,1,1,0,0,0,1,1,0,0,1,0,0,0
0.0019733,0,1,1,0,1,0,0,0,1,1,0,0,1,0,0,0
0.00197332,0,1,1,1,1,0,0,0,1,1,0,0,1,0,0,0
0.00197336,0,1,1,0,1,0,0,0,1,1,0,0,1,0,0,0
0.0019735,0,1,1,0,1,0,0,0,0,1,0,0,1,0,0,0
0.0019739,0,1,0,0,1,0,0,0,0,1,0,0,1,0,0,0
0.00197394,0,1,1,0,1,0,0,0,0,1,0,0,1,0,0,0
0.00197398,0,1,0,0,1,0,0,0,0,1,0,0,1,0,0,0
0.001974,0,1,1,0,1,0,0,0,0,1,0,0,1,0,0,0
0.00197402,1,1,0,0,1,0,0,0,0,1,0,0,1,0,0,0
0.00197404,1,1,0,1,1,0,0,0,0,1,0,0,1,0,0,0
0.00197406,1,1,0,1,1,1,0,0,0,1,0,0,1,0,0,0
0.00197408,1,1,1,0,1,1,1,1,0,1,0,0,1,0,0,0
0.0019741,1,1,0,0,1,1,0,0,0,1,0,0,1,0,0,0
0.00197412,1,1,1,0,1,1,0,0,0,1,0,0,1,0,0,0
0.00197414,1,1,1,1,1,1,0,0,0,1,0,0,1,0,0,0
0.00197416,1,1,0,0,1,1,0,0,0,1,0,0,1,0,0,0
0.0019742,1,1,1,0,1,1,0,0,0,1,0,0,1,0,0,0
0.00197422,1,1,0,0,1,1,0,0,0,1,0,0,1,0,0,0
0.001975,1,1,1,0,1,1,0,0,0,1,0,0,1,0,0,0
0.00197502,1,1,0,1,1,1,1,1,0,1,0,0,1,0,0,0
0.00197504,1,1,1,1,1,1,1,1,0,1,0,0,1,0,0,0
0.00197508,1,0,0,0,1,0,0,0,0,1,0,0,1,0,0,0
0.00197512,1,1,1,1,1,1,1,0,0,1,0,0,1,0,0,0
0.00197516,1,0,1,0,1,0,0,0,0,1,0,0,1,0,0,0
0.00197518,1,0,0,0,1,0,0,0,0,1,0,0,1,0,0,0
0.0019752,1,0,1,1,1,0,0,0,0,1,0,0,1,0,0,0
0.00197524,1,0,1,0,1,0,0,0,0,1,0,0,1,0,0,0
0.00197528,1,0,1,1,1,0,0,0,0,1,0,0,1,0,0,0
0.00197532,1,0,1,0,1,0,0,0,0,1,0,0,1,0,0,0
0.00197544,1,0,1,0,1,0,0,0,0,0,0,0,1,0,0,0
0.00197546,1,0,1,0,1,0,0,0,1,0,0,0,1,0,0,0
0.0019755,1,0,1,1,1,0,0,0,1,0,0,0,1,0,0,0
0.00197552,1,0,1,0,1,0,0,0,0,0,0,0,0,0,0,0
0.00197554,1,0,1,0,1,0,0,0,1,0,0,0,1,0,0,0
0.00197556,1,0,0,0,1,0,0,0,1,0,0,0,1,0,0,0
0.00197558,1,0,1,0,1,0,0,0,1,0,0,0,1,0,0,0
0.00197562,1,0,0,0,1,0,0,0,1,0,0,0,1,0,0,0
0.00197564,1,0,1,0,1,0,0,0,1,0,0,0,1,0,0,0
0.00197568,1,0,0,0,1,0,0,0,1,0,0,0,1,0,0,0
0.0019757,1,0,1,0,1,0,0,0,1,0,0,0,1,0,0,0
0.00197572,1,0,0,0,1,0,0,0,1,0,0,0,1,0,0,0
0.00197574,1,0,1,0,1,0,0,0,1,0,0,0,1,0,0,0
0.00197576,1,0,0,0,1,0,0,0,1,0,0,0,1,0,0,0
0.00197578,1,0,1,0,1,0,0,0,1,0,0,0,1,0,0,0
0.0019758,1,0,0,0,1,0,0,0,1,0,0,0,1,0,0,0
0.00197598,1,1,1,1,1,0,0,0,1,0,0,0,1,0,0,0
0.001976,1,1,1,1,1,1,1,1,1,0,0,0,1,0,0,0
0.00197604,1,1,1,1,1,1,1,0,1,0,0,0,1,0,0,0
0.00197606,0,0,1,1,1,0,1,0,1,0,0,0,1,0,0,0
0.0019761,1,1,1,1,1,1,1,0,1,0,0,0,1,0,0,0
0.00197612,0,0,1,1,1,0,1,0,1,0,0,0,1,0,0,0
0.00197696,1,1,1,1,1,0,1,0,1,0,0,0,1,0,0,0
0.00197698,1,0,1,1,1,1,1,1,1,0,0,0,1,0,0,0
0.001977,1,1,1,1,1,1,1,1,1,0,0,0,1,0,0,0
0.00197702,1,1,1,1,1,1,0,0,1,0,0,0,1,0,0,0
0.0019774,1,1,1,1,1,1,0,0,1,1,1,1,1,1,0,0
0.0019775,1,1,1,1,1,1,1,1,1,1,1,1,1,1,0,0
0.00197752,1,1,1,1,1,1,0,0,1,1,1,1,1,1,0,0
0.00197796,1,1,1,1,1,1,1,0,1,1,1,1,1,1,0,0
0.00197798,1,1,1,1,1,1,1,1,1,1,1,1,1,1,0,0
0.001978,0,0,0,0,1,0,1,0,1,1,1,1,1,1,0,0
0.00197804,0,0,0,1,1,1,1,1,1,1,1,1,1,1,0,0
0.00197806,0,1,1,1,1,1,1,1,1,1,1,1,1,1,0,0
0.00197808,0,0,0,0,1,0,1,0,1,1,1,1,1,1,0,0
0.00197892,1,1,1,1,1,0,1,1,1,1,1,1,1,1,0,0
0.00197894,1,1,1,1,1,1,1,1,1,1,1,1,1,1,0,0
0.00197898,0,0,0,0,0,0,0,1,1,1,1,1,1,1,0,0
0.00197902,1,1,1,1,0,1,0,1,1,1,1,1,1,1,0,0
0.00197906,0,0,1,0,0,0,0,1,1,1,1,1,1,1,0,0
0.00197908,0,0,0,0,0,0,0,1,1,1,1,1,1,1,0,0
0.0019791,0,0,1,1,0,1,0,1,1,1,1,1,1,1,0,0
0.00197914,0,0,1,0,0,0,0,1,1,1,1,1,1,1,0,0
0.00197916,0,0,0,0,0,0,0,1,1,1,1,1,1,1,0,0
0.00197918,0,0,1,0,0,0,0,1,1,1,1,1,1,1,0,0
0.0019793,0,0,0,0,0,0,0,1,1,1,1,1,1,1,0,0
0.00197932,0,0,1,0,0,0,0,1,1,1,1,1,1,1,0,0
0.00197938,0,0,0,0,0,0,0,1,1,1,1,1,1,1,0,0
0.00197942,0,0,1,0,0,0,0,1,1,1,1,1,1,1,0,0
0.00197946,0,0,0,0,0,0,0,1,1,1,1,1,1,1,0,0
0.00197988,1,0,1,0,0,0,0,1,1,1,1,1,1,1,0,0
0.0019799,1,1,1,1,0,1,0,1,1,1,1,1,1,1,0,0
0.00197992,1,1,1,1,1,1,1,1,1,1,1,1,1,1,0,0
0.00197996,1,0,0,0,0,0,1,0,1,1,1,1,1,1,0,0
0.00197998,0,0,0,0,0,0,1,0,1,1,1,1,1,1,0,0
0.00198,0,0,1,0,0,1,1,0,1,1,1,1,1,1,0,0
0.00198002,0,1,1,1,0,1,1,0,1,1,1,1,1,1,0,0
0.00198004,0,0,0,0,0,0,1,0,1,1,1,1,1,1,0,0
0.00198008,0,0,1,0,0,1,1,0,1,1,1,1,1,1,0,0
0.00198012,0,0,0,0,0,0,1,0,1,1,1,1,1,1,0,0
0.00198018,0,0,0,0,0,1,1,0,1,1,1,1,1,1,0,0
0.0019802,0,0,0,0,0,0,1,0,1,1,1,1,1,1,0,0
0.00198086,0,1,1,1,0,1,1,0,1,1,1,1,1,1,0,0
0.00198088,0,0,1,0,0,1,1,0,1,1,1,1,1,1,0,0
0.0019809,0,0,0,0,0,0,1,0,1,1,1,1,1,1,0,0
0.00198092,1,0,0,0,1,0,1,0,1,1,1,1,1,1,0,0
0.00198094,1,1,1,1,1,1,1,0,1,1,1,1,1,1,0,0
0.00198098,1,0,0,0,1,0,1,0,1,1,1,1,1,1,0,0
0.00198184,1,1,1,1,1,0,1,0,1,1,1,1,1,1,0,0
0.00198186,1,1,1,1,1,1,1,1,1,1,1,1,1,1,0,0
0.00198192,0,0,0,0,0,0,0,1,1,1,1,1,1,1,0,0
0.00198196,1,1,1,1,0,1,0,1,1,1,1,1,1,1,0,0
0.00198198,1,1,1,1,0,1,1,1,1,1,1,1,1,1,0,0
0.001982,0,0,0,0,0,0,0,1,1,1,1,1,1,1,0,0
0.00198204,0,0,1,1,0,1,0,1,1,1,1,1,1,1,0,0
0.00198208,0,0,1,0,0,0,0,1,1,1,1,1,1,1,0,0
0.00198212,0,0,1,1,0,0,0,1,1,1,1,1,1,1,0,0
0.00198216,0,0,1,0,0,0,0,1,1,1,1,1,1,1,0,0
0.0019822,0,0,1,1,0,0,0,1,1,1,1,1,1,1,0,0
0.00198224,0,0,1,0,0,0,0,1,1,1,1,1,1,1,0,0
0.00198226,0,0,1,1,0,0,0,1,1,1,1,1,1,1,0,0
0.00198228,0,0,1,0,0,0,0,1,1,1,1,1,1,1,0,0
0.0019825,0,0,0,0,0,0,0,1,1,1,1,1,1,1,0,0
0.00198252,0,0,1,0,0,0,0,1,1,1,1,1,1,1,0,0
0.00198254,0,0,0,0,0,0,0,1,1,1,1,1,1,1,0,0
0.0019828,0,0,1,1,1,0,0,1,1,1,1,1,1,1,0,0
0.00198282,1,1,0,0,0,1,0,1,1,1,1,1,1,1,0,0
0.00198284,1,1,1,1,1,1,1,1,1,1,1,1,1,1,0,0
0.00198288,0,0,0,0,0,0,0,0,1,1,1,1,1,1,0,0
0.0019829,0,0,0,0,0,0,0,1,1,1,1,1,1,1,0,0
0.00198294,1,1,1,1,0,1,1,1,1,1,1,1,1,1,0,0
0.00198296,0,0,0,0,0,0,0,1,1,1,1,1,1,1,0,0
0.00198302,1,0,1,0,0,0,0,1,1,1,1,1,1,1,0,0
0.00198304,0,0,0,0,0,0,0,1,1,1,1,1,1,1,0,0
0.0019838,1,1,1,1,1,1,1,1,1,1,1,1,1,1,0,0
0.00198384,1,0,1,0,0,0,0,1,1,1,1,1,1,1,0,0
0.00198386,0,0,0,0,0,0,0,1,1,1,1,1,1,1,0,0
0.0019839,1,0,1,0,0,0,0,1,1,1,1,1,1,1,0,0
0.00198392,0,0,0,0,0,0,0,1,1,1,1,1,1,1,0,0
0.0019848,0,0,0,0,0,1,1,0,1,1,1,1,1,1,0,0
0.00198482,0,0,0,0,0,0,1,0,1,1,1,1,1,1,0,0
0.00198574,0,0,0,1,0,0,1,0,1,1,1,1,1,1,0,0
0.00198576,0,0,1,1,1,0,1,0,1,1,1,1,1,1,0,0
0.00198578,1,0,1,1,1,1,1,0,1,1,1,1,1,1,0,0
0.0019858,0,0,1,1,1,0,1,0,1,1,1,1,1,1,0,0
0.00198678,1,0,1,1,1,0,1,0,1,1,1,1,1,1,0,0
0.0019868,1,1,0,0,0,1,1,1,1,1,1,1,1,1,0,0
0.00198682,1,0,0,0,0,1,0,0,1,1,1,1,1,1,0,0
0.00198684,1,0,0,0,0,1,1,0,1,1,1,1,1,1,0,0
0.00198686,1,0,0,0,0,1,0,0,1,1,1,1,1,1,0,0
0.00198716,1,0,0,0,0,1,0,0,1,0,0,0,0,1,0,0
0.0019877,1,1,1,1,0,1,0,0,1,0,0,0,0,1,0,0
0.00198772,1,1,1,1,1,1,1,1,1,0,0,0,0,1,0,0
0.00198776,1,1,1,1,1,0,1,0,1,0,0,0,0,1,0,0
0.00198778,0,0,0,0,0,0,1,0,1,0,0,0,0,1,0,0
0.00198782,1,1,1,1,0,0,1,0,1,0,0,0,0,1,0,0
0.00198784,1,0,1,1,0,0,1,0,1,0,0,0,0,1,0,0
0.00198786,0,0,0,0,0,0,1,0,1,0,0,0,0,1,0,0
0.0019879,0,0,1,1,0,0,1,0,1,0,0,0,0,1,0,0
0.00198792,0,0,1,0,0,0,1,0,1,0,0,0,0,1,0,0
0.00198794,0,0,0,0,0,0,1,0,1,0,0,0,0,1,0,0
0.00198868,1,1,1,1,1,1,1,1,1,0,0,0,0,1,0,0
0.00198874,0,0,0,0,0,0,0,1,1,0,0,0,0,1,0,0
0.00198878,1,1,1,1,0,1,0,1,1,0,0,0,0,1,0,0
0.00198882,0,0,1,0,0,0,0,1,1,0,0,0,0,1,0,0
0.00198884,0,0,0,0,0,0,0,1,1,0,0,0,0,1,0,0
0.00198886,1,0,1,1,0,0,0,1,1,0,0,0,0,1,0,0
0.0019889,0,0,1,0,0,0,0,1,1,0,0,0,0,1,0,0
0.00198892,0,0,0,0,0,0,0,1,1,0,0,0,0,1,0,0
0.00198894,0,0,1,0,0,0,0,1,1,0,0,0,0,1,0,0
0.00198906,0,0,0,0,0,0,0,1,1,0,0,0,0,1,0,0
0.0019891,0,0,1,0,0,0,0,1,1,0,0,0,0,1,0,0
0.00198914,0,0,0,0,0,0,0,1,1,0,0,0,0,1,0,0
0.0019892,0,0,1,0,0,0,0,1,1,0,0,0,0,1,0,0
0.00198922,0,0,0,0,0,0,0,1,1,0,0,0,0,1,0,0
0.00198964,0,1,1,1,0,0,0,1,1,0,0,0,0,1,0,0
0.00198966,1,1,1,1,0,0,0,1,1,0,0,0,0,1,0,0
0.00198968,1,1,1,1,1,1,1,1,1,0,0,0,0,1,0,0
0.00198974,0,0,1,1,1,0,1,0,1,0,0,0,0,1,0,0
0.00198978,1,1,1,1,1,1,1,0,1,0,0,0,0,1,0,0
0.0019898,0,0,1,1,1,0,1,0,1,0,0,0,0,1,0,0
0.00199068,1,1,1,1,1,1,1,0,1,0,0,0,0,1,0,0
0.0019907,1,1,1,1,1,1,1,1,1,0,0,0,0,1,0,0
0.00199074,0,1,0,0,1,0,1,1,1,0,0,0,0,1,0,0
0.00199078,1,1,1,0,1,1,1,1,1,0,0,0,0,1,0,0
0.0019908,1,1,1,0,1,0,1,1,1,0,0,0,0,1,0,0
0.00199082,0,1,0,0,1,0,1,1,1,0,0,0,0,1,0,0
0.00199108,0,1,0,0,1,0,1,1,0,1,0,0,1,0,1,1
0.0019916,0,1,1,1,1,0,1,1,0,1,0,0,1,0,1,1
0.00199162,1,1,1,1,1,1,1,1,0,1,0,0,1,0,1,1
0.00199166,0,0,1,1,1,0,1,0,0,1,0,0,1,0,1,1
0.0019917,1,1,1,1,1,1,1,0,0,1,0,0,1,0,1,1
0.00199172,0,0,1,1,1,0,1,0,0,1,0,0,1,0,1,1
0.00199258,0,1,1,1,1,0,1,0,0,1,0,0,1,0,1,1
0.0019926,1,1,1,1,1,1,1,0,0,1,0,0,1,0,1,1
0.00199262,1,1,1,1,1,1,1,1,0,1,0,0,1,0,1,1
0.00199356,0,0,0,0,0,0,0,0,0,1,0,0,1,0,1,1
0.00199452,1,0,1,0,0,0,0,0,0,1,0,0,1,0,1,1
0.00199454,0,0,0,0,0,0,0,0,0,1,0,0,1,0,1,1
0.00199456,0,0,1,1,1,0,1,0,0,1,0,0,1,0,1,1
0.00199458,1,1,1,1,1,1,1,1,0,1,0,0,1,0,1,1
0.00199464,0,1,0,0,1,1,0,0,0,1,0,0,1,0,1,1
0.00199468,0,1,1,0,1,1,0,0,0,1,0,0,1,0,1,1
0.0019947,1,1,1,1,1,1,1,0,0,1,0,0,1,0,1,1
0.00199472,0,1,0,0,1,1,0,0,0,1,0,0,1,0,1,1
0.00199498,0,1,0,0,1,1,0,0,0,1,0,0,1,0,0,0
0.001995,0,1,0,0,1,1,0,0,0,1,0,0,1,1,0,0
0.0019955,1,1,1,1,1,1,0,0,0,1,0,0,1,1,0,0
0.00199552,1,1,1,1,1,1,1,1,0,1,0,0,1,1,0,0
0.00199558,0,1,1,0,1,0,1,0,0,1,0,0,1,1,0,0
0.00199562,1,1,1,1,1,1,1,1,0,1,0,0,1,1,0,0
0.00199564,0,1,1,0,1,0,1,0,0,1,0,0,1,1,0,0
0.00199648,1,1,1,1,1,0,1,0,0,1,0,0,1,1,0,0
0.0019965,1,1,1,1,1,1,1,1,0,1,0,0,1,1,0,0
0.00199656,1,1,0,1,0,0,0,0,0,1,0,0,1,1,0,0
0.0019966,1,1,1,1,0,1,0,0,0,1,0,0,1,1,0,0
0.00199662,1,1,0,1,0,0,0,0,0,1,0,0,1,1,0,0
0.00199668,1,1,1,1,0,0,0,0,0,1,0,0,1,1,0,0
0.0019967,1,1,0,1,0,0,0,0,0,1,0,0,1,1,0,0
0.00199748,1,1,1,1,1,1,1,1,0,1,0,0,1,1,0,0
0.00199846,1,1,0,1,1,0,0,0,0,1,0,0,1,1,0,0
0.00199848,0,0,0,1,1,0,1,0,0,1,0,0,1,1,0,0
0.0019985,1,1,1,1,1,1,1,0,0,1,0,0,1,1,0,0
0.00199852,1,1,1,1,1,1,1,1,0,1,0,0,1,1,0,0
0.00199856,1,1,1,1,1,0,0,0,0,1,0,0,1,1,0,0
0.00199858,0,1,0,0,1,0,0,0,0,1,0,0,1,1,0,0
0.00199862,1,1,1,1,1,0,0,0,0,1,0,0,1,1,0,0
0.00199864,1,1,1,0,1,0,0,0,0,1,0,0,1,1,0,0
0.00199866,0,1,0,0,1,0,0,0,0,1,0,0,1,1,0,0
0.0019987,1,1,0,0,1,0,0,0,0,1,0,0,1,1,0,0
0.00199872,0,1,0,0,1,0,0,0,0,1,0,0,1,1,0,0
0.00199888,0,1,0,0,1,0,0,0,0,1,0,0,1,0,0,0
0.00199944,1,1,1,1,1,1,1,1,0,1,0,0,1,0,0,0
0.00199948,1,1,1,1,0,0,0,0,0,1,0,0,1,0,0,0
0.00199954,1,1,1,1,0,1,0,0,0,1,0,0,1,0,0,0
0.00199956,1,1,1,1,0,0,0,0,0,1,0,0,1,0,0,0
0.0020004,1,1,1,1,1,1,0,0,0,1,0,0,1,0,0,0
0.00200042,1,1,1,1,1,1,1,1,0,1,0,0,1,0,0,0
0.00200046,1,0,0,0,1,0,0,0,0,1,0,0,1,0,0,0
0.0020005,1,0,1,1,1,1,0,0,0,1,0,0,1,0,0,0
0.00200052,1,1,1,1,1,1,1,0,0,1,0,0,1,0,0,0
0.00200054,1,0,0,0,1,0,0,0,0,1,0,0,1,0,0,0
0.00200058,1,0,1,1,1,0,0,0,0,1,0,0,1,0,0,0
0.0020006,1,0,1,0,1,0,0,0,0,1,0,0,1,0,0,0
0.00200062,1,0,0,0,1,0,0,0,0,1,0,0,1,0,0,0
0.00200066,1,0,1,0,1,0,0,0,0,1,0,0,1,0,0,0
0.00200068,1,0,0,0,1,0,0,0,0,1,0,0,1,0,0,0
0.00200074,1,0,1,0,1,0,0,0,0,1,0,0,1,0,0,0
0.00200076,1,0,0,0,1,0,0,0,0,1,0,0,1,0,0,0
0.00200084,1,0,0,0,1,0,0,0,1,0,0,0,1,0,0,0
0.00200088,1,0,1,0,1,0,0,0,1,0,0,0,1,0,0,0
0.0020009,1,0,1,0,1,0,0,0,1,0,0,0,0,0,0,0
0.00200092,1,0,0,0,1,0,0,0,1,0,0,0,1,0,0,0
0.00200096,1,0,1,0,1,0,0,0,1,0,0,0,1,0,0,0
0.00200098,1,0,0,0,1,0,0,0,1,0,0,0,1,0,0,0
0.00200136,1,1,1,1,1,0,0,0,1,0,0,0,1,0,0,0
0.00200138,1,1,1,1,1,1,1,1,1,0,0,0,1,0,0,0
0.00200144,0,0,0,0,1,1,1,1,1,0,0,0,1,0,0,0
0.00200148,1,1,1,1,1,1,1,1,1,0,0,0,1,0,0,0
0.0020015,0,0,1,1,1,1,1,1,1,0,0,0,1,0,0,0
0.00200152,0,0,0,0,1,1,1,1,1,0,0,0,1,0,0,0
0.00200156,0,0,1,1,1,1,1,1,1,0,0,0,1,0,0,0
0.00200158,0,0,0,0,1,1,1,1,1,0,0,0,1,0,0,0
0.00200234,1,0,1,0,1,1,1,1,1,0,0,0,1,0,0,0
0.00200236,1,1,1,1,1,1,1,1,1,0,0,0,1,0,0,0
0.0020024,0,1,1,1,0,0,1,0,1,0,0,0,1,0,0,0
0.00200242,0,0,0,0,0,0,1,0,1,0,0,0,1,0,0,0
0.00200244,1,1,1,1,0,1,1,0,1,0,0,0,1,0,0,0
0.0020025,0,0,0,0,0,0,1,0,1,0,0,0,1,0,0,0
0.00200252,0,0,1,1,0,0,1,0,1,0,0,0,1,0,0,0
0.00200254,1,1,1,1,0,0,1,0,1,0,0,0,1,0,0,0
0.00200258,0,0,1,1,0,0,1,0,1,0,0,0,1,0,0,0
0.00200262,0,1,1,1,0,0,1,0,1,0,0,0,1,0,0,0
0.00200266,0,0,1,1,0,0,1,0,1,0,0,0,1,0,0,0
0.00200278,0,0,1,1,0,0,1,0,0,0,0,0,0,0,0,0
0.0020028,0,0,1,1,0,0,1,0,0,0,0,0,0,0,1,0
0.00200282,0,0,1,0,0,0,1,0,0,0,0,0,0,0,1,0
0.00200284,0,0,1,1,0,0,1,0,0,0,0,0,0,0,1,0
0.00200286,0,0,1,0,0,0,1,0,0,0,0,0,0,0,0,0
0.00200288,0,0,0,0,1,1,1,1,0,0,0,0,1,1,1,1
0.0020029,1,1,1,1,0,1,1,0,0,0,0,0,0,0,1,0
0.00200292,0,0,0,0,0,0,1,0,0,0,0,0,0,0,1,0
0.00200296,1,1,1,1,0,1,1,1,0,0,0,0,0,0,1,0
0.00200298,1,1,1,1,0,1,1,0,0,0,0,0,0,0,1,0
0.002003,0,0,0,0,0,0,1,0,0,0,0,0,0,0,1,0
0.00200304,0,1,1,1,0,0,1,0,0,0,0,0,0,0,1,0
0.00200306,0,0,1,1,0,0,1,0,0,0,0,0,0,0,1,0
0.00200308,0,0,0,0,0,0,1,0,0,0,0,0,0,0,1,0
0.0020031,0,0,1,0,0,0,1,0,0,0,0,0,0,0,1,0
0.00200326,0,0,0,0,0,0,1,0,0,0,0,0,0,0,1,0
0.00200328,0,0,1,0,0,0,1,0,0,0,0,0,0,0,1,0
0.0020033,1,1,1,1,0,0,1,0,0,0,0,0,0,0,1,0
0.00200332,1,1,1,1,0,0,0,0,0,0,0,0,0,0,1,0
0.00200334,0,0,0,0,0,0,0,0,0,0,0,0,0,0,1,0
0.00200338,1,1,1,1,0,1,0,0,0,0,0,0,0,0,1,0
0.0020034,0,0,1,0,0,0,0,0,0,0,0,0,0,0,1,0
0.00200342,0,0,0,0,0,0,0,0,0,0,0,0,0,0,1,0
0.00200346,0,0,1,0,0,0,0,0,0,0,0,0,0,0,1,0
0.0020035,0,0,0,0,0,0,0,0,0,0,0,0,0,0,1,0
0.00200354,0,0,1,0,0,0,0,0,0,0,0,0,0,0,1,0
0.00200358,0,0,0,0,0,0,0,0,0,0,0,0,0,0,1,0
0.00200428,1,1,1,1,0,1,0,0,0,0,0,0,0,0,1,0
0.0020043,0,0,0,0,0,0,0,0,0,0,0,0,0,0,1,0
0.00200432,1,1,1,1,0,0,0,0,0,0,0,0,0,0,1,0
0.00200434,1,1,1,1,1,1,1,1,0,0,0,0,0,0,1,0
0.00200436,1,1,1,1,1,0,1,0,0,0,0,0,0,0,1,0
0.00200438,1,1,1,1,1,1,1,1,0,0,0,0,0,0,1,0
0.00200442,0,1,0,0,1,1,0,0,0,0,0,0,0,0,1,0
0.00200448,0,1,1,1,1,1,0,0,0,0,0,0,0,0,1,0
0.0020045,0,1,0,0,1,1,0,0,0,0,0,0,0,0,1,0
0.00200474,0,1,0,0,1,1,0,0,0,1,0,0,1,0,0,0
0.00200476,0,1,0,0,1,1,0,0,0,1,0,0,1,1,0,0
0.00200526,0,1,0,1,1,1,0,0,0,1,0,0,1,1,0,0
0.00200528,0,1,1,0,1,1,0,0,0,1,0,0,1,1,0,0
0.0020053,1,1,1,1,1,1,1,1,0,1,0,0,1,1,0,0
0.00200534,1,0,0,1,1,0,1,0,0,1,0,0,1,1,0,0
0.00200538,1,1,1,1,1,1,1,0,0,1,0,0,1,1,0,0
0.0020054,1,0,0,1,1,0,1,0,0,1,0,0,1,1,0,0
0.00200624,1,1,1,1,1,0,1,0,0,1,0,0,1,1,0,0
0.00200626,1,1,1,1,1,1,1,1,0,1,0,0,1,1,0,0
0.00200632,1,1,0,1,0,0,0,0,0,1,0,0,1,1,0,0
0.00200636,1,1,1,1,0,1,0,0,0,1,0,0,1,1,0,0
0.00200638,1,1,1,1,0,0,0,0,0,1,0,0,1,1,0,0
0.0020064,1,1,0,1,0,0,0,0,0,1,0,0,1,1,0,0
0.00200724,1,1,1,1,0,1,1,1,0,1,0,0,1,1,0,0
0.00200726,1,1,1,1,1,1,1,1,0,1,0,0,1,1,0,0
0.00200824,0,0,1,1,1,1,1,1,0,1,0,0,1,1,0,0
0.00200826,0,0,0,1,1,0,1,0,0,1,0,0,1,1,0,0
0.00200828,0,1,0,1,1,0,1,0,0,1,0,0,1,1,0,0
0.0020083,1,1,1,1,1,1,1,1,0,1,0,0,1,1,0,0
0.00200832,1,1,1,1,1,1,1,0,0,1,0,0,1,1,0,0
0.00200834,0,1,0,0,1,0,0,0,0,1,0,0,1,1,0,0
0.00200838,0,1,1,0,1,1,0,0,0,1,0,0,1,1,0,0
0.00200842,0,1,0,0,1,0,0,0,0,1,0,0,1,1,0,0
0.00200864,0,1,0,0,1,0,0,0,0,1,0,0,1,0,0,0
0.00200918,1,1,1,1,1,1,0,1,0,1,0,0,1,0,0,0
0.0020092,1,1,1,1,1,1,1,1,0,1,0,0,1,0,0,0
0.00200924,1,1,1,1,0,0,0,0,0,1,0,0,1,0,0,0
0.00200928,1,1,1,1,0,1,0,0,0,1,0,0,1,0,0,0
0.00200932,1,1,1,1,0,0,0,0,0,1,0,0,1,0,0,0
0.00201016,1,1,1,1,1,1,1,0,0,1,0,0,1,0,0,0
0.00201018,1,1,1,1,1,1,1,1,0,1,0,0,1,0,0,0
0.00201022,1,0,0,0,1,0,0,0,0,1,0,0,1,0,0,0
0.00201026,1,0,0,0,1,1,0,0,0,1,0,0,1,0,0,0
0.00201028,1,1,1,1,1,1,1,0,0,1,0,0,1,0,0,0
0.0020103,1,0,0,0,1,0,0,0,0,1,0,0,1,0,0,0
0.00201034,1,0,1,0,1,0,0,0,0,1,0,0,1,0,0,0
0.00201038,1,0,0,0,1,0,0,0,0,1,0,0,1,0,0,0
0.0020106,1,0,0,0,1,0,0,0,0,0,0,0,1,0,0,0
0.00201062,1,0,0,0,1,0,0,0,1,0,0,0,1,0,0,0
0.00201112,1,1,1,1,1,0,0,0,1,0,0,0,1,0,0,0
0.00201114,1,1,1,1,1,1,1,1,1,0,0,0,1,0,0,0
0.0020112,1,1,1,1,1,0,0,0,1,0,0,0,1,0,0,0
0.00201124,1,1,1,1,1,1,1,1,1,0,0,0,1,0,0,0
0.00201126,1,1,1,1,1,0,0,0,1,0,0,0,1,0,0,0
0.00201214,1,1,1,1,1,1,1,1,1,0,0,0,1,0,0,0
0.00201216,0,1,1,1,0,1,1,1,1,0,0,0,1,0,0,0
0.00201218,0,0,0,0,0,0,1,0,1,0,0,0,1,0,0,0
0.0020122,0,0,1,0,0,1,1,0,1,0,0,0,1,0,0,0
0.00201222,0,1,1,1,0,1,1,0,1,0,0,0,1,0,0,0
0.00201224,1,1,1,1,0,1,1,1,1,0,0,0,1,0,0,0
0.00201226,0,0,0,0,0,0,1,0,1,0,0,0,1,0,0,0
0.00201228,0,0,1,0,0,1,1,0,1,0,0,0,1,0,0,0
0.0020123,0,1,1,1,0,1,1,0,1,0,0,0,1,0,0,0
0.00201234,0,0,1,0,0,1,1,0,1,0,0,0,1,0,0,0
0.00201238,0,1,1,1,0,1,1,0,1,0,0,0,1,0,0,0
0.00201244,0,0,1,1,0,1,1,0,1,0,0,0,1,0,0,0
0.00201246,0,1,1,1,0,1,1,0,1,0,0,0,1,0,0,0
0.0020125,0,0,1,1,0,1,1,0,1,0,0,0,1,0,0,0
0.00201254,0,1,1,1,0,1,1,0,1,0,0,0,1,0,0,0
0.00201256,0,1,1,1,0,1,1,0,0,0,0,0,0,0,1,0
0.00201258,0,0,1,0,0,0,1,0,0,0,0,0,0,0,1,0
0.0020126,0,0,1,1,0,1,1,0,0,0,0,0,0,0,1,0
0.00201262,0,1,1,1,0,1,1,0,0,0,0,0,0,0,0,0
0.00201264,1,1,1,1,1,0,1,0,0,1,1,1,0,0,1,0
0.00201266,1,1,1,1,1,1,1,1,1,1,1,1,1,1,1,1
0.00201268,0,0,0,0,0,0,1,0,0,0,0,0,0,0,1,0
0.00201272,1,1,1,1,0,1,1,1,0,0,0,0,0,0,1,0
0.00201276,0,0,0,0,0,0,1,0,0,0,0,0,0,0,1,0
0.0020128,0,1,1,1,0,1,1,0,0,0,0,0,0,0,1,0
0.00201284,0,0,1,0,0,0,1,0,0,0,0,0,0,0,1,0
0.00201288,0,0,1,1,0,0,1,0,0,0,0,0,0,0,1,0
0.00201292,0,0,1,0,0,0,1,0,0,0,0,0,0,0,1,0
0.00201306,1,1,1,1,0,0,1,0,0,0,0,0,0,0,1,0
0.00201308,1,1,1,1,0,0,0,0,0,0,0,0,0,0,1,0
0.00201312,1,1,1,1,1,1,0,1,0,0,0,0,0,0,1,0
0.00201314,1,1,1,1,0,1,0,0,0,0,0,0,0,0,1,0
0.00201316,1,1,1,1,0,0,0,0,0,0,0,0,0,0,1,0
0.0020132,1,1,1,1,0,1,0,0,0,0,0,0,0,0,1,0
0.00201322,1,1,1,1,0,0,0,0,0,0,0,0,0,0,1,0
0.00201398,1,1,1,1,0,1,0,0,0,0,0,0,0,0,1,0
0.002014,1,1,1,1,0,0,0,0,0,0,0,0,0,0,1,0
0.00201404,1,1,1,1,0,1,0,1,0,0,0,0,0,0,1,0
0.00201406,1,1,1,1,0,0,0,0,0,0,0,0,0,0,1,0
0.00201408,1,1,1,1,0,1,0,0,0,0,0,0,0,0,1,0
0.0020141,1,1,1,1,1,1,1,1,0,0,0,0,0,0,1,0
0.00201412,1,1,1,1,1,0,1,0,0,0,0,0,0,0,1,0
0.00201414,1,1,1,1,1,1,1,1,0,0,0,0,0,0,1,0
0.0020142,0,1,0,0,1,1,0,0,0,0,0,0,0,0,1,0
0.00201424,1,1,1,1,1,1,0,1,0,0,0,0,0,0,1,0
0.00201426,0,1,1,0,1,1,0,0,0,0,0,0,0,0,1,0
0.00201428,0,1,0,0,1,1,0,0,0,0,0,0,0,0,1,0
0.00201432,0,1,1,0,1,1,0,0,0,0,0,0,0,0,1,0
0.00201434,0,1,0,0,1,1,0,0,0,0,0,0,0,0,1,0
0.0020145,0,1,0,0,1,1,0,0,0,1,0,0,1,0,0,0
0.00201452,0,1,0,0,1,1,0,0,0,1,0,0,1,1,0,0
0.00201504,1,1,1,1,1,1,0,0,0,1,0,0,1,1,0,0
0.00201506,1,1,1,1,1,1,1,1,0,1,0,0,1,1,0,0
0.0020151,0,1,0,0,1,0,0,0,0,1,0,0,1,1,0,0
0.00201514,1,1,1,1,1,1,1,1,0,1,0,0,1,1,0,0
0.00201518,1,1,1,1,1,0,0,0,0,1,0,0,1,1,0,0
0.0020152,0,1,0,0,1,0,0,0,0,1,0,0,1,1,0,0
0.00201522,1,1,1,1,1,0,0,0,0,1,0,0,1,1,0,0
0.00201528,0,1,1,1,1,0,0,0,0,1,0,0,1,1,0,0
0.0020153,1,1,1,1,1,0,0,0,0,1,0,0,1,1,0,0
0.00201552,0,1,1,1,1,0,0,0,0,1,0,0,1,1,0,0
0.00201554,1,1,1,1,1,0,0,0,0,1,0,0,1,1,0,0
0.0020156,0,1,1,1,1,0,0,0,0,1,0,0,1,1,0,0
0.00201562,1,1,1,1,1,0,0,0,0,1,0,0,1,1,0,0
0.00201564,0,1,1,1,1,0,0,0,0,1,0,0,1,1,0,0
0.00201566,1,1,1,1,1,0,0,0,0,1,0,0,1,1,0,0
0.00201568,0,1,1,1,1,0,0,0,0,1,0,0,1,1,0,0
0.0020158,0,1,1,0,1,0,0,0,0,1,0,0,1,1,0,0
0.00201584,0,1,1,1,1,0,0,0,0,1,0,0,1,1,0,0
0.00201586,0,1,1,0,1,0,0,0,0,1,0,0,1,1,0,0
0.00201592,0,1,1,1,1,0,0,0,0,1,0,0,1,1,0,0
0.00201594,0,1,1,0,1,0,0,0,0,1,0,0,1,1,0,0
0.00201596,0,1,0,0,1,0,0,0,0,1,0,0,1,1,0,0
0.00201598,0,1,1,0,1,0,0,0,0,1,0,0,1,1,0,0
0.002016,1,1,1,1,1,0,0,0,0,1,0,0,1,1,0,0
0.00201602,1,1,1,1,1,1,1,1,0,1,0,0,1,1,0,0
0.00201608,1,1,0,0,0,0,0,0,0,1,0,0,1,1,0,0
0.00201612,1,1,1,1,0,1,1,0,0,1,0,0,1,1,0,0
0.00201614,1,1,1,1,0,1,1,1,0,1,0,0,1,1,0,0
0.00201616,1,1,1,0,0,0,0,0,0,1,0,0,1,1,0,0
0.00201618,1,1,0,0,0,0,0,0,0,1,0,0,1,1,0,0
0.0020162,1,1,1,1,0,0,0,0,0,1,0,0,1,1,0,0
0.00201624,1,1,1,0,0,0,0,0,0,1,0,0,1,1,0,0
0.00201626,1,1,0,0,0,0,0,0,0,1,0,0,1,1,0,0
0.00201628,1,1,1,0,0,0,0,0,0,1,0,0,1,1,0,0
0.00201662,1,1,0,0,0,0,0,0,0,1,0,0,1,1,0,0
0.002017,1,1,1,1,1,1,1,1,0,1,0,0,1,1,0,0
0.00201802,0,0,1,0,1,0,0,0,0,1,0,0,1,1,0,0
0.00201806,1,0,1,1,1,1,1,1,0,1,0,0,1,1,0,0
0.00201808,0,0,1,1,1,1,0,0,0,1,0,0,1,1,0,0
0.0020181,0,0,1,0,1,0,0,0,0,1,0,0,1,1,0,0
0.00201814,0,0,1,1,1,0,0,0,0,1,0,0,1,1,0,0
0.00201816,0,0,1,0,1,0,0,0,0,1,0,0,1,1,0,0
0.0020184,0,0,1,0,1,0,0,0,0,0,0,0,1,0,0,0
0.00201842,0,0,1,0,1,0,0,0,0,0,1,0,1,0,0,0
0.00201848,0,0,1,0,1,0,0,0,0,0,0,0,0,0,0,0
0.0020185,0,1,1,0,1,0,0,0,0,1,1,0,1,0,0,0
0.00201852,0,0,1,1,1,1,1,1,0,0,1,0,1,0,0,0
0.00201854,0,0,1,0,1,0,0,0,0,0,1,0,1,0,0,0
0.00201894,1,1,1,1,1,0,0,0,0,0,1,0,1,0,0,0
0.00201896,1,1,1,1,1,1,1,1,0,0,1,0,1,0,0,0
0.00201998,0,0,0,0,0,0,0,1,0,0,1,0,1,0,0,0
0.00202002,0,0,0,0,0,1,0,1,0,0,1,0,1,0,0,0
0.00202004,1,1,1,1,0,1,1,1,0,0,1,0,1,0,0,0
0.00202008,0,0,0,0,0,0,0,1,0,0,1,0,1,0,0,0
0.00202012,1,0,1,1,0,1,0,1,0,0,1,0,1,0,0,0
0.00202014,1,0,1,1,0,0,0,1,0,0,1,0,1,0,0,0
0.00202016,0,0,0,0,0,0,0,1,0,0,1,0,1,0,0,0
0.00202018,0,0,0,1,0,0,0,1,0,0,1,0,1,0,0,0
0.00202028,0,0,1,1,0,0,0,1,0,0,1,0,1,0,0,0
0.0020203,0,0,0,1,0,0,0,1,0,0,1,0,1,0,0,0
0.00202058,0,0,0,0,0,0,0,1,0,0,1,0,1,0,0,0
0.0020206,0,0,0,1,0,0,0,1,0,0,1,0,1,0,0,0
0.00202062,0,0,0,0,0,0,0,1,0,0,1,0,1,0,0,0
0.0020208,0,0,0,1,0,0,0,1,0,0,1,0,1,0,0,0
0.00202082,0,0,0,0,0,0,0,1,0,0,1,0,1,0,0,0
0.00202088,1,0,1,0,0,0,0,1,0,0,1,0,1,0,0,0
0.0020209,1,1,1,1,1,1,1,1,0,0,1,0,1,0,0,0
0.00202096,1,1,0,0,1,0,0,0,0,0,1,0,1,0,0,0
0.002021,1,1,1,1,1,1,1,0,0,0,1,0,1,0,0,0
0.00202104,1,1,0,0,1,0,0,0,0,0,1,0,1,0,0,0
0.00202108,1,1,1,1,1,1,0,0,0,0,1,0,1,0,0,0
0.0020211,1,1,1,0,1,0,0,0,0,0,1,0,1,0,0,0
0.00202112,1,1,0,0,1,0,0,0,0,0,1,0,1,0,0,0
0.00202134,1,1,0,0,1,0,0,0,1,1,0,0,1,0,0,0
0.00202186,1,1,0,1,1,0,0,0,1,1,0,0,1,0,0,0
0.00202188,1,1,0,0,1,1,1,0,1,1,0,0,1,0,0,0
0.0020219,1,1,0,1,1,1,1,0,1,1,0,0,1,0,0,0
0.00202192,1,1,1,1,1,1,1,1,1,1,0,0,1,0,0,0
0.00202194,1,0,0,0,1,1,1,0,1,1,0,0,1,0,0,0
0.00202198,1,1,1,1,1,1,1,0,1,1,0,0,1,0,0,0
0.002022,1,0,1,1,1,1,1,0,1,1,0,0,1,0,0,0
0.00202202,1,0,0,0,1,1,1,0,1,1,0,0,1,0,0,0
0.00202284,1,1,1,0,1,1,1,0,1,1,0,0,1,0,0,0
0.00202286,1,1,1,1,1,1,1,1,1,1,0,0,1,0,0,0
0.00202292,0,1,0,0,1,0,0,0,1,1,0,0,1,0,0,0
0.00202296,1,1,1,1,1,1,1,0,1,1,0,0,1,0,0,0
0.00202298,0,1,1,1,1,0,0,0,1,1,0,0,1,0,0,0
0.002023,0,1,0,0,1,0,0,0,1,1,0,0,1,0,0,0
0.00202304,0,1,1,0,1,0,0,0,1,1,0,0,1,0,0,0
0.00202306,0,1,0,0,1,0,0,0,1,1,0,0,1,0,0,0
0.0020233,0,1,0,0,1,0,0,0,0,1,0,0,1,0,0,0
0.00202382,1,1,1,1,1,0,1,1,0,1,0,0,1,0,0,0
0.00202384,1,1,1,1,1,1,1,1,0,1,0,0,1,0,0,0
0.0020239,1,1,0,0,1,1,0,0,0,1,0,0,1,0,0,0
0.00202394,1,1,1,1,1,1,1,1,0,1,0,0,1,0,0,0
0.00202396,1,1,0,0,1,1,0,0,0,1,0,0,1,0,0,0
0.0020248,1,1,0,0,1,1,1,0,0,1,0,0,1,0,0,0
0.00202482,1,1,0,1,1,1,1,0,0,1,0,0,1,0,0,0
0.00202484,1,0,1,1,1,1,1,1,0,1,0,0,1,0,0,0
0.00202486,1,0,0,0,1,0,0,0,0,1,0,0,1,0,0,0
0.0020249,1,0,1,1,1,1,1,0,0,1,0,0,1,0,0,0
0.00202492,1,0,0,0,1,0,0,0,0,1,0,0,1,0,0,0
0.00202524,1,0,0,0,1,0,0,0,0,0,0,0,1,0,0,0
0.00202526,1,0,0,0,1,0,0,0,1,0,0,0,1,0,0,0
0.00202578,1,1,1,1,1,0,0,0,1,0,0,0,1,0,0,0
0.0020258,1,1,1,1,1,1,1,1,1,0,0,0,1,0,0,0
0.00202584,1,1,1,1,1,1,1,0,1,0,0,0,1,0,0,0
0.00202586,0,0,1,1,1,0,1,0,1,0,0,0,1,0,0,0
0.0020259,1,0,1,1,1,1,1,0,1,0,0,0,1,0,0,0
0.00202592,0,0,1,1,1,0,1,0,1,0,0,0,1,0,0,0
0.00202674,1,0,1,1,1,0,1,0,1,0,0,0,1,0,0,0
0.00202676,1,1,1,1,1,0,1,0,1,0,0,0,1,0,0,0
0.00202678,1,1,1,1,1,1,1,1,1,0,0,0,1,0,0,0
0.00202682,1,0,0,0,0,0,1,0,1,0,0,0,1,0,0,0
0.00202686,1,1,1,1,0,1,1,0,1,0,0,0,1,0,0,0
0.00202688,1,1,1,0,0,1,1,0,1,0,0,0,1,0,0,0
0.0020269,1,0,0,0,0,0,1,0,1,0,0,0,1,0,0,0
0.0020272,1,0,0,0,0,0,1,0,1,0,0,0,0,0,1,0
0.00202772,1,1,1,1,0,0,1,0,1,0,0,0,0,0,1,0
0.00202774,0,1,1,1,0,0,0,0,1,0,0,0,0,0,1,0
0.00202776,1,1,1,1,0,0,0,1,1,0,0,0,0,0,1,0
0.00202778,1,1,1,1,1,1,0,1,1,0,0,0,0,0,1,0
0.0020278,1,1,1,1,0,0,0,1,1,0,0,0,0,0,1,0
0.00202864,1,1,1,1,0,1,0,1,1,0,0,0,0,0,1,0
0.00202866,0,1,0,0,0,0,1,1,1,0,0,0,0,0,1,0
0.00202874,1,1,1,1,1,1,1,1,1,0,0,0,0,0,1,0
0.00202876,1,1,1,1,1,1,1,0,1,0,0,0,0,0,1,0
0.00202878,0,1,1,1,1,0,1,1,1,0,0,0,0,0,1,0
0.0020288,0,1,0,0,1,1,1,1,1,0,0,0,0,0,1,0
0.00202882,0,1,0,0,1,0,1,1,1,0,0,0,0,0,1,0
0.00202884,0,1,0,0,1,1,1,1,1,0,0,0,0,0,1,0
0.00202886,0,1,0,0,1,0,1,1,1,0,0,0,0,0,1,0
0.00202916,0,1,0,0,1,0,1,1,0,1,0,0,1,0,1,1
0.00202968,1,1,1,1,1,0,1,1,0,1,0,0,1,0,1,1
0.0020297,1,1,1,1,1,1,1,1,0,1,0,0,1,0,1,1
0.00202974,1,1,1,1,0,0,0,1,0,1,0,0,1,0,1,1
0.00202978,1,1,1,1,0,1,0,1,0,1,0,0,1,0,1,1
0.0020298,1,1,1,1,0,0,0,1,0,1,0,0,1,0,1,1
0.00203066,1,1,1,1,0,1,0,1,0,1,0,0,1,0,1,1
0.00203068,1,1,1,1,1,1,1,1,0,1,0,0,1,0,1,1
0.00203164,0,0,0,0,0,0,0,0,0,1,0,0,1,0,1,1
0.0020326,1,0,1,0,0,0,0,0,0,1,0,0,1,0,1,1
0.00203262,0,0,0,0,0,0,0,0,0,1,0,0,1,0,1,1
0.00203264,1,1,1,1,1,1,1,1,0,1,0,0,1,0,1,1
0.00203268,0,1,1,0,1,1,1,0,0,1,0,0,1,0,1,1
0.0020327,1,1,1,1,1,1,1,1,0,1,0,0,1,0,1,1
0.00203272,0,1,0,0,1,1,0,0,0,1,0,0,1,0,1,1
0.00203276,1,1,0,0,1,1,0,1,0,1,0,0,1,0,1,1
0.0020328,1,1,0,0,1,1,0,0,0,1,0,0,1,0,1,1
0.00203282,0,1,0,0,1,1,0,0,0,1,0,0,1,0,1,1
0.00203284,1,1,0,0,1,1,0,1,0,1,0,0,1,0,1,1
0.00203288,1,1,0,0,1,1,0,0,0,1,0,0,1,0,1,1
0.00203306,1,1,0,0,1,1,0,0,0,1,0,0,1,1,0,0
0.00203346,0,1,0,0,1,1,0,0,0,1,0,0,1,1,0,0
0.00203348,1,1,0,0,1,1,0,0,0,1,0,0,1,1,0,0
0.00203352,0,1,0,0,1,1,0,0,0,1,0,0,1,1,0,0
0.00203356,1,1,0,0,1,1,0,0,0,1,0,0,1,1,0,0
0.00203358,0,1,1,1,1,1,0,0,0,1,0,0,1,1,0,0
0.0020336,1,1,1,1,1,1,0,0,0,1,0,0,1,1,0,0
0.00203362,1,1,1,1,1,1,1,1,0,1,0,0,1,1,0,0
0.00203366,0,0,1,1,1,0,1,0,0,1,0,0,1,1,0,0
0.0020337,1,0,1,1,1,0,1,1,0,1,0,0,1,1,0,0
0.00203372,0,0,1,1,1,0,1,0,0,1,0,0,1,1,0,0
0.00203376,1,0,1,1,1,0,1,0,0,1,0,0,1,1,0,0
0.00203378,0,0,1,1,1,0,1,0,0,1,0,0,1,1,0,0
0.00203456,1,1,1,1,1,0,1,0,0,1,0,0,1,1,0,0
0.00203458,1,1,1,1,1,1,1,1,0,1,0,0,1,1,0,0
0.00203464,1,1,0,1,0,0,0,0,0,1,0,0,1,1,0,0
0.00203556,1,1,1,1,1,1,1,1,0,1,0,0,1,1,0,0
0.00203656,0,0,0,1,1,0,1,0,0,1,0,0,1,1,0,0
0.0020366,1,1,1,1,1,1,1,1,0,1,0,0,1,1,0,0
0.00203666,0,0,1,0,1,0,0,0,0,1,0,0,1,1,0,0
0.0020367,1,1,1,0,1,1,0,0,0,1,0,0,1,1,0,0
0.00203672,1,0,1,0,1,1,0,0,0,1,0,0,1,1,0,0
0.00203674,0,0,1,0,1,0,0,0,0,1,0,0,1,1,0,0
0.00203696,0,0,1,0,1,0,0,0,0,0,0,0,1,0,0,0
0.00203698,0,0,1,0,1,0,0,0,0,0,1,0,1,0,0,0
0.00203748,1,1,1,0,1,0,0,0,0,0,1,0,1,0,0,0
0.0020375,1,1,1,0,1,1,1,1,0,0,1,0,1,0,0,0
0.00203752,1,1,1,1,1,1,1,1,0,0,1,0,1,0,0,0
0.00203854,0,0,0,0,0,0,0,1,0,0,1,0,1,0,0,0
0.00203858,1,1,1,1,0,1,1,1,0,0,1,0,1,0,0,0
0.00203862,0,0,0,0,0,0,0,1,0,0,1,0,1,0,0,0
0.00203866,1,0,1,1,0,1,0,1,0,0,1,0,1,0,0,0
0.0020387,0,0,0,0,0,0,0,1,0,0,1,0,1,0,0,0
0.00203874,0,0,0,1,0,0,0,1,0,0,1,0,1,0,0,0
0.00203878,0,0,0,0,0,0,0,1,0,0,1,0,1,0,0,0
0.0020389,1,0,1,1,0,0,0,1,0,0,1,0,1,0,0,0
0.00203892,0,0,0,0,0,0,0,1,0,0,1,0,1,0,0,0
0.00203944,1,1,0,0,0,0,0,1,0,0,1,0,1,0,0,0
0.00203946,1,1,1,1,1,1,0,1,0,0,1,0,1,0,0,0
0.00203948,1,1,1,1,1,1,1,1,0,0,1,0,1,0,0,0
0.00203952,1,1,0,0,1,0,0,0,0,0,1,0,1,0,0,0
0.00203956,1,1,1,1,1,1,1,0,0,0,1,0,1,0,0,0
0.0020396,1,1,0,0,1,0,0,0,0,0,1,0,1,0,0,0
0.00203962,1,1,1,1,1,1,0,0,0,0,1,0,1,0,0,0
0.00203964,1,1,1,1,1,1,1,0,0,0,1,0,1,0,0,0
0.00203966,1,1,1,1,1,1,0,0,0,0,1,0,1,0,0,0
0.00203968,1,1,1,0,1,0,0,0,0,0,1,0,1,0,0,0
0.0020397,1,1,1,1,1,1,0,0,0,0,1,0,1,0,0,0
0.00203974,1,1,1,1,1,0,0,0,0,0,1,0,1,0,0,0
0.00203978,1,1,1,1,1,1,0,0,0,0,1,0,1,0,0,0
0.0020398,1,1,1,1,1,0,0,0,0,0,1,0,1,0,0,0
0.00203984,1,1,1,0,1,0,0,0,0,0,1,0,1,0,0,0
0.00203986,1,1,1,1,1,0,0,0,0,0,1,0,1,0,0,0
0.00203988,1,1,1,1,1,0,0,0,0,0,0,0,1,0,0,0
0.0020399,1,1,1,0,1,0,0,0,1,1,0,0,1,0,0,0
0.00203994,1,1,1,1,1,1,0,0,1,1,0,0,1,0,0,0
0.00203996,1,1,1,1,1,0,0,0,0,0,0,0,0,0,0,0
0.00203998,1,1,1,0,1,0,0,0,1,1,0,0,1,0,0,0
0.00204002,1,1,1,1,1,1,0,0,1,1,0,0,1,0,0,0
0.00204004,1,1,1,0,1,0,0,0,1,1,0,0,1,0,0,0
0.00204008,1,1,1,1,1,0,0,0,1,1,0,0,1,0,0,0
0.0020401,1,1,1,0,1,0,0,0,1,1,0,0,1,0,0,0
0.00204034,1,1,0,0,1,0,0,0,1,1,0,0,1,0,0,0
0.00204036,1,1,1,0,1,0,0,0,1,1,0,0,1,0,0,0
0.00204038,1,1,0,0,1,0,0,0,1,1,0,0,1,0,0,0
0.00204042,1,1,1,1,1,0,0,0,1,1,0,0,1,0,0,0
0.00204044,1,1,1,1,1,1,1,1,1,1,0,0,1,0,0,0
0.00204048,1,0,1,1,1,1,1,0,1,1,0,0,1,0,0,0
0.0020405,1,0,0,0,1,1,1,0,1,1,0,0,1,0,0,0
0.00204052,1,0,1,1,1,1,1,1,1,1,0,0,1,0,0,0
0.00204054,1,1,1,1,1,1,1,0,1,1,0,0,1,0,0,0
0.00204056,1,0,0,0,1,1,1,0,1,1,0,0,1,0,0,0
0.0020406,1,0,1,1,1,1,1,0,1,1,0,0,1,0,0,0
0.00204064,1,0,0,0,1,1,1,0,1,1,0,0,1,0,0,0
0.00204068,1,0,1,0,1,1,1,0,1,1,0,0,1,0,0,0
0.0020407,1,0,0,0,1,1,1,0,1,1,0,0,1,0,0,0
0.00204138,1,0,1,0,1,1,1,0,1,1,0,0,1,0,0,0
0.0020414,1,1,1,1,1,1,1,0,1,1,0,0,1,0,0,0
0.00204142,1,1,1,1,1,1,1,1,1,1,0,0,1,0,0,0
0.00204148,0,1,0,0,1,0,0,0,1,1,0,0,1,0,0,0
0.0020415,0,1,1,0,1,0,0,0,1,1,0,0,1,0,0,0
0.00204152,1,1,1,1,1,1,1,1,1,1,0,0,1,0,0,0
0.00204154,1,1,1,1,1,0,0,0,1,1,0,0,1,0,0,0
0.00204156,0,1,0,0,1,0,0,0,1,1,0,0,1,0,0,0
0.00204158,0,1,1,1,1,0,0,0,1,1,0,0,1,0,0,0
0.00204164,0,1,1,0,1,0,0,0,1,1,0,0,1,0,0,0
0.00204166,0,1,1,1,1,0,0,0,1,1,0,0,1,0,0,0
0.0020418,0,1,1,0,1,0,0,0,1,1,0,0,1,0,0,0
0.00204182,0,1,1,1,1,0,0,0,1,1,0,0,1,0,0,0
0.00204184,0,1,1,1,1,0,0,0,0,1,0,0,1,0,0,0
0.00204186,0,1,1,0,1,0,0,0,0,1,0,0,1,0,0,0
0.0020419,0,1,1,1,1,0,0,0,0,1,0,0,1,0,0,0
0.00204192,0,1,1,0,1,0,0,0,0,1,0,0,1,0,0,0
0.00204198,0,1,1,1,1,0,0,0,0,1,0,0,1,0,0,0
0.002042,0,1,1,0,1,0,0,0,0,1,0,0,1,0,0,0
0.00204224,0,1,0,0,1,0,0,0,0,1,0,0,1,0,0,0
0.00204226,0,1,1,0,1,0,0,0,0,1,0,0,1,0,0,0
0.00204232,0,1,0,0,1,0,0,0,0,1,0,0,1,0,0,0
0.00204234,0,1,1,0,1,0,0,0,0,1,0,0,1,0,0,0
0.00204236,1,1,0,0,1,0,0,0,0,1,0,0,1,0,0,0
0.00204238,0,1,1,1,1,1,1,0,0,1,0,0,1,0,0,0
0.0020424,1,1,1,1,1,1,1,1,0,1,0,0,1,0,0,0
0.00204244,1,1,0,0,1,1,0,0,0,1,0,0,1,0,0,0
0.00204248,1,1,1,1,1,1,1,1,0,1,0,0,1,0,0,0
0.0020425,1,1,0,0,1,1,0,0,0,1,0,0,1,0,0,0
0.00204254,1,1,1,0,1,1,0,0,0,1,0,0,1,0,0,0
0.00204258,1,1,0,0,1,1,0,0,0,1,0,0,1,0,0,0
0.00204334,1,1,1,1,1,1,0,0,0,1,0,0,1,0,0,0
0.00204336,1,1,1,1,1,1,1,1,0,1,0,0,1,0,0,0
0.00204342,1,0,0,0,1,0,0,0,0,1,0,0,1,0,0,0
0.00204346,1,0,1,1,1,0,1,0,0,1,0,0,1,0,0,0
0.00204348,1,1,1,1,1,1,1,1,0,1,0,0,1,0,0,0
0.0020435,1,0,1,0,1,0,0,0,0,1,0,0,1,0,0,0
0.00204352,1,0,0,0,1,0,0,0,0,1,0,0,1,0,0,0
0.00204354,1,0,1,1,1,0,0,0,0,1,0,0,1,0,0,0
0.00204358,1,0,1,0,1,0,0,0,0,1,0,0,1,0,0,0
0.0020436,1,0,0,0,1,0,0,0,0,1,0,0,1,0,0,0
0.00204362,1,0,1,0,1,0,0,0,0,1,0,0,1,0,0,0
0.00204368,1,0,0,0,1,0,0,0,0,1,0,0,1,0,0,0
0.0020437,1,0,1,0,1,0,0,0,0,1,0,0,1,0,0,0
0.00204374,1,0,0,0,1,0,0,0,0,1,0,0,1,0,0,0
0.00204378,1,0,1,0,1,0,0,0,0,1,0,0,1,0,0,0
0.0020438,1,0,0,0,1,0,0,0,1,0,0,0,1,0,0,0
0.00204384,1,0,1,0,1,0,0,0,1,0,0,0,1,0,0,0
0.00204386,1,0,1,0,1,0,0,0,0,0,0,0,0,0,0,0
0.00204388,1,0,0,0,1,0,0,0,1,0,0,0,1,0,0,0
0.00204392,1,0,1,0,1,0,0,0,1,0,0,0,1,0,0,0
0.00204394,1,0,0,0,1,0,0,0,1,0,0,0,1,0,0,0
0.00204432,1,1,1,1,1,0,0,0,1,0,0,0,1,0,0,0
0.00204434,1,1,0,1,1,1,1,1,1,0,0,0,1,0,0,0
0.00204436,1,1,1,1,1,1,1,1,1,0,0,0,1,0,0,0
0.0020444,0,0,1,1,1,0,1,0,1,0,0,0,1,0,0,0
0.00204444,1,1,1,1,1,1,1,1,1,0,0,0,1,0,0,0
0.00204446,0,0,1,1,1,0,1,0,1,0,0,0,1,0,0,0
0.0020453,1,1,1,1,1,0,1,1,1,0,0,0,1,0,0,0
0.00204532,1,1,1,1,1,1,1,1,1,0,0,0,1,0,0,0
0.00204538,0,1,0,0,0,0,1,0,1,0,0,0,1,0,0,0
0.00204542,1,1,1,1,0,1,1,0,1,0,0,0,1,0,0,0
0.00204544,1,1,1,1,0,1,1,1,1,0,0,0,1,0,0,0
0.00204546,0,1,1,0,0,0,1,0,1,0,0,0,1,0,0,0
0.00204548,0,1,0,0,0,0,1,0,1,0,0,0,1,0,0,0
0.0020455,1,1,1,1,0,1,1,0,1,0,0,0,1,0,0,0
0.00204554,1,1,1,0,0,0,1,0,1,0,0,0,1,0,0,0
0.00204556,0,1,1,0,0,0,1,0,1,0,0,0,1,0,0,0
0.00204558,1,1,1,0,0,1,1,0,1,0,0,0,1,0,0,0
0.00204562,1,1,1,0,0,0,1,0,1,0,0,0,1,0,0,0
0.00204564,0,1,1,0,0,0,1,0,1,0,0,0,1,0,0,0
0.00204568,1,1,1,0,0,0,1,0,1,0,0,0,1,0,0,0
0.0020457,0,1,1,0,0,0,1,0,1,0,0,0,1,0,0,0
0.00204574,1,1,1,1,0,1,1,0,0,0,0,0,0,0,0,0
0.00204576,0,1,1,0,0,0,1,0,0,1,0,0,0,0,1,0
0.0020458,1,1,1,1,0,0,1,0,0,1,0,0,0,0,1,0
0.00204582,0,1,1,0,0,0,1,0,0,1,0,0,0,0,1,0
0.00204588,1,1,1,1,0,0,1,0,0,1,0,0,0,0,1,0
0.0020459,0,1,1,0,0,0,1,0,0,1,0,0,0,0,1,0
0.00204626,1,1,1,1,0,1,1,0,0,1,0,0,0,0,1,0
0.00204628,1,0,0,1,0,0,0,0,0,1,0,0,0,0,1,0
0.0020463,1,0,0,1,0,1,0,0,0,1,0,0,0,0,1,0
0.00204632,1,1,1,1,1,1,0,1,0,1,0,0,0,0,1,0
0.00204634,1,0,1,1,0,1,0,0,0,1,0,0,0,0,1,0
0.00204636,1,0,0,1,0,1,0,0,0,1,0,0,0,0,1,0
0.0020464,1,0,1,1,0,1,0,0,0,1,0,0,0,0,1,0
0.00204662,1,0,0,1,0,1,0,0,0,1,0,0,0,0,1,0
0.00204664,1,0,1,1,0,1,0,0,0,1,0,0,0,0,1,0
0.00204666,1,0,0,1,0,1,0,0,0,1,0,0,0,0,1,0
0.00204672,1,0,1,1,0,1,0,0,0,1,0,0,0,0,1,0
0.00204674,1,0,0,1,0,1,0,0,0,1,0,0,0,0,1,0
0.00204678,1,0,1,1,0,1,0,0,0,1,0,0,0,0,1,0
0.0020468,1,0,0,1,0,1,0,0,0,1,0,0,0,0,1,0
0.00204718,1,0,1,1,0,1,0,1,0,1,0,0,0,0,1,0
0.0020472,0,0,0,0,1,1,1,1,0,1,0,0,0,0,1,0
0.00204722,1,1,1,1,1,1,1,1,0,1,0,0,0,0,1,0
0.00204726,0,1,1,0,1,1,1,1,0,1,0,0,0,0,1,0
0.00204728,1,1,1,1,1,1,1,1,0,1,0,0,0,0,1,0
0.00204732,1,1,1,1,1,0,1,0,0,1,0,0,0,0,1,0
0.00204734,1,1,1,1,1,1,1,1,0,1,0,0,0,0,1,0
0.00204738,0,1,0,0,1,0,1,1,0,1,0,0,0,0,1,0
0.0020477,0,1,0,0,1,0,1,1,0,1,0,0,1,0,1,1
0.00204826,1,1,1,1,1,1,1,1,0,1,0,0,1,0,1,1
0.0020483,1,0,0,1,0,1,0,0,0,1,0,0,1,0,1,1
0.00204834,1,0,1,1,0,1,0,0,0,1,0,0,1,0,1,1
0.00204836,1,1,1,1,0,1,0,0,0,1,0,0,1,0,1,1
0.00204838,1,0,0,1,0,1,0,0,0,1,0,0,1,0,1,1
0.00204842,1,0,1,1,0,1,0,0,0,1,0,0,1,0,1,1
0.00204846,1,0,0,1,0,1,0,0,0,1,0,0,1,0,1,1
0.00204922,1,1,1,1,1,1,1,1,0,1,0,0,1,0,1,1
0.00205018,1,0,1,0,0,0,0,0,0,1,0,0,1,0,1,1
0.0020502,0,0,0,0,0,0,0,0,0,1,0,0,1,0,1,1
0.00205022,0,1,1,0,0,0,0,0,0,1,0,0,1,0,1,1
0.00205024,0,0,0,0,0,0,0,0,0,1,0,0,1,0,1,1
0.00205114,1,0,1,0,0,0,0,0,0,1,0,0,1,0,1,1
0.00205116,0,0,0,0,0,0,0,0,0,1,0,0,1,0,1,1
0.00205118,1,1,1,1,1,1,1,1,0,1,0,0,1,0,1,1
0.00205122,1,1,0,1,1,0,1,0,0,1,0,0,1,0,1,1
0.00205124,1,1,1,1,1,1,1,1,0,1,0,0,1,0,1,1
0.0020513,0,1,0,0,1,1,0,0,0,1,0,0,1,0,1,1
0.00205134,1,1,1,1,1,1,0,0,0,1,0,0,1,0,1,1
0.00205136,0,1,1,0,1,1,0,0,0,1,0,0,1,0,1,1
0.00205138,0,1,0,0,1,1,0,0,0,1,0,0,1,0,1,1
0.0020516,0,1,0,0,1,1,0,0,0,1,0,0,1,0,0,0
0.00205162,0,1,0,0,1,1,0,0,0,1,0,0,1,1,0,0
0.00205214,0,1,1,1,1,1,0,0,0,1,0,0,1,1,0,0
0.00205216,1,1,1,1,1,1,1,1,0,1,0,0,1,1,0,0
0.0020522,1,1,1,1,1,1,1,0,0,1,0,0,1,1,0,0
0.00205222,1,1,1,1,1,0,1,0,0,1,0,0,1,1,0,0
0.00205312,1,1,1,1,1,1,1,0,0,1,0,0,1,1,0,0
0.00205314,1,1,1,1,1,1,1,1,0,1,0,0,1,1,0,0
0.00205316,1,1,1,1,1,0,0,0,0,1,0,0,1,1,0,0
0.00205318,1,1,0,1,0,0,0,0,0,1,0,0,1,1,0,0
0.0020541,1,1,1,1,0,0,0,0,0,1,0,0,1,1,0,0
0.00205412,1,1,1,1,1,1,1,1,0,1,0,0,1,1,0,0
0.00205508,1,1,1,1,1,1,0,0,0,1,0,0,1,1,0,0
0.0020551,0,0,0,1,1,0,1,0,0,1,0,0,1,1,0,0
0.00205514,1,1,1,1,1,1,1,1,0,1,0,0,1,1,0,0
0.0020552,0,0,1,0,1,0,0,0,0,1,0,0,1,1,0,0
0.00205526,1,0,1,0,1,0,0,0,0,1,0,0,1,1,0,0
0.00205528,0,0,1,0,1,0,0,0,0,1,0,0,1,1,0,0
0.0020555,0,0,1,0,1,0,0,0,0,0,0,0,1,1,0,0
0.00205552,0,0,1,0,1,0,0,0,0,0,1,0,1,0,0,0
0.00205558,0,0,1,0,1,0,0,0,0,0,0,0,0,0,0,0
0.0020556,1,1,1,0,1,0,0,0,1,1,1,0,1,0,0,0
0.00205562,0,0,1,1,1,1,1,1,1,0,1,0,1,0,0,0
0.00205564,0,0,1,0,1,0,0,0,0,0,1,0,1,0,0,0
0.00205604,1,1,1,1,1,0,0,0,0,0,1,0,1,0,0,0
0.00205606,1,1,1,1,1,1,1,1,0,0,1,0,1,0,0,0
0.0020571,0,0,0,0,0,0,0,1,0,0,1,0,1,0,0,0
0.00205714,1,1,1,1,0,1,0,1,0,0,1,0,1,0,0,0
0.00205718,0,0,0,0,0,0,0,1,0,0,1,0,1,0,0,0
0.00205722,1,0,0,1,0,0,0,1,0,0,1,0,1,0,0,0
0.00205726,0,0,0,0,0,0,0,1,0,0,1,0,1,0,0,0
0.00205744,1,0,0,1,0,0,0,1,0,0,1,0,1,0,0,0
0.00205746,0,0,0,0,0,0,0,1,0,0,1,0,1,0,0,0
0.00205798,1,1,0,0,0,0,0,1,0,0,1,0,1,0,0,0
0.002058,1,1,1,1,0,0,0,1,0,0,1,0,1,0,0,0
0.00205802,1,1,1,1,1,1,1,1,0,0,1,0,1,0,0,0
0.00205806,1,1,0,0,1,0,0,0,0,0,1,0,1,0,0,0
0.0020581,1,1,1,1,1,1,1,0,0,0,1,0,1,0,0,0
0.00205812,1,1,1,1,1,1,0,0,0,0,1,0,1,0,0,0
0.00205814,1,1,0,0,1,0,0,0,0,0,1,0,1,0,0,0
0.00205818,1,1,1,1,1,1,0,0,0,0,1,0,1,0,0,0
0.0020582,1,1,1,0,1,0,0,0,0,0,1,0,1,0,0,0
0.00205822,1,1,0,0,1,0,0,0,0,0,1,0,1,0,0,0
0.00205826,1,1,1,1,1,0,0,0,0,0,1,0,1,0,0,0
0.00205828,1,1,0,0,1,0,0,0,0,0,1,0,1,0,0,0
0.0020583,1,1,1,0,1,0,0,0,0,0,1,0,1,0,0,0
0.00205832,1,1,0,0,1,0,0,0,0,0,1,0,1,0,0,0
0.00205844,1,1,0,0,1,0,0,0,1,1,0,0,1,0,0,0
0.0020585,1,1,1,0,1,0,0,0,1,1,0,0,1,0,0,0
0.00205852,1,1,0,0,1,0,0,0,1,1,0,0,1,0,0,0
0.00205856,1,1,1,0,1,0,0,0,1,1,0,0,1,0,0,0
0.00205858,1,1,0,0,1,0,0,0,1,1,0,0,1,0,0,0
0.002059,1,1,1,1,1,1,1,1,1,1,0,0,1,0,0,0
0.00205904,1,0,0,0,1,1,1,0,1,1,0,0,1,0,0,0
0.00205908,1,1,1,1,1,1,1,1,1,1,0,0,1,0,0,0
0.0020591,1,0,1,1,1,1,1,0,1,1,0,0,1,0,0,0
0.00205912,1,0,0,0,1,1,1,0,1,1,0,0,1,0,0,0
0.00205916,1,0,1,1,1,1,1,0,1,1,0,0,1,0,0,0
0.00205918,1,0,0,0,1,1,1,0,1,1,0,0,1,0,0,0
0.00205994,1,1,1,1,1,1,1,0,1,1,0,0,1,0,0,0
0.00205996,1,1,1,1,1,1,1,1,1,1,0,0,1,0,0,0
0.00206002,0,1,0,0,1,0,0,0,1,1,0,0,1,0,0,0
0.00206006,1,1,1,1,1,1,0,0,1,1,0,0,1,0,0,0
0.00206008,1,1,1,1,1,0,0,0,1,1,0,0,1,0,0,0
0.0020601,0,1,0,0,1,0,0,0,1,1,0,0,1,0,0,0
0.00206014,0,1,1,1,1,0,0,0,1,1,0,0,1,0,0,0
0.00206018,0,1,0,0,1,0,0,0,1,1,0,0,1,0,0,0
0.00206022,0,1,1,0,1,0,0,0,1,1,0,0,1,0,0,0
0.00206026,0,1,0,0,1,0,0,0,1,1,0,0,1,0,0,0
0.0020603,0,1,1,0,1,0,0,0,1,1,0,0,1,0,0,0
0.00206032,0,1,0,0,1,0,0,0,1,1,0,0,1,0,0,0
0.00206038,0,1,1,0,1,0,0,0,1,1,0,0,1,0,0,0
0.0020604,0,1,0,0,1,0,0,0,0,1,0,0,1,0,0,0
0.00206046,0,1,0,0,1,0,0,0,0,0,0,0,0,0,0,0
0.00206048,0,1,0,0,1,0,0,0,0,1,0,0,1,0,0,0
0.00206092,1,1,1,1,1,0,0,0,0,1,0,0,1,0,0,0
0.00206094,1,1,1,1,1,1,1,1,0,1,0,0,1,0,0,0
0.002061,1,1,0,0,1,1,0,0,0,1,0,0,1,0,0,0
0.00206104,1,1,1,1,1,1,1,1,0,1,0,0,1,0,0,0
0.00206106,1,1,0,0,1,1,0,0,0,1,0,0,1,0,0,0
0.0020619,1,1,0,1,1,1,1,0,0,1,0,0,1,0,0,0
0.00206192,1,1,1,1,1,1,1,1,0,1,0,0,1,0,0,0
0.00206196,1,0,0,0,1,0,0,0,0,1,0,0,1,0,0,0
0.002062,1,0,1,1,1,1,1,0,0,1,0,0,1,0,0,0
0.00206202,1,1,1,1,1,1,1,1,0,1,0,0,1,0,0,0
0.00206204,1,0,0,0,1,0,0,0,0,1,0,0,1,0,0,0
0.00206208,1,0,1,1,1,0,0,0,0,1,0,0,1,0,0,0
0.00206212,1,0,0,0,1,0,0,0,0,1,0,0,1,0,0,0
0.00206216,1,0,1,0,1,0,0,0,0,1,0,0,1,0,0,0
0.00206218,1,0,0,0,1,0,0,0,0,1,0,0,1,0,0,0
0.00206234,1,0,0,0,1,0,0,0,0,0,0,0,1,0,0,0
0.00206236,1,0,0,0,1,0,0,0,1,0,0,0,1,0,0,0
0.00206242,1,0,0,0,1,0,0,0,0,0,0,0,1,0,0,0
0.00206244,1,0,0,0,1,0,0,0,1,0,0,0,1,0,0,0
0.00206286,1,1,1,1,1,0,0,0,1,0,0,0,1,0,0,0
0.00206288,1,1,1,1,1,1,1,1,1,0,0,0,1,0,0,0
0.00206294,1,1,1,1,1,1,1,0,1,0,0,0,1,0,0,0
0.00206296,0,0,1,1,1,0,1,0,1,0,0,0,1,0,0,0
0.002063,0,1,1,1,1,1,1,0,1,0,0,0,1,0,0,0
0.00206302,0,0,1,1,1,0,1,0,1,0,0,0,1,0,0,0
0.00206384,1,1,1,1,1,0,1,0,1,0,0,0,1,0,0,0
0.00206386,1,1,1,1,1,1,1,0,1,0,0,0,1,0,0,0
0.00206388,1,1,1,1,1,1,1,1,1,0,0,0,1,0,0,0
0.00206392,1,1,0,0,0,0,1,0,1,0,0,0,1,0,0,0
0.00206396,1,1,1,1,0,1,1,0,1,0,0,0,1,0,0,0
0.002064,1,1,0,0,0,0,1,0,1,0,0,0,1,0,0,0
0.00206404,1,1,1,0,0,0,1,0,1,0,0,0,1,0,0,0
0.00206406,1,1,0,0,0,0,1,0,1,0,0,0,1,0,0,0
0.0020643,1,1,0,0,0,0,1,0,1,1,0,0,0,0,1,0
0.00206482,1,1,1,1,0,1,1,0,1,1,0,0,0,0,1,0
0.00206484,0,0,0,0,1,0,0,0,1,1,0,0,0,0,1,0
0.00206488,0,0,1,1,1,1,0,0,1,1,0,0,0,0,1,0
0.0020649,0,0,1,0,1,0,0,0,1,1,0,0,0,0,1,0
0.00206492,0,0,0,0,1,0,0,0,1,1,0,0,0,0,1,0
0.00206578,0,0,1,0,1,0,0,0,1,1,0,0,0,0,1,0
0.0020658,0,0,0,0,1,0,0,0,1,1,0,0,0,0,1,0
0.00206584,1,1,1,1,1,1,1,1,1,1,0,0,0,0,1,0
0.00206588,1,1,1,1,1,0,1,0,1,1,0,0,0,0,1,0
0.0020659,1,1,1,1,1,1,1,1,1,1,0,0,0,0,1,0
0.00206592,0,1,0,1,1,1,1,1,1,1,0,0,0,0,1,0
0.00206594,0,1,0,0,1,0,1,1,1,1,0,0,0,0,1,0
0.00206598,0,1,1,1,1,1,1,1,1,1,0,0,0,0,1,0
0.002066,0,1,0,0,1,0,1,1,1,1,0,0,0,0,1,0
0.00206626,0,1,0,0,1,0,1,1,0,1,0,0,1,0,1,1
0.00206632,0,1,0,0,1,0,1,1,0,0,0,0,0,0,0,0
0.00206634,0,1,0,0,1,0,1,1,0,1,0,0,1,0,1,1
0.00206678,0,1,1,1,1,0,1,1,0,1,0,0,1,0,1,1
0.0020668,1,1,1,1,1,1,1,1,0,1,0,0,1,0,1,1
0.00206684,0,0,1,0,1,0,0,0,0,1,0,0,1,0,1,1
0.00206686,0,0,0,0,1,0,0,0,0,1,0,0,1,0,1,1
0.00206688,0,0,1,0,1,1,0,0,0,1,0,0,1,0,1,1
0.0020669,1,1,1,1,1,1,1,0,0,1,0,0,1,0,1,1
0.00206692,0,1,1,1,1,1,0,0,0,1,0,0,1,0,1,1
0.00206694,0,0,0,0,1,0,0,0,0,1,0,0,1,0,1,1
0.00206696,0,0,1,0,1,0,0,0,0,1,0,0,1,0,1,1
0.00206698,0,0,1,1,1,1,0,0,0,1,0,0,1,0,1,1
0.00206702,0,0,1,0,1,0,0,0,0,1,0,0,1,0,1,1
0.00206706,0,0,1,1,1,0,0,0,0,1,0,0,1,0,1,1
0.0020671,0,0,1,0,1,0,0,0,0,1,0,0,1,0,1,1
0.00206712,0,0,1,1,1,0,0,0,0,1,0,0,1,0,1,1
0.00206714,0,0,1,0,1,0,0,0,0,1,0,0,1,0,1,1
0.0020672,0,0,1,1,1,0,0,0,0,1,0,0,1,0,1,1
0.00206722,0,0,0,0,1,0,0,0,0,1,0,0,1,0,1,1
0.00206724,0,0,1,1,1,0,0,0,0,1,0,0,1,0,1,1
0.00206726,0,0,1,0,1,0,0,0,0,1,0,0,1,0,1,1
0.00206736,0,0,0,0,1,0,0,0,0,1,0,0,1,0,1,1
0.00206738,0,0,1,0,1,0,0,0,0,1,0,0,1,0,1,1
0.0020674,0,0,0,0,1,0,0,0,0,1,0,0,1,0,1,1
0.00206774,0,0,1,0,1,0,0,0,0,1,0,0,1,0,1,1
0.00206776,1,1,1,1,1,1,1,1,0,1,0,0,1,0,1,1
0.00206874,0,0,0,0,0,0,0,0,0,1,0,0,1,0,1,1
0.00206878,0,0,1,0,0,1,0,0,0,1,0,0,1,0,1,1
0.0020688,0,0,0,0,0,0,0,0,0,1,0,0,1,0,1,1
0.0020697,1,1,1,1,0,1,0,0,0,1,0,0,1,0,1,1
0.00206972,0,0,0,0,0,0,0,0,0,1,0,0,1,0,1,1
0.00206974,1,1,1,1,1,1,1,1,0,1,0,0,1,0,1,1
0.00206978,1,1,1,1,1,0,1,1,0,1,0,0,1,0,1,1
0.0020698,1,1,1,1,1,1,1,1,0,1,0,0,1,0,1,1
0.00206984,0,1,0,0,1,1,0,0,0,1,0,0,1,0,1,1
0.00206988,1,1,1,0,1,1,0,0,0,1,0,0,1,0,1,1
0.00206992,0,1,0,0,1,1,0,0,0,1,0,0,1,0,1,1
0.00207016,0,1,0,0,1,1,0,0,0,1,0,0,1,0,0,0
0.00207018,0,1,0,0,1,1,0,0,0,1,0,0,1,1,0,0
0.00207068,0,1,0,1,1,1,0,0,0,1,0,0,1,1,0,0
0.0020707,1,1,1,1,1,1,1,1,0,1,0,0,1,1,0,0
0.00207076,0,1,0,0,0,1,1,0,0,1,0,0,1,1,0,0
0.0020708,1,1,1,1,0,1,1,0,0,1,0,0,1,1,0,0
0.00207084,0,1,0,0,0,1,1,0,0,1,0,0,1,1,0,0
0.00207086,0,1,1,0,0,1,1,0,0,1,0,0,1,1,0,0
0.00207088,1,1,1,1,0,1,1,0,0,1,0,0,1,1,0,0
0.0020709,0,1,1,0,0,1,1,0,0,1,0,0,1,1,0,0
0.00207092,0,1,0,0,0,1,1,0,0,1,0,0,1,1,0,0
0.00207094,0,1,1,0,0,1,1,0,0,1,0,0,1,1,0,0
0.00207108,0,1,0,0,0,1,1,0,0,1,0,0,1,1,0,0
0.00207114,0,1,1,0,0,1,1,0,0,1,0,0,1,1,0,0
0.00207116,0,1,0,0,0,1,1,0,0,1,0,0,1,1,0,0
0.00207166,1,1,1,1,1,1,1,0,0,1,0,0,1,1,0,0
0.00207168,1,1,1,1,1,1,1,1,0,1,0,0,1,1,0,0
0.00207174,1,1,0,1,0,0,0,0,0,1,0,0,1,1,0,0
0.00207178,1,1,1,1,1,1,0,1,0,1,0,0,1,1,0,0
0.0020718,1,1,1,1,0,0,0,0,0,1,0,0,1,1,0,0
0.00207182,1,1,0,1,0,0,0,0,0,1,0,0,1,1,0,0
0.00207186,1,1,1,1,0,0,0,0,0,1,0,0,1,1,0,0
0.00207188,1,1,0,1,0,0,0,0,0,1,0,0,1,1,0,0
0.00207266,1,1,1,1,1,1,1,1,0,1,0,0,1,1,0,0
0.00207366,0,0,0,1,1,0,1,0,0,1,0,0,1,1,0,0
0.0020737,1,1,1,1,1,1,1,1,0,1,0,0,1,1,0,0
0.00207374,1,1,1,1,1,0,0,0,0,1,0,0,1,1,0,0
0.00207376,0,0,1,0,1,0,0,0,0,1,0,0,1,1,0,0
0.0020738,1,1,1,0,1,1,0,0,0,1,0,0,1,1,0,0
0.00207382,0,0,1,0,1,0,0,0,0,1,0,0,1,1,0,0
0.00207406,0,0,1,0,1,0,0,0,0,0,0,0,1,0,0,0
0.00207408,0,0,1,0,1,0,0,0,0,0,1,0,1,0,0,0
0.00207414,1,1,1,0,1,0,0,0,0,0,1,0,1,0,0,0
0.00207416,1,1,1,1,1,1,0,0,1,1,1,0,1,0,0,0
0.00207418,0,0,1,0,1,0,0,0,0,0,1,0,1,0,0,0
0.00207422,0,0,1,0,1,1,0,0,0,0,1,0,1,0,0,0
0.00207424,1,0,1,0,1,1,0,0,0,0,1,0,1,0,0,0
0.00207426,0,0,1,0,1,0,0,0,0,0,1,0,1,0,0,0
0.00207462,1,1,1,1,1,1,1,1,0,0,1,0,1,0,0,0
0.00207564,0,0,0,0,0,0,0,1,0,0,1,0,1,0,0,0
0.00207568,1,1,1,1,0,1,0,1,0,0,1,0,1,0,0,0
0.00207572,0,0,0,0,0,0,0,1,0,0,1,0,1,0,0,0
0.00207576,1,0,0,1,0,0,0,1,0,0,1,0,1,0,0,0
0.0020758,0,0,0,1,0,0,0,1,0,0,1,0,1,0,0,0
0.00207582,0,0,0,0,0,0,0,1,0,0,1,0,1,0,0,0
0.00207584,1,0,0,1,0,0,0,1,0,0,1,0,1,0,0,0
0.0020759,0,0,0,0,0,0,0,1,0,0,1,0,1,0,0,0
0.00207592,1,0,0,1,0,0,0,1,0,0,1,0,1,0,0,0
0.00207596,0,0,0,0,0,0,0,1,0,0,1,0,1,0,0,0
0.002076,1,0,0,1,0,0,0,1,0,0,1,0,1,0,0,0
0.00207602,0,0,0,1,0,0,0,1,0,0,1,0,1,0,0,0
0.00207604,0,0,0,0,0,0,0,1,0,0,1,0,1,0,0,0
0.00207608,1,0,0,1,0,0,0,1,0,0,1,0,1,0,0,0
0.0020761,0,0,0,0,0,0,0,1,0,0,1,0,1,0,0,0
0.00207654,1,1,1,1,0,0,0,1,0,0,1,0,1,0,0,0
0.00207656,1,1,1,1,1,1,1,1,0,0,1,0,1,0,0,0
0.00207662,1,1,0,0,1,0,0,0,0,0,1,0,1,0,0,0
0.00207666,1,1,1,1,1,1,1,0,0,0,1,0,1,0,0,0
0.00207668,1,1,1,1,1,1,0,0,0,0,1,0,1,0,0,0
0.0020767,1,1,0,0,1,0,0,0,0,0,1,0,1,0,0,0
0.00207674,1,1,1,1,1,0,0,0,0,0,1,0,1,0,0,0
0.00207676,1,1,0,0,1,0,0,0,0,0,1,0,1,0,0,0
0.00207698,1,1,0,0,1,0,0,0,0,0,0,0,1,0,0,0
0.002077,1,1,0,0,1,0,0,0,1,1,0,0,1,0,0,0
0.00207706,1,1,0,0,1,0,0,0,0,0,0,0,0,0,0,0
0.00207708,1,1,0,0,1,0,0,0,1,1,0,0,1,0,0,0
0.00207754,1,1,1,1,1,1,1,1,1,1,0,0,1,0,0,0
0.00207758,1,0,0,0,1,1,1,0,1,1,0,0,1,0,0,0
0.00207762,1,0,1,1,1,1,1,0,1,1,0,0,1,0,0,0
0.00207764,1,0,0,0,1,1,1,0,1,1,0,0,1,0,0,0
0.0020785,1,1,0,0,1,1,1,0,1,1,0,0,1,0,0,0
0.00207852,1,1,1,1,1,1,1,0,1,1,0,0,1,0,0,0
0.00207854,1,1,1,1,1,1,1,1,1,1,0,0,1,0,0,0
0.00207856,0,1,1,0,1,0,0,0,1,1,0,0,1,0,0,0
0.00207858,0,1,0,0,1,0,0,0,1,1,0,0,1,0,0,0
0.00207862,1,1,1,1,1,0,0,0,1,1,0,0,1,0,0,0
0.00207864,0,1,1,0,1,0,0,0,1,1,0,0,1,0,0,0
0.00207866,0,1,0,0,1,0,0,0,1,1,0,0,1,0,0,0
0.00207894,0,1,0,0,1,0,0,0,0,1,0,0,1,0,0,0
0.00207948,0,1,1,1,1,0,0,0,0,1,0,0,1,0,0,0
0.0020795,1,1,0,1,1,1,1,0,0,1,0,0,1,0,0,0
0.00207952,1,1,1,1,1,1,1,1,0,1,0,0,1,0,0,0
0.00207954,1,1,0,0,1,1,0,0,0,1,0,0,1,0,0,0
0.00207958,1,1,1,1,1,1,0,0,0,1,0,0,1,0,0,0
0.0020796,1,1,0,0,1,1,0,0,0,1,0,0,1,0,0,0
0.00208044,1,1,1,1,1,1,0,0,0,1,0,0,1,0,0,0
0.00208046,1,1,1,1,1,1,1,1,0,1,0,0,1,0,0,0
0.00208052,1,0,0,0,1,0,0,0,0,1,0,0,1,0,0,0
0.00208056,1,1,1,1,1,0,0,0,0,1,0,0,1,0,0,0
0.00208058,1,1,1,1,1,1,1,0,0,1,0,0,1,0,0,0
0.0020806,1,0,1,0,1,0,0,0,0,1,0,0,1,0,0,0
0.00208062,1,0,0,0,1,0,0,0,0,1,0,0,1,0,0,0
0.00208064,1,0,1,1,1,0,0,0,0,1,0,0,1,0,0,0
0.00208066,1,0,1,0,1,0,0,0,0,1,0,0,1,0,0,0
0.00208068,1,0,0,0,1,0,0,0,0,1,0,0,1,0,0,0
0.00208072,1,0,1,0,1,0,0,0,0,1,0,0,1,0,0,0
0.00208074,1,0,0,0,1,0,0,0,0,1,0,0,1,0,0,0
0.0020809,1,0,0,0,1,0,0,0,1,0,0,0,1,0,0,0
0.00208096,1,0,0,0,1,0,0,0,1,0,0,0,0,0,0,0
0.00208098,1,0,0,0,1,0,0,0,1,0,0,0,1,0,0,0
0.00208142,1,0,1,1,1,0,0,0,1,0,0,0,1,0,0,0
0.00208144,1,1,1,1,1,1,1,1,1,0,0,0,1,0,0,0
0.0020815,0,0,1,1,1,0,1,0,1,0,0,0,1,0,0,0
0.00208154,1,1,1,1,1,1,1,0,1,0,0,0,1,0,0,0
0.00208156,0,0,1,1,1,0,1,0,1,0,0,0,1,0,0,0
0.0020824,1,1,1,1,1,1,1,1,1,0,0,0,1,0,0,0
0.00208248,0,0,1,0,0,0,1,0,1,0,0,0,1,0,0,0
0.00208252,1,1,1,1,0,1,1,0,1,0,0,0,1,0,0,0
0.00208256,0,0,1,0,0,0,1,0,1,0,0,0,1,0,0,0
0.0020826,1,1,1,1,0,0,1,0,1,0,0,0,1,0,0,0
0.00208264,0,0,1,0,0,0,1,0,1,0,0,0,1,0,0,0
0.00208268,0,0,1,1,0,0,1,0,1,0,0,0,1,0,0,0
0.0020827,0,0,1,0,0,0,1,0,1,0,0,0,1,0,0,0
0.00208276,0,0,1,1,0,0,1,0,1,0,0,0,1,0,0,0
0.00208278,0,0,1,0,0,0,1,0,1,0,0,0,1,0,0,0
0.00208284,0,0,1,1,0,0,1,0,0,0,0,0,0,0,0,0
0.00208286,0,0,1,0,0,0,1,0,0,0,1,0,0,0,1,0
0.0020829,0,0,1,1,0,0,1,0,0,0,1,0,0,0,1,0
0.00208292,0,0,1,1,0,0,1,0,0,0,0,0,0,0,0,0
0.00208294,0,0,1,0,0,0,1,0,0,0,1,0,0,0,1,0
0.00208298,0,0,1,1,0,0,1,0,0,0,1,0,0,0,1,0
0.002083,0,0,1,0,0,0,1,0,0,0,1,0,0,0,1,0
0.00208336,1,1,1,1,0,0,1,0,0,0,1,0,0,0,1,0
0.00208338,1,1,0,0,0,0,0,0,0,0,1,0,0,0,1,0
0.0020834,1,1,1,1,1,1,1,0,0,0,1,0,0,0,1,0
0.00208342,1,1,1,1,1,1,1,1,0,0,1,0,0,0,1,0
0.00208344,1,1,1,1,1,1,1,0,0,0,1,0,0,0,1,0
0.00208436,1,1,1,1,1,1,1,1,0,0,1,0,0,0,1,0
0.00208442,1,1,1,1,1,0,1,0,0,0,1,0,0,0,1,0
0.00208444,1,1,1,1,1,1,1,1,0,0,1,0,0,0,1,0
0.0020845,0,1,0,0,1,0,1,1,0,0,1,0,0,0,1,0
0.00208454,1,1,0,1,1,0,1,1,0,0,1,0,0,0,1,0
0.00208456,0,1,0,0,1,0,1,1,0,0,1,0,0,0,1,0
0.0020848,0,1,0,0,1,0,1,1,0,1,0,0,1,0,1,1
0.00208532,0,1,1,1,1,0,1,1,0,1,0,0,1,0,1,1
0.00208534,1,1,1,1,1,1,1,1,0,1,0,0,1,0,1,1
0.0020854,1,1,1,1,1,1,1,0,0,1,0,0,1,0,1,1
0.00208636,1,1,1,1,1,1,1,1,0,1,0,0,1,0,1,1
0.00208728,1,0,1,1,0,0,0,1,0,1,0,0,1,0,1,1
0.0020873,0,0,0,0,0,0,0,0,0,1,0,0,1,0,1,1
0.00208734,1,0,1,1,0,0,0,0,0,1,0,0,1,0,1,1
0.00208736,0,0,0,0,0,0,0,0,0,1,0,0,1,0,1,1
0.00208828,1,1,1,1,1,1,1,0,0,1,0,0,1,0,1,1
0.0020883,1,1,1,1,1,1,1,1,0,1,0,0,1,0,1,1
0.00208832,1,1,1,1,1,0,1,0,0,1,0,0,1,0,1,1
0.00208834,1,1,1,1,1,1,1,0,0,1,0,0,1,0,1,1
0.00208836,1,1,1,1,1,1,1,1,0,1,0,0,1,0,1,1
0.00208838,0,1,0,0,1,1,0,0,0,1,0,0,1,0,1,1
0.00208844,1,1,1,1,1,1,0,1,0,1,0,0,1,0,1,1
0.00208846,0,1,0,0,1,1,0,0,0,1,0,0,1,0,1,1
0.0020887,0,1,0,0,1,1,0,0,0,1,0,0,1,0,0,0
0.00208872,0,1,0,0,1,1,0,0,0,1,0,0,1,1,0,0
0.00208926,1,1,1,1,1,1,1,1,0,1,0,0,1,1,0,0
0.0020893,1,1,1,1,0,1,1,1,0,1,0,0,1,1,0,0
0.00208932,1,0,1,0,0,1,1,0,0,1,0,0,1,1,0,0
0.00208936,1,1,1,1,0,1,1,1,0,1,0,0,1,1,0,0
0.00208938,1,0,1,0,0,1,1,0,0,1,0,0,1,1,0,0
0.00209022,1,1,1,1,1,1,1,1,0,1,0,0,1,1,0,0
0.00209028,1,1,0,1,0,0,0,0,0,1,0,0,1,1,0,0
0.00209032,1,1,1,1,0,0,0,1,0,1,0,0,1,1,0,0
0.00209034,1,1,0,1,0,0,0,0,0,1,0,0,1,1,0,0
0.0020912,1,1,1,1,0,1,1,1,0,1,0,0,1,1,0,0
0.00209122,1,1,1,1,1,1,1,1,0,1,0,0,1,1,0,0
0.00209222,0,0,0,1,1,0,1,0,0,1,0,0,1,1,0,0
0.00209224,1,1,1,1,1,1,1,1,0,1,0,0,1,1,0,0
0.00209228,1,0,1,1,1,0,0,0,0,1,0,0,1,1,0,0
0.0020923,1,1,1,0,1,1,1,1,0,1,0,0,1,1,0,0
0.00209232,0,0,1,0,1,0,0,0,0,1,0,0,1,1,0,0
0.00209236,0,0,1,0,1,1,0,1,0,1,0,0,1,1,0,0
0.00209238,0,0,1,0,1,0,0,0,0,1,0,0,1,1,0,0
0.00209262,0,0,1,0,1,0,0,0,0,0,1,0,1,0,0,0
0.00209268,0,0,1,0,1,0,0,0,0,0,1,0,0,0,0,0
0.0020927,0,0,1,0,1,0,0,0,0,0,1,0,1,0,0,0
0.00209314,1,1,1,0,1,0,0,0,0,0,1,0,1,0,0,0
0.00209316,1,1,1,1,1,1,1,1,0,0,1,0,1,0,0,0
0.0020942,0,0,0,0,0,0,0,1,0,0,1,0,1,0,0,0
0.00209424,0,0,1,0,0,0,0,1,0,0,1,0,1,0,0,0
0.00209426,1,1,1,1,0,1,0,1,0,0,1,0,1,0,0,0
0.00209428,0,0,0,0,0,0,0,1,0,0,1,0,1,0,0,0
0.00209434,0,0,1,0,0,0,0,1,0,0,1,0,1,0,0,0
0.00209436,0,0,0,0,0,0,0,1,0,0,1,0,1,0,0,0
0.0020951,1,1,1,1,0,0,0,1,0,0,1,0,1,0,0,0
0.00209512,1,1,1,1,1,1,1,1,0,0,1,0,1,0,0,0
0.00209516,1,1,0,0,1,0,0,0,0,0,1,0,1,0,0,0
0.0020952,1,1,1,1,1,1,1,0,0,0,1,0,1,0,0,0
0.00209522,1,1,1,1,1,1,0,0,0,0,1,0,1,0,0,0
0.00209524,1,1,0,0,1,0,0,0,0,0,1,0,1,0,0,0
0.00209528,1,1,1,0,1,0,0,0,0,0,1,0,1,0,0,0
0.00209532,1,1,0,0,1,0,0,0,0,0,1,0,1,0,0,0
0.00209536,1,1,1,0,1,0,0,0,0,0,1,0,1,0,0,0
0.00209538,1,1,0,0,1,0,0,0,0,0,1,0,1,0,0,0
0.00209554,1,1,0,0,1,0,0,0,0,1,0,0,1,0,0,0
0.00209556,1,1,0,0,1,0,0,0,1,1,0,0,1,0,0,0
0.0020956,1,1,1,0,1,0,0,0,1,1,0,0,1,0,0,0
0.00209562,1,1,0,0,1,0,0,0,1,1,0,0,1,0,0,0
0.00209606,1,1,1,1,1,0,0,0,1,1,0,0,1,0,0,0
0.00209608,1,1,1,1,1,1,1,1,1,1,0,0,1,0,0,0
0.00209614,1,0,0,0,1,1,1,0,1,1,0,0,1,0,0,0
0.00209618,1,0,1,1,1,1,1,0,1,1,0,0,1,0,0,0
0.00209622,1,0,0,0,1,1,1,0,1,1,0,0,1,0,0,0
0.00209626,1,0,1,0,1,1,1,0,1,1,0,0,1,0,0,0
0.00209628,1,0,0,0,1,1,1,0,1,1,0,0,1,0,0,0
0.00209704,1,1,1,0,1,1,1,0,1,1,0,0,1,0,0,0
0.00209706,1,1,1,1,1,1,1,1,1,1,0,0,1,0,0,0
0.00209708,1,1,1,1,1,1,1,0,1,1,0,0,1,0,0,0
0.0020971,1,1,1,1,1,1,1,1,1,1,0,0,1,0,0,0
0.00209712,0,1,0,0,1,0,0,0,1,1,0,0,1,0,0,0
0.00209716,0,1,1,1,1,0,0,0,1,1,0,0,1,0,0,0
0.00209718,0,1,1,0,1,0,0,0,1,1,0,0,1,0,0,0
0.0020972,0,1,0,0,1,0,0,0,1,1,0,0,1,0,0,0
0.0020975,0,1,0,0,1,0,0,0,0,1,0,0,1,0,0,0
0.00209756,0,1,0,0,1,0,0,0,0,0,0,0,0,0,0,0
0.00209758,0,1,0,0,1,0,0,0,0,1,0,0,1,0,0,0
0.00209804,1,1,1,1,1,1,1,0,0,1,0,0,1,0,0,0
0.00209806,1,1,1,1,1,1,1,1,0,1,0,0,1,0,0,0
0.0020981,1,1,0,0,1,1,0,0,0,1,0,0,1,0,0,0
0.00209814,1,1,1,1,1,1,1,0,0,1,0,0,1,0,0,0
0.00209816,1,1,0,0,1,1,0,0,0,1,0,0,1,0,0,0
0.002099,1,1,1,1,1,1,0,0,0,1,0,0,1,0,0,0
0.00209902,1,1,1,0,1,1,1,1,0,1,0,0,1,0,0,0
0.00209904,1,1,1,1,1,1,1,1,0,1,0,0,1,0,0,0
0.00209906,1,0,1,0,1,0,1,0,0,1,0,0,1,0,0,0
0.00209908,1,0,0,0,1,0,0,0,0,1,0,0,1,0,0,0
0.0020991,1,0,1,0,1,0,0,0,0,1,0,0,1,0,0,0
0.00209912,1,1,1,1,1,1,1,0,0,1,0,0,1,0,0,0
0.00209914,1,0,1,0,1,0,0,0,0,1,0,0,1,0,0,0
0.00209916,1,0,0,0,1,0,0,0,0,1,0,0,1,0,0,0
0.00209918,1,0,1,0,1,0,0,0,0,1,0,0,1,0,0,0
0.00209922,1,0,0,0,1,0,0,0,0,1,0,0,1,0,0,0
0.00209944,1,0,0,0,1,0,0,0,0,0,0,0,1,0,0,0
0.00209946,1,0,0,0,1,0,0,0,1,0,0,0,1,0,0,0
0.00209952,1,0,0,0,1,0,0,0,0,0,0,0,1,0,0,0
0.00209954,1,0,0,0,1,0,0,0,1,0,0,0,1,0,0,0
0.00209996,1,0,1,0,1,0,0,0,1,0,0,0,1,0,0,0
0.00209998,1,1,1,1,1,0,0,0,1,0,0,0,1,0,0,0
0.0021,1,1,1,1,1,1,1,0,1,0,0,0,1,0,0,0
0.00210002,1,1,1,1,1,1,1,1,1,0,0,0,1,0,0,0
0.00210006,0,0,1,1,1,0,1,0,1,0,0,0,1,0,0,0
0.0021001,1,1,1,1,1,1,1,0,1,0,0,0,1,0,0,0
0.00210012,0,0,1,1,1,0,1,0,1,0,0,0,1,0,0,0
0.00210094,1,0,1,1,1,0,1,0,1,0,0,0,1,0,0,0
0.00210096,1,1,1,1,1,0,1,0,1,0,0,0,1,0,0,0
0.00210098,1,1,1,1,1,1,1,1,1,0,0,0,1,0,0,0
0.00210102,1,0,1,0,0,0,1,0,1,0,0,0,1,0,0,0
0.00210106,1,1,1,1,0,1,1,0,1,0,0,0,1,0,0,0
0.00210108,1,0,1,0,0,0,1,0,1,0,0,0,1,0,0,0
0.0021014,1,0,1,0,0,0,1,0,1,0,1,0,0,0,1,0
0.00210192,1,1,1,1,0,1,1,0,1,0,1,0,0,0,1,0
0.00210194,0,1,0,1,0,0,0,0,1,0,1,0,0,0,1,0
0.00210196,1,1,1,1,0,1,1,0,1,0,1,0,0,0,1,0
0.00210198,1,1,1,1,1,1,1,1,1,0,1,0,0,0,1,0
0.002102,1,1,1,1,0,1,1,0,1,0,1,0,0,0,1,0
0.00210284,1,1,1,1,0,1,1,1,1,0,1,0,0,0,1,0
0.00210286,0,0,1,1,1,0,1,0,1,0,1,0,0,0,1,0
0.00210292,0,0,1,1,0,0,1,0,1,0,1,0,0,0,1,0
0.00210294,1,1,1,1,1,1,1,1,1,0,1,0,0,0,1,0
0.00210304,0,1,0,0,1,0,1,1,1,0,1,0,0,0,1,0
0.00210336,0,1,0,0,1,0,1,1,0,1,0,0,1,0,1,1
0.00210342,0,1,0,0,1,0,1,1,0,0,0,0,1,0,0,0
0.00210344,0,1,0,0,1,0,1,1,0,1,0,0,1,0,1,1
0.00210388,1,1,1,1,1,0,1,1,0,1,0,0,1,0,1,1
0.0021039,1,1,1,1,1,1,1,1,0,1,0,0,1,0,1,1
0.00210394,1,1,1,1,0,1,1,0,0,1,0,0,1,0,1,1
0.0021049,1,1,1,1,1,1,1,0,0,1,0,0,1,0,1,1
0.00210492,1,1,1,1,1,1,1,1,0,1,0,0,1,0,1,1
0.00210584,0,0,0,0,0,0,0,0,0,1,0,0,1,0,1,1
0.0021068,1,0,1,1,0,0,0,0,0,1,0,0,1,0,1,1
0.00210682,0,0,0,0,0,0,0,0,0,1,0,0,1,0,1,1
0.00210684,1,1,1,1,1,1,1,1,0,1,0,0,1,0,1,1
0.00210688,1,1,1,1,1,0,1,0,0,1,0,0,1,0,1,1
0.0021069,1,1,1,1,1,1,1,1,0,1,0,0,1,0,1,1
0.00210692,1,1,0,0,1,1,0,0,0,1,0,0,1,0,1,1
0.00210696,0,1,0,0,1,1,0,0,0,1,0,0,1,0,1,1
0.00210726,0,1,0,0,1,1,0,0,0,1,0,0,1,0,0,0
0.00210728,0,1,0,0,1,1,0,0,0,1,0,0,1,1,0,0
0.00210778,1,1,1,1,1,1,0,0,0,1,0,0,1,1,0,0
0.0021078,1,1,1,1,1,1,1,1,0,1,0,0,1,1,0,0
0.00210786,0,0,0,1,0,1,1,0,0,1,0,0,1,1,0,0
0.0021079,1,1,1,1,0,1,1,0,0,1,0,0,1,1,0,0
0.00210792,0,0,1,1,0,1,1,0,0,1,0,0,1,1,0,0
0.00210794,0,0,0,1,0,1,1,0,0,1,0,0,1,1,0,0
0.00210798,0,0,1,1,0,1,1,0,0,1,0,0,1,1,0,0
0.002108,0,0,0,1,0,1,1,0,0,1,0,0,1,1,0,0
0.00210876,1,1,1,1,0,1,1,0,0,1,0,0,1,1,0,0
0.00210878,1,1,1,1,1,1,1,1,0,1,0,0,1,1,0,0
0.00210882,1,1,1,1,0,0,0,0,0,1,0,0,1,1,0,0
0.00210884,1,1,0,1,0,0,0,0,0,1,0,0,1,1,0,0
0.00210888,1,1,1,1,0,0,0,1,0,1,0,0,1,1,0,0
0.0021089,1,1,1,1,0,0,0,0,0,1,0,0,1,1,0,0
0.00210892,1,1,0,1,0,0,0,0,0,1,0,0,1,1,0,0
0.00210894,1,1,1,1,0,0,0,0,0,1,0,0,1,1,0,0
0.00210898,1,1,0,1,0,0,0,0,0,1,0,0,1,1,0,0
0.00210976,1,1,1,1,1,1,1,1,0,1,0,0,1,1,0,0
0.00211076,0,0,0,1,1,0,1,0,0,1,0,0,1,1,0,0
0.0021108,1,1,1,1,1,1,1,1,0,1,0,0,1,1,0,0
0.00211084,0,0,1,0,1,0,0,0,0,1,0,0,1,1,0,0
0.00211088,0,0,1,0,1,1,0,0,0,1,0,0,1,1,0,0
0.00211092,0,0,1,0,1,0,0,0,0,1,0,0,1,1,0,0
0.00211116,0,0,1,0,1,0,0,0,0,0,0,0,1,0,0,0
0.00211118,0,0,1,0,1,0,0,0,0,0,1,0,1,0,0,0
0.00211124,0,1,1,1,1,0,0,0,0,0,1,0,1,0,0,0
0.00211126,0,0,1,1,1,0,0,0,0,0,1,1,1,0,0,0
0.00211128,0,0,1,0,1,1,0,1,0,0,1,0,1,0,0,0
0.0021113,0,0,1,0,1,0,0,0,0,0,1,0,1,0,0,0
0.00211168,0,0,1,1,1,0,0,0,0,0,1,0,1,0,0,0
0.00211172,1,1,1,1,1,1,1,1,0,0,1,0,1,0,0,0
0.00211274,0,0,0,0,0,0,0,1,0,0,1,0,1,0,0,0
0.00211278,1,0,1,1,0,1,0,1,0,0,1,0,1,0,0,0
0.0021128,1,1,1,1,0,1,1,1,0,0,1,0,1,0,0,0
0.00211282,0,0,0,0,0,0,0,1,0,0,1,0,1,0,0,0
0.00211286,0,0,0,0,0,1,0,1,0,0,1,0,1,0,0,0
0.0021129,0,0,0,0,0,0,0,1,0,0,1,0,1,0,0,0
0.00211364,1,0,1,0,0,0,0,1,0,0,1,0,1,0,0,0
0.00211366,1,1,1,1,1,1,0,1,0,0,1,0,1,0,0,0
0.00211368,1,1,1,1,1,1,1,1,0,0,1,0,1,0,0,0
0.00211372,1,1,0,0,1,0,0,0,0,0,1,0,1,0,0,0
0.00211376,1,1,1,1,1,1,1,0,0,0,1,0,1,0,0,0
0.0021138,1,1,0,0,1,0,0,0,0,0,1,0,1,0,0,0
0.00211384,1,1,1,1,1,1,0,0,0,0,1,0,1,0,0,0
0.00211386,1,1,1,0,1,0,0,0,0,0,1,0,1,0,0,0
0.00211388,1,1,0,0,1,0,0,0,0,0,1,0,1,0,0,0
0.00211392,1,1,1,0,1,0,0,0,0,0,1,0,1,0,0,0
0.00211402,1,1,0,0,1,0,0,0,0,0,1,0,1,0,0,0
0.00211406,1,1,1,0,1,0,0,0,0,0,1,0,1,0,0,0
0.0021141,1,1,0,0,1,0,0,0,1,1,0,0,1,0,0,0
0.00211414,1,1,1,0,1,0,0,0,1,1,0,0,1,0,0,0
0.00211416,1,1,1,0,1,0,0,0,0,0,0,0,0,0,0,0
0.00211418,1,1,0,0,1,0,0,0,1,1,0,0,1,0,0,0
0.00211422,1,1,1,0,1,0,0,0,1,1,0,0,1,0,0,0
0.00211424,1,1,0,0,1,0,0,0,1,1,0,0,1,0,0,0
0.00211462,1,1,1,1,1,0,0,0,1,1,0,0,1,0,0,0
0.00211464,1,1,1,1,1,1,1,1,1,1,0,0,1,0,0,0
0.0021147,1,0,0,0,1,1,1,0,1,1,0,0,1,0,0,0
0.00211474,1,1,1,1,1,1,1,0,1,1,0,0,1,0,0,0
0.00211476,1,0,0,0,1,1,1,0,1,1,0,0,1,0,0,0
0.0021148,1,0,1,0,1,1,1,0,1,1,0,0,1,0,0,0
0.00211484,1,0,0,0,1,1,1,0,1,1,0,0,1,0,0,0
0.0021156,1,1,1,1,1,1,1,0,1,1,0,0,1,0,0,0
0.00211562,1,1,1,1,1,1,1,1,1,1,0,0,1,0,0,0
0.00211564,1,1,1,1,1,1,1,0,1,1,0,0,1,0,0,0
0.00211566,1,1,1,1,1,0,1,1,1,1,0,0,1,0,0,0
0.00211568,0,1,0,0,1,0,0,0,1,1,0,0,1,0,0,0
0.00211572,1,1,1,1,1,0,0,0,1,1,0,0,1,0,0,0
0.00211574,0,1,1,0,1,0,0,0,1,1,0,0,1,0,0,0
0.00211576,0,1,0,0,1,0,0,0,1,1,0,0,1,0,0,0
0.00211604,0,1,0,0,1,0,0,0,0,1,0,0,1,0,0,0
0.00211658,0,1,1,1,1,0,0,0,0,1,0,0,1,0,0,0
0.0021166,1,1,1,1,1,1,1,0,0,1,0,0,1,0,0,0
0.00211662,1,1,1,1,1,1,1,1,0,1,0,0,1,0,0,0
0.00211664,1,1,0,0,1,1,0,0,0,1,0,0,1,0,0,0
0.00211668,1,1,1,1,1,1,0,0,0,1,0,0,1,0,0,0
0.0021167,1,1,0,0,1,1,0,0,0,1,0,0,1,0,0,0
0.00211756,1,1,0,0,1,1,1,0,0,1,0,0,1,0,0,0
0.00211758,1,1,1,1,1,1,1,1,0,1,0,0,1,0,0,0
0.00211762,1,0,0,0,1,0,0,0,0,1,0,0,1,0,0,0
0.00211766,1,1,1,1,1,0,0,0,0,1,0,0,1,0,0,0
0.00211768,1,1,1,1,1,1,1,0,0,1,0,0,1,0,0,0
0.0021177,1,0,1,0,1,0,0,0,0,1,0,0,1,0,0,0
0.00211772,1,0,0,0,1,0,0,0,0,1,0,0,1,0,0,0
0.00211774,1,0,1,1,1,0,0,0,0,1,0,0,1,0,0,0
0.00211778,1,0,1,0,1,0,0,0,0,1,0,0,1,0,0,0
0.0021178,1,0,0,0,1,0,0,0,0,1,0,0,1,0,0,0
0.00211782,1,0,1,0,1,0,0,0,0,1,0,0,1,0,0,0
0.00211788,1,0,0,0,1,0,0,0,0,1,0,0,1,0,0,0
0.0021179,1,0,1,0,1,0,0,0,0,1,0,0,1,0,0,0
0.00211792,1,0,0,0,1,0,0,0,0,1,0,0,1,0,0,0
0.00211798,1,0,1,0,1,0,0,0,0,1,0,0,1,0,0,0
0.002118,1,0,0,0,1,0,0,0,1,0,0,0,1,0,0,0
0.00211806,1,0,1,0,1,0,0,0,1,0,0,0,0,0,0,0
0.00211808,1,0,0,0,1,0,0,0,1,0,0,0,1,0,0,0
0.00211812,1,0,1,0,1,0,0,0,1,0,0,0,1,0,0,0
0.00211814,1,0,0,0,1,0,0,0,1,0,0,0,1,0,0,0
0.00211852,1,1,1,1,1,0,0,0,1,0,0,0,1,0,0,0
0.00211854,1,1,1,1,1,1,1,1,1,0,0,0,1,0,0,0
0.00211856,1,1,1,1,1,0,1,0,1,0,0,0,1,0,0,0
0.00211858,1,0,1,1,1,1,1,1,1,0,0,0,1,0,0,0
0.0021186,0,0,1,1,1,0,1,0,1,0,0,0,1,0,0,0
0.00211864,0,1,1,1,1,1,1,0,1,0,0,0,1,0,0,0
0.00211866,0,0,1,1,1,0,1,0,1,0,0,0,1,0,0,0
0.0021195,1,1,1,1,1,0,1,1,1,0,0,0,1,0,0,0
0.00211952,1,1,1,1,1,1,1,1,1,0,0,0,1,0,0,0
0.00211958,0,1,1,0,0,0,1,0,1,0,0,0,1,0,0,0
0.00211962,1,1,1,1,0,1,1,0,1,0,0,0,1,0,0,0
0.00211964,0,1,1,1,0,0,1,0,1,0,0,0,1,0,0,0
0.00211966,0,1,1,0,0,0,1,0,1,0,0,0,1,0,0,0
0.00211994,0,1,1,0,0,0,1,0,0,0,0,0,0,0,0,0
0.00211996,0,1,1,0,0,0,1,0,0,1,1,0,0,0,1,0
0.00212046,1,1,1,0,0,0,1,0,0,1,1,0,0,0,1,0
0.00212048,1,0,0,0,0,0,0,0,0,1,1,0,0,0,1,0
0.0021205,0,0,0,0,0,0,0,0,0,1,1,0,0,0,1,0
0.00212054,1,0,0,1,0,1,0,0,0,1,1,0,0,0,1,0
0.00212056,0,0,0,0,0,0,0,0,0,1,1,0,0,0,1,0
0.00212144,1,0,0,1,0,1,0,0,0,1,1,0,0,0,1,0
0.00212146,0,0,0,0,0,0,0,0,0,1,1,0,0,0,1,0
0.00212148,0,0,0,1,0,0,0,0,0,1,1,0,0,0,1,0
0.0021215,1,1,1,1,1,1,1,1,0,1,1,0,0,0,1,0
0.00212152,1,1,1,1,1,0,1,0,0,1,1,0,0,0,1,0
0.00212154,1,1,1,1,1,1,1,1,0,1,1,0,0,0,1,0
0.00212158,1,1,1,1,1,0,1,1,0,1,1,0,0,0,1,0
0.0021216,0,1,0,0,1,0,1,1,0,1,1,0,0,0,1,0
0.00212164,1,1,1,1,1,1,1,1,0,1,1,0,0,0,1,0
0.00212166,0,1,0,0,1,0,1,1,0,1,1,0,0,0,1,0
0.0021219,0,1,0,0,1,0,1,1,0,1,0,0,1,0,1,0
0.00212192,0,1,0,0,1,0,1,1,0,1,0,0,1,0,1,1
0.002122,1,1,0,0,1,1,1,1,0,1,0,0,1,0,1,1
0.00212202,1,1,1,1,1,0,1,1,0,1,0,0,1,0,1,1
0.00212204,0,1,0,0,1,0,1,1,0,1,0,0,1,0,1,1
0.00212242,1,1,0,1,1,0,1,1,0,1,0,0,1,0,1,1
0.00212246,1,1,0,1,1,1,1,1,0,1,0,0,1,0,1,1
0.00212248,1,0,1,1,1,0,1,0,0,1,0,0,1,0,1,1
0.0021225,0,0,0,0,0,0,0,0,0,1,0,0,1,0,1,1
0.00212256,0,0,0,1,0,0,0,0,0,1,0,0,1,0,1,1
0.00212258,0,0,0,0,0,0,0,0,0,1,0,0,1,0,1,1
0.00212342,1,0,1,1,1,1,1,0,0,1,0,0,1,0,1,1
0.00212344,1,1,1,1,1,1,1,1,0,1,0,0,1,0,1,1
0.00212438,1,0,1,1,0,1,0,0,0,1,0,0,1,0,1,1
0.0021244,0,0,0,0,0,0,0,0,0,1,0,0,1,0,1,1
0.00212442,1,0,1,0,0,0,0,0,0,1,0,0,1,0,1,1
0.00212444,0,0,0,0,0,0,0,0,0,1,0,0,1,0,1,1
0.00212538,1,1,1,1,1,1,1,1,0,1,0,0,1,0,1,1
0.00212542,0,1,1,1,1,0,1,0,0,1,0,0,1,0,1,1
0.00212544,0,1,1,1,1,1,1,0,0,1,0,0,1,0,1,1
0.00212546,1,1,1,0,1,1,0,0,0,1,0,0,1,0,1,1
0.00212548,0,1,1,0,1,1,0,0,0,1,0,0,1,0,1,1
0.0021255,0,1,0,0,1,1,0,1,0,1,0,0,1,0,1,1
0.00212552,0,1,0,0,1,1,0,0,0,1,0,0,1,0,1,1
0.0021258,0,1,0,0,1,1,0,0,0,1,0,0,1,0,0,0
0.00212582,0,1,0,0,1,1,0,0,0,1,0,0,1,1,0,0
0.00212634,1,1,1,1,1,1,0,0,0,1,0,0,1,1,0,0
0.00212636,1,1,1,1,1,1,1,1,0,1,0,0,1,1,0,0
0.0021264,1,1,1,1,1,1,1,0,0,1,0,0,1,1,0,0
0.00212642,1,1,0,1,0,1,1,0,0,1,0,0,1,1,0,0
0.00212646,1,1,0,1,0,1,1,1,0,1,0,0,1,1,0,0
0.00212648,1,1,0,1,0,1,1,0,0,1,0,0,1,1,0,0
0.00212732,1,1,1,1,1,1,1,0,0,1,0,0,1,1,0,0
0.00212734,1,1,1,1,1,1,1,1,0,1,0,0,1,1,0,0
0.00212736,1,1,0,1,0,0,0,1,0,1,0,0,1,1,0,0
0.00212738,1,1,0,1,0,0,0,0,0,1,0,0,1,1,0,0
0.00212742,1,1,0,1,0,0,0,1,0,1,0,0,1,1,0,0
0.00212744,1,1,0,1,0,0,0,0,0,1,0,0,1,1,0,0
0.00212832,1,1,1,1,1,1,1,1,0,1,0,0,1,1,0,0
0.00212932,0,0,0,1,1,0,1,0,0,1,0,0,1,1,0,0
0.00212934,1,1,1,1,1,1,1,0,0,1,0,0,1,1,0,0
0.00212936,1,1,1,1,1,1,1,1,0,1,0,0,1,1,0,0
0.00212938,1,1,1,0,1,1,0,0,0,1,0,0,1,1,0,0
0.0021294,0,0,1,0,1,0,0,1,0,1,0,0,1,1,0,0
0.00212942,0,0,1,0,1,0,0,0,0,1,0,0,1,1,0,0
0.00212946,0,0,1,0,1,1,0,0,0,1,0,0,1,1,0,0
0.00212948,0,0,1,0,1,0,0,0,0,1,0,0,1,1,0,0
0.00212972,0,0,1,0,1,0,0,0,0,0,1,0,1,0,0,0
0.00213024,1,1,1,0,1,0,0,0,0,0,1,0,1,0,0,0
0.00213026,1,1,1,0,1,1,1,1,0,0,1,0,1,0,0,0
0.00213028,1,1,1,1,1,1,1,1,0,0,1,0,1,0,0,0
0.0021313,0,0,0,0,0,0,0,1,0,0,1,0,1,0,0,0
0.00213134,0,0,1,0,0,0,0,1,0,0,1,0,1,0,0,0
0.00213136,1,1,1,0,0,1,0,1,0,0,1,0,1,0,0,0
0.00213138,0,0,0,0,0,0,0,1,0,0,1,0,1,0,0,0
0.0021322,1,1,0,0,0,0,0,1,0,0,1,0,1,0,0,0
0.00213222,1,1,0,1,1,1,0,1,0,0,1,0,1,0,0,0
0.00213224,1,1,1,1,1,1,1,1,0,0,1,0,1,0,0,0
0.00213226,1,1,0,0,1,0,0,0,0,0,1,0,1,0,0,0
0.0021323,1,1,1,1,1,1,1,0,0,0,1,0,1,0,0,0
0.00213232,1,1,1,0,1,0,0,0,0,0,1,0,1,0,0,0
0.00213234,1,1,0,0,1,0,0,0,0,0,1,0,1,0,0,0
0.00213238,1,1,1,0,1,0,0,0,0,0,1,0,1,0,0,0
0.0021324,1,1,0,0,1,0,0,0,0,0,1,0,1,0,0,0
0.00213264,1,1,0,0,1,0,0,0,0,1,0,0,1,0,0,0
0.00213266,1,1,0,0,1,0,0,0,1,1,0,0,1,0,0,0
0.0021332,1,1,1,1,1,1,1,1,1,1,0,0,1,0,0,0
0.00213324,1,0,1,0,1,1,1,0,1,1,0,0,1,0,0,0
0.00213326,1,0,0,0,1,1,1,0,1,1,0,0,1,0,0,0
0.0021333,1,1,1,1,1,1,1,0,1,1,0,0,1,0,0,0
0.00213332,1,0,0,0,1,1,1,0,1,1,0,0,1,0,0,0
0.00213414,1,1,1,1,1,1,1,0,1,1,0,0,1,0,0,0
0.00213416,1,1,1,1,1,1,1,1,1,1,0,0,1,0,0,0
0.00213422,0,1,0,0,1,0,0,0,1,1,0,0,1,0,0,0
0.00213426,0,1,1,1,1,0,0,0,1,1,0,0,1,0,0,0
0.00213428,1,1,1,1,1,0,0,0,1,1,0,0,1,0,0,0
0.0021343,0,1,0,0,1,0,0,0,1,1,0,0,1,0,0,0
0.00213434,0,1,1,0,1,0,0,0,1,1,0,0,1,0,0,0
0.00213438,0,1,0,0,1,0,0,0,1,1,0,0,1,0,0,0
0.0021346,0,1,0,0,1,0,0,0,0,1,0,0,1,0,0,0
0.00213466,0,1,0,0,1,0,0,0,0,0,0,0,0,0,0,0
0.00213468,0,1,0,0,1,0,0,0,0,1,0,0,1,0,0,0
0.00213512,1,1,1,1,1,0,0,0,0,1,0,0,1,0,0,0
0.00213514,1,1,1,1,1,1,1,1,0,1,0,0,1,0,0,0
0.0021352,1,1,0,0,1,1,0,0,0,1,0,0,1,0,0,0
0.00213524,1,1,1,1,1,1,1,0,0,1,0,0,1,0,0,0
0.00213526,1,1,0,0,1,1,0,0,0,1,0,0,1,0,0,0
0.0021361,1,1,1,1,1,1,0,0,0,1,0,0,1,0,0,0
0.00213612,1,1,1,1,1,1,1,1,0,1,0,0,1,0,0,0
0.00213616,1,0,0,0,1,0,0,0,0,1,0,0,1,0,0,0
0.0021362,1,0,1,1,1,0,0,0,0,1,0,0,1,0,0,0
0.00213622,1,1,1,1,1,0,0,0,0,1,0,0,1,0,0,0
0.00213624,1,0,0,0,1,0,0,0,0,1,0,0,1,0,0,0
0.00213654,1,0,0,0,1,0,0,0,0,0,0,0,1,0,0,0
0.00213656,1,0,0,0,1,0,0,0,1,0,0,0,1,0,0,0
0.00213662,1,0,0,0,1,0,0,0,0,0,0,0,0,0,0,0
0.00213664,1,0,0,0,1,0,0,0,1,0,0,0,1,0,0,0
0.0021371,1,1,1,1,1,1,1,1,1,0,0,0,1,0,0,0
0.00213714,1,1,1,1,1,1,1,0,1,0,0,0,1,0,0,0
0.00213716,0,0,1,1,1,0,1,0,1,0,0,0,1,0,0,0
0.0021372,1,1,1,1,1,1,1,0,1,0,0,0,1,0,0,0
0.00213722,0,0,1,1,1,0,1,0,1,0,0,0,1,0,0,0
0.00213806,1,1,1,1,1,0,1,0,1,0,0,0,1,0,0,0
0.00213808,1,1,1,1,1,1,1,1,1,0,0,0,1,0,0,0
0.00213812,1,1,1,0,0,0,1,0,1,0,0,0,1,0,0,0
0.00213816,1,1,1,1,0,1,1,0,1,0,0,0,1,0,0,0
0.00213818,1,1,1,0,0,0,1,0,1,0,0,0,1,0,0,0
0.0021385,1,1,1,0,0,0,1,0,1,1,1,0,0,0,1,0
0.00213902,1,1,1,1,1,1,1,1,1,1,1,0,0,0,1,0
0.00213904,0,0,0,0,0,0,0,0,1,1,1,0,0,0,1,0
0.00213906,1,1,1,1,1,1,1,1,1,1,1,0,0,0,1,0
0.00214006,0,0,1,1,1,1,1,1,1,1,1,0,0,0,1,0
0.00214008,0,0,0,1,1,0,1,0,1,1,1,0,0,0,1,0
0.0021401,1,1,1,1,1,1,1,1,1,1,1,0,0,0,1,0
0.00214014,0,1,0,0,1,0,1,1,1,1,1,0,0,0,1,0
0.00214046,0,1,0,0,1,0,1,1,0,1,0,0,1,0,1,1
0.00214098,1,1,1,1,1,0,1,1,0,1,0,0,1,0,1,1
0.002141,1,1,1,1,1,1,1,1,0,1,0,0,1,0,1,1
0.00214294,0,0,0,0,0,0,0,0,0,1,0,0,1,0,1,1
0.0021439,1,0,1,1,0,1,0,0,0,1,0,0,1,0,1,1
0.00214392,0,0,0,0,0,0,0,0,0,1,0,0,1,0,1,1
0.00214394,1,1,1,1,1,1,1,1,0,1,0,0,1,0,1,1
0.00214398,1,1,1,1,1,1,1,0,0,1,0,0,1,0,1,1
0.002144,1,1,1,1,1,1,1,1,0,1,0,0,1,0,1,1
0.00214402,1,1,0,1,1,1,0,0,0,1,0,0,1,0,1,1
0.00214404,1,1,0,0,1,1,1,1,0,1,0,0,1,0,1,1
0.00214406,0,1,0,0,1,1,0,0,0,1,0,0,1,0,1,1
0.0021441,0,1,0,0,1,1,0,1,0,1,0,0,1,0,1,1
0.00214412,0,1,0,0,1,1,0,0,0,1,0,0,1,0,1,1
0.00214436,0,1,0,0,1,1,0,0,0,1,0,0,1,0,0,0
0.00214438,0,1,0,0,1,1,0,0,0,1,0,0,1,1,0,0
0.00214488,1,1,1,1,1,1,0,0,0,1,0,0,1,1,0,0
0.0021449,1,1,1,1,1,1,1,1,0,1,0,0,1,1,0,0
0.00214496,0,1,1,1,0,1,1,0,0,1,0,0,1,1,0,0
0.002145,1,1,1,1,0,1,1,1,0,1,0,0,1,1,0,0
0.00214502,0,1,1,1,0,1,1,0,0,1,0,0,1,1,0,0
0.00214586,1,1,1,1,1,1,1,0,0,1,0,0,1,1,0,0
0.00214588,1,1,1,1,1,1,1,1,0,1,0,0,1,1,0,0
0.00214594,1,1,0,1,0,0,0,0,0,1,0,0,1,1,0,0
0.00214598,1,1,1,1,0,0,0,1,0,1,0,0,1,1,0,0
0.002146,1,1,0,1,0,0,0,0,0,1,0,0,1,1,0,0
0.00214686,1,1,1,1,1,1,1,1,0,1,0,0,1,1,0,0
0.00214784,1,1,1,1,1,1,0,0,0,1,0,0,1,1,0,0
0.00214786,0,0,0,1,1,0,1,0,0,1,0,0,1,1,0,0
0.00214788,1,1,1,1,1,1,1,0,0,1,0,0,1,1,0,0
0.0021479,1,1,1,1,1,1,1,1,0,1,0,0,1,1,0,0
0.00214792,0,0,1,1,1,1,0,0,0,1,0,0,1,1,0,0
0.00214794,1,0,1,1,1,0,0,0,0,1,0,0,1,1,0,0
0.00214796,0,0,1,0,1,0,0,0,0,1,0,0,1,1,0,0
0.00214826,0,0,1,0,1,0,0,0,0,0,0,0,1,0,0,0
0.00214828,0,0,1,0,1,0,0,0,0,0,1,0,1,0,0,0
0.00214836,0,1,1,0,1,0,0,0,0,1,1,0,1,0,0,0
0.00214838,0,0,1,0,1,0,0,0,0,0,1,0,1,0,0,0
0.00214882,1,1,1,1,1,1,1,1,0,0,1,0,1,0,0,0
0.00214984,0,0,0,0,0,0,0,1,0,0,1,0,1,0,0,0
0.0021499,1,1,1,1,0,1,1,1,0,0,1,0,1,0,0,0
0.00214992,0,0,0,0,0,0,0,1,0,0,1,0,1,0,0,0
0.00215074,1,1,1,1,0,0,0,1,0,0,1,0,1,0,0,0
0.00215076,1,1,1,1,1,1,1,1,0,0,1,0,1,0,0,0
0.00215082,1,1,0,0,1,0,0,0,0,0,1,0,1,0,0,0
0.00215086,1,1,1,1,1,1,1,0,0,0,1,0,1,0,0,0
0.00215088,1,1,1,0,1,0,0,0,0,0,1,0,1,0,0,0
0.0021509,1,1,0,0,1,0,0,0,0,0,1,0,1,0,0,0
0.00215094,1,1,1,0,1,0,0,0,0,0,1,0,1,0,0,0
0.00215096,1,1,0,0,1,0,0,0,0,0,1,0,1,0,0,0
0.0021512,1,1,0,0,1,0,0,0,1,1,0,0,1,0,0,0
0.00215126,1,1,0,0,1,0,0,0,0,0,0,0,0,0,0,0
0.00215128,1,1,0,0,1,0,0,0,1,1,0,0,1,0,0,0
0.00215174,1,1,1,1,1,1,1,1,1,1,0,0,1,0,0,0
0.00215178,1,0,0,0,1,1,1,0,1,1,0,0,1,0,0,0
0.00215182,1,0,1,0,1,1,1,0,1,1,0,0,1,0,0,0
0.00215186,1,0,0,0,1,1,1,0,1,1,0,0,1,0,0,0
0.0021527,1,1,1,1,1,1,1,0,1,1,0,0,1,0,0,0
0.00215272,1,1,1,1,1,1,1,1,1,1,0,0,1,0,0,0
0.00215278,0,1,0,0,1,0,0,0,1,1,0,0,1,0,0,0
0.00215284,1,1,1,1,1,1,0,0,1,1,0,0,1,0,0,0
0.00215286,0,1,1,0,1,0,0,0,1,1,0,0,1,0,0,0
0.00215288,0,1,0,0,1,0,0,0,1,1,0,0,1,0,0,0
0.0021529,0,1,1,0,1,0,0,0,1,1,0,0,1,0,0,0
0.00215294,0,1,0,0,1,0,0,0,1,1,0,0,1,0,0,0
0.00215314,0,1,0,0,1,0,0,0,0,1,0,0,1,0,0,0
0.00215368,1,1,1,1,1,1,1,0,0,1,0,0,1,0,0,0
0.0021537,1,1,1,1,1,1,1,1,0,1,0,0,1,0,0,0
0.00215374,1,1,0,0,1,1,0,0,0,1,0,0,1,0,0,0
0.00215378,1,1,1,1,1,1,1,0,0,1,0,0,1,0,0,0
0.0021538,1,1,1,0,1,1,0,0,0,1,0,0,1,0,0,0
0.00215382,1,1,0,0,1,1,0,0,0,1,0,0,1,0,0,0
0.00215386,1,1,1,0,1,1,0,0,0,1,0,0,1,0,0,0
0.00215388,1,1,0,0,1,1,0,0,0,1,0,0,1,0,0,0
0.00215464,1,1,1,1,1,1,0,0,0,1,0,0,1,0,0,0
0.00215466,1,1,1,1,1,1,1,1,0,1,0,0,1,0,0,0
0.00215472,1,0,1,0,1,0,0,0,0,1,0,0,1,0,0,0
0.00215474,1,0,0,0,1,0,0,0,0,1,0,0,1,0,0,0
0.00215476,1,0,1,1,1,0,0,0,0,1,0,0,1,0,0,0
0.00215478,1,1,1,1,1,1,1,1,0,1,0,0,1,0,0,0
0.0021548,1,0,1,1,1,0,0,0,0,1,0,0,1,0,0,0
0.00215482,1,0,0,0,1,0,0,0,0,1,0,0,1,0,0,0
0.00215484,1,0,1,0,1,0,0,0,0,1,0,0,1,0,0,0
0.00215486,1,0,1,1,1,0,0,0,0,1,0,0,1,0,0,0
0.00215488,1,0,1,0,1,0,0,0,0,1,0,0,1,0,0,0
0.0021549,1,0,0,0,1,0,0,0,0,1,0,0,1,0,0,0
0.00215492,1,0,1,0,1,0,0,0,0,1,0,0,1,0,0,0
0.00215496,1,0,0,0,1,0,0,0,0,1,0,0,1,0,0,0
0.002155,1,0,1,0,1,0,0,0,0,1,0,0,1,0,0,0
0.00215504,1,0,0,0,1,0,0,0,0,1,0,0,1,0,0,0
0.00215508,1,0,1,0,1,0,0,0,0,1,0,0,1,0,0,0
0.0021551,1,0,0,0,1,0,0,0,1,0,0,0,1,0,0,0
0.00215516,1,0,1,0,1,0,0,0,1,0,0,0,1,0,0,0
0.00215518,1,0,0,0,1,0,0,0,1,0,0,0,1,0,0,0
0.00215522,1,0,1,0,1,0,0,0,1,0,0,0,1,0,0,0
0.00215524,1,0,0,0,1,0,0,0,1,0,0,0,1,0,0,0
0.00215562,1,0,1,1,1,0,0,0,1,0,0,0,1,0,0,0
0.00215564,1,1,1,1,1,1,1,1,1,0,0,0,1,0,0,0
0.0021557,0,0,1,1,1,0,1,0,1,0,0,0,1,0,0,0
0.00215574,1,1,1,1,1,1,1,0,1,0,0,0,1,0,0,0
0.00215576,0,0,1,1,1,0,1,0,1,0,0,0,1,0,0,0
0.00215664,1,1,1,1,1,1,1,1,1,0,0,0,1,0,0,0
0.00215668,0,0,0,1,0,0,1,0,1,0,0,0,1,0,0,0
0.00215672,1,1,1,1,0,1,1,0,1,0,0,0,1,0,0,0
0.00215674,1,1,1,1,0,1,1,1,1,0,0,0,1,0,0,0
0.00215676,0,0,0,1,0,0,1,0,1,0,0,0,1,0,0,0
0.0021568,1,0,1,1,0,1,1,0,1,0,0,0,1,0,0,0
0.00215684,0,0,1,1,0,0,1,0,1,0,0,0,1,0,0,0
0.00215704,0,0,1,1,0,0,1,0,1,0,0,0,0,0,0,0
0.00215706,0,0,1,1,0,0,1,0,0,0,0,1,0,0,1,0
0.00215708,0,0,0,1,0,0,1,0,0,0,0,1,0,0,1,0
0.0021571,0,0,1,1,0,0,1,0,0,0,0,1,0,0,1,0
0.00215712,0,0,1,1,0,0,1,0,0,0,0,0,0,0,1,0
0.00215714,0,0,1,1,1,0,1,0,0,0,1,1,1,0,1,0
0.00215716,1,1,1,1,1,1,1,1,0,0,1,1,1,0,1,0
0.00215718,0,0,0,1,0,0,1,0,0,0,0,1,0,0,1,0
0.00215722,1,1,1,1,0,1,1,1,0,0,0,1,0,0,1,0
0.00215724,1,1,1,1,0,1,1,0,0,0,0,1,0,0,1,0
0.00215726,0,0,0,1,0,0,1,0,0,0,0,1,0,0,1,0
0.0021573,0,0,1,1,0,0,1,0,0,0,0,1,0,0,1,0
0.00215734,0,0,0,1,0,0,1,0,0,0,0,1,0,0,1,0
0.00215738,0,0,1,1,0,0,1,0,0,0,0,1,0,0,1,0
0.0021574,0,0,0,1,0,0,1,0,0,0,0,1,0,0,1,0
0.00215744,0,0,1,1,0,0,1,0,0,0,0,1,0,0,1,0
0.0021575,0,0,0,1,0,0,1,0,0,0,0,1,0,0,1,0
0.00215756,1,0,1,1,0,0,1,0,0,0,0,1,0,0,1,0
0.00215758,1,1,1,0,0,0,0,0,0,0,0,1,0,0,1,0
0.0021576,1,1,1,0,1,0,1,1,0,0,0,1,0,0,1,0
0.00215762,1,1,1,1,1,1,1,1,0,0,0,1,0,0,1,0
0.00215764,1,1,1,0,1,1,1,1,0,0,0,1,0,0,1,0
0.00215766,1,1,1,0,1,0,1,1,0,0,0,1,0,0,1,0
0.00215802,1,1,1,0,1,1,1,1,0,0,0,1,0,0,1,0
0.00215804,1,1,1,0,1,0,1,1,0,0,0,1,0,0,1,0
0.00215848,1,1,1,0,1,1,1,1,0,0,0,1,0,0,1,0
0.0021585,0,0,1,0,1,0,1,0,0,0,0,1,0,0,1,0
0.00215852,0,0,1,1,1,0,1,0,0,0,0,1,0,0,1,0
0.00215854,1,1,1,1,1,1,1,0,0,0,0,1,0,0,1,0
0.00215856,0,0,1,1,1,0,1,0,0,0,0,1,0,0,1,0
0.00215858,1,0,1,0,1,1,1,0,0,0,0,1,0,0,1,0
0.0021586,1,1,1,1,1,1,1,1,0,0,0,1,0,0,1,0
0.00215862,1,1,0,1,1,0,1,0,0,0,0,1,0,0,1,0
0.00215864,1,1,1,1,1,1,1,1,0,0,0,1,0,0,1,0
0.00215868,0,1,0,1,1,0,1,1,0,0,0,1,0,0,1,0
0.0021587,0,1,0,0,1,0,1,1,0,0,0,1,0,0,1,0
0.002159,0,1,0,0,1,0,1,1,0,0,0,0,1,0,1,0
0.00215902,0,1,0,0,1,0,1,1,0,1,0,0,1,0,1,1
0.00215954,0,1,1,1,1,0,1,1,0,1,0,0,1,0,1,1
0.00215956,1,1,1,1,1,1,1,1,0,1,0,0,1,0,1,1
0.0021596,1,1,1,0,1,0,1,1,0,1,0,0,1,0,1,1
0.00215964,1,1,1,0,1,1,1,1,0,1,0,0,1,0,1,1
0.00215966,1,1,1,0,1,0,1,1,0,1,0,0,1,0,1,1
0.00216054,1,1,1,0,1,1,1,1,0,1,0,0,1,0,1,1
0.00216056,1,1,1,1,1,1,1,1,0,1,0,0,1,0,1,1
0.0021615,0,0,0,0,0,0,0,0,0,1,0,0,1,0,1,1
0.00216248,1,1,1,1,1,1,0,0,0,1,0,0,1,0,1,1
0.0021625,1,1,1,1,1,1,1,1,0,1,0,0,1,0,1,1
0.00216252,1,1,0,1,1,0,1,0,0,1,0,0,1,0,1,1
0.00216254,1,1,1,1,1,1,1,0,0,1,0,0,1,0,1,1
0.00216256,1,1,1,1,1,1,1,1,0,1,0,0,1,0,1,1
0.00216258,0,1,0,1,1,1,1,0,0,1,0,0,1,0,1,1
0.0021626,0,1,0,0,1,1,0,0,0,1,0,0,1,0,1,1
0.00216264,1,1,1,0,1,1,0,1,0,1,0,0,1,0,1,1
0.00216266,0,1,0,0,1,1,0,0,0,1,0,0,1,0,1,1
0.0021629,0,1,0,0,1,1,0,0,0,1,0,0,1,0,0,0
0.00216292,0,1,0,0,1,1,0,0,0,1,0,0,1,1,0,0
0.00216344,1,1,1,1,1,1,0,1,0,1,0,0,1,1,0,0
0.00216346,1,1,1,1,1,1,1,1,0,1,0,0,1,1,0,0
0.00216352,1,0,0,0,1,1,1,0,0,1,0,0,1,1,0,0
0.00216356,1,1,1,1,1,1,1,1,0,1,0,0,1,1,0,0
0.00216358,1,0,0,0,1,1,1,0,0,1,0,0,1,1,0,0
0.00216442,1,1,1,1,1,1,1,1,0,1,0,0,1,1,0,0
0.00216448,1,1,0,1,0,0,0,0,0,1,0,0,1,1,0,0
0.00216452,1,1,1,1,0,0,0,0,0,1,0,0,1,1,0,0
0.00216456,1,1,0,1,0,0,0,0,0,1,0,0,1,1,0,0
0.0021654,1,1,1,1,0,0,0,0,0,1,0,0,1,1,0,0
0.00216542,1,1,1,1,1,1,1,1,0,1,0,0,1,1,0,0
0.00216638,1,1,1,1,1,1,1,0,0,1,0,0,1,1,0,0
0.0021664,1,1,1,1,1,1,1,1,0,1,0,0,1,1,0,0
0.00216642,0,0,0,1,1,0,1,0,0,1,0,0,1,1,0,0
0.00216644,1,1,1,1,1,1,1,0,0,1,0,0,1,1,0,0
0.00216646,1,1,1,1,1,1,1,1,0,1,0,0,1,1,0,0
0.00216648,0,1,0,1,1,0,1,0,0,1,0,0,1,1,0,0
0.0021665,0,1,0,0,1,0,0,0,0,1,0,0,1,1,0,0
0.00216682,0,1,0,0,1,0,0,0,0,1,0,0,1,0,0,0
0.00216734,0,1,1,0,1,0,0,0,0,1,0,0,1,0,0,0
0.00216736,1,1,1,0,1,1,1,1,0,1,0,0,1,0,0,0
0.00216738,1,1,1,1,1,1,1,1,0,1,0,0,1,0,0,0
0.0021674,1,1,0,0,1,1,1,1,0,1,0,0,1,0,0,0
0.00216742,1,1,0,0,1,1,0,0,0,1,0,0,1,0,0,0
0.00216834,1,1,1,1,1,1,1,1,0,1,0,0,1,0,0,0
0.0021684,1,0,0,0,1,0,0,0,0,1,0,0,1,0,0,0
0.00216844,1,0,1,1,1,1,1,0,0,1,0,0,1,0,0,0
0.00216846,1,0,1,1,1,0,0,0,0,1,0,0,1,0,0,0
0.00216848,1,0,0,0,1,0,0,0,0,1,0,0,1,0,0,0
0.00216852,1,0,1,0,1,0,0,0,0,1,0,0,1,0,0,0
0.00216854,1,0,0,0,1,0,0,0,0,1,0,0,1,0,0,0
0.00216876,1,0,0,0,1,0,0,0,0,0,0,0,1,0,0,0
0.00216878,1,0,0,0,1,0,0,0,1,0,0,0,1,0,0,0
0.00216884,1,0,0,0,1,0,0,0,0,0,0,0,1,0,0,0
0.00216886,1,0,0,0,1,0,0,0,1,0,0,0,1,0,0,0
0.0021693,1,1,1,0,1,0,0,0,1,0,0,0,1,0,0,0
0.00216932,1,1,1,1,1,1,1,1,1,0,0,0,1,0,0,0
0.00216936,1,1,0,0,1,1,0,0,1,0,0,0,1,0,0,0
0.0021694,1,1,1,1,1,1,1,1,1,0,0,0,1,0,0,0
0.00216942,1,1,1,0,1,1,0,0,1,0,0,0,1,0,0,0
0.00216944,1,1,0,0,1,1,0,0,1,0,0,0,1,0,0,0
0.00216948,1,1,1,0,1,1,0,0,1,0,0,0,1,0,0,0
0.0021695,1,1,0,0,1,1,0,0,1,0,0,0,1,0,0,0
0.00217026,1,1,1,1,1,1,0,0,1,0,0,0,1,0,0,0
0.0021703,1,1,1,1,1,1,1,1,1,0,0,0,1,0,0,0
0.00217034,1,1,1,1,0,1,1,1,1,0,0,0,1,0,0,0
0.00217036,1,0,0,1,0,0,1,0,1,0,0,0,1,0,0,0
0.00217038,1,0,1,1,0,0,1,0,1,0,0,0,1,0,0,0
0.0021704,1,1,1,1,0,1,1,1,1,0,0,0,1,0,0,0
0.00217042,1,0,1,1,0,0,1,0,1,0,0,0,1,0,0,0
0.00217044,1,0,0,1,0,0,1,0,1,0,0,0,1,0,0,0
0.00217046,1,0,1,1,0,0,1,0,1,0,0,0,1,0,0,0
0.00217052,1,0,0,1,0,0,1,0,1,0,0,0,1,0,0,0
0.00217054,1,0,1,1,0,0,1,0,1,0,0,0,1,0,0,0
0.00217058,1,0,0,1,0,0,1,0,1,0,0,0,1,0,0,0
0.00217072,1,0,0,1,0,0,1,0,1,0,0,1,0,0,1,0
0.00217124,1,1,1,1,0,1,1,0,1,0,0,1,0,0,1,0
0.00217126,0,0,0,0,0,0,0,0,1,0,0,1,0,0,1,0
0.0021713,0,1,1,0,0,1,0,0,1,0,0,1,0,0,1,0
0.00217132,0,0,0,0,0,0,0,0,1,0,0,1,0,0,1,0
0.00217222,0,0,1,0,0,0,0,0,1,0,0,1,0,0,1,0
0.00217224,0,0,0,0,0,0,0,0,1,0,0,1,0,0,1,0
0.00217226,1,1,1,1,1,1,1,1,1,0,0,1,0,0,1,0
0.0021723,1,1,1,1,1,0,1,0,1,0,0,1,0,0,1,0
0.00217232,1,1,1,1,1,1,1,1,1,0,0,1,0,0,1,0
0.00217236,0,1,0,0,1,1,0,0,1,0,0,1,0,0,1,0
0.00217242,0,1,1,0,1,1,0,0,1,0,0,1,0,0,1,0
0.00217244,0,1,0,0,1,1,0,0,1,0,0,1,0,0,1,0
0.00217268,0,1,0,0,1,1,0,0,0,1,0,0,1,1,0,0
0.00217322,1,1,1,1,1,1,0,1,0,1,0,0,1,1,0,0
0.00217324,1,1,1,1,1,1,1,1,0,1,0,0,1,1,0,0
0.00217328,0,0,1,0,1,1,1,0,0,1,0,0,1,1,0,0
0.00217332,1,0,1,1,1,1,1,0,0,1,0,0,1,1,0,0
0.00217334,0,0,1,0,1,1,1,0,0,1,0,0,1,1,0,0
0.00217418,1,1,1,1,1,1,1,0,0,1,0,0,1,1,0,0
0.0021742,1,1,1,1,1,1,1,1,0,1,0,0,1,1,0,0
0.00217424,1,1,0,1,0,0,0,0,0,1,0,0,1,1,0,0
0.0021743,1,1,1,1,0,0,0,0,0,1,0,0,1,1,0,0
0.00217432,1,1,0,1,0,0,0,0,0,1,0,0,1,1,0,0
0.00217516,1,1,1,1,0,0,0,0,0,1,0,0,1,1,0,0
0.00217518,1,1,1,1,1,1,1,1,0,1,0,0,1,1,0,0
0.00217618,0,0,0,1,1,0,1,0,0,1,0,0,1,1,0,0
0.0021762,1,1,1,1,1,0,1,0,0,1,0,0,1,1,0,0
0.00217622,1,1,1,1,1,1,1,1,0,1,0,0,1,1,0,0
0.00217626,1,1,1,0,1,0,0,0,0,1,0,0,1,1,0,0
0.00217628,0,1,0,0,1,0,0,0,0,1,0,0,1,1,0,0
0.00217632,1,1,1,0,1,1,0,0,0,1,0,0,1,1,0,0
0.00217634,1,1,1,0,1,0,0,0,0,1,0,0,1,1,0,0
0.00217636,0,1,0,0,1,0,0,0,0,1,0,0,1,1,0,0
0.0021764,0,1,1,0,1,0,0,0,0,1,0,0,1,1,0,0
0.00217642,0,1,0,0,1,0,0,0,0,1,0,0,1,1,0,0
0.00217658,0,1,0,0,1,0,0,0,0,1,0,0,1,0,0,0
0.0021771,1,1,0,0,1,0,0,0,0,1,0,0,1,0,0,0
0.00217712,1,1,1,1,1,0,0,0,0,1,0,0,1,0,0,0
0.00217714,1,1,1,1,1,1,1,1,0,1,0,0,1,0,0,0
0.00217718,1,1,0,0,1,1,0,0,0,1,0,0,1,0,0,0
0.00217722,1,1,1,1,1,1,0,0,0,1,0,0,1,0,0,0
0.00217724,1,1,0,0,1,1,0,0,0,1,0,0,1,0,0,0
0.0021781,1,1,1,1,1,1,0,0,0,1,0,0,1,0,0,0
0.00217814,1,1,1,1,1,1,1,1,0,1,0,0,1,0,0,0
0.00217816,1,0,0,0,1,0,0,0,0,1,0,0,1,0,0,0
0.0021782,1,0,1,1,1,1,1,1,0,1,0,0,1,0,0,0
0.00217822,1,0,1,1,1,1,0,0,0,1,0,0,1,0,0,0
0.00217824,1,0,0,0,1,0,0,0,0,1,0,0,1,0,0,0
0.00217852,1,0,0,0,1,0,0,0,0,0,0,0,1,0,0,0
0.00217854,1,0,0,0,1,0,0,0,1,0,0,0,1,0,0,0
0.0021786,1,0,0,0,1,0,0,0,0,0,0,0,0,0,0,0
0.00217862,1,0,0,0,1,0,0,0,1,0,0,0,1,0,0,0
0.00217906,1,1,1,1,1,0,0,0,1,0,0,0,1,0,0,0
0.00217908,1,1,1,1,1,1,1,1,1,0,0,0,1,0,0,0
0.00217912,1,0,1,0,1,1,1,0,1,0,0,0,1,0,0,0
0.00217914,1,0,0,0,1,1,1,0,1,0,0,0,1,0,0,0
0.00217916,1,0,1,1,1,1,1,1,1,0,0,0,1,0,0,0
0.00217918,1,1,1,1,1,1,1,0,1,0,0,0,1,0,0,0
0.0021792,1,0,0,0,1,1,1,0,1,0,0,0,1,0,0,0
0.00218004,1,1,1,1,1,1,1,0,1,0,0,0,1,0,0,0
0.00218006,1,1,1,1,1,1,1,1,1,0,0,0,1,0,0,0
0.0021801,1,1,1,1,0,1,1,1,1,0,0,0,1,0,0,0
0.00218012,1,0,0,1,0,0,1,0,1,0,0,0,1,0,0,0
0.00218016,1,1,1,1,0,1,1,1,1,0,0,0,1,0,0,0
0.00218018,1,0,1,1,0,0,1,0,1,0,0,0,1,0,0,0
0.0021802,1,0,0,1,0,0,1,0,1,0,0,0,1,0,0,0
0.00218024,1,0,1,1,0,0,1,0,1,0,0,0,1,0,0,0
0.00218026,1,0,0,1,0,0,1,0,1,0,0,0,1,0,0,0
0.00218048,1,0,0,1,0,0,1,0,1,0,0,1,0,0,1,0
0.002181,1,1,1,1,0,1,1,0,1,0,0,1,0,0,1,0
0.00218102,0,0,0,0,0,0,0,0,1,0,0,1,0,0,1,0
0.00218104,0,1,1,1,1,1,0,0,1,0,0,1,0,0,1,0
0.00218106,1,1,1,1,1,1,1,1,1,0,0,1,0,0,1,0
0.00218108,0,1,1,1,1,1,0,0,1,0,0,1,0,0,1,0
0.00218202,1,1,1,1,1,1,1,1,1,0,0,1,0,0,1,0
0.00218206,1,1,0,1,1,0,0,0,1,0,0,1,0,0,1,0
0.00218208,1,1,0,1,1,1,0,0,1,0,0,1,0,0,1,0
0.0021821,1,1,1,0,1,1,1,1,1,0,0,1,0,0,1,0
0.00218212,0,1,0,0,1,1,0,0,1,0,0,1,0,0,1,0
0.00218216,0,1,1,0,1,1,0,1,1,0,0,1,0,0,1,0
0.00218218,0,1,0,0,1,1,0,0,1,0,0,1,0,0,1,0
0.00218244,0,1,0,0,1,1,0,0,0,1,0,0,0,0,0,0
0.00218246,0,1,0,0,1,1,0,0,0,1,0,0,1,1,0,0
0.00218252,0,1,1,1,1,1,0,0,0,1,0,0,1,1,0,0
0.00218254,1,1,1,1,1,1,1,1,0,1,1,1,1,1,0,0
0.00218256,0,1,0,0,1,1,0,0,0,1,0,0,1,1,0,0
0.0021826,0,1,1,0,1,1,0,1,0,1,0,0,1,1,0,0
0.00218262,0,1,1,0,1,1,0,0,0,1,0,0,1,1,0,0
0.00218264,0,1,0,0,1,1,0,0,0,1,0,0,1,1,0,0
0.00218296,1,1,1,1,1,1,0,0,0,1,0,0,1,1,0,0
0.00218298,1,1,1,1,1,1,1,1,0,1,0,0,1,1,0,0
0.00218304,1,0,1,1,1,0,0,1,0,1,0,0,1,1,0,0
0.00218308,1,1,1,1,1,1,0,1,0,1,0,0,1,1,0,0
0.0021831,1,0,1,1,1,0,0,1,0,1,0,0,1,1,0,0
0.00218394,1,1,1,1,1,1,0,1,0,1,0,0,1,1,0,0
0.00218396,1,1,1,1,1,1,1,1,0,1,0,0,1,1,0,0
0.002184,1,1,1,0,0,1,0,0,0,1,0,0,1,1,0,0
0.00218402,1,1,0,0,0,0,0,0,0,1,0,0,1,1,0,0
0.00218406,1,1,1,0,0,1,0,0,0,1,0,0,1,1,0,0
0.00218408,1,1,1,0,0,0,0,0,0,1,0,0,1,1,0,0
0.0021841,1,1,0,0,0,0,0,0,0,1,0,0,1,1,0,0
0.00218492,1,1,1,0,0,1,0,0,0,1,0,0,1,1,0,0
0.00218494,1,1,1,1,1,1,1,1,0,1,0,0,1,1,0,0
0.00218594,0,1,1,0,1,0,0,0,0,1,0,0,1,1,0,0
0.00218596,0,1,0,0,1,0,0,0,0,1,0,0,1,1,0,0
0.002186,0,1,1,1,1,1,1,1,0,1,0,0,1,1,0,0
0.00218602,0,1,1,0,1,0,0,0,0,1,0,0,1,1,0,0
0.00218604,0,1,0,0,1,0,0,0,0,1,0,0,1,1,0,0
0.00218608,0,1,1,0,1,0,0,0,0,1,0,0,1,1,0,0
0.0021861,0,1,0,0,1,0,0,0,0,1,0,0,1,1,0,0
0.00218634,0,1,0,0,1,0,0,0,0,1,0,0,1,0,0,0
0.00218686,1,1,0,0,1,0,0,0,0,1,0,0,1,0,0,0
0.00218688,1,1,1,0,1,0,0,0,0,1,0,0,1,0,0,0
0.0021869,1,1,1,1,1,1,1,1,0,1,0,0,1,0,0,0
0.00218694,1,1,0,0,1,1,0,0,0,1,0,0,1,0,0,0
0.00218698,1,1,1,1,1,1,1,1,0,1,0,0,1,0,0,0
0.002187,1,1,1,1,1,1,1,0,0,1,0,0,1,0,0,0
0.00218702,1,1,0,0,1,1,0,0,0,1,0,0,1,0,0,0
0.00218706,1,1,1,0,1,1,0,0,0,1,0,0,1,0,0,0
0.00218708,1,1,0,0,1,1,0,0,0,1,0,0,1,0,0,0
0.0021879,1,0,1,1,1,0,0,0,0,1,0,0,1,0,0,0
0.00218792,1,0,0,0,1,0,0,0,0,1,0,0,1,0,0,0
0.00218796,1,0,1,1,1,0,1,0,0,1,0,0,1,0,0,0
0.00218798,1,0,0,0,1,0,0,0,0,1,0,0,1,0,0,0
0.0021883,1,0,0,0,1,0,0,0,1,0,0,0,1,0,0,0
0.00218836,1,0,0,0,1,0,0,0,0,0,0,0,0,0,0,0
0.00218838,1,0,0,0,1,0,0,0,1,0,0,0,1,0,0,0
0.00218884,1,1,1,1,1,0,0,0,1,0,0,0,1,0,0,0
0.00218886,1,1,1,1,1,1,1,1,1,0,0,0,1,0,0,0
0.0021889,1,1,0,0,1,1,0,0,1,0,0,0,1,0,0,0
0.00218894,1,1,1,1,1,1,1,0,1,0,0,0,1,0,0,0
0.00218896,1,1,0,0,1,1,0,0,1,0,0,0,1,0,0,0
0.0021898,1,1,1,1,1,1,0,0,1,0,0,0,1,0,0,0
0.00218982,1,1,1,1,1,1,1,1,1,0,0,0,1,0,0,0
0.00218988,0,1,0,1,0,0,1,0,1,0,0,0,1,0,0,0
0.00218992,1,1,1,1,0,1,1,0,1,0,0,0,1,0,0,0
0.00218994,0,1,1,1,0,0,1,0,1,0,0,0,1,0,0,0
0.00218996,0,1,0,1,0,0,1,0,1,0,0,0,1,0,0,0
0.00218998,0,1,1,1,0,0,1,0,1,0,0,0,1,0,0,0
0.00219004,0,1,0,1,0,0,1,0,1,0,0,0,1,0,0,0
0.00219006,0,1,1,1,0,0,1,0,1,0,0,0,1,0,0,0
0.0021901,0,1,0,1,0,0,1,0,1,0,0,0,1,0,0,0
0.00219024,0,1,1,1,0,0,1,0,0,0,0,0,0,0,0,0
0.00219026,0,1,0,1,0,0,1,0,0,1,0,1,0,0,1,0
0.00219076,1,1,1,1,0,0,1,0,0,1,0,1,0,0,1,0
0.00219078,1,0,1,0,0,0,0,0,0,1,0,1,0,0,1,0
0.0021908,0,0,0,0,0,0,0,0,0,1,0,1,0,0,1,0
0.00219084,1,0,1,0,0,1,0,0,0,1,0,1,0,0,1,0
0.00219086,0,0,0,0,0,0,0,0,0,1,0,1,0,0,1,0
0.00219174,1,0,1,0,0,0,0,0,0,1,0,1,0,0,1,0
0.00219176,0,0,0,0,0,0,0,0,0,1,0,1,0,0,1,0
0.00219178,1,1,1,1,1,1,0,0,0,1,0,1,0,0,1,0
0.0021918,1,1,1,1,1,1,1,1,0,1,0,1,0,0,1,0
0.00219182,0,1,0,0,1,0,0,0,0,1,0,1,0,0,1,0
0.00219184,0,1,0,0,1,1,0,0,0,1,0,1,0,0,1,0
0.00219186,1,1,1,0,1,1,0,0,0,1,0,1,0,0,1,0
0.00219188,1,1,1,1,1,1,0,1,0,1,0,1,0,0,1,0
0.0021919,0,1,0,0,1,1,0,0,0,1,0,1,0,0,1,0
0.0021922,0,1,0,0,1,1,0,0,0,1,0,0,0,0,0,0
0.00219222,0,1,0,0,1,1,0,0,0,1,0,0,1,1,0,0
0.00219272,1,1,1,0,1,1,0,0,0,1,0,0,1,1,0,0
0.00219274,0,1,1,1,1,1,0,0,0,1,0,0,1,1,0,0
0.00219276,1,1,1,1,1,1,1,1,0,1,0,0,1,1,0,0
0.00219278,1,1,1,0,1,1,1,0,0,1,0,0,1,1,0,0
0.00219282,1,1,1,1,1,1,1,0,0,1,0,0,1,1,0,0
0.00219284,1,1,1,0,1,1,1,0,0,1,0,0,1,1,0,0
0.0021937,1,1,1,1,1,1,1,0,0,1,0,0,1,1,0,0
0.00219372,1,1,1,1,1,1,1,1,0,1,0,0,1,1,0,0
0.00219378,1,1,0,1,0,0,0,0,0,1,0,0,1,1,0,0
0.00219382,1,1,1,1,0,0,0,0,0,1,0,0,1,1,0,0
0.00219386,1,1,0,1,0,0,0,0,0,1,0,0,1,1,0,0
0.0021939,1,1,1,1,0,0,0,0,0,1,0,0,1,1,0,0
0.00219392,1,1,0,1,0,0,0,0,0,1,0,0,1,1,0,0
0.00219468,1,1,1,1,0,0,0,0,0,1,0,0,1,1,0,0
0.0021947,1,1,1,1,1,1,1,1,0,1,0,0,1,1,0,0
0.0021957,0,0,1,1,1,0,1,0,0,1,0,0,1,1,0,0
0.00219572,0,0,0,1,1,0,1,0,0,1,0,0,1,1,0,0
0.00219574,1,1,1,1,1,1,1,1,0,1,0,0,1,1,0,0
0.00219576,0,1,1,1,1,1,1,1,0,1,0,0,1,1,0,0
0.00219578,0,1,0,1,1,0,0,0,0,1,0,0,1,1,0,0
0.0021958,0,1,0,0,1,0,0,0,0,1,0,0,1,1,0,0
0.00219584,0,1,1,0,1,1,0,1,0,1,0,0,1,1,0,0
0.00219586,0,1,0,0,1,0,0,0,0,1,0,0,1,1,0,0
0.00219592,0,1,1,0,1,0,0,0,0,1,0,0,1,1,0,0
0.00219594,0,1,0,0,1,0,0,0,0,1,0,0,1,1,0,0
0.0021961,0,1,0,0,1,0,0,0,0,1,0,0,1,0,0,0
0.00219662,0,1,1,0,1,0,0,0,0,1,0,0,1,0,0,0
0.00219664,0,1,1,1,1,0,0,0,0,1,0,0,1,0,0,0
0.00219666,1,1,1,1,1,1,1,1,0,1,0,0,1,0,0,0
0.0021967,1,1,0,0,1,1,0,0,0,1,0,0,1,0,0,0
0.00219674,1,1,1,0,1,1,0,0,0,1,0,0,1,0,0,0
0.00219678,1,1,0,0,1,1,0,0,0,1,0,0,1,0,0,0
0.00219682,1,1,1,0,1,1,0,0,0,1,0,0,1,0,0,0
0.00219684,1,1,0,0,1,1,0,0,0,1,0,0,1,0,0,0
0.00219762,1,1,1,0,1,1,0,0,0,1,0,0,1,0,0,0
0.00219764,1,1,1,1,1,1,1,1,0,1,0,0,1,0,0,0
0.00219768,1,0,0,0,1,0,0,0,0,1,0,0,1,0,0,0
0.00219772,1,1,1,1,1,1,1,0,0,1,0,0,1,0,0,0
0.00219774,1,0,1,1,1,0,0,0,0,1,0,0,1,0,0,0
0.00219776,1,0,0,0,1,0,0,0,0,1,0,0,1,0,0,0
0.0021978,1,0,1,0,1,0,0,0,0,1,0,0,1,0,0,0
0.00219784,1,0,0,0,1,0,0,0,0,1,0,0,1,0,0,0
0.00219788,1,0,1,0,1,0,0,0,0,1,0,0,1,0,0,0
0.00219792,1,0,0,0,1,0,0,0,0,1,0,0,1,0,0,0
0.00219796,1,0,1,0,1,0,0,0,0,1,0,0,1,0,0,0
0.00219798,1,0,0,0,1,0,0,0,0,1,0,0,1,0,0,0
0.00219806,1,0,0,0,1,0,0,0,1,0,0,0,1,0,0,0
0.00219812,1,0,1,0,1,0,0,0,1,0,0,0,0,0,0,0
0.00219814,1,0,0,0,1,0,0,0,1,0,0,0,1,0,0,0
0.00219858,1,1,1,1,1,0,0,0,1,0,0,0,1,0,0,0
0.0021986,1,1,1,1,1,1,1,1,1,0,0,0,1,0,0,0
0.00219866,1,0,0,0,1,1,1,0,1,0,0,0,1,0,0,0
0.0021987,1,1,1,1,1,1,1,1,1,0,0,0,1,0,0,0
0.00219872,1,0,0,0,1,1,1,0,1,0,0,0,1,0,0,0
0.00219878,1,0,1,0,1,1,1,0,1,0,0,0,1,0,0,0
0.0021988,1,0,0,0,1,1,1,0,1,0,0,0,1,0,0,0
0.00219956,1,1,1,1,1,1,1,0,1,0,0,0,1,0,0,0
0.00219958,1,1,1,1,1,1,1,1,1,0,0,0,1,0,0,0
0.00219964,0,1,0,1,0,0,1,0,1,0,0,0,1,0,0,0
0.00219968,0,1,1,1,0,1,1,0,1,0,0,0,1,0,0,0
0.0021997,0,1,1,1,0,0,1,0,1,0,0,0,1,0,0,0
0.00219972,0,1,0,1,0,0,1,0,1,0,0,0,1,0,0,0
0.00219976,0,1,1,1,0,0,1,0,1,0,0,0,1,0,0,0
0.0021998,0,1,0,1,0,0,1,0,1,0,0,0,1,0,0,0
0.00219984,0,1,1,1,0,0,1,0,1,0,0,0,1,0,0,0
0.00219986,0,1,0,1,0,0,1,0,1,0,0,0,1,0,0,0
0.0022,0,1,0,1,0,0,1,0,0,0,0,0,0,0,0,0
0.00220002,0,1,0,1,0,0,1,0,0,1,0,1,0,0,1,0
0.00220052,1,1,0,1,0,0,1,0,0,1,0,1,0,0,1,0
0.00220054,1,0,0,0,0,0,0,0,0,1,0,1,0,0,1,0
0.00220056,0,1,0,0,0,0,1,1,0,1,0,1,0,0,1,0
0.00220058,1,1,1,0,0,1,1,1,0,1,0,1,0,0,1,0
0.0022006,0,1,1,0,0,0,1,1,0,1,0,1,0,0,1,0
0.00220062,0,1,0,0,0,0,1,1,0,1,0,1,0,0,1,0
0.00220144,0,1,1,0,0,0,1,1,0,1,0,1,0,0,1,0
0.00220146,0,1,0,0,0,0,1,1,0,1,0,1,0,0,1,0
0.0022015,0,1,1,0,0,0,1,1,0,1,0,1,0,0,1,0
0.00220152,0,1,0,0,0,0,1,1,0,1,0,1,0,0,1,0
0.00220154,1,1,1,1,0,0,1,1,0,1,0,1,0,0,1,0
0.00220156,1,1,1,1,1,1,1,1,0,1,0,1,0,0,1,0
0.00220158,1,0,1,1,1,0,1,0,0,1,0,1,0,0,1,0
0.0022016,1,1,1,1,1,1,1,1,0,1,0,1,0,0,1,0
0.00220166,0,1,0,0,1,1,0,0,0,1,0,1,0,0,1,0
0.0022017,1,1,1,1,1,1,0,0,0,1,0,1,0,0,1,0
0.00220172,0,1,1,0,1,1,0,0,0,1,0,1,0,0,1,0
0.00220174,0,1,0,0,1,1,0,0,0,1,0,1,0,0,1,0
0.00220196,0,1,0,0,1,1,0,0,0,1,0,0,0,0,0,0
0.00220198,0,1,0,0,1,1,0,0,0,1,0,0,1,1,0,0
0.00220252,1,1,1,1,1,1,1,1,0,1,0,0,1,1,0,0
0.00220256,0,0,0,0,1,1,0,1,0,1,0,0,1,1,0,0
0.0022026,1,0,1,1,1,1,0,1,0,1,0,0,1,1,0,0
0.00220264,0,0,0,0,1,1,0,1,0,1,0,0,1,1,0,0
0.00220268,0,0,1,0,1,1,0,1,0,1,0,0,1,1,0,0
0.0022027,0,0,0,0,1,1,0,1,0,1,0,0,1,1,0,0
0.00220346,1,0,0,0,1,1,0,1,0,1,0,0,1,1,0,0
0.00220348,1,1,1,1,1,1,1,1,0,1,0,0,1,1,0,0
0.00220354,1,1,0,0,0,0,0,0,0,1,0,0,1,1,0,0
0.00220358,1,1,1,1,0,0,0,0,0,1,0,0,1,1,0,0
0.0022036,1,1,1,1,0,0,1,0,0,1,0,0,1,1,0,0
0.00220362,1,1,0,0,0,0,0,0,0,1,0,0,1,1,0,0
0.00220366,1,1,1,0,0,0,0,0,0,1,0,0,1,1,0,0
0.00220368,1,1,0,0,0,0,0,0,0,1,0,0,1,1,0,0
0.00220446,1,1,1,1,1,1,1,1,0,1,0,0,1,1,0,0
0.00220548,0,1,0,0,1,0,0,0,0,1,0,0,1,1,0,0
0.00220552,1,1,1,1,1,1,1,1,0,1,0,0,1,1,0,0
0.00220554,0,1,1,0,1,0,0,0,0,1,0,0,1,1,0,0
0.00220556,0,1,0,0,1,0,0,0,0,1,0,0,1,1,0,0
0.0022056,0,1,1,0,1,0,0,0,0,1,0,0,1,1,0,0
0.00220562,0,1,0,0,1,0,0,0,0,1,0,0,1,1,0,0
0.00220586,0,1,0,0,1,0,0,0,0,1,0,0,1,0,0,0
0.00220594,0,1,0,0,1,0,0,0,0,0,0,0,0,0,0,0
0.00220596,0,1,0,0,1,0,0,0,0,1,0,0,1,0,0,0
0.00220642,1,1,1,1,1,1,1,1,0,1,0,0,1,0,0,0
0.00220646,0,0,0,0,0,0,0,0,0,1,0,0,1,0,0,0
0.0022065,0,0,1,1,0,1,1,0,0,1,0,0,1,0,0,0
0.00220652,1,1,1,1,0,1,1,1,0,1,0,0,1,0,0,0
0.00220656,0,0,0,0,0,0,0,0,0,1,0,0,1,0,0,0
0.00220658,0,0,1,1,0,1,0,0,0,1,0,0,1,0,0,0
0.0022066,1,0,1,1,0,1,1,0,0,1,0,0,1,0,0,0
0.00220664,0,0,1,1,0,1,0,0,0,1,0,0,1,0,0,0
0.00220668,1,0,1,1,0,1,0,0,0,1,0,0,1,0,0,0
0.00220672,0,0,1,1,0,1,0,0,0,1,0,0,1,0,0,0
0.00220676,1,0,1,1,0,1,0,0,0,1,0,0,1,0,0,0
0.0022068,0,0,1,1,0,0,0,0,0,1,0,0,1,0,0,0
0.00220682,0,0,1,1,0,1,0,0,0,1,0,0,1,0,0,0
0.00220684,0,0,1,1,0,0,0,0,0,1,0,0,1,0,0,0
0.00220686,1,0,1,1,0,1,0,0,0,1,0,0,1,0,0,0
0.00220688,0,0,1,1,0,0,0,0,0,1,0,0,1,0,0,0
0.00220716,0,0,1,0,0,0,0,0,0,1,0,0,1,0,0,0
0.00220718,0,0,1,1,0,0,0,0,0,1,0,0,1,0,0,0
0.00220722,0,0,1,0,0,0,0,0,0,1,0,0,1,0,0,0
0.00220728,0,0,1,1,0,0,0,0,0,1,0,0,1,0,0,0
0.0022073,0,0,1,0,0,0,0,0,0,1,0,0,1,0,0,0
0.00220732,0,0,0,0,0,0,0,0,0,1,0,0,1,0,0,0
0.00220734,0,0,1,0,0,0,0,0,0,1,0,0,1,0,0,0
0.00220736,1,0,0,0,0,0,0,0,0,1,0,0,1,0,0,0
0.00220738,1,1,1,0,1,0,0,0,0,1,0,0,1,0,0,0
0.0022074,1,1,1,1,1,1,1,0,0,1,0,0,1,0,0,0
0.00220742,1,1,1,1,1,1,1,1,0,1,0,0,1,0,0,0
0.00220744,1,1,1,0,1,0,1,1,0,1,0,0,1,0,0,0
0.00220746,1,0,0,0,1,0,0,0,0,1,0,0,1,0,0,0
0.00220748,1,0,1,0,1,0,0,0,0,1,0,0,1,0,0,0
0.0022075,1,1,1,1,1,1,1,1,0,1,0,0,1,0,0,0
0.00220752,1,0,1,0,1,0,0,0,0,1,0,0,1,0,0,0
0.00220754,1,0,0,0,1,0,0,0,0,1,0,0,1,0,0,0
0.00220756,1,0,1,0,1,0,0,0,0,1,0,0,1,0,0,0
0.00220758,1,0,1,1,1,0,0,0,0,1,0,0,1,0,0,0
0.0022076,1,0,1,0,1,0,0,0,0,1,0,0,1,0,0,0
0.00220762,1,0,0,0,1,0,0,0,0,1,0,0,1,0,0,0
0.00220764,1,0,1,0,1,0,0,0,0,1,0,0,1,0,0,0
0.00220768,1,0,0,0,1,0,0,0,0,1,0,0,1,0,0,0
0.00220782,1,0,0,0,1,0,0,0,0,0,0,0,1,0,0,0
0.00220784,1,0,0,0,1,0,0,0,1,0,0,0,1,0,0,0
0.00220836,1,1,0,0,1,0,0,0,1,0,0,0,1,0,0,0
0.00220838,1,1,1,1,1,1,1,1,1,0,0,0,1,0,0,0
0.00220842,0,0,0,0,0,0,0,0,1,0,0,0,1,0,0,0
0.00220846,0,0,1,1,0,1,1,0,1,0,0,0,1,0,0,0
0.00220848,1,1,1,1,0,1,1,1,1,0,0,0,1,0,0,0
0.0022085,0,0,0,0,0,0,0,0,1,0,0,0,1,0,0,0
0.00220854,0,0,1,1,0,1,0,0,1,0,0,0,1,0,0,0
0.00220858,0,0,1,1,0,0,0,0,1,0,0,0,1,0,0,0
0.0022086,0,0,1,0,0,0,0,0,1,0,0,0,1,0,0,0
0.00220862,0,0,1,1,0,0,0,0,1,0,0,0,1,0,0,0
0.00220864,0,0,1,1,0,1,0,0,1,0,0,0,1,0,0,0
0.00220866,0,0,1,1,0,0,0,0,1,0,0,0,1,0,0,0
0.00220874,0,0,1,0,0,0,0,0,1,0,0,0,1,0,0,0
0.00220876,0,0,1,1,0,0,0,0,1,0,0,0,1,0,0,0
0.00220878,0,0,0,0,0,0,0,0,1,0,0,0,1,0,0,0
0.0022088,0,0,1,1,0,0,0,0,1,0,0,0,1,0,0,0
0.00220884,0,0,0,0,0,0,0,0,1,0,0,0,1,0,0,0
0.00220886,0,0,1,1,0,0,0,0,1,0,0,0,1,0,0,0
0.00220888,0,0,1,0,0,0,0,0,1,0,0,0,1,0,0,0
0.00220894,0,0,0,0,0,0,0,0,1,0,0,0,1,0,0,0
0.00220932,1,0,0,0,0,0,0,0,1,0,0,0,1,0,0,0
0.00220934,0,0,0,1,0,0,0,0,1,0,0,0,1,0,0,0
0.00220936,1,1,0,1,1,0,1,0,1,0,0,0,1,0,0,0
0.00220938,1,1,1,1,1,1,1,1,1,0,0,0,1,0,0,0
0.0022094,1,1,0,1,0,0,1,0,1,0,0,0,1,0,0,0
0.00220944,1,1,1,1,0,1,1,0,1,0,0,0,1,0,0,0
0.00220948,1,1,0,1,0,0,1,0,1,0,0,0,1,0,0,0
0.00220952,1,1,1,1,0,0,1,0,1,0,0,0,1,0,0,0
0.00220954,1,1,0,1,0,0,1,0,1,0,0,0,1,0,0,0
0.00220978,1,1,0,1,0,0,1,0,1,1,0,1,0,0,1,0
0.00220984,1,1,0,1,0,0,1,0,0,0,0,0,0,0,0,0
0.00220986,1,1,0,1,0,0,1,0,1,1,0,1,0,0,1,0
0.0022103,1,1,1,1,1,1,1,0,1,1,0,1,0,0,1,0
0.00221032,0,0,0,0,0,0,0,0,1,1,0,1,0,0,1,0
0.00221036,0,0,1,1,0,1,1,1,1,1,0,1,0,0,1,0
0.00221038,0,0,0,0,0,0,0,0,1,1,0,1,0,0,1,0
0.00221126,0,0,1,0,0,0,0,0,1,1,0,1,0,0,1,0
0.00221128,0,0,0,0,0,0,0,0,1,1,0,1,0,0,1,0
0.00221132,1,1,1,1,1,1,1,1,1,1,0,1,0,0,1,0
0.00221136,0,1,0,0,1,1,0,0,1,1,0,1,0,0,1,0
0.0022114,1,1,1,1,1,1,0,0,1,1,0,1,0,0,1,0
0.00221142,0,1,0,0,1,1,0,0,1,1,0,1,0,0,1,0
0.00221172,0,1,0,0,1,1,0,0,0,1,0,0,0,0,0,0
0.00221174,0,1,0,0,1,1,0,0,0,1,0,0,1,1,0,0
0.00221226,0,1,1,1,1,1,0,0,0,1,0,0,1,1,0,0
0.00221228,1,1,1,1,1,1,1,1,0,1,0,0,1,1,0,0
0.00221232,1,1,1,1,1,1,1,0,0,1,0,0,1,1,0,0
0.00221234,0,1,0,1,1,1,1,0,0,1,0,0,1,1,0,0
0.00221238,1,1,1,1,1,1,1,0,0,1,0,0,1,1,0,0
0.0022124,0,1,0,1,1,1,1,0,0,1,0,0,1,1,0,0
0.00221322,1,1,0,1,1,1,1,0,0,1,0,0,1,1,0,0
0.00221326,1,1,1,1,1,0,1,0,0,1,0,0,1,1,0,0
0.00221328,1,1,0,1,1,0,1,0,0,1,0,0,1,1,0,0
0.0022133,1,1,0,1,0,0,0,0,0,1,0,0,1,1,0,0
0.00221334,1,1,1,1,0,0,0,0,0,1,0,0,1,1,0,0
0.00221336,1,1,0,1,0,0,0,0,0,1,0,0,1,1,0,0
0.00221424,1,1,1,1,0,0,1,1,0,1,0,0,1,1,0,0
0.00221426,1,1,1,1,0,1,1,1,0,1,0,0,1,1,0,0
0.00221428,1,1,1,1,1,1,1,1,0,1,0,0,1,1,0,0
0.00221524,0,0,0,1,1,0,1,0,0,1,0,0,1,1,0,0
0.00221526,1,1,0,1,1,1,1,0,0,1,0,0,1,1,0,0
0.00221528,1,1,1,1,1,1,0,1,0,1,0,0,1,1,0,0
0.0022153,1,1,0,1,1,1,0,0,0,1,0,0,1,1,0,0
0.00221532,0,1,0,0,1,0,0,0,0,1,0,0,1,1,0,0
0.00221538,0,1,1,0,1,1,0,0,0,1,0,0,1,1,0,0
0.0022154,0,1,0,0,1,0,0,0,0,1,0,0,1,1,0,0
0.00221564,0,1,0,0,1,0,0,0,0,1,0,0,1,0,0,0
0.0022157,0,1,0,0,1,0,0,0,0,0,0,0,1,0,0,0
0.00221572,0,1,0,0,1,0,0,0,0,1,0,0,1,0,0,0
0.00221616,1,1,1,0,1,0,0,0,0,1,0,0,1,0,0,0
0.00221618,1,1,1,1,1,1,1,1,0,1,0,0,1,0,0,0
0.00221622,1,1,1,1,0,1,1,1,0,1,0,0,1,0,0,0
0.00221624,0,0,0,0,0,0,0,0,0,1,0,0,1,0,0,0
0.00221628,1,0,1,1,0,1,0,0,0,1,0,0,1,0,0,0
0.0022163,1,1,1,1,0,1,1,1,0,1,0,0,1,0,0,0
0.00221632,0,0,1,0,0,0,0,0,0,1,0,0,1,0,0,0
0.00221634,0,0,0,0,0,0,0,0,0,1,0,0,1,0,0,0
0.00221636,0,0,1,0,0,1,0,0,0,1,0,0,1,0,0,0
0.0022164,0,0,1,0,0,0,0,0,0,1,0,0,1,0,0,0
0.00221698,0,0,0,0,0,0,0,0,0,1,0,0,1,0,0,0
0.00221704,0,0,1,0,0,0,0,0,0,1,0,0,1,0,0,0
0.00221706,0,0,0,0,0,0,0,0,0,1,0,0,1,0,0,0
0.0022171,0,0,1,0,0,0,0,0,0,1,0,0,1,0,0,0
0.00221712,0,0,0,0,0,0,0,0,0,1,0,0,1,0,0,0
0.00221714,1,1,1,1,1,0,1,0,0,1,0,0,1,0,0,0
0.00221716,1,1,1,1,1,1,1,1,0,1,0,0,1,0,0,0
0.00221718,1,0,0,1,1,0,1,0,0,1,0,0,1,0,0,0
0.0022172,1,1,1,1,1,1,1,0,0,1,0,0,1,0,0,0
0.00221722,1,0,0,0,1,0,0,0,0,1,0,0,1,0,0,0
0.00221726,1,1,1,1,1,1,0,0,0,1,0,0,1,0,0,0
0.00221728,1,0,1,0,1,0,0,0,0,1,0,0,1,0,0,0
0.0022173,1,0,0,0,1,0,0,0,0,1,0,0,1,0,0,0
0.00221734,1,0,1,0,1,0,0,0,0,1,0,0,1,0,0,0
0.00221736,1,0,0,0,1,0,0,0,0,1,0,0,1,0,0,0
0.00221758,1,0,0,0,1,0,0,0,0,0,0,0,1,0,0,0
0.0022176,1,0,0,0,1,0,0,0,1,0,0,0,1,0,0,0
0.00221812,1,1,0,0,1,0,0,0,1,0,0,0,1,0,0,0
0.00221814,1,1,1,1,1,1,1,1,1,0,0,0,1,0,0,0
0.00221818,0,0,1,1,1,0,1,0,1,0,0,0,1,0,0,0
0.00221822,1,1,1,1,1,1,1,0,1,0,0,0,1,0,0,0
0.00221824,0,0,1,1,1,0,1,0,1,0,0,0,1,0,0,0
0.0022191,0,0,1,1,1,1,1,0,1,0,0,0,1,0,0,0
0.00221912,1,1,1,1,1,1,1,1,1,0,0,0,1,0,0,0
0.00221916,1,1,0,1,0,0,1,0,1,0,0,0,1,0,0,0
0.0022192,1,1,1,1,0,1,1,0,1,0,0,0,1,0,0,0
0.00221924,1,1,0,1,0,0,1,0,1,0,0,0,1,0,0,0
0.00221954,1,1,0,1,0,0,1,0,1,1,0,1,0,0,1,0
0.0022196,1,1,0,1,0,0,1,0,1,0,0,0,0,0,0,0
0.00221962,1,1,0,1,0,0,1,0,1,1,0,1,0,0,1,0
0.00222006,1,1,1,1,1,1,1,1,1,1,0,1,0,0,1,0
0.00222008,0,0,0,0,0,0,0,0,1,1,0,1,0,0,1,0
0.0022201,0,0,1,1,1,0,1,0,1,1,0,1,0,0,1,0
0.00222012,1,1,1,1,1,1,1,1,1,1,0,1,0,0,1,0
0.00222014,0,0,1,1,1,0,1,0,1,1,0,1,0,0,1,0
0.00222102,1,0,1,1,1,1,1,0,1,1,0,1,0,0,1,0
0.00222104,0,0,1,1,1,0,1,0,1,1,0,1,0,0,1,0
0.00222108,1,1,1,1,1,1,1,1,1,1,0,1,0,0,1,0
0.0022211,1,1,1,1,1,1,1,0,1,1,0,1,0,0,1,0
0.00222112,0,0,0,1,1,0,1,0,1,1,0,1,0,0,1,0
0.00222114,1,1,1,1,1,1,1,1,1,1,0,1,0,0,1,0
0.00222118,0,1,0,0,1,1,0,0,1,1,0,1,0,0,1,0
0.00222122,1,1,1,0,1,1,0,1,1,1,0,1,0,0,1,0
0.00222124,1,1,1,0,1,1,0,0,1,1,0,1,0,0,1,0
0.00222126,0,1,0,0,1,1,0,0,1,1,0,1,0,0,1,0
0.0022213,1,1,1,0,1,1,0,0,1,1,0,1,0,0,1,0
0.00222132,0,1,1,0,1,1,0,0,1,1,0,1,0,0,1,0
0.00222134,0,1,0,0,1,1,0,0,1,1,0,1,0,0,1,0
0.00222148,0,1,1,0,1,1,0,0,1,1,0,0,0,0,0,0
0.0022215,0,1,0,0,1,1,0,0,0,1,0,0,1,1,0,0
0.00222154,0,1,1,0,1,1,0,0,0,1,0,0,1,1,0,0
0.00222156,0,1,0,0,1,1,0,0,0,1,0,0,1,1,0,0
0.00222158,0,1,1,1,1,1,0,0,0,1,1,1,1,1,0,0
0.0022216,1,1,1,1,1,1,1,1,0,1,1,0,1,1,1,1
0.00222162,0,1,0,0,1,1,0,0,0,1,0,0,1,1,0,0
0.00222166,1,1,1,0,1,1,0,1,0,1,0,0,1,1,0,0
0.00222168,1,1,1,0,1,1,0,0,0,1,0,0,1,1,0,0
0.0022217,0,1,0,0,1,1,0,0,0,1,0,0,1,1,0,0
0.00222174,0,1,1,0,1,1,0,0,0,1,0,0,1,1,0,0
0.00222176,0,1,0,0,1,1,0,0,0,1,0,0,1,1,0,0
0.00222202,0,1,1,1,1,1,0,0,0,1,0,0,1,1,0,0
0.00222204,1,1,1,1,1,1,1,1,0,1,0,0,1,1,0,0
0.0022221,1,1,0,0,0,0,1,1,0,1,0,0,1,1,0,0
0.00222214,1,1,1,1,0,1,1,1,0,1,0,0,1,1,0,0
0.00222216,1,1,0,0,0,0,1,1,0,1,0,0,1,1,0,0
0.00222222,1,1,1,0,0,0,1,1,0,1,0,0,1,1,0,0
0.00222224,1,1,0,0,0,0,1,1,0,1,0,0,1,1,0,0
0.002223,1,1,1,1,1,1,1,1,0,1,0,0,1,1,0,0
0.00222306,1,1,0,0,0,0,0,0,0,1,0,0,1,1,0,0
0.0022231,1,1,1,1,0,1,1,1,0,1,0,0,1,1,0,0
0.00222312,1,1,1,0,0,1,0,0,0,1,0,0,1,1,0,0
0.00222314,1,1,0,0,0,0,0,0,0,1,0,0,1,1,0,0
0.00222318,1,1,1,0,0,1,0,0,0,1,0,0,1,1,0,0
0.0022232,1,1,0,0,0,0,0,0,0,1,0,0,1,1,0,0
0.00222396,1,1,1,0,0,0,0,0,0,1,0,0,1,1,0,0
0.00222398,1,1,1,1,0,1,1,1,0,1,0,0,1,1,0,0
0.002224,1,1,1,1,1,1,1,1,0,1,0,0,1,1,0,0
0.00222496,1,1,1,1,1,1,1,0,0,1,0,0,1,1,0,0
0.00222498,1,1,1,1,1,1,1,1,0,1,0,0,1,1,0,0
0.002225,0,0,1,0,1,0,0,0,0,1,0,0,1,1,0,0
0.00222504,0,0,1,0,1,1,1,1,0,1,0,0,1,1,0,0
0.00222506,0,0,1,0,1,0,0,0,0,1,0,0,1,1,0,0
0.0022254,0,0,1,0,1,0,0,0,0,0,1,0,1,0,0,0
0.00222548,1,1,1,0,1,0,0,0,0,0,1,0,1,0,0,0
0.0022255,0,0,1,1,1,1,1,1,1,1,1,0,1,0,0,0
0.00222552,0,0,1,0,1,0,0,0,0,0,1,0,1,0,0,0
0.00222594,1,0,1,0,1,1,1,1,0,0,1,0,1,0,0,0
0.00222596,1,1,1,1,1,1,1,1,0,0,1,0,1,0,0,0
0.00222696,0,0,0,0,0,0,0,1,0,0,1,0,1,0,0,0
0.00222702,1,0,1,1,0,1,1,1,0,0,1,0,1,0,0,0
0.00222704,0,0,1,1,0,1,1,1,0,0,1,0,1,0,0,0
0.00222706,0,0,0,0,0,0,0,1,0,0,1,0,1,0,0,0
0.00222788,1,1,1,1,1,1,1,1,0,0,1,0,1,0,0,0
0.00222794,1,1,1,1,1,0,1,0,0,0,1,0,1,0,0,0
0.00222796,1,1,0,0,1,0,0,0,0,0,1,0,1,0,0,0
0.002228,1,1,1,1,1,1,1,0,0,0,1,0,1,0,0,0
0.00222802,1,1,0,0,1,0,0,0,0,0,1,0,1,0,0,0
0.00222808,1,1,1,0,1,0,0,0,0,0,1,0,1,0,0,0
0.0022281,1,1,0,0,1,0,0,0,0,0,1,0,1,0,0,0
0.00222832,1,1,0,0,1,0,0,0,0,0,0,0,1,0,0,0
0.00222834,1,1,0,0,1,0,0,0,1,1,0,0,1,0,0,0
0.00222888,1,1,1,1,1,1,1,1,1,1,0,0,1,0,0,0
0.00222892,1,0,0,0,1,1,1,0,1,1,0,0,1,0,0,0
0.00222896,1,1,1,1,1,1,1,0,1,1,0,0,1,0,0,0
0.00222898,1,0,0,0,1,1,1,0,1,1,0,0,1,0,0,0
0.00222982,1,1,1,1,1,1,1,0,1,1,0,0,1,0,0,0
0.00222984,1,1,1,1,1,1,1,1,1,1,0,0,1,0,0,0
0.0022299,0,1,0,0,1,0,0,0,1,1,0,0,1,0,0,0
0.00222994,0,1,1,0,1,0,0,0,1,1,0,0,1,0,0,0
0.00222996,1,1,1,1,1,1,0,0,1,1,0,0,1,0,0,0
0.00222998,0,1,1,0,1,0,0,0,1,1,0,0,1,0,0,0
0.00223,0,1,0,0,1,0,0,0,1,1,0,0,1,0,0,0
0.00223002,0,1,1,0,1,0,0,0,1,1,0,0,1,0,0,0
0.00223006,0,1,0,0,1,0,0,0,1,1,0,0,1,0,0,0
0.00223028,0,1,0,0,1,0,0,0,0,1,0,0,1,0,0,0
0.0022308,1,1,1,1,1,0,0,0,0,1,0,0,1,0,0,0
0.00223082,1,1,1,1,1,1,1,1,0,1,0,0,1,0,0,0
0.00223088,1,1,0,0,1,1,0,0,0,1,0,0,1,0,0,0
0.00223092,1,1,1,1,1,1,1,0,0,1,0,0,1,0,0,0
0.00223094,1,1,0,0,1,1,0,0,0,1,0,0,1,0,0,0
0.00223178,1,1,1,1,1,1,1,0,0,1,0,0,1,0,0,0
0.0022318,1,1,1,1,1,1,1,1,0,1,0,0,1,0,0,0
0.00223182,1,1,1,1,1,1,1,0,0,1,0,0,1,0,0,0
0.00223184,1,1,1,1,1,1,1,1,0,1,0,0,1,0,0,0
0.00223186,1,0,0,0,1,0,0,0,0,1,0,0,1,0,0,0
0.0022319,1,0,1,1,1,0,1,0,0,1,0,0,1,0,0,0
0.00223192,1,0,1,1,1,0,0,0,0,1,0,0,1,0,0,0
0.00223194,1,0,0,0,1,0,0,0,0,1,0,0,1,0,0,0
0.00223198,1,0,1,0,1,0,0,0,0,1,0,0,1,0,0,0
0.002232,1,0,0,0,1,0,0,0,0,1,0,0,1,0,0,0
0.00223222,1,0,0,0,1,0,0,0,0,0,0,0,1,0,0,0
0.00223224,1,0,0,0,1,0,0,0,1,0,0,0,1,0,0,0
0.0022323,1,0,0,0,1,0,0,0,0,0,0,0,0,0,0,0
0.00223232,1,0,0,0,1,0,0,0,1,0,0,0,1,0,0,0
0.00223276,1,0,1,1,1,0,0,0,1,0,0,0,1,0,0,0
0.00223278,1,1,1,1,1,1,1,0,1,0,0,0,1,0,0,0
0.0022328,1,1,1,1,1,1,1,1,1,0,0,0,1,0,0,0
0.00223282,0,0,1,1,1,0,1,0,1,0,0,0,1,0,0,0
0.00223376,1,1,1,1,1,1,1,1,1,0,0,0,1,0,0,0
0.0022338,0,0,1,1,0,0,1,0,1,0,0,0,1,0,0,0
0.00223384,1,1,1,1,0,1,1,0,1,0,0,0,1,0,0,0
0.00223388,0,0,1,1,0,0,1,0,1,0,0,0,1,0,0,0
0.00223418,0,0,1,1,0,0,1,0,0,0,1,0,0,0,1,0
0.0022342,0,0,1,1,0,0,1,0,0,0,1,1,0,0,1,0
0.0022347,1,1,1,1,0,0,1,0,0,0,1,1,0,0,1,0
0.00223472,0,0,1,1,1,1,1,1,0,0,1,1,0,0,1,0
0.00223474,0,0,1,1,1,0,1,0,0,0,1,1,0,0,1,0
0.0022357,1,1,1,1,1,1,1,0,0,0,1,1,0,0,1,0
0.00223572,1,1,1,1,1,1,1,1,0,0,1,1,0,0,1,0
0.00223666,1,0,0,0,0,1,0,0,0,0,1,1,0,0,1,0
0.00223668,0,0,0,0,0,0,0,0,0,0,1,1,0,0,1,0
0.0022367,1,1,1,1,1,1,1,1,0,0,1,1,0,0,1,0
0.00223674,0,0,0,1,1,1,0,1,0,0,1,1,0,0,1,0
0.00223758,1,1,0,0,1,0,0,0,0,0,1,1,0,0,1,0
0.0022376,0,0,1,0,1,0,0,0,0,0,1,1,0,0,1,0
0.00223762,1,1,1,0,1,0,1,0,0,0,1,1,0,0,1,0
0.00223764,0,0,1,0,1,0,0,0,0,0,1,1,0,0,1,0
0.00223766,1,1,1,1,1,1,1,1,0,0,1,1,0,0,1,0
0.0022377,0,0,1,0,1,0,0,0,0,0,1,1,0,0,1,0
0.00223772,0,1,1,1,1,0,1,1,0,0,1,1,0,0,1,0
0.00223774,1,1,0,0,1,1,1,1,0,0,1,1,0,0,1,0
0.00223776,0,1,0,0,1,0,1,1,0,0,1,1,0,0,1,0
0.00223778,1,1,0,0,1,1,1,1,0,0,1,1,0,0,1,0
0.00223784,1,1,0,0,1,0,1,1,0,0,1,1,0,0,1,0
0.00223786,1,1,0,0,1,1,1,1,0,0,1,1,0,0,1,0
0.00223808,1,1,0,0,1,1,1,1,0,0,0,0,0,0,1,0
0.0022381,1,1,0,0,1,0,1,1,0,1,0,0,1,0,1,1
0.00223812,1,1,0,0,1,1,1,1,0,1,0,0,1,0,1,1
0.00223816,1,1,0,0,1,1,1,1,0,1,0,0,1,0,1,0
0.00223818,1,1,0,0,1,0,1,1,0,1,0,0,1,0,1,1
0.0022382,1,1,0,0,1,1,1,1,0,1,0,0,1,0,1,1
0.00223824,1,1,0,0,1,0,1,1,0,1,0,0,1,0,1,1
0.00223828,1,1,0,0,1,1,1,1,0,1,0,0,1,0,1,1
0.00223832,1,1,0,0,1,0,1,1,0,1,0,0,1,0,1,1
0.00223834,1,1,0,0,1,1,1,1,0,1,0,0,1,0,1,1
0.0022384,1,1,0,0,1,0,1,1,0,1,0,0,1,0,1,1
0.00223854,0,1,0,0,1,0,1,1,0,1,0,0,1,0,1,1
0.0022386,1,1,0,0,1,0,1,1,0,1,0,0,1,0,1,1
0.00223862,0,1,0,0,1,0,1,1,0,1,0,0,1,0,1,1
0.00223864,1,1,1,1,1,1,1,1,0,1,0,0,1,0,1,1
0.0022387,0,0,0,1,1,1,0,1,0,1,0,0,1,0,1,1
0.00223874,1,1,1,1,1,1,1,1,0,1,0,0,1,0,1,1
0.00223876,0,0,0,1,1,1,0,1,0,1,0,0,1,0,1,1
0.0022388,1,0,0,1,1,1,0,1,0,1,0,0,1,0,1,1
0.00223884,0,0,0,1,1,1,0,1,0,1,0,0,1,0,1,1
0.0022396,1,1,1,1,1,1,1,1,0,1,0,0,1,0,1,1
0.00224058,0,0,0,0,0,0,0,0,0,1,0,0,1,0,1,1
0.00224062,1,0,1,0,0,0,0,0,0,1,0,0,1,0,1,1
0.00224064,0,0,0,0,0,0,0,0,0,1,0,0,1,0,1,1
0.00224154,1,0,1,0,0,0,0,0,0,1,0,0,1,0,1,1
0.00224156,0,1,0,1,1,1,0,0,0,1,0,0,1,0,1,1
0.00224158,1,1,1,1,1,1,1,1,0,1,0,0,1,0,1,1
0.0022416,0,0,1,1,1,0,0,0,0,1,0,0,1,0,1,1
0.00224162,0,1,1,1,1,1,1,0,0,1,0,0,1,0,1,1
0.00224164,1,1,1,1,1,1,1,1,0,1,0,0,1,0,1,1
0.00224166,0,1,0,0,1,1,0,0,0,1,0,0,1,0,1,1
0.0022417,1,1,0,0,1,1,0,0,0,1,0,0,1,0,1,1
0.00224172,0,1,0,0,1,1,0,0,0,1,0,0,1,0,1,1
0.002242,0,1,0,0,1,1,0,0,0,1,0,0,1,1,0,0
0.00224254,1,1,1,1,1,1,0,0,0,1,0,0,1,1,0,0
0.00224256,1,1,1,1,1,1,1,1,0,1,0,0,1,1,0,0
0.0022426,1,0,1,1,1,1,1,0,0,1,0,0,1,1,0,0
0.0022435,1,1,1,1,1,1,1,0,0,1,0,0,1,1,0,0
0.00224356,1,1,0,1,0,0,0,0,0,1,0,0,1,1,0,0
0.0022445,1,1,1,1,0,1,1,1,0,1,0,0,1,1,0,0
0.00224452,1,1,1,1,1,1,1,1,0,1,0,0,1,1,0,0
0.0022455,0,0,0,1,1,0,1,0,0,1,0,0,1,1,0,0
0.00224552,1,1,0,1,1,0,1,0,0,1,0,0,1,1,0,0
0.00224554,1,1,1,1,1,1,1,1,0,1,0,0,1,1,0,0
0.00224558,1,1,1,1,1,0,0,0,0,1,0,0,1,1,0,0
0.0022456,0,0,1,0,1,0,0,0,0,1,0,0,1,1,0,0
0.00224564,1,1,1,0,1,1,0,0,0,1,0,0,1,1,0,0
0.00224566,0,0,1,0,1,0,0,0,0,1,0,0,1,1,0,0
0.0022459,0,0,1,0,1,0,0,0,0,0,0,0,1,0,0,0
0.00224592,0,0,1,0,1,0,0,0,0,0,1,0,1,0,0,0
0.00224598,1,1,1,0,1,0,0,0,0,0,1,0,1,0,0,0
0.002246,1,1,1,1,1,1,1,1,1,1,1,0,1,0,0,0
0.00224602,0,0,1,0,1,0,0,0,0,0,1,0,1,0,0,0
0.00224642,1,1,1,1,1,0,0,0,0,0,1,0,1,0,0,0
0.00224644,1,1,1,1,1,1,1,1,0,0,1,0,1,0,0,0
0.00224748,0,0,0,0,0,0,0,1,0,0,1,0,1,0,0,0
0.00224752,1,1,1,1,0,0,0,1,0,0,1,0,1,0,0,0
0.00224754,1,1,1,1,0,1,0,1,0,0,1,0,1,0,0,0
0.00224756,0,0,0,0,0,0,0,1,0,0,1,0,1,0,0,0
0.0022476,1,0,0,0,0,0,0,1,0,0,1,0,1,0,0,0
0.00224762,1,0,1,0,0,0,0,1,0,0,1,0,1,0,0,0
0.00224764,0,0,0,0,0,0,0,1,0,0,1,0,1,0,0,0
0.00224838,1,1,1,1,0,0,0,1,0,0,1,0,1,0,0,0
0.0022484,1,1,1,1,1,1,1,1,0,0,1,0,1,0,0,0
0.00224844,1,1,1,0,1,0,0,0,0,0,1,0,1,0,0,0
0.00224846,1,1,0,0,1,0,0,0,0,0,1,0,1,0,0,0
0.00224848,1,1,1,1,1,1,0,0,0,0,1,0,1,0,0,0
0.0022485,1,1,1,1,1,1,1,0,0,0,1,0,1,0,0,0
0.00224852,1,1,1,0,1,0,0,0,0,0,1,0,1,0,0,0
0.00224854,1,1,0,0,1,0,0,0,0,0,1,0,1,0,0,0
0.00224856,1,1,1,1,1,0,0,0,0,0,1,0,1,0,0,0
0.00224858,1,1,1,0,1,0,0,0,0,0,1,0,1,0,0,0
0.0022486,1,1,0,0,1,0,0,0,0,0,1,0,1,0,0,0
0.00224864,1,1,1,0,1,0,0,0,0,0,1,0,1,0,0,0
0.00224866,1,1,0,0,1,0,0,0,0,0,1,0,1,0,0,0
0.00224882,1,1,0,0,1,0,0,0,0,0,0,0,1,0,0,0
0.00224884,1,1,0,0,1,0,0,0,1,1,0,0,1,0,0,0
0.00224888,1,1,1,0,1,0,0,0,1,1,0,0,1,0,0,0
0.0022489,1,1,0,0,1,0,0,0,0,1,0,0,1,0,0,0
0.00224892,1,1,0,0,1,0,0,0,1,1,0,0,1,0,0,0
0.00224896,1,1,1,0,1,0,0,0,1,1,0,0,1,0,0,0
0.00224898,1,1,0,0,1,0,0,0,1,1,0,0,1,0,0,0
0.00224936,1,1,1,1,1,0,0,0,1,1,0,0,1,0,0,0
0.00224938,1,1,1,1,1,1,1,0,1,1,0,0,1,0,0,0
0.0022494,1,1,1,1,1,1,1,1,1,1,0,0,1,0,0,0
0.00224944,1,0,0,0,1,1,1,0,1,1,0,0,1,0,0,0
0.00224948,1,1,1,1,1,1,1,1,1,1,0,0,1,0,0,0
0.0022495,1,0,0,0,1,1,1,0,1,1,0,0,1,0,0,0
0.00225032,1,1,0,0,1,1,1,0,1,1,0,0,1,0,0,0
0.00225034,1,1,1,1,1,1,1,0,1,1,0,0,1,0,0,0
0.00225036,1,1,1,1,1,1,1,1,1,1,0,0,1,0,0,0
0.0022504,0,1,0,0,1,0,0,0,1,1,0,0,1,0,0,0
0.00225044,1,1,1,1,1,0,0,0,1,1,0,0,1,0,0,0
0.00225048,0,1,0,0,1,0,0,0,1,1,0,0,1,0,0,0
0.00225078,0,1,0,0,1,0,0,0,0,1,0,0,1,0,0,0
0.0022513,1,1,1,1,1,0,0,0,0,1,0,0,1,0,0,0
0.00225132,1,1,1,1,1,1,1,1,0,1,0,0,1,0,0,0
0.00225138,1,1,0,0,1,1,0,0,0,1,0,0,1,0,0,0
0.00225142,1,1,1,1,1,1,1,0,0,1,0,0,1,0,0,0
0.00225144,1,1,0,0,1,1,0,0,0,1,0,0,1,0,0,0
0.00225228,1,1,1,1,1,1,0,0,0,1,0,0,1,0,0,0
0.0022523,1,1,1,1,1,1,1,1,0,1,0,0,1,0,0,0
0.00225236,1,0,0,0,1,0,0,0,0,1,0,0,1,0,0,0
0.0022524,1,1,1,1,1,1,1,0,0,1,0,0,1,0,0,0
0.00225242,1,0,1,1,1,0,0,0,0,1,0,0,1,0,0,0
0.00225244,1,0,0,0,1,0,0,0,0,1,0,0,1,0,0,0
0.00225248,1,0,1,1,1,0,0,0,0,1,0,0,1,0,0,0
0.0022525,1,0,1,0,1,0,0,0,0,1,0,0,1,0,0,0
0.00225252,1,0,0,0,1,0,0,0,0,1,0,0,1,0,0,0
0.00225274,1,0,0,0,1,0,0,0,1,0,0,0,1,0,0,0
0.0022528,1,0,0,0,1,0,0,0,0,0,0,0,0,0,0,0
0.00225282,1,0,0,0,1,0,0,0,1,0,0,0,1,0,0,0
0.00225326,1,1,1,1,1,0,0,0,1,0,0,0,1,0,0,0
0.00225328,1,1,1,1,1,1,1,1,1,0,0,0,1,0,0,0
0.00225334,0,0,1,1,1,0,1,0,1,0,0,0,1,0,0,0
0.00225338,1,1,1,1,1,1,1,0,1,0,0,0,1,0,0,0
0.0022534,0,0,1,1,1,0,1,0,1,0,0,0,1,0,0,0
0.00225424,1,1,1,1,1,0,1,0,1,0,0,0,1,0,0,0
0.00225426,1,1,1,1,1,1,1,1,1,0,0,0,1,0,0,0
0.0022543,1,0,1,1,0,0,1,0,1,0,0,0,1,0,0,0
0.00225434,1,1,1,1,0,1,1,0,1,0,0,0,1,0,0,0
0.00225436,1,0,1,1,0,0,1,0,1,0,0,0,1,0,0,0
0.00225468,1,0,1,1,0,0,1,0,1,0,1,1,0,0,1,0
0.0022552,1,1,1,1,1,1,1,0,1,0,1,1,0,0,1,0
0.00225522,0,0,0,0,0,0,0,0,1,0,1,1,0,0,1,0
0.00225524,1,1,1,1,1,1,1,1,1,0,1,1,0,0,1,0
0.00225718,0,0,0,0,0,0,0,0,1,0,1,1,0,0,1,0
0.0022572,1,0,1,1,1,0,1,0,1,0,1,1,0,0,1,0
0.00225722,1,1,1,1,1,1,1,1,1,0,1,1,0,0,1,0
0.00225724,1,0,1,1,1,0,1,0,1,0,1,1,0,0,1,0
0.00225728,1,1,1,1,1,1,1,0,1,0,1,1,0,0,1,0
0.0022573,1,0,1,1,1,0,1,0,1,0,1,1,0,0,1,0
0.0022576,1,0,1,1,1,1,1,0,1,0,1,1,0,0,1,0
0.00225762,1,0,1,1,1,0,1,0,1,0,1,1,0,0,1,0
0.00225808,1,0,1,1,1,1,1,0,1,0,1,1,0,0,1,0
0.0022581,0,1,1,1,1,0,1,0,1,0,1,1,0,0,1,0
0.00225812,1,1,1,1,1,1,1,1,1,0,1,1,0,0,1,0
0.00225814,0,1,1,1,1,0,1,0,1,0,1,1,0,0,1,0
0.00225816,1,1,1,1,1,1,1,1,1,0,1,1,0,0,1,0
0.0022582,0,0,0,1,1,0,1,0,1,0,1,1,0,0,1,0
0.00225822,1,1,1,1,1,1,1,1,1,0,1,1,0,0,1,0
0.00225826,0,1,0,1,1,0,1,1,1,0,1,1,0,0,1,0
0.00225828,0,1,0,0,1,0,1,1,1,0,1,1,0,0,1,0
0.0022583,0,1,0,0,1,1,1,1,1,0,1,1,0,0,1,0
0.00225834,0,1,0,0,1,0,1,1,1,0,1,1,0,0,1,0
0.00225838,0,1,0,0,1,1,1,1,1,0,1,1,0,0,1,0
0.00225858,0,1,0,0,1,1,1,1,1,0,1,0,0,0,1,0
0.0022586,0,1,0,0,1,0,1,1,0,1,0,0,1,0,1,1
0.00225864,0,1,0,0,1,1,1,1,0,1,0,0,1,0,1,1
0.00225866,0,1,0,0,1,1,1,1,0,1,0,0,0,0,0,0
0.00225868,0,1,0,0,1,0,1,1,0,1,0,0,1,0,1,1
0.00225872,0,1,0,0,1,1,1,1,0,1,0,0,1,0,1,1
0.00225874,0,1,0,0,1,0,1,1,0,1,0,0,1,0,1,1
0.00225878,0,1,0,0,1,1,1,1,0,1,0,0,1,0,1,1
0.0022588,0,1,0,0,1,0,1,1,0,1,0,0,1,0,1,1
0.00225912,1,1,1,1,1,0,1,1,0,1,0,0,1,0,1,1
0.00225914,1,1,1,1,1,1,1,1,0,1,0,0,1,0,1,1
0.00225918,1,0,1,1,1,0,1,0,0,1,0,0,1,0,1,1
0.00225922,1,0,1,1,1,1,1,0,0,1,0,0,1,0,1,1
0.00225926,1,0,1,1,1,0,1,0,0,1,0,0,1,0,1,1
0.0022593,1,0,1,1,1,1,1,0,0,1,0,0,1,0,1,1
0.00225932,1,0,1,1,1,0,1,0,0,1,0,0,1,0,1,1
0.0022601,1,0,1,1,1,1,1,0,0,1,0,0,1,0,1,1
0.00226012,1,1,1,1,1,1,1,1,0,1,0,0,1,0,1,1
0.00226108,0,0,0,0,0,0,0,0,0,1,0,0,1,0,1,1
0.00226204,0,0,1,0,0,0,0,0,0,1,0,0,1,0,1,1
0.00226206,0,0,0,0,0,0,0,0,0,1,0,0,1,0,1,1
0.00226208,1,1,1,1,1,1,1,1,0,1,0,0,1,0,1,1
0.00226212,1,1,0,1,1,0,1,0,0,1,0,0,1,0,1,1
0.00226214,1,1,1,1,1,1,1,1,0,1,0,0,1,0,1,1
0.00226218,1,1,0,0,1,1,0,0,0,1,0,0,1,0,1,1
0.0022622,0,1,0,0,1,1,0,0,0,1,0,0,1,0,1,1
0.00226224,1,1,1,0,1,1,0,0,0,1,0,0,1,0,1,1
0.00226226,0,1,0,0,1,1,0,0,0,1,0,0,1,0,1,1
0.0022625,0,1,0,0,1,1,0,0,0,1,0,0,1,1,0,0
0.00226302,0,1,0,1,1,1,0,0,0,1,0,0,1,1,0,0
0.00226304,1,1,1,1,1,1,0,0,0,1,0,0,1,1,0,0
0.00226306,1,1,1,1,1,1,1,1,0,1,0,0,1,1,0,0
0.00226308,1,0,1,1,0,0,1,1,0,1,0,0,1,1,0,0
0.0022631,0,0,0,0,0,0,0,1,0,1,0,0,1,1,0,0
0.00226312,0,0,1,0,0,0,0,1,0,1,0,0,1,1,0,0
0.00226314,1,1,1,1,0,1,1,1,0,1,0,0,1,1,0,0
0.00226318,0,0,0,0,0,0,0,1,0,1,0,0,1,1,0,0
0.0022632,0,0,1,0,0,0,0,1,0,1,0,0,1,1,0,0
0.00226322,1,0,1,1,0,0,0,1,0,1,0,0,1,1,0,0
0.00226326,0,0,1,0,0,0,0,1,0,1,0,0,1,1,0,0
0.00226342,0,0,0,0,0,0,0,1,0,1,0,0,1,1,0,0
0.00226344,0,0,1,0,0,0,0,1,0,1,0,0,1,1,0,0
0.00226346,0,0,0,0,0,0,0,1,0,1,0,0,1,1,0,0
0.00226348,1,0,1,1,0,0,0,1,0,1,0,0,1,1,0,0
0.0022635,0,0,0,0,0,0,0,1,0,1,0,0,1,1,0,0
0.00226352,0,0,1,0,0,0,0,1,0,1,0,0,1,1,0,0
0.00226354,0,0,0,0,0,0,0,1,0,1,0,0,1,1,0,0
0.00226356,0,0,1,0,0,0,0,1,0,1,0,0,1,1,0,0
0.00226358,0,0,0,0,0,0,0,1,0,1,0,0,1,1,0,0
0.002264,1,1,1,1,0,0,0,1,0,1,0,0,1,1,0,0
0.00226402,1,1,1,1,1,1,1,1,0,1,0,0,1,1,0,0
0.00226408,1,1,0,1,0,0,0,0,0,1,0,0,1,1,0,0
0.00226412,1,1,1,1,1,1,1,0,0,1,0,0,1,1,0,0
0.00226414,1,1,1,1,0,0,0,0,0,1,0,0,1,1,0,0
0.00226416,1,1,0,1,0,0,0,0,0,1,0,0,1,1,0,0
0.0022642,1,1,1,1,0,0,0,0,0,1,0,0,1,1,0,0
0.00226422,1,1,0,1,0,0,0,0,0,1,0,0,1,1,0,0
0.002265,1,1,1,1,1,1,1,1,0,1,0,0,1,1,0,0
0.002266,0,0,0,1,1,0,1,0,0,1,0,0,1,1,0,0
0.00226604,1,1,1,1,1,1,1,1,0,1,0,0,1,1,0,0
0.00226608,0,0,1,0,1,0,0,0,0,1,0,0,1,1,0,0
0.00226612,0,0,1,0,1,1,0,0,0,1,0,0,1,1,0,0
0.00226616,0,0,1,0,1,0,0,0,0,1,0,0,1,1,0,0
0.0022664,0,0,1,0,1,0,0,0,0,0,0,0,1,0,0,0
0.00226642,0,0,1,0,1,0,0,0,0,0,1,0,1,0,0,0
0.00226648,0,0,1,1,1,0,0,0,0,0,1,0,1,0,0,0
0.0022665,0,0,1,0,1,1,0,0,0,0,1,0,1,0,0,0
0.00226652,0,0,1,0,1,0,0,0,0,0,1,0,1,0,0,0
0.00226692,1,1,1,0,1,0,0,0,0,0,1,0,1,0,0,0
0.00226694,1,1,1,0,1,1,1,1,0,0,1,0,1,0,0,0
0.00226696,1,1,1,1,1,1,1,1,0,0,1,0,1,0,0,0
0.00226798,0,0,0,0,0,0,0,1,0,0,1,0,1,0,0,0
0.00226802,1,0,1,1,0,1,1,1,0,0,1,0,1,0,0,0
0.00226804,1,1,1,1,0,1,1,1,0,0,1,0,1,0,0,0
0.00226806,0,0,0,0,0,0,0,1,0,0,1,0,1,0,0,0
0.0022681,0,0,1,0,0,1,0,1,0,0,1,0,1,0,0,0
0.00226814,0,0,0,0,0,0,0,1,0,0,1,0,1,0,0,0
0.00226834,0,0,1,0,0,0,0,1,0,0,1,0,1,0,0,0
0.00226836,0,0,0,0,0,0,0,1,0,0,1,0,1,0,0,0
0.00226888,1,1,0,0,0,0,0,1,0,0,1,0,1,0,0,0
0.0022689,0,1,1,1,1,0,0,1,0,0,1,0,1,0,0,0
0.00226892,1,1,1,1,1,1,1,1,0,0,1,0,1,0,0,0
0.00226896,1,1,0,0,1,0,0,0,0,0,1,0,1,0,0,0
0.002269,1,1,1,1,1,1,1,0,0,0,1,0,1,0,0,0
0.00226902,1,1,1,1,1,1,0,0,0,0,1,0,1,0,0,0
0.00226904,1,1,0,0,1,0,0,0,0,0,1,0,1,0,0,0
0.00226906,1,1,1,0,1,0,0,0,0,0,1,0,1,0,0,0
0.00226908,1,1,1,1,1,1,0,0,0,0,1,0,1,0,0,0
0.0022691,1,1,1,0,1,0,0,0,0,0,1,0,1,0,0,0
0.00226916,1,1,1,1,1,1,0,0,0,0,1,0,1,0,0,0
0.00226918,1,1,1,0,1,0,0,0,0,0,1,0,1,0,0,0
0.00226932,1,1,1,0,1,0,0,0,0,0,0,0,1,0,0,0
0.00226934,1,1,1,0,1,0,0,0,1,1,0,0,1,0,0,0
0.00226938,1,1,1,1,1,1,0,0,1,1,0,0,1,0,0,0
0.0022694,1,1,1,0,1,0,0,0,0,0,0,0,0,0,0,0
0.00226942,1,1,0,0,1,0,0,0,1,1,0,0,1,0,0,0
0.00226944,1,1,1,0,1,0,0,0,1,1,0,0,1,0,0,0
0.0022695,1,1,0,0,1,0,0,0,1,1,0,0,1,0,0,0
0.00226952,1,1,1,0,1,0,0,0,1,1,0,0,1,0,0,0
0.00226956,1,1,0,0,1,0,0,0,1,1,0,0,1,0,0,0
0.00226958,1,1,1,0,1,0,0,0,1,1,0,0,1,0,0,0
0.0022696,1,1,0,0,1,0,0,0,1,1,0,0,1,0,0,0
0.00226962,1,1,1,0,1,0,0,0,1,1,0,0,1,0,0,0
0.00226964,1,1,0,0,1,0,0,0,1,1,0,0,1,0,0,0
0.00226976,1,1,1,0,1,0,0,0,1,1,0,0,1,0,0,0
0.00226978,1,1,0,0,1,0,0,0,1,1,0,0,1,0,0,0
0.00226986,1,1,1,1,1,0,0,0,1,1,0,0,1,0,0,0
0.00226988,1,1,1,1,1,1,1,1,1,1,0,0,1,0,0,0
0.00226992,1,0,1,1,1,1,1,1,1,1,0,0,1,0,0,0
0.00226994,1,0,0,0,1,1,1,0,1,1,0,0,1,0,0,0
0.00226996,1,0,1,1,1,1,1,0,1,1,0,0,1,0,0,0
0.00226998,1,1,1,1,1,1,1,0,1,1,0,0,1,0,0,0
0.00227,1,0,0,0,1,1,1,0,1,1,0,0,1,0,0,0
0.00227004,1,0,1,1,1,1,1,0,1,1,0,0,1,0,0,0
0.00227006,1,0,1,0,1,1,1,0,1,1,0,0,1,0,0,0
0.00227008,1,0,0,0,1,1,1,0,1,1,0,0,1,0,0,0
0.00227012,1,0,1,0,1,1,1,0,1,1,0,0,1,0,0,0
0.00227014,1,0,0,0,1,1,1,0,1,1,0,0,1,0,0,0
0.00227084,1,1,1,1,1,1,1,0,1,1,0,0,1,0,0,0
0.00227086,1,1,1,1,1,1,1,1,1,1,0,0,1,0,0,0
0.00227092,0,1,0,0,1,0,0,0,1,1,0,0,1,0,0,0
0.00227094,0,1,1,0,1,0,0,0,1,1,0,0,1,0,0,0
0.00227096,1,1,1,1,1,1,1,0,1,1,0,0,1,0,0,0
0.00227098,1,1,1,1,1,0,0,0,1,1,0,0,1,0,0,0
0.002271,0,1,0,0,1,0,0,0,1,1,0,0,1,0,0,0
0.00227102,0,1,1,0,1,0,0,0,1,1,0,0,1,0,0,0
0.00227104,0,1,1,1,1,0,0,0,1,1,0,0,1,0,0,0
0.00227108,0,1,1,0,1,0,0,0,1,1,0,0,1,0,0,0
0.00227112,0,1,1,1,1,0,0,0,1,1,0,0,1,0,0,0
0.00227114,0,1,1,0,1,0,0,0,1,1,0,0,1,0,0,0
0.00227128,0,1,1,1,1,0,0,0,0,1,0,0,1,0,0,0
0.0022713,0,1,1,0,1,0,0,0,0,1,0,0,1,0,0,0
0.00227146,0,1,0,0,1,0,0,0,0,1,0,0,1,0,0,0
0.00227148,0,1,1,0,1,0,0,0,0,1,0,0,1,0,0,0
0.00227154,0,1,0,0,1,0,0,0,0,1,0,0,1,0,0,0
0.00227156,0,1,1,0,1,0,0,0,0,1,0,0,1,0,0,0
0.0022716,0,1,0,0,1,0,0,0,0,1,0,0,1,0,0,0
0.00227172,0,1,1,0,1,0,0,0,0,1,0,0,1,0,0,0
0.00227174,0,1,0,0,1,0,0,0,0,1,0,0,1,0,0,0
0.0022718,1,1,0,0,1,0,0,0,0,1,0,0,1,0,0,0
0.00227182,0,1,1,1,1,1,0,0,0,1,0,0,1,0,0,0
0.00227184,1,1,1,1,1,1,1,0,0,1,0,0,1,0,0,0
0.00227186,1,1,1,1,1,1,1,1,0,1,0,0,1,0,0,0
0.00227188,1,1,0,0,1,1,0,0,0,1,0,0,1,0,0,0
0.00227192,1,1,1,1,1,1,1,1,0,1,0,0,1,0,0,0
0.00227194,1,1,0,0,1,1,0,0,0,1,0,0,1,0,0,0
0.00227198,1,1,1,0,1,1,0,0,0,1,0,0,1,0,0,0
0.002272,1,1,0,0,1,1,0,0,0,1,0,0,1,0,0,0
0.00227278,1,1,1,1,1,1,0,0,0,1,0,0,1,0,0,0
0.0022728,1,1,1,1,1,1,1,1,0,1,0,0,1,0,0,0
0.00227286,1,0,0,0,1,0,0,0,0,1,0,0,1,0,0,0
0.0022729,1,0,1,1,1,0,0,0,0,1,0,0,1,0,0,0
0.00227292,1,1,1,1,1,1,1,0,0,1,0,0,1,0,0,0
0.00227294,1,0,1,0,1,0,0,0,0,1,0,0,1,0,0,0
0.00227296,1,0,0,0,1,0,0,0,0,1,0,0,1,0,0,0
0.00227298,1,0,1,1,1,0,0,0,0,1,0,0,1,0,0,0
0.00227302,1,0,1,0,1,0,0,0,0,1,0,0,1,0,0,0
0.00227304,1,0,0,0,1,0,0,0,0,1,0,0,1,0,0,0
0.00227306,1,0,1,0,1,0,0,0,0,1,0,0,1,0,0,0
0.00227318,1,0,0,0,1,0,0,0,0,1,0,0,1,0,0,0
0.0022732,1,0,1,0,1,0,0,0,0,1,0,0,1,0,0,0
0.00227324,1,0,1,0,1,0,0,0,1,0,0,0,1,0,0,0
0.00227326,1,0,0,0,1,0,0,0,1,0,0,0,1,0,0,0
0.00227328,1,0,1,0,1,0,0,0,1,0,0,0,1,0,0,0
0.0022733,1,0,1,0,1,0,0,0,1,0,0,0,0,0,0,0
0.00227332,1,0,0,0,1,0,0,0,1,0,0,0,1,0,0,0
0.00227336,1,0,1,0,1,0,0,0,1,0,0,0,1,0,0,0
0.0022734,1,0,0,0,1,0,0,0,1,0,0,0,1,0,0,0
0.00227376,1,1,1,1,1,0,0,0,1,0,0,0,1,0,0,0
0.00227378,1,1,1,1,1,1,1,1,1,0,0,0,1,0,0,0
0.00227384,0,0,1,1,1,0,1,0,1,0,0,0,1,0,0,0
0.00227388,1,1,1,1,1,1,1,0,1,0,0,0,1,0,0,0
0.0022739,0,0,1,1,1,0,1,0,1,0,0,0,1,0,0,0
0.00227474,1,1,1,1,1,0,1,1,1,0,0,0,1,0,0,0
0.00227476,1,1,1,1,1,1,1,1,1,0,0,0,1,0,0,0
0.00227482,0,1,1,1,0,0,1,0,1,0,0,0,1,0,0,0
0.00227486,1,1,1,1,0,1,1,0,1,0,0,0,1,0,0,0
0.00227488,0,1,1,1,0,0,1,0,1,0,0,0,1,0,0,0
0.00227518,0,1,1,1,0,0,1,0,0,0,0,0,0,0,0,0
0.0022752,0,1,1,1,0,0,1,0,0,1,1,1,0,0,1,0
0.0022757,1,1,1,1,0,1,1,0,0,1,1,1,0,0,1,0
0.00227572,0,0,0,0,0,0,0,0,0,1,1,1,0,0,1,0
0.00227574,1,1,1,1,1,1,1,1,0,1,1,1,0,0,1,0
0.00227768,0,0,0,0,0,0,0,0,0,1,1,1,0,0,1,0
0.0022777,1,1,0,1,1,0,1,0,0,1,1,1,0,0,1,0
0.00227772,1,1,1,1,1,1,1,1,0,1,1,1,0,0,1,0
0.00227774,1,1,0,1,1,0,1,0,0,1,1,1,0,0,1,0
0.00227778,1,1,1,1,1,1,1,0,0,1,1,1,0,0,1,0
0.0022778,1,1,0,1,1,0,1,0,0,1,1,1,0,0,1,0
0.0022781,1,1,1,1,1,0,1,0,0,1,1,1,0,0,1,0
0.00227812,1,1,0,1,1,0,1,0,0,1,1,1,0,0,1,0
0.00227816,1,1,1,1,1,0,1,0,0,1,1,1,0,0,1,0
0.00227818,1,1,0,1,1,0,1,0,0,1,1,1,0,0,1,0
0.00227858,1,1,1,1,1,1,1,0,0,1,1,1,0,0,1,0
0.0022786,0,1,0,1,1,0,1,0,0,1,1,1,0,0,1,0
0.00227864,0,1,1,1,1,1,1,0,0,1,1,1,0,0,1,0
0.00227866,1,1,1,1,1,0,1,1,0,1,1,1,0,0,1,0
0.00227868,1,1,1,1,1,1,1,1,0,1,1,1,0,0,1,0
0.0022787,1,0,1,1,1,0,1,0,0,1,1,1,0,0,1,0
0.00227872,1,1,1,1,1,1,1,1,0,1,1,1,0,0,1,0
0.00227876,0,1,1,1,1,1,1,1,0,1,1,1,0,0,1,0
0.00227878,0,1,0,0,1,0,1,1,0,1,1,1,0,0,1,0
0.00227882,1,1,1,0,1,1,1,1,0,1,1,1,0,0,1,0
0.00227884,0,1,0,0,1,1,1,1,0,1,1,1,0,0,1,0
0.00227886,0,1,0,0,1,0,1,1,0,1,1,1,0,0,1,0
0.0022789,0,1,0,0,1,1,1,1,0,1,1,1,0,0,1,0
0.00227892,0,1,0,0,1,0,1,1,0,1,1,1,0,0,1,0
0.0022791,0,1,0,0,1,0,1,1,0,1,0,0,1,0,1,1
0.00227964,1,1,1,1,1,0,1,1,0,1,0,0,1,0,1,1
0.00227966,1,1,1,1,1,1,1,1,0,1,0,0,1,0,1,1
0.0022797,1,1,0,1,1,0,1,0,0,1,0,0,1,0,1,1
0.00227974,1,1,1,1,1,1,1,1,0,1,0,0,1,0,1,1
0.00227976,1,1,0,1,1,0,1,0,0,1,0,0,1,0,1,1
0.00228062,1,1,1,1,1,1,1,1,0,1,0,0,1,0,1,1
0.00228158,0,0,0,0,0,0,0,0,0,1,0,0,1,0,1,1
0.00228254,1,0,1,0,0,1,0,0,0,1,0,0,1,0,1,1
0.00228256,0,0,0,0,0,0,0,0,0,1,0,0,1,0,1,1
0.00228258,1,1,1,1,1,1,1,1,0,1,0,0,1,0,1,1
0.00228262,1,1,0,1,1,0,1,0,0,1,0,0,1,0,1,1
0.00228264,1,1,1,1,1,1,1,1,0,1,0,0,1,0,1,1
0.00228268,0,1,0,0,1,1,0,0,0,1,0,0,1,0,1,1
0.00228272,0,1,1,0,1,1,0,1,0,1,0,0,1,0,1,1
0.00228274,0,1,1,0,1,1,0,0,0,1,0,0,1,0,1,1
0.00228276,0,1,0,0,1,1,0,0,0,1,0,0,1,0,1,1
0.002283,0,1,0,0,1,1,0,0,0,1,0,0,1,0,0,0
0.00228302,0,1,0,0,1,1,0,0,0,1,0,0,1,1,0,0
0.00228352,1,1,1,1,1,1,0,0,0,1,0,0,1,1,0,0
0.00228354,1,1,1,1,1,1,1,1,0,1,0,0,1,1,0,0
0.0022836,1,1,0,0,0,0,0,1,0,1,0,0,1,1,0,0
0.00228364,1,1,1,0,0,0,0,1,0,1,0,0,1,1,0,0
0.00228368,1,1,0,0,0,0,0,1,0,1,0,0,1,1,0,0
0.00228372,1,1,1,0,0,0,0,1,0,1,0,0,1,1,0,0
0.00228374,1,1,0,0,0,0,0,1,0,1,0,0,1,1,0,0
0.0022845,1,1,1,1,0,0,0,1,0,1,0,0,1,1,0,0
0.00228452,1,1,1,1,1,1,0,1,0,1,0,0,1,1,0,0
0.00228454,1,1,1,1,1,1,1,1,0,1,0,0,1,1,0,0
0.00228456,1,1,0,1,0,0,0,0,0,1,0,0,1,1,0,0
0.0022846,1,1,1,1,0,1,0,0,0,1,0,0,1,1,0,0
0.00228462,1,1,0,1,0,0,0,0,0,1,0,0,1,1,0,0
0.0022855,1,1,1,1,1,1,1,1,0,1,0,0,1,1,0,0
0.0022865,0,0,1,1,1,0,1,0,0,1,0,0,1,1,0,0
0.00228652,0,0,0,1,1,0,1,0,0,1,0,0,1,1,0,0
0.00228654,1,1,1,1,1,1,1,1,0,1,0,0,1,1,0,0
0.00228656,0,0,1,1,1,1,1,1,0,1,0,0,1,1,0,0
0.00228658,0,0,1,1,1,0,1,0,0,1,0,0,1,1,0,0
0.0022866,0,0,1,0,1,0,0,0,0,1,0,0,1,1,0,0
0.00228664,0,0,1,0,1,1,0,1,0,1,0,0,1,1,0,0
0.00228666,0,0,1,0,1,1,0,0,0,1,0,0,1,1,0,0
0.00228668,0,0,1,0,1,0,0,0,0,1,0,0,1,1,0,0
0.00228672,0,0,1,0,1,1,0,0,0,1,0,0,1,1,0,0
0.00228674,0,0,1,0,1,0,0,0,0,1,0,0,1,1,0,0
0.0022869,0,0,1,0,1,0,0,0,0,0,0,0,1,0,0,0
0.00228692,0,0,1,0,1,0,0,0,0,0,1,0,1,0,0,0
0.002287,1,1,1,0,1,0,0,0,1,1,1,0,1,0,0,0
0.00228702,0,0,1,0,1,1,0,1,0,0,1,0,1,0,0,0
0.00228704,0,0,1,0,1,0,0,0,0,0,1,0,1,0,0,0
0.00228706,0,0,1,0,1,1,0,0,0,0,1,0,1,0,0,0
0.0022871,0,0,1,0,1,0,0,0,0,0,1,0,1,0,0,0
0.00228744,0,0,1,0,1,1,0,1,0,0,1,0,1,0,0,0
0.00228746,1,1,1,1,1,1,1,1,0,0,1,0,1,0,0,0
0.00228848,0,0,0,0,0,0,0,1,0,0,1,0,1,0,0,0
0.00228854,1,1,1,1,0,1,0,1,0,0,1,0,1,0,0,0
0.00228856,0,0,1,0,0,1,0,1,0,0,1,0,1,0,0,0
0.00228858,0,0,0,0,0,0,0,1,0,0,1,0,1,0,0,0
0.00228938,1,1,0,0,0,0,0,1,0,0,1,0,1,0,0,0
0.0022894,1,1,1,1,1,1,0,1,0,0,1,0,1,0,0,0
0.00228944,1,1,1,1,1,1,1,0,0,0,1,0,1,0,0,0
0.00228946,1,1,0,0,1,0,0,0,0,0,1,0,1,0,0,0
0.0022895,1,1,1,1,1,1,1,0,0,0,1,0,1,0,0,0
0.00228952,1,1,0,0,1,0,0,0,0,0,1,0,1,0,0,0
0.00228984,1,1,0,0,1,0,0,0,1,1,0,0,1,0,0,0
0.0022899,1,1,0,0,1,0,0,0,0,0,0,0,0,0,0,0
0.00228992,1,1,0,0,1,0,0,0,1,1,0,0,1,0,0,0
0.00229038,1,1,1,1,1,1,1,0,1,1,0,0,1,0,0,0
0.0022904,1,1,1,1,1,1,1,1,1,1,0,0,1,0,0,0
0.00229044,1,0,0,0,1,1,1,0,1,1,0,0,1,0,0,0
0.00229048,1,1,1,1,1,1,1,0,1,1,0,0,1,0,0,0
0.0022905,1,0,0,0,1,1,1,0,1,1,0,0,1,0,0,0
0.00229134,1,1,1,1,1,1,1,0,1,1,0,0,1,0,0,0
0.00229136,1,1,1,1,1,1,1,1,1,1,0,0,1,0,0,0
0.0022914,0,1,1,1,1,0,0,1,1,1,0,0,1,0,0,0
0.00229142,0,1,0,0,1,0,0,0,1,1,0,0,1,0,0,0
0.00229146,1,1,1,1,1,1,0,0,1,1,0,0,1,0,0,0
0.00229148,0,1,1,0,1,0,0,0,1,1,0,0,1,0,0,0
0.0022915,0,1,0,0,1,0,0,0,1,1,0,0,1,0,0,0
0.00229154,0,1,1,0,1,0,0,0,1,1,0,0,1,0,0,0
0.00229156,0,1,0,0,1,0,0,0,1,1,0,0,1,0,0,0
0.00229178,0,1,0,0,1,0,0,0,0,1,0,0,1,0,0,0
0.00229186,0,1,0,0,1,0,0,0,0,1,0,0,0,0,0,0
0.00229188,0,1,0,0,1,0,0,0,0,1,0,0,1,0,0,0
0.00229232,1,1,1,1,1,1,1,1,0,1,0,0,1,0,0,0
0.00229238,1,1,1,0,1,1,1,0,0,1,0,0,1,0,0,0
0.0022924,1,1,0,0,1,1,0,0,0,1,0,0,1,0,0,0
0.00229244,1,1,1,1,1,1,0,0,0,1,0,0,1,0,0,0
0.00229246,1,1,0,0,1,1,0,0,0,1,0,0,1,0,0,0
0.0022933,1,1,0,0,1,1,1,0,0,1,0,0,1,0,0,0
0.00229332,1,1,1,1,1,1,0,0,0,1,0,0,1,0,0,0
0.00229334,1,1,1,1,1,1,1,1,0,1,0,0,1,0,0,0
0.00229336,1,0,0,0,1,0,0,0,0,1,0,0,1,0,0,0
0.0022934,1,0,1,1,1,0,1,0,0,1,0,0,1,0,0,0
0.00229342,1,0,0,0,1,0,0,0,0,1,0,0,1,0,0,0
0.00229374,1,0,0,0,1,0,0,0,1,0,0,0,1,0,0,0
0.00229426,1,1,1,1,1,0,0,0,1,0,0,0,1,0,0,0
0.00229428,1,1,1,1,1,1,1,1,1,0,0,0,1,0,0,0
0.00229434,0,0,1,1,1,0,1,0,1,0,0,0,1,0,0,0
0.00229438,1,1,1,1,1,0,1,0,1,0,0,0,1,0,0,0
0.0022944,0,0,1,1,1,0,1,0,1,0,0,0,1,0,0,0
0.00229524,1,1,1,1,1,0,1,0,1,0,0,0,1,0,0,0
0.00229526,1,1,1,1,1,1,1,1,1,0,0,0,1,0,0,0
0.0022953,1,1,1,1,0,1,1,0,1,0,0,0,1,0,0,0
0.00229532,1,1,1,1,0,0,1,0,1,0,0,0,1,0,0,0
0.00229568,1,1,1,1,0,0,1,0,1,0,0,0,0,0,0,0
0.0022957,1,1,1,1,0,0,1,0,1,1,1,1,0,0,1,0
0.00229576,1,1,1,1,0,0,1,0,0,0,0,0,0,0,1,0
0.00229578,1,1,1,1,0,0,1,0,1,1,1,1,0,0,1,0
0.00229622,1,0,0,0,0,0,0,0,1,1,1,1,0,0,1,0
0.00229624,0,0,0,0,0,0,0,0,1,1,1,1,0,0,1,0
0.00229626,1,1,1,1,1,1,1,1,1,1,1,1,0,0,1,0
0.00229818,0,0,0,0,0,0,0,0,1,1,1,1,0,0,1,0
0.0022982,1,1,0,0,0,1,0,1,1,1,1,1,0,0,1,0
0.00229822,1,1,1,1,1,1,1,1,1,1,1,1,0,0,1,0
0.00229824,1,1,0,0,0,1,0,1,1,1,1,1,0,0,1,0
0.00229862,1,1,0,1,0,1,0,1,1,1,1,1,0,0,1,0
0.00229908,1,1,1,1,1,1,1,1,1,1,1,1,0,0,1,0
0.0022991,0,0,0,0,0,0,0,0,1,1,1,1,0,0,1,0
0.00229912,0,0,1,0,1,0,1,0,1,1,1,1,0,0,1,0
0.00229914,1,1,1,1,0,1,1,0,1,1,1,1,0,0,1,0
0.00229916,0,0,0,0,0,0,0,0,1,1,1,1,0,0,1,0
0.00229918,1,1,1,1,1,1,1,1,1,1,1,1,0,0,1,0
0.00229922,1,1,1,1,1,0,1,0,1,1,1,1,0,0,1,0
0.00229924,1,1,1,1,1,1,1,1,1,1,1,1,0,0,1,0
0.00229926,1,1,0,0,1,0,1,1,1,1,1,1,0,0,1,0
0.00229928,0,1,0,0,1,0,1,1,1,1,1,1,0,0,1,0
0.0022996,0,1,0,0,1,0,1,1,0,1,0,0,1,0,1,0
0.00229962,0,1,0,0,1,0,1,1,0,1,0,0,1,0,1,1
0.00230012,1,1,0,0,1,0,1,1,0,1,0,0,1,0,1,1
0.00230014,0,1,1,1,1,0,1,1,0,1,0,0,1,0,1,1
0.00230016,1,1,1,1,1,1,1,1,0,1,0,0,1,0,1,1
0.00230018,1,1,1,1,0,1,0,1,0,1,0,0,1,0,1,1
0.0023002,1,1,0,0,0,1,0,1,0,1,0,0,1,0,1,1
0.00230024,1,1,1,1,0,1,0,1,0,1,0,0,1,0,1,1
0.00230026,1,1,0,0,0,1,0,1,0,1,0,0,1,0,1,1
0.00230112,1,1,1,1,1,1,1,1,0,1,0,0,1,0,1,1
0.00230208,0,0,0,0,0,0,0,0,0,1,0,0,1,0,1,1
0.0023021,0,0,0,1,0,0,0,0,0,1,0,0,1,0,1,1
0.00230212,0,0,1,1,0,0,0,0,0,1,0,0,1,0,1,1
0.00230214,0,0,0,1,0,0,0,0,0,1,0,0,1,0,1,1
0.00230304,1,0,1,1,0,0,0,0,0,1,0,0,1,0,1,1
0.00230306,0,0,0,1,0,0,0,0,0,1,0,0,1,0,1,1
0.00230308,1,1,1,1,1,1,1,1,0,1,0,0,1,0,1,1
0.00230312,1,1,0,1,1,0,1,0,0,1,0,0,1,0,1,1
0.00230314,1,1,1,1,1,1,1,1,0,1,0,0,1,0,1,1
0.00230316,0,1,0,1,1,1,1,0,0,1,0,0,1,0,1,1
0.00230318,0,1,0,0,1,1,1,0,0,1,0,0,1,0,1,1
0.0023032,0,1,0,0,1,1,0,0,0,1,0,0,1,0,1,1
0.00230324,1,1,1,0,1,1,0,0,0,1,0,0,1,0,1,1
0.00230326,0,1,0,0,1,1,0,0,0,1,0,0,1,0,1,1
0.0023035,0,1,0,0,1,1,0,0,0,1,0,0,1,0,0,0
0.00230352,0,1,0,0,1,1,0,0,0,1,0,0,1,1,0,0
0.00230404,1,1,1,0,1,1,0,1,0,1,0,0,1,1,0,0
0.00230406,1,1,1,1,1,1,1,1,0,1,0,0,1,1,0,0
0.0023041,0,1,1,0,0,0,0,1,0,1,0,0,1,1,0,0
0.00230414,1,1,1,1,0,1,1,1,0,1,0,0,1,1,0,0
0.00230416,1,1,1,0,0,0,0,1,0,1,0,0,1,1,0,0
0.00230418,0,1,1,0,0,0,0,1,0,1,0,0,1,1,0,0
0.002305,0,1,1,1,0,0,0,1,0,1,0,0,1,1,0,0
0.00230502,1,1,1,1,1,1,1,1,0,1,0,0,1,1,0,0
0.00230508,1,1,0,1,0,0,0,0,0,1,0,0,1,1,0,0
0.002306,1,1,1,1,0,1,1,0,0,1,0,0,1,1,0,0
0.00230602,1,1,1,1,1,1,1,1,0,1,0,0,1,1,0,0
0.00230698,1,1,1,1,0,0,0,0,0,1,0,0,1,1,0,0
0.002307,0,0,0,1,1,0,1,0,0,1,0,0,1,1,0,0
0.0023074,0,0,0,1,1,0,1,0,0,0,0,0,1,0,0,0
0.00230742,0,0,0,1,1,0,1,0,0,0,0,1,1,0,1,0
0.00230794,1,0,0,1,1,0,1,0,0,0,0,1,1,0,1,0
0.00230796,1,1,1,1,1,1,1,1,0,0,0,1,1,0,1,0
0.002308,0,0,0,0,1,1,0,0,0,0,0,1,1,0,1,0
0.00230806,1,1,1,1,1,1,0,0,0,0,0,1,1,0,1,0
0.00230808,0,0,0,0,1,1,0,0,0,0,0,1,1,0,1,0
0.0023089,1,0,0,0,1,1,0,0,0,0,0,1,1,0,1,0
0.00230892,0,0,0,0,1,1,0,0,0,0,0,1,1,0,1,0
0.00230894,1,1,1,1,1,1,1,1,0,0,0,1,1,0,1,0
0.00230936,1,1,1,1,1,1,1,1,1,1,1,1,1,0,1,0
0.00230938,1,1,1,1,1,1,1,1,1,1,1,1,1,1,1,1
