; CSV, generated by libsigrok4DSL 0.2.0 on Tue Oct  6 09:26:02 2026
; Channels (16/16)
; Sample rate: 100 MHz
; Sample count: 16.777216 M Samples
Time(s), MDR0, MDR1, MDR2, MDR3, MDR4, MDR5, MDR6, MDR7, IRB0, IRB1, IRB2, IRB3, IRB4, IRB5, IRB6, IRB7
0.00165167,1,0,0,0,1,0,0,0,1,0,0,0,1,0,0,0
0.00165326,1,0,0,0,1,0,0,0,0,0,0,0,1,0,0,0
0.00165327,1,0,0,0,1,0,0,0,1,0,0,0,1,0,0,0
0.00165619,1,0,0,0,1,0,0,0,0,0,0,0,1,0,0,0
0.0016562,1,0,0,0,1,0,0,0,1,0,0,0,1,0,0,0
0.00165912,1,0,0,0,1,0,0,0,0,0,0,0,1,0,0,0
0.00165913,1,0,0,0,1,0,0,0,1,0,0,0,1,0,0,0
0.00166107,1,0,0,0,1,0,0,0,0,0,0,0,1,0,0,0
0.00166108,1,0,0,0,1,0,0,0,1,0,0,0,1,0,0,0
0.00166205,1,0,0,0,1,0,0,0,0,0,0,0,1,0,0,0
0.00166206,1,0,0,0,1,0,0,0,1,0,0,0,1,0,0,0
0.001664,1,0,0,0,1,0,0,0,0,0,0,0,1,0,0,0
0.00166401,1,0,0,0,1,0,0,0,1,0,0,0,1,0,0,0
0.00166693,1,0,0,0,1,0,0,0,0,0,0,0,1,0,0,0
0.00166694,1,0,0,0,1,0,0,0,1,0,0,0,1,0,0,0
0.00166986,1,0,0,0,1,0,0,0,0,0,0,0,1,0,0,0
0.00166987,1,0,0,0,1,0,0,0,1,0,0,0,1,0,0,0
0.00167181,1,0,0,0,1,0,0,0,0,0,0,0,1,0,0,0
0.00167182,1,0,0,0,1,0,0,0,1,0,0,0,1,0,0,0
0.00167474,1,0,0,0,1,0,0,0,0,0,0,0,1,0,0,0
0.00167475,1,0,0,0,1,0,0,0,1,0,0,0,1,0,0,0
0.00167767,1,0,0,0,1,0,0,0,0,0,0,0,1,0,0,0
0.00167768,1,0,0,0,1,0,0,0,1,0,0,0,1,0,0,0
0.0016806,1,0,0,0,1,0,0,0,0,0,0,0,1,0,0,0
0.00168061,1,0,0,0,1,0,0,0,1,0,0,0,1,0,0,0
0.00168255,1,0,0,0,1,0,0,0,0,0,0,0,1,0,0,0
0.00168256,1,0,0,0,1,0,0,0,1,0,0,0,1,0,0,0
0.00168548,1,0,0,0,1,0,0,0,0,0,0,0,1,0,0,0
0.00168549,1,0,0,0,1,0,0,0,1,0,0,0,1,0,0,0
0.00168841,1,0,0,0,1,0,0,0,0,0,0,0,1,0,0,0
0.00168842,1,0,0,0,1,0,0,0,1,0,0,0,1,0,0,0
0.00169036,1,0,0,0,1,0,0,0,0,0,0,0,1,0,0,0
0.00169037,1,0,0,0,1,0,0,0,1,0,0,0,1,0,0,0
0.00169329,1,0,0,0,1,0,0,0,0,0,0,0,1,0,0,0
0.0016933,1,0,0,0,1,0,0,0,1,0,0,0,1,0,0,0
0.00169622,1,0,0,0,1,0,0,0,0,0,0,0,1,0,0,0
0.00169623,1,0,0,0,1,0,0,0,1,0,0,0,1,0,0,0
0.00169915,1,0,0,0,1,0,0,0,0,0,0,0,1,0,0,0
0.00169916,1,0,0,0,1,0,0,0,1,0,0,0,1,0,0,0
0.0017011,1,0,0,0,1,0,0,0,0,0,0,0,1,0,0,0
0.00170111,1,0,0,0,1,0,0,0,1,0,0,0,1,0,0,0
0.00170403,1,0,0,0,1,0,0,0,0,0,0,0,1,0,0,0
0.00170404,1,0,0,0,1,0,0,0,1,0,0,0,1,0,0,0
0.00170696,1,0,0,0,1,0,0,0,0,0,0,0,1,0,0,0
0.00170697,1,0,0,0,1,0,0,0,1,0,0,0,1,0,0,0
0.00170989,1,0,0,0,1,0,0,0,0,0,0,0,1,0,0,0
0.0017099,1,0,0,0,1,0,0,0,1,0,0,0,1,0,0,0
0.00171184,1,0,0,0,1,0,0,0,0,0,0,0,1,0,0,0
0.00171185,1,0,0,0,1,0,0,0,1,0,0,0,1,0,0,0
0.00171477,1,0,0,0,1,0,0,0,0,0,0,0,1,0,0,0
0.00171478,1,0,0,0,1,0,0,0,1,0,0,0,1,0,0,0
0.0017177,1,0,0,0,1,0,0,0,0,0,0,0,1,0,0,0
0.00171771,1,0,0,0,1,0,0,0,1,0,0,0,1,0,0,0
0.00172063,1,0,0,0,1,0,0,0,0,0,0,0,1,0,0,0
0.00172064,1,0,0,0,1,0,0,0,1,0,0,0,1,0,0,0
0.00172258,1,0,0,0,1,0,0,0,0,0,0,0,1,0,0,0
0.00172259,1,0,0,0,1,0,0,0,1,0,0,0,1,0,0,0
0.00172551,1,0,0,0,1,0,0,0,0,0,0,0,1,0,0,0
0.00172552,1,0,0,0,1,0,0,0,1,0,0,0,1,0,0,0
0.00172844,1,0,0,0,1,0,0,0,0,0,0,0,1,0,0,0
0.00172845,1,0,0,0,1,0,0,0,1,0,0,0,1,0,0,0
0.00173039,1,0,0,0,1,0,0,0,0,0,0,0,1,0,0,0
0.0017304,1,0,0,0,1,0,0,0,1,0,0,0,1,0,0,0
0.00173332,1,0,0,0,1,0,0,0,0,0,0,0,1,0,0,0
0.00173333,1,0,0,0,1,0,0,0,1,0,0,0,1,0,0,0
0.00173625,1,0,0,0,1,0,0,0,0,0,0,0,1,0,0,0
0.00173626,1,0,0,0,1,0,0,0,1,0,0,0,1,0,0,0
0.00173918,1,0,0,0,1,0,0,0,0,0,0,0,1,0,0,0
0.00173919,1,0,0,0,1,0,0,0,1,0,0,0,1,0,0,0
0.00174113,1,0,0,0,1,0,0,0,0,0,0,0,1,0,0,0
0.00174114,1,0,0,0,1,0,0,0,1,0,0,0,1,0,0,0
0.00174406,1,0,0,0,1,0,0,0,0,0,0,0,1,0,0,0
0.00174407,1,0,0,0,1,0,0,0,1,0,0,0,1,0,0,0
0.00174699,1,0,0,0,1,0,0,0,0,0,0,0,1,0,0,0
0.001747,1,0,0,0,1,0,0,0,1,0,0,0,1,0,0,0
0.00174992,1,0,0,0,1,0,0,0,0,0,0,0,1,0,0,0
0.00174993,1,0,0,0,1,0,0,0,1,0,0,0,1,0,0,0
0.00175187,1,0,0,0,1,0,0,0,0,0,0,0,1,0,0,0
0.00175188,1,0,0,0,1,0,0,0,1,0,0,0,1,0,0,0
0.0017548,1,0,0,0,1,0,0,0,0,0,0,0,1,0,0,0
0.00175481,1,0,0,0,1,0,0,0,1,0,0,0,1,0,0,0
0.00175773,1,0,0,0,1,0,0,0,0,0,0,0,1,0,0,0
0.00175774,1,0,0,0,1,0,0,0,1,0,0,0,1,0,0,0
0.00176066,1,0,0,0,1,0,0,0,0,0,0,0,1,0,0,0
0.00176067,1,0,0,0,1,0,0,0,1,0,0,0,1,0,0,0
0.00176261,1,0,0,0,1,0,0,0,0,0,0,0,1,0,0,0
0.00176262,1,0,0,0,1,0,0,0,1,0,0,0,1,0,0,0
0.00176554,1,0,0,0,1,0,0,0,0,0,0,0,1,0,0,0
0.00176555,1,0,0,0,1,0,0,0,1,0,0,0,1,0,0,0
0.00176847,1,0,0,0,1,0,0,0,0,0,0,0,1,0,0,0
0.00176848,1,0,0,0,1,0,0,0,1,0,0,0,1,0,0,0
0.0017714,1,0,0,0,1,0,0,0,0,0,0,0,1,0,0,0
0.00177141,1,0,0,0,1,0,0,0,1,0,0,0,1,0,0,0
0.00177335,1,0,0,0,1,0,0,0,0,0,0,0,1,0,0,0
0.00177336,1,0,0,0,1,0,0,0,1,0,0,0,1,0,0,0
0.00177628,1,0,0,0,1,0,0,0,0,0,0,0,1,0,0,0
0.00177629,1,0,0,0,1,0,0,0,1,0,0,0,1,0,0,0
0.00177921,1,0,0,0,1,0,0,0,0,0,0,0,1,0,0,0
0.00177922,1,0,0,0,1,0,0,0,1,0,0,0,1,0,0,0
0.00178116,1,0,0,0,1,0,0,0,0,0,0,0,1,0,0,0
0.00178117,1,0,0,0,1,0,0,0,1,0,0,0,1,0,0,0
0.00178409,1,0,0,0,1,0,0,0,0,0,0,0,1,0,0,0
0.0017841,1,0,0,0,1,0,0,0,1,0,0,0,1,0,0,0
0.00178702,1,0,0,0,1,0,0,0,0,0,0,0,1,0,0,0
0.00178703,1,0,0,0,1,0,0,0,1,0,0,0,1,0,0,0
0.00178995,1,0,0,0,1,0,0,0,0,0,0,0,1,0,0,0
0.00178996,1,0,0,0,1,0,0,0,1,0,0,0,1,0,0,0
0.0017919,1,0,0,0,1,0,0,0,0,0,0,0,1,0,0,0
0.00179191,1,0,0,0,1,0,0,0,1,0,0,0,1,0,0,0
0.00179483,1,0,0,0,1,0,0,0,0,0,0,0,1,0,0,0
0.00179484,1,0,0,0,1,0,0,0,1,0,0,0,1,0,0,0
0.00179776,1,0,0,0,1,0,0,0,0,0,0,0,1,0,0,0
0.00179777,1,0,0,0,1,0,0,0,1,0,0,0,1,0,0,0
0.00180069,1,0,0,0,1,0,0,0,0,0,0,0,1,0,0,0
0.0018007,1,0,0,0,1,0,0,0,1,0,0,0,1,0,0,0
0.00180264,1,0,0,0,1,0,0,0,0,0,0,0,1,0,0,0
0.00180265,1,0,0,0,1,0,0,0,1,0,0,0,1,0,0,0
0.00180557,1,0,0,0,1,0,0,0,0,0,0,0,1,0,0,0
0.00180558,1,0,0,0,1,0,0,0,1,0,0,0,1,0,0,0
0.0018085,1,0,0,0,1,0,0,0,0,0,0,0,1,0,0,0
0.00180851,1,0,0,0,1,0,0,0,1,0,0,0,1,0,0,0
0.00181143,1,0,0,0,1,0,0,0,0,0,0,0,1,0,0,0
0.00181144,1,0,0,0,1,0,0,0,1,0,0,0,1,0,0,0
0.00181338,1,0,0,0,1,0,0,0,0,0,0,0,1,0,0,0
0.00181339,1,0,0,0,1,0,0,0,1,0,0,0,1,0,0,0
0.00181631,1,0,0,0,1,0,0,0,0,0,0,0,1,0,0,0
0.00181632,1,0,0,0,1,0,0,0,1,0,0,0,1,0,0,0
0.00181924,1,0,0,0,1,0,0,0,0,0,0,0,1,0,0,0
0.00181925,1,0,0,0,1,0,0,0,1,0,0,0,1,0,0,0
0.00182119,1,0,0,0,1,0,0,0,0,0,0,0,1,0,0,0
0.0018212,1,0,0,0,1,0,0,0,1,0,0,0,1,0,0,0
0.00182412,1,0,0,0,1,0,0,0,0,0,0,0,1,0,0,0
0.00182413,1,0,0,0,1,0,0,0,1,0,0,0,1,0,0,0
0.00182705,1,0,0,0,1,0,0,0,0,0,0,0,1,0,0,0
0.00182706,1,0,0,0,1,0,0,0,1,0,0,0,1,0,0,0
0.00182998,1,0,0,0,1,0,0,0,0,0,0,0,1,0,0,0
0.00182999,1,0,0,0,1,0,0,0,1,0,0,0,1,0,0,0
0.00183193,1,0,0,0,1,0,0,0,0,0,0,0,1,0,0,0
0.00183194,1,0,0,0,1,0,0,0,1,0,0,0,1,0,0,0
0.00183486,1,0,0,0,1,0,0,0,0,0,0,0,1,0,0,0
0.00183487,1,0,0,0,1,0,0,0,1,0,0,0,1,0,0,0
0.00183779,1,0,0,0,1,0,0,0,0,0,0,0,1,0,0,0
0.0018378,1,0,0,0,1,0,0,0,1,0,0,0,1,0,0,0
0.00184072,1,0,0,0,1,0,0,0,0,0,0,0,1,0,0,0
0.00184073,1,0,0,0,1,0,0,0,1,0,0,0,1,0,0,0
0.00184267,1,0,0,0,1,0,0,0,0,0,0,0,1,0,0,0
0.00184268,1,0,0,0,1,0,0,0,1,0,0,0,1,0,0,0
0.0018456,1,0,0,0,1,0,0,0,0,0,0,0,1,0,0,0
0.00184561,1,0,0,0,1,0,0,0,1,0,0,0,1,0,0,0
0.00184853,1,0,0,0,1,0,0,0,0,0,0,0,1,0,0,0
0.00184854,1,0,0,0,1,0,0,0,1,0,0,0,1,0,0,0
0.00185146,1,0,0,0,1,0,0,0,0,0,0,0,1,0,0,0
0.00185147,1,0,0,0,1,0,0,0,1,0,0,0,1,0,0,0
0.00185341,1,0,0,0,1,0,0,0,0,0,0,0,1,0,0,0
0.00185342,1,0,0,0,1,0,0,0,1,0,0,0,1,0,0,0
0.00185634,1,0,0,0,1,0,0,0,0,0,0,0,1,0,0,0
0.00185635,1,0,0,0,1,0,0,0,1,0,0,0,1,0,0,0
0.00185927,1,0,0,0,1,0,0,0,0,0,0,0,1,0,0,0
0.00185928,1,0,0,0,1,0,0,0,1,0,0,0,1,0,0,0
0.00186122,1,0,0,0,1,0,0,0,0,0,0,0,1,0,0,0
0.00186123,1,0,0,0,1,0,0,0,1,0,0,0,1,0,0,0
0.00186415,1,0,0,0,1,0,0,0,0,0,0,0,1,0,0,0
0.00186416,1,0,0,0,1,0,0,0,1,0,0,0,1,0,0,0
0.00186708,1,0,0,0,1,0,0,0,0,0,0,0,1,0,0,0
0.00186709,1,0,0,0,1,0,0,0,1,0,0,0,1,0,0,0
0.00187001,1,0,0,0,1,0,0,0,0,0,0,0,1,0,0,0
0.00187002,1,0,0,0,1,0,0,0,1,0,0,0,1,0,0,0
0.00187196,1,0,0,0,1,0,0,0,0,0,0,0,1,0,0,0
0.00187197,1,0,0,0,1,0,0,0,1,0,0,0,1,0,0,0
0.00187489,1,0,0,0,1,0,0,0,0,0,0,0,1,0,0,0
0.0018749,1,0,0,0,1,0,0,0,1,0,0,0,1,0,0,0
0.00187782,1,0,0,0,1,0,0,0,0,0,0,0,1,0,0,0
0.00187783,1,0,0,0,1,0,0,0,1,0,0,0,1,0,0,0
0.00188075,1,0,0,0,1,0,0,0,0,0,0,0,1,0,0,0
0.00188076,1,0,0,0,1,0,0,0,1,0,0,0,1,0,0,0
0.0018827,1,0,0,0,1,0,0,0,0,0,0,0,1,0,0,0
0.00188271,1,0,0,0,1,0,0,0,1,0,0,0,1,0,0,0
0.00188563,1,0,0,0,1,0,0,0,0,0,0,0,1,0,0,0
0.00188564,1,0,0,0,1,0,0,0,1,0,0,0,1,0,0,0
0.00188856,1,0,0,0,1,0,0,0,0,0,0,0,1,0,0,0
0.00188857,1,0,0,0,1,0,0,0,1,0,0,0,1,0,0,0
0.00189051,1,0,0,0,1,0,0,0,0,0,0,0,1,0,0,0
0.00189052,1,0,0,0,1,0,0,0,1,0,0,0,1,0,0,0
0.00189344,1,0,0,0,1,0,0,0,0,0,0,0,1,0,0,0
0.00189345,1,0,0,0,1,0,0,0,1,0,0,0,1,0,0,0
0.00189637,1,0,0,0,1,0,0,0,0,0,0,0,1,0,0,0
0.00189638,1,0,0,0,1,0,0,0,1,0,0,0,1,0,0,0
0.0018993,1,0,0,0,1,0,0,0,0,0,0,0,1,0,0,0
0.00189931,1,0,0,0,1,0,0,0,1,0,0,0,1,0,0,0
0.00190125,1,0,0,0,1,0,0,0,0,0,0,0,1,0,0,0
0.00190126,1,0,0,0,1,0,0,0,1,0,0,0,1,0,0,0
0.00190418,1,0,0,0,1,0,0,0,0,0,0,0,1,0,0,0
0.00190419,1,0,0,0,1,0,0,0,1,0,0,0,1,0,0,0
0.00190711,1,0,0,0,1,0,0,0,0,0,0,0,1,0,0,0
0.00190712,1,0,0,0,1,0,0,0,1,0,0,0,1,0,0,0
0.00191004,1,0,0,0,1,0,0,0,0,0,0,0,1,0,0,0
0.00191005,1,0,0,0,1,0,0,0,1,0,0,0,1,0,0,0
0.00191199,1,0,0,0,1,0,0,0,0,0,0,0,1,0,0,0
0.001912,1,0,0,0,1,0,0,0,1,0,0,0,1,0,0,0
0.00191492,1,0,0,0,1,0,0,0,0,0,0,0,1,0,0,0
0.00191493,1,0,0,0,1,0,0,0,1,0,0,0,1,0,0,0
0.00191785,1,0,0,0,1,0,0,0,0,0,0,0,1,0,0,0
0.00191786,1,0,0,0,1,0,0,0,1,0,0,0,1,0,0,0
0.00192078,1,0,0,0,1,0,0,0,0,0,0,0,1,0,0,0
0.00192079,1,0,0,0,1,0,0,0,1,0,0,0,1,0,0,0
0.00192273,1,0,0,0,1,0,0,0,0,0,0,0,1,0,0,0
0.00192274,1,0,0,0,1,0,0,0,1,0,0,0,1,0,0,0
0.00192566,1,0,0,0,1,0,0,0,0,0,0,0,1,0,0,0
0.00192567,1,0,0,0,1,0,0,0,1,0,0,0,1,0,0,0
0.00192859,1,0,0,0,1,0,0,0,0,0,0,0,1,0,0,0
0.0019286,1,0,0,0,1,0,0,0,1,0,0,0,1,0,0,0
0.00193054,1,0,0,0,1,0,0,0,0,0,0,0,1,0,0,0
0.00193055,1,0,0,0,1,0,0,0,1,0,0,0,1,0,0,0
0.00193347,1,0,0,0,1,0,0,0,0,0,0,0,1,0,0,0
0.00193348,1,0,0,0,1,0,0,0,1,0,0,0,1,0,0,0
0.0019364,1,0,0,0,1,0,0,0,0,0,0,0,1,0,0,0
0.00193641,1,0,0,0,1,0,0,0,1,0,0,0,1,0,0,0
0.00193933,1,0,0,0,1,0,0,0,0,0,0,0,1,0,0,0
0.00193934,1,0,0,0,1,0,0,0,1,0,0,0,1,0,0,0
0.00194128,1,0,0,0,1,0,0,0,0,0,0,0,1,0,0,0
0.00194129,1,0,0,0,1,0,0,0,1,0,0,0,1,0,0,0
0.00194421,1,0,0,0,1,0,0,0,0,0,0,0,1,0,0,0
0.00194422,1,0,0,0,1,0,0,0,1,0,0,0,1,0,0,0
0.00194714,1,0,0,0,1,0,0,0,0,0,0,0,1,0,0,0
0.00194715,1,0,0,0,1,0,0,0,1,0,0,0,1,0,0,0
0.00195007,1,0,0,0,1,0,0,0,0,0,0,0,1,0,0,0
0.00195008,1,0,0,0,1,0,0,0,1,0,0,0,1,0,0,0
0.00195202,1,0,0,0,1,0,0,0,0,0,0,0,1,0,0,0
0.00195203,1,0,0,0,1,0,0,0,1,0,0,0,1,0,0,0
0.00195495,1,0,0,0,1,0,0,0,0,0,0,0,1,0,0,0
0.00195496,1,0,0,0,1,0,0,0,1,0,0,0,1,0,0,0
0.00195788,1,0,0,0,1,0,0,0,0,0,0,0,1,0,0,0
0.00195789,1,0,0,0,1,0,0,0,1,0,0,0,1,0,0,0
0.00196081,1,0,0,0,1,0,0,0,0,0,0,0,1,0,0,0
0.00196082,1,0,0,0,1,0,0,0,1,0,0,0,1,0,0,0
0.00196276,1,0,0,0,1,0,0,0,0,0,0,0,1,0,0,0
0.00196277,1,0,0,0,1,0,0,0,1,0,0,0,1,0,0,0
0.00196569,1,0,0,0,1,0,0,0,0,0,0,0,1,0,0,0
0.0019657,1,0,0,0,1,0,0,0,1,0,0,0,1,0,0,0
0.00196862,1,0,0,0,1,0,0,0,0,0,0,0,1,0,0,0
0.00196863,1,0,0,0,1,0,0,0,1,0,0,0,1,0,0,0
0.00197057,1,0,0,0,1,0,0,0,0,0,0,0,1,0,0,0
0.00197058,1,0,0,0,1,0,0,0,1,0,0,0,1,0,0,0
0.0019735,1,0,0,0,1,0,0,0,0,0,0,0,1,0,0,0
0.00197351,1,0,0,0,1,0,0,0,1,0,0,0,1,0,0,0
0.00197643,1,0,0,0,1,0,0,0,0,0,0,0,1,0,0,0
0.00197644,1,0,0,0,1,0,0,0,1,0,0,0,1,0,0,0
0.00197936,1,0,0,0,1,0,0,0,0,0,0,0,1,0,0,0
0.00197937,1,0,0,0,1,0,0,0,1,0,0,0,1,0,0,0
0.00198131,1,0,0,0,1,0,0,0,0,0,0,0,1,0,0,0
0.00198132,1,0,0,0,1,0,0,0,1,0,0,0,1,0,0,0
0.00198424,1,0,0,0,1,0,0,0,0,0,0,0,1,0,0,0
0.00198425,1,0,0,0,1,0,0,0,1,0,0,0,1,0,0,0
0.00198717,1,0,0,0,1,0,0,0,0,0,0,0,1,0,0,0
0.00198718,1,0,0,0,1,0,0,0,1,0,0,0,1,0,0,0
0.0019901,1,0,0,0,1,0,0,0,0,0,0,0,1,0,0,0
0.00199011,1,0,0,0,1,0,0,0,1,0,0,0,1,0,0,0
0.00199205,1,0,0,0,1,0,0,0,0,0,0,0,1,0,0,0
0.00199206,1,0,0,0,1,0,0,0,1,0,0,0,1,0,0,0
0.00199498,1,0,0,0,1,0,0,0,0,0,0,0,1,0,0,0
0.00199499,1,0,0,0,1,0,0,0,1,0,0,0,1,0,0,0
0.00199791,1,0,0,0,1,0,0,0,0,0,0,0,1,0,0,0
0.00199792,1,0,0,0,1,0,0,0,1,0,0,0,1,0,0,0
0.00200084,1,0,0,0,1,0,0,0,0,0,0,0,1,0,0,0
0.00200085,1,0,0,0,1,0,0,0,1,0,0,0,1,0,0,0
0.00200279,1,0,0,0,1,0,0,0,0,0,0,0,1,0,0,0
0.0020028,1,0,0,0,1,0,0,0,1,0,0,0,1,0,0,0
0.00200572,1,0,0,0,1,0,0,0,0,0,0,0,1,0,0,0
0.00200573,1,0,0,0,1,0,0,0,1,0,0,0,1,0,0,0
0.00200865,1,0,0,0,1,0,0,0,0,0,0,0,1,0,0,0
0.00200866,1,0,0,0,1,0,0,0,1,0,0,0,1,0,0,0
0.0020106,1,0,0,0,1,0,0,0,0,0,0,0,1,0,0,0
0.00201061,1,0,0,0,1,0,0,0,1,0,0,0,1,0,0,0
0.00201158,1,0,0,0,1,0,0,0,0,0,0,0,1,0,0,0
0.00201159,1,0,0,0,1,0,0,0,1,0,0,0,1,0,0,0
0.00201353,1,0,0,0,1,0,0,0,0,0,0,0,1,0,0,0
0.00201354,1,0,0,0,1,0,0,0,1,0,0,0,1,0,0,0
0.00201646,1,0,0,0,1,0,0,0,0,0,0,0,1,0,0,0
0.00201647,1,0,0,0,1,0,0,0,1,0,0,0,1,0,0,0
0.00201939,1,0,0,0,1,0,0,0,0,0,0,0,1,0,0,0
0.0020194,1,0,0,0,1,0,0,0,1,0,0,0,1,0,0,0
0.00202134,1,0,0,0,1,0,0,0,0,0,0,0,1,0,0,0
0.00202135,1,0,0,0,1,0,0,0,1,0,0,0,1,0,0,0
0.00202427,1,0,0,0,1,0,0,0,0,0,0,0,1,0,0,0
0.00202428,1,0,0,0,1,0,0,0,1,0,0,0,1,0,0,0
0.0020272,1,0,0,0,1,0,0,0,0,0,0,0,1,0,0,0
0.00202721,1,0,0,0,1,0,0,0,1,0,0,0,1,0,0,0
0.00203013,1,0,0,0,1,0,0,0,0,0,0,0,1,0,0,0
0.00203014,1,0,0,0,1,0,0,0,1,0,0,0,1,0,0,0
0.00203208,1,0,0,0,1,0,0,0,0,0,0,0,1,0,0,0
0.00203209,1,0,0,0,1,0,0,0,1,0,0,0,1,0,0,0
0.00203501,1,0,0,0,1,0,0,0,0,0,0,0,1,0,0,0
0.00203502,1,0,0,0,1,0,0,0,1,0,0,0,1,0,0,0
0.00203794,1,0,0,0,1,0,0,0,0,0,0,0,1,0,0,0
0.00203795,1,0,0,0,1,0,0,0,1,0,0,0,1,0,0,0
0.00204087,1,0,0,0,1,0,0,0,0,0,0,0,1,0,0,0
0.00204088,1,0,0,0,1,0,0,0,1,0,0,0,1,0,0,0
0.00204282,1,0,0,0,1,0,0,0,0,0,0,0,1,0,0,0
0.00204283,1,0,0,0,1,0,0,0,1,0,0,0,1,0,0,0
0.00204575,1,0,0,0,1,0,0,0,0,0,0,0,1,0,0,0
0.00204576,1,0,0,0,1,0,0,0,1,0,0,0,1,0,0,0
0.00204868,1,0,0,0,1,0,0,0,0,0,0,0,1,0,0,0
0.00204869,1,0,0,0,1,0,0,0,1,0,0,0,1,0,0,0
0.00205063,1,0,0,0,1,0,0,0,0,0,0,0,1,0,0,0
0.00205064,1,0,0,0,1,0,0,0,1,0,0,0,1,0,0,0
0.00205161,1,0,0,0,1,0,0,0,0,0,0,0,1,0,0,0
0.00205162,1,0,0,0,1,0,0,0,1,0,0,0,1,0,0,0
0.00205356,1,0,0,0,1,0,0,0,0,0,0,0,1,0,0,0
0.00205357,1,0,0,0,1,0,0,0,1,0,0,0,1,0,0,0
0.00205649,1,0,0,0,1,0,0,0,0,0,0,0,1,0,0,0
0.0020565,1,0,0,0,1,0,0,0,1,0,0,0,1,0,0,0
0.00205942,1,0,0,0,1,0,0,0,0,0,0,0,1,0,0,0
0.00205943,1,0,0,0,1,0,0,0,1,0,0,0,1,0,0,0
0.00206137,1,0,0,0,1,0,0,0,0,0,0,0,1,0,0,0
0.00206138,1,0,0,0,1,0,0,0,1,0,0,0,1,0,0,0
0.0020643,1,0,0,0,1,0,0,0,0,0,0,0,1,0,0,0
0.00206431,1,0,0,0,1,0,0,0,1,0,0,0,1,0,0,0
0.00206723,1,0,0,0,1,0,0,0,0,0,0,0,1,0,0,0
0.00206724,1,0,0,0,1,0,0,0,1,0,0,0,1,0,0,0
0.00207016,1,0,0,0,1,0,0,0,0,0,0,0,1,0,0,0
0.00207017,1,0,0,0,1,0,0,0,1,0,0,0,1,0,0,0
0.00207211,1,0,0,0,1,0,0,0,0,0,0,0,1,0,0,0
0.00207212,1,0,0,0,1,0,0,0,1,0,0,0,1,0,0,0
0.00207504,1,0,0,0,1,0,0,0,0,0,0,0,1,0,0,0
0.00207505,1,0,0,0,1,0,0,0,1,0,0,0,1,0,0,0
0.00207797,1,0,0,0,1,0,0,0,0,0,0,0,1,0,0,0
0.00207798,1,0,0,0,1,0,0,0,1,0,0,0,1,0,0,0
0.00208285,1,0,0,0,1,0,0,0,0,0,0,0,1,0,0,0
0.00208286,1,0,0,0,1,0,0,0,1,0,0,0,1,0,0,0
0.00208578,1,0,0,0,1,0,0,0,0,0,0,0,1,0,0,0
0.00208579,1,0,0,0,1,0,0,0,1,0,0,0,1,0,0,0
0.00208871,1,0,0,0,1,0,0,0,0,0,0,0,1,0,0,0
0.00208872,1,0,0,0,1,0,0,0,1,0,0,0,1,0,0,0
0.00209066,1,0,0,0,1,0,0,0,0,0,0,0,1,0,0,0
0.00209067,1,0,0,0,1,0,0,0,1,0,0,0,1,0,0,0
0.00209164,1,0,0,0,1,0,0,0,0,0,0,0,1,0,0,0
0.00209165,1,0,0,0,1,0,0,0,1,0,0,0,1,0,0,0
0.00209359,1,0,0,0,1,0,0,0,0,0,0,0,1,0,0,0
0.0020936,1,0,0,0,1,0,0,0,1,0,0,0,1,0,0,0
0.00209652,1,0,0,0,1,0,0,0,0,0,0,0,1,0,0,0
0.00209653,1,0,0,0,1,0,0,0,1,0,0,0,1,0,0,0
0.00209945,1,0,0,0,1,0,0,0,0,0,0,0,1,0,0,0
0.00209946,1,0,0,0,1,0,0,0,1,0,0,0,1,0,0,0
0.0021014,1,0,0,0,1,0,0,0,0,0,0,0,1,0,0,0
0.00210141,1,0,0,0,1,0,0,0,1,0,0,0,1,0,0,0
0.00210433,1,0,0,0,1,0,0,0,0,0,0,0,1,0,0,0
0.00210434,1,0,0,0,1,0,0,0,1,0,0,0,1,0,0,0
0.00210726,1,0,0,0,1,0,0,0,0,0,0,0,1,0,0,0
0.00210727,1,0,0,0,1,0,0,0,1,0,0,0,1,0,0,0
0.00211019,1,0,0,0,1,0,0,0,0,0,0,0,1,0,0,0
0.0021102,1,0,0,0,1,0,0,0,1,0,0,0,1,0,0,0
0.00211214,1,0,0,0,1,0,0,0,0,0,0,0,1,0,0,0
0.00211215,1,0,0,0,1,0,0,0,1,0,0,0,1,0,0,0
0.00211507,1,0,0,0,1,0,0,0,0,0,0,0,1,0,0,0
0.00211508,1,0,0,0,1,0,0,0,1,0,0,0,1,0,0,0
0.002118,1,0,0,0,1,0,0,0,0,0,0,0,1,0,0,0
0.00211801,1,0,0,0,1,0,0,0,1,0,0,0,1,0,0,0
0.00212093,1,0,0,0,1,0,0,0,0,0,0,0,1,0,0,0
0.00212094,1,0,0,0,1,0,0,0,1,0,0,0,1,0,0,0
0.00212288,1,0,0,0,1,0,0,0,0,0,0,0,1,0,0,0
0.00212289,1,0,0,0,1,0,0,0,1,0,0,0,1,0,0,0
0.00212581,1,0,0,0,1,0,0,0,0,0,0,0,1,0,0,0
0.00212582,1,0,0,0,1,0,0,0,1,0,0,0,1,0,0,0
0.00212874,1,0,0,0,1,0,0,0,0,0,0,0,1,0,0,0
0.00212875,1,0,0,0,1,0,0,0,1,0,0,0,1,0,0,0
0.00213069,1,0,0,0,1,0,0,0,0,0,0,0,1,0,0,0
0.0021307,1,0,0,0,1,0,0,0,1,0,0,0,1,0,0,0
0.00213167,1,0,0,0,1,0,0,0,0,0,0,0,1,0,0,0
0.00213168,1,0,0,0,1,0,0,0,1,0,0,0,1,0,0,0
0.00213362,1,0,0,0,1,0,0,0,0,0,0,0,1,0,0,0
0.00213363,1,0,0,0,1,0,0,0,1,0,0,0,1,0,0,0
0.00213655,1,0,0,0,1,0,0,0,0,0,0,0,1,0,0,0
0.00213656,1,0,0,0,1,0,0,0,1,0,0,0,1,0,0,0
0.00213948,1,0,0,0,1,0,0,0,0,0,0,0,1,0,0,0
0.00213949,1,0,0,0,1,0,0,0,1,0,0,0,1,0,0,0
0.00214143,1,0,0,0,1,0,0,0,0,0,0,0,1,0,0,0
0.00214144,1,0,0,0,1,0,0,0,1,0,0,0,1,0,0,0
0.00214436,1,0,0,0,1,0,0,0,0,0,0,0,1,0,0,0
0.00214437,1,0,0,0,1,0,0,0,1,0,0,0,1,0,0,0
0.00214729,1,0,0,0,1,0,0,0,0,0,0,0,1,0,0,0
0.0021473,1,0,0,0,1,0,0,0,1,0,0,0,1,0,0,0
0.00215022,1,0,0,0,1,0,0,0,0,0,0,0,1,0,0,0
0.00215023,1,0,0,0,1,0,0,0,1,0,0,0,1,0,0,0
0.00215217,1,0,0,0,1,0,0,0,0,0,0,0,1,0,0,0
0.00215218,1,0,0,0,1,0,0,0,1,0,0,0,1,0,0,0
0.0021551,1,0,0,0,1,0,0,0,0,0,0,0,1,0,0,0
0.00215511,1,0,0,0,1,0,0,0,1,0,0,0,1,0,0,0
0.00215803,1,0,0,0,1,0,0,0,0,0,0,0,1,0,0,0
0.00215804,1,0,0,0,1,0,0,0,1,0,0,0,1,0,0,0
0.00216096,1,0,0,0,1,0,0,0,0,0,0,0,1,0,0,0
0.00216097,1,0,0,0,1,0,0,0,1,0,0,0,1,0,0,0
0.00216291,1,0,0,0,1,0,0,0,0,0,0,0,1,0,0,0
0.00216292,1,0,0,0,1,0,0,0,1,0,0,0,1,0,0,0
0.00216584,1,0,0,0,1,0,0,0,0,0,0,0,1,0,0,0
0.00216585,1,0,0,0,1,0,0,0,1,0,0,0,1,0,0,0
0.00216877,1,0,0,0,1,0,0,0,0,0,0,0,1,0,0,0
0.00216878,1,0,0,0,1,0,0,0,1,0,0,0,1,0,0,0
0.00217365,1,0,0,0,1,0,0,0,0,0,0,0,1,0,0,0
0.00217366,1,0,0,0,1,0,0,0,1,0,0,0,1,0,0,0
0.00217658,1,0,0,0,1,0,0,0,0,0,0,0,1,0,0,0
0.00217659,1,0,0,0,1,0,0,0,1,0,0,0,1,0,0,0
0.00217951,1,0,0,0,1,0,0,0,0,0,0,0,1,0,0,0
0.00217952,1,0,0,0,1,0,0,0,1,0,0,0,1,0,0,0
0.00218146,1,0,0,0,1,0,0,0,0,0,0,0,1,0,0,0
0.00218147,1,0,0,0,1,0,0,0,1,0,0,0,1,0,0,0
0.00218439,1,0,0,0,1,0,0,0,0,0,0,0,1,0,0,0
0.0021844,1,0,0,0,1,0,0,0,1,0,0,0,1,0,0,0
0.00218732,1,0,0,0,1,0,0,0,0,0,0,0,1,0,0,0
0.00218733,1,0,0,0,1,0,0,0,1,0,0,0,1,0,0,0
0.00219025,1,0,0,0,1,0,0,0,0,0,0,0,1,0,0,0
0.00219026,1,0,0,0,1,0,0,0,1,0,0,0,1,0,0,0
0.0021922,1,0,0,0,1,0,0,0,0,0,0,0,1,0,0,0
0.00219221,1,0,0,0,1,0,0,0,1,0,0,0,1,0,0,0
0.00219513,1,0,0,0,1,0,0,0,0,0,0,0,1,0,0,0
0.00219514,1,0,0,0,1,0,0,0,1,0,0,0,1,0,0,0
0.00219806,1,0,0,0,1,0,0,0,0,0,0,0,1,0,0,0
0.00219807,1,0,0,0,1,0,0,0,1,0,0,0,1,0,0,0
0.00220099,1,0,0,0,1,0,0,0,0,0,0,0,1,0,0,0
0.002201,1,0,0,0,1,0,0,0,1,0,0,0,1,0,0,0
0.00220294,1,0,0,0,1,0,0,0,0,0,0,0,1,0,0,0
0.00220295,1,0,0,0,1,0,0,0,1,0,0,0,1,0,0,0
0.00220587,1,0,0,0,1,0,0,0,0,0,0,0,1,0,0,0
0.00220588,1,0,0,0,1,0,0,0,1,0,0,0,1,0,0,0
0.0022088,1,0,0,0,1,0,0,0,0,0,0,0,1,0,0,0
0.00220881,1,0,0,0,1,0,0,0,1,0,0,0,1,0,0,0
0.00221075,1,0,0,0,1,0,0,0,0,0,0,0,1,0,0,0
0.00221076,1,0,0,0,1,0,0,0,1,0,0,0,1,0,0,0
0.00221173,1,0,0,0,1,0,0,0,0,0,0,0,1,0,0,0
0.00221174,1,0,0,0,1,0,0,0,1,0,0,0,1,0,0,0
0.00221368,1,0,0,0,1,0,0,0,0,0,0,0,1,0,0,0
0.00221369,1,0,0,0,1,0,0,0,1,0,0,0,1,0,0,0
0.00221661,1,0,0,0,1,0,0,0,0,0,0,0,1,0,0,0
0.00221662,1,0,0,0,1,0,0,0,1,0,0,0,1,0,0,0
0.00221954,1,0,0,0,1,0,0,0,0,0,0,0,1,0,0,0
0.00221955,1,0,0,0,1,0,0,0,1,0,0,0,1,0,0,0
0.00222149,1,0,0,0,1,0,0,0,0,0,0,0,1,0,0,0
0.0022215,1,0,0,0,1,0,0,0,1,0,0,0,1,0,0,0
0.00222442,1,0,0,0,1,0,0,0,0,0,0,0,1,0,0,0
0.00222443,1,0,0,0,1,0,0,0,1,0,0,0,1,0,0,0
0.00222735,1,0,0,0,1,0,0,0,0,0,0,0,1,0,0,0
0.00222736,1,0,0,0,1,0,0,0,1,0,0,0,1,0,0,0
0.00223028,1,0,0,0,1,0,0,0,0,0,0,0,1,0,0,0
0.00223029,1,0,0,0,1,0,0,0,1,0,0,0,1,0,0,0
0.00223223,1,0,0,0,1,0,0,0,0,0,0,0,1,0,0,0
0.00223224,1,0,0,0,1,0,0,0,1,0,0,0,1,0,0,0
0.00223516,1,0,0,0,1,0,0,0,0,0,0,0,1,0,0,0
0.00223517,1,0,0,0,1,0,0,0,1,0,0,0,1,0,0,0
0.00223809,1,0,0,0,1,0,0,0,0,0,0,0,1,0,0,0
0.0022381,1,0,0,0,1,0,0,0,1,0,0,0,1,0,0,0
0.00224102,1,0,0,0,1,0,0,0,0,0,0,0,1,0,0,0
0.00224103,1,0,0,0,1,0,0,0,1,0,0,0,1,0,0,0
0.00224297,1,0,0,0,1,0,0,0,0,0,0,0,1,0,0,0
0.00224298,1,0,0,0,1,0,0,0,1,0,0,0,1,0,0,0
0.0022459,1,0,0,0,1,0,0,0,0,0,0,0,1,0,0,0
0.00224591,1,0,0,0,1,0,0,0,1,0,0,0,1,0,0,0
0.00224883,1,0,0,0,1,0,0,0,0,0,0,0,1,0,0,0
0.00224884,1,0,0,0,1,0,0,0,1,0,0,0,1,0,0,0
0.00225078,1,0,0,0,1,0,0,0,0,0,0,0,1,0,0,0
0.00225079,1,0,0,0,1,0,0,0,1,0,0,0,1,0,0,0
0.00225176,1,0,0,0,1,0,0,0,0,0,0,0,1,0,0,0
0.00225177,1,0,0,0,1,0,0,0,1,0,0,0,1,0,0,0
0.00225371,1,0,0,0,1,0,0,0,0,0,0,0,1,0,0,0
0.00225372,1,0,0,0,1,0,0,0,1,0,0,0,1,0,0,0
0.00225664,1,0,0,0,1,0,0,0,0,0,0,0,1,0,0,0
0.00225665,1,0,0,0,1,0,0,0,1,0,0,0,1,0,0,0
0.00225957,1,0,0,0,1,0,0,0,0,0,0,0,1,0,0,0
0.00225958,1,0,0,0,1,0,0,0,1,0,0,0,1,0,0,0
0.00226152,1,0,0,0,1,0,0,0,0,0,0,0,1,0,0,0
0.00226153,1,0,0,0,1,0,0,0,1,0,0,0,1,0,0,0
0.00226445,1,0,0,0,1,0,0,0,0,0,0,0,1,0,0,0
0.00226446,1,0,0,0,1,0,0,0,1,0,0,0,1,0,0,0
0.00226738,1,0,0,0,1,0,0,0,0,0,0,0,1,0,0,0
0.00226739,1,0,0,0,1,0,0,0,1,0,0,0,1,0,0,0
0.00227031,1,0,0,0,1,0,0,0,0,0,0,0,1,0,0,0
0.00227032,1,0,0,0,1,0,0,0,1,0,0,0,1,0,0,0
0.00227226,1,0,0,0,1,0,0,0,0,0,0,0,1,0,0,0
0.00227227,1,0,0,0,1,0,0,0,1,0,0,0,1,0,0,0
0.00227519,1,0,0,0,1,0,0,0,0,0,0,0,1,0,0,0
0.0022752,1,0,0,0,1,0,0,0,1,0,0,0,1,0,0,0
0.00227812,1,0,0,0,1,0,0,0,0,0,0,0,1,0,0,0
0.00227813,1,0,0,0,1,0,0,0,1,0,0,0,1,0,0,0
0.00228105,1,0,0,0,1,0,0,0,0,0,0,0,1,0,0,0
0.00228106,1,0,0,0,1,0,0,0,1,0,0,0,1,0,0,0
0.002283,1,0,0,0,1,0,0,0,0,0,0,0,1,0,0,0
0.00228301,1,0,0,0,1,0,0,0,1,0,0,0,1,0,0,0
0.00228593,1,0,0,0,1,0,0,0,0,0,0,0,1,0,0,0
0.00228594,1,0,0,0,1,0,0,0,1,0,0,0,1,0,0,0
0.00228886,1,0,0,0,1,0,0,0,0,0,0,0,1,0,0,0
0.00228887,1,0,0,0,1,0,0,0,1,0,0,0,1,0,0,0
0.00229081,1,0,0,0,1,0,0,0,0,0,0,0,1,0,0,0
0.00229082,1,0,0,0,1,0,0,0,1,0,0,0,1,0,0,0
0.00229374,1,0,0,0,1,0,0,0,0,0,0,0,1,0,0,0
0.00229375,1,0,0,0,1,0,0,0,1,0,0,0,1,0,0,0
0.00229667,1,0,0,0,1,0,0,0,0,0,0,0,1,0,0,0
0.00229668,1,0,0,0,1,0,0,0,1,0,0,0,1,0,0,0
0.0022996,1,0,0,0,1,0,0,0,0,0,0,0,1,0,0,0
0.00229961,1,0,0,0,1,0,0,0,1,0,0,0,1,0,0,0
0.00230155,1,0,0,0,1,0,0,0,0,0,0,0,1,0,0,0
0.00230156,1,0,0,0,1,0,0,0,1,0,0,0,1,0,0,0
0.00230448,1,0,0,0,1,0,0,0,0,0,0,0,1,0,0,0
0.00230449,1,0,0,0,1,0,0,0,1,0,0,0,1,0,0,0
0.00230741,1,0,0,0,1,0,0,0,0,0,0,0,1,0,0,0
0.00230742,1,0,0,0,1,0,0,0,1,0,0,0,1,0,0,0
0.00231034,1,0,0,0,1,0,0,0,0,0,0,0,1,0,0,0
0.00231035,1,0,0,0,1,0,0,0,1,0,0,0,1,0,0,0
0.00231229,1,0,0,0,1,0,0,0,0,0,0,0,1,0,0,0
0.0023123,1,0,0,0,1,0,0,0,1,0,0,0,1,0,0,0
0.00231522,1,0,0,0,1,0,0,0,0,0,0,0,1,0,0,0
0.00231523,1,0,0,0,1,0,0,0,1,0,0,0,1,0,0,0
0.00231815,1,0,0,0,1,0,0,0,0,0,0,0,1,0,0,0
0.00231816,1,0,0,0,1,0,0,0,1,0,0,0,1,0,0,0
0.00232108,1,0,0,0,1,0,0,0,0,0,0,0,1,0,0,0
0.00232109,1,0,0,0,1,0,0,0,1,0,0,0,1,0,0,0
0.00232303,1,0,0,0,1,0,0,0,0,0,0,0,1,0,0,0
0.00232304,1,0,0,0,1,0,0,0,1,0,0,0,1,0,0,0
0.00232596,1,0,0,0,1,0,0,0,0,0,0,0,1,0,0,0
0.00232597,1,0,0,0,1,0,0,0,1,0,0,0,1,0,0,0
0.00232889,1,0,0,0,1,0,0,0,0,0,0,0,1,0,0,0
0.0023289,1,0,0,0,1,0,0,0,1,0,0,0,1,0,0,0
0.00233084,1,0,0,0,1,0,0,0,0,0,0,0,1,0,0,0
0.00233085,1,0,0,0,1,0,0,0,1,0,0,0,1,0,0,0
0.00233182,1,0,0,0,1,0,0,0,0,0,0,0,1,0,0,0
0.00233183,1,0,0,0,1,0,0,0,1,0,0,0,1,0,0,0
0.00233377,1,0,0,0,1,0,0,0,0,0,0,0,1,0,0,0
0.00233378,1,0,0,0,1,0,0,0,1,0,0,0,1,0,0,0
0.0023367,1,0,0,0,1,0,0,0,0,0,0,0,1,0,0,0
0.00233671,1,0,0,0,1,0,0,0,1,0,0,0,1,0,0,0
0.00233963,1,0,0,0,1,0,0,0,0,0,0,0,1,0,0,0
0.00233964,1,0,0,0,1,0,0,0,1,0,0,0,1,0,0,0
0.00234158,1,0,0,0,1,0,0,0,0,0,0,0,1,0,0,0
0.00234159,1,0,0,0,1,0,0,0,1,0,0,0,1,0,0,0
0.00234451,1,0,0,0,1,0,0,0,0,0,0,0,1,0,0,0
0.00234452,1,0,0,0,1,0,0,0,1,0,0,0,1,0,0,0
0.00234744,1,0,0,0,1,0,0,0,0,0,0,0,1,0,0,0
0.00234745,1,0,0,0,1,0,0,0,1,0,0,0,1,0,0,0
0.00235037,1,0,0,0,1,0,0,0,0,0,0,0,1,0,0,0
0.00235038,1,0,0,0,1,0,0,0,1,0,0,0,1,0,0,0
0.00235232,1,0,0,0,1,0,0,0,0,0,0,0,1,0,0,0
0.00235233,1,0,0,0,1,0,0,0,1,0,0,0,1,0,0,0
0.00235525,1,0,0,0,1,0,0,0,0,0,0,0,1,0,0,0
0.00235526,1,0,0,0,1,0,0,0,1,0,0,0,1,0,0,0
0.00235818,1,0,0,0,1,0,0,0,0,0,0,0,1,0,0,0
0.00235819,1,0,0,0,1,0,0,0,1,0,0,0,1,0,0,0
0.00236111,1,0,0,0,1,0,0,0,0,0,0,0,1,0,0,0
0.00236112,1,0,0,0,1,0,0,0,1,0,0,0,1,0,0,0
0.00236306,1,0,0,0,1,0,0,0,0,0,0,0,1,0,0,0
0.00236307,1,0,0,0,1,0,0,0,1,0,0,0,1,0,0,0
0.00236599,1,0,0,0,1,0,0,0,0,0,0,0,1,0,0,0
0.002366,1,0,0,0,1,0,0,0,1,0,0,0,1,0,0,0
0.00236892,1,0,0,0,1,0,0,0,0,0,0,0,1,0,0,0
0.00236893,1,0,0,0,1,0,0,0,1,0,0,0,1,0,0,0
0.00237087,1,0,0,0,1,0,0,0,0,0,0,0,1,0,0,0
0.00237088,1,0,0,0,1,0,0,0,1,0,0,0,1,0,0,0
0.00237185,1,0,0,0,1,0,0,0,0,0,0,0,1,0,0,0
0.00237186,1,0,0,0,1,0,0,0,1,0,0,0,1,0,0,0
0.0023738,1,0,0,0,1,0,0,0,0,0,0,0,1,0,0,0
0.00237381,1,0,0,0,1,0,0,0,1,0,0,0,1,0,0,0
0.00237673,1,0,0,0,1,0,0,0,0,0,0,0,1,0,0,0
0.00237674,1,0,0,0,1,0,0,0,1,0,0,0,1,0,0,0
0.00237966,1,0,0,0,1,0,0,0,0,0,0,0,1,0,0,0
0.00237967,1,0,0,0,1,0,0,0,1,0,0,0,1,0,0,0
0.00238161,1,0,0,0,1,0,0,0,0,0,0,0,1,0,0,0
0.00238162,1,0,0,0,1,0,0,0,1,0,0,0,1,0,0,0
0.00238454,1,0,0,0,1,0,0,0,0,0,0,0,1,0,0,0
0.00238455,1,0,0,0,1,0,0,0,1,0,0,0,1,0,0,0
0.00238747,1,0,0,0,1,0,0,0,0,0,0,0,1,0,0,0
0.00238748,1,0,0,0,1,0,0,0,1,0,0,0,1,0,0,0
0.0023904,1,0,0,0,1,0,0,0,0,0,0,0,1,0,0,0
0.00239041,1,0,0,0,1,0,0,0,1,0,0,0,1,0,0,0
0.00239235,1,0,0,0,1,0,0,0,0,0,0,0,1,0,0,0
0.00239236,1,0,0,0,1,0,0,0,1,0,0,0,1,0,0,0
0.00239528,1,0,0,0,1,0,0,0,0,0,0,0,1,0,0,0
0.00239529,1,0,0,0,1,0,0,0,1,0,0,0,1,0,0,0
0.00239821,1,0,0,0,1,0,0,0,0,0,0,0,1,0,0,0
0.00239822,1,0,0,0,1,0,0,0,1,0,0,0,1,0,0,0
0.00240114,1,0,0,0,1,0,0,0,0,0,0,0,1,0,0,0
0.00240115,1,0,0,0,1,0,0,0,1,0,0,0,1,0,0,0
0.00240309,1,0,0,0,1,0,0,0,0,0,0,0,1,0,0,0
0.0024031,1,0,0,0,1,0,0,0,1,0,0,0,1,0,0,0
0.00240602,1,0,0,0,1,0,0,0,0,0,0,0,1,0,0,0
0.00240603,1,0,0,0,1,0,0,0,1,0,0,0,1,0,0,0
0.00240895,1,0,0,0,1,0,0,0,0,0,0,0,1,0,0,0
0.00240896,1,0,0,0,1,0,0,0,1,0,0,0,1,0,0,0
0.0024109,1,0,0,0,1,0,0,0,0,0,0,0,1,0,0,0
0.00241091,1,0,0,0,1,0,0,0,1,0,0,0,1,0,0,0
0.00241383,1,0,0,0,1,0,0,0,0,0,0,0,1,0,0,0
0.00241384,1,0,0,0,1,0,0,0,1,0,0,0,1,0,0,0
0.00241676,1,0,0,0,1,0,0,0,0,0,0,0,1,0,0,0
0.00241677,1,0,0,0,1,0,0,0,1,0,0,0,1,0,0,0
0.00241969,1,0,0,0,1,0,0,0,0,0,0,0,1,0,0,0
0.0024197,1,0,0,0,1,0,0,0,1,0,0,0,1,0,0,0
0.00242164,1,0,0,0,1,0,0,0,0,0,0,0,1,0,0,0
0.00242165,1,0,0,0,1,0,0,0,1,0,0,0,1,0,0,0
0.00242457,1,0,0,0,1,0,0,0,0,0,0,0,1,0,0,0
0.00242458,1,0,0,0,1,0,0,0,1,0,0,0,1,0,0,0
0.0024275,1,0,0,0,1,0,0,0,0,0,0,0,1,0,0,0
0.00242751,1,0,0,0,1,0,0,0,1,0,0,0,1,0,0,0
0.00243043,1,0,0,0,1,0,0,0,0,0,0,0,1,0,0,0
0.00243044,1,0,0,0,1,0,0,0,1,0,0,0,1,0,0,0
0.00243238,1,0,0,0,1,0,0,0,0,0,0,0,1,0,0,0
0.00243239,1,0,0,0,1,0,0,0,1,0,0,0,1,0,0,0
0.00243531,1,0,0,0,1,0,0,0,0,0,0,0,1,0,0,0
0.00243532,1,0,0,0,1,0,0,0,1,0,0,0,1,0,0,0
0.00243824,1,0,0,0,1,0,0,0,0,0,0,0,1,0,0,0
0.00243825,1,0,0,0,1,0,0,0,1,0,0,0,1,0,0,0
0.00244117,1,0,0,0,1,0,0,0,0,0,0,0,1,0,0,0
0.00244118,1,0,0,0,1,0,0,0,1,0,0,0,1,0,0,0
0.00244312,1,0,0,0,1,0,0,0,0,0,0,0,1,0,0,0
0.00244313,1,0,0,0,1,0,0,0,1,0,0,0,1,0,0,0
0.00244605,1,0,0,0,1,0,0,0,0,0,0,0,1,0,0,0
0.00244606,1,0,0,0,1,0,0,0,1,0,0,0,1,0,0,0
0.00244898,1,0,0,0,1,0,0,0,0,0,0,0,1,0,0,0
0.00244899,1,0,0,0,1,0,0,0,1,0,0,0,1,0,0,0
0.00245386,1,0,0,0,1,0,0,0,0,0,0,0,1,0,0,0
0.00245387,1,0,0,0,1,0,0,0,1,0,0,0,1,0,0,0
0.00245679,1,0,0,0,1,0,0,0,0,0,0,0,1,0,0,0
0.0024568,1,0,0,0,1,0,0,0,1,0,0,0,1,0,0,0
0.00245972,1,0,0,0,1,0,0,0,0,0,0,0,1,0,0,0
0.00245973,1,0,0,0,1,0,0,0,1,0,0,0,1,0,0,0
0.00246167,1,0,0,0,1,0,0,0,0,0,0,0,1,0,0,0
0.00246168,1,0,0,0,1,0,0,0,1,0,0,0,1,0,0,0
0.0024646,1,0,0,0,1,0,0,0,0,0,0,0,1,0,0,0
0.00246461,1,0,0,0,1,0,0,0,1,0,0,0,1,0,0,0
0.00246753,1,0,0,0,1,0,0,0,0,0,0,0,1,0,0,0
0.00246754,1,0,0,0,1,0,0,0,1,0,0,0,1,0,0,0
0.00247046,1,0,0,0,1,0,0,0,0,0,0,0,1,0,0,0
0.00247047,1,0,0,0,1,0,0,0,1,0,0,0,1,0,0,0
0.00247241,1,0,0,0,1,0,0,0,0,0,0,0,1,0,0,0
0.00247242,1,0,0,0,1,0,0,0,1,0,0,0,1,0,0,0
0.00247534,1,0,0,0,1,0,0,0,0,0,0,0,1,0,0,0
0.00247535,1,0,0,0,1,0,0,0,1,0,0,0,1,0,0,0
0.00247827,1,0,0,0,1,0,0,0,0,0,0,0,1,0,0,0
0.00247828,1,0,0,0,1,0,0,0,1,0,0,0,1,0,0,0
0.0024812,1,0,0,0,1,0,0,0,0,0,0,0,1,0,0,0
0.00248121,1,0,0,0,1,0,0,0,1,0,0,0,1,0,0,0
0.00248315,1,0,0,0,1,0,0,0,0,0,0,0,1,0,0,0
0.00248316,1,0,0,0,1,0,0,0,1,0,0,0,1,0,0,0
0.00248608,1,0,0,0,1,0,0,0,0,0,0,0,1,0,0,0
0.00248609,1,0,0,0,1,0,0,0,1,0,0,0,1,0,0,0
0.00248901,1,0,0,0,1,0,0,0,0,0,0,0,1,0,0,0
0.00248902,1,0,0,0,1,0,0,0,1,0,0,0,1,0,0,0
0.00249389,1,0,0,0,1,0,0,0,0,0,0,0,1,0,0,0
0.0024939,1,0,0,0,1,0,0,0,1,0,0,0,1,0,0,0
0.00249682,1,0,0,0,1,0,0,0,0,0,0,0,1,0,0,0
0.00249683,1,0,0,0,1,0,0,0,1,0,0,0,1,0,0,0
0.00249975,1,0,0,0,1,0,0,0,0,0,0,0,1,0,0,0
0.00249976,1,0,0,0,1,0,0,0,1,0,0,0,1,0,0,0
0.0025017,1,0,0,0,1,0,0,0,0,0,0,0,1,0,0,0
0.00250171,1,0,0,0,1,0,0,0,1,0,0,0,1,0,0,0
0.00250463,1,0,0,0,1,0,0,0,0,0,0,0,1,0,0,0
0.00250464,1,0,0,0,1,0,0,0,1,0,0,0,1,0,0,0
0.00250756,1,0,0,0,1,0,0,0,0,0,0,0,1,0,0,0
0.00250757,1,0,0,0,1,0,0,0,1,0,0,0,1,0,0,0
0.00251049,1,0,0,0,1,0,0,0,0,0,0,0,1,0,0,0
0.0025105,1,0,0,0,1,0,0,0,1,0,0,0,1,0,0,0
0.00251244,1,0,0,0,1,0,0,0,0,0,0,0,1,0,0,0
0.00251245,1,0,0,0,1,0,0,0,1,0,0,0,1,0,0,0
0.00251537,1,0,0,0,1,0,0,0,0,0,0,0,1,0,0,0
0.00251538,1,0,0,0,1,0,0,0,1,0,0,0,1,0,0,0
0.0025183,1,0,0,0,1,0,0,0,0,0,0,0,1,0,0,0
0.00251831,1,0,0,0,1,0,0,0,1,0,0,0,1,0,0,0
0.00252123,1,0,0,0,1,0,0,0,0,0,0,0,1,0,0,0
0.00252124,1,0,0,0,1,0,0,0,1,0,0,0,1,0,0,0
0.00252318,1,0,0,0,1,0,0,0,0,0,0,0,1,0,0,0
0.00252319,1,0,0,0,1,0,0,0,1,0,0,0,1,0,0,0
0.00252611,1,0,0,0,1,0,0,0,0,0,0,0,1,0,0,0
0.00252612,1,0,0,0,1,0,0,0,1,0,0,0,1,0,0,0
0.00252904,1,0,0,0,1,0,0,0,0,0,0,0,1,0,0,0
0.00252905,1,0,0,0,1,0,0,0,1,0,0,0,1,0,0,0
0.00253099,1,0,0,0,1,0,0,0,0,0,0,0,1,0,0,0
0.002531,1,0,0,0,1,0,0,0,1,0,0,0,1,0,0,0
0.00253197,1,0,0,0,1,0,0,0,0,0,0,0,1,0,0,0
0.00253198,1,0,0,0,1,0,0,0,1,0,0,0,1,0,0,0
0.00253392,1,0,0,0,1,0,0,0,0,0,0,0,1,0,0,0
0.00253393,1,0,0,0,1,0,0,0,1,0,0,0,1,0,0,0
0.00253685,1,0,0,0,1,0,0,0,0,0,0,0,1,0,0,0
0.00253686,1,0,0,0,1,0,0,0,1,0,0,0,1,0,0,0
0.00253978,1,0,0,0,1,0,0,0,0,0,0,0,1,0,0,0
0.00253979,1,0,0,0,1,0,0,0,1,0,0,0,1,0,0,0
0.00254173,1,0,0,0,1,0,0,0,0,0,0,0,1,0,0,0
0.00254174,1,0,0,0,1,0,0,0,1,0,0,0,1,0,0,0
0.00254466,1,0,0,0,1,0,0,0,0,0,0,0,1,0,0,0
0.00254467,1,0,0,0,1,0,0,0,1,0,0,0,1,0,0,0
0.00254759,1,0,0,0,1,0,0,0,0,0,0,0,1,0,0,0
0.0025476,1,0,0,0,1,0,0,0,1,0,0,0,1,0,0,0
0.00255052,1,0,0,0,1,0,0,0,0,0,0,0,1,0,0,0
0.00255053,1,0,0,0,1,0,0,0,1,0,0,0,1,0,0,0
0.00255247,1,0,0,0,1,0,0,0,0,0,0,0,1,0,0,0
0.00255248,1,0,0,0,1,0,0,0,1,0,0,0,1,0,0,0
0.0025554,1,0,0,0,1,0,0,0,0,0,0,0,1,0,0,0
0.00255541,1,0,0,0,1,0,0,0,1,0,0,0,1,0,0,0
0.00255833,1,0,0,0,1,0,0,0,0,0,0,0,1,0,0,0
0.00255834,1,0,0,0,1,0,0,0,1,0,0,0,1,0,0,0
0.00256126,1,0,0,0,1,0,0,0,0,0,0,0,1,0,0,0
0.00256127,1,0,0,0,1,0,0,0,1,0,0,0,1,0,0,0
0.00256321,1,0,0,0,1,0,0,0,0,0,0,0,1,0,0,0
0.00256322,1,0,0,0,1,0,0,0,1,0,0,0,1,0,0,0
0.00256614,1,0,0,0,1,0,0,0,0,0,0,0,1,0,0,0
0.00256615,1,0,0,0,1,0,0,0,1,0,0,0,1,0,0,0
0.00256907,1,0,0,0,1,0,0,0,0,0,0,0,1,0,0,0
0.00256908,1,0,0,0,1,0,0,0,1,0,0,0,1,0,0,0
0.002572,1,0,0,0,1,0,0,0,0,0,0,0,1,0,0,0
0.00257201,1,0,0,0,1,0,0,0,1,0,0,0,1,0,0,0
0.00257395,1,0,0,0,1,0,0,0,0,0,0,0,1,0,0,0
0.00257396,1,0,0,0,1,0,0,0,1,0,0,0,1,0,0,0
0.00257688,1,0,0,0,1,0,0,0,0,0,0,0,1,0,0,0
0.00257689,1,0,0,0,1,0,0,0,1,0,0,0,1,0,0,0
0.00257981,1,0,0,0,1,0,0,0,0,0,0,0,1,0,0,0
0.00257982,1,0,0,0,1,0,0,0,1,0,0,0,1,0,0,0
0.00258176,1,0,0,0,1,0,0,0,0,0,0,0,1,0,0,0
0.00258177,1,0,0,0,1,0,0,0,1,0,0,0,1,0,0,0
0.00258469,1,0,0,0,1,0,0,0,0,0,0,0,1,0,0,0
0.0025847,1,0,0,0,1,0,0,0,1,0,0,0,1,0,0,0
0.00258762,1,0,0,0,1,0,0,0,0,0,0,0,1,0,0,0
0.00258763,1,0,0,0,1,0,0,0,1,0,0,0,1,0,0,0
0.00259055,1,0,0,0,1,0,0,0,0,0,0,0,1,0,0,0
0.00259056,1,0,0,0,1,0,0,0,1,0,0,0,1,0,0,0
0.0025925,1,0,0,0,1,0,0,0,0,0,0,0,1,0,0,0
0.00259251,1,0,0,0,1,0,0,0,1,0,0,0,1,0,0,0
0.00259543,1,0,0,0,1,0,0,0,0,0,0,0,1,0,0,0
0.00259544,1,0,0,0,1,0,0,0,1,0,0,0,1,0,0,0
0.00259836,1,0,0,0,1,0,0,0,0,0,0,0,1,0,0,0
0.00259837,1,0,0,0,1,0,0,0,1,0,0,0,1,0,0,0
0.00260129,1,0,0,0,1,0,0,0,0,0,0,0,1,0,0,0
0.0026013,1,0,0,0,1,0,0,0,1,0,0,0,1,0,0,0
0.00260324,1,0,0,0,1,0,0,0,0,0,0,0,1,0,0,0
0.00260325,1,0,0,0,1,0,0,0,1,0,0,0,1,0,0,0
0.00260617,1,0,0,0,1,0,0,0,0,0,0,0,1,0,0,0
0.00260618,1,0,0,0,1,0,0,0,1,0,0,0,1,0,0,0
0.0026091,1,0,0,0,1,0,0,0,0,0,0,0,1,0,0,0
0.00260911,1,0,0,0,1,0,0,0,1,0,0,0,1,0,0,0
0.00261105,1,0,0,0,1,0,0,0,0,0,0,0,1,0,0,0
0.00261106,1,0,0,0,1,0,0,0,1,0,0,0,1,0,0,0
0.00261203,1,0,0,0,1,0,0,0,0,0,0,0,1,0,0,0
0.00261204,1,0,0,0,1,0,0,0,1,0,0,0,1,0,0,0
0.00261398,1,0,0,0,1,0,0,0,0,0,0,0,1,0,0,0
0.00261399,1,0,0,0,1,0,0,0,1,0,0,0,1,0,0,0
0.00261691,1,0,0,0,1,0,0,0,0,0,0,0,1,0,0,0
0.00261692,1,0,0,0,1,0,0,0,1,0,0,0,1,0,0,0
0.00261984,1,0,0,0,1,0,0,0,0,0,0,0,1,0,0,0
0.00261985,1,0,0,0,1,0,0,0,1,0,0,0,1,0,0,0
0.00262179,1,0,0,0,1,0,0,0,0,0,0,0,1,0,0,0
0.0026218,1,0,0,0,1,0,0,0,1,0,0,0,1,0,0,0
0.00262472,1,0,0,0,1,0,0,0,0,0,0,0,1,0,0,0
0.00262473,1,0,0,0,1,0,0,0,1,0,0,0,1,0,0,0
0.00262765,1,0,0,0,1,0,0,0,0,0,0,0,1,0,0,0
0.00262766,1,0,0,0,1,0,0,0,1,0,0,0,1,0,0,0
0.00263058,1,0,0,0,1,0,0,0,0,0,0,0,1,0,0,0
0.00263059,1,0,0,0,1,0,0,0,1,0,0,0,1,0,0,0
0.00263253,1,0,0,0,1,0,0,0,0,0,0,0,1,0,0,0
0.00263254,1,0,0,0,1,0,0,0,1,0,0,0,1,0,0,0
0.00263546,1,0,0,0,1,0,0,0,0,0,0,0,1,0,0,0
0.00263547,1,0,0,0,1,0,0,0,1,0,0,0,1,0,0,0
0.00263839,1,0,0,0,1,0,0,0,0,0,0,0,1,0,0,0
0.0026384,1,0,0,0,1,0,0,0,1,0,0,0,1,0,0,0
0.00264132,1,0,0,0,1,0,0,0,0,0,0,0,1,0,0,0
0.00264133,1,0,0,0,1,0,0,0,1,0,0,0,1,0,0,0
0.00264327,1,0,0,0,1,0,0,0,0,0,0,0,1,0,0,0
0.00264328,1,0,0,0,1,0,0,0,1,0,0,0,1,0,0,0
0.0026462,1,0,0,0,1,0,0,0,0,0,0,0,1,0,0,0
0.00264621,1,0,0,0,1,0,0,0,1,0,0,0,1,0,0,0
0.00264913,1,0,0,0,1,0,0,0,0,0,0,0,1,0,0,0
0.00264914,1,0,0,0,1,0,0,0,1,0,0,0,1,0,0,0
0.00265108,1,0,0,0,1,0,0,0,0,0,0,0,1,0,0,0
0.00265109,1,0,0,0,1,0,0,0,1,0,0,0,1,0,0,0
0.00265401,1,0,0,0,1,0,0,0,0,0,0,0,1,0,0,0
0.00265402,1,0,0,0,1,0,0,0,1,0,0,0,1,0,0,0
0.00265694,1,0,0,0,1,0,0,0,0,0,0,0,1,0,0,0
0.00265695,1,0,0,0,1,0,0,0,1,0,0,0,1,0,0,0
0.00265987,1,0,0,0,1,0,0,0,0,0,0,0,1,0,0,0
0.00265988,1,0,0,0,1,0,0,0,1,0,0,0,1,0,0,0
0.00266182,1,0,0,0,1,0,0,0,0,0,0,0,1,0,0,0
0.00266183,1,0,0,0,1,0,0,0,1,0,0,0,1,0,0,0
0.0026628,1,0,0,0,1,0,0,0,0,0,0,0,1,0,0,0
0.00266281,1,0,0,0,1,0,0,0,1,0,0,0,1,0,0,0
0.00266475,1,0,0,0,1,0,0,0,0,0,0,0,1,0,0,0
0.00266476,1,0,0,0,1,0,0,0,1,0,0,0,1,0,0,0
0.00266768,1,0,0,0,1,0,0,0,0,0,0,0,1,0,0,0
0.00266769,1,0,0,0,1,0,0,0,1,0,0,0,1,0,0,0
0.00267061,1,0,0,0,1,0,0,0,0,0,0,0,1,0,0,0
0.00267062,1,0,0,0,1,0,0,0,1,0,0,0,1,0,0,0
0.00267256,1,0,0,0,1,0,0,0,0,0,0,0,1,0,0,0
0.00267257,1,0,0,0,1,0,0,0,1,0,0,0,1,0,0,0
0.00267549,1,0,0,0,1,0,0,0,0,0,0,0,1,0,0,0
0.0026755,1,0,0,0,1,0,0,0,1,0,0,0,1,0,0,0
0.00267842,1,0,0,0,1,0,0,0,0,0,0,0,1,0,0,0
0.00267843,1,0,0,0,1,0,0,0,1,0,0,0,1,0,0,0
0.00268135,1,0,0,0,1,0,0,0,0,0,0,0,1,0,0,0
0.00268136,1,0,0,0,1,0,0,0,1,0,0,0,1,0,0,0
0.0026833,1,0,0,0,1,0,0,0,0,0,0,0,1,0,0,0
0.00268331,1,0,0,0,1,0,0,0,1,0,0,0,1,0,0,0
0.00268623,1,0,0,0,1,0,0,0,0,0,0,0,1,0,0,0
0.00268624,1,0,0,0,1,0,0,0,1,0,0,0,1,0,0,0
0.00268916,1,0,0,0,1,0,0,0,0,0,0,0,1,0,0,0
0.00268917,1,0,0,0,1,0,0,0,1,0,0,0,1,0,0,0
0.00269111,1,0,0,0,1,0,0,0,0,0,0,0,1,0,0,0
0.00269112,1,0,0,0,1,0,0,0,1,0,0,0,1,0,0,0
0.00269404,1,0,0,0,1,0,0,0,0,0,0,0,1,0,0,0
0.00269405,1,0,0,0,1,0,0,0,1,0,0,0,1,0,0,0
0.00269697,1,0,0,0,1,0,0,0,0,0,0,0,1,0,0,0
0.00269698,1,0,0,0,1,0,0,0,1,0,0,0,1,0,0,0
0.0026999,1,0,0,0,1,0,0,0,0,0,0,0,1,0,0,0
0.00269991,1,0,0,0,1,0,0,0,1,0,0,0,1,0,0,0
0.00270185,1,0,0,0,1,0,0,0,0,0,0,0,1,0,0,0
0.00270186,1,0,0,0,1,0,0,0,1,0,0,0,1,0,0,0
0.00270478,1,0,0,0,1,0,0,0,0,0,0,0,1,0,0,0
0.00270479,1,0,0,0,1,0,0,0,1,0,0,0,1,0,0,0
0.00270771,1,0,0,0,1,0,0,0,0,0,0,0,1,0,0,0
0.00270772,1,0,0,0,1,0,0,0,1,0,0,0,1,0,0,0
0.00271064,1,0,0,0,1,0,0,0,0,0,0,0,1,0,0,0
0.00271065,1,0,0,0,1,0,0,0,1,0,0,0,1,0,0,0
0.00271259,1,0,0,0,1,0,0,0,0,0,0,0,1,0,0,0
0.0027126,1,0,0,0,1,0,0,0,1,0,0,0,1,0,0,0
0.00271552,1,0,0,0,1,0,0,0,0,0,0,0,1,0,0,0
0.00271553,1,0,0,0,1,0,0,0,1,0,0,0,1,0,0,0
0.00271845,1,0,0,0,1,0,0,0,0,0,0,0,1,0,0,0
0.00271846,1,0,0,0,1,0,0,0,1,0,0,0,1,0,0,0
0.00272138,1,0,0,0,1,0,0,0,0,0,0,0,1,0,0,0
0.00272139,1,0,0,0,1,0,0,0,1,0,0,0,1,0,0,0
0.00272333,1,0,0,0,1,0,0,0,0,0,0,0,1,0,0,0
0.00272334,1,0,0,0,1,0,0,0,1,0,0,0,1,0,0,0
0.00272626,1,0,0,0,1,0,0,0,0,0,0,0,1,0,0,0
0.00272627,1,0,0,0,1,0,0,0,1,0,0,0,1,0,0,0
0.00272919,1,0,0,0,1,0,0,0,0,0,0,0,1,0,0,0
0.0027292,1,0,0,0,1,0,0,0,1,0,0,0,1,0,0,0
0.00273114,1,0,0,0,1,0,0,0,0,0,0,0,1,0,0,0
0.00273115,1,0,0,0,1,0,0,0,1,0,0,0,1,0,0,0
0.00273407,1,0,0,0,1,0,0,0,0,0,0,0,1,0,0,0
0.00273408,1,0,0,0,1,0,0,0,1,0,0,0,1,0,0,0
0.002737,1,0,0,0,1,0,0,0,0,0,0,0,1,0,0,0
0.00273701,1,0,0,0,1,0,0,0,1,0,0,0,1,0,0,0
0.00273993,1,0,0,0,1,0,0,0,0,0,0,0,1,0,0,0
0.00273994,1,0,0,0,1,0,0,0,1,0,0,0,1,0,0,0
0.00274188,1,0,0,0,1,0,0,0,0,0,0,0,1,0,0,0
0.00274189,1,0,0,0,1,0,0,0,1,0,0,0,1,0,0,0
0.00274481,1,0,0,0,1,0,0,0,0,0,0,0,1,0,0,0
0.00274482,1,0,0,0,1,0,0,0,1,0,0,0,1,0,0,0
0.00274774,1,0,0,0,1,0,0,0,0,0,0,0,1,0,0,0
0.00274775,1,0,0,0,1,0,0,0,1,0,0,0,1,0,0,0
0.00275067,1,0,0,0,1,0,0,0,0,0,0,0,1,0,0,0
0.00275068,1,0,0,0,1,0,0,0,1,0,0,0,1,0,0,0
0.00275262,1,0,0,0,1,0,0,0,0,0,0,0,1,0,0,0
0.00275263,1,0,0,0,1,0,0,0,1,0,0,0,1,0,0,0
0.00275555,1,0,0,0,1,0,0,0,0,0,0,0,1,0,0,0
0.00275556,1,0,0,0,1,0,0,0,1,0,0,0,1,0,0,0
0.00275848,1,0,0,0,1,0,0,0,0,0,0,0,1,0,0,0
0.00275849,1,0,0,0,1,0,0,0,1,0,0,0,1,0,0,0
0.00276141,1,0,0,0,1,0,0,0,0,0,0,0,1,0,0,0
0.00276142,1,0,0,0,1,0,0,0,1,0,0,0,1,0,0,0
0.00276336,1,0,0,0,1,0,0,0,0,0,0,0,1,0,0,0
0.00276337,1,0,0,0,1,0,0,0,1,0,0,0,1,0,0,0
0.00276629,1,0,0,0,1,0,0,0,0,0,0,0,1,0,0,0
0.0027663,1,0,0,0,1,0,0,0,1,0,0,0,1,0,0,0
0.00276922,1,0,0,0,1,0,0,0,0,0,0,0,1,0,0,0
0.00276923,1,0,0,0,1,0,0,0,1,0,0,0,1,0,0,0
0.00277215,1,0,0,0,1,0,0,0,0,0,0,0,1,0,0,0
0.00277216,1,0,0,0,1,0,0,0,1,0,0,0,1,0,0,0
0.0027741,1,0,0,0,1,0,0,0,0,0,0,0,1,0,0,0
0.00277411,1,0,0,0,1,0,0,0,1,0,0,0,1,0,0,0
0.00277703,1,0,0,0,1,0,0,0,0,0,0,0,1,0,0,0
0.00277704,1,0,0,0,1,0,0,0,1,0,0,0,1,0,0,0
0.00277996,1,0,0,0,1,0,0,0,0,0,0,0,1,0,0,0
0.00277997,1,0,0,0,1,0,0,0,1,0,0,0,1,0,0,0
0.00278191,1,0,0,0,1,0,0,0,0,0,0,0,1,0,0,0
0.00278192,1,0,0,0,1,0,0,0,1,0,0,0,1,0,0,0
0.00278484,1,0,0,0,1,0,0,0,0,0,0,0,1,0,0,0
0.00278485,1,0,0,0,1,0,0,0,1,0,0,0,1,0,0,0
0.00278777,1,0,0,0,1,0,0,0,0,0,0,0,1,0,0,0
0.00278778,1,0,0,0,1,0,0,0,1,0,0,0,1,0,0,0
0.0027907,1,0,0,0,1,0,0,0,0,0,0,0,1,0,0,0
0.00279071,1,0,0,0,1,0,0,0,1,0,0,0,1,0,0,0
0.00279265,1,0,0,0,1,0,0,0,0,0,0,0,1,0,0,0
0.00279266,1,0,0,0,1,0,0,0,1,0,0,0,1,0,0,0
0.00279558,1,0,0,0,1,0,0,0,0,0,0,0,1,0,0,0
0.00279559,1,0,0,0,1,0,0,0,1,0,0,0,1,0,0,0
0.00279851,1,0,0,0,1,0,0,0,0,0,0,0,1,0,0,0
0.00279852,1,0,0,0,1,0,0,0,1,0,0,0,1,0,0,0
0.00280144,1,0,0,0,1,0,0,0,0,0,0,0,1,0,0,0
0.00280145,1,0,0,0,1,0,0,0,1,0,0,0,1,0,0,0
0.00280339,1,0,0,0,1,0,0,0,0,0,0,0,1,0,0,0
0.0028034,1,0,0,0,1,0,0,0,1,0,0,0,1,0,0,0
0.00280632,1,0,0,0,1,0,0,0,0,0,0,0,1,0,0,0
0.00280633,1,0,0,0,1,0,0,0,1,0,0,0,1,0,0,0
0.00280925,1,0,0,0,1,0,0,0,0,0,0,0,1,0,0,0
0.00280926,1,0,0,0,1,0,0,0,1,0,0,0,1,0,0,0
0.0028112,1,0,0,0,1,0,0,0,0,0,0,0,1,0,0,0
0.00281121,1,0,0,0,1,0,0,0,1,0,0,0,1,0,0,0
0.00281413,1,0,0,0,1,0,0,0,0,0,0,0,1,0,0,0
0.00281414,1,0,0,0,1,0,0,0,1,0,0,0,1,0,0,0
0.00281706,1,0,0,0,1,0,0,0,0,0,0,0,1,0,0,0
0.00281707,1,0,0,0,1,0,0,0,1,0,0,0,1,0,0,0
0.00281999,1,0,0,0,1,0,0,0,0,0,0,0,1,0,0,0
0.00282,1,0,0,0,1,0,0,0,1,0,0,0,1,0,0,0
0.00282194,1,0,0,0,1,0,0,0,0,0,0,0,1,0,0,0
0.00282195,1,0,0,0,1,0,0,0,1,0,0,0,1,0,0,0
0.00282487,1,0,0,0,1,0,0,0,0,0,0,0,1,0,0,0
0.00282488,1,0,0,0,1,0,0,0,1,0,0,0,1,0,0,0
0.0028278,1,0,0,0,1,0,0,0,0,0,0,0,1,0,0,0
0.00282781,1,0,0,0,1,0,0,0,1,0,0,0,1,0,0,0
0.00283073,1,0,0,0,1,0,0,0,0,0,0,0,1,0,0,0
0.00283074,1,0,0,0,1,0,0,0,1,0,0,0,1,0,0,0
0.00283268,1,0,0,0,1,0,0,0,0,0,0,0,1,0,0,0
0.00283269,1,0,0,0,1,0,0,0,1,0,0,0,1,0,0,0
0.00283561,1,0,0,0,1,0,0,0,0,0,0,0,1,0,0,0
0.00283562,1,0,0,0,1,0,0,0,1,0,0,0,1,0,0,0
0.00283854,1,0,0,0,1,0,0,0,0,0,0,0,1,0,0,0
0.00283855,1,0,0,0,1,0,0,0,1,0,0,0,1,0,0,0
0.00284147,1,0,0,0,1,0,0,0,0,0,0,0,1,0,0,0
0.00284148,1,0,0,0,1,0,0,0,1,0,0,0,1,0,0,0
0.00284342,1,0,0,0,1,0,0,0,0,0,0,0,1,0,0,0
0.00284343,1,0,0,0,1,0,0,0,1,0,0,0,1,0,0,0
0.00284635,1,0,0,0,1,0,0,0,0,0,0,0,1,0,0,0
0.00284636,1,0,0,0,1,0,0,0,1,0,0,0,1,0,0,0
0.00284928,1,0,0,0,1,0,0,0,0,0,0,0,1,0,0,0
0.00284929,1,0,0,0,1,0,0,0,1,0,0,0,1,0,0,0
0.00285123,1,0,0,0,1,0,0,0,0,0,0,0,1,0,0,0
0.00285124,1,0,0,0,1,0,0,0,1,0,0,0,1,0,0,0
0.00285416,1,0,0,0,1,0,0,0,0,0,0,0,1,0,0,0
0.00285417,1,0,0,0,1,0,0,0,1,0,0,0,1,0,0,0
0.00285709,1,0,0,0,1,0,0,0,0,0,0,0,1,0,0,0
0.0028571,1,0,0,0,1,0,0,0,1,0,0,0,1,0,0,0
0.00286002,1,0,0,0,1,0,0,0,0,0,0,0,1,0,0,0
0.00286003,1,0,0,0,1,0,0,0,1,0,0,0,1,0,0,0
0.00286197,1,0,0,0,1,0,0,0,0,0,0,0,1,0,0,0
0.00286198,1,0,0,0,1,0,0,0,1,0,0,0,1,0,0,0
0.0028649,1,0,0,0,1,0,0,0,0,0,0,0,1,0,0,0
0.00286491,1,0,0,0,1,0,0,0,1,0,0,0,1,0,0,0
0.00286783,1,0,0,0,1,0,0,0,0,0,0,0,1,0,0,0
0.00286784,1,0,0,0,1,0,0,0,1,0,0,0,1,0,0,0
0.00287076,1,0,0,0,1,0,0,0,0,0,0,0,1,0,0,0
0.00287077,1,0,0,0,1,0,0,0,1,0,0,0,1,0,0,0
0.00287271,1,0,0,0,1,0,0,0,0,0,0,0,1,0,0,0
0.00287272,1,0,0,0,1,0,0,0,1,0,0,0,1,0,0,0
0.00287564,1,0,0,0,1,0,0,0,0,0,0,0,1,0,0,0
0.00287565,1,0,0,0,1,0,0,0,1,0,0,0,1,0,0,0
0.00287857,1,0,0,0,1,0,0,0,0,0,0,0,1,0,0,0
0.00287858,1,0,0,0,1,0,0,0,1,0,0,0,1,0,0,0
0.0028815,1,0,0,0,1,0,0,0,0,0,0,0,1,0,0,0
0.00288151,1,0,0,0,1,0,0,0,1,0,0,0,1,0,0,0
0.00288345,1,0,0,0,1,0,0,0,0,0,0,0,1,0,0,0
0.00288346,1,0,0,0,1,0,0,0,1,0,0,0,1,0,0,0
0.00288638,1,0,0,0,1,0,0,0,0,0,0,0,1,0,0,0
0.00288639,1,0,0,0,1,0,0,0,1,0,0,0,1,0,0,0
0.00288931,1,0,0,0,1,0,0,0,0,0,0,0,1,0,0,0
0.00288932,1,0,0,0,1,0,0,0,1,0,0,0,1,0,0,0
0.00289419,1,0,0,0,1,0,0,0,0,0,0,0,1,0,0,0
0.0028942,1,0,0,0,1,0,0,0,1,0,0,0,1,0,0,0
0.00289712,1,0,0,0,1,0,0,0,0,0,0,0,1,0,0,0
0.00289713,1,0,0,0,1,0,0,0,1,0,0,0,1,0,0,0
0.00290005,1,0,0,0,1,0,0,0,0,0,0,0,1,0,0,0
0.00290006,1,0,0,0,1,0,0,0,1,0,0,0,1,0,0,0
0.002902,1,0,0,0,1,0,0,0,0,0,0,0,1,0,0,0
0.00290201,1,0,0,0,1,0,0,0,1,0,0,0,1,0,0,0
0.00290493,1,0,0,0,1,0,0,0,0,0,0,0,1,0,0,0
0.00290494,1,0,0,0,1,0,0,0,1,0,0,0,1,0,0,0
0.00290786,1,0,0,0,1,0,0,0,0,0,0,0,1,0,0,0
0.00290787,1,0,0,0,1,0,0,0,1,0,0,0,1,0,0,0
0.00291079,1,0,0,0,1,0,0,0,0,0,0,0,1,0,0,0
0.0029108,1,0,0,0,1,0,0,0,1,0,0,0,1,0,0,0
0.00291274,1,0,0,0,1,0,0,0,0,0,0,0,1,0,0,0
0.00291275,1,0,0,0,1,0,0,0,1,0,0,0,1,0,0,0
0.00291567,1,0,0,0,1,0,0,0,0,0,0,0,1,0,0,0
0.00291568,1,0,0,0,1,0,0,0,1,0,0,0,1,0,0,0
0.0029186,1,0,0,0,1,0,0,0,0,0,0,0,1,0,0,0
0.00291861,1,0,0,0,1,0,0,0,1,0,0,0,1,0,0,0
0.00292153,1,0,0,0,1,0,0,0,0,0,0,0,1,0,0,0
0.00292154,1,0,0,0,1,0,0,0,1,0,0,0,1,0,0,0
0.00292348,1,0,0,0,1,0,0,0,0,0,0,0,1,0,0,0
0.00292349,1,0,0,0,1,0,0,0,1,0,0,0,1,0,0,0
0.00292641,1,0,0,0,1,0,0,0,0,0,0,0,1,0,0,0
0.00292642,1,0,0,0,1,0,0,0,1,0,0,0,1,0,0,0
0.00292934,1,0,0,0,1,0,0,0,0,0,0,0,1,0,0,0
0.00292935,1,0,0,0,1,0,0,0,1,0,0,0,1,0,0,0
0.00293129,1,0,0,0,1,0,0,0,0,0,0,0,1,0,0,0
0.0029313,1,0,0,0,1,0,0,0,1,0,0,0,1,0,0,0
0.00293227,1,0,0,0,1,0,0,0,0,0,0,0,1,0,0,0
0.00293228,1,0,0,0,1,0,0,0,1,0,0,0,1,0,0,0
0.00293422,1,0,0,0,1,0,0,0,0,0,0,0,1,0,0,0
0.00293423,1,0,0,0,1,0,0,0,1,0,0,0,1,0,0,0
0.00293715,1,0,0,0,1,0,0,0,0,0,0,0,1,0,0,0
0.00293716,1,0,0,0,1,0,0,0,1,0,0,0,1,0,0,0
0.00294008,1,0,0,0,1,0,0,0,0,0,0,0,1,0,0,0
0.00294009,1,0,0,0,1,0,0,0,1,0,0,0,1,0,0,0
0.00294203,1,0,0,0,1,0,0,0,0,0,0,0,1,0,0,0
0.00294204,1,0,0,0,1,0,0,0,1,0,0,0,1,0,0,0
0.00294301,1,0,0,0,1,0,0,0,0,0,0,0,1,0,0,0
0.00294302,1,0,0,0,1,0,0,0,1,0,0,0,1,0,0,0
0.00294496,1,0,0,0,1,0,0,0,0,0,0,0,1,0,0,0
0.00294497,1,0,0,0,1,0,0,0,1,0,0,0,1,0,0,0
0.00294789,1,0,0,0,1,0,0,0,0,0,0,0,1,0,0,0
0.0029479,1,0,0,0,1,0,0,0,1,0,0,0,1,0,0,0
0.00295082,1,0,0,0,1,0,0,0,0,0,0,0,1,0,0,0
0.00295083,1,0,0,0,1,0,0,0,1,0,0,0,1,0,0,0
0.00295277,1,0,0,0,1,0,0,0,0,0,0,0,1,0,0,0
0.00295278,1,0,0,0,1,0,0,0,1,0,0,0,1,0,0,0
0.0029557,1,0,0,0,1,0,0,0,0,0,0,0,1,0,0,0
0.00295571,1,0,0,0,1,0,0,0,1,0,0,0,1,0,0,0
0.00295863,1,0,0,0,1,0,0,0,0,0,0,0,1,0,0,0
0.00295864,1,0,0,0,1,0,0,0,1,0,0,0,1,0,0,0
0.00296156,1,0,0,0,1,0,0,0,0,0,0,0,1,0,0,0
0.00296157,1,0,0,0,1,0,0,0,1,0,0,0,1,0,0,0
0.00296351,1,0,0,0,1,0,0,0,0,0,0,0,1,0,0,0
0.00296352,1,0,0,0,1,0,0,0,1,0,0,0,1,0,0,0
0.00296644,1,0,0,0,1,0,0,0,0,0,0,0,1,0,0,0
0.00296645,1,0,0,0,1,0,0,0,1,0,0,0,1,0,0,0
0.00296937,1,0,0,0,1,0,0,0,0,0,0,0,1,0,0,0
0.00296938,1,0,0,0,1,0,0,0,1,0,0,0,1,0,0,0
0.00297425,1,0,0,0,1,0,0,0,0,0,0,0,1,0,0,0
0.00297426,1,0,0,0,1,0,0,0,1,0,0,0,1,0,0,0
0.00297718,1,0,0,0,1,0,0,0,0,0,0,0,1,0,0,0
0.00297719,1,0,0,0,1,0,0,0,1,0,0,0,1,0,0,0
0.00298011,1,0,0,0,1,0,0,0,0,0,0,0,1,0,0,0
0.00298012,1,0,0,0,1,0,0,0,1,0,0,0,1,0,0,0
0.00298206,1,0,0,0,1,0,0,0,0,0,0,0,1,0,0,0
0.00298207,1,0,0,0,1,0,0,0,1,0,0,0,1,0,0,0
0.00298499,1,0,0,0,1,0,0,0,0,0,0,0,1,0,0,0
0.002985,1,0,0,0,1,0,0,0,1,0,0,0,1,0,0,0
0.00298792,1,0,0,0,1,0,0,0,0,0,0,0,1,0,0,0
0.00298793,1,0,0,0,1,0,0,0,1,0,0,0,1,0,0,0
0.00299085,1,0,0,0,1,0,0,0,0,0,0,0,1,0,0,0
0.00299086,1,0,0,0,1,0,0,0,1,0,0,0,1,0,0,0
0.0029928,1,0,0,0,1,0,0,0,0,0,0,0,1,0,0,0
0.00299281,1,0,0,0,1,0,0,0,1,0,0,0,1,0,0,0
0.00299573,1,0,0,0,1,0,0,0,0,0,0,0,1,0,0,0
0.00299574,1,0,0,0,1,0,0,0,1,0,0,0,1,0,0,0
0.00299866,1,0,0,0,1,0,0,0,0,0,0,0,1,0,0,0
0.00299867,1,0,0,0,1,0,0,0,1,0,0,0,1,0,0,0
0.00300159,1,0,0,0,1,0,0,0,0,0,0,0,1,0,0,0
0.0030016,1,0,0,0,1,0,0,0,1,0,0,0,1,0,0,0
0.00300354,1,0,0,0,1,0,0,0,0,0,0,0,1,0,0,0
0.00300355,1,0,0,0,1,0,0,0,1,0,0,0,1,0,0,0
0.00300647,1,0,0,0,1,0,0,0,0,0,0,0,1,0,0,0
0.00300648,1,0,0,0,1,0,0,0,1,0,0,0,1,0,0,0
0.0030094,1,0,0,0,1,0,0,0,0,0,0,0,1,0,0,0
0.00300941,1,0,0,0,1,0,0,0,1,0,0,0,1,0,0,0
0.00301135,1,0,0,0,1,0,0,0,0,0,0,0,1,0,0,0
0.00301136,1,0,0,0,1,0,0,0,1,0,0,0,1,0,0,0
0.00301233,1,0,0,0,1,0,0,0,0,0,0,0,1,0,0,0
0.00301234,1,0,0,0,1,0,0,0,1,0,0,0,1,0,0,0
0.00301428,1,0,0,0,1,0,0,0,0,0,0,0,1,0,0,0
0.00301429,1,0,0,0,1,0,0,0,1,0,0,0,1,0,0,0
0.00301721,1,0,0,0,1,0,0,0,0,0,0,0,1,0,0,0
0.00301722,1,0,0,0,1,0,0,0,1,0,0,0,1,0,0,0
0.00302014,1,0,0,0,1,0,0,0,0,0,0,0,1,0,0,0
0.00302015,1,0,0,0,1,0,0,0,1,0,0,0,1,0,0,0
0.00302209,1,0,0,0,1,0,0,0,0,0,0,0,1,0,0,0
0.0030221,1,0,0,0,1,0,0,0,1,0,0,0,1,0,0,0
0.00302502,1,0,0,0,1,0,0,0,0,0,0,0,1,0,0,0
0.00302503,1,0,0,0,1,0,0,0,1,0,0,0,1,0,0,0
0.00302795,1,0,0,0,1,0,0,0,0,0,0,0,1,0,0,0
0.00302796,1,0,0,0,1,0,0,0,1,0,0,0,1,0,0,0
0.00303088,1,0,0,0,1,0,0,0,0,0,0,0,1,0,0,0
0.00303089,1,0,0,0,1,0,0,0,1,0,0,0,1,0,0,0
0.00303283,1,0,0,0,1,0,0,0,0,0,0,0,1,0,0,0
0.00303284,1,0,0,0,1,0,0,0,1,0,0,0,1,0,0,0
0.00303576,1,0,0,0,1,0,0,0,0,0,0,0,1,0,0,0
0.00303577,1,0,0,0,1,0,0,0,1,0,0,0,1,0,0,0
0.00303869,1,0,0,0,1,0,0,0,0,0,0,0,1,0,0,0
0.0030387,1,0,0,0,1,0,0,0,1,0,0,0,1,0,0,0
0.00304162,1,0,0,0,1,0,0,0,0,0,0,0,1,0,0,0
0.00304163,1,0,0,0,1,0,0,0,1,0,0,0,1,0,0,0
0.00304357,1,0,0,0,1,0,0,0,0,0,0,0,1,0,0,0
0.00304358,1,0,0,0,1,0,0,0,1,0,0,0,1,0,0,0
0.0030465,1,0,0,0,1,0,0,0,0,0,0,0,1,0,0,0
0.00304651,1,0,0,0,1,0,0,0,1,0,0,0,1,0,0,0
0.00304943,1,0,0,0,1,0,0,0,0,0,0,0,1,0,0,0
0.00304944,1,0,0,0,1,0,0,0,1,0,0,0,1,0,0,0
0.00305138,1,0,0,0,1,0,0,0,0,0,0,0,1,0,0,0
0.00305139,1,0,0,0,1,0,0,0,1,0,0,0,1,0,0,0
0.00305236,1,0,0,0,1,0,0,0,0,0,0,0,1,0,0,0
0.00305237,1,0,0,0,1,0,0,0,1,0,0,0,1,0,0,0
0.00305431,1,0,0,0,1,0,0,0,0,0,0,0,1,0,0,0
0.00305432,1,0,0,0,1,0,0,0,1,0,0,0,1,0,0,0
0.00305724,1,0,0,0,1,0,0,0,0,0,0,0,1,0,0,0
0.00305725,1,0,0,0,1,0,0,0,1,0,0,0,1,0,0,0
0.00306017,1,0,0,0,1,0,0,0,0,0,0,0,1,0,0,0
0.00306018,1,0,0,0,1,0,0,0,1,0,0,0,1,0,0,0
0.00306212,1,0,0,0,1,0,0,0,0,0,0,0,1,0,0,0
0.00306213,1,0,0,0,1,0,0,0,1,0,0,0,1,0,0,0
0.00306505,1,0,0,0,1,0,0,0,0,0,0,0,1,0,0,0
0.00306506,1,0,0,0,1,0,0,0,1,0,0,0,1,0,0,0
0.00306798,1,0,0,0,1,0,0,0,0,0,0,0,1,0,0,0
0.00306799,1,0,0,0,1,0,0,0,1,0,0,0,1,0,0,0
0.00307091,1,0,0,0,1,0,0,0,0,0,0,0,1,0,0,0
0.00307092,1,0,0,0,1,0,0,0,1,0,0,0,1,0,0,0
0.00307286,1,0,0,0,1,0,0,0,0,0,0,0,1,0,0,0
0.00307287,1,0,0,0,1,0,0,0,1,0,0,0,1,0,0,0
0.00307579,1,0,0,0,1,0,0,0,0,0,0,0,1,0,0,0
0.0030758,1,0,0,0,1,0,0,0,1,0,0,0,1,0,0,0
0.00307872,1,0,0,0,1,0,0,0,0,0,0,0,1,0,0,0
0.00307873,1,0,0,0,1,0,0,0,1,0,0,0,1,0,0,0
0.00308165,1,0,0,0,1,0,0,0,0,0,0,0,1,0,0,0
0.00308166,1,0,0,0,1,0,0,0,1,0,0,0,1,0,0,0
0.0030836,1,0,0,0,1,0,0,0,0,0,0,0,1,0,0,0
0.00308361,1,0,0,0,1,0,0,0,1,0,0,0,1,0,0,0
0.00308653,1,0,0,0,1,0,0,0,0,0,0,0,1,0,0,0
0.00308654,1,0,0,0,1,0,0,0,1,0,0,0,1,0,0,0
0.00308946,1,0,0,0,1,0,0,0,0,0,0,0,1,0,0,0
0.00308947,1,0,0,0,1,0,0,0,1,0,0,0,1,0,0,0
0.00309141,1,0,0,0,1,0,0,0,0,0,0,0,1,0,0,0
0.00309142,1,0,0,0,1,0,0,0,1,0,0,0,1,0,0,0
0.00309239,1,0,0,0,1,0,0,0,0,0,0,0,1,0,0,0
0.0030924,1,0,0,0,1,0,0,0,1,0,0,0,1,0,0,0
0.00309434,1,0,0,0,1,0,0,0,0,0,0,0,1,0,0,0
0.00309435,1,0,0,0,1,0,0,0,1,0,0,0,1,0,0,0
0.00309727,1,0,0,0,1,0,0,0,0,0,0,0,1,0,0,0
0.00309728,1,0,0,0,1,0,0,0,1,0,0,0,1,0,0,0
0.0031002,1,0,0,0,1,0,0,0,0,0,0,0,1,0,0,0
0.00310021,1,0,0,0,1,0,0,0,1,0,0,0,1,0,0,0
0.00310215,1,0,0,0,1,0,0,0,0,0,0,0,1,0,0,0
0.00310216,1,0,0,0,1,0,0,0,1,0,0,0,1,0,0,0
0.00310508,1,0,0,0,1,0,0,0,0,0,0,0,1,0,0,0
0.00310509,1,0,0,0,1,0,0,0,1,0,0,0,1,0,0,0
0.00310801,1,0,0,0,1,0,0,0,0,0,0,0,1,0,0,0
0.00310802,1,0,0,0,1,0,0,0,1,0,0,0,1,0,0,0
0.00311094,1,0,0,0,1,0,0,0,0,0,0,0,1,0,0,0
0.00311095,1,0,0,0,1,0,0,0,1,0,0,0,1,0,0,0
0.00311289,1,0,0,0,1,0,0,0,0,0,0,0,1,0,0,0
0.0031129,1,0,0,0,1,0,0,0,1,0,0,0,1,0,0,0
0.00311582,1,0,0,0,1,0,0,0,0,0,0,0,1,0,0,0
0.00311583,1,0,0,0,1,0,0,0,1,0,0,0,1,0,0,0
0.00311875,1,0,0,0,1,0,0,0,0,0,0,0,1,0,0,0
0.00311876,1,0,0,0,1,0,0,0,1,0,0,0,1,0,0,0
0.00312168,1,0,0,0,1,0,0,0,0,0,0,0,1,0,0,0
0.00312169,1,0,0,0,1,0,0,0,1,0,0,0,1,0,0,0
0.00312363,1,0,0,0,1,0,0,0,0,0,0,0,1,0,0,0
0.00312364,1,0,0,0,1,0,0,0,1,0,0,0,1,0,0,0
0.00312656,1,0,0,0,1,0,0,0,0,0,0,0,1,0,0,0
0.00312657,1,0,0,0,1,0,0,0,1,0,0,0,1,0,0,0
0.00312949,1,0,0,0,1,0,0,0,0,0,0,0,1,0,0,0
0.0031295,1,0,0,0,1,0,0,0,1,0,0,0,1,0,0,0
0.00313144,1,0,0,0,1,0,0,0,0,0,0,0,1,0,0,0
0.00313145,1,0,0,0,1,0,0,0,1,0,0,0,1,0,0,0
0.00313242,1,0,0,0,1,0,0,0,0,0,0,0,1,0,0,0
0.00313243,1,0,0,0,1,0,0,0,1,0,0,0,1,0,0,0
0.00313437,1,0,0,0,1,0,0,0,0,0,0,0,1,0,0,0
0.00313438,1,0,0,0,1,0,0,0,1,0,0,0,1,0,0,0
0.0031373,1,0,0,0,1,0,0,0,0,0,0,0,1,0,0,0
0.00313731,1,0,0,0,1,0,0,0,1,0,0,0,1,0,0,0
0.00314023,1,0,0,0,1,0,0,0,0,0,0,0,1,0,0,0
0.00314024,1,0,0,0,1,0,0,0,1,0,0,0,1,0,0,0
0.00314218,1,0,0,0,1,0,0,0,0,0,0,0,1,0,0,0
0.00314219,1,0,0,0,1,0,0,0,1,0,0,0,1,0,0,0
0.00314511,1,0,0,0,1,0,0,0,0,0,0,0,1,0,0,0
0.00314512,1,0,0,0,1,0,0,0,1,0,0,0,1,0,0,0
0.00314804,1,0,0,0,1,0,0,0,0,0,0,0,1,0,0,0
0.00314805,1,0,0,0,1,0,0,0,1,0,0,0,1,0,0,0
0.00315097,1,0,0,0,1,0,0,0,0,0,0,0,1,0,0,0
0.00315098,1,0,0,0,1,0,0,0,1,0,0,0,1,0,0,0
0.00315292,1,0,0,0,1,0,0,0,0,0,0,0,1,0,0,0
0.00315293,1,0,0,0,1,0,0,0,1,0,0,0,1,0,0,0
0.00315585,1,0,0,0,1,0,0,0,0,0,0,0,1,0,0,0
0.00315586,1,0,0,0,1,0,0,0,1,0,0,0,1,0,0,0
0.00315878,1,0,0,0,1,0,0,0,0,0,0,0,1,0,0,0
0.00315879,1,0,0,0,1,0,0,0,1,0,0,0,1,0,0,0
0.00316171,1,0,0,0,1,0,0,0,0,0,0,0,1,0,0,0
0.00316172,1,0,0,0,1,0,0,0,1,0,0,0,1,0,0,0
0.00316366,1,0,0,0,1,0,0,0,0,0,0,0,1,0,0,0
0.00316367,1,0,0,0,1,0,0,0,1,0,0,0,1,0,0,0
0.00316659,1,0,0,0,1,0,0,0,0,0,0,0,1,0,0,0
0.0031666,1,0,0,0,1,0,0,0,1,0,0,0,1,0,0,0
0.00316952,1,0,0,0,1,0,0,0,0,0,0,0,1,0,0,0
0.00316953,1,0,0,0,1,0,0,0,1,0,0,0,1,0,0,0
0.00317147,1,0,0,0,1,0,0,0,0,0,0,0,1,0,0,0
0.00317148,1,0,0,0,1,0,0,0,1,0,0,0,1,0,0,0
0.00317245,1,0,0,0,1,0,0,0,0,0,0,0,1,0,0,0
0.00317246,1,0,0,0,1,0,0,0,1,0,0,0,1,0,0,0
0.0031744,1,0,0,0,1,0,0,0,0,0,0,0,1,0,0,0
0.00317441,1,0,0,0,1,0,0,0,1,0,0,0,1,0,0,0
0.00317733,1,0,0,0,1,0,0,0,0,0,0,0,1,0,0,0
0.00317734,1,0,0,0,1,0,0,0,1,0,0,0,1,0,0,0
0.00318026,1,0,0,0,1,0,0,0,0,0,0,0,1,0,0,0
0.00318027,1,0,0,0,1,0,0,0,1,0,0,0,1,0,0,0
0.00318221,1,0,0,0,1,0,0,0,0,0,0,0,1,0,0,0
0.00318222,1,0,0,0,1,0,0,0,1,0,0,0,1,0,0,0
0.00318514,1,0,0,0,1,0,0,0,0,0,0,0,1,0,0,0
0.00318515,1,0,0,0,1,0,0,0,1,0,0,0,1,0,0,0
0.00318807,1,0,0,0,1,0,0,0,0,0,0,0,1,0,0,0
0.00318808,1,0,0,0,1,0,0,0,1,0,0,0,1,0,0,0
0.003191,1,0,0,0,1,0,0,0,0,0,0,0,1,0,0,0
0.00319101,1,0,0,0,1,0,0,0,1,0,0,0,1,0,0,0
0.00319295,1,0,0,0,1,0,0,0,0,0,0,0,1,0,0,0
0.00319296,1,0,0,0,1,0,0,0,1,0,0,0,1,0,0,0
0.00319588,1,0,0,0,1,0,0,0,0,0,0,0,1,0,0,0
0.00319589,1,0,0,0,1,0,0,0,1,0,0,0,1,0,0,0
0.00319881,1,0,0,0,1,0,0,0,0,0,0,0,1,0,0,0
0.00319882,1,0,0,0,1,0,0,0,1,0,0,0,1,0,0,0
0.00320174,1,0,0,0,1,0,0,0,0,0,0,0,1,0,0,0
0.00320175,1,0,0,0,1,0,0,0,1,0,0,0,1,0,0,0
0.00320369,1,0,0,0,1,0,0,0,0,0,0,0,1,0,0,0
0.0032037,1,0,0,0,1,0,0,0,1,0,0,0,1,0,0,0
0.00320662,1,0,0,0,1,0,0,0,0,0,0,0,1,0,0,0
0.00320663,1,0,0,0,1,0,0,0,1,0,0,0,1,0,0,0
0.00320955,1,0,0,0,1,0,0,0,0,0,0,0,1,0,0,0
0.00320956,1,0,0,0,1,0,0,0,1,0,0,0,1,0,0,0
0.0032115,1,0,0,0,1,0,0,0,0,0,0,0,1,0,0,0
0.00321151,1,0,0,0,1,0,0,0,1,0,0,0,1,0,0,0
0.00321248,1,0,0,0,1,0,0,0,0,0,0,0,1,0,0,0
0.00321249,1,0,0,0,1,0,0,0,1,0,0,0,1,0,0,0
0.00321443,1,0,0,0,1,0,0,0,0,0,0,0,1,0,0,0
0.00321444,1,0,0,0,1,0,0,0,1,0,0,0,1,0,0,0
0.00321736,1,0,0,0,1,0,0,0,0,0,0,0,1,0,0,0
0.00321737,1,0,0,0,1,0,0,0,1,0,0,0,1,0,0,0
0.00322029,1,0,0,0,1,0,0,0,0,0,0,0,1,0,0,0
0.0032203,1,0,0,0,1,0,0,0,1,0,0,0,1,0,0,0
0.00322224,1,0,0,0,1,0,0,0,0,0,0,0,1,0,0,0
0.00322225,1,0,0,0,1,0,0,0,1,0,0,0,1,0,0,0
0.00322517,1,0,0,0,1,0,0,0,0,0,0,0,1,0,0,0
0.00322518,1,0,0,0,1,0,0,0,1,0,0,0,1,0,0,0
0.0032281,1,0,0,0,1,0,0,0,0,0,0,0,1,0,0,0
0.00322811,1,0,0,0,1,0,0,0,1,0,0,0,1,0,0,0
0.00323103,1,0,0,0,1,0,0,0,0,0,0,0,1,0,0,0
0.00323104,1,0,0,0,1,0,0,0,1,0,0,0,1,0,0,0
0.00323298,1,0,0,0,1,0,0,0,0,0,0,0,1,0,0,0
0.00323299,1,0,0,0,1,0,0,0,1,0,0,0,1,0,0,0
0.00323591,1,0,0,0,1,0,0,0,0,0,0,0,1,0,0,0
0.00323592,1,0,0,0,1,0,0,0,1,0,0,0,1,0,0,0
0.00323884,1,0,0,0,1,0,0,0,0,0,0,0,1,0,0,0
0.00323885,1,0,0,0,1,0,0,0,1,0,0,0,1,0,0,0
0.00324177,1,0,0,0,1,0,0,0,0,0,0,0,1,0,0,0
0.00324178,1,0,0,0,1,0,0,0,1,0,0,0,1,0,0,0
0.00324372,1,0,0,0,1,0,0,0,0,0,0,0,1,0,0,0
0.00324373,1,0,0,0,1,0,0,0,1,0,0,0,1,0,0,0
0.00324665,1,0,0,0,1,0,0,0,0,0,0,0,1,0,0,0
0.00324666,1,0,0,0,1,0,0,0,1,0,0,0,1,0,0,0
0.00324958,1,0,0,0,1,0,0,0,0,0,0,0,1,0,0,0
0.00324959,1,0,0,0,1,0,0,0,1,0,0,0,1,0,0,0
0.00325153,1,0,0,0,1,0,0,0,0,0,0,0,1,0,0,0
0.00325154,1,0,0,0,1,0,0,0,1,0,0,0,1,0,0,0
0.00325446,1,0,0,0,1,0,0,0,0,0,0,0,1,0,0,0
0.00325447,1,0,0,0,1,0,0,0,1,0,0,0,1,0,0,0
0.00325739,1,0,0,0,1,0,0,0,0,0,0,0,1,0,0,0
0.0032574,1,0,0,0,1,0,0,0,1,0,0,0,1,0,0,0
0.00326032,1,0,0,0,1,0,0,0,0,0,0,0,1,0,0,0
0.00326033,1,0,0,0,1,0,0,0,1,0,0,0,1,0,0,0
0.00326227,1,0,0,0,1,0,0,0,0,0,0,0,1,0,0,0
0.00326228,1,0,0,0,1,0,0,0,1,0,0,0,1,0,0,0
0.0032652,1,0,0,0,1,0,0,0,0,0,0,0,1,0,0,0
0.00326521,1,0,0,0,1,0,0,0,1,0,0,0,1,0,0,0
0.00326813,1,0,0,0,1,0,0,0,0,0,0,0,1,0,0,0
0.00326814,1,0,0,0,1,0,0,0,1,0,0,0,1,0,0,0
0.00327106,1,0,0,0,1,0,0,0,0,0,0,0,1,0,0,0
0.00327107,1,0,0,0,1,0,0,0,1,0,0,0,1,0,0,0
0.00327301,1,0,0,0,1,0,0,0,0,0,0,0,1,0,0,0
0.00327302,1,0,0,0,1,0,0,0,1,0,0,0,1,0,0,0
0.00327594,1,0,0,0,1,0,0,0,0,0,0,0,1,0,0,0
0.00327595,1,0,0,0,1,0,0,0,1,0,0,0,1,0,0,0
0.00327887,1,0,0,0,1,0,0,0,0,0,0,0,1,0,0,0
0.00327888,1,0,0,0,1,0,0,0,1,0,0,0,1,0,0,0
0.0032818,1,0,0,0,1,0,0,0,0,0,0,0,1,0,0,0
0.00328181,1,0,0,0,1,0,0,0,1,0,0,0,1,0,0,0
0.00328375,1,0,0,0,1,0,0,0,0,0,0,0,1,0,0,0
0.00328376,1,0,0,0,1,0,0,0,1,0,0,0,1,0,0,0
0.00328668,1,0,0,0,1,0,0,0,0,0,0,0,1,0,0,0
0.00328669,1,0,0,0,1,0,0,0,1,0,0,0,1,0,0,0
0.00328961,1,0,0,0,1,0,0,0,0,0,0,0,1,0,0,0
0.00328962,1,0,0,0,1,0,0,0,1,0,0,0,1,0,0,0
0.00329254,1,0,0,0,1,0,0,0,0,0,0,0,1,0,0,0
0.00329255,1,0,0,0,1,0,0,0,1,0,0,0,1,0,0,0
0.00329449,1,0,0,0,1,0,0,0,0,0,0,0,1,0,0,0
0.0032945,1,0,0,0,1,0,0,0,1,0,0,0,1,0,0,0
0.00329742,1,0,0,0,1,0,0,0,0,0,0,0,1,0,0,0
0.00329743,1,0,0,0,1,0,0,0,1,0,0,0,1,0,0,0
0.00330035,1,0,0,0,1,0,0,0,0,0,0,0,1,0,0,0
0.00330036,1,0,0,0,1,0,0,0,1,0,0,0,1,0,0,0
0.0033023,1,0,0,0,1,0,0,0,0,0,0,0,1,0,0,0
0.00330231,1,0,0,0,1,0,0,0,1,0,0,0,1,0,0,0
0.00330523,1,0,0,0,1,0,0,0,0,0,0,0,1,0,0,0
0.00330524,1,0,0,0,1,0,0,0,1,0,0,0,1,0,0,0
0.00330816,1,0,0,0,1,0,0,0,0,0,0,0,1,0,0,0
0.00330817,1,0,0,0,1,0,0,0,1,0,0,0,1,0,0,0
0.00331109,1,0,0,0,1,0,0,0,0,0,0,0,1,0,0,0
0.0033111,1,0,0,0,1,0,0,0,1,0,0,0,1,0,0,0
0.00331304,1,0,0,0,1,0,0,0,0,0,0,0,1,0,0,0
0.00331305,1,0,0,0,1,0,0,0,1,0,0,0,1,0,0,0
0.00331597,1,0,0,0,1,0,0,0,0,0,0,0,1,0,0,0
0.00331598,1,0,0,0,1,0,0,0,1,0,0,0,1,0,0,0
0.0033189,1,0,0,0,1,0,0,0,0,0,0,0,1,0,0,0
0.00331891,1,0,0,0,1,0,0,0,1,0,0,0,1,0,0,0
0.00332183,1,0,0,0,1,0,0,0,0,0,0,0,1,0,0,0
0.00332184,1,0,0,0,1,0,0,0,1,0,0,0,1,0,0,0
0.00332378,1,0,0,0,1,0,0,0,0,0,0,0,1,0,0,0
0.00332379,1,0,0,0,1,0,0,0,1,0,0,0,1,0,0,0
0.00332627,1,0,1,0,1,0,0,0,1,0,0,0,1,0,0,0
0.00332628,1,0,0,0,1,0,0,0,1,0,0,0,1,0,0,0
0.00332629,1,0,0,0,1,1,1,1,1,0,0,0,1,0,0,0
0.0033263,1,1,1,1,1,1,1,1,1,0,0,0,1,0,0,0
0.00332732,1,0,0,0,1,0,1,0,1,0,0,0,1,0,0,0
0.00332769,1,0,0,0,1,0,1,0,1,0,0,0,1,0,1,0
0.00332822,1,1,1,1,1,0,1,0,1,0,0,0,1,0,1,0
0.00332823,1,1,1,1,1,1,1,1,1,0,0,0,1,0,1,0
0.00332921,1,1,0,0,1,1,1,1,1,0,0,0,1,0,1,0
0.00332922,1,0,0,0,1,0,1,0,1,0,0,0,1,0,1,0
0.00332923,1,0,0,0,1,0,0,0,1,0,0,0,1,0,1,0
0.00332924,1,0,1,1,1,1,1,1,1,0,0,0,1,0,1,0
0.00332925,1,1,1,1,1,1,1,1,1,0,0,0,1,0,1,0
0.0033293,1,0,1,0,1,0,1,1,1,0,0,0,1,0,1,0
0.00332931,0,0,1,0,1,0,0,0,1,0,0,0,1,0,1,0
0.00332936,0,0,1,0,1,0,0,1,1,0,0,0,1,0,1,0
0.00332937,0,0,1,0,1,1,0,1,1,0,0,0,1,0,1,0
0.00332938,0,0,1,0,1,0,0,0,1,0,0,0,1,0,1,0
0.00332964,0,0,1,0,1,0,0,0,0,0,0,0,1,0,0,0
0.00332965,0,0,1,0,1,0,0,0,0,0,1,0,1,0,0,0
0.00332972,0,0,1,0,1,0,0,0,0,0,0,0,0,0,0,0
0.00332973,1,1,1,1,1,1,1,1,0,0,1,0,1,0,0,0
0.00332974,1,1,1,1,1,1,1,1,1,1,1,1,1,1,1,1
0.00332977,0,0,1,0,1,0,0,0,0,0,1,0,1,0,0,0
0.00332982,1,1,1,1,1,1,0,1,0,0,1,0,1,0,0,0
0.00332983,0,1,1,1,1,1,0,1,0,0,1,0,1,0,0,0
0.00332984,0,0,1,0,1,0,0,0,0,0,1,0,1,0,0,0
0.0033302,1,1,1,1,1,1,1,1,0,0,1,0,1,0,0,0
0.00333121,1,1,1,1,0,1,1,1,0,0,1,0,1,0,0,0
0.00333122,0,0,0,0,0,0,0,1,0,0,1,0,1,0,0,0
0.00333126,0,0,0,0,0,1,0,1,0,0,1,0,1,0,0,0
0.00333127,1,0,0,1,0,1,0,1,0,0,1,0,1,0,0,0
0.00333128,1,1,1,1,0,1,1,1,0,0,1,0,1,0,0,0
0.00333129,1,1,0,1,0,1,1,1,0,0,1,0,1,0,0,0
0.0033313,0,0,0,1,0,1,0,1,0,0,1,0,1,0,0,0
0.00333131,0,0,0,0,0,0,0,1,0,0,1,0,1,0,0,0
0.00333135,0,0,0,0,0,1,0,1,0,0,1,0,1,0,0,0
0.00333137,0,0,0,1,0,1,0,1,0,0,1,0,1,0,0,0
0.00333138,0,0,0,0,0,1,0,1,0,0,1,0,1,0,0,0
0.00333139,0,0,0,0,0,0,0,1,0,0,1,0,1,0,0,0
0.00333144,0,0,0,0,0,1,0,1,0,0,1,0,1,0,0,0
0.00333146,0,0,0,0,0,0,0,1,0,0,1,0,1,0,0,0
0.00333212,1,1,1,0,0,0,0,1,0,0,1,0,1,0,0,0
0.00333213,1,1,1,1,1,1,1,1,0,0,1,0,1,0,0,0
0.0033322,1,1,0,0,1,0,0,0,0,0,1,0,1,0,0,0
0.00333224,1,1,1,1,1,1,1,0,0,0,1,0,1,0,0,0
0.00333227,1,1,1,0,1,1,0,0,0,0,1,0,1,0,0,0
0.00333228,1,1,0,0,1,0,0,0,0,0,1,0,1,0,0,0
0.00333232,1,1,1,1,1,1,0,0,0,0,1,0,1,0,0,0
0.00333234,1,1,0,0,1,0,0,0,0,0,1,0,1,0,0,0
0.00333257,1,1,0,0,1,0,0,0,0,0,0,0,1,0,0,0
0.00333258,1,1,0,0,1,0,0,0,1,1,0,0,1,0,0,0
0.00333264,1,1,0,0,1,0,0,0,0,0,0,0,0,0,0,0
0.00333265,1,1,0,0,1,0,0,0,1,1,0,0,1,0,0,0
0.00333312,1,1,1,1,1,1,1,0,1,1,0,0,1,0,0,0
0.00333313,1,1,1,1,1,1,1,1,1,1,0,0,1,0,0,0
0.00333316,1,0,1,1,1,1,1,1,1,1,0,0,1,0,0,0
0.00333317,1,0,0,0,1,1,1,0,1,1,0,0,1,0,0,0
0.00333321,1,0,1,1,1,1,1,0,1,1,0,0,1,0,0,0
0.00333323,1,0,0,0,1,1,1,0,1,1,0,0,1,0,0,0
0.00333407,1,1,1,1,1,1,1,0,1,1,0,0,1,0,0,0
0.00333408,1,1,1,1,1,1,1,1,1,1,0,0,1,0,0,0
0.00333415,1,1,1,1,1,0,0,1,1,1,0,0,1,0,0,0
0.00333416,0,1,0,0,1,0,0,0,1,1,0,0,1,0,0,0
0.0033342,0,1,1,1,1,0,0,0,1,1,0,0,1,0,0,0
0.00333421,1,1,1,1,1,1,1,1,1,1,0,0,1,0,0,0
0.00333422,1,1,1,1,1,1,1,0,1,1,0,0,1,0,0,0
0.00333423,0,1,1,1,1,0,0,0,1,1,0,0,1,0,0,0
0.00333424,0,1,0,0,1,0,0,0,1,1,0,0,1,0,0,0
0.00333428,0,1,1,1,1,0,0,0,1,1,0,0,1,0,0,0
0.00333431,0,1,1,0,1,0,0,0,1,1,0,0,1,0,0,0
0.00333432,0,1,0,0,1,0,0,0,1,1,0,0,1,0,0,0
0.00333436,0,1,1,0,1,0,0,0,1,1,0,0,1,0,0,0
0.00333438,0,1,0,0,1,0,0,0,1,1,0,0,1,0,0,0
0.00333452,0,1,0,0,1,0,0,0,0,1,0,0,1,0,0,0
0.0033346,0,1,0,0,1,0,0,0,0,0,0,0,0,0,0,0
0.00333461,0,1,0,0,1,0,0,0,0,1,0,0,1,0,0,0
0.00333505,0,1,1,0,1,0,0,0,0,1,0,0,1,0,0,0
0.00333506,1,1,1,0,1,0,0,0,0,1,0,0,1,0,0,0
0.00333507,1,1,1,1,1,1,1,0,0,1,0,0,1,0,0,0
0.00333508,1,1,1,1,1,1,1,1,0,1,0,0,1,0,0,0
0.00333512,1,1,1,0,1,1,1,0,0,1,0,0,1,0,0,0
0.00333513,1,1,0,0,1,1,0,0,0,1,0,0,1,0,0,0
0.00333516,1,1,1,1,1,1,0,0,0,1,0,0,1,0,0,0
0.00333517,1,1,1,1,1,1,1,1,0,1,0,0,1,0,0,0
0.00333518,1,1,1,1,1,1,1,0,0,1,0,0,1,0,0,0
0.00333519,1,1,0,0,1,1,0,0,0,1,0,0,1,0,0,0
0.00333524,1,1,1,0,1,1,0,0,0,1,0,0,1,0,0,0
0.00333526,1,1,0,0,1,1,0,0,0,1,0,0,1,0,0,0
0.00333602,1,1,1,0,1,1,0,0,0,1,0,0,1,0,0,0
0.00333603,1,1,1,1,1,1,0,0,0,1,0,0,1,0,0,0
0.00333604,1,1,1,1,1,1,1,0,0,1,0,0,1,0,0,0
0.00333605,1,1,1,1,1,1,1,1,0,1,0,0,1,0,0,0
0.00333611,1,0,0,0,1,0,0,0,0,1,0,0,1,0,0,0
0.00333615,1,0,1,1,1,1,1,0,0,1,0,0,1,0,0,0
0.00333616,1,1,1,1,1,1,1,1,0,1,0,0,1,0,0,0
0.00333618,1,0,1,1,1,1,1,0,0,1,0,0,1,0,0,0
0.00333619,1,0,1,0,1,0,0,0,0,1,0,0,1,0,0,0
0.0033362,1,0,0,0,1,0,0,0,0,1,0,0,1,0,0,0
0.00333622,1,0,1,0,1,0,0,0,0,1,0,0,1,0,0,0
0.00333623,1,0,1,1,1,0,0,0,0,1,0,0,1,0,0,0
0.00333627,1,0,1,0,1,0,0,0,0,1,0,0,1,0,0,0
0.00333628,1,0,0,0,1,0,0,0,0,1,0,0,1,0,0,0
0.0033363,1,0,1,0,1,0,0,0,0,1,0,0,1,0,0,0
0.00333631,1,0,1,1,1,0,0,0,0,1,0,0,1,0,0,0
0.00333634,1,0,1,0,1,0,0,0,0,1,0,0,1,0,0,0
0.00333646,1,0,0,0,1,0,0,0,0,1,0,0,1,0,0,0
0.00333647,1,0,1,0,1,0,0,0,0,0,0,0,1,0,0,0
0.00333649,1,0,0,0,1,0,0,0,1,0,0,0,1,0,0,0
0.00333652,1,0,1,0,1,0,0,0,1,0,0,0,1,0,0,0
0.00333653,1,0,1,1,1,0,0,0,1,0,0,0,1,0,0,0
0.00333654,1,0,1,0,1,0,0,0,1,0,0,0,1,0,0,0
0.00333655,1,0,1,0,1,0,0,0,0,0,0,0,0,0,0,0
0.00333656,1,0,0,0,1,0,0,0,1,0,0,0,1,0,0,0
0.0033366,1,0,1,0,1,0,0,0,1,0,0,0,1,0,0,0
0.00333663,1,0,0,0,1,0,0,0,1,0,0,0,1,0,0,0
0.003337,1,0,1,1,1,0,0,0,1,0,0,0,1,0,0,0
0.00333702,1,1,1,1,1,1,1,1,1,0,0,0,1,0,0,0
0.00333707,0,1,1,1,1,1,1,0,1,0,0,0,1,0,0,0
0.00333708,0,0,1,1,1,0,1,0,1,0,0,0,1,0,0,0
0.00333711,0,0,1,1,1,1,1,0,1,0,0,0,1,0,0,0
0.00333712,1,1,1,1,1,1,1,1,1,0,0,0,1,0,0,0
0.00333713,0,1,1,1,1,1,1,0,1,0,0,0,1,0,0,0
0.00333714,0,0,1,1,1,0,1,0,1,0,0,0,1,0,0,0
0.00333799,1,0,1,1,1,0,1,0,1,0,0,0,1,0,0,0
0.003338,0,0,1,1,1,0,1,0,1,0,0,0,1,0,0,0
0.00333801,1,1,1,1,1,1,1,1,1,0,0,0,1,0,0,0
0.00333806,1,0,0,0,1,0,0,0,1,0,0,0,1,0,0,0
0.0033381,1,1,1,1,1,1,0,0,1,0,0,0,1,0,0,0
0.00333811,1,1,1,1,1,1,1,1,1,0,0,0,1,0,0,0
0.00333813,1,1,1,1,1,1,1,0,1,0,0,0,1,0,0,0
0.00333814,1,0,1,0,1,1,0,0,1,0,0,0,1,0,0,0
0.00333815,1,0,0,0,1,0,0,0,1,0,0,0,1,0,0,0
0.00333818,1,1,1,1,1,1,0,0,1,0,0,0,1,0,0,0
0.00333822,1,0,1,0,1,1,0,0,1,0,0,0,1,0,0,0
0.00333823,1,0,1,0,1,0,0,0,1,0,0,0,1,0,0,0
0.00333825,1,0,1,0,1,1,0,0,1,0,0,0,1,0,0,0
0.00333828,1,0,1,1,1,1,0,0,1,0,0,0,1,0,0,0
0.00333829,1,0,1,0,1,1,0,0,1,0,0,0,1,0,0,0
0.00333836,1,0,1,0,1,0,0,0,1,0,0,0,1,0,0,0
0.00333837,1,0,1,0,1,1,0,0,1,0,0,0,1,0,0,0
0.00333839,1,0,1,0,1,0,0,0,1,0,0,0,1,0,0,0
0.00333841,1,0,1,0,1,1,0,0,1,0,0,0,1,0,0,0
0.00333842,1,0,1,1,1,1,0,0,1,0,0,0,1,0,0,0
0.00333843,1,0,1,0,1,1,0,0,1,0,0,0,1,0,0,0
0.00333844,1,0,1,0,1,0,0,0,1,0,0,0,1,0,0,0
0.00333848,1,0,1,1,1,1,0,0,1,0,0,0,1,0,0,0
0.0033385,1,0,1,0,1,0,0,0,1,0,0,0,1,0,0,0
0.00333893,1,0,0,0,1,0,0,0,1,0,0,0,1,0,0,0
0.00333894,1,0,1,0,1,0,0,0,1,0,0,0,1,0,0,0
0.00333896,1,1,1,1,1,0,0,0,1,0,0,0,1,0,0,0
0.00333897,1,0,1,1,1,0,1,0,1,0,0,0,1,0,0,0
0.00333898,1,1,1,1,1,1,1,1,1,0,0,0,1,0,0,0
0.00333902,1,1,1,1,0,1,1,0,1,0,0,0,1,0,0,0
0.00333903,1,1,1,0,0,0,1,0,1,0,0,0,1,0,0,0
0.00333906,1,1,1,1,0,1,1,0,1,0,0,0,1,0,0,0
0.00333907,1,1,1,1,0,1,1,1,1,0,0,0,1,0,0,0
0.00333909,1,1,1,0,0,0,1,0,1,0,0,0,1,0,0,0
0.00333914,1,1,1,1,0,1,1,0,1,0,0,0,1,0,0,0
0.00333916,1,1,1,0,0,0,1,0,1,0,0,0,1,0,0,0
0.00333996,1,1,1,1,1,1,1,0,1,0,0,0,1,0,0,0
0.00333997,1,1,1,1,1,1,1,1,1,0,0,0,1,0,0,0
0.00334001,0,1,0,0,1,1,1,1,1,0,0,0,1,0,0,0
0.00334002,0,1,0,0,1,0,1,1,1,0,0,0,1,0,0,0
0.00334005,0,1,0,0,1,1,1,1,1,0,0,0,1,0,0,0
0.00334006,0,1,1,1,1,1,1,1,1,0,0,0,1,0,0,0
0.00334008,0,1,0,0,1,0,1,1,1,0,0,0,1,0,0,0
0.00334038,0,1,0,0,1,0,1,1,0,1,0,0,1,0,1,0
0.00334039,0,1,0,0,1,0,1,1,0,1,0,0,1,0,1,1
0.00334091,1,1,1,0,1,0,1,1,0,1,0,0,1,0,1,1
0.00334092,1,1,1,1,1,0,1,1,0,1,0,0,1,0,1,1
0.00334096,1,1,1,1,1,1,1,1,0,1,0,0,1,0,1,1
0.00334097,1,1,1,1,0,1,1,0,0,1,0,0,1,0,1,1
0.00334098,1,1,1,0,0,0,1,0,0,1,0,0,1,0,1,1
0.00334102,1,1,1,1,0,1,1,0,0,1,0,0,1,0,1,1
0.00334104,1,1,1,0,0,0,1,0,0,1,0,0,1,0,1,1
0.0033419,1,1,1,1,0,1,1,0,0,1,0,0,1,0,1,1
0.00334192,1,1,1,1,1,1,1,1,0,1,0,0,1,0,1,1
0.00334287,0,0,0,0,0,0,0,0,0,1,0,0,1,0,1,1
0.00334383,1,0,1,1,0,0,0,0,0,1,0,0,1,0,1,1
0.00334384,1,0,1,0,0,0,0,0,0,1,0,0,1,0,1,1
0.00334385,0,0,0,0,0,0,0,0,0,1,0,0,1,0,1,1
0.00334386,1,0,1,0,0,0,0,0,0,1,0,0,1,0,1,1
0.00334387,1,1,1,1,1,1,1,1,0,1,0,0,1,0,1,1
0.0033439,1,1,0,1,1,0,1,0,0,1,0,0,1,0,1,1
0.00334392,1,1,1,1,1,1,1,1,0,1,0,0,1,0,1,1
0.00334397,1,1,1,1,1,1,1,0,0,1,0,0,1,0,1,1
0.00334398,0,1,0,0,1,1,0,0,0,1,0,0,1,0,1,1
0.00334402,1,1,0,0,1,1,0,0,0,1,0,0,1,0,1,1
0.00334403,1,1,1,1,1,1,0,0,0,1,0,0,1,0,1,1
0.00334404,1,1,1,0,1,1,0,0,0,1,0,0,1,0,1,1
0.00334406,0,1,0,0,1,1,0,0,0,1,0,0,1,0,1,1
0.00334429,0,1,0,0,1,1,0,0,0,1,0,0,1,0,0,0
0.0033443,0,1,0,0,1,1,0,0,0,1,0,0,1,1,0,0
0.00334482,0,1,0,1,1,1,0,0,0,1,0,0,1,1,0,0
0.00334483,1,1,1,0,1,1,0,0,0,1,0,0,1,1,0,0
0.00334484,1,1,1,1,1,1,1,1,0,1,0,0,1,1,0,0
0.00334489,1,0,0,1,1,1,1,1,0,1,0,0,1,1,0,0
0.00334493,1,0,1,1,1,1,1,1,0,1,0,0,1,1,0,0
0.00334495,1,0,0,1,1,1,1,1,0,1,0,0,1,1,0,0
0.00334579,1,1,1,1,1,1,1,1,0,1,0,0,1,1,0,0
0.00334587,0,1,0,1,0,0,0,0,0,1,0,0,1,1,0,0
0.00334591,1,1,1,1,0,0,0,0,0,1,0,0,1,1,0,0
0.00334593,1,1,1,1,0,1,1,0,0,1,0,0,1,1,0,0
0.00334594,1,1,1,1,0,0,0,0,0,1,0,0,1,1,0,0
0.00334596,0,1,0,1,0,0,0,0,0,1,0,0,1,1,0,0
0.00334599,0,1,1,1,0,0,0,0,0,1,0,0,1,1,0,0
0.003346,1,1,1,1,0,0,0,0,0,1,0,0,1,1,0,0
0.00334604,0,1,1,1,0,0,0,0,0,1,0,0,1,1,0,0
0.00334605,0,1,0,1,0,0,0,0,0,1,0,0,1,1,0,0
0.00334606,0,1,1,1,0,0,0,0,0,1,0,0,1,1,0,0
0.00334608,1,1,1,1,0,0,0,0,0,1,0,0,1,1,0,0
0.00334612,0,1,1,1,0,0,0,0,0,1,0,0,1,1,0,0
0.00334613,0,1,0,1,0,0,0,0,0,1,0,0,1,1,0,0
0.00334614,0,1,1,1,0,0,0,0,0,1,0,0,1,1,0,0
0.00334615,1,1,1,1,0,0,0,0,0,1,0,0,1,1,0,0
0.00334617,0,1,1,1,0,0,0,0,0,1,0,0,1,1,0,0
0.0033462,0,1,0,1,0,0,0,0,0,1,0,0,1,1,0,0
0.00334621,0,1,1,1,0,0,0,0,0,1,0,0,1,1,0,0
0.00334623,0,1,0,1,0,0,0,0,0,1,0,0,1,1,0,0
0.00334624,0,1,1,1,0,0,0,0,0,1,0,0,1,1,0,0
0.00334625,1,1,1,1,0,0,0,0,0,1,0,0,1,1,0,0
0.00334626,0,1,1,1,0,0,0,0,0,1,0,0,1,1,0,0
0.00334627,0,1,0,1,0,0,0,0,0,1,0,0,1,1,0,0
0.00334629,0,1,1,1,0,0,0,0,0,1,0,0,1,1,0,0
0.00334631,0,1,0,1,0,0,0,0,0,1,0,0,1,1,0,0
0.00334678,1,1,1,1,0,1,1,0,0,1,0,0,1,1,0,0
0.00334679,1,1,1,1,1,1,1,1,0,1,0,0,1,1,0,0
0.0033478,0,0,0,1,1,0,1,0,0,1,0,0,1,1,0,0
0.00334782,1,1,1,1,1,0,1,0,0,1,0,0,1,1,0,0
0.00334783,1,1,1,1,1,1,1,0,0,1,0,0,1,1,0,0
0.00334784,1,1,1,1,1,1,1,1,0,1,0,0,1,1,0,0
0.00334787,0,1,1,0,1,0,0,0,0,1,0,0,1,1,0,0
0.00334788,0,0,1,0,1,0,0,0,0,1,0,0,1,1,0,0
0.00334792,1,0,1,0,1,1,0,1,0,1,0,0,1,1,0,0
0.00334794,0,0,1,0,1,1,0,0,0,1,0,0,1,1,0,0
0.00334795,0,0,1,0,1,0,0,0,0,1,0,0,1,1,0,0
0.003348,0,0,1,0,1,1,0,0,0,1,0,0,1,1,0,0
0.00334802,0,0,1,0,1,0,0,0,0,1,0,0,1,1,0,0
0.00334819,0,0,1,0,1,0,0,0,0,0,0,0,1,0,0,0
0.00334821,0,0,1,0,1,0,0,0,0,0,1,0,1,0,0,0
0.00334827,0,0,1,0,1,0,0,0,0,0,0,0,0,0,0,0
0.00334828,0,1,1,1,1,0,0,0,0,0,1,0,1,0,0,0
0.00334829,0,1,1,1,1,0,0,0,0,1,1,1,1,0,0,0
0.0033483,1,1,1,1,1,1,1,1,0,1,1,1,1,0,0,0
0.00334831,1,0,1,0,1,1,1,1,0,0,1,0,1,0,0,0
0.00334832,0,0,1,0,1,0,0,0,0,0,1,0,1,0,0,0
0.00334836,0,0,1,0,1,1,0,1,0,0,1,0,1,0,0,0
0.00334838,0,0,1,0,1,1,0,0,0,0,1,0,1,0,0,0
0.00334839,0,0,1,0,1,0,0,0,0,0,1,0,1,0,0,0
0.00334874,0,0,1,0,1,1,0,1,0,0,1,0,1,0,0,0
0.00334875,1,1,1,1,1,1,1,1,0,0,1,0,1,0,0,0
0.00334977,0,0,0,0,0,0,0,1,0,0,1,0,1,0,0,0
0.00334981,0,0,0,0,0,1,0,1,0,0,1,0,1,0,0,0
0.00334982,1,0,1,1,0,1,1,1,0,0,1,0,1,0,0,0
0.00334983,1,1,1,1,0,1,1,1,0,0,1,0,1,0,0,0
0.00334984,1,0,1,1,0,1,1,1,0,0,1,0,1,0,0,0
0.00334985,0,0,0,0,0,1,0,1,0,0,1,0,1,0,0,0
0.00334986,0,0,0,0,0,0,0,1,0,0,1,0,1,0,0,0
0.00334989,0,0,0,0,0,1,0,1,0,0,1,0,1,0,0,0
0.00334995,0,0,0,0,0,0,0,1,0,0,1,0,1,0,0,0
0.00334997,0,0,0,0,0,1,0,1,0,0,1,0,1,0,0,0
0.00335011,0,0,0,0,0,0,0,1,0,0,1,0,1,0,0,0
0.00335012,0,0,0,0,0,1,0,1,0,0,1,0,1,0,0,0
0.00335034,0,0,0,0,0,0,0,1,0,0,1,0,1,0,0,0
0.00335059,0,0,0,0,0,1,0,1,0,0,1,0,1,0,0,0
0.0033506,0,0,0,0,0,0,0,1,0,0,1,0,1,0,0,0
0.00335067,1,1,0,1,0,0,0,1,0,0,1,0,1,0,0,0
0.00335068,1,1,1,1,1,1,1,1,0,0,1,0,1,0,0,0
0.00335075,1,1,0,0,1,0,0,0,0,0,1,0,1,0,0,0
0.00335079,1,1,1,1,1,1,1,0,0,0,1,0,1,0,0,0
0.00335082,1,1,1,0,1,1,0,0,0,0,1,0,1,0,0,0
0.00335083,1,1,0,0,1,0,0,0,0,0,1,0,1,0,0,0
0.00335087,1,1,1,0,1,1,0,0,0,0,1,0,1,0,0,0
0.00335089,1,1,1,0,1,0,0,0,0,0,1,0,1,0,0,0
0.0033509,1,1,0,0,1,0,0,0,0,0,1,0,1,0,0,0
0.00335112,1,1,0,0,1,0,0,0,0,0,0,0,1,0,0,0
0.00335113,1,1,0,0,1,0,0,0,1,1,0,0,1,0,0,0
0.00335119,1,1,0,0,1,0,0,0,0,0,0,0,0,0,0,0
0.0033512,1,1,0,0,1,0,0,0,0,1,0,0,1,0,0,0
0.00335121,1,1,0,0,1,0,0,0,1,1,0,0,1,0,0,0
0.00335167,1,1,0,1,1,1,1,0,1,1,0,0,1,0,0,0
0.00335168,1,1,1,1,1,1,1,1,1,1,0,0,1,0,0,0
0.00335172,1,0,0,0,1,1,1,0,1,1,0,0,1,0,0,0
0.00335176,1,0,1,1,1,1,1,0,1,1,0,0,1,0,0,0
0.00335178,1,0,0,0,1,1,1,0,1,1,0,0,1,0,0,0
0.00335262,1,1,1,1,1,1,1,0,1,1,0,0,1,0,0,0
0.00335263,1,1,1,1,1,1,1,1,1,1,0,0,1,0,0,0
0.0033527,1,1,1,1,1,0,1,1,1,1,0,0,1,0,0,0
0.00335271,0,1,0,0,1,0,0,0,1,1,0,0,1,0,0,0
0.00335274,0,1,1,0,1,0,0,0,1,1,0,0,1,0,0,0
0.00335275,0,1,1,1,1,0,0,0,1,1,0,0,1,0,0,0
0.00335276,1,1,1,1,1,1,1,1,1,1,0,0,1,0,0,0
0.00335277,1,1,1,1,1,1,1,0,1,1,0,0,1,0,0,0
0.00335278,1,1,1,1,1,0,0,0,1,1,0,0,1,0,0,0
0.00335279,0,1,1,0,1,0,0,0,1,1,0,0,1,0,0,0
0.0033528,0,1,0,0,1,0,0,0,1,1,0,0,1,0,0,0
0.00335283,0,1,1,1,1,0,0,0,1,1,0,0,1,0,0,0
0.00335286,0,1,1,0,1,0,0,0,1,1,0,0,1,0,0,0
0.00335288,0,1,0,0,1,0,0,0,1,1,0,0,1,0,0,0
0.0033529,0,1,1,0,1,0,0,0,1,1,0,0,1,0,0,0
0.00335296,0,1,0,0,1,0,0,0,1,1,0,0,1,0,0,0
0.00335298,0,1,1,0,1,0,0,0,1,1,0,0,1,0,0,0
0.00335301,0,1,0,0,1,0,0,0,1,1,0,0,1,0,0,0
0.00335302,0,1,1,0,1,0,0,0,1,1,0,0,1,0,0,0
0.00335303,0,1,0,0,1,0,0,0,1,1,0,0,1,0,0,0
0.00335307,0,1,1,0,1,0,0,0,0,1,0,0,1,0,0,0
0.00335309,0,1,0,0,1,0,0,0,0,1,0,0,1,0,0,0
0.00335313,0,1,1,0,1,0,0,0,0,1,0,0,1,0,0,0
0.00335315,0,1,0,0,1,0,0,0,0,0,0,0,0,0,0,0
0.00335316,0,1,0,0,1,0,0,0,0,1,0,0,1,0,0,0
0.00335321,0,1,1,0,1,0,0,0,0,1,0,0,1,0,0,0
0.00335322,0,1,0,0,1,0,0,0,0,1,0,0,1,0,0,0
0.0033536,0,1,1,0,1,0,0,0,0,1,0,0,1,0,0,0
0.00335361,1,1,1,1,1,0,0,0,0,1,0,0,1,0,0,0
0.00335362,1,1,1,1,1,1,1,0,0,1,0,0,1,0,0,0
0.00335363,1,1,1,1,1,1,1,1,0,1,0,0,1,0,0,0
0.00335367,1,1,1,1,1,1,1,0,0,1,0,0,1,0,0,0
0.00335368,1,1,0,0,1,1,0,0,0,1,0,0,1,0,0,0
0.00335371,1,1,1,1,1,1,0,0,0,1,0,0,1,0,0,0
0.00335372,1,1,1,1,1,1,1,1,0,1,0,0,1,0,0,0
0.00335374,1,1,0,0,1,1,0,0,0,1,0,0,1,0,0,0
0.00335379,1,1,1,0,1,1,0,0,0,1,0,0,1,0,0,0
0.00335381,1,1,0,0,1,1,0,0,0,1,0,0,1,0,0,0
0.00335458,1,1,1,1,1,1,0,0,0,1,0,0,1,0,0,0
0.00335459,1,1,1,1,1,1,1,0,0,1,0,0,1,0,0,0
0.0033546,1,1,1,1,1,1,1,1,0,1,0,0,1,0,0,0
0.00335466,1,0,0,0,1,0,0,0,0,1,0,0,1,0,0,0
0.0033547,1,0,1,1,1,1,1,0,0,1,0,0,1,0,0,0
0.00335471,1,1,1,1,1,1,1,1,0,1,0,0,1,0,0,0
0.00335473,1,0,1,1,1,1,1,0,0,1,0,0,1,0,0,0
0.00335474,1,0,1,1,1,0,0,0,0,1,0,0,1,0,0,0
0.00335475,1,0,0,0,1,0,0,0,0,1,0,0,1,0,0,0
0.00335477,1,0,1,0,1,0,0,0,0,1,0,0,1,0,0,0
0.00335478,1,0,1,1,1,0,0,0,0,1,0,0,1,0,0,0
0.00335482,1,0,1,0,1,0,0,0,0,1,0,0,1,0,0,0
0.00335502,1,0,1,0,1,0,0,0,0,0,0,0,1,0,0,0
0.00335504,1,0,0,0,1,0,0,0,1,0,0,0,1,0,0,0
0.00335508,1,0,1,0,1,0,0,0,1,0,0,0,1,0,0,0
0.0033551,1,0,1,0,1,0,0,0,0,0,0,0,0,0,0,0
0.00335511,1,0,0,0,1,0,0,0,1,0,0,0,1,0,0,0
0.00335516,1,0,1,0,1,0,0,0,1,0,0,0,1,0,0,0
0.00335518,1,0,0,0,1,0,0,0,1,0,0,0,1,0,0,0
0.00335555,1,0,1,1,1,0,0,0,1,0,0,0,1,0,0,0
0.00335557,1,1,1,1,1,1,1,1,1,0,0,0,1,0,0,0
0.00335562,0,1,1,1,1,1,1,0,1,0,0,0,1,0,0,0
0.00335563,0,0,1,1,1,0,1,0,1,0,0,0,1,0,0,0
0.00335566,0,0,1,1,1,1,1,0,1,0,0,0,1,0,0,0
0.00335567,1,1,1,1,1,1,1,1,1,0,0,0,1,0,0,0
0.00335568,0,1,1,1,1,1,1,0,1,0,0,0,1,0,0,0
0.00335569,0,0,1,1,1,0,1,0,1,0,0,0,1,0,0,0
0.00335654,0,1,1,1,1,0,1,0,1,0,0,0,1,0,0,0
0.00335655,0,0,1,1,1,0,1,0,1,0,0,0,1,0,0,0
0.00335656,1,1,1,1,1,1,1,1,1,0,0,0,1,0,0,0
0.00335661,0,1,0,0,1,0,0,0,1,0,0,0,1,0,0,0
0.00335665,1,1,1,0,1,1,0,0,1,0,0,0,1,0,0,0
0.00335666,1,1,1,1,1,1,0,0,1,0,0,0,1,0,0,0
0.00335667,1,1,1,1,1,1,1,1,1,0,0,0,1,0,0,0
0.00335668,1,1,1,1,1,1,1,0,1,0,0,0,1,0,0,0
0.00335669,1,1,1,1,1,1,0,0,1,0,0,0,1,0,0,0
0.0033567,0,1,0,0,1,0,0,0,1,0,0,0,1,0,0,0
0.00335673,1,1,1,0,1,1,0,0,1,0,0,0,1,0,0,0
0.00335674,1,1,1,1,1,1,0,0,1,0,0,0,1,0,0,0
0.00335677,1,1,1,0,1,1,0,0,1,0,0,0,1,0,0,0
0.00335678,0,1,1,0,1,0,0,0,1,0,0,0,1,0,0,0
0.00335681,1,1,1,0,1,1,0,0,1,0,0,0,1,0,0,0
0.00335682,1,1,1,1,1,1,0,0,1,0,0,0,1,0,0,0
0.00335684,1,1,1,0,1,1,0,0,1,0,0,0,1,0,0,0
0.00335685,0,1,1,0,1,0,0,0,1,0,0,0,1,0,0,0
0.00335697,1,1,1,0,1,0,0,0,1,0,0,0,1,0,0,0
0.00335698,0,1,1,0,1,0,0,0,0,1,0,0,1,0,0,0
0.00335704,1,1,1,1,1,0,0,0,0,1,0,0,1,0,0,0
0.00335705,0,1,1,0,1,0,0,0,0,1,0,0,1,0,0,0
0.00335751,1,1,1,0,1,0,0,0,0,1,0,0,1,0,0,0
0.00335752,1,1,1,1,1,1,1,0,0,1,0,0,1,0,0,0
0.00335753,1,1,1,1,1,1,1,1,0,1,0,0,1,0,0,0
0.00335758,1,1,1,0,0,0,1,0,0,1,0,0,1,0,0,0
0.00335762,1,1,1,1,0,1,1,1,0,1,0,0,1,0,0,0
0.00335764,1,1,1,1,0,1,1,0,0,1,0,0,1,0,0,0
0.00335765,1,1,1,0,0,0,1,0,0,1,0,0,1,0,0,0
0.00335769,1,1,1,1,0,1,1,0,0,1,0,0,1,0,0,0
0.00335771,1,1,1,1,0,0,1,0,0,1,0,0,1,0,0,0
0.00335772,1,1,1,0,0,0,1,0,0,1,0,0,1,0,0,0
0.00335849,1,1,1,1,1,0,1,1,0,1,0,0,1,0,0,0
0.0033585,1,1,1,1,1,0,1,0,0,1,0,0,1,0,0,0
0.00335851,1,1,1,1,1,1,1,1,0,1,0,0,1,0,0,0
0.00335856,1,0,0,0,0,1,0,1,0,1,0,0,1,0,0,0
0.00335857,1,0,0,0,0,0,0,1,0,1,0,0,1,0,0,0
0.0033586,1,0,1,1,0,1,0,1,0,1,0,0,1,0,0,0
0.00335861,1,0,1,1,0,1,1,1,0,1,0,0,1,0,0,0
0.00335865,1,0,0,0,0,0,0,1,0,1,0,0,1,0,0,0
0.00335868,1,0,1,1,0,1,0,1,0,1,0,0,1,0,0,0
0.00335873,1,0,1,1,0,0,0,1,0,1,0,0,1,0,0,0
0.00335874,1,0,0,0,0,0,0,1,0,1,0,0,1,0,0,0
0.00335876,1,0,1,1,0,0,0,1,0,1,0,0,1,0,0,0
0.00335877,1,0,1,1,0,1,0,1,0,1,0,0,1,0,0,0
0.0033588,1,0,1,1,0,0,0,1,0,1,0,0,1,0,0,0
0.00335882,1,0,1,0,0,0,0,1,0,1,0,0,1,0,0,0
0.00335884,1,0,1,1,0,0,0,1,0,1,0,0,1,0,0,0
0.00335887,1,0,1,0,0,0,0,1,0,1,0,0,1,0,0,0
0.00335891,1,0,1,1,0,0,0,1,0,1,0,0,1,0,0,0
0.00335893,1,0,1,1,0,1,0,1,0,0,0,0,0,0,0,0
0.00335894,1,0,1,0,0,0,0,1,1,0,0,0,0,0,0,1
0.00335896,1,0,0,0,0,0,0,1,1,0,0,0,0,0,0,1
0.00335898,1,0,1,0,0,0,0,1,1,0,0,0,0,0,0,1
0.00335899,1,0,1,1,0,1,0,1,1,0,0,0,0,0,0,1
0.00335901,1,0,1,1,0,0,0,1,0,0,0,0,0,0,0,0
0.00335902,1,0,0,0,0,0,0,1,1,0,0,0,0,0,0,1
0.00335906,1,0,1,0,0,0,0,1,1,0,0,0,0,0,0,1
0.00335907,1,0,1,1,0,0,0,1,1,0,0,0,0,0,0,1
0.00335908,1,0,1,0,0,0,0,1,1,0,0,0,0,0,0,1
0.0033591,1,0,0,0,0,0,0,1,1,0,0,0,0,0,0,1
0.00335913,1,0,1,0,0,0,0,1,1,0,0,0,0,0,0,1
0.00335919,1,0,0,0,0,0,0,1,1,0,0,0,0,0,0,1
0.00335922,1,0,1,0,0,0,0,1,1,0,0,0,0,0,0,1
0.00335924,1,0,0,0,0,0,0,1,1,0,0,0,0,0,0,1
0.00335927,1,0,1,0,0,0,0,1,1,0,0,0,0,0,0,1
0.00335928,1,0,0,0,0,0,0,1,1,0,0,0,0,0,0,1
0.00335931,1,0,1,0,0,0,0,1,1,0,0,0,0,0,0,1
0.00335932,1,0,0,0,0,0,0,1,1,0,0,0,0,0,0,1
0.00335937,1,0,1,0,0,0,0,1,1,0,0,0,0,0,0,1
0.00335938,1,0,0,0,0,0,0,1,1,0,0,0,0,0,0,1
0.00335941,1,0,1,0,0,0,0,1,1,0,0,0,0,0,0,1
0.00335942,1,0,0,0,0,0,0,1,1,0,0,0,0,0,0,1
0.00335944,1,0,1,0,0,0,0,1,1,0,0,0,0,0,0,1
0.00335945,1,0,0,0,0,0,0,1,1,0,0,0,0,0,0,1
0.00335946,1,1,1,0,0,0,0,1,1,0,0,0,0,0,0,1
0.00335947,1,1,1,0,0,0,1,1,1,0,0,0,0,0,0,1
0.00335948,1,1,1,1,0,1,1,1,1,0,0,0,0,0,0,1
0.00335949,1,1,1,1,1,1,1,0,1,0,0,0,0,0,0,1
0.0033595,1,1,1,1,0,1,1,0,1,0,0,0,0,0,0,1
0.00335951,1,1,1,0,0,0,1,0,1,0,0,0,0,0,0,1
0.00335954,1,1,1,1,0,0,1,0,1,0,0,0,0,0,0,1
0.00335955,1,1,1,1,0,1,1,0,1,0,0,0,0,0,0,1
0.00335957,1,1,1,0,0,0,1,0,1,0,0,0,0,0,0,1
0.00336047,1,1,1,1,1,0,1,1,1,0,0,0,0,0,0,1
0.00336048,1,1,1,1,1,1,1,1,1,0,0,0,0,0,0,1
0.0033605,0,1,1,1,1,1,1,1,1,0,0,0,0,0,0,1
0.00336051,0,1,0,1,1,0,1,0,1,0,0,0,0,0,0,1
0.00336052,0,1,1,1,1,0,1,0,1,0,0,0,0,0,0,1
0.00336053,0,1,1,1,1,0,1,1,1,0,0,0,0,0,0,1
0.00336054,1,1,1,1,1,1,1,1,1,0,0,0,0,0,0,1
0.00336057,1,1,0,0,1,1,1,1,1,0,0,0,0,0,0,1
0.00336058,0,1,0,0,1,0,1,1,1,0,0,0,0,0,0,1
0.00336061,0,1,0,0,1,1,1,1,1,0,0,0,0,0,0,1
0.00336062,1,1,1,1,1,1,1,1,1,0,0,0,0,0,0,1
0.00336064,0,1,0,0,1,1,1,1,1,0,0,0,0,0,0,1
0.00336066,0,1,0,0,1,0,1,1,1,0,0,0,0,0,0,1
0.00336068,0,1,0,0,1,1,1,1,1,0,0,0,0,0,0,1
0.00336088,0,1,0,0,1,1,1,1,0,0,0,0,0,0,0,0
0.00336089,0,1,0,0,1,1,1,1,0,1,0,0,1,0,1,1
0.00336136,0,1,0,0,1,0,1,1,0,1,0,0,1,0,1,1
0.00336138,0,1,0,0,1,1,1,1,0,1,0,0,1,0,1,1
0.00336142,0,1,0,0,1,0,1,1,0,1,0,0,1,0,1,1
0.00336144,1,1,1,1,1,1,1,1,0,1,0,0,1,0,1,1
0.00336149,1,1,1,1,0,1,1,0,0,1,0,0,1,0,1,1
0.0033615,1,1,1,0,0,0,1,0,0,1,0,0,1,0,1,1
0.00336154,1,1,1,1,0,1,1,0,0,1,0,0,1,0,1,1
0.00336156,1,1,1,0,0,1,1,0,0,1,0,0,1,0,1,1
0.00336157,1,1,1,0,0,0,1,0,0,1,0,0,1,0,1,1
0.00336161,1,1,1,0,0,1,1,0,0,1,0,0,1,0,1,1
0.00336164,1,1,1,0,0,0,1,0,0,1,0,0,1,0,1,1
0.00336239,1,1,1,0,0,1,1,0,0,1,0,0,1,0,1,1
0.00336241,1,1,1,1,1,1,1,1,0,1,0,0,1,0,1,1
0.00336337,1,0,0,1,0,1,0,0,0,1,0,0,1,0,1,1
0.00336338,0,0,0,0,0,0,0,0,0,1,0,0,1,0,1,1
0.00336433,1,0,1,0,0,0,0,0,0,1,0,0,1,0,1,1
0.00336435,0,0,0,0,0,0,0,0,0,1,0,0,1,0,1,1
0.00336437,1,1,1,1,1,1,1,1,0,1,0,0,1,0,1,1
0.00336441,0,0,0,1,1,0,1,0,0,1,0,0,1,0,1,1
0.00336442,0,1,0,1,1,1,1,0,0,1,0,0,1,0,1,1
0.00336443,0,1,0,0,1,1,1,0,0,1,0,0,1,0,1,1
0.00336444,1,1,1,0,1,1,1,1,0,1,0,0,1,0,1,1
0.00336445,1,1,1,0,1,1,1,0,0,1,0,0,1,0,1,1
0.00336446,0,1,0,0,1,1,1,0,0,1,0,0,1,0,1,1
0.00336447,1,1,1,0,1,1,1,0,0,1,0,0,1,0,1,1
0.00336448,1,1,1,0,1,1,0,0,0,1,0,0,1,0,1,1
0.00336449,0,1,0,0,1,1,0,0,0,1,0,0,1,0,1,1
0.00336452,1,1,1,0,1,1,0,0,0,1,0,0,1,0,1,1
0.00336455,0,1,0,0,1,1,0,0,0,1,0,0,1,0,1,1
0.00336479,0,1,0,0,1,1,0,0,0,1,0,0,1,0,0,0
0.0033648,0,1,0,0,1,1,0,0,0,1,0,0,1,1,0,0
0.00336532,1,1,1,1,1,1,0,0,0,1,0,0,1,1,0,0
0.00336533,0,1,1,1,1,1,0,0,0,1,0,0,1,1,0,0
0.00336534,1,1,1,1,1,1,1,1,0,1,0,0,1,1,0,0
0.00336539,0,1,1,1,1,1,1,1,0,1,0,0,1,1,0,0
0.0033654,0,0,1,1,1,1,1,1,0,1,0,0,1,1,0,0
0.00336544,1,0,1,1,1,1,1,1,0,1,0,0,1,1,0,0
0.00336546,0,0,1,1,1,1,1,1,0,1,0,0,1,1,0,0
0.0033663,1,1,1,1,1,1,1,1,0,1,0,0,1,1,0,0
0.00336636,1,1,0,1,0,0,0,0,0,1,0,0,1,1,0,0
0.00336637,0,1,0,1,0,0,0,0,0,1,0,0,1,1,0,0
0.00336641,0,1,1,1,0,0,0,0,0,1,0,0,1,1,0,0
0.00336642,1,1,1,1,0,0,0,0,0,1,0,0,1,1,0,0
0.00336643,0,1,1,1,0,0,0,0,0,1,0,0,1,1,0,0
0.00336644,0,1,0,1,0,0,0,0,0,1,0,0,1,1,0,0
0.00336728,0,1,1,1,0,0,0,0,0,1,0,0,1,1,0,0
0.00336729,1,1,1,1,0,1,1,1,0,1,0,0,1,1,0,0
0.0033673,1,1,1,1,1,1,1,1,0,1,0,0,1,1,0,0
0.0033683,0,0,0,1,1,0,1,0,0,1,0,0,1,1,0,0
0.00336832,0,0,1,1,1,0,1,0,0,1,0,0,1,1,0,0
0.00336834,1,1,1,1,1,1,1,1,0,1,0,0,1,1,0,0
0.00336835,1,1,1,0,1,1,0,0,0,1,0,0,1,1,0,0
0.00336836,0,0,1,0,1,0,0,0,0,1,0,0,1,1,0,0
0.0033684,0,0,1,0,1,1,0,0,0,1,0,0,1,1,0,0
0.00336842,0,0,1,0,1,0,0,0,0,1,0,0,1,1,0,0
0.00336869,0,0,1,0,1,0,0,0,0,0,0,0,1,0,0,0
0.00336871,0,0,1,0,1,0,0,0,0,0,1,0,1,0,0,0
0.00336877,0,0,1,0,1,0,0,0,0,0,0,0,0,0,0,0
0.00336878,0,1,1,1,1,0,0,0,0,0,1,0,1,0,0,0
0.00336879,0,1,1,1,1,0,0,0,0,1,1,1,1,0,0,0
0.0033688,1,1,1,1,1,0,0,0,0,1,1,1,1,0,0,0
0.00336881,1,1,1,0,1,1,1,1,0,0,1,0,1,0,0,0
0.00336882,0,0,1,0,1,0,0,0,0,0,1,0,1,0,0,0
0.00336887,0,0,1,0,1,1,0,0,0,0,1,0,1,0,0,0
0.00336889,0,0,1,0,1,0,0,0,0,0,1,0,1,0,0,0
0.00336922,1,0,1,0,1,0,0,0,0,0,1,0,1,0,0,0
0.00336923,1,1,1,0,1,0,0,0,0,0,1,0,1,0,0,0
0.00336924,1,1,1,0,1,1,1,1,0,0,1,0,1,0,0,0
0.00336925,1,1,1,1,1,1,1,1,0,0,1,0,1,0,0,0
0.00337028,0,0,0,0,0,0,0,1,0,0,1,0,1,0,0,0
0.00337032,0,0,0,0,0,1,0,1,0,0,1,0,1,0,0,0
0.00337033,1,0,1,0,0,1,0,1,0,0,1,0,1,0,0,0
0.00337034,1,1,1,1,0,1,1,1,0,0,1,0,1,0,0,0
0.00337035,1,1,1,0,0,1,0,1,0,0,1,0,1,0,0,0
0.00337036,1,0,1,0,0,1,0,1,0,0,1,0,1,0,0,0
0.00337037,0,0,0,0,0,0,0,1,0,0,1,0,1,0,0,0
0.00337117,1,1,0,0,0,0,0,1,0,0,1,0,1,0,0,0
0.00337118,1,1,1,0,0,0,0,1,0,0,1,0,1,0,0,0
0.0033712,1,1,1,1,1,1,1,1,0,0,1,0,1,0,0,0
0.00337124,1,1,0,0,1,1,1,0,0,0,1,0,1,0,0,0
0.00337125,1,1,0,0,1,0,0,0,0,0,1,0,1,0,0,0
0.00337128,1,1,1,1,1,1,0,0,0,0,1,0,1,0,0,0
0.00337129,1,1,1,1,1,1,1,0,0,0,1,0,1,0,0,0
0.00337131,1,1,1,0,1,1,1,0,0,0,1,0,1,0,0,0
0.00337132,1,1,0,0,1,0,0,0,0,0,1,0,1,0,0,0
0.00337136,1,1,1,0,1,1,0,0,0,0,1,0,1,0,0,0
0.00337139,1,1,0,0,1,0,0,0,0,0,1,0,1,0,0,0
0.00337162,1,1,0,0,1,0,0,0,0,0,0,0,1,0,0,0
0.00337163,1,1,0,0,1,0,0,0,1,1,0,0,1,0,0,0
0.0033717,1,1,0,0,1,0,0,0,0,1,0,0,0,0,0,0
0.00337171,1,1,0,0,1,0,0,0,1,1,0,0,1,0,0,0
0.00337215,1,1,1,1,1,0,0,0,1,1,0,0,1,0,0,0
0.00337216,1,1,1,1,1,1,1,1,1,1,0,0,1,0,0,0
0.00337223,1,0,0,0,1,1,1,0,1,1,0,0,1,0,0,0
0.00337227,1,1,1,1,1,1,1,0,1,1,0,0,1,0,0,0
0.00337228,1,1,1,1,1,1,1,1,1,1,0,0,1,0,0,0
0.00337229,1,0,1,1,1,1,1,0,1,1,0,0,1,0,0,0
0.0033723,1,0,0,0,1,1,1,0,1,1,0,0,1,0,0,0
0.00337235,1,0,1,0,1,1,1,0,1,1,0,0,1,0,0,0
0.00337236,1,0,0,0,1,1,1,0,1,1,0,0,1,0,0,0
0.00337313,1,1,1,1,1,1,1,0,1,1,0,0,1,0,0,0
0.00337315,1,1,1,1,1,1,1,1,1,1,0,0,1,0,0,0
0.0033732,0,1,1,1,1,0,0,1,1,1,0,0,1,0,0,0
0.00337321,0,1,0,0,1,0,0,0,1,1,0,0,1,0,0,0
0.00337324,0,1,1,0,1,0,0,0,1,1,0,0,1,0,0,0
0.00337325,0,1,1,1,1,1,0,0,1,1,0,0,1,0,0,0
0.00337326,1,1,1,1,1,1,1,1,1,1,0,0,1,0,0,0
0.00337327,1,1,1,1,1,1,0,0,1,1,0,0,1,0,0,0
0.00337328,1,1,1,1,1,0,0,0,1,1,0,0,1,0,0,0
0.00337329,0,1,1,0,1,0,0,0,1,1,0,0,1,0,0,0
0.0033733,0,1,0,0,1,0,0,0,1,1,0,0,1,0,0,0
0.00337332,0,1,1,0,1,0,0,0,1,1,0,0,1,0,0,0
0.00337333,0,1,1,1,1,0,0,0,1,1,0,0,1,0,0,0
0.00337336,0,1,1,0,1,0,0,0,1,1,0,0,1,0,0,0
0.00337353,0,1,0,0,1,0,0,0,1,1,0,0,1,0,0,0
0.00337354,0,1,1,0,1,0,0,0,1,1,0,0,1,0,0,0
0.00337358,0,1,1,0,1,0,0,0,0,1,0,0,1,0,0,0
0.00337361,0,1,0,0,1,0,0,0,0,1,0,0,1,0,0,0
0.00337363,0,1,1,0,1,0,0,0,0,1,0,0,1,0,0,0
0.00337365,0,1,1,0,1,0,0,0,0,0,0,0,0,0,0,0
0.00337366,0,1,0,0,1,0,0,0,0,1,0,0,1,0,0,0
0.00337371,0,1,1,0,1,0,0,0,0,1,0,0,1,0,0,0
0.00337374,0,1,0,0,1,0,0,0,0,1,0,0,1,0,0,0
0.0033741,1,1,1,0,1,0,0,0,0,1,0,0,1,0,0,0
0.00337411,1,1,1,1,1,0,0,0,0,1,0,0,1,0,0,0
0.00337412,1,1,1,1,1,1,1,1,0,1,0,0,1,0,0,0
0.00337418,1,1,1,0,1,1,1,0,0,1,0,0,1,0,0,0
0.00337419,1,1,0,0,1,1,0,0,0,1,0,0,1,0,0,0
0.00337422,1,1,1,0,1,1,0,0,0,1,0,0,1,0,0,0
0.00337423,1,1,1,1,1,1,1,1,0,1,0,0,1,0,0,0
0.00337425,1,1,0,0,1,1,0,0,0,1,0,0,1,0,0,0
0.0033743,1,1,1,0,1,1,0,0,0,1,0,0,1,0,0,0
0.00337432,1,1,0,0,1,1,0,0,0,1,0,0,1,0,0,0
0.00337509,1,1,1,0,1,1,1,0,0,1,0,0,1,0,0,0
0.0033751,1,1,0,0,1,1,1,0,0,1,0,0,1,0,0,0
0.00337511,1,1,1,1,1,1,1,1,0,1,0,0,1,0,0,0
0.00337515,1,0,0,0,1,0,0,0,0,1,0,0,1,0,0,0
0.00337519,1,0,1,1,1,1,1,0,0,1,0,0,1,0,0,0
0.0033752,1,1,1,1,1,1,1,1,0,1,0,0,1,0,0,0
0.00337522,1,0,1,1,1,0,1,0,0,1,0,0,1,0,0,0
0.00337523,1,0,1,0,1,0,0,0,0,1,0,0,1,0,0,0
0.00337524,1,0,0,0,1,0,0,0,0,1,0,0,1,0,0,0
0.00337527,1,0,1,1,1,0,0,0,0,1,0,0,1,0,0,0
0.0033753,1,0,1,0,1,0,0,0,0,1,0,0,1,0,0,0
0.00337532,1,0,0,0,1,0,0,0,0,1,0,0,1,0,0,0
0.00337535,1,0,1,0,1,0,0,0,0,1,0,0,1,0,0,0
0.0033754,1,0,0,0,1,0,0,0,0,1,0,0,1,0,0,0
0.00337553,1,0,0,0,1,0,0,0,0,0,0,0,1,0,0,0
0.00337554,1,0,0,0,1,0,0,0,1,0,0,0,1,0,0,0
0.00337559,1,0,1,0,1,0,0,0,1,0,0,0,1,0,0,0
0.0033756,1,0,1,0,1,0,0,0,0,0,0,0,0,0,0,0
0.00337561,1,0,0,0,1,0,0,0,1,0,0,0,1,0,0,0
0.00337566,1,0,1,0,1,0,0,0,1,0,0,0,1,0,0,0
0.00337567,1,0,0,0,1,0,0,0,1,0,0,0,1,0,0,0
0.00337608,1,1,1,1,1,1,1,0,1,0,0,0,1,0,0,0
0.00337609,1,1,1,1,1,1,1,1,1,0,0,0,1,0,0,0
0.00337613,0,1,1,1,1,1,1,0,1,0,0,0,1,0,0,0
0.00337614,0,0,1,1,1,0,1,0,1,0,0,0,1,0,0,0
0.00337617,0,0,1,1,1,1,1,0,1,0,0,0,1,0,0,0
0.00337618,1,1,1,1,1,1,1,1,1,0,0,0,1,0,0,0
0.00337619,0,1,1,1,1,1,1,1,1,0,0,0,1,0,0,0
0.0033762,0,0,1,1,1,0,1,0,1,0,0,0,1,0,0,0
0.00337703,1,1,1,1,1,0,1,0,1,0,0,0,1,0,0,0
0.00337705,1,1,1,1,1,1,1,0,1,0,0,0,1,0,0,0
0.00337706,1,1,1,1,1,1,1,1,1,0,0,0,1,0,0,0
0.00337711,1,1,0,0,1,0,0,0,1,0,0,0,1,0,0,0
0.00337715,1,1,1,1,1,1,0,0,1,0,0,0,1,0,0,0
0.00337716,1,1,1,1,1,1,1,1,1,0,0,0,1,0,0,0
0.00337717,1,1,1,1,1,1,0,0,1,0,0,0,1,0,0,0
0.00337718,1,1,1,0,1,0,0,0,1,0,0,0,1,0,0,0
0.00337719,1,1,0,0,1,0,0,0,1,0,0,0,1,0,0,0
0.00337723,1,1,1,0,1,0,0,0,1,0,0,0,1,0,0,0
0.00337725,1,1,0,0,1,0,0,0,1,0,0,0,1,0,0,0
0.00337749,1,1,0,0,1,0,0,0,1,1,0,0,1,0,0,0
0.00337756,1,1,0,0,1,0,0,0,0,0,0,0,0,0,0,0
0.00337757,1,1,0,0,1,0,0,0,1,1,0,0,1,0,0,0
0.00337802,1,1,1,0,1,0,0,0,1,1,0,0,1,0,0,0
0.00337803,1,1,1,1,1,0,0,0,1,1,0,0,1,0,0,0
0.00337804,1,1,1,1,1,1,1,1,1,1,0,0,1,0,0,0
0.00337809,1,1,1,0,0,0,1,0,1,1,0,0,1,0,0,0
0.00337813,1,1,1,1,0,1,1,0,1,1,0,0,1,0,0,0
0.00337814,1,1,1,1,0,1,1,1,1,1,0,0,1,0,0,0
0.00337815,1,1,1,1,0,1,1,0,1,1,0,0,1,0,0,0
0.00337816,1,1,1,0,0,0,1,0,1,1,0,0,1,0,0,0
0.00337821,1,1,1,1,0,0,1,0,1,1,0,0,1,0,0,0
0.00337822,1,1,1,0,0,0,1,0,1,1,0,0,1,0,0,0
0.00337901,1,1,1,0,0,0,1,1,1,1,0,0,1,0,0,0
0.00337904,1,1,1,1,1,1,1,1,1,1,0,0,1,0,0,0
0.00337905,0,1,1,1,1,1,1,1,1,1,0,0,1,0,0,0
0.00337906,0,1,0,0,0,0,0,1,1,1,0,0,1,0,0,0
0.0033791,0,1,0,1,0,1,0,1,1,1,0,0,1,0,0,0
0.00337911,0,1,1,1,0,1,0,1,1,1,0,0,1,0,0,0
0.00337912,0,1,0,1,0,1,0,1,1,1,0,0,1,0,0,0
0.00337913,0,1,0,0,0,0,0,1,1,1,0,0,1,0,0,0
0.00337943,0,1,0,0,0,0,0,1,1,1,0,0,0,0,0,0
0.00337944,0,1,0,0,0,0,0,1,0,1,0,0,0,0,0,1
0.00337997,1,1,1,0,0,0,1,1,0,1,0,0,0,0,0,1
0.00337999,1,1,1,1,1,1,1,0,0,1,0,0,0,0,0,1
0.00338,1,1,1,1,0,0,1,0,0,1,0,0,0,0,0,1
0.00338001,1,1,1,0,0,0,1,0,0,1,0,0,0,0,0,1
0.00338097,1,1,1,1,1,1,1,0,0,1,0,0,0,0,0,1
0.00338098,1,1,1,1,1,1,1,1,0,1,0,0,0,0,0,1
0.00338101,0,0,1,1,1,0,1,0,0,1,0,0,0,0,0,1
0.00338102,0,0,0,1,1,0,1,0,0,1,0,0,0,0,0,1
0.00338103,1,1,1,1,1,1,1,1,0,1,0,0,0,0,0,1
0.00338106,0,1,1,0,1,1,1,1,0,1,0,0,0,0,0,1
0.00338107,0,1,0,0,1,0,1,1,0,1,0,0,0,0,0,1
0.00338112,0,1,0,0,1,1,1,1,0,1,0,0,0,0,0,1
0.00338113,0,1,0,0,1,0,1,1,0,1,0,0,0,0,0,1
0.00338139,0,1,0,0,1,0,1,1,0,1,0,0,1,0,1,0
0.0033814,0,1,0,0,1,0,1,1,0,1,0,0,1,0,1,1
0.00338147,0,1,0,0,1,0,1,1,0,1,0,0,1,0,1,0
0.00338148,0,1,0,0,1,0,1,1,0,1,0,0,1,0,1,1
0.00338192,1,1,1,0,1,0,1,1,0,1,0,0,1,0,1,1
0.00338193,0,1,1,1,1,1,1,1,0,1,0,0,1,0,1,1
0.00338194,1,1,1,1,1,0,1,1,0,1,0,0,1,0,1,1
0.00338195,1,1,1,1,1,1,1,1,0,1,0,0,1,0,1,1
0.00338199,1,1,1,0,0,0,1,0,0,1,0,0,1,0,1,1
0.00338203,1,1,1,1,0,1,1,0,0,1,0,0,1,0,1,1
0.00338205,1,1,1,0,0,1,1,0,0,1,0,0,1,0,1,1
0.00338206,1,1,1,0,0,0,1,0,0,1,0,0,1,0,1,1
0.0033829,1,1,1,1,0,1,1,0,0,1,0,0,1,0,1,1
0.00338291,1,1,1,1,1,1,1,1,0,1,0,0,1,0,1,1
0.00338388,0,0,0,0,0,0,0,0,0,1,0,0,1,0,1,1
0.00338484,0,0,1,1,0,0,0,0,0,1,0,0,1,0,1,1
0.00338485,0,0,0,0,0,0,0,0,0,1,0,0,1,0,1,1
0.00338487,1,1,1,1,1,0,0,0,0,1,0,0,1,0,1,1
0.00338488,1,1,1,1,1,1,1,1,0,1,0,0,1,0,1,1
0.00338491,1,1,0,1,1,0,1,0,0,1,0,0,1,0,1,1
0.00338493,1,1,1,1,1,1,1,1,0,1,0,0,1,0,1,1
0.00338495,1,1,1,1,1,1,1,0,0,1,0,0,1,0,1,1
0.00338498,1,1,1,1,1,1,1,1,0,1,0,0,1,0,1,1
0.00338499,0,1,0,0,1,1,0,0,0,1,0,0,1,0,1,1
0.00338504,1,1,1,0,1,1,0,0,0,1,0,0,1,0,1,1
0.00338505,0,1,1,0,1,1,0,0,0,1,0,0,1,0,1,1
0.00338506,0,1,0,0,1,1,0,0,0,1,0,0,1,0,1,1
0.00338529,0,1,0,0,1,1,0,0,0,1,0,0,1,0,0,0
0.00338531,0,1,0,0,1,1,0,0,0,1,0,0,1,1,0,0
0.00338583,1,1,1,1,1,1,0,0,0,1,0,0,1,1,0,0
0.00338584,1,1,1,1,1,1,1,1,0,1,0,0,1,1,0,0
0.00338687,0,1,0,1,0,0,0,0,0,1,0,0,1,1,0,0
0.00338692,1,1,1,1,0,0,0,0,0,1,0,0,1,1,0,0
0.00338693,1,1,1,1,0,1,1,0,0,1,0,0,1,1,0,0
0.00338694,1,1,1,1,0,0,0,0,0,1,0,0,1,1,0,0
0.00338695,0,1,1,1,0,0,0,0,0,1,0,0,1,1,0,0
0.00338696,0,1,0,1,0,0,0,0,0,1,0,0,1,1,0,0
0.003387,0,1,1,1,0,0,0,0,0,1,0,0,1,1,0,0
0.00338703,0,1,0,1,0,0,0,0,0,1,0,0,1,1,0,0
0.00338778,0,1,1,1,0,0,0,0,0,1,0,0,1,1,0,0
0.00338779,1,1,1,1,0,1,1,0,0,1,0,0,1,1,0,0
0.0033878,1,1,1,1,1,1,1,1,0,1,0,0,1,1,0,0
0.0033888,1,0,1,1,1,1,1,0,0,1,0,0,1,1,0,0
0.00338881,0,0,0,1,1,0,1,0,0,1,0,0,1,1,0,0
0.00338883,0,0,1,1,1,1,1,1,0,1,0,0,1,1,0,0
0.00338884,1,1,1,1,1,1,1,1,0,1,0,0,1,1,0,0
0.00338886,1,0,1,1,1,0,0,0,0,1,0,0,1,1,0,0
0.00338887,0,0,1,1,1,0,0,0,0,1,0,0,1,1,0,0
0.00338888,0,0,1,0,1,0,0,0,0,1,0,0,1,1,0,0
0.0033892,0,0,1,0,1,0,0,0,0,0,0,0,1,0,0,0
0.00338921,0,0,1,0,1,0,0,0,0,0,1,0,1,0,0,0
0.00338928,0,1,1,0,1,0,0,0,0,0,1,0,1,0,0,0
0.0033893,0,1,1,0,1,0,0,0,0,1,1,0,1,0,0,0
0.00338931,0,0,1,0,1,1,1,1,0,1,1,0,1,0,0,0
0.00338932,0,0,1,0,1,1,0,0,0,0,1,0,1,0,0,0
0.00338933,0,0,1,0,1,0,0,0,0,0,1,0,1,0,0,0
0.00338975,1,1,1,0,1,1,1,1,0,0,1,0,1,0,0,0
0.00338976,1,1,1,1,1,1,1,1,0,0,1,0,1,0,0,0
0.00339077,0,0,0,0,0,0,0,1,0,0,1,0,1,0,0,0
0.00339082,0,0,0,0,0,1,0,1,0,0,1,0,1,0,0,0
0.00339083,1,1,1,1,0,1,1,1,0,0,1,0,1,0,0,0
0.00339085,1,0,1,0,0,1,1,1,0,0,1,0,1,0,0,0
0.00339086,0,0,0,0,0,0,0,1,0,0,1,0,1,0,0,0
0.00339091,0,0,0,0,0,1,0,1,0,0,1,0,1,0,0,0
0.00339093,0,0,0,0,0,0,0,1,0,0,1,0,1,0,0,0
0.00339168,0,0,1,1,1,0,0,1,0,0,1,0,1,0,0,0
0.00339169,0,1,1,1,1,0,0,1,0,0,1,0,1,0,0,0
0.0033917,1,1,1,1,1,1,1,1,0,0,1,0,1,0,0,0
0.00339175,1,1,1,1,1,1,1,0,0,0,1,0,1,0,0,0
0.00339176,1,1,0,0,1,0,0,0,0,0,1,0,1,0,0,0
0.0033918,1,1,1,1,1,1,1,0,0,0,1,0,1,0,0,0
0.00339183,1,1,1,0,1,0,0,0,0,0,1,0,1,0,0,0
0.00339184,1,1,0,0,1,0,0,0,0,0,1,0,1,0,0,0
0.00339188,1,1,1,0,1,1,0,0,0,0,1,0,1,0,0,0
0.0033919,1,1,1,0,1,0,0,0,0,0,1,0,1,0,0,0
0.00339191,1,1,0,0,1,0,0,0,0,0,1,0,1,0,0,0
0.00339213,1,1,0,0,1,0,0,0,0,1,0,0,1,0,0,0
0.00339214,1,1,0,0,1,0,0,0,1,1,0,0,1,0,0,0
0.0033922,1,1,0,0,1,0,0,0,0,0,0,0,0,0,0,0
0.00339221,1,1,0,0,1,0,0,0,1,1,0,0,1,0,0,0
0.00339266,1,1,0,1,1,0,0,0,1,1,0,0,1,0,0,0
0.00339267,1,1,1,0,1,1,0,0,1,1,0,0,1,0,0,0
0.00339268,1,1,1,1,1,1,1,1,1,1,0,0,1,0,0,0
0.00339272,1,0,1,0,1,1,1,1,1,1,0,0,1,0,0,0
0.00339273,1,0,0,0,1,1,1,0,1,1,0,0,1,0,0,0
0.00339277,1,0,1,1,1,1,1,0,1,1,0,0,1,0,0,0
0.00339279,1,0,0,0,1,1,1,0,1,1,0,0,1,0,0,0
0.00339363,1,1,1,1,1,1,1,0,1,1,0,0,1,0,0,0
0.00339365,1,1,1,1,1,1,1,1,1,1,0,0,1,0,0,0
0.00339371,0,1,1,0,1,0,0,0,1,1,0,0,1,0,0,0
0.00339372,0,1,0,0,1,0,0,0,1,1,0,0,1,0,0,0
0.00339375,0,1,1,0,1,0,0,0,1,1,0,0,1,0,0,0
0.00339376,0,1,1,1,1,1,0,0,1,1,0,0,1,0,0,0
0.00339377,1,1,1,1,1,1,1,1,1,1,0,0,1,0,0,0
0.00339378,1,1,1,1,1,1,1,0,1,1,0,0,1,0,0,0
0.00339379,0,1,1,1,1,0,0,0,1,1,0,0,1,0,0,0
0.0033938,0,1,0,0,1,0,0,0,1,1,0,0,1,0,0,0
0.00339383,0,1,1,0,1,0,0,0,1,1,0,0,1,0,0,0
0.00339384,0,1,1,1,1,0,0,0,1,1,0,0,1,0,0,0
0.00339386,0,1,1,0,1,0,0,0,1,1,0,0,1,0,0,0
0.00339388,0,1,0,0,1,0,0,0,1,1,0,0,1,0,0,0
0.00339391,0,1,1,0,1,0,0,0,1,1,0,0,1,0,0,0
0.00339396,0,1,0,0,1,0,0,0,1,1,0,0,1,0,0,0
0.00339398,0,1,1,0,1,0,0,0,1,1,0,0,1,0,0,0
0.003394,0,1,0,0,1,0,0,0,1,1,0,0,1,0,0,0
0.00339408,0,1,1,0,1,0,0,0,0,1,0,0,1,0,0,0
0.00339409,0,1,0,0,1,0,0,0,0,1,0,0,1,0,0,0
0.00339414,0,1,1,0,1,0,0,0,0,1,0,0,1,0,0,0
0.00339415,0,1,0,0,1,0,0,0,0,0,0,0,0,0,0,0
0.00339416,0,1,0,0,1,0,0,0,0,1,0,0,1,0,0,0
0.00339422,0,1,1,0,1,0,0,0,0,1,0,0,1,0,0,0
0.00339423,0,1,0,0,1,0,0,0,0,1,0,0,1,0,0,0
0.00339461,1,1,0,0,1,0,0,0,0,1,0,0,1,0,0,0
0.00339462,0,1,1,1,1,0,0,0,0,1,0,0,1,0,0,0
0.00339463,1,1,1,1,1,1,1,1,0,1,0,0,1,0,0,0
0.00339467,1,1,0,0,1,1,1,1,0,1,0,0,1,0,0,0
0.00339468,1,1,0,0,1,1,0,0,0,1,0,0,1,0,0,0
0.00339471,1,1,1,1,1,1,0,0,0,1,0,0,1,0,0,0
0.00339472,1,1,1,1,1,1,1,1,0,1,0,0,1,0,0,0
0.00339473,1,1,1,1,1,1,1,0,0,1,0,0,1,0,0,0
0.00339474,1,1,0,0,1,1,0,0,0,1,0,0,1,0,0,0
0.0033956,1,1,0,0,1,1,1,0,0,1,0,0,1,0,0,0
0.00339561,1,1,0,1,1,1,1,0,0,1,0,0,1,0,0,0
0.00339563,1,1,1,1,1,1,1,0,0,1,0,0,1,0,0,0
0.00339564,1,1,1,1,1,1,1,1,0,1,0,0,1,0,0,0
0.00339565,1,0,1,1,1,0,1,1,0,1,0,0,1,0,0,0
0.00339566,1,0,0,0,1,0,0,0,0,1,0,0,1,0,0,0
0.0033957,1,0,1,1,1,0,0,0,0,1,0,0,1,0,0,0
0.00339571,1,0,1,1,1,1,1,0,0,1,0,0,1,0,0,0
0.00339572,1,0,1,1,1,0,1,0,0,1,0,0,1,0,0,0
0.00339573,1,0,0,0,1,0,0,0,0,1,0,0,1,0,0,0
0.00339603,1,0,0,0,1,0,0,0,0,0,0,0,1,0,0,0
0.00339604,1,0,0,0,1,0,0,0,1,0,0,0,1,0,0,0
0.00339611,1,0,0,0,1,0,0,0,0,0,0,0,0,0,0,0
0.00339612,1,0,0,0,1,0,0,0,1,0,0,0,1,0,0,0
0.00339656,1,0,1,1,1,0,0,0,1,0,0,0,1,0,0,0
0.00339658,1,1,1,1,1,1,1,1,1,0,0,0,1,0,0,0
0.00339659,1,1,1,1,1,0,1,0,1,0,0,0,1,0,0,0
0.00339661,1,1,1,1,1,1,1,1,1,0,0,0,1,0,0,0
0.00339662,1,0,1,1,1,1,1,1,1,0,0,0,1,0,0,0
0.00339663,0,0,1,1,1,1,1,1,1,0,0,0,1,0,0,0
0.00339664,0,0,1,1,1,0,1,0,1,0,0,0,1,0,0,0
0.00339757,1,1,1,1,1,1,1,1,1,0,0,0,1,0,0,0
0.00339761,0,0,1,0,1,1,0,1,1,0,0,0,1,0,0,0
0.00339762,0,0,1,0,1,0,0,0,1,0,0,0,1,0,0,0
0.00339766,0,0,1,1,1,0,0,0,1,0,0,0,1,0,0,0
0.00339767,1,0,1,1,1,1,1,0,1,0,0,0,1,0,0,0
0.00339768,1,1,1,1,1,1,1,0,1,0,0,0,1,0,0,0
0.00339769,0,0,1,1,1,0,0,0,1,0,0,0,1,0,0,0
0.0033977,0,0,1,0,1,0,0,0,1,0,0,0,1,0,0,0
0.00339774,0,0,1,1,1,0,0,0,1,0,0,0,1,0,0,0
0.00339777,0,0,1,0,1,0,0,0,1,0,0,0,1,0,0,0
0.00339798,0,0,1,0,1,0,0,0,0,0,0,0,1,0,0,0
0.00339799,0,0,1,0,1,0,0,0,0,0,1,0,1,0,0,0
0.00339806,0,0,1,0,1,0,0,0,0,0,1,0,0,0,0,0
0.00339807,0,0,1,0,1,0,1,0,0,0,1,0,1,0,0,0
0.00339808,0,0,1,0,1,0,1,0,0,0,1,0,1,0,1,0
0.0033981,1,1,1,1,1,1,1,0,0,0,1,0,1,0,1,0
0.00339811,1,1,1,1,1,0,0,0,0,0,1,0,1,0,0,0
0.00339812,0,0,1,0,1,0,0,0,0,0,1,0,1,0,0,0
0.00339816,0,0,1,1,1,0,0,0,0,0,1,0,1,0,0,0
0.00339819,0,0,1,0,1,0,0,0,0,0,1,0,1,0,0,0
0.00339853,0,0,1,1,1,0,1,0,0,0,1,0,1,0,0,0
0.00339856,1,1,1,1,1,1,1,1,0,0,1,0,1,0,0,0
0.00339857,1,1,0,1,1,1,1,1,0,0,1,0,1,0,0,0
0.00339858,0,0,0,0,0,0,1,0,0,0,1,0,1,0,0,0
0.00339862,0,0,0,1,0,0,1,0,0,0,1,0,1,0,0,0
0.00339863,1,0,0,1,0,1,1,0,0,0,1,0,1,0,0,0
0.00339865,0,0,0,1,0,0,1,0,0,0,1,0,1,0,0,0
0.00339866,0,0,0,0,0,0,1,0,0,0,1,0,1,0,0,0
0.0033995,1,1,1,1,0,0,1,1,0,0,1,0,1,0,0,0
0.00339951,1,1,1,1,0,0,1,0,0,0,1,0,1,0,0,0
0.00339952,1,1,1,1,1,1,1,0,0,0,1,0,1,0,0,0
0.00339953,1,1,1,1,1,1,1,1,0,0,1,0,1,0,0,0
0.00339957,1,0,1,1,0,1,0,1,0,0,1,0,1,0,0,0
0.00339958,0,0,0,0,0,0,0,1,0,0,1,0,1,0,0,0
0.00339963,1,0,0,1,0,1,0,1,0,0,1,0,1,0,0,0
0.00339964,1,1,1,1,0,1,1,1,0,0,1,0,1,0,0,0
0.00339965,1,0,0,1,0,1,0,1,0,0,1,0,1,0,0,0
0.00339966,0,0,0,0,0,0,0,1,0,0,1,0,1,0,0,0
0.00339971,1,0,0,0,0,0,0,1,0,0,1,0,1,0,0,0
0.00339974,0,0,0,0,0,0,0,1,0,0,1,0,1,0,0,0
0.00340047,1,1,1,1,0,0,0,1,0,0,1,0,1,0,0,0
0.00340049,1,1,1,1,1,1,1,1,0,0,1,0,1,0,0,0
0.00340054,0,0,0,1,0,0,0,1,0,0,1,0,1,0,0,0
0.00340058,1,1,1,1,0,1,1,1,0,0,1,0,1,0,0,0
0.00340061,1,0,1,1,0,0,0,1,0,0,1,0,1,0,0,0
0.00340062,0,0,0,1,0,0,0,1,0,0,1,0,1,0,0,0
0.00340067,1,0,1,1,0,0,0,1,0,0,1,0,1,0,0,0
0.00340068,1,0,0,1,0,0,0,1,0,0,1,0,1,0,0,0
0.00340069,0,0,0,1,0,0,0,1,0,0,1,0,1,0,0,0
0.00340091,0,0,0,1,0,0,0,1,0,0,0,0,0,0,0,0
0.00340092,0,0,0,1,0,0,0,1,0,0,0,0,0,0,0,1
0.00340093,0,0,0,1,0,0,0,1,0,0,0,1,0,0,0,1
0.00340099,0,0,0,1,0,0,0,1,0,0,0,1,0,0,0,0
0.003401,0,0,0,1,0,0,0,1,0,0,0,1,0,0,0,1
0.00340144,1,1,1,1,0,0,0,1,0,0,0,1,0,0,0,1
0.00340146,1,1,1,1,1,1,1,1,0,0,0,1,0,0,0,1
0.00340147,1,0,1,1,1,1,1,1,0,0,0,1,0,0,0,1
0.00340148,1,1,1,1,1,1,1,1,0,0,0,1,0,0,0,1
0.00340152,0,0,0,0,0,0,0,1,0,0,0,1,0,0,0,1
0.00340156,1,1,1,0,0,1,1,1,0,0,0,1,0,0,0,1
0.00340157,1,1,1,1,0,1,1,1,0,0,0,1,0,0,0,1
0.00340158,1,1,1,1,1,1,1,1,0,0,0,1,0,0,0,1
0.00340159,1,1,1,1,0,1,1,1,0,0,0,1,0,0,0,1
0.0034016,1,0,1,0,0,1,1,1,0,0,0,1,0,0,0,1
0.00340161,0,0,0,0,0,0,0,1,0,0,0,1,0,0,0,1
0.00340164,1,0,1,0,0,0,0,1,0,0,0,1,0,0,0,1
0.00340165,1,1,1,0,0,1,1,1,0,0,0,1,0,0,0,1
0.00340167,1,0,1,0,0,0,0,1,0,0,0,1,0,0,0,1
0.00340168,0,0,1,0,0,0,0,1,0,0,0,1,0,0,0,1
0.00340169,0,0,0,0,0,0,0,1,0,0,0,1,0,0,0,1
0.00340172,0,0,1,0,0,0,0,1,0,0,0,1,0,0,0,1
0.00340184,0,0,0,0,0,0,0,1,0,0,0,1,0,0,0,1
0.00340186,0,0,1,0,0,0,0,1,0,0,0,1,0,0,0,1
0.00340187,0,0,0,0,0,0,0,1,0,0,0,1,0,0,0,1
0.00340191,0,0,1,0,0,0,0,1,0,0,0,1,0,0,0,1
0.00340193,0,0,0,0,0,0,0,1,0,0,0,1,0,0,0,1
0.00340248,0,1,1,1,0,1,0,1,0,0,0,1,0,0,0,1
0.00340249,0,1,1,1,0,1,1,1,0,0,0,1,0,0,0,1
0.0034025,1,1,1,1,1,1,1,1,0,0,0,1,0,0,0,1
0.00340253,1,1,0,0,1,1,1,1,0,0,0,1,0,0,0,1
0.00340255,1,1,0,0,1,0,1,1,0,0,0,1,0,0,0,1
0.00340256,0,1,1,1,1,0,1,1,0,0,0,1,0,0,0,1
0.00340257,0,1,0,0,1,0,1,1,0,0,0,1,0,0,0,1
0.0034026,0,1,1,0,1,0,1,1,0,0,0,1,0,0,0,1
0.00340261,1,1,1,1,1,1,1,1,0,0,0,1,0,0,0,1
0.00340262,1,1,1,1,1,0,1,1,0,0,0,1,0,0,0,1
0.00340263,0,1,0,0,1,0,1,1,0,0,0,1,0,0,0,1
0.00340287,0,1,0,0,1,0,1,1,0,0,0,0,0,0,1,1
0.00340288,0,1,0,0,1,0,1,1,0,1,0,0,1,0,1,1
0.00340294,0,1,0,0,1,0,1,1,0,0,0,0,1,0,1,0
0.00340295,0,1,0,0,1,0,1,1,0,1,0,0,1,0,1,1
0.00340342,1,1,1,1,1,0,1,1,0,1,0,0,1,0,1,1
0.00340343,1,1,1,1,1,1,1,1,0,1,0,0,1,0,1,1
0.00340346,0,0,0,0,0,0,0,1,0,1,0,0,1,0,1,1
0.0034035,1,0,1,1,0,1,1,1,0,1,0,0,1,0,1,1
0.00340352,1,1,1,1,0,1,1,1,0,1,0,0,1,0,1,1
0.00340354,1,0,1,1,0,1,1,1,0,1,0,0,1,0,1,1
0.00340355,0,0,0,0,0,0,0,1,0,1,0,0,1,0,1,1
0.00340358,0,0,1,1,0,1,0,1,0,1,0,0,1,0,1,1
0.0034036,1,0,1,1,0,1,1,1,0,1,0,0,1,0,1,1
0.00340362,0,0,1,1,0,1,0,1,0,1,0,0,1,0,1,1
0.00340364,0,0,0,0,0,0,0,1,0,1,0,0,1,0,1,1
0.00340365,0,0,1,0,0,0,0,1,0,1,0,0,1,0,1,1
0.00340366,0,0,1,1,0,1,0,1,0,1,0,0,1,0,1,1
0.00340372,0,0,1,0,0,1,0,1,0,1,0,0,1,0,1,1
0.00340375,0,0,1,1,0,1,0,1,0,1,0,0,1,0,1,1
0.00340378,0,0,1,0,0,1,0,1,0,1,0,0,1,0,1,1
0.0034038,0,0,1,0,0,0,0,1,0,1,0,0,1,0,1,1
0.00340382,0,0,1,1,0,1,0,1,0,1,0,0,1,0,1,1
0.00340383,0,0,0,0,0,0,0,1,0,1,0,0,1,0,1,1
0.00340385,0,0,1,0,0,1,0,1,0,1,0,0,1,0,1,1
0.00340386,0,0,1,1,0,1,0,1,0,1,0,0,1,0,1,1
0.00340388,0,0,0,0,0,0,0,1,0,1,0,0,1,0,1,1
0.0034039,0,0,1,0,0,0,0,1,0,1,0,0,1,0,1,1
0.00340391,0,0,0,0,0,0,0,1,0,1,0,0,1,0,1,1
0.00340393,0,0,1,0,0,0,0,1,0,1,0,0,1,0,1,1
0.00340397,0,0,0,0,0,0,0,1,0,1,0,0,1,0,1,1
0.00340403,0,0,1,0,0,0,0,1,0,1,0,0,1,0,1,1
0.00340404,0,0,0,0,0,0,0,1,0,1,0,0,1,0,1,1
0.00340437,0,0,1,1,0,1,1,1,0,1,0,0,1,0,1,1
0.00340438,1,1,1,1,1,1,1,1,0,1,0,0,1,0,1,1
0.00340536,0,0,0,0,0,0,0,0,0,1,0,0,1,0,1,1
0.0034054,0,0,1,0,0,1,1,0,0,1,0,0,1,0,1,1
0.00340541,1,0,1,0,0,0,1,0,0,1,0,0,1,0,1,1
0.00340542,0,0,0,0,0,0,0,0,0,1,0,0,1,0,1,1
0.00340631,0,0,1,0,0,0,1,0,0,1,0,0,1,0,1,1
0.00340632,1,1,1,0,0,0,1,0,0,1,0,0,1,0,1,1
0.00340633,0,0,0,0,0,0,0,0,0,1,0,0,1,0,1,1
0.00340635,1,1,1,1,1,1,1,1,0,1,0,0,1,0,1,1
0.00340639,0,0,0,1,1,0,1,0,0,1,0,0,1,0,1,1
0.00340641,0,1,0,1,1,1,1,1,0,1,0,0,1,0,1,1
0.00340642,1,1,1,1,1,1,1,1,0,1,0,0,1,0,1,1
0.00340644,1,1,1,0,1,1,0,1,0,1,0,0,1,0,1,1
0.00340645,0,1,0,0,1,1,0,0,0,1,0,0,1,0,1,1
0.00340649,1,1,1,0,1,1,0,0,0,1,0,0,1,0,1,1
0.0034065,1,1,1,0,1,1,1,0,0,1,0,0,1,0,1,1
0.00340651,1,1,1,0,1,1,0,0,0,1,0,0,1,0,1,1
0.00340652,0,1,1,0,1,1,0,0,0,1,0,0,1,0,1,1
0.00340653,0,1,0,0,1,1,0,0,0,1,0,0,1,0,1,1
0.00340657,0,1,1,0,1,1,0,0,0,1,0,0,1,0,1,1
0.0034066,0,1,0,0,1,1,0,0,0,1,0,0,1,0,1,1
0.00340677,0,1,0,0,1,1,0,0,0,1,0,0,1,0,0,0
0.00340679,0,1,0,0,1,1,0,0,0,1,0,0,1,1,0,0
0.0034073,1,1,0,0,1,1,0,0,0,1,0,0,1,1,0,0
0.00340731,1,1,1,0,1,1,0,0,0,1,0,0,1,1,0,0
0.00340732,1,1,1,1,1,1,1,1,0,1,0,0,1,1,0,0
0.00340737,0,1,0,0,0,0,0,0,0,1,0,0,1,1,0,0
0.00340741,1,1,1,0,0,0,1,0,0,1,0,0,1,1,0,0
0.00340742,1,1,1,1,0,0,1,0,0,1,0,0,1,1,0,0
0.00340743,1,1,1,1,0,1,1,1,0,1,0,0,1,1,0,0
0.00340745,1,1,1,1,0,0,1,0,0,1,0,0,1,1,0,0
0.00340746,1,1,1,0,0,0,0,0,0,1,0,0,1,1,0,0
0.00340747,0,1,0,0,0,0,0,0,0,1,0,0,1,1,0,0
0.00340748,0,1,1,0,0,0,0,0,0,1,0,0,1,1,0,0
0.00340749,1,1,1,0,0,0,0,0,0,1,0,0,1,1,0,0
0.0034075,1,1,1,1,0,0,0,0,0,1,0,0,1,1,0,0
0.00340752,1,1,1,1,0,0,1,0,0,1,0,0,1,1,0,0
0.00340753,1,1,1,0,0,0,0,0,0,1,0,0,1,1,0,0
0.00340762,0,1,1,0,0,0,0,0,0,1,0,0,1,1,0,0
0.00340763,1,1,1,0,0,0,0,0,0,1,0,0,1,1,0,0
0.00340774,0,1,1,0,0,0,0,0,0,1,0,0,1,1,0,0
0.00340776,1,1,1,1,0,0,0,0,0,1,0,0,1,1,0,0
0.00340777,1,1,1,0,0,0,0,0,0,1,0,0,1,1,0,0
0.00340778,0,1,1,0,0,0,0,0,0,1,0,0,1,1,0,0
0.0034078,1,1,1,0,0,0,0,0,0,1,0,0,1,1,0,0
0.00340783,0,1,1,0,0,0,0,0,0,1,0,0,1,1,0,0
0.00340784,1,1,1,0,0,0,0,0,0,1,0,0,1,1,0,0
0.00340787,0,1,1,0,0,0,0,0,0,1,0,0,1,1,0,0
0.00340794,1,1,1,0,0,0,0,0,0,1,0,0,1,1,0,0
0.00340795,0,1,1,0,0,0,0,0,0,1,0,0,1,1,0,0
0.00340823,0,1,0,0,0,0,0,0,0,1,0,0,1,1,0,0
0.00340824,0,1,1,0,0,0,0,0,0,1,0,0,1,1,0,0
0.00340826,0,1,0,0,0,0,0,0,0,1,0,0,1,1,0,0
0.00340827,0,1,1,0,0,0,0,0,0,1,0,0,1,1,0,0
0.00340828,0,1,1,1,1,0,0,0,0,1,0,0,1,1,0,0
0.00340829,1,1,1,1,1,1,0,0,0,1,0,0,1,1,0,0
0.0034083,1,1,1,1,1,1,1,1,0,1,0,0,1,1,0,0
0.00340835,1,1,0,1,0,0,0,0,0,1,0,0,1,1,0,0
0.00340839,1,1,1,1,0,1,1,0,0,1,0,0,1,1,0,0
0.0034084,1,1,1,1,1,1,1,1,0,1,0,0,1,1,0,0
0.00340841,1,1,1,1,0,1,1,1,0,1,0,0,1,1,0,0
0.00340842,1,1,1,1,0,0,0,0,0,1,0,0,1,1,0,0
0.00340844,1,1,0,1,0,0,0,0,0,1,0,0,1,1,0,0
0.00340847,1,1,1,1,0,0,0,0,0,1,0,0,1,1,0,0
0.00340851,1,1,0,1,0,0,0,0,0,1,0,0,1,1,0,0
0.00340854,1,1,1,1,0,0,0,0,0,1,0,0,1,1,0,0
0.00340858,1,1,0,1,0,0,0,0,0,1,0,0,1,1,0,0
0.00340863,1,1,1,1,0,0,0,0,0,1,0,0,1,1,0,0
0.00340865,1,1,0,1,0,0,0,0,0,1,0,0,1,1,0,0
0.00340873,1,1,1,1,0,0,0,0,0,1,0,0,1,1,0,0
0.00340874,1,1,0,1,0,0,0,0,0,1,0,0,1,1,0,0
0.00340927,1,1,1,1,1,1,1,1,0,1,0,0,1,1,0,0
0.00341025,1,1,1,1,1,1,1,0,0,1,0,0,1,1,0,0
0.00341026,1,1,1,1,1,1,0,0,0,1,0,0,1,1,0,0
0.00341027,0,0,0,1,1,0,1,0,0,1,0,0,1,1,0,0
0.0034103,1,1,1,1,1,0,1,0,0,1,0,0,1,1,0,0
0.00341031,1,1,1,1,1,1,1,1,0,1,0,0,1,1,0,0
0.00341036,1,1,1,1,1,1,1,0,0,1,0,0,1,1,0,0
0.00341037,0,0,1,0,1,0,0,0,0,1,0,0,1,1,0,0
0.00341042,1,1,1,1,1,0,0,0,0,1,0,0,1,1,0,0
0.00341044,0,0,1,0,1,0,0,0,0,1,0,0,1,1,0,0
0.00341068,0,0,1,0,1,0,0,0,0,0,0,0,1,0,0,0
0.00341069,0,0,1,0,1,0,0,0,0,0,1,0,1,0,0,0
0.0034112,1,1,1,1,1,0,0,0,0,0,1,0,1,0,0,0
0.00341122,1,1,1,1,1,1,1,1,0,0,1,0,1,0,0,0
0.00341225,0,0,0,0,0,0,0,1,0,0,1,0,1,0,0,0
0.0034123,1,1,0,1,0,1,0,1,0,0,1,0,1,0,0,0
0.00341231,1,1,1,1,0,1,1,1,0,0,1,0,1,0,0,0
0.00341234,1,0,1,1,0,0,0,1,0,0,1,0,1,0,0,0
0.00341235,0,0,0,0,0,0,0,1,0,0,1,0,1,0,0,0
0.00341238,1,0,1,1,0,0,0,1,0,0,1,0,1,0,0,0
0.00341242,1,0,0,1,0,0,0,1,0,0,1,0,1,0,0,0
0.00341243,0,0,0,0,0,0,0,1,0,0,1,0,1,0,0,0
0.00341246,0,0,0,1,0,0,0,1,0,0,1,0,1,0,0,0
0.00341247,0,0,1,1,0,0,0,1,0,0,1,0,1,0,0,0
0.00341248,1,0,1,1,0,0,0,1,0,0,1,0,1,0,0,0
0.00341249,0,0,1,1,0,0,0,1,0,0,1,0,1,0,0,0
0.0034125,0,0,0,1,0,0,0,1,0,0,1,0,1,0,0,0
0.00341254,0,0,1,1,0,0,0,1,0,0,1,0,1,0,0,0
0.00341255,1,0,1,1,0,0,0,1,0,0,1,0,1,0,0,0
0.00341256,1,0,0,1,0,0,0,1,0,0,1,0,1,0,0,0
0.00341257,0,0,1,1,0,0,0,1,0,0,1,0,1,0,0,0
0.00341258,0,0,0,0,0,0,0,1,0,0,1,0,1,0,0,0
0.00341261,0,0,1,1,0,0,0,1,0,0,1,0,1,0,0,0
0.00341267,0,0,0,0,0,0,0,1,0,0,1,0,1,0,0,0
0.00341269,0,0,1,0,0,0,0,1,0,0,1,0,1,0,0,0
0.0034127,0,0,1,1,0,0,0,1,0,0,1,0,1,0,0,0
0.00341273,0,0,0,0,0,0,0,1,0,0,1,0,1,0,0,0
0.00341275,0,0,1,0,0,0,0,1,0,0,1,0,1,0,0,0
0.00341277,0,0,0,0,0,0,0,1,0,0,1,0,1,0,0,0
0.00341284,0,0,1,0,0,0,0,1,0,0,1,0,1,0,0,0
0.00341285,0,0,0,0,0,0,0,1,0,0,1,0,1,0,0,0
0.00341315,1,0,0,0,0,0,0,1,0,0,1,0,1,0,0,0
0.00341316,1,1,1,1,0,0,0,1,0,0,1,0,1,0,0,0
0.00341317,1,1,1,1,1,1,1,1,0,0,1,0,1,0,0,0
0.00341323,1,1,1,1,1,1,1,0,0,0,1,0,1,0,0,0
0.00341324,1,1,0,0,1,0,0,0,0,0,1,0,1,0,0,0
0.00341328,1,1,1,1,1,1,1,0,0,0,1,0,1,0,0,0
0.00341331,1,1,1,0,1,0,0,0,0,0,1,0,1,0,0,0
0.00341332,1,1,0,0,1,0,0,0,0,0,1,0,1,0,0,0
0.00341336,1,1,1,1,1,0,0,0,0,0,1,0,1,0,0,0
0.00341338,1,1,1,0,1,0,0,0,0,0,1,0,1,0,0,0
0.00341339,1,1,0,0,1,0,0,0,0,0,1,0,1,0,0,0
0.00341361,1,1,0,0,1,0,0,0,0,1,0,0,1,0,0,0
0.00341362,1,1,0,0,1,0,0,0,1,1,0,0,1,0,0,0
0.00341368,1,1,0,0,1,0,0,0,0,0,0,0,0,0,0,0
0.00341369,1,1,0,0,1,0,0,0,1,1,0,0,1,0,0,0
0.00341416,1,1,1,1,1,1,1,1,1,1,0,0,1,0,0,0
0.0034142,1,0,0,0,1,1,1,0,1,1,0,0,1,0,0,0
0.00341424,1,0,1,1,1,1,1,0,1,1,0,0,1,0,0,0
0.00341425,1,1,1,1,1,1,1,0,1,1,0,0,1,0,0,0
0.00341426,1,0,1,1,1,1,1,0,1,1,0,0,1,0,0,0
0.00341427,1,0,0,0,1,1,1,0,1,1,0,0,1,0,0,0
0.00341512,1,1,0,0,1,1,1,0,1,1,0,0,1,0,0,0
0.00341513,1,0,0,0,1,1,1,0,1,1,0,0,1,0,0,0
0.00341514,1,1,1,1,1,1,1,0,1,1,0,0,1,0,0,0
0.00341515,1,1,1,1,1,1,1,1,1,1,0,0,1,0,0,0
0.00341519,0,1,0,0,1,0,0,0,1,1,0,0,1,0,0,0
0.00341523,0,1,1,1,1,0,0,0,1,1,0,0,1,0,0,0
0.00341524,1,1,1,1,1,1,0,0,1,1,0,0,1,0,0,0
0.00341525,1,1,1,1,1,1,1,0,1,1,0,0,1,0,0,0
0.00341526,1,1,1,1,1,0,0,0,1,1,0,0,1,0,0,0
0.00341527,0,1,1,1,1,0,0,0,1,1,0,0,1,0,0,0
0.00341528,0,1,0,0,1,0,0,0,1,1,0,0,1,0,0,0
0.0034153,0,1,1,0,1,0,0,0,1,1,0,0,1,0,0,0
0.00341531,0,1,1,1,1,0,0,0,1,1,0,0,1,0,0,0
0.00341536,0,1,1,0,1,0,0,0,1,1,0,0,1,0,0,0
0.00341539,0,1,1,1,1,0,0,0,1,1,0,0,1,0,0,0
0.00341543,0,1,1,0,1,0,0,0,1,1,0,0,1,0,0,0
0.00341554,0,1,1,1,1,0,0,0,1,1,0,0,1,0,0,0
0.00341555,0,1,1,0,1,0,0,0,1,1,0,0,1,0,0,0
0.00341556,0,1,1,1,1,0,0,0,0,1,0,0,1,0,0,0
0.00341557,0,1,1,0,1,0,0,0,0,1,0,0,1,0,0,0
0.00341562,0,1,1,1,1,0,0,0,0,1,0,0,1,0,0,0
0.00341563,0,1,1,0,1,0,0,0,0,0,0,0,0,0,0,0
0.00341564,0,1,1,0,1,0,0,0,0,1,0,0,1,0,0,0
0.00341567,0,1,0,0,1,0,0,0,0,1,0,0,1,0,0,0
0.00341568,0,1,1,0,1,0,0,0,0,1,0,0,1,0,0,0
0.00341582,0,1,0,0,1,0,0,0,0,1,0,0,1,0,0,0
0.00341583,0,1,1,0,1,0,0,0,0,1,0,0,1,0,0,0
0.00341585,0,1,0,0,1,0,0,0,0,1,0,0,1,0,0,0
0.00341586,0,1,1,0,1,0,0,0,0,1,0,0,1,0,0,0
0.00341589,0,1,0,0,1,0,0,0,0,1,0,0,1,0,0,0
0.0034159,0,1,1,0,1,0,0,0,0,1,0,0,1,0,0,0
0.00341591,0,1,0,0,1,0,0,0,0,1,0,0,1,0,0,0
0.00341596,0,1,1,0,1,0,0,0,0,1,0,0,1,0,0,0
0.00341597,0,1,0,0,1,0,0,0,0,1,0,0,1,0,0,0
0.003416,0,1,1,0,1,0,0,0,0,1,0,0,1,0,0,0
0.00341601,0,1,0,0,1,0,0,0,0,1,0,0,1,0,0,0
0.00341604,0,1,1,0,1,0,0,0,0,1,0,0,1,0,0,0
0.00341605,0,1,0,0,1,0,0,0,0,1,0,0,1,0,0,0
0.00341609,0,1,1,0,1,0,0,0,0,1,0,0,1,0,0,0
0.0034161,1,1,1,1,1,0,0,0,0,1,0,0,1,0,0,0
0.00341611,1,1,1,1,1,1,1,0,0,1,0,0,1,0,0,0
0.00341612,1,1,1,1,1,1,1,1,0,1,0,0,1,0,0,0
0.00341616,1,1,0,0,1,1,0,0,0,1,0,0,1,0,0,0
0.0034162,1,1,1,1,1,1,1,0,0,1,0,0,1,0,0,0
0.00341621,1,1,1,1,1,1,1,1,0,1,0,0,1,0,0,0
0.00341622,1,1,1,1,1,1,0,0,0,1,0,0,1,0,0,0
0.00341623,1,1,0,0,1,1,0,0,0,1,0,0,1,0,0,0
0.00341627,1,1,1,0,1,1,0,0,0,1,0,0,1,0,0,0
0.0034163,1,1,0,0,1,1,0,0,0,1,0,0,1,0,0,0
0.00341706,1,1,1,1,1,1,0,0,0,1,0,0,1,0,0,0
0.00341707,1,1,1,1,1,1,1,0,0,1,0,0,1,0,0,0
0.00341708,1,1,1,1,1,1,1,1,0,1,0,0,1,0,0,0
0.00341714,1,0,0,0,1,0,0,0,0,1,0,0,1,0,0,0
0.00341718,1,0,1,1,1,0,0,0,0,1,0,0,1,0,0,0
0.00341719,1,0,1,1,1,1,1,0,0,1,0,0,1,0,0,0
0.0034172,1,1,1,1,1,1,1,1,0,1,0,0,1,0,0,0
0.00341721,1,1,1,1,1,1,1,0,0,1,0,0,1,0,0,0
0.00341722,1,0,1,1,1,0,0,0,0,1,0,0,1,0,0,0
0.00341723,1,0,1,0,1,0,0,0,0,1,0,0,1,0,0,0
0.00341724,1,0,0,0,1,0,0,0,0,1,0,0,1,0,0,0
0.00341726,1,0,1,1,1,0,0,0,0,1,0,0,1,0,0,0
0.00341731,1,0,1,0,1,0,0,0,0,1,0,0,1,0,0,0
0.00341735,1,0,1,1,1,0,0,0,0,1,0,0,1,0,0,0
0.00341738,1,0,1,0,1,0,0,0,0,1,0,0,1,0,0,0
0.00341751,1,0,1,1,1,0,0,0,0,0,0,0,1,0,0,0
0.00341752,1,0,1,0,1,0,0,0,1,0,0,0,1,0,0,0
0.00341757,1,0,1,1,1,0,0,0,1,0,0,0,1,0,0,0
0.00341758,1,0,1,0,1,0,0,0,1,0,0,0,0,0,0,0
0.00341759,1,0,1,0,1,0,0,0,0,0,0,0,0,0,0,0
0.0034176,1,0,0,0,1,0,0,0,1,0,0,0,1,0,0,0
0.00341764,1,0,1,0,1,0,0,0,1,0,0,0,1,0,0,0
0.00341768,1,0,0,0,1,0,0,0,1,0,0,0,1,0,0,0
0.00341771,1,0,1,0,1,0,0,0,1,0,0,0,1,0,0,0
0.00341774,1,0,0,0,1,0,0,0,1,0,0,0,1,0,0,0
0.00341776,1,0,1,0,1,0,0,0,1,0,0,0,1,0,0,0
0.00341779,1,0,0,0,1,0,0,0,1,0,0,0,1,0,0,0
0.00341781,1,0,1,0,1,0,0,0,1,0,0,0,1,0,0,0
0.00341782,1,0,0,0,1,0,0,0,1,0,0,0,1,0,0,0
0.00341804,1,0,1,1,1,0,0,0,1,0,0,0,1,0,0,0
0.00341805,1,1,1,1,1,0,0,0,1,0,0,0,1,0,0,0
0.00341806,1,1,1,1,1,1,1,1,1,0,0,0,1,0,0,0
0.00341807,1,1,1,1,1,0,1,0,1,0,0,0,1,0,0,0
0.00341809,1,1,1,1,1,1,1,1,1,0,0,0,1,0,0,0
0.0034181,1,0,1,1,1,1,1,1,1,0,0,0,1,0,0,0
0.00341811,0,0,1,1,1,1,1,1,1,0,0,0,1,0,0,0
0.00341812,0,0,1,1,1,0,1,0,1,0,0,0,1,0,0,0
0.00341816,0,1,1,1,1,1,1,0,1,0,0,0,1,0,0,0
0.00341818,0,0,1,1,1,0,1,0,1,0,0,0,1,0,0,0
0.00341902,1,1,1,1,1,0,1,0,1,0,0,0,1,0,0,0
0.00341903,0,1,1,1,1,0,1,0,1,0,0,0,1,0,0,0
0.00341904,0,1,1,1,1,0,1,1,1,0,0,0,1,0,0,0
0.00341905,1,1,1,1,1,0,1,1,1,0,0,0,1,0,0,0
0.00341906,1,1,1,1,1,1,1,1,1,0,0,0,1,0,0,0
0.0034191,1,0,1,0,1,0,0,0,1,0,0,0,1,0,0,0
0.00341914,1,1,1,1,1,1,0,0,1,0,0,0,1,0,0,0
0.00341915,1,1,1,1,1,1,1,0,1,0,0,0,1,0,0,0
0.00341916,1,1,1,1,1,1,0,0,1,0,0,0,1,0,0,0
0.00341917,1,0,1,1,1,0,0,0,1,0,0,0,1,0,0,0
0.00341918,1,0,1,0,1,0,0,0,1,0,0,0,1,0,0,0
0.00341922,1,0,1,1,1,0,0,0,1,0,0,0,1,0,0,0
0.00341924,1,0,1,0,1,0,0,0,1,0,0,0,1,0,0,0
0.00341947,1,0,1,0,1,0,0,0,1,0,1,0,1,0,0,0
0.00341955,1,0,1,1,1,0,0,0,0,0,1,0,1,0,0,0
0.00341956,1,0,1,1,1,0,1,0,1,0,1,0,1,0,0,0
0.00341957,1,0,1,1,1,0,1,0,1,0,1,1,1,0,1,0
0.00341958,1,1,1,1,1,1,1,1,1,0,1,1,1,0,1,0
0.00341959,1,1,1,1,1,1,1,1,1,0,1,0,1,0,0,0
0.0034196,1,0,1,0,1,0,0,0,1,0,1,0,1,0,0,0
0.00341964,1,1,1,1,1,1,1,0,1,0,1,0,1,0,0,0
0.00341966,1,1,1,1,1,1,0,0,1,0,1,0,1,0,0,0
0.00341967,1,0,1,0,1,0,0,0,1,0,1,0,1,0,0,0
0.00341972,1,0,1,1,1,0,0,0,1,0,1,0,1,0,0,0
0.00341973,1,0,1,0,1,0,0,0,1,0,1,0,1,0,0,0
0.00341999,1,1,1,0,1,0,0,0,1,0,1,0,1,0,0,0
0.00342,1,1,1,1,1,0,0,0,1,0,1,0,1,0,0,0
0.00342001,1,1,1,1,1,1,1,1,1,0,1,0,1,0,0,0
0.00342006,1,1,1,1,0,1,1,0,1,0,1,0,1,0,0,0
0.00342007,1,1,1,0,0,0,1,0,1,0,1,0,1,0,0,0
0.0034201,1,1,1,1,0,1,1,0,1,0,1,0,1,0,0,0
0.00342011,1,1,1,1,0,1,1,1,1,0,1,0,1,0,0,0
0.00342012,1,1,1,1,0,1,1,0,1,0,1,0,1,0,0,0
0.00342013,1,1,1,0,0,0,1,0,1,0,1,0,1,0,0,0
0.00342018,1,1,1,1,0,0,1,0,1,0,1,0,1,0,0,0
0.0034202,1,1,1,0,0,0,1,0,1,0,1,0,1,0,0,0
0.00342097,1,1,1,1,0,0,1,0,1,0,1,0,1,0,0,0
0.00342098,1,1,1,1,1,0,1,0,1,0,1,0,1,0,0,0
0.00342099,1,1,1,1,1,1,1,1,1,0,1,0,1,0,0,0
0.00342104,1,1,1,1,0,1,1,1,1,0,1,0,1,0,0,0
0.00342105,1,1,1,0,0,0,0,1,1,0,1,0,1,0,0,0
0.00342108,1,1,1,1,0,0,0,1,1,0,1,0,1,0,0,0
0.00342109,1,1,1,1,0,1,1,1,1,0,1,0,1,0,0,0
0.00342111,1,1,1,0,0,0,0,1,1,0,1,0,1,0,0,0
0.00342142,1,1,1,0,0,0,0,1,1,0,1,0,0,0,0,0
0.00342143,1,1,1,0,0,0,0,1,1,1,1,0,0,0,0,1
0.00342149,1,1,1,0,0,0,0,1,0,1,0,0,0,0,0,0
0.0034215,1,1,1,0,0,0,0,1,0,1,1,0,0,0,0,1
0.00342151,1,1,1,0,0,0,0,1,1,1,1,0,0,0,0,1
0.00342196,1,1,1,1,0,1,0,1,1,1,1,0,0,0,0,1
0.00342197,1,1,1,1,1,1,1,1,1,1,1,0,0,0,0,1
0.00342199,1,1,1,1,1,0,1,1,1,1,1,0,0,0,0,1
0.00342201,1,1,1,1,1,1,1,1,1,1,1,0,0,0,0,1
0.00342202,1,1,1,0,0,0,1,0,1,1,1,0,0,0,0,1
0.00342206,1,1,1,1,0,1,1,0,1,1,1,0,0,0,0,1
0.00342208,1,1,1,0,0,0,1,0,1,1,1,0,0,0,0,1
0.00342295,1,1,1,1,1,1,1,1,1,1,1,0,0,0,0,1
0.00342296,0,0,0,1,1,1,1,1,1,1,1,0,0,0,0,1
0.00342297,0,0,0,0,0,0,0,1,1,1,1,0,0,0,0,1
0.00342299,0,0,0,1,0,0,0,1,1,1,1,0,0,0,0,1
0.003423,1,1,1,1,1,1,1,1,1,1,1,0,0,0,0,1
0.00342306,0,1,0,0,1,0,1,1,1,1,1,0,0,0,0,1
0.00342311,1,1,1,1,1,1,1,1,1,1,1,0,0,0,0,1
0.00342312,0,1,0,1,1,0,1,1,1,1,1,0,0,0,0,1
0.00342313,0,1,0,0,1,0,1,1,1,1,1,0,0,0,0,1
0.00342337,0,1,0,0,1,0,1,1,0,1,0,0,0,0,0,0
0.00342338,0,1,0,0,1,0,1,1,0,1,0,0,1,0,1,1
0.00342345,1,1,0,0,1,0,1,1,0,1,0,0,1,0,1,0
0.00342346,1,1,1,0,1,0,1,1,0,1,0,0,1,0,1,1
0.00342347,1,1,1,0,1,0,1,1,1,1,1,0,1,0,1,1
0.00342348,1,1,1,1,1,1,1,1,1,1,1,0,1,0,1,1
0.00342349,0,1,0,1,1,1,1,1,0,1,0,0,1,0,1,1
0.0034235,0,1,0,0,1,0,1,1,0,1,0,0,1,0,1,1
0.00342354,0,1,1,1,1,0,1,1,0,1,0,0,1,0,1,1
0.00342355,0,1,0,1,1,0,1,1,0,1,0,0,1,0,1,1
0.00342356,0,1,0,0,1,0,1,1,0,1,0,0,1,0,1,1
0.00342392,1,1,1,1,1,0,1,1,0,1,0,0,1,0,1,1
0.00342394,1,1,1,1,1,1,1,1,0,1,0,0,1,0,1,1
0.00342397,1,1,1,0,0,0,1,0,0,1,0,0,1,0,1,1
0.00342401,1,1,1,1,0,1,1,0,0,1,0,0,1,0,1,1
0.00342404,1,1,1,0,0,0,1,0,0,1,0,0,1,0,1,1
0.00342489,1,1,1,1,0,1,1,0,0,1,0,0,1,0,1,1
0.0034249,1,1,1,1,1,1,1,1,0,1,0,0,1,0,1,1
0.00342586,0,0,0,0,0,0,0,0,0,1,0,0,1,0,1,1
0.00342682,1,0,1,1,0,0,0,0,0,1,0,0,1,0,1,1
0.00342683,0,0,0,0,0,0,0,0,0,1,0,0,1,0,1,1
0.00342685,1,0,0,0,0,0,0,0,0,1,0,0,1,0,1,1
0.00342686,1,1,1,1,1,1,1,1,0,1,0,0,1,0,1,1
0.00342689,1,1,1,1,1,0,1,0,0,1,0,0,1,0,1,1
0.0034269,1,1,0,1,1,0,1,0,0,1,0,0,1,0,1,1
0.00342691,1,1,1,1,1,0,1,1,0,1,0,0,1,0,1,1
0.00342692,1,1,1,1,1,1,1,1,0,1,0,0,1,0,1,1
0.00342694,0,1,0,1,1,1,0,0,0,1,0,0,1,0,1,1
0.00342697,0,1,0,0,1,1,0,0,0,1,0,0,1,0,1,1
0.00342728,0,1,0,0,1,1,0,0,0,1,0,0,1,0,0,0
0.00342729,0,1,0,0,1,1,0,0,0,1,0,0,1,1,0,0
0.0034278,1,1,0,1,1,1,0,0,0,1,0,0,1,1,0,0
0.00342781,1,1,1,1,1,1,0,0,0,1,0,0,1,1,0,0
0.00342782,0,1,1,1,1,1,0,0,0,1,0,0,1,1,0,0
0.00342783,1,1,1,1,1,1,1,1,0,1,0,0,1,1,0,0
0.00342788,1,0,1,0,0,0,0,0,0,1,0,0,1,1,0,0
0.00342793,1,1,1,1,0,1,1,0,0,1,0,0,1,1,0,0
0.00342795,1,0,1,0,0,0,0,0,0,1,0,0,1,1,0,0
0.00342878,1,1,1,1,0,0,0,0,0,1,0,0,1,1,0,0
0.0034288,1,1,1,1,1,1,1,1,0,1,0,0,1,1,0,0
0.00342883,1,1,1,1,0,0,1,0,0,1,0,0,1,1,0,0
0.00342884,1,1,0,1,0,0,0,0,0,1,0,0,1,1,0,0
0.00342889,1,1,0,1,0,1,0,0,0,1,0,0,1,1,0,0
0.00342891,1,1,0,1,0,0,0,0,0,1,0,0,1,1,0,0
0.00342977,1,1,0,1,0,1,0,0,0,1,0,0,1,1,0,0
0.00342978,1,1,0,1,0,1,1,0,0,1,0,0,1,1,0,0
0.00342979,1,1,1,1,1,1,1,1,0,1,0,0,1,1,0,0
0.00343078,0,0,1,1,1,1,1,1,0,1,0,0,1,1,0,0
0.00343079,0,0,0,1,1,0,1,0,0,1,0,0,1,1,0,0
0.00343081,1,1,1,1,1,0,1,0,0,1,0,0,1,1,0,0
0.00343082,1,1,1,1,1,1,1,1,0,1,0,0,1,1,0,0
0.00343084,1,1,1,1,1,1,0,1,0,1,0,0,1,1,0,0
0.00343085,1,1,1,1,1,0,0,0,0,1,0,0,1,1,0,0
0.00343087,1,1,1,1,1,1,1,1,0,1,0,0,1,1,0,0
0.00343088,0,0,1,0,1,1,1,1,0,1,0,0,1,1,0,0
0.00343089,0,0,1,0,1,0,0,0,0,1,0,0,1,1,0,0
0.00343092,0,0,1,0,1,1,0,0,0,1,0,0,1,1,0,0
0.00343093,0,0,1,0,1,1,0,1,0,1,0,0,1,1,0,0
0.00343094,0,0,1,0,1,1,0,0,0,1,0,0,1,1,0,0
0.00343096,0,0,1,0,1,0,0,0,0,1,0,0,1,1,0,0
0.00343118,0,0,1,0,1,0,0,0,0,0,0,0,1,0,0,0
0.00343119,0,0,1,0,1,0,0,0,0,0,1,0,1,0,0,0
0.00343171,1,1,1,0,1,0,0,0,0,0,1,0,1,0,0,0
0.00343172,0,1,1,0,1,1,0,0,0,0,1,0,1,0,0,0
0.00343173,1,1,1,0,1,1,1,1,0,0,1,0,1,0,0,0
0.00343174,1,1,1,1,1,1,1,1,0,0,1,0,1,0,0,0
0.00343276,0,0,0,0,0,1,0,1,0,0,1,0,1,0,0,0
0.00343277,0,0,0,0,0,0,0,1,0,0,1,0,1,0,0,0
0.00343282,0,0,1,0,0,1,0,1,0,0,1,0,1,0,0,0
0.00343283,1,1,1,1,0,1,0,1,0,0,1,0,1,0,0,0
0.00343284,0,0,1,0,0,1,0,1,0,0,1,0,1,0,0,0
0.00343285,0,0,0,0,0,0,0,1,0,0,1,0,1,0,0,0
0.00343366,1,1,0,0,0,0,0,1,0,0,1,0,1,0,0,0
0.00343367,1,1,1,0,0,0,0,1,0,0,1,0,1,0,0,0
0.00343368,1,1,1,1,0,0,0,1,0,0,1,0,1,0,0,0
0.00343369,1,1,1,1,1,1,1,1,0,0,1,0,1,0,0,0
0.00343372,1,1,1,1,1,1,1,0,0,0,1,0,1,0,0,0
0.00343373,1,1,0,0,1,0,0,0,0,0,1,0,1,0,0,0
0.00343377,1,1,1,1,1,1,1,0,0,0,1,0,1,0,0,0
0.0034338,1,1,1,0,1,0,0,0,0,0,1,0,1,0,0,0
0.00343381,1,1,0,0,1,0,0,0,0,0,1,0,1,0,0,0
0.00343384,1,1,1,0,1,0,0,0,0,0,1,0,1,0,0,0
0.00343385,1,1,1,1,1,1,0,0,0,0,1,0,1,0,0,0
0.00343387,1,1,1,0,1,0,0,0,0,0,1,0,1,0,0,0
0.00343388,1,1,0,0,1,0,0,0,0,0,1,0,1,0,0,0
0.00343392,1,1,1,0,1,0,0,0,0,0,1,0,1,0,0,0
0.00343396,1,1,0,0,1,0,0,0,0,0,1,0,1,0,0,0
0.00343411,1,1,0,0,1,0,0,0,0,0,0,0,1,0,0,0
0.00343412,1,1,0,0,1,0,0,0,1,1,0,0,1,0,0,0
0.00343417,1,1,1,0,1,0,0,0,1,1,0,0,1,0,0,0
0.00343418,1,1,1,0,1,0,0,0,0,0,0,0,0,0,0,0
0.00343419,1,1,0,0,1,0,0,0,1,1,0,0,1,0,0,0
0.00343424,1,1,1,0,1,0,0,0,1,1,0,0,1,0,0,0
0.00343426,1,1,0,0,1,0,0,0,1,1,0,0,1,0,0,0
0.00343466,1,1,1,1,1,1,1,0,1,1,0,0,1,0,0,0
0.00343467,1,1,1,1,1,1,1,1,1,1,0,0,1,0,0,0
0.00343471,1,0,1,0,1,1,1,0,1,1,0,0,1,0,0,0
0.00343472,1,0,0,0,1,1,1,0,1,1,0,0,1,0,0,0
0.00343475,1,0,1,1,1,1,1,0,1,1,0,0,1,0,0,0
0.00343476,1,1,1,1,1,1,1,0,1,1,0,0,1,0,0,0
0.00343478,1,0,1,0,1,1,1,0,1,1,0,0,1,0,0,0
0.00343479,1,0,0,0,1,1,1,0,1,1,0,0,1,0,0,0
0.00343483,1,0,1,0,1,1,1,0,1,1,0,0,1,0,0,0
0.00343486,1,0,0,0,1,1,1,0,1,1,0,0,1,0,0,0
0.00343561,1,1,0,0,1,1,1,0,1,1,0,0,1,0,0,0
0.00343562,1,1,0,1,1,1,1,0,1,1,0,0,1,0,0,0
0.00343563,1,1,1,1,1,1,1,0,1,1,0,0,1,0,0,0
0.00343564,1,0,1,1,1,1,1,0,1,1,0,0,1,0,0,0
0.00343565,1,1,1,1,1,1,1,0,1,1,0,0,1,0,0,0
0.00343566,1,1,1,1,1,1,1,1,1,1,0,0,1,0,0,0
0.00343568,0,1,1,1,1,0,0,0,1,1,0,0,1,0,0,0
0.00343569,0,1,0,0,1,0,0,0,1,1,0,0,1,0,0,0
0.00343573,0,1,1,1,1,1,0,0,1,1,0,0,1,0,0,0
0.00343574,0,1,1,1,1,1,1,1,1,1,0,0,1,0,0,0
0.00343575,0,1,1,1,1,0,0,0,1,1,0,0,1,0,0,0
0.00343576,0,1,1,0,1,0,0,0,1,1,0,0,1,0,0,0
0.00343577,0,1,0,0,1,0,0,0,1,1,0,0,1,0,0,0
0.00343581,0,1,1,0,1,0,0,0,1,1,0,0,1,0,0,0
0.00343582,0,1,0,0,1,0,0,0,1,1,0,0,1,0,0,0
0.00343606,0,1,0,0,1,0,0,0,0,1,0,0,1,0,0,0
0.00343614,0,1,0,0,1,0,0,0,0,0,0,0,0,0,0,0
0.00343615,0,1,0,0,1,0,0,0,0,1,0,0,1,0,0,0
0.00343659,1,1,1,1,1,0,0,0,0,1,0,0,1,0,0,0
0.00343661,1,1,1,1,1,1,1,1,0,1,0,0,1,0,0,0
0.00343666,1,1,1,1,1,1,1,0,0,1,0,0,1,0,0,0
0.00343667,1,1,0,0,1,1,0,0,0,1,0,0,1,0,0,0
0.00343671,1,1,1,1,1,1,1,0,0,1,0,0,1,0,0,0
0.00343672,1,1,1,1,1,1,1,1,0,1,0,0,1,0,0,0
0.00343673,1,1,0,0,1,1,0,0,0,1,0,0,1,0,0,0
0.00343757,1,1,1,1,1,1,0,0,0,1,0,0,1,0,0,0
0.00343758,1,1,1,0,1,1,1,0,0,1,0,0,1,0,0,0
0.00343759,1,1,1,1,1,1,1,1,0,1,0,0,1,0,0,0
0.00343763,1,0,0,0,1,0,0,0,0,1,0,0,1,0,0,0
0.00343768,1,0,1,1,1,0,0,0,0,1,0,0,1,0,0,0
0.00343769,1,1,1,1,1,1,1,1,0,1,0,0,1,0,0,0
0.0034377,1,0,1,1,1,0,0,0,0,1,0,0,1,0,0,0
0.00343771,1,0,1,0,1,0,0,0,0,1,0,0,1,0,0,0
0.00343772,1,0,0,0,1,0,0,0,0,1,0,0,1,0,0,0
0.00343801,1,0,0,0,1,0,0,0,0,0,0,0,1,0,0,0
0.00343803,1,0,0,0,1,0,0,0,1,0,0,0,1,0,0,0
0.00343809,1,0,0,0,1,0,0,0,0,0,0,0,0,0,0,0
0.0034381,1,0,0,0,1,0,0,0,1,0,0,0,1,0,0,0
0.00343857,1,1,1,1,1,1,1,1,1,0,0,0,1,0,0,0
0.00343862,1,1,1,1,1,0,1,0,1,0,0,0,1,0,0,0
0.00343863,0,0,1,1,1,0,1,0,1,0,0,0,1,0,0,0
0.00343867,1,1,1,1,1,1,1,0,1,0,0,0,1,0,0,0
0.00343869,0,0,1,1,1,0,1,0,1,0,0,0,1,0,0,0
0.00343952,1,1,1,1,1,0,1,0,1,0,0,0,1,0,0,0
0.00343954,1,1,1,1,1,1,1,1,1,0,0,0,1,0,0,0
0.00343959,1,1,1,0,1,1,0,1,1,0,0,0,1,0,0,0
0.0034396,0,1,1,0,1,0,0,0,1,0,0,0,1,0,0,0
0.00343964,1,1,1,0,1,0,0,0,1,0,0,0,1,0,0,0
0.00343965,1,1,1,1,1,1,0,0,1,0,0,0,1,0,0,0
0.00343966,0,1,1,0,1,0,0,0,1,0,0,0,1,0,0,0
0.00343997,0,1,1,0,1,0,0,0,0,1,1,0,1,0,0,0
0.00344049,0,1,1,1,1,0,0,0,0,1,1,0,1,0,0,0
0.0034405,1,1,1,1,1,0,0,0,0,1,1,0,1,0,0,0
0.00344051,0,1,1,1,1,0,1,0,0,1,1,0,1,0,0,0
0.00344052,1,1,1,1,1,0,1,1,0,1,1,0,1,0,0,0
0.00344053,1,1,1,1,1,1,1,1,0,1,1,0,1,0,0,0
0.00344057,1,1,1,0,0,0,1,0,0,1,1,0,1,0,0,0
0.00344061,1,1,1,1,0,1,1,0,0,1,1,0,1,0,0,0
0.00344064,1,1,1,0,0,0,1,0,0,1,1,0,1,0,0,0
0.00344147,1,1,1,1,0,0,1,0,0,1,1,0,1,0,0,0
0.0034415,1,1,1,1,1,1,1,1,0,1,1,0,1,0,0,0
0.00344154,0,0,0,1,0,1,0,1,0,1,1,0,1,0,0,0
0.00344155,0,0,0,1,0,0,0,1,0,1,1,0,1,0,0,0
0.00344159,0,0,0,1,0,1,0,1,0,1,1,0,1,0,0,0
0.0034416,1,1,1,1,0,1,1,1,0,1,1,0,1,0,0,0
0.00344161,1,0,1,1,0,1,1,1,0,1,1,0,1,0,0,0
0.00344162,0,0,0,1,0,0,0,1,0,1,1,0,1,0,0,0
0.00344192,0,0,0,1,0,0,0,1,0,0,0,0,0,0,0,0
0.00344193,0,0,0,1,0,0,0,1,0,0,0,0,0,0,0,1
0.00344194,0,0,0,1,0,0,0,1,0,0,0,1,0,0,0,1
0.003442,0,0,0,1,0,0,0,1,0,0,0,1,0,0,0,0
0.00344201,0,0,0,1,0,0,0,1,0,0,0,1,0,0,0,1
0.00344247,1,0,0,1,0,1,0,1,0,0,0,1,0,0,0,1
0.00344248,1,1,1,1,1,1,1,1,0,0,0,1,0,0,0,1
0.00344252,1,1,1,0,0,1,1,0,0,0,0,1,0,0,0,1
0.00344253,1,1,1,0,0,0,1,0,0,0,0,1,0,0,0,1
0.00344257,1,1,1,0,0,1,1,0,0,0,0,1,0,0,0,1
0.00344259,1,1,1,0,0,0,1,0,0,0,0,1,0,0,0,1
0.00344349,1,1,1,1,1,1,1,1,0,0,0,1,0,0,0,1
0.00344353,1,1,1,1,1,0,1,1,0,0,0,1,0,0,0,1
0.00344356,1,1,1,1,1,1,1,1,0,0,0,1,0,0,0,1
0.00344357,0,1,0,0,1,1,1,1,0,0,0,1,0,0,0,1
0.00344358,0,1,0,0,1,0,1,1,0,0,0,1,0,0,0,1
0.00344361,0,1,0,0,1,1,1,1,0,0,0,1,0,0,0,1
0.00344362,1,1,0,1,1,1,1,1,0,0,0,1,0,0,0,1
0.00344363,0,1,0,0,1,0,1,1,0,0,0,1,0,0,0,1
0.00344387,0,1,0,0,1,0,1,1,0,0,0,0,0,0,0,0
0.00344388,0,1,0,0,1,0,1,1,0,1,0,0,1,0,1,1
0.00344395,0,1,0,0,1,0,1,1,0,1,0,0,1,0,1,0
0.00344396,0,1,0,0,1,0,1,1,0,1,0,0,1,0,1,1
0.0034444,1,1,0,0,1,0,1,1,0,1,0,0,1,0,1,1
0.00344441,1,1,1,0,1,0,1,1,0,1,0,0,1,0,1,1
0.00344442,0,1,1,1,1,0,1,1,0,1,0,0,1,0,1,1
0.00344443,1,1,1,1,1,1,1,1,0,1,0,0,1,0,1,1
0.00344446,1,1,1,1,0,1,1,0,0,1,0,0,1,0,1,1
0.00344447,1,1,1,0,0,0,1,0,0,1,0,0,1,0,1,1
0.00344451,1,1,1,1,0,1,1,0,0,1,0,0,1,0,1,1
0.00344452,1,1,1,0,0,1,1,0,0,1,0,0,1,0,1,1
0.00344453,1,1,1,0,0,0,1,0,0,1,0,0,1,0,1,1
0.00344539,1,1,1,0,0,1,1,0,0,1,0,0,1,0,1,1
0.0034454,1,1,1,1,1,1,1,0,0,1,0,0,1,0,1,1
0.00344541,1,1,1,1,1,1,1,1,0,1,0,0,1,0,1,1
0.00344636,1,0,0,0,0,0,0,0,0,1,0,0,1,0,1,1
0.00344637,0,0,0,0,0,0,0,0,0,1,0,0,1,0,1,1
0.00344733,1,0,1,0,0,0,0,0,0,1,0,0,1,0,1,1
0.00344734,0,0,0,0,0,0,0,0,0,1,0,0,1,0,1,1
0.00344736,1,1,1,1,1,1,1,1,0,1,0,0,1,0,1,1
0.00344739,1,1,1,1,1,0,1,0,0,1,0,0,1,0,1,1
0.0034474,1,1,0,1,1,0,1,0,0,1,0,0,1,0,1,1
0.00344741,1,1,1,1,1,1,1,1,0,1,0,0,1,0,1,1
0.00344744,0,1,0,1,1,1,1,0,0,1,0,0,1,0,1,1
0.00344747,1,1,1,0,1,1,0,0,0,1,0,0,1,0,1,1
0.00344748,0,1,0,0,1,1,0,0,0,1,0,0,1,0,1,1
0.00344752,1,1,1,0,1,1,0,0,0,1,0,0,1,0,1,1
0.00344753,0,1,0,0,1,1,0,0,0,1,0,0,1,0,1,1
0.00344778,0,1,0,0,1,1,0,0,0,1,0,0,1,0,0,0
0.00344779,0,1,0,0,1,1,0,0,0,1,0,0,1,1,0,0
0.00344831,0,1,0,1,1,1,0,0,0,1,0,0,1,1,0,0
0.00344832,0,1,0,0,1,1,0,0,0,1,0,0,1,1,0,0
0.00344833,1,1,1,1,1,1,0,0,0,1,0,0,1,1,0,0
0.00344834,1,1,1,1,1,1,1,1,0,1,0,0,1,1,0,0
0.00344837,0,0,0,1,0,0,1,1,0,1,0,0,1,1,0,0
0.00344838,0,0,0,1,0,0,0,0,0,1,0,0,1,1,0,0
0.00344843,1,1,1,1,0,0,1,1,0,1,0,0,1,1,0,0
0.00344845,0,0,1,1,0,0,0,0,0,1,0,0,1,1,0,0
0.00344846,0,0,0,1,0,0,0,0,0,1,0,0,1,1,0,0
0.00344928,1,1,1,1,0,0,0,0,0,1,0,0,1,1,0,0
0.00344929,1,1,1,1,1,1,1,1,0,1,0,0,1,1,0,0
0.00344935,1,1,1,1,0,0,1,0,0,1,0,0,1,1,0,0
0.00344936,1,1,0,1,0,0,0,0,0,1,0,0,1,1,0,0
0.0034494,1,1,1,1,0,1,0,0,0,1,0,0,1,1,0,0
0.00344941,1,1,1,1,0,1,1,1,0,1,0,0,1,1,0,0
0.00344942,1,1,1,1,0,0,0,0,0,1,0,0,1,1,0,0
0.00344943,1,1,0,1,0,0,0,0,0,1,0,0,1,1,0,0
0.00345028,1,1,1,1,0,1,1,1,0,1,0,0,1,1,0,0
0.00345029,1,1,1,1,1,1,1,1,0,1,0,0,1,1,0,0
0.00345129,0,0,0,1,1,0,1,0,0,1,0,0,1,1,0,0
0.00345132,1,1,1,1,1,1,1,1,0,1,0,0,1,1,0,0
0.00345136,0,1,1,1,1,1,1,1,0,1,0,0,1,1,0,0
0.00345137,0,1,1,0,0,1,0,1,0,1,0,0,1,1,0,0
0.00345168,0,1,1,0,0,1,0,1,0,1,0,0,0,1,0,0
0.00345169,0,1,1,0,0,1,0,1,0,1,1,0,0,1,0,1
0.00345221,1,1,1,1,0,1,0,1,0,1,1,0,0,1,0,1
0.00345223,1,1,1,1,1,1,1,1,0,1,1,0,0,1,0,1
0.00345229,0,0,0,0,0,0,1,0,0,1,1,0,0,1,0,1
0.00345233,0,0,1,0,0,1,1,0,0,1,1,0,0,1,0,1
0.00345234,1,0,1,1,0,1,1,0,0,1,1,0,0,1,0,1
0.00345235,1,1,1,1,0,1,1,0,0,1,1,0,0,1,0,1
0.00345238,0,0,1,0,0,0,1,0,0,1,1,0,0,1,0,1
0.00345239,0,0,0,0,0,0,1,0,0,1,1,0,0,1,0,1
0.00345241,0,0,1,0,0,0,1,0,0,1,1,0,0,1,0,1
0.00345243,0,0,1,1,0,0,1,0,0,1,1,0,0,1,0,1
0.00345244,0,0,1,0,0,0,1,0,0,1,1,0,0,1,0,1
0.00345247,0,0,0,0,0,0,1,0,0,1,1,0,0,1,0,1
0.00345248,0,0,1,0,0,0,1,0,0,1,1,0,0,1,0,1
0.00345297,0,0,0,0,0,0,1,0,0,1,1,0,0,1,0,1
0.00345298,0,0,1,0,0,0,1,0,0,1,1,0,0,1,0,1
0.00345301,0,0,0,0,0,0,1,0,0,1,1,0,0,1,0,1
0.0034531,0,0,1,0,0,0,1,0,0,1,1,0,0,1,0,1
0.00345311,0,0,0,0,0,0,1,0,0,1,1,0,0,1,0,1
0.00345314,0,0,1,0,0,0,1,0,0,1,1,0,0,1,0,1
0.00345315,0,0,0,0,0,0,1,0,0,1,1,0,0,1,0,1
0.00345319,1,1,1,1,0,0,1,0,0,1,1,0,0,1,0,1
0.0034532,1,1,1,1,0,0,1,1,0,1,1,0,0,1,0,1
0.00345321,1,1,1,1,1,1,1,1,0,1,1,0,0,1,0,1
0.00345325,0,0,0,0,0,0,0,1,0,1,1,0,0,1,0,1
0.00345328,0,0,1,0,0,1,0,1,0,1,1,0,0,1,0,1
0.00345329,1,1,1,1,0,1,0,1,0,1,1,0,0,1,0,1
0.0034533,1,1,1,1,1,1,0,1,0,1,1,0,0,1,0,1
0.00345331,1,1,1,1,1,1,1,1,0,1,1,0,0,1,0,1
0.00345332,1,1,1,1,0,1,1,1,0,1,1,0,0,1,0,1
0.00345333,0,0,1,1,0,1,0,1,0,1,1,0,0,1,0,1
0.00345334,0,0,0,0,0,0,0,1,0,1,1,0,0,1,0,1
0.00345336,0,0,1,0,0,1,0,1,0,1,1,0,0,1,0,1
0.00345337,0,0,1,1,0,1,0,1,0,1,1,0,0,1,0,1
0.00345338,0,1,1,1,0,1,0,1,0,1,1,0,0,1,0,1
0.00345339,1,1,1,1,0,1,0,1,0,1,1,0,0,1,0,1
0.0034534,0,1,1,1,0,1,0,1,0,1,1,0,0,1,0,1
0.00345341,0,0,1,1,0,1,0,1,0,1,1,0,0,1,0,1
0.00345342,0,0,1,0,0,1,0,1,0,1,1,0,0,1,0,1
0.00345345,0,0,1,1,0,1,0,1,0,1,1,0,0,1,0,1
0.00345349,0,0,1,0,0,1,0,1,0,1,1,0,0,1,0,1
0.00345391,0,0,1,0,0,0,0,1,0,1,1,0,0,1,0,1
0.00345394,0,0,1,0,0,1,0,1,0,1,1,0,0,1,0,1
0.00345395,0,0,1,0,0,0,0,1,0,1,1,0,0,1,0,1
0.00345409,0,0,0,0,0,0,0,1,0,1,1,0,0,1,0,1
0.00345411,0,0,1,0,0,0,0,1,0,1,1,0,0,1,0,1
0.00345412,0,0,0,0,0,0,0,1,0,1,1,0,0,1,0,1
0.00345413,0,0,1,0,0,0,0,1,0,1,1,0,0,1,0,1
0.00345414,0,0,0,0,0,0,0,1,0,1,1,0,0,1,0,1
0.00345416,0,0,1,0,0,0,0,1,0,1,1,0,0,1,0,1
0.00345417,0,0,0,0,0,0,0,1,0,1,1,0,0,1,0,1
0.00345418,0,0,1,0,0,0,0,1,0,1,1,0,0,1,0,1
0.00345419,1,1,1,1,1,1,1,1,0,1,1,0,0,1,0,1
0.00345424,0,1,1,1,0,1,0,0,0,1,1,0,0,1,0,1
0.00345428,1,1,1,1,1,1,1,0,0,1,1,0,0,1,0,1
0.0034543,1,1,1,1,0,1,1,0,0,1,1,0,0,1,0,1
0.00345431,0,1,1,1,0,1,0,0,0,1,1,0,0,1,0,1
0.00345515,1,1,1,1,0,1,1,0,0,1,1,0,0,1,0,1
0.00345516,1,1,1,1,1,1,1,1,0,1,1,0,0,1,0,1
0.00345617,1,1,1,1,1,1,1,0,0,1,1,0,0,1,0,1
0.00345618,0,1,1,1,0,1,0,0,0,1,1,0,0,1,0,1
0.00345622,1,1,1,1,0,1,1,1,0,1,1,0,0,1,0,1
0.00345624,0,1,1,1,0,1,0,0,0,1,1,0,0,1,0,1
0.00345721,1,1,1,1,1,1,1,1,0,1,1,0,0,1,0,1
0.00345722,0,0,1,0,1,0,0,0,0,1,1,0,0,1,0,1
0.00345727,1,0,1,0,1,0,1,0,0,1,1,0,0,1,0,1
0.00345728,0,0,1,0,1,0,0,0,0,1,1,0,0,1,0,1
0.00345754,0,0,1,0,1,0,0,0,0,0,1,0,0,0,0,0
0.00345756,0,0,1,0,1,0,0,0,0,0,1,0,1,0,0,0
0.00345762,0,0,1,0,1,0,0,0,0,0,0,0,1,0,0,0
0.00345763,0,0,1,0,1,0,0,0,0,0,1,0,1,0,0,0
0.00345807,0,0,1,1,1,0,0,0,0,0,1,0,1,0,0,0
0.00345808,0,0,1,0,1,0,0,0,0,0,1,0,1,0,0,0
0.00345809,1,0,1,1,1,0,1,0,0,0,1,0,1,0,0,0
0.0034581,1,1,1,1,1,1,1,1,0,0,1,0,1,0,0,0
0.00345912,0,0,0,0,0,0,0,1,0,0,1,0,1,0,0,0
0.00345917,0,0,1,1,0,1,1,1,0,0,1,0,1,0,0,0
0.00345918,1,1,1,1,0,1,1,1,0,0,1,0,1,0,0,0
0.00345919,1,0,1,1,0,1,1,1,0,0,1,0,1,0,0,0
0.0034592,0,0,0,0,0,0,0,1,0,0,1,0,1,0,0,0
0.00346002,0,0,1,0,0,0,0,1,0,0,1,0,1,0,0,0
0.00346003,0,0,1,1,0,0,0,1,0,0,1,0,1,0,0,0
0.00346005,1,1,1,1,1,1,0,1,0,0,1,0,1,0,0,0
0.00346006,1,1,1,1,1,1,1,1,0,0,1,0,1,0,0,0
0.0034601,1,1,0,0,1,0,0,0,0,0,1,0,1,0,0,0
0.00346014,1,1,1,1,1,1,1,0,0,0,1,0,1,0,0,0
0.00346018,1,1,1,0,1,0,0,0,0,0,1,0,1,0,0,0
0.00346019,1,1,0,0,1,0,0,0,0,0,1,0,1,0,0,0
0.00346022,1,1,1,1,1,1,0,0,0,0,1,0,1,0,0,0
0.00346023,1,1,1,1,1,1,1,0,0,0,1,0,1,0,0,0
0.00346024,1,1,1,1,1,1,0,0,0,0,1,0,1,0,0,0
0.00346025,1,1,1,0,1,0,0,0,0,0,1,0,1,0,0,0
0.00346047,1,1,1,0,1,0,0,0,0,0,0,0,1,0,0,0
0.00346048,1,1,0,0,1,0,0,0,1,1,0,0,1,0,0,0
0.00346052,1,1,1,0,1,0,0,0,1,1,0,0,1,0,0,0
0.00346054,1,1,1,0,1,0,0,0,1,0,0,0,0,0,0,0
0.00346055,1,1,0,0,1,0,0,0,0,1,0,0,1,0,0,0
0.00346056,1,1,0,0,1,0,0,0,1,1,0,0,1,0,0,0
0.0034606,1,1,1,0,1,0,0,0,1,1,0,0,1,0,0,0
0.00346063,1,1,0,0,1,0,0,0,1,1,0,0,1,0,0,0
0.00346067,1,1,1,0,1,0,0,0,1,1,0,0,1,0,0,0
0.00346069,1,1,0,0,1,0,0,0,1,1,0,0,1,0,0,0
0.00346084,1,1,1,0,1,0,0,0,1,1,0,0,1,0,0,0
0.00346085,1,1,0,0,1,0,0,0,1,1,0,0,1,0,0,0
0.003461,1,1,1,1,1,0,0,0,1,1,0,0,1,0,0,0
0.00346101,1,1,1,1,1,1,1,0,1,1,0,0,1,0,0,0
0.00346102,1,1,1,1,1,1,1,1,1,1,0,0,1,0,0,0
0.00346107,1,0,1,0,1,1,1,1,1,1,0,0,1,0,0,0
0.00346108,1,0,0,0,1,1,1,0,1,1,0,0,1,0,0,0
0.00346111,1,0,1,1,1,1,1,0,1,1,0,0,1,0,0,0
0.00346112,1,1,1,1,1,1,1,0,1,1,0,0,1,0,0,0
0.00346114,1,0,1,0,1,1,1,0,1,1,0,0,1,0,0,0
0.00346115,1,0,0,0,1,1,1,0,1,1,0,0,1,0,0,0
0.00346118,1,0,1,0,1,1,1,0,1,1,0,0,1,0,0,0
0.00346119,1,0,1,1,1,1,1,0,1,1,0,0,1,0,0,0
0.0034612,1,0,1,0,1,1,1,0,1,1,0,0,1,0,0,0
0.00346122,1,0,0,0,1,1,1,0,1,1,0,0,1,0,0,0
0.00346127,1,0,1,0,1,1,1,0,1,1,0,0,1,0,0,0
0.00346128,1,0,0,0,1,1,1,0,1,1,0,0,1,0,0,0
0.00346197,1,1,1,0,1,1,1,0,1,1,0,0,1,0,0,0
0.00346198,1,1,1,1,1,1,1,0,1,1,0,0,1,0,0,0
0.003462,1,1,1,1,1,1,1,1,1,1,0,0,1,0,0,0
0.00346205,1,1,1,1,1,0,1,1,1,1,0,0,1,0,0,0
0.00346206,0,1,0,0,1,0,0,0,1,1,0,0,1,0,0,0
0.00346209,0,1,1,0,1,0,0,0,1,1,0,0,1,0,0,0
0.0034621,0,1,1,1,1,0,0,0,1,1,0,0,1,0,0,0
0.00346211,1,1,1,1,1,1,1,0,1,1,0,0,1,0,0,0
0.00346213,1,1,1,1,1,0,0,0,1,1,0,0,1,0,0,0
0.00346214,0,1,1,1,1,0,0,0,1,1,0,0,1,0,0,0
0.00346215,0,1,0,0,1,0,0,0,1,1,0,0,1,0,0,0
0.00346217,0,1,1,1,1,0,0,0,1,1,0,0,1,0,0,0
0.00346223,0,1,1,0,1,0,0,0,1,1,0,0,1,0,0,0
0.00346225,0,1,1,1,1,0,0,0,1,1,0,0,1,0,0,0
0.00346231,0,1,1,0,1,0,0,0,1,1,0,0,1,0,0,0
0.00346234,0,1,1,1,1,0,0,0,1,1,0,0,1,0,0,0
0.00346237,0,1,1,0,1,0,0,0,1,1,0,0,1,0,0,0
0.0034624,0,1,1,1,1,0,0,0,1,1,0,0,1,0,0,0
0.00346242,0,1,1,1,1,0,0,0,0,1,0,0,1,0,0,0
0.00346244,0,1,1,0,1,0,0,0,0,1,0,0,1,0,0,0
0.00346248,0,1,1,1,1,0,0,0,0,1,0,0,1,0,0,0
0.0034625,0,1,1,0,1,0,0,0,0,0,0,0,0,0,0,0
0.00346251,0,1,1,0,1,0,0,0,0,1,0,0,1,0,0,0
0.00346256,0,1,1,1,1,0,0,0,0,1,0,0,1,0,0,0
0.00346257,0,1,1,0,1,0,0,0,0,1,0,0,1,0,0,0
0.00346288,0,1,0,0,1,0,0,0,0,1,0,0,1,0,0,0
0.00346289,0,1,1,0,1,0,0,0,0,1,0,0,1,0,0,0
0.00346291,0,1,0,0,1,0,0,0,0,1,0,0,1,0,0,0
0.00346293,0,1,1,0,1,0,0,0,0,1,0,0,1,0,0,0
0.00346294,0,1,0,0,1,0,0,0,0,1,0,0,1,0,0,0
0.00346295,1,1,0,0,1,0,0,0,0,1,0,0,1,0,0,0
0.00346296,1,1,1,1,1,0,0,0,0,1,0,0,1,0,0,0
0.00346297,0,1,1,1,1,1,1,0,0,1,0,0,1,0,0,0
0.00346298,1,1,1,1,1,1,1,1,0,1,0,0,1,0,0,0
0.00346302,1,1,0,0,1,1,0,0,0,1,0,0,1,0,0,0
0.00346305,1,1,1,0,1,1,0,0,0,1,0,0,1,0,0,0
0.00346306,1,1,1,1,1,1,1,0,0,1,0,0,1,0,0,0
0.00346308,1,1,1,0,1,1,0,0,0,1,0,0,1,0,0,0
0.00346309,1,1,0,0,1,1,0,0,0,1,0,0,1,0,0,0
0.00346313,1,1,1,0,1,1,0,0,0,1,0,0,1,0,0,0
0.00346315,1,1,0,0,1,1,0,0,0,1,0,0,1,0,0,0
0.00346394,1,1,0,0,1,1,1,0,0,1,0,0,1,0,0,0
0.00346395,1,1,0,0,1,1,1,1,0,1,0,0,1,0,0,0
0.00346396,1,1,1,1,1,1,1,1,0,1,0,0,1,0,0,0
0.003464,1,0,1,0,1,0,1,0,0,1,0,0,1,0,0,0
0.00346401,1,0,0,0,1,0,0,0,0,1,0,0,1,0,0,0
0.00346404,1,0,1,1,1,0,1,0,0,1,0,0,1,0,0,0
0.00346405,1,0,1,1,1,1,1,0,0,1,0,0,1,0,0,0
0.00346406,1,1,1,1,1,1,1,1,0,1,0,0,1,0,0,0
0.00346407,1,1,1,1,1,1,1,0,0,1,0,0,1,0,0,0
0.00346408,1,0,1,1,1,0,1,0,0,1,0,0,1,0,0,0
0.00346409,1,0,1,0,1,0,0,0,0,1,0,0,1,0,0,0
0.0034641,1,0,0,0,1,0,0,0,0,1,0,0,1,0,0,0
0.00346412,1,0,1,1,1,0,0,0,0,1,0,0,1,0,0,0
0.00346418,1,0,1,0,1,0,0,0,0,1,0,0,1,0,0,0
0.00346419,1,0,1,1,1,0,0,0,0,1,0,0,1,0,0,0
0.00346433,1,0,1,0,1,0,0,0,0,1,0,0,1,0,0,0
0.00346434,1,0,1,1,1,0,0,0,0,1,0,0,1,0,0,0
0.00346437,1,0,1,1,1,0,0,0,0,0,0,0,1,0,0,0
0.00346439,1,0,1,0,1,0,0,0,1,0,0,0,1,0,0,0
0.00346443,1,0,1,1,1,0,0,0,1,0,0,0,1,0,0,0
0.00346445,1,0,1,1,1,0,0,0,0,0,0,0,0,0,0,0
0.00346446,1,0,1,0,1,0,0,0,1,0,0,0,1,0,0,0
0.00346449,1,0,0,0,1,0,0,0,1,0,0,0,1,0,0,0
0.0034645,1,0,1,0,1,0,0,0,1,0,0,0,1,0,0,0
0.00346451,1,0,1,1,1,0,0,0,1,0,0,0,1,0,0,0
0.00346453,1,0,1,0,1,0,0,0,1,0,0,0,1,0,0,0
0.00346483,1,0,0,0,1,0,0,0,1,0,0,0,1,0,0,0
0.00346484,1,0,1,0,1,0,0,0,1,0,0,0,1,0,0,0
0.00346485,1,0,0,0,1,0,0,0,1,0,0,0,1,0,0,0
0.00346488,1,0,1,0,1,0,0,0,1,0,0,0,1,0,0,0
0.0034649,1,0,1,1,1,0,0,0,1,0,0,0,1,0,0,0
0.00346491,1,1,1,1,1,0,0,0,1,0,0,0,1,0,0,0
0.00346492,1,1,1,1,1,1,1,1,1,0,0,0,1,0,0,0
0.00346498,0,0,1,1,1,0,1,0,1,0,0,0,1,0,0,0
0.00346502,1,1,1,1,1,1,1,1,1,0,0,0,1,0,0,0
0.00346503,1,1,1,1,1,1,1,0,1,0,0,0,1,0,0,0
0.00346504,0,0,1,1,1,0,1,0,1,0,0,0,1,0,0,0
0.00346588,1,1,1,1,1,0,1,0,1,0,0,0,1,0,0,0
0.0034659,1,1,1,1,1,1,1,1,1,0,0,0,1,0,0,0
0.00346591,1,0,1,1,1,1,1,1,1,0,0,0,1,0,0,0
0.00346592,1,1,1,1,1,1,1,1,1,0,0,0,1,0,0,0
0.00346596,1,0,0,0,0,1,0,0,1,0,0,0,1,0,0,0
0.003466,1,1,1,1,0,1,1,1,1,0,0,0,1,0,0,0
0.00346604,1,1,1,1,0,1,0,0,1,0,0,0,1,0,0,0
0.00346605,1,0,0,0,0,1,0,0,1,0,0,0,1,0,0,0
0.00346607,1,0,1,0,0,1,0,0,1,0,0,0,1,0,0,0
0.00346608,1,1,1,1,0,1,0,0,1,0,0,0,1,0,0,0
0.00346613,1,0,1,0,0,1,0,0,1,0,0,0,1,0,0,0
0.00346615,1,1,1,1,0,1,0,0,1,0,0,0,1,0,0,0
0.00346628,1,0,1,0,0,1,0,0,1,0,0,0,1,0,0,0
0.00346629,1,0,1,1,0,1,0,0,1,0,0,0,1,0,0,0
0.0034663,1,0,1,0,0,1,0,0,1,0,0,0,1,0,0,0
0.00346631,1,1,1,1,0,1,0,0,1,0,0,0,1,0,0,0
0.00346633,1,1,1,1,0,1,0,0,1,0,0,0,0,0,0,0
0.00346634,1,0,1,1,0,1,0,0,1,0,0,0,0,1,0,0
0.00346635,1,0,1,0,0,1,0,0,1,0,0,0,0,1,0,0
0.00346638,1,1,1,1,0,1,0,0,1,0,0,0,0,1,0,0
0.0034664,1,0,1,1,0,1,0,0,1,0,0,0,0,1,0,0
0.00346641,1,0,1,0,0,1,0,0,1,0,0,0,0,1,0,0
0.00346642,1,0,1,1,0,1,0,0,1,0,0,0,0,1,0,0
0.00346644,1,0,1,0,0,1,0,0,1,0,0,0,0,1,0,0
0.00346646,1,0,1,1,0,1,0,0,1,0,0,0,0,1,0,0
0.00346649,1,0,1,0,0,1,0,0,1,0,0,0,0,1,0,0
0.0034665,1,0,1,1,0,1,0,0,1,0,0,0,0,1,0,0
0.00346652,1,0,1,0,0,1,0,0,1,0,0,0,0,1,0,0
0.00346654,1,0,1,1,0,1,0,0,1,0,0,0,0,1,0,0
0.00346655,1,0,1,0,0,1,0,0,1,0,0,0,0,1,0,0
0.00346659,1,0,1,1,0,1,0,0,1,0,0,0,0,1,0,0
0.00346661,1,0,1,0,0,1,0,0,1,0,0,0,0,1,0,0
0.00346677,1,0,1,1,0,1,0,0,1,0,0,0,0,1,0,0
0.00346678,1,0,1,0,0,1,0,0,1,0,0,0,0,1,0,0
0.00346681,1,0,1,1,0,1,0,0,1,0,0,0,0,1,0,0
0.00346682,1,0,1,0,0,1,0,0,1,0,0,0,0,1,0,0
0.00346688,1,1,1,1,1,1,0,0,1,0,0,0,0,1,0,0
0.00346689,1,1,1,1,1,1,1,1,1,0,0,0,0,1,0,0
0.00346692,0,1,1,1,1,0,1,0,1,0,0,0,0,1,0,0
0.00346693,0,0,0,0,0,0,1,0,1,0,0,0,0,1,0,0
0.00346696,0,0,1,0,0,0,1,0,1,0,0,0,0,1,0,0
0.00346697,0,1,1,1,0,0,1,0,1,0,0,0,0,1,0,0
0.00346698,0,1,1,1,0,1,1,1,1,0,0,0,0,1,0,0
0.003467,0,1,1,1,0,0,1,0,1,0,0,0,0,1,0,0
0.00346701,0,0,1,1,0,0,1,0,1,0,0,0,0,1,0,0
0.00346702,0,0,0,0,0,0,1,0,1,0,0,0,0,1,0,0
0.00346704,0,0,1,1,0,0,1,0,1,0,0,0,0,1,0,0
0.00346711,0,0,1,0,0,0,1,0,1,0,0,0,0,1,0,0
0.00346712,0,0,1,1,0,0,1,0,1,0,0,0,0,1,0,0
0.00346726,0,0,1,0,0,0,1,0,1,0,0,0,0,1,0,0
0.00346727,0,0,1,1,0,0,1,0,1,0,0,0,0,1,0,0
0.00346734,0,0,1,0,0,0,1,0,1,0,0,0,0,1,0,0
0.00346736,0,0,1,1,0,0,1,0,1,0,0,0,0,1,0,0
0.00346738,0,0,1,0,0,0,1,0,1,0,0,0,0,1,0,0
0.00346741,0,0,1,1,0,0,1,0,1,0,0,0,0,1,0,0
0.00346742,0,0,1,0,0,0,1,0,1,0,0,0,0,1,0,0
0.00346763,0,0,0,0,0,0,1,0,1,0,0,0,0,1,0,0
0.00346764,0,0,1,0,0,0,1,0,1,0,0,0,0,1,0,0
0.00346766,0,0,0,0,0,0,1,0,1,0,0,0,0,1,0,0
0.00346768,0,0,1,0,0,0,1,0,1,0,0,0,0,1,0,0
0.00346769,0,0,0,0,0,0,1,0,1,0,0,0,0,1,0,0
0.00346775,0,0,1,0,0,0,1,0,1,0,0,0,0,1,0,0
0.00346776,0,0,0,0,0,0,1,0,1,0,0,0,0,1,0,0
0.00346783,1,1,1,1,0,0,1,0,1,0,0,0,0,1,0,0
0.00346784,1,1,1,1,1,1,1,1,1,0,0,0,0,1,0,0
0.00346791,0,0,0,0,0,0,0,1,1,0,0,0,0,1,0,0
0.00346795,1,1,1,1,0,1,0,1,1,0,0,0,0,1,0,0
0.00346799,0,0,1,1,0,0,0,1,1,0,0,0,0,1,0,0
0.003468,0,0,0,0,0,0,0,1,1,0,0,0,0,1,0,0
0.00346803,0,0,1,1,0,0,0,1,1,0,0,0,0,1,0,0
0.00346805,0,1,1,1,0,0,0,1,1,0,0,0,0,1,0,0
0.00346806,0,0,1,1,0,0,0,1,1,0,0,0,0,1,0,0
0.00346808,0,0,1,0,0,0,0,1,1,0,0,0,0,1,0,0
0.00346811,0,0,1,1,0,0,0,1,1,0,0,0,0,1,0,0
0.00346817,0,0,1,0,0,0,0,1,1,0,0,0,0,1,0,0
0.00346822,0,0,1,1,0,0,0,1,1,0,0,0,0,1,0,0
0.00346823,0,0,1,0,0,0,0,1,1,0,0,0,0,1,0,0
0.00346826,0,0,1,1,0,0,0,1,1,0,0,0,0,1,0,0
0.00346827,0,0,1,0,0,0,0,1,1,0,0,0,0,1,0,0
0.00346857,0,0,0,0,0,0,0,1,1,0,0,0,0,1,0,0
0.00346858,0,0,1,0,0,0,0,1,1,0,0,0,0,1,0,0
0.00346861,0,0,0,0,0,0,0,1,1,0,0,0,0,1,0,0
0.00346863,0,0,1,0,0,0,0,1,1,0,0,0,0,1,0,0
0.00346865,0,0,0,0,0,0,0,1,1,0,0,0,0,1,0,0
0.00346872,0,0,1,0,0,0,0,1,1,0,0,0,0,1,0,0
0.00346873,0,0,0,0,0,0,0,1,1,0,0,0,0,1,0,0
0.00346876,0,0,1,0,0,0,0,1,1,0,0,0,0,1,0,0
0.00346877,0,0,0,0,0,0,0,1,1,0,0,0,0,1,0,0
0.00346879,0,0,1,0,0,0,0,1,1,0,0,0,0,1,0,0
0.0034688,0,0,0,0,0,0,0,1,1,0,0,0,0,1,0,0
0.00346881,1,1,1,0,0,0,0,1,1,0,0,0,0,1,0,0
0.00346882,1,1,1,1,0,0,0,1,1,0,0,0,0,1,0,0
0.00346883,1,1,1,1,1,1,1,1,1,0,0,0,0,1,0,0
0.00346889,0,1,1,1,0,1,0,0,1,0,0,0,0,1,0,0
0.00346893,1,1,1,1,0,1,1,1,1,0,0,0,0,1,0,0
0.00346895,0,1,1,1,0,1,0,0,1,0,0,0,0,1,0,0
0.00346985,1,1,1,1,0,1,1,1,1,0,0,0,0,1,0,0
0.00346986,1,1,1,1,1,1,1,1,1,0,0,0,0,1,0,0
0.00346988,1,1,0,1,1,0,1,1,1,0,0,0,0,1,0,0
0.00346991,0,1,0,0,1,0,1,1,1,0,0,0,0,1,0,0
0.00346996,1,1,1,0,1,0,1,1,1,0,0,0,0,1,0,0
0.00346997,0,1,0,0,1,0,1,1,1,0,0,0,0,1,0,0
0.00347023,0,1,0,0,1,0,1,1,0,0,0,0,0,0,0,0
0.00347024,0,1,0,0,1,0,1,1,0,1,0,0,0,0,0,0
0.00347025,0,1,0,0,1,0,1,1,0,1,0,0,1,0,1,1
0.00347076,0,1,1,1,1,0,1,1,0,1,0,0,1,0,1,1
0.00347077,1,1,1,1,1,0,1,1,0,1,0,0,1,0,1,1
0.00347078,1,1,1,1,1,1,1,1,0,1,0,0,1,0,1,1
0.00347084,0,1,1,1,0,1,0,0,0,1,0,0,1,0,1,1
0.00347088,1,1,1,1,0,1,0,0,0,1,0,0,1,0,1,1
0.00347089,1,1,1,1,0,1,1,1,0,1,0,0,1,0,1,1
0.0034709,0,1,1,1,0,1,0,0,0,1,0,0,1,0,1,1
0.00347176,1,1,1,1,1,1,1,1,0,1,0,0,1,0,1,1
0.00347272,1,0,0,0,0,0,1,0,0,1,0,0,1,0,1,1
0.00347273,0,0,0,0,0,0,0,0,0,1,0,0,1,0,1,1
0.00347276,1,1,1,0,0,0,0,0,0,1,0,0,1,0,1,1
0.00347277,1,0,1,0,0,0,0,0,0,1,0,0,1,0,1,1
0.00347278,0,0,0,0,0,0,0,0,0,1,0,0,1,0,1,1
0.00347368,1,0,1,0,0,0,0,0,0,1,0,0,1,0,1,1
0.00347369,1,1,1,0,0,0,0,0,0,1,0,0,1,0,1,1
0.0034737,0,0,0,0,0,0,0,0,0,1,0,0,1,0,1,1
0.00347372,0,0,1,0,0,0,0,0,0,1,0,0,1,0,1,1
0.00347373,0,1,1,1,0,1,0,0,0,1,0,0,1,0,1,1
0.00347375,1,1,1,1,1,1,0,1,0,1,0,0,1,0,1,1
0.00347376,1,1,1,1,1,1,0,0,0,1,0,0,1,0,1,1
0.00347377,1,1,1,1,1,1,1,1,0,1,0,0,1,0,1,1
0.00347381,0,1,0,0,1,1,1,1,0,1,0,0,1,0,1,1
0.00347382,0,1,0,0,1,1,0,0,0,1,0,0,1,0,1,1
0.00347386,1,1,1,0,1,1,0,1,0,1,0,0,1,0,1,1
0.00347388,0,1,0,0,1,1,0,0,0,1,0,0,1,0,1,1
0.00347414,0,1,0,0,1,1,0,0,0,1,0,0,1,0,0,0
0.00347415,0,1,0,0,1,1,0,0,0,1,0,0,1,1,0,0
0.00347469,1,1,1,1,1,1,0,0,0,1,0,0,1,1,0,0
0.00347471,1,1,1,1,1,1,1,1,0,1,0,0,1,1,0,0
0.00347474,1,1,0,1,0,0,0,0,0,1,0,0,1,1,0,0
0.00347478,1,1,1,1,0,0,0,0,0,1,0,0,1,1,0,0
0.00347479,1,1,1,1,0,1,1,1,0,1,0,0,1,1,0,0
0.0034748,1,1,1,1,0,0,1,1,0,1,0,0,1,1,0,0
0.00347481,1,1,0,1,0,0,0,0,0,1,0,0,1,1,0,0
0.00347487,1,1,1,1,0,0,0,0,0,1,0,0,1,1,0,0
0.00347488,1,1,0,1,0,0,0,0,0,1,0,0,1,1,0,0
0.00347565,1,1,1,1,0,0,0,0,0,1,0,0,1,1,0,0
0.00347566,1,1,1,1,1,1,1,1,0,1,0,0,1,1,0,0
0.00347571,1,1,0,1,0,0,0,0,0,1,0,0,1,1,0,0
0.00347575,1,1,1,1,0,1,0,0,0,1,0,0,1,1,0,0
0.00347576,1,1,1,1,1,1,1,1,0,1,0,0,1,1,0,0
0.00347577,1,1,1,1,0,1,1,0,0,1,0,0,1,1,0,0
0.00347578,1,1,1,1,0,0,0,0,0,1,0,0,1,1,0,0
0.00347579,1,1,0,1,0,0,0,0,0,1,0,0,1,1,0,0
0.00347583,1,1,1,1,0,0,0,0,0,1,0,0,1,1,0,0
0.00347586,1,1,0,1,0,0,0,0,0,1,0,0,1,1,0,0
0.00347591,1,1,1,1,0,0,0,0,0,1,0,0,1,1,0,0
0.00347592,1,1,0,1,0,0,0,0,0,1,0,0,1,1,0,0
0.00347662,1,1,1,1,0,0,0,0,0,1,0,0,1,1,0,0
0.00347664,1,1,1,1,1,1,1,0,0,1,0,0,1,1,0,0
0.00347665,1,1,1,1,1,1,1,1,0,1,0,0,1,1,0,0
0.00347762,1,1,1,1,0,1,1,1,0,1,0,0,1,1,0,0
0.00347764,0,0,1,1,1,1,1,1,0,1,0,0,1,1,0,0
0.00347765,0,0,0,1,1,0,1,0,0,1,0,0,1,1,0,0
0.00347768,0,1,1,1,1,1,1,1,0,1,0,0,1,1,0,0
0.0034777,1,1,1,1,1,1,1,1,0,1,0,0,1,1,0,0
0.00347772,0,1,1,1,1,1,1,1,0,1,0,0,1,1,0,0
0.00347773,1,1,1,1,0,1,1,1,0,1,0,0,1,1,0,0
0.00347774,0,1,1,0,0,1,0,1,0,1,0,0,1,1,0,0
0.00347804,0,1,1,0,0,1,0,1,0,1,0,0,0,1,0,0
0.00347805,0,1,1,0,0,1,0,1,0,1,1,0,0,1,0,1
0.00347858,0,1,1,1,0,1,0,1,0,1,1,0,0,1,0,1
0.0034786,1,1,1,1,1,1,1,1,0,1,1,0,0,1,0,1
0.00347864,0,0,0,0,0,0,1,0,0,1,1,0,0,1,0,1
0.00347868,0,0,1,0,0,1,1,0,0,1,1,0,0,1,0,1
0.00347869,1,0,1,1,0,1,1,0,0,1,1,0,0,1,0,1
0.0034787,1,1,1,1,0,1,1,0,0,1,1,0,0,1,0,1
0.00347873,0,0,1,0,0,0,1,0,0,1,1,0,0,1,0,1
0.00347874,0,0,0,0,0,0,1,0,0,1,1,0,0,1,0,1
0.00347876,0,0,1,0,0,0,1,0,0,1,1,0,0,1,0,1
0.00347877,0,0,1,1,0,0,1,0,0,1,1,0,0,1,0,1
0.00347881,0,0,1,0,0,0,1,0,0,1,1,0,0,1,0,1
0.00347942,0,0,0,0,0,0,1,0,0,1,1,0,0,1,0,1
0.00347943,0,0,1,0,0,0,1,0,0,1,1,0,0,1,0,1
0.00347948,0,0,0,0,0,0,1,0,0,1,1,0,0,1,0,1
0.00347949,0,0,1,0,0,0,1,0,0,1,1,0,0,1,0,1
0.0034795,0,0,0,0,0,0,1,0,0,1,1,0,0,1,0,1
0.00347951,0,0,1,0,0,0,1,0,0,1,1,0,0,1,0,1
0.00347953,0,0,0,0,0,0,1,0,0,1,1,0,0,1,0,1
0.00347954,0,0,1,0,0,0,1,0,0,1,1,0,0,1,0,1
0.00347955,1,1,0,0,0,0,1,0,0,1,1,0,0,1,0,1
0.00347956,1,1,0,0,1,0,1,0,0,1,1,0,0,1,0,1
0.00347957,1,1,1,1,1,1,1,0,0,1,1,0,0,1,0,1
0.00347958,1,1,1,1,1,1,1,1,0,1,1,0,0,1,0,1
0.00347963,0,0,0,0,0,0,0,1,0,1,1,0,0,1,0,1
0.00347967,0,1,1,1,0,1,0,1,0,1,1,0,0,1,0,1
0.00347968,1,1,1,1,0,1,0,1,0,1,1,0,0,1,0,1
0.00347969,1,1,1,1,1,1,0,1,0,1,1,0,0,1,0,1
0.0034797,1,1,1,1,0,1,0,1,0,1,1,0,0,1,0,1
0.00347972,0,0,1,0,0,0,0,1,0,1,1,0,0,1,0,1
0.00347973,0,0,0,0,0,0,0,1,0,1,1,0,0,1,0,1
0.00347975,0,0,1,0,0,0,0,1,0,1,1,0,0,1,0,1
0.00347976,1,0,1,1,0,1,0,1,0,1,1,0,0,1,0,1
0.00347977,1,1,1,1,0,1,0,1,0,1,1,0,0,1,0,1
0.00347978,0,0,1,1,0,1,0,1,0,1,1,0,0,1,0,1
0.00347979,0,0,1,1,0,0,0,1,0,1,1,0,0,1,0,1
0.0034798,0,0,1,0,0,0,0,1,0,1,1,0,0,1,0,1
0.00347985,0,0,1,1,0,0,0,1,0,1,1,0,0,1,0,1
0.00347986,0,0,1,0,0,0,0,1,0,1,1,0,0,1,0,1
0.00348041,0,0,0,0,0,0,0,1,0,1,1,0,0,1,0,1
0.00348042,0,0,1,0,0,0,0,1,0,1,1,0,0,1,0,1
0.00348045,0,0,0,0,0,0,0,1,0,1,1,0,0,1,0,1
0.00348046,0,0,1,0,0,0,0,1,0,1,1,0,0,1,0,1
0.00348049,0,0,0,0,0,0,0,1,0,1,1,0,0,1,0,1
0.0034805,0,0,1,0,0,0,0,1,0,1,1,0,0,1,0,1
0.00348051,0,0,0,0,0,0,0,1,0,1,1,0,0,1,0,1
0.00348052,0,0,1,0,0,0,0,1,0,1,1,0,0,1,0,1
0.00348053,1,1,1,1,0,0,0,1,0,1,1,0,0,1,0,1
0.00348054,1,1,1,1,1,1,1,1,0,1,1,0,0,1,0,1
0.0034806,0,1,1,1,0,1,0,0,0,1,1,0,0,1,0,1
0.00348064,1,1,1,1,0,1,1,0,0,1,1,0,0,1,0,1
0.00348065,1,1,1,1,1,1,1,1,0,1,1,0,0,1,0,1
0.00348066,1,1,1,1,0,1,1,0,0,1,1,0,0,1,0,1
0.00348067,0,1,1,1,0,1,0,0,0,1,1,0,0,1,0,1
0.00348151,1,1,1,1,0,1,1,0,0,1,1,0,0,1,0,1
0.00348152,1,1,1,1,1,1,1,1,0,1,1,0,0,1,0,1
0.00348254,0,1,1,1,0,1,0,0,0,1,1,0,0,1,0,1
0.00348258,1,1,1,1,0,1,1,0,0,1,1,0,0,1,0,1
0.00348259,1,1,1,1,0,1,1,1,0,1,1,0,0,1,0,1
0.0034826,0,1,1,1,0,1,0,0,0,1,1,0,0,1,0,1
0.00348357,1,1,1,1,1,1,1,1,0,1,1,0,0,1,0,1
0.00348358,0,0,1,0,1,0,0,0,0,1,1,0,0,1,0,1
0.00348363,1,0,1,0,1,0,1,0,0,1,1,0,0,1,0,1
0.00348364,0,0,1,0,1,0,0,0,0,1,1,0,0,1,0,1
0.0034839,0,0,1,0,1,0,0,0,0,0,1,0,0,0,0,0
0.00348392,0,0,1,0,1,0,0,0,0,0,1,0,1,0,0,0
0.00348398,0,0,1,0,1,0,0,0,0,0,0,0,0,0,0,0
0.00348399,0,0,1,0,1,0,0,0,0,0,1,0,1,0,0,0
0.00348443,1,0,1,0,1,0,0,0,0,0,1,0,1,0,0,0
0.00348444,0,0,1,0,1,0,0,0,0,0,1,0,1,0,0,0
0.00348445,1,0,1,0,1,0,1,1,0,0,1,0,1,0,0,0
0.00348446,1,1,1,1,1,1,1,1,0,0,1,0,1,0,0,0
0.00348548,0,0,0,0,0,0,0,1,0,0,1,0,1,0,0,0
0.00348554,1,0,1,1,0,1,0,1,0,0,1,0,1,0,0,0
0.00348555,1,1,1,1,0,1,1,1,0,0,1,0,1,0,0,0
0.00348556,1,0,1,1,0,0,0,1,0,0,1,0,1,0,0,0
0.00348557,0,0,0,0,0,0,0,1,0,0,1,0,1,0,0,0
0.00348638,1,0,1,0,0,0,0,1,0,0,1,0,1,0,0,0
0.00348639,1,1,1,1,0,0,0,1,0,0,1,0,1,0,0,0
0.00348641,1,1,1,1,1,1,1,1,0,0,1,0,1,0,0,0
0.00348645,1,1,1,1,1,1,1,0,0,0,1,0,1,0,0,0
0.00348646,1,1,0,0,1,0,0,0,0,0,1,0,1,0,0,0
0.00348649,1,1,1,0,1,1,0,0,0,0,1,0,1,0,0,0
0.0034865,1,1,1,1,1,1,1,0,0,0,1,0,1,0,0,0
0.00348653,1,1,1,0,1,0,0,0,0,0,1,0,1,0,0,0
0.00348654,1,1,0,0,1,0,0,0,0,0,1,0,1,0,0,0
0.00348657,1,1,1,0,1,0,0,0,0,0,1,0,1,0,0,0
0.00348658,1,1,1,1,1,0,0,0,0,0,1,0,1,0,0,0
0.00348659,1,1,1,0,1,0,0,0,0,0,1,0,1,0,0,0
0.00348661,1,1,0,0,1,0,0,0,0,0,1,0,1,0,0,0
0.00348666,1,1,1,0,1,0,0,0,0,0,1,0,1,0,0,0
0.00348668,1,1,0,0,1,0,0,0,0,0,1,0,1,0,0,0
0.00348683,1,1,0,0,1,0,0,0,0,0,0,0,1,0,0,0
0.00348684,1,1,0,0,1,0,0,0,1,1,0,0,1,0,0,0
0.0034869,1,1,1,0,1,0,0,0,1,0,0,0,0,0,0,0
0.00348691,1,1,0,0,1,0,0,0,0,1,0,0,1,0,0,0
0.00348692,1,1,0,0,1,0,0,0,1,1,0,0,1,0,0,0
0.00348736,1,1,1,1,1,0,0,0,1,1,0,0,1,0,0,0
0.00348738,1,1,1,1,1,1,1,1,1,1,0,0,1,0,0,0
0.00348744,1,0,0,0,1,1,1,0,1,1,0,0,1,0,0,0
0.00348748,1,1,1,1,1,1,1,1,1,1,0,0,1,0,0,0
0.0034875,1,0,1,1,1,1,1,0,1,1,0,0,1,0,0,0
0.00348751,1,0,0,0,1,1,1,0,1,1,0,0,1,0,0,0
0.00348755,1,0,1,0,1,1,1,0,1,1,0,0,1,0,0,0
0.00348758,1,0,0,0,1,1,1,0,1,1,0,0,1,0,0,0
0.00348834,1,1,1,0,1,1,1,0,1,1,0,0,1,0,0,0
0.00348835,1,1,1,1,1,1,1,0,1,1,0,0,1,0,0,0
0.00348836,1,1,1,1,1,1,1,1,1,1,0,0,1,0,0,0
0.00348841,0,1,0,0,1,0,0,0,1,1,0,0,1,0,0,0
0.00348845,0,1,1,1,1,1,0,0,1,1,0,0,1,0,0,0
0.00348846,1,1,1,1,1,1,1,1,1,1,0,0,1,0,0,0
0.00348848,0,1,1,1,1,0,0,0,1,1,0,0,1,0,0,0
0.00348849,0,1,0,0,1,0,0,0,1,1,0,0,1,0,0,0
0.00348853,0,1,1,1,1,0,0,0,1,1,0,0,1,0,0,0
0.00348856,0,1,1,0,1,0,0,0,1,1,0,0,1,0,0,0
0.00348857,0,1,0,0,1,0,0,0,1,1,0,0,1,0,0,0
0.00348861,0,1,1,0,1,0,0,0,1,1,0,0,1,0,0,0
0.00348864,0,1,0,0,1,0,0,0,1,1,0,0,1,0,0,0
0.00348878,0,1,1,0,1,0,0,0,1,1,0,0,1,0,0,0
0.00348879,0,1,0,0,1,0,0,0,0,1,0,0,1,0,0,0
0.00348886,0,1,0,0,1,0,0,0,0,0,0,0,0,0,0,0
0.00348887,0,1,0,0,1,0,0,0,0,1,0,0,1,0,0,0
0.00348931,1,1,1,1,1,0,0,0,0,1,0,0,1,0,0,0
0.00348932,1,1,1,1,1,0,0,1,0,1,0,0,1,0,0,0
0.00348933,1,1,1,1,1,1,1,0,0,1,0,0,1,0,0,0
0.00348934,1,1,1,1,1,1,1,1,0,1,0,0,1,0,0,0
0.00348939,1,1,0,0,1,1,0,0,0,1,0,0,1,0,0,0
0.00348943,1,1,1,1,1,1,1,1,0,1,0,0,1,0,0,0
0.00348945,1,1,1,1,1,1,0,0,0,1,0,0,1,0,0,0
0.00348946,1,1,0,0,1,1,0,0,0,1,0,0,1,0,0,0
0.00348951,1,1,1,0,1,1,0,0,0,1,0,0,1,0,0,0
0.00348952,1,1,0,0,1,1,0,0,0,1,0,0,1,0,0,0
0.00349029,1,1,1,1,1,1,0,0,0,1,0,0,1,0,0,0
0.0034903,1,1,1,1,1,1,1,0,0,1,0,0,1,0,0,0
0.00349031,1,1,0,0,1,1,1,1,0,1,0,0,1,0,0,0
0.00349032,1,1,1,1,1,1,1,1,0,1,0,0,1,0,0,0
0.00349036,1,0,1,0,1,0,0,0,0,1,0,0,1,0,0,0
0.00349037,1,0,0,0,1,0,0,0,0,1,0,0,1,0,0,0
0.0034904,1,0,1,1,1,0,0,0,0,1,0,0,1,0,0,0
0.00349041,1,1,1,1,1,1,1,1,0,1,0,0,1,0,0,0
0.00349043,1,1,1,1,1,1,1,0,0,1,0,0,1,0,0,0
0.00349044,1,0,1,1,1,0,0,0,0,1,0,0,1,0,0,0
0.00349045,1,0,0,0,1,0,0,0,0,1,0,0,1,0,0,0
0.00349048,1,0,1,0,1,0,0,0,0,1,0,0,1,0,0,0
0.00349049,1,0,1,1,1,0,0,0,0,1,0,0,1,0,0,0
0.00349052,1,0,1,0,1,0,0,0,0,1,0,0,1,0,0,0
0.00349053,1,0,0,0,1,0,0,0,0,1,0,0,1,0,0,0
0.00349056,1,0,1,0,1,0,0,0,0,1,0,0,1,0,0,0
0.00349063,1,0,0,0,1,0,0,0,0,1,0,0,1,0,0,0
0.00349064,1,0,1,0,1,0,0,0,0,1,0,0,1,0,0,0
0.00349069,1,0,0,0,1,0,0,0,0,1,0,0,1,0,0,0
0.00349073,1,0,1,0,1,0,0,0,0,1,0,0,1,0,0,0
0.00349074,1,0,1,0,1,0,0,0,0,0,0,0,1,0,0,0
0.00349075,1,0,0,0,1,0,0,0,1,0,0,0,1,0,0,0
0.00349079,1,0,1,0,1,0,0,0,1,0,0,0,1,0,0,0
0.00349081,1,0,1,0,1,0,0,0,0,0,0,0,0,0,0,0
0.00349082,1,0,0,0,1,0,0,0,1,0,0,0,1,0,0,0
0.00349087,1,0,1,0,1,0,0,0,1,0,0,0,1,0,0,0
0.00349089,1,0,0,0,1,0,0,0,1,0,0,0,1,0,0,0
0.00349126,1,1,0,0,1,0,0,0,1,0,0,0,1,0,0,0
0.00349127,1,1,0,1,1,0,0,0,1,0,0,0,1,0,0,0
0.00349128,1,1,1,1,1,1,1,1,1,0,0,0,1,0,0,0
0.00349129,1,0,1,1,1,1,1,0,1,0,0,0,1,0,0,0
0.0034913,1,1,1,1,1,1,1,0,1,0,0,0,1,0,0,0
0.00349132,1,1,1,1,1,1,1,1,1,0,0,0,1,0,0,0
0.00349134,0,1,1,1,1,1,1,1,1,0,0,0,1,0,0,0
0.00349135,0,0,1,1,1,0,1,0,1,0,0,0,1,0,0,0
0.00349139,1,1,1,1,1,1,1,1,1,0,0,0,1,0,0,0
0.0034914,0,1,1,1,1,1,1,1,1,0,0,0,1,0,0,0
0.00349141,0,0,1,1,1,0,1,0,1,0,0,0,1,0,0,0
0.00349224,0,1,1,1,1,0,1,0,1,0,0,0,1,0,0,0
0.00349225,1,1,1,1,1,0,1,0,1,0,0,0,1,0,0,0
0.00349226,1,1,1,1,1,1,1,1,1,0,0,0,1,0,0,0
0.00349227,1,1,1,1,1,1,1,0,1,0,0,0,1,0,0,0
0.00349229,1,1,1,1,1,1,1,1,1,0,0,0,1,0,0,0
0.00349231,1,1,0,0,0,1,0,1,1,0,0,0,1,0,0,0
0.00349232,0,1,0,0,0,1,0,0,1,0,0,0,1,0,0,0
0.00349236,1,1,1,1,0,1,1,1,1,0,0,0,1,0,0,0
0.00349238,0,1,1,0,0,1,1,1,1,0,0,0,1,0,0,0
0.00349239,0,1,0,0,0,1,0,0,1,0,0,0,1,0,0,0
0.00349269,0,1,0,0,0,1,0,0,0,0,0,0,0,0,0,0
0.0034927,0,1,0,0,0,1,0,0,0,1,0,0,0,1,0,0
0.00349324,0,1,1,1,0,1,0,0,0,1,0,0,0,1,0,0
0.00349325,1,1,1,1,1,1,1,1,0,1,0,0,0,1,0,0
0.00349329,1,0,1,1,1,1,1,1,0,1,0,0,0,1,0,0
0.0034933,0,0,0,0,0,0,1,0,0,1,0,0,0,1,0,0
0.00349334,0,0,1,1,0,1,1,1,0,1,0,0,0,1,0,0
0.00349335,1,0,1,1,0,1,1,1,0,1,0,0,0,1,0,0
0.00349336,1,1,1,1,0,1,1,1,0,1,0,0,0,1,0,0
0.00349337,1,0,1,1,0,1,1,1,0,1,0,0,0,1,0,0
0.00349338,0,0,1,1,0,1,1,1,0,1,0,0,0,1,0,0
0.00349339,0,0,0,0,0,0,1,0,0,1,0,0,0,1,0,0
0.00349342,0,0,1,1,0,0,1,0,0,1,0,0,0,1,0,0
0.00349343,0,0,1,1,0,1,1,1,0,1,0,0,0,1,0,0
0.00349345,0,0,1,1,0,0,1,1,0,1,0,0,0,1,0,0
0.00349347,0,0,0,0,0,0,1,0,0,1,0,0,0,1,0,0
0.0034935,0,0,1,0,0,0,1,0,0,1,0,0,0,1,0,0
0.00349351,0,0,1,1,0,0,1,0,0,1,0,0,0,1,0,0
0.00349353,0,0,1,0,0,0,1,0,0,1,0,0,0,1,0,0
0.00349357,0,0,0,0,0,0,1,0,0,1,0,0,0,1,0,0
0.00349358,0,0,1,0,0,0,1,0,0,1,0,0,0,1,0,0
0.00349362,0,0,0,0,0,0,1,0,0,1,0,0,0,1,0,0
0.00349364,0,0,1,0,0,0,1,0,0,1,0,0,0,1,0,0
0.00349366,0,0,0,0,0,0,1,0,0,1,0,0,0,1,0,0
0.00349367,0,0,1,0,0,0,1,0,0,1,0,0,0,1,0,0
0.0034937,0,0,0,0,0,0,1,0,0,1,0,0,0,1,0,0
0.00349372,0,0,1,0,0,0,1,0,0,1,0,0,0,1,0,0
0.00349374,0,0,0,0,0,0,1,0,0,1,0,0,0,1,0,0
0.0034942,1,1,1,1,0,0,1,0,0,1,0,0,0,1,0,0
0.00349421,1,1,1,1,1,1,1,1,0,1,0,0,0,1,0,0
0.00349426,1,1,1,1,0,1,1,1,0,1,0,0,0,1,0,0
0.00349427,0,0,0,0,0,0,0,1,0,1,0,0,0,1,0,0
0.0034943,0,0,1,1,0,1,0,1,0,1,0,0,0,1,0,0
0.00349431,1,1,1,1,0,1,0,1,0,1,0,0,0,1,0,0
0.00349432,1,1,1,1,1,1,1,1,0,1,0,0,0,1,0,0
0.00349433,1,1,1,1,0,1,1,1,0,1,0,0,0,1,0,0
0.00349434,1,1,1,1,0,1,0,1,0,1,0,0,0,1,0,0
0.00349435,0,0,1,1,0,1,0,1,0,1,0,0,0,1,0,0
0.00349436,0,0,0,0,0,0,0,1,0,1,0,0,0,1,0,0
0.00349438,0,0,1,0,0,0,0,1,0,1,0,0,0,1,0,0
0.00349439,0,0,1,1,0,1,0,1,0,1,0,0,0,1,0,0
0.0034944,1,1,1,1,0,1,0,1,0,1,0,0,0,1,0,0
0.00349441,0,0,1,1,0,1,0,1,0,1,0,0,0,1,0,0
0.00349444,0,0,1,0,0,0,0,1,0,1,0,0,0,1,0,0
0.00349446,0,0,1,1,0,0,0,1,0,1,0,0,0,1,0,0
0.00349447,0,0,1,1,0,1,0,1,0,1,0,0,0,1,0,0
0.00349452,0,0,1,0,0,0,0,1,0,1,0,0,0,1,0,0
0.00349453,0,0,1,1,0,0,0,1,0,1,0,0,0,1,0,0
0.00349454,0,0,1,1,0,1,0,1,0,1,0,0,0,1,0,0
0.00349459,0,0,1,0,0,0,0,1,0,1,0,0,0,1,0,0
0.00349462,0,0,1,1,0,1,0,1,0,1,0,0,0,1,0,0
0.00349463,0,0,1,1,0,0,0,1,0,1,0,0,0,1,0,0
0.00349464,0,0,1,0,0,1,0,1,0,1,0,0,0,1,0,0
0.00349465,0,0,1,1,0,1,0,1,0,1,0,0,0,1,0,0
0.00349466,0,0,1,0,0,0,0,1,0,1,0,0,0,1,0,0
0.00349489,0,0,0,0,0,0,0,1,0,1,0,0,0,1,0,0
0.0034949,0,0,1,0,0,0,0,1,0,1,0,0,0,1,0,0
0.00349493,0,0,0,0,0,0,0,1,0,1,0,0,0,1,0,0
0.00349494,0,0,1,0,0,0,0,1,0,1,0,0,0,1,0,0
0.00349496,0,0,0,0,0,0,0,1,0,1,0,0,0,1,0,0
0.00349502,0,0,1,0,0,0,0,1,0,1,0,0,0,1,0,0
0.00349503,0,0,0,0,0,0,0,1,0,1,0,0,0,1,0,0
0.00349508,0,0,1,0,0,0,0,1,0,1,0,0,0,1,0,0
0.00349509,0,0,0,0,0,0,0,1,0,1,0,0,0,1,0,0
0.00349514,0,0,1,0,0,0,0,1,0,1,0,0,0,1,0,0
0.00349515,0,0,0,0,0,0,0,1,0,1,0,0,0,1,0,0
0.00349517,0,0,1,1,1,0,0,1,0,1,0,0,0,1,0,0
0.00349518,0,0,1,1,1,0,1,1,0,1,0,0,0,1,0,0
0.00349519,0,0,1,1,1,1,1,0,0,1,0,0,0,1,0,0
0.0034952,1,1,1,1,1,1,1,0,0,1,0,0,0,1,0,0
0.00349522,0,0,1,1,1,0,1,0,0,1,0,0,0,1,0,0
0.00349527,0,0,1,1,1,1,1,0,0,1,0,0,0,1,0,0
0.00349529,0,0,1,1,1,0,1,0,0,1,0,0,0,1,0,0
0.00349621,1,1,1,1,1,1,1,1,0,1,0,0,0,1,0,0
0.00349627,1,0,0,0,0,1,0,0,0,1,0,0,0,1,0,0
0.00349631,1,1,1,1,0,1,1,1,0,1,0,0,0,1,0,0
0.00349634,1,1,1,1,0,1,1,0,0,1,0,0,0,1,0,0
0.00349635,1,1,1,0,0,1,0,0,0,1,0,0,0,1,0,0
0.00349636,1,0,0,0,0,1,0,0,0,1,0,0,0,1,0,0
0.00349639,1,0,1,0,0,1,0,0,0,1,0,0,0,1,0,0
0.0034964,1,1,1,1,0,1,0,0,0,1,0,0,0,1,0,0
0.00349641,1,0,1,0,0,1,0,0,0,1,0,0,0,1,0,0
0.00349644,1,0,0,0,0,1,0,0,0,1,0,0,0,1,0,0
0.00349647,1,0,1,0,0,1,0,0,0,1,0,0,0,1,0,0
0.00349651,1,0,0,0,0,1,0,0,0,1,0,0,0,1,0,0
0.00349652,1,0,1,0,0,1,0,0,0,1,0,0,0,1,0,0
0.00349654,1,0,0,0,0,1,0,0,0,1,0,0,0,1,0,0
0.00349657,1,0,1,0,0,1,0,0,0,1,0,0,0,1,0,0
0.00349659,1,0,1,0,0,1,0,0,0,0,0,0,0,1,0,0
0.00349661,1,0,0,0,0,1,0,0,1,0,0,0,0,1,0,0
0.00349665,1,0,1,1,0,1,0,0,1,0,0,0,0,1,0,0
0.00349666,1,0,1,0,0,1,0,0,1,0,0,0,0,1,0,0
0.00349667,1,0,1,0,0,1,0,0,0,0,0,0,0,0,0,0
0.00349668,1,0,0,0,0,1,0,0,1,0,0,0,0,1,0,0
0.00349672,1,0,1,0,0,1,0,0,1,0,0,0,0,1,0,0
0.00349676,1,0,0,0,0,1,0,0,1,0,0,0,0,1,0,0
0.00349679,1,0,1,0,0,1,0,0,1,0,0,0,0,1,0,0
0.00349682,1,0,0,0,0,1,0,0,1,0,0,0,0,1,0,0
0.00349704,1,0,1,0,0,1,0,0,1,0,0,0,0,1,0,0
0.00349705,1,0,0,0,0,1,0,0,1,0,0,0,0,1,0,0
0.00349714,1,0,1,1,0,1,0,0,1,0,0,0,0,1,0,0
0.00349715,1,0,1,1,1,1,1,0,1,0,0,0,0,1,0,0
0.00349716,1,0,1,1,1,1,1,1,1,0,0,0,0,1,0,0
0.00349717,1,1,1,1,1,1,1,1,1,0,0,0,0,1,0,0
0.00349719,0,0,1,1,0,0,1,0,1,0,0,0,0,1,0,0
0.0034972,0,0,0,0,0,0,1,0,1,0,0,0,0,1,0,0
0.00349724,0,1,1,1,0,0,1,0,1,0,0,0,0,1,0,0
0.00349725,0,1,1,1,1,1,1,1,1,0,0,0,0,1,0,0
0.00349726,0,1,1,1,0,0,1,1,1,0,0,0,0,1,0,0
0.00349727,0,0,1,1,0,0,1,0,1,0,0,0,0,1,0,0
0.00349728,0,0,0,0,0,0,1,0,1,0,0,0,0,1,0,0
0.00349732,0,0,1,0,0,0,1,0,1,0,0,0,0,1,0,0
0.00349733,0,0,1,1,0,0,1,0,1,0,0,0,0,1,0,0
0.00349735,0,0,0,0,0,0,1,0,1,0,0,0,0,1,0,0
0.0034981,0,1,0,0,0,0,1,0,1,0,0,0,0,1,0,0
0.00349811,1,1,1,1,1,0,1,0,1,0,0,0,0,1,0,0
0.00349812,1,1,1,1,1,1,1,1,1,0,0,0,0,1,0,0
0.00349818,0,0,0,0,0,0,0,1,1,0,0,0,0,1,0,0
0.00349822,0,0,1,1,0,0,0,1,1,0,0,0,0,1,0,0
0.00349823,1,1,1,1,0,1,0,1,1,0,0,0,0,1,0,0
0.00349824,1,1,1,1,1,1,1,1,1,0,0,0,0,1,0,0
0.00349825,1,1,1,1,0,1,0,1,1,0,0,0,0,1,0,0
0.00349826,0,0,1,1,0,0,0,1,1,0,0,0,0,1,0,0
0.00349827,0,0,0,0,0,0,0,1,1,0,0,0,0,1,0,0
0.00349831,0,0,1,1,0,0,0,1,1,0,0,0,0,1,0,0
0.00349834,0,0,1,0,0,0,0,1,1,0,0,0,0,1,0,0
0.00349835,0,0,0,0,0,0,0,1,1,0,0,0,0,1,0,0
0.00349839,0,0,1,0,0,0,0,1,1,0,0,0,0,1,0,0
0.00349841,0,0,0,0,0,0,0,1,1,0,0,0,0,1,0,0
0.00349842,0,0,1,0,0,0,0,1,1,0,0,0,0,1,0,0
0.00349844,0,0,0,0,0,0,0,1,1,0,0,0,0,1,0,0
0.00349908,1,1,1,0,0,0,0,1,1,0,0,0,0,1,0,0
0.00349909,1,1,1,1,0,0,0,1,1,0,0,0,0,1,0,0
0.0034991,1,1,1,1,1,1,1,1,1,0,0,0,0,1,0,0
0.00349915,0,0,1,1,1,0,1,0,1,0,0,0,0,1,0,0
0.00349919,1,1,1,1,1,1,1,1,1,0,0,0,0,1,0,0
0.00349922,0,0,1,1,1,0,1,0,1,0,0,0,0,1,0,0
0.00350011,0,0,1,1,1,0,1,1,1,0,0,0,0,1,0,0
0.00350012,0,1,1,1,1,0,1,1,1,0,0,0,0,1,0,0
0.00350013,1,1,1,1,1,1,1,1,1,0,0,0,0,1,0,0
0.00350014,1,1,0,0,1,1,1,1,1,0,0,0,0,1,0,0
0.00350015,0,1,0,0,1,0,1,1,1,0,0,0,0,1,0,0
0.00350018,1,1,0,0,1,0,1,1,1,0,0,0,0,1,0,0
0.00350019,1,1,1,1,1,1,1,1,1,0,0,0,0,1,0,0
0.0035002,1,1,0,0,1,1,1,1,1,0,0,0,0,1,0,0
0.00350021,0,1,0,0,1,0,1,1,1,0,0,0,0,1,0,0
0.0035005,0,1,0,0,1,0,1,1,0,1,0,0,0,0,0,0
0.00350051,0,1,0,0,1,0,1,1,0,1,0,0,1,0,1,1
0.00350103,1,1,1,1,1,0,1,1,0,1,0,0,1,0,1,1
0.00350104,1,1,1,1,1,1,1,1,0,1,0,0,1,0,1,1
0.00350111,0,0,1,1,1,0,1,0,0,1,0,0,1,0,1,1
0.00350115,1,1,1,1,1,1,1,0,0,1,0,0,1,0,1,1
0.00350116,1,1,1,1,1,1,1,1,0,1,0,0,1,0,1,1
0.00350117,0,0,1,1,1,0,1,0,0,1,0,0,1,0,1,1
0.00350202,0,1,1,1,1,0,1,0,0,1,0,0,1,0,1,1
0.00350203,1,1,1,1,1,1,1,1,0,1,0,0,1,0,1,1
0.00350299,0,0,0,0,0,0,0,0,0,1,0,0,1,0,1,1
0.00350304,0,0,0,0,0,1,0,0,0,1,0,0,1,0,1,1
0.00350305,0,0,0,0,0,0,0,0,0,1,0,0,1,0,1,1
0.00350395,1,0,1,0,0,0,0,0,0,1,0,0,1,0,1,1
0.00350396,0,0,1,0,0,0,0,0,0,1,0,0,1,0,1,1
0.00350397,0,0,0,0,0,0,0,0,0,1,0,0,1,0,1,1
0.00350399,0,0,1,1,1,0,0,0,0,1,0,0,1,0,1,1
0.003504,0,0,1,1,1,0,1,0,0,1,0,0,1,0,1,1
0.00350402,1,1,1,1,1,1,1,1,0,1,0,0,1,0,1,1
0.00350407,1,1,1,1,1,1,1,0,0,1,0,0,1,0,1,1
0.00350408,0,1,0,0,1,1,0,0,0,1,0,0,1,0,1,1
0.00350412,1,1,1,1,1,1,0,0,0,1,0,0,1,0,1,1
0.00350413,1,1,1,1,1,1,1,1,0,1,0,0,1,0,1,1
0.00350414,0,1,1,0,1,1,0,0,0,1,0,0,1,0,1,1
0.00350415,0,1,0,0,1,1,0,0,0,1,0,0,1,0,1,1
0.00350441,0,1,0,0,1,1,0,0,0,1,0,0,1,0,0,0
0.00350442,0,1,0,0,1,1,0,0,0,1,0,0,1,1,0,0
0.00350496,1,1,1,1,1,1,0,0,0,1,0,0,1,1,0,0
0.00350497,1,1,1,1,1,1,1,0,0,1,0,0,1,1,0,0
0.00350498,1,1,1,1,1,1,1,1,0,1,0,0,1,1,0,0
0.00350501,0,1,1,1,0,0,0,0,0,1,0,0,1,1,0,0
0.00350505,1,1,1,1,0,0,0,0,0,1,0,0,1,1,0,0
0.00350506,1,1,1,1,0,1,1,1,0,1,0,0,1,1,0,0
0.00350507,1,1,1,1,0,0,1,0,0,1,0,0,1,1,0,0
0.00350508,0,1,1,1,0,0,0,0,0,1,0,0,1,1,0,0
0.00350591,1,1,1,1,0,0,0,0,0,1,0,0,1,1,0,0
0.00350592,1,1,1,1,1,1,1,0,0,1,0,0,1,1,0,0
0.00350593,1,1,1,1,1,1,1,1,0,1,0,0,1,1,0,0
0.00350598,1,1,0,1,0,0,0,0,0,1,0,0,1,1,0,0
0.00350602,1,1,1,1,0,0,0,0,0,1,0,0,1,1,0,0
0.00350603,1,1,1,1,0,1,1,0,0,1,0,0,1,1,0,0
0.00350605,1,1,0,1,0,0,0,0,0,1,0,0,1,1,0,0
0.0035069,1,1,1,1,0,0,0,0,0,1,0,0,1,1,0,0
0.00350691,1,1,1,1,1,1,1,1,0,1,0,0,1,1,0,0
0.00350791,0,0,1,1,1,1,1,1,0,1,0,0,1,1,0,0
0.00350792,0,0,0,1,1,0,1,0,0,1,0,0,1,1,0,0
0.00350795,1,1,1,1,1,1,1,1,0,1,0,0,1,1,0,0
0.003508,1,1,1,0,0,1,0,1,0,1,0,0,1,1,0,0
0.00350801,0,1,1,0,0,1,0,1,0,1,0,0,1,1,0,0
0.00350805,1,1,1,0,0,1,0,1,0,1,0,0,1,1,0,0
0.00350807,0,1,1,0,0,1,0,1,0,1,0,0,1,1,0,0
0.00350831,0,1,1,0,0,1,0,1,0,1,0,0,0,1,0,0
0.00350832,0,1,1,0,0,1,0,1,0,1,1,0,0,1,0,1
0.00350839,0,1,1,0,0,1,0,1,0,1,1,0,0,1,0,0
0.0035084,0,1,1,0,0,1,0,1,0,1,1,0,0,1,0,1
0.00350884,0,1,1,1,0,1,0,1,0,1,1,0,0,1,0,1
0.00350885,0,1,1,0,0,1,0,1,0,1,1,0,0,1,0,1
0.00350886,1,1,1,1,1,1,0,1,0,1,1,0,0,1,0,1
0.00350887,1,1,1,1,1,1,1,1,0,1,1,0,0,1,0,1
0.00350891,0,0,0,0,0,0,1,0,0,1,1,0,0,1,0,1
0.00350895,0,0,0,0,0,1,1,0,0,1,1,0,0,1,0,1
0.00350896,0,0,0,0,0,1,1,1,0,1,1,0,0,1,0,1
0.00350897,1,1,1,1,0,1,1,1,0,1,1,0,0,1,0,1
0.00350899,1,0,1,1,0,1,1,1,0,1,1,0,0,1,0,1
0.003509,0,0,0,0,0,1,1,0,0,1,1,0,0,1,0,1
0.00350901,0,0,0,0,0,0,1,0,0,1,1,0,0,1,0,1
0.00350904,0,0,0,0,0,1,1,0,0,1,1,0,0,1,0,1
0.00350905,0,0,0,1,0,1,1,1,0,1,1,0,0,1,0,1
0.00350906,0,0,1,1,0,1,1,1,0,1,1,0,0,1,0,1
0.00350907,0,0,0,0,0,1,1,1,0,1,1,0,0,1,0,1
0.00350908,0,0,0,0,0,1,1,0,0,1,1,0,0,1,0,1
0.00350909,0,0,0,0,0,0,1,0,0,1,1,0,0,1,0,1
0.00350912,0,0,0,0,0,1,1,0,0,1,1,0,0,1,0,1
0.00350917,0,0,0,0,0,0,1,0,0,1,1,0,0,1,0,1
0.00350918,0,0,0,0,0,1,1,0,0,1,1,0,0,1,0,1
0.00350924,0,0,0,0,0,0,1,0,0,1,1,0,0,1,0,1
0.00350927,0,0,0,0,0,1,1,0,0,1,1,0,0,1,0,1
0.00350928,0,0,0,0,0,0,1,0,0,1,1,0,0,1,0,1
0.00350929,0,0,0,0,0,1,1,0,0,1,1,0,0,1,0,1
0.00350932,0,0,0,0,0,0,1,0,0,1,1,0,0,1,0,1
0.0035094,0,0,0,0,0,1,1,0,0,1,1,0,0,1,0,1
0.00350941,0,0,0,0,0,0,1,0,0,1,1,0,0,1,0,1
0.00350981,1,1,1,1,0,0,1,0,0,1,1,0,0,1,0,1
0.00350982,1,1,1,1,1,1,1,0,0,1,1,0,0,1,0,1
0.00350983,1,1,1,1,1,1,1,1,0,1,1,0,0,1,0,1
0.0035099,0,0,0,0,0,0,0,1,0,1,1,0,0,1,0,1
0.00350993,0,0,1,0,0,1,0,1,0,1,1,0,0,1,0,1
0.00350994,1,1,1,1,0,1,0,1,0,1,1,0,0,1,0,1
0.00350995,1,1,1,1,1,1,1,1,0,1,1,0,0,1,0,1
0.00350996,1,1,1,1,0,1,1,1,0,1,1,0,0,1,0,1
0.00350997,1,1,1,1,0,1,0,1,0,1,1,0,0,1,0,1
0.00350998,0,0,1,0,0,1,0,1,0,1,1,0,0,1,0,1
0.00350999,0,0,0,0,0,0,0,1,0,1,1,0,0,1,0,1
0.00351002,0,0,1,1,0,1,0,1,0,1,1,0,0,1,0,1
0.00351003,1,1,1,1,0,1,0,1,0,1,1,0,0,1,0,1
0.00351004,1,0,1,1,0,1,0,1,0,1,1,0,0,1,0,1
0.00351005,0,0,1,1,0,1,0,1,0,1,1,0,0,1,0,1
0.00351006,0,0,1,0,0,1,0,1,0,1,1,0,0,1,0,1
0.00351008,0,0,0,0,0,0,0,1,0,1,1,0,0,1,0,1
0.00351009,0,0,1,0,0,1,0,1,0,1,1,0,0,1,0,1
0.00351011,0,0,1,1,0,1,0,1,0,1,1,0,0,1,0,1
0.00351012,0,0,1,0,0,1,0,1,0,1,1,0,0,1,0,1
0.00351025,0,0,1,0,0,0,0,1,0,1,1,0,0,1,0,1
0.00351026,0,0,0,0,0,0,0,1,0,1,1,0,0,1,0,1
0.00351027,0,0,1,0,0,1,0,1,0,1,1,0,0,1,0,1
0.0035103,0,0,1,0,0,0,0,1,0,1,1,0,0,1,0,1
0.00351032,0,0,1,0,0,1,0,1,0,1,1,0,0,1,0,1
0.00351038,0,0,1,0,0,0,0,1,0,1,1,0,0,1,0,1
0.00351039,0,0,0,0,0,0,0,1,0,1,1,0,0,1,0,1
0.0035104,0,0,1,0,0,0,0,1,0,1,1,0,0,1,0,1
0.00351047,0,0,0,0,0,0,0,1,0,1,1,0,0,1,0,1
0.00351051,0,0,1,0,0,0,0,1,0,1,1,0,0,1,0,1
0.00351052,0,0,0,0,0,0,0,1,0,1,1,0,0,1,0,1
0.00351077,0,0,1,0,0,0,0,1,0,1,1,0,0,1,0,1
0.00351078,0,0,0,0,0,0,0,1,0,1,1,0,0,1,0,1
0.00351079,1,1,1,1,0,0,0,1,0,1,1,0,0,1,0,1
0.00351081,1,1,1,1,1,1,1,1,0,1,1,0,0,1,0,1
0.00351086,1,1,1,1,1,1,1,0,0,1,1,0,0,1,0,1
0.00351087,0,1,1,1,0,1,0,0,0,1,1,0,0,1,0,1
0.0035109,1,1,1,1,0,1,0,0,0,1,1,0,0,1,0,1
0.00351091,1,1,1,1,1,1,1,1,0,1,1,0,0,1,0,1
0.00351093,0,1,1,1,0,1,0,0,0,1,1,0,0,1,0,1
0.00351099,1,1,1,1,0,1,0,0,0,1,1,0,0,1,0,1
0.003511,0,1,1,1,0,1,0,0,0,1,1,0,0,1,0,1
0.00351178,1,1,1,1,0,1,1,0,0,1,1,0,0,1,0,1
0.00351179,1,1,1,1,1,1,1,1,0,1,1,0,0,1,0,1
0.0035128,1,1,1,1,0,1,1,0,0,1,1,0,0,1,0,1
0.00351281,0,1,1,1,0,1,0,0,0,1,1,0,0,1,0,1
0.00351285,1,1,1,1,1,1,1,1,0,1,1,0,0,1,0,1
0.00351286,1,1,1,1,0,1,1,0,0,1,1,0,0,1,0,1
0.00351287,0,1,1,1,0,1,0,0,0,1,1,0,0,1,0,1
0.00351383,1,1,1,1,0,1,0,1,0,1,1,0,0,1,0,1
0.00351384,1,0,1,0,1,1,1,1,0,1,1,0,0,1,0,1
0.00351385,0,0,1,0,1,0,0,0,0,1,1,0,0,1,0,1
0.0035139,1,0,1,0,1,0,1,0,0,1,1,0,0,1,0,1
0.00351391,0,0,1,0,1,0,0,0,0,1,1,0,0,1,0,1
0.00351417,0,0,1,0,1,0,0,0,0,0,1,0,0,0,0,0
0.00351418,0,0,1,0,1,0,0,0,0,0,1,0,1,0,0,0
0.00351425,0,0,1,0,1,0,0,0,0,0,0,0,1,0,0,0
0.00351426,0,0,1,0,1,0,0,0,0,0,1,0,1,0,0,0
0.0035147,1,0,1,0,1,0,0,0,0,0,1,0,1,0,0,0
0.00351471,0,0,1,0,1,0,0,0,0,0,1,0,1,0,0,0
0.00351472,1,1,1,0,1,1,1,1,0,0,1,0,1,0,0,0
0.00351473,1,1,1,1,1,1,1,1,0,0,1,0,1,0,0,0
0.00351575,0,0,0,0,0,0,0,1,0,0,1,0,1,0,0,0
0.00351581,1,1,1,1,0,1,1,1,0,0,1,0,1,0,0,0
0.00351583,0,0,1,0,0,0,0,1,0,0,1,0,1,0,0,0
0.00351584,0,0,0,0,0,0,0,1,0,0,1,0,1,0,0,0
0.00351665,1,1,1,1,0,0,0,1,0,0,1,0,1,0,0,0
0.00351667,1,1,1,1,1,1,1,1,0,0,1,0,1,0,0,0
0.00351672,1,1,0,0,1,0,1,0,0,0,1,0,1,0,0,0
0.00351673,1,1,0,0,1,0,0,0,0,0,1,0,1,0,0,0
0.00351676,1,1,1,1,1,1,1,0,0,0,1,0,1,0,0,0
0.00351679,1,1,1,1,1,1,0,0,0,0,1,0,1,0,0,0
0.0035168,1,1,0,0,1,0,0,0,0,0,1,0,1,0,0,0
0.00351684,1,1,1,0,1,0,0,0,0,0,1,0,1,0,0,0
0.00351685,1,1,1,1,1,0,0,0,0,0,1,0,1,0,0,0
0.00351686,1,1,1,0,1,0,0,0,0,0,1,0,1,0,0,0
0.00351687,1,1,0,0,1,0,0,0,0,0,1,0,1,0,0,0
0.00351692,1,1,1,0,1,0,0,0,0,0,1,0,1,0,0,0
0.00351694,1,1,0,0,1,0,0,0,0,0,1,0,1,0,0,0
0.0035171,1,1,0,0,1,0,0,0,0,0,0,0,1,0,0,0
0.00351711,1,1,0,0,1,0,0,0,1,1,0,0,1,0,0,0
0.00351717,1,1,1,0,1,0,0,0,0,0,0,0,0,0,0,0
0.00351718,1,1,0,0,1,0,0,0,1,1,0,0,1,0,0,0
0.00351723,1,1,1,0,1,0,0,0,1,1,0,0,1,0,0,0
0.00351724,1,1,0,0,1,0,0,0,1,1,0,0,1,0,0,0
0.00351765,1,1,1,1,1,1,1,0,1,1,0,0,1,0,0,0
0.00351766,1,1,1,1,1,1,1,1,1,1,0,0,1,0,0,0
0.00351771,1,0,0,0,1,1,1,0,1,1,0,0,1,0,0,0
0.00351775,1,1,1,1,1,1,1,1,1,1,0,0,1,0,0,0
0.00351777,1,0,1,0,1,1,1,0,1,1,0,0,1,0,0,0
0.00351778,1,0,0,0,1,1,1,0,1,1,0,0,1,0,0,0
0.00351782,1,0,1,0,1,1,1,0,1,1,0,0,1,0,0,0
0.00351784,1,0,0,0,1,1,1,0,1,1,0,0,1,0,0,0
0.0035186,1,1,0,0,1,1,1,0,1,1,0,0,1,0,0,0
0.00351862,1,1,1,1,1,1,1,0,1,1,0,0,1,0,0,0
0.00351864,1,1,0,0,1,1,1,0,1,1,0,0,1,0,0,0
0.00351866,1,1,1,1,1,1,1,1,1,1,0,0,1,0,0,0
0.00351867,0,1,1,1,1,0,0,0,1,1,0,0,1,0,0,0
0.00351868,0,1,0,0,1,0,0,0,1,1,0,0,1,0,0,0
0.00351872,0,1,1,1,1,0,0,0,1,1,0,0,1,0,0,0
0.00351874,0,1,1,0,1,0,0,0,1,1,0,0,1,0,0,0
0.00351875,0,1,0,0,1,0,0,0,1,1,0,0,1,0,0,0
0.00351905,0,1,0,0,1,0,0,0,0,1,0,0,1,0,0,0
0.00351913,0,1,0,0,1,0,0,0,0,0,0,0,0,0,0,0
0.00351914,0,1,0,0,1,0,0,0,0,1,0,0,1,0,0,0
0.00351961,1,1,1,1,1,1,1,1,0,1,0,0,1,0,0,0
0.00351966,1,1,0,0,1,1,0,0,0,1,0,0,1,0,0,0
0.00351971,1,1,1,1,1,1,1,0,0,1,0,0,1,0,0,0
0.00351972,1,1,1,1,1,1,0,0,0,1,0,0,1,0,0,0
0.00351973,1,1,0,0,1,1,0,0,0,1,0,0,1,0,0,0
0.00352056,1,1,1,1,1,1,0,0,0,1,0,0,1,0,0,0
0.00352057,1,1,1,1,1,1,1,0,0,1,0,0,1,0,0,0
0.00352058,1,1,0,0,1,1,1,1,0,1,0,0,1,0,0,0
0.00352059,1,1,1,1,1,1,1,1,0,1,0,0,1,0,0,0
0.00352063,1,0,0,0,1,0,0,0,0,1,0,0,1,0,0,0
0.00352067,1,0,1,1,1,0,0,0,0,1,0,0,1,0,0,0
0.00352068,1,1,1,1,1,0,1,0,0,1,0,0,1,0,0,0
0.00352069,1,1,1,1,1,1,1,1,0,1,0,0,1,0,0,0
0.0035207,1,1,1,1,1,0,1,0,0,1,0,0,1,0,0,0
0.00352071,1,0,1,1,1,0,0,0,0,1,0,0,1,0,0,0
0.00352072,1,0,0,0,1,0,0,0,0,1,0,0,1,0,0,0
0.00352075,1,0,1,0,1,0,0,0,0,1,0,0,1,0,0,0
0.00352076,1,0,1,1,1,0,0,0,0,1,0,0,1,0,0,0
0.00352078,1,0,1,0,1,0,0,0,0,1,0,0,1,0,0,0
0.0035208,1,0,0,0,1,0,0,0,0,1,0,0,1,0,0,0
0.00352083,1,0,1,0,1,0,0,0,0,1,0,0,1,0,0,0
0.00352087,1,0,0,0,1,0,0,0,0,1,0,0,1,0,0,0
0.003521,1,0,1,0,1,0,0,0,0,0,0,0,1,0,0,0
0.00352101,1,0,0,0,1,0,0,0,0,0,0,0,1,0,0,0
0.00352102,1,0,0,0,1,0,0,0,1,0,0,0,1,0,0,0
0.00352106,1,0,1,0,1,0,0,0,1,0,0,0,1,0,0,0
0.00352107,1,0,0,0,1,0,0,0,1,0,0,0,1,0,0,0
0.00352108,1,0,0,0,1,0,0,0,0,0,0,0,0,0,0,0
0.00352109,1,0,0,0,1,0,0,0,1,0,0,0,1,0,0,0
0.00352153,1,1,1,1,1,0,0,0,1,0,0,0,1,0,0,0
0.00352155,1,1,1,1,1,1,1,1,1,0,0,0,1,0,0,0
0.00352156,1,1,1,1,1,1,1,0,1,0,0,0,1,0,0,0
0.00352158,1,1,1,1,1,1,1,1,1,0,0,0,1,0,0,0
0.00352161,0,0,1,1,1,0,1,0,1,0,0,0,1,0,0,0
0.00352165,0,1,1,1,1,1,1,0,1,0,0,0,1,0,0,0
0.00352166,1,1,1,1,1,1,1,1,1,0,0,0,1,0,0,0
0.00352167,0,1,1,1,1,1,1,1,1,0,0,0,1,0,0,0
0.00352168,0,0,1,1,1,0,1,0,1,0,0,0,1,0,0,0
0.00352251,1,1,1,1,1,0,1,0,1,0,0,0,1,0,0,0
0.00352253,1,1,1,1,1,1,1,1,1,0,0,0,1,0,0,0
0.00352258,1,1,0,0,0,1,0,0,1,0,0,0,1,0,0,0
0.00352262,1,1,1,1,0,1,0,1,1,0,0,0,1,0,0,0
0.00352265,1,1,1,0,0,1,0,0,1,0,0,0,1,0,0,0
0.00352266,1,1,0,0,0,1,0,0,1,0,0,0,1,0,0,0
0.00352271,1,1,1,0,0,1,0,0,1,0,0,0,1,0,0,0
0.00352272,1,1,0,0,0,1,0,0,1,0,0,0,1,0,0,0
0.00352296,1,1,0,0,0,1,0,0,1,1,0,0,0,0,0,0
0.00352297,1,1,0,0,0,1,0,0,1,1,0,0,0,1,0,0
0.00352351,1,1,1,1,1,1,1,1,1,1,0,0,0,1,0,0
0.00352356,0,0,1,1,1,0,1,0,1,1,0,0,0,1,0,0
0.00352357,0,0,0,0,0,0,1,0,1,1,0,0,0,1,0,0
0.0035236,0,0,1,1,0,0,1,1,1,1,0,0,0,1,0,0
0.00352361,0,0,1,1,0,1,1,1,1,1,0,0,0,1,0,0
0.00352362,0,1,1,1,0,1,1,1,1,1,0,0,0,1,0,0
0.00352364,0,0,1,1,0,1,1,1,1,1,0,0,0,1,0,0
0.00352365,0,0,1,1,0,0,1,0,1,1,0,0,0,1,0,0
0.00352366,0,0,1,0,0,0,1,0,1,1,0,0,0,1,0,0
0.00352367,0,0,0,0,0,0,1,0,1,1,0,0,0,1,0,0
0.00352368,0,0,1,1,0,0,1,0,1,1,0,0,0,1,0,0
0.0035237,0,0,1,1,0,1,1,0,1,1,0,0,0,1,0,0
0.00352372,0,0,1,1,0,0,1,0,1,1,0,0,0,1,0,0
0.00352422,0,0,1,0,0,0,1,0,1,1,0,0,0,1,0,0
0.00352424,0,0,1,1,0,0,1,0,1,1,0,0,0,1,0,0
0.00352426,0,0,1,0,0,0,1,0,1,1,0,0,0,1,0,0
0.00352432,0,0,1,1,0,0,1,0,1,1,0,0,0,1,0,0
0.00352433,0,0,1,0,0,0,1,0,1,1,0,0,0,1,0,0
0.00352437,0,0,1,1,0,0,1,0,1,1,0,0,0,1,0,0
0.00352439,0,0,1,0,0,0,1,0,1,1,0,0,0,1,0,0
0.00352442,0,0,0,0,0,0,1,0,1,1,0,0,0,1,0,0
0.00352443,0,0,1,0,0,0,1,0,1,1,0,0,0,1,0,0
0.00352445,0,0,0,0,0,0,1,0,1,1,0,0,0,1,0,0
0.00352446,1,1,1,1,0,0,1,0,1,1,0,0,0,1,0,0
0.00352447,1,1,1,1,1,0,1,0,1,1,0,0,0,1,0,0
0.00352448,1,1,1,1,1,1,1,1,1,1,0,0,0,1,0,0
0.00352453,0,0,0,0,0,0,0,1,1,1,0,0,0,1,0,0
0.00352457,1,1,1,1,0,1,0,1,1,1,0,0,0,1,0,0
0.00352459,1,1,1,1,1,1,1,1,1,1,0,0,0,1,0,0
0.0035246,1,1,1,1,0,1,0,1,1,1,0,0,0,1,0,0
0.00352462,0,0,1,1,0,0,0,1,1,1,0,0,0,1,0,0
0.00352463,0,0,0,0,0,0,0,1,1,1,0,0,0,1,0,0
0.00352465,0,0,1,1,0,1,0,1,1,1,0,0,0,1,0,0
0.00352466,1,1,1,1,0,1,0,1,1,1,0,0,0,1,0,0
0.00352469,0,0,1,1,0,1,0,1,1,1,0,0,0,1,0,0
0.00352471,0,0,1,1,0,0,0,1,1,1,0,0,0,1,0,0
0.00352473,0,0,1,1,0,1,0,1,1,1,0,0,0,1,0,0
0.00352487,0,0,1,1,0,0,0,1,1,1,0,0,0,1,0,0
0.00352489,0,0,1,1,0,1,0,1,1,1,0,0,0,1,0,0
0.0035249,0,0,1,1,0,0,0,1,1,1,0,0,0,1,0,0
0.00352491,0,0,1,1,0,1,0,1,1,1,0,0,0,1,0,0
0.00352494,0,0,1,1,0,0,0,1,1,1,0,0,0,1,0,0
0.00352514,0,0,1,0,0,0,0,1,1,1,0,0,0,1,0,0
0.00352515,0,0,1,1,0,0,0,1,1,1,0,0,0,1,0,0
0.00352516,0,0,1,0,0,0,0,1,1,1,0,0,0,1,0,0
0.00352519,0,0,1,1,0,0,0,1,1,1,0,0,0,1,0,0
0.0035252,0,0,1,0,0,0,0,1,1,1,0,0,0,1,0,0
0.00352539,0,0,0,0,0,0,0,1,1,1,0,0,0,1,0,0
0.0035254,0,0,1,0,0,0,0,1,1,1,0,0,0,1,0,0
0.00352542,0,0,0,0,0,0,0,1,1,1,0,0,0,1,0,0
0.00352543,0,1,0,0,0,0,0,1,1,1,0,0,0,1,0,0
0.00352544,1,1,0,1,0,0,0,1,1,1,0,0,0,1,0,0
0.00352545,1,1,1,1,0,1,0,1,1,1,0,0,0,1,0,0
0.00352546,1,0,1,1,1,1,1,1,1,1,0,0,0,1,0,0
0.00352548,1,1,1,1,1,1,1,1,1,1,0,0,0,1,0,0
0.00352551,0,1,1,1,0,1,1,1,1,1,0,0,0,1,0,0
0.00352552,0,1,1,1,0,1,0,0,1,1,0,0,0,1,0,0
0.00352556,1,1,1,1,0,1,0,0,1,1,0,0,0,1,0,0
0.00352557,1,1,1,1,0,1,1,0,1,1,0,0,0,1,0,0
0.00352558,0,1,1,1,0,1,0,0,1,1,0,0,0,1,0,0
0.00352641,0,1,1,1,1,1,1,0,1,1,0,0,0,1,0,0
0.00352642,1,1,1,1,1,1,1,0,1,1,0,0,0,1,0,0
0.00352643,1,1,1,1,0,1,0,0,1,1,0,0,0,1,0,0
0.00352644,0,1,1,1,0,1,0,0,1,1,0,0,0,1,0,0
0.00352647,0,1,1,1,0,1,0,1,1,1,0,0,0,1,0,0
0.00352648,1,1,1,1,0,1,0,1,1,1,0,0,0,1,0,0
0.00352649,1,1,1,1,1,1,1,1,1,1,0,0,0,1,0,0
0.0035265,1,1,0,0,1,1,1,1,1,1,0,0,0,1,0,0
0.00352651,1,1,0,0,1,1,0,1,1,1,0,0,0,1,0,0
0.00352653,1,1,1,1,0,1,0,1,1,1,0,0,0,1,0,0
0.00352654,1,0,0,0,0,0,0,1,1,1,0,0,0,1,0,0
0.00352659,1,0,1,1,0,1,1,1,1,1,0,0,0,1,0,0
0.0035266,1,0,0,0,0,0,0,1,1,1,0,0,0,1,0,0
0.00352686,1,0,0,0,0,0,0,1,1,0,0,0,0,0,0,0
0.00352687,1,0,0,0,0,0,0,1,1,0,0,0,0,0,0,1
0.00352739,1,1,0,1,0,0,0,1,1,0,0,0,0,0,0,1
0.0035274,1,1,1,1,0,1,0,1,1,0,0,0,0,0,0,1
0.00352742,1,1,1,1,1,1,1,1,1,0,0,0,0,0,0,1
0.00352743,0,1,1,1,0,1,0,0,1,0,0,0,0,0,0,1
0.00352843,1,1,1,1,1,1,1,1,1,0,0,0,0,0,0,1
0.00352848,0,1,0,0,1,1,1,1,1,0,0,0,0,0,0,1
0.00352849,0,1,0,0,1,0,1,1,1,0,0,0,0,0,0,1
0.00352853,1,1,1,1,1,1,1,1,1,0,0,0,0,0,0,1
0.00352855,0,1,0,0,1,0,1,1,1,0,0,0,0,0,0,1
0.00352882,0,1,0,0,1,0,1,1,0,1,0,0,1,0,1,1
0.00352934,1,1,1,1,1,0,1,1,0,1,0,0,1,0,1,1
0.00352935,0,1,1,1,1,0,1,1,0,1,0,0,1,0,1,1
0.00352936,1,1,1,1,1,1,1,1,0,1,0,0,1,0,1,1
0.00352942,0,1,1,1,0,1,0,0,0,1,0,0,1,0,1,1
0.00352946,1,1,1,1,0,1,0,0,0,1,0,0,1,0,1,1
0.00352948,0,1,1,1,0,1,0,0,0,1,0,0,1,0,1,1
0.00353034,1,1,1,1,0,1,1,0,0,1,0,0,1,0,1,1
0.00353035,1,1,1,1,1,1,1,1,0,1,0,0,1,0,1,1
0.0035313,1,0,1,0,1,0,1,0,0,1,0,0,1,0,1,1
0.00353131,0,0,0,0,0,0,0,0,0,1,0,0,1,0,1,1
0.00353134,1,1,1,0,0,0,0,0,0,1,0,0,1,0,1,1
0.00353135,1,0,1,0,0,0,0,0,0,1,0,0,1,0,1,1
0.00353136,0,0,0,0,0,0,0,0,0,1,0,0,1,0,1,1
0.00353226,0,0,1,0,0,0,0,0,0,1,0,0,1,0,1,1
0.00353227,1,0,1,0,0,0,0,0,0,1,0,0,1,0,1,1
0.00353228,0,0,0,0,0,0,0,0,0,1,0,0,1,0,1,1
0.0035323,0,0,1,0,0,0,0,0,0,1,0,0,1,0,1,1
0.00353231,0,1,1,1,0,1,0,0,0,1,0,0,1,0,1,1
0.00353233,1,1,1,1,1,1,1,1,0,1,0,0,1,0,1,1
0.00353239,0,1,0,0,1,1,0,0,0,1,0,0,1,0,1,1
0.00353243,1,1,1,0,1,1,0,0,0,1,0,0,1,0,1,1
0.00353244,1,1,1,1,1,1,1,1,0,1,0,0,1,0,1,1
0.00353245,1,1,1,1,1,1,0,0,0,1,0,0,1,0,1,1
0.00353246,0,1,1,0,1,1,0,0,0,1,0,0,1,0,1,1
0.00353247,0,1,0,0,1,1,0,0,0,1,0,0,1,0,1,1
0.00353251,0,1,1,0,1,1,0,0,0,1,0,0,1,0,1,1
0.00353253,0,1,0,0,1,1,0,0,0,1,0,0,1,0,1,1
0.00353272,0,1,0,0,1,1,0,0,0,1,0,0,1,0,0,0
0.00353273,0,1,0,0,1,1,0,0,0,1,0,0,1,1,0,0
0.00353325,1,1,1,1,1,1,0,0,0,1,0,0,1,1,0,0
0.00353327,1,1,1,1,1,1,1,1,0,1,0,0,1,1,0,0
0.00353333,1,0,0,0,1,0,0,0,0,1,0,0,1,1,0,0
0.00353337,1,1,1,1,1,0,0,0,0,1,0,0,1,1,0,0
0.00353338,1,1,1,1,1,1,1,1,0,1,0,0,1,1,0,0
0.0035334,1,1,1,1,1,0,1,0,0,1,0,0,1,1,0,0
0.00353341,1,0,1,0,1,0,0,0,0,1,0,0,1,1,0,0
0.00353342,1,0,0,0,1,0,0,0,0,1,0,0,1,1,0,0
0.00353345,1,0,1,0,1,0,0,0,0,1,0,0,1,1,0,0
0.00353346,1,0,1,1,1,0,0,0,0,1,0,0,1,1,0,0
0.00353347,1,0,1,0,1,0,0,0,0,1,0,0,1,1,0,0
0.00353382,1,0,0,0,1,0,0,0,0,1,0,0,1,1,0,0
0.00353383,1,0,1,0,1,0,0,0,0,1,0,0,1,1,0,0
0.00353384,1,0,0,0,1,0,0,0,0,1,0,0,1,1,0,0
0.00353387,1,0,1,0,1,0,0,0,0,1,0,0,1,1,0,0
0.00353388,1,0,0,0,1,0,0,0,0,1,0,0,1,1,0,0
0.00353423,1,1,1,1,1,0,0,0,0,1,0,0,1,1,0,0
0.00353424,1,1,1,1,1,1,1,1,0,1,0,0,1,1,0,0
0.00353428,1,1,0,1,1,0,0,0,0,1,0,0,1,1,0,0
0.00353429,1,1,0,1,0,0,0,0,0,1,0,0,1,1,0,0
0.00353433,1,1,1,1,0,1,0,0,0,1,0,0,1,1,0,0
0.00353434,1,1,1,1,0,1,1,1,0,1,0,0,1,1,0,0
0.00353435,1,1,1,1,0,0,0,0,0,1,0,0,1,1,0,0
0.00353437,1,1,0,1,0,0,0,0,0,1,0,0,1,1,0,0
0.00353441,1,1,1,1,0,0,0,0,0,1,0,0,1,1,0,0
0.00353443,1,1,0,1,0,0,0,0,0,1,0,0,1,1,0,0
0.00353521,1,1,1,1,0,0,0,0,0,1,0,0,1,1,0,0
0.00353522,1,1,1,1,1,1,1,1,0,1,0,0,1,1,0,0
0.00353623,0,0,0,1,1,0,1,0,0,1,0,0,1,1,0,0
0.00353626,1,1,1,1,1,1,1,1,0,1,0,0,1,1,0,0
0.00353629,0,1,1,1,1,1,1,1,0,1,0,0,1,1,0,0
0.00353632,1,1,1,0,0,1,0,1,0,1,0,0,1,1,0,0
0.00353633,0,1,1,0,0,1,0,1,0,1,0,0,1,1,0,0
0.00353662,0,1,1,0,0,1,0,1,0,1,0,0,0,1,0,0
0.00353663,0,1,1,0,0,1,0,1,0,1,1,0,0,1,0,0
0.00353664,0,1,1,0,0,1,0,1,0,1,1,0,0,1,0,1
0.00353716,0,1,1,1,0,1,0,1,0,1,1,0,0,1,0,1
0.00353718,1,1,1,1,1,1,1,1,0,1,1,0,0,1,0,1
0.00353723,0,0,0,0,0,0,1,0,0,1,1,0,0,1,0,1
0.00353727,0,0,0,0,0,1,1,1,0,1,1,0,0,1,0,1
0.00353728,0,0,0,1,0,1,1,1,0,1,1,0,0,1,0,1
0.00353729,0,1,1,1,0,1,1,1,0,1,1,0,0,1,0,1
0.00353731,0,0,0,0,0,1,1,1,0,1,1,0,0,1,0,1
0.00353732,0,0,0,0,0,0,1,0,0,1,1,0,0,1,0,1
0.00353735,0,0,0,0,0,1,1,0,0,1,1,0,0,1,0,1
0.00353736,0,0,0,0,0,1,1,1,0,1,1,0,0,1,0,1
0.0035374,0,0,0,0,0,0,1,0,0,1,1,0,0,1,0,1
0.00353743,0,0,0,0,0,1,1,0,0,1,1,0,0,1,0,1
0.00353745,0,0,0,0,0,1,1,1,0,1,1,0,0,1,0,1
0.00353746,0,0,0,0,0,1,1,0,0,1,1,0,0,1,0,1
0.00353748,0,0,0,0,0,0,1,0,0,1,1,0,0,1,0,1
0.00353749,0,0,0,0,0,1,1,0,0,1,1,0,0,1,0,1
0.00353752,0,0,0,0,0,0,1,0,0,1,1,0,0,1,0,1
0.00353753,0,0,0,0,0,1,1,0,0,1,1,0,0,1,0,1
0.00353755,0,0,0,0,0,0,1,0,0,1,1,0,0,1,0,1
0.00353758,0,0,0,0,0,1,1,1,0,1,1,0,0,1,0,1
0.00353759,0,0,0,0,0,0,1,0,0,1,1,0,0,1,0,1
0.00353761,0,0,0,0,0,1,1,1,0,1,1,0,0,1,0,1
0.00353762,0,0,0,0,0,1,1,0,0,1,1,0,0,1,0,1
0.00353763,0,0,0,0,0,0,1,0,0,1,1,0,0,1,0,1
0.00353813,0,1,1,1,0,0,1,0,0,1,1,0,0,1,0,1
0.00353814,1,1,1,1,1,1,1,0,0,1,1,0,0,1,0,1
0.00353815,1,1,1,1,1,1,1,1,0,1,1,0,0,1,0,1
0.00353821,0,0,0,0,0,0,0,1,0,1,1,0,0,1,0,1
0.00353825,1,1,1,1,0,1,0,1,0,1,1,0,0,1,0,1
0.00353826,1,1,1,1,1,1,0,1,0,1,1,0,0,1,0,1
0.00353827,1,1,1,1,1,1,1,1,0,1,1,0,0,1,0,1
0.00353828,1,1,1,1,0,1,0,1,0,1,1,0,0,1,0,1
0.00353829,0,0,1,0,0,1,0,1,0,1,1,0,0,1,0,1
0.0035383,0,0,0,0,0,0,0,1,0,1,1,0,0,1,0,1
0.00353833,0,0,1,0,0,1,0,1,0,1,1,0,0,1,0,1
0.00353834,0,1,1,1,0,1,0,1,0,1,1,0,0,1,0,1
0.00353836,0,0,1,0,0,1,0,1,0,1,1,0,0,1,0,1
0.00353838,0,0,0,0,0,0,0,1,0,1,1,0,0,1,0,1
0.00353841,0,0,0,0,0,1,0,1,0,1,1,0,0,1,0,1
0.00353842,0,0,1,0,0,1,0,1,0,1,1,0,0,1,0,1
0.00353846,0,0,0,0,0,0,0,1,0,1,1,0,0,1,0,1
0.00353851,0,0,1,0,0,0,0,1,0,1,1,0,0,1,0,1
0.00353852,0,0,0,0,0,0,0,1,0,1,1,0,0,1,0,1
0.00353858,0,0,1,0,0,0,0,1,0,1,1,0,0,1,0,1
0.00353859,0,0,1,0,0,1,0,1,0,1,1,0,0,1,0,1
0.0035386,0,0,0,0,0,0,0,1,0,1,1,0,0,1,0,1
0.0035391,0,0,1,0,0,0,0,1,0,1,1,0,0,1,0,1
0.00353911,0,1,1,1,0,0,0,1,0,1,1,0,0,1,0,1
0.00353912,1,1,1,1,0,1,0,1,0,1,1,0,0,1,0,1
0.00353913,1,1,1,1,1,1,1,1,0,1,1,0,0,1,0,1
0.00353917,0,1,1,1,0,1,0,0,0,1,1,0,0,1,0,1
0.00353921,1,1,1,1,0,1,0,0,0,1,1,0,0,1,0,1
0.00353922,1,1,1,1,0,1,1,1,0,1,1,0,0,1,0,1
0.00353923,0,1,1,1,0,1,0,0,0,1,1,0,0,1,0,1
0.0035401,1,1,1,1,1,1,1,1,0,1,1,0,0,1,0,1
0.00354112,0,1,1,1,0,1,0,0,0,1,1,0,0,1,0,1
0.00354116,1,1,1,1,0,1,1,1,0,1,1,0,0,1,0,1
0.00354118,0,1,1,1,0,1,0,0,0,1,1,0,0,1,0,1
0.00354215,1,1,1,1,1,1,1,1,0,1,1,0,0,1,0,1
0.00354216,0,0,1,0,1,0,0,0,0,1,1,0,0,1,0,1
0.00354221,1,0,1,0,1,0,1,1,0,1,1,0,0,1,0,1
0.00354222,0,0,1,0,1,0,0,0,0,1,1,0,0,1,0,1
0.00354248,0,0,1,0,1,0,0,0,0,0,1,0,0,0,0,0
0.0035425,0,0,1,0,1,0,0,0,0,0,1,0,1,0,0,0
0.00354256,0,0,1,0,1,0,0,0,0,0,0,0,0,0,0,0
0.00354257,0,0,1,0,1,0,0,0,0,0,1,0,1,0,0,0
0.00354301,1,0,1,0,1,0,0,0,0,0,1,0,1,0,0,0
0.00354303,1,0,1,0,1,0,1,1,0,0,1,0,1,0,0,0
0.00354304,1,1,1,1,1,1,1,1,0,0,1,0,1,0,0,0
0.00354407,0,0,0,0,0,0,0,1,0,0,1,0,1,0,0,0
0.00354412,0,0,1,1,0,1,0,1,0,0,1,0,1,0,0,0
0.00354413,1,1,1,1,0,1,1,1,0,0,1,0,1,0,0,0
0.00354414,1,0,1,1,0,1,1,1,0,0,1,0,1,0,0,0
0.00354415,0,0,0,0,0,0,0,1,0,0,1,0,1,0,0,0
0.00354496,1,1,0,0,0,0,0,1,0,0,1,0,1,0,0,0
0.00354497,1,1,1,1,0,0,0,1,0,0,1,0,1,0,0,0
0.00354498,1,1,1,0,0,0,0,1,0,0,1,0,1,0,0,0
0.00354499,1,1,1,1,1,1,1,1,0,0,1,0,1,0,0,0
0.00354503,1,1,0,0,1,0,0,0,0,0,1,0,1,0,0,0
0.00354507,1,1,1,1,1,1,1,0,0,0,1,0,1,0,0,0
0.00354511,1,1,0,0,1,0,0,0,0,0,1,0,1,0,0,0
0.00354515,1,1,1,1,1,1,0,0,0,0,1,0,1,0,0,0
0.00354517,1,1,1,0,1,0,0,0,0,0,1,0,1,0,0,0
0.00354518,1,1,0,0,1,0,0,0,0,0,1,0,1,0,0,0
0.00354523,1,1,1,0,1,0,0,0,0,0,1,0,1,0,0,0
0.00354524,1,1,0,0,1,0,0,0,0,0,1,0,1,0,0,0
0.00354541,1,1,0,0,1,0,0,0,0,0,0,0,1,0,0,0
0.00354542,1,1,0,0,1,0,0,0,1,1,0,0,1,0,0,0
0.00354548,1,1,1,0,1,0,0,0,1,1,0,0,0,0,0,0
0.00354549,1,1,0,0,1,0,0,0,0,1,0,0,1,0,0,0
0.0035455,1,1,0,0,1,0,0,0,1,1,0,0,1,0,0,0
0.00354554,1,1,1,0,1,0,0,0,1,1,0,0,1,0,0,0
0.00354555,1,1,0,0,1,0,0,0,1,1,0,0,1,0,0,0
0.00354595,1,1,1,0,1,0,0,0,1,1,0,0,1,0,0,0
0.00354597,1,1,1,1,1,1,1,1,1,1,0,0,1,0,0,0
0.00354602,1,0,0,0,1,1,1,0,1,1,0,0,1,0,0,0
0.00354606,1,1,1,1,1,1,1,1,1,1,0,0,1,0,0,0
0.00354608,1,0,1,1,1,1,1,0,1,1,0,0,1,0,0,0
0.00354609,1,0,0,0,1,1,1,0,1,1,0,0,1,0,0,0
0.00354613,1,0,1,0,1,1,1,0,1,1,0,0,1,0,0,0
0.00354615,1,0,0,0,1,1,1,0,1,1,0,0,1,0,0,0
0.00354692,1,1,1,1,1,1,1,0,1,1,0,0,1,0,0,0
0.00354694,1,1,1,1,1,1,1,1,1,1,0,0,1,0,0,0
0.00354699,0,1,0,0,1,0,0,0,1,1,0,0,1,0,0,0
0.00354703,0,1,1,1,1,0,0,0,1,1,0,0,1,0,0,0
0.00354704,1,1,1,1,1,1,0,0,1,1,0,0,1,0,0,0
0.00354705,1,1,1,1,1,1,1,1,1,1,0,0,1,0,0,0
0.00354706,1,1,1,1,1,0,0,0,1,1,0,0,1,0,0,0
0.00354707,0,1,1,1,1,0,0,0,1,1,0,0,1,0,0,0
0.00354708,0,1,0,0,1,0,0,0,1,1,0,0,1,0,0,0
0.00354711,0,1,1,0,1,0,0,0,1,1,0,0,1,0,0,0
0.00354712,0,1,1,1,1,0,0,0,1,1,0,0,1,0,0,0
0.00354714,0,1,1,0,1,0,0,0,1,1,0,0,1,0,0,0
0.00354716,0,1,0,0,1,0,0,0,1,1,0,0,1,0,0,0
0.00354719,0,1,1,0,1,0,0,0,1,1,0,0,1,0,0,0
0.00354723,0,1,0,0,1,0,0,0,1,1,0,0,1,0,0,0
0.00354736,0,1,1,0,1,0,0,0,1,1,0,0,1,0,0,0
0.00354737,0,1,0,0,1,0,0,0,0,1,0,0,1,0,0,0
0.00354743,0,1,1,0,1,0,0,0,0,1,0,0,1,0,0,0
0.00354744,0,1,1,0,1,0,0,0,0,0,0,0,0,0,0,0
0.00354745,0,1,0,0,1,0,0,0,0,1,0,0,1,0,0,0
0.00354789,1,1,1,1,1,0,0,0,0,1,0,0,1,0,0,0
0.00354791,1,1,1,1,1,1,1,1,0,1,0,0,1,0,0,0
0.00354792,1,1,1,1,1,1,1,0,0,1,0,0,1,0,0,0
0.00354794,1,1,1,1,1,1,1,1,0,1,0,0,1,0,0,0
0.00354797,1,1,0,0,1,1,0,1,0,1,0,0,1,0,0,0
0.00354798,1,1,0,0,1,1,0,0,0,1,0,0,1,0,0,0
0.00354801,1,1,1,1,1,1,0,0,0,1,0,0,1,0,0,0
0.00354802,1,1,1,1,1,1,1,1,0,1,0,0,1,0,0,0
0.00354803,1,1,1,1,1,1,1,0,0,1,0,0,1,0,0,0
0.00354804,1,1,0,0,1,1,0,0,0,1,0,0,1,0,0,0
0.00354888,1,1,0,0,1,1,1,0,0,1,0,0,1,0,0,0
0.00354889,1,1,0,0,1,1,1,1,0,1,0,0,1,0,0,0
0.0035489,1,1,1,1,1,1,1,1,0,1,0,0,1,0,0,0
0.00354894,1,0,0,0,1,0,0,0,0,1,0,0,1,0,0,0
0.00354898,1,0,1,1,1,1,0,0,0,1,0,0,1,0,0,0
0.00354899,1,1,1,1,1,1,1,1,0,1,0,0,1,0,0,0
0.00354901,1,0,1,1,1,0,0,0,0,1,0,0,1,0,0,0
0.00354902,1,0,0,0,1,0,0,0,0,1,0,0,1,0,0,0
0.00354906,1,0,1,1,1,0,0,0,0,1,0,0,1,0,0,0
0.00354909,1,0,1,0,1,0,0,0,0,1,0,0,1,0,0,0
0.0035491,1,0,0,0,1,0,0,0,0,1,0,0,1,0,0,0
0.00354915,1,0,1,0,1,0,0,0,0,1,0,0,1,0,0,0
0.00354916,1,0,0,0,1,0,0,0,0,1,0,0,1,0,0,0
0.00354932,1,0,0,0,1,0,0,0,0,0,0,0,1,0,0,0
0.00354933,1,0,0,0,1,0,0,0,1,0,0,0,1,0,0,0
0.00354939,1,0,0,0,1,0,0,0,0,0,0,0,0,0,0,0
0.0035494,1,0,0,0,1,0,0,0,1,0,0,0,1,0,0,0
0.00354984,1,1,1,1,1,0,0,0,1,0,0,0,1,0,0,0
0.00354986,1,1,1,1,1,1,1,1,1,0,0,0,1,0,0,0
0.00354992,0,0,1,1,1,0,1,0,1,0,0,0,1,0,0,0
0.00354996,0,1,1,1,1,1,1,1,1,0,0,0,1,0,0,0
0.00354997,1,1,1,1,1,1,1,1,1,0,0,0,1,0,0,0
0.00354998,0,1,1,1,1,1,1,0,1,0,0,0,1,0,0,0
0.00354999,0,0,1,1,1,0,1,0,1,0,0,0,1,0,0,0
0.00355082,0,1,1,1,1,0,1,0,1,0,0,0,1,0,0,0
0.00355084,1,1,1,1,1,1,1,0,1,0,0,0,1,0,0,0
0.00355085,0,0,1,1,1,1,1,1,1,0,0,0,1,0,0,0
0.00355086,0,1,1,1,1,1,1,1,1,0,0,0,1,0,0,0
0.00355087,1,1,1,1,1,1,1,1,1,0,0,0,1,0,0,0
0.00355089,1,1,1,1,0,1,1,1,1,0,0,0,1,0,0,0
0.0035509,0,0,1,0,0,1,0,0,1,0,0,0,1,0,0,0
0.00355094,1,1,1,1,0,1,0,0,1,0,0,0,1,0,0,0
0.00355095,1,1,1,1,0,1,1,1,1,0,0,0,1,0,0,0
0.00355097,1,1,1,0,0,1,0,0,1,0,0,0,1,0,0,0
0.00355098,0,0,1,0,0,1,0,0,1,0,0,0,1,0,0,0
0.00355127,0,0,1,0,0,1,0,0,0,0,0,0,0,0,0,0
0.00355128,0,0,1,0,0,1,0,0,0,0,1,0,0,1,0,0
0.00355135,0,0,1,1,0,1,0,0,0,0,0,0,0,1,0,0
0.00355136,0,0,1,1,1,1,0,0,0,0,1,0,0,1,0,0
0.00355137,0,0,1,1,1,1,1,0,0,0,1,1,1,1,1,0
0.00355138,1,1,1,1,1,1,1,1,0,0,1,1,1,1,1,0
0.00355139,1,1,1,1,0,1,1,1,0,0,1,0,0,1,0,0
0.0035514,0,0,1,0,0,1,0,0,0,0,1,0,0,1,0,0
0.00355144,1,1,1,1,0,1,0,0,0,0,1,0,0,1,0,0
0.00355145,1,1,1,1,0,1,1,1,0,0,1,0,0,1,0,0
0.00355146,1,1,1,1,0,1,1,0,0,0,1,0,0,1,0,0
0.00355147,1,0,1,1,0,1,0,0,0,0,1,0,0,1,0,0
0.00355148,0,0,1,0,0,1,0,0,0,0,1,0,0,1,0,0
0.0035518,0,1,1,1,0,1,0,0,0,0,1,0,0,1,0,0
0.00355181,1,1,1,1,0,1,0,0,0,0,1,0,0,1,0,0
0.00355182,1,1,1,1,0,1,1,1,0,0,1,0,0,1,0,0
0.00355183,1,1,1,1,1,1,1,1,0,0,1,0,0,1,0,0
0.00355188,0,0,0,0,0,0,1,0,0,0,1,0,0,1,0,0
0.00355192,1,1,0,1,0,1,1,1,0,0,1,0,0,1,0,0
0.00355193,1,1,1,1,1,1,1,1,0,0,1,0,0,1,0,0
0.00355195,1,1,1,1,0,1,1,1,0,0,1,0,0,1,0,0
0.00355196,1,1,0,1,0,1,1,1,0,0,1,0,0,1,0,0
0.00355197,0,0,0,0,0,0,1,0,0,0,1,0,0,1,0,0
0.003552,0,1,0,1,0,0,1,0,0,0,1,0,0,1,0,0
0.00355201,1,1,0,1,0,1,1,1,0,0,1,0,0,1,0,0
0.00355203,1,1,0,1,0,0,1,0,0,0,1,0,0,1,0,0
0.00355205,0,0,0,1,0,0,1,0,0,0,1,0,0,1,0,0
0.00355229,0,0,0,0,0,0,1,0,0,0,1,0,0,1,0,0
0.0035523,0,0,0,1,0,0,1,0,0,0,1,0,0,1,0,0
0.00355237,0,0,0,0,0,0,1,0,0,0,1,0,0,1,0,0
0.00355241,0,0,0,1,0,0,1,0,0,0,1,0,0,1,0,0
0.00355242,0,0,0,0,0,0,1,0,0,0,1,0,0,1,0,0
0.00355278,1,1,1,1,0,0,1,0,0,0,1,0,0,1,0,0
0.00355279,1,1,1,1,1,1,1,1,0,0,1,0,0,1,0,0
0.00355284,0,0,0,0,0,1,0,1,0,0,1,0,0,1,0,0
0.00355285,0,0,0,0,0,0,0,1,0,0,1,0,0,1,0,0
0.00355288,1,1,1,1,0,1,0,1,0,0,1,0,0,1,0,0
0.00355289,1,1,1,1,0,1,1,1,0,0,1,0,0,1,0,0
0.0035529,1,1,1,1,1,1,1,1,0,0,1,0,0,1,0,0
0.00355292,1,1,1,1,0,1,1,1,0,0,1,0,0,1,0,0
0.00355293,0,0,1,1,0,1,0,1,0,0,1,0,0,1,0,0
0.00355294,0,0,0,0,0,0,0,1,0,0,1,0,0,1,0,0
0.00355296,0,0,1,1,0,1,0,1,0,0,1,0,0,1,0,0
0.00355298,1,1,1,1,0,1,0,1,0,0,1,0,0,1,0,0
0.00355299,1,0,1,1,0,1,0,1,0,0,1,0,0,1,0,0
0.003553,0,0,1,1,0,1,0,1,0,0,1,0,0,1,0,0
0.00355338,0,0,1,0,0,1,0,1,0,0,1,0,0,1,0,0
0.0035534,0,0,1,1,0,1,0,1,0,0,1,0,0,1,0,0
0.00355342,0,0,1,0,0,1,0,1,0,0,1,0,0,1,0,0
0.00355348,0,0,0,0,0,0,0,1,0,0,1,0,0,1,0,0
0.00355349,0,0,1,0,0,1,0,1,0,0,1,0,0,1,0,0
0.00355351,0,0,0,0,0,1,0,1,0,0,1,0,0,1,0,0
0.00355354,0,0,1,0,0,1,0,1,0,0,1,0,0,1,0,0
0.00355355,0,0,0,0,0,1,0,1,0,0,1,0,0,1,0,0
0.00355356,0,0,0,0,0,0,0,1,0,0,1,0,0,1,0,0
0.00355367,0,0,0,0,0,1,0,1,0,0,1,0,0,1,0,0
0.00355368,0,0,0,0,0,0,0,1,0,0,1,0,0,1,0,0
0.00355372,0,0,1,0,0,1,0,1,0,0,1,0,0,1,0,0
0.00355373,0,0,0,0,0,0,0,1,0,0,1,0,0,1,0,0
0.00355377,0,0,1,0,0,0,0,1,0,0,1,0,0,1,0,0
0.00355378,1,1,1,1,1,1,1,1,0,0,1,0,0,1,0,0
0.00355383,0,1,1,1,0,1,0,0,0,0,1,0,0,1,0,0
0.00355387,1,1,1,1,0,1,1,0,0,0,1,0,0,1,0,0
0.00355388,1,1,1,1,1,1,1,1,0,0,1,0,0,1,0,0
0.00355389,0,1,1,1,0,1,1,0,0,0,1,0,0,1,0,0
0.0035539,0,1,1,1,0,1,0,0,0,0,1,0,0,1,0,0
0.00355395,1,1,1,1,0,1,1,0,0,0,1,0,0,1,0,0
0.00355396,0,1,1,1,0,1,0,0,0,0,1,0,0,1,0,0
0.00355472,0,1,1,1,1,1,1,0,0,0,1,0,0,1,0,0
0.00355474,1,1,1,1,0,1,1,1,0,0,1,0,0,1,0,0
0.00355475,0,1,1,1,0,1,0,0,0,0,1,0,0,1,0,0
0.00355479,1,1,1,1,1,1,1,1,0,0,1,0,0,1,0,0
0.00355485,0,1,0,0,0,0,0,1,0,0,1,0,0,1,0,0
0.00355488,0,1,1,0,0,0,1,1,0,0,1,0,0,1,0,0
0.00355489,1,1,1,1,0,1,1,1,0,0,1,0,0,1,0,0
0.0035549,1,1,1,1,1,1,1,1,0,0,1,0,0,1,0,0
0.00355491,1,1,1,1,0,1,1,1,0,0,1,0,0,1,0,0
0.00355493,1,1,1,1,0,0,1,1,0,0,1,0,0,1,0,0
0.00355494,0,1,0,0,0,0,0,1,0,0,1,0,0,1,0,0
0.00355496,0,1,1,0,0,0,0,1,0,0,1,0,0,1,0,0
0.00355497,1,1,1,1,0,0,1,1,0,0,1,0,0,1,0,0
0.00355501,1,1,1,0,0,0,1,1,0,0,1,0,0,1,0,0
0.00355502,1,1,1,0,0,0,0,1,0,0,1,0,0,1,0,0
0.00355503,0,1,1,0,0,0,0,1,0,0,1,0,0,1,0,0
0.00355504,1,1,1,0,0,0,0,1,0,0,1,0,0,1,0,0
0.00355505,1,1,1,1,0,0,1,1,0,0,1,0,0,1,0,0
0.00355508,1,1,1,1,0,0,0,1,0,0,1,0,0,1,0,0
0.00355509,1,1,1,0,0,0,0,1,0,0,1,0,0,1,0,0
0.00355514,0,1,1,0,0,0,0,1,0,0,1,0,0,1,0,0
0.00355516,1,1,1,1,0,0,0,1,0,0,1,0,0,1,0,0
0.00355518,1,1,1,1,0,0,1,1,0,0,0,0,0,0,0,0
0.00355519,0,1,1,0,0,0,0,1,0,1,0,0,0,0,0,1
0.00355523,1,1,1,1,0,0,1,1,0,1,0,0,0,0,0,1
0.00355525,1,1,1,1,0,0,0,1,0,0,0,0,0,0,0,0
0.00355526,0,1,1,0,0,0,0,1,0,1,0,0,0,0,0,1
0.0035553,0,1,1,1,0,0,0,1,0,1,0,0,0,0,0,1
0.00355531,1,1,1,1,0,0,0,1,0,1,0,0,0,0,0,1
0.00355533,0,1,1,0,0,0,0,1,0,1,0,0,0,0,0,1
0.00355538,1,1,1,0,0,0,0,1,0,1,0,0,0,0,0,1
0.00355539,0,1,1,1,0,0,0,1,0,1,0,0,0,0,0,1
0.0035554,0,1,1,0,0,0,0,1,0,1,0,0,0,0,0,1
0.0035557,0,1,1,1,0,0,0,1,0,1,0,0,0,0,0,1
0.00355571,0,1,1,1,0,1,0,1,0,1,0,0,0,0,0,1
0.00355573,1,1,1,1,1,1,1,0,0,1,0,0,0,0,0,1
0.00355574,1,1,1,1,1,1,0,0,0,1,0,0,0,0,0,1
0.00355575,0,1,1,1,0,1,0,0,0,1,0,0,0,0,0,1
0.00355578,1,1,1,1,0,1,0,0,0,1,0,0,0,0,0,1
0.0035558,0,1,1,1,0,1,1,0,0,1,0,0,0,0,0,1
0.00355581,0,1,1,1,0,1,0,0,0,1,0,0,0,0,0,1
0.00355674,1,1,1,1,0,1,1,1,0,1,0,0,0,0,0,1
0.00355675,1,1,1,1,1,1,1,1,0,1,0,0,0,0,0,1
0.0035568,0,1,0,0,1,0,1,1,0,1,0,0,0,0,0,1
0.00355684,1,1,1,1,1,1,1,1,0,1,0,0,0,0,0,1
0.00355687,0,1,0,0,1,0,1,1,0,1,0,0,0,0,0,1
0.00355713,0,1,0,0,1,0,1,1,0,1,0,0,1,0,1,0
0.00355714,0,1,0,0,1,0,1,1,0,1,0,0,1,0,1,1
0.00355768,0,1,1,1,1,1,1,1,0,1,0,0,1,0,1,1
0.0035577,1,1,1,1,1,1,1,1,0,1,0,0,1,0,1,1
0.00355773,1,1,1,1,1,1,0,0,0,1,0,0,1,0,1,1
0.00355774,0,1,1,1,0,1,0,0,0,1,0,0,1,0,1,1
0.00355778,1,1,1,1,0,1,0,0,0,1,0,0,1,0,1,1
0.0035578,0,1,1,1,0,1,0,0,0,1,0,0,1,0,1,1
0.00355866,1,1,1,1,0,1,1,0,0,1,0,0,1,0,1,1
0.00355867,1,1,1,1,1,1,1,0,0,1,0,0,1,0,1,1
0.00355868,1,1,1,1,1,1,1,1,0,1,0,0,1,0,1,1
0.00355962,0,0,0,0,0,0,0,0,0,1,0,0,1,0,1,1
0.00355965,1,0,1,0,0,0,0,0,0,1,0,0,1,0,1,1
0.00355967,0,0,1,0,0,0,0,0,0,1,0,0,1,0,1,1
0.00355968,0,0,0,0,0,0,0,0,0,1,0,0,1,0,1,1
0.00356057,0,0,1,0,0,0,0,0,0,1,0,0,1,0,1,1
0.00356058,1,1,1,0,0,0,0,0,0,1,0,0,1,0,1,1
0.00356059,0,0,1,0,0,0,0,0,0,1,0,0,1,0,1,1
0.0035606,0,0,0,0,0,0,0,0,0,1,0,0,1,0,1,1
0.00356062,0,1,1,1,0,1,0,0,0,1,0,0,1,0,1,1
0.00356064,1,1,1,1,1,1,0,0,0,1,0,0,1,0,1,1
0.00356065,1,1,1,1,1,1,1,1,0,1,0,0,1,0,1,1
0.00356067,0,1,1,1,1,1,0,0,0,1,0,0,1,0,1,1
0.0035607,1,1,0,0,1,1,1,1,0,1,0,0,1,0,1,1
0.00356071,0,1,0,0,1,1,0,0,0,1,0,0,1,0,1,1
0.00356075,1,1,1,0,1,1,0,0,0,1,0,0,1,0,1,1
0.00356077,0,1,1,0,1,1,0,0,0,1,0,0,1,0,1,1
0.00356078,0,1,0,0,1,1,0,0,0,1,0,0,1,0,1,1
0.00356104,0,1,0,0,1,1,0,0,0,1,0,0,1,0,0,0
0.00356105,0,1,0,0,1,1,0,0,0,1,0,0,1,1,0,0
0.00356158,0,1,1,0,1,1,0,0,0,1,0,0,1,1,0,0
0.00356159,1,1,1,1,1,1,0,0,0,1,0,0,1,1,0,0
0.0035616,1,1,1,1,1,1,1,1,0,1,0,0,1,1,0,0
0.00356165,0,0,1,0,1,0,0,0,0,1,0,0,1,1,0,0
0.0035617,1,1,1,1,1,0,0,1,0,1,0,0,1,1,0,0
0.00356171,1,1,1,1,1,1,1,1,0,1,0,0,1,1,0,0
0.00356172,0,0,1,0,1,0,0,0,0,1,0,0,1,1,0,0
0.00356254,1,1,1,1,1,0,0,0,0,1,0,0,1,1,0,0
0.00356255,1,1,1,1,1,1,1,1,0,1,0,0,1,1,0,0
0.0035626,1,1,1,1,0,0,0,0,0,1,0,0,1,1,0,0
0.00356261,1,1,0,1,0,0,0,0,0,1,0,0,1,1,0,0
0.00356266,1,1,1,1,0,1,1,1,0,1,0,0,1,1,0,0
0.00356267,1,1,0,1,0,0,0,0,0,1,0,0,1,1,0,0
0.00356353,1,1,1,1,0,1,0,0,0,1,0,0,1,1,0,0
0.00356354,1,1,1,1,0,1,1,1,0,1,0,0,1,1,0,0
0.00356355,1,1,1,1,1,1,1,1,0,1,0,0,1,1,0,0
0.00356454,0,0,1,1,1,1,1,1,0,1,0,0,1,1,0,0
0.00356455,0,0,0,1,1,0,1,0,0,1,0,0,1,1,0,0
0.00356457,1,1,1,1,1,0,1,0,0,1,0,0,1,1,0,0
0.00356458,1,1,1,1,1,1,1,1,0,1,0,0,1,1,0,0
0.00356461,0,1,1,1,1,1,1,1,0,1,0,0,1,1,0,0
0.00356463,0,1,1,0,0,1,0,1,0,1,0,0,1,1,0,0
0.00356494,0,1,1,0,0,1,0,1,0,1,0,0,0,1,0,0
0.00356495,0,1,1,0,0,1,0,1,0,1,1,0,0,1,0,1
0.00356502,0,1,1,0,0,1,0,1,0,1,1,0,0,1,0,0
0.00356503,0,1,1,0,0,1,0,1,0,1,1,0,0,1,0,1
0.00356549,1,1,1,1,1,1,0,1,0,1,1,0,0,1,0,1
0.0035655,1,1,1,1,1,1,1,1,0,1,1,0,0,1,0,1
0.00356553,1,0,0,1,1,0,1,0,0,1,1,0,0,1,0,1
0.00356554,0,0,0,0,0,0,1,0,0,1,1,0,0,1,0,1
0.00356558,0,0,0,0,0,1,1,0,0,1,1,0,0,1,0,1
0.00356559,1,1,1,1,0,1,1,0,0,1,1,0,0,1,0,1
0.0035656,1,1,1,1,0,1,1,1,0,1,1,0,0,1,0,1
0.00356562,0,0,0,0,0,0,1,0,0,1,1,0,0,1,0,1
0.00356567,0,0,1,0,0,0,1,0,0,1,1,0,0,1,0,1
0.0035657,0,0,0,0,0,0,1,0,0,1,1,0,0,1,0,1
0.00356645,1,1,1,1,0,0,1,0,0,1,1,0,0,1,0,1
0.00356646,1,1,1,1,0,1,1,1,0,1,1,0,0,1,0,1
0.00356647,1,1,1,1,1,1,1,1,0,1,1,0,0,1,0,1
0.00356652,0,0,0,0,0,0,0,1,0,1,1,0,0,1,0,1
0.00356656,1,1,1,1,0,1,0,1,0,1,1,0,0,1,0,1
0.00356661,0,0,1,0,0,0,0,1,0,1,1,0,0,1,0,1
0.00356662,0,0,0,0,0,0,0,1,0,1,1,0,0,1,0,1
0.00356664,0,0,1,0,0,0,0,1,0,1,1,0,0,1,0,1
0.00356665,0,1,1,1,0,1,0,1,0,1,1,0,0,1,0,1
0.00356667,0,1,1,0,0,1,0,1,0,1,1,0,0,1,0,1
0.00356668,0,1,1,0,0,0,0,1,0,1,1,0,0,1,0,1
0.00356669,0,0,1,0,0,0,0,1,0,1,1,0,0,1,0,1
0.00356691,0,1,1,0,0,0,0,1,0,1,1,0,0,1,0,1
0.00356692,0,0,1,0,0,0,0,1,0,1,1,0,0,1,0,1
0.00356721,0,0,0,0,0,0,0,1,0,1,1,0,0,1,0,1
0.00356723,0,0,1,0,0,0,0,1,0,1,1,0,0,1,0,1
0.00356726,0,0,0,0,0,0,0,1,0,1,1,0,0,1,0,1
0.00356733,0,0,1,0,0,0,0,1,0,1,1,0,0,1,0,1
0.00356735,0,0,0,0,0,0,0,1,0,1,1,0,0,1,0,1
0.0035674,0,0,1,0,0,0,0,1,0,1,1,0,0,1,0,1
0.00356741,0,0,0,0,0,0,0,1,0,1,1,0,0,1,0,1
0.00356742,1,1,1,1,0,0,0,1,0,1,1,0,0,1,0,1
0.00356744,1,1,1,1,1,1,0,1,0,1,1,0,0,1,0,1
0.00356745,1,1,1,1,1,1,1,1,0,1,1,0,0,1,0,1
0.00356749,0,1,1,1,0,1,0,0,0,1,1,0,0,1,0,1
0.00356753,1,1,1,1,0,1,1,0,0,1,1,0,0,1,0,1
0.00356754,1,1,1,1,1,1,1,1,0,1,1,0,0,1,0,1
0.00356755,1,1,1,1,0,1,0,0,0,1,1,0,0,1,0,1
0.00356756,0,1,1,1,0,1,0,0,0,1,1,0,0,1,0,1
0.00356761,1,1,1,1,0,1,0,0,0,1,1,0,0,1,0,1
0.00356762,0,1,1,1,0,1,0,0,0,1,1,0,0,1,0,1
0.0035684,1,1,1,1,0,1,0,0,0,1,1,0,0,1,0,1
0.00356841,1,1,1,1,0,1,1,0,0,1,1,0,0,1,0,1
0.00356842,1,1,1,1,1,1,1,1,0,1,1,0,0,1,0,1
0.00356943,0,1,1,1,0,1,0,0,0,1,1,0,0,1,0,1
0.00356947,1,1,1,1,0,1,0,0,0,1,1,0,0,1,0,1
0.00356948,1,1,1,1,0,1,1,1,0,1,1,0,0,1,0,1
0.00356949,0,1,1,1,0,1,0,0,0,1,1,0,0,1,0,1
0.00357046,1,1,1,1,1,1,1,1,0,1,1,0,0,1,0,1
0.00357047,0,0,1,0,1,1,1,1,0,1,1,0,0,1,0,1
0.00357048,0,0,1,0,1,0,0,0,0,1,1,0,0,1,0,1
0.00357052,1,0,1,0,1,0,0,0,0,1,1,0,0,1,0,1
0.00357053,1,0,1,0,1,0,1,0,0,1,1,0,0,1,0,1
0.00357054,0,0,1,0,1,0,0,0,0,1,1,0,0,1,0,1
0.0035708,0,0,1,0,1,0,0,0,0,0,1,0,0,0,0,0
0.00357081,0,0,1,0,1,0,0,0,0,0,1,0,1,0,0,0
0.00357133,1,1,1,0,1,0,0,0,0,0,1,0,1,0,0,0
0.00357134,1,0,1,0,1,0,1,0,0,0,1,0,1,0,0,0
0.00357135,1,1,1,0,1,1,1,1,0,0,1,0,1,0,0,0
0.00357136,1,1,1,1,1,1,1,1,0,0,1,0,1,0,0,0
0.00357238,0,0,0,0,0,0,0,1,0,0,1,0,1,0,0,0
0.00357244,1,1,1,1,0,0,0,1,0,0,1,0,1,0,0,0
0.00357246,0,0,1,0,0,0,0,1,0,0,1,0,1,0,0,0
0.00357247,0,0,0,0,0,0,0,1,0,0,1,0,1,0,0,0
0.00357328,1,1,1,1,0,0,0,1,0,0,1,0,1,0,0,0
0.0035733,1,1,1,1,1,1,1,1,0,0,1,0,1,0,0,0
0.00357335,1,1,0,0,1,0,0,0,0,0,1,0,1,0,0,0
0.00357339,1,1,1,1,1,1,0,0,0,0,1,0,1,0,0,0
0.0035734,1,1,1,1,1,1,1,0,0,0,1,0,1,0,0,0
0.00357342,1,1,1,0,1,0,0,0,0,0,1,0,1,0,0,0
0.00357343,1,1,0,0,1,0,0,0,0,0,1,0,1,0,0,0
0.00357347,1,1,1,0,1,0,0,0,0,0,1,0,1,0,0,0
0.0035735,1,1,0,0,1,0,0,0,0,0,1,0,1,0,0,0
0.00357373,1,1,0,0,1,0,0,0,0,0,0,0,1,0,0,0
0.00357374,1,1,0,0,1,0,0,0,1,1,0,0,1,0,0,0
0.0035738,1,1,0,0,1,0,0,0,0,0,0,0,0,0,0,0
0.00357381,1,1,0,0,1,0,0,0,1,1,0,0,1,0,0,0
0.00357425,1,1,1,1,1,0,0,0,1,1,0,0,1,0,0,0
0.00357427,1,1,1,1,1,1,1,1,1,1,0,0,1,0,0,0
0.00357428,1,1,0,1,1,1,1,1,1,1,0,0,1,0,0,0
0.00357429,1,1,1,1,1,1,1,1,1,1,0,0,1,0,0,0
0.00357433,1,0,1,0,1,1,1,0,1,1,0,0,1,0,0,0
0.00357434,1,0,0,0,1,1,1,0,1,1,0,0,1,0,0,0
0.00357437,1,0,1,0,1,1,1,0,1,1,0,0,1,0,0,0
0.00357438,1,1,1,1,1,1,1,0,1,1,0,0,1,0,0,0
0.0035744,1,0,0,0,1,1,1,0,1,1,0,0,1,0,0,0
0.00357445,1,0,1,0,1,1,1,0,1,1,0,0,1,0,0,0
0.00357447,1,0,0,0,1,1,1,0,1,1,0,0,1,0,0,0
0.00357523,1,1,0,0,1,1,1,0,1,1,0,0,1,0,0,0
0.00357524,1,1,1,0,1,1,1,0,1,1,0,0,1,0,0,0
0.00357525,1,1,1,1,1,1,1,1,1,1,0,0,1,0,0,0
0.00357526,1,1,1,1,1,1,1,0,1,1,0,0,1,0,0,0
0.00357528,1,1,1,1,1,1,1,1,1,1,0,0,1,0,0,0
0.0035753,0,1,0,0,1,0,0,0,1,1,0,0,1,0,0,0
0.00357535,0,1,1,1,1,0,0,0,1,1,0,0,1,0,0,0
0.00357538,0,1,0,0,1,0,0,0,1,1,0,0,1,0,0,0
0.00357568,0,1,0,0,1,0,0,0,0,1,0,0,1,0,0,0
0.00357575,0,1,0,0,1,0,0,0,0,0,0,0,0,0,0,0
0.00357576,0,1,0,0,1,0,0,0,0,1,0,0,1,0,0,0
0.00357623,1,1,1,1,1,0,0,0,0,1,0,0,1,0,0,0
0.00357624,1,1,1,1,1,1,1,1,0,1,0,0,1,0,0,0
0.00357628,1,1,0,0,1,1,0,0,0,1,0,0,1,0,0,0
0.00357632,1,1,1,1,1,1,0,0,0,1,0,0,1,0,0,0
0.00357633,1,1,1,1,1,1,1,0,0,1,0,0,1,0,0,0
0.00357634,1,1,1,1,1,1,0,0,0,1,0,0,1,0,0,0
0.00357635,1,1,0,0,1,1,0,0,0,1,0,0,1,0,0,0
0.00357719,1,1,1,1,1,1,0,0,0,1,0,0,1,0,0,0
0.0035772,1,1,1,1,1,1,1,1,0,1,0,0,1,0,0,0
0.00357721,1,1,1,0,1,1,1,1,0,1,0,0,1,0,0,0
0.00357722,1,1,1,1,1,1,1,1,0,1,0,0,1,0,0,0
0.00357725,1,0,1,1,1,0,1,1,0,1,0,0,1,0,0,0
0.00357726,1,0,0,0,1,0,0,0,0,1,0,0,1,0,0,0
0.00357729,1,0,1,0,1,0,0,0,0,1,0,0,1,0,0,0
0.0035773,1,0,1,1,1,0,0,0,0,1,0,0,1,0,0,0
0.00357731,1,1,1,1,1,1,1,1,0,1,0,0,1,0,0,0
0.00357732,1,1,1,1,1,1,1,0,0,1,0,0,1,0,0,0
0.00357733,1,0,1,1,1,0,0,0,0,1,0,0,1,0,0,0
0.00357734,1,0,0,0,1,0,0,0,0,1,0,0,1,0,0,0
0.00357737,1,0,1,0,1,0,0,0,0,1,0,0,1,0,0,0
0.00357738,1,0,1,1,1,0,0,0,0,1,0,0,1,0,0,0
0.00357741,1,0,1,0,1,0,0,0,0,1,0,0,1,0,0,0
0.00357742,1,0,0,0,1,0,0,0,0,1,0,0,1,0,0,0
0.00357746,1,0,1,0,1,0,0,0,0,1,0,0,1,0,0,0
0.00357751,1,0,0,0,1,0,0,0,0,1,0,0,1,0,0,0
0.00357754,1,0,1,0,1,0,0,0,0,1,0,0,1,0,0,0
0.00357756,1,0,0,0,1,0,0,0,0,1,0,0,1,0,0,0
0.00357763,1,0,1,0,1,0,0,0,0,0,0,0,1,0,0,0
0.00357764,1,0,0,0,1,0,0,0,1,0,0,0,1,0,0,0
0.00357769,1,0,1,0,1,0,0,0,1,0,0,0,1,0,0,0
0.0035777,1,0,0,0,1,0,0,0,1,0,0,0,1,0,0,0
0.00357771,1,0,0,0,1,0,0,0,0,0,0,0,1,0,0,0
0.00357772,1,0,0,0,1,0,0,0,1,0,0,0,1,0,0,0
0.00357816,1,0,1,0,1,0,0,0,1,0,0,0,1,0,0,0
0.00357817,1,0,1,1,1,0,0,0,1,0,0,0,1,0,0,0
0.00357818,1,1,0,1,1,1,1,0,1,0,0,0,1,0,0,0
0.00357819,1,1,1,1,1,1,1,0,1,0,0,0,1,0,0,0
0.00357821,1,1,1,1,1,1,1,1,1,0,0,0,1,0,0,0
0.00357824,0,0,1,1,1,0,1,0,1,0,0,0,1,0,0,0
0.00357828,0,1,1,1,1,1,1,0,1,0,0,0,1,0,0,0
0.00357829,0,1,1,1,1,1,1,1,1,0,0,0,1,0,0,0
0.0035783,0,0,1,1,1,0,1,0,1,0,0,0,1,0,0,0
0.00357914,1,0,1,1,1,0,1,0,1,0,0,0,1,0,0,0
0.00357916,1,1,1,1,1,1,1,1,1,0,0,0,1,0,0,0
0.00357917,1,1,1,1,1,1,1,0,1,0,0,0,1,0,0,0
0.00357919,1,1,1,1,1,1,1,1,1,0,0,0,1,0,0,0
0.0035792,1,1,1,1,0,1,1,1,1,0,0,0,1,0,0,0
0.00357921,1,0,1,0,0,1,0,0,1,0,0,0,1,0,0,0
0.00357925,1,1,1,1,0,1,0,0,1,0,0,0,1,0,0,0
0.00357926,1,1,1,1,0,1,1,1,1,0,0,0,1,0,0,0
0.00357927,1,0,1,0,0,1,0,0,1,0,0,0,1,0,0,0
0.00357958,1,0,1,0,0,1,0,0,1,0,0,0,0,0,0,0
0.00357959,1,0,1,0,0,1,0,0,1,0,1,0,0,1,0,0
0.00358014,1,1,1,1,1,1,1,1,1,0,1,0,0,1,0,0
0.00358019,0,0,0,0,0,0,1,0,1,0,1,0,0,1,0,0
0.00358024,0,1,0,1,0,0,1,0,1,0,1,0,0,1,0,0
0.00358025,1,1,1,1,0,0,1,0,1,0,1,0,0,1,0,0
0.00358028,0,0,1,1,0,0,1,0,1,0,1,0,0,1,0,0
0.00358029,0,0,0,0,0,0,1,0,1,0,1,0,0,1,0,0
0.00358032,0,0,1,1,0,0,1,0,1,0,1,0,0,1,0,0
0.00358035,0,1,1,1,0,0,1,0,1,0,1,0,0,1,0,0
0.00358036,0,0,1,1,0,0,1,0,1,0,1,0,0,1,0,0
0.00358037,0,0,0,1,0,0,1,0,1,0,1,0,0,1,0,0
0.00358038,0,0,0,0,0,0,1,0,1,0,1,0,0,1,0,0
0.00358039,0,0,0,1,0,0,1,0,1,0,1,0,0,1,0,0
0.0035804,0,0,1,1,0,0,1,0,1,0,1,0,0,1,0,0
0.00358046,0,0,0,1,0,0,1,0,1,0,1,0,0,1,0,0
0.00358047,0,0,1,1,0,0,1,0,1,0,1,0,0,1,0,0
0.00358048,0,0,0,1,0,0,1,0,1,0,1,0,0,1,0,0
0.00358049,0,0,1,1,0,0,1,0,1,0,1,0,0,1,0,0
0.00358051,0,0,0,1,0,0,1,0,1,0,1,0,0,1,0,0
0.00358054,0,0,1,1,0,0,1,0,1,0,1,0,0,1,0,0
0.00358055,0,0,0,1,0,0,1,0,1,0,1,0,0,1,0,0
0.00358056,0,0,1,1,0,0,1,0,1,0,1,0,0,1,0,0
0.0035806,0,0,0,0,0,0,1,0,1,0,1,0,0,1,0,0
0.00358062,0,0,1,1,0,0,1,0,1,0,1,0,0,1,0,0
0.00358065,0,0,0,0,0,0,1,0,1,0,1,0,0,1,0,0
0.00358067,0,0,1,0,0,0,1,0,1,0,1,0,0,1,0,0
0.00358068,0,0,0,0,0,0,1,0,1,0,1,0,0,1,0,0
0.00358109,1,1,1,1,0,0,1,0,1,0,1,0,0,1,0,0
0.0035811,1,1,1,1,1,1,1,1,1,0,1,0,0,1,0,0
0.00358116,0,0,0,0,0,1,0,1,1,0,1,0,0,1,0,0
0.00358117,0,0,0,0,0,0,0,1,1,0,1,0,0,1,0,0
0.0035812,1,1,1,1,0,1,0,1,1,0,1,0,0,1,0,0
0.00358125,0,0,1,0,0,0,0,1,1,0,1,0,0,1,0,0
0.00358126,0,0,0,0,0,0,0,1,1,0,1,0,0,1,0,0
0.00358128,0,0,1,1,0,0,0,1,1,0,1,0,0,1,0,0
0.00358129,1,0,1,1,0,0,0,1,1,0,1,0,0,1,0,0
0.00358132,0,0,1,1,0,0,0,1,1,0,1,0,0,1,0,0
0.00358134,0,0,1,0,0,0,0,1,1,0,1,0,0,1,0,0
0.00358137,0,0,1,1,0,0,0,1,1,0,1,0,0,1,0,0
0.00358141,0,0,1,0,0,0,0,1,1,0,1,0,0,1,0,0
0.00358144,0,0,1,1,0,0,0,1,1,0,1,0,0,1,0,0
0.00358146,0,0,1,0,0,0,0,1,1,0,1,0,0,1,0,0
0.00358152,0,0,1,1,0,0,0,1,1,0,1,0,0,1,0,0
0.00358153,0,0,1,0,0,0,0,1,1,0,1,0,0,1,0,0
0.00358169,0,0,0,0,0,0,0,1,1,0,1,0,0,1,0,0
0.0035817,0,0,1,0,0,0,0,1,1,0,1,0,0,1,0,0
0.00358173,0,0,0,0,0,0,0,1,1,0,1,0,0,1,0,0
0.00358174,0,0,1,0,0,0,0,1,1,0,1,0,0,1,0,0
0.00358181,0,0,0,0,0,0,0,1,1,0,1,0,0,1,0,0
0.00358183,0,0,1,0,0,0,0,1,1,0,1,0,0,1,0,0
0.00358185,0,0,0,0,0,0,0,1,1,0,1,0,0,1,0,0
0.00358198,0,0,1,0,0,0,0,1,1,0,1,0,0,1,0,0
0.00358199,0,0,0,0,0,0,0,1,1,0,1,0,0,1,0,0
0.00358203,0,0,1,0,0,0,0,1,1,0,1,0,0,1,0,0
0.00358205,0,0,0,0,0,0,0,1,1,0,1,0,0,1,0,0
0.00358206,1,1,0,0,0,0,0,1,1,0,1,0,0,1,0,0
0.00358207,1,1,0,0,1,1,0,1,1,0,1,0,0,1,0,0
0.00358208,1,1,1,1,1,1,0,1,1,0,1,0,0,1,0,0
0.00358209,1,1,1,1,1,1,0,0,1,0,1,0,0,1,0,0
0.00358211,1,1,0,0,1,1,0,0,1,0,1,0,0,1,0,0
0.00358214,1,1,1,0,1,1,0,0,1,0,1,0,0,1,0,0
0.00358218,1,1,0,0,1,1,0,0,1,0,1,0,0,1,0,0
0.00358303,1,1,0,0,1,1,1,0,1,0,1,0,0,1,0,0
0.00358306,1,1,1,1,1,1,0,0,1,0,1,0,0,1,0,0
0.00358307,1,1,1,0,1,1,0,0,1,0,1,0,0,1,0,0
0.00358308,1,1,0,0,1,1,0,0,1,0,1,0,0,1,0,0
0.00358311,1,1,1,1,1,1,1,1,1,0,1,0,0,1,0,0
0.00358314,1,1,1,1,0,1,1,1,1,0,1,0,0,1,0,0
0.00358315,1,1,1,1,1,1,1,1,1,0,1,0,0,1,0,0
0.00358316,1,0,0,0,0,1,0,0,1,0,1,0,0,1,0,0
0.00358321,1,0,1,1,0,1,0,0,1,0,1,0,0,1,0,0
0.00358322,1,0,1,1,0,1,1,0,1,0,1,0,0,1,0,0
0.00358323,1,0,1,0,0,1,0,0,1,0,1,0,0,1,0,0
0.00358324,1,0,0,0,0,1,0,0,1,0,1,0,0,1,0,0
0.00358349,1,0,0,0,0,1,0,0,1,0,0,0,0,1,0,0
0.00358404,1,1,1,1,0,1,0,0,1,0,0,0,0,1,0,0
0.00358405,1,1,1,1,1,1,1,1,1,0,0,0,0,1,0,0
0.00358408,0,1,1,1,1,0,1,0,1,0,0,0,0,1,0,0
0.00358409,0,0,0,0,0,0,1,0,1,0,0,0,0,1,0,0
0.00358414,0,1,1,1,0,0,1,0,1,0,0,0,0,1,0,0
0.00358415,1,1,1,1,0,1,1,0,1,0,0,0,0,1,0,0
0.00358416,0,0,1,1,0,0,1,0,1,0,0,0,0,1,0,0
0.00358417,0,0,0,0,0,0,1,0,1,0,0,0,0,1,0,0
0.00358423,0,0,1,0,0,0,1,0,1,0,0,0,0,1,0,0
0.00358424,0,0,0,0,0,0,1,0,1,0,0,0,0,1,0,0
0.003585,0,1,1,1,0,0,1,0,1,0,0,0,0,1,0,0
0.00358501,1,1,1,1,1,0,1,1,1,0,0,0,0,1,0,0
0.00358503,1,1,1,1,1,1,1,1,1,0,0,0,0,1,0,0
0.00358507,0,0,0,0,0,0,0,1,1,0,0,0,0,1,0,0
0.00358511,1,0,1,1,0,1,0,1,1,0,0,0,0,1,0,0
0.00358512,1,1,1,1,1,1,1,1,1,0,0,0,0,1,0,0
0.00358513,1,1,1,1,0,1,1,1,1,0,0,0,0,1,0,0
0.00358514,0,0,1,1,0,1,0,1,1,0,0,0,0,1,0,0
0.00358515,0,0,0,0,0,0,0,1,1,0,0,0,0,1,0,0
0.0035852,0,0,1,0,0,1,0,1,1,0,0,0,0,1,0,0
0.00358521,0,0,0,0,0,1,0,1,1,0,0,0,0,1,0,0
0.00358522,0,0,0,0,0,0,0,1,1,0,0,0,0,1,0,0
0.00358597,0,1,1,0,0,0,0,1,1,0,0,0,0,1,0,0
0.00358598,1,1,1,1,0,0,0,1,1,0,0,0,0,1,0,0
0.00358599,1,1,1,1,0,1,1,1,1,0,0,0,0,1,0,0
0.003586,1,1,1,1,1,1,1,1,1,0,0,0,0,1,0,0
0.00358604,1,1,0,0,1,1,0,0,1,0,0,0,0,1,0,0
0.00358608,1,1,1,1,1,1,1,1,1,0,0,0,0,1,0,0
0.00358611,1,1,1,1,1,1,1,0,1,0,0,0,0,1,0,0
0.00358612,1,1,1,0,1,1,0,0,1,0,0,0,0,1,0,0
0.00358613,1,1,0,0,1,1,0,0,1,0,0,0,0,1,0,0
0.00358615,1,1,1,1,1,1,0,0,1,0,0,0,0,1,0,0
0.00358616,1,1,1,1,1,1,1,0,1,0,0,0,0,1,0,0
0.00358618,1,1,1,1,1,1,0,0,1,0,0,0,0,1,0,0
0.00358619,1,1,1,0,1,1,0,0,1,0,0,0,0,1,0,0
0.00358623,1,1,1,1,1,1,0,0,1,0,0,0,0,1,0,0
0.00358625,1,1,1,0,1,1,0,0,1,0,0,0,0,1,0,0
0.00358637,1,1,0,0,1,1,0,0,1,0,0,0,0,1,0,0
0.00358638,1,1,1,0,1,1,0,0,1,0,0,0,0,1,0,0
0.0035864,1,1,0,0,1,1,0,0,1,0,0,0,0,1,0,0
0.00358644,1,1,1,1,1,1,1,0,1,0,0,0,0,1,0,0
0.00358645,1,1,1,0,1,1,0,0,1,0,0,0,0,1,0,0
0.00358646,1,1,0,0,1,1,0,0,1,0,0,0,0,1,0,0
0.0035865,1,1,1,0,1,1,0,0,1,0,0,0,0,1,0,0
0.00358651,1,1,0,0,1,1,0,0,1,0,0,0,0,1,0,0
0.00358701,1,1,0,0,1,1,1,1,1,0,0,0,0,1,0,0
0.00358703,1,1,1,1,1,1,1,1,1,0,0,0,0,1,0,0
0.00358704,0,1,1,0,1,0,1,1,1,0,0,0,0,1,0,0
0.00358705,0,1,0,0,1,0,1,1,1,0,0,0,0,1,0,0
0.00358708,0,1,1,1,1,0,1,1,1,0,0,0,0,1,0,0
0.00358711,0,1,0,0,1,0,1,1,1,0,0,0,0,1,0,0
0.00358739,0,1,0,0,1,0,1,1,0,0,0,0,0,0,0,0
0.0035874,0,1,0,0,1,0,1,1,0,1,0,0,0,0,0,0
0.00358741,0,1,0,0,1,0,1,1,0,1,0,0,1,0,1,1
0.00358792,0,1,0,1,1,0,1,1,0,1,0,0,1,0,1,1
0.00358793,1,1,1,1,1,0,1,1,0,1,0,0,1,0,1,1
0.00358794,0,1,1,1,1,1,1,1,0,1,0,0,1,0,1,1
0.00358795,1,1,1,1,1,1,1,1,0,1,0,0,1,0,1,1
0.003588,1,1,0,0,1,1,0,0,0,1,0,0,1,0,1,1
0.00358804,1,1,1,1,1,1,1,0,0,1,0,0,1,0,1,1
0.00358805,1,1,1,1,1,1,1,1,0,1,0,0,1,0,1,1
0.00358806,1,1,1,1,1,1,0,0,0,1,0,0,1,0,1,1
0.00358807,1,1,0,0,1,1,0,0,0,1,0,0,1,0,1,1
0.00358812,1,1,1,0,1,1,0,0,0,1,0,0,1,0,1,1
0.00358814,1,1,0,0,1,1,0,0,0,1,0,0,1,0,1,1
0.00358891,1,1,1,1,1,1,0,0,0,1,0,0,1,0,1,1
0.00358892,1,1,1,1,1,1,1,1,0,1,0,0,1,0,1,1
0.00358988,1,0,1,1,0,0,1,1,0,1,0,0,1,0,1,1
0.00358989,0,0,0,0,0,0,0,0,0,1,0,0,1,0,1,1
0.00358994,0,0,1,0,0,0,0,0,0,1,0,0,1,0,1,1
0.00358995,0,0,0,0,0,0,0,0,0,1,0,0,1,0,1,1
0.00359085,0,0,1,0,0,0,1,0,0,1,0,0,1,0,1,1
0.00359086,0,0,0,0,0,0,0,0,0,1,0,0,1,0,1,1
0.00359089,1,1,0,0,1,1,0,0,0,1,0,0,1,0,1,1
0.00359091,1,1,1,1,1,1,1,1,0,1,0,0,1,0,1,1
0.00359097,0,1,0,0,1,1,0,0,0,1,0,0,1,0,1,1
0.00359101,1,1,1,0,1,1,1,0,0,1,0,0,1,0,1,1
0.00359102,1,1,1,1,1,1,1,1,0,1,0,0,1,0,1,1
0.00359103,1,1,1,1,1,1,1,0,0,1,0,0,1,0,1,1
0.00359104,0,1,0,0,1,1,0,0,0,1,0,0,1,0,1,1
0.0035913,0,1,0,0,1,1,0,0,0,1,0,0,1,0,0,0
0.00359132,0,1,0,0,1,1,0,0,0,1,0,0,1,1,0,0
0.00359183,1,1,1,1,1,1,0,0,0,1,0,0,1,1,0,0
0.00359184,1,1,1,1,1,1,1,0,0,1,0,0,1,1,0,0
0.00359185,1,1,1,1,1,1,1,1,0,1,0,0,1,1,0,0
0.0035919,1,1,1,0,1,0,0,0,0,1,0,0,1,1,0,0
0.00359194,1,1,1,1,1,0,0,0,0,1,0,0,1,1,0,0
0.00359195,1,1,1,1,1,1,1,1,0,1,0,0,1,1,0,0
0.00359196,1,1,1,0,1,0,1,0,0,1,0,0,1,1,0,0
0.00359197,1,1,1,0,1,0,0,0,0,1,0,0,1,1,0,0
0.00359281,1,1,1,1,1,0,0,0,0,1,0,0,1,1,0,0
0.00359282,1,1,1,1,1,1,1,1,0,1,0,0,1,1,0,0
0.00359287,1,1,1,1,0,0,0,0,0,1,0,0,1,1,0,0
0.00359288,1,1,0,1,0,0,0,0,0,1,0,0,1,1,0,0
0.00359292,1,1,1,1,0,0,0,0,0,1,0,0,1,1,0,0
0.00359293,1,1,1,1,0,1,1,0,0,1,0,0,1,1,0,0
0.00359294,1,1,0,1,0,0,0,0,0,1,0,0,1,1,0,0
0.00359379,1,1,1,1,0,0,0,0,0,1,0,0,1,1,0,0
0.0035938,1,1,1,1,0,1,1,0,0,1,0,0,1,1,0,0
0.00359381,1,1,1,1,1,1,1,1,0,1,0,0,1,1,0,0
0.00359481,0,0,0,1,1,0,1,0,0,1,0,0,1,1,0,0
0.00359484,1,1,1,1,1,1,1,1,0,1,0,0,1,1,0,0
0.00359488,0,1,1,1,1,1,1,1,0,1,0,0,1,1,0,0
0.00359489,0,1,1,0,0,1,1,1,0,1,0,0,1,1,0,0
0.0035949,0,1,1,0,0,1,0,1,0,1,0,0,1,1,0,0
0.00359521,0,1,1,0,0,1,0,1,0,1,0,0,0,1,0,0
0.00359522,0,1,1,0,0,1,0,1,0,1,1,0,0,1,0,1
0.00359574,0,1,1,1,0,1,0,1,0,1,1,0,0,1,0,1
0.00359575,0,1,1,0,0,1,0,1,0,1,1,0,0,1,0,1
0.00359576,1,1,1,1,1,1,1,1,0,1,1,0,0,1,0,1
0.0035958,1,0,0,0,0,0,1,0,0,1,1,0,0,1,0,1
0.00359581,0,0,0,0,0,0,1,0,0,1,1,0,0,1,0,1
0.00359584,0,0,0,0,0,1,1,0,0,1,1,0,0,1,0,1
0.00359585,0,0,1,0,0,1,1,0,0,1,1,0,0,1,0,1
0.00359586,1,1,1,1,0,1,1,0,0,1,1,0,0,1,0,1
0.00359587,1,1,1,1,0,1,1,1,0,1,1,0,0,1,0,1
0.00359588,1,1,1,1,0,1,1,0,0,1,1,0,0,1,0,1
0.00359589,0,0,1,0,0,0,1,0,0,1,1,0,0,1,0,1
0.0035959,0,0,0,0,0,0,1,0,0,1,1,0,0,1,0,1
0.00359593,0,0,1,0,0,0,1,0,0,1,1,0,0,1,0,1
0.00359594,0,0,1,0,0,1,1,0,0,1,1,0,0,1,0,1
0.00359597,0,0,1,0,0,0,1,0,0,1,1,0,0,1,0,1
0.00359598,0,0,0,0,0,0,1,0,0,1,1,0,0,1,0,1
0.003596,0,0,1,0,0,0,1,0,0,1,1,0,0,1,0,1
0.00359607,0,0,0,0,0,0,1,0,0,1,1,0,0,1,0,1
0.00359608,0,0,1,0,0,0,1,0,0,1,1,0,0,1,0,1
0.00359614,0,0,0,0,0,0,1,0,0,1,1,0,0,1,0,1
0.00359616,0,0,1,0,0,0,1,0,0,1,1,0,0,1,0,1
0.00359617,0,0,0,0,0,0,1,0,0,1,1,0,0,1,0,1
0.00359619,0,0,1,0,0,0,1,0,0,1,1,0,0,1,0,1
0.00359622,0,0,0,0,0,0,1,0,0,1,1,0,0,1,0,1
0.00359626,0,0,1,0,0,0,1,0,0,1,1,0,0,1,0,1
0.00359629,0,0,0,0,0,0,1,0,0,1,1,0,0,1,0,1
0.00359635,0,0,1,0,0,0,1,0,0,1,1,0,0,1,0,1
0.00359637,0,0,0,0,0,0,1,0,0,1,1,0,0,1,0,1
0.00359667,0,0,1,0,0,0,1,0,0,1,1,0,0,1,0,1
0.00359669,0,0,0,0,0,0,1,0,0,1,1,0,0,1,0,1
0.00359671,0,0,1,0,0,0,1,0,0,1,1,0,0,1,0,1
0.00359672,1,1,1,1,0,0,1,0,0,1,1,0,0,1,0,1
0.00359673,1,1,1,1,1,1,1,1,0,1,1,0,0,1,0,1
0.00359678,1,1,1,1,1,1,0,1,0,1,1,0,0,1,0,1
0.00359679,0,0,0,0,0,0,0,1,0,1,1,0,0,1,0,1
0.00359682,0,0,1,0,0,1,0,1,0,1,1,0,0,1,0,1
0.00359683,1,1,1,1,0,1,0,1,0,1,1,0,0,1,0,1
0.00359687,0,1,1,1,0,1,0,1,0,1,1,0,0,1,0,1
0.00359688,0,0,0,0,0,0,0,1,0,1,1,0,0,1,0,1
0.0035969,0,0,1,0,0,0,0,1,0,1,1,0,0,1,0,1
0.00359691,1,1,1,1,0,1,0,1,0,1,1,0,0,1,0,1
0.00359693,0,1,1,1,0,1,0,1,0,1,1,0,0,1,0,1
0.00359695,0,1,1,1,0,0,0,1,0,1,1,0,0,1,0,1
0.00359696,0,0,1,0,0,0,0,1,0,1,1,0,0,1,0,1
0.00359702,0,1,1,1,0,1,0,1,0,1,1,0,0,1,0,1
0.00359703,0,0,1,0,0,0,0,1,0,1,1,0,0,1,0,1
0.00359717,0,0,1,1,0,0,0,1,0,1,1,0,0,1,0,1
0.00359718,0,0,1,0,0,0,0,1,0,1,1,0,0,1,0,1
0.00359757,0,0,0,0,0,0,0,1,0,1,1,0,0,1,0,1
0.00359758,0,0,1,0,0,0,0,1,0,1,1,0,0,1,0,1
0.00359765,0,0,0,0,0,0,0,1,0,1,1,0,0,1,0,1
0.00359767,0,0,1,0,0,0,0,1,0,1,1,0,0,1,0,1
0.00359769,1,1,1,1,0,0,0,1,0,1,1,0,0,1,0,1
0.00359771,1,1,1,1,1,1,1,1,0,1,1,0,0,1,0,1
0.00359775,1,1,1,1,1,1,1,0,0,1,1,0,0,1,0,1
0.00359776,0,1,1,1,0,1,0,0,0,1,1,0,0,1,0,1
0.00359779,1,1,1,1,0,1,0,0,0,1,1,0,0,1,0,1
0.0035978,1,1,1,1,1,1,1,1,0,1,1,0,0,1,0,1
0.00359781,1,1,1,1,0,1,1,1,0,1,1,0,0,1,0,1
0.00359782,0,1,1,1,0,1,0,0,0,1,1,0,0,1,0,1
0.00359788,1,1,1,1,0,1,0,0,0,1,1,0,0,1,0,1
0.00359789,0,1,1,1,0,1,0,0,0,1,1,0,0,1,0,1
0.00359867,1,1,1,1,0,1,1,0,0,1,1,0,0,1,0,1
0.00359868,1,1,1,1,1,1,1,1,0,1,1,0,0,1,0,1
0.0035997,0,1,1,1,0,1,0,0,0,1,1,0,0,1,0,1
0.00359974,1,1,1,1,0,1,1,0,0,1,1,0,0,1,0,1
0.00359975,1,1,1,1,0,1,1,1,0,1,1,0,0,1,0,1
0.00359976,0,1,1,1,0,1,0,0,0,1,1,0,0,1,0,1
0.00360073,1,1,1,1,1,1,1,1,0,1,1,0,0,1,0,1
0.00360074,0,0,1,0,1,0,0,1,0,1,1,0,0,1,0,1
0.00360075,0,0,1,0,1,0,0,0,0,1,1,0,0,1,0,1
0.00360079,1,0,1,0,1,0,1,0,0,1,1,0,0,1,0,1
0.0036008,0,0,1,0,1,0,1,0,0,1,1,0,0,1,0,1
0.00360081,0,0,1,0,1,0,0,0,0,1,1,0,0,1,0,1
0.00360106,0,0,1,0,1,0,0,0,0,0,1,0,0,0,0,0
0.00360108,0,0,1,0,1,0,0,0,0,0,1,0,1,0,0,0
0.00360114,0,0,1,0,1,0,0,0,0,0,0,0,0,0,0,0
0.00360115,0,0,1,0,1,0,0,0,0,0,1,0,1,0,0,0
0.00360159,1,0,1,0,1,0,0,0,0,0,1,0,1,0,0,0
0.0036016,1,1,1,1,1,0,0,0,0,0,1,0,1,0,0,0
0.00360161,1,0,1,0,1,1,1,1,0,0,1,0,1,0,0,0
0.00360162,1,1,1,1,1,1,1,1,0,0,1,0,1,0,0,0
0.00360265,0,0,0,0,0,0,0,1,0,0,1,0,1,0,0,0
0.00360271,1,0,1,1,0,0,0,1,0,0,1,0,1,0,0,0
0.00360272,1,1,1,1,0,0,0,1,0,0,1,0,1,0,0,0
0.00360273,1,0,1,1,0,0,0,1,0,0,1,0,1,0,0,0
0.00360274,0,0,0,0,0,0,0,1,0,0,1,0,1,0,0,0
0.00360354,1,0,1,0,0,0,0,1,0,0,1,0,1,0,0,0
0.00360355,1,1,1,1,0,0,0,1,0,0,1,0,1,0,0,0
0.00360357,1,1,1,1,1,1,1,1,0,0,1,0,1,0,0,0
0.00360361,1,1,1,1,1,1,1,0,0,0,1,0,1,0,0,0
0.00360362,1,1,0,0,1,0,0,0,0,0,1,0,1,0,0,0
0.00360366,1,1,1,1,1,1,1,0,0,0,1,0,1,0,0,0
0.00360369,1,1,1,0,1,0,0,0,0,0,1,0,1,0,0,0
0.0036037,1,1,0,0,1,0,0,0,0,0,1,0,1,0,0,0
0.00360373,1,1,1,0,1,0,0,0,0,0,1,0,1,0,0,0
0.00360377,1,1,0,0,1,0,0,0,0,0,1,0,1,0,0,0
0.00360399,1,1,0,0,1,0,0,0,0,0,0,0,1,0,0,0
0.003604,1,1,0,0,1,0,0,0,1,1,0,0,1,0,0,0
0.00360405,1,1,1,0,1,0,0,0,1,1,0,0,1,0,0,0
0.00360406,1,1,0,0,1,0,0,0,1,1,0,0,1,0,0,0
0.00360407,1,1,0,0,1,0,0,0,0,1,0,0,1,0,0,0
0.00360408,1,1,0,0,1,0,0,0,1,1,0,0,1,0,0,0
0.00360413,1,1,1,0,1,0,0,0,1,1,0,0,1,0,0,0
0.00360414,1,1,0,0,1,0,0,0,1,1,0,0,1,0,0,0
0.00360452,1,1,1,1,1,0,0,0,1,1,0,0,1,0,0,0
0.00360454,1,1,1,1,1,1,1,1,1,1,0,0,1,0,0,0
0.00360455,1,1,0,1,1,1,1,1,1,1,0,0,1,0,0,0
0.00360456,1,1,1,1,1,1,1,1,1,1,0,0,1,0,0,0
0.0036046,1,0,0,0,1,1,1,0,1,1,0,0,1,0,0,0
0.00360464,1,1,1,1,1,1,1,0,1,1,0,0,1,0,0,0
0.00360466,1,0,1,1,1,1,1,0,1,1,0,0,1,0,0,0
0.00360467,1,0,0,0,1,1,1,0,1,1,0,0,1,0,0,0
0.00360472,1,0,1,0,1,1,1,0,1,1,0,0,1,0,0,0
0.00360474,1,0,0,0,1,1,1,0,1,1,0,0,1,0,0,0
0.0036055,1,1,1,0,1,1,1,0,1,1,0,0,1,0,0,0
0.00360551,1,1,1,1,1,1,1,0,1,1,0,0,1,0,0,0
0.00360552,1,1,1,1,1,1,1,1,1,1,0,0,1,0,0,0
0.00360553,1,1,1,1,1,1,1,0,1,1,0,0,1,0,0,0
0.00360555,1,1,1,1,1,1,1,1,1,1,0,0,1,0,0,0
0.00360557,0,1,0,0,1,0,0,0,1,1,0,0,1,0,0,0
0.00360561,0,1,1,1,1,0,0,0,1,1,0,0,1,0,0,0
0.00360562,1,1,1,1,1,0,0,0,1,1,0,0,1,0,0,0
0.00360563,0,1,1,1,1,0,0,0,1,1,0,0,1,0,0,0
0.00360564,0,1,1,0,1,0,0,0,1,1,0,0,1,0,0,0
0.00360565,0,1,0,0,1,0,0,0,1,1,0,0,1,0,0,0
0.00360595,0,1,0,0,1,0,0,0,0,1,0,0,1,0,0,0
0.00360602,0,1,0,0,1,0,0,0,0,0,0,0,0,0,0,0
0.00360603,0,1,0,0,1,0,0,0,0,1,0,0,1,0,0,0
0.0036065,1,1,1,1,1,1,1,1,0,1,0,0,1,0,0,0
0.00360655,1,1,0,0,1,1,0,0,0,1,0,0,1,0,0,0
0.00360659,1,1,1,1,1,1,0,0,0,1,0,0,1,0,0,0
0.0036066,1,1,1,1,1,1,1,0,0,1,0,0,1,0,0,0
0.00360661,1,1,0,0,1,1,0,0,0,1,0,0,1,0,0,0
0.00360745,1,1,1,1,1,1,0,0,0,1,0,0,1,0,0,0
0.00360746,1,1,1,1,1,1,1,0,0,1,0,0,1,0,0,0
0.00360747,1,1,1,1,1,1,1,1,0,1,0,0,1,0,0,0
0.00360748,1,1,1,0,1,1,1,1,0,1,0,0,1,0,0,0
0.00360749,1,1,1,1,1,1,1,1,0,1,0,0,1,0,0,0
0.00360752,1,0,0,0,1,0,0,0,0,1,0,0,1,0,0,0
0.00360756,1,0,1,1,1,0,0,0,0,1,0,0,1,0,0,0
0.00360757,1,0,1,1,1,0,1,0,0,1,0,0,1,0,0,0
0.00360758,1,1,1,1,1,1,1,1,0,1,0,0,1,0,0,0
0.00360759,1,0,1,1,1,0,1,0,0,1,0,0,1,0,0,0
0.0036076,1,0,1,1,1,0,0,0,0,1,0,0,1,0,0,0
0.00360761,1,0,0,0,1,0,0,0,0,1,0,0,1,0,0,0
0.00360764,1,0,1,0,1,0,0,0,0,1,0,0,1,0,0,0
0.00360765,1,0,1,1,1,0,0,0,0,1,0,0,1,0,0,0
0.00360767,1,0,1,0,1,0,0,0,0,1,0,0,1,0,0,0
0.00360769,1,0,0,0,1,0,0,0,0,1,0,0,1,0,0,0
0.00360772,1,0,1,0,1,0,0,0,0,1,0,0,1,0,0,0
0.00360776,1,0,0,0,1,0,0,0,0,1,0,0,1,0,0,0
0.0036079,1,0,0,0,1,0,0,0,0,0,0,0,1,0,0,0
0.00360791,1,0,0,0,1,0,0,0,1,0,0,0,1,0,0,0
0.00360797,1,0,1,0,1,0,0,0,0,0,0,0,0,0,0,0
0.00360798,1,0,0,0,1,0,0,0,1,0,0,0,1,0,0,0
0.00360842,1,1,1,0,1,0,0,0,1,0,0,0,1,0,0,0
0.00360843,1,1,1,1,1,0,0,0,1,0,0,0,1,0,0,0
0.00360845,1,1,1,1,1,1,1,1,1,0,0,0,1,0,0,0
0.0036085,0,1,1,1,1,1,1,0,1,0,0,0,1,0,0,0
0.00360851,0,0,1,1,1,0,1,0,1,0,0,0,1,0,0,0
0.00360855,1,1,1,1,1,1,1,0,1,0,0,0,1,0,0,0
0.00360856,0,1,1,1,1,1,1,0,1,0,0,0,1,0,0,0
0.00360857,0,0,1,1,1,0,1,0,1,0,0,0,1,0,0,0
0.0036094,0,1,1,1,1,0,1,0,1,0,0,0,1,0,0,0
0.00360941,1,1,1,1,1,0,1,0,1,0,0,0,1,0,0,0
0.00360943,1,1,1,1,1,1,1,1,1,0,0,0,1,0,0,0
0.00360947,1,1,1,0,0,1,0,1,1,0,0,0,1,0,0,0
0.00360948,0,1,1,0,0,1,0,0,1,0,0,0,1,0,0,0
0.00360951,1,1,1,0,0,1,0,0,1,0,0,0,1,0,0,0
0.00360952,1,1,1,1,0,1,0,0,1,0,0,0,1,0,0,0
0.00360953,1,1,1,1,0,1,1,1,1,0,0,0,1,0,0,0
0.00360954,0,1,1,0,0,1,0,0,1,0,0,0,1,0,0,0
0.00360985,0,1,1,0,0,1,0,0,0,0,0,0,0,0,0,0
0.00360986,0,1,1,0,0,1,0,0,0,1,1,0,0,1,0,0
0.00361038,1,1,1,1,0,1,0,0,0,1,1,0,0,1,0,0
0.0036104,1,1,1,1,1,1,1,1,0,1,1,0,0,1,0,0
0.00361046,0,0,0,0,0,0,1,0,0,1,1,0,0,1,0,0
0.0036105,1,1,0,1,0,0,1,0,0,1,1,0,0,1,0,0
0.00361051,1,1,1,1,0,0,1,0,0,1,1,0,0,1,0,0
0.00361052,1,1,1,1,0,1,1,0,0,1,1,0,0,1,0,0
0.00361053,1,1,1,1,0,0,1,0,0,1,1,0,0,1,0,0
0.00361054,1,0,1,1,0,0,1,0,0,1,1,0,0,1,0,0
0.00361055,0,0,0,0,0,0,1,0,0,1,1,0,0,1,0,0
0.00361058,1,0,0,1,0,0,1,0,0,1,1,0,0,1,0,0
0.00361059,1,0,1,1,0,0,1,0,0,1,1,0,0,1,0,0
0.00361062,1,0,0,1,0,0,1,0,0,1,1,0,0,1,0,0
0.00361063,0,0,0,1,0,0,1,0,0,1,1,0,0,1,0,0
0.00361067,1,0,0,1,0,0,1,0,0,1,1,0,0,1,0,0
0.0036107,0,0,0,1,0,0,1,0,0,1,1,0,0,1,0,0
0.00361099,0,0,0,0,0,0,1,0,0,1,1,0,0,1,0,0
0.003611,0,0,0,1,0,0,1,0,0,1,1,0,0,1,0,0
0.00361103,0,0,0,0,0,0,1,0,0,1,1,0,0,1,0,0
0.00361104,0,0,0,1,0,0,1,0,0,1,1,0,0,1,0,0
0.00361107,0,0,0,0,0,0,1,0,0,1,1,0,0,1,0,0
0.00361136,1,1,1,1,0,0,1,0,0,1,1,0,0,1,0,0
0.00361137,1,1,1,1,1,1,1,1,0,1,1,0,0,1,0,0
0.00361143,0,0,0,0,0,0,0,1,0,1,1,0,0,1,0,0
0.00361147,1,1,1,1,0,1,0,1,0,1,1,0,0,1,0,0
0.00361151,1,1,1,1,0,0,0,1,0,1,1,0,0,1,0,0
0.00361152,0,0,0,0,0,0,0,1,0,1,1,0,0,1,0,0
0.00361155,1,1,1,1,0,0,0,1,0,1,1,0,0,1,0,0
0.0036116,0,0,1,1,0,0,0,1,0,1,1,0,0,1,0,0
0.00361161,0,0,1,0,0,0,0,1,0,1,1,0,0,1,0,0
0.00361162,0,0,1,1,0,0,0,1,0,1,1,0,0,1,0,0
0.00361164,1,0,1,1,0,0,0,1,0,1,1,0,0,1,0,0
0.00361166,0,0,1,1,0,0,0,1,0,1,1,0,0,1,0,0
0.00361176,0,0,1,0,0,0,0,1,0,1,1,0,0,1,0,0
0.00361177,0,0,1,1,0,0,0,1,0,1,1,0,0,1,0,0
0.0036118,0,0,1,0,0,0,0,1,0,1,1,0,0,1,0,0
0.00361181,0,0,1,1,0,0,0,1,0,1,1,0,0,1,0,0
0.00361184,0,0,1,0,0,0,0,1,0,1,1,0,0,1,0,0
0.00361186,0,0,1,1,0,0,0,1,0,1,1,0,0,1,0,0
0.00361188,0,0,1,0,0,0,0,1,0,1,1,0,0,1,0,0
0.00361194,0,0,1,1,0,0,0,1,0,1,1,0,0,1,0,0
0.00361195,0,0,1,0,0,0,0,1,0,1,1,0,0,1,0,0
0.00361213,0,0,0,0,0,0,0,1,0,1,1,0,0,1,0,0
0.00361214,0,0,1,0,0,0,0,1,0,1,1,0,0,1,0,0
0.00361215,0,0,0,0,0,0,0,1,0,1,1,0,0,1,0,0
0.00361221,0,0,1,0,0,0,0,1,0,1,1,0,0,1,0,0
0.00361222,0,0,0,0,0,0,0,1,0,1,1,0,0,1,0,0
0.00361227,0,0,1,0,0,0,0,1,0,1,1,0,0,1,0,0
0.00361228,0,0,0,0,0,0,0,1,0,1,1,0,0,1,0,0
0.00361233,1,1,0,0,1,1,0,1,0,1,1,0,0,1,0,0
0.00361234,1,0,0,0,1,1,1,1,0,1,1,0,0,1,0,0
0.00361235,1,1,1,1,1,1,1,0,0,1,1,0,0,1,0,0
0.00361237,1,0,0,0,1,1,1,0,0,1,1,0,0,1,0,0
0.00361241,1,0,1,1,1,1,1,0,0,1,1,0,0,1,0,0
0.00361242,1,1,1,1,1,1,1,0,0,1,1,0,0,1,0,0
0.00361243,1,0,1,1,1,1,1,0,0,1,1,0,0,1,0,0
0.00361244,1,0,1,0,1,1,1,0,0,1,1,0,0,1,0,0
0.00361245,1,0,0,0,1,1,1,0,0,1,1,0,0,1,0,0
0.00361337,1,1,1,1,1,1,1,0,0,1,1,0,0,1,0,0
0.00361338,1,1,1,1,1,1,1,1,0,1,1,0,0,1,0,0
0.00361343,1,0,0,0,0,1,0,0,0,1,1,0,0,1,0,0
0.00361346,1,0,1,0,0,1,0,0,0,1,1,0,0,1,0,0
0.00361347,1,1,1,1,0,1,1,0,0,1,1,0,0,1,0,0
0.00361349,1,1,1,1,0,1,1,1,0,1,1,0,0,1,0,0
0.0036135,1,1,1,1,0,1,1,0,0,1,1,0,0,1,0,0
0.00361351,1,0,1,1,0,1,0,0,0,1,1,0,0,1,0,0
0.00361352,1,0,0,0,0,1,0,0,0,1,1,0,0,1,0,0
0.00361354,1,0,1,0,0,1,0,0,0,1,1,0,0,1,0,0
0.00361355,1,1,1,1,0,1,0,0,0,1,1,0,0,1,0,0
0.00361358,1,0,1,1,0,1,0,0,0,1,1,0,0,1,0,0
0.0036136,1,0,1,0,0,1,0,0,0,1,1,0,0,1,0,0
0.00361362,1,0,1,1,0,1,0,0,0,1,1,0,0,1,0,0
0.0036137,1,0,1,0,0,1,0,0,0,1,1,0,0,1,0,0
0.00361371,1,0,1,1,0,1,0,0,0,1,1,0,0,1,0,0
0.00361376,1,0,1,1,0,1,0,0,0,0,0,0,0,1,0,0
0.00361377,1,0,1,1,0,1,0,0,1,0,0,0,0,1,0,0
0.00361378,1,0,1,0,0,1,0,0,1,0,0,0,0,1,0,0
0.00361379,1,0,0,0,0,1,0,0,1,0,0,0,0,1,0,0
0.0036138,1,0,1,0,0,1,0,0,1,0,0,0,0,1,0,0
0.00361381,1,0,1,1,0,1,0,0,1,0,0,0,0,1,0,0
0.00361383,1,0,1,1,0,1,0,0,0,0,0,0,0,0,0,0
0.00361384,1,0,0,0,1,1,1,0,1,0,0,0,0,1,0,0
0.00361385,1,0,0,0,1,1,1,0,1,0,0,0,1,1,1,0
0.00361386,1,1,1,1,1,1,1,1,1,0,0,0,1,1,1,0
0.00361387,1,1,1,1,0,1,1,1,1,0,0,0,0,1,0,0
0.00361388,1,0,0,0,0,1,0,0,1,0,0,0,0,1,0,0
0.00361392,1,1,1,1,0,1,0,0,1,0,0,0,0,1,0,0
0.00361393,1,1,1,1,0,1,1,0,1,0,0,0,0,1,0,0
0.00361396,1,0,0,0,0,1,0,0,1,0,0,0,0,1,0,0
0.003614,1,0,1,1,0,1,0,0,1,0,0,0,0,1,0,0
0.00361403,1,0,1,0,0,1,0,0,1,0,0,0,0,1,0,0
0.00361405,1,0,0,0,0,1,0,0,1,0,0,0,0,1,0,0
0.00361408,1,0,1,0,0,1,0,0,1,0,0,0,0,1,0,0
0.00361412,1,0,0,0,0,1,0,0,1,0,0,0,0,1,0,0
0.00361417,1,0,1,0,0,1,0,0,1,0,0,0,0,1,0,0
0.00361418,1,0,0,0,0,1,0,0,1,0,0,0,0,1,0,0
0.0036142,1,0,1,0,0,1,0,0,1,0,0,0,0,1,0,0
0.00361421,1,0,0,0,0,1,0,0,1,0,0,0,0,1,0,0
0.00361426,1,0,1,0,0,1,0,0,1,0,0,0,0,1,0,0
0.00361427,1,0,0,0,0,1,0,0,1,0,0,0,0,1,0,0
0.00361431,1,1,1,1,0,1,1,1,1,0,0,0,0,1,0,0
0.00361433,1,1,1,1,1,1,1,1,1,0,0,0,0,1,0,0
0.00361435,0,0,1,1,1,0,1,0,1,0,0,0,0,1,0,0
0.00361436,0,0,0,0,0,0,1,0,1,0,0,0,0,1,0,0
0.0036144,0,0,1,1,0,0,1,0,1,0,0,0,0,1,0,0
0.00361441,0,1,1,1,1,0,1,1,1,0,0,0,0,1,0,0
0.00361442,0,1,1,1,0,0,1,1,1,0,0,0,0,1,0,0
0.00361443,0,0,1,1,0,0,1,0,1,0,0,0,0,1,0,0
0.00361444,0,0,0,0,0,0,1,0,1,0,0,0,0,1,0,0
0.00361448,0,0,1,1,0,0,1,0,1,0,0,0,0,1,0,0
0.00361451,0,0,1,0,0,0,1,0,1,0,0,0,0,1,0,0
0.00361452,0,0,0,0,0,0,1,0,1,0,0,0,0,1,0,0
0.00361458,0,0,1,0,0,0,1,0,1,0,0,0,0,1,0,0
0.00361459,0,0,0,0,0,0,1,0,1,0,0,0,0,1,0,0
0.00361526,0,0,1,0,0,0,1,0,1,0,0,0,0,1,0,0
0.00361527,1,1,1,1,0,0,1,0,1,0,0,0,0,1,0,0
0.00361528,1,1,1,1,1,1,1,1,1,0,0,0,0,1,0,0
0.00361533,1,1,1,1,0,1,0,1,1,0,0,0,0,1,0,0
0.00361534,0,0,0,0,0,0,0,1,1,0,0,0,0,1,0,0
0.00361537,0,0,1,0,0,0,0,1,1,0,0,0,0,1,0,0
0.00361538,1,1,1,1,0,1,0,1,1,0,0,0,0,1,0,0
0.00361539,1,1,1,1,1,1,0,1,1,0,0,0,0,1,0,0
0.0036154,1,1,1,1,0,1,0,1,1,0,0,0,0,1,0,0
0.00361542,0,0,1,1,0,0,0,1,1,0,0,0,0,1,0,0
0.00361543,0,0,0,0,0,0,0,1,1,0,0,0,0,1,0,0
0.00361546,0,0,1,1,0,0,0,1,1,0,0,0,0,1,0,0
0.0036155,0,0,1,0,0,0,0,1,1,0,0,0,0,1,0,0
0.0036156,0,0,0,0,0,0,0,1,1,0,0,0,0,1,0,0
0.00361561,0,0,1,0,0,0,0,1,1,0,0,0,0,1,0,0
0.0036157,0,0,0,0,0,0,0,1,1,0,0,0,0,1,0,0
0.00361571,0,0,1,0,0,0,0,1,1,0,0,0,0,1,0,0
0.00361577,0,0,0,0,0,0,0,1,1,0,0,0,0,1,0,0
0.00361578,0,0,1,0,0,0,0,1,1,0,0,0,0,1,0,0
0.00361581,0,0,0,0,0,0,0,1,1,0,0,0,0,1,0,0
0.00361589,0,0,1,0,0,0,0,1,1,0,0,0,0,1,0,0
0.0036159,0,0,0,0,0,0,0,1,1,0,0,0,0,1,0,0
0.00361624,1,1,1,1,0,0,0,1,1,0,0,0,0,1,0,0
0.00361626,1,1,1,1,1,1,1,1,1,0,0,0,0,1,0,0
0.00361631,1,0,0,0,1,1,1,0,1,0,0,0,0,1,0,0
0.00361635,1,1,1,1,1,1,1,1,1,0,0,0,0,1,0,0
0.00361638,1,0,1,0,1,1,1,0,1,0,0,0,0,1,0,0
0.00361639,1,0,0,0,1,1,1,0,1,0,0,0,0,1,0,0
0.00361642,1,0,1,0,1,1,1,0,1,0,0,0,0,1,0,0
0.00361643,1,1,1,1,1,1,1,0,1,0,0,0,0,1,0,0
0.00361644,1,0,1,1,1,1,1,0,1,0,0,0,0,1,0,0
0.00361645,1,0,1,0,1,1,1,0,1,0,0,0,0,1,0,0
0.00361646,1,0,0,0,1,1,1,0,1,0,0,0,0,1,0,0
0.00361648,1,0,1,0,1,1,1,0,1,0,0,0,0,1,0,0
0.00361656,1,0,0,0,1,1,1,0,1,0,0,0,0,1,0,0
0.00361657,1,0,1,0,1,1,1,0,1,0,0,0,0,1,0,0
0.00361663,1,0,0,0,1,1,1,0,1,0,0,0,0,1,0,0
0.00361666,1,0,1,0,1,1,1,0,1,0,0,0,0,1,0,0
0.00361667,1,0,0,0,1,1,1,0,1,0,0,0,0,1,0,0
0.0036167,1,0,1,0,1,1,1,0,1,0,0,0,0,1,0,0
0.00361672,1,0,0,0,1,1,1,0,1,0,0,0,0,1,0,0
0.00361727,1,0,0,0,1,1,1,1,1,0,0,0,0,1,0,0
0.00361728,1,1,0,0,1,1,1,1,1,0,0,0,0,1,0,0
0.00361729,1,1,1,1,1,1,1,1,1,0,0,0,0,1,0,0
0.0036173,0,1,1,1,1,0,1,1,1,0,0,0,0,1,0,0
0.00361731,0,1,0,0,1,0,1,1,1,0,0,0,0,1,0,0
0.00361735,0,1,1,1,1,0,1,1,1,0,0,0,0,1,0,0
0.00361737,0,1,1,0,1,0,1,1,1,0,0,0,0,1,0,0
0.00361738,0,1,0,0,1,0,1,1,1,0,0,0,0,1,0,0
0.00361743,0,1,1,0,1,0,1,1,1,0,0,0,0,1,0,0
0.00361744,0,1,0,0,1,0,1,1,1,0,0,0,0,1,0,0
0.00361766,0,1,0,0,1,0,1,1,0,1,0,0,0,0,0,0
0.00361767,0,1,0,0,1,0,1,1,0,1,0,0,0,0,0,1
0.00361768,0,1,0,0,1,0,1,1,0,1,0,0,1,0,1,1
0.00361821,0,1,1,1,1,0,1,1,0,1,0,0,1,0,1,1
0.00361822,1,1,1,1,1,1,1,1,0,1,0,0,1,0,1,1
0.00361827,1,0,0,0,1,1,1,0,0,1,0,0,1,0,1,1
0.00361831,1,1,1,1,1,1,1,0,0,1,0,0,1,0,1,1
0.00361833,1,0,1,1,1,1,1,0,0,1,0,0,1,0,1,1
0.00361834,1,0,0,0,1,1,1,0,0,1,0,0,1,0,1,1
0.00361839,1,0,1,0,1,1,1,0,0,1,0,0,1,0,1,1
0.0036184,1,0,0,0,1,1,1,0,0,1,0,0,1,0,1,1
0.00361918,1,1,1,1,1,1,1,0,0,1,0,0,1,0,1,1
0.00361919,1,1,1,1,1,1,1,1,0,1,0,0,1,0,1,1
0.00362015,1,0,0,0,0,0,0,0,0,1,0,0,1,0,1,1
0.00362016,0,0,0,0,0,0,0,0,0,1,0,0,1,0,1,1
0.00362021,0,0,1,0,0,0,0,0,0,1,0,0,1,0,1,1
0.00362022,0,0,0,0,0,0,0,0,0,1,0,0,1,0,1,1
0.00362111,0,0,1,0,0,0,0,0,0,1,0,0,1,0,1,1
0.00362113,0,0,0,0,0,0,0,0,0,1,0,0,1,0,1,1
0.00362115,0,0,0,0,1,1,0,0,0,1,0,0,1,0,1,1
0.00362116,1,0,0,0,1,1,1,0,0,1,0,0,1,0,1,1
0.00362118,1,1,1,1,1,1,1,1,0,1,0,0,1,0,1,1
0.00362119,1,1,1,1,1,1,1,0,0,1,0,0,1,0,1,1
0.0036212,1,1,1,0,1,1,1,0,0,1,0,0,1,0,1,1
0.00362123,1,1,1,1,1,1,1,0,0,1,0,0,1,0,1,1
0.00362124,0,1,1,0,1,1,0,0,0,1,0,0,1,0,1,1
0.00362125,0,1,0,0,1,1,0,0,0,1,0,0,1,0,1,1
0.00362129,0,1,1,0,1,1,0,0,0,1,0,0,1,0,1,1
0.00362131,0,1,0,0,1,1,0,0,0,1,0,0,1,0,1,1
0.00362157,0,1,0,0,1,1,0,0,0,1,0,0,1,0,0,0
0.00362158,0,1,0,0,1,1,0,0,0,1,0,0,1,1,0,0
0.00362212,1,1,1,1,1,1,0,0,0,1,0,0,1,1,0,0
0.00362213,1,1,1,1,1,1,1,1,0,1,0,0,1,1,0,0
0.00362217,1,1,1,1,1,0,0,0,0,1,0,0,1,1,0,0
0.00362218,0,1,0,1,1,0,0,0,0,1,0,0,1,1,0,0
0.00362222,1,1,1,1,1,0,0,0,0,1,0,0,1,1,0,0
0.00362223,1,1,1,1,1,0,1,0,0,1,0,0,1,1,0,0
0.00362224,0,1,1,1,1,0,0,0,0,1,0,0,1,1,0,0
0.00362225,0,1,0,1,1,0,0,0,0,1,0,0,1,1,0,0
0.00362307,1,1,0,1,1,0,0,0,0,1,0,0,1,1,0,0
0.00362308,1,1,1,1,1,0,0,0,0,1,0,0,1,1,0,0
0.00362309,1,1,1,1,1,1,1,1,0,1,0,0,1,1,0,0
0.00362314,1,1,0,1,0,0,0,0,0,1,0,0,1,1,0,0
0.00362318,1,1,1,1,0,0,0,0,0,1,0,0,1,1,0,0
0.00362319,1,1,1,1,0,1,1,0,0,1,0,0,1,1,0,0
0.00362321,1,1,1,1,0,0,0,0,0,1,0,0,1,1,0,0
0.00362322,1,1,0,1,0,0,0,0,0,1,0,0,1,1,0,0
0.00362326,1,1,1,1,0,0,0,0,0,1,0,0,1,1,0,0
0.00362328,1,1,0,1,0,0,0,0,0,1,0,0,1,1,0,0
0.00362406,1,1,1,1,0,0,0,0,0,1,0,0,1,1,0,0
0.00362407,1,1,1,1,1,1,1,1,0,1,0,0,1,1,0,0
0.00362508,0,0,0,1,1,0,1,0,0,1,0,0,1,1,0,0
0.00362511,0,1,1,1,1,1,1,1,0,1,0,0,1,1,0,0
0.00362512,1,1,1,1,1,1,1,1,0,1,0,0,1,1,0,0
0.00362516,1,1,1,0,0,1,0,1,0,1,0,0,1,1,0,0
0.00362517,0,1,1,0,0,1,0,1,0,1,0,0,1,1,0,0
0.00362521,1,1,1,0,0,1,0,1,0,1,0,0,1,1,0,0
0.00362523,0,1,1,0,0,1,0,1,0,1,0,0,1,1,0,0
0.00362547,0,1,1,0,0,1,0,1,0,1,0,0,0,1,0,0
0.00362548,0,1,1,0,0,1,0,1,0,1,1,0,0,1,0,1
0.00362555,0,1,1,0,0,1,0,1,0,1,1,0,0,1,0,0
0.00362556,0,1,1,0,0,1,0,1,0,1,1,0,0,1,0,1
0.00362602,1,1,1,1,1,1,0,1,0,1,1,0,0,1,0,1
0.00362603,1,1,1,1,1,1,1,1,0,1,1,0,0,1,0,1
0.00362607,0,0,0,0,0,0,1,0,0,1,1,0,0,1,0,1
0.00362611,1,0,0,0,0,1,1,0,0,1,1,0,0,1,0,1
0.00362612,1,0,1,1,0,1,1,0,0,1,1,0,0,1,0,1
0.00362613,1,1,1,1,0,1,1,1,0,1,1,0,0,1,0,1
0.00362615,1,1,1,1,0,1,1,0,0,1,1,0,0,1,0,1
0.00362616,0,0,0,0,0,0,1,0,0,1,1,0,0,1,0,1
0.00362619,0,0,1,0,0,0,1,0,0,1,1,0,0,1,0,1
0.0036262,1,0,1,0,0,0,1,0,0,1,1,0,0,1,0,1
0.00362624,0,0,0,0,0,0,1,0,0,1,1,0,0,1,0,1
0.00362628,0,0,1,0,0,0,1,0,0,1,1,0,0,1,0,1
0.00362634,0,0,0,0,0,0,1,0,0,1,1,0,0,1,0,1
0.00362637,0,0,1,0,0,0,1,0,0,1,1,0,0,1,0,1
0.00362639,0,0,0,0,0,0,1,0,0,1,1,0,0,1,0,1
0.00362643,0,0,1,0,0,0,1,0,0,1,1,0,0,1,0,1
0.00362644,0,0,0,0,0,0,1,0,0,1,1,0,0,1,0,1
0.00362646,0,0,1,0,0,0,1,0,0,1,1,0,0,1,0,1
0.00362648,0,0,0,0,0,0,1,0,0,1,1,0,0,1,0,1
0.00362651,0,0,1,0,0,0,1,0,0,1,1,0,0,1,0,1
0.00362652,0,0,0,0,0,0,1,0,0,1,1,0,0,1,0,1
0.00362698,1,1,1,0,0,0,1,0,0,1,1,0,0,1,0,1
0.00362699,1,1,1,1,0,0,1,0,0,1,1,0,0,1,0,1
0.003627,1,1,1,1,1,1,1,1,0,1,1,0,0,1,0,1
0.00362705,0,0,1,0,0,1,0,1,0,1,1,0,0,1,0,1
0.00362706,0,0,0,0,0,0,0,1,0,1,1,0,0,1,0,1
0.00362709,1,1,1,0,0,1,0,1,0,1,1,0,0,1,0,1
0.0036271,1,1,1,1,0,1,0,1,0,1,1,0,0,1,0,1
0.00362714,0,0,1,0,0,0,0,1,0,1,1,0,0,1,0,1
0.00362715,0,0,0,0,0,0,0,1,0,1,1,0,0,1,0,1
0.00362717,0,0,1,0,0,0,0,1,0,1,1,0,0,1,0,1
0.00362718,1,1,1,1,0,1,0,1,0,1,1,0,0,1,0,1
0.00362722,1,0,1,0,0,0,0,1,0,1,1,0,0,1,0,1
0.00362723,0,0,1,0,0,0,0,1,0,1,1,0,0,1,0,1
0.00362728,1,1,1,0,0,0,0,1,0,1,1,0,0,1,0,1
0.00362729,0,0,1,0,0,0,0,1,0,1,1,0,0,1,0,1
0.00362782,0,0,0,0,0,0,0,1,0,1,1,0,0,1,0,1
0.00362784,0,0,1,0,0,0,0,1,0,1,1,0,0,1,0,1
0.00362785,0,0,0,0,0,0,0,1,0,1,1,0,0,1,0,1
0.00362786,0,0,1,0,0,0,0,1,0,1,1,0,0,1,0,1
0.00362788,0,0,0,0,0,0,0,1,0,1,1,0,0,1,0,1
0.00362793,0,0,1,0,0,0,0,1,0,1,1,0,0,1,0,1
0.00362794,0,0,0,0,0,0,0,1,0,1,1,0,0,1,0,1
0.00362795,0,1,1,0,0,0,0,1,0,1,1,0,0,1,0,1
0.00362796,1,1,1,0,0,0,0,1,0,1,1,0,0,1,0,1
0.00362797,1,1,1,1,1,1,0,1,0,1,1,0,0,1,0,1
0.00362798,1,1,1,1,1,1,1,1,0,1,1,0,0,1,0,1
0.00362802,1,1,1,1,0,1,1,0,0,1,1,0,0,1,0,1
0.00362803,0,1,1,1,0,1,0,0,0,1,1,0,0,1,0,1
0.00362806,1,1,1,1,0,1,1,0,0,1,1,0,0,1,0,1
0.00362807,1,1,1,1,1,1,1,1,0,1,1,0,0,1,0,1
0.00362808,1,1,1,1,0,1,1,0,0,1,1,0,0,1,0,1
0.00362809,0,1,1,1,0,1,0,0,0,1,1,0,0,1,0,1
0.00362814,1,1,1,1,0,1,0,0,0,1,1,0,0,1,0,1
0.00362816,0,1,1,1,0,1,0,0,0,1,1,0,0,1,0,1
0.00362894,1,1,1,1,0,1,1,0,0,1,1,0,0,1,0,1
0.00362895,1,1,1,1,1,1,1,1,0,1,1,0,0,1,0,1
0.00362996,1,1,1,1,1,1,1,0,0,1,1,0,0,1,0,1
0.00362997,0,1,1,1,0,1,0,0,0,1,1,0,0,1,0,1
0.00363001,1,1,1,1,1,1,1,1,0,1,1,0,0,1,0,1
0.00363002,1,1,1,1,0,1,1,1,0,1,1,0,0,1,0,1
0.00363003,0,1,1,1,0,1,0,0,0,1,1,0,0,1,0,1
0.00363099,1,1,1,1,0,1,0,0,0,1,1,0,0,1,0,1
0.003631,1,0,1,0,1,1,1,1,0,1,1,0,0,1,0,1
0.00363101,0,0,1,0,1,0,0,0,0,1,1,0,0,1,0,1
0.00363106,1,0,1,0,1,0,1,1,0,1,1,0,0,1,0,1
0.00363107,0,0,1,0,1,0,0,0,0,1,1,0,0,1,0,1
0.00363133,0,0,1,0,1,0,0,0,0,0,1,0,0,0,0,0
0.00363134,0,0,1,0,1,0,0,0,0,0,1,0,1,0,0,0
0.00363141,0,0,1,0,1,0,0,0,0,0,0,0,1,0,0,0
0.00363142,0,0,1,0,1,0,0,0,0,0,1,0,1,0,0,0
0.00363188,1,0,1,0,1,0,1,0,0,0,1,0,1,0,0,0
0.00363189,1,1,1,1,1,1,1,1,0,0,1,0,1,0,0,0
0.00363192,1,1,0,1,0,1,1,0,0,0,1,0,1,0,0,0
0.00363193,0,0,0,0,0,0,1,0,0,0,1,0,1,0,0,0
0.00363198,1,0,1,1,0,1,1,0,0,0,1,0,1,0,0,0
0.00363199,1,1,1,1,0,1,1,0,0,0,1,0,1,0,0,0
0.003632,1,0,1,1,0,1,1,0,0,0,1,0,1,0,0,0
0.00363201,0,0,0,0,0,0,1,0,0,0,1,0,1,0,0,0
0.00363284,1,1,1,1,0,1,1,0,0,0,1,0,1,0,0,0
0.00363285,1,1,1,1,1,1,1,1,0,0,1,0,1,0,0,0
0.00363291,0,0,0,0,0,0,0,1,0,0,1,0,1,0,0,0
0.00363296,1,0,1,1,0,1,0,1,0,0,1,0,1,0,0,0
0.00363297,1,1,1,1,0,1,0,1,0,0,1,0,1,0,0,0
0.00363299,0,0,1,0,0,0,0,1,0,0,1,0,1,0,0,0
0.003633,0,0,0,0,0,0,0,1,0,0,1,0,1,0,0,0
0.00363304,0,0,1,0,0,0,0,1,0,0,1,0,1,0,0,0
0.00363307,0,0,0,0,0,0,0,1,0,0,1,0,1,0,0,0
0.00363381,1,1,1,0,0,0,0,1,0,0,1,0,1,0,0,0
0.00363382,1,1,1,1,1,0,0,1,0,0,1,0,1,0,0,0
0.00363383,1,1,1,1,0,0,0,1,0,0,1,0,1,0,0,0
0.00363384,1,1,1,1,1,1,1,1,0,0,1,0,1,0,0,0
0.00363388,1,1,1,0,1,0,1,0,0,0,1,0,1,0,0,0
0.00363389,1,1,0,0,1,0,0,0,0,0,1,0,1,0,0,0
0.00363392,1,1,1,0,1,0,0,0,0,0,1,0,1,0,0,0
0.00363393,1,1,1,1,1,1,1,0,0,0,1,0,1,0,0,0
0.00363395,1,1,1,0,1,0,0,0,0,0,1,0,1,0,0,0
0.00363396,1,1,0,0,1,0,0,0,0,0,1,0,1,0,0,0
0.00363401,1,1,1,0,1,0,0,0,0,0,1,0,1,0,0,0
0.00363402,1,1,0,0,1,0,0,0,0,0,1,0,1,0,0,0
0.00363426,1,1,0,0,1,0,0,0,0,0,0,0,1,0,0,0
0.00363427,1,1,0,0,1,0,0,0,1,1,0,0,1,0,0,0
0.00363433,1,1,0,0,1,0,0,0,0,0,0,0,0,0,0,0
0.00363434,1,1,0,0,1,0,0,0,1,1,0,0,1,0,0,0
0.00363479,1,1,1,1,1,0,0,0,1,1,0,0,1,0,0,0
0.00363481,1,1,1,1,1,1,1,1,1,1,0,0,1,0,0,0
0.00363487,1,0,0,0,1,1,1,0,1,1,0,0,1,0,0,0
0.00363491,1,1,1,1,1,1,1,0,1,1,0,0,1,0,0,0
0.00363493,1,0,1,0,1,1,1,0,1,1,0,0,1,0,0,0
0.00363494,1,0,0,0,1,1,1,0,1,1,0,0,1,0,0,0
0.00363499,1,0,1,0,1,1,1,0,1,1,0,0,1,0,0,0
0.003635,1,0,0,0,1,1,1,0,1,1,0,0,1,0,0,0
0.00363576,1,1,0,0,1,1,1,0,1,1,0,0,1,0,0,0
0.00363577,1,1,1,0,1,1,1,0,1,1,0,0,1,0,0,0
0.00363578,1,1,1,1,1,1,1,0,1,1,0,0,1,0,0,0
0.00363579,1,0,1,1,1,1,1,0,1,1,0,0,1,0,0,0
0.0036358,1,1,1,1,1,1,1,0,1,1,0,0,1,0,0,0
0.00363582,1,1,1,1,1,1,1,1,1,1,0,0,1,0,0,0
0.00363583,0,1,1,1,1,0,0,0,1,1,0,0,1,0,0,0
0.00363584,0,1,0,0,1,0,0,0,1,1,0,0,1,0,0,0
0.00363588,0,1,1,1,1,0,0,0,1,1,0,0,1,0,0,0
0.00363591,0,1,0,0,1,0,0,0,1,1,0,0,1,0,0,0
0.00363621,0,1,0,0,1,0,0,0,0,1,0,0,1,0,0,0
0.00363629,0,1,0,0,1,0,0,0,0,0,0,0,0,0,0,0
0.0036363,0,1,0,0,1,0,0,0,0,1,0,0,1,0,0,0
0.00363677,1,1,1,1,1,1,1,1,0,1,0,0,1,0,0,0
0.00363681,1,1,1,0,1,1,1,0,0,1,0,0,1,0,0,0
0.00363682,1,1,0,0,1,1,0,0,0,1,0,0,1,0,0,0
0.00363686,1,1,1,1,1,1,0,0,0,1,0,0,1,0,0,0
0.00363688,1,1,0,0,1,1,0,0,0,1,0,0,1,0,0,0
0.00363772,1,1,1,1,1,1,0,0,0,1,0,0,1,0,0,0
0.00363773,1,1,1,1,1,1,1,0,0,1,0,0,1,0,0,0
0.00363774,1,1,1,0,1,1,1,1,0,1,0,0,1,0,0,0
0.00363775,1,1,1,1,1,1,1,1,0,1,0,0,1,0,0,0
0.00363779,1,0,0,0,1,0,0,0,0,1,0,0,1,0,0,0
0.00363783,1,0,1,1,1,0,0,0,0,1,0,0,1,0,0,0
0.00363784,1,1,1,1,1,1,1,0,0,1,0,0,1,0,0,0
0.00363786,1,0,1,1,1,0,0,0,0,1,0,0,1,0,0,0
0.00363787,1,0,1,0,1,0,0,0,0,1,0,0,1,0,0,0
0.00363788,1,0,0,0,1,0,0,0,0,1,0,0,1,0,0,0
0.00363791,1,0,1,1,1,0,0,0,0,1,0,0,1,0,0,0
0.00363793,1,0,1,0,1,0,0,0,0,1,0,0,1,0,0,0
0.00363795,1,0,0,0,1,0,0,0,0,1,0,0,1,0,0,0
0.003638,1,0,1,0,1,0,0,0,0,1,0,0,1,0,0,0
0.00363801,1,0,0,0,1,0,0,0,0,1,0,0,1,0,0,0
0.00363816,1,0,0,0,1,0,0,0,0,0,0,0,1,0,0,0
0.00363818,1,0,0,0,1,0,0,0,1,0,0,0,1,0,0,0
0.00363824,1,0,0,0,1,0,0,0,0,0,0,0,0,0,0,0
0.00363825,1,0,0,0,1,0,0,0,1,0,0,0,1,0,0,0
0.00363869,1,1,1,0,1,0,0,0,1,0,0,0,1,0,0,0
0.00363871,1,1,1,1,1,1,1,1,1,0,0,0,1,0,0,0
0.00363872,1,1,1,1,1,1,1,0,1,0,0,0,1,0,0,0
0.00363874,1,1,1,1,1,1,1,1,1,0,0,0,1,0,0,0
0.00363877,0,0,1,1,1,0,1,0,1,0,0,0,1,0,0,0
0.00363881,0,0,1,1,1,1,1,0,1,0,0,0,1,0,0,0
0.00363882,1,1,1,1,1,1,1,1,1,0,0,0,1,0,0,0
0.00363883,0,1,1,1,1,1,1,0,1,0,0,0,1,0,0,0
0.00363884,0,0,1,1,1,0,1,0,1,0,0,0,1,0,0,0
0.00363967,1,1,1,1,1,0,1,0,1,0,0,0,1,0,0,0
0.00363969,1,1,1,1,1,1,1,1,1,0,0,0,1,0,0,0
0.0036397,1,1,1,1,1,1,1,0,1,0,0,0,1,0,0,0
0.00363973,1,1,1,1,1,1,1,1,1,0,0,0,1,0,0,0
0.00363974,1,1,1,0,0,1,0,0,1,0,0,0,1,0,0,0
0.00363978,1,1,1,1,0,1,0,0,1,0,0,0,1,0,0,0
0.00363979,1,1,1,1,0,1,1,1,1,0,0,0,1,0,0,0
0.0036398,1,1,1,0,0,1,0,0,1,0,0,0,1,0,0,0
0.00364012,1,1,1,0,0,1,0,0,1,1,1,0,0,0,0,0
0.00364013,1,1,1,0,0,1,0,0,1,1,1,0,0,1,0,0
0.00364067,1,1,1,1,0,1,0,0,1,1,1,0,0,1,0,0
0.00364068,1,1,1,1,0,1,1,1,1,1,1,0,0,1,0,0
0.00364069,1,1,1,1,0,1,1,0,1,1,1,0,0,1,0,0
0.0036407,1,1,1,1,1,1,1,1,1,1,1,0,0,1,0,0
0.00364072,0,1,1,1,1,1,1,1,1,1,1,0,0,1,0,0
0.00364073,0,0,0,0,0,0,1,0,1,1,1,0,0,1,0,0
0.00364077,0,0,0,1,0,0,1,0,1,1,1,0,0,1,0,0
0.00364078,0,0,0,1,0,1,1,1,1,1,1,0,0,1,0,0
0.00364079,0,0,0,0,0,0,1,0,1,1,1,0,0,1,0,0
0.00364165,0,0,0,0,0,0,1,1,1,1,1,0,0,1,0,0
0.00364166,0,0,0,1,0,0,0,1,1,1,1,0,0,1,0,0
0.00364167,0,0,0,0,0,0,0,1,1,1,1,0,0,1,0,0
0.00364263,0,0,0,0,0,0,0,0,1,1,1,0,0,1,0,0
0.00364266,0,1,1,1,0,1,0,0,1,1,1,0,0,1,0,0
0.00364269,1,1,1,1,1,1,1,1,1,1,1,0,0,1,0,0
0.0036427,1,1,1,1,1,1,1,0,1,1,1,0,0,1,0,0
0.00364271,0,1,1,1,0,1,0,0,1,1,1,0,0,1,0,0
0.00364364,1,1,1,1,1,1,1,0,1,1,1,0,0,1,0,0
0.00364366,1,1,1,1,1,1,1,1,1,1,1,0,0,1,0,0
0.00364372,0,1,0,0,1,0,1,1,1,1,1,0,0,1,0,0
0.00364376,0,1,0,0,1,1,1,1,1,1,1,0,0,1,0,0
0.00364377,1,1,1,1,1,1,1,1,1,1,1,0,0,1,0,0
0.00364378,0,1,0,0,1,0,1,1,1,1,1,0,0,1,0,0
0.00364402,0,1,0,0,1,0,1,1,0,1,0,0,0,0,0,0
0.00364404,0,1,0,0,1,0,1,1,0,1,0,0,1,0,1,1
0.00364455,0,1,1,1,1,0,1,1,0,1,0,0,1,0,1,1
0.00364456,1,1,1,1,1,0,1,1,0,1,0,0,1,0,1,1
0.00364457,1,1,1,1,1,1,1,1,0,1,0,0,1,0,1,1
0.00364462,1,1,1,1,0,1,0,0,0,1,0,0,1,0,1,1
0.00364463,0,1,1,1,0,1,0,0,0,1,0,0,1,0,1,1
0.00364467,1,1,1,1,0,1,0,0,0,1,0,0,1,0,1,1
0.00364469,0,1,1,1,0,1,0,0,0,1,0,0,1,0,1,1
0.00364554,1,1,1,1,0,1,0,0,0,1,0,0,1,0,1,1
0.00364555,1,1,1,1,0,1,1,0,0,1,0,0,1,0,1,1
0.00364556,1,1,1,1,1,1,1,1,0,1,0,0,1,0,1,1
0.00364651,0,0,0,0,0,0,0,0,0,1,0,0,1,0,1,1
0.00364655,1,0,1,0,0,0,0,0,0,1,0,0,1,0,1,1
0.00364657,0,0,0,0,0,0,0,0,0,1,0,0,1,0,1,1
0.00364747,1,0,1,0,0,0,0,0,0,1,0,0,1,0,1,1
0.00364749,0,0,0,0,0,0,0,0,0,1,0,0,1,0,1,1
0.00364751,0,0,1,0,0,0,0,0,0,1,0,0,1,0,1,1
0.00364752,0,1,1,1,0,1,0,0,0,1,0,0,1,0,1,1
0.00364754,1,1,1,1,1,1,1,1,0,1,0,0,1,0,1,1
0.0036476,0,1,0,0,1,1,0,0,0,1,0,0,1,0,1,1
0.00364764,1,1,1,0,1,1,0,0,0,1,0,0,1,0,1,1
0.00364765,1,1,1,1,1,1,1,1,0,1,0,0,1,0,1,1
0.00364766,1,1,1,1,1,1,0,0,0,1,0,0,1,0,1,1
0.00364767,0,1,1,0,1,1,0,0,0,1,0,0,1,0,1,1
0.00364768,0,1,0,0,1,1,0,0,0,1,0,0,1,0,1,1
0.00364772,0,1,1,0,1,1,0,0,0,1,0,0,1,0,1,1
0.00364774,0,1,0,0,1,1,0,0,0,1,0,0,1,0,1,1
0.00364793,0,1,0,0,1,1,0,0,0,1,0,0,1,0,0,0
0.00364794,0,1,0,0,1,1,0,0,0,1,0,0,1,1,0,0
0.00364846,1,1,1,1,1,1,0,0,0,1,0,0,1,1,0,0
0.00364847,1,1,1,1,1,1,1,0,0,1,0,0,1,1,0,0
0.00364848,1,1,1,1,1,1,1,1,0,1,0,0,1,1,0,0
0.00364852,1,1,1,1,1,0,1,0,0,1,0,0,1,1,0,0
0.00364853,1,0,1,1,1,0,0,0,0,1,0,0,1,1,0,0
0.00364944,1,1,1,1,1,0,0,0,0,1,0,0,1,1,0,0
0.00364945,1,1,1,1,1,1,1,1,0,1,0,0,1,1,0,0
0.00364951,1,1,0,1,0,0,0,0,0,1,0,0,1,1,0,0
0.00364955,1,1,1,1,0,0,0,0,0,1,0,0,1,1,0,0
0.00364958,1,1,0,1,0,0,0,0,0,1,0,0,1,1,0,0
0.00365042,1,1,1,1,0,0,0,0,0,1,0,0,1,1,0,0
0.00365043,1,1,1,1,0,1,1,0,0,1,0,0,1,1,0,0
0.00365044,1,1,1,1,1,1,1,1,0,1,0,0,1,1,0,0
0.00365144,0,0,0,1,1,0,1,0,0,1,0,0,1,1,0,0
0.00365147,0,1,1,1,1,1,1,1,0,1,0,0,1,1,0,0
0.00365148,1,1,1,1,1,1,1,1,0,1,0,0,1,1,0,0
0.00365152,0,1,1,0,0,1,0,1,0,1,0,0,1,1,0,0
0.00365156,1,1,1,0,0,1,0,1,0,1,0,0,1,1,0,0
0.00365159,0,1,1,0,0,1,0,1,0,1,0,0,1,1,0,0
0.00365183,0,1,1,0,0,1,0,1,0,1,0,0,0,1,0,0
0.00365184,0,1,1,0,0,1,0,1,0,1,1,0,0,1,0,1
0.00365236,1,1,1,1,0,1,0,1,0,1,1,0,0,1,0,1
0.00365238,1,1,1,1,1,1,0,1,0,1,1,0,0,1,0,1
0.00365239,1,1,1,1,1,1,1,1,0,1,1,0,0,1,0,1
0.00365244,0,0,0,0,0,0,1,0,0,1,1,0,0,1,0,1
0.00365248,1,0,1,0,0,1,1,0,0,1,1,0,0,1,0,1
0.00365249,1,0,1,1,0,1,1,0,0,1,1,0,0,1,0,1
0.0036525,1,1,1,1,0,1,1,1,0,1,1,0,0,1,0,1
0.00365253,1,0,1,0,0,0,1,0,0,1,1,0,0,1,0,1
0.00365254,0,0,0,0,0,0,1,0,0,1,1,0,0,1,0,1
0.00365257,1,0,1,1,0,1,1,0,0,1,1,0,0,1,0,1
0.0036526,1,0,1,0,0,1,1,0,0,1,1,0,0,1,0,1
0.00365261,0,0,1,0,0,0,1,0,0,1,1,0,0,1,0,1
0.00365262,0,0,0,0,0,0,1,0,0,1,1,0,0,1,0,1
0.00365265,0,0,1,0,0,0,1,0,0,1,1,0,0,1,0,1
0.00365266,0,0,1,0,0,1,1,0,0,1,1,0,0,1,0,1
0.00365268,0,0,1,0,0,0,1,0,0,1,1,0,0,1,0,1
0.00365271,0,0,0,0,0,0,1,0,0,1,1,0,0,1,0,1
0.00365272,0,0,1,0,0,0,1,0,0,1,1,0,0,1,0,1
0.00365276,0,0,0,0,0,0,1,0,0,1,1,0,0,1,0,1
0.00365278,0,0,1,0,0,0,1,0,0,1,1,0,0,1,0,1
0.00365279,0,0,1,0,0,1,1,0,0,1,1,0,0,1,0,1
0.0036528,0,0,0,0,0,0,1,0,0,1,1,0,0,1,0,1
0.00365282,1,0,1,0,0,1,1,0,0,1,1,0,0,1,0,1
0.00365284,0,0,0,0,0,0,1,0,0,1,1,0,0,1,0,1
0.00365287,0,0,1,0,0,0,1,0,0,1,1,0,0,1,0,1
0.00365289,0,0,0,0,0,0,1,0,0,1,1,0,0,1,0,1
0.0036529,0,0,1,0,0,0,1,0,0,1,1,0,0,1,0,1
0.00365291,0,0,0,0,0,0,1,0,0,1,1,0,0,1,0,1
0.00365296,0,0,1,0,0,0,1,0,0,1,1,0,0,1,0,1
0.00365297,0,0,0,0,0,0,1,0,0,1,1,0,0,1,0,1
0.00365334,1,1,1,0,0,0,1,0,0,1,1,0,0,1,0,1
0.00365335,1,1,1,1,0,0,1,1,0,1,1,0,0,1,0,1
0.00365336,1,1,1,1,1,1,1,1,0,1,1,0,0,1,0,1
0.0036534,0,0,0,0,0,0,0,1,0,1,1,0,0,1,0,1
0.00365344,1,1,1,1,0,1,0,1,0,1,1,0,0,1,0,1
0.00365345,1,1,1,1,1,1,1,1,0,1,1,0,0,1,0,1
0.00365348,1,1,1,1,0,1,0,1,0,1,1,0,0,1,0,1
0.00365349,0,0,1,0,0,1,0,1,0,1,1,0,0,1,0,1
0.0036535,0,0,0,0,0,0,0,1,0,1,1,0,0,1,0,1
0.00365351,0,0,1,0,0,1,0,1,0,1,1,0,0,1,0,1
0.00365352,0,0,1,1,0,1,0,1,0,1,1,0,0,1,0,1
0.00365353,1,1,1,1,0,1,0,1,0,1,1,0,0,1,0,1
0.00365357,0,0,1,1,0,1,0,1,0,1,1,0,0,1,0,1
0.00365358,0,0,1,0,0,1,0,1,0,1,1,0,0,1,0,1
0.00365359,0,0,1,1,0,1,0,1,0,1,1,0,0,1,0,1
0.00365374,0,0,1,0,0,1,0,1,0,1,1,0,0,1,0,1
0.00365376,0,0,1,1,0,1,0,1,0,1,1,0,0,1,0,1
0.00365378,0,0,1,0,0,1,0,1,0,1,1,0,0,1,0,1
0.00365379,0,0,1,1,0,1,0,1,0,1,1,0,0,1,0,1
0.00365381,0,0,1,0,0,1,0,1,0,1,1,0,0,1,0,1
0.00365387,0,0,1,1,0,1,0,1,0,1,1,0,0,1,0,1
0.00365388,0,0,1,0,0,1,0,1,0,1,1,0,0,1,0,1
0.00365427,0,0,0,0,0,0,0,1,0,1,1,0,0,1,0,1
0.00365428,0,0,1,0,0,1,0,1,0,1,1,0,0,1,0,1
0.0036543,0,0,0,0,0,1,0,1,0,1,1,0,0,1,0,1
0.00365431,1,1,1,1,0,0,0,1,0,1,1,0,0,1,0,1
0.00365432,1,1,1,1,1,1,0,1,0,1,1,0,0,1,0,1
0.00365433,1,1,1,1,1,1,1,1,0,1,1,0,0,1,0,1
0.00365439,1,1,1,1,0,1,1,0,0,1,1,0,0,1,0,1
0.0036544,0,1,1,1,0,1,0,0,0,1,1,0,0,1,0,1
0.00365443,1,1,1,1,0,1,0,0,0,1,1,0,0,1,0,1
0.00365444,1,1,1,1,1,1,1,1,0,1,1,0,0,1,0,1
0.00365445,1,1,1,1,1,1,1,0,0,1,1,0,0,1,0,1
0.00365446,0,1,1,1,0,1,0,0,0,1,1,0,0,1,0,1
0.0036553,1,1,1,1,0,1,1,0,0,1,1,0,0,1,0,1
0.00365531,1,1,1,1,1,1,1,1,0,1,1,0,0,1,0,1
0.00365632,1,1,1,1,1,1,1,0,0,1,1,0,0,1,0,1
0.00365633,0,1,1,1,0,1,0,0,0,1,1,0,0,1,0,1
0.00365637,1,1,1,1,0,1,1,1,0,1,1,0,0,1,0,1
0.00365639,0,1,1,1,0,1,0,0,0,1,1,0,0,1,0,1
0.00365736,1,1,1,1,1,1,1,1,0,1,1,0,0,1,0,1
0.00365737,0,0,1,0,1,0,0,0,0,1,1,0,0,1,0,1
0.00365742,1,0,1,0,1,0,1,1,0,1,1,0,0,1,0,1
0.00365743,0,0,1,0,1,0,0,0,0,1,1,0,0,1,0,1
0.00365769,0,0,1,0,1,0,0,0,0,0,1,0,0,0,0,0
0.00365771,0,0,1,0,1,0,0,0,0,0,1,0,1,0,0,0
0.00365777,0,0,1,0,1,0,0,0,0,0,0,0,1,0,0,0
0.00365778,0,0,1,0,1,0,0,0,0,0,1,0,1,0,0,0
0.00365822,1,0,1,0,1,0,0,0,0,0,1,0,1,0,0,0
0.00365823,0,0,1,0,1,0,0,0,0,0,1,0,1,0,0,0
0.00365824,1,0,1,0,1,1,1,1,0,0,1,0,1,0,0,0
0.00365825,1,1,1,1,1,1,1,1,0,0,1,0,1,0,0,0
0.0036583,0,0,0,0,0,0,1,0,0,0,1,0,1,0,0,0
0.00365834,0,0,0,0,0,1,1,0,0,0,1,0,1,0,0,0
0.00365835,1,0,1,1,0,1,1,0,0,0,1,0,1,0,0,0
0.00365836,1,1,1,1,0,1,1,1,0,0,1,0,1,0,0,0
0.00365837,1,1,1,1,0,1,1,0,0,0,1,0,1,0,0,0
0.00365838,1,0,1,1,0,1,1,0,0,0,1,0,1,0,0,0
0.00365839,0,0,0,0,0,0,1,0,0,0,1,0,1,0,0,0
0.0036592,1,1,1,1,0,0,1,0,0,0,1,0,1,0,0,0
0.00365921,1,1,1,1,1,1,1,1,0,0,1,0,1,0,0,0
0.00365922,1,1,1,1,1,0,1,1,0,0,1,0,1,0,0,0
0.00365923,1,1,1,1,1,1,1,1,0,0,1,0,1,0,0,0
0.00365927,0,0,0,0,0,0,0,1,0,0,1,0,1,0,0,0
0.00365931,1,1,1,1,0,1,0,1,0,0,1,0,1,0,0,0
0.00365932,1,1,1,1,1,1,1,1,0,0,1,0,1,0,0,0
0.00365933,1,1,1,1,0,1,1,1,0,0,1,0,1,0,0,0
0.00365934,1,0,1,1,0,1,1,1,0,0,1,0,1,0,0,0
0.00365935,0,0,1,0,0,1,0,1,0,0,1,0,1,0,0,0
0.00365936,0,0,0,0,0,0,0,1,0,0,1,0,1,0,0,0
0.00365939,0,0,1,0,0,1,0,1,0,0,1,0,1,0,0,0
0.00365943,0,0,0,0,0,0,0,1,0,0,1,0,1,0,0,0
0.00366018,1,1,0,0,0,0,0,1,0,0,1,0,1,0,0,0
0.00366019,0,0,1,0,0,1,0,1,0,0,1,0,1,0,0,0
0.0036602,1,1,1,1,1,1,0,1,0,0,1,0,1,0,0,0
0.00366021,1,1,1,1,1,1,1,1,0,0,1,0,1,0,0,0
0.00366025,1,1,0,0,1,0,0,0,0,0,1,0,1,0,0,0
0.00366029,1,1,1,1,1,1,1,0,0,0,1,0,1,0,0,0
0.0036603,1,1,1,1,1,1,1,1,0,0,1,0,1,0,0,0
0.00366031,1,1,1,1,1,1,1,0,0,0,1,0,1,0,0,0
0.00366032,1,1,1,1,1,1,0,0,0,0,1,0,1,0,0,0
0.00366033,1,1,0,0,1,0,0,0,0,0,1,0,1,0,0,0
0.00366037,1,1,1,1,1,1,0,0,0,0,1,0,1,0,0,0
0.00366039,1,1,1,0,1,1,0,0,0,0,1,0,1,0,0,0
0.0036604,1,1,1,0,1,0,0,0,0,0,1,0,1,0,0,0
0.00366041,1,1,0,0,1,0,0,0,0,0,1,0,1,0,0,0
0.00366044,1,1,1,0,1,0,0,0,0,0,1,0,1,0,0,0
0.00366049,1,1,0,0,1,0,0,0,0,0,1,0,1,0,0,0
0.0036605,1,1,1,0,1,0,0,0,0,0,1,0,1,0,0,0
0.00366053,1,1,0,0,1,0,0,0,0,0,1,0,1,0,0,0
0.00366055,1,1,1,0,1,0,0,0,0,0,1,0,1,0,0,0
0.00366057,1,1,0,0,1,0,0,0,0,0,1,0,1,0,0,0
0.00366062,1,1,0,0,1,0,0,0,0,0,0,0,1,0,0,0
0.00366063,1,1,0,0,1,0,0,0,1,1,0,0,1,0,0,0
0.00366068,1,1,1,0,1,0,0,0,1,1,0,0,1,0,0,0
0.00366069,1,1,1,0,1,0,0,0,1,0,0,0,0,0,0,0
0.0036607,1,1,0,0,1,0,0,0,0,1,0,0,1,0,0,0
0.00366071,1,1,0,0,1,0,0,0,1,1,0,0,1,0,0,0
0.00366075,1,1,1,0,1,0,0,0,1,1,0,0,1,0,0,0
0.00366077,1,1,0,0,1,0,0,0,1,1,0,0,1,0,0,0
0.00366115,1,1,1,1,1,0,0,0,1,1,0,0,1,0,0,0
0.00366116,1,1,1,0,1,0,0,0,1,1,0,0,1,0,0,0
0.00366117,1,1,1,1,1,1,1,1,1,1,0,0,1,0,0,0
0.00366122,1,0,0,0,1,1,1,0,1,1,0,0,1,0,0,0
0.00366126,1,1,1,1,1,1,1,1,1,1,0,0,1,0,0,0
0.00366128,1,0,1,1,1,1,1,0,1,1,0,0,1,0,0,0
0.00366129,1,0,0,0,1,1,1,0,1,1,0,0,1,0,0,0
0.00366133,1,0,1,0,1,1,1,0,1,1,0,0,1,0,0,0
0.00366134,1,0,1,1,1,1,1,0,1,1,0,0,1,0,0,0
0.00366135,1,0,1,0,1,1,1,0,1,1,0,0,1,0,0,0
0.00366136,1,0,0,0,1,1,1,0,1,1,0,0,1,0,0,0
0.00366212,1,1,0,0,1,1,1,0,1,1,0,0,1,0,0,0
0.00366214,1,1,1,1,1,1,1,0,1,1,0,0,1,0,0,0
0.00366215,1,0,1,1,1,1,1,1,1,1,0,0,1,0,0,0
0.00366216,1,1,1,1,1,1,1,0,1,1,0,0,1,0,0,0
0.00366218,1,1,1,1,1,1,1,1,1,1,0,0,1,0,0,0
0.00366221,0,1,0,0,1,0,0,0,1,1,0,0,1,0,0,0
0.00366225,0,1,1,1,1,0,0,0,1,1,0,0,1,0,0,0
0.00366226,1,1,1,1,1,1,1,1,1,1,0,0,1,0,0,0
0.00366228,0,1,1,1,1,0,0,0,1,1,0,0,1,0,0,0
0.00366229,0,1,1,0,1,0,0,0,1,1,0,0,1,0,0,0
0.0036623,0,1,0,0,1,0,0,0,1,1,0,0,1,0,0,0
0.00366233,0,1,1,0,1,0,0,0,1,1,0,0,1,0,0,0
0.00366234,0,1,1,1,1,0,0,0,1,1,0,0,1,0,0,0
0.00366235,0,1,1,0,1,0,0,0,1,1,0,0,1,0,0,0
0.00366238,0,1,0,0,1,0,0,0,1,1,0,0,1,0,0,0
0.00366241,0,1,1,0,1,0,0,0,1,1,0,0,1,0,0,0
0.00366243,0,1,0,0,1,0,0,0,1,1,0,0,1,0,0,0
0.00366257,0,1,0,0,1,0,0,0,0,1,0,0,1,0,0,0
0.00366265,0,1,0,0,1,0,0,0,0,0,0,0,0,0,0,0
0.00366266,0,1,0,0,1,0,0,0,0,1,0,0,1,0,0,0
0.0036631,1,1,0,0,1,0,0,0,0,1,0,0,1,0,0,0
0.00366311,1,1,1,0,1,0,0,0,0,1,0,0,1,0,0,0
0.00366312,0,1,1,1,1,0,0,0,0,1,0,0,1,0,0,0
0.00366313,1,1,1,1,1,1,1,0,0,1,0,0,1,0,0,0
0.00366314,1,1,1,1,1,1,1,1,0,1,0,0,1,0,0,0
0.00366317,1,1,0,0,1,1,0,0,0,1,0,0,1,0,0,0
0.00366321,1,1,1,1,1,1,1,1,0,1,0,0,1,0,0,0
0.00366323,1,1,1,0,1,1,0,0,0,1,0,0,1,0,0,0
0.00366324,1,1,0,0,1,1,0,0,0,1,0,0,1,0,0,0
0.00366408,1,1,1,0,1,1,0,0,0,1,0,0,1,0,0,0
0.00366409,1,1,1,0,1,1,1,0,0,1,0,0,1,0,0,0
0.0036641,1,1,0,0,1,1,1,1,0,1,0,0,1,0,0,0
0.00366411,1,1,1,1,1,1,1,1,0,1,0,0,1,0,0,0
0.00366416,1,0,0,0,1,0,0,0,0,1,0,0,1,0,0,0
0.0036642,1,0,1,1,1,1,0,0,0,1,0,0,1,0,0,0
0.00366421,1,1,1,1,1,1,1,1,0,1,0,0,1,0,0,0
0.00366423,1,1,1,1,1,1,1,0,0,1,0,0,1,0,0,0
0.00366424,1,0,1,1,1,0,0,0,0,1,0,0,1,0,0,0
0.00366425,1,0,0,0,1,0,0,0,0,1,0,0,1,0,0,0
0.00366428,1,0,1,1,1,0,0,0,0,1,0,0,1,0,0,0
0.00366432,1,0,1,0,1,0,0,0,0,1,0,0,1,0,0,0
0.00366433,1,0,0,0,1,0,0,0,0,1,0,0,1,0,0,0
0.00366435,1,0,1,0,1,0,0,0,0,1,0,0,1,0,0,0
0.00366443,1,0,0,0,1,0,0,0,0,1,0,0,1,0,0,0
0.00366444,1,0,1,0,1,0,0,0,0,1,0,0,1,0,0,0
0.00366447,1,0,0,0,1,0,0,0,0,1,0,0,1,0,0,0
0.00366451,1,0,1,0,1,0,0,0,0,1,0,0,1,0,0,0
0.00366452,1,0,1,0,1,0,0,0,0,0,0,0,1,0,0,0
0.00366454,1,0,0,0,1,0,0,0,1,0,0,0,1,0,0,0
0.00366458,1,0,1,0,1,0,0,0,1,0,0,0,1,0,0,0
0.0036646,1,0,1,0,1,0,0,0,0,0,0,0,0,0,0,0
0.00366461,1,0,0,0,1,0,0,0,1,0,0,0,1,0,0,0
0.00366466,1,0,1,0,1,0,0,0,1,0,0,0,1,0,0,0
0.00366468,1,0,0,0,1,0,0,0,1,0,0,0,1,0,0,0
0.00366505,1,0,1,0,1,0,0,0,1,0,0,0,1,0,0,0
0.00366506,1,1,1,1,1,0,0,0,1,0,0,0,1,0,0,0
0.00366507,1,1,1,1,1,1,1,1,1,0,0,0,1,0,0,0
0.00366508,1,1,0,1,1,1,1,1,1,0,0,0,1,0,0,0
0.00366509,1,1,1,1,1,1,1,1,1,0,0,0,1,0,0,0
0.00366513,0,0,1,1,1,0,1,0,1,0,0,0,1,0,0,0
0.00366517,1,1,1,1,1,1,1,1,1,0,0,0,1,0,0,0
0.00366519,0,1,1,1,1,1,1,0,1,0,0,0,1,0,0,0
0.0036652,0,0,1,1,1,0,1,0,1,0,0,0,1,0,0,0
0.00366525,0,0,1,1,1,1,1,0,1,0,0,0,1,0,0,0
0.00366526,0,0,1,1,1,0,1,0,1,0,0,0,1,0,0,0
0.00366603,1,1,1,1,1,0,1,0,1,0,0,0,1,0,0,0
0.00366604,1,1,1,1,1,1,1,0,1,0,0,0,1,0,0,0
0.00366605,1,1,1,1,1,1,1,1,1,0,0,0,1,0,0,0
0.00366611,0,1,0,1,0,1,0,1,1,0,0,0,1,0,0,0
0.00366612,0,0,0,1,0,1,0,0,1,0,0,0,1,0,0,0
0.00366615,0,1,0,1,0,1,0,0,1,0,0,0,1,0,0,0
0.00366616,1,1,1,1,0,1,1,1,1,0,0,0,1,0,0,0
0.00366619,1,1,1,1,0,1,0,0,1,0,0,0,1,0,0,0
0.0036662,0,0,0,1,0,1,0,0,1,0,0,0,1,0,0,0
0.00366624,0,0,1,1,0,1,0,0,1,0,0,0,1,0,0,0
0.00366625,0,1,1,1,0,1,0,0,1,0,0,0,1,0,0,0
0.00366626,0,0,1,1,0,1,0,0,1,0,0,0,1,0,0,0
0.00366628,0,0,0,1,0,1,0,0,1,0,0,0,1,0,0,0
0.00366632,0,0,1,1,0,1,0,0,1,0,0,0,1,0,0,0
0.00366636,0,0,0,1,0,1,0,0,1,0,0,0,1,0,0,0
0.0036664,0,0,1,1,0,1,0,0,1,0,0,0,1,0,0,0
0.00366641,0,0,0,1,0,1,0,0,1,0,0,0,1,0,0,0
0.00366646,0,0,1,1,0,1,0,0,1,0,0,0,1,0,0,0
0.00366648,0,0,1,1,0,1,0,0,0,0,0,0,0,0,0,0
0.00366649,0,0,0,1,0,1,0,0,0,0,0,1,0,1,0,0
0.00366653,0,0,1,1,0,1,0,0,0,0,0,1,0,1,0,0
0.00366656,0,0,0,1,0,1,0,0,0,0,0,1,0,1,0,0
0.00366661,0,0,1,1,0,1,0,0,0,0,0,1,0,1,0,0
0.00366663,0,0,0,1,0,1,0,0,0,0,0,1,0,1,0,0
0.00366701,0,0,1,1,0,1,0,0,0,0,0,1,0,1,0,0
0.00366702,1,1,1,1,0,1,1,1,0,0,0,1,0,1,0,0
0.00366703,1,1,1,1,1,1,1,1,0,0,0,1,0,1,0,0
0.00366706,0,0,0,1,0,1,1,0,0,0,0,1,0,1,0,0
0.00366707,1,0,0,0,0,1,1,1,0,0,0,1,0,1,0,0
0.00366708,0,1,0,0,0,0,1,1,0,0,0,1,0,1,0,0
0.00366709,0,0,0,0,0,0,1,0,0,0,0,1,0,1,0,0
0.00366712,0,0,1,0,0,0,1,0,0,0,0,1,0,1,0,0
0.00366713,1,1,1,0,0,0,1,1,0,0,0,1,0,1,0,0
0.00366714,1,1,1,0,0,0,1,0,0,0,0,1,0,1,0,0
0.00366715,0,0,1,0,0,0,1,0,0,0,0,1,0,1,0,0
0.00366716,0,0,0,0,0,0,1,0,0,0,0,1,0,1,0,0
0.00366721,0,0,1,0,0,0,1,0,0,0,0,1,0,1,0,0
0.00366722,0,0,0,0,0,0,1,0,0,0,0,1,0,1,0,0
0.003668,0,0,0,0,0,0,1,1,0,0,0,1,0,1,0,0
0.00366801,0,0,1,0,0,0,1,1,0,0,0,1,0,1,0,0
0.00366802,1,1,1,0,0,0,0,1,0,0,0,1,0,1,0,0
0.00366803,0,0,0,0,0,0,0,1,0,0,0,1,0,1,0,0
0.00366896,1,0,0,0,0,0,0,1,0,0,0,1,0,1,0,0
0.00366899,1,1,1,0,0,0,0,0,0,0,0,1,0,1,0,0
0.003669,1,0,1,1,0,0,0,0,0,0,0,1,0,1,0,0
0.00366901,1,0,1,1,1,0,1,0,0,0,0,1,0,1,0,0
0.00366902,0,0,1,1,1,1,1,0,0,0,0,1,0,1,0,0
0.00366903,0,0,1,1,1,1,1,1,0,0,0,1,0,1,0,0
0.00366904,0,1,1,1,1,0,1,0,0,0,0,1,0,1,0,0
0.00366905,0,0,1,1,1,0,1,0,0,0,0,1,0,1,0,0
0.00367,1,1,1,1,1,1,1,1,0,0,0,1,0,1,0,0
0.00367006,1,0,0,0,1,1,0,0,0,0,0,1,0,1,0,0
0.00367007,1,0,0,0,0,1,0,0,0,0,0,1,0,1,0,0
0.00367038,1,0,0,0,0,1,0,0,0,0,0,0,0,1,0,0
0.00367039,1,0,0,0,0,1,0,0,1,0,0,0,0,1,0,0
0.00367046,1,0,0,0,0,1,0,0,0,0,0,0,0,0,0,0
0.00367047,1,0,0,0,0,1,0,0,1,0,0,0,0,1,0,0
0.00367094,1,1,1,1,1,1,1,1,1,0,0,0,0,1,0,0
0.00367099,0,0,0,0,0,0,1,0,1,0,0,0,0,1,0,0
0.00367104,0,0,1,1,0,0,1,0,1,0,0,0,0,1,0,0
0.00367105,1,1,1,1,1,1,1,1,1,0,0,0,0,1,0,0
0.00367106,0,1,1,1,1,1,1,1,1,0,0,0,0,1,0,0
0.00367107,0,0,1,1,0,0,1,0,1,0,0,0,0,1,0,0
0.00367108,0,0,0,0,0,0,1,0,1,0,0,0,0,1,0,0
0.00367112,0,0,1,0,0,0,1,0,1,0,0,0,0,1,0,0
0.00367116,0,0,0,0,0,0,1,0,1,0,0,0,0,1,0,0
0.00367189,1,1,1,1,0,0,1,0,1,0,0,0,0,1,0,0
0.0036719,1,1,1,1,1,1,1,1,1,0,0,0,0,1,0,0
0.00367196,0,0,0,0,0,0,0,1,1,0,0,0,0,1,0,0
0.003672,1,1,1,1,0,1,0,1,1,0,0,0,0,1,0,0
0.00367201,1,1,1,1,1,1,0,1,1,0,0,0,0,1,0,0
0.00367202,1,1,1,1,1,1,1,1,1,0,0,0,0,1,0,0
0.00367203,1,1,1,1,0,1,0,1,1,0,0,0,0,1,0,0
0.00367204,1,0,1,1,0,1,0,1,1,0,0,0,0,1,0,0
0.00367205,0,0,0,0,0,0,0,1,1,0,0,0,0,1,0,0
0.00367208,0,0,1,0,0,0,0,1,1,0,0,0,0,1,0,0
0.00367209,1,0,1,1,0,1,0,1,1,0,0,0,0,1,0,0
0.00367211,1,0,1,1,0,0,0,1,1,0,0,0,0,1,0,0
0.00367212,0,0,1,1,0,0,0,1,1,0,0,0,0,1,0,0
0.00367213,0,0,1,0,0,0,0,1,1,0,0,0,0,1,0,0
0.0036723,0,0,0,0,0,0,0,1,1,0,0,0,0,1,0,0
0.00367231,0,0,1,0,0,0,0,1,1,0,0,0,0,1,0,0
0.00367238,0,0,0,0,0,0,0,1,1,0,0,0,0,1,0,0
0.00367239,0,0,1,0,0,0,0,1,1,0,0,0,0,1,0,0
0.00367243,0,0,0,0,0,0,0,1,1,0,0,0,0,1,0,0
0.00367244,0,0,1,0,0,0,0,1,1,0,0,0,0,1,0,0
0.00367245,0,0,0,0,0,0,0,1,1,0,0,0,0,1,0,0
0.00367286,1,1,1,1,0,0,0,1,1,0,0,0,0,1,0,0
0.00367289,1,1,1,1,1,1,1,1,1,0,0,0,0,1,0,0
0.00367295,0,0,1,1,1,0,1,0,1,0,0,0,0,1,0,0
0.00367299,1,1,1,1,1,1,1,0,1,0,0,0,0,1,0,0
0.003673,1,1,1,1,1,1,1,1,1,0,0,0,0,1,0,0
0.00367301,1,1,1,1,1,1,1,0,1,0,0,0,0,1,0,0
0.00367302,0,0,1,1,1,0,1,0,1,0,0,0,0,1,0,0
0.0036739,1,0,1,1,1,0,1,0,1,0,0,0,0,1,0,0
0.00367391,1,1,1,1,1,0,1,1,1,0,0,0,0,1,0,0
0.00367392,1,1,1,1,1,1,1,1,1,0,0,0,0,1,0,0
0.00367393,1,1,0,0,1,1,1,1,1,0,0,0,0,1,0,0
0.00367394,1,1,0,0,1,0,1,1,1,0,0,0,0,1,0,0
0.00367396,0,1,1,1,1,1,1,1,1,0,0,0,0,1,0,0
0.00367397,0,1,0,0,1,0,1,1,1,0,0,0,0,1,0,0
0.00367429,0,1,0,0,1,0,1,1,0,1,0,0,0,0,0,0
0.0036743,0,1,0,0,1,0,1,1,0,1,0,0,1,0,1,1
0.00367482,0,1,1,1,1,0,1,1,0,1,0,0,1,0,1,1
0.00367484,1,1,1,1,1,0,1,1,0,1,0,0,1,0,1,1
0.00367485,1,1,1,1,1,1,1,1,0,1,0,0,1,0,1,1
0.00367488,0,1,1,1,1,1,1,0,0,1,0,0,1,0,1,1
0.00367489,0,0,1,1,1,0,1,0,0,1,0,0,1,0,1,1
0.00367493,1,1,1,1,1,1,1,0,0,1,0,0,1,0,1,1
0.00367494,0,0,1,1,1,1,1,0,0,1,0,0,1,0,1,1
0.00367495,0,0,1,1,1,0,1,0,0,1,0,0,1,0,1,1
0.00367581,0,1,1,1,1,1,1,0,0,1,0,0,1,0,1,1
0.00367582,1,1,1,1,1,1,1,1,0,1,0,0,1,0,1,1
0.00367678,0,0,0,0,0,0,0,0,0,1,0,0,1,0,1,1
0.00367774,0,0,1,0,0,0,0,0,0,1,0,0,1,0,1,1
0.00367775,0,0,0,0,0,0,0,0,0,1,0,0,1,0,1,1
0.00367778,0,0,1,1,1,0,0,0,0,1,0,0,1,0,1,1
0.00367779,0,0,1,1,1,0,1,0,0,1,0,0,1,0,1,1
0.0036778,0,0,1,1,1,1,1,0,0,1,0,0,1,0,1,1
0.00367781,1,1,1,1,1,1,1,1,0,1,0,0,1,0,1,1
0.00367786,1,1,1,1,1,1,1,0,0,1,0,0,1,0,1,1
0.00367787,0,1,0,0,1,1,0,0,0,1,0,0,1,0,1,1
0.00367791,1,1,1,0,1,1,1,0,0,1,0,0,1,0,1,1
0.00367792,1,1,1,1,1,1,1,0,0,1,0,0,1,0,1,1
0.00367793,0,1,1,0,1,1,0,0,0,1,0,0,1,0,1,1
0.00367794,0,1,0,0,1,1,0,0,0,1,0,0,1,0,1,1
0.0036782,0,1,0,0,1,1,0,0,0,1,0,0,1,0,0,0
0.00367821,0,1,0,0,1,1,0,0,0,1,0,0,1,1,0,0
0.00367873,1,1,1,1,1,1,0,0,0,1,0,0,1,1,0,0
0.00367874,1,1,1,1,1,1,1,1,0,1,0,0,1,1,0,0
0.0036788,0,0,0,0,0,1,0,0,0,1,0,0,1,1,0,0
0.00367884,0,0,1,1,0,1,1,1,0,1,0,0,1,1,0,0
0.00367885,1,1,1,1,0,1,1,0,0,1,0,0,1,1,0,0
0.00367886,1,1,1,1,0,1,1,1,0,1,0,0,1,1,0,0
0.00367888,1,0,1,1,0,1,1,0,0,1,0,0,1,1,0,0
0.00367889,0,0,0,0,0,1,0,0,0,1,0,0,1,1,0,0
0.00367891,0,0,1,0,0,1,0,0,0,1,0,0,1,1,0,0
0.00367892,0,0,1,1,0,1,0,0,0,1,0,0,1,1,0,0
0.00367893,1,0,1,1,0,1,1,0,0,1,0,0,1,1,0,0
0.00367896,0,0,1,1,0,1,0,0,0,1,0,0,1,1,0,0
0.00367897,0,0,1,0,0,1,0,0,0,1,0,0,1,1,0,0
0.00367901,0,0,1,1,0,1,0,0,0,1,0,0,1,1,0,0
0.00367902,0,0,1,0,0,1,0,0,0,1,0,0,1,1,0,0
0.00367944,0,0,0,0,0,1,0,0,0,1,0,0,1,1,0,0
0.00367945,0,0,1,0,0,1,0,0,0,1,0,0,1,1,0,0
0.00367947,0,0,0,0,0,1,0,0,0,1,0,0,1,1,0,0
0.00367949,0,0,1,0,0,1,0,0,0,1,0,0,1,1,0,0
0.00367951,0,0,0,0,0,1,0,0,0,1,0,0,1,1,0,0
0.00367967,0,0,1,0,0,1,0,0,0,1,0,0,1,1,0,0
0.00367968,0,0,0,0,0,1,0,0,0,1,0,0,1,1,0,0
0.0036797,1,1,1,1,0,1,0,0,0,1,0,0,1,1,0,0
0.00367971,1,1,1,1,1,1,0,1,0,1,0,0,1,1,0,0
0.00367972,1,1,1,1,1,1,1,1,0,1,0,0,1,1,0,0
0.00367977,1,1,1,1,1,0,1,1,0,1,0,0,1,1,0,0
0.00367978,1,1,0,1,0,0,0,0,0,1,0,0,1,1,0,0
0.00367982,1,1,1,1,0,0,1,0,0,1,0,0,1,1,0,0
0.00367983,1,1,1,1,1,0,1,1,0,1,0,0,1,1,0,0
0.00367984,1,1,1,1,0,0,1,0,0,1,0,0,1,1,0,0
0.00367985,1,1,1,1,0,0,0,0,0,1,0,0,1,1,0,0
0.00367986,1,1,0,1,0,0,0,0,0,1,0,0,1,1,0,0
0.0036799,1,1,1,1,0,0,0,0,0,1,0,0,1,1,0,0
0.00367992,1,1,0,1,0,0,0,0,0,1,0,0,1,1,0,0
0.00368069,1,1,1,1,0,0,1,0,0,1,0,0,1,1,0,0
0.0036807,1,1,1,1,1,1,1,1,0,1,0,0,1,1,0,0
0.0036817,0,0,1,1,1,1,1,1,0,1,0,0,1,1,0,0
0.00368171,0,0,0,1,1,0,1,0,0,1,0,0,1,1,0,0
0.00368173,1,1,1,1,1,1,1,1,0,1,0,0,1,1,0,0
0.00368177,0,1,1,1,0,1,0,1,0,1,0,0,1,1,0,0
0.00368178,0,1,1,0,0,1,0,1,0,1,0,0,1,1,0,0
0.0036821,0,1,1,0,0,1,0,1,0,1,0,0,0,1,0,0
0.00368211,0,1,1,0,0,1,0,1,0,1,1,0,0,1,0,1
0.00368218,0,1,1,0,0,1,0,1,0,1,1,0,0,1,0,0
0.00368219,0,1,1,0,0,1,0,1,0,1,1,0,0,1,0,1
0.00368265,1,1,1,1,1,1,0,1,0,1,1,0,0,1,0,1
0.00368266,1,1,1,1,1,1,1,1,0,1,1,0,0,1,0,1
0.00368271,0,0,0,0,0,0,1,0,0,1,1,0,0,1,0,1
0.00368275,0,0,0,1,0,1,1,1,0,1,1,0,0,1,0,1
0.00368276,0,0,1,1,0,1,1,1,0,1,1,0,0,1,0,1
0.00368277,1,1,1,1,0,1,1,1,0,1,1,0,0,1,0,1
0.00368278,1,0,1,1,0,1,1,1,0,1,1,0,0,1,0,1
0.00368279,0,0,1,1,0,1,1,1,0,1,1,0,0,1,0,1
0.0036828,0,0,0,0,0,0,1,0,0,1,1,0,0,1,0,1
0.00368283,0,0,0,0,0,1,1,0,0,1,1,0,0,1,0,1
0.00368284,0,0,1,1,0,1,1,1,0,1,1,0,0,1,0,1
0.00368287,0,0,0,1,0,1,1,1,0,1,1,0,0,1,0,1
0.00368288,0,0,0,0,0,0,1,0,0,1,1,0,0,1,0,1
0.00368292,0,0,0,0,0,1,1,0,0,1,1,0,0,1,0,1
0.00368293,0,0,0,1,0,1,1,0,0,1,1,0,0,1,0,1
0.00368294,0,0,0,0,0,1,1,0,0,1,1,0,0,1,0,1
0.00368296,0,0,0,0,0,0,1,0,0,1,1,0,0,1,0,1
0.00368307,0,0,0,0,0,1,1,0,0,1,1,0,0,1,0,1
0.00368309,0,0,0,0,0,0,1,0,0,1,1,0,0,1,0,1
0.00368361,1,1,1,1,0,0,1,0,0,1,1,0,0,1,0,1
0.00368362,1,1,1,1,1,1,1,1,0,1,1,0,0,1,0,1
0.00368367,1,1,1,0,0,1,0,1,0,1,1,0,0,1,0,1
0.00368368,0,0,0,0,0,0,0,1,0,1,1,0,0,1,0,1
0.00368371,0,1,1,0,0,1,0,1,0,1,1,0,0,1,0,1
0.00368372,1,1,1,1,0,1,0,1,0,1,1,0,0,1,0,1
0.00368373,1,1,1,1,1,1,0,1,0,1,1,0,0,1,0,1
0.00368374,1,1,1,1,0,1,0,1,0,1,1,0,0,1,0,1
0.00368376,0,0,1,1,0,1,0,1,0,1,1,0,0,1,0,1
0.00368377,0,0,0,0,0,0,0,1,0,1,1,0,0,1,0,1
0.00368379,0,0,1,0,0,0,0,1,0,1,1,0,0,1,0,1
0.0036838,0,0,1,1,0,1,0,1,0,1,1,0,0,1,0,1
0.00368381,0,1,1,1,0,1,0,1,0,1,1,0,0,1,0,1
0.00368383,0,0,1,1,0,1,0,1,0,1,1,0,0,1,0,1
0.00368384,0,0,1,0,0,1,0,1,0,1,1,0,0,1,0,1
0.00368385,0,0,1,0,0,0,0,1,0,1,1,0,0,1,0,1
0.00368387,0,0,1,0,0,1,0,1,0,1,1,0,0,1,0,1
0.00368389,0,0,1,1,0,1,0,1,0,1,1,0,0,1,0,1
0.00368391,0,0,1,0,0,1,0,1,0,1,1,0,0,1,0,1
0.003684,0,0,1,0,0,0,0,1,0,1,1,0,0,1,0,1
0.00368403,0,0,1,0,0,1,0,1,0,1,1,0,0,1,0,1
0.00368404,0,0,1,0,0,0,0,1,0,1,1,0,0,1,0,1
0.00368406,0,0,1,0,0,1,0,1,0,1,1,0,0,1,0,1
0.00368408,0,0,1,0,0,0,0,1,0,1,1,0,0,1,0,1
0.00368413,0,0,0,0,0,0,0,1,0,1,1,0,0,1,0,1
0.00368414,0,0,1,0,0,0,0,1,0,1,1,0,0,1,0,1
0.00368423,0,0,0,0,0,0,0,1,0,1,1,0,0,1,0,1
0.00368424,0,0,1,0,0,0,0,1,0,1,1,0,0,1,0,1
0.00368427,0,0,0,0,0,0,0,1,0,1,1,0,0,1,0,1
0.00368429,0,0,1,0,0,0,0,1,0,1,1,0,0,1,0,1
0.00368431,0,0,0,0,0,0,0,1,0,1,1,0,0,1,0,1
0.00368437,0,0,1,0,0,0,0,1,0,1,1,0,0,1,0,1
0.00368438,0,0,0,0,0,0,0,1,0,1,1,0,0,1,0,1
0.00368458,1,1,1,1,0,0,0,1,0,1,1,0,0,1,0,1
0.0036846,1,1,1,1,1,1,0,1,0,1,1,0,0,1,0,1
0.00368461,1,1,1,1,1,1,1,1,0,1,1,0,0,1,0,1
0.00368466,0,1,1,1,0,1,0,0,0,1,1,0,0,1,0,1
0.0036847,1,1,1,1,0,1,0,0,0,1,1,0,0,1,0,1
0.00368471,1,1,1,1,1,1,1,1,0,1,1,0,0,1,0,1
0.00368472,0,1,1,1,0,1,0,0,0,1,1,0,0,1,0,1
0.00368557,1,1,1,1,0,1,1,1,0,1,1,0,0,1,0,1
0.00368558,1,1,1,1,1,1,1,1,0,1,1,0,0,1,0,1
0.00368659,0,1,1,1,0,1,0,0,0,1,1,0,0,1,0,1
0.00368664,1,1,1,1,1,1,1,1,0,1,1,0,0,1,0,1
0.00368665,0,1,1,1,0,1,1,0,0,1,1,0,0,1,0,1
0.00368666,0,1,1,1,0,1,0,0,0,1,1,0,0,1,0,1
0.00368762,1,1,1,1,1,1,0,0,0,1,1,0,0,1,0,1
0.00368763,1,0,1,0,1,1,1,1,0,1,1,0,0,1,0,1
0.00368764,0,0,1,0,1,0,0,0,0,1,1,0,0,1,0,1
0.00368769,1,0,1,0,1,0,1,1,0,1,1,0,0,1,0,1
0.0036877,0,0,1,0,1,0,0,0,0,1,1,0,0,1,0,1
0.00368796,0,0,1,0,1,0,0,0,0,0,1,0,0,0,0,0
0.00368797,0,0,1,0,1,0,0,0,0,0,1,0,1,0,0,0
0.00368851,1,1,1,0,1,1,1,1,0,0,1,0,1,0,0,0
0.00368852,1,1,1,1,1,1,1,1,0,0,1,0,1,0,0,0
0.00368855,0,0,1,1,1,0,1,0,0,0,1,0,1,0,0,0
0.00368856,0,0,0,0,1,0,1,0,0,0,1,0,1,0,0,0
0.00368857,0,0,0,0,0,0,1,0,0,0,1,0,1,0,0,0
0.00368948,1,1,1,1,1,1,1,1,0,0,1,0,1,0,0,0
0.00368954,0,0,0,0,0,0,0,1,0,0,1,0,1,0,0,0
0.00368959,0,0,1,1,0,1,0,1,0,0,1,0,1,0,0,0
0.0036896,0,0,1,1,0,1,1,1,0,0,1,0,1,0,0,0
0.00368961,0,0,0,0,0,0,0,1,0,0,1,0,1,0,0,0
0.00369044,1,1,0,1,0,0,0,1,0,0,1,0,1,0,0,0
0.00369045,1,1,0,1,1,1,0,1,0,0,1,0,1,0,0,0
0.00369046,1,1,1,1,1,1,1,1,0,0,1,0,1,0,0,0
0.00369051,1,1,1,1,1,1,1,0,0,0,1,0,1,0,0,0
0.00369052,1,1,0,0,1,0,0,0,0,0,1,0,1,0,0,0
0.00369056,1,1,1,1,1,1,1,0,0,0,1,0,1,0,0,0
0.00369059,1,1,0,0,1,0,0,0,0,0,1,0,1,0,0,0
0.00369089,1,1,0,0,1,0,0,0,0,0,0,0,1,0,0,0
0.0036909,1,1,0,0,1,0,0,0,1,1,0,0,1,0,0,0
0.00369096,1,1,0,0,1,0,0,0,0,0,0,0,0,0,0,0
0.00369097,1,1,0,0,1,0,0,0,1,1,0,0,1,0,0,0
0.00369143,1,1,1,0,1,0,0,0,1,1,0,0,1,0,0,0
0.00369144,1,1,1,1,1,1,1,0,1,1,0,0,1,0,0,0
0.00369145,1,1,1,1,1,1,1,1,1,1,0,0,1,0,0,0
0.00369148,1,0,0,0,1,1,1,0,1,1,0,0,1,0,0,0
0.00369153,1,0,1,1,1,1,1,0,1,1,0,0,1,0,0,0
0.00369154,1,0,0,0,1,1,1,0,1,1,0,0,1,0,0,0
0.0036924,1,1,0,0,1,1,1,0,1,1,0,0,1,0,0,0
0.00369241,1,0,0,0,1,1,1,0,1,1,0,0,1,0,0,0
0.00369242,1,1,1,1,1,1,1,0,1,1,0,0,1,0,0,0
0.00369243,1,1,1,1,1,1,1,1,1,1,0,0,1,0,0,0
0.00369247,0,1,0,0,1,0,0,0,1,1,0,0,1,0,0,0
0.00369251,0,1,1,0,1,0,0,0,1,1,0,0,1,0,0,0
0.00369252,0,1,1,1,1,0,0,0,1,1,0,0,1,0,0,0
0.00369253,1,1,1,1,1,1,1,1,1,1,0,0,1,0,0,0
0.00369254,1,1,1,1,1,0,0,0,1,1,0,0,1,0,0,0
0.00369255,0,1,1,1,1,0,0,0,1,1,0,0,1,0,0,0
0.00369256,0,1,0,0,1,0,0,0,1,1,0,0,1,0,0,0
0.00369259,0,1,1,1,1,0,0,0,1,1,0,0,1,0,0,0
0.00369263,0,1,1,0,1,0,0,0,1,1,0,0,1,0,0,0
0.00369281,0,1,0,0,1,0,0,0,1,1,0,0,1,0,0,0
0.00369282,0,1,1,0,1,0,0,0,1,1,0,0,1,0,0,0
0.00369284,0,1,1,0,1,0,0,0,0,1,0,0,1,0,0,0
0.00369287,0,1,0,0,1,0,0,0,0,1,0,0,1,0,0,0
0.00369289,0,1,1,0,1,0,0,0,0,1,0,0,1,0,0,0
0.00369293,0,1,0,0,1,0,0,0,0,1,0,0,1,0,0,0
0.00369297,0,1,1,0,1,0,0,0,0,1,0,0,1,0,0,0
0.003693,0,1,0,0,1,0,0,0,0,1,0,0,1,0,0,0
0.00369305,0,1,1,0,1,0,0,0,0,1,0,0,1,0,0,0
0.00369306,0,1,0,0,1,0,0,0,0,1,0,0,1,0,0,0
0.00369338,0,1,1,0,1,0,0,0,0,1,0,0,1,0,0,0
0.00369339,1,1,1,1,1,0,0,0,0,1,0,0,1,0,0,0
0.0036934,1,1,1,1,1,1,1,1,0,1,0,0,1,0,0,0
0.00369344,1,1,0,0,1,1,0,0,0,1,0,0,1,0,0,0
0.00369348,1,1,1,1,1,1,1,1,0,1,0,0,1,0,0,0
0.0036935,1,1,1,1,1,1,0,0,0,1,0,0,1,0,0,0
0.00369351,1,1,0,0,1,1,0,0,0,1,0,0,1,0,0,0
0.00369356,1,1,1,0,1,1,0,0,0,1,0,0,1,0,0,0
0.00369358,1,1,0,0,1,1,0,0,0,1,0,0,1,0,0,0
0.00369434,1,1,1,1,1,1,0,0,0,1,0,0,1,0,0,0
0.00369435,1,1,1,1,1,1,1,0,0,1,0,0,1,0,0,0
0.00369437,1,1,1,1,1,1,1,1,0,1,0,0,1,0,0,0
0.00369438,1,1,1,1,1,1,1,0,0,1,0,0,1,0,0,0
0.0036944,1,1,1,1,1,1,1,1,0,1,0,0,1,0,0,0
0.00369442,1,0,1,1,1,0,1,1,0,1,0,0,1,0,0,0
0.00369443,1,0,0,0,1,0,0,0,0,1,0,0,1,0,0,0
0.00369446,1,0,1,0,1,0,0,0,0,1,0,0,1,0,0,0
0.00369447,1,0,1,1,1,1,1,1,0,1,0,0,1,0,0,0
0.0036945,1,0,1,0,1,0,0,0,0,1,0,0,1,0,0,0
0.00369451,1,0,0,0,1,0,0,0,0,1,0,0,1,0,0,0
0.00369455,1,0,1,0,1,0,0,0,0,1,0,0,1,0,0,0
0.00369458,1,0,0,0,1,0,0,0,0,1,0,0,1,0,0,0
0.00369479,1,0,0,0,1,0,0,0,0,0,0,0,1,0,0,0
0.0036948,1,0,0,0,1,0,0,0,1,0,0,0,1,0,0,0
0.00369487,1,0,0,0,1,0,0,0,0,0,0,0,0,0,0,0
0.00369488,1,0,0,0,1,0,0,0,1,0,0,0,1,0,0,0
0.00369532,1,0,1,1,1,0,0,0,1,0,0,0,1,0,0,0
0.00369534,1,1,1,1,1,1,1,1,1,0,0,0,1,0,0,0
0.00369535,1,1,1,1,1,1,1,0,1,0,0,0,1,0,0,0
0.00369537,1,1,1,1,1,1,1,1,1,0,0,0,1,0,0,0
0.00369539,0,0,1,1,1,0,1,0,1,0,0,0,1,0,0,0
0.00369544,0,1,1,1,1,1,1,1,1,0,0,0,1,0,0,0
0.00369545,0,0,1,1,1,0,1,0,1,0,0,0,1,0,0,0
0.0036963,1,1,1,1,1,0,1,0,1,0,0,0,1,0,0,0
0.00369631,1,1,1,1,1,1,1,1,1,0,0,0,1,0,0,0
0.00369638,1,0,0,1,0,1,0,0,1,0,0,0,1,0,0,0
0.00369642,1,1,1,1,0,1,1,1,1,0,0,0,1,0,0,0
0.00369644,1,0,1,1,0,1,1,1,1,0,0,0,1,0,0,0
0.00369645,1,0,1,1,0,1,0,0,1,0,0,0,1,0,0,0
0.00369646,1,0,0,1,0,1,0,0,1,0,0,0,1,0,0,0
0.0036965,1,0,1,1,0,1,0,0,1,0,0,0,1,0,0,0
0.00369652,1,0,0,1,0,1,0,0,1,0,0,0,1,0,0,0
0.00369674,1,0,0,1,0,1,0,0,1,0,0,0,0,0,0,0
0.00369675,1,0,0,1,0,1,0,0,1,0,0,1,0,0,0,0
0.00369676,1,0,0,1,0,1,0,0,1,0,0,1,0,1,0,0
0.00369728,1,0,1,1,0,1,0,0,1,0,0,1,0,1,0,0
0.00369729,1,1,1,1,0,1,1,1,1,0,0,1,0,1,0,0
0.00369731,1,1,1,1,1,1,1,1,1,0,0,1,0,1,0,0
0.00369732,1,1,1,1,0,1,1,1,1,0,0,1,0,1,0,0
0.00369733,1,0,0,1,0,1,1,1,1,0,0,1,0,1,0,0
0.00369734,0,1,1,0,1,1,1,1,1,0,0,1,0,1,0,0
0.00369735,0,0,0,0,0,0,1,0,1,0,0,1,0,1,0,0
0.00369739,0,0,1,0,0,0,1,0,1,0,0,1,0,1,0,0
0.0036974,0,1,1,0,0,0,1,1,1,0,0,1,0,1,0,0
0.00369742,0,0,1,0,0,0,1,0,1,0,0,1,0,1,0,0
0.00369743,0,0,0,0,0,0,1,0,1,0,0,1,0,1,0,0
0.00369827,0,0,0,0,0,0,1,1,1,0,0,1,0,1,0,0
0.00369828,0,1,1,0,0,0,0,1,1,0,0,1,0,1,0,0
0.00369829,0,0,1,0,0,0,0,1,1,0,0,1,0,1,0,0
0.0036983,0,0,0,0,0,0,0,1,1,0,0,1,0,1,0,0
0.00369925,1,0,0,1,0,1,0,1,1,0,0,1,0,1,0,0
0.00369926,1,0,0,1,0,1,0,0,1,0,0,1,0,1,0,0
0.00369927,1,1,1,1,0,1,0,0,1,0,0,1,0,1,0,0
0.00369928,1,0,1,1,0,1,0,0,1,0,0,1,0,1,0,0
0.00369929,1,1,1,1,0,1,0,0,1,0,0,1,0,1,0,0
0.00369931,0,1,1,1,1,1,1,1,1,0,0,1,0,1,0,0
0.00369932,0,1,1,1,0,1,0,0,1,0,0,1,0,1,0,0
0.0037002,0,1,1,1,1,1,1,0,1,0,0,1,0,1,0,0
0.00370021,0,1,1,1,0,1,1,0,1,0,0,1,0,1,0,0
0.00370022,0,1,1,1,0,1,0,0,1,0,0,1,0,1,0,0
0.00370027,1,1,1,1,1,1,1,1,1,0,0,1,0,1,0,0
0.00370032,1,1,1,1,0,1,0,1,1,0,0,1,0,1,0,0
0.00370033,1,1,0,0,0,1,0,1,1,0,0,1,0,1,0,0
0.00370034,1,0,0,0,0,0,0,1,1,0,0,1,0,1,0,0
0.00370065,1,0,0,0,0,0,0,1,1,0,0,0,0,0,0,0
0.00370066,1,0,0,0,0,0,0,1,1,0,0,0,0,0,0,1
0.00370072,1,0,0,0,0,0,0,1,0,0,0,0,0,0,0,0
0.00370073,1,0,0,0,0,0,0,1,1,0,0,0,0,0,0,1
0.00370118,1,1,1,1,0,0,0,1,1,0,0,0,0,0,0,1
0.00370119,1,1,1,1,0,1,0,1,1,0,0,0,0,0,0,1
0.0037012,1,1,1,1,1,1,1,1,1,0,0,0,0,0,0,1
0.00370121,0,1,1,1,1,1,1,0,1,0,0,0,0,0,0,1
0.00370122,0,1,1,1,0,1,0,0,1,0,0,0,0,0,0,1
0.00370222,1,1,1,1,1,1,1,1,1,0,0,0,0,0,0,1
0.00370227,0,1,0,0,1,0,1,1,1,0,0,0,0,0,0,1
0.00370233,0,1,1,0,1,1,1,1,1,0,0,0,0,0,0,1
0.00370234,0,1,0,0,1,0,1,1,1,0,0,0,0,0,0,1
0.0037026,0,1,0,0,1,0,1,1,0,0,0,0,0,0,0,0
0.00370261,0,1,0,0,1,0,1,1,0,1,0,0,1,0,1,1
0.00370313,0,1,1,1,1,0,1,1,0,1,0,0,1,0,1,1
0.00370315,1,1,1,1,1,1,1,1,0,1,0,0,1,0,1,1
0.0037032,1,1,1,1,0,1,0,0,0,1,0,0,1,0,1,1
0.00370321,0,1,1,1,0,1,0,0,0,1,0,0,1,0,1,1
0.00370325,1,1,1,1,0,1,0,0,0,1,0,0,1,0,1,1
0.00370326,0,1,1,1,0,1,0,0,0,1,0,0,1,0,1,1
0.00370413,0,1,1,1,0,1,1,0,0,1,0,0,1,0,1,1
0.00370414,1,1,1,1,1,1,1,1,0,1,0,0,1,0,1,1
0.00370509,0,0,0,0,0,0,1,0,0,1,0,0,1,0,1,1
0.0037051,0,0,0,0,0,0,0,0,0,1,0,0,1,0,1,1
0.00370513,1,1,1,0,0,0,0,0,0,1,0,0,1,0,1,1
0.00370514,1,0,1,0,0,0,0,0,0,1,0,0,1,0,1,1
0.00370515,0,0,0,0,0,0,0,0,0,1,0,0,1,0,1,1
0.00370605,0,0,1,0,0,0,0,0,0,1,0,0,1,0,1,1
0.00370606,1,0,1,0,0,0,0,0,0,1,0,0,1,0,1,1
0.00370607,0,0,0,0,0,0,0,0,0,1,0,0,1,0,1,1
0.00370609,0,0,1,0,0,0,0,0,0,1,0,0,1,0,1,1
0.0037061,0,1,1,1,0,1,0,0,0,1,0,0,1,0,1,1
0.00370612,1,1,1,1,1,1,1,1,0,1,0,0,1,0,1,1
0.00370618,0,1,0,0,1,1,0,0,0,1,0,0,1,0,1,1
0.00370622,1,1,1,0,1,1,0,0,0,1,0,0,1,0,1,1
0.00370623,1,1,1,1,1,1,1,1,0,1,0,0,1,0,1,1
0.00370624,1,1,1,1,1,1,0,0,0,1,0,0,1,0,1,1
0.00370625,0,1,1,0,1,1,0,0,0,1,0,0,1,0,1,1
0.00370626,0,1,0,0,1,1,0,0,0,1,0,0,1,0,1,1
0.0037063,0,1,1,0,1,1,0,0,0,1,0,0,1,0,1,1
0.00370632,0,1,0,0,1,1,0,0,0,1,0,0,1,0,1,1
0.00370651,0,1,0,0,1,1,0,0,0,1,0,0,1,0,0,0
0.00370652,0,1,0,0,1,1,0,0,0,1,0,0,1,1,0,0
0.00370704,0,1,1,0,1,1,0,0,0,1,0,0,1,1,0,0
0.00370706,1,1,1,1,1,1,0,1,0,1,0,0,1,1,0,0
0.00370707,1,1,1,1,1,1,1,1,0,1,0,0,1,1,0,0
0.00370711,1,1,0,0,0,1,0,0,0,1,0,0,1,1,0,0
0.00370715,1,1,1,1,0,1,1,1,0,1,0,0,1,1,0,0
0.00370718,1,1,1,0,0,1,0,0,0,1,0,0,1,1,0,0
0.00370719,1,1,0,0,0,1,0,0,0,1,0,0,1,1,0,0
0.00370722,1,1,1,0,0,1,0,0,0,1,0,0,1,1,0,0
0.00370727,1,1,0,0,0,1,0,0,0,1,0,0,1,1,0,0
0.0037073,1,1,1,0,0,1,0,0,0,1,0,0,1,1,0,0
0.00370733,1,1,0,0,0,1,0,0,0,1,0,0,1,1,0,0
0.00370749,1,1,1,0,0,1,0,0,0,1,0,0,1,1,0,0
0.0037075,1,1,0,0,0,1,0,0,0,1,0,0,1,1,0,0
0.00370801,1,1,1,0,0,1,0,0,0,1,0,0,1,1,0,0
0.00370802,1,1,1,1,0,1,0,1,0,1,0,0,1,1,0,0
0.00370803,1,1,1,1,1,1,1,1,0,1,0,0,1,1,0,0
0.00370809,1,1,0,1,0,0,0,0,0,1,0,0,1,1,0,0
0.00370813,1,1,1,1,0,0,0,0,0,1,0,0,1,1,0,0
0.00370814,1,1,1,1,0,0,1,1,0,1,0,0,1,1,0,0
0.00370816,1,1,1,1,0,0,0,0,0,1,0,0,1,1,0,0
0.00370817,1,1,0,1,0,0,0,0,0,1,0,0,1,1,0,0
0.00370821,1,1,1,1,0,0,0,0,0,1,0,0,1,1,0,0
0.00370824,1,1,0,1,0,0,0,0,0,1,0,0,1,1,0,0
0.003709,1,1,1,1,0,0,0,0,0,1,0,0,1,1,0,0
0.00370901,1,1,1,1,1,1,1,1,0,1,0,0,1,1,0,0
0.00370999,1,1,1,1,0,1,1,1,0,1,0,0,1,1,0,0
0.00371,1,1,1,1,0,0,0,0,0,1,0,0,1,1,0,0
0.00371001,0,0,0,1,1,0,1,0,0,1,0,0,1,1,0,0
0.00371004,1,1,1,1,1,1,1,1,0,1,0,0,1,1,0,0
0.00371007,0,1,1,1,1,1,1,1,0,1,0,0,1,1,0,0
0.0037101,1,1,1,0,0,1,1,1,0,1,0,0,1,1,0,0
0.00371011,0,1,1,0,0,1,0,1,0,1,0,0,1,1,0,0
0.00371015,1,1,1,0,0,1,0,1,0,1,0,0,1,1,0,0
0.00371017,0,1,1,0,0,1,0,1,0,1,0,0,1,1,0,0
0.00371041,0,1,1,0,0,1,0,1,0,1,0,0,0,1,0,0
0.00371042,0,1,1,0,0,1,0,1,0,1,1,0,0,1,0,1
0.00371096,0,1,1,1,0,1,0,1,0,1,1,0,0,1,0,1
0.00371097,1,1,1,1,1,1,1,1,0,1,1,0,0,1,0,1
0.00371102,1,0,0,1,1,0,1,0,0,1,1,0,0,1,0,1
0.00371103,0,0,0,0,0,0,1,0,0,1,1,0,0,1,0,1
0.00371107,1,0,0,0,0,0,1,0,0,1,1,0,0,1,0,1
0.00371108,1,1,1,1,0,1,1,1,0,1,1,0,0,1,0,1
0.00371111,1,0,1,0,0,0,1,0,0,1,1,0,0,1,0,1
0.00371112,0,0,0,0,0,0,1,0,0,1,1,0,0,1,0,1
0.00371116,1,0,1,0,0,0,1,0,0,1,1,0,0,1,0,1
0.00371117,0,0,1,0,0,0,1,0,0,1,1,0,0,1,0,1
0.00371119,0,0,0,0,0,0,1,0,0,1,1,0,0,1,0,1
0.00371192,1,1,1,1,0,0,1,0,0,1,1,0,0,1,0,1
0.00371193,1,1,1,1,1,1,1,1,0,1,1,0,0,1,0,1
0.00371199,0,0,0,0,0,0,0,1,0,1,1,0,0,1,0,1
0.00371203,1,1,1,0,0,1,0,1,0,1,1,0,0,1,0,1
0.00371204,1,1,1,1,0,1,0,1,0,1,1,0,0,1,0,1
0.00371205,1,1,1,1,1,1,0,1,0,1,1,0,0,1,0,1
0.00371206,1,1,1,1,0,1,0,1,0,1,1,0,0,1,0,1
0.00371208,0,0,1,0,0,0,0,1,0,1,1,0,0,1,0,1
0.00371209,0,0,0,0,0,0,0,1,0,1,1,0,0,1,0,1
0.00371211,0,0,1,0,0,0,0,1,0,1,1,0,0,1,0,1
0.00371212,1,1,1,1,0,1,0,1,0,1,1,0,0,1,0,1
0.00371215,0,0,1,0,0,0,0,1,0,1,1,0,0,1,0,1
0.00371249,0,0,0,0,0,0,0,1,0,1,1,0,0,1,0,1
0.0037125,0,0,1,0,0,0,0,1,0,1,1,0,0,1,0,1
0.00371257,0,0,0,0,0,0,0,1,0,1,1,0,0,1,0,1
0.00371258,0,0,1,0,0,0,0,1,0,1,1,0,0,1,0,1
0.00371259,0,0,0,0,0,0,0,1,0,1,1,0,0,1,0,1
0.00371289,1,1,1,0,0,0,0,1,0,1,1,0,0,1,0,1
0.0037129,1,1,1,1,0,0,0,1,0,1,1,0,0,1,0,1
0.00371291,1,1,1,1,1,1,0,1,0,1,1,0,0,1,0,1
0.00371292,1,1,1,1,1,1,1,1,0,1,1,0,0,1,0,1
0.00371297,1,1,1,1,0,1,0,0,0,1,1,0,0,1,0,1
0.00371298,0,1,1,1,0,1,0,0,0,1,1,0,0,1,0,1
0.00371302,1,1,1,1,1,1,1,0,0,1,1,0,0,1,0,1
0.00371303,1,1,1,1,0,1,1,0,0,1,1,0,0,1,0,1
0.00371304,0,1,1,1,0,1,0,0,0,1,1,0,0,1,0,1
0.00371388,1,1,1,1,0,1,0,0,0,1,1,0,0,1,0,1
0.00371389,1,1,1,1,1,1,1,1,0,1,1,0,0,1,0,1
0.00371491,0,1,1,1,0,1,0,0,0,1,1,0,0,1,0,1
0.00371495,1,1,1,1,0,1,1,0,0,1,1,0,0,1,0,1
0.00371496,1,1,1,1,0,1,1,1,0,1,1,0,0,1,0,1
0.00371497,0,1,1,1,0,1,0,0,0,1,1,0,0,1,0,1
0.00371594,1,1,1,1,1,1,1,1,0,1,1,0,0,1,0,1
0.00371595,0,0,1,0,1,0,0,0,0,1,1,0,0,1,0,1
0.003716,1,0,1,0,1,0,1,0,0,1,1,0,0,1,0,1
0.00371601,0,0,1,0,1,0,0,0,0,1,1,0,0,1,0,1
0.00371627,0,0,1,0,1,0,0,0,0,0,1,0,0,0,0,0
0.00371629,0,0,1,0,1,0,0,0,0,0,1,0,1,0,0,0
0.00371635,0,0,1,0,1,0,0,0,0,0,0,0,0,0,0,0
0.00371636,0,0,1,0,1,0,0,0,0,0,1,0,1,0,0,0
0.00371683,1,1,1,1,1,1,1,1,0,0,1,0,1,0,0,0
0.00371688,0,0,0,0,0,0,1,0,0,0,1,0,1,0,0,0
0.00371692,0,0,0,0,0,1,1,0,0,0,1,0,1,0,0,0
0.00371693,1,0,0,1,0,1,1,0,0,0,1,0,1,0,0,0
0.00371694,1,1,1,1,0,1,1,1,0,0,1,0,1,0,0,0
0.00371696,0,0,0,1,0,1,1,0,0,0,1,0,1,0,0,0
0.00371697,0,0,0,0,0,0,1,0,0,0,1,0,1,0,0,0
0.00371701,0,0,0,0,0,1,1,0,0,0,1,0,1,0,0,0
0.00371704,0,0,0,0,0,0,1,0,0,0,1,0,1,0,0,0
0.00371778,1,1,1,1,0,1,1,0,0,0,1,0,1,0,0,0
0.00371779,1,1,1,1,1,1,1,1,0,0,1,0,1,0,0,0
0.00371785,0,0,0,0,0,0,0,1,0,0,1,0,1,0,0,0
0.00371789,1,1,1,1,0,1,0,1,0,0,1,0,1,0,0,0
0.0037179,1,1,1,1,1,1,1,1,0,0,1,0,1,0,0,0
0.00371791,1,1,1,1,0,1,1,1,0,0,1,0,1,0,0,0
0.00371792,1,0,1,1,0,1,0,1,0,0,1,0,1,0,0,0
0.00371793,0,0,1,0,0,1,0,1,0,0,1,0,1,0,0,0
0.00371794,0,0,0,0,0,0,0,1,0,0,1,0,1,0,0,0
0.00371798,0,0,1,0,0,1,0,1,0,0,1,0,1,0,0,0
0.00371801,0,0,0,0,0,0,0,1,0,0,1,0,1,0,0,0
0.00371875,1,1,1,1,0,0,0,1,0,0,1,0,1,0,0,0
0.00371876,1,1,1,1,1,1,0,1,0,0,1,0,1,0,0,0
0.00371877,1,1,1,1,1,1,1,1,0,0,1,0,1,0,0,0
0.00371883,1,1,0,0,1,0,0,0,0,0,1,0,1,0,0,0
0.00371887,1,1,1,1,1,1,0,0,0,0,1,0,1,0,0,0
0.00371888,1,1,1,1,1,1,1,0,0,0,1,0,1,0,0,0
0.0037189,1,1,1,0,1,0,0,0,0,0,1,0,1,0,0,0
0.00371891,1,1,0,0,1,0,0,0,0,0,1,0,1,0,0,0
0.00371895,1,1,1,0,1,0,0,0,0,0,1,0,1,0,0,0
0.00371897,1,1,0,0,1,0,0,0,0,0,1,0,1,0,0,0
0.0037192,1,1,0,0,1,0,0,0,0,0,0,0,1,0,0,0
0.00371921,1,1,0,0,1,0,0,0,1,1,0,0,1,0,0,0
0.00371927,1,1,0,0,1,0,0,0,1,0,0,0,0,0,0,0
0.00371928,1,1,0,0,1,0,0,0,0,1,0,0,1,0,0,0
0.00371929,1,1,0,0,1,0,0,0,1,1,0,0,1,0,0,0
0.00371974,1,1,1,0,1,0,0,0,1,1,0,0,1,0,0,0
0.00371976,1,1,1,1,1,1,1,1,1,1,0,0,1,0,0,0
0.00371979,1,1,1,1,1,1,1,0,1,1,0,0,1,0,0,0
0.0037198,1,0,0,0,1,1,1,0,1,1,0,0,1,0,0,0
0.00371984,1,1,1,1,1,1,1,0,1,1,0,0,1,0,0,0
0.00371985,1,0,1,1,1,1,1,0,1,1,0,0,1,0,0,0
0.00371986,1,0,0,0,1,1,1,0,1,1,0,0,1,0,0,0
0.0037207,1,1,1,1,1,1,1,0,1,1,0,0,1,0,0,0
0.00372071,1,1,1,1,1,1,1,1,1,1,0,0,1,0,0,0
0.00372078,1,1,1,1,1,0,1,1,1,1,0,0,1,0,0,0
0.00372079,0,1,0,0,1,0,0,0,1,1,0,0,1,0,0,0
0.00372083,0,1,1,1,1,0,0,0,1,1,0,0,1,0,0,0
0.00372084,1,1,1,1,1,1,1,0,1,1,0,0,1,0,0,0
0.00372086,1,1,1,1,1,0,0,0,1,1,0,0,1,0,0,0
0.00372087,0,1,1,0,1,0,0,0,1,1,0,0,1,0,0,0
0.00372088,0,1,0,0,1,0,0,0,1,1,0,0,1,0,0,0
0.00372091,0,1,1,1,1,0,0,0,1,1,0,0,1,0,0,0
0.00372093,0,1,1,0,1,0,0,0,1,1,0,0,1,0,0,0
0.00372096,0,1,0,0,1,0,0,0,1,1,0,0,1,0,0,0
0.00372099,0,1,1,0,1,0,0,0,1,1,0,0,1,0,0,0
0.00372102,0,1,0,0,1,0,0,0,1,1,0,0,1,0,0,0
0.00372115,0,1,1,0,1,0,0,0,0,1,0,0,1,0,0,0
0.00372116,0,1,0,0,1,0,0,0,0,1,0,0,1,0,0,0
0.00372123,0,1,0,0,1,0,0,0,0,0,0,0,0,0,0,0
0.00372124,0,1,0,0,1,0,0,0,0,1,0,0,1,0,0,0
0.00372168,0,1,1,0,1,0,0,0,0,1,0,0,1,0,0,0
0.00372169,1,1,1,1,1,0,0,0,0,1,0,0,1,0,0,0
0.0037217,1,1,1,1,1,1,1,0,0,1,0,0,1,0,0,0
0.00372171,1,1,1,1,1,1,1,1,0,1,0,0,1,0,0,0
0.00372176,1,1,0,0,1,1,0,0,0,1,0,0,1,0,0,0
0.00372179,1,1,1,0,1,1,0,0,0,1,0,0,1,0,0,0
0.0037218,1,1,1,1,1,1,1,1,0,1,0,0,1,0,0,0
0.00372182,1,1,1,0,1,1,0,0,0,1,0,0,1,0,0,0
0.00372183,1,1,0,0,1,1,0,0,0,1,0,0,1,0,0,0
0.00372187,1,1,1,0,1,1,0,0,0,1,0,0,1,0,0,0
0.00372189,1,1,0,0,1,1,0,0,0,1,0,0,1,0,0,0
0.00372266,1,1,1,1,1,1,0,0,0,1,0,0,1,0,0,0
0.00372267,1,1,1,1,1,1,1,0,0,1,0,0,1,0,0,0
0.00372268,1,1,1,1,1,1,1,1,0,1,0,0,1,0,0,0
0.00372274,1,0,0,0,1,0,0,0,0,1,0,0,1,0,0,0
0.00372278,1,0,1,1,1,1,1,0,0,1,0,0,1,0,0,0
0.00372279,1,1,1,1,1,1,1,1,0,1,0,0,1,0,0,0
0.00372281,1,0,1,1,1,1,1,0,0,1,0,0,1,0,0,0
0.00372282,1,0,1,1,1,0,0,0,0,1,0,0,1,0,0,0
0.00372283,1,0,0,0,1,0,0,0,0,1,0,0,1,0,0,0
0.00372286,1,0,1,1,1,0,0,0,0,1,0,0,1,0,0,0
0.0037229,1,0,1,0,1,0,0,0,0,1,0,0,1,0,0,0
0.00372291,1,0,0,0,1,0,0,0,0,1,0,0,1,0,0,0
0.00372293,1,0,1,0,1,0,0,0,0,1,0,0,1,0,0,0
0.00372306,1,0,0,0,1,0,0,0,0,1,0,0,1,0,0,0
0.00372308,1,0,1,0,1,0,0,0,0,1,0,0,1,0,0,0
0.00372311,1,0,1,0,1,0,0,0,0,0,0,0,1,0,0,0
0.00372312,1,0,0,0,1,0,0,0,1,0,0,0,1,0,0,0
0.00372316,1,0,1,0,1,0,0,0,1,0,0,0,1,0,0,0
0.00372318,1,0,1,0,1,0,0,0,0,0,0,0,0,0,0,0
0.00372319,1,0,0,0,1,0,0,0,1,0,0,0,1,0,0,0
0.00372324,1,0,1,0,1,0,0,0,1,0,0,0,1,0,0,0
0.00372326,1,0,0,0,1,0,0,0,1,0,0,0,1,0,0,0
0.00372363,1,0,1,1,1,0,0,0,1,0,0,0,1,0,0,0
0.00372365,1,1,1,1,1,1,1,1,1,0,0,0,1,0,0,0
0.0037237,1,1,1,1,1,1,1,0,1,0,0,0,1,0,0,0
0.00372371,0,0,1,1,1,0,1,0,1,0,0,0,1,0,0,0
0.00372375,1,1,1,1,1,1,1,1,1,0,0,0,1,0,0,0
0.00372376,0,1,1,1,1,1,1,0,1,0,0,0,1,0,0,0
0.00372377,0,0,1,1,1,0,1,0,1,0,0,0,1,0,0,0
0.00372462,0,1,1,1,1,0,1,0,1,0,0,0,1,0,0,0
0.00372463,0,0,1,1,1,0,1,0,1,0,0,0,1,0,0,0
0.00372464,1,1,1,1,1,1,1,1,1,0,0,0,1,0,0,0
0.00372469,0,1,0,1,0,1,0,0,1,0,0,0,1,0,0,0
0.00372473,1,1,1,1,0,1,0,0,1,0,0,0,1,0,0,0
0.00372474,1,1,1,1,0,1,1,1,1,0,0,0,1,0,0,0
0.00372476,1,1,1,1,0,1,0,0,1,0,0,0,1,0,0,0
0.00372477,0,1,0,1,0,1,0,0,1,0,0,0,1,0,0,0
0.00372481,0,1,1,1,0,1,0,0,1,0,0,0,1,0,0,0
0.00372484,0,1,0,1,0,1,0,0,1,0,0,0,1,0,0,0
0.00372506,0,1,1,1,0,1,0,0,0,0,0,0,0,0,0,0
0.00372507,0,1,0,1,0,1,0,0,0,1,0,1,0,1,0,0
0.00372511,0,1,1,1,0,1,0,0,0,1,0,1,0,1,0,0
0.00372513,0,1,0,1,0,1,0,0,0,1,0,1,0,1,0,0
0.0037256,1,1,1,1,0,1,0,0,0,1,0,1,0,1,0,0
0.00372561,1,1,1,1,0,1,1,1,0,1,0,1,0,1,0,0
0.00372562,1,1,1,1,1,1,1,1,0,1,0,1,0,1,0,0
0.00372563,1,1,1,1,0,1,1,1,0,1,0,1,0,1,0,0
0.00372564,0,1,0,1,0,1,1,1,0,1,0,1,0,1,0,0
0.00372566,0,0,1,0,1,0,1,1,0,1,0,1,0,1,0,0
0.00372567,0,0,0,0,0,0,1,0,0,1,0,1,0,1,0,0
0.00372571,1,0,1,0,0,0,1,1,0,1,0,1,0,1,0,0
0.00372573,1,0,1,0,0,0,1,0,0,1,0,1,0,1,0,0
0.00372574,0,0,0,0,0,0,1,0,0,1,0,1,0,1,0,0
0.00372658,0,0,0,0,0,0,1,1,0,1,0,1,0,1,0,0
0.0037266,1,0,1,0,0,0,0,1,0,1,0,1,0,1,0,0
0.00372661,0,0,0,0,0,0,0,1,0,1,0,1,0,1,0,0
0.00372758,1,1,0,0,1,1,0,1,0,1,0,1,0,1,0,0
0.0037276,1,1,1,1,1,1,0,0,0,1,0,1,0,1,0,0
0.00372761,1,1,1,0,1,1,0,0,0,1,0,1,0,1,0,0
0.00372762,1,1,0,0,1,1,0,0,0,1,0,1,0,1,0,0
0.00372851,1,1,0,0,1,1,1,0,0,1,0,1,0,1,0,0
0.00372854,1,1,1,1,1,1,0,0,0,1,0,1,0,1,0,0
0.00372855,1,1,0,0,1,1,0,0,0,1,0,1,0,1,0,0
0.00372858,1,1,1,1,1,1,1,1,0,1,0,1,0,1,0,0
0.00372863,1,1,1,1,1,1,0,0,0,1,0,1,0,1,0,0
0.00372864,1,1,0,1,1,1,0,0,0,1,0,1,0,1,0,0
0.00372865,1,0,0,0,0,1,0,0,0,1,0,1,0,1,0,0
0.00372896,1,0,0,0,0,1,0,0,0,0,0,0,0,1,0,0
0.00372898,1,0,0,0,0,1,0,0,1,0,0,0,0,1,0,0
0.00372904,1,0,0,0,0,1,0,0,0,0,0,0,0,0,0,0
0.00372905,1,0,0,0,0,1,0,0,1,0,0,0,0,1,0,0
0.00372952,1,1,1,1,1,1,0,0,1,0,0,0,0,1,0,0
0.00372953,1,1,1,1,1,1,1,1,1,0,0,0,0,1,0,0
0.00372957,0,0,1,0,0,0,1,0,1,0,0,0,0,1,0,0
0.00372958,0,0,0,0,0,0,1,0,1,0,0,0,0,1,0,0
0.00372963,1,1,1,1,0,0,1,0,1,0,0,0,0,1,0,0
0.00372965,0,0,1,0,0,0,1,0,1,0,0,0,0,1,0,0
0.00372966,0,0,0,0,0,0,1,0,1,0,0,0,0,1,0,0
0.00372971,0,0,1,0,0,0,1,0,1,0,0,0,0,1,0,0
0.00372972,0,0,0,0,0,0,1,0,1,0,0,0,0,1,0,0
0.00373048,1,1,0,1,0,0,1,1,1,0,0,0,0,1,0,0
0.0037305,1,1,1,1,1,1,1,1,1,0,0,0,0,1,0,0
0.00373052,0,0,0,0,0,1,1,1,1,0,0,0,0,1,0,0
0.00373053,0,0,0,0,0,0,0,1,1,0,0,0,0,1,0,0
0.00373058,1,1,1,1,0,0,0,1,1,0,0,0,0,1,0,0
0.00373059,1,1,1,1,0,1,0,1,1,0,0,0,0,1,0,0
0.0037306,0,0,1,0,0,0,0,1,1,0,0,0,0,1,0,0
0.00373061,0,0,0,0,0,0,0,1,1,0,0,0,0,1,0,0
0.00373147,0,0,1,0,0,0,0,1,1,0,0,0,0,1,0,0
0.00373148,1,1,1,1,1,1,1,1,1,0,0,0,0,1,0,0
0.00373152,1,1,0,0,1,1,0,0,1,0,0,0,0,1,0,0
0.00373156,1,1,1,1,1,1,0,0,1,0,0,0,0,1,0,0
0.00373157,1,1,1,1,1,1,1,1,1,0,0,0,0,1,0,0
0.00373158,1,1,1,1,1,1,0,0,1,0,0,0,0,1,0,0
0.00373159,1,1,0,0,1,1,0,0,1,0,0,0,0,1,0,0
0.00373164,1,1,1,0,1,1,0,0,1,0,0,0,0,1,0,0
0.00373165,1,1,0,0,1,1,0,0,1,0,0,0,0,1,0,0
0.00373248,1,1,1,0,1,1,0,0,1,0,0,0,0,1,0,0
0.00373249,1,1,1,1,1,1,1,1,1,0,0,0,0,1,0,0
0.00373257,0,1,1,0,1,0,1,1,1,0,0,0,0,1,0,0
0.00373258,0,1,0,0,1,0,1,1,1,0,0,0,0,1,0,0
0.00373261,0,1,1,1,1,1,1,1,1,0,0,0,0,1,0,0
0.00373262,1,1,1,1,1,1,1,1,1,0,0,0,0,1,0,0
0.00373263,0,1,1,1,1,1,1,1,1,0,0,0,0,1,0,0
0.00373264,0,1,0,0,1,0,1,1,1,0,0,0,0,1,0,0
0.00373287,0,1,0,0,1,0,1,1,0,1,0,0,0,0,0,0
0.00373288,0,1,0,0,1,0,1,1,0,1,0,0,1,0,1,1
0.0037334,1,1,1,1,1,0,1,1,0,1,0,0,1,0,1,1
0.00373341,1,1,1,1,1,1,1,1,0,1,0,0,1,0,1,1
0.00373347,1,1,0,0,1,1,0,0,0,1,0,0,1,0,1,1
0.00373351,1,1,1,1,1,1,0,0,0,1,0,0,1,0,1,1
0.00373352,1,1,1,1,1,1,1,0,0,1,0,0,1,0,1,1
0.00373353,1,1,1,1,1,1,0,0,0,1,0,0,1,0,1,1
0.00373354,1,1,0,0,1,1,0,0,0,1,0,0,1,0,1,1
0.00373358,1,1,1,0,1,1,0,0,0,1,0,0,1,0,1,1
0.00373359,1,1,1,1,1,1,0,0,0,1,0,0,1,0,1,1
0.0037336,1,1,1,0,1,1,0,0,0,1,0,0,1,0,1,1
0.00373361,1,1,0,0,1,1,0,0,0,1,0,0,1,0,1,1
0.00373438,1,1,1,1,1,1,0,0,0,1,0,0,1,0,1,1
0.00373439,1,1,1,1,1,1,1,0,0,1,0,0,1,0,1,1
0.0037344,1,1,1,1,1,1,1,1,0,1,0,0,1,0,1,1
0.00373536,0,0,0,0,0,0,0,0,0,1,0,0,1,0,1,1
0.00373542,0,0,1,0,0,0,0,0,0,1,0,0,1,0,1,1
0.00373543,0,0,0,0,0,0,0,0,0,1,0,0,1,0,1,1
0.00373632,1,0,1,0,0,0,0,0,0,1,0,0,1,0,1,1
0.00373633,0,0,1,0,0,0,0,0,0,1,0,0,1,0,1,1
0.00373634,0,0,0,0,0,0,0,0,0,1,0,0,1,0,1,1
0.00373636,1,1,0,0,1,1,0,0,0,1,0,0,1,0,1,1
0.00373639,1,1,1,1,1,1,1,1,0,1,0,0,1,0,1,1
0.00373644,1,1,1,1,1,1,1,0,0,1,0,0,1,0,1,1
0.00373645,0,1,0,0,1,1,0,0,0,1,0,0,1,0,1,1
0.00373649,1,1,1,1,1,1,1,0,0,1,0,0,1,0,1,1
0.0037365,1,1,1,1,1,1,1,1,0,1,0,0,1,0,1,1
0.00373651,1,1,1,0,1,1,0,0,0,1,0,0,1,0,1,1
0.00373652,0,1,0,0,1,1,0,0,0,1,0,0,1,0,1,1
0.00373678,0,1,0,0,1,1,0,0,0,1,0,0,1,0,0,0
0.00373679,0,1,0,0,1,1,0,0,0,1,0,0,1,1,0,0
0.0037373,0,1,1,0,1,1,0,0,0,1,0,0,1,1,0,0
0.00373733,1,1,1,1,1,1,1,1,0,1,0,0,1,1,0,0
0.00373737,0,1,1,0,0,1,0,0,0,1,0,0,1,1,0,0
0.00373741,1,1,1,1,0,1,1,0,0,1,0,0,1,1,0,0
0.00373742,1,1,1,1,0,1,1,1,0,1,0,0,1,1,0,0
0.00373743,0,1,1,0,0,1,1,0,0,1,0,0,1,1,0,0
0.00373744,0,1,1,0,0,1,0,0,0,1,0,0,1,1,0,0
0.00373829,1,1,1,1,0,1,0,0,0,1,0,0,1,1,0,0
0.0037383,1,1,1,1,1,1,1,1,0,1,0,0,1,1,0,0
0.00373835,1,1,1,1,0,0,0,0,0,1,0,0,1,1,0,0
0.00373836,1,1,0,1,0,0,0,0,0,1,0,0,1,1,0,0
0.0037384,1,1,1,1,0,0,1,0,0,1,0,0,1,1,0,0
0.00373842,1,1,0,1,0,0,0,0,0,1,0,0,1,1,0,0
0.00373927,1,1,1,1,0,0,0,0,0,1,0,0,1,1,0,0
0.00373928,1,1,1,1,1,1,1,1,0,1,0,0,1,1,0,0
0.00374028,0,0,1,1,1,1,1,1,0,1,0,0,1,1,0,0
0.00374029,0,0,0,1,1,0,1,0,0,1,0,0,1,1,0,0
0.00374031,1,1,1,1,1,0,1,0,0,1,0,0,1,1,0,0
0.00374032,1,1,1,1,1,1,1,1,0,1,0,0,1,1,0,0
0.00374035,0,1,1,1,1,1,1,1,0,1,0,0,1,1,0,0
0.00374037,1,1,1,0,0,1,0,1,0,1,0,0,1,1,0,0
0.00374038,0,1,1,0,0,1,0,1,0,1,0,0,1,1,0,0
0.00374068,0,1,1,0,0,1,0,1,0,1,0,0,0,1,0,0
0.00374069,0,1,1,0,0,1,0,1,0,1,1,0,0,1,0,1
0.00374076,0,1,1,0,0,1,0,1,0,1,1,0,0,1,0,0
0.00374077,0,1,1,0,0,1,0,1,0,1,1,0,0,1,0,1
0.00374121,1,1,1,1,0,1,0,1,0,1,1,0,0,1,0,1
0.00374123,1,1,1,1,1,1,0,1,0,1,1,0,0,1,0,1
0.00374124,1,1,1,1,1,1,1,1,0,1,1,0,0,1,0,1
0.00374129,0,0,0,0,0,0,1,0,0,1,1,0,0,1,0,1
0.00374133,0,0,1,0,0,1,1,0,0,1,1,0,0,1,0,1
0.00374134,1,0,1,1,0,1,1,0,0,1,1,0,0,1,0,1
0.00374135,1,1,1,1,0,1,1,0,0,1,1,0,0,1,0,1
0.00374137,1,0,1,1,0,1,1,0,0,1,1,0,0,1,0,1
0.00374138,0,0,1,0,0,0,1,0,0,1,1,0,0,1,0,1
0.00374139,0,0,0,0,0,0,1,0,0,1,1,0,0,1,0,1
0.00374141,0,0,1,0,0,0,1,0,0,1,1,0,0,1,0,1
0.00374142,0,0,1,1,0,0,1,0,0,1,1,0,0,1,0,1
0.00374145,0,0,1,0,0,0,1,0,0,1,1,0,0,1,0,1
0.00374218,0,0,0,0,0,0,1,0,0,1,1,0,0,1,0,1
0.00374219,1,1,1,1,0,0,1,0,0,1,1,0,0,1,0,1
0.0037422,1,1,1,1,1,1,1,1,0,1,1,0,0,1,0,1
0.00374225,0,0,0,0,0,0,0,1,0,1,1,0,0,1,0,1
0.00374228,0,1,1,1,0,1,0,1,0,1,1,0,0,1,0,1
0.00374229,1,1,1,1,0,1,0,1,0,1,1,0,0,1,0,1
0.0037423,1,1,1,1,1,1,1,1,0,1,1,0,0,1,0,1
0.00374232,1,1,1,1,0,1,1,1,0,1,1,0,0,1,0,1
0.00374233,0,0,1,1,0,1,0,1,0,1,1,0,0,1,0,1
0.00374234,0,0,0,0,0,0,0,1,0,1,1,0,0,1,0,1
0.00374236,0,0,1,0,0,1,0,1,0,1,1,0,0,1,0,1
0.00374237,0,1,1,1,0,1,0,1,0,1,1,0,0,1,0,1
0.00374238,1,1,1,1,0,1,0,1,0,1,1,0,0,1,0,1
0.00374241,0,0,1,1,0,1,0,1,0,1,1,0,0,1,0,1
0.00374242,0,0,1,0,0,1,0,1,0,1,1,0,0,1,0,1
0.00374245,0,0,1,1,0,1,0,1,0,1,1,0,0,1,0,1
0.0037425,0,0,1,0,0,1,0,1,0,1,1,0,0,1,0,1
0.00374253,0,0,1,1,0,1,0,1,0,1,1,0,0,1,0,1
0.00374255,0,0,1,0,0,1,0,1,0,1,1,0,0,1,0,1
0.00374257,0,0,1,1,0,1,0,1,0,1,1,0,0,1,0,1
0.00374258,0,0,1,0,0,1,0,1,0,1,1,0,0,1,0,1
0.00374264,0,0,1,1,0,1,0,1,0,1,1,0,0,1,0,1
0.00374266,0,0,1,0,0,1,0,1,0,1,1,0,0,1,0,1
0.00374283,0,0,1,0,0,0,0,1,0,1,1,0,0,1,0,1
0.00374284,0,0,1,0,0,1,0,1,0,1,1,0,0,1,0,1
0.00374286,0,0,1,0,0,0,0,1,0,1,1,0,0,1,0,1
0.00374311,0,0,0,0,0,0,0,1,0,1,1,0,0,1,0,1
0.00374312,0,0,1,0,0,0,0,1,0,1,1,0,0,1,0,1
0.00374314,0,0,0,0,0,0,0,1,0,1,1,0,0,1,0,1
0.00374315,0,0,1,0,0,0,0,1,0,1,1,0,0,1,0,1
0.00374316,1,1,1,1,0,0,0,1,0,1,1,0,0,1,0,1
0.00374317,1,1,1,1,1,1,1,1,0,1,1,0,0,1,0,1
0.00374323,1,1,1,1,1,1,1,0,0,1,1,0,0,1,0,1
0.00374324,0,1,1,1,0,1,0,0,0,1,1,0,0,1,0,1
0.00374328,1,1,1,1,1,1,1,0,0,1,1,0,0,1,0,1
0.00374329,1,1,1,1,1,1,1,1,0,1,1,0,0,1,0,1
0.0037433,0,1,1,1,0,1,0,0,0,1,1,0,0,1,0,1
0.00374415,1,1,1,1,0,1,1,0,0,1,1,0,0,1,0,1
0.00374416,1,1,1,1,1,1,1,1,0,1,1,0,0,1,0,1
0.00374517,0,1,1,1,0,1,0,0,0,1,1,0,0,1,0,1
0.00374522,1,1,1,1,1,1,1,1,0,1,1,0,0,1,0,1
0.00374523,0,1,1,1,0,1,1,0,0,1,1,0,0,1,0,1
0.00374524,0,1,1,1,0,1,0,0,0,1,1,0,0,1,0,1
0.0037462,1,1,1,1,0,1,0,0,0,1,1,0,0,1,0,1
0.00374621,1,0,1,0,1,1,1,1,0,1,1,0,0,1,0,1
0.00374622,0,0,1,0,1,0,0,0,0,1,1,0,0,1,0,1
0.00374627,1,0,1,0,1,0,1,0,0,1,1,0,0,1,0,1
0.00374628,0,0,1,0,1,0,0,0,0,1,1,0,0,1,0,1
0.00374654,0,0,1,0,1,0,0,0,0,0,1,0,0,0,0,0
0.00374655,0,0,1,0,1,0,0,0,0,0,1,0,1,0,0,0
0.00374707,1,1,1,0,1,0,0,0,0,0,1,0,1,0,0,0
0.00374709,1,1,1,1,1,1,1,1,0,0,1,0,1,0,0,0
0.00374714,1,1,1,1,0,1,1,0,0,0,1,0,1,0,0,0
0.00374715,0,0,0,0,0,0,1,0,0,0,1,0,1,0,0,0
0.0037472,1,1,1,1,0,1,1,0,0,0,1,0,1,0,0,0
0.00374722,1,0,1,1,0,0,1,0,0,0,1,0,1,0,0,0
0.00374723,0,0,0,0,0,0,1,0,0,0,1,0,1,0,0,0
0.00374728,0,0,1,0,0,0,1,0,0,0,1,0,1,0,0,0
0.0037473,0,0,0,0,0,0,1,0,0,0,1,0,1,0,0,0
0.00374805,1,1,1,1,0,0,1,1,0,0,1,0,1,0,0,0
0.00374806,1,1,1,1,1,0,1,1,0,0,1,0,1,0,0,0
0.00374807,1,1,1,1,0,1,1,1,0,0,1,0,1,0,0,0
0.00374808,1,1,1,1,1,1,1,1,0,0,1,0,1,0,0,0
0.00374811,0,1,1,1,0,1,1,1,0,0,1,0,1,0,0,0
0.00374812,0,0,0,0,0,0,0,1,0,0,1,0,1,0,0,0
0.00374816,1,1,1,1,0,1,0,1,0,0,1,0,1,0,0,0
0.00374817,1,1,1,1,0,1,1,1,0,0,1,0,1,0,0,0
0.00374819,0,0,1,1,0,1,0,1,0,0,1,0,1,0,0,0
0.0037482,0,0,0,0,0,0,0,1,0,0,1,0,1,0,0,0
0.00374824,0,0,1,0,0,0,0,1,0,0,1,0,1,0,0,0
0.00374828,0,0,0,0,0,0,0,1,0,0,1,0,1,0,0,0
0.00374902,1,0,0,0,0,0,0,1,0,0,1,0,1,0,0,0
0.00374903,1,1,0,0,0,0,0,1,0,0,1,0,1,0,0,0
0.00374904,0,0,1,1,0,1,0,1,0,0,1,0,1,0,0,0
0.00374905,1,1,1,1,1,1,0,1,0,0,1,0,1,0,0,0
0.00374906,1,1,1,1,1,1,1,1,0,0,1,0,1,0,0,0
0.00374909,1,1,1,1,1,1,1,0,0,0,1,0,1,0,0,0
0.0037491,1,1,0,0,1,0,0,0,0,0,1,0,1,0,0,0
0.00374913,1,1,1,0,1,1,0,0,0,0,1,0,1,0,0,0
0.00374914,1,1,1,1,1,1,1,0,0,0,1,0,1,0,0,0
0.00374917,1,1,1,0,1,0,0,0,0,0,1,0,1,0,0,0
0.00374918,1,1,0,0,1,0,0,0,0,0,1,0,1,0,0,0
0.00374921,1,1,1,0,1,0,0,0,0,0,1,0,1,0,0,0
0.00374922,1,1,1,1,1,1,0,0,0,0,1,0,1,0,0,0
0.00374923,1,1,1,0,1,1,0,0,0,0,1,0,1,0,0,0
0.00374924,1,1,1,0,1,0,0,0,0,0,1,0,1,0,0,0
0.00374925,1,1,0,0,1,0,0,0,0,0,1,0,1,0,0,0
0.00374929,1,1,1,0,1,0,0,0,0,0,1,0,1,0,0,0
0.00374933,1,1,0,0,1,0,0,0,0,0,1,0,1,0,0,0
0.00374947,1,1,0,0,1,0,0,0,0,0,0,0,1,0,0,0
0.00374948,1,1,0,0,1,0,0,0,1,1,0,0,1,0,0,0
0.00374952,1,1,1,0,1,0,0,0,1,1,0,0,1,0,0,0
0.00374954,1,1,1,0,1,0,0,0,0,0,0,0,0,0,0,0
0.00374955,1,1,0,0,1,0,0,0,1,1,0,0,1,0,0,0
0.0037496,1,1,1,0,1,0,0,0,1,1,0,0,1,0,0,0
0.00374961,1,1,0,0,1,0,0,0,1,1,0,0,1,0,0,0
0.00375,1,1,1,1,1,0,0,0,1,1,0,0,1,0,0,0
0.00375001,1,1,1,0,1,0,0,0,1,1,0,0,1,0,0,0
0.00375002,1,1,1,1,1,1,1,1,1,1,0,0,1,0,0,0
0.00375007,1,0,0,0,1,1,1,0,1,1,0,0,1,0,0,0
0.00375011,1,1,1,1,1,1,1,0,1,1,0,0,1,0,0,0
0.00375013,1,0,1,0,1,1,1,0,1,1,0,0,1,0,0,0
0.00375014,1,0,0,0,1,1,1,0,1,1,0,0,1,0,0,0
0.00375018,1,0,1,0,1,1,1,0,1,1,0,0,1,0,0,0
0.00375021,1,0,0,0,1,1,1,0,1,1,0,0,1,0,0,0
0.00375097,1,1,1,1,1,1,1,0,1,1,0,0,1,0,0,0
0.00375099,1,1,1,1,1,1,1,1,1,1,0,0,1,0,0,0
0.00375105,0,1,0,0,1,0,0,0,1,1,0,0,1,0,0,0
0.0037511,0,1,1,1,1,0,0,0,1,1,0,0,1,0,0,0
0.00375111,1,1,1,1,1,1,0,0,1,1,0,0,1,0,0,0
0.00375112,1,1,1,1,1,0,0,0,1,1,0,0,1,0,0,0
0.00375113,0,1,1,0,1,0,0,0,1,1,0,0,1,0,0,0
0.00375114,0,1,0,0,1,0,0,0,1,1,0,0,1,0,0,0
0.00375118,0,1,1,0,1,0,0,0,1,1,0,0,1,0,0,0
0.00375121,0,1,0,0,1,0,0,0,1,1,0,0,1,0,0,0
0.00375142,0,1,0,0,1,0,0,0,0,1,0,0,1,0,0,0
0.00375195,1,1,0,0,1,0,0,0,0,1,0,0,1,0,0,0
0.00375196,0,1,1,1,1,0,0,0,0,1,0,0,1,0,0,0
0.00375197,1,1,1,1,1,0,0,0,0,1,0,0,1,0,0,0
0.00375198,1,1,1,1,1,1,0,0,0,1,0,0,1,0,0,0
0.00375199,1,1,1,1,1,1,1,1,0,1,0,0,1,0,0,0
0.00375201,1,1,0,0,1,1,1,1,0,1,0,0,1,0,0,0
0.00375202,1,1,0,0,1,1,0,0,0,1,0,0,1,0,0,0
0.00375206,1,1,1,1,1,1,0,0,0,1,0,0,1,0,0,0
0.00375208,1,1,1,0,1,1,0,0,0,1,0,0,1,0,0,0
0.00375209,1,1,0,0,1,1,0,0,0,1,0,0,1,0,0,0
0.00375293,1,1,1,0,1,1,0,0,0,1,0,0,1,0,0,0
0.00375294,1,1,0,0,1,1,1,0,0,1,0,0,1,0,0,0
0.00375295,1,1,0,1,1,1,1,1,0,1,0,0,1,0,0,0
0.00375296,1,1,1,1,1,1,1,1,0,1,0,0,1,0,0,0
0.003753,1,1,1,1,1,0,1,1,0,1,0,0,1,0,0,0
0.00375301,1,0,0,0,1,0,0,0,0,1,0,0,1,0,0,0
0.00375305,1,1,1,1,1,0,0,0,0,1,0,0,1,0,0,0
0.00375306,1,1,1,1,1,1,1,0,0,1,0,0,1,0,0,0
0.00375308,1,1,1,1,1,0,0,0,0,1,0,0,1,0,0,0
0.00375309,1,0,1,0,1,0,0,0,0,1,0,0,1,0,0,0
0.0037531,1,0,0,0,1,0,0,0,0,1,0,0,1,0,0,0
0.00375312,1,0,1,0,1,0,0,0,0,1,0,0,1,0,0,0
0.00375313,1,0,1,1,1,0,0,0,0,1,0,0,1,0,0,0
0.00375316,1,0,1,0,1,0,0,0,0,1,0,0,1,0,0,0
0.00375318,1,0,0,0,1,0,0,0,0,1,0,0,1,0,0,0
0.0037532,1,0,1,0,1,0,0,0,0,1,0,0,1,0,0,0
0.00375328,1,0,0,0,1,0,0,0,0,1,0,0,1,0,0,0
0.00375329,1,0,1,0,1,0,0,0,0,1,0,0,1,0,0,0
0.00375331,1,0,0,0,1,0,0,0,0,1,0,0,1,0,0,0
0.00375335,1,0,1,0,1,0,0,0,0,1,0,0,1,0,0,0
0.00375336,1,0,0,0,1,0,0,0,0,1,0,0,1,0,0,0
0.00375337,1,0,1,0,1,0,0,0,0,0,0,0,1,0,0,0
0.00375338,1,0,1,0,1,0,0,0,1,0,0,0,1,0,0,0
0.00375339,1,0,0,0,1,0,0,0,1,0,0,0,1,0,0,0
0.00375343,1,0,1,0,1,0,0,0,1,0,0,0,1,0,0,0
0.00375345,1,0,0,0,1,0,0,0,0,0,0,0,0,0,0,0
0.00375346,1,0,0,0,1,0,0,0,1,0,0,0,1,0,0,0
0.0037535,1,0,1,0,1,0,0,0,1,0,0,0,1,0,0,0
0.00375353,1,0,0,0,1,0,0,0,1,0,0,0,1,0,0,0
0.0037539,1,1,1,1,1,0,0,0,1,0,0,0,1,0,0,0
0.00375392,1,1,1,1,1,1,1,1,1,0,0,0,1,0,0,0
0.00375397,1,1,1,1,1,1,1,0,1,0,0,0,1,0,0,0
0.00375398,0,0,1,1,1,0,1,0,1,0,0,0,1,0,0,0
0.00375402,1,1,1,1,1,1,1,1,1,0,0,0,1,0,0,0
0.00375403,1,1,1,1,1,1,1,0,1,0,0,0,1,0,0,0
0.00375404,0,0,1,1,1,0,1,0,1,0,0,0,1,0,0,0
0.00375488,1,1,1,1,1,0,1,0,1,0,0,0,1,0,0,0
0.00375489,1,1,1,1,1,0,1,1,1,0,0,0,1,0,0,0
0.0037549,1,1,1,1,1,1,1,1,1,0,0,0,1,0,0,0
0.00375495,1,1,1,1,0,1,1,1,1,0,0,0,1,0,0,0
0.00375496,1,1,0,1,0,1,0,0,1,0,0,0,1,0,0,0
0.003755,1,1,1,1,0,1,0,0,1,0,0,0,1,0,0,0
0.00375502,1,1,0,1,0,1,0,0,1,0,0,0,1,0,0,0
0.00375532,1,1,0,1,0,1,0,0,1,0,0,0,0,0,0,0
0.00375533,1,1,0,1,0,1,0,0,1,1,0,1,0,0,0,0
0.00375534,1,1,0,1,0,1,0,0,1,1,0,1,0,1,0,0
0.0037554,1,1,0,1,0,1,0,0,0,0,0,0,0,0,0,0
0.00375541,1,1,0,1,0,1,0,0,1,1,0,1,0,1,0,0
0.00375587,1,1,1,1,0,1,1,0,1,1,0,1,0,1,0,0
0.00375588,1,1,1,1,0,1,1,1,1,1,0,1,0,1,0,0
0.0037559,1,1,1,1,0,1,1,0,1,1,0,1,0,1,0,0
0.00375591,1,1,1,1,0,1,1,1,1,1,0,1,0,1,0,0
0.00375592,1,1,1,1,1,1,1,1,1,1,0,1,0,1,0,0
0.00375593,0,0,1,0,1,1,1,1,1,1,0,1,0,1,0,0
0.00375594,0,0,0,0,0,0,1,0,1,1,0,1,0,1,0,0
0.00375598,0,0,1,0,0,0,1,0,1,1,0,1,0,1,0,0
0.00375599,0,0,1,0,0,1,1,0,1,1,0,1,0,1,0,0
0.003756,0,0,1,0,0,0,1,0,1,1,0,1,0,1,0,0
0.00375601,0,0,0,0,0,0,1,0,1,1,0,1,0,1,0,0
0.00375685,0,0,0,0,0,0,1,1,1,1,0,1,0,1,0,0
0.00375686,0,0,1,0,0,0,0,1,1,1,0,1,0,1,0,0
0.00375688,0,0,0,0,0,0,0,1,1,1,0,1,0,1,0,0
0.00375783,1,1,0,0,1,0,0,1,1,1,0,1,0,1,0,0
0.00375784,1,1,0,0,1,0,1,1,1,1,0,1,0,1,0,0
0.00375785,1,1,0,0,1,1,1,1,1,1,0,1,0,1,0,0
0.00375786,1,1,1,1,1,1,1,1,1,1,0,1,0,1,0,0
0.00375788,1,1,1,1,1,1,1,0,1,1,0,1,0,1,0,0
0.00375789,0,1,1,1,0,1,0,0,1,1,0,1,0,1,0,0
0.00375794,1,1,1,1,0,1,0,0,1,1,0,1,0,1,0,0
0.00375795,0,1,1,1,0,1,0,0,1,1,0,1,0,1,0,0
0.00375878,0,1,1,1,1,1,1,0,1,1,0,1,0,1,0,0
0.00375879,0,1,1,1,0,1,1,0,1,1,0,1,0,1,0,0
0.0037588,0,1,1,1,0,1,0,0,1,1,0,1,0,1,0,0
0.00375885,1,1,1,1,1,1,1,1,1,1,0,1,0,1,0,0
0.0037589,0,1,0,0,1,1,1,1,1,1,0,1,0,1,0,0
0.00375891,0,1,0,0,1,0,1,1,1,1,0,1,0,1,0,0
0.00375892,0,1,0,0,0,0,0,1,1,1,0,1,0,1,0,0
0.00375923,0,1,0,0,0,0,0,1,0,1,0,0,0,0,0,0
0.00375924,0,1,0,0,0,0,0,1,0,1,0,0,0,0,0,1
0.00375976,0,1,1,0,0,1,0,1,0,1,0,0,0,0,0,1
0.00375977,0,1,1,1,0,1,0,1,0,1,0,0,0,0,0,1
0.00375978,0,1,1,1,1,1,0,0,0,1,0,0,0,0,0,1
0.00375979,1,1,1,1,1,1,0,0,0,1,0,0,0,0,0,1
0.0037598,0,1,1,1,0,1,0,0,0,1,0,0,0,0,0,1
0.0037608,1,1,1,1,1,1,1,1,0,1,0,0,0,0,0,1
0.00376085,1,1,1,0,1,1,1,1,0,1,0,0,0,0,0,1
0.00376086,0,1,0,0,1,0,1,1,0,1,0,0,0,0,0,1
0.00376091,0,1,1,0,1,1,1,1,0,1,0,0,0,0,0,1
0.00376092,0,1,0,0,1,0,1,1,0,1,0,0,0,0,0,1
0.00376118,0,1,0,0,1,0,1,1,0,1,0,0,0,0,0,0
0.00376119,0,1,0,0,1,0,1,1,0,1,0,0,1,0,1,1
0.00376171,0,1,1,1,1,0,1,1,0,1,0,0,1,0,1,1
0.00376172,1,1,1,1,1,0,1,1,0,1,0,0,1,0,1,1
0.00376173,1,1,1,1,1,1,1,1,0,1,0,0,1,0,1,1
0.00376177,1,1,1,1,1,1,1,0,0,1,0,0,1,0,1,1
0.00376178,0,1,1,1,0,1,0,0,0,1,0,0,1,0,1,1
0.00376182,1,1,1,1,0,1,0,0,0,1,0,0,1,0,1,1
0.00376184,0,1,1,1,0,1,0,0,0,1,0,0,1,0,1,1
0.00376271,1,1,1,1,0,1,1,0,0,1,0,0,1,0,1,1
0.00376272,1,1,1,1,1,1,1,0,0,1,0,0,1,0,1,1
0.00376273,1,1,1,1,1,1,1,1,0,1,0,0,1,0,1,1
0.00376367,1,0,0,0,0,0,1,0,0,1,0,0,1,0,1,1
0.00376368,0,0,0,0,0,0,0,0,0,1,0,0,1,0,1,1
0.00376371,1,0,1,0,0,0,0,0,0,1,0,0,1,0,1,1
0.00376372,0,0,0,0,0,0,0,0,0,1,0,0,1,0,1,1
0.00376463,1,0,1,0,0,0,0,0,0,1,0,0,1,0,1,1
0.00376465,0,0,0,0,0,0,0,0,0,1,0,0,1,0,1,1
0.00376467,0,0,1,0,0,0,0,0,0,1,0,0,1,0,1,1
0.00376468,0,1,1,1,0,1,0,0,0,1,0,0,1,0,1,1
0.0037647,1,1,1,1,1,1,1,1,0,1,0,0,1,0,1,1
0.00376476,0,1,0,0,1,1,0,0,0,1,0,0,1,0,1,1
0.0037648,1,1,1,0,1,1,0,0,0,1,0,0,1,0,1,1
0.00376481,1,1,1,1,1,1,1,1,0,1,0,0,1,0,1,1
0.00376482,1,1,1,1,1,1,0,0,0,1,0,0,1,0,1,1
0.00376483,0,1,1,0,1,1,0,0,0,1,0,0,1,0,1,1
0.00376484,0,1,0,0,1,1,0,0,0,1,0,0,1,0,1,1
0.00376488,0,1,1,0,1,1,0,0,0,1,0,0,1,0,1,1
0.0037649,0,1,0,0,1,1,0,0,0,1,0,0,1,0,1,1
0.00376509,0,1,0,0,1,1,0,0,0,1,0,0,1,0,0,0
0.0037651,0,1,0,0,1,1,0,0,0,1,0,0,1,1,0,0
0.00376562,1,1,0,1,1,1,0,0,0,1,0,0,1,1,0,0
0.00376563,1,1,1,1,1,1,0,0,0,1,0,0,1,1,0,0
0.00376565,1,1,1,1,1,1,0,1,0,1,0,0,1,1,0,0
0.00376567,1,1,1,1,1,1,1,1,0,1,0,0,1,1,0,0
0.00376568,1,1,1,1,0,1,1,1,0,1,0,0,1,1,0,0
0.00376569,1,0,0,1,0,1,0,0,0,1,0,0,1,1,0,0
0.00376573,1,0,1,1,0,1,0,0,0,1,0,0,1,1,0,0
0.00376576,1,0,0,1,0,1,0,0,0,1,0,0,1,1,0,0
0.00376659,1,1,1,1,0,1,0,0,0,1,0,0,1,1,0,0
0.0037666,1,1,1,1,1,1,1,1,0,1,0,0,1,1,0,0
0.00376666,1,1,1,1,0,0,1,0,0,1,0,0,1,1,0,0
0.00376667,1,1,0,1,0,0,0,0,0,1,0,0,1,1,0,0
0.00376671,1,1,1,1,0,0,0,0,0,1,0,0,1,1,0,0
0.00376672,1,1,1,1,0,0,1,0,0,1,0,0,1,1,0,0
0.00376673,1,1,1,1,0,0,0,0,0,1,0,0,1,1,0,0
0.00376674,1,1,0,1,0,0,0,0,0,1,0,0,1,1,0,0
0.00376759,1,1,1,1,0,0,1,0,0,1,0,0,1,1,0,0
0.0037676,1,1,1,1,1,1,1,1,0,1,0,0,1,1,0,0
0.0037686,0,0,0,1,1,0,1,0,0,1,0,0,1,1,0,0
0.00376863,1,1,1,1,1,1,1,1,0,1,0,0,1,1,0,0
0.00376868,1,1,1,1,0,1,1,1,0,1,0,0,1,1,0,0
0.00376869,0,1,1,0,0,1,0,1,0,1,0,0,1,1,0,0
0.00376874,1,1,1,0,0,1,0,1,0,1,0,0,1,1,0,0
0.00376875,0,1,1,0,0,1,0,1,0,1,0,0,1,1,0,0
0.00376899,0,1,1,0,0,1,0,1,0,1,0,0,0,1,0,0
0.003769,0,1,1,0,0,1,0,1,0,1,1,0,0,1,0,1
0.00376952,1,1,1,1,0,1,0,1,0,1,1,0,0,1,0,1
0.00376955,1,1,1,1,1,1,1,1,0,1,1,0,0,1,0,1
0.0037696,0,0,0,0,0,0,1,0,0,1,1,0,0,1,0,1
0.00376964,1,0,1,0,0,0,1,0,0,1,1,0,0,1,0,1
0.00376965,1,0,1,1,0,1,1,0,0,1,1,0,0,1,0,1
0.00376966,1,1,1,1,0,1,1,0,0,1,1,0,0,1,0,1
0.00376969,1,0,1,1,0,0,1,0,0,1,1,0,0,1,0,1
0.0037697,0,0,0,0,0,0,1,0,0,1,1,0,0,1,0,1
0.00376972,0,0,1,0,0,0,1,0,0,1,1,0,0,1,0,1
0.00376973,1,0,1,1,0,0,1,0,0,1,1,0,0,1,0,1
0.00376978,0,0,1,0,0,0,1,0,0,1,1,0,0,1,0,1
0.00376981,0,0,1,1,0,0,1,0,0,1,1,0,0,1,0,1
0.00376982,1,0,1,1,0,0,1,0,0,1,1,0,0,1,0,1
0.00376983,0,0,1,1,0,0,1,0,0,1,1,0,0,1,0,1
0.00376985,0,0,1,0,0,0,1,0,0,1,1,0,0,1,0,1
0.00376998,1,0,1,1,0,0,1,0,0,1,1,0,0,1,0,1
0.00376999,0,0,1,0,0,0,1,0,0,1,1,0,0,1,0,1
0.00377037,0,0,0,0,0,0,1,0,0,1,1,0,0,1,0,1
0.00377041,0,0,1,0,0,0,1,0,0,1,1,0,0,1,0,1
0.00377043,0,0,0,0,0,0,1,0,0,1,1,0,0,1,0,1
0.00377044,0,0,1,0,0,0,1,0,0,1,1,0,0,1,0,1
0.00377046,0,0,0,0,0,0,1,0,0,1,1,0,0,1,0,1
0.00377048,0,0,1,0,0,0,1,0,0,1,1,0,0,1,0,1
0.00377049,0,0,0,0,0,0,1,0,0,1,1,0,0,1,0,1
0.0037705,1,1,1,0,0,0,1,0,0,1,1,0,0,1,0,1
0.00377051,1,1,1,1,0,0,1,1,0,1,1,0,0,1,0,1
0.00377052,1,1,1,1,1,1,1,1,0,1,1,0,0,1,0,1
0.00377056,0,0,0,0,0,0,0,1,0,1,1,0,0,1,0,1
0.0037706,1,1,1,1,0,1,0,1,0,1,1,0,0,1,0,1
0.00377061,1,1,1,1,1,1,0,1,0,1,1,0,0,1,0,1
0.00377062,1,1,1,1,1,1,1,1,0,1,1,0,0,1,0,1
0.00377064,1,0,1,1,0,1,0,1,0,1,1,0,0,1,0,1
0.00377065,0,0,0,0,0,0,0,1,0,1,1,0,0,1,0,1
0.00377068,0,0,1,1,0,1,0,1,0,1,1,0,0,1,0,1
0.00377069,1,1,1,1,0,1,0,1,0,1,1,0,0,1,0,1
0.00377072,0,0,1,1,0,1,0,1,0,1,1,0,0,1,0,1
0.00377073,0,0,1,0,0,1,0,1,0,1,1,0,0,1,0,1
0.00377076,0,0,1,1,0,1,0,1,0,1,1,0,0,1,0,1
0.00377081,0,0,1,0,0,1,0,1,0,1,1,0,0,1,0,1
0.00377094,0,0,1,0,0,0,0,1,0,1,1,0,0,1,0,1
0.00377095,0,0,1,0,0,1,0,1,0,1,1,0,0,1,0,1
0.00377096,0,0,1,1,0,1,0,1,0,1,1,0,0,1,0,1
0.00377097,0,0,1,0,0,1,0,1,0,1,1,0,0,1,0,1
0.00377099,0,0,1,0,0,0,0,1,0,1,1,0,0,1,0,1
0.003771,0,0,1,0,0,1,0,1,0,1,1,0,0,1,0,1
0.00377104,0,0,1,0,0,0,0,1,0,1,1,0,0,1,0,1
0.00377105,0,0,1,0,0,1,0,1,0,1,1,0,0,1,0,1
0.00377108,0,0,1,0,0,0,0,1,0,1,1,0,0,1,0,1
0.00377131,0,0,0,0,0,0,0,1,0,1,1,0,0,1,0,1
0.00377132,0,0,1,0,0,0,0,1,0,1,1,0,0,1,0,1
0.00377135,0,0,0,0,0,0,0,1,0,1,1,0,0,1,0,1
0.00377137,0,0,1,0,0,0,0,1,0,1,1,0,0,1,0,1
0.0037714,0,0,0,0,0,0,0,1,0,1,1,0,0,1,0,1
0.00377142,0,0,1,0,0,0,0,1,0,1,1,0,0,1,0,1
0.00377143,0,0,0,0,0,0,0,1,0,1,1,0,0,1,0,1
0.00377147,0,0,1,0,0,0,0,1,0,1,1,0,0,1,0,1
0.00377148,0,0,0,0,0,0,0,1,0,1,1,0,0,1,0,1
0.0037715,1,1,1,1,1,1,0,1,0,1,1,0,0,1,0,1
0.00377151,1,1,1,1,1,1,1,1,0,1,1,0,0,1,0,1
0.00377154,1,1,1,1,1,1,1,0,0,1,1,0,0,1,0,1
0.00377155,0,1,1,1,0,1,0,0,0,1,1,0,0,1,0,1
0.00377159,1,1,1,1,0,1,1,0,0,1,1,0,0,1,0,1
0.0037716,1,1,1,1,1,1,1,0,0,1,1,0,0,1,0,1
0.00377161,1,1,1,1,0,1,1,0,0,1,1,0,0,1,0,1
0.00377162,0,1,1,1,0,1,0,0,0,1,1,0,0,1,0,1
0.00377167,1,1,1,1,0,1,0,0,0,1,1,0,0,1,0,1
0.00377169,0,1,1,1,0,1,0,0,0,1,1,0,0,1,0,1
0.00377246,1,1,1,1,0,1,1,0,0,1,1,0,0,1,0,1
0.00377247,1,1,1,1,1,1,1,0,0,1,1,0,0,1,0,1
0.00377248,1,1,1,1,1,1,1,1,0,1,1,0,0,1,0,1
0.00377349,0,1,1,1,0,1,0,0,0,1,1,0,0,1,0,1
0.00377353,1,1,1,1,0,1,1,0,0,1,1,0,0,1,0,1
0.00377354,1,1,1,1,0,1,1,1,0,1,1,0,0,1,0,1
0.00377355,0,1,1,1,0,1,0,0,0,1,1,0,0,1,0,1
0.00377452,1,1,1,1,1,1,1,1,0,1,1,0,0,1,0,1
0.00377453,0,0,1,0,1,0,0,0,0,1,1,0,0,1,0,1
0.00377458,1,0,1,0,1,0,1,0,0,1,1,0,0,1,0,1
0.0037746,0,0,1,0,1,0,0,0,0,1,1,0,0,1,0,1
0.00377485,0,0,1,0,1,0,0,0,0,0,1,0,0,0,0,0
0.00377487,0,0,1,0,1,0,0,0,0,0,1,0,1,0,0,0
0.00377493,0,0,1,0,1,0,0,0,0,0,0,0,0,0,0,0
0.00377494,0,0,1,0,1,0,0,0,0,0,1,0,1,0,0,0
0.00377538,1,1,1,0,1,0,0,0,0,0,1,0,1,0,0,0
0.0037754,1,1,1,0,1,1,1,1,0,0,1,0,1,0,0,0
0.00377541,1,1,1,1,1,1,1,1,0,0,1,0,1,0,0,0
0.00377546,0,0,0,0,0,0,1,0,0,0,1,0,1,0,0,0
0.00377551,1,0,1,1,0,1,1,0,0,0,1,0,1,0,0,0
0.00377552,1,1,1,1,0,1,1,0,0,0,1,0,1,0,0,0
0.00377554,1,0,1,0,0,0,1,0,0,0,1,0,1,0,0,0
0.00377555,0,0,0,0,0,0,1,0,0,0,1,0,1,0,0,0
0.00377559,0,0,1,0,0,0,1,0,0,0,1,0,1,0,0,0
0.0037756,0,0,0,0,0,0,1,0,0,0,1,0,1,0,0,0
0.00377636,0,0,1,0,0,0,1,0,0,0,1,0,1,0,0,0
0.00377637,1,1,1,1,1,0,1,1,0,0,1,0,1,0,0,0
0.00377638,1,1,1,1,0,0,1,1,0,0,1,0,1,0,0,0
0.00377639,1,1,1,1,1,1,1,1,0,0,1,0,1,0,0,0
0.00377643,0,0,0,0,0,0,0,1,0,0,1,0,1,0,0,0
0.00377647,0,0,1,1,0,1,0,1,0,0,1,0,1,0,0,0
0.00377648,1,1,1,1,0,1,1,1,0,0,1,0,1,0,0,0
0.0037765,1,0,1,1,0,1,1,1,0,0,1,0,1,0,0,0
0.00377651,0,0,1,0,0,0,0,1,0,0,1,0,1,0,0,0
0.00377652,0,0,0,0,0,0,0,1,0,0,1,0,1,0,0,0
0.00377656,0,0,1,0,0,1,0,1,0,0,1,0,1,0,0,0
0.00377657,0,0,1,0,0,0,0,1,0,0,1,0,1,0,0,0
0.00377659,0,0,0,0,0,0,0,1,0,0,1,0,1,0,0,0
0.00377734,1,1,1,1,0,0,0,1,0,0,1,0,1,0,0,0
0.00377735,1,1,0,0,0,0,0,1,0,0,1,0,1,0,0,0
0.00377736,1,1,1,1,1,1,1,1,0,0,1,0,1,0,0,0
0.00377741,1,1,1,1,1,1,1,0,0,0,1,0,1,0,0,0
0.00377742,1,1,0,0,1,0,0,0,0,0,1,0,1,0,0,0
0.00377746,1,1,1,1,1,1,1,0,0,0,1,0,1,0,0,0
0.00377749,1,1,1,0,1,0,0,0,0,0,1,0,1,0,0,0
0.0037775,1,1,0,0,1,0,0,0,0,0,1,0,1,0,0,0
0.00377754,1,1,1,0,1,0,0,0,0,0,1,0,1,0,0,0
0.00377757,1,1,0,0,1,0,0,0,0,0,1,0,1,0,0,0
0.00377778,1,1,0,0,1,0,0,0,0,0,0,0,1,0,0,0
0.00377779,1,1,0,0,1,0,0,0,1,1,0,0,1,0,0,0
0.00377785,1,1,0,0,1,0,0,0,1,0,0,0,0,0,0,0
0.00377786,1,1,0,0,1,0,0,0,0,1,0,0,1,0,0,0
0.00377787,1,1,0,0,1,0,0,0,1,1,0,0,1,0,0,0
0.00377831,1,1,1,1,1,0,0,0,1,1,0,0,1,0,0,0
0.00377833,1,1,1,0,1,1,1,0,1,1,0,0,1,0,0,0
0.00377834,1,1,1,1,1,1,1,1,1,1,0,0,1,0,0,0
0.00377838,1,0,1,0,1,1,1,1,1,1,0,0,1,0,0,0
0.00377839,1,0,0,0,1,1,1,0,1,1,0,0,1,0,0,0
0.00377842,1,0,1,0,1,1,1,0,1,1,0,0,1,0,0,0
0.00377843,1,1,1,1,1,1,1,0,1,1,0,0,1,0,0,0
0.00377845,1,0,0,0,1,1,1,0,1,1,0,0,1,0,0,0
0.0037785,1,0,1,0,1,1,1,0,1,1,0,0,1,0,0,0
0.00377852,1,0,0,0,1,1,1,0,1,1,0,0,1,0,0,0
0.00377928,1,1,1,0,1,1,1,0,1,1,0,0,1,0,0,0
0.00377929,1,1,1,1,1,1,1,0,1,1,0,0,1,0,0,0
0.00377931,1,1,1,1,1,1,1,1,1,1,0,0,1,0,0,0
0.00377937,0,1,0,0,1,0,0,0,1,1,0,0,1,0,0,0
0.0037794,0,1,1,0,1,0,0,0,1,1,0,0,1,0,0,0
0.00377941,0,1,1,1,1,0,0,0,1,1,0,0,1,0,0,0
0.00377942,1,1,1,1,1,1,0,0,1,1,0,0,1,0,0,0
0.00377943,1,1,1,1,1,1,1,0,1,1,0,0,1,0,0,0
0.00377944,1,1,1,1,1,0,0,0,1,1,0,0,1,0,0,0
0.00377945,0,1,1,0,1,0,0,0,1,1,0,0,1,0,0,0
0.00377946,0,1,0,0,1,0,0,0,1,1,0,0,1,0,0,0
0.00377948,0,1,1,0,1,0,0,0,1,1,0,0,1,0,0,0
0.00377949,0,1,1,1,1,0,0,0,1,1,0,0,1,0,0,0
0.00377953,0,1,1,0,1,0,0,0,1,1,0,0,1,0,0,0
0.00377973,0,1,1,0,1,0,0,0,0,1,0,0,1,0,0,0
0.00377976,0,1,0,0,1,0,0,0,0,1,0,0,1,0,0,0
0.00377978,0,1,1,0,1,0,0,0,0,1,0,0,1,0,0,0
0.00377981,0,1,1,0,1,0,0,0,0,0,0,0,0,0,0,0
0.00377982,0,1,0,0,1,0,0,0,0,1,0,0,1,0,0,0
0.00377983,0,1,1,0,1,0,0,0,0,1,0,0,1,0,0,0
0.00377984,0,1,0,0,1,0,0,0,0,1,0,0,1,0,0,0
0.00377986,0,1,1,0,1,0,0,0,0,1,0,0,1,0,0,0
0.00377989,0,1,0,0,1,0,0,0,0,1,0,0,1,0,0,0
0.00377992,0,1,1,0,1,0,0,0,0,1,0,0,1,0,0,0
0.00377993,0,1,0,0,1,0,0,0,0,1,0,0,1,0,0,0
0.00377995,0,1,1,0,1,0,0,0,0,1,0,0,1,0,0,0
0.00377997,0,1,0,0,1,0,0,0,0,1,0,0,1,0,0,0
0.00378001,0,1,1,0,1,0,0,0,0,1,0,0,1,0,0,0
0.00378002,0,1,0,0,1,0,0,0,0,1,0,0,1,0,0,0
0.00378026,1,1,0,0,1,0,0,0,0,1,0,0,1,0,0,0
0.00378027,1,1,1,0,1,0,0,0,0,1,0,0,1,0,0,0
0.00378028,0,1,1,1,1,1,0,0,0,1,0,0,1,0,0,0
0.00378029,1,1,1,1,1,1,1,1,0,1,0,0,1,0,0,0
0.00378033,1,1,0,0,1,1,0,0,0,1,0,0,1,0,0,0
0.00378037,1,1,1,1,1,1,1,0,0,1,0,0,1,0,0,0
0.00378039,1,1,1,0,1,1,0,0,0,1,0,0,1,0,0,0
0.0037804,1,1,0,0,1,1,0,0,0,1,0,0,1,0,0,0
0.00378045,1,1,1,0,1,1,0,0,0,1,0,0,1,0,0,0
0.00378046,1,1,0,0,1,1,0,0,0,1,0,0,1,0,0,0
0.00378125,1,1,0,0,1,1,1,0,0,1,0,0,1,0,0,0
0.00378127,1,1,1,1,1,1,1,1,0,1,0,0,1,0,0,0
0.00378131,1,0,1,0,1,0,1,1,0,1,0,0,1,0,0,0
0.00378132,1,0,0,0,1,0,0,0,0,1,0,0,1,0,0,0
0.00378135,1,0,1,1,1,0,0,0,0,1,0,0,1,0,0,0
0.00378136,1,0,1,1,1,1,1,0,0,1,0,0,1,0,0,0
0.00378137,1,1,1,1,1,1,1,1,0,1,0,0,1,0,0,0
0.00378139,1,0,1,1,1,0,1,0,0,1,0,0,1,0,0,0
0.0037814,1,0,1,0,1,0,0,0,0,1,0,0,1,0,0,0
0.00378141,1,0,0,0,1,0,0,0,0,1,0,0,1,0,0,0
0.00378143,1,0,1,1,1,0,0,0,0,1,0,0,1,0,0,0
0.00378149,1,0,1,0,1,0,0,0,0,1,0,0,1,0,0,0
0.00378151,1,0,1,1,1,0,0,0,0,1,0,0,1,0,0,0
0.00378156,1,0,1,0,1,0,0,0,0,1,0,0,1,0,0,0
0.0037816,1,0,1,1,1,0,0,0,0,1,0,0,1,0,0,0
0.00378162,1,0,1,0,1,0,0,0,0,1,0,0,1,0,0,0
0.00378168,1,0,1,1,1,0,0,0,0,1,0,0,1,0,0,0
0.00378169,1,0,1,1,1,0,0,0,0,0,0,0,1,0,0,0
0.0037817,1,0,1,0,1,0,0,0,1,0,0,0,1,0,0,0
0.00378174,1,0,1,1,1,0,0,0,1,0,0,0,1,0,0,0
0.00378176,1,0,1,1,1,0,0,0,0,0,0,0,0,0,0,0
0.00378177,1,0,1,0,1,0,0,0,1,0,0,0,1,0,0,0
0.00378179,1,0,0,0,1,0,0,0,1,0,0,0,1,0,0,0
0.00378181,1,0,1,0,1,0,0,0,1,0,0,0,1,0,0,0
0.00378182,1,0,1,1,1,0,0,0,1,0,0,0,1,0,0,0
0.00378184,1,0,1,0,1,0,0,0,1,0,0,0,1,0,0,0
0.00378193,1,0,0,0,1,0,0,0,1,0,0,0,1,0,0,0
0.00378194,1,0,1,0,1,0,0,0,1,0,0,0,1,0,0,0
0.00378201,1,0,0,0,1,0,0,0,1,0,0,0,1,0,0,0
0.00378203,1,0,1,0,1,0,0,0,1,0,0,0,1,0,0,0
0.00378205,1,0,0,0,1,0,0,0,1,0,0,0,1,0,0,0
0.00378213,1,0,1,0,1,0,0,0,1,0,0,0,1,0,0,0
0.00378214,1,0,0,0,1,0,0,0,1,0,0,0,1,0,0,0
0.00378221,1,0,1,0,1,0,0,0,1,0,0,0,1,0,0,0
0.00378222,1,1,1,1,1,0,0,0,1,0,0,0,1,0,0,0
0.00378223,1,1,1,1,1,1,1,1,1,0,0,0,1,0,0,0
0.00378229,0,0,1,1,1,0,1,0,1,0,0,0,1,0,0,0
0.00378233,1,1,1,1,1,1,1,1,1,0,0,0,1,0,0,0
0.00378234,1,1,1,1,1,1,1,0,1,0,0,0,1,0,0,0
0.00378235,0,0,1,1,1,0,1,0,1,0,0,0,1,0,0,0
0.00378319,1,1,1,1,1,0,1,0,1,0,0,0,1,0,0,0
0.00378321,1,1,1,1,1,1,1,1,1,0,0,0,1,0,0,0
0.00378322,1,1,1,1,1,1,1,0,1,0,0,0,1,0,0,0
0.00378325,1,1,1,1,1,1,1,1,1,0,0,0,1,0,0,0
0.00378327,0,0,1,1,0,1,0,0,1,0,0,0,1,0,0,0
0.00378331,1,1,1,1,0,1,1,1,1,0,0,0,1,0,0,0
0.00378333,1,1,1,1,0,1,1,0,1,0,0,0,1,0,0,0
0.00378334,0,0,1,1,0,1,0,0,1,0,0,0,1,0,0,0
0.00378364,0,0,1,1,0,1,0,0,0,0,0,0,0,0,0,0
0.00378365,0,0,1,1,0,1,0,0,0,0,1,1,0,1,0,0
0.00378418,0,0,1,1,0,1,1,0,0,0,1,1,0,1,0,0
0.00378419,1,1,1,1,0,1,1,1,0,0,1,1,0,1,0,0
0.00378422,1,0,1,1,0,1,1,1,0,0,1,1,0,1,0,0
0.00378424,1,1,0,0,1,1,1,1,0,0,1,1,0,1,0,0
0.00378425,0,0,0,0,0,0,1,0,0,0,1,1,0,1,0,0
0.00378429,1,1,0,0,0,0,1,0,0,0,1,1,0,1,0,0
0.0037843,1,1,0,0,0,0,1,1,0,0,1,1,0,1,0,0
0.00378431,0,0,0,0,0,0,1,0,0,0,1,1,0,1,0,0
0.00378517,0,0,0,0,0,0,1,1,0,0,1,1,0,1,0,0
0.00378519,1,1,0,0,0,0,0,1,0,0,1,1,0,1,0,0
0.0037852,0,0,0,0,0,0,0,1,0,0,1,1,0,1,0,0
0.00378612,1,1,0,0,0,0,0,1,0,0,1,1,0,1,0,0
0.00378613,1,1,1,1,0,0,0,1,0,0,1,1,0,1,0,0
0.00378614,1,1,1,1,1,1,1,1,0,0,1,1,0,1,0,0
0.00378618,1,0,0,0,1,1,1,0,0,0,1,1,0,1,0,0
0.00378716,1,1,1,1,1,1,1,0,0,0,1,1,0,1,0,0
0.00378718,1,1,1,1,1,1,1,1,0,0,1,1,0,1,0,0
0.00378722,1,0,0,1,0,1,0,0,0,0,1,1,0,1,0,0
0.00378723,1,0,0,0,0,1,0,0,0,0,1,1,0,1,0,0
0.00378754,1,0,0,0,0,1,0,0,0,0,0,0,0,1,0,0
0.00378756,1,0,0,0,0,1,0,0,1,0,0,0,0,1,0,0
0.00378762,1,0,0,0,0,1,0,0,0,0,0,0,0,0,0,0
0.00378763,1,0,0,0,1,1,1,0,1,0,0,0,0,1,0,0
0.00378764,1,0,0,0,1,1,1,0,1,0,0,0,1,1,1,0
0.00378765,1,1,1,1,1,1,1,1,1,0,0,0,1,1,1,0
0.00378766,1,1,1,1,0,1,0,1,1,0,0,0,0,1,0,0
0.00378767,1,0,0,0,0,1,0,0,1,0,0,0,0,1,0,0
0.00378807,1,1,1,1,0,1,0,0,1,0,0,0,0,1,0,0
0.0037881,1,1,1,1,1,1,1,1,1,0,0,0,0,1,0,0
0.00378815,0,0,0,0,0,0,1,0,1,0,0,0,0,1,0,0
0.0037882,0,0,1,1,0,0,1,0,1,0,0,0,0,1,0,0
0.00378821,1,1,1,1,0,0,1,0,1,0,0,0,0,1,0,0
0.00378823,0,0,1,1,0,0,1,0,1,0,0,0,0,1,0,0
0.00378824,0,0,0,0,0,0,1,0,1,0,0,0,0,1,0,0
0.00378905,0,1,1,1,0,0,1,0,1,0,0,0,0,1,0,0
0.00378906,1,1,1,1,1,1,1,0,1,0,0,0,0,1,0,0
0.00378907,1,1,1,1,1,1,1,1,1,0,0,0,0,1,0,0
0.00378912,0,0,0,0,0,0,0,1,1,0,0,0,0,1,0,0
0.00378916,1,1,1,1,0,1,0,1,1,0,0,0,0,1,0,0
0.0037892,1,0,1,1,0,0,0,1,1,0,0,0,0,1,0,0
0.00378921,0,0,0,0,0,0,0,1,1,0,0,0,0,1,0,0
0.00378924,0,0,1,0,0,0,0,1,1,0,0,0,0,1,0,0
0.00378925,1,0,1,1,0,0,0,1,1,0,0,0,0,1,0,0
0.00378926,0,0,1,1,0,0,0,1,1,0,0,0,0,1,0,0
0.00378927,0,0,1,0,0,0,0,1,1,0,0,0,0,1,0,0
0.00378929,0,0,0,0,0,0,0,1,1,0,0,0,0,1,0,0
0.00378933,0,0,1,0,0,0,0,1,1,0,0,0,0,1,0,0
0.00378936,0,0,0,0,0,0,0,1,1,0,0,0,0,1,0,0
0.00379002,1,1,0,0,0,0,0,1,1,0,0,0,0,1,0,0
0.00379005,1,1,1,1,1,1,0,1,1,0,0,0,0,1,0,0
0.00379006,1,1,1,1,1,1,1,1,1,0,0,0,0,1,0,0
0.00379011,1,0,0,0,1,1,1,0,1,0,0,0,0,1,0,0
0.00379015,1,1,1,1,1,1,1,0,1,0,0,0,0,1,0,0
0.00379018,1,0,0,0,1,1,1,0,1,0,0,0,0,1,0,0
0.00379106,1,0,1,0,1,1,1,0,1,0,0,0,0,1,0,0
0.00379107,1,1,1,1,1,1,1,1,1,0,0,0,0,1,0,0
0.00379112,0,1,0,0,1,1,1,1,1,0,0,0,0,1,0,0
0.00379113,0,1,0,0,1,0,1,1,1,0,0,0,0,1,0,0
0.00379117,0,1,1,1,1,0,1,1,1,0,0,0,0,1,0,0
0.00379119,0,1,0,0,1,0,1,1,1,0,0,0,0,1,0,0
0.00379145,0,1,0,0,1,0,1,1,0,1,0,0,0,0,0,0
0.00379146,0,1,0,0,1,0,1,1,0,1,0,0,1,0,1,1
0.00379198,1,1,0,0,1,0,1,1,0,1,0,0,1,0,1,1
0.00379199,0,1,0,0,1,0,1,1,0,1,0,0,1,0,1,1
0.003792,0,1,1,1,1,0,1,1,0,1,0,0,1,0,1,1
0.00379201,1,1,1,1,1,1,1,1,0,1,0,0,1,0,1,1
0.00379204,1,1,1,1,1,1,1,0,0,1,0,0,1,0,1,1
0.00379205,1,0,0,0,1,1,1,0,0,1,0,0,1,0,1,1
0.00379297,1,1,1,0,1,1,1,0,0,1,0,0,1,0,1,1
0.00379298,1,1,1,1,1,1,1,1,0,1,0,0,1,0,1,1
0.00379394,0,0,0,0,0,0,0,0,0,1,0,0,1,0,1,1
0.00379494,1,0,0,0,1,1,0,0,0,1,0,0,1,0,1,1
0.00379495,1,0,0,0,1,1,1,0,0,1,0,0,1,0,1,1
0.00379497,1,1,1,1,1,1,1,1,0,1,0,0,1,0,1,1
0.00379503,0,1,0,0,1,1,0,0,0,1,0,0,1,0,1,1
0.00379507,1,1,1,0,1,1,0,0,0,1,0,0,1,0,1,1
0.00379508,1,1,1,1,1,1,1,0,0,1,0,0,1,0,1,1
0.00379509,0,1,1,0,1,1,0,0,0,1,0,0,1,0,1,1
0.0037951,0,1,0,0,1,1,0,0,0,1,0,0,1,0,1,1
0.00379536,0,1,0,0,1,1,0,0,0,1,0,0,1,0,0,0
0.00379537,0,1,0,0,1,1,0,0,0,1,0,0,1,1,0,0
0.00379588,0,1,1,0,1,1,0,0,0,1,0,0,1,1,0,0
0.00379589,1,1,1,1,1,1,0,0,0,1,0,0,1,1,0,0
0.0037959,1,1,1,1,1,1,1,1,0,1,0,0,1,1,0,0
0.00379595,1,1,1,1,0,1,1,1,0,1,0,0,1,1,0,0
0.00379596,0,0,1,1,0,1,0,0,0,1,0,0,1,1,0,0
0.003796,1,1,1,1,0,1,1,0,0,1,0,0,1,1,0,0
0.00379601,1,1,1,1,0,1,1,1,0,1,0,0,1,1,0,0
0.00379602,0,0,1,1,0,1,0,0,0,1,0,0,1,1,0,0
0.00379687,1,1,1,1,0,1,0,1,0,1,0,0,1,1,0,0
0.00379688,1,1,1,1,1,1,1,1,0,1,0,0,1,1,0,0
0.00379693,1,1,1,1,0,0,0,0,0,1,0,0,1,1,0,0
0.00379694,1,1,0,1,0,0,0,0,0,1,0,0,1,1,0,0
0.00379698,1,1,1,1,0,0,0,0,0,1,0,0,1,1,0,0
0.00379699,1,1,1,1,0,0,1,0,0,1,0,0,1,1,0,0
0.003797,1,1,0,1,0,0,0,0,0,1,0,0,1,1,0,0
0.00379785,1,1,1,1,0,0,0,0,0,1,0,0,1,1,0,0
0.00379786,1,1,1,1,0,1,1,1,0,1,0,0,1,1,0,0
0.00379787,1,1,1,1,1,1,1,1,0,1,0,0,1,1,0,0
0.00379884,1,1,1,1,1,0,0,0,0,1,0,0,1,1,0,0
0.00379885,1,1,0,1,1,0,1,0,0,1,0,0,1,1,0,0
0.00379886,0,0,0,1,1,0,1,0,0,1,0,0,1,1,0,0
0.00379888,0,0,1,1,1,0,1,0,0,1,0,0,1,1,0,0
0.00379891,1,1,1,1,1,0,1,0,0,1,0,0,1,1,0,0
0.00379893,0,0,1,1,1,0,1,0,0,1,0,0,1,1,0,0
0.00379894,1,1,1,1,1,0,1,0,0,1,0,0,1,1,0,0
0.00379895,1,1,1,0,1,0,0,0,0,1,0,0,1,1,0,0
0.00379896,0,0,1,0,1,0,0,0,0,1,0,0,1,1,0,0
0.003799,1,1,1,0,1,0,0,0,0,1,0,0,1,1,0,0
0.00379902,0,0,1,0,1,0,0,0,0,1,0,0,1,1,0,0
0.00379926,0,0,1,0,1,0,0,0,0,0,0,0,1,0,0,0
0.00379928,0,0,1,0,1,0,0,0,0,0,1,0,1,0,0,0
0.00379934,0,0,1,0,1,0,0,0,0,0,0,0,0,0,0,0
0.00379935,0,0,1,0,1,0,0,0,0,0,1,0,1,0,0,0
0.00379981,1,1,1,0,1,0,0,0,0,0,1,0,1,0,0,0
0.00379982,1,1,1,1,1,1,1,0,0,0,1,0,1,0,0,0
0.00379983,1,1,1,1,1,1,1,1,0,0,1,0,1,0,0,0
0.00380084,0,0,0,0,0,0,0,1,0,0,1,0,1,0,0,0
0.00380089,1,0,1,0,0,0,0,1,0,0,1,0,1,0,0,0
0.0038009,1,1,1,1,0,1,0,1,0,0,1,0,1,0,0,0
0.00380091,1,1,1,1,0,0,0,1,0,0,1,0,1,0,0,0
0.00380092,1,0,1,0,0,0,0,1,0,0,1,0,1,0,0,0
0.00380093,0,0,0,0,0,0,0,1,0,0,1,0,1,0,0,0
0.00380098,0,0,1,0,0,0,0,1,0,0,1,0,1,0,0,0
0.003801,0,0,0,0,0,0,0,1,0,0,1,0,1,0,0,0
0.00380174,1,1,1,1,0,0,0,1,0,0,1,0,1,0,0,0
0.00380175,1,1,1,1,1,1,0,1,0,0,1,0,1,0,0,0
0.00380176,1,1,1,1,1,1,1,1,0,0,1,0,1,0,0,0
0.00380182,1,0,0,0,1,1,0,0,0,0,1,0,1,0,0,0
0.00380186,1,1,1,1,1,1,0,0,0,0,1,0,1,0,0,0
0.00380187,1,1,1,1,1,1,1,0,0,0,1,0,1,0,0,0
0.00380189,1,0,1,0,1,1,0,0,0,0,1,0,1,0,0,0
0.0038019,1,0,0,0,1,1,0,0,0,0,1,0,1,0,0,0
0.00380194,1,0,1,0,1,1,0,0,0,0,1,0,1,0,0,0
0.00380197,1,0,0,0,1,1,0,0,0,0,1,0,1,0,0,0
0.00380219,1,0,0,0,1,1,0,0,0,0,0,0,1,0,0,0
0.0038022,1,0,0,0,1,1,0,0,1,0,0,0,1,1,0,0
0.00380226,1,0,0,0,1,1,0,0,1,0,0,0,0,0,0,0
0.00380227,1,0,0,0,1,1,0,0,0,0,0,0,1,1,0,0
0.00380228,1,0,0,0,1,1,0,0,1,0,0,0,1,1,0,0
0.00380272,1,0,0,1,1,1,0,0,1,0,0,0,1,1,0,0
0.00380273,1,0,1,0,1,1,0,0,1,0,0,0,1,1,0,0
0.00380274,1,1,1,1,1,1,1,0,1,0,0,0,1,1,0,0
0.00380275,1,1,1,1,1,1,1,1,1,0,0,0,1,1,0,0
0.00380278,1,1,1,1,1,1,1,0,1,0,0,0,1,1,0,0
0.00380279,0,0,0,1,1,1,1,0,1,0,0,0,1,1,0,0
0.00380283,1,1,1,1,1,1,1,0,1,0,0,0,1,1,0,0
0.00380284,0,1,1,1,1,1,1,0,1,0,0,0,1,1,0,0
0.00380285,0,0,0,1,1,1,1,0,1,0,0,0,1,1,0,0
0.0038037,1,1,1,1,1,1,1,0,1,0,0,0,1,1,0,0
0.00380372,1,1,1,1,1,1,1,1,1,0,0,0,1,1,0,0
0.00380376,1,1,1,1,1,0,1,1,1,0,0,0,1,1,0,0
0.00380377,1,0,0,0,0,0,0,0,1,0,0,0,1,1,0,0
0.00380381,1,1,1,0,0,0,0,0,1,0,0,0,1,1,0,0
0.00380382,1,1,1,1,0,0,0,0,1,0,0,0,1,1,0,0
0.00380383,1,1,1,1,0,0,1,0,1,0,0,0,1,1,0,0
0.00380384,1,1,1,1,0,0,0,0,1,0,0,0,1,1,0,0
0.00380386,1,0,1,0,0,0,0,0,1,0,0,0,1,1,0,0
0.00380387,1,0,0,0,0,0,0,0,1,0,0,0,1,1,0,0
0.00380389,1,0,1,0,0,0,0,0,1,0,0,0,1,1,0,0
0.0038039,1,1,1,1,0,0,0,0,1,0,0,0,1,1,0,0
0.00380393,1,1,1,0,0,0,0,0,1,0,0,0,1,1,0,0
0.00380394,1,0,1,0,0,0,0,0,1,0,0,0,1,1,0,0
0.003804,1,1,1,0,0,0,0,0,1,0,0,0,1,1,0,0
0.00380401,1,0,1,0,0,0,0,0,1,0,0,0,1,1,0,0
0.00380415,1,1,1,0,0,0,0,0,1,0,0,0,1,1,0,0
0.00380416,1,0,1,0,0,0,0,0,1,0,0,0,1,1,0,0
0.00380441,1,0,0,0,0,0,0,0,1,0,0,0,1,1,0,0
0.00380442,1,0,1,0,0,0,0,0,1,0,0,0,1,1,0,0
0.00380444,1,0,0,0,0,0,0,0,1,0,0,0,1,1,0,0
0.00380465,1,0,1,0,0,0,0,0,1,0,0,0,1,1,0,0
0.00380466,1,0,0,0,0,0,0,0,1,0,0,0,1,1,0,0
0.00380467,1,0,1,0,0,0,0,0,1,0,0,0,1,1,0,0
0.00380468,1,1,1,1,0,0,0,0,1,0,0,0,1,1,0,0
0.00380469,1,1,1,1,1,1,1,1,1,0,0,0,1,1,0,0
0.0038057,0,1,1,1,1,0,1,0,1,0,0,0,1,1,0,0
0.00380571,0,0,1,0,1,0,0,0,1,0,0,0,1,1,0,0
0.00380575,1,1,1,1,1,1,1,0,1,0,0,0,1,1,0,0
0.00380577,0,1,1,1,1,1,1,0,1,0,0,0,1,1,0,0
0.00380578,0,0,1,0,1,0,0,0,1,0,0,0,1,1,0,0
0.00380583,0,0,1,1,1,0,0,0,1,0,0,0,1,1,0,0
0.00380584,0,0,1,0,1,0,0,0,1,0,0,0,1,1,0,0
0.0038061,0,0,1,0,1,0,0,0,0,0,0,0,1,0,0,0
0.00380611,0,0,1,0,1,0,0,0,0,0,1,0,1,0,0,0
0.00380617,0,0,1,0,1,0,0,0,0,0,0,0,0,0,0,0
0.00380618,1,0,1,0,1,0,0,0,0,0,1,0,1,0,0,0
0.0038062,1,1,1,1,1,0,0,0,1,0,1,0,1,0,0,0
0.00380621,0,0,1,1,1,1,1,1,0,0,1,0,1,0,0,0
0.00380622,0,0,1,0,1,0,0,0,0,0,1,0,1,0,0,0
0.00380662,1,0,1,0,1,0,0,0,0,0,1,0,1,0,0,0
0.00380663,1,1,1,1,1,0,0,0,0,0,1,0,1,0,0,0
0.00380664,1,1,1,1,1,1,1,1,0,0,1,0,1,0,0,0
0.00380768,0,0,0,0,0,0,0,1,0,0,1,0,1,0,0,0
0.00380772,0,1,0,0,0,1,0,1,0,0,1,0,1,0,0,0
0.00380773,1,1,1,1,0,1,0,1,0,0,1,0,1,0,0,0
0.00380774,1,1,1,1,0,1,1,1,0,0,1,0,1,0,0,0
0.00380776,1,1,1,1,0,1,0,1,0,0,1,0,1,0,0,0
0.00380777,0,0,0,0,0,0,0,1,0,0,1,0,1,0,0,0
0.0038078,0,0,0,1,0,0,0,1,0,0,1,0,1,0,0,0
0.00380781,0,0,1,1,0,0,0,1,0,0,1,0,1,0,0,0
0.00380783,1,0,1,1,0,0,0,1,0,0,1,0,1,0,0,0
0.00380784,0,0,1,1,0,0,0,1,0,0,1,0,1,0,0,0
0.00380785,0,0,0,1,0,0,0,1,0,0,1,0,1,0,0,0
0.00380786,0,0,0,0,0,0,0,1,0,0,1,0,1,0,0,0
0.00380788,0,0,0,1,0,0,0,1,0,0,1,0,1,0,0,0
0.0038079,1,0,1,1,0,0,0,1,0,0,1,0,1,0,0,0
0.00380791,0,0,1,1,0,0,0,1,0,0,1,0,1,0,0,0
0.00380792,0,0,0,1,0,0,0,1,0,0,1,0,1,0,0,0
0.00380801,0,0,0,0,0,0,0,1,0,0,1,0,1,0,0,0
0.00380803,0,0,1,1,0,0,0,1,0,0,1,0,1,0,0,0
0.00380805,0,0,0,1,0,0,0,1,0,0,1,0,1,0,0,0
0.00380807,0,0,1,1,0,0,0,1,0,0,1,0,1,0,0,0
0.00380808,0,0,0,1,0,0,0,1,0,0,1,0,1,0,0,0
0.00380809,0,0,0,0,0,0,0,1,0,0,1,0,1,0,0,0
0.00380811,0,0,0,1,0,0,0,1,0,0,1,0,1,0,0,0
0.00380812,0,0,1,1,0,0,0,1,0,0,1,0,1,0,0,0
0.00380814,0,0,0,1,0,0,0,1,0,0,1,0,1,0,0,0
0.00380816,0,0,0,0,0,0,0,1,0,0,1,0,1,0,0,0
0.00380817,0,0,0,1,0,0,0,1,0,0,1,0,1,0,0,0
0.00380819,0,0,0,0,0,0,0,1,0,0,1,0,1,0,0,0
0.00380822,0,0,1,1,0,0,0,1,0,0,1,0,1,0,0,0
0.00380823,0,0,0,0,0,0,0,1,0,0,1,0,1,0,0,0
0.00380858,1,1,1,1,0,0,0,1,0,0,1,0,1,0,0,0
0.0038086,1,1,1,1,1,1,1,1,0,0,1,0,1,0,0,0
0.00380864,1,1,1,1,1,1,1,0,0,0,1,0,1,0,0,0
0.00380865,0,1,0,0,1,0,0,0,0,0,1,0,1,0,0,0
0.00380868,1,1,1,1,1,1,0,0,0,0,1,0,1,0,0,0
0.00380869,1,1,1,1,1,1,1,0,0,0,1,0,1,0,0,0
0.00380873,0,1,1,1,1,0,0,0,0,0,1,0,1,0,0,0
0.00380874,0,1,0,0,1,0,0,0,0,0,1,0,1,0,0,0
0.00380876,1,1,1,1,1,0,0,0,0,0,1,0,1,0,0,0
0.00380877,1,1,1,1,1,1,0,0,0,0,1,0,1,0,0,0
0.0038088,1,1,1,1,1,0,0,0,0,0,1,0,1,0,0,0
0.00380882,0,1,1,1,1,0,0,0,0,0,1,0,1,0,0,0
0.00380884,1,1,1,1,1,0,0,0,0,0,1,0,1,0,0,0
0.00380891,0,1,1,1,1,0,0,0,0,0,1,0,1,0,0,0
0.00380893,1,1,1,1,1,0,0,0,0,0,1,0,1,0,0,0
0.00380896,0,1,1,1,1,0,0,0,0,0,1,0,1,0,0,0
0.00380901,1,1,1,1,1,0,0,0,0,0,1,0,1,0,0,0
0.00380902,1,1,1,1,1,0,0,0,0,0,0,0,1,0,0,0
0.00380904,0,1,1,1,1,0,0,0,0,1,0,0,1,0,0,0
0.00380906,0,1,1,0,1,0,0,0,0,1,0,0,1,0,0,0
0.00380907,0,1,1,1,1,0,0,0,0,1,0,0,1,0,0,0
0.00380908,1,1,1,1,1,0,0,0,0,1,0,0,1,0,0,0
0.0038091,1,1,1,1,1,0,0,0,0,0,0,0,0,0,0,0
0.00380911,0,1,1,0,1,0,0,0,0,1,0,0,1,0,0,0
0.00380912,0,1,1,1,1,0,0,0,0,1,0,0,1,0,0,0
0.00380913,0,1,1,0,1,0,0,0,0,1,0,0,1,0,0,0
0.00380915,1,1,1,1,1,0,0,0,0,1,0,0,1,0,0,0
0.00380918,0,1,1,1,1,0,0,0,0,1,0,0,1,0,0,0
0.00380919,0,1,1,0,1,0,0,0,0,1,0,0,1,0,0,0
0.00380922,0,1,1,1,1,0,0,0,0,1,0,0,1,0,0,0
0.00380926,0,1,1,0,1,0,0,0,0,1,0,0,1,0,0,0
0.00380931,0,1,1,1,1,0,0,0,0,1,0,0,1,0,0,0
0.00380932,0,1,1,0,1,0,0,0,0,1,0,0,1,0,0,0
0.00380946,0,1,0,0,1,0,0,0,0,1,0,0,1,0,0,0
0.00380947,0,1,1,0,1,0,0,0,0,1,0,0,1,0,0,0
0.0038095,0,1,0,0,1,0,0,0,0,1,0,0,1,0,0,0
0.00380952,0,1,1,0,1,0,0,0,0,1,0,0,1,0,0,0
0.00380953,0,1,0,0,1,0,0,0,0,1,0,0,1,0,0,0
0.00380954,0,1,1,0,1,0,0,0,0,1,0,0,1,0,0,0
0.00380955,0,1,0,0,1,0,0,0,0,1,0,0,1,0,0,0
0.00380957,0,1,1,0,1,0,0,0,0,1,0,0,1,0,0,0
0.00380958,1,1,1,1,1,1,1,1,0,1,0,0,1,0,0,0
0.00380962,1,1,1,1,0,1,1,1,0,1,0,0,1,0,0,0
0.00380963,1,0,0,0,0,0,0,0,0,1,0,0,1,0,0,0
0.00380966,1,0,1,1,0,1,0,0,0,1,0,0,1,0,0,0
0.00380967,1,1,1,1,0,1,1,0,0,1,0,0,1,0,0,0
0.00380969,1,1,1,1,0,1,1,1,0,1,0,0,1,0,0,0
0.0038097,1,1,1,1,0,1,1,0,0,1,0,0,1,0,0,0
0.00380971,1,0,1,1,0,1,1,0,0,1,0,0,1,0,0,0
0.00380972,1,0,1,0,0,0,0,0,0,1,0,0,1,0,0,0
0.00380973,1,0,0,0,0,0,0,0,0,1,0,0,1,0,0,0
0.00380974,1,0,1,1,0,0,0,0,0,1,0,0,1,0,0,0
0.00380975,1,0,1,1,0,1,1,0,0,1,0,0,1,0,0,0
0.0038098,1,0,1,1,0,1,0,0,0,1,0,0,1,0,0,0
0.00380984,1,0,1,1,0,1,1,0,0,1,0,0,1,0,0,0
0.00380987,1,0,1,1,0,1,0,0,0,1,0,0,1,0,0,0
0.00380999,1,0,1,1,0,0,0,0,0,1,0,0,1,0,0,0
0.00381001,1,0,1,1,0,1,0,0,0,1,0,0,1,0,0,0
0.00381004,1,0,1,1,0,0,0,0,0,1,0,0,1,0,0,0
0.00381006,1,0,1,1,0,1,0,0,0,1,0,0,1,0,0,0
0.00381013,1,0,1,1,0,0,0,0,0,1,0,0,1,0,0,0
0.00381024,1,0,1,1,0,1,0,0,0,1,0,0,1,0,0,0
0.00381025,1,0,1,1,0,0,0,0,0,1,0,0,1,0,0,0
0.00381042,1,0,1,0,0,0,0,0,0,1,0,0,1,0,0,0
0.00381043,1,0,1,1,0,0,0,0,0,1,0,0,1,0,0,0
0.00381046,1,0,1,0,0,0,0,0,0,1,0,0,1,0,0,0
0.00381047,1,0,1,1,0,0,0,0,0,1,0,0,1,0,0,0
0.00381049,1,0,0,0,0,0,0,0,0,1,0,0,1,0,0,0
0.0038105,1,0,1,0,0,0,0,0,0,1,0,0,1,0,0,0
0.00381051,1,0,1,1,0,0,0,0,0,1,0,0,1,0,0,0
0.00381052,1,0,1,0,0,0,0,0,0,1,0,0,1,0,0,0
0.00381053,1,1,1,1,0,0,0,0,0,1,0,0,1,0,0,0
0.00381055,1,1,1,1,1,1,1,1,0,1,0,0,1,0,0,0
0.0038106,1,0,0,0,1,0,0,0,0,1,0,0,1,0,0,0
0.00381064,1,1,1,1,1,1,1,0,0,1,0,0,1,0,0,0
0.00381065,1,1,1,1,1,1,1,1,0,1,0,0,1,0,0,0
0.00381067,1,1,1,1,1,1,1,0,0,1,0,0,1,0,0,0
0.00381068,1,0,1,1,1,0,0,0,0,1,0,0,1,0,0,0
0.00381069,1,0,0,0,1,0,0,0,0,1,0,0,1,0,0,0
0.00381072,1,0,1,1,1,1,0,0,0,1,0,0,1,0,0,0
0.00381075,1,0,1,1,1,0,0,0,0,1,0,0,1,0,0,0
0.00381077,1,0,0,0,1,0,0,0,0,1,0,0,1,0,0,0
0.00381078,1,0,1,0,1,0,0,0,0,1,0,0,1,0,0,0
0.0038108,1,0,1,1,1,0,0,0,0,1,0,0,1,0,0,0
0.00381084,1,0,1,0,1,0,0,0,0,1,0,0,1,0,0,0
0.00381092,1,0,0,0,1,0,0,0,0,1,0,0,1,0,0,0
0.00381095,1,0,1,0,1,0,0,0,0,1,0,0,1,0,0,0
0.00381098,1,0,1,1,1,0,0,0,0,0,0,0,1,0,0,0
0.00381099,1,0,0,0,1,0,0,0,1,0,0,0,1,0,0,0
0.00381103,1,0,1,0,1,0,0,0,1,0,0,0,1,0,0,0
0.00381105,1,0,1,0,1,0,0,0,0,0,0,0,0,0,0,0
0.00381106,1,0,0,0,1,0,0,0,1,0,0,0,1,0,0,0
0.00381111,1,0,1,1,1,0,0,0,1,0,0,0,1,0,0,0
0.00381112,1,0,1,0,1,0,0,0,1,0,0,0,1,0,0,0
0.00381113,1,0,0,0,1,0,0,0,1,0,0,0,1,0,0,0
0.0038115,1,1,1,1,1,0,0,0,1,0,0,0,1,0,0,0
0.00381152,1,1,1,1,1,1,0,0,1,0,0,0,1,0,0,0
0.00381153,1,1,1,1,1,1,1,1,1,0,0,0,1,0,0,0
0.00381158,0,1,1,1,0,1,1,0,1,0,0,0,1,0,0,0
0.00381159,0,1,0,0,0,0,0,0,1,0,0,0,1,0,0,0
0.00381162,0,1,1,0,0,0,0,0,1,0,0,0,1,0,0,0
0.00381163,0,1,1,1,0,1,0,0,1,0,0,0,1,0,0,0
0.00381164,0,1,1,1,0,1,1,0,1,0,0,0,1,0,0,0
0.00381165,1,1,1,1,0,1,1,1,1,0,0,0,1,0,0,0
0.00381166,0,1,1,1,0,1,1,0,1,0,0,0,1,0,0,0
0.00381167,0,1,1,1,0,0,0,0,1,0,0,0,1,0,0,0
0.00381168,0,1,0,0,0,0,0,0,1,0,0,0,1,0,0,0
0.0038117,0,1,1,0,0,0,0,0,1,0,0,0,1,0,0,0
0.00381171,0,1,1,1,0,0,0,0,1,0,0,0,1,0,0,0
0.00381172,0,1,1,1,0,1,0,0,1,0,0,0,1,0,0,0
0.00381175,0,1,1,1,0,0,0,0,1,0,0,0,1,0,0,0
0.00381176,0,1,1,0,0,0,0,0,1,0,0,0,1,0,0,0
0.00381179,0,1,1,1,0,0,0,0,1,0,0,0,1,0,0,0
0.00381184,0,1,1,0,0,0,0,0,1,0,0,0,1,0,0,0
0.00381193,0,1,1,1,0,0,0,0,1,0,0,0,1,0,0,0
0.00381194,0,1,1,0,0,0,0,0,1,0,0,0,1,0,0,0
0.00381195,0,1,0,0,0,0,0,0,1,0,0,0,1,0,0,0
0.00381196,0,1,1,0,0,0,0,0,1,0,0,0,1,0,0,0
0.00381197,0,1,1,1,0,0,0,0,1,0,0,0,1,0,0,0
0.00381199,0,1,1,0,0,0,0,0,1,0,0,0,1,0,0,0
0.003812,0,1,0,0,0,0,0,0,1,0,0,0,1,0,0,0
0.00381201,0,1,1,0,0,0,0,0,1,0,0,0,1,0,0,0
0.00381217,0,1,0,0,0,0,0,0,1,0,0,0,1,0,0,0
0.00381218,0,1,1,0,0,0,0,0,1,0,0,0,1,0,0,0
0.00381223,0,1,0,0,0,0,0,0,1,0,0,0,1,0,0,0
0.00381224,0,1,1,0,0,0,0,0,1,0,0,0,1,0,0,0
0.00381226,0,1,0,0,0,0,0,0,1,0,0,0,1,0,0,0
0.00381228,0,1,1,0,0,0,0,0,1,0,0,0,1,0,0,0
0.0038123,0,1,0,0,0,0,0,0,1,0,0,0,1,0,0,0
0.00381251,1,1,1,1,1,1,1,0,1,0,0,0,1,0,0,0
0.00381252,1,1,1,1,1,1,1,1,1,0,0,0,1,0,0,0
0.00381255,1,1,1,1,1,1,1,0,1,0,0,0,1,0,0,0
0.00381256,0,1,0,0,0,0,1,0,1,0,0,0,1,0,0,0
0.00381259,0,1,1,0,0,1,1,0,1,0,0,0,1,0,0,0
0.0038126,1,1,1,1,0,1,1,0,1,0,0,0,1,0,0,0
0.00381261,1,1,1,1,1,1,1,0,1,0,0,0,1,0,0,0
0.00381262,1,1,1,1,0,1,1,0,1,0,0,0,1,0,0,0
0.00381263,0,1,1,1,0,1,1,0,1,0,0,0,1,0,0,0
0.00381264,0,1,0,0,0,0,1,0,1,0,0,0,1,0,0,0
0.00381267,0,1,1,0,0,0,1,0,1,0,0,0,1,0,0,0
0.00381268,0,1,1,1,0,1,1,0,1,0,0,0,1,0,0,0
0.00381271,0,1,1,0,0,0,1,0,1,0,0,0,1,0,0,0
0.00381273,0,1,0,0,0,0,1,0,1,0,0,0,1,0,0,0
0.00381275,0,1,1,0,0,0,1,0,1,0,0,0,1,0,0,0
0.00381282,0,1,0,0,0,0,1,0,1,0,0,0,1,0,0,0
0.00381283,0,1,1,0,0,0,1,0,1,0,0,0,1,0,0,0
0.00381286,0,1,0,0,0,0,1,0,1,0,0,0,1,0,0,0
0.00381291,0,1,1,0,0,0,1,0,1,0,0,0,1,0,0,0
0.00381293,0,1,1,0,0,0,1,0,0,0,0,0,0,0,0,0
0.00381294,0,1,0,0,0,0,1,0,0,1,0,0,0,0,1,0
0.00381299,0,1,1,0,0,0,1,0,0,1,0,0,0,0,1,0
0.003813,0,1,1,0,0,0,1,0,0,0,0,0,0,0,0,0
0.00381301,0,1,0,0,0,0,1,0,0,1,0,0,0,0,1,0
0.00381306,0,1,1,0,0,0,1,0,0,1,0,0,0,0,1,0
0.00381308,0,1,0,0,0,0,1,0,0,1,0,0,0,0,1,0
0.00381345,1,1,1,1,0,1,1,0,0,1,0,0,0,0,1,0
0.00381346,1,1,1,1,1,1,1,0,0,1,0,0,0,0,1,0
0.00381347,0,0,0,1,0,0,0,0,0,1,0,0,0,0,1,0
0.00381348,0,0,0,0,0,1,0,0,0,1,0,0,0,0,1,0
0.00381349,1,0,0,0,0,1,1,0,0,1,0,0,0,0,1,0
0.0038135,1,0,1,1,1,1,0,0,0,1,0,0,0,0,1,0
0.00381351,1,0,1,1,0,1,0,0,0,1,0,0,0,0,1,0
0.00381352,1,0,0,0,0,0,0,0,0,1,0,0,0,0,1,0
0.00381355,1,0,1,1,0,0,0,0,0,1,0,0,0,0,1,0
0.00381357,1,0,0,0,0,0,0,0,0,1,0,0,0,0,1,0
0.0038139,1,0,0,1,0,0,0,0,0,1,0,0,0,0,1,0
0.00381391,1,1,1,1,0,0,0,0,0,1,0,0,0,0,1,0
0.00381393,1,1,1,1,0,1,0,0,0,1,0,0,0,0,1,0
0.00381395,1,1,1,1,0,0,0,0,0,1,0,0,0,0,1,0
0.00381437,1,1,1,1,1,1,1,1,0,1,0,0,0,0,1,0
0.00381438,0,1,1,1,0,0,0,0,0,1,0,0,0,0,1,0
0.00381447,1,1,1,1,1,1,1,1,0,1,0,0,0,0,1,0
0.00381451,0,0,1,0,1,0,0,0,0,1,0,0,0,0,1,0
0.00381452,0,0,1,0,1,1,1,1,0,1,0,0,0,0,1,0
0.00381453,1,1,1,1,1,1,1,1,0,1,0,0,0,0,1,0
0.00381454,1,1,0,1,1,1,1,1,0,1,0,0,0,0,1,0
0.00381455,1,1,1,1,1,1,1,1,0,1,0,0,0,0,1,0
0.00381457,1,1,1,1,1,1,0,0,0,1,0,0,0,0,1,0
0.00381458,0,1,0,0,1,1,0,0,0,1,0,0,0,0,1,0
0.00381461,1,1,0,1,1,1,0,0,0,1,0,0,0,0,1,0
0.00381462,1,1,1,1,1,1,0,0,0,1,0,0,0,0,1,0
0.00381464,1,1,0,1,1,1,0,0,0,1,0,0,0,0,1,0
0.00381466,0,1,0,0,1,1,0,0,0,1,0,0,0,0,1,0
0.00381468,0,1,0,1,1,1,0,0,0,1,0,0,0,0,1,0
0.00381469,1,1,0,1,1,1,0,0,0,1,0,0,0,0,1,0
0.00381488,1,1,0,1,1,1,0,0,0,1,0,0,0,0,0,0
0.00381489,1,1,0,1,1,1,0,0,0,1,0,0,1,0,0,0
0.0038149,1,1,0,1,1,1,0,0,0,1,0,0,1,1,0,0
0.00381497,0,1,0,1,1,1,0,0,0,1,0,0,1,1,0,0
0.00381498,1,1,0,1,1,1,0,0,0,1,0,0,1,1,0,0
0.00381499,0,1,0,1,1,1,0,0,0,1,0,0,1,1,0,0
0.00381501,1,1,0,1,1,1,0,0,0,1,0,0,1,1,0,0
0.00381506,0,1,0,1,1,1,0,0,0,1,0,0,1,1,0,0
0.00381508,1,1,0,1,1,1,0,0,0,1,0,0,1,1,0,0
0.00381513,0,1,0,1,1,1,0,0,0,1,0,0,1,1,0,0
0.00381514,1,1,0,1,1,1,0,0,0,1,0,0,1,1,0,0
0.00381515,0,1,0,1,1,1,0,0,0,1,0,0,1,1,0,0
0.00381518,1,1,0,1,1,1,0,0,0,1,0,0,1,1,0,0
0.00381519,0,1,0,1,1,1,0,0,0,1,0,0,1,1,0,0
0.00381532,1,1,0,1,1,1,0,0,0,1,0,0,1,1,0,0
0.00381533,0,1,0,1,1,1,0,0,0,1,0,0,1,1,0,0
0.00381539,1,1,0,1,1,1,0,0,0,1,0,0,1,1,0,0
0.0038154,0,1,0,1,1,1,0,0,0,1,0,0,1,1,0,0
0.00381541,1,1,1,0,1,1,0,0,0,1,0,0,1,1,0,0
0.00381542,1,1,1,1,1,1,0,0,0,1,0,0,1,1,0,0
0.00381544,1,1,1,1,1,1,1,1,0,1,0,0,1,1,0,0
0.00381548,1,1,1,1,0,0,1,1,0,1,0,0,1,1,0,0
0.00381549,0,1,1,0,0,0,0,1,0,1,0,0,1,1,0,0
0.00381552,1,1,1,1,0,0,0,1,0,1,0,0,1,1,0,0
0.00381553,1,1,1,1,0,1,1,1,0,1,0,0,1,1,0,0
0.00381555,1,1,1,1,0,0,1,1,0,1,0,0,1,1,0,0
0.00381556,1,1,1,1,0,0,0,1,0,1,0,0,1,1,0,0
0.00381557,0,1,1,1,0,0,0,1,0,1,0,0,1,1,0,0
0.00381558,0,1,1,0,0,0,0,1,0,1,0,0,1,1,0,0
0.00381559,0,1,1,1,0,0,0,1,0,1,0,0,1,1,0,0
0.0038156,1,1,1,1,0,0,0,1,0,1,0,0,1,1,0,0
0.00381585,0,1,1,1,0,0,0,1,0,1,0,0,1,1,0,0
0.00381586,1,1,1,1,0,0,0,1,0,1,0,0,1,1,0,0
0.00381596,0,1,1,1,0,0,0,1,0,1,0,0,1,1,0,0
0.00381597,1,1,1,1,0,0,0,1,0,1,0,0,1,1,0,0
0.00381602,0,1,1,1,0,0,0,1,0,1,0,0,1,1,0,0
0.00381603,1,1,1,1,0,0,0,1,0,1,0,0,1,1,0,0
0.00381606,0,1,1,1,0,0,0,1,0,1,0,0,1,1,0,0
0.00381608,1,1,1,1,0,0,0,1,0,1,0,0,1,1,0,0
0.00381609,0,1,1,1,0,0,0,1,0,1,0,0,1,1,0,0
0.0038161,1,1,1,1,0,0,0,1,0,1,0,0,1,1,0,0
0.00381612,0,1,1,1,0,0,0,1,0,1,0,0,1,1,0,0
0.00381618,1,1,1,1,0,0,0,1,0,1,0,0,1,1,0,0
0.00381619,0,1,1,1,0,0,0,1,0,1,0,0,1,1,0,0
0.00381624,0,1,1,0,0,0,0,1,0,1,0,0,1,1,0,0
0.00381625,0,1,1,1,0,0,0,1,0,1,0,0,1,1,0,0
0.00381633,0,1,1,0,0,0,0,1,0,1,0,0,1,1,0,0
0.00381636,0,1,1,1,0,0,0,1,0,1,0,0,1,1,0,0
0.00381637,0,1,1,0,0,0,0,1,0,1,0,0,1,1,0,0
0.00381638,0,1,1,1,0,0,0,1,0,1,0,0,1,1,0,0
0.00381639,1,1,1,1,0,0,0,1,0,1,0,0,1,1,0,0
0.0038164,1,1,1,1,1,1,1,1,0,1,0,0,1,1,0,0
0.00381646,1,1,1,1,1,1,1,0,0,1,0,0,1,1,0,0
0.00381647,1,0,0,0,0,0,0,0,0,1,0,0,1,1,0,0
0.00381651,1,0,0,1,0,1,0,0,0,1,0,0,1,1,0,0
0.00381652,1,0,1,1,0,1,1,0,0,1,0,0,1,1,0,0
0.00381655,1,0,0,1,0,0,0,0,0,1,0,0,1,1,0,0
0.00381656,1,0,0,0,0,0,0,0,0,1,0,0,1,1,0,0
0.00381659,1,0,0,1,0,0,0,0,0,1,0,0,1,1,0,0
0.0038166,1,0,0,1,0,1,0,0,0,1,0,0,1,1,0,0
0.00381661,1,0,0,1,0,0,0,0,0,1,0,0,1,1,0,0
0.00381703,1,0,0,0,0,0,0,0,0,1,0,0,1,1,0,0
0.00381737,1,0,0,1,0,0,0,0,0,1,0,0,1,1,0,0
0.00381738,1,1,1,1,1,1,1,1,0,1,0,0,1,1,0,0
0.0038184,0,1,0,0,1,0,0,0,0,1,0,0,1,1,0,0
0.00381844,1,1,1,1,1,1,0,0,0,1,0,0,1,1,0,0
0.00381845,1,1,1,1,1,1,1,0,0,1,0,0,1,1,0,0
0.00381847,0,1,1,1,1,0,0,0,0,1,0,0,1,1,0,0
0.00381848,0,1,0,0,1,0,0,0,0,1,0,0,1,1,0,0
0.00381853,0,1,1,1,1,0,0,0,0,1,0,0,1,1,0,0
0.00381854,0,1,0,0,1,0,0,0,0,1,0,0,1,1,0,0
0.00381879,0,1,0,0,1,0,0,0,0,1,0,0,1,0,0,0
0.00381932,0,1,0,1,1,0,0,0,0,1,0,0,1,0,0,0
0.00381933,1,1,1,0,1,0,0,0,0,1,0,0,1,0,0,0
0.00381934,1,1,1,1,1,1,1,1,0,1,0,0,1,0,0,0
0.00381939,0,1,0,0,0,0,0,0,0,1,0,0,1,0,0,0
0.00381943,1,1,1,1,0,1,1,0,0,1,0,0,1,0,0,0
0.00381945,1,1,1,1,0,1,1,1,0,1,0,0,1,0,0,0
0.00381947,1,1,1,1,0,1,1,0,0,1,0,0,1,0,0,0
0.00381948,1,1,1,1,0,0,0,0,0,1,0,0,1,0,0,0
0.00381949,0,1,0,0,0,0,0,0,0,1,0,0,1,0,0,0
0.0038195,0,1,1,0,0,0,0,0,0,1,0,0,1,0,0,0
0.00381951,1,1,1,1,0,1,0,0,0,1,0,0,1,0,0,0
0.00381952,1,1,1,1,0,1,1,0,0,1,0,0,1,0,0,0
0.00381956,1,1,1,1,0,1,0,0,0,1,0,0,1,0,0,0
0.00381957,1,1,1,1,0,0,0,0,0,1,0,0,1,0,0,0
0.00381958,1,1,1,1,0,1,0,0,0,1,0,0,1,0,0,0
0.00381975,1,1,1,1,0,0,0,0,0,1,0,0,1,0,0,0
0.00381977,1,1,1,1,0,1,0,0,0,1,0,0,1,0,0,0
0.00381981,1,1,1,1,0,0,0,0,0,1,0,0,1,0,0,0
0.00382003,0,1,1,1,0,0,0,0,0,1,0,0,1,0,0,0
0.00382009,0,1,1,0,0,0,0,0,0,1,0,0,1,0,0,0
0.0038201,0,1,1,1,0,0,0,0,0,1,0,0,1,0,0,0
0.00382014,0,1,1,0,0,0,0,0,0,1,0,0,1,0,0,0
0.00382015,0,1,1,1,0,0,0,0,0,1,0,0,1,0,0,0
0.00382018,0,1,1,0,0,0,0,0,0,1,0,0,1,0,0,0
0.0038202,0,1,1,1,0,0,0,0,0,1,0,0,1,0,0,0
0.00382022,0,1,1,0,0,0,0,0,0,1,0,0,1,0,0,0
0.00382023,0,1,1,1,0,0,0,0,0,1,0,0,1,0,0,0
0.00382024,0,1,1,0,0,0,0,0,0,1,0,0,1,0,0,0
0.00382026,0,1,1,1,0,0,0,0,0,1,0,0,1,0,0,0
0.00382027,0,1,0,0,0,0,0,0,0,1,0,0,1,0,0,0
0.00382028,0,1,1,1,0,0,0,0,0,1,0,0,1,0,0,0
0.00382029,1,1,1,1,0,0,0,0,0,1,0,0,1,0,0,0
0.0038203,1,1,1,1,1,1,1,1,0,1,0,0,1,0,0,0
0.00382037,1,0,0,0,1,0,0,0,0,1,0,0,1,0,0,0
0.00382041,1,0,1,1,1,1,1,0,0,1,0,0,1,0,0,0
0.00382042,1,1,1,1,1,1,1,1,0,1,0,0,1,0,0,0
0.00382044,1,0,1,1,1,1,1,0,0,1,0,0,1,0,0,0
0.00382045,1,0,1,1,1,0,0,0,0,1,0,0,1,0,0,0
0.00382046,1,0,0,0,1,0,0,0,0,1,0,0,1,0,0,0
0.00382049,1,0,1,1,1,1,0,0,0,1,0,0,1,0,0,0
0.00382052,1,0,1,1,1,0,0,0,0,1,0,0,1,0,0,0
0.00382053,1,0,1,0,1,0,0,0,0,1,0,0,1,0,0,0
0.00382057,1,0,1,1,1,0,0,0,0,1,0,0,1,0,0,0
0.00382061,1,0,1,0,1,0,0,0,0,1,0,0,1,0,0,0
0.00382074,1,0,1,1,1,0,0,0,0,0,0,0,1,0,0,0
0.00382075,1,0,1,0,1,0,0,0,1,0,0,0,1,0,0,0
0.00382077,1,0,0,0,1,0,0,0,1,0,0,0,1,0,0,0
0.00382079,1,0,1,0,1,0,0,0,1,0,0,0,1,0,0,0
0.0038208,1,0,1,1,1,0,0,0,1,0,0,0,1,0,0,0
0.00382081,1,0,1,1,1,0,0,0,1,0,0,0,0,0,0,0
0.00382082,1,0,1,0,1,0,0,0,0,0,0,0,1,0,0,0
0.00382083,1,0,0,0,1,0,0,0,1,0,0,0,1,0,0,0
0.00382087,1,0,1,0,1,0,0,0,1,0,0,0,1,0,0,0
0.00382088,1,0,1,1,1,0,0,0,1,0,0,0,1,0,0,0
0.00382089,1,0,1,0,1,0,0,0,1,0,0,0,1,0,0,0
0.0038209,1,0,0,0,1,0,0,0,1,0,0,0,1,0,0,0
0.00382095,1,0,1,0,1,0,0,0,1,0,0,0,1,0,0,0
0.00382098,1,0,0,0,1,0,0,0,1,0,0,0,1,0,0,0
0.00382127,1,0,1,1,1,0,0,0,1,0,0,0,1,0,0,0
0.00382128,1,1,1,1,1,0,0,0,1,0,0,0,1,0,0,0
0.00382129,1,1,1,1,1,1,1,1,1,0,0,0,1,0,0,0
0.00382134,0,1,1,1,0,1,1,0,1,0,0,0,1,0,0,0
0.00382135,0,1,0,0,0,0,0,0,1,0,0,0,1,0,0,0
0.00382138,0,1,1,1,0,1,0,0,1,0,0,0,1,0,0,0
0.00382139,0,1,1,1,0,1,1,0,1,0,0,0,1,0,0,0
0.0038214,1,1,1,1,0,1,1,0,1,0,0,0,1,0,0,0
0.00382141,1,1,1,1,0,1,1,1,1,0,0,0,1,0,0,0
0.00382142,1,1,1,1,0,1,1,0,1,0,0,0,1,0,0,0
0.00382143,0,1,1,1,0,1,0,0,1,0,0,0,1,0,0,0
0.00382144,0,1,1,0,0,0,0,0,1,0,0,0,1,0,0,0
0.00382145,0,1,0,0,0,0,0,0,1,0,0,0,1,0,0,0
0.00382146,0,1,1,1,0,0,0,0,1,0,0,0,1,0,0,0
0.00382147,0,1,1,1,0,1,0,0,1,0,0,0,1,0,0,0
0.00382148,1,1,1,1,0,1,0,0,1,0,0,0,1,0,0,0
0.00382151,0,1,1,1,0,1,0,0,1,0,0,0,1,0,0,0
0.00382152,0,1,1,1,0,0,0,0,1,0,0,0,1,0,0,0
0.00382155,0,1,1,1,0,1,0,0,1,0,0,0,1,0,0,0
0.00382159,0,1,1,1,0,0,0,0,1,0,0,0,1,0,0,0
0.00382172,0,1,1,0,0,0,0,0,1,0,0,0,1,0,0,0
0.00382173,0,1,1,1,0,1,0,0,1,0,0,0,1,0,0,0
0.00382174,1,1,1,1,0,1,0,0,1,0,0,0,1,0,0,0
0.00382175,0,1,1,1,0,0,0,0,1,0,0,0,1,0,0,0
0.00382194,0,1,1,0,0,0,0,0,1,0,0,0,1,0,0,0
0.00382196,0,1,1,1,0,0,0,0,1,0,0,0,1,0,0,0
0.00382198,0,1,1,0,0,0,0,0,1,0,0,0,1,0,0,0
0.0038222,0,1,0,0,0,0,0,0,1,0,0,0,1,0,0,0
0.00382221,0,1,1,0,0,0,0,0,1,0,0,0,1,0,0,0
0.00382224,0,1,1,1,0,0,0,0,1,0,0,0,1,0,0,0
0.00382225,1,1,1,1,1,1,0,0,1,0,0,0,1,0,0,0
0.00382226,0,1,1,1,1,1,1,1,1,0,0,0,1,0,0,0
0.00382227,1,1,1,1,1,1,1,1,1,0,0,0,1,0,0,0
0.00382233,0,1,0,0,0,0,1,0,1,0,0,0,1,0,0,0
0.00382236,1,1,1,1,0,1,1,0,1,0,0,0,1,0,0,0
0.00382238,1,1,1,1,1,1,1,1,1,0,0,0,1,0,0,0
0.00382239,1,1,1,1,0,1,1,1,1,0,0,0,1,0,0,0
0.0038224,1,1,1,1,0,1,1,0,1,0,0,0,1,0,0,0
0.00382241,0,1,1,0,0,0,1,0,1,0,0,0,1,0,0,0
0.00382242,0,1,0,0,0,0,1,0,1,0,0,0,1,0,0,0
0.00382244,0,1,1,1,0,1,1,0,1,0,0,0,1,0,0,0
0.00382245,1,1,1,1,0,1,1,0,1,0,0,0,1,0,0,0
0.00382249,0,1,1,1,0,0,1,0,1,0,0,0,1,0,0,0
0.00382253,0,1,1,1,0,1,1,0,1,0,0,0,1,0,0,0
0.00382254,1,1,1,1,0,1,1,0,1,0,0,0,1,0,0,0
0.00382256,0,1,1,1,0,0,1,0,1,0,0,0,1,0,0,0
0.00382269,0,1,1,1,0,0,1,0,0,0,0,0,0,0,0,0
0.0038227,0,1,1,1,0,0,1,0,0,1,0,0,0,0,1,0
0.00382272,0,1,1,0,0,0,1,0,0,1,0,0,0,0,1,0
0.00382275,0,1,1,1,0,0,1,0,0,1,0,0,0,0,1,0
0.00382276,0,1,1,1,0,0,1,0,0,0,0,0,0,0,1,0
0.00382277,0,1,1,1,0,0,1,0,0,1,0,0,0,0,1,0
0.00382278,0,1,1,0,0,0,1,0,0,1,0,0,0,0,1,0
0.00382282,0,1,1,1,0,0,1,0,0,1,0,0,0,0,1,0
0.00382285,0,1,1,0,0,0,1,0,0,1,0,0,0,0,1,0
0.00382318,0,1,0,0,0,0,1,0,0,1,0,0,0,0,1,0
0.0038232,0,1,1,0,0,0,1,0,0,1,0,0,0,0,1,0
0.00382321,1,1,1,0,0,0,1,0,0,1,0,0,0,0,1,0
0.00382322,1,1,1,1,1,1,1,0,0,1,0,0,0,0,1,0
0.00382323,1,0,1,1,0,0,0,0,0,1,0,0,0,0,1,0
0.00382324,0,0,0,1,0,0,0,0,0,1,0,0,0,0,1,0
0.00382325,0,0,0,0,0,1,1,1,0,1,0,0,0,0,1,0
0.00382326,1,0,1,1,0,1,0,0,0,1,0,0,0,0,1,0
0.00382328,0,0,0,0,0,0,0,0,0,1,0,0,0,0,1,0
0.00382331,0,0,1,0,0,0,0,0,0,1,0,0,0,0,1,0
0.00382332,1,0,1,1,0,1,0,0,0,1,0,0,0,0,1,0
0.00382334,0,0,1,1,0,0,0,0,0,1,0,0,0,0,1,0
0.00382335,0,0,1,0,0,0,0,0,0,1,0,0,0,0,1,0
0.00382336,0,0,0,0,0,0,0,0,0,1,0,0,0,0,1,0
0.0038234,0,0,1,0,0,0,0,0,0,1,0,0,0,0,1,0
0.00382341,0,0,1,1,0,0,0,0,0,1,0,0,0,0,1,0
0.00382342,0,0,1,0,0,0,0,0,0,1,0,0,0,0,1,0
0.00382343,0,0,0,0,0,0,0,0,0,1,0,0,0,0,1,0
0.00382365,0,0,1,0,0,0,0,0,0,1,0,0,0,0,1,0
0.00382366,0,0,0,0,0,0,0,0,0,1,0,0,0,0,1,0
0.00382367,0,1,1,1,0,0,0,0,0,1,0,0,0,0,1,0
0.00382369,1,1,1,1,0,1,0,0,0,1,0,0,0,0,1,0
0.00382371,0,1,1,1,0,0,0,0,0,1,0,0,0,0,1,0
0.00382413,1,1,1,1,0,1,0,1,0,1,0,0,0,0,1,0
0.00382414,0,0,1,1,0,1,1,1,0,1,0,0,0,0,1,0
0.00382415,0,0,1,1,0,0,0,0,0,1,0,0,0,0,1,0
0.00382419,1,0,1,1,0,1,0,0,0,1,0,0,0,0,1,0
0.0038242,0,0,1,1,0,0,0,0,0,1,0,0,0,0,1,0
0.00382423,0,0,1,1,0,1,0,0,0,1,0,0,0,0,1,0
0.00382424,1,1,1,1,1,1,1,1,0,1,0,0,0,0,1,0
0.00382427,1,1,0,0,1,1,0,0,0,1,0,0,0,0,1,0
0.00382428,0,1,0,0,1,1,0,0,0,1,0,0,0,0,1,0
0.00382431,0,1,1,0,1,1,0,0,0,1,0,0,0,0,1,0
0.00382432,1,1,1,1,1,1,0,0,0,1,0,0,0,0,1,0
0.00382433,1,1,1,1,1,1,1,0,0,1,0,0,0,0,1,0
0.00382434,1,1,1,1,1,1,0,0,0,1,0,0,0,0,1,0
0.00382435,0,1,0,0,1,1,0,0,0,1,0,0,0,0,1,0
0.00382439,0,1,1,0,1,1,0,0,0,1,0,0,0,0,1,0
0.00382443,0,1,0,0,1,1,0,0,0,1,0,0,0,0,1,0
0.00382465,0,1,0,0,1,1,0,0,0,1,0,0,1,0,0,0
0.00382466,0,1,0,0,1,1,0,0,0,1,0,0,1,1,0,0
0.0038252,1,1,1,1,1,1,0,1,0,1,0,0,1,1,0,0
0.00382521,1,1,1,1,1,1,1,1,0,1,0,0,1,1,0,0
0.00382525,0,1,0,0,1,1,0,0,0,1,0,0,1,1,0,0
0.00382529,1,1,1,1,1,1,1,0,0,1,0,0,1,1,0,0
0.00382532,1,1,1,1,1,1,0,0,0,1,0,0,1,1,0,0
0.00382533,0,1,1,0,1,1,0,0,0,1,0,0,1,1,0,0
0.00382534,0,1,0,0,1,1,0,0,0,1,0,0,1,1,0,0
0.00382536,0,1,1,0,1,1,0,0,0,1,0,0,1,1,0,0
0.00382537,0,1,1,1,1,1,0,0,0,1,0,0,1,1,0,0
0.00382539,0,1,1,0,1,1,0,0,0,1,0,0,1,1,0,0
0.00382566,0,1,0,0,1,1,0,0,0,1,0,0,1,1,0,0
0.00382567,0,1,1,0,1,1,0,0,0,1,0,0,1,1,0,0
0.00382574,0,1,0,0,1,1,0,0,0,1,0,0,1,1,0,0
0.00382575,0,1,1,0,1,1,0,0,0,1,0,0,1,1,0,0
0.0038258,0,1,0,0,1,1,0,0,0,1,0,0,1,1,0,0
0.00382581,0,1,1,0,1,1,0,0,0,1,0,0,1,1,0,0
0.00382582,0,1,0,0,1,1,0,0,0,1,0,0,1,1,0,0
0.00382615,1,1,1,1,1,1,0,0,0,1,0,0,1,1,0,0
0.00382617,1,1,1,1,1,1,1,1,0,1,0,0,1,1,0,0
0.00382621,1,1,1,1,1,0,1,1,0,1,0,0,1,1,0,0
0.00382622,1,1,0,1,0,0,0,0,0,1,0,0,1,1,0,0
0.00382626,1,1,1,1,0,0,0,0,0,1,0,0,1,1,0,0
0.00382627,1,1,1,1,0,0,1,0,0,1,0,0,1,1,0,0
0.00382629,1,1,1,1,0,0,0,0,0,1,0,0,1,1,0,0
0.00382631,1,1,0,1,0,0,0,0,0,1,0,0,1,1,0,0
0.00382634,1,1,1,1,0,0,0,0,0,1,0,0,1,1,0,0
0.00382638,1,1,0,1,0,0,0,0,0,1,0,0,1,1,0,0
0.00382643,1,1,1,1,0,0,0,0,0,1,0,0,1,1,0,0
0.00382645,1,1,0,1,0,0,0,0,0,1,0,0,1,1,0,0
0.00382658,1,1,1,1,0,0,0,0,0,1,0,0,1,1,0,0
0.00382659,1,1,0,1,0,0,0,0,0,1,0,0,1,1,0,0
0.00382713,1,1,1,1,0,0,0,0,0,1,0,0,1,1,0,0
0.00382715,1,1,1,1,1,1,1,1,0,1,0,0,1,1,0,0
0.00382813,1,1,1,1,0,1,1,1,0,1,0,0,1,1,0,0
0.00382814,1,1,1,1,1,1,1,1,0,1,0,0,1,1,0,0
0.00382815,0,0,1,1,1,1,1,1,0,1,0,0,1,1,0,0
0.00382816,0,0,0,1,1,0,1,0,0,1,0,0,1,1,0,0
0.00382818,1,1,1,1,1,0,1,0,0,1,0,0,1,1,0,0
0.00382819,1,1,1,1,1,1,1,1,0,1,0,0,1,1,0,0
0.00382822,0,1,1,1,1,1,1,1,0,1,0,0,1,1,0,0
0.00382824,0,1,1,0,0,1,0,1,0,1,0,0,1,1,0,0
0.00382855,0,1,1,0,0,1,0,1,0,1,0,0,0,1,0,0
0.00382856,0,1,1,0,0,1,0,1,0,1,1,0,0,1,0,1
0.00382863,0,1,1,0,0,1,0,1,0,1,1,0,0,1,0,0
0.00382864,0,1,1,0,0,1,0,1,0,1,1,0,0,1,0,1
0.00382908,0,1,1,1,0,1,0,1,0,1,1,0,0,1,0,1
0.00382909,0,1,1,0,0,1,0,1,0,1,1,0,0,1,0,1
0.0038291,1,1,1,1,1,1,0,1,0,1,1,0,0,1,0,1
0.00382911,1,1,1,1,1,1,1,1,0,1,1,0,0,1,0,1
0.00382915,0,0,0,0,0,1,1,0,0,1,1,0,0,1,0,1
0.0038292,0,0,1,1,0,1,1,0,0,1,1,0,0,1,0,1
0.00382921,1,0,1,1,0,1,1,0,0,1,1,0,0,1,0,1
0.00382922,0,0,1,1,0,1,1,0,0,1,1,0,0,1,0,1
0.00382923,0,0,0,0,0,1,1,0,0,1,1,0,0,1,0,1
0.00383006,1,1,0,0,0,1,1,0,0,1,1,0,0,1,0,1
0.00383007,1,1,1,1,1,1,1,0,0,1,1,0,0,1,0,1
0.00383008,1,1,1,1,1,1,1,1,0,1,1,0,0,1,0,1
0.00383014,0,0,0,0,0,0,0,1,0,1,1,0,0,1,0,1
0.00383018,1,1,1,1,0,0,0,1,0,1,1,0,0,1,0,1
0.00383019,1,1,1,1,1,0,0,1,0,1,1,0,0,1,0,1
0.0038302,1,1,1,1,0,1,1,1,0,1,1,0,0,1,0,1
0.00383021,1,1,1,1,0,0,0,1,0,1,1,0,0,1,0,1
0.00383022,0,0,1,0,0,0,0,1,0,1,1,0,0,1,0,1
0.00383023,0,0,0,0,0,0,0,1,0,1,1,0,0,1,0,1
0.00383026,0,0,1,0,0,0,0,1,0,1,1,0,0,1,0,1
0.00383027,0,0,1,1,0,0,0,1,0,1,1,0,0,1,0,1
0.00383029,0,0,1,0,0,0,0,1,0,1,1,0,0,1,0,1
0.00383032,0,0,0,0,0,0,0,1,0,1,1,0,0,1,0,1
0.00383034,0,0,1,0,0,0,0,1,0,1,1,0,0,1,0,1
0.00383049,0,0,0,0,0,0,0,1,0,1,1,0,0,1,0,1
0.00383051,0,0,1,0,0,0,0,1,0,1,1,0,0,1,0,1
0.00383053,0,0,0,0,0,0,0,1,0,1,1,0,0,1,0,1
0.00383103,1,0,0,0,0,0,0,1,0,1,1,0,0,1,0,1
0.00383104,1,0,1,0,0,0,0,1,0,1,1,0,0,1,0,1
0.00383105,0,1,1,1,1,1,0,1,0,1,1,0,0,1,0,1
0.00383106,1,1,1,1,1,1,1,1,0,1,1,0,0,1,0,1
0.0038311,1,1,1,1,1,1,1,0,0,1,1,0,0,1,0,1
0.00383111,0,0,0,0,0,0,0,0,0,1,1,0,0,1,0,1
0.00383114,1,1,1,1,0,1,1,0,0,1,1,0,0,1,0,1
0.00383116,1,1,1,1,1,1,1,0,0,1,1,0,0,1,0,1
0.00383119,1,1,1,1,0,1,1,0,0,1,1,0,0,1,0,1
0.0038312,1,1,1,1,0,0,0,0,0,1,1,0,0,1,0,1
0.00383121,0,0,1,1,0,0,0,0,0,1,1,0,0,1,0,1
0.00383122,1,1,1,1,0,1,0,0,0,1,1,0,0,1,0,1
0.00383123,1,1,1,1,0,1,1,0,0,1,1,0,0,1,0,1
0.00383129,1,1,1,1,0,1,0,0,0,1,1,0,0,1,0,1
0.00383131,1,1,1,1,0,1,1,0,0,1,1,0,0,1,0,1
0.00383143,1,1,1,1,0,1,0,0,0,1,1,0,0,1,0,1
0.00383146,1,1,1,1,0,1,1,0,0,1,1,0,0,1,0,1
0.00383149,1,1,1,1,0,1,0,0,0,1,1,0,0,1,0,1
0.0038315,1,1,1,1,0,1,1,0,0,1,1,0,0,1,0,1
0.00383151,1,1,1,1,0,1,0,0,0,1,1,0,0,1,0,1
0.00383176,1,1,1,1,0,0,0,0,0,1,1,0,0,1,0,1
0.00383182,1,1,1,1,0,1,0,0,0,1,1,0,0,1,0,1
0.00383183,1,1,1,1,0,0,0,0,0,1,1,0,0,1,0,1
0.00383189,1,0,1,1,0,0,0,0,0,1,1,0,0,1,0,1
0.00383191,1,1,1,1,0,0,0,0,0,1,1,0,0,1,0,1
0.00383195,1,0,1,1,0,0,0,0,0,1,1,0,0,1,0,1
0.00383196,0,0,1,1,0,0,0,0,0,1,1,0,0,1,0,1
0.00383199,1,0,1,1,0,0,0,0,0,1,1,0,0,1,0,1
0.003832,1,1,1,1,0,1,0,0,0,1,1,0,0,1,0,1
0.00383201,1,1,1,1,0,1,1,0,0,1,1,0,0,1,0,1
0.00383202,1,1,1,1,1,1,1,1,0,1,1,0,0,1,0,1
0.00383305,0,0,0,0,0,0,0,0,0,1,1,0,0,1,0,1
0.00383308,0,0,1,1,0,1,0,0,0,1,1,0,0,1,0,1
0.00383309,1,1,1,1,0,1,1,1,0,1,1,0,0,1,0,1
0.0038331,1,1,1,1,1,1,1,1,0,1,1,0,0,1,0,1
0.00383312,1,1,1,1,0,1,1,0,0,1,1,0,0,1,0,1
0.00383314,0,0,1,1,0,0,0,0,0,1,1,0,0,1,0,1
0.00383315,0,0,0,0,0,0,0,0,0,1,1,0,0,1,0,1
0.00383317,1,1,1,1,0,1,1,0,0,1,1,0,0,1,0,1
0.00383323,0,0,1,1,0,1,0,0,0,1,1,0,0,1,0,1
0.00383325,1,0,1,1,0,1,0,0,0,1,1,0,0,1,0,1
0.00383326,1,1,1,1,0,1,1,0,0,1,1,0,0,1,0,1
0.00383331,0,0,1,1,0,1,0,0,0,1,1,0,0,1,0,1
0.00383335,1,1,1,1,0,1,1,0,0,1,1,0,0,1,0,1
0.00383337,1,0,1,1,0,1,1,0,0,1,1,0,0,1,0,1
0.00383338,0,0,1,1,0,1,0,0,0,1,1,0,0,1,0,1
0.00383342,1,0,1,1,0,1,0,0,0,1,1,0,0,1,0,1
0.00383343,0,0,1,1,0,1,0,0,0,1,1,0,0,1,0,1
0.00383345,1,0,1,1,0,1,0,0,0,1,1,0,0,1,0,1
0.00383346,0,0,1,1,0,1,0,0,0,1,1,0,0,1,0,1
0.0038337,0,0,1,1,0,0,0,0,0,1,1,0,0,1,0,1
0.00383372,0,0,1,1,0,1,0,0,0,1,1,0,0,1,0,1
0.00383373,0,0,1,1,0,0,0,0,0,1,1,0,0,1,0,1
0.00383392,0,0,1,0,0,0,0,0,0,1,1,0,0,1,0,1
0.00383393,0,0,1,1,0,0,0,0,0,1,1,0,0,1,0,1
0.00383395,0,0,1,0,0,0,0,0,0,1,1,0,0,1,0,1
0.00383396,0,0,1,1,0,0,0,0,0,1,1,0,0,1,0,1
0.00383398,0,0,1,1,0,1,0,0,0,1,1,0,0,1,0,1
0.00383399,0,0,1,1,0,0,0,0,0,1,1,0,0,1,0,1
0.003834,0,0,1,0,0,0,0,0,0,1,1,0,0,1,0,1
0.00383402,0,0,1,1,0,0,0,0,0,1,1,0,0,1,0,1
0.00383404,0,0,1,0,0,0,0,0,0,1,1,0,0,1,0,1
0.00383407,0,0,1,0,1,0,0,0,0,1,1,0,0,1,0,1
0.00383409,1,1,1,1,1,1,1,0,0,1,1,0,0,1,0,1
0.0038341,1,1,1,1,1,1,1,1,0,1,1,0,0,1,0,1
0.00383411,1,1,1,1,1,1,1,0,0,1,1,0,0,1,0,1
0.00383412,1,0,1,1,1,1,0,0,0,1,1,0,0,1,0,1
0.00383413,0,0,1,0,1,0,0,0,0,1,1,0,0,1,0,1
0.00383417,0,0,1,1,1,0,0,0,0,1,1,0,0,1,0,1
0.00383418,0,0,1,1,1,1,0,0,0,1,1,0,0,1,0,1
0.00383419,0,0,1,1,1,0,0,0,0,1,1,0,0,1,0,1
0.00383421,0,0,1,0,1,0,0,0,0,1,1,0,0,1,0,1
0.00383426,0,0,1,1,1,0,0,0,0,1,1,0,0,1,0,1
0.00383428,0,0,1,0,1,0,0,0,0,1,1,0,0,1,0,1
0.00383441,0,0,1,1,1,0,0,0,0,0,1,0,0,0,0,0
0.00383442,0,0,1,0,1,0,0,0,0,0,1,0,1,0,0,0
0.00383449,0,0,1,0,1,0,0,0,0,0,0,0,1,0,0,0
0.0038345,0,0,1,0,1,0,0,0,0,0,1,0,1,0,0,0
0.00383494,1,1,1,0,1,0,0,0,0,0,1,0,1,0,0,0
0.00383495,1,1,1,1,1,1,1,0,0,0,1,0,1,0,0,0
0.00383496,1,1,1,1,1,1,1,1,0,0,1,0,1,0,0,0
0.00383599,0,0,0,0,0,0,0,1,0,0,1,0,1,0,0,0
0.00383603,1,1,0,1,0,1,1,1,0,0,1,0,1,0,0,0
0.00383604,1,1,1,1,0,1,1,1,0,0,1,0,1,0,0,0
0.00383608,0,0,0,1,0,0,0,1,0,0,1,0,1,0,0,0
0.00383609,0,0,0,0,0,0,0,1,0,0,1,0,1,0,0,0
0.00383611,0,0,0,1,0,0,0,1,0,0,1,0,1,0,0,0
0.00383612,1,0,1,1,0,1,0,1,0,0,1,0,1,0,0,0
0.00383613,1,1,1,1,0,1,0,1,0,0,1,0,1,0,0,0
0.00383614,1,0,1,1,0,1,0,1,0,0,1,0,1,0,0,0
0.00383616,0,0,1,1,0,1,0,1,0,0,1,0,1,0,0,0
0.00383617,0,0,0,1,0,0,0,1,0,0,1,0,1,0,0,0
0.00383619,0,0,1,1,0,0,0,1,0,0,1,0,1,0,0,0
0.0038362,0,0,1,1,0,1,0,1,0,0,1,0,1,0,0,0
0.00383621,1,0,1,1,0,1,0,1,0,0,1,0,1,0,0,0
0.00383622,0,0,1,1,0,1,0,1,0,0,1,0,1,0,0,0
0.00383623,0,0,1,1,0,0,0,1,0,0,1,0,1,0,0,0
0.00383634,1,0,1,1,0,1,0,1,0,0,1,0,1,0,0,0
0.00383635,0,0,1,1,0,0,0,1,0,0,1,0,1,0,0,0
0.00383673,0,0,0,1,0,0,0,1,0,0,1,0,1,0,0,0
0.00383675,0,0,1,1,0,0,0,1,0,0,1,0,1,0,0,0
0.00383676,0,0,0,1,0,0,0,1,0,0,1,0,1,0,0,0
0.00383677,0,0,0,0,0,0,0,1,0,0,1,0,1,0,0,0
0.00383679,0,0,0,1,0,0,0,1,0,0,1,0,1,0,0,0
0.0038368,0,0,1,1,0,0,0,1,0,0,1,0,1,0,0,0
0.00383682,0,0,0,0,0,0,0,1,0,0,1,0,1,0,0,0
0.00383684,0,0,1,1,0,0,0,1,0,0,1,0,1,0,0,0
0.00383685,0,0,0,0,0,0,0,1,0,0,1,0,1,0,0,0
0.00383687,0,0,1,1,0,0,0,1,0,0,1,0,1,0,0,0
0.00383688,0,0,0,0,0,0,0,1,0,0,1,0,1,0,0,0
0.00383689,1,1,1,1,0,0,0,1,0,0,1,0,1,0,0,0
0.0038369,1,1,1,1,1,1,0,1,0,0,1,0,1,0,0,0
0.00383691,1,1,1,1,1,1,1,1,0,0,1,0,1,0,0,0
0.00383696,1,1,0,0,1,1,1,0,0,0,1,0,1,0,0,0
0.00383697,1,1,0,0,1,1,0,0,0,0,1,0,1,0,0,0
0.003837,1,1,1,1,1,1,1,0,0,0,1,0,1,0,0,0
0.00383703,1,1,1,0,1,1,0,0,0,0,1,0,1,0,0,0
0.00383704,1,1,0,0,1,1,0,0,0,0,1,0,1,0,0,0
0.00383708,1,1,1,1,1,1,0,0,0,0,1,0,1,0,0,0
0.0038371,1,1,0,0,1,1,0,0,0,0,1,0,1,0,0,0
0.00383734,1,1,0,0,1,1,0,0,0,1,0,0,1,0,0,0
0.00383735,1,1,0,0,1,1,0,0,1,1,0,0,1,1,0,0
0.00383787,1,1,1,1,1,1,0,0,1,1,0,0,1,1,0,0
0.00383788,1,1,1,1,1,1,1,0,1,1,0,0,1,1,0,0
0.00383792,1,1,1,1,1,1,1,1,1,1,0,0,1,1,0,0
0.00383888,0,0,0,0,0,0,0,1,1,1,0,0,1,1,0,0
0.00383892,1,1,1,1,0,1,1,1,1,1,0,0,1,1,0,0
0.00383896,0,0,1,1,0,0,1,1,1,1,0,0,1,1,0,0
0.00383897,0,0,0,0,0,0,0,1,1,1,0,0,1,1,0,0
0.003839,0,0,1,1,0,0,0,1,1,1,0,0,1,1,0,0
0.00383901,1,0,1,1,0,1,1,1,1,1,0,0,1,1,0,0
0.00383902,0,0,1,1,0,1,1,1,1,1,0,0,1,1,0,0
0.00383903,0,0,1,1,0,0,0,1,1,1,0,0,1,1,0,0
0.00383906,0,0,1,0,0,0,0,1,1,1,0,0,1,1,0,0
0.00383907,0,0,1,1,0,0,0,1,1,1,0,0,1,1,0,0
0.00383929,0,0,1,0,0,0,0,1,1,1,0,0,1,1,0,0
0.0038393,0,0,1,1,0,0,0,1,1,1,0,0,1,1,0,0
0.00383931,1,0,1,1,0,0,0,1,1,1,0,0,1,1,0,0
0.00383932,0,0,1,1,0,0,0,1,1,1,0,0,1,1,0,0
0.00383933,0,0,0,0,0,0,0,1,1,1,0,0,1,1,0,0
0.00383934,0,0,1,1,0,0,0,1,1,1,0,0,1,1,0,0
0.0038394,0,0,1,0,0,0,0,1,1,1,0,0,1,1,0,0
0.00383941,0,0,1,1,0,0,0,1,1,1,0,0,1,1,0,0
0.00383949,0,0,1,0,0,0,0,1,1,1,0,0,1,1,0,0
0.00383951,0,0,1,1,0,0,0,1,1,1,0,0,1,1,0,0
0.00383952,0,0,1,0,0,0,0,1,1,1,0,0,1,1,0,0
0.00383967,0,0,0,0,0,0,0,1,1,1,0,0,1,1,0,0
0.00383968,0,0,1,0,0,0,0,1,1,1,0,0,1,1,0,0
0.00383971,0,0,0,0,0,0,0,1,1,1,0,0,1,1,0,0
0.00383972,0,0,1,0,0,0,0,1,1,1,0,0,1,1,0,0
0.00383975,0,0,0,0,0,0,0,1,1,1,0,0,1,1,0,0
0.00383981,0,0,1,1,0,0,0,1,1,1,0,0,1,1,0,0
0.00383982,1,0,0,0,0,0,0,1,1,1,0,0,1,1,0,0
0.00383984,1,1,1,1,0,1,0,1,1,1,0,0,1,1,0,0
0.00383985,1,1,1,1,1,1,0,0,1,1,0,0,1,1,0,0
0.00383986,1,0,1,0,0,0,0,0,1,1,0,0,1,1,0,0
0.00383987,1,0,0,0,0,0,0,0,1,1,0,0,1,1,0,0
0.0038399,1,1,1,1,0,0,0,0,1,1,0,0,1,1,0,0
0.00383991,1,1,1,1,0,1,0,0,1,1,0,0,1,1,0,0
0.00383992,1,0,1,1,0,0,0,0,1,1,0,0,1,1,0,0
0.00383993,1,0,1,0,0,0,0,0,1,1,0,0,1,1,0,0
0.00383994,1,0,0,0,0,0,0,0,1,1,0,0,1,1,0,0
0.00383999,1,0,1,0,0,0,0,0,1,1,0,0,1,1,0,0
0.00384,1,0,0,0,0,0,0,0,1,1,0,0,1,1,0,0
0.00384081,1,1,1,1,1,1,1,1,1,1,0,0,1,1,0,0
0.0038418,1,1,0,0,1,1,0,0,1,1,0,0,1,1,0,0
0.00384183,0,1,1,1,1,1,1,1,1,1,0,0,1,1,0,0
0.00384275,1,1,1,1,1,1,1,1,1,1,0,0,1,1,0,0
0.00384277,0,0,0,0,0,0,0,1,1,1,0,0,1,1,0,0
0.00384281,0,0,1,1,0,1,0,1,1,1,0,0,1,1,0,0
0.00384282,1,1,1,1,0,1,1,1,1,1,0,0,1,1,0,0
0.00384284,1,0,1,1,0,1,1,1,1,1,0,0,1,1,0,0
0.00384285,0,0,1,1,0,0,0,1,1,1,0,0,1,1,0,0
0.00384286,0,0,0,0,0,0,0,1,1,1,0,0,1,1,0,0
0.00384289,0,0,1,0,0,0,0,1,1,1,0,0,1,1,0,0
0.0038429,0,0,1,1,0,0,0,1,1,1,0,0,1,1,0,0
0.00384292,0,0,1,0,0,0,0,1,1,1,0,0,1,1,0,0
0.00384293,0,0,0,0,0,0,0,1,1,1,0,0,1,1,0,0
0.00384297,0,0,1,0,0,0,0,1,1,1,0,0,1,1,0,0
0.00384301,0,0,0,0,0,0,0,1,1,1,0,0,1,1,0,0
0.00384302,0,0,1,0,0,0,0,1,1,1,0,0,1,1,0,0
0.00384307,0,0,0,0,0,0,0,1,1,1,0,0,1,1,0,0
0.00384308,0,0,1,0,0,0,0,1,1,1,0,0,1,1,0,0
0.0038431,0,0,0,0,0,0,0,1,1,1,0,0,1,1,0,0
0.00384312,0,0,1,0,0,0,0,1,1,1,0,0,1,1,0,0
0.00384314,0,0,0,0,0,0,0,1,1,1,0,0,1,1,0,0
0.00384317,0,0,1,0,0,0,0,1,1,1,0,0,1,1,0,0
0.00384319,0,0,0,0,0,0,0,1,1,1,0,0,1,1,0,0
0.0038432,0,0,1,0,0,0,0,1,1,1,0,0,1,1,0,0
0.00384322,0,0,1,1,0,0,0,1,1,1,0,0,1,1,0,0
0.00384323,0,0,0,0,0,0,0,1,1,1,0,0,1,1,0,0
0.00384325,0,0,1,0,0,0,0,1,1,1,0,0,1,1,0,0
0.00384327,0,0,0,0,0,0,0,1,1,1,0,0,1,1,0,0
0.00384329,0,0,1,0,0,0,0,1,1,1,0,0,1,1,0,0
0.0038433,0,0,0,0,0,0,0,1,1,1,0,0,1,1,0,0
0.00384335,0,0,1,0,0,0,0,1,1,1,0,0,1,1,0,0
0.00384336,0,0,0,0,0,0,0,1,1,1,0,0,1,1,0,0
0.00384373,0,0,1,0,0,0,0,1,1,1,0,0,1,1,0,0
0.00384374,0,1,1,0,1,0,0,1,1,1,0,0,1,1,0,0
0.00384376,1,1,1,1,1,1,1,1,1,1,0,0,1,1,0,0
0.00384379,0,1,1,0,1,0,0,1,1,1,0,0,1,1,0,0
0.00384384,0,1,1,1,1,0,0,1,1,1,0,0,1,1,0,0
0.00384386,0,1,1,0,1,0,0,1,1,1,0,0,1,1,0,0
0.00384471,0,1,1,1,1,1,1,1,1,1,0,0,1,1,0,0
0.00384474,1,1,1,1,1,1,1,1,1,1,0,0,1,1,0,0
0.00384475,0,1,1,1,1,1,1,1,1,1,0,0,1,1,0,0
0.00384478,1,1,1,1,1,1,1,1,1,1,0,0,1,1,0,0
0.0038457,1,1,0,0,1,1,0,0,1,1,0,0,1,1,0,0
0.00384573,0,1,1,0,1,0,0,1,1,1,0,0,1,1,0,0
0.00384574,0,1,1,1,1,0,1,1,1,1,0,0,1,1,0,0
0.00384575,1,1,1,1,1,1,1,1,1,1,0,0,1,1,0,0
0.00384579,1,1,1,0,1,1,1,1,1,1,0,0,1,1,0,0
0.0038458,1,1,1,0,1,1,0,1,1,1,0,0,1,1,0,0
0.00384581,1,1,0,0,0,1,0,1,1,1,0,0,1,1,0,0
0.00384586,1,1,0,1,0,1,1,1,1,1,0,0,1,1,0,0
0.00384587,1,1,0,0,0,1,0,1,1,1,0,0,1,1,0,0
0.00384666,1,1,1,1,0,1,0,1,1,1,0,0,1,1,0,0
0.00384667,1,1,1,1,1,1,1,1,1,1,0,0,1,1,0,0
0.00384672,1,0,0,0,0,0,0,0,1,1,0,0,1,1,0,0
0.00384678,1,1,1,1,0,1,1,1,1,1,0,0,1,1,0,0
0.0038468,1,0,0,0,0,0,0,0,1,1,0,0,1,1,0,0
0.00384763,1,1,1,1,0,0,0,0,1,1,0,0,1,1,0,0
0.00384764,1,1,1,1,0,1,1,1,1,1,0,0,1,1,0,0
0.00384765,1,1,1,1,1,1,1,1,1,1,0,0,1,1,0,0
0.00384866,0,1,1,0,0,1,0,1,1,1,0,0,1,1,0,0
0.00384871,0,1,1,1,0,1,0,1,1,1,0,0,1,1,0,0
0.00384872,0,1,1,0,0,1,0,1,1,1,0,0,1,1,0,0
0.00384905,0,1,1,0,0,1,0,1,1,1,0,0,0,1,0,0
0.00384906,0,1,1,0,0,1,0,1,0,1,0,0,0,1,0,0
0.00384907,0,1,1,0,0,1,0,1,0,1,1,0,0,1,0,1
0.00384913,0,1,1,0,0,1,0,1,0,0,0,0,0,0,0,0
0.00384914,0,1,1,0,0,1,0,1,0,1,1,0,0,1,0,1
0.00384961,1,1,1,1,1,1,1,1,0,1,1,0,0,1,0,1
0.00384966,0,0,0,0,0,1,1,0,0,1,1,0,0,1,0,1
0.0038497,0,0,0,1,0,1,1,1,0,1,1,0,0,1,0,1
0.00384971,1,0,1,1,0,1,1,1,0,1,1,0,0,1,0,1
0.00384972,1,1,1,1,0,1,1,1,0,1,1,0,0,1,0,1
0.00384973,0,0,1,1,0,1,1,1,0,1,1,0,0,1,0,1
0.00384974,0,0,0,0,0,1,1,1,0,1,1,0,0,1,0,1
0.00384975,0,0,0,0,0,1,1,0,0,1,1,0,0,1,0,1
0.00384979,0,0,0,1,0,1,1,1,0,1,1,0,0,1,0,1
0.0038498,0,0,0,0,0,1,1,0,0,1,1,0,0,1,0,1
0.00385056,1,1,1,1,0,1,1,0,0,1,1,0,0,1,0,1
0.00385057,1,1,1,1,1,1,1,1,0,1,1,0,0,1,0,1
0.00385063,0,0,0,0,0,0,0,1,0,1,1,0,0,1,0,1
0.00385067,1,1,1,1,0,0,0,1,0,1,1,0,0,1,0,1
0.00385069,1,1,1,1,0,0,1,1,0,1,1,0,0,1,0,1
0.0038507,1,1,1,1,0,0,0,1,0,1,1,0,0,1,0,1
0.00385072,0,0,1,0,0,0,0,1,0,1,1,0,0,1,0,1
0.00385073,0,0,0,0,0,0,0,1,0,1,1,0,0,1,0,1
0.00385075,0,0,1,1,0,0,0,1,0,1,1,0,0,1,0,1
0.00385076,1,1,1,1,0,0,0,1,0,1,1,0,0,1,0,1
0.00385079,0,1,1,1,0,0,0,1,0,1,1,0,0,1,0,1
0.0038508,0,0,1,1,0,0,0,1,0,1,1,0,0,1,0,1
0.00385084,1,1,1,1,0,0,0,1,0,1,1,0,0,1,0,1
0.00385085,0,1,1,1,0,0,0,1,0,1,1,0,0,1,0,1
0.00385086,0,0,1,1,0,0,0,1,0,1,1,0,0,1,0,1
0.00385096,0,0,1,0,0,0,0,1,0,1,1,0,0,1,0,1
0.00385098,0,0,1,1,0,0,0,1,0,1,1,0,0,1,0,1
0.003851,0,0,1,0,0,0,0,1,0,1,1,0,0,1,0,1
0.00385101,0,0,1,1,0,0,0,1,0,1,1,0,0,1,0,1
0.00385104,0,0,1,0,0,0,0,1,0,1,1,0,0,1,0,1
0.00385108,0,0,1,1,0,0,0,1,0,1,1,0,0,1,0,1
0.00385109,0,0,1,0,0,0,0,1,0,1,1,0,0,1,0,1
0.00385134,0,0,0,0,0,0,0,1,0,1,1,0,0,1,0,1
0.00385135,0,0,1,0,0,0,0,1,0,1,1,0,0,1,0,1
0.00385138,0,0,0,0,0,0,0,1,0,1,1,0,0,1,0,1
0.00385139,0,0,1,0,0,0,0,1,0,1,1,0,0,1,0,1
0.0038514,0,0,0,0,0,0,0,1,0,1,1,0,0,1,0,1
0.00385144,0,0,1,0,0,0,0,1,0,1,1,0,0,1,0,1
0.00385146,0,0,0,0,0,0,0,1,0,1,1,0,0,1,0,1
0.0038515,0,0,1,0,0,0,0,1,0,1,1,0,0,1,0,1
0.00385151,0,0,0,0,0,0,0,1,0,1,1,0,0,1,0,1
0.00385153,1,1,1,1,0,0,0,1,0,1,1,0,0,1,0,1
0.00385156,1,1,1,1,1,1,1,1,0,1,1,0,0,1,0,1
0.00385161,1,0,1,1,0,1,1,0,0,1,1,0,0,1,0,1
0.00385162,1,0,0,1,0,1,1,0,0,1,1,0,0,1,0,1
0.00385166,1,1,1,1,1,1,1,1,0,1,1,0,0,1,0,1
0.00385167,1,1,1,1,0,1,1,1,0,1,1,0,0,1,0,1
0.00385168,1,0,1,1,0,1,1,0,0,1,1,0,0,1,0,1
0.00385169,1,0,0,1,0,1,1,0,0,1,1,0,0,1,0,1
0.00385173,1,0,1,1,0,1,1,0,0,1,1,0,0,1,0,1
0.00385175,1,0,0,1,0,1,1,0,0,1,1,0,0,1,0,1
0.00385252,1,1,1,1,0,1,1,0,0,1,1,0,0,1,0,1
0.00385253,1,1,1,1,1,1,1,1,0,1,1,0,0,1,0,1
0.00385355,1,0,0,1,0,1,1,0,0,1,1,0,0,1,0,1
0.00385359,1,1,1,1,0,1,1,1,0,1,1,0,0,1,0,1
0.00385361,1,0,0,1,0,1,1,0,0,1,1,0,0,1,0,1
0.00385457,1,0,1,1,0,1,1,0,0,1,1,0,0,1,0,1
0.00385458,1,1,1,1,1,1,1,0,0,1,1,0,0,1,0,1
0.00385459,0,1,1,0,1,1,0,1,0,1,1,0,0,1,0,1
0.0038546,0,0,1,0,1,1,0,0,0,1,1,0,0,1,0,1
0.00385464,0,1,1,0,1,1,0,0,0,1,1,0,0,1,0,1
0.00385466,0,0,1,0,1,1,0,0,0,1,1,0,0,1,0,1
0.00385491,0,0,1,0,1,1,0,0,0,0,1,0,0,1,0,0
0.00385492,0,0,1,0,1,1,0,0,0,0,1,0,1,1,0,0
0.00385499,0,0,1,0,1,1,0,0,0,0,1,0,1,0,0,0
0.003855,0,0,1,0,1,1,0,0,0,0,1,0,1,1,0,0
0.00385546,0,1,1,0,1,1,0,0,0,0,1,0,1,1,0,0
0.00385547,1,1,1,0,1,1,0,1,0,0,1,0,1,1,0,0
0.00385548,1,1,1,1,1,1,0,1,0,0,1,0,1,1,0,0
0.00385549,1,1,1,1,1,1,1,1,0,0,1,0,1,1,0,0
0.0038555,1,1,1,1,1,1,0,1,0,0,1,0,1,1,0,0
0.00385551,1,1,1,1,1,1,1,1,0,0,1,0,1,1,0,0
0.00385644,0,0,1,0,1,1,0,0,0,0,1,0,1,1,0,0
0.00385648,0,1,1,1,1,1,1,1,0,0,1,0,1,1,0,0
0.00385649,1,1,1,1,1,1,1,1,0,0,1,0,1,1,0,0
0.00385652,0,1,1,1,1,1,1,1,0,0,1,0,1,1,0,0
0.00385741,1,1,1,1,1,1,1,1,0,0,1,0,1,1,0,0
0.00385743,0,0,0,0,0,0,0,1,0,0,1,0,1,1,0,0
0.00385747,1,0,0,0,0,0,0,1,0,0,1,0,1,1,0,0
0.00385748,1,1,1,1,0,0,1,1,0,0,1,0,1,1,0,0
0.0038575,1,0,1,1,0,0,0,1,0,0,1,0,1,1,0,0
0.00385751,0,0,0,0,0,0,0,1,0,0,1,0,1,1,0,0
0.00385838,0,1,1,1,1,1,0,1,0,0,1,0,1,1,0,0
0.00385839,1,1,1,1,1,1,1,1,0,0,1,0,1,1,0,0
0.00385842,0,0,0,1,0,1,0,1,0,0,1,0,1,1,0,0
0.00385844,0,1,1,1,0,1,0,1,0,0,1,0,1,1,0,0
0.00385845,1,1,1,1,1,1,0,1,0,0,1,0,1,1,0,0
0.00385846,1,1,1,1,1,0,1,1,0,0,1,0,1,1,0,0
0.00385847,0,1,1,0,1,0,0,1,0,0,1,0,1,1,0,0
0.00385936,0,1,1,1,1,0,0,1,0,0,1,0,1,1,0,0
0.00385937,1,1,1,1,1,1,1,1,0,0,1,0,1,1,0,0
0.00386034,0,1,1,0,1,0,0,1,0,0,1,0,1,1,0,0
0.00386038,1,1,1,1,1,1,1,1,0,0,1,0,1,1,0,0
0.00386133,0,0,0,0,0,0,1,1,0,0,1,0,1,1,0,0
0.00386134,0,0,0,0,0,0,0,1,0,0,1,0,1,1,0,0
0.00386138,1,0,1,1,0,1,1,1,0,0,1,0,1,1,0,0
0.00386139,1,1,1,1,0,1,1,1,0,0,1,0,1,1,0,0
0.00386141,0,0,1,1,0,1,1,1,0,0,1,0,1,1,0,0
0.00386142,0,0,0,0,0,0,0,1,0,0,1,0,1,1,0,0
0.00386146,0,0,1,1,0,1,0,1,0,0,1,0,1,1,0,0
0.00386148,0,0,0,0,0,0,0,1,0,0,1,0,1,1,0,0
0.00386177,0,0,1,0,0,0,0,1,0,0,1,0,1,1,0,0
0.00386178,0,0,0,0,0,0,0,1,0,0,1,0,1,1,0,0
0.0038618,0,0,1,0,0,0,0,1,0,0,1,0,1,1,0,0
0.00386181,0,0,0,0,0,0,0,1,0,0,1,0,1,1,0,0
0.00386227,0,0,1,1,0,0,0,1,0,0,1,0,1,1,0,0
0.00386228,0,1,1,0,0,1,0,1,0,0,1,0,1,1,0,0
0.00386229,1,1,1,1,1,1,1,1,0,0,1,0,1,1,0,0
0.00386233,0,0,0,1,0,1,0,1,0,0,1,0,1,1,0,0
0.00386234,1,0,0,1,0,1,0,1,0,0,1,0,1,1,0,0
0.00386235,1,1,0,1,0,1,0,1,0,0,1,0,1,1,0,0
0.00386236,1,1,1,0,0,0,1,0,0,0,1,0,1,1,0,0
0.00386237,1,0,0,0,0,0,0,0,0,0,1,0,1,1,0,0
0.00386241,1,1,1,1,0,1,1,0,0,0,1,0,1,1,0,0
0.00386243,1,0,1,0,0,0,0,0,0,0,1,0,1,1,0,0
0.00386244,1,0,0,0,0,0,0,0,0,0,1,0,1,1,0,0
0.00386326,1,0,1,0,0,0,0,0,0,0,1,0,1,1,0,0
0.00386327,1,1,1,1,1,1,1,0,0,0,1,0,1,1,0,0
0.00386331,1,0,0,0,0,0,0,0,0,0,1,0,1,1,0,0
0.00386336,1,0,1,0,0,0,0,0,0,0,1,0,1,1,0,0
0.00386338,1,0,0,0,0,0,0,0,0,0,1,0,1,1,0,0
0.00386426,1,1,1,0,1,0,0,1,0,0,1,0,1,1,0,0
0.00386427,0,1,1,1,1,1,0,1,0,0,1,0,1,1,0,0
0.00386428,0,1,1,1,1,1,1,1,0,0,1,0,1,1,0,0
0.00386429,1,1,1,1,1,1,1,1,0,0,1,0,1,1,0,0
0.00386431,0,1,1,0,1,0,0,1,0,0,1,0,1,1,0,0
0.00386435,0,1,1,1,1,1,0,1,0,0,1,0,1,1,0,0
0.00386436,0,1,1,0,1,0,0,1,0,0,1,0,1,1,0,0
0.00386523,0,1,1,1,1,1,1,1,0,0,1,0,1,1,0,0
0.00386524,1,1,1,1,1,1,1,1,0,0,1,0,1,1,0,0
0.0038682,1,1,0,0,0,1,0,1,0,0,1,0,1,1,0,0
0.00386822,1,1,1,1,1,1,0,1,0,0,1,0,1,1,0,0
0.00386823,1,1,1,1,1,1,1,1,0,0,1,0,1,1,0,0
0.00386826,1,1,1,1,1,1,1,0,0,0,1,0,1,1,0,0
0.00386827,1,0,0,0,0,1,0,0,0,0,1,0,1,1,0,0
0.00386832,1,0,0,0,0,1,1,0,0,0,1,0,1,1,0,0
0.00386835,1,0,0,0,0,1,0,0,0,0,1,0,1,1,0,0
0.00386858,1,0,0,0,0,1,0,0,0,0,0,0,0,1,0,0
0.00386859,1,0,0,0,0,1,0,0,1,0,0,0,0,1,0,0
0.00386866,1,0,0,0,0,1,0,0,0,0,0,0,0,0,0,0
0.00386867,1,0,0,0,0,1,0,0,1,0,0,0,0,1,0,0
0.00386911,1,0,1,0,0,1,0,0,1,0,0,0,0,1,0,0
0.00386913,1,0,1,1,0,1,1,0,1,0,0,0,0,1,0,0
0.00386914,1,1,1,1,1,1,1,1,1,0,0,0,0,1,0,0
0.00386918,0,1,1,1,1,1,1,0,1,0,0,0,0,1,0,0
0.00386919,0,0,0,0,0,1,1,0,1,0,0,0,0,1,0,0
0.00386923,0,0,1,1,0,1,1,0,1,0,0,0,0,1,0,0
0.00386924,0,1,1,1,0,1,1,0,1,0,0,0,0,1,0,0
0.00386926,0,0,1,0,0,1,1,0,1,0,0,0,0,1,0,0
0.00386927,0,0,0,0,0,1,1,0,1,0,0,0,0,1,0,0
0.00386931,0,0,1,0,0,1,1,0,1,0,0,0,0,1,0,0
0.00386934,0,0,0,0,0,1,1,0,1,0,0,0,0,1,0,0
0.00387008,0,1,0,0,0,1,1,0,1,0,0,0,0,1,0,0
0.00387009,1,1,1,1,0,1,1,0,1,0,0,0,0,1,0,0
0.0038701,1,1,1,1,1,1,1,1,1,0,0,0,0,1,0,0
0.00387016,1,1,1,1,1,0,1,1,1,0,0,0,0,1,0,0
0.00387017,0,0,0,0,0,0,0,1,1,0,0,0,0,1,0,0
0.00387021,1,1,1,1,0,0,0,1,1,0,0,0,0,1,0,0
0.00387022,1,1,1,1,1,0,1,1,1,0,0,0,0,1,0,0
0.00387023,1,1,1,1,0,0,1,1,1,0,0,0,0,1,0,0
0.00387024,1,1,1,1,0,0,0,1,1,0,0,0,0,1,0,0
0.00387025,0,0,1,1,0,0,0,1,1,0,0,0,0,1,0,0
0.00387026,0,0,0,0,0,0,0,1,1,0,0,0,0,1,0,0
0.00387029,0,0,1,1,0,0,0,1,1,0,0,0,0,1,0,0
0.00387033,0,0,1,0,0,0,0,1,1,0,0,0,0,1,0,0
0.00387064,0,0,0,0,0,0,0,1,1,0,0,0,0,1,0,0
0.00387065,0,0,1,0,0,0,0,1,1,0,0,0,0,1,0,0
0.00387072,0,0,0,0,0,0,0,1,1,0,0,0,0,1,0,0
0.00387106,0,1,0,0,0,0,0,1,1,0,0,0,0,1,0,0
0.00387108,0,0,1,1,0,0,0,1,1,0,0,0,0,1,0,0
0.00387109,1,1,1,1,1,1,0,1,1,0,0,0,0,1,0,0
0.0038711,1,1,1,1,1,1,1,1,1,0,0,0,0,1,0,0
0.00387114,1,0,0,1,0,1,1,0,1,0,0,0,0,1,0,0
0.00387117,1,1,1,1,0,1,1,0,1,0,0,0,0,1,0,0
0.00387118,1,1,1,1,1,1,1,1,1,0,0,0,0,1,0,0
0.0038712,1,1,1,1,0,1,1,0,1,0,0,0,0,1,0,0
0.00387122,1,0,1,1,0,1,1,0,1,0,0,0,0,1,0,0
0.00387123,1,0,0,1,0,1,1,0,1,0,0,0,0,1,0,0
0.00387124,1,0,1,1,0,1,1,0,1,0,0,0,0,1,0,0
0.00387125,1,1,1,1,0,1,1,0,1,0,0,0,0,1,0,0
0.00387129,1,0,1,1,0,1,1,0,1,0,0,0,0,1,0,0
0.00387133,1,1,1,1,0,1,1,0,1,0,0,0,0,1,0,0
0.00387136,1,0,1,1,0,1,1,0,1,0,0,0,0,1,0,0
0.00387153,1,1,1,1,0,1,1,0,1,0,0,0,0,1,0,0
0.00387154,1,0,1,1,0,1,1,0,1,0,0,0,0,1,0,0
0.0038719,1,0,0,1,0,1,1,0,1,0,0,0,0,1,0,0
0.00387191,1,0,1,1,0,1,1,0,1,0,0,0,0,1,0,0
0.00387197,1,0,0,1,0,1,1,0,1,0,0,0,0,1,0,0
0.00387198,1,0,1,1,0,1,1,0,1,0,0,0,0,1,0,0
0.00387199,1,0,0,1,0,1,1,0,1,0,0,0,0,1,0,0
0.003872,1,0,1,1,0,1,1,0,1,0,0,0,0,1,0,0
0.00387202,1,0,0,1,0,1,1,0,1,0,0,0,0,1,0,0
0.00387205,1,0,1,1,0,1,1,0,1,0,0,0,0,1,0,0
0.00387206,1,0,0,1,0,1,1,0,1,0,0,0,0,1,0,0
0.00387207,1,0,1,1,0,1,1,0,1,0,0,0,0,1,0,0
0.00387208,1,0,0,1,0,1,1,0,1,0,0,0,0,1,0,0
0.0038721,1,0,0,1,0,1,1,1,1,0,0,0,0,1,0,0
0.00387211,1,1,0,1,0,1,1,1,1,0,0,0,0,1,0,0
0.00387212,1,1,1,1,1,1,1,1,1,0,0,0,0,1,0,0
0.00387213,0,1,1,0,1,0,1,1,1,0,0,0,0,1,0,0
0.00387214,0,1,0,0,1,0,1,1,1,0,0,0,0,1,0,0
0.00387217,0,1,1,0,1,0,1,1,1,0,0,0,0,1,0,0
0.00387218,0,1,1,1,1,0,1,1,1,0,0,0,0,1,0,0
0.00387219,0,1,1,0,1,0,1,1,1,0,0,0,0,1,0,0
0.00387221,0,1,0,0,1,0,1,1,1,0,0,0,0,1,0,0
0.00387225,0,1,1,0,1,0,1,1,1,0,0,0,0,1,0,0
0.00387228,0,1,0,0,1,0,1,1,1,0,0,0,0,1,0,0
0.00387249,0,1,0,0,1,0,1,1,0,1,0,0,0,0,0,0
0.0038725,0,1,0,0,1,0,1,1,0,1,0,0,1,0,1,1
0.00387304,1,1,1,1,1,0,1,1,0,1,0,0,1,0,1,1
0.00387305,1,1,1,1,1,1,1,1,0,1,0,0,1,0,1,1
0.00387309,1,0,1,1,0,1,1,0,0,1,0,0,1,0,1,1
0.0038731,1,0,0,1,0,1,1,0,0,1,0,0,1,0,1,1
0.00387314,1,1,1,1,0,1,1,0,0,1,0,0,1,0,1,1
0.00387315,1,0,1,1,0,1,1,0,0,1,0,0,1,0,1,1
0.00387316,1,0,0,1,0,1,1,0,0,1,0,0,1,0,1,1
0.003874,1,0,1,1,0,1,1,0,0,1,0,0,1,0,1,1
0.00387401,1,1,1,1,1,1,1,1,0,1,0,0,1,0,1,1
0.00387498,0,0,0,0,0,0,0,0,0,1,0,0,1,0,1,1
0.00387501,0,1,1,0,0,0,0,0,0,1,0,0,1,0,1,1
0.00387502,0,0,1,0,0,0,0,0,0,1,0,0,1,0,1,1
0.00387503,0,0,0,0,0,0,0,0,0,1,0,0,1,0,1,1
0.00387594,1,1,1,0,0,0,0,0,0,1,0,0,1,0,1,1
0.00387595,0,0,0,0,0,0,0,0,0,1,0,0,1,0,1,1
0.00387598,1,0,0,1,0,1,1,0,0,1,0,0,1,0,1,1
0.003876,1,1,1,1,0,1,1,1,0,1,0,0,1,0,1,1
0.00387601,1,1,1,1,1,1,1,1,0,1,0,0,1,0,1,1
0.00387606,1,1,1,0,1,1,0,0,0,1,0,0,1,0,1,1
0.00387607,0,1,0,0,1,1,0,0,0,1,0,0,1,0,1,1
0.00387611,1,1,1,1,1,1,0,0,0,1,0,0,1,0,1,1
0.00387613,0,1,1,0,1,1,0,0,0,1,0,0,1,0,1,1
0.00387614,0,1,0,0,1,1,0,0,0,1,0,0,1,0,1,1
0.00387639,0,1,0,0,1,1,0,0,0,1,0,0,1,0,0,0
0.00387641,0,1,0,0,1,1,0,0,0,1,0,0,1,1,0,0
0.00387692,1,1,1,1,1,1,0,0,0,1,0,0,1,1,0,0
0.00387694,1,1,1,1,1,1,0,1,0,1,0,0,1,1,0,0
0.00387695,1,1,1,1,1,1,0,0,0,1,0,0,1,1,0,0
0.00387696,1,1,1,1,1,1,1,1,0,1,0,0,1,1,0,0
0.00387699,1,1,1,1,1,1,1,0,0,1,0,0,1,1,0,0
0.003877,1,0,1,0,1,1,0,0,0,1,0,0,1,1,0,0
0.00387705,1,1,1,1,1,1,0,0,0,1,0,0,1,1,0,0
0.00387706,1,0,1,0,1,1,0,0,0,1,0,0,1,1,0,0
0.0038779,1,1,1,1,1,1,0,0,0,1,0,0,1,1,0,0
0.00387793,1,1,1,1,1,1,1,1,0,1,0,0,1,1,0,0
0.00387794,1,1,1,1,1,1,0,0,0,1,0,0,1,1,0,0
0.00387795,1,1,1,1,1,1,1,1,0,1,0,0,1,1,0,0
0.00387796,1,1,1,1,0,0,1,1,0,1,0,0,1,1,0,0
0.00387797,1,1,0,1,0,0,0,0,0,1,0,0,1,1,0,0
0.0038789,1,1,1,1,0,0,0,0,0,1,0,0,1,1,0,0
0.00387891,1,1,1,1,1,1,1,1,0,1,0,0,1,1,0,0
0.0038799,0,0,1,1,1,0,1,0,0,1,0,0,1,1,0,0
0.00387991,0,0,0,1,1,0,1,0,0,1,0,0,1,1,0,0
0.00387993,1,1,1,1,1,1,1,0,0,1,0,0,1,1,0,0
0.00387995,1,1,1,1,1,1,1,1,0,1,0,0,1,1,0,0
0.00387996,1,0,1,1,1,1,1,1,0,1,0,0,1,1,0,0
0.00387997,1,0,0,1,1,1,1,0,0,1,0,0,1,1,0,0
0.00387999,1,0,0,0,1,1,0,0,0,1,0,0,1,1,0,0
0.00388003,1,0,1,0,1,1,0,0,0,1,0,0,1,1,0,0
0.00388004,1,0,1,0,1,1,0,1,0,1,0,0,1,1,0,0
0.00388005,1,0,1,0,1,1,0,0,0,1,0,0,1,1,0,0
0.00388006,1,0,0,0,1,1,0,0,0,1,0,0,1,1,0,0
0.0038803,1,0,0,0,1,1,0,0,0,0,0,0,1,1,0,0
0.00388031,1,0,0,0,1,1,0,0,1,0,0,0,1,1,0,0
0.00388037,1,0,0,0,1,1,0,0,0,0,0,0,0,0,0,0
0.00388038,1,0,0,0,1,1,0,0,1,0,0,0,1,1,0,0
0.00388083,1,1,1,1,1,1,0,0,1,0,0,0,1,1,0,0
0.00388084,1,1,1,0,1,1,0,1,1,0,0,0,1,1,0,0
0.00388085,1,1,1,1,1,1,1,1,1,0,0,0,1,1,0,0
0.0038809,1,1,0,1,0,1,0,1,1,0,0,0,1,1,0,0
0.00388094,1,1,1,1,0,1,0,1,1,0,0,0,1,1,0,0
0.00388096,1,1,0,1,0,1,0,1,1,0,0,0,1,1,0,0
0.0038818,1,1,1,1,0,1,0,1,1,0,0,0,1,1,0,0
0.00388182,1,1,1,1,1,1,1,1,1,0,0,0,1,1,0,0
0.00388188,1,0,0,0,0,0,0,0,1,0,0,0,1,1,0,0
0.00388193,1,0,1,0,0,0,0,0,1,0,0,0,1,1,0,0
0.00388194,1,1,1,1,0,1,1,0,1,0,0,0,1,1,0,0
0.00388195,1,1,1,0,0,1,1,0,1,0,0,0,1,1,0,0
0.00388196,1,1,1,0,0,0,0,0,1,0,0,0,1,1,0,0
0.00388197,1,0,1,0,0,0,0,0,1,0,0,0,1,1,0,0
0.00388198,1,0,0,0,0,0,0,0,1,0,0,0,1,1,0,0
0.00388201,1,0,1,0,0,0,0,0,1,0,0,0,1,1,0,0
0.00388205,1,0,0,0,0,0,0,0,1,0,0,0,1,1,0,0
0.00388279,1,1,1,1,0,1,0,1,1,0,0,0,1,1,0,0
0.0038828,1,1,1,1,1,1,1,1,1,0,0,0,1,1,0,0
0.00388381,0,0,1,0,1,0,0,0,1,0,0,0,1,1,0,0
0.00388386,0,1,1,1,1,1,1,1,1,0,0,0,1,1,0,0
0.00388388,0,0,1,1,1,1,0,0,1,0,0,0,1,1,0,0
0.00388389,0,0,1,0,1,0,0,0,1,0,0,0,1,1,0,0
0.0038842,0,0,1,0,1,0,0,0,0,0,0,0,1,0,0,0
0.00388422,0,0,1,0,1,0,0,0,0,0,1,0,1,0,0,0
0.00388428,0,0,1,0,1,0,0,0,0,0,0,0,0,0,0,0
0.00388429,1,0,1,0,1,0,0,0,0,0,1,0,1,0,0,0
0.0038843,1,0,1,0,1,0,0,0,1,0,1,0,1,0,0,0
0.00388431,1,1,1,1,1,1,1,1,1,0,1,0,1,0,0,0
0.00388432,0,0,1,0,1,1,1,1,0,0,1,0,1,0,0,0
0.00388433,0,0,1,0,1,0,0,0,0,0,1,0,1,0,0,0
0.00388476,1,1,1,1,1,1,1,1,0,0,1,0,1,0,0,0
0.00388578,0,0,0,0,0,0,0,1,0,0,1,0,1,0,0,0
0.00388582,0,1,0,1,0,1,1,1,0,0,1,0,1,0,0,0
0.00388583,1,0,1,1,0,1,1,1,0,0,1,0,1,0,0,0
0.00388584,1,1,1,1,0,1,1,1,0,0,1,0,1,0,0,0
0.00388586,0,0,1,1,0,1,1,1,0,0,1,0,1,0,0,0
0.00388587,0,0,0,0,0,0,0,1,0,0,1,0,1,0,0,0
0.0038859,0,0,0,1,0,1,0,1,0,0,1,0,1,0,0,0
0.00388595,0,0,0,0,0,0,0,1,0,0,1,0,1,0,0,0
0.00388598,0,0,0,1,0,0,0,1,0,0,1,0,1,0,0,0
0.00388599,0,0,0,1,0,1,0,1,0,0,1,0,1,0,0,0
0.00388602,0,0,0,1,0,0,0,1,0,0,1,0,1,0,0,0
0.00388605,0,0,0,0,0,0,0,1,0,0,1,0,1,0,0,0
0.00388607,0,0,0,1,0,0,0,1,0,0,1,0,1,0,0,0
0.0038861,0,0,0,0,0,0,0,1,0,0,1,0,1,0,0,0
0.00388613,0,0,0,1,0,0,0,1,0,0,1,0,1,0,0,0
0.00388619,0,0,0,0,0,0,0,1,0,0,1,0,1,0,0,0
0.00388622,0,0,0,1,0,0,0,1,0,0,1,0,1,0,0,0
0.00388623,0,0,0,0,0,0,0,1,0,0,1,0,1,0,0,0
0.00388625,0,0,0,1,0,0,0,1,0,0,1,0,1,0,0,0
0.00388627,0,0,0,0,0,0,0,1,0,0,1,0,1,0,0,0
0.00388668,1,1,1,1,0,0,0,1,0,0,1,0,1,0,0,0
0.00388669,1,1,1,1,1,1,0,1,0,0,1,0,1,0,0,0
0.0038867,1,1,1,1,1,1,1,1,0,0,1,0,1,0,0,0
0.00388676,1,1,1,1,1,1,1,0,0,0,1,0,1,0,0,0
0.00388677,0,0,1,0,1,0,0,0,0,0,1,0,1,0,0,0
0.0038868,0,1,1,1,1,1,1,0,0,0,1,0,1,0,0,0
0.00388681,1,1,1,1,1,1,1,0,0,0,1,0,1,0,0,0
0.00388684,1,0,1,1,1,0,0,0,0,0,1,0,1,0,0,0
0.00388685,0,0,1,0,1,0,0,0,0,0,1,0,1,0,0,0
0.00388688,0,0,1,1,1,0,0,0,0,0,1,0,1,0,0,0
0.00388689,1,1,1,1,1,1,1,0,0,0,1,0,1,0,0,0
0.0038869,1,1,1,1,1,1,0,0,0,0,1,0,1,0,0,0
0.00388691,0,0,1,1,1,0,0,0,0,0,1,0,1,0,0,0
0.00388693,0,0,1,0,1,0,0,0,0,0,1,0,1,0,0,0
0.00388696,0,0,1,1,1,0,0,0,0,0,1,0,1,0,0,0
0.003887,0,0,1,0,1,0,0,0,0,0,1,0,1,0,0,0
0.00388713,0,0,1,1,1,0,0,0,0,0,1,0,1,0,0,0
0.00388714,0,0,1,0,1,0,0,0,0,0,1,0,1,0,0,0
0.00388719,0,0,1,1,1,0,0,0,0,0,1,0,1,0,0,0
0.0038872,0,0,1,0,1,0,0,0,0,0,1,0,1,0,0,0
0.00388721,0,0,1,0,1,0,0,0,0,0,0,0,0,0,0,0
0.00388722,0,0,1,0,1,0,0,0,0,0,1,0,1,0,0,0
0.00388766,1,0,1,0,1,0,0,0,0,0,1,0,1,0,0,0
0.00388767,1,0,1,1,1,0,0,0,0,0,1,0,1,0,0,0
0.00388768,1,1,1,1,1,1,1,1,0,0,1,0,1,0,0,0
0.00388773,1,0,0,1,1,1,0,1,0,0,1,0,1,0,0,0
0.00388777,1,1,0,1,1,1,0,1,0,0,1,0,1,0,0,0
0.00388778,1,1,0,1,1,1,1,1,0,0,1,0,1,0,0,0
0.00388779,1,0,0,1,1,1,0,1,0,0,1,0,1,0,0,0
0.00388864,1,0,1,1,1,1,0,1,0,0,1,0,1,0,0,0
0.00388865,1,1,1,1,1,1,0,1,0,0,1,0,1,0,0,0
0.00388866,1,1,1,1,1,1,1,1,0,0,1,0,1,0,0,0
0.00388871,1,1,1,1,0,1,1,0,0,0,1,0,1,0,0,0
0.00388872,1,0,0,0,0,0,0,0,0,0,1,0,1,0,0,0
0.00388876,1,1,1,1,0,1,0,0,0,0,1,0,1,0,0,0
0.00388877,1,1,1,1,0,1,1,0,0,0,1,0,1,0,0,0
0.00388878,1,1,1,1,0,1,1,1,0,0,1,0,1,0,0,0
0.00388879,1,1,1,1,0,1,1,0,0,0,1,0,1,0,0,0
0.0038888,1,1,1,1,0,0,1,0,0,0,1,0,1,0,0,0
0.00388881,1,0,0,0,0,0,0,0,0,0,1,0,1,0,0,0
0.00388884,1,1,1,1,0,0,0,0,0,0,1,0,1,0,0,0
0.00388885,1,1,1,1,0,1,1,0,0,0,1,0,1,0,0,0
0.00388887,1,1,1,1,0,0,1,0,0,0,1,0,1,0,0,0
0.00388888,1,1,1,1,0,0,0,0,0,0,1,0,1,0,0,0
0.00388889,1,0,0,0,0,0,0,0,0,0,1,0,1,0,0,0
0.00388891,1,1,1,0,0,0,0,0,0,0,1,0,1,0,0,0
0.00388892,1,1,1,1,0,0,0,0,0,0,1,0,1,0,0,0
0.00388897,1,0,1,1,0,0,0,0,0,0,1,0,1,0,0,0
0.00388898,1,0,1,0,0,0,0,0,0,0,1,0,1,0,0,0
0.00388899,1,0,0,0,0,0,0,0,0,0,1,0,1,0,0,0
0.00388901,1,0,1,1,0,0,0,0,0,0,1,0,1,0,0,0
0.00388903,1,0,0,0,0,0,0,0,0,0,1,0,1,0,0,0
0.00388906,1,0,1,1,0,0,0,0,0,0,1,0,1,0,0,0
0.00388907,1,0,0,1,0,0,0,0,0,0,1,0,1,0,0,0
0.00388908,1,0,0,0,0,0,0,0,0,0,1,0,1,0,0,0
0.00388911,1,0,0,1,0,0,0,0,0,0,1,0,1,0,0,0
0.00388912,1,0,0,0,0,0,0,0,0,0,1,0,1,0,0,0
0.00388918,1,0,0,1,0,0,0,0,0,0,1,0,1,0,0,0
0.00388919,1,0,0,0,0,0,0,0,0,0,1,0,1,0,0,0
0.00388961,1,0,1,1,0,0,0,0,0,0,1,0,1,0,0,0
0.00388962,1,1,1,1,0,0,0,0,0,0,1,0,1,0,0,0
0.00388964,1,1,1,1,1,1,1,1,0,0,1,0,1,0,0,0
0.00388968,1,1,1,1,0,1,1,1,0,0,1,0,1,0,0,0
0.00388969,1,1,1,0,0,0,0,1,0,0,1,0,1,0,0,0
0.00388972,1,1,1,1,0,1,1,1,0,0,1,0,1,0,0,0
0.00388973,1,1,1,1,1,1,1,1,0,0,1,0,1,0,0,0
0.00388974,1,1,1,1,0,1,1,1,0,0,1,0,1,0,0,0
0.00388975,1,1,1,0,0,0,0,1,0,0,1,0,1,0,0,0
0.0038898,1,1,1,1,0,1,0,1,0,0,1,0,1,0,0,0
0.00388981,1,1,1,1,0,0,0,1,0,0,1,0,1,0,0,0
0.00388982,1,1,1,0,0,0,0,1,0,0,1,0,1,0,0,0
0.00389006,1,1,1,0,0,0,0,1,0,1,1,0,0,0,0,0
0.00389007,1,1,1,0,0,0,0,1,1,1,1,0,0,0,0,1
0.00389059,1,1,1,1,0,0,0,1,1,1,1,0,0,0,0,1
0.0038906,1,1,1,1,0,1,1,1,1,1,1,0,0,0,0,1
0.00389062,1,1,1,1,1,1,1,1,1,1,1,0,0,0,0,1
0.00389064,0,0,1,1,1,1,1,1,1,1,1,0,0,0,0,1
0.00389065,1,0,0,1,1,1,0,1,1,1,1,0,0,0,0,1
0.00389158,1,1,0,1,1,1,0,1,1,1,1,0,0,0,0,1
0.00389159,1,1,1,1,1,1,1,1,1,1,1,0,0,0,0,1
0.0038916,1,1,1,1,0,1,1,0,1,1,1,0,0,0,0,1
0.00389161,1,0,0,0,0,0,0,0,1,1,1,0,0,0,0,1
0.00389164,1,1,1,1,1,0,1,1,1,1,1,0,0,0,0,1
0.00389165,1,1,1,1,1,1,1,1,1,1,1,0,0,0,0,1
0.00389167,1,1,1,1,0,1,1,1,1,1,1,0,0,0,0,1
0.00389168,1,0,1,0,0,0,0,1,1,1,1,0,0,0,0,1
0.00389173,1,0,1,1,0,1,0,1,1,1,1,0,0,0,0,1
0.00389175,1,0,1,0,0,0,0,1,1,1,1,0,0,0,0,1
0.00389201,1,0,1,0,0,0,0,1,1,0,1,0,0,0,0,0
0.00389202,1,0,1,0,0,0,0,1,1,0,1,0,0,0,0,1
0.00389254,1,0,1,1,0,0,0,1,1,0,1,0,0,0,0,1
0.00389255,1,0,1,1,1,1,0,1,1,0,1,0,0,0,0,1
0.00389257,1,1,1,1,1,1,1,1,1,0,1,0,0,0,0,1
0.00389258,1,0,0,1,1,1,1,1,1,0,1,0,0,0,0,1
0.00389259,1,0,0,1,1,1,0,1,1,0,1,0,0,0,0,1
0.00389354,1,1,1,1,1,1,0,1,1,0,1,0,0,0,0,1
0.00389358,0,0,1,1,1,1,1,0,1,0,1,0,0,0,0,1
0.00389359,0,0,1,0,1,0,0,0,1,0,1,0,0,0,0,1
0.00389361,0,0,0,1,0,0,0,1,1,0,1,0,0,0,0,1
0.00389397,0,0,0,1,0,0,0,1,0,0,0,0,0,0,0,1
0.00389398,0,0,0,1,0,0,0,1,0,0,0,1,0,0,0,1
0.00389404,0,0,0,1,0,0,0,1,0,0,0,1,0,0,0,0
0.00389405,0,0,0,1,0,0,0,1,0,0,0,1,0,0,0,1
0.00389452,1,1,1,1,1,1,0,1,0,0,0,1,0,0,0,1
0.00389454,1,1,1,1,1,1,1,1,0,0,0,1,0,0,0,1
0.00389457,1,0,0,0,0,0,0,0,0,0,0,1,0,0,0,1
0.00389462,1,0,0,0,0,1,1,0,0,0,0,1,0,0,0,1
0.00389463,1,1,1,1,0,1,1,1,0,0,0,1,0,0,0,1
0.00389464,1,0,1,1,0,1,1,0,0,0,0,1,0,0,0,1
0.00389465,1,0,0,0,0,1,0,0,0,0,0,1,0,0,0,1
0.00389466,1,0,0,0,0,0,0,0,0,0,0,1,0,0,0,1
0.0038947,1,0,0,0,0,1,0,0,0,0,0,1,0,0,0,1
0.00389472,1,0,0,0,0,0,0,0,0,0,0,1,0,0,0,1
0.00389553,1,0,0,0,0,1,0,0,0,0,0,1,0,0,0,1
0.00389554,1,1,1,1,1,1,1,1,0,0,0,1,0,0,0,1
0.00389558,1,1,0,0,0,0,0,1,0,0,0,1,0,0,0,1
0.00389562,1,1,0,1,0,1,0,1,0,0,0,1,0,0,0,1
0.00389563,1,1,1,1,0,1,1,1,0,0,0,1,0,0,0,1
0.00389564,1,1,0,0,0,1,0,1,0,0,0,1,0,0,0,1
0.00389565,1,1,0,0,0,0,0,1,0,0,0,1,0,0,0,1
0.00389592,1,1,0,0,0,0,0,1,0,0,0,0,0,0,0,0
0.00389593,1,1,0,0,0,0,0,1,1,1,0,0,0,0,0,1
0.00389599,1,1,0,0,0,0,0,1,1,0,0,0,0,0,0,0
0.003896,1,1,0,0,0,0,0,1,0,1,0,0,0,0,0,1
0.00389601,1,1,0,0,0,0,0,1,1,1,0,0,0,0,0,1
0.00389645,1,1,1,1,0,1,0,1,1,1,0,0,0,0,0,1
0.00389646,1,1,1,1,1,1,1,1,1,1,0,0,0,0,0,1
0.00389647,1,0,1,1,1,1,1,0,1,1,0,0,0,0,0,1
0.00389648,1,0,0,0,0,0,0,0,1,1,0,0,0,0,0,1
0.00389653,1,0,1,1,0,1,1,0,1,1,0,0,0,0,0,1
0.00389654,1,0,0,0,0,1,0,0,1,1,0,0,0,0,0,1
0.00389655,1,0,0,0,0,0,0,0,1,1,0,0,0,0,0,1
0.00389746,1,1,1,1,1,1,1,1,1,1,0,0,0,0,0,1
0.0038975,0,0,1,0,1,0,0,0,1,1,0,0,0,0,0,1
0.00389752,1,0,1,0,1,1,0,0,1,1,0,0,0,0,0,1
0.00389754,1,1,1,1,1,1,1,1,1,1,0,0,0,0,0,1
0.00389757,1,0,1,0,1,1,0,0,1,1,0,0,0,0,0,1
0.00389761,1,0,1,1,1,1,0,0,1,1,0,0,0,0,0,1
0.00389764,1,0,1,0,1,1,0,0,1,1,0,0,0,0,0,1
0.00389787,1,0,1,0,1,1,0,0,1,0,0,0,0,0,0,0
0.00389788,1,0,1,0,1,1,0,0,1,0,0,0,1,1,0,0
0.00389789,1,0,1,0,1,1,0,0,1,0,1,0,1,1,0,0
0.0038984,1,1,1,1,1,1,0,0,1,0,1,0,1,1,0,0
0.00389841,1,0,1,1,1,1,1,1,1,0,1,0,1,1,0,0
0.00389842,1,1,0,1,1,1,1,1,1,0,1,0,1,1,0,0
0.00389843,1,0,0,1,1,1,1,1,1,0,1,0,1,1,0,0
0.00389844,1,0,0,1,1,1,0,1,1,0,1,0,1,1,0,0
0.00389847,1,0,0,1,1,1,1,1,1,0,1,0,1,1,0,0
0.00389849,1,0,0,1,1,1,0,1,1,0,1,0,1,1,0,0
0.00389939,1,1,1,1,1,1,0,1,1,0,1,0,1,1,0,0
0.0038994,1,1,1,1,1,1,1,1,1,0,1,0,1,1,0,0
0.00389941,1,1,1,0,0,0,0,0,1,0,1,0,1,1,0,0
0.00389942,1,0,0,0,0,0,0,0,1,0,1,0,1,1,0,0
0.00389946,1,0,0,1,0,0,0,0,1,0,1,0,1,1,0,0
0.00389947,1,1,0,1,0,0,1,0,1,0,1,0,1,1,0,0
0.00389948,1,0,0,0,0,0,0,0,1,0,1,0,1,1,0,0
0.00390037,1,0,0,1,0,0,1,0,1,0,1,0,1,1,0,0
0.00390038,1,1,1,1,0,1,1,1,1,0,1,0,1,1,0,0
0.00390039,1,1,1,1,1,1,1,1,1,0,1,0,1,1,0,0
0.00390133,1,0,0,1,1,1,1,1,1,0,1,0,1,1,0,0
0.00390134,1,0,0,1,1,1,0,1,1,0,1,0,1,1,0,0
0.00390136,1,1,1,1,1,1,1,1,1,0,1,0,1,1,0,0
0.00390139,0,1,1,0,1,0,1,0,1,0,1,0,1,1,0,0
0.0039014,0,0,1,0,1,0,0,0,1,0,1,0,1,1,0,0
0.00390145,0,1,1,1,1,0,1,0,1,0,1,0,1,1,0,0
0.00390146,0,0,1,1,1,0,0,0,1,0,1,0,1,1,0,0
0.00390147,0,0,1,0,1,0,0,0,1,0,1,0,1,1,0,0
0.00390178,0,0,1,0,1,0,0,0,0,0,1,0,1,0,0,0
0.00390186,1,0,1,0,1,0,0,0,0,0,1,0,1,0,0,0
0.00390188,1,0,1,1,1,0,0,0,1,0,1,0,1,0,0,0
0.00390189,0,0,1,1,1,1,1,1,1,0,1,0,1,0,0,0
0.0039019,0,0,1,0,1,0,0,0,0,0,1,0,1,0,0,0
0.0039023,1,0,1,0,1,0,0,0,0,0,1,0,1,0,0,0
0.00390231,1,1,1,1,1,0,0,0,0,0,1,0,1,0,0,0
0.00390232,1,1,1,0,1,0,0,0,0,0,1,0,1,0,0,0
0.00390233,1,1,1,1,1,1,1,1,0,0,1,0,1,0,0,0
0.00390335,0,0,0,0,0,0,0,1,0,0,1,0,1,0,0,0
0.0039034,0,0,0,1,0,1,0,1,0,0,1,0,1,0,0,0
0.00390341,1,1,1,1,0,1,1,1,0,0,1,0,1,0,0,0
0.00390343,1,0,1,1,0,1,1,1,0,0,1,0,1,0,0,0
0.00390344,0,0,0,0,0,0,0,1,0,0,1,0,1,0,0,0
0.00390348,0,0,0,1,0,0,0,1,0,0,1,0,1,0,0,0
0.00390351,0,0,0,0,0,0,0,1,0,0,1,0,1,0,0,0
0.00390428,0,0,1,1,0,0,0,1,0,0,1,0,1,0,0,0
0.00390429,1,1,1,1,1,1,1,1,0,0,1,0,1,0,0,0
0.00390433,1,1,1,1,1,1,1,0,0,0,1,0,1,0,0,0
0.00390434,0,0,1,0,1,0,0,0,0,0,1,0,1,0,0,0
0.00390437,0,1,1,1,1,1,1,0,0,0,1,0,1,0,0,0
0.00390438,1,1,1,1,1,1,1,0,0,0,1,0,1,0,0,0
0.00390442,1,1,1,1,1,1,0,0,0,0,1,0,1,0,0,0
0.00390443,0,0,1,0,1,0,0,0,0,0,1,0,1,0,0,0
0.00390445,1,0,1,1,1,1,0,0,0,0,1,0,1,0,0,0
0.00390446,1,1,1,1,1,1,1,0,0,0,1,0,1,0,0,0
0.0039045,1,0,1,1,1,1,0,0,0,0,1,0,1,0,0,0
0.00390451,0,0,1,1,1,0,0,0,0,0,1,0,1,0,0,0
0.00390452,1,0,1,1,1,1,0,0,0,0,1,0,1,0,0,0
0.00390453,1,1,1,1,1,1,0,0,0,0,1,0,1,0,0,0
0.00390454,1,1,1,1,1,1,1,0,0,0,1,0,1,0,0,0
0.00390457,1,1,1,1,1,1,0,0,0,0,1,0,1,0,0,0
0.00390459,1,0,1,1,1,1,0,0,0,0,1,0,1,0,0,0
0.00390462,1,1,1,1,1,1,0,0,0,0,1,0,1,0,0,0
0.00390463,1,0,1,1,1,1,0,0,0,0,1,0,1,0,0,0
0.00390464,1,1,1,1,1,1,0,0,0,0,1,0,1,0,0,0
0.00390465,1,0,1,1,1,1,0,0,0,0,1,0,1,0,0,0
0.00390466,1,0,1,1,1,0,0,0,0,0,1,0,1,0,0,0
0.00390467,0,0,1,1,1,0,0,0,0,0,1,0,1,0,0,0
0.00390469,1,0,1,1,1,1,0,0,0,0,1,0,1,0,0,0
0.0039047,1,1,1,1,1,1,0,0,0,0,1,0,1,0,0,0
0.00390472,0,0,1,1,1,0,0,0,0,0,1,0,1,0,0,0
0.00390476,1,0,1,1,1,1,0,0,0,0,1,0,1,0,0,0
0.00390478,1,0,1,1,1,0,0,0,0,0,1,0,1,0,0,0
0.00390479,0,0,1,1,1,0,0,0,0,0,1,0,1,0,0,0
0.0039052,0,0,1,0,1,0,0,0,0,0,1,0,1,0,0,0
0.00390521,0,0,1,1,1,0,0,0,0,0,1,0,1,0,0,0
0.00390522,0,0,1,0,1,0,0,0,0,0,1,0,1,0,0,0
0.00390523,1,1,1,0,1,0,0,0,0,0,1,0,1,0,0,0
0.00390524,1,1,1,1,1,0,0,0,0,0,1,0,1,0,0,0
0.00390525,1,1,1,1,1,1,1,1,0,0,1,0,1,0,0,0
0.0039053,1,1,1,1,0,1,1,1,0,0,1,0,1,0,0,0
0.00390531,1,1,0,0,0,0,1,1,0,0,1,0,1,0,0,0
0.00390534,1,1,0,1,0,1,1,1,0,0,1,0,1,0,0,0
0.00390535,1,1,1,1,0,1,1,1,0,0,1,0,1,0,0,0
0.00390537,1,1,0,1,0,1,1,1,0,0,1,0,1,0,0,0
0.00390538,1,1,0,0,0,0,1,1,0,0,1,0,1,0,0,0
0.00390542,1,1,0,1,0,1,1,1,0,0,1,0,1,0,0,0
0.00390544,1,1,0,1,0,0,1,1,0,0,1,0,1,0,0,0
0.00390545,1,1,0,0,0,0,1,1,0,0,1,0,1,0,0,0
0.00390551,1,1,0,1,0,0,1,1,0,0,1,0,1,0,0,0
0.00390552,1,1,0,0,0,0,1,1,0,0,1,0,1,0,0,0
0.00390621,1,1,1,1,0,0,1,1,0,0,1,0,1,0,0,0
0.00390622,1,1,1,1,1,1,1,1,0,0,1,0,1,0,0,0
0.00390629,1,0,0,0,0,0,0,0,0,0,1,0,1,0,0,0
0.00390633,1,1,1,1,0,1,0,0,0,0,1,0,1,0,0,0
0.00390634,1,1,1,1,0,1,1,0,0,0,1,0,1,0,0,0
0.00390637,1,1,1,1,0,1,0,0,0,0,1,0,1,0,0,0
0.00390638,1,0,1,0,0,0,0,0,0,0,1,0,1,0,0,0
0.00390639,1,0,0,0,0,0,0,0,0,0,1,0,1,0,0,0
0.00390641,1,1,1,1,0,1,0,0,0,0,1,0,1,0,0,0
0.00390646,1,0,1,1,0,1,0,0,0,0,1,0,1,0,0,0
0.00390647,1,0,1,1,0,0,0,0,0,0,1,0,1,0,0,0
0.00390648,1,0,1,1,0,1,0,0,0,0,1,0,1,0,0,0
0.0039065,1,1,1,1,0,1,0,0,0,0,1,0,1,0,0,0
0.00390655,1,0,1,1,0,1,0,0,0,0,1,0,1,0,0,0
0.00390658,1,1,1,1,0,1,0,0,0,0,1,0,1,0,0,0
0.00390661,1,0,1,1,0,1,0,0,0,0,1,0,1,0,0,0
0.00390662,1,0,1,1,0,0,0,0,0,0,1,0,1,0,0,0
0.00390664,1,1,1,1,0,1,0,0,0,0,1,0,1,0,0,0
0.00390667,1,0,1,1,0,0,0,0,0,0,1,0,1,0,0,0
0.00390668,1,1,1,1,0,1,0,0,0,0,1,0,1,0,0,0
0.00390669,1,1,1,1,0,0,0,0,0,0,1,0,1,0,0,0
0.0039067,1,0,1,1,0,0,0,0,0,0,1,0,1,0,0,0
0.00390674,1,1,1,1,0,0,0,0,0,0,1,0,1,0,0,0
0.00390675,1,0,1,1,0,0,0,0,0,0,1,0,1,0,0,0
0.00390685,1,0,0,0,0,0,0,0,0,0,1,0,1,0,0,0
0.00390686,1,0,0,1,0,0,0,0,0,0,1,0,1,0,0,0
0.00390687,1,0,1,1,0,0,0,0,0,0,1,0,1,0,0,0
0.00390689,1,0,0,0,0,0,0,0,0,0,1,0,1,0,0,0
0.00390691,1,0,1,1,0,0,0,0,0,0,1,0,1,0,0,0
0.00390693,1,0,0,0,0,0,0,0,0,0,1,0,1,0,0,0
0.00390696,1,0,0,1,0,0,0,0,0,0,1,0,1,0,0,0
0.00390697,1,0,0,0,0,0,0,0,0,0,1,0,1,0,0,0
0.0039071,1,0,1,1,0,0,0,0,0,0,1,0,1,0,0,0
0.00390711,1,0,0,0,0,0,0,0,0,0,1,0,1,0,0,0
0.00390714,1,0,1,0,0,0,0,0,0,0,1,0,1,0,0,0
0.00390715,1,0,0,0,0,0,0,0,0,0,1,0,1,0,0,0
0.00390718,1,0,1,0,0,0,0,0,0,0,1,0,1,0,0,0
0.00390719,1,1,1,1,0,0,0,0,0,0,1,0,1,0,0,0
0.00390721,1,1,1,1,1,1,1,1,0,0,1,0,1,0,0,0
0.00390726,0,1,1,0,1,1,0,0,0,0,1,0,1,0,0,0
0.0039073,0,1,1,1,1,1,1,0,0,0,1,0,1,0,0,0
0.00390731,0,1,1,1,1,1,1,1,0,0,1,0,1,0,0,0
0.00390732,0,1,1,1,1,1,0,0,0,0,1,0,1,0,0,0
0.00390733,0,1,1,0,1,1,0,0,0,0,1,0,1,0,0,0
0.00390738,0,1,1,1,1,1,0,0,0,0,1,0,1,0,0,0
0.00390739,0,1,1,0,1,1,0,0,0,0,1,0,1,0,0,0
0.00390764,0,1,1,0,1,1,0,0,0,1,1,0,1,1,0,0
0.00390817,0,1,1,1,1,1,0,0,0,1,1,0,1,1,0,0
0.00390818,1,1,1,1,1,1,1,0,0,1,1,0,1,1,0,0
0.00390819,1,1,1,1,1,1,1,1,0,1,1,0,1,1,0,0
0.00390822,1,1,1,0,1,1,1,1,0,1,1,0,1,1,0,0
0.00390823,1,1,1,1,0,1,1,1,0,1,1,0,1,1,0,0
0.00390824,1,1,0,0,0,0,1,1,0,1,1,0,1,1,0,0
0.00390828,1,1,1,1,0,1,1,1,0,1,1,0,1,1,0,0
0.0039083,1,1,0,1,0,0,1,1,0,1,1,0,1,1,0,0
0.00390831,1,1,0,0,0,0,1,1,0,1,1,0,1,1,0,0
0.00390916,1,1,0,1,1,0,1,1,0,1,1,0,1,1,0,0
0.00390917,1,1,1,1,1,1,1,1,0,1,1,0,1,1,0,0
0.00390918,1,0,1,1,1,1,1,0,0,1,1,0,1,1,0,0
0.00390919,1,0,0,0,0,0,0,0,0,1,1,0,1,1,0,0
0.00390923,1,0,0,1,0,0,0,0,0,1,1,0,1,1,0,0
0.00390924,1,0,1,1,0,1,0,0,0,1,1,0,1,1,0,0
0.00390925,1,0,0,1,0,0,0,0,0,1,1,0,1,1,0,0
0.00390926,1,0,0,0,0,0,0,0,0,1,1,0,1,1,0,0
0.00391013,1,1,0,0,0,0,1,1,0,1,1,0,1,1,0,0
0.00391016,1,1,1,1,0,0,1,1,0,1,1,0,1,1,0,0
0.00391017,1,1,0,0,0,0,1,1,0,1,1,0,1,1,0,0
0.0039102,1,1,1,1,1,1,1,1,0,1,1,0,1,1,0,0
0.00391114,0,0,1,0,1,0,0,0,0,1,1,0,1,1,0,0
0.00391119,0,0,1,1,1,0,0,0,0,1,1,0,1,1,0,0
0.0039112,1,1,1,1,1,1,0,0,0,1,1,0,1,1,0,0
0.00391121,0,0,1,1,1,0,0,0,0,1,1,0,1,1,0,0
0.00391122,0,0,1,0,1,0,0,0,0,1,1,0,1,1,0,0
0.00391154,0,0,1,0,1,0,0,0,0,0,1,0,1,0,0,0
0.00391209,1,1,1,0,1,1,1,0,0,0,1,0,1,0,0,0
0.0039121,1,1,1,1,1,1,1,1,0,0,1,0,1,0,0,0
0.00391311,1,1,1,1,0,1,1,1,0,0,1,0,1,0,0,0
0.00391312,0,0,0,0,0,0,0,1,0,0,1,0,1,0,0,0
0.00391316,1,0,0,1,0,1,0,1,0,0,1,0,1,0,0,0
0.00391317,1,1,1,1,0,1,1,1,0,0,1,0,1,0,0,0
0.0039132,1,0,0,1,0,0,0,1,0,0,1,0,1,0,0,0
0.00391321,0,0,0,0,0,0,0,1,0,0,1,0,1,0,0,0
0.00391324,1,0,0,1,0,0,0,1,0,0,1,0,1,0,0,0
0.00391327,0,0,0,1,0,0,0,1,0,0,1,0,1,0,0,0
0.00391329,0,0,0,0,0,0,0,1,0,0,1,0,1,0,0,0
0.00391333,0,0,0,1,0,0,0,1,0,0,1,0,1,0,0,0
0.00391336,0,0,0,0,0,0,0,1,0,0,1,0,1,0,0,0
0.00391347,0,0,0,1,0,0,0,1,0,0,1,0,1,0,0,0
0.00391349,0,0,0,0,0,0,0,1,0,0,1,0,1,0,0,0
0.00391402,1,1,1,1,0,0,0,1,0,0,1,0,1,0,0,0
0.00391403,1,1,1,1,0,1,0,1,0,0,1,0,1,0,0,0
0.00391404,1,1,1,1,1,1,1,1,0,0,1,0,1,0,0,0
0.00391409,1,1,1,1,1,1,1,0,0,0,1,0,1,0,0,0
0.0039141,0,1,0,0,1,0,0,0,0,0,1,0,1,0,0,0
0.00391414,1,1,1,1,1,1,1,0,0,0,1,0,1,0,0,0
0.00391418,1,1,1,0,1,0,0,0,0,0,1,0,1,0,0,0
0.00391419,0,1,0,0,1,0,0,0,0,0,1,0,1,0,0,0
0.00391422,1,1,1,1,1,0,0,0,0,0,1,0,1,0,0,0
0.00391426,0,1,0,0,1,0,0,0,0,0,1,0,1,0,0,0
0.0039143,0,1,1,0,1,0,0,0,0,0,1,0,1,0,0,0
0.00391434,0,1,0,0,1,0,0,0,0,0,1,0,1,0,0,0
0.00391447,0,1,1,0,1,0,0,0,0,0,0,0,1,0,0,0
0.00391448,0,1,0,0,1,0,0,0,0,1,0,0,1,0,0,0
0.00391453,0,1,1,0,1,0,0,0,0,1,0,0,1,0,0,0
0.00391454,0,1,0,0,1,0,0,0,0,0,0,0,0,0,0,0
0.00391455,0,1,0,0,1,0,0,0,0,1,0,0,1,0,0,0
0.00391502,1,1,1,1,1,1,1,0,0,1,0,0,1,0,0,0
0.00391503,1,1,1,1,1,1,1,1,0,1,0,0,1,0,0,0
0.00391506,1,0,1,1,0,1,1,1,0,1,0,0,1,0,0,0
0.00391507,0,0,0,0,0,1,0,0,0,1,0,0,1,0,0,0
0.00391511,1,0,1,1,0,1,0,0,0,1,0,0,1,0,0,0
0.00391512,1,0,1,1,0,1,1,0,0,1,0,0,1,0,0,0
0.00391515,0,0,0,0,0,1,0,0,0,1,0,0,1,0,0,0
0.0039152,0,0,1,1,0,1,0,0,0,1,0,0,1,0,0,0
0.00391522,0,0,1,0,0,1,0,0,0,1,0,0,1,0,0,0
0.00391523,0,0,0,0,0,1,0,0,0,1,0,0,1,0,0,0
0.00391597,1,1,1,1,0,1,0,0,0,1,0,0,1,0,0,0
0.00391598,1,1,1,1,1,1,1,1,0,1,0,0,1,0,0,0
0.00391605,1,0,0,0,1,0,0,0,0,1,0,0,1,0,0,0
0.00391609,1,1,1,1,1,0,1,0,0,1,0,0,1,0,0,0
0.0039161,1,1,1,1,1,0,1,1,0,1,0,0,1,0,0,0
0.00391611,1,1,1,1,1,1,1,1,0,1,0,0,1,0,0,0
0.00391612,1,1,1,1,1,0,1,0,0,1,0,0,1,0,0,0
0.00391613,1,0,1,1,1,0,0,0,0,1,0,0,1,0,0,0
0.00391614,1,0,0,0,1,0,0,0,0,1,0,0,1,0,0,0
0.00391617,1,0,1,1,1,0,0,0,0,1,0,0,1,0,0,0
0.00391621,1,0,1,0,1,0,0,0,0,1,0,0,1,0,0,0
0.00391622,1,0,0,0,1,0,0,0,0,1,0,0,1,0,0,0
0.00391625,1,0,1,0,1,0,0,0,0,1,0,0,1,0,0,0
0.0039163,1,0,0,0,1,0,0,0,0,1,0,0,1,0,0,0
0.00391632,1,0,1,0,1,0,0,0,0,1,0,0,1,0,0,0
0.00391633,1,0,0,0,1,0,0,0,0,1,0,0,1,0,0,0
0.00391636,1,0,1,0,1,0,0,0,0,1,0,0,1,0,0,0
0.00391637,1,0,0,0,1,0,0,0,0,1,0,0,1,0,0,0
0.00391642,1,0,1,0,1,0,0,0,0,0,0,0,1,0,0,0
0.00391643,1,0,0,0,1,0,0,0,1,0,0,0,1,0,0,0
0.00391648,1,0,1,0,1,0,0,0,1,0,0,0,1,0,0,0
0.00391649,1,0,0,0,1,0,0,0,1,0,0,0,1,0,0,0
0.0039165,1,0,0,0,1,0,0,0,0,0,0,0,0,0,0,0
0.00391651,1,0,0,0,1,0,0,0,1,0,0,0,1,0,0,0
0.00391656,1,0,1,0,1,0,0,0,1,0,0,0,1,0,0,0
0.00391657,1,0,0,0,1,0,0,0,1,0,0,0,1,0,0,0
0.00391695,1,1,1,1,1,0,0,0,1,0,0,0,1,0,0,0
0.00391697,1,0,1,1,1,1,1,1,1,0,0,0,1,0,0,0
0.00391698,1,1,1,1,1,1,1,1,1,0,0,0,1,0,0,0
0.00391702,0,1,1,1,1,1,1,1,1,0,0,0,1,0,0,0
0.00391703,0,0,0,0,1,0,0,0,1,0,0,0,1,0,0,0
0.00391706,0,0,1,1,1,0,0,0,1,0,0,0,1,0,0,0
0.00391707,0,1,1,1,1,0,0,0,1,0,0,0,1,0,0,0
0.00391708,1,1,1,1,1,1,1,0,1,0,0,0,1,0,0,0
0.00391709,1,1,1,1,1,1,1,1,1,0,0,0,1,0,0,0
0.0039171,1,1,1,1,1,1,1,0,1,0,0,0,1,0,0,0
0.00391711,0,0,1,1,1,0,0,0,1,0,0,0,1,0,0,0
0.00391712,0,0,1,0,1,0,0,0,1,0,0,0,1,0,0,0
0.00391713,0,0,0,0,1,0,0,0,1,0,0,0,1,0,0,0
0.00391714,0,0,1,1,1,0,0,0,1,0,0,0,1,0,0,0
0.00391716,0,1,1,1,1,0,0,0,1,0,0,0,1,0,0,0
0.00391719,0,0,1,1,1,0,0,0,1,0,0,0,1,0,0,0
0.00391767,0,0,1,0,1,0,0,0,1,0,0,0,1,0,0,0
0.00391772,0,0,1,1,1,0,0,0,1,0,0,0,1,0,0,0
0.00391773,0,0,1,0,1,0,0,0,1,0,0,0,1,0,0,0
0.00391788,0,0,0,0,1,0,0,0,1,0,0,0,1,0,0,0
0.00391789,0,0,1,0,1,0,0,0,1,0,0,0,1,0,0,0
0.00391791,0,0,0,0,1,0,0,0,1,0,0,0,1,0,0,0
0.00391792,1,0,1,0,1,0,0,0,1,0,0,0,1,0,0,0
0.00391793,1,1,1,1,1,0,0,0,1,0,0,0,1,0,0,0
0.00391794,1,1,1,1,1,1,1,1,1,0,0,0,1,0,0,0
0.003918,1,1,1,1,0,1,1,1,1,0,0,0,1,0,0,0
0.00391801,1,0,0,1,0,0,1,0,1,0,0,0,1,0,0,0
0.00391804,1,1,1,1,0,0,1,0,1,0,0,0,1,0,0,0
0.00391805,1,1,1,1,0,1,1,1,1,0,0,0,1,0,0,0
0.00391807,1,1,1,1,0,1,1,0,1,0,0,0,1,0,0,0
0.00391808,1,0,1,1,0,0,1,0,1,0,0,0,1,0,0,0
0.00391809,1,0,0,1,0,0,1,0,1,0,0,0,1,0,0,0
0.00391812,1,0,1,1,0,0,1,0,1,0,0,0,1,0,0,0
0.00391813,1,1,1,1,0,0,1,0,1,0,0,0,1,0,0,0
0.00391814,1,0,1,1,0,0,1,0,1,0,0,0,1,0,0,0
0.00391834,1,0,0,1,0,0,1,0,1,0,0,0,1,0,0,0
0.00391835,1,0,1,1,0,0,1,0,1,0,0,0,1,0,0,0
0.00391837,1,0,1,1,0,0,1,0,1,0,0,0,0,0,0,0
0.00391838,1,0,0,1,0,0,1,0,1,0,0,1,0,0,1,0
0.00391842,1,0,1,1,0,0,1,0,1,0,0,1,0,0,1,0
0.00391846,1,0,0,1,0,0,1,0,1,0,0,1,0,0,1,0
0.00391847,1,0,1,1,0,0,1,0,1,0,0,1,0,0,1,0
0.00391849,1,0,0,1,0,0,1,0,1,0,0,1,0,0,1,0
0.0039185,1,0,1,1,0,0,1,0,1,0,0,1,0,0,1,0
0.00391853,1,0,0,1,0,0,1,0,1,0,0,1,0,0,1,0
0.00391889,1,0,1,1,0,0,1,0,1,0,0,1,0,0,1,0
0.0039189,1,1,1,1,0,1,1,0,1,0,0,1,0,0,1,0
0.00391891,1,1,1,1,0,0,0,0,1,0,0,1,0,0,1,0
0.00391892,0,0,0,0,0,0,0,0,1,0,0,1,0,0,1,0
0.00391893,0,0,0,0,0,1,1,1,1,0,0,1,0,0,1,0
0.00391894,0,0,0,0,1,1,1,1,1,0,0,1,0,0,1,0
0.00391895,0,1,1,1,1,1,1,1,1,0,0,1,0,0,1,0
0.00391896,1,1,1,1,1,1,1,1,1,0,0,1,0,0,1,0
0.00391898,0,0,0,0,1,1,1,1,1,0,0,1,0,0,1,0
0.00391902,0,0,1,0,1,1,1,1,1,0,0,1,0,0,1,0
0.00391905,0,0,0,0,1,1,1,1,1,0,0,1,0,0,1,0
0.00391981,1,1,1,1,1,1,1,1,1,0,0,1,0,0,1,0
0.00391982,0,0,1,0,1,1,1,1,1,0,0,1,0,0,1,0
0.00391983,0,0,0,0,1,1,1,1,1,0,0,1,0,0,1,0
0.00391986,0,0,1,0,1,1,1,1,1,0,0,1,0,0,1,0
0.00391987,1,1,1,1,1,1,1,1,1,0,0,1,0,0,1,0
0.00391988,0,0,0,0,1,1,1,1,1,0,0,1,0,0,1,0
0.00391991,1,0,1,1,1,1,1,1,1,0,0,1,0,0,1,0
0.00391992,1,1,1,1,1,1,1,1,1,0,0,1,0,0,1,0
0.00391995,1,1,1,0,1,0,0,0,1,0,0,1,0,0,1,0
0.00391997,1,1,1,0,1,1,0,0,1,0,0,1,0,0,1,0
0.00391998,1,1,1,1,1,1,0,0,1,0,0,1,0,0,1,0
0.00391999,1,1,1,1,1,1,1,1,1,0,0,1,0,0,1,0
0.00392001,1,1,1,0,1,1,0,0,1,0,0,1,0,0,1,0
0.00392006,1,1,1,1,1,1,0,0,1,0,0,1,0,0,1,0
0.00392008,1,1,1,0,1,1,0,0,1,0,0,1,0,0,1,0
0.00392033,1,1,1,0,1,1,0,0,1,0,0,0,0,0,0,0
0.00392034,1,1,1,0,1,1,0,0,1,1,1,0,1,1,0,0
0.00392038,1,1,1,1,1,1,0,0,1,1,1,0,1,1,0,0
0.00392039,1,1,1,0,1,1,0,0,1,1,1,0,1,1,0,0
0.00392041,1,1,1,0,1,1,1,1,1,1,1,0,1,1,0,0
0.00392042,1,1,1,0,1,1,1,1,1,1,1,0,1,1,1,0
0.00392043,1,1,1,1,1,1,1,1,1,1,1,0,1,1,1,1
0.00392045,1,1,1,1,1,1,0,0,1,1,1,0,1,1,0,0
0.00392046,1,1,1,0,1,1,0,0,1,1,1,0,1,1,0,0
0.00392049,1,1,1,1,1,1,1,0,1,1,1,0,1,1,0,0
0.0039205,1,1,1,1,1,1,1,1,1,1,1,0,1,1,0,0
0.00392051,1,1,1,1,1,1,0,0,1,1,1,0,1,1,0,0
0.00392052,1,1,1,0,1,1,0,0,1,1,1,0,1,1,0,0
0.00392088,1,1,1,1,1,1,1,1,1,1,1,0,1,1,0,0
0.00392093,1,0,0,0,1,0,1,1,1,1,1,0,1,1,0,0
0.00392097,1,0,0,1,1,0,1,1,1,1,1,0,1,1,0,0
0.00392098,1,1,1,1,1,1,1,1,1,1,1,0,1,1,0,0
0.003921,1,0,0,0,1,0,1,1,1,1,1,0,1,1,0,0
0.00392105,1,0,0,1,1,0,1,1,1,1,1,0,1,1,0,0
0.00392107,1,0,0,0,1,0,1,1,1,1,1,0,1,1,0,0
0.00392183,1,1,1,1,1,0,1,1,1,1,1,0,1,1,0,0
0.00392185,1,1,1,1,1,1,1,1,1,1,1,0,1,1,0,0
0.0039219,1,0,0,0,0,0,0,0,1,1,1,0,1,1,0,0
0.00392194,1,1,1,1,0,1,0,0,1,1,1,0,1,1,0,0
0.00392196,1,1,1,1,0,1,1,0,1,1,1,0,1,1,0,0
0.00392198,1,1,1,1,0,1,0,0,1,1,1,0,1,1,0,0
0.00392199,1,0,1,0,0,0,0,0,1,1,1,0,1,1,0,0
0.003922,1,0,0,0,0,0,0,0,1,1,1,0,1,1,0,0
0.00392202,1,0,1,1,0,1,0,0,1,1,1,0,1,1,0,0
0.00392203,1,1,1,1,0,1,0,0,1,1,1,0,1,1,0,0
0.00392204,1,0,1,1,0,1,0,0,1,1,1,0,1,1,0,0
0.00392207,1,0,1,1,0,0,0,0,1,1,1,0,1,1,0,0
0.00392208,1,0,1,0,0,0,0,0,1,1,1,0,1,1,0,0
0.0039221,1,0,1,1,0,0,0,0,1,1,1,0,1,1,0,0
0.00392211,1,0,1,1,0,1,0,0,1,1,1,0,1,1,0,0
0.00392214,1,0,1,1,0,0,0,0,1,1,1,0,1,1,0,0
0.00392218,1,0,1,0,0,0,0,0,1,1,1,0,1,1,0,0
0.00392219,1,0,1,1,0,0,0,0,1,1,1,0,1,1,0,0
0.00392223,1,0,1,0,0,0,0,0,1,1,1,0,1,1,0,0
0.00392226,1,0,1,1,0,0,0,0,1,1,1,0,1,1,0,0
0.00392227,1,0,1,0,0,0,0,0,1,1,1,0,1,1,0,0
0.00392229,1,0,1,1,0,0,0,0,1,1,1,0,1,1,0,0
0.0039223,1,0,1,0,0,0,0,0,1,1,1,0,1,1,0,0
0.00392254,1,0,0,0,0,0,0,0,1,1,1,0,1,1,0,0
0.00392255,1,0,1,0,0,0,0,0,1,1,1,0,1,1,0,0
0.00392257,1,0,0,0,0,0,0,0,1,1,1,0,1,1,0,0
0.0039226,1,0,1,0,0,0,0,0,1,1,1,0,1,1,0,0
0.00392262,1,0,0,0,0,0,0,0,1,1,1,0,1,1,0,0
0.00392278,1,0,1,0,0,0,0,0,1,1,1,0,1,1,0,0
0.00392279,1,0,0,0,0,0,0,0,1,1,1,0,1,1,0,0
0.00392281,1,0,1,1,0,1,0,0,1,1,1,0,1,1,0,0
0.00392282,1,1,1,1,0,1,1,0,1,1,1,0,1,1,0,0
0.00392283,1,1,1,1,1,1,1,1,1,1,1,0,1,1,0,0
0.00392383,1,1,1,1,1,1,1,0,1,1,1,0,1,1,0,0
0.00392384,0,1,0,0,1,0,0,0,1,1,1,0,1,1,0,0
0.00392388,0,1,1,0,1,0,0,0,1,1,1,0,1,1,0,0
0.00392389,1,1,1,1,1,1,0,0,1,1,1,0,1,1,0,0
0.00392391,0,1,1,1,1,0,0,0,1,1,1,0,1,1,0,0
0.00392392,0,1,0,0,1,0,0,0,1,1,1,0,1,1,0,0
0.00392396,0,1,1,0,1,0,0,0,1,1,1,0,1,1,0,0
0.003924,0,1,0,0,1,0,0,0,1,1,1,0,1,1,0,0
0.00392423,0,1,1,0,1,0,0,0,0,1,0,0,1,0,0,0
0.00392425,0,1,0,0,1,0,0,0,0,1,0,0,1,0,0,0
0.00392476,1,1,1,1,1,0,0,0,0,1,0,0,1,0,0,0
0.00392477,0,1,1,1,1,0,0,0,0,1,0,0,1,0,0,0
0.00392478,1,1,1,1,1,1,1,0,0,1,0,0,1,0,0,0
0.00392479,1,1,1,1,1,1,1,1,0,1,0,0,1,0,0,0
0.00392484,0,0,0,0,1,0,0,0,0,1,0,0,1,0,0,0
0.00392488,1,0,1,1,1,1,0,0,0,1,0,0,1,0,0,0
0.00392489,1,1,1,1,1,1,0,0,0,1,0,0,1,0,0,0
0.0039249,1,1,1,1,1,1,1,0,0,1,0,0,1,0,0,0
0.00392492,1,1,1,1,1,1,0,0,0,1,0,0,1,0,0,0
0.00392493,0,0,1,0,1,0,0,0,0,1,0,0,1,0,0,0
0.00392494,0,0,0,0,1,0,0,0,0,1,0,0,1,0,0,0
0.00392496,1,0,1,1,1,0,0,0,0,1,0,0,1,0,0,0
0.00392501,0,0,1,1,1,0,0,0,0,1,0,0,1,0,0,0
0.00392502,0,0,1,0,1,0,0,0,0,1,0,0,1,0,0,0
0.00392504,1,0,1,1,1,0,0,0,0,1,0,0,1,0,0,0
0.0039251,0,0,1,1,1,0,0,0,0,1,0,0,1,0,0,0
0.00392516,0,0,1,0,1,0,0,0,0,1,0,0,1,0,0,0
0.00392518,1,0,1,1,1,0,0,0,0,1,0,0,1,0,0,0
0.00392519,0,0,1,1,1,0,0,0,0,1,0,0,1,0,0,0
0.0039252,0,0,1,0,1,0,0,0,0,1,0,0,1,0,0,0
0.00392521,0,0,1,1,1,0,0,0,0,1,0,0,1,0,0,0
0.00392523,1,0,1,1,1,0,0,0,0,1,0,0,1,0,0,0
0.00392524,0,0,1,1,1,0,0,0,0,1,0,0,1,0,0,0
0.00392525,0,0,1,0,1,0,0,0,0,1,0,0,1,0,0,0
0.00392526,0,0,1,1,1,0,0,0,0,1,0,0,1,0,0,0
0.00392527,0,0,1,0,1,0,0,0,0,1,0,0,1,0,0,0
0.00392567,0,0,0,0,1,0,0,0,0,1,0,0,1,0,0,0
0.00392568,0,0,1,0,1,0,0,0,0,1,0,0,1,0,0,0
0.0039257,0,0,0,0,1,0,0,0,0,1,0,0,1,0,0,0
0.00392572,0,0,1,0,1,0,0,0,0,1,0,0,1,0,0,0
0.00392573,0,0,0,0,1,0,0,0,0,1,0,0,1,0,0,0
0.00392574,1,1,1,0,1,0,0,0,0,1,0,0,1,0,0,0
0.00392575,1,1,0,0,1,1,1,1,0,1,0,0,1,0,0,0
0.00392576,0,1,1,1,1,1,1,1,0,1,0,0,1,0,0,0
0.00392577,1,1,1,1,1,1,1,0,0,1,0,0,1,0,0,0
0.00392578,1,1,1,1,1,1,0,0,0,1,0,0,1,0,0,0
0.00392579,1,1,1,1,1,1,1,1,0,1,0,0,1,0,0,0
0.0039258,1,0,0,0,1,0,1,1,0,1,0,0,1,0,0,0
0.00392581,1,0,0,0,1,0,0,0,0,1,0,0,1,0,0,0
0.00392584,1,1,1,1,1,0,0,0,0,1,0,0,1,0,0,0
0.00392585,1,1,1,1,1,1,1,1,0,1,0,0,1,0,0,0
0.00392587,1,1,1,1,1,1,0,0,0,1,0,0,1,0,0,0
0.00392588,1,0,0,0,1,0,0,0,0,1,0,0,1,0,0,0
0.00392592,1,0,1,0,1,0,0,0,0,1,0,0,1,0,0,0
0.00392593,1,0,1,1,1,0,0,0,0,1,0,0,1,0,0,0
0.00392595,1,0,1,0,1,0,0,0,0,1,0,0,1,0,0,0
0.00392596,1,0,0,0,1,0,0,0,0,1,0,0,1,0,0,0
0.00392618,1,0,0,0,1,0,0,0,0,0,0,0,1,0,0,0
0.0039262,1,0,0,0,1,0,0,0,1,0,0,0,1,0,0,0
0.00392626,1,0,0,0,1,0,0,0,0,0,0,0,0,0,0,0
0.00392627,1,0,0,0,1,0,0,0,1,0,0,0,1,0,0,0
0.00392674,1,1,1,1,1,1,1,1,1,0,0,0,1,0,0,0
0.00392679,0,0,0,0,0,1,0,0,1,0,0,0,1,0,0,0
0.00392683,0,1,1,1,0,1,0,0,1,0,0,0,1,0,0,0
0.00392685,1,1,1,1,0,1,1,1,1,0,0,0,1,0,0,0
0.00392686,1,1,1,1,0,1,1,0,1,0,0,0,1,0,0,0
0.00392688,0,0,1,0,0,1,0,0,1,0,0,0,1,0,0,0
0.00392689,0,0,0,0,0,1,0,0,1,0,0,0,1,0,0,0
0.00392691,0,0,1,1,0,1,0,0,1,0,0,0,1,0,0,0
0.00392694,0,1,1,1,0,1,0,0,1,0,0,0,1,0,0,0
0.00392695,0,0,1,1,0,1,0,0,1,0,0,0,1,0,0,0
0.00392697,0,0,1,0,0,1,0,0,1,0,0,0,1,0,0,0
0.00392699,0,0,1,1,0,1,0,0,1,0,0,0,1,0,0,0
0.00392705,0,0,1,0,0,1,0,0,1,0,0,0,1,0,0,0
0.00392708,0,0,1,1,0,1,0,0,1,0,0,0,1,0,0,0
0.0039271,0,0,1,0,0,1,0,0,1,0,0,0,1,0,0,0
0.00392714,0,0,1,1,0,1,0,0,1,0,0,0,1,0,0,0
0.00392715,0,0,1,0,0,1,0,0,1,0,0,0,1,0,0,0
0.00392718,0,0,1,1,0,1,0,0,1,0,0,0,1,0,0,0
0.00392719,0,0,1,0,0,1,0,0,1,0,0,0,1,0,0,0
0.00392755,0,0,0,0,0,1,0,0,1,0,0,0,1,0,0,0
0.00392758,0,0,1,0,0,1,0,0,1,0,0,0,1,0,0,0
0.00392759,0,0,0,0,0,1,0,0,1,0,0,0,1,0,0,0
0.0039276,0,0,1,0,0,1,0,0,1,0,0,0,1,0,0,0
0.00392761,0,0,0,0,0,1,0,0,1,0,0,0,1,0,0,0
0.00392763,0,0,1,0,0,1,0,0,1,0,0,0,1,0,0,0
0.00392765,0,0,0,0,0,1,0,0,1,0,0,0,1,0,0,0
0.00392767,0,0,1,0,0,1,0,0,1,0,0,0,1,0,0,0
0.00392768,0,0,0,0,0,1,0,0,1,0,0,0,1,0,0,0
0.00392769,1,1,1,1,0,1,0,0,1,0,0,0,1,0,0,0
0.00392771,1,1,1,1,1,1,1,1,1,0,0,0,1,0,0,0
0.00392776,1,1,1,1,1,0,1,1,1,0,0,0,1,0,0,0
0.00392777,1,0,0,1,0,0,1,0,1,0,0,0,1,0,0,0
0.0039278,1,1,1,1,0,0,1,0,1,0,0,0,1,0,0,0
0.00392781,1,1,1,1,1,1,1,1,1,0,0,0,1,0,0,0
0.00392782,1,1,1,1,0,0,1,1,1,0,0,0,1,0,0,0
0.00392783,1,0,1,1,0,0,1,0,1,0,0,0,1,0,0,0
0.00392784,1,0,0,1,0,0,1,0,1,0,0,0,1,0,0,0
0.00392788,1,0,1,1,0,0,1,0,1,0,0,0,1,0,0,0
0.00392791,1,0,0,1,0,0,1,0,1,0,0,0,1,0,0,0
0.00392797,1,0,1,1,0,0,1,0,1,0,0,0,1,0,0,0
0.00392798,1,0,0,1,0,0,1,0,1,0,0,0,1,0,0,0
0.00392814,1,0,0,1,0,0,1,0,1,0,0,1,0,0,1,0
0.00392866,1,1,1,1,0,0,1,0,1,0,0,1,0,0,1,0
0.00392868,1,1,1,0,0,0,0,0,1,0,0,1,0,0,1,0
0.00392869,0,0,0,0,0,0,0,0,1,0,0,1,0,0,1,0
0.0039287,0,0,0,0,1,0,0,0,1,0,0,1,0,0,1,0
0.00392873,0,1,1,1,1,0,0,0,1,0,0,1,0,0,1,0
0.00392874,0,1,1,0,1,0,0,0,1,0,0,1,0,0,1,0
0.00392875,0,0,0,0,1,0,0,0,1,0,0,1,0,0,1,0
0.00392963,0,0,1,0,1,0,0,0,1,0,0,1,0,0,1,0
0.00392965,0,0,0,0,1,0,0,0,1,0,0,1,0,0,1,0
0.00392968,1,1,1,1,1,1,1,1,1,0,0,1,0,0,1,0
0.00392972,1,1,1,1,1,1,0,0,1,0,0,1,0,0,1,0
0.00392975,1,1,1,1,1,1,1,1,1,0,0,1,0,0,1,0
0.00392976,1,1,1,0,1,1,1,1,1,0,0,1,0,0,1,0
0.00392977,1,1,1,0,1,1,0,0,1,0,0,1,0,0,1,0
0.00393009,1,1,1,0,1,1,0,0,1,0,0,0,0,0,0,0
0.0039301,1,1,1,0,1,1,0,0,1,1,0,0,0,0,0,0
0.00393011,1,1,1,0,1,1,0,0,1,1,1,0,1,1,0,0
0.00393017,1,1,1,0,1,1,0,0,0,1,1,0,1,1,0,0
0.00393018,1,1,1,0,1,1,0,0,1,1,1,0,1,1,0,0
0.00393019,1,1,1,1,1,1,0,0,1,1,1,0,1,1,0,0
0.00393021,1,1,1,0,1,1,1,0,1,1,1,0,1,1,0,0
0.00393022,1,1,1,0,1,1,0,0,1,1,1,0,1,1,0,0
0.00393062,1,1,1,1,1,1,0,0,1,1,1,0,1,1,0,0
0.00393063,1,1,1,0,1,1,0,0,1,1,1,0,1,1,0,0
0.00393064,1,1,1,1,1,1,0,0,1,1,1,0,1,1,0,0
0.00393068,1,1,1,1,1,1,1,1,1,1,1,0,1,1,0,0
0.00393069,0,1,1,1,1,1,1,1,1,1,1,0,1,1,0,0
0.0039307,0,1,1,1,1,1,0,0,1,1,1,0,1,1,0,0
0.0039316,1,1,1,1,1,1,1,1,1,1,1,0,1,1,0,0
0.00393167,1,1,0,1,0,0,0,0,1,1,1,0,1,1,0,0
0.00393172,1,1,1,1,0,0,0,0,1,1,1,0,1,1,0,0
0.00393173,1,1,0,1,0,0,0,0,1,1,1,0,1,1,0,0
0.00393259,1,1,1,1,0,0,0,0,1,1,1,0,1,1,0,0
0.0039326,1,1,1,1,1,1,1,1,1,1,1,0,1,1,0,0
0.0039336,0,0,0,1,1,0,1,0,1,1,1,0,1,1,0,0
0.00393363,1,1,1,1,1,1,1,1,1,1,1,0,1,1,0,0
0.00393369,1,1,1,0,1,1,0,0,1,1,1,0,1,1,0,0
0.0039337,0,0,1,0,1,0,0,0,1,1,1,0,1,1,0,0
0.00393374,1,0,1,0,1,1,0,0,1,1,1,0,1,1,0,0
0.00393375,1,1,1,0,1,1,0,0,1,1,1,0,1,1,0,0
0.00393377,0,0,1,0,1,0,0,0,1,1,1,0,1,1,0,0
0.003934,0,0,1,0,1,0,0,0,0,0,1,0,1,0,0,0
0.00393452,1,1,1,0,1,0,0,0,0,0,1,0,1,0,0,0
0.00393453,1,1,1,1,1,0,0,0,0,0,1,0,1,0,0,0
0.00393454,1,1,1,0,1,0,0,0,0,0,1,0,1,0,0,0
0.00393455,1,1,1,1,1,1,1,1,0,0,1,0,1,0,0,0
0.00393557,0,0,0,0,0,0,0,1,0,0,1,0,1,0,0,0
0.00393561,0,1,0,0,0,1,0,1,0,0,1,0,1,0,0,0
0.00393562,1,0,1,1,0,1,0,1,0,0,1,0,1,0,0,0
0.00393563,1,1,1,1,0,1,1,1,0,0,1,0,1,0,0,0
0.00393566,0,0,0,0,0,0,0,1,0,0,1,0,1,0,0,0
0.0039357,0,0,1,1,0,1,0,1,0,0,1,0,1,0,0,0
0.00393571,1,0,1,1,0,1,0,1,0,0,1,0,1,0,0,0
0.00393572,0,0,1,1,0,1,0,1,0,0,1,0,1,0,0,0
0.00393574,0,0,0,0,0,0,0,1,0,0,1,0,1,0,0,0
0.00393578,0,0,1,0,0,0,0,1,0,0,1,0,1,0,0,0
0.00393579,0,0,1,1,0,0,0,1,0,0,1,0,1,0,0,0
0.00393581,0,0,1,0,0,0,0,1,0,0,1,0,1,0,0,0
0.00393587,0,0,0,0,0,0,0,1,0,0,1,0,1,0,0,0
0.00393588,0,0,1,0,0,0,0,1,0,0,1,0,1,0,0,0
0.00393591,0,0,0,0,0,0,0,1,0,0,1,0,1,0,0,0
0.00393593,0,0,1,0,0,0,0,1,0,0,1,0,1,0,0,0
0.00393606,0,0,0,0,0,0,0,1,0,0,1,0,1,0,0,0
0.00393607,0,0,1,0,0,0,0,1,0,0,1,0,1,0,0,0
0.00393609,0,0,0,0,0,0,0,1,0,0,1,0,1,0,0,0
0.00393611,0,0,1,0,0,0,0,1,0,0,1,0,1,0,0,0
0.00393612,0,0,0,0,0,0,0,1,0,0,1,0,1,0,0,0
0.00393617,0,0,1,0,0,0,0,1,0,0,1,0,1,0,0,0
0.00393619,0,0,0,0,0,0,0,1,0,0,1,0,1,0,0,0
0.00393626,0,0,1,0,0,0,0,1,0,0,1,0,1,0,0,0
0.00393627,0,0,0,0,0,0,0,1,0,0,1,0,1,0,0,0
0.00393638,0,0,1,0,0,0,0,1,0,0,1,0,1,0,0,0
0.00393639,0,0,0,0,0,0,0,1,0,0,1,0,1,0,0,0
0.00393644,0,0,1,0,0,0,0,1,0,0,1,0,1,0,0,0
0.00393646,0,0,0,0,0,0,0,1,0,0,1,0,1,0,0,0
0.00393647,0,0,1,0,0,0,0,1,0,0,1,0,1,0,0,0
0.00393649,0,1,0,0,0,0,0,1,0,0,1,0,1,0,0,0
0.0039365,1,1,1,1,0,0,0,1,0,0,1,0,1,0,0,0
0.00393651,1,1,1,1,1,1,1,1,0,0,1,0,1,0,0,0
0.00393655,1,1,1,1,1,1,1,0,0,0,1,0,1,0,0,0
0.00393656,0,1,0,0,1,0,0,0,0,0,1,0,1,0,0,0
0.00393659,1,1,1,1,1,1,1,0,0,0,1,0,1,0,0,0
0.00393664,1,1,1,1,1,1,0,0,0,0,1,0,1,0,0,0
0.00393665,0,1,1,0,1,0,0,0,0,0,1,0,1,0,0,0
0.00393667,1,1,1,1,1,1,0,0,0,0,1,0,1,0,0,0
0.00393668,1,1,1,1,1,1,1,0,0,0,1,0,1,0,0,0
0.00393672,1,1,1,1,1,1,0,0,0,0,1,0,1,0,0,0
0.00393692,1,1,1,1,1,1,0,0,0,0,0,0,1,0,0,0
0.00393694,1,1,1,1,1,0,0,0,0,1,0,0,1,0,0,0
0.00393696,0,1,1,1,1,0,0,0,0,1,0,0,1,0,0,0
0.00393697,1,1,1,1,1,0,0,0,0,1,0,0,1,0,0,0
0.00393698,1,1,1,1,1,1,0,0,0,1,0,0,1,0,0,0
0.003937,1,1,1,1,1,1,0,0,0,0,0,0,0,0,0,0
0.00393701,0,1,1,1,1,0,0,0,0,1,0,0,1,0,0,0
0.00393702,1,1,1,1,1,0,0,0,0,1,0,0,1,0,0,0
0.00393703,0,1,1,0,1,0,0,0,0,1,0,0,1,0,0,0
0.00393705,1,1,1,1,1,1,0,0,0,1,0,0,1,0,0,0
0.00393709,0,1,1,1,1,0,0,0,0,1,0,0,1,0,0,0
0.0039371,0,1,1,0,1,0,0,0,0,1,0,0,1,0,0,0
0.00393711,0,1,1,1,1,0,0,0,0,1,0,0,1,0,0,0
0.00393712,1,1,1,1,1,0,0,0,0,1,0,0,1,0,0,0
0.00393718,0,1,1,1,1,0,0,0,0,1,0,0,1,0,0,0
0.00393719,1,1,1,1,1,0,0,0,0,1,0,0,1,0,0,0
0.0039372,0,1,1,1,1,0,0,0,0,1,0,0,1,0,0,0
0.00393721,1,1,1,1,1,0,0,0,0,1,0,0,1,0,0,0
0.00393722,0,1,1,1,1,0,0,0,0,1,0,0,1,0,0,0
0.00393723,0,1,1,0,1,0,0,0,0,1,0,0,1,0,0,0
0.00393724,0,1,1,1,1,0,0,0,0,1,0,0,1,0,0,0
0.00393728,0,1,1,0,1,0,0,0,0,1,0,0,1,0,0,0
0.00393736,0,1,1,1,1,0,0,0,0,1,0,0,1,0,0,0
0.00393737,0,1,1,0,1,0,0,0,0,1,0,0,1,0,0,0
0.00393743,0,1,1,1,1,0,0,0,0,1,0,0,1,0,0,0
0.00393744,1,1,1,0,1,0,0,0,0,1,0,0,1,0,0,0
0.00393745,0,1,1,1,1,0,0,0,0,1,0,0,1,0,0,0
0.00393746,1,1,1,1,1,0,0,0,0,1,0,0,1,0,0,0
0.00393747,1,1,1,1,1,1,1,0,0,1,0,0,1,0,0,0
0.00393748,1,1,1,1,1,1,1,1,0,1,0,0,1,0,0,0
0.00393752,1,0,1,1,0,1,1,1,0,1,0,0,1,0,0,0
0.00393753,1,0,0,0,0,0,0,0,0,1,0,0,1,0,0,0
0.00393756,1,0,1,1,0,1,1,0,0,1,0,0,1,0,0,0
0.00393758,1,1,1,1,0,1,1,1,0,1,0,0,1,0,0,0
0.0039376,1,0,1,1,0,1,1,0,0,1,0,0,1,0,0,0
0.00393761,1,0,1,1,0,1,0,0,0,1,0,0,1,0,0,0
0.00393762,1,0,0,0,0,0,0,0,0,1,0,0,1,0,0,0
0.00393764,1,0,1,1,0,1,0,0,0,1,0,0,1,0,0,0
0.00393765,1,0,1,1,0,1,1,0,0,1,0,0,1,0,0,0
0.00393769,1,0,1,1,0,1,0,0,0,1,0,0,1,0,0,0
0.00393774,1,0,1,1,0,1,1,0,0,1,0,0,1,0,0,0
0.00393775,1,0,1,1,0,1,0,0,0,1,0,0,1,0,0,0
0.00393803,1,0,1,1,0,0,0,0,0,1,0,0,1,0,0,0
0.00393807,1,0,1,1,0,1,0,0,0,1,0,0,1,0,0,0
0.00393808,1,0,1,1,0,0,0,0,0,1,0,0,1,0,0,0
0.00393823,1,0,1,0,0,0,0,0,0,1,0,0,1,0,0,0
0.00393824,1,0,1,1,0,0,0,0,0,1,0,0,1,0,0,0
0.00393829,1,0,1,0,0,0,0,0,0,1,0,0,1,0,0,0
0.0039383,1,0,1,1,0,0,0,0,0,1,0,0,1,0,0,0
0.00393831,1,0,1,0,0,0,0,0,0,1,0,0,1,0,0,0
0.00393834,1,0,1,1,0,0,0,0,0,1,0,0,1,0,0,0
0.00393836,1,0,1,0,0,0,0,0,0,1,0,0,1,0,0,0
0.00393837,1,0,1,1,0,0,0,0,0,1,0,0,1,0,0,0
0.00393838,1,0,1,0,0,0,0,0,0,1,0,0,1,0,0,0
0.0039384,1,0,1,1,0,0,0,0,0,1,0,0,1,0,0,0
0.00393841,1,0,1,0,0,0,0,0,0,1,0,0,1,0,0,0
0.00393843,1,1,1,1,0,0,0,0,0,1,0,0,1,0,0,0
0.00393844,1,1,1,1,1,0,0,0,0,1,0,0,1,0,0,0
0.00393845,1,1,1,1,1,1,1,1,0,1,0,0,1,0,0,0
0.00393851,1,0,0,0,1,0,0,0,0,1,0,0,1,0,0,0
0.00393854,1,0,1,0,1,0,0,0,0,1,0,0,1,0,0,0
0.00393855,1,1,1,1,1,1,1,0,0,1,0,0,1,0,0,0
0.00393856,1,1,1,1,1,1,1,1,0,1,0,0,1,0,0,0
0.00393858,1,1,1,1,1,1,1,0,0,1,0,0,1,0,0,0
0.00393859,1,0,1,1,1,0,0,0,0,1,0,0,1,0,0,0
0.0039386,1,0,0,0,1,0,0,0,0,1,0,0,1,0,0,0
0.00393862,1,0,1,1,1,0,0,0,0,1,0,0,1,0,0,0
0.00393863,1,0,1,1,1,1,0,0,0,1,0,0,1,0,0,0
0.00393864,1,1,1,1,1,1,0,0,0,1,0,0,1,0,0,0
0.00393866,1,0,1,1,1,1,0,0,0,1,0,0,1,0,0,0
0.00393867,1,0,1,1,1,0,0,0,0,1,0,0,1,0,0,0
0.00393868,1,0,1,0,1,0,0,0,0,1,0,0,1,0,0,0
0.0039387,1,0,1,1,1,0,0,0,0,1,0,0,1,0,0,0
0.00393883,1,0,1,0,1,0,0,0,0,1,0,0,1,0,0,0
0.00393884,1,0,1,1,1,0,0,0,0,1,0,0,1,0,0,0
0.00393888,1,0,1,1,1,0,0,0,0,0,0,0,1,0,0,0
0.00393889,1,0,1,0,1,0,0,0,1,0,0,0,1,0,0,0
0.00393893,1,0,1,1,1,0,0,0,1,0,0,0,1,0,0,0
0.00393895,1,0,1,1,1,0,0,0,0,0,0,0,0,0,0,0
0.00393896,1,0,1,0,1,0,0,0,1,0,0,0,1,0,0,0
0.00393901,1,0,1,1,1,0,0,0,1,0,0,0,1,0,0,0
0.00393904,1,0,1,0,1,0,0,0,1,0,0,0,1,0,0,0
0.00393937,1,0,0,0,1,0,0,0,1,0,0,0,1,0,0,0
0.00393938,1,0,1,0,1,0,0,0,1,0,0,0,1,0,0,0
0.0039394,1,0,0,0,1,0,0,0,1,0,0,0,1,0,0,0
0.00393941,1,1,0,0,1,0,0,0,1,0,0,0,1,0,0,0
0.00393942,1,0,1,1,1,1,1,0,1,0,0,0,1,0,0,0
0.00393943,1,1,1,1,1,1,0,1,1,0,0,0,1,0,0,0
0.00393945,1,1,1,1,1,1,1,1,1,0,0,0,1,0,0,0
0.00393947,1,1,1,1,0,1,1,0,1,0,0,0,1,0,0,0
0.00393948,0,1,0,0,0,0,0,0,1,0,0,0,1,0,0,0
0.00393952,0,1,1,1,0,0,0,0,1,0,0,0,1,0,0,0
0.00393953,0,1,1,1,0,1,1,0,1,0,0,0,1,0,0,0
0.00393956,0,1,0,0,0,0,0,0,1,0,0,0,1,0,0,0
0.0039396,0,1,1,0,0,0,0,0,1,0,0,0,1,0,0,0
0.00393961,0,1,1,1,0,0,0,0,1,0,0,0,1,0,0,0
0.00393962,0,1,1,0,0,0,0,0,1,0,0,0,1,0,0,0
0.00393964,0,1,0,0,0,0,0,0,1,0,0,0,1,0,0,0
0.00394038,0,1,0,1,0,0,0,0,1,0,0,0,1,0,0,0
0.00394039,1,1,1,1,0,0,0,0,1,0,0,0,1,0,0,0
0.0039404,1,1,1,1,0,1,1,0,1,0,0,0,1,0,0,0
0.00394041,0,1,1,1,1,1,1,0,1,0,0,0,1,0,0,0
0.00394042,1,1,1,1,1,1,1,1,1,0,0,0,1,0,0,0
0.00394046,1,1,1,1,1,1,1,0,1,0,0,0,1,0,0,0
0.00394047,0,1,0,0,0,0,1,0,1,0,0,0,1,0,0,0
0.0039405,0,1,1,0,0,0,1,0,1,0,0,0,1,0,0,0
0.00394051,1,1,1,1,0,1,1,0,1,0,0,0,1,0,0,0
0.00394055,0,1,1,0,0,0,1,0,1,0,0,0,1,0,0,0
0.00394056,0,1,0,0,0,0,1,0,1,0,0,0,1,0,0,0
0.00394058,0,1,1,0,0,0,1,0,1,0,0,0,1,0,0,0
0.00394059,0,1,1,1,0,0,1,0,1,0,0,0,1,0,0,0
0.0039406,0,1,1,1,0,1,1,0,1,0,0,0,1,0,0,0
0.00394061,0,1,1,1,0,0,1,0,1,0,0,0,1,0,0,0
0.00394063,0,1,1,0,0,0,1,0,1,0,0,0,1,0,0,0
0.00394067,0,1,1,1,0,0,1,0,1,0,0,0,1,0,0,0
0.0039407,0,1,1,0,0,0,1,0,1,0,0,0,1,0,0,0
0.00394083,0,1,1,0,0,0,1,0,0,0,0,0,0,0,0,0
0.00394084,0,1,1,0,0,0,1,0,0,1,0,0,0,0,1,0
0.00394086,0,1,0,0,0,0,1,0,0,1,0,0,0,0,1,0
0.00394087,0,1,1,0,0,0,1,0,0,1,0,0,0,0,1,0
0.0039409,0,1,1,0,0,0,1,0,0,0,0,0,0,0,0,0
0.00394091,0,1,1,0,0,0,1,0,0,1,0,0,0,0,1,0
0.00394092,0,1,0,0,0,0,1,0,0,1,0,0,0,0,1,0
0.00394093,0,1,1,0,0,0,1,0,0,1,0,0,0,0,1,0
0.00394094,0,1,0,0,0,0,1,0,0,1,0,0,0,0,1,0
0.00394095,0,1,1,0,0,0,1,0,0,1,0,0,0,0,1,0
0.003941,0,1,0,0,0,0,1,0,0,1,0,0,0,0,1,0
0.00394104,0,1,1,0,0,0,1,0,0,1,0,0,0,0,1,0
0.00394107,0,1,0,0,0,0,1,0,0,1,0,0,0,0,1,0
0.00394134,0,1,1,0,0,0,1,0,0,1,0,0,0,0,1,0
0.00394135,1,1,1,1,0,0,1,0,0,1,0,0,0,0,1,0
0.00394136,1,1,1,1,1,1,1,0,0,1,0,0,0,0,1,0
0.00394137,1,0,1,1,0,0,0,0,0,1,0,0,0,0,1,0
0.00394138,0,0,0,0,0,1,0,0,0,1,0,0,0,0,1,0
0.00394139,1,0,0,0,0,1,0,0,0,1,0,0,0,0,1,0
0.0039414,1,0,1,1,0,0,0,0,0,1,0,0,0,0,1,0
0.00394141,1,0,1,1,0,1,0,0,0,1,0,0,0,0,1,0
0.00394142,1,0,0,0,0,0,0,0,0,1,0,0,0,0,1,0
0.00394145,1,0,1,0,0,0,0,0,0,1,0,0,0,0,1,0
0.00394146,1,0,1,1,0,0,0,0,0,1,0,0,0,0,1,0
0.00394147,1,0,1,0,0,0,0,0,0,1,0,0,0,0,1,0
0.00394148,1,0,0,0,0,0,0,0,0,1,0,0,0,0,1,0
0.00394181,1,1,1,1,0,0,0,0,0,1,0,0,0,0,1,0
0.00394183,1,1,1,1,0,1,0,0,0,1,0,0,0,0,1,0
0.00394185,1,1,1,1,0,0,0,0,0,1,0,0,0,0,1,0
0.00394227,1,1,1,1,1,1,1,1,0,1,0,0,0,0,1,0
0.00394228,1,1,1,1,0,0,0,0,0,1,0,0,0,0,1,0
0.00394229,0,1,1,1,0,0,0,0,0,1,0,0,0,0,1,0
0.00394237,1,1,1,1,1,1,1,1,0,1,0,0,0,0,1,0
0.00394241,0,0,0,1,1,0,1,0,0,1,0,0,0,0,1,0
0.00394242,0,1,1,1,1,0,1,0,0,1,0,0,0,0,1,0
0.00394243,0,1,1,1,1,0,0,0,0,1,0,0,0,0,1,0
0.00394244,1,1,1,1,1,1,0,0,0,1,0,0,0,0,1,0
0.00394245,1,1,1,1,1,1,0,1,0,1,0,0,0,0,1,0
0.00394248,1,0,1,0,1,1,1,1,0,1,0,0,0,0,1,0
0.00394249,0,0,1,0,1,0,0,0,0,1,0,0,0,0,1,0
0.00394253,1,0,1,0,1,1,0,1,0,1,0,0,0,0,1,0
0.00394254,1,0,1,1,1,1,0,1,0,1,0,0,0,0,1,0
0.00394255,1,0,1,0,1,1,0,0,0,1,0,0,0,0,1,0
0.00394256,0,0,1,0,1,1,0,0,0,1,0,0,0,0,1,0
0.00394257,0,0,1,0,1,0,0,0,0,1,0,0,0,0,1,0
0.00394261,0,0,1,0,1,1,0,0,0,1,0,0,0,0,1,0
0.00394264,0,0,1,0,1,0,0,0,0,1,0,0,0,0,1,0
0.00394278,0,0,1,0,1,0,0,0,0,0,0,0,0,0,0,0
0.00394279,0,0,1,0,1,0,0,0,0,0,0,0,1,0,0,0
0.0039428,0,0,1,0,1,0,0,0,0,0,1,0,1,0,0,0
0.00394286,0,0,1,0,1,0,0,0,0,0,0,0,0,0,0,0
0.00394287,0,1,1,1,1,0,0,0,0,0,1,0,1,0,0,0
0.00394288,0,1,1,1,1,0,0,0,0,1,1,1,1,0,0,0
0.00394289,1,1,1,1,1,1,0,0,0,1,1,1,1,0,0,0
0.0039429,1,0,1,1,1,1,1,1,0,0,1,1,1,0,0,0
0.00394291,0,0,1,0,1,1,0,0,0,0,1,0,1,0,0,0
0.00394292,0,0,1,0,1,0,0,0,0,0,1,0,1,0,0,0
0.00394295,0,0,1,0,1,1,0,0,0,0,1,0,1,0,0,0
0.00394296,1,0,1,0,1,1,0,1,0,0,1,0,1,0,0,0
0.00394297,1,0,1,0,1,1,0,0,0,0,1,0,1,0,0,0
0.00394299,0,0,1,0,1,0,0,0,0,0,1,0,1,0,0,0
0.00394331,1,1,1,0,1,0,0,0,0,0,1,0,1,0,0,0
0.00394333,1,1,1,1,1,1,1,1,0,0,1,0,1,0,0,0
0.00394339,0,0,1,1,0,1,1,1,0,0,1,0,1,0,0,0
0.00394343,1,0,1,1,0,1,1,1,0,0,1,0,1,0,0,0
0.00394345,0,0,1,1,0,1,1,1,0,0,1,0,1,0,0,0
0.0039443,1,1,1,1,0,1,1,1,0,0,1,0,1,0,0,0
0.00394432,1,1,1,1,1,1,1,1,0,0,1,0,1,0,0,0
0.00394436,1,0,0,0,0,0,0,0,0,0,1,0,1,0,0,0
0.0039444,1,1,1,0,0,1,0,0,0,0,1,0,1,0,0,0
0.00394441,1,0,1,1,0,1,0,0,0,0,1,0,1,0,0,0
0.00394442,1,1,1,1,0,1,1,1,0,0,1,0,1,0,0,0
0.00394444,1,0,1,1,0,1,0,0,0,0,1,0,1,0,0,0
0.00394445,1,0,0,0,0,0,0,0,0,0,1,0,1,0,0,0
0.00394448,1,0,0,0,0,1,0,0,0,0,1,0,1,0,0,0
0.00394449,1,0,1,0,0,1,0,0,0,0,1,0,1,0,0,0
0.00394453,1,0,0,0,0,0,0,0,0,0,1,0,1,0,0,0
0.00394457,1,0,0,0,0,1,0,0,0,0,1,0,1,0,0,0
0.00394458,1,0,1,0,0,1,0,0,0,0,1,0,1,0,0,0
0.00394459,1,0,0,0,0,1,0,0,0,0,1,0,1,0,0,0
0.00394462,1,0,0,0,0,0,0,0,0,0,1,0,1,0,0,0
0.00394464,1,0,0,0,0,1,0,0,0,0,1,0,1,0,0,0
0.00394469,1,0,0,0,0,0,0,0,0,0,1,0,1,0,0,0
0.00394471,1,0,0,0,0,1,0,0,0,0,1,0,1,0,0,0
0.00394473,1,0,0,0,0,0,0,0,0,0,1,0,1,0,0,0
0.00394474,1,0,0,0,0,1,0,0,0,0,1,0,1,0,0,0
0.00394475,1,0,0,0,0,0,0,0,0,0,1,0,1,0,0,0
0.00394526,1,0,1,0,0,0,0,0,0,0,1,0,1,0,0,0
0.00394529,1,1,1,1,1,1,0,0,0,0,1,0,1,0,0,0
0.0039453,1,1,1,1,1,1,1,1,0,0,1,0,1,0,0,0
0.00394534,1,1,1,0,0,0,0,1,0,0,1,0,1,0,0,0
0.00394538,1,1,1,1,0,1,1,1,0,0,1,0,1,0,0,0
0.00394539,1,1,1,1,1,1,1,1,0,0,1,0,1,0,0,0
0.0039454,1,1,1,1,0,1,0,1,0,0,1,0,1,0,0,0
0.00394541,1,1,1,0,0,0,0,1,0,0,1,0,1,0,0,0
0.00394546,1,1,1,0,0,1,0,1,0,0,1,0,1,0,0,0
0.00394547,1,1,1,0,0,0,0,1,0,0,1,0,1,0,0,0
0.00394571,1,1,1,0,0,0,0,1,0,0,1,0,0,0,0,0
0.00394572,1,1,1,0,0,0,0,1,1,1,1,0,0,0,0,1
0.00394625,1,1,1,1,0,1,0,1,1,1,1,0,0,0,0,1
0.00394626,1,1,1,1,1,1,1,1,1,1,1,0,0,0,0,1
0.00394628,1,1,1,1,1,1,0,1,1,1,1,0,0,0,0,1
0.00394629,1,1,1,1,1,1,1,1,1,1,1,0,0,0,0,1
0.0039463,0,1,1,1,1,1,1,1,1,1,1,0,0,0,0,1
0.00394631,0,0,1,1,0,1,1,1,1,1,1,0,0,0,0,1
0.00394636,0,0,1,1,1,1,1,1,1,1,1,0,0,0,0,1
0.00394637,0,0,1,1,0,1,1,1,1,1,1,0,0,0,0,1
0.00394723,0,1,1,1,0,1,1,1,1,1,1,0,0,0,0,1
0.00394724,1,1,1,1,0,1,1,1,1,1,1,0,0,0,0,1
0.00394725,1,1,1,1,1,1,1,1,1,1,1,0,0,0,0,1
0.00394726,1,0,0,0,0,0,0,0,1,1,1,0,0,0,0,1
0.00394729,1,1,1,1,1,1,1,1,1,1,1,0,0,0,0,1
0.00394736,1,0,1,0,0,0,0,1,1,1,1,0,0,0,0,1
0.0039474,1,1,1,1,0,1,0,1,1,1,1,0,0,0,0,1
0.00394741,1,1,1,1,1,1,1,1,1,1,1,0,0,0,0,1
0.00394742,1,1,1,1,0,1,0,1,1,1,1,0,0,0,0,1
0.00394743,1,0,1,0,0,0,0,1,1,1,1,0,0,0,0,1
0.00394748,1,0,1,1,0,0,0,1,1,1,1,0,0,0,0,1
0.0039475,1,0,1,0,0,0,0,1,1,1,1,0,0,0,0,1
0.00394767,1,0,1,0,0,0,0,1,1,0,1,0,0,0,0,1
0.00394819,1,0,1,1,0,0,0,1,1,0,1,0,0,0,0,1
0.0039482,1,0,1,1,0,1,1,1,1,0,1,0,0,0,0,1
0.00394821,1,0,1,1,1,1,1,1,1,0,1,0,0,0,0,1
0.00394822,0,1,1,1,1,1,1,1,1,0,1,0,0,0,0,1
0.00394823,0,0,1,1,0,1,1,1,1,0,1,0,0,0,0,1
0.00394828,0,1,1,1,0,1,1,1,1,0,1,0,0,0,0,1
0.00394829,0,0,1,1,0,1,1,1,1,0,1,0,0,0,0,1
0.00394918,1,0,1,1,0,1,1,1,1,0,1,0,0,0,0,1
0.00394919,1,1,1,1,0,1,1,1,1,0,1,0,0,0,0,1
0.0039492,1,1,1,1,1,1,1,1,1,0,1,0,0,0,0,1
0.00394924,0,0,0,1,1,0,1,0,1,0,1,0,0,0,0,1
0.00394926,0,0,0,1,1,0,1,1,1,0,1,0,0,0,0,1
0.00394928,0,1,1,1,1,1,1,1,1,0,1,0,0,0,0,1
0.00394929,1,1,1,1,1,1,1,1,1,0,1,0,0,0,0,1
0.00394931,0,1,1,1,0,0,0,1,1,0,1,0,0,0,0,1
0.00394932,0,0,0,1,0,0,0,1,1,0,1,0,0,0,0,1
0.00394935,0,1,1,1,0,1,0,1,1,0,1,0,0,0,0,1
0.00394936,1,1,1,1,0,1,0,1,1,0,1,0,0,0,0,1
0.00394937,0,1,1,1,0,1,0,1,1,0,1,0,0,0,0,1
0.00394939,0,0,0,1,0,0,0,1,1,0,1,0,0,0,0,1
0.00394943,0,0,1,1,0,0,0,1,1,0,1,0,0,0,0,1
0.00394947,0,0,0,1,0,0,0,1,1,0,1,0,0,0,0,1
0.00394952,0,0,1,1,0,0,0,1,1,0,1,0,0,0,0,1
0.00394954,0,0,0,1,0,0,0,1,1,0,1,0,0,0,0,1
0.0039496,0,0,1,1,0,0,0,1,1,0,1,0,0,0,0,1
0.00394962,0,0,1,1,0,0,0,1,0,0,0,0,0,0,0,1
0.00394963,0,0,0,1,0,0,0,1,0,0,0,1,0,0,0,1
0.00394968,0,0,1,1,0,0,0,1,0,0,0,1,0,0,0,1
0.0039497,0,0,0,1,0,0,0,1,0,0,0,1,0,0,0,0
0.00394971,0,0,0,1,0,0,0,1,0,0,0,1,0,0,0,1
0.00394975,0,0,1,1,0,0,0,1,0,0,0,1,0,0,0,1
0.00394977,0,0,0,1,0,0,0,1,0,0,0,1,0,0,0,1
0.00395015,1,1,0,1,0,0,0,1,0,0,0,1,0,0,0,1
0.00395016,0,1,1,1,0,1,0,1,0,0,0,1,0,0,0,1
0.00395017,1,0,1,1,1,1,0,1,0,0,0,1,0,0,0,1
0.00395018,1,1,1,1,1,1,0,1,0,0,0,1,0,0,0,1
0.0039502,1,1,1,1,1,1,1,1,0,0,0,1,0,0,0,1
0.00395021,1,1,1,0,1,1,1,1,0,0,0,1,0,0,0,1
0.00395022,1,0,0,0,0,0,0,0,0,0,0,1,0,0,0,1
0.00395026,1,0,1,0,0,1,0,0,0,0,0,1,0,0,0,1
0.00395027,1,1,1,0,0,1,0,0,0,0,0,1,0,0,0,1
0.00395028,1,1,1,0,0,1,0,1,0,0,0,1,0,0,0,1
0.00395029,1,1,1,0,0,1,0,0,0,0,0,1,0,0,0,1
0.0039503,1,0,0,0,0,0,0,0,0,0,0,1,0,0,0,1
0.00395034,1,0,1,0,0,0,0,0,0,0,0,1,0,0,0,1
0.00395038,1,0,0,0,0,0,0,0,0,0,0,1,0,0,0,1
0.00395119,1,1,0,1,1,0,0,1,0,0,0,1,0,0,0,1
0.0039512,1,1,0,1,1,0,1,1,0,0,0,1,0,0,0,1
0.00395121,1,1,1,1,1,1,1,1,0,0,0,1,0,0,0,1
0.00395124,1,1,1,1,1,1,0,1,0,0,0,1,0,0,0,1
0.00395125,1,1,0,0,0,0,0,1,0,0,0,1,0,0,0,1
0.00395129,1,1,1,0,0,0,0,1,0,0,0,1,0,0,0,1
0.0039513,1,1,1,1,0,1,0,1,0,0,0,1,0,0,0,1
0.00395131,1,1,1,0,0,1,0,1,0,0,0,1,0,0,0,1
0.00395132,1,1,0,0,0,0,0,1,0,0,0,1,0,0,0,1
0.00395157,1,1,0,0,0,0,0,1,0,0,0,0,0,0,0,0
0.00395158,1,1,0,0,0,0,0,1,1,1,0,0,0,0,0,1
0.00395164,1,1,0,0,0,0,0,1,1,1,0,0,0,0,0,0
0.00395165,1,1,0,0,0,0,0,1,0,1,0,0,0,0,0,0
0.00395166,1,1,0,0,0,0,0,1,1,1,0,0,0,0,0,1
0.0039521,1,1,1,1,0,0,0,1,1,1,0,0,0,0,0,1
0.00395211,1,1,1,1,1,1,1,1,1,1,0,0,0,0,0,1
0.00395213,1,0,0,0,0,0,0,0,1,1,0,0,0,0,0,1
0.00395218,1,0,1,0,0,1,0,0,1,1,0,0,0,0,0,1
0.00395219,1,0,1,1,0,1,0,0,1,1,0,0,0,0,0,1
0.0039522,1,0,1,0,0,0,0,0,1,1,0,0,0,0,0,1
0.00395221,1,0,0,0,0,0,0,0,1,1,0,0,0,0,0,1
0.00395311,1,1,1,1,1,1,1,1,1,1,0,0,0,0,0,1
0.00395315,0,1,1,1,1,0,1,0,1,1,0,0,0,0,0,1
0.00395317,1,1,1,1,1,1,1,1,1,1,0,0,0,0,0,1
0.00395321,1,1,1,1,1,1,1,0,1,1,0,0,0,0,0,1
0.00395322,0,0,0,1,1,1,0,0,1,1,0,0,0,0,0,1
0.00395326,0,1,1,1,1,1,0,0,1,1,0,0,0,0,0,1
0.00395327,1,1,1,1,1,1,1,1,1,1,0,0,0,0,0,1
0.00395328,0,0,1,1,1,1,0,0,1,1,0,0,0,0,0,1
0.00395329,0,0,0,1,1,1,0,0,1,1,0,0,0,0,0,1
0.00395352,0,0,0,1,1,1,0,0,0,0,0,0,0,0,0,0
0.00395353,0,0,0,1,1,1,0,0,0,0,0,0,1,0,0,0
0.00395354,0,0,0,1,1,1,0,0,0,0,0,1,1,1,0,0
0.00395405,0,1,1,1,1,1,0,0,0,0,0,1,1,1,0,0
0.00395406,0,0,1,1,1,1,1,1,0,0,0,1,1,1,0,0
0.00395407,1,1,1,1,0,1,1,1,0,0,0,1,1,1,0,0
0.00395409,0,0,1,1,0,1,1,1,0,0,0,1,1,1,0,0
0.00395503,1,1,1,1,0,1,1,1,0,0,0,1,1,1,0,0
0.00395504,1,1,1,1,1,1,1,1,0,0,0,1,1,1,0,0
0.00395505,1,0,0,0,0,0,0,0,0,0,0,1,1,1,0,0
0.0039551,1,1,1,0,0,0,0,0,0,0,0,1,1,1,0,0
0.00395512,1,0,0,0,0,0,0,0,0,0,0,1,1,1,0,0
0.00395602,1,1,1,1,0,1,1,0,0,0,0,1,1,1,0,0
0.00395603,1,1,1,1,1,1,1,1,0,0,0,1,1,1,0,0
0.00395698,1,0,1,1,0,1,1,1,0,0,0,1,1,1,0,0
0.00395701,1,1,1,1,1,1,1,1,0,0,0,1,1,1,0,0
0.00395704,0,1,1,1,1,1,1,0,0,0,0,1,1,1,0,0
0.00395705,0,1,0,0,1,0,0,0,0,0,0,1,1,1,0,0
0.00395709,0,1,1,1,1,1,0,0,0,0,0,1,1,1,0,0
0.0039571,1,1,1,1,1,1,1,0,0,0,0,1,1,1,0,0
0.00395712,0,1,1,0,1,0,0,0,0,0,0,1,1,1,0,0
0.00395713,0,1,0,0,1,0,0,0,0,0,0,1,1,1,0,0
0.00395718,0,1,1,0,1,0,0,0,0,0,0,1,1,1,0,0
0.0039572,0,1,0,0,1,0,0,0,0,0,0,1,1,1,0,0
0.00395743,0,1,0,0,1,0,0,0,0,0,0,0,1,0,0,0
0.00395744,0,1,0,0,1,0,0,0,0,1,0,0,1,0,0,0
0.0039575,0,1,0,0,1,0,0,0,0,0,0,0,0,0,0,0
0.00395751,0,1,0,0,1,1,1,0,0,1,0,0,1,0,0,0
0.00395752,0,1,1,1,1,1,1,1,0,1,0,1,1,1,1,0
0.00395753,1,1,1,1,1,1,1,1,0,1,1,1,1,1,1,1
0.00395754,1,1,1,1,1,1,1,1,1,1,1,1,1,1,1,1
0.00395755,1,1,0,0,1,1,1,1,0,1,0,0,1,0,0,0
0.00395756,0,1,0,0,1,0,0,0,0,1,0,0,1,0,0,0
0.0039576,1,1,1,1,1,1,1,0,0,1,0,0,1,0,0,0
0.00395763,0,1,0,0,1,0,0,0,0,1,0,0,1,0,0,0
0.00395769,0,1,1,0,1,0,0,0,0,1,0,0,1,0,0,0
0.0039577,0,1,0,0,1,0,0,0,0,1,0,0,1,0,0,0
0.00395796,1,1,0,1,1,0,0,0,0,1,0,0,1,0,0,0
0.00395797,1,1,1,1,1,0,0,0,0,1,0,0,1,0,0,0
0.00395798,1,1,1,1,1,1,1,1,0,1,0,0,1,0,0,0
0.00395803,0,1,0,0,0,0,0,0,0,1,0,0,1,0,0,0
0.00395807,1,1,1,1,0,1,1,0,0,1,0,0,1,0,0,0
0.00395809,1,1,1,1,0,1,1,1,0,1,0,0,1,0,0,0
0.00395811,1,1,1,1,0,1,1,0,0,1,0,0,1,0,0,0
0.00395812,0,1,1,0,0,0,0,0,0,1,0,0,1,0,0,0
0.00395813,0,1,0,0,0,0,0,0,0,1,0,0,1,0,0,0
0.00395814,0,1,1,0,0,0,0,0,0,1,0,0,1,0,0,0
0.00395815,1,1,1,1,0,1,0,0,0,1,0,0,1,0,0,0
0.00395817,1,1,1,1,0,1,1,0,0,1,0,0,1,0,0,0
0.00395819,1,1,1,1,0,1,0,0,0,1,0,0,1,0,0,0
0.0039582,0,1,1,1,0,0,0,0,0,1,0,0,1,0,0,0
0.00395821,0,1,1,0,0,0,0,0,0,1,0,0,1,0,0,0
0.00395822,1,1,1,0,0,0,0,0,0,1,0,0,1,0,0,0
0.00395823,1,1,1,1,0,0,0,0,0,1,0,0,1,0,0,0
0.00395824,1,1,1,1,0,1,0,0,0,1,0,0,1,0,0,0
0.00395826,1,1,1,1,0,0,0,0,0,1,0,0,1,0,0,0
0.00395829,0,1,1,1,0,0,0,0,0,1,0,0,1,0,0,0
0.00395832,1,1,1,1,0,0,0,0,0,1,0,0,1,0,0,0
0.00395834,0,1,1,1,0,0,0,0,0,1,0,0,1,0,0,0
0.00395835,1,1,1,1,0,0,0,0,0,1,0,0,1,0,0,0
0.00395836,1,1,1,0,0,0,0,0,0,1,0,0,1,0,0,0
0.00395837,0,1,1,0,0,0,0,0,0,1,0,0,1,0,0,0
0.00395838,0,1,1,1,0,0,0,0,0,1,0,0,1,0,0,0
0.00395839,0,1,1,0,0,0,0,0,0,1,0,0,1,0,0,0
0.00395841,0,1,1,1,0,0,0,0,0,1,0,0,1,0,0,0
0.00395842,1,1,1,1,0,0,0,0,0,1,0,0,1,0,0,0
0.00395844,0,1,1,0,0,0,0,0,0,1,0,0,1,0,0,0
0.00395851,0,1,1,1,0,0,0,0,0,1,0,0,1,0,0,0
0.00395852,0,1,1,0,0,0,0,0,0,1,0,0,1,0,0,0
0.00395886,0,1,0,0,0,0,0,0,0,1,0,0,1,0,0,0
0.00395887,0,1,1,0,0,0,0,0,0,1,0,0,1,0,0,0
0.00395889,0,1,0,0,0,0,0,0,0,1,0,0,1,0,0,0
0.0039589,0,1,1,0,0,0,0,0,0,1,0,0,1,0,0,0
0.00395893,0,1,0,1,0,0,0,0,0,1,0,0,1,0,0,0
0.00395895,1,1,1,1,0,1,1,1,0,1,0,0,1,0,0,0
0.00395896,1,1,1,1,1,1,1,1,0,1,0,0,1,0,0,0
0.00395901,1,0,0,0,1,0,0,0,0,1,0,0,1,0,0,0
0.00395905,1,0,1,1,1,1,1,0,0,1,0,0,1,0,0,0
0.00395907,1,0,1,1,1,1,1,1,0,1,0,0,1,0,0,0
0.00395908,1,0,1,1,1,1,1,0,0,1,0,0,1,0,0,0
0.00395909,1,0,1,1,1,0,0,0,0,1,0,0,1,0,0,0
0.0039591,1,0,0,0,1,0,0,0,0,1,0,0,1,0,0,0
0.00395913,1,0,1,1,1,0,0,0,0,1,0,0,1,0,0,0
0.00395914,1,0,1,1,1,1,0,0,0,1,0,0,1,0,0,0
0.00395915,1,0,1,1,1,0,0,0,0,1,0,0,1,0,0,0
0.00395918,1,0,1,0,1,0,0,0,0,1,0,0,1,0,0,0
0.00395922,1,0,1,1,1,0,0,0,0,1,0,0,1,0,0,0
0.00395924,1,0,1,0,1,0,0,0,0,1,0,0,1,0,0,0
0.00395938,1,0,1,0,1,0,0,0,0,0,0,0,1,0,0,0
0.00395939,1,0,1,0,1,0,0,0,1,0,0,0,1,0,0,0
0.00395944,1,0,1,1,1,0,0,0,1,0,0,0,1,0,0,0
0.00395945,1,0,1,0,1,0,0,0,1,0,0,0,1,0,0,0
0.00395946,1,0,1,0,1,0,0,0,0,0,0,0,1,0,0,0
0.00395947,1,0,0,0,1,0,0,0,1,0,0,0,1,0,0,0
0.00395948,1,0,1,0,1,0,0,0,1,0,0,0,1,0,0,0
0.00395949,1,0,0,0,1,0,0,0,1,0,0,0,1,0,0,0
0.0039595,1,0,1,0,1,0,0,0,1,0,0,0,1,0,0,0
0.00395955,1,0,0,0,1,0,0,0,1,0,0,0,1,0,0,0
0.00395957,1,0,1,0,1,0,0,0,1,0,0,0,1,0,0,0
0.00395966,1,0,0,0,1,0,0,0,1,0,0,0,1,0,0,0
0.00395968,1,0,1,0,1,0,0,0,1,0,0,0,1,0,0,0
0.00395969,1,0,0,0,1,0,0,0,1,0,0,0,1,0,0,0
0.00395971,1,0,1,0,1,0,0,0,1,0,0,0,1,0,0,0
0.00395972,1,0,0,0,1,0,0,0,1,0,0,0,1,0,0,0
0.00395982,1,0,1,0,1,0,0,0,1,0,0,0,1,0,0,0
0.00395983,1,0,0,0,1,0,0,0,1,0,0,0,1,0,0,0
0.00395986,1,0,1,0,1,0,0,0,1,0,0,0,1,0,0,0
0.00395987,1,0,0,0,1,0,0,0,1,0,0,0,1,0,0,0
0.00395991,1,1,0,0,1,0,0,0,1,0,0,0,1,0,0,0
0.00395992,1,0,1,1,1,0,0,0,1,0,0,0,1,0,0,0
0.00395993,1,1,1,1,1,0,0,0,1,0,0,0,1,0,0,0
0.00395996,1,1,1,1,1,1,1,1,1,0,0,0,1,0,0,0
0.00395997,1,1,1,1,0,1,1,1,1,0,0,0,1,0,0,0
0.00395998,0,1,0,0,0,0,0,0,1,0,0,0,1,0,0,0
0.00396002,0,1,1,1,0,0,0,0,1,0,0,0,1,0,0,0
0.00396003,0,1,1,1,0,1,1,0,1,0,0,0,1,0,0,0
0.00396005,0,1,1,1,0,1,0,0,1,0,0,0,1,0,0,0
0.00396006,0,1,0,0,0,0,0,0,1,0,0,0,1,0,0,0
0.00396011,0,1,1,0,0,0,0,0,1,0,0,0,1,0,0,0
0.00396014,0,1,0,0,0,0,0,0,1,0,0,0,1,0,0,0
0.00396091,0,1,0,1,0,0,0,0,1,0,0,0,1,0,0,0
0.00396092,1,1,1,1,1,0,1,1,1,0,0,0,1,0,0,0
0.00396094,1,1,1,1,1,1,1,1,1,0,0,0,1,0,0,0
0.00396097,0,1,0,0,0,0,1,0,1,0,0,0,1,0,0,0
0.00396101,0,1,1,1,0,1,1,0,1,0,0,0,1,0,0,0
0.00396102,1,1,1,1,0,1,1,0,1,0,0,0,1,0,0,0
0.00396104,0,1,1,1,0,1,1,0,1,0,0,0,1,0,0,0
0.00396105,0,1,0,0,0,0,1,0,1,0,0,0,1,0,0,0
0.0039611,0,1,1,0,0,0,1,0,1,0,0,0,1,0,0,0
0.00396112,0,1,0,0,0,0,1,0,1,0,0,0,1,0,0,0
0.00396133,0,1,0,0,0,0,1,0,0,0,0,0,0,0,0,0
0.00396134,0,1,0,0,0,0,1,0,0,1,0,0,0,0,1,0
0.00396185,1,1,0,0,0,0,1,0,0,1,0,0,0,0,1,0
0.00396186,1,1,1,1,0,1,1,0,0,1,0,0,0,0,1,0
0.00396187,1,0,1,1,0,0,0,0,0,1,0,0,0,0,1,0
0.00396188,0,0,0,0,0,0,0,0,0,1,0,0,0,0,1,0
0.00396189,0,0,0,0,0,1,1,1,0,1,0,0,0,0,1,0
0.0039619,1,0,1,1,0,0,0,0,0,1,0,0,0,0,1,0
0.00396192,0,0,0,0,0,0,0,0,0,1,0,0,0,0,1,0
0.00396196,0,0,1,0,0,0,0,0,0,1,0,0,0,0,1,0
0.00396197,0,0,0,0,0,0,0,0,0,1,0,0,0,0,1,0
0.00396231,0,1,1,1,0,0,0,0,0,1,0,0,0,0,1,0
0.00396234,0,1,1,1,0,1,0,0,0,1,0,0,0,0,1,0
0.00396235,0,1,1,1,0,0,0,0,0,1,0,0,0,0,1,0
0.00396277,0,1,1,1,0,1,0,0,0,1,0,0,0,0,1,0
0.00396278,0,0,1,1,0,1,0,1,0,1,0,0,0,0,1,0
0.00396279,0,0,1,1,0,0,0,0,0,1,0,0,0,0,1,0
0.00396283,0,0,1,1,0,1,0,0,0,1,0,0,0,0,1,0
0.00396284,0,0,1,1,0,0,0,0,0,1,0,0,0,0,1,0
0.00396287,0,0,1,1,0,1,0,0,0,1,0,0,0,0,1,0
0.00396288,1,1,1,1,1,1,1,1,0,1,0,0,0,0,1,0
0.00396291,0,1,1,0,1,0,0,0,0,1,0,0,0,0,1,0
0.00396295,1,0,1,1,1,1,1,1,0,1,0,0,0,0,1,0
0.00396296,0,0,1,0,1,1,0,0,0,1,0,0,0,0,1,0
0.00396297,0,0,1,0,1,0,0,0,0,1,0,0,0,0,1,0
0.00396329,0,0,1,0,1,0,0,0,0,0,0,0,0,0,0,0
0.0039633,0,0,1,0,1,0,0,0,0,0,1,0,1,0,0,0
0.00396337,0,0,1,1,1,0,0,0,0,0,1,0,1,0,0,0
0.00396338,0,0,1,1,1,0,0,0,0,0,1,1,1,0,0,0
0.0039634,1,0,1,1,1,1,1,1,0,0,1,1,1,0,0,0
0.00396341,0,0,1,0,1,1,1,1,0,0,1,0,1,0,0,0
0.00396342,0,0,1,0,1,0,0,0,0,0,1,0,1,0,0,0
0.00396381,1,0,1,0,1,0,0,0,0,0,1,0,1,0,0,0
0.00396382,1,1,1,1,1,0,0,0,0,0,1,0,1,0,0,0
0.00396384,1,1,1,1,1,0,1,1,0,0,1,0,1,0,0,0
0.00396386,1,1,1,1,1,1,1,1,0,0,1,0,1,0,0,0
0.00396389,1,0,0,1,0,1,1,0,0,0,1,0,1,0,0,0
0.0039639,1,0,0,0,0,0,1,0,0,0,1,0,1,0,0,0
0.00396394,1,0,0,1,0,1,1,0,0,0,1,0,1,0,0,0
0.00396395,1,0,1,1,0,1,1,0,0,0,1,0,1,0,0,0
0.00396397,1,0,0,0,0,0,1,0,0,0,1,0,1,0,0,0
0.0039648,1,1,1,1,0,0,1,0,0,0,1,0,1,0,0,0
0.00396482,1,1,1,1,1,0,1,0,0,0,1,0,1,0,0,0
0.00396483,1,1,1,1,1,1,1,0,0,0,1,0,1,0,0,0
0.00396485,1,1,1,1,1,1,1,1,0,0,1,0,1,0,0,0
0.00396486,1,1,1,1,0,1,1,1,0,0,1,0,1,0,0,0
0.00396487,1,1,0,1,0,0,0,0,0,0,1,0,1,0,0,0
0.00396491,1,1,1,1,0,1,0,0,0,0,1,0,1,0,0,0
0.00396493,1,1,0,1,0,0,0,0,0,0,1,0,1,0,0,0
0.0039658,1,1,1,1,1,1,1,1,0,0,1,0,1,0,0,0
0.00396583,1,1,1,1,0,1,1,1,0,0,1,0,1,0,0,0
0.00396584,1,1,1,0,0,0,0,1,0,0,1,0,1,0,0,0
0.00396621,1,1,1,0,0,0,0,1,0,0,1,0,0,0,0,0
0.00396622,1,1,1,0,0,0,0,1,1,1,1,0,0,0,0,1
0.00396677,1,1,1,1,0,1,0,1,1,1,1,0,0,0,0,1
0.00396679,1,1,1,1,1,1,1,1,1,1,1,0,0,0,0,1
0.0039668,1,0,1,1,0,1,1,1,1,1,1,0,0,0,0,1
0.00396681,1,0,0,0,0,0,1,0,1,1,1,0,0,0,0,1
0.00396774,1,1,0,1,0,0,1,0,1,1,1,0,0,0,0,1
0.00396776,1,1,1,1,0,0,0,0,1,1,1,0,0,0,0,1
0.00396777,1,1,0,1,0,0,0,0,1,1,1,0,0,0,0,1
0.00396779,1,1,1,1,1,1,1,1,1,1,1,0,0,0,0,1
0.00396782,1,1,1,0,0,1,0,1,1,1,1,0,0,0,0,1
0.00396783,1,1,1,0,0,0,0,1,1,1,1,0,0,0,0,1
0.00396784,1,0,1,0,0,0,0,1,1,1,1,0,0,0,0,1
0.00396817,1,0,1,0,0,0,0,1,1,0,1,0,0,0,0,1
0.0039687,1,1,1,1,0,0,0,1,1,0,1,0,0,0,0,1
0.00396871,1,0,1,1,1,1,1,1,1,0,1,0,0,0,0,1
0.00396872,1,1,1,1,1,1,1,1,1,0,1,0,0,0,0,1
0.00396873,1,0,0,0,0,0,1,0,1,0,1,0,0,0,0,1
0.00396969,1,0,1,0,0,0,1,0,1,0,1,0,0,0,0,1
0.0039697,1,0,1,1,0,0,1,1,1,0,1,0,0,0,0,1
0.00396971,1,1,1,1,1,1,1,1,1,0,1,0,0,0,0,1
0.00396974,1,1,0,1,1,0,0,0,1,0,1,0,0,0,0,1
0.00396975,1,1,0,0,1,0,0,0,1,0,1,0,0,0,0,1
0.00396976,1,1,1,1,1,0,0,1,1,0,1,0,0,0,0,1
0.00396977,1,1,1,1,0,1,1,1,1,0,1,0,0,0,0,1
0.00396978,1,1,0,1,0,1,1,1,1,0,1,0,0,0,0,1
0.00396979,1,0,0,1,0,1,1,1,1,0,1,0,0,0,0,1
0.0039698,0,0,0,1,0,1,1,1,1,0,1,0,0,0,0,1
0.00396981,0,0,0,1,0,0,0,1,1,0,1,0,0,0,0,1
0.00396985,0,0,0,1,0,1,1,1,1,0,1,0,0,0,0,1
0.00396988,0,0,0,1,0,0,0,1,1,0,1,0,0,0,0,1
0.00396993,0,0,0,1,0,1,0,1,1,0,1,0,0,0,0,1
0.00396995,0,0,0,1,0,0,0,1,1,0,1,0,0,0,0,1
0.00397012,0,0,0,1,0,0,0,1,0,0,0,0,0,0,0,0
0.00397013,0,0,0,1,0,0,0,1,0,0,0,1,0,0,0,1
0.0039702,0,0,0,1,0,0,0,1,0,0,0,1,0,0,0,0
0.00397021,0,0,0,1,0,0,0,1,0,0,0,1,0,0,0,1
0.00397065,1,1,0,1,0,0,0,1,0,0,0,1,0,0,0,1
0.00397066,0,1,0,1,0,1,0,1,0,0,0,1,0,0,0,1
0.00397067,0,0,1,1,0,1,1,1,0,0,0,1,0,0,0,1
0.00397068,1,1,1,1,0,0,0,1,0,0,0,1,0,0,0,1
0.0039707,1,1,1,1,0,1,1,1,0,0,0,1,0,0,0,1
0.00397071,1,1,0,1,0,1,1,1,0,0,0,1,0,0,0,1
0.00397072,1,1,0,1,0,0,0,0,0,0,0,1,0,0,0,1
0.00397077,1,1,0,1,0,1,1,0,0,0,0,1,0,0,0,1
0.00397078,1,1,0,1,0,1,0,0,0,0,0,1,0,0,0,1
0.00397079,1,1,0,1,0,0,0,0,0,0,0,1,0,0,0,1
0.00397169,1,1,0,1,1,0,0,1,0,0,0,1,0,0,0,1
0.00397171,1,1,0,0,0,1,1,1,0,0,0,1,0,0,0,1
0.00397172,1,1,0,0,0,0,1,1,0,0,0,1,0,0,0,1
0.00397173,1,1,0,0,0,0,0,1,0,0,0,1,0,0,0,1
0.00397207,1,1,0,0,0,0,0,1,0,0,0,0,0,0,0,0
0.00397208,1,1,0,0,0,0,0,1,1,1,0,0,0,0,0,1
0.00397215,1,1,0,0,0,0,0,1,0,1,0,0,0,0,0,0
0.00397216,1,1,0,0,0,0,0,1,1,1,0,0,0,0,0,1
0.0039726,1,1,1,1,0,0,0,1,1,1,0,0,0,0,0,1
0.00397261,1,1,1,1,1,1,0,1,1,1,0,0,0,0,0,1
0.00397262,1,1,1,1,1,1,1,0,1,1,0,0,0,0,0,1
0.00397263,1,1,0,1,0,0,0,0,1,1,0,0,0,0,0,1
0.00397268,1,1,0,1,0,1,0,0,1,1,0,0,0,0,0,1
0.00397269,1,1,0,1,0,0,0,0,1,1,0,0,0,0,0,1
0.00397361,1,1,0,1,1,1,1,1,1,1,0,0,0,0,0,1
0.00397362,1,1,1,1,1,1,1,1,1,1,0,0,0,0,0,1
0.00397365,0,1,0,1,1,0,0,0,1,1,0,0,0,0,0,1
0.00397367,0,1,0,1,1,1,0,0,1,1,0,0,0,0,0,1
0.00397368,0,0,1,1,1,1,1,0,1,1,0,0,0,0,0,1
0.00397369,0,0,1,1,1,1,1,1,1,1,0,0,0,0,0,1
0.0039737,0,0,0,1,1,1,0,0,1,1,0,0,0,0,0,1
0.00397403,0,0,0,1,1,1,0,0,0,0,0,0,0,0,0,0
0.00397404,0,0,0,1,1,1,0,0,0,0,0,1,1,1,0,0
0.00397456,1,1,1,1,1,1,1,1,0,0,0,1,1,1,0,0
0.00397458,1,0,1,0,0,0,1,0,0,0,0,1,1,1,0,0
0.00397459,1,0,0,0,0,0,1,0,0,0,0,1,1,1,0,0
0.00397463,1,0,1,0,0,0,1,0,0,0,0,1,1,1,0,0
0.00397465,1,0,0,0,0,0,1,0,0,0,0,1,1,1,0,0
0.00397553,1,1,0,1,0,0,1,0,0,0,0,1,1,1,0,0
0.00397555,1,1,1,1,0,0,0,0,0,0,0,1,1,1,0,0
0.00397556,1,1,0,1,0,0,0,0,0,0,0,1,1,1,0,0
0.00397654,1,1,0,1,0,0,1,0,0,0,0,1,1,1,0,0
0.00397655,1,1,1,1,0,1,1,1,0,0,0,1,1,1,0,0
0.00397658,1,1,1,1,1,1,1,1,0,0,0,1,1,1,0,0
0.00397749,1,1,0,1,0,0,1,0,0,0,0,1,1,1,0,0
0.00397752,1,1,1,1,1,1,1,1,0,0,0,1,1,1,0,0
0.00397755,1,0,1,1,1,0,1,0,0,0,0,1,1,1,0,0
0.00397756,0,0,1,1,1,0,1,0,0,0,0,1,1,1,0,0
0.00397757,1,1,1,1,1,1,1,1,0,0,0,1,1,1,0,0
0.00397762,0,0,1,0,1,0,0,0,0,0,0,1,1,1,0,0
0.00397767,1,0,1,0,1,0,0,0,0,0,0,1,1,1,0,0
0.00397768,1,0,1,0,1,0,0,1,0,0,0,1,1,1,0,0
0.00397769,0,0,1,0,1,0,0,0,0,0,0,1,1,1,0,0
0.00397793,0,0,1,0,1,0,0,0,0,0,0,0,1,0,0,0
0.00397795,0,0,1,0,1,0,0,0,0,0,1,0,1,0,0,0
0.00397846,1,1,1,1,1,0,0,0,0,0,1,0,1,0,0,0
0.00397847,1,1,1,0,1,0,0,0,0,0,1,0,1,0,0,0
0.00397848,1,1,1,0,1,1,1,1,0,0,1,0,1,0,0,0
0.00397849,1,1,1,1,1,1,1,1,0,0,1,0,1,0,0,0
0.00397951,0,0,0,0,0,0,0,1,0,0,1,0,1,0,0,0
0.00397955,0,0,0,0,0,1,0,1,0,0,1,0,1,0,0,0
0.00397956,1,0,0,1,0,1,0,1,0,0,1,0,1,0,0,0
0.00397957,1,1,1,1,0,1,1,1,0,0,1,0,1,0,0,0
0.00397959,1,0,0,1,0,0,0,1,0,0,1,0,1,0,0,0
0.0039796,0,0,0,0,0,0,0,1,0,0,1,0,1,0,0,0
0.00397964,0,0,0,1,0,0,0,1,0,0,1,0,1,0,0,0
0.00397965,0,0,0,0,0,0,0,1,0,0,1,0,1,0,0,0
0.00397966,0,0,0,1,0,0,0,1,0,0,1,0,1,0,0,0
0.00397967,0,0,0,0,0,0,0,1,0,0,1,0,1,0,0,0
0.00398043,0,1,0,0,0,0,0,1,0,0,1,0,1,0,0,0
0.00398044,1,1,1,1,1,0,0,1,0,0,1,0,1,0,0,0
0.00398045,1,1,1,1,1,1,1,1,0,0,1,0,1,0,0,0
0.00398049,0,1,0,0,1,0,0,0,0,0,1,0,1,0,0,0
0.00398053,1,1,1,1,1,1,1,0,0,0,1,0,1,0,0,0
0.00398058,0,1,1,0,1,0,0,0,0,0,1,0,1,0,0,0
0.00398059,0,1,0,0,1,0,0,0,0,0,1,0,1,0,0,0
0.0039806,0,1,1,0,1,0,0,0,0,0,1,0,1,0,0,0
0.00398061,1,1,1,1,1,1,0,0,0,0,1,0,1,0,0,0
0.00398062,1,1,1,1,1,1,1,0,0,0,1,0,1,0,0,0
0.00398064,1,1,1,1,1,1,0,0,0,0,1,0,1,0,0,0
0.00398067,1,1,1,1,1,0,0,0,0,0,1,0,1,0,0,0
0.00398069,1,1,1,1,1,1,0,0,0,0,1,0,1,0,0,0
0.00398074,1,1,1,1,1,0,0,0,0,0,1,0,1,0,0,0
0.00398075,1,1,1,1,1,1,0,0,0,0,1,0,1,0,0,0
0.00398076,1,1,1,1,1,0,0,0,0,0,1,0,1,0,0,0
0.00398084,1,1,1,1,1,1,0,0,0,0,1,0,1,0,0,0
0.00398085,1,1,1,1,1,0,0,0,0,0,1,0,1,0,0,0
0.00398086,1,1,1,1,1,1,0,0,0,0,0,0,1,0,0,0
0.00398087,1,1,1,1,1,1,0,0,0,1,0,0,1,0,0,0
0.00398088,1,1,1,1,1,0,0,0,0,1,0,0,1,0,0,0
0.00398089,0,1,1,0,1,0,0,0,0,1,0,0,1,0,0,0
0.00398091,1,1,1,1,1,0,0,0,0,1,0,0,1,0,0,0
0.00398092,1,1,1,1,1,1,0,0,0,1,0,0,1,0,0,0
0.00398093,1,1,1,1,1,1,0,0,0,0,0,0,0,0,0,0
0.00398094,1,1,1,1,1,0,0,0,0,1,0,0,1,0,0,0
0.00398095,0,1,1,0,1,0,0,0,0,1,0,0,1,0,0,0
0.00398098,1,1,1,1,1,0,0,0,0,1,0,0,1,0,0,0
0.003981,1,1,1,1,1,1,0,0,0,1,0,0,1,0,0,0
0.00398101,1,1,1,1,1,0,0,0,0,1,0,0,1,0,0,0
0.00398103,0,1,1,0,1,0,0,0,0,1,0,0,1,0,0,0
0.00398106,1,1,1,1,1,0,0,0,0,1,0,0,1,0,0,0
0.00398108,0,1,1,1,1,0,0,0,0,1,0,0,1,0,0,0
0.0039811,0,1,1,0,1,0,0,0,0,1,0,0,1,0,0,0
0.00398114,0,1,1,1,1,0,0,0,0,1,0,0,1,0,0,0
0.00398115,0,1,1,0,1,0,0,0,0,1,0,0,1,0,0,0
0.0039813,0,1,1,1,1,0,0,0,0,1,0,0,1,0,0,0
0.00398131,0,1,1,0,1,0,0,0,0,1,0,0,1,0,0,0
0.00398132,0,1,0,0,1,0,0,0,0,1,0,0,1,0,0,0
0.00398133,0,1,1,0,1,0,0,0,0,1,0,0,1,0,0,0
0.00398135,0,1,0,0,1,0,0,0,0,1,0,0,1,0,0,0
0.00398137,0,1,1,1,1,0,0,0,0,1,0,0,1,0,0,0
0.00398138,0,1,0,0,1,0,0,0,0,1,0,0,1,0,0,0
0.00398139,0,1,0,1,1,0,0,0,0,1,0,0,1,0,0,0
0.0039814,1,1,1,1,1,0,0,0,0,1,0,0,1,0,0,0
0.00398141,1,1,1,1,1,1,1,0,0,1,0,0,1,0,0,0
0.00398142,1,1,1,1,1,1,1,1,0,1,0,0,1,0,0,0
0.00398146,0,0,0,0,0,1,0,0,0,1,0,0,1,0,0,0
0.0039815,1,0,1,1,0,1,1,0,0,1,0,0,1,0,0,0
0.00398152,1,1,1,1,0,1,1,1,0,1,0,0,1,0,0,0
0.00398154,1,0,1,1,0,1,1,0,0,1,0,0,1,0,0,0
0.00398155,0,0,1,0,0,1,0,0,0,1,0,0,1,0,0,0
0.00398156,0,0,0,0,0,1,0,0,0,1,0,0,1,0,0,0
0.00398157,0,0,1,0,0,1,0,0,0,1,0,0,1,0,0,0
0.00398158,1,0,1,1,0,1,0,0,0,1,0,0,1,0,0,0
0.00398159,1,0,1,1,0,1,1,0,0,1,0,0,1,0,0,0
0.00398163,1,0,1,1,0,1,0,0,0,1,0,0,1,0,0,0
0.00398164,0,0,1,1,0,1,0,0,0,1,0,0,1,0,0,0
0.00398165,1,0,1,1,0,1,0,0,0,1,0,0,1,0,0,0
0.00398167,1,0,1,1,0,1,1,0,0,1,0,0,1,0,0,0
0.00398171,1,0,1,1,0,1,0,0,0,1,0,0,1,0,0,0
0.0039818,0,0,1,1,0,1,0,0,0,1,0,0,1,0,0,0
0.00398181,1,0,1,1,0,1,0,0,0,1,0,0,1,0,0,0
0.00398182,0,0,1,1,0,1,0,0,0,1,0,0,1,0,0,0
0.00398184,1,0,1,1,0,1,0,0,0,1,0,0,1,0,0,0
0.00398186,1,0,1,1,0,1,1,0,0,1,0,0,1,0,0,0
0.00398187,1,0,1,1,0,1,0,0,0,1,0,0,1,0,0,0
0.00398188,0,0,1,1,0,1,0,0,0,1,0,0,1,0,0,0
0.00398191,1,0,1,1,0,1,0,0,0,1,0,0,1,0,0,0
0.00398192,0,0,1,1,0,1,0,0,0,1,0,0,1,0,0,0
0.00398195,1,0,1,1,0,1,0,0,0,1,0,0,1,0,0,0
0.00398196,0,0,1,1,0,1,0,0,0,1,0,0,1,0,0,0
0.00398197,1,0,1,1,0,1,0,0,0,1,0,0,1,0,0,0
0.00398198,0,0,1,1,0,1,0,0,0,1,0,0,1,0,0,0
0.00398204,1,0,1,1,0,1,0,0,0,1,0,0,1,0,0,0
0.00398205,0,0,1,1,0,1,0,0,0,1,0,0,1,0,0,0
0.00398211,1,0,1,1,0,1,0,0,0,1,0,0,1,0,0,0
0.00398212,0,0,1,1,0,1,0,0,0,1,0,0,1,0,0,0
0.00398223,0,0,1,0,0,1,0,0,0,1,0,0,1,0,0,0
0.00398228,0,0,1,1,0,1,0,0,0,1,0,0,1,0,0,0
0.00398229,0,0,1,0,0,1,0,0,0,1,0,0,1,0,0,0
0.0039823,0,0,1,1,0,1,0,0,0,1,0,0,1,0,0,0
0.00398231,0,0,1,0,0,1,0,0,0,1,0,0,1,0,0,0
0.00398232,0,0,0,0,0,1,0,0,0,1,0,0,1,0,0,0
0.00398233,0,0,1,1,0,1,0,0,0,1,0,0,1,0,0,0
0.00398234,0,0,1,0,0,1,0,0,0,1,0,0,1,0,0,0
0.00398236,1,0,1,1,0,1,0,0,0,1,0,0,1,0,0,0
0.00398237,1,1,1,1,1,1,0,0,0,1,0,0,1,0,0,0
0.00398238,1,1,1,1,1,1,1,1,0,1,0,0,1,0,0,0
0.0039824,1,1,1,1,1,1,1,0,0,1,0,0,1,0,0,0
0.00398243,1,1,1,1,1,1,1,1,0,1,0,0,1,0,0,0
0.00398244,1,1,1,1,1,0,1,1,0,1,0,0,1,0,0,0
0.00398245,1,0,0,0,1,0,0,0,0,1,0,0,1,0,0,0
0.00398248,1,0,1,0,1,0,0,0,0,1,0,0,1,0,0,0
0.00398249,1,1,1,1,1,0,1,1,0,1,0,0,1,0,0,0
0.0039825,1,1,1,1,1,1,1,1,0,1,0,0,1,0,0,0
0.00398251,1,1,1,1,1,0,1,0,0,1,0,0,1,0,0,0
0.00398252,1,0,1,1,1,0,0,0,0,1,0,0,1,0,0,0
0.00398253,1,0,0,0,1,0,0,0,0,1,0,0,1,0,0,0
0.00398256,1,0,1,0,1,0,0,0,0,1,0,0,1,0,0,0
0.00398257,1,0,1,1,1,0,0,0,0,1,0,0,1,0,0,0
0.0039826,1,0,1,0,1,0,0,0,0,1,0,0,1,0,0,0
0.00398261,1,0,0,0,1,0,0,0,0,1,0,0,1,0,0,0
0.00398264,1,0,1,0,1,0,0,0,0,1,0,0,1,0,0,0
0.00398268,1,0,0,0,1,0,0,0,0,1,0,0,1,0,0,0
0.00398274,1,0,1,0,1,0,0,0,0,1,0,0,1,0,0,0
0.00398275,1,0,0,0,1,0,0,0,0,1,0,0,1,0,0,0
0.00398281,1,0,0,0,1,0,0,0,0,0,0,0,1,0,0,0
0.00398283,1,0,0,0,1,0,0,0,1,0,0,0,1,0,0,0
0.00398287,1,0,1,0,1,0,0,0,1,0,0,0,1,0,0,0
0.00398289,1,0,0,0,1,0,0,0,0,0,0,0,0,0,0,0
0.0039829,1,0,0,0,1,0,0,0,1,0,0,0,1,0,0,0
0.00398295,1,0,1,0,1,0,0,0,1,0,0,0,1,0,0,0
0.00398296,1,0,0,0,1,0,0,0,1,0,0,0,1,0,0,0
0.00398335,1,0,1,0,1,0,0,0,1,0,0,0,1,0,0,0
0.00398337,1,1,1,1,1,1,0,1,1,0,0,0,1,0,0,0
0.00398338,1,1,1,1,1,1,1,1,1,0,0,0,1,0,0,0
0.00398341,0,0,0,0,1,0,0,0,1,0,0,0,1,0,0,0
0.00398346,1,1,1,1,1,0,1,0,1,0,0,0,1,0,0,0
0.00398347,1,1,1,1,1,1,1,0,1,0,0,0,1,0,0,0
0.00398348,0,0,1,1,1,0,1,0,1,0,0,0,1,0,0,0
0.00398349,0,0,0,0,1,0,0,0,1,0,0,0,1,0,0,0
0.00398432,1,1,1,1,1,0,0,0,1,0,0,0,1,0,0,0
0.00398434,1,0,1,1,1,1,1,1,1,0,0,0,1,0,0,0
0.00398435,1,1,1,1,1,1,1,1,1,0,0,0,1,0,0,0
0.0039844,1,0,0,1,0,0,1,0,1,0,0,0,1,0,0,0
0.00398444,1,1,1,1,0,0,1,0,1,0,0,0,1,0,0,0
0.00398445,1,1,1,1,0,1,1,1,1,0,0,0,1,0,0,0
0.00398447,1,0,1,1,0,0,1,0,1,0,0,0,1,0,0,0
0.00398448,1,0,0,1,0,0,1,0,1,0,0,0,1,0,0,0
0.00398452,1,0,1,1,0,0,1,0,1,0,0,0,1,0,0,0
0.00398455,1,0,0,1,0,0,1,0,1,0,0,0,1,0,0,0
0.00398477,1,0,0,1,0,0,1,0,1,0,0,1,0,0,1,0
0.00398529,1,1,1,1,0,1,1,0,1,0,0,1,0,0,1,0
0.0039853,1,1,1,1,0,0,1,0,1,0,0,1,0,0,1,0
0.00398531,0,0,0,0,0,0,0,0,1,0,0,1,0,0,1,0
0.00398532,0,0,0,0,0,1,1,1,1,0,0,1,0,0,1,0
0.00398533,0,0,0,0,1,1,1,1,1,0,0,1,0,0,1,0
0.00398534,0,0,1,0,1,1,1,1,1,0,0,1,0,0,1,0
0.00398535,1,1,1,1,1,1,1,1,1,0,0,1,0,0,1,0
0.00398537,0,0,0,0,1,1,1,1,1,0,0,1,0,0,1,0
0.0039862,0,0,1,0,1,1,1,1,1,0,0,1,0,0,1,0
0.00398622,0,0,0,0,1,1,1,1,1,0,0,1,0,0,1,0
0.00398626,1,1,1,0,1,1,1,1,1,0,0,1,0,0,1,0
0.00398627,0,0,0,0,1,1,1,1,1,0,0,1,0,0,1,0
0.0039863,1,0,0,0,1,1,1,1,1,0,0,1,0,0,1,0
0.00398631,1,1,1,1,1,1,1,1,1,0,0,1,0,0,1,0
0.00398634,0,0,0,1,1,0,1,0,1,0,0,1,0,0,1,0
0.00398638,0,0,1,1,1,0,1,0,1,0,0,1,0,0,1,0
0.00398639,1,1,1,1,1,0,1,0,1,0,0,1,0,0,1,0
0.0039864,1,1,1,1,1,1,1,1,1,0,0,1,0,0,1,0
0.00398641,1,1,1,0,1,0,0,0,1,0,0,1,0,0,1,0
0.00398642,0,0,1,0,1,0,0,0,1,0,0,1,0,0,1,0
0.00398646,1,1,1,0,1,1,0,0,1,0,0,1,0,0,1,0
0.00398648,0,0,1,0,1,0,0,0,1,0,0,1,0,0,1,0
0.00398672,0,0,1,0,1,0,0,0,0,0,0,0,0,0,0,0
0.00398673,0,0,1,0,1,0,0,0,0,0,1,0,1,0,0,0
0.00398725,1,1,1,0,1,0,0,0,0,0,1,0,1,0,0,0
0.00398727,1,1,1,1,1,1,1,1,0,0,1,0,1,0,0,0
0.00398732,1,1,1,1,0,1,1,0,0,0,1,0,1,0,0,0
0.00398733,0,0,1,1,0,0,0,0,0,0,1,0,1,0,0,0
0.00398737,1,1,1,1,0,1,0,0,0,0,1,0,1,0,0,0
0.00398738,1,1,1,1,0,1,1,0,0,0,1,0,1,0,0,0
0.00398739,1,1,1,1,0,1,0,0,0,0,1,0,1,0,0,0
0.0039874,0,0,1,1,0,0,0,0,0,0,1,0,1,0,0,0
0.00398823,1,1,1,1,0,0,0,0,0,0,1,0,1,0,0,0
0.00398824,1,1,1,1,0,1,1,1,0,0,1,0,1,0,0,0
0.00398825,1,1,1,1,1,1,1,0,0,0,1,0,1,0,0,0
0.00398826,1,1,1,1,1,1,1,1,0,0,1,0,1,0,0,0
0.0039883,0,1,0,0,0,0,0,0,0,0,1,0,1,0,0,0
0.00398834,1,1,0,0,0,1,0,0,0,0,1,0,1,0,0,0
0.00398835,1,1,1,0,0,1,0,0,0,0,1,0,1,0,0,0
0.00398836,1,1,1,1,0,1,1,0,0,0,1,0,1,0,0,0
0.00398838,1,1,1,0,0,0,0,0,0,0,1,0,1,0,0,0
0.00398839,0,1,0,0,0,0,0,0,0,0,1,0,1,0,0,0
0.00398923,1,1,1,1,1,1,1,0,0,0,1,0,1,0,0,0
0.00398924,1,1,1,1,1,1,1,1,0,0,1,0,1,0,0,0
0.00398928,1,1,1,0,0,0,0,1,0,0,1,0,1,0,0,0
0.00398932,1,1,1,1,0,1,1,1,0,0,1,0,1,0,0,0
0.00398933,1,1,1,1,1,1,1,1,0,0,1,0,1,0,0,0
0.00398934,1,1,1,0,0,1,0,1,0,0,1,0,1,0,0,0
0.00398935,1,1,1,0,0,0,0,1,0,0,1,0,1,0,0,0
0.00398965,1,1,1,0,0,0,0,1,0,1,1,0,0,0,0,0
0.00398966,1,1,1,0,0,0,0,1,1,1,1,0,0,0,0,1
0.00399019,1,1,1,1,0,1,1,1,1,1,1,0,0,0,0,1
0.0039902,1,1,1,1,1,1,1,1,1,1,1,0,0,0,0,1
0.00399023,0,0,1,1,1,1,1,1,1,1,1,0,0,0,0,1
0.00399024,0,0,1,1,0,0,0,0,1,1,1,0,0,0,0,1
0.00399029,0,0,1,1,0,1,1,0,1,1,1,0,0,0,0,1
0.00399031,0,0,1,1,0,0,0,0,1,1,1,0,0,0,0,1
0.00399118,1,1,1,1,0,0,1,0,1,1,1,0,0,0,0,1
0.00399119,1,1,0,0,0,1,1,1,1,1,1,0,0,0,0,1
0.0039912,0,1,0,0,0,0,0,0,1,1,1,0,0,0,0,1
0.00399122,0,1,0,1,1,1,0,0,1,1,1,0,0,0,0,1
0.00399123,1,1,1,1,1,1,1,1,1,1,1,0,0,0,0,1
0.00399126,1,1,1,1,1,0,0,1,1,1,1,0,0,0,0,1
0.00399128,1,1,1,1,0,0,0,1,1,1,1,0,0,0,0,1
0.00399129,1,0,1,0,0,1,1,1,1,1,1,0,0,0,0,1
0.0039913,1,0,1,0,0,0,0,1,1,1,1,0,0,0,0,1
0.00399134,1,0,1,0,0,1,0,1,1,1,1,0,0,0,0,1
0.00399135,1,0,1,0,0,0,0,1,1,1,1,0,0,0,0,1
0.0039916,1,0,1,0,0,0,0,1,1,0,1,0,0,0,0,0
0.00399161,1,0,1,0,0,0,0,1,1,0,1,0,0,0,0,1
0.00399213,1,0,1,1,0,0,0,1,1,0,1,0,0,0,0,1
0.00399214,1,0,1,1,1,1,0,1,1,0,1,0,0,0,0,1
0.00399215,1,1,1,1,1,1,1,1,1,0,1,0,0,0,0,1
0.00399216,0,0,1,1,0,0,0,0,1,0,1,0,0,0,0,1
0.00399312,1,0,1,1,0,0,0,1,1,0,1,0,0,0,0,1
0.00399314,1,1,1,1,1,1,1,1,1,0,1,0,0,0,0,1
0.00399317,1,1,0,1,1,0,1,0,1,0,1,0,0,0,0,1
0.0039932,1,1,1,1,1,1,1,1,1,0,1,0,0,0,0,1
0.00399325,0,0,0,1,0,0,0,1,1,0,1,0,0,0,0,1
0.0039933,1,0,1,1,0,1,0,1,1,0,1,0,0,0,0,1
0.00399331,0,0,1,1,0,1,0,1,1,0,1,0,0,0,0,1
0.00399332,0,0,0,1,0,0,0,1,1,0,1,0,0,0,0,1
0.00399355,0,0,0,1,0,0,0,1,0,0,0,0,0,0,0,0
0.00399356,0,0,0,1,0,0,0,1,0,0,0,0,0,0,0,1
0.00399357,0,0,0,1,0,0,0,1,0,0,0,1,0,0,0,1
0.00399363,0,0,0,1,0,0,0,1,0,0,0,0,0,0,0,0
0.00399364,0,0,0,1,0,0,0,1,0,0,0,1,0,0,0,1
0.00399408,1,1,0,1,0,0,0,1,0,0,0,1,0,0,0,1
0.0039941,0,0,1,1,0,1,1,1,0,0,0,1,0,0,0,1
0.00399411,1,1,1,1,1,1,1,1,0,0,0,1,0,0,0,1
0.00399415,0,1,1,0,1,1,1,0,0,0,0,1,0,0,0,1
0.00399416,0,1,0,0,0,0,0,0,0,0,0,1,0,0,0,1
0.0039942,0,1,1,0,0,1,0,0,0,0,0,1,0,0,0,1
0.00399421,1,1,1,0,0,1,1,0,0,0,0,1,0,0,0,1
0.00399423,1,1,1,0,0,1,0,0,0,0,0,1,0,0,0,1
0.00399424,0,1,0,0,0,0,0,0,0,0,0,1,0,0,0,1
0.00399428,0,1,1,0,0,0,0,0,0,0,0,1,0,0,0,1
0.00399432,0,1,0,0,0,0,0,0,0,0,0,1,0,0,0,1
0.00399512,1,1,1,1,1,0,0,0,0,0,0,1,0,0,0,1
0.00399513,1,1,1,1,1,0,1,1,0,0,0,1,0,0,0,1
0.00399514,1,1,1,1,1,1,1,1,0,0,0,1,0,0,0,1
0.00399517,1,1,0,1,1,0,1,1,0,0,0,1,0,0,0,1
0.00399519,1,1,1,0,0,0,0,1,0,0,0,1,0,0,0,1
0.0039952,1,1,0,0,0,0,0,1,0,0,0,1,0,0,0,1
0.00399524,1,1,1,1,1,1,1,1,0,0,0,1,0,0,0,1
0.00399525,1,1,1,1,0,1,1,1,0,0,0,1,0,0,0,1
0.00399526,1,1,1,0,0,0,0,1,0,0,0,1,0,0,0,1
0.00399527,1,1,0,0,0,0,0,1,0,0,0,1,0,0,0,1
0.00399551,1,1,0,0,0,0,0,1,0,0,0,0,0,0,0,1
0.00399552,1,1,0,0,0,0,0,1,1,1,0,0,0,0,0,1
0.00399558,1,1,0,0,0,0,0,1,0,0,0,0,0,0,0,0
0.00399559,1,1,0,0,0,0,0,1,1,1,0,0,0,0,0,1
0.00399603,1,1,1,1,0,0,0,1,1,1,0,0,0,0,0,1
0.00399604,1,1,1,1,1,1,1,1,1,1,0,0,0,0,0,1
0.00399607,0,1,0,0,0,0,0,0,1,1,0,0,0,0,0,1
0.00399612,0,1,1,0,0,1,1,0,1,1,0,0,0,0,0,1
0.00399614,0,1,0,0,0,0,0,0,1,1,0,0,0,0,0,1
0.00399704,0,1,0,0,0,1,0,0,1,1,0,0,0,0,0,1
0.00399705,1,1,1,1,1,1,1,1,1,1,0,0,0,0,0,1
0.00399711,1,1,1,1,1,1,1,0,1,1,0,0,0,0,0,1
0.00399712,1,1,0,1,1,1,0,1,1,1,0,0,0,0,0,1
0.00399713,1,1,0,1,1,1,0,0,1,1,0,0,0,0,0,1
0.00399716,1,0,0,1,1,1,1,1,1,1,0,0,0,0,0,1
0.00399717,1,0,0,1,1,1,0,0,1,1,0,0,0,0,0,1
0.00399746,1,0,0,1,1,1,0,0,1,0,0,0,0,0,0,0
0.00399747,1,0,0,1,1,1,0,0,1,0,0,1,1,1,0,0
0.00399799,1,1,1,1,1,1,0,0,1,0,0,1,1,1,0,0
0.003998,1,1,1,1,1,1,1,1,1,0,0,1,1,1,0,0
0.00399801,0,1,1,1,0,0,1,1,1,0,0,1,1,1,0,0
0.00399802,0,0,1,1,0,0,0,0,1,0,0,1,1,1,0,0
0.00399897,1,1,1,1,0,0,0,0,1,0,0,1,1,1,0,0
0.00399898,0,1,0,0,0,1,1,1,1,0,0,1,1,1,0,0
0.00399899,0,1,0,0,0,0,0,0,1,0,0,1,1,1,0,0
0.00399997,0,1,0,0,0,1,1,0,1,0,0,1,1,1,0,0
0.00399998,0,1,1,0,0,1,1,1,1,0,0,1,1,1,0,0
0.00399999,0,1,1,1,1,1,1,1,1,0,0,1,1,1,0,0
0.004,1,1,1,1,1,1,1,1,1,0,0,1,1,1,0,0
0.00400092,1,1,1,1,0,0,0,0,1,0,0,1,1,1,0,0
0.00400093,0,1,1,1,0,0,0,0,1,0,0,1,1,1,0,0
0.00400095,1,1,1,1,1,1,1,1,1,0,0,1,1,1,0,0
0.00400098,1,1,1,0,1,1,1,1,1,0,0,1,1,1,0,0
0.00400099,0,1,0,0,1,0,0,0,1,0,0,1,1,1,0,0
0.00400104,0,1,0,0,1,1,1,0,1,0,0,1,1,1,0,0
0.00400106,0,1,0,0,1,0,0,0,1,0,0,1,1,1,0,0
0.00400136,0,1,0,0,1,0,0,0,1,0,0,0,1,0,0,0
0.00400137,0,1,0,0,1,0,0,0,0,0,0,0,1,0,0,0
0.00400138,0,1,0,0,1,0,0,0,0,1,0,0,1,0,0,0
0.00400144,0,1,0,0,1,0,0,0,0,1,0,0,0,0,0,0
0.00400145,0,1,1,1,1,0,0,0,0,1,0,0,1,0,0,0
0.00400146,0,1,1,1,1,0,0,0,0,1,1,1,1,0,0,0
0.00400147,1,1,1,1,1,1,1,1,0,1,1,1,1,0,0,0
0.00400148,1,1,0,0,1,1,1,1,0,1,0,0,1,0,0,0
0.00400149,0,1,0,0,1,0,0,0,0,1,0,0,1,0,0,0
0.00400154,0,1,0,0,1,1,1,0,0,1,0,0,1,0,0,0
0.00400156,0,1,0,0,1,0,0,0,0,1,0,0,1,0,0,0
0.0040019,1,1,0,0,1,0,0,0,0,1,0,0,1,0,0,0
0.00400191,0,1,1,0,1,1,1,1,0,1,0,0,1,0,0,0
0.00400192,1,1,1,1,1,1,1,1,0,1,0,0,1,0,0,0
0.00400196,1,0,1,1,1,1,1,1,0,1,0,0,1,0,0,0
0.00400197,0,0,0,0,1,0,0,0,0,1,0,0,1,0,0,0
0.00400201,0,0,0,0,1,1,0,0,0,1,0,0,1,0,0,0
0.00400202,1,0,1,1,1,1,1,0,0,1,0,0,1,0,0,0
0.00400203,1,1,1,1,1,1,1,1,0,1,0,0,1,0,0,0
0.00400204,1,0,1,1,1,1,1,0,0,1,0,0,1,0,0,0
0.00400205,0,0,1,0,1,0,0,0,0,1,0,0,1,0,0,0
0.00400206,0,0,0,0,1,0,0,0,0,1,0,0,1,0,0,0
0.0040021,0,0,1,0,1,0,0,0,0,1,0,0,1,0,0,0
0.00400213,0,0,0,0,1,0,0,0,0,1,0,0,1,0,0,0
0.00400287,1,1,1,1,1,0,0,0,0,1,0,0,1,0,0,0
0.00400288,1,1,1,1,1,0,0,1,0,1,0,0,1,0,0,0
0.00400289,1,1,1,1,1,1,1,1,0,1,0,0,1,0,0,0
0.00400295,1,0,0,0,1,0,0,0,0,1,0,0,1,0,0,0
0.00400299,1,1,1,1,1,1,1,1,0,1,0,0,1,0,0,0
0.00400302,1,1,1,1,1,1,1,0,0,1,0,0,1,0,0,0
0.00400303,1,0,1,0,1,0,0,0,0,1,0,0,1,0,0,0
0.00400304,1,0,0,0,1,0,0,0,0,1,0,0,1,0,0,0
0.00400307,1,0,1,1,1,0,0,0,0,1,0,0,1,0,0,0
0.00400308,1,1,1,1,1,1,0,0,0,1,0,0,1,0,0,0
0.00400309,1,0,1,1,1,0,0,0,0,1,0,0,1,0,0,0
0.0040031,1,0,1,0,1,0,0,0,0,1,0,0,1,0,0,0
0.00400312,1,0,0,0,1,0,0,0,0,1,0,0,1,0,0,0
0.00400314,1,0,1,0,1,0,0,0,0,1,0,0,1,0,0,0
0.00400319,1,0,0,0,1,0,0,0,0,1,0,0,1,0,0,0
0.00400323,1,0,1,0,1,0,0,0,0,1,0,0,1,0,0,0
0.00400325,1,0,0,0,1,0,0,0,0,1,0,0,1,0,0,0
0.00400326,1,0,1,0,1,0,0,0,0,1,0,0,1,0,0,0
0.00400327,1,0,0,0,1,0,0,0,0,1,0,0,1,0,0,0
0.00400331,1,0,1,0,1,0,0,0,0,1,0,0,1,0,0,0
0.00400332,1,0,1,0,1,0,0,0,0,0,0,0,1,0,0,0
0.00400333,1,0,0,0,1,0,0,0,1,0,0,0,1,0,0,0
0.00400337,1,0,1,0,1,0,0,0,1,0,0,0,1,0,0,0
0.00400339,1,0,1,0,1,0,0,0,0,0,0,0,0,0,0,0
0.0040034,1,0,0,0,1,0,0,0,1,0,0,0,1,0,0,0
0.00400345,1,0,1,0,1,0,0,0,1,0,0,0,1,0,0,0
0.00400347,1,0,0,0,1,0,0,0,1,0,0,0,1,0,0,0
0.00400387,1,1,1,1,1,1,1,1,1,0,0,0,1,0,0,0
0.00400391,0,1,1,1,0,1,1,0,1,0,0,0,1,0,0,0
0.00400392,0,0,0,0,0,1,0,0,1,0,0,0,1,0,0,0
0.00400397,0,1,1,1,0,1,1,0,1,0,0,0,1,0,0,0
0.00400399,0,0,1,1,0,1,1,0,1,0,0,0,1,0,0,0
0.004004,0,0,0,0,0,1,0,0,1,0,0,0,1,0,0,0
0.00400405,0,0,1,0,0,1,0,0,1,0,0,0,1,0,0,0
0.00400407,0,0,0,0,0,1,0,0,1,0,0,0,1,0,0,0
0.00400483,1,1,1,1,0,1,0,0,1,0,0,0,1,0,0,0
0.00400484,0,1,1,1,0,1,1,1,1,0,0,0,1,0,0,0
0.00400485,1,1,1,1,1,1,1,1,1,0,0,0,1,0,0,0
0.0040049,1,1,1,1,0,0,1,0,1,0,0,0,1,0,0,0
0.00400491,1,0,0,1,0,0,1,0,1,0,0,0,1,0,0,0
0.00400494,1,0,1,1,0,0,1,0,1,0,0,0,1,0,0,0
0.00400495,1,1,1,1,0,1,1,1,1,0,0,0,1,0,0,0
0.00400497,1,1,1,1,0,0,1,0,1,0,0,0,1,0,0,0
0.00400498,1,0,1,1,0,0,1,0,1,0,0,0,1,0,0,0
0.00400499,1,0,0,1,0,0,1,0,1,0,0,0,1,0,0,0
0.00400502,1,0,1,1,0,0,1,0,1,0,0,0,1,0,0,0
0.00400505,1,0,0,1,0,0,1,0,1,0,0,0,1,0,0,0
0.00400527,1,0,0,1,0,0,1,0,1,0,0,1,0,0,1,0
0.00400579,1,0,1,1,0,1,1,0,1,0,0,1,0,0,1,0
0.0040058,1,1,1,1,0,1,1,0,1,0,0,1,0,0,1,0
0.00400581,0,0,1,0,0,0,0,0,1,0,0,1,0,0,1,0
0.00400582,0,0,0,0,0,0,0,0,1,0,0,1,0,0,1,0
0.00400583,0,0,0,0,1,0,0,0,1,0,0,1,0,0,1,0
0.00400585,0,0,1,0,1,0,0,0,1,0,0,1,0,0,1,0
0.00400586,0,1,1,1,1,1,0,1,1,0,0,1,0,0,1,0
0.00400587,0,1,1,0,1,0,0,0,1,0,0,1,0,0,1,0
0.00400588,0,0,0,0,1,0,0,0,1,0,0,1,0,0,1,0
0.00400676,0,0,1,0,1,0,0,0,1,0,0,1,0,0,1,0
0.00400678,0,0,0,0,1,0,0,0,1,0,0,1,0,0,1,0
0.00400681,1,1,1,1,1,1,0,1,1,0,0,1,0,0,1,0
0.00400682,1,1,1,1,1,1,1,1,1,0,0,1,0,0,1,0
0.00400685,0,1,1,0,1,0,0,0,1,0,0,1,0,0,1,0
0.00400689,0,0,1,1,1,1,1,1,1,0,0,1,0,0,1,0
0.0040069,0,0,1,0,1,0,0,0,1,0,0,1,0,0,1,0
0.00400722,0,0,1,0,1,0,0,0,0,0,0,0,0,0,0,0
0.00400724,0,0,1,0,1,0,0,0,0,0,1,0,1,0,0,0
0.00400775,1,1,1,1,1,0,0,0,0,0,1,0,1,0,0,0
0.00400776,1,1,1,0,1,0,0,0,0,0,1,0,1,0,0,0
0.00400777,1,1,1,1,1,1,1,1,0,0,1,0,1,0,0,0
0.00400783,0,0,1,0,0,0,1,0,0,0,1,0,1,0,0,0
0.00400787,0,0,1,1,0,1,1,0,0,0,1,0,1,0,0,0
0.00400788,1,1,1,1,0,1,1,1,0,0,1,0,1,0,0,0
0.0040079,0,0,1,1,0,1,1,0,0,0,1,0,1,0,0,0
0.00400791,0,0,1,0,0,0,1,0,0,0,1,0,1,0,0,0
0.00400796,0,0,1,1,0,1,1,0,0,0,1,0,1,0,0,0
0.00400797,0,0,1,0,0,0,1,0,0,0,1,0,1,0,0,0
0.00400873,0,0,1,1,0,1,1,0,0,0,1,0,1,0,0,0
0.00400874,1,1,1,1,1,0,1,0,0,0,1,0,1,0,0,0
0.00400875,1,1,1,1,0,0,1,0,0,0,1,0,1,0,0,0
0.00400876,1,1,1,1,1,1,1,1,0,0,1,0,1,0,0,0
0.0040088,1,1,0,1,0,0,0,0,0,0,1,0,1,0,0,0
0.00400884,1,1,0,1,0,1,0,0,0,0,1,0,1,0,0,0
0.00400885,1,1,1,1,0,1,0,1,0,0,1,0,1,0,0,0
0.00400886,1,1,0,1,0,1,0,0,0,0,1,0,1,0,0,0
0.00400887,1,1,0,1,0,0,0,0,0,0,1,0,1,0,0,0
0.00400973,1,1,1,1,1,1,1,1,0,0,1,0,1,0,0,0
0.00400977,1,1,1,0,0,1,1,1,0,0,1,0,1,0,0,0
0.00400978,1,1,1,0,0,0,0,1,0,0,1,0,1,0,0,0
0.00400983,1,1,1,0,0,1,0,1,0,0,1,0,1,0,0,0
0.00400984,1,1,1,0,0,0,0,1,0,0,1,0,1,0,0,0
0.00401015,1,1,1,0,0,0,0,1,0,1,1,0,0,0,0,0
0.00401016,1,1,1,0,0,0,0,1,1,1,1,0,0,0,0,1
0.0040107,1,1,1,1,0,1,0,1,1,1,1,0,0,0,0,1
0.00401071,1,1,1,1,1,1,1,1,1,1,1,0,0,0,0,1
0.00401073,0,0,1,1,1,1,1,1,1,1,1,0,0,0,0,1
0.00401074,0,0,1,0,0,1,1,1,1,1,1,0,0,0,0,1
0.00401075,0,0,1,0,0,0,1,0,1,1,1,0,0,0,0,1
0.00401168,1,1,1,1,0,0,1,0,1,1,1,0,0,0,0,1
0.00401169,1,1,1,1,0,0,0,0,1,1,1,0,0,0,0,1
0.0040117,1,1,0,1,1,1,0,0,1,1,1,0,0,0,0,1
0.00401171,1,1,0,1,0,0,0,0,1,1,1,0,0,0,0,1
0.00401173,1,1,1,1,1,1,1,1,1,1,1,0,0,0,0,1
0.00401176,1,1,1,0,0,0,0,1,1,1,1,0,0,0,0,1
0.00401178,1,0,1,0,0,0,0,1,1,1,1,0,0,0,0,1
0.0040121,1,0,1,0,0,0,0,1,1,0,1,0,0,0,0,0
0.00401211,1,0,1,0,0,0,0,1,1,0,1,0,0,0,0,1
0.00401263,1,1,1,1,0,0,0,1,1,0,1,0,0,0,0,1
0.00401264,1,0,1,1,0,1,1,1,1,0,1,0,0,0,0,1
0.00401265,1,1,1,1,1,1,1,1,1,0,1,0,0,0,0,1
0.00401266,0,1,1,1,1,1,1,1,1,0,1,0,0,0,0,1
0.00401267,0,0,1,0,0,0,1,0,1,0,1,0,0,0,0,1
0.00401362,1,0,1,0,0,0,1,0,1,0,1,0,0,0,0,1
0.00401364,1,0,1,1,1,1,1,1,1,0,1,0,0,0,0,1
0.00401365,1,1,1,1,1,1,1,1,1,0,1,0,0,0,0,1
0.00401368,1,1,0,0,1,0,0,0,1,0,1,0,0,0,0,1
0.0040137,1,1,1,1,0,0,0,1,1,0,1,0,0,0,0,1
0.00401371,1,1,1,1,0,1,1,1,1,0,1,0,0,0,0,1
0.00401372,1,1,0,1,0,1,1,1,1,0,1,0,0,0,0,1
0.00401373,0,0,0,1,0,1,1,1,1,0,1,0,0,0,0,1
0.00401374,0,0,0,1,0,0,0,1,1,0,1,0,0,0,0,1
0.00401378,0,0,0,1,0,1,0,1,1,0,1,0,0,0,0,1
0.00401379,0,0,0,1,0,1,1,1,1,0,1,0,0,0,0,1
0.00401381,0,0,0,1,0,1,0,1,1,0,1,0,0,0,0,1
0.00401382,0,0,0,1,0,0,0,1,1,0,1,0,0,0,0,1
0.00401386,0,0,0,1,0,1,0,1,1,0,1,0,0,0,0,1
0.0040139,0,0,0,1,0,0,0,1,1,0,1,0,0,0,0,1
0.00401406,0,0,0,1,0,0,0,1,0,0,0,0,0,0,0,1
0.00401407,0,0,0,1,0,0,0,1,0,0,0,1,0,0,0,1
0.00401413,0,0,0,1,0,0,0,1,0,0,0,1,0,0,0,0
0.00401414,0,0,0,1,0,0,0,1,0,0,0,1,0,0,0,1
0.0040146,0,0,0,1,0,1,1,1,0,0,0,1,0,0,0,1
0.00401461,0,0,1,1,1,1,1,1,0,0,0,1,0,0,0,1
0.00401462,1,1,1,1,1,1,1,1,0,0,0,1,0,0,0,1
0.00401465,1,1,0,1,0,1,1,0,0,0,0,1,0,0,0,1
0.00401466,1,1,0,1,0,0,0,0,0,0,0,1,0,0,0,1
0.0040147,1,1,0,1,0,1,0,0,0,0,0,1,0,0,0,1
0.00401471,1,1,0,1,0,1,1,0,0,0,0,1,0,0,0,1
0.00401472,1,1,0,1,0,1,0,0,0,0,0,1,0,0,0,1
0.00401473,1,1,0,1,0,0,0,0,0,0,0,1,0,0,0,1
0.00401563,1,1,0,1,1,0,0,1,0,0,0,1,0,0,0,1
0.00401564,1,1,1,1,1,1,1,1,0,0,0,1,0,0,0,1
0.00401565,1,1,1,0,0,1,1,1,0,0,0,1,0,0,0,1
0.00401566,1,1,0,0,0,0,0,1,0,0,0,1,0,0,0,1
0.00401571,1,1,0,0,0,1,0,1,0,0,0,1,0,0,0,1
0.00401572,1,1,0,0,0,0,0,1,0,0,0,1,0,0,0,1
0.00401601,1,1,0,0,0,0,0,1,0,0,0,0,0,0,0,0
0.00401602,1,1,0,0,0,0,0,1,1,1,0,0,0,0,0,1
0.00401608,1,1,0,0,0,0,0,1,0,0,0,0,0,0,0,0
0.00401609,1,1,0,0,0,0,0,1,1,1,0,0,0,0,0,1
0.00401654,1,1,1,1,1,1,0,1,1,1,0,0,0,0,0,1
0.00401655,1,1,1,1,1,1,1,1,1,1,0,0,0,0,0,1
0.00401656,1,1,1,1,1,1,1,0,1,1,0,0,0,0,0,1
0.00401657,1,1,0,1,0,0,0,0,1,1,0,0,0,0,0,1
0.00401662,1,1,0,1,0,1,0,0,1,1,0,0,0,0,0,1
0.00401663,1,1,0,1,0,0,0,0,1,1,0,0,0,0,0,1
0.00401755,1,1,1,1,1,1,1,1,1,1,0,0,0,0,0,1
0.00401758,1,1,1,1,1,0,0,0,1,1,0,0,0,0,0,1
0.0040176,1,1,1,1,1,1,0,0,1,1,0,0,0,0,0,1
0.00401761,1,1,1,1,1,1,1,0,1,1,0,0,0,0,0,1
0.00401762,1,0,1,1,1,1,1,1,1,1,0,0,0,0,0,1
0.00401763,1,0,0,1,1,1,1,1,1,1,0,0,0,0,0,1
0.00401764,1,0,0,1,1,1,0,0,1,1,0,0,0,0,0,1
0.00401768,1,0,0,1,1,1,1,1,1,1,0,0,0,0,0,1
0.00401769,1,0,0,1,1,1,1,0,1,1,0,0,0,0,0,1
0.0040177,1,0,0,1,1,1,0,0,1,1,0,0,0,0,0,1
0.00401796,1,0,0,1,1,1,0,0,1,0,0,0,0,0,0,0
0.00401797,1,0,0,1,1,1,0,0,1,0,0,1,1,1,0,0
0.00401849,1,0,1,1,1,1,0,0,1,0,0,1,1,1,0,0
0.0040185,1,1,1,1,1,1,1,1,1,0,0,1,1,1,0,0
0.00401852,0,0,1,0,0,0,1,0,1,0,0,1,1,1,0,0
0.00401857,0,0,1,0,0,0,1,1,1,0,0,1,1,1,0,0
0.00401859,0,0,1,0,0,0,1,0,1,0,0,1,1,1,0,0
0.00401947,1,1,1,1,0,0,1,0,1,0,0,1,1,1,0,0
0.00401948,1,1,1,1,1,0,1,0,1,0,0,1,1,1,0,0
0.00401949,1,1,0,1,0,1,0,1,1,0,0,1,1,1,0,0
0.0040195,1,1,0,1,0,0,0,0,1,0,0,1,1,1,0,0
0.00402047,1,1,0,1,0,1,1,1,1,0,0,1,1,1,0,0
0.00402051,1,1,0,1,1,1,1,1,1,0,0,1,1,1,0,0
0.00402054,1,1,1,1,1,1,1,1,1,0,0,1,1,1,0,0
0.00402143,1,1,1,1,0,0,1,0,1,0,0,1,1,1,0,0
0.00402144,0,0,0,1,0,0,1,0,1,0,0,1,1,1,0,0
0.00402145,0,0,0,1,0,0,0,0,1,0,0,1,1,1,0,0
0.00402146,0,0,0,1,1,1,1,1,1,0,0,1,1,1,0,0
0.00402147,1,1,1,1,1,1,1,1,1,0,0,1,1,1,0,0
0.00402149,1,1,1,1,1,0,1,0,1,0,0,1,1,1,0,0
0.0040215,0,1,1,1,1,1,1,1,1,0,0,1,1,1,0,0
0.00402152,1,1,1,1,1,1,1,0,1,0,0,1,1,1,0,0
0.00402154,0,1,1,1,1,1,1,0,1,0,0,1,1,1,0,0
0.00402155,1,1,1,1,1,0,1,0,1,0,0,1,1,1,0,0
0.00402156,0,0,1,0,1,0,0,0,1,0,0,1,1,1,0,0
0.00402161,1,0,1,0,1,0,0,0,1,0,0,1,1,1,0,0
0.00402163,0,0,1,0,1,0,0,0,1,0,0,1,1,1,0,0
0.00402187,0,0,1,0,1,0,0,0,0,0,0,0,1,0,0,0
0.00402188,0,0,1,0,1,0,0,0,0,0,1,0,1,0,0,0
0.00402239,1,0,1,0,1,0,0,0,0,0,1,0,1,0,0,0
0.0040224,1,1,1,0,1,0,0,0,0,0,1,0,1,0,0,0
0.00402242,1,1,1,1,1,1,1,1,0,0,1,0,1,0,0,0
0.00402344,0,0,0,0,0,0,0,1,0,0,1,0,1,0,0,0
0.0040235,1,0,1,1,0,1,0,1,0,0,1,0,1,0,0,0
0.00402351,1,1,1,1,0,1,1,1,0,0,1,0,1,0,0,0
0.00402352,1,0,0,1,0,0,0,1,0,0,1,0,1,0,0,0
0.00402353,0,0,0,0,0,0,0,1,0,0,1,0,1,0,0,0
0.00402437,0,0,1,1,0,0,0,1,0,0,1,0,1,0,0,0
0.00402438,1,1,1,1,1,0,0,1,0,0,1,0,1,0,0,0
0.00402439,1,1,1,1,1,1,1,1,0,0,1,0,1,0,0,0
0.00402442,1,1,1,0,1,0,0,0,0,0,1,0,1,0,0,0
0.00402443,0,0,1,0,1,0,0,0,0,0,1,0,1,0,0,0
0.00402447,1,1,1,1,1,1,1,0,0,0,1,0,1,0,0,0
0.0040245,0,0,1,0,1,0,0,0,0,0,1,0,1,0,0,0
0.00402532,0,1,1,0,1,0,0,0,0,0,1,0,1,0,0,0
0.00402533,1,1,1,0,1,0,0,0,0,0,1,0,1,0,0,0
0.00402534,1,0,1,1,1,1,1,0,0,0,1,0,1,0,0,0
0.00402535,1,1,1,1,1,1,1,1,0,0,1,0,1,0,0,0
0.00402539,1,1,0,1,1,1,1,1,0,0,1,0,1,0,0,0
0.0040254,0,1,0,0,1,1,0,0,0,0,1,0,1,0,0,0
0.00402544,1,1,0,1,1,1,0,0,0,0,1,0,1,0,0,0
0.00402545,1,1,1,1,1,1,1,0,0,0,1,0,1,0,0,0
0.00402546,1,1,1,1,1,1,0,0,0,0,1,0,1,0,0,0
0.00402547,0,1,0,0,1,1,0,0,0,0,1,0,1,0,0,0
0.0040263,1,1,1,1,1,1,0,0,0,0,1,0,1,0,0,0
0.00402631,1,1,1,1,1,1,0,1,0,0,1,0,1,0,0,0
0.00402632,1,1,1,1,1,1,1,1,0,0,1,0,1,0,0,0
0.00402638,0,1,0,0,0,0,0,0,0,0,1,0,1,0,0,0
0.00402642,1,1,1,1,0,0,0,0,0,0,1,0,1,0,0,0
0.00402643,1,1,1,1,0,1,1,0,0,0,1,0,1,0,0,0
0.00402644,1,1,1,1,0,1,1,1,0,0,1,0,1,0,0,0
0.00402645,1,1,1,1,0,1,1,0,0,0,1,0,1,0,0,0
0.00402646,1,1,1,1,0,0,0,0,0,0,1,0,1,0,0,0
0.00402647,0,1,0,0,0,0,0,0,0,0,1,0,1,0,0,0
0.0040265,0,1,1,1,0,0,0,0,0,0,1,0,1,0,0,0
0.00402651,1,1,1,1,0,0,0,0,0,0,1,0,1,0,0,0
0.00402654,0,1,1,1,0,0,0,0,0,0,1,0,1,0,0,0
0.00402655,0,1,1,0,0,0,0,0,0,0,1,0,1,0,0,0
0.00402656,0,1,0,0,0,0,0,0,0,0,1,0,1,0,0,0
0.00402658,0,1,1,0,0,0,0,0,0,0,1,0,1,0,0,0
0.0040266,0,1,1,1,0,0,0,0,0,0,1,0,1,0,0,0
0.00402661,0,1,1,0,0,0,0,0,0,0,1,0,1,0,0,0
0.00402679,0,1,0,0,0,0,0,0,0,0,1,0,1,0,0,0
0.00402681,0,1,1,0,0,0,0,0,0,0,1,0,1,0,0,0
0.00402685,0,1,0,0,0,0,0,0,0,0,1,0,1,0,0,0
0.00402686,0,1,1,0,0,0,0,0,0,0,1,0,1,0,0,0
0.00402688,0,1,0,0,0,0,0,0,0,0,1,0,1,0,0,0
0.00402691,0,1,1,0,0,0,0,0,0,0,1,0,1,0,0,0
0.00402692,0,1,0,0,0,0,0,0,0,0,1,0,1,0,0,0
0.00402728,1,1,1,0,0,0,0,0,0,0,1,0,1,0,0,0
0.0040273,1,1,1,1,0,0,1,1,0,0,1,0,1,0,0,0
0.00402731,1,1,1,1,1,0,1,1,0,0,1,0,1,0,0,0
0.00402732,1,1,1,1,1,1,1,1,0,0,1,0,1,0,0,0
0.00402734,1,1,1,1,0,1,1,1,0,0,1,0,1,0,0,0
0.00402735,1,1,1,0,0,0,0,1,0,0,1,0,1,0,0,0
0.00402738,1,1,1,1,0,0,0,1,0,0,1,0,1,0,0,0
0.00402739,1,1,1,1,1,1,1,1,0,0,1,0,1,0,0,0
0.0040274,1,1,1,1,0,1,1,1,0,0,1,0,1,0,0,0
0.00402741,1,1,1,0,0,0,0,1,0,0,1,0,1,0,0,0
0.00402772,1,1,1,0,0,0,0,1,0,0,1,0,0,0,0,0
0.00402773,1,1,1,0,0,0,0,1,1,1,1,0,0,0,0,1
0.00402827,1,1,1,1,0,1,1,1,1,1,1,0,0,0,0,1
0.00402828,1,1,1,1,1,1,1,1,1,1,1,0,0,0,0,1
0.00402831,0,1,1,0,1,1,1,0,1,1,1,0,0,0,0,1
0.00402832,0,1,0,0,1,1,0,0,1,1,1,0,0,0,0,1
0.00402836,0,1,0,1,1,1,0,0,1,1,1,0,0,0,0,1
0.00402837,0,1,1,1,1,1,1,0,1,1,1,0,0,0,0,1
0.00402838,0,1,0,0,1,1,0,0,1,1,1,0,0,0,0,1
0.00402926,1,1,1,1,0,0,1,1,1,1,1,0,0,0,0,1
0.00402927,0,1,0,0,0,0,0,0,1,1,1,0,0,0,0,1
0.0040293,1,1,1,1,1,1,1,1,1,1,1,0,0,0,0,1
0.00402934,1,1,0,0,0,1,1,0,1,1,1,0,0,0,0,1
0.00402935,1,1,0,0,0,1,0,0,1,1,1,0,0,0,0,1
0.00402937,0,1,0,0,0,1,0,0,1,1,1,0,0,0,0,1
0.00402938,0,1,0,0,0,1,1,0,1,1,1,0,0,0,0,1
0.00402939,0,1,0,0,0,1,0,0,1,1,1,0,0,0,0,1
0.00402941,0,1,1,0,0,1,0,0,1,1,1,0,0,0,0,1
0.00402943,0,1,0,0,0,1,0,0,1,1,1,0,0,0,0,1
0.00402968,0,1,0,0,0,1,0,0,0,1,0,0,0,0,0,0
0.00402969,0,1,0,0,0,1,0,0,0,1,0,0,0,1,0,0
0.00403021,1,1,1,1,0,1,0,0,0,1,0,0,0,1,0,0
0.00403022,0,1,1,1,0,1,1,0,0,1,0,0,0,1,0,0
0.00403023,0,1,1,1,1,1,1,1,0,1,0,0,0,1,0,0
0.00403024,1,1,1,1,1,1,1,1,0,1,0,0,0,1,0,0
0.00403028,0,0,0,0,1,0,1,1,0,1,0,0,0,1,0,0
0.00403029,0,0,0,0,1,0,1,0,0,1,0,0,0,1,0,0
0.00403033,0,0,1,1,1,0,1,0,0,1,0,0,0,1,0,0
0.00403034,1,0,1,1,1,1,1,1,0,1,0,0,0,1,0,0
0.00403035,0,0,1,1,1,1,1,1,0,1,0,0,0,1,0,0
0.00403036,0,0,1,0,1,0,1,0,0,1,0,0,0,1,0,0
0.00403037,0,0,0,0,1,0,1,0,0,1,0,0,0,1,0,0
0.00403041,0,0,1,0,1,0,1,0,0,1,0,0,0,1,0,0
0.00403043,0,0,0,0,1,0,1,0,0,1,0,0,0,1,0,0
0.00403118,0,1,1,1,1,0,1,0,0,1,0,0,0,1,0,0
0.00403119,1,1,1,1,1,0,1,1,0,1,0,0,0,1,0,0
0.0040312,1,1,1,1,1,1,1,1,0,1,0,0,0,1,0,0
0.00403126,0,0,0,0,0,0,0,1,0,1,0,0,0,1,0,0
0.0040313,0,0,1,0,0,1,0,1,0,1,0,0,0,1,0,0
0.00403131,1,1,1,1,0,1,0,1,0,1,0,0,0,1,0,0
0.00403132,1,1,1,1,0,1,1,1,0,1,0,0,0,1,0,0
0.00403134,0,0,1,1,0,1,0,1,0,1,0,0,0,1,0,0
0.00403135,0,0,0,0,0,0,0,1,0,1,0,0,0,1,0,0
0.00403139,0,0,1,1,0,1,0,1,0,1,0,0,0,1,0,0
0.00403141,0,0,1,0,0,0,0,1,0,1,0,0,0,1,0,0
0.00403143,0,0,0,0,0,0,0,1,0,1,0,0,0,1,0,0
0.00403147,0,0,1,0,0,0,0,1,0,1,0,0,0,1,0,0
0.0040315,0,0,0,0,0,0,0,1,0,1,0,0,0,1,0,0
0.00403164,0,0,1,0,0,0,0,1,0,1,0,0,0,1,0,0
0.00403165,0,0,0,0,0,0,0,1,0,1,0,0,0,1,0,0
0.00403216,0,1,0,1,1,1,0,1,0,1,0,0,0,1,0,0
0.00403217,0,1,0,0,1,1,0,1,0,1,0,0,0,1,0,0
0.00403218,1,1,1,1,1,1,1,0,0,1,0,0,0,1,0,0
0.00403219,1,1,1,1,1,1,0,0,0,1,0,0,0,1,0,0
0.0040322,0,1,0,0,1,1,0,0,0,1,0,0,0,1,0,0
0.0040332,1,1,1,1,1,1,0,0,0,1,0,0,0,1,0,0
0.00403321,1,1,1,1,1,1,1,1,0,1,0,0,0,1,0,0
0.00403326,0,0,0,1,0,0,0,1,0,1,0,0,0,1,0,0
0.0040333,1,0,1,1,0,0,1,1,0,1,0,0,0,1,0,0
0.00403331,1,1,1,1,0,1,1,1,0,1,0,0,0,1,0,0
0.00403333,0,0,1,1,0,0,1,1,0,1,0,0,0,1,0,0
0.00403334,0,0,1,1,0,0,0,1,0,1,0,0,0,1,0,0
0.00403335,0,0,0,1,0,0,0,1,0,1,0,0,0,1,0,0
0.00403338,0,0,1,1,0,0,0,1,0,1,0,0,0,1,0,0
0.00403344,0,0,0,1,0,0,0,1,0,1,0,0,0,1,0,0
0.00403345,0,0,1,1,0,0,0,1,0,1,0,0,0,1,0,0
0.00403353,0,0,0,1,0,0,0,1,0,1,0,0,0,1,0,0
0.00403355,0,0,1,1,0,0,0,1,0,1,0,0,0,1,0,0
0.00403358,0,0,1,1,0,0,0,1,0,0,0,0,0,0,0,0
0.00403359,0,0,1,1,0,0,0,1,0,0,0,1,0,0,0,0
0.0040336,0,0,0,1,0,0,0,1,0,0,0,1,0,0,0,1
0.00403364,0,0,1,1,0,0,0,1,0,0,0,1,0,0,0,1
0.00403366,0,0,0,1,0,0,0,1,0,0,0,1,0,0,0,0
0.00403367,0,0,0,1,0,0,0,1,0,0,0,1,0,0,0,1
0.00403414,1,1,1,1,1,1,1,1,0,0,0,1,0,0,0,1
0.00403419,0,1,0,0,0,0,0,0,0,0,0,1,0,0,0,1
0.00403422,0,1,1,0,0,0,0,0,0,0,0,1,0,0,0,1
0.00403423,1,1,1,0,0,1,1,0,0,0,0,1,0,0,0,1
0.00403424,1,1,1,1,1,1,1,0,0,0,0,1,0,0,0,1
0.00403427,1,1,1,0,0,1,1,0,0,0,0,1,0,0,0,1
0.00403428,0,1,1,0,0,0,0,0,0,0,0,1,0,0,0,1
0.00403429,0,1,0,0,0,0,0,0,0,0,0,1,0,0,0,1
0.0040343,0,1,1,0,0,0,0,0,0,0,0,1,0,0,0,1
0.00403431,1,1,1,0,0,1,1,0,0,0,0,1,0,0,0,1
0.00403435,0,1,1,0,0,1,0,0,0,0,0,1,0,0,0,1
0.00403439,0,1,1,0,0,1,1,0,0,0,0,1,0,0,0,1
0.0040344,1,1,1,0,0,1,1,0,0,0,0,1,0,0,0,1
0.00403441,1,1,1,0,0,1,0,0,0,0,0,1,0,0,0,1
0.00403442,0,1,1,0,0,1,0,0,0,0,0,1,0,0,0,1
0.00403458,1,1,1,0,0,1,1,0,0,0,0,1,0,0,0,1
0.00403459,0,1,1,0,0,1,0,0,0,0,0,1,0,0,0,1
0.00403462,0,1,1,0,0,0,0,0,0,0,0,1,0,0,0,1
0.00403463,0,1,1,0,0,1,0,0,0,0,0,1,0,0,0,1
0.00403469,0,1,1,0,0,0,0,0,0,0,0,1,0,0,0,1
0.0040347,0,1,1,0,0,1,0,0,0,0,0,1,0,0,0,1
0.00403471,0,1,1,0,0,0,0,0,0,0,0,1,0,0,0,1
0.00403473,0,1,1,0,0,1,0,0,0,0,0,1,0,0,0,1
0.00403475,0,1,1,0,0,0,0,0,0,0,0,1,0,0,0,1
0.00403502,0,1,0,0,0,0,0,0,0,0,0,1,0,0,0,1
0.00403503,0,1,1,0,0,0,0,0,0,0,0,1,0,0,0,1
0.00403504,0,1,0,0,0,0,0,0,0,0,0,1,0,0,0,1
0.00403505,0,1,1,0,0,0,0,0,0,0,0,1,0,0,0,1
0.0040351,0,1,0,0,0,0,0,0,0,0,0,1,0,0,0,1
0.00403511,0,1,1,0,0,0,0,0,0,0,0,1,0,0,0,1
0.00403513,0,1,0,0,0,0,0,0,0,0,0,1,0,0,0,1
0.00403515,1,1,0,0,1,1,0,0,0,0,0,1,0,0,0,1
0.00403518,1,1,1,1,1,1,1,1,0,0,0,1,0,0,0,1
0.00403521,0,1,0,0,0,1,1,0,0,0,0,1,0,0,0,1
0.00403522,0,1,0,0,0,1,0,0,0,0,0,1,0,0,0,1
0.00403525,0,1,1,1,0,1,0,0,0,0,0,1,0,0,0,1
0.00403526,1,1,1,1,1,1,1,1,0,0,0,1,0,0,0,1
0.00403527,1,1,1,1,1,1,1,0,0,0,0,1,0,0,0,1
0.00403528,1,1,1,0,0,1,1,0,0,0,0,1,0,0,0,1
0.00403529,0,1,0,0,0,1,0,0,0,0,0,1,0,0,0,1
0.00403533,0,1,1,0,0,1,0,0,0,0,0,1,0,0,0,1
0.00403537,0,1,0,0,0,1,0,0,0,0,0,1,0,0,0,1
0.00403554,0,1,0,0,0,1,0,0,0,0,0,0,0,1,0,0
0.00403555,0,1,0,0,0,1,0,0,0,1,0,0,0,1,0,0
0.00403561,0,1,0,0,0,1,0,0,0,0,0,0,0,0,0,0
0.00403562,0,1,0,0,0,1,0,0,0,1,0,0,0,1,0,0
0.00403607,1,1,1,1,0,1,0,0,0,1,0,0,0,1,0,0
0.00403608,1,1,1,1,0,1,1,0,0,1,0,0,0,1,0,0
0.00403609,1,1,1,1,1,1,1,1,0,1,0,0,0,1,0,0
0.00403614,1,0,0,0,1,0,1,0,0,1,0,0,0,1,0,0
0.00403618,1,0,1,0,1,0,1,0,0,1,0,0,0,1,0,0
0.00403619,1,0,1,1,1,1,1,1,0,1,0,0,0,1,0,0
0.00403621,1,0,1,0,1,0,1,0,0,1,0,0,0,1,0,0
0.00403622,1,0,0,0,1,0,1,0,0,1,0,0,0,1,0,0
0.00403627,1,0,1,0,1,0,1,0,0,1,0,0,0,1,0,0
0.00403628,1,0,0,0,1,0,1,0,0,1,0,0,0,1,0,0
0.00403704,1,1,1,1,1,0,1,0,0,1,0,0,0,1,0,0
0.00403705,1,1,1,1,1,0,1,1,0,1,0,0,0,1,0,0
0.00403706,1,1,1,1,1,1,1,1,0,1,0,0,0,1,0,0
0.00403712,0,0,0,0,0,0,0,1,0,1,0,0,0,1,0,0
0.00403716,0,0,1,0,0,1,0,1,0,1,0,0,0,1,0,0
0.00403717,1,1,1,1,0,1,0,1,0,1,0,0,0,1,0,0
0.00403718,1,1,1,1,0,1,1,1,0,1,0,0,0,1,0,0
0.00403719,1,1,1,1,0,1,0,1,0,1,0,0,0,1,0,0
0.0040372,0,0,1,0,0,0,0,1,0,1,0,0,0,1,0,0
0.00403721,0,0,0,0,0,0,0,1,0,1,0,0,0,1,0,0
0.00403725,0,0,1,0,0,0,0,1,0,1,0,0,0,1,0,0
0.00403729,0,0,0,0,0,0,0,1,0,1,0,0,0,1,0,0
0.00403802,0,1,1,0,0,0,0,1,0,1,0,0,0,1,0,0
0.00403803,1,1,1,1,1,1,0,1,0,1,0,0,0,1,0,0
0.00403804,1,1,1,1,1,1,0,0,0,1,0,0,0,1,0,0
0.00403805,0,1,0,0,0,0,0,0,0,1,0,0,0,1,0,0
0.00403809,1,1,1,1,0,0,0,0,0,1,0,0,0,1,0,0
0.0040381,0,1,1,0,0,0,0,0,0,1,0,0,0,1,0,0
0.00403811,0,1,0,0,0,0,0,0,0,1,0,0,0,1,0,0
0.00403906,1,1,1,1,1,1,1,1,0,1,0,0,0,1,0,0
0.00403911,1,0,1,0,1,0,1,0,0,1,0,0,0,1,0,0
0.00403912,0,0,1,0,1,0,0,0,0,1,0,0,0,1,0,0
0.00403916,1,0,1,1,1,1,0,0,0,1,0,0,0,1,0,0
0.00403917,1,1,1,1,1,1,1,0,0,1,0,0,0,1,0,0
0.00403919,1,0,1,1,1,0,0,0,0,1,0,0,0,1,0,0
0.0040392,0,0,1,0,1,0,0,0,0,1,0,0,0,1,0,0
0.00403924,1,0,1,1,1,0,0,0,0,1,0,0,0,1,0,0
0.00403926,0,0,1,0,1,0,0,0,0,1,0,0,0,1,0,0
0.00403944,0,0,1,0,1,0,0,0,0,0,0,0,0,0,0,0
0.00403945,0,0,1,0,1,0,0,0,0,0,0,0,1,0,0,0
0.00403946,0,0,1,0,1,0,0,0,0,0,1,0,1,0,0,0
0.00403952,0,0,1,0,1,0,0,0,0,0,0,0,1,0,0,0
0.00403953,0,0,1,0,1,0,0,0,0,0,1,0,1,0,0,0
0.00403997,1,1,1,1,1,0,0,0,0,0,1,0,1,0,0,0
0.00403998,1,1,1,1,1,1,1,1,0,0,1,0,1,0,0,0
0.00404102,0,0,0,0,0,0,0,1,0,0,1,0,1,0,0,0
0.00404106,1,1,0,1,0,1,1,1,0,0,1,0,1,0,0,0
0.00404107,1,1,1,1,0,1,1,1,0,0,1,0,1,0,0,0
0.0040411,1,0,1,1,0,1,1,1,0,0,1,0,1,0,0,0
0.00404111,0,0,0,0,0,0,0,1,0,0,1,0,1,0,0,0
0.00404114,0,0,0,1,0,0,0,1,0,0,1,0,1,0,0,0
0.00404115,1,0,1,1,0,1,0,1,0,0,1,0,1,0,0,0
0.00404118,0,0,1,1,0,0,0,1,0,0,1,0,1,0,0,0
0.00404119,0,0,0,0,0,0,0,1,0,0,1,0,1,0,0,0
0.00404122,0,0,0,1,0,0,0,1,0,0,1,0,1,0,0,0
0.00404124,1,0,1,1,0,0,0,1,0,0,1,0,1,0,0,0
0.00404125,0,0,1,1,0,0,0,1,0,0,1,0,1,0,0,0
0.00404126,0,0,0,1,0,0,0,1,0,0,1,0,1,0,0,0
0.00404135,0,0,0,0,0,0,0,1,0,0,1,0,1,0,0,0
0.00404137,0,0,0,1,0,0,0,1,0,0,1,0,1,0,0,0
0.00404139,0,0,1,1,0,0,0,1,0,0,1,0,1,0,0,0
0.0040414,0,0,0,1,0,0,0,1,0,0,1,0,1,0,0,0
0.00404142,0,0,1,1,0,0,0,1,0,0,1,0,1,0,0,0
0.00404143,0,0,0,1,0,0,0,1,0,0,1,0,1,0,0,0
0.00404144,0,0,0,0,0,0,0,1,0,0,1,0,1,0,0,0
0.00404145,0,0,0,1,0,0,0,1,0,0,1,0,1,0,0,0
0.00404149,0,0,0,0,0,0,0,1,0,0,1,0,1,0,0,0
0.00404151,0,0,0,1,0,0,0,1,0,0,1,0,1,0,0,0
0.00404153,0,0,0,0,0,0,0,1,0,0,1,0,1,0,0,0
0.00404156,0,0,0,1,0,0,0,1,0,0,1,0,1,0,0,0
0.00404157,0,0,0,0,0,0,0,1,0,0,1,0,1,0,0,0
0.00404192,1,1,1,1,0,0,0,1,0,0,1,0,1,0,0,0
0.00404193,1,1,1,1,1,0,0,1,0,0,1,0,1,0,0,0
0.00404194,1,1,1,1,1,1,1,1,0,0,1,0,1,0,0,0
0.004042,0,1,1,1,1,1,1,0,0,0,1,0,1,0,0,0
0.00404201,0,1,0,1,1,1,0,0,0,0,1,0,1,0,0,0
0.00404204,1,1,1,1,1,1,1,0,0,0,1,0,1,0,0,0
0.00404207,0,1,0,1,1,1,0,0,0,0,1,0,1,0,0,0
0.00404212,1,1,1,1,1,1,0,0,0,0,1,0,1,0,0,0
0.00404213,0,1,1,1,1,1,0,0,0,0,1,0,1,0,0,0
0.00404214,0,1,0,1,1,1,0,0,0,0,1,0,1,0,0,0
0.00404237,0,1,0,1,1,1,0,0,0,0,0,0,1,0,0,0
0.00404238,0,1,0,1,1,1,0,0,0,1,0,1,1,1,0,0
0.00404292,1,1,1,1,1,1,1,1,0,1,0,1,1,1,0,0
0.00404296,1,0,1,1,1,1,1,1,0,1,0,1,1,1,0,0
0.00404297,0,0,0,0,1,0,1,0,0,1,0,1,1,1,0,0
0.00404301,1,0,1,1,1,1,1,0,0,1,0,1,1,1,0,0
0.00404302,1,1,1,1,1,1,1,0,0,1,0,1,1,1,0,0
0.00404304,1,0,1,1,1,0,1,0,0,1,0,1,1,1,0,0
0.00404305,0,0,0,0,1,0,1,0,0,1,0,1,1,1,0,0
0.00404309,0,0,1,0,1,0,1,0,0,1,0,1,1,1,0,0
0.00404313,0,0,0,0,1,0,1,0,0,1,0,1,1,1,0,0
0.00404317,0,0,1,0,1,0,1,0,0,1,0,1,1,1,0,0
0.0040432,0,0,0,0,1,0,1,0,0,1,0,1,1,1,0,0
0.00404388,1,1,1,1,1,0,1,0,0,1,0,1,1,1,0,0
0.00404389,1,1,1,1,1,0,1,1,0,1,0,1,1,1,0,0
0.0040439,1,1,1,1,1,1,1,1,0,1,0,1,1,1,0,0
0.00404395,0,0,0,0,0,0,0,1,0,1,0,1,1,1,0,0
0.00404399,1,1,1,1,0,1,0,1,0,1,0,1,1,1,0,0
0.00404401,1,1,1,1,0,1,1,1,0,1,0,1,1,1,0,0
0.00404402,1,1,1,1,0,1,0,1,0,1,0,1,1,1,0,0
0.00404404,0,0,1,0,0,0,0,1,0,1,0,1,1,1,0,0
0.00404405,0,0,0,0,0,0,0,1,0,1,0,1,1,1,0,0
0.00404407,0,0,1,0,0,0,0,1,0,1,0,1,1,1,0,0
0.00404408,1,0,1,1,0,1,0,1,0,1,0,1,1,1,0,0
0.0040441,0,0,1,1,0,1,0,1,0,1,0,1,1,1,0,0
0.00404411,0,0,1,1,0,0,0,1,0,1,0,1,1,1,0,0
0.00404413,0,0,1,0,0,0,0,1,0,1,0,1,1,1,0,0
0.00404416,0,0,1,1,0,0,0,1,0,1,0,1,1,1,0,0
0.0040442,0,0,1,0,0,0,0,1,0,1,0,1,1,1,0,0
0.00404448,0,0,0,0,0,0,0,1,0,1,0,1,1,1,0,0
0.00404449,0,0,1,0,0,0,0,1,0,1,0,1,1,1,0,0
0.00404452,0,0,0,0,0,0,0,1,0,1,0,1,1,1,0,0
0.00404454,0,0,1,0,0,0,0,1,0,1,0,1,1,1,0,0
0.00404456,0,0,0,0,0,0,0,1,0,1,0,1,1,1,0,0
0.00404485,1,0,1,0,0,0,0,1,0,1,0,1,1,1,0,0
0.00404486,1,0,1,1,0,0,0,1,0,1,0,1,1,1,0,0
0.00404487,0,1,1,1,0,1,1,1,0,1,0,1,1,1,0,0
0.00404488,1,1,1,1,1,1,1,1,0,1,0,1,1,1,0,0
0.00404492,1,1,1,1,1,1,1,0,0,1,0,1,1,1,0,0
0.00404493,0,1,0,0,1,1,1,0,0,1,0,1,1,1,0,0
0.00404494,0,1,0,0,1,1,0,0,0,1,0,1,1,1,0,0
0.00404497,1,1,1,1,1,1,0,0,0,1,0,1,1,1,0,0
0.00404499,1,1,1,1,1,1,1,0,0,1,0,1,1,1,0,0
0.004045,1,1,1,1,1,1,0,0,0,1,0,1,1,1,0,0
0.00404501,0,1,1,0,1,1,0,0,0,1,0,1,1,1,0,0
0.00404502,0,1,0,0,1,1,0,0,0,1,0,1,1,1,0,0
0.00404504,0,1,1,0,1,1,0,0,0,1,0,1,1,1,0,0
0.00404505,1,1,1,1,1,1,0,0,0,1,0,1,1,1,0,0
0.00404509,0,1,1,0,1,1,0,0,0,1,0,1,1,1,0,0
0.00404513,0,1,1,1,1,1,0,0,0,1,0,1,1,1,0,0
0.00404515,0,1,1,0,1,1,0,0,0,1,0,1,1,1,0,0
0.00404534,0,1,0,0,1,1,0,0,0,1,0,1,1,1,0,0
0.00404535,0,1,1,0,1,1,0,0,0,1,0,1,1,1,0,0
0.00404539,0,1,0,0,1,1,0,0,0,1,0,1,1,1,0,0
0.00404582,0,1,1,0,1,1,0,0,0,1,0,1,1,1,0,0
0.00404583,1,1,1,1,1,1,0,0,0,1,0,1,1,1,0,0
0.00404586,0,1,0,0,1,1,0,0,0,1,0,1,1,1,0,0
0.00404589,1,1,0,0,1,1,0,0,0,1,0,1,1,1,0,0
0.0040459,1,1,0,0,1,1,1,0,0,1,0,1,1,1,0,0
0.00404591,1,1,1,1,1,1,1,1,0,1,0,1,1,1,0,0
0.00404592,1,0,1,1,1,0,1,1,0,1,0,1,1,1,0,0
0.00404593,1,0,0,0,1,0,1,0,0,1,0,1,1,1,0,0
0.00404596,1,0,1,1,1,0,1,0,0,1,0,1,1,1,0,0
0.00404599,1,0,1,0,1,0,1,0,0,1,0,1,1,1,0,0
0.004046,1,0,0,0,1,0,1,0,0,1,0,1,1,1,0,0
0.00404605,1,0,1,0,1,0,1,0,0,1,0,1,1,1,0,0
0.00404606,1,0,0,0,1,0,1,0,0,1,0,1,1,1,0,0
0.0040468,1,0,0,1,1,0,1,0,0,1,0,1,1,1,0,0
0.00404681,1,1,0,1,1,0,1,0,0,1,0,1,1,1,0,0
0.00404682,1,1,1,0,1,0,1,0,0,1,0,1,1,1,0,0
0.00404683,1,1,1,1,1,1,1,0,0,1,0,1,1,1,0,0
0.00404684,1,1,1,1,1,1,1,1,0,1,0,1,1,1,0,0
0.00404688,0,0,1,1,0,1,1,1,0,1,0,1,1,1,0,0
0.00404689,0,0,0,0,0,0,0,1,0,1,0,1,1,1,0,0
0.00404692,0,0,1,0,0,0,0,1,0,1,0,1,1,1,0,0
0.00404693,0,0,1,1,0,1,0,1,0,1,0,1,1,1,0,0
0.00404694,1,1,1,1,0,1,1,1,0,1,0,1,1,1,0,0
0.00404696,1,0,1,1,0,1,1,1,0,1,0,1,1,1,0,0
0.00404697,0,0,1,1,0,0,0,1,0,1,0,1,1,1,0,0
0.00404698,0,0,0,0,0,0,0,1,0,1,0,1,1,1,0,0
0.00404701,0,0,1,1,0,0,0,1,0,1,0,1,1,1,0,0
0.00404702,0,0,1,1,0,1,0,1,0,1,0,1,1,1,0,0
0.00404703,0,0,1,1,0,0,0,1,0,1,0,1,1,1,0,0
0.00404706,0,0,1,0,0,0,0,1,0,1,0,1,1,1,0,0
0.00404707,0,0,0,0,0,0,0,1,0,1,0,1,1,1,0,0
0.00404708,0,0,1,0,0,0,0,1,0,1,0,1,1,1,0,0
0.00404711,0,0,1,1,0,0,0,1,0,1,0,1,1,1,0,0
0.00404713,0,0,1,0,0,0,0,1,0,1,0,1,1,1,0,0
0.00404729,0,0,0,0,0,0,0,1,0,1,0,1,1,1,0,0
0.0040473,0,0,1,0,0,0,0,1,0,1,0,1,1,1,0,0
0.00404734,0,0,0,0,0,0,0,1,0,1,0,1,1,1,0,0
0.00404777,0,1,0,0,0,0,0,1,0,1,0,1,1,1,0,0
0.00404778,0,1,1,1,0,0,0,1,0,1,0,1,1,1,0,0
0.00404779,0,0,1,1,1,1,1,1,0,1,0,1,1,1,0,0
0.0040478,1,0,0,1,1,0,1,1,0,1,0,1,1,1,0,0
0.00404781,1,1,0,1,1,0,1,1,0,1,0,1,1,1,0,0
0.00404782,1,1,1,1,1,1,1,1,0,1,0,1,1,1,0,0
0.00404784,1,1,1,1,1,1,1,0,0,1,0,1,1,1,0,0
0.00404785,1,1,1,1,0,0,0,0,0,1,0,1,1,1,0,0
0.00404786,0,1,0,0,0,0,0,0,0,1,0,1,1,1,0,0
0.0040479,1,1,1,1,0,1,0,0,0,1,0,1,1,1,0,0
0.00404791,1,1,1,1,0,1,1,0,0,1,0,1,1,1,0,0
0.00404793,1,1,1,0,0,0,0,0,0,1,0,1,1,1,0,0
0.00404794,0,1,0,0,0,0,0,0,0,1,0,1,1,1,0,0
0.00404799,0,1,1,0,0,0,0,0,0,1,0,1,1,1,0,0
0.00404801,0,1,0,0,0,0,0,0,0,1,0,1,1,1,0,0
0.00404877,1,1,1,1,0,1,1,0,0,1,0,1,1,1,0,0
0.00404878,1,1,1,1,1,1,1,0,0,1,0,1,1,1,0,0
0.00404881,1,1,1,1,0,1,1,0,0,1,0,1,1,1,0,0
0.00404882,0,1,0,0,0,0,0,0,0,1,0,1,1,1,0,0
0.00404887,0,1,1,0,0,0,0,0,0,1,0,1,1,1,0,0
0.00404888,0,1,0,0,0,0,0,0,0,1,0,1,1,1,0,0
0.00404977,0,1,0,0,1,1,0,0,0,1,0,1,1,1,0,0
0.0040498,0,1,1,0,1,1,0,0,0,1,0,1,1,1,0,0
0.00404981,0,1,0,0,1,1,0,0,0,1,0,1,1,1,0,0
0.00405073,0,1,1,0,1,1,0,0,0,1,0,1,1,1,0,0
0.00405074,1,1,1,1,1,1,1,0,0,1,0,1,1,1,0,0
0.00405077,1,1,1,1,1,1,1,1,0,1,0,1,1,1,0,0
0.00405173,0,0,1,0,1,0,0,0,0,1,0,1,1,1,0,0
0.00405178,0,0,1,1,1,1,1,0,0,1,0,1,1,1,0,0
0.0040518,0,0,1,0,1,0,0,0,0,1,0,1,1,1,0,0
0.00405213,0,0,1,0,1,0,0,0,0,0,0,0,1,0,0,0
0.00405215,0,0,1,0,1,0,0,0,0,0,1,0,1,0,0,0
0.00405266,1,0,1,0,1,0,0,0,0,0,1,0,1,0,0,0
0.00405267,1,1,1,1,1,0,0,0,0,0,1,0,1,0,0,0
0.00405268,1,1,1,1,1,1,1,1,0,0,1,0,1,0,0,0
0.00405371,0,0,0,0,0,1,1,1,0,0,1,0,1,0,0,0
0.00405372,0,0,0,0,0,0,0,1,0,0,1,0,1,0,0,0
0.00405376,0,0,0,1,0,1,0,1,0,0,1,0,1,0,0,0
0.00405377,1,1,1,1,0,1,1,1,0,0,1,0,1,0,0,0
0.0040538,0,0,0,0,0,0,0,1,0,0,1,0,1,0,0,0
0.00405385,0,0,0,1,0,1,0,1,0,0,1,0,1,0,0,0
0.00405387,0,0,0,1,0,0,0,1,0,0,1,0,1,0,0,0
0.00405388,0,0,0,0,0,0,0,1,0,0,1,0,1,0,0,0
0.00405462,1,1,1,1,0,0,0,1,0,0,1,0,1,0,0,0
0.00405464,1,1,1,1,1,1,1,1,0,0,1,0,1,0,0,0
0.00405468,1,1,1,1,1,1,1,0,0,0,1,0,1,0,0,0
0.00405469,0,1,0,0,1,0,0,0,0,0,1,0,1,0,0,0
0.00405473,1,1,1,1,1,1,1,0,0,0,1,0,1,0,0,0
0.00405477,0,1,1,0,1,0,0,0,0,0,1,0,1,0,0,0
0.00405478,0,1,0,0,1,0,0,0,0,0,1,0,1,0,0,0
0.00405481,1,1,1,1,1,1,0,0,0,0,1,0,1,0,0,0
0.00405484,0,1,1,1,1,0,0,0,0,0,1,0,1,0,0,0
0.00405485,0,1,1,0,1,0,0,0,0,0,1,0,1,0,0,0
0.00405486,0,1,0,0,1,0,0,0,0,0,1,0,1,0,0,0
0.00405489,0,1,1,0,1,0,0,0,0,0,1,0,1,0,0,0
0.0040549,0,1,1,1,1,0,0,0,0,0,1,0,1,0,0,0
0.00405492,0,1,1,0,1,0,0,0,0,0,1,0,1,0,0,0
0.00405495,0,1,0,0,1,0,0,0,0,0,1,0,1,0,0,0
0.00405498,0,1,1,0,1,0,0,0,0,0,1,0,1,0,0,0
0.00405501,0,1,0,0,1,0,0,0,0,0,1,0,1,0,0,0
0.00405504,0,1,1,0,1,0,0,0,0,0,1,0,1,0,0,0
0.00405505,0,1,0,0,1,0,0,0,0,0,1,0,1,0,0,0
0.00405506,0,1,0,0,1,0,0,0,0,0,0,0,1,0,0,0
0.00405507,0,1,1,0,1,0,0,0,0,1,0,0,1,0,0,0
0.00405508,0,1,0,0,1,0,0,0,0,1,0,0,1,0,0,0
0.00405512,0,1,1,1,1,0,0,0,0,1,0,0,1,0,0,0
0.00405513,0,1,1,0,1,0,0,0,0,1,0,0,1,0,0,0
0.00405514,0,1,0,0,1,0,0,0,0,1,0,0,0,0,0,0
0.00405515,0,1,0,0,1,0,0,0,0,1,0,0,1,0,0,0
0.0040552,0,1,1,0,1,0,0,0,0,1,0,0,1,0,0,0
0.00405521,0,1,0,0,1,0,0,0,0,1,0,0,1,0,0,0
0.00405559,1,1,1,1,1,0,0,0,0,1,0,0,1,0,0,0
0.00405561,1,1,1,1,1,1,1,1,0,1,0,0,1,0,0,0
0.00405567,1,0,0,0,0,0,0,0,0,1,0,0,1,0,0,0
0.00405571,1,1,1,1,0,1,1,0,0,1,0,0,1,0,0,0
0.00405573,1,1,1,1,0,1,1,1,0,1,0,0,1,0,0,0
0.00405574,1,1,1,1,0,1,1,0,0,1,0,0,1,0,0,0
0.00405576,1,0,1,1,0,0,0,0,0,1,0,0,1,0,0,0
0.00405577,1,0,0,0,0,0,0,0,0,1,0,0,1,0,0,0
0.00405579,1,0,1,1,0,1,0,0,0,1,0,0,1,0,0,0
0.0040558,1,0,1,1,0,1,1,0,0,1,0,0,1,0,0,0
0.00405581,1,1,1,1,0,1,1,0,0,1,0,0,1,0,0,0
0.00405582,1,0,1,1,0,1,1,0,0,1,0,0,1,0,0,0
0.00405584,1,0,1,1,0,1,0,0,0,1,0,0,1,0,0,0
0.00405585,1,0,1,1,0,0,0,0,0,1,0,0,1,0,0,0
0.00405586,1,0,1,1,0,1,0,0,0,1,0,0,1,0,0,0
0.00405603,1,0,1,1,0,0,0,0,0,1,0,0,1,0,0,0
0.00405604,1,0,1,1,0,1,0,0,0,1,0,0,1,0,0,0
0.00405608,1,0,1,1,0,0,0,0,0,1,0,0,1,0,0,0
0.00405629,1,0,1,0,0,0,0,0,0,1,0,0,1,0,0,0
0.0040563,1,0,1,1,0,0,0,0,0,1,0,0,1,0,0,0
0.00405631,1,0,1,0,0,0,0,0,0,1,0,0,1,0,0,0
0.00405634,1,0,1,1,0,0,0,0,0,1,0,0,1,0,0,0
0.00405636,1,0,1,0,0,0,0,0,0,1,0,0,1,0,0,0
0.00405648,1,0,1,1,0,0,0,0,0,1,0,0,1,0,0,0
0.00405649,1,0,1,0,0,0,0,0,0,1,0,0,1,0,0,0
0.0040565,1,0,0,0,0,0,0,0,0,1,0,0,1,0,0,0
0.00405651,1,0,1,0,0,0,0,0,0,1,0,0,1,0,0,0
0.00405653,1,0,0,0,0,0,0,0,0,1,0,0,1,0,0,0
0.00405655,1,0,1,0,0,0,0,0,0,1,0,0,1,0,0,0
0.00405656,1,0,0,0,0,0,0,0,0,1,0,0,1,0,0,0
0.00405657,1,0,1,1,0,0,0,0,0,1,0,0,1,0,0,0
0.00405658,1,0,1,0,1,0,0,0,0,1,0,0,1,0,0,0
0.00405659,1,0,1,1,1,1,1,0,0,1,0,0,1,0,0,0
0.0040566,1,1,1,1,1,1,1,1,0,1,0,0,1,0,0,0
0.00405664,1,0,0,0,1,0,0,0,0,1,0,0,1,0,0,0
0.00405667,1,1,1,1,1,1,0,0,0,1,0,0,1,0,0,0
0.00405668,1,1,1,1,1,1,1,0,0,1,0,0,1,0,0,0
0.00405669,1,1,1,1,1,1,1,1,0,1,0,0,1,0,0,0
0.0040567,1,1,1,1,1,1,1,0,0,1,0,0,1,0,0,0
0.00405672,1,0,0,0,1,0,0,0,0,1,0,0,1,0,0,0
0.00405675,1,0,1,1,1,1,0,0,0,1,0,0,1,0,0,0
0.00405676,1,1,1,1,1,1,1,0,0,1,0,0,1,0,0,0
0.00405678,1,0,1,1,1,1,0,0,0,1,0,0,1,0,0,0
0.0040568,1,0,1,1,1,0,0,0,0,1,0,0,1,0,0,0
0.00405681,1,0,0,0,1,0,0,0,0,1,0,0,1,0,0,0
0.00405682,1,0,1,0,1,0,0,0,0,1,0,0,1,0,0,0
0.00405683,1,0,1,1,1,0,0,0,0,1,0,0,1,0,0,0
0.00405684,1,0,1,1,1,1,0,0,0,1,0,0,1,0,0,0
0.00405686,1,0,1,1,1,0,0,0,0,1,0,0,1,0,0,0
0.00405695,1,0,1,0,1,0,0,0,0,1,0,0,1,0,0,0
0.00405696,1,0,0,0,1,0,0,0,0,1,0,0,1,0,0,0
0.00405697,1,0,1,0,1,0,0,0,0,1,0,0,1,0,0,0
0.00405701,1,0,1,1,1,0,0,0,0,0,0,0,1,0,0,0
0.00405703,1,0,0,0,1,0,0,0,1,0,0,0,1,0,0,0
0.00405707,1,0,1,1,1,0,0,0,1,0,0,0,1,0,0,0
0.00405708,1,0,1,1,1,1,0,0,1,0,0,0,1,0,0,0
0.00405709,1,0,1,0,1,0,0,0,0,0,0,0,0,0,0,0
0.0040571,1,0,0,0,1,0,0,0,1,0,0,0,1,0,0,0
0.00405711,1,0,1,0,1,0,0,0,1,0,0,0,1,0,0,0
0.00405712,1,0,0,0,1,0,0,0,1,0,0,0,1,0,0,0
0.00405715,1,0,1,1,1,0,0,0,1,0,0,0,1,0,0,0
0.00405717,1,0,0,0,1,0,0,0,1,0,0,0,1,0,0,0
0.00405754,1,1,1,1,1,0,0,0,1,0,0,0,1,0,0,0
0.00405756,1,1,1,1,1,1,1,1,1,0,0,0,1,0,0,0
0.00405762,0,1,1,1,0,1,1,0,1,0,0,0,1,0,0,0
0.00405763,0,1,0,0,0,0,0,0,1,0,0,0,1,0,0,0
0.00405766,0,1,1,0,0,1,0,0,1,0,0,0,1,0,0,0
0.00405767,0,1,1,1,0,1,1,0,1,0,0,0,1,0,0,0
0.00405768,1,1,1,1,0,1,1,0,1,0,0,0,1,0,0,0
0.00405769,1,1,1,1,0,1,1,1,1,0,0,0,1,0,0,0
0.0040577,0,1,1,1,0,1,1,0,1,0,0,0,1,0,0,0
0.00405771,0,1,1,1,0,0,0,0,1,0,0,0,1,0,0,0
0.00405772,0,1,0,0,0,0,0,0,1,0,0,0,1,0,0,0
0.00405774,0,1,1,0,0,0,0,0,1,0,0,0,1,0,0,0
0.00405775,0,1,1,1,0,1,0,0,1,0,0,0,1,0,0,0
0.00405779,0,1,1,1,0,0,0,0,1,0,0,0,1,0,0,0
0.00405781,0,1,1,0,0,0,0,0,1,0,0,0,1,0,0,0
0.00405782,0,1,1,1,0,0,0,0,1,0,0,0,1,0,0,0
0.00405794,0,1,1,0,0,0,0,0,1,0,0,0,1,0,0,0
0.00405796,0,1,1,1,0,0,0,0,1,0,0,0,1,0,0,0
0.00405799,0,1,1,0,0,0,0,0,1,0,0,0,1,0,0,0
0.00405801,0,1,1,1,0,0,0,0,1,0,0,0,1,0,0,0
0.00405803,0,1,1,0,0,0,0,0,1,0,0,0,1,0,0,0
0.00405806,0,1,1,1,0,0,0,0,1,0,0,0,1,0,0,0
0.00405807,0,1,1,0,0,0,0,0,1,0,0,0,1,0,0,0
0.00405836,0,1,0,0,0,0,0,0,1,0,0,0,1,0,0,0
0.00405838,0,1,1,0,0,0,0,0,1,0,0,0,1,0,0,0
0.0040584,0,1,0,0,0,0,0,0,1,0,0,0,1,0,0,0
0.00405842,0,1,1,0,0,0,0,0,1,0,0,0,1,0,0,0
0.00405845,0,1,0,0,0,0,0,0,1,0,0,0,1,0,0,0
0.00405846,0,1,1,0,0,0,0,0,1,0,0,0,1,0,0,0
0.00405848,0,1,0,0,0,0,0,0,1,0,0,0,1,0,0,0
0.0040585,0,1,1,0,0,0,0,0,1,0,0,0,1,0,0,0
0.00405851,0,1,0,0,0,0,0,0,1,0,0,0,1,0,0,0
0.00405852,1,1,1,1,0,0,0,0,1,0,0,0,1,0,0,0
0.00405854,1,1,1,1,1,1,1,1,1,0,0,0,1,0,0,0
0.0040586,0,1,0,0,0,0,1,0,1,0,0,0,1,0,0,0
0.00405863,0,1,1,1,0,0,1,0,1,0,0,0,1,0,0,0
0.00405864,1,1,1,1,0,1,1,0,1,0,0,0,1,0,0,0
0.00405865,1,1,1,1,1,1,1,0,1,0,0,0,1,0,0,0
0.00405866,1,1,1,1,0,1,1,0,1,0,0,0,1,0,0,0
0.00405868,0,1,1,0,0,0,1,0,1,0,0,0,1,0,0,0
0.00405869,0,1,0,0,0,0,1,0,1,0,0,0,1,0,0,0
0.00405871,0,1,1,1,0,0,1,0,1,0,0,0,1,0,0,0
0.00405873,0,1,1,1,0,1,1,0,1,0,0,0,1,0,0,0
0.00405874,0,1,1,1,0,0,1,0,1,0,0,0,1,0,0,0
0.00405876,0,1,1,0,0,0,1,0,1,0,0,0,1,0,0,0
0.00405877,0,1,0,0,0,0,1,0,1,0,0,0,1,0,0,0
0.00405878,0,1,1,0,0,0,1,0,1,0,0,0,1,0,0,0
0.00405879,0,1,1,1,0,0,1,0,1,0,0,0,1,0,0,0
0.00405883,0,1,1,0,0,0,1,0,1,0,0,0,1,0,0,0
0.00405897,0,1,1,1,0,0,1,0,0,0,0,0,0,0,1,0
0.00405898,0,1,1,0,0,0,1,0,0,1,0,0,0,0,1,0
0.00405899,0,1,0,0,0,0,1,0,0,1,0,0,0,0,1,0
0.00405901,0,1,1,0,0,0,1,0,0,1,0,0,0,0,1,0
0.00405904,0,1,1,0,0,0,1,0,0,0,0,0,0,0,0,0
0.00405905,0,1,0,0,0,0,1,0,0,1,0,0,0,0,1,0
0.0040591,0,1,1,0,0,0,1,0,0,1,0,0,0,0,1,0
0.00405912,0,1,0,0,0,0,1,0,0,1,0,0,0,0,1,0
0.00405949,1,1,1,1,0,1,1,0,0,1,0,0,0,0,1,0
0.0040595,1,1,1,1,1,1,1,0,0,1,0,0,0,0,1,0
0.00405951,0,0,0,1,0,0,0,0,0,1,0,0,0,0,1,0
0.00405952,1,0,0,0,0,1,1,0,0,1,0,0,0,0,1,0
0.00405953,1,0,0,0,0,0,0,0,0,1,0,0,0,0,1,0
0.00405954,1,0,1,1,0,1,0,0,0,1,0,0,0,0,1,0
0.00405956,1,0,0,0,0,0,0,0,0,1,0,0,0,0,1,0
0.00405959,1,0,1,1,0,0,0,0,0,1,0,0,0,0,1,0
0.00405961,1,0,0,0,0,0,0,0,0,1,0,0,0,0,1,0
0.00405994,1,1,1,1,0,0,0,0,0,1,0,0,0,0,1,0
0.00405997,1,1,1,1,1,1,1,1,0,1,0,0,0,0,1,0
0.00405998,1,1,1,1,0,1,0,0,0,1,0,0,0,0,1,0
0.00405999,1,1,1,1,0,0,0,0,0,1,0,0,0,0,1,0
0.00406041,1,1,1,1,0,1,1,1,0,1,0,0,0,0,1,0
0.00406042,0,1,1,1,0,0,0,0,0,1,0,0,0,0,1,0
0.0040605,0,1,1,1,0,1,0,0,0,1,0,0,0,0,1,0
0.00406051,1,1,1,1,1,1,1,0,0,1,0,0,0,0,1,0
0.00406052,1,1,1,1,1,1,1,1,0,1,0,0,0,0,1,0
0.00406054,1,0,1,0,1,1,1,1,0,1,0,0,0,0,1,0
0.00406055,0,0,1,0,1,0,0,0,0,1,0,0,0,0,1,0
0.00406059,0,0,1,0,1,1,0,0,0,1,0,0,0,0,1,0
0.0040606,0,0,1,1,1,1,0,0,0,1,0,0,0,0,1,0
0.00406061,0,0,1,0,1,0,0,0,0,1,0,0,0,0,1,0
0.00406092,0,0,1,0,1,0,0,0,0,0,0,0,0,0,0,0
0.00406093,0,0,1,0,1,0,0,0,0,0,0,0,1,0,0,0
0.00406094,0,0,1,0,1,0,0,0,0,0,1,0,1,0,0,0
0.004061,0,0,1,0,1,0,0,0,0,0,0,0,1,0,0,0
0.00406101,0,1,1,1,1,0,0,0,0,0,1,0,1,0,0,0
0.00406102,0,1,1,1,1,0,0,0,0,1,1,1,1,0,0,0
0.00406103,1,1,1,1,1,1,1,1,0,1,1,1,1,0,0,0
0.00406104,1,0,1,0,1,1,1,1,0,0,1,0,1,0,0,0
0.00406105,0,0,1,0,1,0,0,0,0,0,1,0,1,0,0,0
0.00406147,1,0,1,0,1,1,0,0,0,0,1,0,1,0,0,0
0.00406148,1,1,1,1,1,1,1,1,0,0,1,0,1,0,0,0
0.00406151,1,0,0,1,1,0,1,0,0,0,1,0,1,0,0,0
0.00406152,0,0,0,0,1,0,1,0,0,0,1,0,1,0,0,0
0.00406156,0,0,0,1,1,0,1,0,0,0,1,0,1,0,0,0
0.00406157,1,0,1,1,1,1,1,0,0,0,1,0,1,0,0,0
0.00406158,0,0,1,1,1,1,1,0,0,0,1,0,1,0,0,0
0.00406159,0,0,0,0,1,0,1,0,0,0,1,0,1,0,0,0
0.00406243,1,0,1,1,1,0,1,0,0,0,1,0,1,0,0,0
0.00406244,1,1,1,1,1,0,1,0,0,0,1,0,1,0,0,0
0.00406246,1,1,1,1,1,1,1,1,0,0,1,0,1,0,0,0
0.0040625,0,1,0,0,0,1,0,0,0,0,1,0,1,0,0,0
0.00406251,0,1,0,0,0,0,0,0,0,0,1,0,1,0,0,0
0.00406255,1,1,1,1,0,1,0,0,0,0,1,0,1,0,0,0
0.00406259,0,1,0,0,0,0,0,0,0,0,1,0,1,0,0,0
0.00406263,0,1,1,0,0,0,0,0,0,0,1,0,1,0,0,0
0.00406267,0,1,0,0,0,0,0,0,0,0,1,0,1,0,0,0
0.00406272,0,1,1,0,0,0,0,0,0,0,1,0,1,0,0,0
0.00406273,0,1,0,0,0,0,0,0,0,0,1,0,1,0,0,0
0.0040634,1,1,1,0,0,0,0,0,0,0,1,0,1,0,0,0
0.00406341,1,1,1,1,0,0,0,0,0,0,1,0,1,0,0,0
0.00406343,1,1,1,1,1,1,1,1,0,0,1,0,1,0,0,0
0.00406347,1,1,1,0,0,0,0,1,0,0,1,0,1,0,0,0
0.00406351,1,1,1,1,0,1,1,1,0,0,1,0,1,0,0,0
0.00406352,1,1,1,1,1,1,1,1,0,0,1,0,1,0,0,0
0.00406353,1,1,1,1,0,1,1,1,0,0,1,0,1,0,0,0
0.00406354,1,1,1,0,0,0,0,1,0,0,1,0,1,0,0,0
0.00406385,1,1,1,0,0,0,0,1,0,1,1,0,0,0,0,0
0.00406386,1,1,1,0,0,0,0,1,1,1,1,0,0,0,0,1
0.00406439,1,1,1,1,0,1,0,1,1,1,1,0,0,0,0,1
0.0040644,1,1,1,1,0,1,1,1,1,1,1,0,0,0,0,1
0.00406441,1,1,1,1,1,1,1,1,1,1,1,0,0,0,0,1
0.00406442,1,1,1,1,1,0,0,1,1,1,1,0,0,0,0,1
0.00406443,1,1,1,1,1,1,1,1,1,1,1,0,0,0,0,1
0.00406445,0,0,1,1,1,1,1,1,1,1,1,0,0,0,0,1
0.00406446,0,0,0,0,1,0,1,0,1,1,1,0,0,0,0,1
0.0040645,0,0,1,1,1,1,1,0,1,1,1,0,0,0,0,1
0.00406451,0,0,1,1,1,1,1,1,1,1,1,0,0,0,0,1
0.00406452,0,0,0,1,1,1,1,0,1,1,1,0,0,0,0,1
0.00406453,0,0,0,0,1,0,1,0,1,1,1,0,0,0,0,1
0.00406537,0,1,0,0,1,0,1,0,1,1,1,0,0,0,0,1
0.00406539,1,1,1,1,0,0,0,0,1,1,1,0,0,0,0,1
0.0040654,0,1,0,0,0,0,0,0,1,1,1,0,0,0,0,1
0.00406542,0,1,0,0,0,1,0,0,1,1,1,0,0,0,0,1
0.00406543,1,1,1,1,1,1,1,1,1,1,1,0,0,0,0,1
0.00406547,0,1,0,0,0,1,0,0,1,1,1,0,0,0,0,1
0.00406551,0,1,1,1,0,1,0,0,1,1,1,0,0,0,0,1
0.00406552,1,1,1,1,0,1,1,1,1,1,1,0,0,0,0,1
0.00406554,0,1,1,1,0,1,0,0,1,1,1,0,0,0,0,1
0.00406555,0,1,0,0,0,1,0,0,1,1,1,0,0,0,0,1
0.0040656,0,1,1,0,0,1,0,0,1,1,1,0,0,0,0,1
0.00406561,0,1,0,0,0,1,0,0,1,1,1,0,0,0,0,1
0.0040658,0,1,0,0,0,1,0,0,0,1,0,0,0,0,0,0
0.00406581,0,1,0,0,0,1,0,0,0,1,0,0,0,1,0,0
0.00406635,0,1,1,1,0,1,0,0,0,1,0,0,0,1,0,0
0.00406636,1,1,1,1,1,1,1,0,0,1,0,0,0,1,0,0
0.00406637,1,1,1,1,1,1,1,1,0,1,0,0,0,1,0,0
0.00406639,1,0,1,1,1,1,1,1,0,1,0,0,0,1,0,0
0.0040664,0,0,0,0,1,0,1,0,0,1,0,0,0,1,0,0
0.00406645,1,0,1,1,1,0,1,1,0,1,0,0,0,1,0,0
0.00406646,0,0,1,1,1,0,1,1,0,1,0,0,0,1,0,0
0.00406647,0,0,1,0,1,0,1,1,0,1,0,0,0,1,0,0
0.00406648,0,0,0,0,1,0,1,0,0,1,0,0,0,1,0,0
0.00406731,1,1,0,0,1,0,1,0,0,1,0,0,0,1,0,0
0.00406732,1,1,1,1,1,0,1,0,0,1,0,0,0,1,0,0
0.00406733,1,1,1,1,1,1,1,1,0,1,0,0,0,1,0,0
0.00406739,1,0,0,0,0,0,1,1,0,1,0,0,0,1,0,0
0.0040674,0,0,0,0,0,0,0,1,0,1,0,0,0,1,0,0
0.00406744,1,0,0,0,0,0,0,1,0,1,0,0,0,1,0,0
0.00406745,1,0,1,1,0,1,1,1,0,1,0,0,0,1,0,0
0.00406746,1,0,1,1,0,0,0,1,0,1,0,0,0,1,0,0
0.00406747,0,0,0,0,0,0,0,1,0,1,0,0,0,1,0,0
0.00406829,1,0,0,0,1,1,1,1,0,1,0,0,0,1,0,0
0.0040683,1,1,1,1,1,1,1,1,0,1,0,0,0,1,0,0
0.00406831,1,1,1,1,1,0,1,0,0,1,0,0,0,1,0,0
0.00406832,0,0,0,0,1,0,1,0,0,1,0,0,0,1,0,0
0.00406932,1,0,1,0,1,0,1,0,0,1,0,0,0,1,0,0
0.00406933,1,1,1,1,1,1,1,1,0,1,0,0,0,1,0,0
0.00406938,0,0,0,1,0,0,0,1,0,1,0,0,0,1,0,0
0.00406943,1,0,1,1,0,1,0,1,0,1,0,0,0,1,0,0
0.00406944,1,0,1,1,0,1,1,1,0,1,0,0,0,1,0,0
0.00406945,0,0,1,1,0,1,0,1,0,1,0,0,0,1,0,0
0.00406946,0,0,0,1,0,0,0,1,0,1,0,0,0,1,0,0
0.00406971,0,0,0,1,0,0,0,1,0,0,0,0,0,0,0,0
0.00406972,0,0,0,1,0,0,0,1,0,0,0,1,0,0,0,1
0.00406979,0,0,0,1,0,0,0,1,0,0,0,1,0,0,0,0
0.0040698,0,0,0,1,0,0,0,1,0,0,0,1,0,0,0,1
0.00407023,1,0,0,1,0,0,0,1,0,0,0,1,0,0,0,1
0.00407024,1,1,1,1,0,0,0,1,0,0,0,1,0,0,0,1
0.00407026,1,1,1,1,1,1,1,1,0,0,0,1,0,0,0,1
0.00407031,1,1,1,0,1,1,1,0,0,0,0,1,0,0,0,1
0.00407032,0,1,0,0,0,0,0,0,0,0,0,1,0,0,0,1
0.00407035,1,1,1,0,0,1,1,0,0,0,0,1,0,0,0,1
0.00407036,1,1,1,1,0,1,1,0,0,0,0,1,0,0,0,1
0.00407037,1,1,1,1,1,1,1,1,0,0,0,1,0,0,0,1
0.00407039,1,1,1,0,0,1,1,0,0,0,0,1,0,0,0,1
0.0040704,0,1,0,0,0,0,0,0,0,0,0,1,0,0,0,1
0.00407043,0,1,1,0,0,1,0,0,0,0,0,1,0,0,0,1
0.00407044,1,1,1,0,0,1,1,0,0,0,0,1,0,0,0,1
0.00407046,0,1,1,0,0,1,1,0,0,0,0,1,0,0,0,1
0.00407047,0,1,1,0,0,1,0,0,0,0,0,1,0,0,0,1
0.00407048,0,1,1,0,0,0,0,0,0,0,0,1,0,0,0,1
0.00407049,0,1,0,0,0,0,0,0,0,0,0,1,0,0,0,1
0.00407051,0,1,1,0,0,1,0,0,0,0,0,1,0,0,0,1
0.00407056,0,1,1,0,0,0,0,0,0,0,0,1,0,0,0,1
0.00407059,0,1,1,0,0,1,0,0,0,0,0,1,0,0,0,1
0.00407061,0,1,1,0,0,0,0,0,0,0,0,1,0,0,0,1
0.00407063,0,1,0,0,0,0,0,0,0,0,0,1,0,0,0,1
0.00407066,0,1,1,0,0,1,0,0,0,0,0,1,0,0,0,1
0.00407067,0,1,0,0,0,0,0,0,0,0,0,1,0,0,0,1
0.0040707,0,1,1,0,0,0,0,0,0,0,0,1,0,0,0,1
0.00407071,0,1,1,0,0,1,0,0,0,0,0,1,0,0,0,1
0.00407072,0,1,1,0,0,0,0,0,0,0,0,1,0,0,0,1
0.00407073,0,1,0,0,0,0,0,0,0,0,0,1,0,0,0,1
0.00407128,1,1,1,1,1,1,1,1,0,0,0,1,0,0,0,1
0.00407133,0,1,1,0,0,1,1,1,0,0,0,1,0,0,0,1
0.00407134,0,1,0,0,0,1,0,1,0,0,0,1,0,0,0,1
0.00407135,0,1,0,0,0,1,0,0,0,0,0,1,0,0,0,1
0.00407139,1,1,1,1,0,1,0,0,0,0,0,1,0,0,0,1
0.0040714,1,1,1,1,0,1,1,0,0,0,0,1,0,0,0,1
0.00407142,0,1,1,0,0,1,0,0,0,0,0,1,0,0,0,1
0.00407143,0,1,0,0,0,1,0,0,0,0,0,1,0,0,0,1
0.00407147,0,1,1,0,0,1,0,0,0,0,0,1,0,0,0,1
0.0040715,0,1,0,0,0,1,0,0,0,0,0,1,0,0,0,1
0.00407166,0,1,0,0,0,1,0,0,0,0,0,0,0,0,0,0
0.00407167,0,1,0,0,0,1,0,0,0,1,0,0,0,1,0,0
0.00407172,0,1,1,0,0,1,0,0,0,1,0,0,0,1,0,0
0.00407173,0,1,0,0,0,1,0,0,0,0,0,0,0,1,0,0
0.00407174,0,1,0,0,0,1,0,0,0,1,0,0,0,1,0,0
0.00407219,1,1,0,0,0,1,0,0,0,1,0,0,0,1,0,0
0.0040722,0,1,1,0,0,1,0,0,0,1,0,0,0,1,0,0
0.00407221,0,1,1,1,0,1,0,0,0,1,0,0,0,1,0,0
0.00407222,1,1,1,1,1,1,1,1,0,1,0,0,0,1,0,0
0.00407226,1,0,0,0,1,0,1,0,0,1,0,0,0,1,0,0
0.0040723,1,0,1,0,1,0,1,0,0,1,0,0,0,1,0,0
0.00407231,1,0,1,1,1,0,1,0,0,1,0,0,0,1,0,0
0.00407233,1,0,0,0,1,0,1,0,0,1,0,0,0,1,0,0
0.00407317,1,1,1,1,1,0,1,0,0,1,0,0,0,1,0,0
0.00407318,1,1,1,1,1,0,1,1,0,1,0,0,0,1,0,0
0.00407319,1,1,1,1,1,1,1,1,0,1,0,0,0,1,0,0
0.00407324,0,0,0,0,0,0,0,1,0,1,0,0,0,1,0,0
0.00407328,0,0,1,0,0,1,0,1,0,1,0,0,0,1,0,0
0.00407329,1,0,1,1,0,1,0,1,0,1,0,0,0,1,0,0
0.0040733,1,1,1,1,0,1,0,1,0,1,0,0,0,1,0,0
0.00407332,1,0,1,1,0,0,0,1,0,1,0,0,0,1,0,0
0.00407333,0,0,1,0,0,0,0,1,0,1,0,0,0,1,0,0
0.00407334,0,0,0,0,0,0,0,1,0,1,0,0,0,1,0,0
0.00407336,0,0,1,0,0,0,0,1,0,1,0,0,0,1,0,0
0.00407337,0,0,1,1,0,0,0,1,0,1,0,0,0,1,0,0
0.0040734,0,0,1,0,0,0,0,1,0,1,0,0,0,1,0,0
0.00407342,0,0,0,0,0,0,0,1,0,1,0,0,0,1,0,0
0.00407344,0,0,1,0,0,0,0,1,0,1,0,0,0,1,0,0
0.00407351,0,0,0,0,0,0,0,1,0,1,0,0,0,1,0,0
0.00407352,0,0,1,0,0,0,0,1,0,1,0,0,0,1,0,0
0.00407355,0,0,0,0,0,0,0,1,0,1,0,0,0,1,0,0
0.00407359,0,0,1,0,0,0,0,1,0,1,0,0,0,1,0,0
0.0040736,0,0,0,0,0,0,0,1,0,1,0,0,0,1,0,0
0.00407362,0,0,1,0,0,0,0,1,0,1,0,0,0,1,0,0
0.00407363,0,0,0,0,0,0,0,1,0,1,0,0,0,1,0,0
0.00407414,1,1,1,0,0,0,0,1,0,1,0,0,0,1,0,0
0.00407415,1,1,1,1,0,0,0,1,0,1,0,0,0,1,0,0
0.00407416,1,1,1,1,1,1,1,0,0,1,0,0,0,1,0,0
0.00407417,1,1,1,1,0,0,0,0,0,1,0,0,0,1,0,0
0.00407418,0,1,0,0,0,0,0,0,0,1,0,0,0,1,0,0
0.00407421,0,1,1,0,0,0,0,0,0,1,0,0,0,1,0,0
0.00407422,1,1,1,1,0,0,0,0,0,1,0,0,0,1,0,0
0.00407423,0,1,1,1,0,0,0,0,0,1,0,0,0,1,0,0
0.00407424,1,1,1,0,0,0,0,0,0,1,0,0,0,1,0,0
0.00407425,0,1,1,0,0,0,0,0,0,1,0,0,0,1,0,0
0.00407426,0,1,0,0,0,0,0,0,0,1,0,0,0,1,0,0
0.00407518,0,1,1,1,1,1,0,0,0,1,0,0,0,1,0,0
0.00407519,1,1,1,1,1,1,1,1,0,1,0,0,0,1,0,0
0.00407524,0,0,1,0,1,0,0,0,0,1,0,0,0,1,0,0
0.00407528,1,0,1,1,1,1,0,0,0,1,0,0,0,1,0,0
0.00407529,1,1,1,1,1,1,1,0,0,1,0,0,0,1,0,0
0.00407531,1,0,1,1,1,1,0,0,0,1,0,0,0,1,0,0
0.00407532,0,0,1,0,1,0,0,0,0,1,0,0,0,1,0,0
0.00407537,1,0,1,1,1,0,0,0,0,1,0,0,0,1,0,0
0.00407539,0,0,1,0,1,0,0,0,0,1,0,0,0,1,0,0
0.00407557,0,0,1,0,1,0,0,0,0,0,0,0,0,0,0,0
0.00407558,0,0,1,0,1,0,0,0,0,0,1,0,1,0,0,0
0.00407609,1,1,1,0,1,0,0,0,0,0,1,0,1,0,0,0
0.0040761,1,1,1,1,1,0,0,0,0,0,1,0,1,0,0,0
0.00407611,1,1,1,0,1,0,0,0,0,0,1,0,1,0,0,0
0.00407612,1,1,1,1,1,1,1,1,0,0,1,0,1,0,0,0
0.00407714,0,0,0,0,0,0,0,1,0,0,1,0,1,0,0,0
0.00407718,1,1,0,1,0,1,1,1,0,0,1,0,1,0,0,0
0.00407719,1,0,1,1,0,1,1,1,0,0,1,0,1,0,0,0
0.0040772,1,1,1,1,0,1,1,1,0,0,1,0,1,0,0,0
0.00407723,0,0,0,0,0,0,0,1,0,0,1,0,1,0,0,0
0.00407727,0,0,1,1,0,1,0,1,0,0,1,0,1,0,0,0
0.00407728,1,0,1,1,0,1,1,1,0,0,1,0,1,0,0,0
0.0040773,0,0,1,1,0,1,1,1,0,0,1,0,1,0,0,0
0.00407731,0,0,0,1,0,0,0,1,0,0,1,0,1,0,0,0
0.00407733,0,0,0,0,0,0,0,1,0,0,1,0,1,0,0,0
0.00407734,0,0,0,1,0,0,0,1,0,0,1,0,1,0,0,0
0.00407736,0,0,0,1,0,1,0,1,0,0,1,0,1,0,0,0
0.00407737,0,0,1,1,0,1,0,1,0,0,1,0,1,0,0,0
0.00407738,0,0,0,1,0,0,0,1,0,0,1,0,1,0,0,0
0.00407744,0,0,1,1,0,0,0,1,0,0,1,0,1,0,0,0
0.00407745,0,0,0,1,0,0,0,1,0,0,1,0,1,0,0,0
0.00407748,0,0,0,0,0,0,0,1,0,0,1,0,1,0,0,0
0.0040775,0,0,1,1,0,0,0,1,0,0,1,0,1,0,0,0
0.00407752,0,0,0,1,0,0,0,1,0,0,1,0,1,0,0,0
0.00407756,0,0,0,0,0,0,0,1,0,0,1,0,1,0,0,0
0.00407758,0,0,0,1,0,0,0,1,0,0,1,0,1,0,0,0
0.00407762,0,0,0,0,0,0,0,1,0,0,1,0,1,0,0,0
0.00407763,0,0,0,1,0,0,0,1,0,0,1,0,1,0,0,0
0.00407766,0,0,0,0,0,0,0,1,0,0,1,0,1,0,0,0
0.00407768,0,0,0,1,0,0,0,1,0,0,1,0,1,0,0,0
0.00407769,0,0,0,0,0,0,0,1,0,0,1,0,1,0,0,0
0.00407778,0,0,0,1,0,0,0,1,0,0,1,0,1,0,0,0
0.00407779,0,0,0,0,0,0,0,1,0,0,1,0,1,0,0,0
0.00407804,1,1,1,1,0,0,0,1,0,0,1,0,1,0,0,0
0.00407805,1,1,1,1,1,1,0,1,0,0,1,0,1,0,0,0
0.00407806,1,1,1,1,1,1,1,1,0,0,1,0,1,0,0,0
0.00407812,1,1,1,1,1,1,0,0,0,0,1,0,1,0,0,0
0.00407813,1,1,0,1,1,1,0,0,0,0,1,0,1,0,0,0
0.00407816,1,1,1,1,1,1,1,0,0,0,1,0,1,0,0,0
0.00407819,1,1,0,1,1,1,0,0,0,0,1,0,1,0,0,0
0.00407824,1,1,1,1,1,1,0,0,0,0,1,0,1,0,0,0
0.00407825,1,1,0,1,1,1,0,0,0,0,1,0,1,0,0,0
0.00407849,1,1,0,1,1,1,0,0,0,0,0,0,1,0,0,0
0.0040785,1,1,0,1,1,1,0,0,0,1,0,0,1,1,0,0
0.00407851,1,1,0,1,1,1,0,0,1,1,0,1,1,1,0,0
0.00407902,1,1,1,1,1,1,0,0,1,1,0,1,1,1,0,0
0.00407904,1,1,1,1,1,1,1,0,1,1,0,1,1,1,0,0
0.00407905,1,1,1,1,1,1,1,1,1,1,0,1,1,1,0,0
0.0040791,0,0,0,0,1,0,1,0,1,1,0,1,1,1,0,0
0.00407914,0,1,1,1,1,1,1,0,1,1,0,1,1,1,0,0
0.00407915,1,1,1,1,1,1,1,0,1,1,0,1,1,1,0,0
0.00407918,0,0,1,1,1,1,1,0,1,1,0,1,1,1,0,0
0.00407919,0,0,0,0,1,0,1,0,1,1,0,1,1,1,0,0
0.00407921,0,0,1,0,1,0,1,0,1,1,0,1,1,1,0,0
0.00407922,0,0,1,1,1,1,1,0,1,1,0,1,1,1,0,0
0.00407925,0,0,1,1,1,0,1,0,1,1,0,1,1,1,0,0
0.00407928,0,0,1,0,1,0,1,0,1,1,0,1,1,1,0,0
0.00407929,0,0,1,1,1,0,1,0,1,1,0,1,1,1,0,0
0.00407946,0,0,1,0,1,0,1,0,1,1,0,1,1,1,0,0
0.00407947,0,0,1,1,1,0,1,0,1,1,0,1,1,1,0,0
0.00407975,0,0,1,0,1,0,1,0,1,1,0,1,1,1,0,0
0.00407976,0,0,1,1,1,0,1,0,1,1,0,1,1,1,0,0
0.00407979,0,0,0,0,1,0,1,0,1,1,0,1,1,1,0,0
0.00407991,0,0,1,1,1,0,1,0,1,1,0,1,1,1,0,0
0.00407992,0,0,0,0,1,0,1,0,1,1,0,1,1,1,0,0
0.00407997,0,0,1,1,1,0,1,0,1,1,0,1,1,1,0,0
0.00407998,0,0,0,0,1,0,1,0,1,1,0,1,1,1,0,0
0.00408,1,1,1,1,1,0,1,0,1,1,0,1,1,1,0,0
0.00408002,1,1,1,1,1,1,1,1,1,1,0,1,1,1,0,0
0.00408008,0,0,0,0,0,0,0,1,1,1,0,1,1,1,0,0
0.00408012,1,1,1,1,0,1,0,1,1,1,0,1,1,1,0,0
0.00408014,1,1,1,1,0,1,1,1,1,1,0,1,1,1,0,0
0.00408015,1,1,1,1,0,1,0,1,1,1,0,1,1,1,0,0
0.00408016,1,0,1,1,0,1,0,1,1,1,0,1,1,1,0,0
0.00408017,0,0,0,0,0,0,0,1,1,1,0,1,1,1,0,0
0.0040802,1,0,1,1,0,1,0,1,1,1,0,1,1,1,0,0
0.00408021,1,1,1,1,0,1,0,1,1,1,0,1,1,1,0,0
0.00408024,1,0,1,1,0,1,0,1,1,1,0,1,1,1,0,0
0.00408025,0,0,1,1,0,0,0,1,1,1,0,1,1,1,0,0
0.0040803,1,0,1,1,0,1,0,1,1,1,0,1,1,1,0,0
0.00408032,0,0,1,1,0,0,0,1,1,1,0,1,1,1,0,0
0.00408056,0,0,1,0,0,0,0,1,1,1,0,1,1,1,0,0
0.00408057,0,0,1,1,0,0,0,1,1,1,0,1,1,1,0,0
0.0040806,0,0,1,0,0,0,0,1,1,1,0,1,1,1,0,0
0.00408062,0,0,1,1,0,0,0,1,1,1,0,1,1,1,0,0
0.00408064,0,0,1,0,0,0,0,1,1,1,0,1,1,1,0,0
0.0040807,0,0,1,1,0,0,0,1,1,1,0,1,1,1,0,0
0.00408071,0,0,1,0,0,0,0,1,1,1,0,1,1,1,0,0
0.00408073,0,0,0,0,0,0,0,1,1,1,0,1,1,1,0,0
0.00408075,0,0,1,0,0,0,0,1,1,1,0,1,1,1,0,0
0.00408078,0,0,0,0,0,0,0,1,1,1,0,1,1,1,0,0
0.00408089,0,0,1,0,0,0,0,1,1,1,0,1,1,1,0,0
0.0040809,0,0,0,0,0,0,0,1,1,1,0,1,1,1,0,0
0.00408096,0,0,1,0,0,0,0,1,1,1,0,1,1,1,0,0
0.00408097,1,0,0,0,0,0,0,1,1,1,0,1,1,1,0,0
0.00408099,0,1,1,1,0,1,0,1,1,1,0,1,1,1,0,0
0.00408101,1,1,1,1,1,1,1,1,1,1,0,1,1,1,0,0
0.00408104,1,1,1,1,1,1,1,0,1,1,0,1,1,1,0,0
0.00408105,0,0,0,0,1,0,1,0,1,1,0,1,1,1,0,0
0.00408108,1,1,1,1,1,1,1,0,1,1,0,1,1,1,0,0
0.00408113,0,0,1,0,1,0,1,0,1,1,0,1,1,1,0,0
0.00408114,0,0,0,0,1,0,1,0,1,1,0,1,1,1,0,0
0.00408116,1,0,1,1,1,1,1,0,1,1,0,1,1,1,0,0
0.00408117,1,1,1,1,1,1,1,0,1,1,0,1,1,1,0,0
0.00408121,0,0,1,1,1,1,1,0,1,1,0,1,1,1,0,0
0.00408122,0,0,1,1,1,0,1,0,1,1,0,1,1,1,0,0
0.00408124,1,1,1,1,1,1,1,0,1,1,0,1,1,1,0,0
0.00408127,0,0,1,1,1,1,1,0,1,1,0,1,1,1,0,0
0.00408136,0,0,1,1,1,0,1,0,1,1,0,1,1,1,0,0
0.0040814,0,0,1,1,1,1,1,0,1,1,0,1,1,1,0,0
0.00408141,0,0,1,1,1,0,1,0,1,1,0,1,1,1,0,0
0.00408154,0,0,1,0,1,0,1,0,1,1,0,1,1,1,0,0
0.00408157,0,0,1,1,1,0,1,0,1,1,0,1,1,1,0,0
0.00408159,0,0,1,0,1,0,1,0,1,1,0,1,1,1,0,0
0.00408179,0,0,0,0,1,0,1,0,1,1,0,1,1,1,0,0
0.0040818,0,0,1,0,1,0,1,0,1,1,0,1,1,1,0,0
0.00408181,0,0,0,0,1,0,1,0,1,1,0,1,1,1,0,0
0.00408184,0,0,1,0,1,0,1,0,1,1,0,1,1,1,0,0
0.00408188,0,0,0,0,1,0,1,0,1,1,0,1,1,1,0,0
0.00408194,0,0,1,1,1,0,1,0,1,1,0,1,1,1,0,0
0.00408195,0,1,1,1,1,1,1,0,1,1,0,1,1,1,0,0
0.00408196,1,1,1,1,1,1,1,0,1,1,0,1,1,1,0,0
0.00408198,0,0,0,0,1,0,1,0,1,1,0,1,1,1,0,0
0.00408201,1,0,0,0,1,0,1,0,1,1,0,1,1,1,0,0
0.00408203,1,0,1,1,1,0,1,0,1,1,0,1,1,1,0,0
0.00408204,1,1,1,1,1,1,1,0,1,1,0,1,1,1,0,0
0.00408206,1,0,1,0,1,0,1,0,1,1,0,1,1,1,0,0
0.00408207,1,0,0,0,1,0,1,0,1,1,0,1,1,1,0,0
0.00408212,1,0,1,0,1,0,1,0,1,1,0,1,1,1,0,0
0.00408214,1,0,0,0,1,0,1,0,1,1,0,1,1,1,0,0
0.00408295,1,1,1,1,1,0,1,0,1,1,0,1,1,1,0,0
0.00408296,1,1,1,1,1,1,1,1,1,1,0,1,1,1,0,0
0.004083,0,1,1,1,0,1,0,1,1,1,0,1,1,1,0,0
0.00408301,0,0,0,0,0,0,0,1,1,1,0,1,1,1,0,0
0.00408304,0,1,1,1,0,1,0,1,1,1,0,1,1,1,0,0
0.00408306,1,1,1,1,0,1,0,1,1,1,0,1,1,1,0,0
0.00408307,1,1,1,1,0,1,1,1,1,1,0,1,1,1,0,0
0.00408309,0,0,1,1,0,1,0,1,1,1,0,1,1,1,0,0
0.0040831,0,0,1,0,0,0,0,1,1,1,0,1,1,1,0,0
0.00408312,0,0,1,1,0,1,0,1,1,1,0,1,1,1,0,0
0.00408313,0,1,1,1,0,1,0,1,1,1,0,1,1,1,0,0
0.00408318,0,0,1,1,0,1,0,1,1,1,0,1,1,1,0,0
0.00408324,0,1,1,1,0,1,0,1,1,1,0,1,1,1,0,0
0.00408325,0,0,1,1,0,1,0,1,1,1,0,1,1,1,0,0
0.00408356,0,0,1,1,0,0,0,1,1,1,0,1,1,1,0,0
0.00408369,0,0,1,0,0,0,0,1,1,1,0,1,1,1,0,0
0.0040837,0,0,1,1,0,0,0,1,1,1,0,1,1,1,0,0
0.00408371,0,0,1,0,0,0,0,1,1,1,0,1,1,1,0,0
0.00408374,0,0,1,1,0,0,0,1,1,1,0,1,1,1,0,0
0.00408375,0,0,1,0,0,0,0,1,1,1,0,1,1,1,0,0
0.00408382,0,0,1,1,0,0,0,1,1,1,0,1,1,1,0,0
0.00408383,0,0,1,0,0,0,0,1,1,1,0,1,1,1,0,0
0.00408389,0,1,0,0,0,0,0,1,1,1,0,1,1,1,0,0
0.0040839,1,1,1,1,0,0,0,1,1,1,0,1,1,1,0,0
0.00408392,1,1,1,1,1,1,1,1,1,1,0,1,1,1,0,0
0.00408397,1,1,1,1,1,1,1,0,1,1,0,1,1,1,0,0
0.00408398,0,1,1,0,0,0,0,0,1,1,0,1,1,1,0,0
0.00408399,0,1,0,0,0,0,0,0,1,1,0,1,1,1,0,0
0.00408403,0,1,1,1,0,1,0,0,1,1,0,1,1,1,0,0
0.00408404,1,1,1,1,1,1,1,0,1,1,0,1,1,1,0,0
0.00408405,1,1,1,1,0,1,1,0,1,1,0,1,1,1,0,0
0.00408407,0,1,1,0,0,0,0,0,1,1,0,1,1,1,0,0
0.00408408,0,1,0,0,0,0,0,0,1,1,0,1,1,1,0,0
0.0040841,0,1,1,0,0,0,0,0,1,1,0,1,1,1,0,0
0.00408411,0,1,1,1,0,0,0,0,1,1,0,1,1,1,0,0
0.00408412,0,1,1,1,0,1,0,0,1,1,0,1,1,1,0,0
0.00408413,0,1,1,1,0,0,0,0,1,1,0,1,1,1,0,0
0.00408415,0,1,1,0,0,0,0,0,1,1,0,1,1,1,0,0
0.00408489,0,1,1,1,0,1,1,0,1,1,0,1,1,1,0,0
0.0040849,1,1,1,1,1,1,1,0,1,1,0,1,1,1,0,0
0.00408491,1,1,1,1,1,1,1,1,1,1,0,1,1,1,0,0
0.00408493,1,1,1,1,1,1,1,0,1,1,0,1,1,1,0,0
0.00408494,0,1,1,0,0,0,0,0,1,1,0,1,1,1,0,0
0.00408495,0,1,0,0,0,0,0,0,1,1,0,1,1,1,0,0
0.00408498,0,1,1,0,0,0,0,0,1,1,0,1,1,1,0,0
0.00408499,1,1,1,1,0,1,0,0,1,1,0,1,1,1,0,0
0.004085,0,1,1,1,0,1,0,0,1,1,0,1,1,1,0,0
0.00408501,0,1,1,0,0,0,0,0,1,1,0,1,1,1,0,0
0.00408503,0,1,0,0,0,0,0,0,1,1,0,1,1,1,0,0
0.00408507,0,1,1,0,0,0,0,0,1,1,0,1,1,1,0,0
0.00408511,0,1,0,0,0,0,0,0,1,1,0,1,1,1,0,0
0.00408589,0,1,0,0,1,0,1,0,1,1,0,1,1,1,0,0
0.0040859,0,0,0,0,1,0,1,0,1,1,0,1,1,1,0,0
0.00408595,0,0,1,0,1,0,1,0,1,1,0,1,1,1,0,0
0.00408596,0,0,0,0,1,0,1,0,1,1,0,1,1,1,0,0
0.00408685,0,0,1,1,1,0,1,0,1,1,0,1,1,1,0,0
0.00408686,1,1,1,1,1,1,1,0,1,1,0,1,1,1,0,0
0.00408689,1,1,1,1,1,1,1,1,1,1,0,1,1,1,0,0
0.00408785,0,1,0,0,1,0,0,0,1,1,0,1,1,1,0,0
0.00408791,0,1,1,1,1,1,1,0,1,1,0,1,1,1,0,0
0.00408792,0,1,0,0,1,0,0,0,1,1,0,1,1,1,0,0
0.00408826,0,1,0,0,1,0,0,0,0,1,0,0,1,0,0,0
0.00408883,1,1,1,0,0,0,1,0,0,1,0,0,1,0,0,0
0.00408884,0,1,0,0,0,0,0,0,0,1,0,0,1,0,0,0
0.00408977,1,1,1,0,0,0,0,0,0,1,0,0,1,0,0,0
0.00408978,0,1,0,0,0,1,1,0,0,1,0,0,1,0,0,0
0.00408979,0,1,0,1,1,0,1,0,0,1,0,0,1,0,0,0
0.0040898,1,1,1,1,1,0,1,1,0,1,0,0,1,0,0,0
0.00408981,1,1,1,1,1,1,1,1,0,1,0,0,1,0,0,0
0.00408984,1,0,0,0,1,0,1,0,0,1,0,0,1,0,0,0
0.00408985,1,0,0,0,1,0,0,0,0,1,0,0,1,0,0,0
0.0040899,1,0,1,1,1,1,1,0,0,1,0,0,1,0,0,0
0.00408991,1,0,0,0,1,0,0,0,0,1,0,0,1,0,0,0
0.00409021,1,0,0,0,1,0,0,0,0,0,0,0,1,0,0,0
0.00409022,1,0,0,0,1,0,0,0,1,0,0,0,1,0,0,0
0.00409029,1,0,0,0,1,0,0,0,0,0,0,0,0,0,0,0
0.0040903,1,0,0,0,1,0,0,0,1,0,0,0,1,0,0,0
0.00409074,1,1,0,0,1,0,0,0,1,0,0,0,1,0,0,0
0.00409076,1,1,1,1,1,0,0,0,1,0,0,0,1,0,0,0
0.00409077,1,1,1,1,1,0,0,1,1,0,0,0,1,0,0,0
0.00409079,1,1,1,1,1,1,1,1,1,0,0,0,1,0,0,0
0.0040908,1,1,1,1,0,1,1,1,1,0,0,0,1,0,0,0
0.00409081,0,1,0,0,0,0,0,0,1,0,0,0,1,0,0,0
0.00409175,1,1,1,1,1,1,1,1,1,0,0,0,1,0,0,0
0.00409179,0,1,0,0,0,0,1,0,1,0,0,0,1,0,0,0
0.00409184,0,1,1,1,0,0,1,0,1,0,0,0,1,0,0,0
0.00409185,1,1,1,1,0,1,1,0,1,0,0,0,1,0,0,0
0.00409187,0,1,0,0,0,0,1,0,1,0,0,0,1,0,0,0
0.00409216,0,1,0,0,0,0,1,0,0,0,0,0,0,0,0,0
0.00409217,0,1,0,0,0,0,1,0,0,1,0,0,0,0,1,0
0.00409223,0,1,0,0,0,0,1,0,0,0,0,0,0,0,1,0
0.00409224,0,1,0,0,0,0,1,0,0,1,0,0,0,0,1,0
0.00409268,1,1,0,0,0,0,1,0,0,1,0,0,0,0,1,0
0.00409269,1,1,1,1,0,1,1,0,0,1,0,0,0,0,1,0
0.0040927,1,0,1,1,0,0,0,0,0,1,0,0,0,0,1,0
0.00409271,0,0,0,0,0,0,0,0,0,1,0,0,0,0,1,0
0.00409272,0,0,0,0,0,1,1,1,0,1,0,0,0,0,1,0
0.00409273,1,0,1,1,0,0,0,0,0,1,0,0,0,0,1,0
0.00409275,0,0,0,0,0,0,0,0,0,1,0,0,0,0,1,0
0.00409314,0,1,1,1,0,0,0,0,0,1,0,0,0,0,1,0
0.00409316,1,1,1,1,0,0,0,0,0,1,0,0,0,0,1,0
0.00409317,1,1,1,1,0,1,0,0,0,1,0,0,0,0,1,0
0.00409318,0,1,1,1,0,0,0,0,0,1,0,0,0,0,1,0
0.0040936,0,1,1,1,0,1,0,0,0,1,0,0,0,0,1,0
0.00409361,0,0,1,1,0,1,0,0,0,1,0,0,0,0,1,0
0.00409362,0,0,1,1,0,0,0,0,0,1,0,0,0,0,1,0
0.0040937,0,0,1,1,0,1,0,0,0,1,0,0,0,0,1,0
0.00409371,1,1,1,1,1,1,1,1,0,1,0,0,0,0,1,0
0.00409374,0,1,1,0,1,0,0,0,0,1,0,0,0,0,1,0
0.00409375,0,0,1,0,1,0,0,0,0,1,0,0,0,0,1,0
0.00409412,0,0,1,0,1,0,0,0,0,0,0,0,0,0,0,0
0.00409413,0,0,1,0,1,0,0,0,0,0,1,0,1,0,0,0
0.0040942,0,0,1,1,1,0,0,0,0,0,1,0,1,0,0,0
0.00409421,0,0,1,1,1,0,0,0,0,0,1,1,1,0,0,0
0.00409423,1,0,1,1,1,1,0,0,0,0,1,1,1,0,0,0
0.00409424,0,0,1,0,1,1,0,0,0,0,1,0,1,0,0,0
0.00409425,0,0,1,0,1,0,0,0,0,0,1,0,1,0,0,0
0.00409464,1,0,1,0,1,0,0,0,0,0,1,0,1,0,0,0
0.00409465,1,1,1,1,1,0,0,0,0,0,1,0,1,0,0,0
0.00409467,1,1,1,1,1,0,1,1,0,0,1,0,1,0,0,0
0.00409468,1,1,1,1,1,1,1,1,0,0,1,0,1,0,0,0
0.00409472,0,1,1,1,0,0,1,0,0,0,1,0,1,0,0,0
0.00409473,0,1,0,1,0,0,1,0,0,0,1,0,1,0,0,0
0.00409563,1,1,1,1,0,0,1,0,0,0,1,0,1,0,0,0
0.00409565,1,1,1,1,1,0,1,0,0,0,1,0,1,0,0,0
0.00409568,1,1,1,1,1,1,1,1,0,0,1,0,1,0,0,0
0.00409569,1,1,0,1,0,0,0,0,0,0,1,0,1,0,0,0
0.00409574,1,1,1,1,0,0,0,0,0,0,1,0,1,0,0,0
0.00409575,1,1,0,1,0,0,0,0,0,0,1,0,1,0,0,0
0.0040966,1,1,1,1,0,0,0,0,0,0,1,0,1,0,0,0
0.00409661,1,1,1,1,1,1,1,1,0,0,1,0,1,0,0,0
0.00409666,1,1,1,1,1,0,1,1,0,0,1,0,1,0,0,0
0.00409667,1,1,1,0,0,0,0,1,0,0,1,0,1,0,0,0
0.00409704,1,1,1,0,0,0,0,1,0,0,1,0,0,0,0,0
0.00409705,1,1,1,0,0,0,0,1,1,1,1,0,0,0,0,1
0.0040976,1,1,1,1,0,0,0,1,1,1,1,0,0,0,0,1
0.00409762,1,1,1,1,1,1,1,1,1,1,1,0,0,0,0,1
0.00409763,0,1,1,1,0,0,1,1,1,1,1,0,0,0,0,1
0.00409764,0,1,0,1,0,0,1,0,1,1,1,0,0,0,0,1
0.00409857,1,1,0,1,0,0,1,0,1,1,1,0,0,0,0,1
0.00409859,1,1,0,1,0,0,0,0,1,1,1,0,0,0,0,1
0.00409862,1,1,1,1,1,1,1,1,1,1,1,0,0,0,0,1
0.00409866,0,1,0,0,0,1,0,0,1,1,1,0,0,0,0,1
0.00409872,1,1,1,1,0,1,0,0,1,1,1,0,0,0,0,1
0.00409873,0,1,1,0,0,1,0,0,1,1,1,0,0,0,0,1
0.00409874,0,1,0,0,0,1,0,0,1,1,1,0,0,0,0,1
0.004099,0,1,0,0,0,1,0,0,0,1,0,0,0,0,0,0
0.00409901,0,1,0,0,0,1,0,0,0,1,0,0,0,1,0,0
0.00409953,1,1,1,1,0,1,0,0,0,1,0,0,0,1,0,0
0.00409954,1,1,1,1,0,1,1,0,0,1,0,0,0,1,0,0
0.00409955,1,1,1,1,1,1,1,0,0,1,0,0,0,1,0,0
0.00409956,1,1,1,1,1,1,1,1,0,1,0,0,0,1,0,0
0.0040996,1,0,1,1,1,1,1,1,0,1,0,0,0,1,0,0
0.00409961,0,0,0,0,1,0,1,0,0,1,0,0,0,1,0,0
0.00409966,1,0,1,1,1,0,1,0,0,1,0,0,0,1,0,0
0.00409967,1,0,1,1,1,1,1,0,0,1,0,0,0,1,0,0
0.00409968,0,0,1,1,1,0,1,0,0,1,0,0,0,1,0,0
0.00409969,0,0,0,0,1,0,1,0,0,1,0,0,0,1,0,0
0.00410051,1,1,1,1,1,0,1,0,0,1,0,0,0,1,0,0
0.00410052,1,1,1,1,1,1,1,1,0,1,0,0,0,1,0,0
0.00410056,0,0,0,0,0,0,0,1,0,1,0,0,0,1,0,0
0.00410061,0,0,1,0,0,1,0,1,0,1,0,0,0,1,0,0
0.00410062,1,0,1,1,0,1,1,1,0,1,0,0,0,1,0,0
0.00410064,0,0,1,1,0,1,0,1,0,1,0,0,0,1,0,0
0.00410065,0,0,0,0,0,0,0,1,0,1,0,0,0,1,0,0
0.00410071,0,0,0,0,0,1,0,1,0,1,0,0,0,1,0,0
0.00410072,0,0,0,0,0,0,0,1,0,1,0,0,0,1,0,0
0.00410148,0,1,0,1,0,0,0,1,0,1,0,0,0,1,0,0
0.00410149,0,1,0,1,0,0,1,1,0,1,0,0,0,1,0,0
0.0041015,1,1,1,1,1,1,1,0,0,1,0,0,0,1,0,0
0.00410152,0,1,1,1,0,0,1,0,0,1,0,0,0,1,0,0
0.00410153,0,1,0,1,0,0,1,0,0,1,0,0,0,1,0,0
0.00410252,1,1,1,1,1,1,1,0,0,1,0,0,0,1,0,0
0.00410253,1,1,1,1,1,1,1,1,0,1,0,0,0,1,0,0
0.00410258,1,0,0,1,0,1,0,1,0,1,0,0,0,1,0,0
0.00410259,0,0,0,1,0,0,0,1,0,1,0,0,0,1,0,0
0.00410264,1,0,1,1,0,1,0,1,0,1,0,0,0,1,0,0
0.00410265,0,0,0,1,0,1,0,1,0,1,0,0,0,1,0,0
0.00410266,0,0,0,1,0,0,0,1,0,1,0,0,0,1,0,0
0.0041029,0,0,0,1,0,0,0,1,0,0,0,0,0,0,0,0
0.00410291,0,0,0,1,0,0,0,1,0,0,0,1,0,0,0,0
0.00410292,0,0,0,1,0,0,0,1,0,0,0,1,0,0,0,1
0.00410298,0,0,0,1,0,0,0,1,0,0,0,1,0,0,0,0
0.00410299,0,0,0,1,0,0,0,1,0,0,0,1,0,0,0,1
0.00410343,0,1,0,1,0,0,0,1,0,0,0,1,0,0,0,1
0.00410344,1,1,1,1,0,0,0,1,0,0,0,1,0,0,0,1
0.00410345,1,0,1,1,1,1,1,1,0,0,0,1,0,0,0,1
0.00410347,1,1,1,1,1,1,1,1,0,0,0,1,0,0,0,1
0.0041035,1,1,1,1,0,0,0,0,0,0,0,1,0,0,0,1
0.00410351,1,1,0,1,0,0,0,0,0,0,0,1,0,0,0,1
0.00410355,1,1,1,1,0,1,1,0,0,0,0,1,0,0,0,1
0.00410357,1,1,0,1,0,0,0,0,0,0,0,1,0,0,0,1
0.00410447,1,1,0,1,0,1,0,0,0,0,0,1,0,0,0,1
0.00410449,1,1,1,1,1,1,1,1,0,0,0,1,0,0,0,1
0.0041045,0,1,0,0,0,1,1,1,0,0,0,1,0,0,0,1
0.00410451,0,1,0,0,0,1,0,0,0,0,0,1,0,0,0,1
0.00410456,0,1,1,0,0,1,0,0,0,0,0,1,0,0,0,1
0.00410457,0,1,0,0,0,1,0,0,0,0,0,1,0,0,0,1
0.00410486,0,1,0,0,0,1,0,0,0,0,0,0,0,1,0,0
0.00410487,0,1,0,0,0,1,0,0,0,1,0,0,0,1,0,0
0.00410493,0,1,0,0,0,1,0,0,0,0,0,0,0,0,0,0
0.00410494,0,1,0,0,0,1,0,0,0,1,0,0,0,1,0,0
0.00410538,1,1,0,0,0,1,0,0,0,1,0,0,0,1,0,0
0.0041054,0,1,0,0,0,1,0,0,0,1,0,0,0,1,0,0
0.00410541,0,1,1,1,1,1,0,0,0,1,0,0,0,1,0,0
0.00410542,1,1,1,1,1,1,1,1,0,1,0,0,0,1,0,0
0.00410546,1,0,1,0,1,0,1,1,0,1,0,0,0,1,0,0
0.00410547,1,0,0,0,1,0,1,0,0,1,0,0,0,1,0,0
0.00410551,1,0,1,0,1,0,1,0,0,1,0,0,0,1,0,0
0.00410552,1,1,1,1,1,1,1,0,0,1,0,0,0,1,0,0
0.00410553,1,0,1,0,1,0,1,0,0,1,0,0,0,1,0,0
0.00410554,1,0,0,0,1,0,1,0,0,1,0,0,0,1,0,0
0.00410637,1,1,0,1,1,0,1,1,0,1,0,0,0,1,0,0
0.00410639,1,1,1,1,1,1,1,1,0,1,0,0,0,1,0,0
0.00410641,1,0,0,0,1,1,1,1,0,1,0,0,0,1,0,0
0.00410642,1,0,0,0,0,0,0,1,0,1,0,0,0,1,0,0
0.00410643,0,0,0,0,0,0,0,1,0,1,0,0,0,1,0,0
0.00410648,0,1,1,1,0,1,0,1,0,1,0,0,0,1,0,0
0.00410649,0,0,1,0,0,0,0,1,0,1,0,0,0,1,0,0
0.0041065,0,0,0,0,0,0,0,1,0,1,0,0,0,1,0,0
0.00410734,1,1,0,1,0,0,0,1,0,1,0,0,0,1,0,0
0.00410736,1,1,1,1,0,0,0,0,0,1,0,0,0,1,0,0
0.00410738,1,1,0,1,0,0,0,0,0,1,0,0,0,1,0,0
0.00410838,1,1,1,1,1,1,1,1,0,1,0,0,0,1,0,0
0.00410843,0,0,1,1,1,0,0,0,0,1,0,0,0,1,0,0
0.00410845,0,0,1,0,1,0,0,0,0,1,0,0,0,1,0,0
0.00410876,0,0,1,0,1,0,0,0,0,0,0,0,0,0,0,0
0.00410877,0,0,1,0,1,0,0,0,0,0,0,0,1,0,0,0
0.00410878,0,0,1,0,1,0,0,0,0,0,1,0,1,0,0,0
0.00410929,1,1,1,0,1,0,0,0,0,0,1,0,1,0,0,0
0.0041093,1,1,1,1,1,0,0,0,0,0,1,0,1,0,0,0
0.00410931,1,1,1,0,1,1,1,1,0,0,1,0,1,0,0,0
0.00410932,1,1,1,1,1,1,1,1,0,0,1,0,1,0,0,0
0.00411034,0,0,0,0,0,0,0,1,0,0,1,0,1,0,0,0
0.0041104,1,1,1,1,0,0,0,1,0,0,1,0,1,0,0,0
0.00411041,1,1,1,1,0,1,0,1,0,0,1,0,1,0,0,0
0.00411042,1,1,1,1,0,0,0,1,0,0,1,0,1,0,0,0
0.00411043,0,0,0,0,0,0,0,1,0,0,1,0,1,0,0,0
0.00411124,1,0,0,1,0,0,0,1,0,0,1,0,1,0,0,0
0.00411125,1,1,1,1,0,0,0,1,0,0,1,0,1,0,0,0
0.00411127,1,1,1,1,1,1,1,1,0,0,1,0,1,0,0,0
0.0041113,1,1,1,1,1,1,1,0,0,0,1,0,1,0,0,0
0.00411131,1,1,0,1,1,1,0,0,0,0,1,0,1,0,0,0
0.00411135,1,1,1,1,1,1,1,0,0,0,1,0,1,0,0,0
0.00411137,1,1,0,1,1,1,0,0,0,0,1,0,1,0,0,0
0.00411169,1,1,0,1,1,1,0,0,0,0,0,0,1,0,0,0
0.0041117,1,1,0,1,1,1,0,0,1,1,0,1,1,1,0,0
0.00411224,1,1,1,1,1,1,1,1,1,1,0,1,1,1,0,0
0.00411229,1,0,1,1,1,1,1,1,1,1,0,1,1,1,0,0
0.0041123,0,0,0,0,1,0,1,0,1,1,0,1,1,1,0,0
0.00411234,0,0,1,0,1,1,1,0,1,1,0,1,1,1,0,0
0.00411235,1,1,1,1,1,1,1,0,1,1,0,1,1,1,0,0
0.00411238,0,0,1,0,1,0,1,0,1,1,0,1,1,1,0,0
0.00411239,0,0,0,0,1,0,1,0,1,1,0,1,1,1,0,0
0.00411242,0,0,1,1,1,0,1,0,1,1,0,1,1,1,0,0
0.00411245,0,0,1,0,1,0,1,0,1,1,0,1,1,1,0,0
0.00411247,0,0,0,0,1,0,1,0,1,1,0,1,1,1,0,0
0.00411249,0,0,1,0,1,0,1,0,1,1,0,1,1,1,0,0
0.00411256,0,0,0,0,1,0,1,0,1,1,0,1,1,1,0,0
0.00411258,0,0,1,0,1,0,1,0,1,1,0,1,1,1,0,0
0.00411261,0,0,0,0,1,0,1,0,1,1,0,1,1,1,0,0
0.00411264,0,0,1,0,1,0,1,0,1,1,0,1,1,1,0,0
0.00411266,0,0,0,0,1,0,1,0,1,1,0,1,1,1,0,0
0.00411268,0,0,1,0,1,0,1,0,1,1,0,1,1,1,0,0
0.0041127,0,0,0,0,1,0,1,0,1,1,0,1,1,1,0,0
0.0041132,1,1,1,1,1,0,1,0,1,1,0,1,1,1,0,0
0.00411321,1,1,1,1,1,1,1,1,1,1,0,1,1,1,0,0
0.00411326,1,1,1,1,0,1,0,1,1,1,0,1,1,1,0,0
0.00411327,0,0,0,0,0,0,0,1,1,1,0,1,1,1,0,0
0.0041133,0,1,1,1,0,1,0,1,1,1,0,1,1,1,0,0
0.00411331,1,1,1,1,0,1,0,1,1,1,0,1,1,1,0,0
0.00411336,0,0,0,0,0,0,0,1,1,1,0,1,1,1,0,0
0.00411338,0,0,1,1,0,0,0,1,1,1,0,1,1,1,0,0
0.00411339,1,1,1,1,0,1,0,1,1,1,0,1,1,1,0,0
0.00411343,1,0,1,1,0,1,0,1,1,1,0,1,1,1,0,0
0.00411344,0,0,1,1,0,0,0,1,1,1,0,1,1,1,0,0
0.00411348,1,0,1,1,0,1,0,1,1,1,0,1,1,1,0,0
0.0041135,1,0,1,1,0,0,0,1,1,1,0,1,1,1,0,0
0.00411353,0,0,1,1,0,0,0,1,1,1,0,1,1,1,0,0
0.00411354,1,0,1,1,0,0,0,1,1,1,0,1,1,1,0,0
0.00411355,0,0,1,1,0,0,0,1,1,1,0,1,1,1,0,0
0.00411358,1,0,1,1,0,0,0,1,1,1,0,1,1,1,0,0
0.00411359,0,0,1,1,0,0,0,1,1,1,0,1,1,1,0,0
0.00411364,1,0,1,1,0,0,0,1,1,1,0,1,1,1,0,0
0.00411365,0,0,1,1,0,0,0,1,1,1,0,1,1,1,0,0
0.00411383,0,0,1,0,0,0,0,1,1,1,0,1,1,1,0,0
0.00411385,0,0,1,1,0,0,0,1,1,1,0,1,1,1,0,0
0.00411387,0,0,1,0,0,0,0,1,1,1,0,1,1,1,0,0
0.00411393,0,0,0,0,0,0,0,1,1,1,0,1,1,1,0,0
0.00411394,0,0,1,0,0,0,0,1,1,1,0,1,1,1,0,0
0.00411397,0,0,0,0,0,0,0,1,1,1,0,1,1,1,0,0
0.00411408,0,0,1,0,0,0,0,1,1,1,0,1,1,1,0,0
0.00411409,0,0,0,0,0,0,0,1,1,1,0,1,1,1,0,0
0.00411414,0,0,1,0,0,0,0,1,1,1,0,1,1,1,0,0
0.00411415,0,0,0,0,0,0,0,1,1,1,0,1,1,1,0,0
0.00411417,1,1,1,1,0,0,0,1,1,1,0,1,1,1,0,0
0.00411419,1,1,1,1,1,1,1,1,1,1,0,1,1,1,0,0
0.00411425,0,1,0,1,0,0,1,0,1,1,0,1,1,1,0,0
0.00411428,1,1,1,1,0,1,1,0,1,1,0,1,1,1,0,0
0.0041143,1,1,1,1,1,1,1,0,1,1,0,1,1,1,0,0
0.00411431,1,1,1,1,0,1,1,0,1,1,0,1,1,1,0,0
0.00411433,0,1,1,1,0,0,1,0,1,1,0,1,1,1,0,0
0.00411434,0,1,0,1,0,0,1,0,1,1,0,1,1,1,0,0
0.00411436,1,1,1,1,0,1,1,0,1,1,0,1,1,1,0,0
0.00411441,0,1,1,1,0,0,1,0,1,1,0,1,1,1,0,0
0.00411444,1,1,1,1,0,1,1,0,1,1,0,1,1,1,0,0
0.00411447,1,1,1,1,0,0,1,0,1,1,0,1,1,1,0,0
0.0041145,0,1,1,1,0,0,1,0,1,1,0,1,1,1,0,0
0.00411451,1,1,1,1,0,0,1,0,1,1,0,1,1,1,0,0
0.00411455,0,1,1,1,0,0,1,0,1,1,0,1,1,1,0,0
0.00411474,0,1,0,1,0,0,1,0,1,1,0,1,1,1,0,0
0.00411475,0,1,1,1,0,0,1,0,1,1,0,1,1,1,0,0
0.00411487,0,1,0,1,0,0,1,0,1,1,0,1,1,1,0,0
0.00411488,0,1,1,1,0,0,1,0,1,1,0,1,1,1,0,0
0.0041149,0,1,0,1,0,0,1,0,1,1,0,1,1,1,0,0
0.00411494,0,1,1,1,0,0,1,0,1,1,0,1,1,1,0,0
0.00411495,0,1,0,1,0,0,1,0,1,1,0,1,1,1,0,0
0.00411514,0,1,1,1,0,0,1,0,1,1,0,1,1,1,0,0
0.00411515,1,1,1,1,0,1,1,0,1,1,0,1,1,1,0,0
0.00411518,0,1,0,1,0,0,1,0,1,1,0,1,1,1,0,0
0.00411521,1,1,1,1,0,0,1,0,1,1,0,1,1,1,0,0
0.00411522,1,1,1,1,1,0,1,0,1,1,0,1,1,1,0,0
0.00411523,1,1,1,1,1,1,1,0,1,1,0,1,1,1,0,0
0.00411524,1,1,1,0,1,1,1,1,1,1,0,1,1,1,0,0
0.00411525,1,1,1,0,1,1,1,0,1,1,0,1,1,1,0,0
0.00411527,1,0,0,0,1,1,1,0,1,1,0,1,1,1,0,0
0.00411528,1,0,0,0,1,0,1,0,1,1,0,1,1,1,0,0
0.00411531,1,0,1,0,1,1,1,0,1,1,0,1,1,1,0,0
0.00411532,1,0,1,1,1,1,1,1,1,1,0,1,1,1,0,0
0.00411533,1,0,1,0,1,1,1,0,1,1,0,1,1,1,0,0
0.00411534,1,0,0,0,1,0,1,0,1,1,0,1,1,1,0,0
0.00411614,1,1,0,0,1,0,1,0,1,1,0,1,1,1,0,0
0.00411615,1,1,1,1,1,0,1,1,1,1,0,1,1,1,0,0
0.00411616,1,1,1,1,1,1,1,1,1,1,0,1,1,1,0,0
0.00411619,0,1,1,0,0,1,0,1,1,1,0,1,1,1,0,0
0.0041162,0,0,0,0,0,0,0,1,1,1,0,1,1,1,0,0
0.00411624,0,0,1,1,0,1,0,1,1,1,0,1,1,1,0,0
0.00411625,1,1,1,1,0,1,0,1,1,1,0,1,1,1,0,0
0.00411626,1,0,1,1,0,1,1,1,1,1,0,1,1,1,0,0
0.00411627,0,0,1,0,0,1,0,1,1,1,0,1,1,1,0,0
0.00411628,0,0,0,0,0,0,0,1,1,1,0,1,1,1,0,0
0.00411709,1,1,0,1,0,0,0,1,1,1,0,1,1,1,0,0
0.0041171,1,1,1,1,0,0,0,1,1,1,0,1,1,1,0,0
0.00411711,1,1,1,1,1,1,1,1,1,1,0,1,1,1,0,0
0.00411717,1,1,1,1,1,1,1,0,1,1,0,1,1,1,0,0
0.00411718,1,1,0,1,0,0,0,0,1,1,0,1,1,1,0,0
0.00411722,1,1,1,1,0,1,0,0,1,1,0,1,1,1,0,0
0.00411723,1,1,1,1,0,1,1,0,1,1,0,1,1,1,0,0
0.00411724,1,1,1,1,0,1,0,0,1,1,0,1,1,1,0,0
0.00411725,1,1,0,1,0,0,0,0,1,1,0,1,1,1,0,0
0.00411809,1,1,1,1,0,1,1,0,1,1,0,1,1,1,0,0
0.0041181,1,1,1,1,1,1,1,0,1,1,0,1,1,1,0,0
0.00411811,1,1,1,1,1,1,1,1,1,1,0,1,1,1,0,0
0.00411813,1,1,1,1,0,0,0,0,1,1,0,1,1,1,0,0
0.00411814,1,1,0,1,0,0,0,0,1,1,0,1,1,1,0,0
0.00411909,0,1,1,1,0,0,1,0,1,1,0,1,1,1,0,0
0.0041191,0,1,0,1,0,0,1,0,1,1,0,1,1,1,0,0
0.00412005,0,1,0,1,0,1,1,0,1,1,0,1,1,1,0,0
0.00412006,0,1,1,1,0,1,1,0,1,1,0,1,1,1,0,0
0.00412007,1,1,1,1,1,1,1,0,1,1,0,1,1,1,0,0
0.00412008,1,1,1,1,1,1,1,1,1,1,0,1,1,1,0,0
0.00412103,1,1,1,1,1,0,1,0,1,1,0,1,1,1,0,0
0.00412104,1,1,1,1,1,0,0,0,1,1,0,1,1,1,0,0
0.00412105,0,0,0,1,1,0,0,0,1,1,0,1,1,1,0,0
0.00412106,0,0,0,1,1,0,1,0,1,1,0,1,1,1,0,0
0.00412108,1,1,1,1,1,1,1,1,1,1,0,1,1,1,0,0
0.00412112,1,1,1,1,1,1,1,0,1,1,0,1,1,1,0,0
0.00412113,1,1,1,1,1,0,0,0,1,1,0,1,1,1,0,0
0.00412114,0,0,1,0,1,0,0,0,1,1,0,1,1,1,0,0
0.00412145,0,0,1,0,1,0,0,0,1,0,0,0,1,0,0,0
0.00412146,0,0,1,0,1,0,0,0,0,0,0,0,1,0,0,0
0.00412147,0,0,1,0,1,0,0,0,0,0,1,0,1,0,0,0
0.00412198,1,1,1,0,1,0,0,0,0,0,1,0,1,0,0,0
0.00412199,1,1,1,1,1,0,0,0,0,0,1,0,1,0,0,0
0.004122,1,1,1,0,1,0,0,1,0,0,1,0,1,0,0,0
0.00412201,1,1,1,1,1,1,1,1,0,0,1,0,1,0,0,0
0.00412303,1,1,1,1,0,1,1,1,0,0,1,0,1,0,0,0
0.00412304,0,0,0,0,0,0,0,1,0,0,1,0,1,0,0,0
0.00412309,1,0,1,1,0,0,0,1,0,0,1,0,1,0,0,0
0.0041231,1,1,1,1,0,0,0,1,0,0,1,0,1,0,0,0
0.00412312,1,0,1,1,0,0,0,1,0,0,1,0,1,0,0,0
0.00412313,0,0,0,0,0,0,0,1,0,0,1,0,1,0,0,0
0.00412393,0,1,0,0,0,0,0,1,0,0,1,0,1,0,0,0
0.00412394,1,1,1,1,0,0,0,1,0,0,1,0,1,0,0,0
0.00412396,1,1,1,1,1,1,1,1,0,0,1,0,1,0,0,0
0.004124,1,1,1,1,1,1,1,0,0,0,1,0,1,0,0,0
0.00412401,0,1,0,0,1,0,0,0,0,0,1,0,1,0,0,0
0.00412404,1,1,1,1,1,0,0,0,0,0,1,0,1,0,0,0
0.00412405,1,1,1,1,1,1,1,0,0,0,1,0,1,0,0,0
0.00412408,1,1,1,1,1,0,0,0,0,0,1,0,1,0,0,0
0.00412409,0,1,1,0,1,0,0,0,0,0,1,0,1,0,0,0
0.0041241,0,1,0,0,1,0,0,0,0,0,1,0,1,0,0,0
0.00412412,1,1,1,1,1,0,0,0,0,0,1,0,1,0,0,0
0.00412417,0,1,1,1,1,0,0,0,0,0,1,0,1,0,0,0
0.00412418,0,1,1,0,1,0,0,0,0,0,1,0,1,0,0,0
0.0041242,0,1,1,1,1,0,0,0,0,0,1,0,1,0,0,0
0.00412421,1,1,1,1,1,0,0,0,0,0,1,0,1,0,0,0
0.00412424,0,1,1,1,1,0,0,0,0,0,1,0,1,0,0,0
0.00412425,1,1,1,1,1,0,0,0,0,0,1,0,1,0,0,0
0.00412426,0,1,1,1,1,0,0,0,0,0,1,0,1,0,0,0
0.00412433,0,1,1,0,1,0,0,0,0,0,1,0,1,0,0,0
0.00412436,0,1,1,1,1,0,0,0,0,0,1,0,1,0,0,0
0.00412437,1,1,1,1,1,0,0,0,0,0,1,0,1,0,0,0
0.00412438,1,1,1,1,1,0,0,0,0,0,0,0,1,0,0,0
0.00412439,0,1,1,1,1,0,0,0,0,1,0,0,1,0,0,0
0.0041244,0,1,1,0,1,0,0,0,0,1,0,0,1,0,0,0
0.00412444,1,1,1,1,1,0,0,0,0,1,0,0,1,0,0,0
0.00412445,0,1,1,1,1,0,0,0,0,1,0,0,1,0,0,0
0.00412446,0,1,1,0,1,0,0,0,0,1,0,0,0,0,0,0
0.00412447,0,1,1,0,1,0,0,0,0,1,0,0,1,0,0,0
0.00412449,0,1,0,0,1,0,0,0,0,1,0,0,1,0,0,0
0.00412451,0,1,1,0,1,0,0,0,0,1,0,0,1,0,0,0
0.00412452,1,1,1,1,1,0,0,0,0,1,0,0,1,0,0,0
0.00412453,0,1,1,1,1,0,0,0,0,1,0,0,1,0,0,0
0.00412454,0,1,1,0,1,0,0,0,0,1,0,0,1,0,0,0
0.00412468,0,1,0,0,1,0,0,0,0,1,0,0,1,0,0,0
0.00412469,0,1,1,0,1,0,0,0,0,1,0,0,1,0,0,0
0.00412473,0,1,0,0,1,0,0,0,0,1,0,0,1,0,0,0
0.00412474,0,1,1,0,1,0,0,0,0,1,0,0,1,0,0,0
0.00412476,0,1,0,0,1,0,0,0,0,1,0,0,1,0,0,0
0.00412487,0,1,1,0,1,0,0,0,0,1,0,0,1,0,0,0
0.00412489,0,1,0,0,1,0,0,0,0,1,0,0,1,0,0,0
0.0041249,0,1,1,0,1,0,0,0,0,1,0,0,1,0,0,0
0.00412491,0,1,0,0,1,0,0,0,0,1,0,0,1,0,0,0
0.00412493,0,1,1,1,1,0,0,0,0,1,0,0,1,0,0,0
0.00412494,1,1,1,1,1,1,1,1,0,1,0,0,1,0,0,0
0.00412499,0,0,0,0,0,1,0,0,0,1,0,0,1,0,0,0
0.00412502,0,0,1,0,0,1,0,0,0,1,0,0,1,0,0,0
0.00412503,1,0,1,1,0,1,1,0,0,1,0,0,1,0,0,0
0.00412504,1,1,1,1,0,1,1,0,0,1,0,0,1,0,0,0
0.00412507,1,0,1,1,0,1,1,0,0,1,0,0,1,0,0,0
0.00412508,0,0,1,1,0,1,0,0,0,1,0,0,1,0,0,0
0.00412509,0,0,1,0,0,1,0,0,0,1,0,0,1,0,0,0
0.0041251,0,0,1,1,0,1,0,0,0,1,0,0,1,0,0,0
0.00412511,1,0,1,1,0,1,0,0,0,1,0,0,1,0,0,0
0.00412512,1,0,1,1,0,1,1,0,0,1,0,0,1,0,0,0
0.00412516,1,0,1,1,0,1,0,0,0,1,0,0,1,0,0,0
0.00412548,0,0,1,1,0,1,0,0,0,1,0,0,1,0,0,0
0.00412551,1,0,1,1,0,1,0,0,0,1,0,0,1,0,0,0
0.00412554,0,0,1,1,0,1,0,0,0,1,0,0,1,0,0,0
0.00412555,1,0,1,1,0,1,0,0,0,1,0,0,1,0,0,0
0.00412556,0,0,1,1,0,1,0,0,0,1,0,0,1,0,0,0
0.00412581,0,0,1,0,0,1,0,0,0,1,0,0,1,0,0,0
0.00412582,0,0,1,1,0,1,0,0,0,1,0,0,1,0,0,0
0.00412585,0,0,1,0,0,1,0,0,0,1,0,0,1,0,0,0
0.00412587,0,0,1,1,0,1,0,0,0,1,0,0,1,0,0,0
0.00412588,0,0,1,0,0,1,0,0,0,1,0,0,1,0,0,0
0.00412589,1,1,1,1,0,1,0,0,0,1,0,0,1,0,0,0
0.00412591,1,1,1,1,1,1,1,0,0,1,0,0,1,0,0,0
0.00412592,1,1,1,1,1,1,1,1,0,1,0,0,1,0,0,0
0.00412596,1,0,0,0,1,0,0,0,0,1,0,0,1,0,0,0
0.004126,1,1,1,1,1,1,1,1,0,1,0,0,1,0,0,0
0.00412603,1,1,1,1,1,0,1,0,0,1,0,0,1,0,0,0
0.00412604,1,0,1,1,1,0,0,0,0,1,0,0,1,0,0,0
0.00412605,1,0,0,0,1,0,0,0,0,1,0,0,1,0,0,0
0.00412607,1,0,1,0,1,0,0,0,0,1,0,0,1,0,0,0
0.00412608,1,1,1,1,1,0,0,0,0,1,0,0,1,0,0,0
0.00412609,1,1,1,1,1,0,1,0,0,1,0,0,1,0,0,0
0.0041261,1,1,1,1,1,0,0,0,0,1,0,0,1,0,0,0
0.00412612,1,0,1,1,1,0,0,0,0,1,0,0,1,0,0,0
0.00412613,1,0,1,0,1,0,0,0,0,1,0,0,1,0,0,0
0.00412615,1,0,1,1,1,0,0,0,0,1,0,0,1,0,0,0
0.00412629,1,0,1,0,1,0,0,0,0,1,0,0,1,0,0,0
0.00412632,1,0,1,1,1,0,0,0,0,1,0,0,1,0,0,0
0.00412634,1,0,1,1,1,0,0,0,0,0,0,0,1,0,0,0
0.00412635,1,0,1,0,1,0,0,0,1,0,0,0,1,0,0,0
0.00412639,1,0,1,1,1,0,0,0,1,0,0,0,1,0,0,0
0.00412641,1,0,1,1,1,0,0,0,0,0,0,0,0,0,0,0
0.00412642,1,0,1,0,1,0,0,0,1,0,0,0,1,0,0,0
0.00412645,1,0,0,0,1,0,0,0,1,0,0,0,1,0,0,0
0.00412646,1,0,1,0,1,0,0,0,1,0,0,0,1,0,0,0
0.00412647,1,0,1,1,1,0,0,0,1,0,0,0,1,0,0,0
0.00412649,1,0,1,0,1,0,0,0,1,0,0,0,1,0,0,0
0.00412672,1,0,0,0,1,0,0,0,1,0,0,0,1,0,0,0
0.00412674,1,0,1,0,1,0,0,0,1,0,0,0,1,0,0,0
0.00412675,1,0,0,0,1,0,0,0,1,0,0,0,1,0,0,0
0.00412677,1,0,1,0,1,0,0,0,1,0,0,0,1,0,0,0
0.00412679,1,0,0,0,1,0,0,0,1,0,0,0,1,0,0,0
0.00412683,1,0,1,0,1,0,0,0,1,0,0,0,1,0,0,0
0.00412684,1,0,0,0,1,0,0,0,1,0,0,0,1,0,0,0
0.00412686,1,0,0,1,1,0,0,0,1,0,0,0,1,0,0,0
0.00412688,1,1,1,0,1,1,1,1,1,0,0,0,1,0,0,0
0.0041269,1,1,1,1,1,1,1,1,1,0,0,0,1,0,0,0
0.00412694,0,0,1,0,1,1,1,0,1,0,0,0,1,0,0,0
0.00412695,0,0,0,0,1,0,0,0,1,0,0,0,1,0,0,0
0.00412698,0,1,1,1,1,1,0,0,1,0,0,0,1,0,0,0
0.00412699,0,1,1,1,1,1,1,0,1,0,0,0,1,0,0,0
0.004127,1,1,1,1,1,1,1,0,1,0,0,0,1,0,0,0
0.00412701,1,1,1,1,1,1,1,1,1,0,0,0,1,0,0,0
0.00412702,1,1,1,1,1,1,1,0,1,0,0,0,1,0,0,0
0.00412703,0,0,1,1,1,0,0,0,1,0,0,0,1,0,0,0
0.00412704,0,0,1,0,1,0,0,0,1,0,0,0,1,0,0,0
0.00412706,0,0,1,1,1,0,0,0,1,0,0,0,1,0,0,0
0.00412707,0,1,1,1,1,0,0,0,1,0,0,0,1,0,0,0
0.00412708,0,1,1,1,1,1,0,0,1,0,0,0,1,0,0,0
0.0041271,0,1,1,1,1,0,0,0,1,0,0,0,1,0,0,0
0.00412712,0,0,1,1,1,0,0,0,1,0,0,0,1,0,0,0
0.00412715,0,1,1,1,1,0,0,0,1,0,0,0,1,0,0,0
0.00412719,0,0,1,1,1,0,0,0,1,0,0,0,1,0,0,0
0.00412724,0,1,1,1,1,0,0,0,1,0,0,0,1,0,0,0
0.00412725,0,0,1,1,1,0,0,0,1,0,0,0,1,0,0,0
0.00412733,0,1,1,1,1,0,0,0,1,0,0,0,1,0,0,0
0.00412734,0,0,1,1,1,0,0,0,1,0,0,0,1,0,0,0
0.00412766,0,0,1,0,1,0,0,0,1,0,0,0,1,0,0,0
0.00412768,0,0,1,1,1,0,0,0,1,0,0,0,1,0,0,0
0.00412771,0,0,1,0,1,0,0,0,1,0,0,0,1,0,0,0
0.00412775,0,0,1,1,1,0,0,0,1,0,0,0,1,0,0,0
0.00412776,0,0,1,0,1,0,0,0,1,0,0,0,1,0,0,0
0.00412778,0,0,1,1,1,0,0,0,1,0,0,0,1,0,0,0
0.0041278,0,0,1,0,1,0,0,0,1,0,0,0,1,0,0,0
0.00412782,0,0,1,1,1,0,0,0,1,0,0,0,1,0,0,0
0.00412783,0,0,1,0,1,0,0,0,1,0,0,0,1,0,0,0
0.00412784,1,0,0,1,1,0,0,0,1,0,0,0,1,0,0,0
0.00412786,1,1,1,1,1,1,1,1,1,0,0,0,1,0,0,0
0.00412787,1,1,1,1,1,1,1,0,1,0,0,0,1,0,0,0
0.00412789,1,1,1,1,1,1,1,1,1,0,0,0,1,0,0,0
0.00412791,1,1,0,1,0,1,1,0,1,0,0,0,1,0,0,0
0.00412792,1,0,0,1,0,0,1,0,1,0,0,0,1,0,0,0
0.00412795,1,1,1,1,0,1,1,0,1,0,0,0,1,0,0,0
0.00412796,1,1,1,1,0,1,1,1,1,0,0,0,1,0,0,0
0.00412797,1,1,1,1,0,1,1,0,1,0,0,0,1,0,0,0
0.00412798,1,1,1,1,0,0,1,0,1,0,0,0,1,0,0,0
0.00412799,1,0,1,1,0,0,1,0,1,0,0,0,1,0,0,0
0.004128,1,0,0,1,0,0,1,0,1,0,0,0,1,0,0,0
0.00412803,1,0,1,1,0,0,1,0,1,0,0,0,1,0,0,0
0.00412807,1,0,0,1,0,0,1,0,1,0,0,0,1,0,0,0
0.0041281,1,0,1,1,0,0,1,0,1,0,0,0,1,0,0,0
0.00412818,1,0,0,1,0,0,1,0,1,0,0,0,1,0,0,0
0.00412819,1,0,1,1,0,0,1,0,1,0,0,0,1,0,0,0
0.00412821,1,0,0,1,0,0,1,0,1,0,0,0,1,0,0,0
0.00412822,1,0,1,1,0,0,1,0,1,0,0,0,1,0,0,0
0.00412824,1,0,0,1,0,0,1,0,1,0,0,0,1,0,0,0
0.00412827,1,0,1,1,0,0,1,0,1,0,0,0,1,0,0,0
0.00412829,1,0,0,1,0,0,1,0,1,0,0,1,0,0,1,0
0.00412834,1,0,1,1,0,0,1,0,1,0,0,1,0,0,1,0
0.00412836,1,0,0,1,0,0,1,0,1,0,0,1,0,0,1,0
0.00412881,1,1,1,1,0,1,1,0,1,0,0,1,0,0,1,0
0.00412883,0,0,0,0,0,0,0,0,1,0,0,1,0,0,1,0
0.00412884,0,0,0,0,0,1,1,0,1,0,0,1,0,0,1,0
0.00412885,0,0,0,0,1,1,1,1,1,0,0,1,0,0,1,0
0.00412886,0,0,1,0,1,1,1,1,1,0,0,1,0,0,1,0
0.00412887,1,1,1,1,1,1,1,1,1,0,0,1,0,0,1,0
0.00412889,0,0,0,0,1,1,1,1,1,0,0,1,0,0,1,0
0.00412894,0,0,1,0,1,1,1,1,1,0,0,1,0,0,1,0
0.00412896,0,0,0,0,1,1,1,1,1,0,0,1,0,0,1,0
0.00412973,1,1,1,1,1,1,1,1,1,0,0,1,0,0,1,0
0.00412974,0,0,0,0,1,1,1,1,1,0,0,1,0,0,1,0
0.00412978,1,1,1,1,1,1,1,1,1,0,0,1,0,0,1,0
0.00412979,0,0,1,0,1,1,1,1,1,0,0,1,0,0,1,0
0.0041298,0,0,0,0,1,1,1,1,1,0,0,1,0,0,1,0
0.00412983,1,1,1,1,1,1,1,1,1,0,0,1,0,0,1,0
0.00412986,1,1,1,1,1,0,1,0,1,0,0,1,0,0,1,0
0.00412988,1,1,1,1,1,1,1,1,1,0,0,1,0,0,1,0
0.00412993,1,0,1,0,1,0,0,0,1,0,0,1,0,0,1,0
0.00412994,0,0,1,0,1,0,0,0,1,0,0,1,0,0,1,0
0.00412998,1,1,1,1,1,1,0,0,1,0,0,1,0,0,1,0
0.00413001,1,0,1,0,1,0,0,0,1,0,0,1,0,0,1,0
0.00413002,0,0,1,0,1,0,0,0,1,0,0,1,0,0,1,0
0.00413006,1,0,1,0,1,0,0,0,1,0,0,1,0,0,1,0
0.00413007,0,0,1,0,1,0,0,0,1,0,0,1,0,0,1,0
0.00413024,0,0,1,0,1,0,0,0,0,0,0,0,0,0,0,0
0.00413026,0,0,1,0,1,0,0,0,0,0,1,0,1,0,0,0
0.00413077,1,1,1,0,1,0,0,0,0,0,1,0,1,0,0,0
0.00413078,1,1,1,1,1,0,0,0,0,0,1,0,1,0,0,0
0.00413079,1,1,1,1,1,1,1,1,0,0,1,0,1,0,0,0
0.00413084,0,1,1,0,0,1,0,1,0,0,1,0,1,0,0,0
0.00413085,0,1,1,0,0,0,0,1,0,0,1,0,1,0,0,0
0.00413088,1,1,1,1,0,1,0,1,0,0,1,0,1,0,0,0
0.00413089,1,1,1,1,0,1,1,1,0,0,1,0,1,0,0,0
0.00413091,1,1,1,1,0,1,0,1,0,0,1,0,1,0,0,0
0.00413092,1,1,1,0,0,0,0,1,0,0,1,0,1,0,0,0
0.00413093,0,1,1,0,0,0,0,1,0,0,1,0,1,0,0,0
0.00413096,1,1,1,1,0,0,0,1,0,0,1,0,1,0,0,0
0.00413099,1,1,1,0,0,0,0,1,0,0,1,0,1,0,0,0
0.004131,0,1,1,0,0,0,0,1,0,0,1,0,1,0,0,0
0.00413104,1,1,1,0,0,0,0,1,0,0,1,0,1,0,0,0
0.00413105,0,1,1,0,0,0,0,1,0,0,1,0,1,0,0,0
0.00413175,1,1,1,1,0,1,0,1,0,0,1,0,1,0,0,0
0.00413177,1,1,1,1,0,0,0,1,0,0,1,0,1,0,0,0
0.00413178,1,1,1,1,1,1,1,1,0,0,1,0,1,0,0,0
0.00413182,1,1,1,1,1,1,1,0,0,0,1,0,1,0,0,0
0.00413183,0,1,0,0,0,0,0,0,0,0,1,0,1,0,0,0
0.00413186,1,1,0,1,0,1,0,0,0,0,1,0,1,0,0,0
0.00413188,1,1,1,1,0,1,1,0,0,0,1,0,1,0,0,0
0.00413191,1,1,0,1,0,1,0,0,0,0,1,0,1,0,0,0
0.00413192,0,1,0,0,0,0,0,0,0,0,1,0,1,0,0,0
0.00413194,1,1,0,1,0,0,0,0,0,0,1,0,1,0,0,0
0.00413195,1,1,0,1,0,1,0,0,0,0,1,0,1,0,0,0
0.00413197,1,1,1,1,0,1,0,0,0,0,1,0,1,0,0,0
0.00413199,1,1,0,1,0,1,0,0,0,0,1,0,1,0,0,0
0.004132,1,1,0,1,0,0,0,0,0,0,1,0,1,0,0,0
0.00413204,1,1,0,1,0,1,0,0,0,0,1,0,1,0,0,0
0.00413206,1,1,0,1,0,0,0,0,0,0,1,0,1,0,0,0
0.00413232,1,1,0,0,0,0,0,0,0,0,1,0,1,0,0,0
0.00413233,0,1,0,1,0,0,0,0,0,0,1,0,1,0,0,0
0.00413234,1,1,0,1,0,0,0,0,0,0,1,0,1,0,0,0
0.00413237,0,1,0,0,0,0,0,0,0,0,1,0,1,0,0,0
0.00413239,1,1,0,1,0,0,0,0,0,0,1,0,1,0,0,0
0.0041324,0,1,0,0,0,0,0,0,0,0,1,0,1,0,0,0
0.00413272,1,1,1,0,0,0,0,0,0,0,1,0,1,0,0,0
0.00413273,1,1,1,1,0,0,0,0,0,0,1,0,1,0,0,0
0.00413275,1,1,1,1,1,1,1,1,0,0,1,0,1,0,0,0
0.00413279,1,1,1,0,0,0,0,1,0,0,1,0,1,0,0,0
0.00413283,1,1,1,1,1,1,1,1,0,0,1,0,1,0,0,0
0.00413285,1,1,1,1,0,1,0,1,0,0,1,0,1,0,0,0
0.00413286,1,1,1,0,0,0,0,1,0,0,1,0,1,0,0,0
0.0041329,1,1,1,1,0,0,0,1,0,0,1,0,1,0,0,0
0.00413292,1,1,1,0,0,0,0,1,0,0,1,0,1,0,0,0
0.00413317,1,1,1,0,0,0,0,1,0,1,1,0,0,0,0,0
0.00413318,1,1,1,0,0,0,0,1,1,1,1,0,0,0,0,1
0.00413371,1,1,1,1,0,1,1,1,1,1,1,0,0,0,0,1
0.00413373,1,1,1,1,1,1,1,1,1,1,1,0,0,0,0,1
0.00413375,0,1,1,1,1,1,1,1,1,1,1,0,0,0,0,1
0.00413376,0,1,1,0,0,0,0,1,1,1,1,0,0,0,0,1
0.0041338,0,1,1,1,0,0,0,1,1,1,1,0,0,0,0,1
0.00413381,0,1,1,1,0,1,1,1,1,1,1,0,0,0,0,1
0.00413383,0,1,1,0,0,0,0,1,1,1,1,0,0,0,0,1
0.0041347,1,1,1,1,0,1,0,1,1,1,1,0,0,0,0,1
0.00413471,1,1,0,1,1,1,1,0,1,1,1,0,0,0,0,1
0.00413472,0,1,0,0,0,0,0,0,1,1,1,0,0,0,0,1
0.00413475,1,1,1,1,1,1,1,1,1,1,1,0,0,0,0,1
0.00413478,0,1,1,1,1,1,1,1,1,1,1,0,0,0,0,1
0.00413479,0,1,0,1,1,1,1,0,1,1,1,0,0,0,0,1
0.00413481,1,1,0,0,0,1,0,0,1,1,1,0,0,0,0,1
0.00413482,0,1,0,0,0,1,0,0,1,1,1,0,0,0,0,1
0.00413486,1,1,0,1,0,1,0,0,1,1,1,0,0,0,0,1
0.00413487,1,1,0,0,0,1,0,0,1,1,1,0,0,0,0,1
0.00413488,0,1,0,0,0,1,0,0,1,1,1,0,0,0,0,1
0.00413512,0,1,0,0,0,1,0,0,0,1,0,0,0,0,0,0
0.00413514,0,1,0,0,0,1,0,0,0,1,0,0,0,1,0,0
0.00413565,0,1,0,1,0,1,0,0,0,1,0,0,0,1,0,0
0.00413566,1,1,0,0,0,1,0,0,0,1,0,0,0,1,0,0
0.00413567,0,1,1,1,0,1,0,0,0,1,0,0,0,1,0,0
0.00413568,1,1,1,1,1,1,1,1,0,1,0,0,0,1,0,0
0.00413572,1,0,1,1,1,0,1,1,0,1,0,0,0,1,0,0
0.00413573,0,0,0,0,1,0,1,0,0,1,0,0,0,1,0,0
0.00413577,1,0,1,1,1,0,1,0,0,1,0,0,0,1,0,0
0.00413578,1,1,1,1,1,0,1,0,0,1,0,0,0,1,0,0
0.00413579,1,0,1,1,1,0,1,0,0,1,0,0,0,1,0,0
0.00413581,0,0,0,0,1,0,1,0,0,1,0,0,0,1,0,0
0.00413586,0,0,1,0,1,0,1,0,0,1,0,0,0,1,0,0
0.00413588,0,0,0,0,1,0,1,0,0,1,0,0,0,1,0,0
0.00413663,1,1,1,1,1,0,1,0,0,1,0,0,0,1,0,0
0.00413664,1,1,1,1,1,1,1,1,0,1,0,0,0,1,0,0
0.0041367,1,1,1,1,0,1,0,1,0,1,0,0,0,1,0,0
0.00413671,0,0,0,0,0,0,0,1,0,1,0,0,0,1,0,0
0.00413675,1,1,1,1,0,1,0,1,0,1,0,0,0,1,0,0
0.00413679,0,0,1,0,0,0,0,1,0,1,0,0,0,1,0,0
0.0041368,0,0,0,0,0,0,0,1,0,1,0,0,0,1,0,0
0.00413683,0,0,1,0,0,0,0,1,0,1,0,0,0,1,0,0
0.00413684,1,0,1,1,0,0,0,1,0,1,0,0,0,1,0,0
0.00413686,0,0,1,0,0,0,0,1,0,1,0,0,0,1,0,0
0.00413688,0,0,0,0,0,0,0,1,0,1,0,0,0,1,0,0
0.00413691,0,0,1,0,0,0,0,1,0,1,0,0,0,1,0,0
0.00413695,0,0,0,0,0,0,0,1,0,1,0,0,0,1,0,0
0.00413709,0,0,1,0,0,0,0,1,0,1,0,0,0,1,0,0
0.0041371,0,0,0,0,0,0,0,1,0,1,0,0,0,1,0,0
0.0041376,0,0,0,1,0,0,0,1,0,1,0,0,0,1,0,0
0.00413761,0,1,1,0,0,0,0,1,0,1,0,0,0,1,0,0
0.00413762,1,1,1,0,0,0,0,1,0,1,0,0,0,1,0,0
0.00413763,1,1,1,1,0,1,0,1,0,1,0,0,0,1,0,0
0.00413766,0,1,1,0,0,0,0,1,0,1,0,0,0,1,0,0
0.00413864,0,1,1,0,1,1,0,1,0,1,0,0,0,1,0,0
0.00413865,1,1,1,1,1,1,1,1,0,1,0,0,0,1,0,0
0.0041387,0,0,0,1,0,0,0,1,0,1,0,0,0,1,0,0
0.00413874,0,0,0,1,0,1,0,1,0,1,0,0,0,1,0,0
0.00413875,1,0,1,1,0,1,1,1,0,1,0,0,0,1,0,0
0.00413876,1,1,1,1,0,1,1,1,0,1,0,0,0,1,0,0
0.00413877,1,0,1,1,0,1,1,1,0,1,0,0,0,1,0,0
0.00413878,0,0,1,1,0,0,0,1,0,1,0,0,0,1,0,0
0.00413879,0,0,0,1,0,0,0,1,0,1,0,0,0,1,0,0
0.00413883,0,0,1,1,0,0,0,1,0,1,0,0,0,1,0,0
0.00413885,0,0,0,1,0,0,0,1,0,1,0,0,0,1,0,0
0.00413903,0,0,0,1,0,0,0,1,0,0,0,0,0,0,0,0
0.00413904,0,0,0,1,0,0,0,1,0,0,0,1,0,0,0,1
0.00413909,0,0,1,1,0,0,0,1,0,0,0,1,0,0,0,1
0.0041391,0,0,0,1,0,0,0,1,0,0,0,1,0,0,0,1
0.00413911,0,0,0,1,0,0,0,1,0,0,0,1,0,0,0,0
0.00413912,0,0,0,1,0,0,0,1,0,0,0,1,0,0,0,1
0.00413955,1,1,1,1,0,0,0,1,0,0,0,1,0,0,0,1
0.00413957,1,1,1,1,1,1,1,1,0,0,0,1,0,0,0,1
0.00413963,1,1,1,0,1,1,1,0,0,0,0,1,0,0,0,1
0.00413964,0,1,0,0,0,0,0,0,0,0,0,1,0,0,0,1
0.00413967,1,1,1,0,0,1,0,0,0,0,0,1,0,0,0,1
0.00413968,1,1,1,1,0,1,1,0,0,0,0,1,0,0,0,1
0.00413969,1,1,1,1,1,1,1,0,0,0,0,1,0,0,0,1
0.00413971,1,1,1,0,0,1,1,0,0,0,0,1,0,0,0,1
0.00413972,0,1,1,0,0,0,0,0,0,0,0,1,0,0,0,1
0.00413973,0,1,0,0,0,0,0,0,0,0,0,1,0,0,0,1
0.00413975,0,1,1,0,0,1,0,0,0,0,0,1,0,0,0,1
0.00413976,1,1,1,0,0,1,1,0,0,0,0,1,0,0,0,1
0.00413978,1,1,1,0,0,1,0,0,0,0,0,1,0,0,0,1
0.00413979,0,1,1,0,0,1,0,0,0,0,0,1,0,0,0,1
0.00413981,0,1,1,0,0,0,0,0,0,0,0,1,0,0,0,1
0.00413983,0,1,1,0,0,1,0,0,0,0,0,1,0,0,0,1
0.00413994,0,1,1,0,0,0,0,0,0,0,0,1,0,0,0,1
0.00413998,0,1,1,0,0,1,0,0,0,0,0,1,0,0,0,1
0.00413999,0,1,1,0,0,0,0,0,0,0,0,1,0,0,0,1
0.00414002,0,1,1,0,0,1,0,0,0,0,0,1,0,0,0,1
0.00414004,0,1,1,0,0,0,0,0,0,0,0,1,0,0,0,1
0.00414041,0,1,0,0,0,0,0,0,0,0,0,1,0,0,0,1
0.00414042,0,1,1,0,0,0,0,0,0,0,0,1,0,0,0,1
0.00414046,0,1,0,0,0,0,0,0,0,0,0,1,0,0,0,1
0.00414047,0,1,1,0,0,0,0,0,0,0,0,1,0,0,0,1
0.00414048,0,1,0,0,0,0,0,0,0,0,0,1,0,0,0,1
0.0041405,0,1,1,0,0,0,0,0,0,0,0,1,0,0,0,1
0.00414051,0,1,0,0,0,0,0,0,0,0,0,1,0,0,0,1
0.00414052,0,1,1,0,0,0,0,0,0,0,0,1,0,0,0,1
0.00414054,0,1,0,0,0,0,0,0,0,0,0,1,0,0,0,1
0.00414056,0,1,1,0,0,0,0,0,0,0,0,1,0,0,0,1
0.00414057,0,1,0,0,0,0,0,0,0,0,0,1,0,0,0,1
0.00414059,0,1,1,0,0,0,0,0,0,0,0,1,0,0,0,1
0.0041406,1,1,1,1,0,1,0,0,0,0,0,1,0,0,0,1
0.00414062,1,1,1,1,1,1,1,1,0,0,0,1,0,0,0,1
0.00414065,1,1,1,0,1,1,1,1,0,0,0,1,0,0,0,1
0.00414066,0,1,0,0,0,1,0,0,0,0,0,1,0,0,0,1
0.0041407,1,1,1,1,0,1,1,0,0,0,0,1,0,0,0,1
0.00414071,1,1,1,1,1,1,1,1,0,0,0,1,0,0,0,1
0.00414072,1,1,1,1,0,1,1,0,0,0,0,1,0,0,0,1
0.00414073,0,1,1,0,0,1,0,0,0,0,0,1,0,0,0,1
0.00414074,0,1,0,0,0,1,0,0,0,0,0,1,0,0,0,1
0.00414078,0,1,1,0,0,1,0,0,0,0,0,1,0,0,0,1
0.00414081,0,1,0,0,0,1,0,0,0,0,0,1,0,0,0,1
0.00414098,0,1,0,0,0,1,0,0,0,0,0,0,0,0,0,0
0.00414099,0,1,0,0,0,1,0,0,0,1,0,0,0,1,0,0
0.00414105,0,1,0,0,0,1,0,0,0,0,0,0,0,1,0,0
0.00414106,0,1,0,0,0,1,0,0,0,1,0,0,0,1,0,0
0.00414151,0,1,1,0,0,1,0,0,0,1,0,0,0,1,0,0
0.00414152,1,1,1,1,0,1,0,0,0,1,0,0,0,1,0,0
0.00414153,1,1,1,1,1,1,1,0,0,1,0,0,0,1,0,0
0.00414154,1,1,1,1,1,1,1,1,0,1,0,0,0,1,0,0
0.00414158,1,0,1,0,1,0,1,1,0,1,0,0,0,1,0,0
0.00414159,1,0,0,0,1,0,1,0,0,1,0,0,0,1,0,0
0.00414162,1,0,1,0,1,0,1,0,0,1,0,0,0,1,0,0
0.00414163,1,1,1,1,1,1,1,1,0,1,0,0,0,1,0,0
0.00414165,1,0,1,1,1,0,1,0,0,1,0,0,0,1,0,0
0.00414166,1,0,1,0,1,0,1,0,0,1,0,0,0,1,0,0
0.00414167,1,0,0,0,1,0,1,0,0,1,0,0,0,1,0,0
0.0041417,1,0,1,0,1,0,1,0,0,1,0,0,0,1,0,0
0.00414171,1,0,1,1,1,0,1,0,0,1,0,0,0,1,0,0
0.00414172,1,0,1,0,1,0,1,0,0,1,0,0,0,1,0,0
0.00414174,1,0,0,0,1,0,1,0,0,1,0,0,0,1,0,0
0.00414178,1,0,1,0,1,0,1,0,0,1,0,0,0,1,0,0
0.00414181,1,0,0,0,1,0,1,0,0,1,0,0,0,1,0,0
0.00414248,1,1,1,0,1,0,1,0,0,1,0,0,0,1,0,0
0.00414249,1,1,1,1,1,0,1,0,0,1,0,0,0,1,0,0
0.0041425,1,1,1,1,1,1,1,1,0,1,0,0,0,1,0,0
0.00414256,0,1,1,1,0,1,0,1,0,1,0,0,0,1,0,0
0.00414257,0,0,0,0,0,0,0,1,0,1,0,0,0,1,0,0
0.0041426,0,0,1,0,0,0,0,1,0,1,0,0,0,1,0,0
0.00414261,1,1,1,1,0,1,0,1,0,1,0,0,0,1,0,0
0.00414265,0,0,1,0,0,0,0,1,0,1,0,0,0,1,0,0
0.00414266,0,0,0,0,0,0,0,1,0,1,0,0,0,1,0,0
0.00414269,0,0,1,1,0,0,0,1,0,1,0,0,0,1,0,0
0.00414273,0,0,1,0,0,0,0,1,0,1,0,0,0,1,0,0
0.004143,0,0,0,0,0,0,0,1,0,1,0,0,0,1,0,0
0.00414301,0,0,1,0,0,0,0,1,0,1,0,0,0,1,0,0
0.00414303,0,0,0,0,0,0,0,1,0,1,0,0,0,1,0,0
0.00414309,0,0,1,0,0,0,0,1,0,1,0,0,0,1,0,0
0.0041431,0,0,0,0,0,0,0,1,0,1,0,0,0,1,0,0
0.00414346,0,1,1,0,0,0,0,1,0,1,0,0,0,1,0,0
0.00414347,1,1,1,0,0,0,0,1,0,1,0,0,0,1,0,0
0.00414348,1,1,1,1,1,1,1,0,0,1,0,0,0,1,0,0
0.00414349,1,1,1,1,0,0,0,0,0,1,0,0,0,1,0,0
0.0041435,0,1,0,0,0,0,0,0,0,1,0,0,0,1,0,0
0.00414353,0,1,1,1,0,0,0,0,0,1,0,0,0,1,0,0
0.00414354,1,1,1,1,0,0,0,0,0,1,0,0,0,1,0,0
0.00414355,0,1,1,0,0,0,0,0,0,1,0,0,0,1,0,0
0.00414357,0,1,0,0,0,0,0,0,0,1,0,0,0,1,0,0
0.0041445,0,1,1,1,0,1,0,0,0,1,0,0,0,1,0,0
0.00414451,1,1,1,1,1,1,1,1,0,1,0,0,0,1,0,0
0.00414456,0,0,1,0,1,0,0,0,0,1,0,0,0,1,0,0
0.0041446,1,0,1,1,1,1,0,0,0,1,0,0,0,1,0,0
0.00414461,1,1,1,1,1,1,1,0,0,1,0,0,0,1,0,0
0.00414463,1,0,1,1,1,0,0,0,0,1,0,0,0,1,0,0
0.00414464,0,0,1,0,1,0,0,0,0,1,0,0,0,1,0,0
0.00414469,1,0,1,1,1,0,0,0,0,1,0,0,0,1,0,0
0.00414471,0,0,1,0,1,0,0,0,0,1,0,0,0,1,0,0
0.00414489,0,0,1,0,1,0,0,0,0,0,0,0,0,0,0,0
0.0041449,0,0,1,0,1,0,0,0,0,0,1,0,1,0,0,0
0.00414544,1,1,1,1,1,1,1,1,0,0,1,0,1,0,0,0
0.00414646,0,0,0,0,0,0,0,1,0,0,1,0,1,0,0,0
0.0041465,1,1,0,1,0,1,1,1,0,0,1,0,1,0,0,0
0.00414652,1,1,1,1,0,1,1,1,0,0,1,0,1,0,0,0
0.00414655,0,0,0,1,0,0,0,1,0,0,1,0,1,0,0,0
0.00414656,0,0,0,0,0,0,0,1,0,0,1,0,1,0,0,0
0.00414658,0,0,0,1,0,0,0,1,0,0,1,0,1,0,0,0
0.00414659,1,0,0,1,0,1,0,1,0,0,1,0,1,0,0,0
0.00414662,1,0,1,1,0,1,1,1,0,0,1,0,1,0,0,0
0.00414663,0,0,0,1,0,0,0,1,0,0,1,0,1,0,0,0
0.00414664,0,0,0,0,0,0,0,1,0,0,1,0,1,0,0,0
0.00414666,0,0,0,1,0,0,0,1,0,0,1,0,1,0,0,0
0.00414668,0,0,0,1,0,1,0,1,0,0,1,0,1,0,0,0
0.0041467,0,0,0,1,0,0,0,1,0,0,1,0,1,0,0,0
0.00414702,0,0,0,0,0,0,0,1,0,0,1,0,1,0,0,0
0.00414703,0,0,0,1,0,0,0,1,0,0,1,0,1,0,0,0
0.00414706,0,0,0,0,0,0,0,1,0,0,1,0,1,0,0,0
0.00414709,0,0,0,1,0,0,0,1,0,0,1,0,1,0,0,0
0.0041471,0,0,0,0,0,0,0,1,0,0,1,0,1,0,0,0
0.00414716,0,0,0,1,0,0,0,1,0,0,1,0,1,0,0,0
0.00414717,0,0,0,0,0,0,0,1,0,0,1,0,1,0,0,0
0.00414728,0,0,0,1,0,0,0,1,0,0,1,0,1,0,0,0
0.00414729,0,0,0,0,0,0,0,1,0,0,1,0,1,0,0,0
0.00414736,0,0,0,1,0,0,0,1,0,0,1,0,1,0,0,0
0.00414737,1,0,0,0,0,0,0,1,0,0,1,0,1,0,0,0
0.00414739,0,0,1,1,1,1,0,1,0,0,1,0,1,0,0,0
0.0041474,1,1,1,1,1,1,1,1,0,0,1,0,1,0,0,0
0.00414744,1,1,1,1,1,1,1,0,0,0,1,0,1,0,0,0
0.00414745,0,0,1,1,1,1,0,0,0,0,1,0,1,0,0,0
0.00414748,1,1,1,1,1,1,1,0,0,0,1,0,1,0,0,0
0.00414751,0,0,1,1,1,1,0,0,0,0,1,0,1,0,0,0
0.00414756,1,1,1,1,1,1,0,0,0,0,1,0,1,0,0,0
0.00414757,1,0,1,1,1,1,0,0,0,0,1,0,1,0,0,0
0.00414758,0,0,1,1,1,1,0,0,0,0,1,0,1,0,0,0
0.00414782,0,0,1,1,1,1,0,0,0,0,1,1,1,1,0,0
0.00414836,1,1,1,1,1,1,0,0,0,0,1,1,1,1,0,0
0.00414837,1,1,1,1,1,1,1,0,0,0,1,1,1,1,0,0
0.00414839,1,1,1,1,1,1,1,1,0,0,1,1,1,1,0,0
0.00414841,0,0,0,0,1,0,1,0,0,0,1,1,1,1,0,0
0.00414845,1,1,0,0,1,1,1,0,0,0,1,1,1,1,0,0
0.00414846,1,1,1,1,1,1,1,0,0,0,1,1,1,1,0,0
0.00414848,1,1,1,1,1,0,1,0,0,0,1,1,1,1,0,0
0.00414849,0,0,0,0,1,0,1,0,0,0,1,1,1,1,0,0
0.00414932,0,0,1,1,1,0,1,0,0,0,1,1,1,1,0,0
0.00414933,1,1,1,1,1,0,1,0,0,0,1,1,1,1,0,0
0.00414934,1,1,1,1,1,1,1,1,0,0,1,1,1,1,0,0
0.0041494,0,0,0,0,0,0,0,1,0,0,1,1,1,1,0,0
0.00414944,1,1,1,1,0,1,0,1,0,0,1,1,1,1,0,0
0.00414946,1,1,1,1,0,1,1,1,0,0,1,1,1,1,0,0
0.00414947,1,1,1,1,0,1,0,1,0,0,1,1,1,1,0,0
0.00414949,0,0,0,0,0,0,0,1,0,0,1,1,1,1,0,0
0.00414952,0,0,1,0,0,0,0,1,0,0,1,1,1,1,0,0
0.00414953,1,0,1,1,0,1,0,1,0,0,1,1,1,1,0,0
0.00414955,0,0,1,1,0,0,0,1,0,0,1,1,1,1,0,0
0.00414957,0,0,1,0,0,0,0,1,0,0,1,1,1,1,0,0
0.00414958,0,0,0,0,0,0,0,1,0,0,1,1,1,1,0,0
0.0041496,0,0,1,0,0,0,0,1,0,0,1,1,1,1,0,0
0.00414962,0,0,1,1,0,0,0,1,0,0,1,1,1,1,0,0
0.00414963,0,0,1,0,0,0,0,1,0,0,1,1,1,1,0,0
0.00414975,0,0,1,1,0,0,0,1,0,0,1,1,1,1,0,0
0.00414976,0,0,0,0,0,0,0,1,0,0,1,1,1,1,0,0
0.00414977,0,0,1,0,0,0,0,1,0,0,1,1,1,1,0,0
0.00414988,0,0,0,0,0,0,0,1,0,0,1,1,1,1,0,0
0.0041503,1,0,1,1,0,0,0,1,0,0,1,1,1,1,0,0
0.00415031,1,1,1,1,1,1,1,1,0,0,1,1,1,1,0,0
0.00415037,0,1,1,1,0,1,1,1,0,0,1,1,1,1,0,0
0.00415038,0,1,1,0,0,0,0,1,0,0,1,1,1,1,0,0
0.00415043,1,1,1,1,0,1,0,1,0,0,1,1,1,1,0,0
0.00415044,1,1,1,1,0,1,1,1,0,0,1,1,1,1,0,0
0.00415045,0,1,1,1,0,1,0,1,0,0,1,1,1,1,0,0
0.00415046,0,1,1,0,0,0,0,1,0,0,1,1,1,1,0,0
0.00415128,1,1,1,1,0,1,0,1,0,0,1,1,1,1,0,0
0.0041513,0,1,1,0,0,0,0,1,0,0,1,1,1,1,0,0
0.00415134,1,1,1,1,1,1,1,1,0,0,1,1,1,1,0,0
0.00415139,1,0,0,1,1,1,1,0,0,0,1,1,1,1,0,0
0.0041514,1,0,0,0,1,0,1,0,0,0,1,1,1,1,0,0
0.00415144,1,0,1,1,1,1,1,0,0,0,1,1,1,1,0,0
0.00415145,1,1,1,1,1,1,1,0,0,0,1,1,1,1,0,0
0.00415146,1,0,1,1,1,1,1,0,0,0,1,1,1,1,0,0
0.00415147,1,0,0,0,1,0,1,0,0,0,1,1,1,1,0,0
0.00415152,1,0,0,1,1,0,1,0,0,0,1,1,1,1,0,0
0.00415153,1,0,0,0,1,0,1,0,0,0,1,1,1,1,0,0
0.00415225,1,1,1,1,1,0,1,0,0,0,1,1,1,1,0,0
0.00415226,1,1,1,1,1,0,1,1,0,0,1,1,1,1,0,0
0.00415227,1,1,1,1,1,1,1,1,0,0,1,1,1,1,0,0
0.00415233,0,0,0,0,0,0,0,1,0,0,1,1,1,1,0,0
0.00415237,0,1,1,1,0,1,0,1,0,0,1,1,1,1,0,0
0.00415238,1,1,1,1,0,1,0,1,0,0,1,1,1,1,0,0
0.00415239,1,1,1,1,0,1,1,1,0,0,1,1,1,1,0,0
0.00415241,0,1,1,1,0,1,0,1,0,0,1,1,1,1,0,0
0.00415242,0,0,1,0,0,0,0,1,0,0,1,1,1,1,0,0
0.00415243,0,0,0,0,0,0,0,1,0,0,1,1,1,1,0,0
0.00415245,0,0,1,1,0,0,0,1,0,0,1,1,1,1,0,0
0.00415246,0,0,1,1,0,1,0,1,0,0,1,1,1,1,0,0
0.0041525,0,0,1,1,0,0,0,1,0,0,1,1,1,1,0,0
0.00415251,0,0,1,0,0,0,0,1,0,0,1,1,1,1,0,0
0.00415253,0,0,1,1,0,0,0,1,0,0,1,1,1,1,0,0
0.00415255,0,0,1,1,0,1,0,1,0,0,1,1,1,1,0,0
0.00415257,0,0,1,1,0,0,0,1,0,0,1,1,1,1,0,0
0.00415259,0,0,1,0,0,0,0,1,0,0,1,1,1,1,0,0
0.00415264,0,0,1,1,0,0,0,1,0,0,1,1,1,1,0,0
0.00415265,0,0,1,0,0,0,0,1,0,0,1,1,1,1,0,0
0.00415268,0,0,1,1,0,0,0,1,0,0,1,1,1,1,0,0
0.00415269,0,0,1,0,0,0,0,1,0,0,1,1,1,1,0,0
0.00415272,0,0,0,0,0,0,0,1,0,0,1,1,1,1,0,0
0.00415273,0,0,1,0,0,0,0,1,0,0,1,1,1,1,0,0
0.0041528,0,0,0,0,0,0,0,1,0,0,1,1,1,1,0,0
0.00415283,0,0,1,0,0,0,0,1,0,0,1,1,1,1,0,0
0.00415285,0,0,0,0,0,0,0,1,0,0,1,1,1,1,0,0
0.00415287,0,0,1,0,0,0,0,1,0,0,1,1,1,1,0,0
0.00415288,0,0,0,0,0,0,0,1,0,0,1,1,1,1,0,0
0.00415291,0,0,1,0,0,0,0,1,0,0,1,1,1,1,0,0
0.00415292,0,0,0,0,0,0,0,1,0,0,1,1,1,1,0,0
0.00415321,0,1,0,0,0,0,0,1,0,0,1,1,1,1,0,0
0.00415322,0,1,0,1,0,0,0,1,0,0,1,1,1,1,0,0
0.00415323,1,0,1,1,0,1,1,1,0,0,1,1,1,1,0,0
0.00415324,0,0,1,1,0,1,0,1,0,0,1,1,1,1,0,0
0.00415325,1,1,1,1,1,1,1,1,0,0,1,1,1,1,0,0
0.00415329,1,1,1,1,1,1,1,0,0,0,1,1,1,1,0,0
0.0041533,0,1,0,0,0,0,0,0,0,0,1,1,1,1,0,0
0.00415335,1,1,1,1,1,1,1,0,0,0,1,1,1,1,0,0
0.00415337,1,1,1,1,0,1,1,0,0,0,1,1,1,1,0,0
0.00415338,0,1,0,0,0,0,0,0,0,0,1,1,1,1,0,0
0.00415344,0,1,1,0,0,0,0,0,0,0,1,1,1,1,0,0
0.00415346,0,1,0,0,0,0,0,0,0,0,1,1,1,1,0,0
0.00415421,0,1,1,1,0,1,1,0,0,0,1,1,1,1,0,0
0.00415422,1,1,1,1,1,1,1,0,0,0,1,1,1,1,0,0
0.00415423,1,1,1,1,1,1,1,1,0,0,1,1,1,1,0,0
0.00415425,1,1,1,1,1,1,1,0,0,0,1,1,1,1,0,0
0.00415426,0,1,0,0,0,0,0,0,0,0,1,1,1,1,0,0
0.00415431,0,1,1,1,0,0,0,0,0,0,1,1,1,1,0,0
0.00415433,0,1,0,0,0,0,0,0,0,0,1,1,1,1,0,0
0.00415521,0,1,1,0,0,0,0,1,0,0,1,1,1,1,0,0
0.00415525,0,1,1,1,0,0,1,1,0,0,1,1,1,1,0,0
0.00415526,0,1,1,0,0,0,0,1,0,0,1,1,1,1,0,0
0.00415618,0,1,1,1,1,1,1,1,0,0,1,1,1,1,0,0
0.00415619,1,1,1,1,1,1,1,1,0,0,1,1,1,1,0,0
0.00415716,1,1,1,1,1,0,1,1,0,0,1,1,1,1,0,0
0.00415717,1,1,1,1,1,1,1,0,0,0,1,1,1,1,0,0
0.00415718,0,1,0,0,1,0,0,0,0,0,1,1,1,1,0,0
0.00415758,0,1,0,0,1,0,0,0,0,0,0,0,1,0,0,0
0.00415759,0,1,0,0,1,0,0,0,0,1,0,0,1,0,0,0
0.00415765,0,1,0,0,1,0,0,0,0,1,0,0,0,0,0,0
0.00415766,0,1,0,0,1,0,0,0,0,1,0,0,1,0,0,0
0.00415813,0,1,1,0,1,0,0,0,0,1,0,0,1,0,0,0
0.00415814,1,1,1,1,1,1,1,1,0,1,0,0,1,0,0,0
0.00415818,0,0,0,0,1,0,0,0,0,1,0,0,1,0,0,0
0.00415823,0,0,1,1,1,0,0,0,0,1,0,0,1,0,0,0
0.00415824,1,1,1,1,1,1,1,0,0,1,0,0,1,0,0,0
0.00415826,1,0,1,1,1,0,0,0,0,1,0,0,1,0,0,0
0.00415827,0,0,0,0,1,0,0,0,0,1,0,0,1,0,0,0
0.00415831,0,0,1,0,1,0,0,0,0,1,0,0,1,0,0,0
0.00415835,0,0,0,0,1,0,0,0,0,1,0,0,1,0,0,0
0.0041584,0,0,1,0,1,0,0,0,0,1,0,0,1,0,0,0
0.00415842,0,0,0,0,1,0,0,0,0,1,0,0,1,0,0,0
0.00415908,1,1,1,1,1,0,0,0,0,1,0,0,1,0,0,0
0.00415909,1,1,1,1,1,1,1,1,0,1,0,0,1,0,0,0
0.00415916,1,0,0,0,1,0,0,0,0,1,0,0,1,0,0,0
0.0041592,1,1,1,1,1,1,1,0,0,1,0,0,1,0,0,0
0.00415921,1,1,1,1,1,1,1,1,0,1,0,0,1,0,0,0
0.00415922,1,1,1,1,1,1,1,0,0,1,0,0,1,0,0,0
0.00415923,1,1,1,1,1,0,0,0,0,1,0,0,1,0,0,0
0.00415924,1,0,1,0,1,0,0,0,0,1,0,0,1,0,0,0
0.00415925,1,0,0,0,1,0,0,0,0,1,0,0,1,0,0,0
0.00415928,1,1,1,1,1,0,0,0,0,1,0,0,1,0,0,0
0.00415931,1,0,1,0,1,0,0,0,0,1,0,0,1,0,0,0
0.00415933,1,0,0,0,1,0,0,0,0,1,0,0,1,0,0,0
0.00415936,1,0,1,0,1,0,0,0,0,1,0,0,1,0,0,0
0.0041594,1,0,0,0,1,0,0,0,0,1,0,0,1,0,0,0
0.00415942,1,0,1,0,1,0,0,0,0,1,0,0,1,0,0,0
0.00415944,1,0,0,0,1,0,0,0,0,1,0,0,1,0,0,0
0.00415951,1,0,1,0,1,0,0,0,0,1,0,0,1,0,0,0
0.00415953,1,0,1,0,1,0,0,0,0,0,0,0,1,0,0,0
0.00415954,1,0,0,0,1,0,0,0,1,0,0,0,1,0,0,0
0.00415959,1,0,1,0,1,0,0,0,1,0,0,0,1,0,0,0
0.0041596,1,0,1,0,1,0,0,0,1,0,0,0,0,0,0,0
0.00415961,1,0,0,0,1,0,0,0,0,0,0,0,1,0,0,0
0.00415962,1,0,0,0,1,0,0,0,1,0,0,0,1,0,0,0
0.00416006,1,1,1,1,1,0,0,0,1,0,0,0,1,0,0,0
0.00416008,1,1,1,1,1,1,1,1,1,0,0,0,1,0,0,0
0.00416013,0,1,1,1,0,1,1,1,1,0,0,0,1,0,0,0
0.00416014,0,0,0,0,0,1,0,0,1,0,0,0,1,0,0,0
0.00416017,0,0,1,0,0,1,0,0,1,0,0,0,1,0,0,0
0.00416018,0,1,1,1,0,1,1,0,1,0,0,0,1,0,0,0
0.00416019,1,1,1,1,0,1,1,0,1,0,0,0,1,0,0,0
0.0041602,1,1,1,1,0,1,1,1,1,0,0,0,1,0,0,0
0.00416021,1,1,1,1,0,1,1,0,1,0,0,0,1,0,0,0
0.00416022,0,0,1,1,0,1,0,0,1,0,0,0,1,0,0,0
0.00416023,0,0,0,0,0,1,0,0,1,0,0,0,1,0,0,0
0.00416025,0,0,1,0,0,1,0,0,1,0,0,0,1,0,0,0
0.00416026,0,0,1,1,0,1,0,0,1,0,0,0,1,0,0,0
0.00416028,0,1,1,1,0,1,0,0,1,0,0,0,1,0,0,0
0.00416029,0,0,1,1,0,1,0,0,1,0,0,0,1,0,0,0
0.00416031,0,0,1,0,0,1,0,0,1,0,0,0,1,0,0,0
0.00416034,0,0,1,1,0,1,0,0,1,0,0,0,1,0,0,0
0.00416038,0,0,1,0,0,1,0,0,1,0,0,0,1,0,0,0
0.00416053,0,0,1,1,0,1,0,0,1,0,0,0,1,0,0,0
0.00416054,0,0,1,0,0,1,0,0,1,0,0,0,1,0,0,0
0.00416076,0,0,0,0,0,1,0,0,1,0,0,0,1,0,0,0
0.00416077,0,0,1,0,0,1,0,0,1,0,0,0,1,0,0,0
0.0041608,0,0,0,0,0,1,0,0,1,0,0,0,1,0,0,0
0.00416083,0,0,1,0,0,1,0,0,1,0,0,0,1,0,0,0
0.00416084,0,0,0,0,0,1,0,0,1,0,0,0,1,0,0,0
0.00416095,0,0,1,0,0,1,0,0,1,0,0,0,1,0,0,0
0.00416096,0,0,0,0,0,1,0,0,1,0,0,0,1,0,0,0
0.004161,0,0,1,0,0,1,0,0,1,0,0,0,1,0,0,0
0.00416102,0,0,0,0,0,1,0,0,1,0,0,0,1,0,0,0
0.00416103,0,0,1,0,0,1,0,0,1,0,0,0,1,0,0,0
0.00416104,1,1,1,1,0,1,0,0,1,0,0,0,1,0,0,0
0.00416105,1,1,1,1,1,1,1,1,1,0,0,0,1,0,0,0
0.00416111,1,1,1,1,0,0,1,0,1,0,0,0,1,0,0,0
0.00416112,1,0,0,1,0,0,1,0,1,0,0,0,1,0,0,0
0.00416115,1,1,1,1,0,0,1,0,1,0,0,0,1,0,0,0
0.00416116,1,1,1,1,0,1,1,1,1,0,0,0,1,0,0,0
0.00416118,1,0,1,1,0,0,1,0,1,0,0,0,1,0,0,0
0.0041612,1,0,0,1,0,0,1,0,1,0,0,0,1,0,0,0
0.00416123,1,0,1,1,0,0,1,0,1,0,0,0,1,0,0,0
0.00416127,1,0,0,1,0,0,1,0,1,0,0,0,1,0,0,0
0.00416131,1,0,1,1,0,0,1,0,1,0,0,0,1,0,0,0
0.00416134,1,0,0,1,0,0,1,0,1,0,0,0,1,0,0,0
0.00416148,1,0,0,1,0,0,1,0,1,0,0,0,0,0,0,0
0.00416149,1,0,0,1,0,0,1,0,1,0,0,1,0,0,1,0
0.00416201,1,1,1,1,0,1,1,0,1,0,0,1,0,0,1,0
0.00416202,1,0,1,0,0,0,0,0,1,0,0,1,0,0,1,0
0.00416203,0,0,0,0,0,0,0,0,1,0,0,1,0,0,1,0
0.00416204,0,0,0,0,1,0,0,0,1,0,0,1,0,0,1,0
0.00416207,1,1,1,1,1,1,0,1,1,0,0,1,0,0,1,0
0.00416208,0,1,1,1,1,1,0,1,1,0,0,1,0,0,1,0
0.00416209,0,0,0,0,1,0,0,0,1,0,0,1,0,0,1,0
0.00416298,0,1,1,0,1,0,0,0,1,0,0,1,0,0,1,0
0.00416299,0,0,1,0,1,0,0,0,1,0,0,1,0,0,1,0
0.004163,0,0,0,0,1,0,0,0,1,0,0,1,0,0,1,0
0.00416303,1,1,1,1,1,1,1,1,1,0,0,1,0,0,1,0
0.00416306,1,1,1,0,1,0,0,0,1,0,0,1,0,0,1,0
0.00416307,0,0,1,0,1,0,0,0,1,0,0,1,0,0,1,0
0.00416313,0,0,1,1,1,0,0,0,1,0,0,1,0,0,1,0
0.00416314,0,0,1,0,1,0,0,0,1,0,0,1,0,0,1,0
0.00416344,0,0,1,0,1,0,0,0,0,0,0,0,0,0,0,0
0.00416345,0,0,1,0,1,0,0,0,0,0,1,0,1,0,0,0
0.00416399,1,1,1,1,1,1,1,1,0,0,1,0,1,0,0,0
0.00416404,1,0,1,1,0,0,1,0,0,0,1,0,1,0,0,0
0.00416409,1,1,1,1,0,1,1,0,0,0,1,0,1,0,0,0
0.0041641,1,0,1,1,0,0,1,0,0,0,1,0,1,0,0,0
0.00416495,1,1,1,1,1,1,1,1,0,0,1,0,1,0,0,0
0.004165,1,1,1,1,1,1,1,0,0,0,1,0,1,0,0,0
0.00416501,1,1,0,1,0,0,0,0,0,0,1,0,1,0,0,0
0.00416506,1,1,0,1,0,1,0,0,0,0,1,0,1,0,0,0
0.00416507,1,1,0,1,0,0,0,0,0,0,1,0,1,0,0,0
0.00416594,1,1,0,1,0,1,0,0,0,0,1,0,1,0,0,0
0.00416595,1,1,1,1,1,1,1,1,0,0,1,0,1,0,0,0
0.00416598,1,1,1,1,0,1,1,1,0,0,1,0,1,0,0,0
0.00416599,1,1,1,0,0,0,0,1,0,0,1,0,1,0,0,0
0.00416636,1,1,1,0,0,0,0,1,0,0,1,0,0,0,0,0
0.00416637,1,1,1,0,0,0,0,1,1,1,1,0,0,0,0,1
0.00416692,1,1,1,1,0,1,0,1,1,1,1,0,0,0,0,1
0.00416693,1,1,1,1,1,1,1,1,1,1,1,0,0,0,0,1
0.00416695,1,0,1,1,1,1,1,1,1,1,1,0,0,0,0,1
0.00416696,1,0,1,1,0,0,1,0,1,1,1,0,0,0,0,1
0.0041679,1,1,1,1,0,0,1,0,1,1,1,0,0,0,0,1
0.00416791,1,1,0,1,0,0,0,0,1,1,1,0,0,0,0,1
0.00416794,1,1,1,1,0,1,0,1,1,1,1,0,0,0,0,1
0.00416796,1,1,1,1,1,1,1,1,1,1,1,0,0,0,0,1
0.00416798,0,1,0,0,0,1,0,0,1,1,1,0,0,0,0,1
0.00416832,0,1,0,0,0,1,0,0,0,1,0,0,0,0,0,0
0.00416833,0,1,0,0,0,1,0,0,0,1,0,0,0,1,0,0
0.00416887,1,1,1,1,1,1,0,0,0,1,0,0,0,1,0,0
0.00416888,1,1,1,1,1,1,0,1,0,1,0,0,0,1,0,0
0.00416889,1,1,1,1,1,1,1,1,0,1,0,0,0,1,0,0
0.00416893,0,0,0,0,1,0,1,0,0,1,0,0,0,1,0,0
0.00416898,1,0,1,1,1,0,1,0,0,1,0,0,0,1,0,0
0.00416899,1,0,1,1,1,1,1,0,0,1,0,0,0,1,0,0
0.004169,0,0,1,1,1,0,1,0,0,1,0,0,0,1,0,0
0.00416901,0,0,0,0,1,0,1,0,0,1,0,0,0,1,0,0
0.00416983,0,1,0,0,1,0,1,1,0,1,0,0,0,1,0,0
0.00416985,0,1,0,0,1,1,1,1,0,1,0,0,0,1,0,0
0.00416986,1,1,1,1,1,1,1,1,0,1,0,0,0,1,0,0
0.00416988,1,1,1,1,0,0,0,1,0,1,0,0,0,1,0,0
0.00416989,0,0,0,0,0,0,0,1,0,1,0,0,0,1,0,0
0.00416994,1,0,1,1,0,1,0,1,0,1,0,0,0,1,0,0
0.00416995,0,0,1,1,0,1,0,1,0,1,0,0,0,1,0,0
0.00416996,0,0,0,0,0,0,0,1,0,1,0,0,0,1,0,0
0.0041708,1,1,1,1,0,0,0,1,0,1,0,0,0,1,0,0
0.00417081,1,1,1,1,0,0,1,1,0,1,0,0,0,1,0,0
0.00417082,1,1,1,1,1,1,1,0,0,1,0,0,0,1,0,0
0.00417083,1,0,1,1,0,1,1,0,0,1,0,0,0,1,0,0
0.00417084,1,0,1,1,0,0,1,0,0,1,0,0,0,1,0,0
0.00417184,1,1,1,1,1,1,1,0,0,1,0,0,0,1,0,0
0.00417185,1,1,1,1,1,1,1,1,0,1,0,0,0,1,0,0
0.00417189,0,0,1,1,0,0,1,1,0,1,0,0,0,1,0,0
0.0041719,0,0,0,1,0,0,0,1,0,1,0,0,0,1,0,0
0.00417222,0,0,0,1,0,0,0,1,0,0,0,0,0,0,0,0
0.00417223,0,0,0,1,0,0,0,1,0,0,0,1,0,0,0,0
0.00417224,0,0,0,1,0,0,0,1,0,0,0,1,0,0,0,1
0.0041723,0,0,0,1,0,0,0,1,0,0,0,1,0,0,0,0
0.00417231,0,0,0,1,0,0,0,1,0,0,0,1,0,0,0,1
0.00417275,0,1,0,1,0,0,0,1,0,0,0,1,0,0,0,1
0.00417277,0,0,0,1,0,0,0,1,0,0,0,1,0,0,0,1
0.00417278,1,1,1,1,1,1,1,1,0,0,0,1,0,0,0,1
0.00417282,1,1,1,1,0,0,0,0,0,0,0,1,0,0,0,1
0.00417283,1,1,0,1,0,0,0,0,0,0,0,1,0,0,0,1
0.00417287,1,1,0,1,0,1,0,0,0,0,0,1,0,0,0,1
0.00417288,1,1,1,1,0,1,0,0,0,0,0,1,0,0,0,1
0.00417289,1,1,0,1,0,0,0,0,0,0,0,1,0,0,0,1
0.00417379,1,1,0,1,0,1,0,0,0,0,0,1,0,0,0,1
0.00417381,1,1,1,1,1,1,1,1,0,0,0,1,0,0,0,1
0.00417382,0,1,0,0,0,1,1,1,0,0,0,1,0,0,0,1
0.00417383,0,1,0,0,0,1,0,0,0,0,0,1,0,0,0,1
0.00417388,0,1,1,0,0,1,0,0,0,0,0,1,0,0,0,1
0.00417389,0,1,0,0,0,1,0,0,0,0,0,1,0,0,0,1
0.00417418,0,1,0,0,0,1,0,0,0,0,0,0,0,1,0,0
0.00417419,0,1,0,0,0,1,0,0,0,1,0,0,0,1,0,0
0.00417425,0,1,0,0,0,1,0,0,0,0,0,0,0,0,0,0
0.00417426,0,1,0,0,0,1,0,0,0,1,0,0,0,1,0,0
0.00417473,0,1,1,1,0,1,0,0,0,1,0,0,0,1,0,0
0.00417474,1,1,1,1,1,1,1,1,0,1,0,0,0,1,0,0
0.00417478,1,0,1,0,1,0,1,0,0,1,0,0,0,1,0,0
0.00417479,1,0,0,0,1,0,1,0,0,1,0,0,0,1,0,0
0.00417484,1,0,1,0,1,1,1,1,0,1,0,0,0,1,0,0
0.00417485,1,0,0,0,1,0,1,0,0,1,0,0,0,1,0,0
0.00417568,1,1,1,0,1,0,1,0,0,1,0,0,0,1,0,0
0.00417569,1,1,1,1,1,0,1,1,0,1,0,0,0,1,0,0
0.0041757,1,1,1,1,1,1,1,1,0,1,0,0,0,1,0,0
0.00417575,0,0,0,0,0,0,0,1,0,1,0,0,0,1,0,0
0.00417579,0,0,0,0,0,1,0,1,0,1,0,0,0,1,0,0
0.0041758,0,0,1,1,0,1,0,1,0,1,0,0,0,1,0,0
0.00417581,1,1,1,1,0,1,0,1,0,1,0,0,0,1,0,0
0.00417582,0,1,1,1,0,1,0,1,0,1,0,0,0,1,0,0
0.00417583,0,0,1,0,0,1,0,1,0,1,0,0,0,1,0,0
0.00417584,0,0,0,0,0,0,0,1,0,1,0,0,0,1,0,0
0.00417588,0,0,1,0,0,0,0,1,0,1,0,0,0,1,0,0
0.00417592,0,0,0,0,0,0,0,1,0,1,0,0,0,1,0,0
0.00417665,0,1,1,0,0,0,0,1,0,1,0,0,0,1,0,0
0.00417666,1,1,1,1,0,0,0,1,0,1,0,0,0,1,0,0
0.00417667,1,1,1,1,1,1,1,1,0,1,0,0,0,1,0,0
0.00417668,1,1,1,1,1,1,1,0,0,1,0,0,0,1,0,0
0.00417669,1,1,1,1,0,0,0,0,0,1,0,0,0,1,0,0
0.0041767,1,1,0,1,0,0,0,0,0,1,0,0,0,1,0,0
0.00417673,1,1,1,1,0,0,0,0,0,1,0,0,0,1,0,0
0.00417674,1,1,1,1,0,1,0,0,0,1,0,0,0,1,0,0
0.00417676,1,1,1,1,0,0,0,0,0,1,0,0,0,1,0,0
0.00417677,1,1,0,1,0,0,0,0,0,1,0,0,0,1,0,0
0.0041777,1,1,1,1,1,1,1,1,0,1,0,0,0,1,0,0
0.00417775,1,1,1,1,1,1,1,0,0,1,0,0,0,1,0,0
0.00417776,0,0,1,0,1,0,0,0,0,1,0,0,0,1,0,0
0.00417781,1,1,1,1,1,1,0,0,0,1,0,0,0,1,0,0
0.00417783,1,0,1,1,1,0,0,0,0,1,0,0,0,1,0,0
0.00417784,0,0,1,0,1,0,0,0,0,1,0,0,0,1,0,0
0.00417808,0,0,1,0,1,0,0,0,0,0,0,0,0,0,0,0
0.00417809,0,0,1,0,1,0,0,0,0,0,0,0,1,0,0,0
0.0041781,0,0,1,0,1,0,0,0,0,0,1,0,1,0,0,0
0.00417816,0,0,1,0,1,0,0,0,0,0,0,0,1,0,0,0
0.00417817,0,0,1,0,1,0,0,0,0,0,1,0,1,0,0,0
0.00417861,1,1,1,1,1,0,0,0,0,0,1,0,1,0,0,0
0.00417863,1,1,1,1,1,1,1,1,0,0,1,0,1,0,0,0
0.00417966,0,0,0,1,0,1,1,1,0,0,1,0,1,0,0,0
0.00417967,0,0,0,0,0,0,0,1,0,0,1,0,1,0,0,0
0.0041797,0,1,0,1,0,1,0,1,0,0,1,0,1,0,0,0
0.00417971,1,1,0,1,0,1,0,1,0,0,1,0,1,0,0,0
0.00417972,1,1,1,1,0,1,1,1,0,0,1,0,1,0,0,0
0.00417975,1,0,0,1,0,0,0,1,0,0,1,0,1,0,0,0
0.00417976,0,0,0,0,0,0,0,1,0,0,1,0,1,0,0,0
0.00417979,1,0,0,1,0,0,0,1,0,0,1,0,1,0,0,0
0.0041798,1,1,1,1,0,1,0,1,0,0,1,0,1,0,0,0
0.00417981,1,1,1,1,0,0,0,1,0,0,1,0,1,0,0,0
0.00417983,1,0,0,1,0,0,0,1,0,0,1,0,1,0,0,0
0.00417984,0,0,0,1,0,0,0,1,0,0,1,0,1,0,0,0
0.00417985,0,0,0,0,0,0,0,1,0,0,1,0,1,0,0,0
0.00417986,1,0,0,1,0,0,0,1,0,0,1,0,1,0,0,0
0.00417993,0,0,0,1,0,0,0,1,0,0,1,0,1,0,0,0
0.00417995,1,0,0,1,0,0,0,1,0,0,1,0,1,0,0,0
0.00418002,0,0,0,1,0,0,0,1,0,0,1,0,1,0,0,0
0.00418003,1,0,0,1,0,0,0,1,0,0,1,0,1,0,0,0
0.00418007,0,0,0,1,0,0,0,1,0,0,1,0,1,0,0,0
0.0041801,1,0,0,1,0,0,0,1,0,0,1,0,1,0,0,0
0.00418011,0,0,0,1,0,0,0,1,0,0,1,0,1,0,0,0
0.00418012,1,0,0,1,0,0,0,1,0,0,1,0,1,0,0,0
0.00418015,0,0,0,1,0,0,0,1,0,0,1,0,1,0,0,0
0.00418018,1,0,0,1,0,0,0,1,0,0,1,0,1,0,0,0
0.00418019,0,0,0,1,0,0,0,1,0,0,1,0,1,0,0,0
0.00418029,0,0,0,0,0,0,0,1,0,0,1,0,1,0,0,0
0.0041803,1,0,0,1,0,0,0,1,0,0,1,0,1,0,0,0
0.00418031,0,0,0,1,0,0,0,1,0,0,1,0,1,0,0,0
0.00418038,0,0,0,0,0,0,0,1,0,0,1,0,1,0,0,0
0.00418041,0,0,0,1,0,0,0,1,0,0,1,0,1,0,0,0
0.00418042,0,0,0,0,0,0,0,1,0,0,1,0,1,0,0,0
0.00418048,0,0,0,1,0,0,0,1,0,0,1,0,1,0,0,0
0.00418049,0,0,0,0,0,0,0,1,0,0,1,0,1,0,0,0
0.00418056,1,1,1,1,0,0,0,1,0,0,1,0,1,0,0,0
0.00418057,1,1,1,1,1,1,0,1,0,0,1,0,1,0,0,0
0.00418059,1,1,1,1,1,1,1,1,0,0,1,0,1,0,0,0
0.00418063,1,1,1,1,1,1,1,0,0,0,1,0,1,0,0,0
0.00418064,0,0,1,1,1,1,0,0,0,0,1,0,1,0,0,0
0.00418067,1,1,1,1,1,1,0,0,0,0,1,0,1,0,0,0
0.00418068,1,1,1,1,1,1,1,0,0,0,1,0,1,0,0,0
0.0041807,0,0,1,1,1,1,0,0,0,0,1,0,1,0,0,0
0.00418075,1,0,1,1,1,1,0,0,0,0,1,0,1,0,0,0
0.00418077,0,0,1,1,1,1,0,0,0,0,1,0,1,0,0,0
0.00418102,0,0,1,1,1,1,0,0,0,0,1,1,1,1,0,0
0.00418154,1,1,1,1,1,1,0,0,0,0,1,1,1,1,0,0
0.00418156,1,1,1,1,1,1,1,1,0,0,1,1,1,1,0,0
0.00418162,0,0,0,0,1,0,1,0,0,0,1,1,1,1,0,0
0.00418166,1,1,1,1,1,1,1,0,0,0,1,1,1,1,0,0
0.0041817,0,0,0,0,1,0,1,0,0,0,1,1,1,1,0,0
0.00418174,1,0,1,1,1,1,1,0,0,0,1,1,1,1,0,0
0.00418175,1,1,1,1,1,1,1,0,0,0,1,1,1,1,0,0
0.00418177,0,0,1,1,1,1,1,0,0,0,1,1,1,1,0,0
0.00418178,0,0,0,0,1,0,1,0,0,0,1,1,1,1,0,0
0.00418182,0,0,1,0,1,0,1,0,0,0,1,1,1,1,0,0
0.00418186,0,0,0,0,1,0,1,0,0,0,1,1,1,1,0,0
0.00418197,0,0,1,0,1,0,1,0,0,0,1,1,1,1,0,0
0.00418198,0,0,0,0,1,0,1,0,0,0,1,1,1,1,0,0
0.004182,0,0,1,1,1,0,1,0,0,0,1,1,1,1,0,0
0.00418201,0,0,0,0,1,0,1,0,0,0,1,1,1,1,0,0
0.00418252,1,1,1,1,1,0,1,0,0,0,1,1,1,1,0,0
0.00418253,1,1,1,1,1,1,1,1,0,0,1,1,1,1,0,0
0.00418257,0,1,1,0,1,1,1,1,0,0,1,1,1,1,0,0
0.00418258,0,0,0,0,0,0,0,1,0,0,1,1,1,1,0,0
0.00418262,0,0,0,0,0,1,0,1,0,0,1,1,1,1,0,0
0.00418263,1,1,1,1,0,1,0,1,0,0,1,1,1,1,0,0
0.00418264,1,1,1,1,0,1,1,1,0,0,1,1,1,1,0,0
0.00418265,1,1,1,1,0,1,0,1,0,0,1,1,1,1,0,0
0.00418266,0,0,0,0,0,1,0,1,0,0,1,1,1,1,0,0
0.00418267,0,0,0,0,0,0,0,1,0,0,1,1,1,1,0,0
0.00418271,0,0,1,0,0,1,0,1,0,0,1,1,1,1,0,0
0.00418273,0,0,0,0,0,1,0,1,0,0,1,1,1,1,0,0
0.00418275,0,0,0,0,0,0,0,1,0,0,1,1,1,1,0,0
0.00418352,1,1,1,1,1,1,0,1,0,0,1,1,1,1,0,0
0.00418353,1,1,1,1,1,1,1,1,0,0,1,1,1,1,0,0
0.00418357,1,0,1,1,0,0,1,0,0,0,1,1,1,1,0,0
0.0041836,1,1,1,1,0,1,1,0,0,0,1,1,1,1,0,0
0.00418361,1,1,1,1,0,1,1,1,0,0,1,1,1,1,0,0
0.00418362,1,1,1,1,1,1,1,1,0,0,1,1,1,1,0,0
0.00418363,1,1,1,1,0,1,1,1,0,0,1,1,1,1,0,0
0.00418364,1,0,1,1,0,1,1,0,0,0,1,1,1,1,0,0
0.00418365,1,0,1,1,0,0,1,0,0,0,1,1,1,1,0,0
0.00418368,1,0,1,1,0,1,1,0,0,0,1,1,1,1,0,0
0.00418369,1,1,1,1,0,1,1,0,0,0,1,1,1,1,0,0
0.0041837,1,0,1,1,0,1,1,0,0,0,1,1,1,1,0,0
0.00418372,1,0,1,1,0,0,1,0,0,0,1,1,1,1,0,0
0.00418375,1,0,1,1,0,1,1,0,0,0,1,1,1,1,0,0
0.00418379,1,0,1,1,0,0,1,0,0,0,1,1,1,1,0,0
0.00418383,1,0,1,1,0,1,1,0,0,0,1,1,1,1,0,0
0.00418386,1,0,1,1,0,0,1,0,0,0,1,1,1,1,0,0
0.00418392,1,0,1,1,0,1,1,0,0,0,1,1,1,1,0,0
0.00418393,1,0,1,1,0,0,1,0,0,0,1,1,1,1,0,0
0.00418447,1,1,1,1,0,1,1,0,0,0,1,1,1,1,0,0
0.00418448,1,1,1,1,0,1,1,1,0,0,1,1,1,1,0,0
0.00418449,1,0,1,1,0,1,1,0,0,0,1,1,1,1,0,0
0.0041845,1,0,1,1,0,0,1,0,0,0,1,1,1,1,0,0
0.00418453,1,0,1,1,1,0,1,0,0,0,1,1,1,1,0,0
0.00418454,1,0,1,1,1,1,1,0,0,0,1,1,1,1,0,0
0.00418455,1,1,0,0,1,1,1,1,0,0,1,1,1,1,0,0
0.00418456,1,0,0,0,1,0,1,0,0,0,1,1,1,1,0,0
0.0041846,1,1,0,0,1,1,1,1,0,0,1,1,1,1,0,0
0.00418463,1,0,0,0,1,0,1,0,0,0,1,1,1,1,0,0
0.00418545,1,1,1,1,1,0,1,0,0,0,1,1,1,1,0,0
0.00418546,1,0,1,1,1,0,1,0,0,0,1,1,1,1,0,0
0.00418547,1,1,1,1,1,1,1,1,0,0,1,1,1,1,0,0
0.00418551,1,1,1,1,0,1,1,1,0,0,1,1,1,1,0,0
0.00418552,0,0,0,0,0,0,0,1,0,0,1,1,1,1,0,0
0.00418556,0,0,0,0,0,1,0,1,0,0,1,1,1,1,0,0
0.00418557,0,1,1,1,0,1,0,1,0,0,1,1,1,1,0,0
0.00418559,0,0,1,1,0,1,0,1,0,0,1,1,1,1,0,0
0.0041856,0,0,0,0,0,0,0,1,0,0,1,1,1,1,0,0
0.00418641,1,1,0,1,0,0,0,1,0,0,1,1,1,1,0,0
0.00418642,1,1,1,1,0,0,0,1,0,0,1,1,1,1,0,0
0.00418643,0,0,1,0,1,1,1,1,0,0,1,1,1,1,0,0
0.00418644,0,0,0,0,0,1,0,1,0,0,1,1,1,1,0,0
0.00418645,1,1,1,1,1,1,1,1,0,0,1,1,1,1,0,0
0.00418651,1,1,0,1,0,0,0,0,0,0,1,1,1,1,0,0
0.00418655,1,1,1,1,0,1,0,0,0,0,1,1,1,1,0,0
0.00418656,1,1,1,1,0,1,1,0,0,0,1,1,1,1,0,0
0.00418658,1,1,0,1,0,0,0,0,0,0,1,1,1,1,0,0
0.00418741,1,1,1,1,0,1,1,0,0,0,1,1,1,1,0,0
0.00418742,1,1,1,1,1,1,1,1,0,0,1,1,1,1,0,0
0.00418745,1,1,1,1,0,0,0,0,0,0,1,1,1,1,0,0
0.00418746,1,1,0,1,0,0,0,0,0,0,1,1,1,1,0,0
0.00418841,1,1,1,1,0,0,1,0,0,0,1,1,1,1,0,0
0.00418842,1,0,1,1,0,0,1,0,0,0,1,1,1,1,0,0
0.00418938,1,0,1,1,0,1,1,0,0,0,1,1,1,1,0,0
0.00418939,1,0,1,1,1,1,1,1,0,0,1,1,1,1,0,0
0.0041894,1,1,1,1,1,1,1,1,0,0,1,1,1,1,0,0
0.00419037,0,1,1,1,1,0,1,0,0,0,1,1,1,1,0,0
0.00419038,0,0,0,1,1,0,1,0,0,0,1,1,1,1,0,0
0.0041904,1,1,0,1,1,0,1,0,0,0,1,1,1,1,0,0
0.00419041,1,1,1,1,1,1,1,1,0,0,1,1,1,1,0,0
0.00419047,0,1,1,0,0,1,0,1,0,0,1,1,1,1,0,0
0.00419052,1,1,1,0,0,1,0,1,0,0,1,1,1,1,0,0
0.00419054,0,1,1,0,0,1,0,1,0,0,1,1,1,1,0,0
0.00419077,0,1,1,0,0,1,0,1,0,0,1,0,0,1,0,0
0.00419079,0,1,1,0,0,1,0,1,0,1,1,0,0,1,0,1
0.00419085,0,1,1,0,0,1,0,1,0,1,1,0,0,1,0,0
0.00419086,1,1,1,0,0,1,0,1,0,1,1,0,0,1,0,1
0.00419087,1,1,1,0,0,1,0,1,1,1,1,0,0,1,0,1
0.00419088,1,1,1,1,0,1,0,1,1,1,1,0,0,1,0,1
0.00419089,0,1,1,1,1,1,1,1,0,1,1,0,0,1,0,1
0.0041909,0,1,1,0,0,1,0,1,0,1,1,0,0,1,0,1
0.00419094,1,1,1,0,0,1,0,1,0,1,1,0,0,1,0,1
0.00419096,0,1,1,0,0,1,0,1,0,1,1,0,0,1,0,1
0.0041913,0,1,1,1,0,1,0,1,0,1,1,0,0,1,0,1
0.00419132,1,1,1,1,0,1,0,1,0,1,1,0,0,1,0,1
0.00419133,1,1,1,1,1,1,1,1,0,1,1,0,0,1,0,1
0.00419137,1,0,0,1,1,0,1,0,0,1,1,0,0,1,0,1
0.00419138,0,0,0,0,1,0,1,0,0,1,1,0,0,1,0,1
0.00419142,1,0,0,0,1,1,1,0,0,1,1,0,0,1,0,1
0.00419143,1,1,1,1,1,1,1,1,0,1,1,0,0,1,0,1
0.00419145,1,0,1,1,1,1,1,0,0,1,1,0,0,1,0,1
0.00419146,0,0,0,0,1,0,1,0,0,1,1,0,0,1,0,1
0.0041915,0,0,0,0,1,1,1,0,0,1,1,0,0,1,0,1
0.00419152,0,0,0,0,1,0,1,0,0,1,1,0,0,1,0,1
0.00419228,1,1,1,1,1,0,1,0,0,1,1,0,0,1,0,1
0.00419229,1,1,1,1,1,0,1,1,0,1,1,0,0,1,0,1
0.0041923,1,1,1,1,1,1,1,1,0,1,1,0,0,1,0,1
0.00419236,1,1,1,1,0,1,1,1,0,1,1,0,0,1,0,1
0.00419237,0,0,0,0,0,0,0,1,0,1,1,0,0,1,0,1
0.0041924,0,0,1,0,0,1,0,1,0,1,1,0,0,1,0,1
0.00419241,1,1,1,1,0,1,0,1,0,1,1,0,0,1,0,1
0.00419242,1,1,1,1,0,1,1,1,0,1,1,0,0,1,0,1
0.00419244,1,1,1,1,0,1,0,1,0,1,1,0,0,1,0,1
0.00419245,0,0,1,0,0,1,0,1,0,1,1,0,0,1,0,1
0.00419246,0,0,0,0,0,0,0,1,0,1,1,0,0,1,0,1
0.00419249,0,0,1,1,0,1,0,1,0,1,1,0,0,1,0,1
0.00419253,0,0,1,0,0,1,0,1,0,1,1,0,0,1,0,1
0.00419254,0,0,1,0,0,0,0,1,0,1,1,0,0,1,0,1
0.00419257,0,0,1,0,0,1,0,1,0,1,1,0,0,1,0,1
0.00419262,0,0,1,0,0,0,0,1,0,1,1,0,0,1,0,1
0.00419266,0,0,1,0,0,1,0,1,0,1,1,0,0,1,0,1
0.00419267,0,0,1,0,0,0,0,1,0,1,1,0,0,1,0,1
0.00419271,0,0,1,0,0,1,0,1,0,1,1,0,0,1,0,1
0.00419272,0,0,0,0,0,0,0,1,0,1,1,0,0,1,0,1
0.00419273,0,0,1,0,0,0,0,1,0,1,1,0,0,1,0,1
0.00419274,0,0,1,0,0,1,0,1,0,1,1,0,0,1,0,1
0.00419275,0,0,1,0,0,0,0,1,0,1,1,0,0,1,0,1
0.00419277,0,0,0,0,0,0,0,1,0,1,1,0,0,1,0,1
0.00419278,0,0,1,0,0,0,0,1,0,1,1,0,0,1,0,1
0.00419291,0,0,0,0,0,0,0,1,0,1,1,0,0,1,0,1
0.00419325,0,0,1,0,0,0,0,1,0,1,1,0,0,1,0,1
0.00419326,1,0,1,0,0,0,0,1,0,1,1,0,0,1,0,1
0.00419327,1,1,1,1,0,1,0,1,0,1,1,0,0,1,0,1
0.00419328,1,1,1,1,1,1,1,1,0,1,1,0,0,1,0,1
0.00419333,0,0,0,0,0,0,1,0,0,1,1,0,0,1,0,1
0.00419337,1,1,1,1,0,1,1,1,0,1,1,0,0,1,0,1
0.00419338,1,1,1,1,0,1,1,0,0,1,1,0,0,1,0,1
0.00419339,1,1,1,1,1,1,1,1,0,1,1,0,0,1,0,1
0.0041934,1,1,1,1,0,1,1,1,0,1,1,0,0,1,0,1
0.00419341,1,1,1,1,0,1,1,0,0,1,1,0,0,1,0,1
0.00419342,0,0,1,0,0,1,1,0,0,1,1,0,0,1,0,1
0.00419343,0,0,0,0,0,0,1,0,0,1,1,0,0,1,0,1
0.00419344,0,0,1,0,0,1,1,0,0,1,1,0,0,1,0,1
0.00419345,0,0,1,1,0,1,1,0,0,1,1,0,0,1,0,1
0.00419346,1,1,1,1,0,1,1,0,0,1,1,0,0,1,0,1
0.00419349,1,0,1,1,0,1,1,0,0,1,1,0,0,1,0,1
0.0041935,0,0,1,1,0,1,1,0,0,1,1,0,0,1,0,1
0.00419383,0,0,1,0,0,1,1,0,0,1,1,0,0,1,0,1
0.00419384,0,0,1,1,0,1,1,0,0,1,1,0,0,1,0,1
0.00419385,0,0,1,0,0,1,1,0,0,1,1,0,0,1,0,1
0.00419387,0,0,1,1,0,1,1,0,0,1,1,0,0,1,0,1
0.0041939,0,0,1,0,0,1,1,0,0,1,1,0,0,1,0,1
0.00419413,0,0,1,0,0,0,1,0,0,1,1,0,0,1,0,1
0.00419414,0,0,1,0,0,1,1,0,0,1,1,0,0,1,0,1
0.00419417,0,0,1,0,0,0,1,0,0,1,1,0,0,1,0,1
0.00419418,0,0,0,0,0,0,1,0,0,1,1,0,0,1,0,1
0.00419419,0,0,1,0,0,0,1,0,0,1,1,0,0,1,0,1
0.00419422,0,0,1,0,0,1,1,0,0,1,1,0,0,1,0,1
0.00419423,1,1,1,1,0,1,1,0,0,1,1,0,0,1,0,1
0.00419424,1,1,1,1,1,1,1,1,0,1,1,0,0,1,0,1
0.00419527,0,0,0,0,0,0,1,0,0,1,1,0,0,1,0,1
0.00419531,1,1,1,1,0,1,1,1,0,1,1,0,0,1,0,1
0.00419532,1,1,1,1,1,1,1,1,0,1,1,0,0,1,0,1
0.00419534,1,1,1,1,0,1,1,1,0,1,1,0,0,1,0,1
0.00419535,0,0,1,1,0,1,1,0,0,1,1,0,0,1,0,1
0.00419536,0,0,0,0,0,0,1,0,0,1,1,0,0,1,0,1
0.00419539,0,0,1,1,0,1,1,0,0,1,1,0,0,1,0,1
0.0041954,1,1,1,1,0,1,1,0,0,1,1,0,0,1,0,1
0.00419541,1,0,1,1,0,1,1,0,0,1,1,0,0,1,0,1
0.00419542,0,0,1,1,0,1,1,0,0,1,1,0,0,1,0,1
0.00419544,0,0,1,0,0,1,1,0,0,1,1,0,0,1,0,1
0.00419545,0,0,1,0,0,0,1,0,0,1,1,0,0,1,0,1
0.00419547,0,0,1,1,0,1,1,0,0,1,1,0,0,1,0,1
0.00419553,0,0,1,0,0,1,1,0,0,1,1,0,0,1,0,1
0.00419555,0,0,1,1,0,1,1,0,0,1,1,0,0,1,0,1
0.00419558,0,0,1,0,0,1,1,0,0,1,1,0,0,1,0,1
0.00419559,0,0,1,1,0,1,1,0,0,1,1,0,0,1,0,1
0.0041956,0,0,1,0,0,1,1,0,0,1,1,0,0,1,0,1
0.00419561,0,0,1,0,0,0,1,0,0,1,1,0,0,1,0,1
0.00419563,0,0,1,0,0,1,1,0,0,1,1,0,0,1,0,1
0.00419564,0,0,1,1,0,1,1,0,0,1,1,0,0,1,0,1
0.00419566,0,0,1,0,0,1,1,0,0,1,1,0,0,1,0,1
0.00419567,0,0,1,0,0,0,1,0,0,1,1,0,0,1,0,1
0.00419568,0,0,1,0,0,1,1,0,0,1,1,0,0,1,0,1
0.0041957,0,0,1,0,0,0,1,0,0,1,1,0,0,1,0,1
0.00419602,0,0,0,0,0,0,1,0,0,1,1,0,0,1,0,1
0.00419603,0,0,1,0,0,0,1,0,0,1,1,0,0,1,0,1
0.00419607,0,0,0,0,0,0,1,0,0,1,1,0,0,1,0,1
0.00419608,0,0,1,0,0,0,1,0,0,1,1,0,0,1,0,1
0.00419611,0,0,0,0,0,0,1,0,0,1,1,0,0,1,0,1
0.00419612,0,0,1,0,0,0,1,0,0,1,1,0,0,1,0,1
0.00419613,0,0,0,0,0,0,1,0,0,1,1,0,0,1,0,1
0.00419619,0,0,1,0,0,0,1,0,0,1,1,0,0,1,0,1
0.00419622,0,0,0,0,0,0,1,0,0,1,1,0,0,1,0,1
0.00419625,0,0,1,0,0,0,1,0,0,1,1,0,0,1,0,1
0.00419626,0,0,0,0,0,0,1,0,0,1,1,0,0,1,0,1
0.00419628,0,1,1,0,0,0,1,0,0,1,1,0,0,1,0,1
0.0041963,0,1,1,0,0,1,1,1,0,1,1,0,0,1,0,1
0.00419631,1,1,1,1,1,1,0,1,0,1,1,0,0,1,0,1
0.00419633,0,1,1,0,0,1,0,1,0,1,1,0,0,1,0,1
0.00419663,0,1,1,0,0,1,0,1,0,1,1,0,0,1,0,0
0.00419664,0,1,1,0,0,1,0,1,0,1,1,0,0,1,0,1
0.00419671,0,1,1,0,0,1,0,1,0,1,1,0,0,1,0,0
0.00419672,0,1,1,0,0,1,1,1,0,1,1,0,0,1,0,1
0.00419673,0,1,1,0,0,1,1,1,0,1,1,0,0,1,1,1
0.00419674,0,1,1,1,0,1,1,1,0,1,1,0,0,1,1,1
0.00419675,1,1,1,1,1,1,0,1,0,1,1,0,0,1,1,1
0.00419676,1,1,1,1,0,1,0,1,0,1,1,0,0,1,0,1
0.00419677,0,1,1,0,0,1,0,1,0,1,1,0,0,1,0,1
0.0041968,0,1,1,1,0,1,0,1,0,1,1,0,0,1,0,1
0.00419681,1,1,1,1,0,1,0,1,0,1,1,0,0,1,0,1
0.00419682,0,1,1,1,0,1,0,1,0,1,1,0,0,1,0,1
0.00419683,0,1,1,0,0,1,0,1,0,1,1,0,0,1,0,1
0.00419716,1,1,1,0,0,1,0,1,0,1,1,0,0,1,0,1
0.00419717,1,1,1,1,0,1,0,1,0,1,1,0,0,1,0,1
0.00419718,1,1,1,1,1,1,0,1,0,1,1,0,0,1,0,1
0.00419719,1,1,1,1,1,1,1,1,0,1,1,0,0,1,0,1
0.00419723,1,0,0,1,1,0,1,0,0,1,1,0,0,1,0,1
0.00419724,1,0,0,0,1,0,1,0,0,1,1,0,0,1,0,1
0.00419728,1,0,1,1,1,1,1,1,0,1,1,0,0,1,0,1
0.00419729,1,1,1,1,1,1,1,1,0,1,1,0,0,1,0,1
0.0041973,1,0,0,1,1,1,1,0,0,1,1,0,0,1,0,1
0.00419731,1,0,0,0,1,0,1,0,0,1,1,0,0,1,0,1
0.00419736,1,0,0,1,1,0,1,0,0,1,1,0,0,1,0,1
0.00419737,1,0,0,0,1,0,1,0,0,1,1,0,0,1,0,1
0.00419814,1,0,1,1,1,0,1,0,0,1,1,0,0,1,0,1
0.00419815,1,1,1,1,1,0,1,1,0,1,1,0,0,1,0,1
0.00419816,1,1,1,1,1,1,1,1,0,1,1,0,0,1,0,1
0.00419821,0,0,1,0,0,1,0,1,0,1,1,0,0,1,0,1
0.00419822,0,0,0,0,0,0,0,1,0,1,1,0,0,1,0,1
0.00419825,0,1,1,0,0,1,0,1,0,1,1,0,0,1,0,1
0.00419826,0,1,1,1,0,1,0,1,0,1,1,0,0,1,0,1
0.00419827,1,1,1,1,0,1,0,1,0,1,1,0,0,1,0,1
0.00419829,0,1,1,1,0,1,0,1,0,1,1,0,0,1,0,1
0.0041983,0,0,1,1,0,1,0,1,0,1,1,0,0,1,0,1
0.00419831,0,0,0,0,0,0,0,1,0,1,1,0,0,1,0,1
0.00419833,0,0,1,0,0,0,0,1,0,1,1,0,0,1,0,1
0.00419834,0,0,1,1,0,1,0,1,0,1,1,0,0,1,0,1
0.00419839,0,0,1,0,0,0,0,1,0,1,1,0,0,1,0,1
0.00419842,0,0,1,0,0,1,0,1,0,1,1,0,0,1,0,1
0.00419843,0,0,1,1,0,1,0,1,0,1,1,0,0,1,0,1
0.00419845,0,0,1,1,0,0,0,1,0,1,1,0,0,1,0,1
0.00419846,0,0,1,0,0,0,0,1,0,1,1,0,0,1,0,1
0.00419871,0,0,0,0,0,0,0,1,0,1,1,0,0,1,0,1
0.00419872,0,0,1,0,0,0,0,1,0,1,1,0,0,1,0,1
0.00419874,0,0,0,0,0,0,0,1,0,1,1,0,0,1,0,1
0.00419875,0,0,1,0,0,0,0,1,0,1,1,0,0,1,0,1
0.00419878,0,0,0,0,0,0,0,1,0,1,1,0,0,1,0,1
0.00419911,1,0,1,0,0,0,0,1,0,1,1,0,0,1,0,1
0.00419913,1,1,1,1,1,1,0,1,0,1,1,0,0,1,0,1
0.00419914,1,1,1,1,1,1,1,1,0,1,1,0,0,1,0,1
0.00419919,0,0,0,0,0,0,0,1,0,1,1,0,0,1,0,1
0.00419922,1,1,1,1,0,1,0,1,0,1,1,0,0,1,0,1
0.00419923,1,1,1,1,0,1,1,1,0,1,1,0,0,1,0,1
0.00419924,1,1,1,1,1,1,1,1,0,1,1,0,0,1,0,1
0.00419926,1,1,1,1,0,1,1,1,0,1,1,0,0,1,0,1
0.00419927,1,1,1,1,0,1,0,1,0,1,1,0,0,1,0,1
0.00419928,0,0,1,0,0,0,0,1,0,1,1,0,0,1,0,1
0.0041993,1,0,1,1,0,1,0,1,0,1,1,0,0,1,0,1
0.00419931,1,1,1,1,0,1,0,1,0,1,1,0,0,1,0,1
0.00419932,1,1,1,1,0,1,1,1,0,1,1,0,0,1,0,1
0.00419935,1,1,1,1,0,1,0,1,0,1,1,0,0,1,0,1
0.00419937,1,0,1,1,0,1,0,1,0,1,1,0,0,1,0,1
0.00419938,1,1,1,1,0,1,0,1,0,1,1,0,0,1,0,1
0.00419951,1,0,1,1,0,1,0,1,0,1,1,0,0,1,0,1
0.00419954,1,1,1,1,0,1,0,1,0,1,1,0,0,1,0,1
0.00419955,1,0,1,1,0,1,0,1,0,1,1,0,0,1,0,1
0.00419956,1,1,1,1,0,1,0,1,0,1,1,0,0,1,0,1
0.00419959,1,0,1,1,0,1,0,1,0,1,1,0,0,1,0,1
0.00419962,0,0,1,1,0,1,0,1,0,1,1,0,0,1,0,1
0.00419963,1,0,1,1,0,1,0,1,0,1,1,0,0,1,0,1
0.00419969,0,0,1,1,0,1,0,1,0,1,1,0,0,1,0,1
0.00419971,1,0,1,1,0,1,0,1,0,1,1,0,0,1,0,1
0.00419973,0,0,1,1,0,1,0,1,0,1,1,0,0,1,0,1
0.00419975,1,0,1,1,0,1,0,1,0,1,1,0,0,1,0,1
0.00419977,0,0,1,1,0,1,0,1,0,1,1,0,0,1,0,1
0.00419983,1,0,1,1,0,1,0,1,0,1,1,0,0,1,0,1
0.00419984,0,0,1,1,0,1,0,1,0,1,1,0,0,1,0,1
0.00419992,0,0,1,1,0,0,0,1,0,1,1,0,0,1,0,1
0.00419993,0,0,1,1,0,1,0,1,0,1,1,0,0,1,0,1
0.00419995,0,0,1,1,0,0,0,1,0,1,1,0,0,1,0,1
0.0042,0,0,1,1,0,1,0,1,0,1,1,0,0,1,0,1
0.00420002,0,0,1,1,0,0,0,1,0,1,1,0,0,1,0,1
0.00420004,0,0,1,0,0,0,0,1,0,1,1,0,0,1,0,1
0.00420006,0,0,1,1,0,0,0,1,0,1,1,0,0,1,0,1
0.00420007,0,0,1,0,0,0,0,1,0,1,1,0,0,1,0,1
0.00420008,0,0,1,1,0,1,0,1,0,1,1,0,0,1,0,1
0.00420009,1,1,1,1,0,1,0,1,0,1,1,0,0,1,0,1
0.0042001,1,1,1,1,1,1,1,1,0,1,1,0,0,1,0,1
0.00420113,0,0,0,0,0,0,0,1,0,1,1,0,0,1,0,1
0.00420117,1,1,1,1,0,1,1,1,0,1,1,0,0,1,0,1
0.00420118,1,1,1,1,1,1,1,1,0,1,1,0,0,1,0,1
0.00420119,1,1,1,1,0,1,1,1,0,1,1,0,0,1,0,1
0.00420121,0,0,1,1,0,1,0,1,0,1,1,0,0,1,0,1
0.00420122,0,0,0,0,0,0,0,1,0,1,1,0,0,1,0,1
0.00420125,0,0,1,1,0,1,0,1,0,1,1,0,0,1,0,1
0.00420126,1,0,1,1,0,1,1,1,0,1,1,0,0,1,0,1
0.00420127,1,0,1,1,0,1,0,1,0,1,1,0,0,1,0,1
0.00420128,0,0,1,1,0,1,0,1,0,1,1,0,0,1,0,1
0.0042013,0,0,1,0,0,0,0,1,0,1,1,0,0,1,0,1
0.00420133,0,0,1,1,0,0,0,1,0,1,1,0,0,1,0,1
0.00420134,0,0,1,1,0,1,0,1,0,1,1,0,0,1,0,1
0.00420137,0,0,1,1,0,0,0,1,0,1,1,0,0,1,0,1
0.0042014,0,0,1,0,0,0,0,1,0,1,1,0,0,1,0,1
0.00420141,0,0,1,1,0,0,0,1,0,1,1,0,0,1,0,1
0.00420145,0,0,1,0,0,0,0,1,0,1,1,0,0,1,0,1
0.0042015,0,0,1,1,0,0,0,1,0,1,1,0,0,1,0,1
0.00420152,0,0,1,0,0,0,0,1,0,1,1,0,0,1,0,1
0.00420199,0,0,0,0,0,0,0,1,0,1,1,0,0,1,0,1
0.00420201,0,0,1,0,0,0,0,1,0,1,1,0,0,1,0,1
0.00420202,0,0,0,0,0,0,0,1,0,1,1,0,0,1,0,1
0.00420205,0,0,1,0,0,0,0,1,0,1,1,0,0,1,0,1
0.00420206,0,0,0,0,0,0,0,1,0,1,1,0,0,1,0,1
0.00420207,0,0,1,0,0,0,0,1,0,1,1,0,0,1,0,1
0.00420208,0,0,0,0,0,0,0,1,0,1,1,0,0,1,0,1
0.0042021,0,0,1,0,0,0,0,1,0,1,1,0,0,1,0,1
0.00420212,0,0,0,0,0,0,0,1,0,1,1,0,0,1,0,1
0.00420214,0,1,1,0,0,0,0,1,0,1,1,0,0,1,0,1
0.00420215,0,1,1,0,0,1,0,1,0,1,1,0,0,1,0,1
0.00420217,1,1,1,1,1,1,1,1,0,1,1,0,0,1,0,1
0.00420219,1,1,1,1,0,1,1,1,0,1,1,0,0,1,0,1
0.0042022,0,1,1,0,0,1,0,1,0,1,1,0,0,1,0,1
0.00420225,0,1,1,1,0,1,0,1,0,1,1,0,0,1,0,1
0.00420227,0,1,1,0,0,1,0,1,0,1,1,0,0,1,0,1
0.00420249,0,1,1,0,0,1,0,1,0,1,1,0,0,1,0,0
0.0042025,0,1,1,0,0,1,0,1,0,1,1,0,0,1,0,1
0.00420257,0,1,1,0,0,1,0,1,0,1,1,0,0,1,0,0
0.00420258,0,1,1,0,0,1,0,1,0,1,1,0,0,1,0,1
0.00420304,1,1,1,1,1,1,0,1,0,1,1,0,0,1,0,1
0.00420305,1,1,1,1,1,1,1,1,0,1,1,0,0,1,0,1
0.00420309,0,0,0,0,0,0,1,0,0,1,1,0,0,1,0,1
0.00420313,0,0,0,1,0,1,1,0,0,1,1,0,0,1,0,1
0.00420314,1,0,0,1,0,1,1,0,0,1,1,0,0,1,0,1
0.00420315,1,1,1,1,1,1,1,1,0,1,1,0,0,1,0,1
0.00420316,1,1,1,1,0,1,1,0,0,1,1,0,0,1,0,1
0.00420317,1,0,1,1,0,1,1,0,0,1,1,0,0,1,0,1
0.00420318,0,0,0,0,0,0,1,0,0,1,1,0,0,1,0,1
0.00420321,0,0,0,1,0,0,1,0,0,1,1,0,0,1,0,1
0.00420322,0,0,0,1,0,1,1,0,0,1,1,0,0,1,0,1
0.00420326,0,0,0,1,0,0,1,0,0,1,1,0,0,1,0,1
0.00420327,0,0,0,0,0,0,1,0,0,1,1,0,0,1,0,1
0.00420329,0,0,0,1,0,0,1,0,0,1,1,0,0,1,0,1
0.0042033,0,0,0,1,0,1,1,0,0,1,1,0,0,1,0,1
0.00420332,0,0,0,1,0,0,1,0,0,1,1,0,0,1,0,1
0.00420335,0,0,0,0,0,0,1,0,0,1,1,0,0,1,0,1
0.00420337,0,0,0,1,0,0,1,0,0,1,1,0,0,1,0,1
0.0042034,0,0,0,0,0,0,1,0,0,1,1,0,0,1,0,1
0.00420348,0,0,0,1,0,1,1,0,0,1,1,0,0,1,0,1
0.00420349,0,0,0,0,0,0,1,0,0,1,1,0,0,1,0,1
0.00420399,1,1,1,1,0,0,1,0,0,1,1,0,0,1,0,1
0.004204,1,1,1,1,1,1,1,1,0,1,1,0,0,1,0,1
0.00420407,0,0,1,1,0,1,0,1,0,1,1,0,0,1,0,1
0.00420408,0,0,0,0,0,0,0,1,0,1,1,0,0,1,0,1
0.00420411,1,1,1,1,0,1,0,1,0,1,1,0,0,1,0,1
0.00420412,1,1,1,1,1,1,0,1,0,1,1,0,0,1,0,1
0.00420413,1,1,1,1,1,1,1,1,0,1,1,0,0,1,0,1
0.00420414,1,1,1,1,0,1,1,1,0,1,1,0,0,1,0,1
0.00420415,1,0,1,1,0,1,0,1,0,1,1,0,0,1,0,1
0.00420416,0,0,0,0,0,0,0,1,0,1,1,0,0,1,0,1
0.00420419,0,0,1,1,0,1,0,1,0,1,1,0,0,1,0,1
0.00420424,0,0,1,0,0,1,0,1,0,1,1,0,0,1,0,1
0.00420425,0,0,0,0,0,0,0,1,0,1,1,0,0,1,0,1
0.00420427,0,0,1,0,0,1,0,1,0,1,1,0,0,1,0,1
0.00420428,0,0,1,1,0,1,0,1,0,1,1,0,0,1,0,1
0.00420431,0,0,1,0,0,1,0,1,0,1,1,0,0,1,0,1
0.00420433,0,0,1,0,0,0,0,1,0,1,1,0,0,1,0,1
0.00420436,0,0,1,0,0,1,0,1,0,1,1,0,0,1,0,1
0.00420437,0,0,1,1,0,1,0,1,0,1,1,0,0,1,0,1
0.00420438,0,0,1,0,0,1,0,1,0,1,1,0,0,1,0,1
0.00420439,0,0,1,0,0,0,0,1,0,1,1,0,0,1,0,1
0.00420445,0,0,1,0,0,1,0,1,0,1,1,0,0,1,0,1
0.00420446,0,0,1,0,0,0,0,1,0,1,1,0,0,1,0,1
0.00420448,0,0,0,0,0,0,0,1,0,1,1,0,0,1,0,1
0.0042045,0,0,1,0,0,0,0,1,0,1,1,0,0,1,0,1
0.00420453,0,0,0,0,0,0,0,1,0,1,1,0,0,1,0,1
0.00420454,0,0,1,0,0,0,0,1,0,1,1,0,0,1,0,1
0.00420456,0,0,0,0,0,0,0,1,0,1,1,0,0,1,0,1
0.00420459,0,0,1,0,0,0,0,1,0,1,1,0,0,1,0,1
0.0042046,0,0,0,0,0,0,0,1,0,1,1,0,0,1,0,1
0.00420497,1,1,1,1,0,0,0,1,0,1,1,0,0,1,0,1
0.00420498,1,1,1,0,0,0,0,1,0,1,1,0,0,1,0,1
0.00420499,1,1,1,1,1,1,1,1,0,1,1,0,0,1,0,1
0.00420504,1,1,1,1,0,1,1,0,0,1,1,0,0,1,0,1
0.00420505,0,1,1,1,0,1,0,0,0,1,1,0,0,1,0,1
0.00420508,1,1,1,1,0,1,0,0,0,1,1,0,0,1,0,1
0.00420509,1,1,1,1,1,1,1,1,0,1,1,0,0,1,0,1
0.0042051,1,1,1,1,0,1,1,0,0,1,1,0,0,1,0,1
0.00420511,0,1,1,1,0,1,0,0,0,1,1,0,0,1,0,1
0.00420596,1,1,1,1,1,1,1,0,0,1,1,0,0,1,0,1
0.00420597,1,1,1,1,1,1,1,1,0,1,1,0,0,1,0,1
0.00420698,0,1,1,1,0,1,0,0,0,1,1,0,0,1,0,1
0.00420703,1,1,1,1,1,1,1,1,0,1,1,0,0,1,0,1
0.00420704,0,1,1,1,0,1,1,0,0,1,1,0,0,1,0,1
0.00420705,0,1,1,1,0,1,0,0,0,1,1,0,0,1,0,1
0.00420801,1,1,1,1,0,1,1,1,0,1,1,0,0,1,0,1
0.00420802,1,0,1,0,1,1,1,1,0,1,1,0,0,1,0,1
0.00420803,0,0,1,0,1,0,0,0,0,1,1,0,0,1,0,1
0.00420807,1,0,1,0,1,0,0,0,0,1,1,0,0,1,0,1
0.00420808,1,0,1,0,1,0,1,0,0,1,1,0,0,1,0,1
0.00420809,0,0,1,0,1,0,0,0,0,1,1,0,0,1,0,1
0.00420835,0,0,1,0,1,0,0,0,0,0,1,0,0,0,0,0
0.00420836,0,0,1,0,1,0,0,0,0,0,1,0,1,0,0,0
0.00420888,1,1,1,0,1,0,0,0,0,0,1,0,1,0,0,0
0.00420889,0,0,1,0,1,0,0,0,0,0,1,0,1,0,0,0
0.0042089,1,1,1,0,1,1,1,1,0,0,1,0,1,0,0,0
0.00420891,1,1,1,1,1,1,1,1,0,0,1,0,1,0,0,0
0.00420993,0,0,0,0,0,0,0,1,0,0,1,0,1,0,0,0
0.00420998,0,0,0,1,0,0,0,1,0,0,1,0,1,0,0,0
0.00420999,1,1,1,1,0,1,1,1,0,0,1,0,1,0,0,0
0.00421,1,0,1,1,0,1,1,1,0,0,1,0,1,0,0,0
0.00421001,0,0,0,0,0,0,0,1,0,0,1,0,1,0,0,0
0.00421083,1,1,1,1,0,0,0,1,0,0,1,0,1,0,0,0
0.00421085,1,1,1,1,1,1,1,1,0,0,1,0,1,0,0,0
0.0042109,1,1,0,0,1,0,0,0,0,0,1,0,1,0,0,0
0.00421094,1,1,1,1,1,1,1,0,0,0,1,0,1,0,0,0
0.00421097,1,1,1,0,1,0,0,0,0,0,1,0,1,0,0,0
0.00421098,1,1,0,0,1,0,0,0,0,0,1,0,1,0,0,0
0.00421102,1,1,1,0,1,0,0,0,0,0,1,0,1,0,0,0
0.00421105,1,1,0,0,1,0,0,0,0,0,1,0,1,0,0,0
0.00421128,1,1,0,0,1,0,0,0,0,0,0,0,1,0,0,0
0.00421129,1,1,0,0,1,0,0,0,1,1,0,0,1,0,0,0
0.00421135,1,1,0,0,1,0,0,0,0,0,0,0,0,0,0,0
0.00421136,1,1,0,0,1,0,0,0,1,1,0,0,1,0,0,0
0.00421183,1,1,1,1,1,1,1,0,1,1,0,0,1,0,0,0
0.00421184,1,1,1,1,1,1,1,1,1,1,0,0,1,0,0,0
0.00421188,1,0,1,1,1,1,1,0,1,1,0,0,1,0,0,0
0.00421189,1,0,0,0,1,1,1,0,1,1,0,0,1,0,0,0
0.00421192,1,0,1,0,1,1,1,0,1,1,0,0,1,0,0,0
0.00421193,1,1,1,1,1,1,1,0,1,1,0,0,1,0,0,0
0.00421195,1,0,1,0,1,1,1,0,1,1,0,0,1,0,0,0
0.00421196,1,0,0,0,1,1,1,0,1,1,0,0,1,0,0,0
0.004212,1,0,1,0,1,1,1,0,1,1,0,0,1,0,0,0
0.00421202,1,0,0,0,1,1,1,0,1,1,0,0,1,0,0,0
0.00421278,1,1,0,0,1,1,1,0,1,1,0,0,1,0,0,0
0.0042128,1,1,1,1,1,1,1,1,1,1,0,0,1,0,0,0
0.00421281,1,0,1,1,1,1,1,0,1,1,0,0,1,0,0,0
0.00421282,1,1,1,1,1,1,1,0,1,1,0,0,1,0,0,0
0.00421283,1,1,1,1,1,1,1,1,1,1,0,0,1,0,0,0
0.00421285,0,1,0,0,1,0,0,0,1,1,0,0,1,0,0,0
0.0042129,0,1,1,1,1,0,0,0,1,1,0,0,1,0,0,0
0.00421291,0,1,1,1,1,1,1,1,1,1,0,0,1,0,0,0
0.00421292,0,1,1,1,1,0,0,0,1,1,0,0,1,0,0,0
0.00421293,0,1,0,0,1,0,0,0,1,1,0,0,1,0,0,0
0.00421323,0,1,0,0,1,0,0,0,0,1,0,0,1,0,0,0
0.00421378,1,1,1,1,1,0,0,0,0,1,0,0,1,0,0,0
0.00421379,1,1,1,1,1,0,1,1,0,1,0,0,1,0,0,0
0.0042138,1,1,1,1,1,1,1,1,0,1,0,0,1,0,0,0
0.00421384,1,1,0,0,1,1,0,0,0,1,0,0,1,0,0,0
0.00421388,1,1,1,1,1,1,1,0,0,1,0,0,1,0,0,0
0.00421389,1,1,1,1,1,1,1,1,0,1,0,0,1,0,0,0
0.0042139,1,1,1,0,1,1,0,0,0,1,0,0,1,0,0,0
0.00421391,1,1,0,0,1,1,0,0,0,1,0,0,1,0,0,0
0.00421474,1,1,1,1,1,1,0,0,0,1,0,0,1,0,0,0
0.00421475,1,1,1,1,1,1,1,0,0,1,0,0,1,0,0,0
0.00421476,1,1,1,0,1,1,1,1,0,1,0,0,1,0,0,0
0.00421477,1,1,1,1,1,1,1,1,0,1,0,0,1,0,0,0
0.00421481,1,0,0,0,1,0,0,0,0,1,0,0,1,0,0,0
0.00421485,1,1,1,1,1,0,0,0,0,1,0,0,1,0,0,0
0.00421486,1,1,1,1,1,1,1,1,0,1,0,0,1,0,0,0
0.00421488,1,1,1,1,1,0,1,0,0,1,0,0,1,0,0,0
0.00421489,1,0,1,0,1,0,0,0,0,1,0,0,1,0,0,0
0.0042149,1,0,0,0,1,0,0,0,0,1,0,0,1,0,0,0
0.00421493,1,0,1,1,1,0,0,0,0,1,0,0,1,0,0,0
0.00421496,1,0,1,0,1,0,0,0,0,1,0,0,1,0,0,0
0.00421498,1,0,0,0,1,0,0,0,0,1,0,0,1,0,0,0
0.00421502,1,0,1,0,1,0,0,0,0,1,0,0,1,0,0,0
0.00421505,1,0,0,0,1,0,0,0,0,1,0,0,1,0,0,0
0.00421518,1,0,1,0,1,0,0,0,0,0,0,0,1,0,0,0
0.00421519,1,0,0,0,1,0,0,0,1,0,0,0,1,0,0,0
0.00421525,1,0,1,0,1,0,0,0,1,0,0,0,1,0,0,0
0.00421526,1,0,0,0,1,0,0,0,0,0,0,0,0,0,0,0
0.00421527,1,0,0,0,1,0,0,0,1,0,0,0,1,0,0,0
0.00421571,1,1,1,1,1,0,0,0,1,0,0,0,1,0,0,0
0.00421573,1,1,1,1,1,1,1,1,1,0,0,0,1,0,0,0
0.00421579,0,0,1,1,1,0,1,0,1,0,0,0,1,0,0,0
0.00421583,0,1,1,1,1,1,1,1,1,0,0,0,1,0,0,0
0.00421584,1,1,1,1,1,1,1,1,1,0,0,0,1,0,0,0
0.00421585,0,1,1,1,1,1,1,0,1,0,0,0,1,0,0,0
0.00421586,0,0,1,1,1,0,1,0,1,0,0,0,1,0,0,0
0.00421669,1,1,1,1,1,0,1,0,1,0,0,0,1,0,0,0
0.00421671,1,1,1,1,1,1,1,1,1,0,0,0,1,0,0,0
0.00421676,1,0,1,1,1,1,0,0,1,0,0,0,1,0,0,0
0.0042168,1,1,1,1,1,1,1,1,1,0,0,0,1,0,0,0
0.00421681,1,1,1,1,1,1,0,0,1,0,0,0,1,0,0,0
0.00421682,1,0,1,1,1,1,0,0,1,0,0,0,1,0,0,0
0.00421714,1,0,1,1,1,1,0,0,1,0,1,1,1,1,0,0
0.00421769,1,1,1,1,1,1,1,1,1,0,1,1,1,1,0,0
0.00421774,0,0,0,0,1,0,1,0,1,0,1,1,1,1,0,0
0.00421778,0,1,0,0,1,1,1,0,1,0,1,1,1,1,0,0
0.00421779,0,1,1,1,1,1,1,0,1,0,1,1,1,1,0,0
0.0042178,1,1,1,1,1,1,1,1,1,0,1,1,1,1,0,0
0.00421781,0,1,1,1,1,1,1,1,1,0,1,1,1,1,0,0
0.00421782,0,0,0,0,1,1,1,0,1,0,1,1,1,1,0,0
0.00421783,0,0,0,0,1,0,1,0,1,0,1,1,1,1,0,0
0.00421786,0,0,0,0,1,1,1,0,1,0,1,1,1,1,0,0
0.00421791,0,0,0,0,1,0,1,0,1,0,1,1,1,1,0,0
0.00421794,0,0,0,0,1,1,1,0,1,0,1,1,1,1,0,0
0.00421799,0,0,0,0,1,0,1,0,1,0,1,1,1,1,0,0
0.00421803,0,0,0,0,1,1,1,0,1,0,1,1,1,1,0,0
0.00421805,0,0,0,0,1,0,1,0,1,0,1,1,1,1,0,0
0.00421809,0,0,0,0,1,1,1,0,1,0,1,1,1,1,0,0
0.00421813,0,0,0,0,1,0,1,0,1,0,1,1,1,1,0,0
0.00421864,1,1,1,1,1,0,1,0,1,0,1,1,1,1,0,0
0.00421865,1,1,1,1,1,1,1,1,1,0,1,1,1,1,0,0
0.00421871,0,0,0,0,0,0,0,1,1,0,1,1,1,1,0,0
0.00421875,1,1,1,1,0,1,0,1,1,0,1,1,1,1,0,0
0.00421877,1,1,1,1,0,1,1,1,1,0,1,1,1,1,0,0
0.00421878,1,1,1,1,0,1,0,1,1,0,1,1,1,1,0,0
0.0042188,0,0,1,0,0,0,0,1,1,0,1,1,1,1,0,0
0.00421881,0,0,0,0,0,0,0,1,1,0,1,1,1,1,0,0
0.00421883,0,0,1,1,0,1,0,1,1,0,1,1,1,1,0,0
0.00421884,1,0,1,1,0,1,0,1,1,0,1,1,1,1,0,0
0.00421887,0,0,1,1,0,1,0,1,1,0,1,1,1,1,0,0
0.00421889,0,0,1,0,0,1,0,1,1,0,1,1,1,1,0,0
0.00421892,0,0,1,1,0,1,0,1,1,0,1,1,1,1,0,0
0.00421904,0,0,1,0,0,1,0,1,1,0,1,1,1,1,0,0
0.00421907,0,0,1,1,0,1,0,1,1,0,1,1,1,1,0,0
0.00421908,0,0,1,0,0,1,0,1,1,0,1,1,1,1,0,0
0.0042191,0,0,1,1,0,1,0,1,1,0,1,1,1,1,0,0
0.00421911,0,0,1,0,0,1,0,1,1,0,1,1,1,1,0,0
0.00421922,0,0,1,0,0,0,0,1,1,0,1,1,1,1,0,0
0.00421924,0,0,1,0,0,1,0,1,1,0,1,1,1,1,0,0
0.00421926,0,0,1,0,0,0,0,1,1,0,1,1,1,1,0,0
0.00421935,0,0,0,0,0,0,0,1,1,0,1,1,1,1,0,0
0.00421937,0,0,1,0,0,0,0,1,1,0,1,1,1,1,0,0
0.0042194,0,0,0,0,0,0,0,1,1,0,1,1,1,1,0,0
0.00421942,0,0,1,0,0,0,0,1,1,0,1,1,1,1,0,0
0.00421944,0,0,0,0,0,0,0,1,1,0,1,1,1,1,0,0
0.00421946,0,0,1,0,0,0,0,1,1,0,1,1,1,1,0,0
0.00421948,0,0,0,0,0,0,0,1,1,0,1,1,1,1,0,0
0.00421952,0,0,1,0,0,0,0,1,1,0,1,1,1,1,0,0
0.00421954,0,0,0,0,0,0,0,1,1,0,1,1,1,1,0,0
0.00421958,0,0,1,0,0,0,0,1,1,0,1,1,1,1,0,0
0.0042196,0,0,0,0,0,0,0,1,1,0,1,1,1,1,0,0
0.00421961,0,0,1,0,0,0,0,1,1,0,1,1,1,1,0,0
0.00421962,1,1,1,1,0,0,0,1,1,0,1,1,1,1,0,0
0.00421963,1,1,1,1,0,1,0,1,1,0,1,1,1,1,0,0
0.00421964,1,1,1,1,1,1,1,1,1,0,1,1,1,1,0,0
0.00421969,0,1,1,1,0,1,1,1,1,0,1,1,1,1,0,0
0.0042197,0,0,0,0,0,0,1,0,1,0,1,1,1,1,0,0
0.00421974,0,0,1,0,0,0,1,0,1,0,1,1,1,1,0,0
0.00421975,1,1,1,1,0,1,1,0,1,0,1,1,1,1,0,0
0.00421976,1,1,1,1,0,1,1,1,1,0,1,1,1,1,0,0
0.00421977,1,1,1,1,0,1,1,0,1,0,1,1,1,1,0,0
0.00421978,0,0,1,0,0,0,1,0,1,0,1,1,1,1,0,0
0.00421979,0,0,0,0,0,0,1,0,1,0,1,1,1,1,0,0
0.00421983,0,0,1,0,0,0,1,0,1,0,1,1,1,1,0,0
0.00421987,0,0,0,0,0,0,1,0,1,0,1,1,1,1,0,0
0.00421992,0,0,1,0,0,0,1,0,1,0,1,1,1,1,0,0
0.00421993,0,0,0,0,0,0,1,0,1,0,1,1,1,1,0,0
0.0042206,1,1,1,1,0,1,1,0,1,0,1,1,1,1,0,0
0.00422061,1,1,1,1,0,1,1,1,1,0,1,1,1,1,0,0
0.00422062,0,0,0,0,0,0,1,0,1,0,1,1,1,1,0,0
0.00422066,1,1,1,1,1,1,1,0,1,0,1,1,1,1,0,0
0.00422067,1,1,1,1,1,1,1,1,1,0,1,1,1,1,0,0
0.00422071,1,0,0,0,1,0,1,0,1,0,1,1,1,1,0,0
0.00422075,1,1,1,1,1,1,1,1,1,0,1,1,1,1,0,0
0.00422078,1,1,1,1,1,1,1,0,1,0,1,1,1,1,0,0
0.00422079,1,0,1,0,1,0,1,0,1,0,1,1,1,1,0,0
0.0042208,1,0,0,0,1,0,1,0,1,0,1,1,1,1,0,0
0.00422083,1,0,1,1,1,1,1,0,1,0,1,1,1,1,0,0
0.00422084,1,1,1,1,1,1,1,0,1,0,1,1,1,1,0,0
0.00422085,1,0,1,1,1,1,1,0,1,0,1,1,1,1,0,0
0.00422086,1,0,1,0,1,0,1,0,1,0,1,1,1,1,0,0
0.00422088,1,0,0,0,1,0,1,0,1,0,1,1,1,1,0,0
0.0042209,1,0,1,0,1,0,1,0,1,0,1,1,1,1,0,0
0.00422092,1,0,1,0,1,1,1,0,1,0,1,1,1,1,0,0
0.00422093,1,0,1,0,1,0,1,0,1,0,1,1,1,1,0,0
0.00422103,1,0,0,0,1,0,1,0,1,0,1,1,1,1,0,0
0.00422104,1,0,1,0,1,0,1,0,1,0,1,1,1,1,0,0
0.00422108,1,0,0,0,1,0,1,0,1,0,1,1,1,1,0,0
0.00422109,1,0,1,0,1,0,1,0,1,0,1,1,1,1,0,0
0.00422112,1,0,0,0,1,0,1,0,1,0,1,1,1,1,0,0
0.00422114,1,0,1,0,1,0,1,0,1,0,1,1,1,1,0,0
0.00422115,1,0,0,0,1,0,1,0,1,0,1,1,1,1,0,0
0.00422159,1,0,1,1,1,0,1,0,1,0,1,1,1,1,0,0
0.0042216,1,1,1,1,1,1,1,1,1,0,1,1,1,1,0,0
0.00422163,1,1,1,1,0,1,1,1,1,0,1,1,1,1,0,0
0.00422164,0,0,0,0,0,0,0,1,1,0,1,1,1,1,0,0
0.00422168,0,0,1,1,0,1,0,1,1,0,1,1,1,1,0,0
0.00422169,0,1,1,1,0,1,0,1,1,0,1,1,1,1,0,0
0.0042217,1,1,1,1,0,1,1,1,1,0,1,1,1,1,0,0
0.00422171,0,1,1,1,0,1,0,1,1,0,1,1,1,1,0,0
0.00422172,0,0,1,1,0,1,0,1,1,0,1,1,1,1,0,0
0.00422173,0,0,0,0,0,0,0,1,1,0,1,1,1,1,0,0
0.00422176,0,0,1,1,0,1,0,1,1,0,1,1,1,1,0,0
0.00422181,0,0,1,0,0,0,0,1,1,0,1,1,1,1,0,0
0.00422184,0,0,1,0,0,1,0,1,1,0,1,1,1,1,0,0
0.00422185,0,0,1,1,0,1,0,1,1,0,1,1,1,1,0,0
0.00422188,0,0,1,0,0,1,0,1,1,0,1,1,1,1,0,0
0.00422189,0,0,1,0,0,0,0,1,1,0,1,1,1,1,0,0
0.00422206,0,0,0,0,0,0,0,1,1,0,1,1,1,1,0,0
0.00422207,0,0,1,0,0,0,0,1,1,0,1,1,1,1,0,0
0.00422213,0,0,0,0,0,0,0,1,1,0,1,1,1,1,0,0
0.00422218,0,0,1,0,0,0,0,1,1,0,1,1,1,1,0,0
0.00422219,0,0,0,0,0,0,0,1,1,0,1,1,1,1,0,0
0.00422254,1,1,1,1,0,0,0,1,1,0,1,1,1,1,0,0
0.00422255,1,1,1,1,1,1,0,1,1,0,1,1,1,1,0,0
0.00422256,1,1,1,1,1,1,1,1,1,0,1,1,1,1,0,0
0.00422263,0,0,0,0,0,0,0,1,1,0,1,1,1,1,0,0
0.00422267,0,1,1,1,0,1,0,1,1,0,1,1,1,1,0,0
0.00422268,1,1,1,1,0,1,0,1,1,0,1,1,1,1,0,0
0.00422269,1,1,1,1,0,1,1,1,1,0,1,1,1,1,0,0
0.0042227,1,1,1,1,0,1,0,1,1,0,1,1,1,1,0,0
0.00422271,0,1,1,0,0,0,0,1,1,0,1,1,1,1,0,0
0.00422272,0,0,0,0,0,0,0,1,1,0,1,1,1,1,0,0
0.00422275,0,1,0,0,0,0,0,1,1,0,1,1,1,1,0,0
0.00422276,0,1,1,1,0,0,0,1,1,0,1,1,1,1,0,0
0.00422277,0,1,1,0,0,0,0,1,1,0,1,1,1,1,0,0
0.00422279,0,1,0,0,0,0,0,1,1,0,1,1,1,1,0,0
0.0042228,0,0,0,0,0,0,0,1,1,0,1,1,1,1,0,0
0.00422283,0,1,0,0,0,0,0,1,1,0,1,1,1,1,0,0
0.00422288,0,0,0,0,0,0,0,1,1,0,1,1,1,1,0,0
0.00422291,0,1,0,0,0,0,0,1,1,0,1,1,1,1,0,0
0.00422293,0,0,0,0,0,0,0,1,1,0,1,1,1,1,0,0
0.00422353,0,1,1,1,0,1,0,1,1,0,1,1,1,1,0,0
0.00422354,1,1,1,1,1,1,1,1,1,0,1,1,1,1,0,0
0.00422358,0,0,0,0,0,0,0,1,1,0,1,1,1,1,0,0
0.00422363,0,1,1,1,0,1,0,1,1,0,1,1,1,1,0,0
0.00422364,1,1,1,1,0,1,0,1,1,0,1,1,1,1,0,0
0.00422365,0,1,1,0,0,0,0,1,1,0,1,1,1,1,0,0
0.00422366,0,0,0,0,0,0,0,1,1,0,1,1,1,1,0,0
0.00422453,0,0,0,0,0,0,1,1,1,0,1,1,1,1,0,0
0.00422454,0,1,0,0,0,1,1,0,1,0,1,1,1,1,0,0
0.00422455,0,0,1,0,0,0,1,0,1,0,1,1,1,1,0,0
0.00422456,0,0,0,0,0,0,1,0,1,0,1,1,1,1,0,0
0.00422549,0,0,0,0,0,0,1,1,1,0,1,1,1,1,0,0
0.0042255,0,1,1,1,0,1,1,1,1,0,1,1,1,1,0,0
0.00422551,1,1,1,1,1,1,0,0,1,0,1,1,1,1,0,0
0.00422552,1,1,1,1,0,1,0,0,1,0,1,1,1,1,0,0
0.00422553,0,1,1,1,0,1,0,0,1,0,1,1,1,1,0,0
0.00422652,1,1,1,1,1,1,1,1,1,0,1,1,1,1,0,0
0.00422657,0,1,1,1,1,1,1,1,1,0,1,1,1,1,0,0
0.00422659,0,1,0,0,1,0,1,1,1,0,1,1,1,1,0,0
0.0042269,0,1,0,0,1,0,1,1,0,0,0,0,1,0,0,0
0.00422691,0,1,0,0,1,0,1,1,0,0,0,0,1,0,1,1
0.00422692,0,1,0,0,1,0,1,1,0,1,0,0,1,0,1,1
0.00422743,0,1,1,1,1,0,1,1,0,1,0,0,1,0,1,1
0.00422745,1,1,1,1,1,1,1,1,0,1,0,0,1,0,1,1
0.00422749,1,1,1,1,1,1,1,0,0,1,0,0,1,0,1,1
0.0042275,0,1,1,1,0,1,0,0,0,1,0,0,1,0,1,1
0.00422843,0,1,1,1,0,1,1,0,0,1,0,0,1,0,1,1
0.00422844,1,1,1,1,1,1,1,1,0,1,0,0,1,0,1,1
0.00422939,0,0,0,0,0,0,0,0,0,1,0,0,1,0,1,1
0.00422943,0,0,1,0,0,0,0,0,0,1,0,0,1,0,1,1
0.00422944,0,0,0,0,0,0,0,0,0,1,0,0,1,0,1,1
0.00423035,0,1,1,0,0,0,0,0,0,1,0,0,1,0,1,1
0.00423036,0,0,1,0,0,0,0,0,0,1,0,0,1,0,1,1
0.00423037,0,0,0,0,0,0,0,0,0,1,0,0,1,0,1,1
0.00423039,0,1,1,1,0,1,0,0,0,1,0,0,1,0,1,1
0.00423041,1,1,1,1,0,1,0,0,0,1,0,0,1,0,1,1
0.00423042,0,1,1,1,1,1,1,1,0,1,0,0,1,0,1,1
0.00423044,1,1,1,1,1,1,1,1,0,1,0,0,1,0,1,1
0.00423047,1,1,1,1,1,1,1,0,0,1,0,0,1,0,1,1
0.00423048,0,1,0,0,1,1,0,0,0,1,0,0,1,0,1,1
0.00423052,1,1,1,0,1,1,0,0,0,1,0,0,1,0,1,1
0.00423053,1,1,1,1,1,1,0,1,0,1,0,0,1,0,1,1
0.00423054,0,1,1,0,1,1,0,0,0,1,0,0,1,0,1,1
0.00423055,0,1,0,0,1,1,0,0,0,1,0,0,1,0,1,1
0.00423081,0,1,0,0,1,1,0,0,0,1,0,0,1,0,0,0
0.00423082,0,1,0,0,1,1,0,0,0,1,0,0,1,1,0,0
0.00423136,1,1,1,1,1,1,1,1,0,1,0,0,1,1,0,0
0.0042314,0,0,0,0,1,0,1,0,0,1,0,0,1,1,0,0
0.00423145,0,0,1,0,1,0,1,0,0,1,0,0,1,1,0,0
0.00423146,1,1,1,1,1,1,1,1,0,1,0,0,1,1,0,0
0.00423147,0,0,1,0,1,0,1,0,0,1,0,0,1,1,0,0
0.00423148,0,0,0,0,1,0,1,0,0,1,0,0,1,1,0,0
0.00423231,1,1,0,0,1,0,1,0,0,1,0,0,1,1,0,0
0.00423232,1,1,1,1,1,0,1,0,0,1,0,0,1,1,0,0
0.00423233,1,1,1,1,1,1,1,1,0,1,0,0,1,1,0,0
0.00423238,1,1,1,1,0,0,0,0,0,1,0,0,1,1,0,0
0.00423239,1,1,0,1,0,0,0,0,0,1,0,0,1,1,0,0
0.00423243,1,1,1,1,0,1,0,0,0,1,0,0,1,1,0,0
0.00423245,1,1,1,1,0,0,0,0,0,1,0,0,1,1,0,0
0.00423246,1,1,0,1,0,0,0,0,0,1,0,0,1,1,0,0
0.0042333,1,1,1,1,0,1,0,0,0,1,0,0,1,1,0,0
0.00423331,1,1,1,1,1,1,1,1,0,1,0,0,1,1,0,0
0.00423431,0,0,1,1,1,1,1,1,0,1,0,0,1,1,0,0
0.00423432,0,0,0,1,1,0,1,0,0,1,0,0,1,1,0,0
0.00423434,1,1,1,1,1,1,1,1,0,1,0,0,1,1,0,0
0.00423439,0,1,1,1,1,1,1,1,0,1,0,0,1,1,0,0
0.0042344,0,1,1,0,0,1,0,1,0,1,0,0,1,1,0,0
0.00423471,0,1,1,0,0,1,0,1,0,1,0,0,0,1,0,0
0.00423472,0,1,1,0,0,1,0,1,0,1,1,0,0,1,0,1
0.00423479,0,1,1,0,0,1,0,1,0,1,1,0,0,1,0,0
0.0042348,0,1,1,0,0,1,0,1,0,1,1,0,0,1,0,1
0.00423524,1,1,1,1,0,1,0,1,0,1,1,0,0,1,0,1
0.00423526,1,1,1,1,1,1,1,1,0,1,1,0,0,1,0,1
0.00423532,0,0,0,0,1,0,1,0,0,1,1,0,0,1,0,1
0.00423536,0,0,0,0,1,1,1,1,0,1,1,0,0,1,0,1
0.00423537,1,0,1,1,1,1,1,1,0,1,1,0,0,1,0,1
0.00423538,1,1,1,1,1,1,1,1,0,1,1,0,0,1,0,1
0.00423539,0,0,1,1,1,1,1,1,0,1,1,0,0,1,0,1
0.0042354,0,0,0,0,1,1,1,0,0,1,1,0,0,1,0,1
0.00423541,0,0,0,0,1,0,1,0,0,1,1,0,0,1,0,1
0.00423544,0,0,0,0,1,1,1,0,0,1,1,0,0,1,0,1
0.00423545,0,0,0,1,1,1,1,0,0,1,1,0,0,1,0,1
0.00423546,0,0,0,0,1,1,1,0,0,1,1,0,0,1,0,1
0.00423548,0,0,0,0,1,0,1,0,0,1,1,0,0,1,0,1
0.00423622,1,1,1,1,1,0,1,0,0,1,1,0,0,1,0,1
0.00423623,1,1,1,1,1,1,1,1,0,1,1,0,0,1,0,1
0.00423627,0,0,1,0,1,1,1,1,0,1,1,0,0,1,0,1
0.00423628,0,0,0,0,0,0,0,1,0,1,1,0,0,1,0,1
0.00423632,0,0,0,0,0,1,0,1,0,1,1,0,0,1,0,1
0.00423633,0,0,1,1,0,1,0,1,0,1,1,0,0,1,0,1
0.00423634,1,1,1,1,0,1,1,1,0,1,1,0,0,1,0,1
0.00423635,0,0,1,1,0,1,1,1,0,1,1,0,0,1,0,1
0.00423636,0,0,0,0,0,1,0,1,0,1,1,0,0,1,0,1
0.00423637,0,0,0,0,0,0,0,1,0,1,1,0,0,1,0,1
0.0042364,0,0,0,0,0,1,0,1,0,1,1,0,0,1,0,1
0.00423645,0,0,0,0,0,0,0,1,0,1,1,0,0,1,0,1
0.00423648,0,0,0,0,0,1,0,1,0,1,1,0,0,1,0,1
0.00423653,0,0,0,0,0,0,0,1,0,1,1,0,0,1,0,1
0.00423657,0,0,0,0,0,1,0,1,0,1,1,0,0,1,0,1
0.00423658,0,0,0,0,0,0,0,1,0,1,1,0,0,1,0,1
0.00423664,0,0,0,0,0,1,0,1,0,1,1,0,0,1,0,1
0.00423665,0,0,0,0,0,0,0,1,0,1,1,0,0,1,0,1
0.00423667,0,0,0,0,0,1,0,1,0,1,1,0,0,1,0,1
0.00423669,0,0,0,0,0,0,0,1,0,1,1,0,0,1,0,1
0.00423721,0,0,1,1,0,1,0,1,0,1,1,0,0,1,0,1
0.00423722,1,1,1,1,1,1,1,1,0,1,1,0,0,1,0,1
0.00423727,0,0,0,0,0,0,1,1,0,1,1,0,0,1,0,1
0.00423728,0,0,0,0,0,0,1,0,0,1,1,0,0,1,0,1
0.00423732,0,0,1,1,0,1,1,0,0,1,1,0,0,1,0,1
0.00423733,1,1,1,1,0,1,1,1,0,1,1,0,0,1,0,1
0.00423734,0,1,1,1,0,1,1,1,0,1,1,0,0,1,0,1
0.00423735,0,0,1,0,0,1,1,1,0,1,1,0,0,1,0,1
0.00423736,0,0,0,0,0,0,1,0,0,1,1,0,0,1,0,1
0.00423741,0,0,0,0,0,1,1,1,0,1,1,0,0,1,0,1
0.00423743,0,0,0,0,0,0,1,0,0,1,1,0,0,1,0,1
0.00423817,0,0,1,1,0,1,1,1,0,1,1,0,0,1,0,1
0.00423818,1,1,1,1,1,1,1,1,0,1,1,0,0,1,0,1
0.0042392,0,0,1,1,0,1,1,0,0,1,1,0,0,1,0,1
0.00423921,0,0,0,0,0,0,1,0,0,1,1,0,0,1,0,1
0.00423924,0,0,1,0,0,1,1,0,0,1,1,0,0,1,0,1
0.00423925,1,1,1,1,0,1,1,1,0,1,1,0,0,1,0,1
0.00423926,1,1,1,1,1,1,1,1,0,1,1,0,0,1,0,1
0.00423927,1,1,1,1,0,1,1,1,0,1,1,0,0,1,0,1
0.00423928,0,0,1,1,0,1,1,0,0,1,1,0,0,1,0,1
0.00423929,0,0,0,0,0,0,1,0,0,1,1,0,0,1,0,1
0.00423933,0,0,1,1,0,1,1,0,0,1,1,0,0,1,0,1
0.00423936,0,0,1,0,0,1,1,0,0,1,1,0,0,1,0,1
0.00423937,0,0,1,0,0,0,1,0,0,1,1,0,0,1,0,1
0.00423938,0,0,0,0,0,0,1,0,0,1,1,0,0,1,0,1
0.00423941,0,0,1,0,0,0,1,0,0,1,1,0,0,1,0,1
0.00423946,0,0,0,0,0,0,1,0,0,1,1,0,0,1,0,1
0.0042395,0,0,1,0,0,0,1,0,0,1,1,0,0,1,0,1
0.00423951,0,0,0,0,0,0,1,0,0,1,1,0,0,1,0,1
0.00424022,0,1,1,0,0,1,1,0,0,1,1,0,0,1,0,1
0.00424023,0,1,1,0,0,1,1,1,0,1,1,0,0,1,0,1
0.00424024,0,1,1,1,0,1,1,1,0,1,1,0,0,1,0,1
0.00424025,1,1,1,1,1,1,0,1,0,1,1,0,0,1,0,1
0.00424026,1,1,1,1,0,1,0,1,0,1,1,0,0,1,0,1
0.00424027,0,1,1,0,0,1,0,1,0,1,1,0,0,1,0,1
0.00424057,0,1,1,0,0,1,0,1,0,1,1,0,0,1,0,0
0.00424058,0,1,1,0,0,1,0,1,0,1,1,0,0,1,0,1
0.00424065,0,1,1,0,0,1,0,1,0,1,1,0,0,1,0,0
0.00424066,0,1,1,0,0,1,1,1,0,1,1,0,0,1,0,1
0.00424067,0,1,1,0,0,1,1,1,0,1,1,0,0,1,1,1
0.00424068,1,1,1,1,1,1,1,1,0,1,1,0,0,1,1,1
0.00424069,1,1,1,1,1,1,0,1,0,1,1,0,0,1,0,1
0.0042407,0,1,1,0,0,1,0,1,0,1,1,0,0,1,0,1
0.00424074,0,1,1,1,0,1,0,1,0,1,1,0,0,1,0,1
0.00424076,0,1,1,0,0,1,0,1,0,1,1,0,0,1,0,1
0.0042411,1,1,1,1,0,1,0,1,0,1,1,0,0,1,0,1
0.00424111,1,1,1,1,1,1,0,1,0,1,1,0,0,1,0,1
0.00424112,1,1,1,1,1,1,1,1,0,1,1,0,0,1,0,1
0.00424117,1,1,1,1,1,1,1,0,0,1,1,0,0,1,0,1
0.00424118,1,0,0,0,1,0,1,0,0,1,1,0,0,1,0,1
0.00424122,1,1,1,1,1,1,1,0,0,1,1,0,0,1,0,1
0.00424123,1,1,1,1,1,1,1,1,0,1,1,0,0,1,0,1
0.00424124,1,1,1,1,1,1,1,0,0,1,1,0,0,1,0,1
0.00424125,1,0,1,1,1,0,1,0,0,1,1,0,0,1,0,1
0.00424126,1,0,0,0,1,0,1,0,0,1,1,0,0,1,0,1
0.0042413,1,0,1,1,1,0,1,0,0,1,1,0,0,1,0,1
0.00424132,1,0,0,0,1,0,1,0,0,1,1,0,0,1,0,1
0.00424208,1,1,1,1,1,0,1,1,0,1,1,0,0,1,0,1
0.00424209,1,1,1,1,1,1,1,1,0,1,1,0,0,1,0,1
0.00424213,0,0,1,0,0,1,0,1,0,1,1,0,0,1,0,1
0.00424214,0,0,0,0,0,0,0,1,0,1,1,0,0,1,0,1
0.00424219,0,1,1,1,0,1,0,1,0,1,1,0,0,1,0,1
0.0042422,1,1,1,1,0,1,0,1,0,1,1,0,0,1,0,1
0.00424221,0,1,1,1,0,1,0,1,0,1,1,0,0,1,0,1
0.00424222,0,0,0,0,0,0,0,1,0,1,1,0,0,1,0,1
0.00424227,0,0,1,0,0,0,0,1,0,1,1,0,0,1,0,1
0.0042423,0,0,0,0,0,0,0,1,0,1,1,0,0,1,0,1
0.00424307,1,1,1,1,1,1,0,1,0,1,1,0,0,1,0,1
0.00424308,1,1,1,1,1,1,1,1,0,1,1,0,0,1,0,1
0.00424312,1,1,1,0,1,1,1,1,0,1,1,0,0,1,0,1
0.00424313,0,0,0,0,0,0,0,1,0,1,1,0,0,1,0,1
0.00424316,1,1,1,1,0,1,0,1,0,1,1,0,0,1,0,1
0.00424318,1,1,1,1,0,1,1,1,0,1,1,0,0,1,0,1
0.00424321,1,1,1,1,0,1,0,1,0,1,1,0,0,1,0,1
0.00424322,0,0,1,0,0,0,0,1,0,1,1,0,0,1,0,1
0.00424323,0,0,0,0,0,0,0,1,0,1,1,0,0,1,0,1
0.00424324,0,0,1,1,0,0,0,1,0,1,1,0,0,1,0,1
0.00424325,1,1,1,1,0,1,0,1,0,1,1,0,0,1,0,1
0.00424329,1,0,1,1,0,1,0,1,0,1,1,0,0,1,0,1
0.0042433,0,0,1,1,0,0,0,1,0,1,1,0,0,1,0,1
0.00424333,1,1,1,1,0,1,0,1,0,1,1,0,0,1,0,1
0.00424336,1,0,1,1,0,1,0,1,0,1,1,0,0,1,0,1
0.00424337,1,0,1,1,0,0,0,1,0,1,1,0,0,1,0,1
0.0042434,0,0,1,1,0,0,0,1,0,1,1,0,0,1,0,1
0.00424341,1,0,1,1,0,0,0,1,0,1,1,0,0,1,0,1
0.00424343,0,0,1,1,0,0,0,1,0,1,1,0,0,1,0,1
0.00424346,1,0,1,1,0,0,0,1,0,1,1,0,0,1,0,1
0.00424347,0,0,1,1,0,0,0,1,0,1,1,0,0,1,0,1
0.00424348,1,0,1,1,0,0,0,1,0,1,1,0,0,1,0,1
0.0042435,0,0,1,1,0,0,0,1,0,1,1,0,0,1,0,1
0.00424351,1,0,1,1,0,0,0,1,0,1,1,0,0,1,0,1
0.00424353,0,0,1,1,0,0,0,1,0,1,1,0,0,1,0,1
0.00424357,1,0,1,1,0,0,0,1,0,1,1,0,0,1,0,1
0.00424358,0,0,1,1,0,0,0,1,0,1,1,0,0,1,0,1
0.00424361,1,0,1,1,0,0,0,1,0,1,1,0,0,1,0,1
0.00424362,0,0,1,1,0,0,0,1,0,1,1,0,0,1,0,1
0.00424367,0,0,1,0,0,0,0,1,0,1,1,0,0,1,0,1
0.00424368,0,0,1,1,0,0,0,1,0,1,1,0,0,1,0,1
0.00424369,0,0,1,0,0,0,0,1,0,1,1,0,0,1,0,1
0.00424402,0,1,1,1,0,1,0,1,0,1,1,0,0,1,0,1
0.00424403,1,1,1,1,0,1,1,1,0,1,1,0,0,1,0,1
0.00424404,1,1,1,1,1,1,1,1,0,1,1,0,0,1,0,1
0.00424506,0,0,0,0,0,0,0,1,0,1,1,0,0,1,0,1
0.0042451,0,1,1,1,0,1,1,1,0,1,1,0,0,1,0,1
0.00424511,1,1,1,1,0,1,1,1,0,1,1,0,0,1,0,1
0.00424512,1,1,1,1,1,1,1,1,0,1,1,0,0,1,0,1
0.00424513,1,1,1,1,0,1,1,1,0,1,1,0,0,1,0,1
0.00424514,1,0,1,1,0,1,1,1,0,1,1,0,0,1,0,1
0.00424515,0,0,1,0,0,0,0,1,0,1,1,0,0,1,0,1
0.00424516,0,0,0,0,0,0,0,1,0,1,1,0,0,1,0,1
0.00424518,0,0,1,0,0,0,0,1,0,1,1,0,0,1,0,1
0.00424519,0,0,1,1,0,1,0,1,0,1,1,0,0,1,0,1
0.00424522,0,0,1,1,0,0,0,1,0,1,1,0,0,1,0,1
0.00424523,0,0,1,0,0,0,0,1,0,1,1,0,0,1,0,1
0.00424528,0,0,1,1,0,0,0,1,0,1,1,0,0,1,0,1
0.0042453,0,0,1,0,0,0,0,1,0,1,1,0,0,1,0,1
0.00424576,0,0,0,0,0,0,0,1,0,1,1,0,0,1,0,1
0.00424578,0,0,1,0,0,0,0,1,0,1,1,0,0,1,0,1
0.00424579,0,0,0,0,0,0,0,1,0,1,1,0,0,1,0,1
0.00424589,0,0,1,0,0,0,0,1,0,1,1,0,0,1,0,1
0.0042459,0,0,0,0,0,0,0,1,0,1,1,0,0,1,0,1
0.004246,0,0,1,0,0,0,0,1,0,1,1,0,0,1,0,1
0.00424601,0,0,0,0,0,0,0,1,0,1,1,0,0,1,0,1
0.00424604,0,0,1,0,0,0,0,1,0,1,1,0,0,1,0,1
0.00424605,0,0,0,0,0,0,0,1,0,1,1,0,0,1,0,1
0.00424608,0,1,1,0,0,1,0,1,0,1,1,0,0,1,0,1
0.0042461,0,1,1,1,0,1,0,1,0,1,1,0,0,1,0,1
0.00424611,1,1,1,1,1,1,1,1,0,1,1,0,0,1,0,1
0.00424613,1,1,1,1,0,1,1,1,0,1,1,0,0,1,0,1
0.00424614,0,1,1,0,0,1,0,1,0,1,1,0,0,1,0,1
0.00424618,0,1,1,1,0,1,0,1,0,1,1,0,0,1,0,1
0.0042462,0,1,1,0,0,1,0,1,0,1,1,0,0,1,0,1
0.00424695,1,1,1,1,0,1,0,1,0,1,1,0,0,1,0,1
0.00424697,1,1,1,1,1,1,1,1,0,1,1,0,0,1,0,1
0.00424703,0,0,0,0,0,0,1,0,0,1,1,0,0,1,0,1
0.00424707,1,1,1,1,0,1,1,0,0,1,1,0,0,1,0,1
0.00424709,1,1,1,1,1,1,1,0,0,1,1,0,0,1,0,1
0.0042471,1,1,1,1,0,1,1,0,0,1,1,0,0,1,0,1
0.00424712,1,1,1,1,0,0,1,0,0,1,1,0,0,1,0,1
0.00424713,0,0,0,0,0,0,1,0,0,1,1,0,0,1,0,1
0.00424715,1,0,1,1,0,0,1,0,0,1,1,0,0,1,0,1
0.00424716,1,1,1,1,0,0,1,0,0,1,1,0,0,1,0,1
0.00424721,1,0,1,1,0,0,1,0,0,1,1,0,0,1,0,1
0.00424723,1,1,1,1,0,0,1,0,0,1,1,0,0,1,0,1
0.00424729,0,0,1,1,0,0,1,0,0,1,1,0,0,1,0,1
0.0042473,1,0,1,1,0,0,1,0,0,1,1,0,0,1,0,1
0.00424731,1,1,1,1,0,0,1,0,0,1,1,0,0,1,0,1
0.00424736,1,0,1,1,0,0,1,0,0,1,1,0,0,1,0,1
0.00424737,1,1,1,1,0,0,1,0,0,1,1,0,0,1,0,1
0.00424739,0,0,1,1,0,0,1,0,0,1,1,0,0,1,0,1
0.00424741,1,1,1,1,0,0,1,0,0,1,1,0,0,1,0,1
0.00424743,0,0,1,1,0,0,1,0,0,1,1,0,0,1,0,1
0.00424745,1,1,1,1,0,0,1,0,0,1,1,0,0,1,0,1
0.00424748,0,1,1,1,0,0,1,0,0,1,1,0,0,1,0,1
0.00424749,1,1,1,1,0,0,1,0,0,1,1,0,0,1,0,1
0.0042475,0,0,1,1,0,0,1,0,0,1,1,0,0,1,0,1
0.00424751,0,1,1,1,0,0,1,0,0,1,1,0,0,1,0,1
0.00424754,0,0,1,1,0,0,1,0,0,1,1,0,0,1,0,1
0.00424755,0,1,1,1,0,0,1,0,0,1,1,0,0,1,0,1
0.00424756,0,0,1,1,0,0,1,0,0,1,1,0,0,1,0,1
0.00424757,0,1,1,1,0,0,1,0,0,1,1,0,0,1,0,1
0.0042476,0,0,1,1,0,0,1,0,0,1,1,0,0,1,0,1
0.00424764,1,1,1,1,0,0,1,0,0,1,1,0,0,1,0,1
0.00424765,0,0,1,1,0,0,1,0,0,1,1,0,0,1,0,1
0.00424768,0,1,1,1,0,0,1,0,0,1,1,0,0,1,0,1
0.00424769,0,0,1,1,0,0,1,0,0,1,1,0,0,1,0,1
0.00424783,0,0,1,0,0,0,1,0,0,1,1,0,0,1,0,1
0.00424784,0,0,1,1,0,0,1,0,0,1,1,0,0,1,0,1
0.00424789,0,0,1,0,0,0,1,0,0,1,1,0,0,1,0,1
0.00424791,0,0,1,1,0,0,1,0,0,1,1,0,0,1,0,1
0.00424792,0,0,1,0,0,0,1,0,0,1,1,0,0,1,0,1
0.00424793,1,1,1,0,0,0,1,0,0,1,1,0,0,1,0,1
0.00424794,1,1,1,1,0,0,1,1,0,1,1,0,0,1,0,1
0.00424795,1,1,1,1,1,1,1,1,0,1,1,0,0,1,0,1
0.00424799,0,0,0,0,0,0,0,1,0,1,1,0,0,1,0,1
0.00424802,0,0,1,0,0,0,0,1,0,1,1,0,0,1,0,1
0.00424803,1,1,1,1,0,1,0,1,0,1,1,0,0,1,0,1
0.00424804,1,1,1,1,1,1,0,1,0,1,1,0,0,1,0,1
0.00424805,1,1,1,1,1,1,1,1,0,1,1,0,0,1,0,1
0.00424807,1,1,1,1,0,1,0,1,0,1,1,0,0,1,0,1
0.00424808,0,0,1,0,0,0,0,1,0,1,1,0,0,1,0,1
0.00424809,0,0,0,0,0,0,0,1,0,1,1,0,0,1,0,1
0.0042481,0,0,1,0,0,0,0,1,0,1,1,0,0,1,0,1
0.00424811,0,0,1,1,0,1,0,1,0,1,1,0,0,1,0,1
0.00424812,1,1,1,1,0,1,0,1,0,1,1,0,0,1,0,1
0.00424816,0,0,1,1,0,1,0,1,0,1,1,0,0,1,0,1
0.00424821,0,1,1,1,0,1,0,1,0,1,1,0,0,1,0,1
0.00424822,1,1,1,1,0,1,0,1,0,1,1,0,0,1,0,1
0.00424823,0,0,1,1,0,1,0,1,0,1,1,0,0,1,0,1
0.00424848,0,0,1,0,0,0,0,1,0,1,1,0,0,1,0,1
0.00424849,0,0,1,1,0,1,0,1,0,1,1,0,0,1,0,1
0.00424852,0,0,1,0,0,1,0,1,0,1,1,0,0,1,0,1
0.00424854,0,0,1,1,0,1,0,1,0,1,1,0,0,1,0,1
0.00424856,0,0,1,0,0,1,0,1,0,1,1,0,0,1,0,1
0.0042486,0,0,1,0,0,0,0,1,0,1,1,0,0,1,0,1
0.00424886,0,0,0,0,0,0,0,1,0,1,1,0,0,1,0,1
0.00424887,0,0,1,0,0,0,0,1,0,1,1,0,0,1,0,1
0.00424889,0,0,0,0,0,0,0,1,0,1,1,0,0,1,0,1
0.0042489,1,1,1,1,0,0,0,1,0,1,1,0,0,1,0,1
0.00424892,1,1,1,1,1,1,1,1,0,1,1,0,0,1,0,1
0.00424898,0,1,1,1,0,1,0,0,0,1,1,0,0,1,0,1
0.00424902,1,1,1,1,0,1,1,0,0,1,1,0,0,1,0,1
0.00424903,1,1,1,1,1,1,1,0,0,1,1,0,0,1,0,1
0.00424904,1,1,1,1,0,1,1,0,0,1,1,0,0,1,0,1
0.00424905,0,1,1,1,0,1,0,0,0,1,1,0,0,1,0,1
0.00424989,1,1,1,1,0,1,1,0,0,1,1,0,0,1,0,1
0.0042499,1,1,1,1,1,1,1,0,0,1,1,0,0,1,0,1
0.00424991,1,1,1,1,1,1,1,1,0,1,1,0,0,1,0,1
0.00425092,0,1,1,1,0,1,0,0,0,1,1,0,0,1,0,1
0.00425096,1,1,1,1,0,1,1,0,0,1,1,0,0,1,0,1
0.00425097,1,1,1,1,0,1,1,1,0,1,1,0,0,1,0,1
0.00425098,0,1,1,1,0,1,0,0,0,1,1,0,0,1,0,1
0.00425195,1,1,1,1,1,1,1,1,0,1,1,0,0,1,0,1
0.00425196,0,0,1,0,1,0,1,1,0,1,1,0,0,1,0,1
0.00425197,0,0,1,0,1,0,0,0,0,1,1,0,0,1,0,1
0.00425201,1,0,1,0,1,0,1,0,0,1,1,0,0,1,0,1
0.00425202,0,0,1,0,1,0,1,0,0,1,1,0,0,1,0,1
0.00425203,0,0,1,0,1,0,0,0,0,1,1,0,0,1,0,1
0.00425228,0,0,1,0,1,0,0,0,0,0,1,0,0,0,0,0
0.0042523,0,0,1,0,1,0,0,0,0,0,1,0,1,0,0,0
0.00425236,0,0,1,0,1,0,0,0,0,0,0,0,0,0,0,0
0.00425237,0,0,1,0,1,0,0,0,0,0,1,0,1,0,0,0
0.00425281,1,1,1,0,1,0,0,0,0,0,1,0,1,0,0,0
0.00425283,1,1,1,0,1,0,1,1,0,0,1,0,1,0,0,0
0.00425284,1,1,1,1,1,1,1,1,0,0,1,0,1,0,0,0
0.00425386,0,0,0,0,0,0,0,1,0,0,1,0,1,0,0,0
0.00425391,0,0,1,1,0,1,0,1,0,0,1,0,1,0,0,0
0.00425392,1,1,1,1,0,1,1,1,0,0,1,0,1,0,0,0
0.00425393,1,0,1,1,0,1,1,1,0,0,1,0,1,0,0,0
0.00425394,0,0,1,0,0,0,0,1,0,0,1,0,1,0,0,0
0.00425395,0,0,0,0,0,0,0,1,0,0,1,0,1,0,0,0
0.00425477,1,1,0,0,0,0,0,1,0,0,1,0,1,0,0,0
0.00425478,0,1,1,0,0,0,0,1,0,0,1,0,1,0,0,0
0.00425479,1,1,1,1,1,0,0,1,0,0,1,0,1,0,0,0
0.0042548,1,1,1,1,1,1,1,1,0,0,1,0,1,0,0,0
0.00425484,1,1,0,0,1,0,0,0,0,0,1,0,1,0,0,0
0.00425488,1,1,1,1,1,1,1,0,0,0,1,0,1,0,0,0
0.00425492,1,1,1,0,1,0,0,0,0,0,1,0,1,0,0,0
0.00425493,1,1,0,0,1,0,0,0,0,0,1,0,1,0,0,0
0.00425495,1,1,1,0,1,0,0,0,0,0,1,0,1,0,0,0
0.00425496,1,1,1,1,1,1,0,0,0,0,1,0,1,0,0,0
0.00425498,1,1,1,0,1,0,0,0,0,0,1,0,1,0,0,0
0.00425516,1,1,0,0,1,0,0,0,0,0,1,0,1,0,0,0
0.00425518,1,1,1,0,1,0,0,0,0,0,1,0,1,0,0,0
0.00425521,1,1,1,0,1,0,0,0,0,0,0,0,1,0,0,0
0.00425522,1,1,0,0,1,0,0,0,1,1,0,0,1,0,0,0
0.00425527,1,1,1,0,1,0,0,0,1,1,0,0,1,0,0,0
0.00425529,1,1,1,0,1,0,0,0,0,1,0,0,1,0,0,0
0.0042553,1,1,0,0,1,0,0,0,1,1,0,0,1,0,0,0
0.00425534,1,1,1,0,1,0,0,0,1,1,0,0,1,0,0,0
0.00425537,1,1,0,0,1,0,0,0,1,1,0,0,1,0,0,0
0.00425541,1,1,1,0,1,0,0,0,1,1,0,0,1,0,0,0
0.00425542,1,1,0,0,1,0,0,0,1,1,0,0,1,0,0,0
0.00425572,1,1,1,0,1,0,0,0,1,1,0,0,1,0,0,0
0.00425573,1,1,0,0,1,0,0,0,1,1,0,0,1,0,0,0
0.00425574,1,1,1,1,1,0,0,0,1,1,0,0,1,0,0,0
0.00425576,1,1,1,0,1,1,1,0,1,1,0,0,1,0,0,0
0.00425577,1,1,1,1,1,1,1,1,1,1,0,0,1,0,0,0
0.00425581,1,0,0,0,1,1,1,0,1,1,0,0,1,0,0,0
0.00425585,1,0,1,1,1,1,1,0,1,1,0,0,1,0,0,0
0.00425586,1,1,1,1,1,1,1,0,1,1,0,0,1,0,0,0
0.00425587,1,0,1,1,1,1,1,0,1,1,0,0,1,0,0,0
0.00425588,1,0,0,0,1,1,1,0,1,1,0,0,1,0,0,0
0.00425593,1,0,1,1,1,1,1,0,1,1,0,0,1,0,0,0
0.00425594,1,0,1,0,1,1,1,0,1,1,0,0,1,0,0,0
0.00425595,1,0,0,0,1,1,1,0,1,1,0,0,1,0,0,0
0.00425671,1,1,0,0,1,1,1,0,1,1,0,0,1,0,0,0
0.00425672,1,1,1,0,1,1,1,0,1,1,0,0,1,0,0,0
0.00425673,1,1,1,1,1,1,1,0,1,1,0,0,1,0,0,0
0.00425674,1,0,1,1,1,1,1,1,1,1,0,0,1,0,0,0
0.00425676,1,1,1,1,1,1,1,1,1,1,0,0,1,0,0,0
0.0042568,0,1,0,0,1,0,0,0,1,1,0,0,1,0,0,0
0.00425683,0,1,1,0,1,0,0,0,1,1,0,0,1,0,0,0
0.00425684,0,1,1,1,1,1,0,0,1,1,0,0,1,0,0,0
0.00425685,1,1,1,1,1,1,1,0,1,1,0,0,1,0,0,0
0.00425687,1,1,1,1,1,0,0,0,1,1,0,0,1,0,0,0
0.00425688,0,1,1,1,1,0,0,0,1,1,0,0,1,0,0,0
0.00425689,0,1,0,0,1,0,0,0,1,1,0,0,1,0,0,0
0.00425691,0,1,1,1,1,0,0,0,1,1,0,0,1,0,0,0
0.00425697,0,1,1,0,1,0,0,0,1,1,0,0,1,0,0,0
0.00425699,0,1,1,1,1,0,0,0,1,1,0,0,1,0,0,0
0.00425712,0,1,1,0,1,0,0,0,1,1,0,0,1,0,0,0
0.00425714,0,1,1,1,1,0,0,0,1,1,0,0,1,0,0,0
0.00425717,0,1,1,1,1,0,0,0,0,1,0,0,1,0,0,0
0.00425719,0,1,1,0,1,0,0,0,0,1,0,0,1,0,0,0
0.00425722,0,1,1,1,1,0,0,0,0,1,0,0,1,0,0,0
0.00425724,0,1,1,1,1,0,0,0,0,0,0,0,0,0,0,0
0.00425725,0,1,1,0,1,0,0,0,0,1,0,0,1,0,0,0
0.0042573,0,1,1,1,1,0,0,0,0,1,0,0,1,0,0,0
0.00425732,0,1,1,0,1,0,0,0,0,1,0,0,1,0,0,0
0.00425765,0,1,0,0,1,0,0,0,0,1,0,0,1,0,0,0
0.00425766,0,1,1,0,1,0,0,0,0,1,0,0,1,0,0,0
0.00425769,1,1,0,0,1,0,0,0,0,1,0,0,1,0,0,0
0.0042577,1,1,1,1,1,0,0,0,0,1,0,0,1,0,0,0
0.00425771,0,1,1,1,1,1,1,0,0,1,0,0,1,0,0,0
0.00425772,1,1,1,1,1,1,0,0,0,1,0,0,1,0,0,0
0.00425774,1,1,1,1,1,1,1,1,0,1,0,0,1,0,0,0
0.00425776,1,1,0,0,1,1,0,0,0,1,0,0,1,0,0,0
0.0042578,1,1,1,1,1,1,1,0,0,1,0,0,1,0,0,0
0.00425783,1,1,1,0,1,1,0,0,0,1,0,0,1,0,0,0
0.00425784,1,1,0,0,1,1,0,0,0,1,0,0,1,0,0,0
0.00425787,1,1,1,0,1,1,0,0,0,1,0,0,1,0,0,0
0.00425791,1,1,0,0,1,1,0,0,0,1,0,0,1,0,0,0
0.00425868,1,1,0,0,1,1,1,0,0,1,0,0,1,0,0,0
0.0042587,1,1,1,1,1,1,1,1,0,1,0,0,1,0,0,0
0.00425875,1,0,0,0,1,0,0,0,0,1,0,0,1,0,0,0
0.00425879,1,0,1,1,1,1,1,0,0,1,0,0,1,0,0,0
0.0042588,1,1,1,1,1,1,1,0,0,1,0,0,1,0,0,0
0.00425881,1,1,1,1,1,1,1,1,0,1,0,0,1,0,0,0
0.00425882,1,1,1,1,1,1,1,0,0,1,0,0,1,0,0,0
0.00425883,1,0,1,1,1,0,0,0,0,1,0,0,1,0,0,0
0.00425884,1,0,1,0,1,0,0,0,0,1,0,0,1,0,0,0
0.00425885,1,0,0,0,1,0,0,0,0,1,0,0,1,0,0,0
0.00425887,1,0,1,1,1,0,0,0,0,1,0,0,1,0,0,0
0.00425892,1,0,1,0,1,0,0,0,0,1,0,0,1,0,0,0
0.00425895,1,0,1,1,1,0,0,0,0,1,0,0,1,0,0,0
0.004259,1,0,1,0,1,0,0,0,0,1,0,0,1,0,0,0
0.00425904,1,0,1,1,1,0,0,0,0,1,0,0,1,0,0,0
0.00425905,1,0,1,0,1,0,0,0,0,1,0,0,1,0,0,0
0.00425912,1,0,1,1,1,0,0,0,0,0,0,0,1,0,0,0
0.00425913,1,0,1,0,1,0,0,0,1,0,0,0,1,0,0,0
0.00425917,1,0,1,1,1,0,0,0,1,0,0,0,1,0,0,0
0.00425919,1,0,1,1,1,0,0,0,0,0,0,0,0,0,0,0
0.0042592,1,0,1,0,1,0,0,0,1,0,0,0,1,0,0,0
0.00425923,1,0,0,0,1,0,0,0,1,0,0,0,1,0,0,0
0.00425924,1,0,1,0,1,0,0,0,1,0,0,0,1,0,0,0
0.00425925,1,0,1,1,1,0,0,0,1,0,0,0,1,0,0,0
0.00425927,1,0,1,0,1,0,0,0,1,0,0,0,1,0,0,0
0.0042595,1,0,0,0,1,0,0,0,1,0,0,0,1,0,0,0
0.00425952,1,0,1,0,1,0,0,0,1,0,0,0,1,0,0,0
0.00425954,1,0,0,0,1,0,0,0,1,0,0,0,1,0,0,0
0.00425956,1,0,1,0,1,0,0,0,1,0,0,0,1,0,0,0
0.00425957,1,0,0,0,1,0,0,0,1,0,0,0,1,0,0,0
0.00425964,1,0,1,0,1,0,0,0,1,0,0,0,1,0,0,0
0.00425965,1,1,1,1,1,0,0,0,1,0,0,0,1,0,0,0
0.00425966,1,1,1,1,1,1,1,1,1,0,0,0,1,0,0,0
0.00425972,0,0,1,1,1,0,1,0,1,0,0,0,1,0,0,0
0.00425976,1,1,1,1,1,1,1,0,1,0,0,0,1,0,0,0
0.00425977,1,1,1,1,1,1,1,1,1,0,0,0,1,0,0,0
0.00425978,0,1,1,1,1,1,1,0,1,0,0,0,1,0,0,0
0.00425979,0,0,1,1,1,0,1,0,1,0,0,0,1,0,0,0
0.00426062,1,1,1,1,1,0,1,0,1,0,0,0,1,0,0,0
0.00426064,1,1,1,1,1,1,1,1,1,0,0,0,1,0,0,0
0.00426065,1,0,1,1,1,1,1,1,1,0,0,0,1,0,0,0
0.00426066,1,1,1,1,1,1,1,1,1,0,0,0,1,0,0,0
0.0042607,0,1,1,1,1,1,0,0,1,0,0,0,1,0,0,0
0.00426074,1,1,1,1,1,1,0,0,1,0,0,0,1,0,0,0
0.00426075,1,1,1,1,1,1,1,1,1,0,0,0,1,0,0,0
0.00426076,0,1,1,1,1,1,0,0,1,0,0,0,1,0,0,0
0.00426107,0,1,1,1,1,1,0,0,0,1,0,1,1,0,0,0
0.00426108,0,1,1,1,1,1,0,0,0,1,1,1,1,1,0,0
0.00426162,1,1,1,1,1,1,1,1,0,1,1,1,1,1,0,0
0.00426167,0,0,0,0,1,0,1,0,0,1,1,1,1,1,0,0
0.00426171,1,1,0,0,1,1,1,1,0,1,1,1,1,1,0,0
0.00426172,1,1,1,1,1,1,1,1,0,1,1,1,1,1,0,0
0.00426174,1,1,1,1,1,1,1,0,0,1,1,1,1,1,0,0
0.00426175,1,0,1,0,1,0,1,0,0,1,1,1,1,1,0,0
0.00426176,0,0,0,0,1,0,1,0,0,1,1,1,1,1,0,0
0.00426179,1,1,1,0,1,0,1,0,0,1,1,1,1,1,0,0
0.0042618,1,1,1,1,1,0,1,0,0,1,1,1,1,1,0,0
0.00426181,1,1,1,0,1,0,1,0,0,1,1,1,1,1,0,0
0.00426182,1,0,1,0,1,0,1,0,0,1,1,1,1,1,0,0
0.00426183,0,0,1,0,1,0,1,0,0,1,1,1,1,1,0,0
0.00426184,0,0,0,0,1,0,1,0,0,1,1,1,1,1,0,0
0.00426187,0,0,1,0,1,0,1,0,0,1,1,1,1,1,0,0
0.00426193,0,0,0,0,1,0,1,0,0,1,1,1,1,1,0,0
0.00426196,0,0,1,0,1,0,1,0,0,1,1,1,1,1,0,0
0.00426199,0,0,0,0,1,0,1,0,0,1,1,1,1,1,0,0
0.00426202,0,0,1,0,1,0,1,0,0,1,1,1,1,1,0,0
0.00426204,0,0,0,0,1,0,1,0,0,1,1,1,1,1,0,0
0.00426205,0,0,1,0,1,0,1,0,0,1,1,1,1,1,0,0
0.00426206,0,0,0,0,1,0,1,0,0,1,1,1,1,1,0,0
0.00426207,0,0,1,0,1,0,1,0,0,1,1,1,1,1,0,0
0.00426208,0,0,0,0,1,0,1,0,0,1,1,1,1,1,0,0
0.0042621,0,0,1,0,1,0,1,0,0,1,1,1,1,1,0,0
0.00426213,0,0,0,0,1,0,1,0,0,1,1,1,1,1,0,0
0.00426215,0,0,1,0,1,0,1,0,0,1,1,1,1,1,0,0
0.00426216,0,0,0,0,1,0,1,0,0,1,1,1,1,1,0,0
0.00426218,0,0,1,0,1,0,1,0,0,1,1,1,1,1,0,0
0.00426219,0,0,0,0,1,0,1,0,0,1,1,1,1,1,0,0
0.00426224,0,0,1,0,1,0,1,0,0,1,1,1,1,1,0,0
0.00426225,0,0,0,0,1,0,1,0,0,1,1,1,1,1,0,0
0.00426257,0,0,1,0,1,0,1,0,0,1,1,1,1,1,0,0
0.00426258,1,1,1,1,1,0,1,0,0,1,1,1,1,1,0,0
0.00426259,1,1,1,1,1,0,1,1,0,1,1,1,1,1,0,0
0.0042626,1,1,1,1,1,1,1,1,0,1,1,1,1,1,0,0
0.00426265,0,0,0,0,0,0,0,1,0,1,1,1,1,1,0,0
0.00426269,1,1,1,1,0,1,0,1,0,1,1,1,1,1,0,0
0.00426271,1,1,1,1,0,1,1,1,0,1,1,1,1,1,0,0
0.00426273,1,1,1,1,0,1,0,1,0,1,1,1,1,1,0,0
0.00426274,0,0,1,0,0,0,0,1,0,1,1,1,1,1,0,0
0.00426275,0,0,0,0,0,0,0,1,0,1,1,1,1,1,0,0
0.00426277,0,0,1,1,0,1,0,1,0,1,1,1,1,1,0,0
0.00426278,1,1,1,1,0,1,0,1,0,1,1,1,1,1,0,0
0.00426281,0,1,1,1,0,1,0,1,0,1,1,1,1,1,0,0
0.00426282,0,0,1,1,0,1,0,1,0,1,1,1,1,1,0,0
0.00426283,0,0,1,0,0,0,0,1,0,1,1,1,1,1,0,0
0.00426285,0,0,1,1,0,1,0,1,0,1,1,1,1,1,0,0
0.00426297,0,0,1,1,0,0,0,1,0,1,1,1,1,1,0,0
0.00426298,0,0,1,0,0,0,0,1,0,1,1,1,1,1,0,0
0.00426299,0,0,1,1,0,0,0,1,0,1,1,1,1,1,0,0
0.004263,0,0,1,1,0,1,0,1,0,1,1,1,1,1,0,0
0.00426301,0,0,1,1,0,0,0,1,0,1,1,1,1,1,0,0
0.00426302,0,0,1,0,0,0,0,1,0,1,1,1,1,1,0,0
0.00426303,0,0,1,1,0,0,0,1,0,1,1,1,1,1,0,0
0.00426306,0,0,1,0,0,0,0,1,0,1,1,1,1,1,0,0
0.0042634,0,0,0,0,0,0,0,1,0,1,1,1,1,1,0,0
0.00426341,0,0,1,0,0,0,0,1,0,1,1,1,1,1,0,0
0.00426343,0,0,0,0,0,0,0,1,0,1,1,1,1,1,0,0
0.00426346,0,0,1,0,0,0,0,1,0,1,1,1,1,1,0,0
0.00426348,0,0,0,0,0,0,0,1,0,1,1,1,1,1,0,0
0.00426353,0,0,1,0,0,0,0,1,0,1,1,1,1,1,0,0
0.00426354,0,0,0,0,0,0,0,1,0,1,1,1,1,1,0,0
0.00426355,1,0,1,0,0,0,0,1,0,1,1,1,1,1,0,0
0.00426356,1,1,1,1,0,0,0,1,0,1,1,1,1,1,0,0
0.00426357,0,1,1,1,0,1,1,1,0,1,1,1,1,1,0,0
0.00426358,1,1,1,1,1,1,1,1,0,1,1,1,1,1,0,0
0.00426363,0,0,0,0,0,0,1,1,0,1,1,1,1,1,0,0
0.00426364,0,0,0,0,0,0,1,0,0,1,1,1,1,1,0,0
0.00426368,0,1,1,1,0,1,1,0,0,1,1,1,1,1,0,0
0.00426369,1,1,1,1,0,1,1,0,0,1,1,1,1,1,0,0
0.00426371,0,0,1,0,0,0,1,0,0,1,1,1,1,1,0,0
0.00426372,0,0,0,0,0,0,1,0,0,1,1,1,1,1,0,0
0.00426377,0,0,1,0,0,0,1,0,0,1,1,1,1,1,0,0
0.00426379,0,0,0,0,0,0,1,0,0,1,1,1,1,1,0,0
0.00426453,0,0,1,0,0,0,1,0,0,1,1,1,1,1,0,0
0.00426454,1,1,1,1,0,1,1,1,0,1,1,1,1,1,0,0
0.00426455,1,1,1,1,0,1,1,0,0,1,1,1,1,1,0,0
0.00426456,0,0,0,0,0,0,1,0,0,1,1,1,1,1,0,0
0.00426459,1,0,0,0,1,0,1,0,0,1,1,1,1,1,0,0
0.00426461,1,0,0,0,1,1,1,0,0,1,1,1,1,1,0,0
0.00426462,1,1,1,1,1,1,1,1,0,1,1,1,1,1,0,0
0.00426463,1,1,1,1,1,1,1,0,0,1,1,1,1,1,0,0
0.00426464,1,0,0,0,1,0,1,0,0,1,1,1,1,1,0,0
0.0042655,1,1,1,1,1,0,1,0,0,1,1,1,1,1,0,0
0.00426552,1,1,1,1,1,1,1,1,0,1,1,1,1,1,0,0
0.00426558,0,0,0,0,0,0,0,1,0,1,1,1,1,1,0,0
0.00426562,0,1,1,1,0,1,0,1,0,1,1,1,1,1,0,0
0.00426564,1,1,1,1,0,1,1,1,0,1,1,1,1,1,0,0
0.00426566,1,1,1,1,0,1,0,1,0,1,1,1,1,1,0,0
0.00426567,0,0,1,0,0,0,0,1,0,1,1,1,1,1,0,0
0.00426568,0,0,0,0,0,0,0,1,0,1,1,1,1,1,0,0
0.0042657,0,0,1,0,0,0,0,1,0,1,1,1,1,1,0,0
0.00426571,0,0,1,1,0,1,0,1,0,1,1,1,1,1,0,0
0.00426575,0,0,1,1,0,0,0,1,0,1,1,1,1,1,0,0
0.00426576,0,0,1,0,0,0,0,1,0,1,1,1,1,1,0,0
0.00426578,0,0,1,1,0,0,0,1,0,1,1,1,1,1,0,0
0.00426584,0,0,1,0,0,0,0,1,0,1,1,1,1,1,0,0
0.00426611,0,0,0,0,0,0,0,1,0,1,1,1,1,1,0,0
0.00426612,0,0,1,0,0,0,0,1,0,1,1,1,1,1,0,0
0.00426614,0,0,0,0,0,0,0,1,0,1,1,1,1,1,0,0
0.00426647,0,0,1,1,1,0,0,1,0,1,1,1,1,1,0,0
0.00426648,1,0,1,1,1,0,0,1,0,1,1,1,1,1,0,0
0.00426649,1,1,0,0,0,1,1,1,0,1,1,1,1,1,0,0
0.0042665,1,1,1,1,0,1,0,1,0,1,1,1,1,1,0,0
0.00426651,1,1,1,1,1,1,1,1,0,1,1,1,1,1,0,0
0.00426655,0,0,0,0,0,0,0,1,0,1,1,1,1,1,0,0
0.0042666,1,1,1,1,0,1,1,1,0,1,1,1,1,1,0,0
0.00426663,0,0,0,0,0,0,0,1,0,1,1,1,1,1,0,0
0.00426668,1,0,0,0,0,0,0,1,0,1,1,1,1,1,0,0
0.00426671,0,0,0,0,0,0,0,1,0,1,1,1,1,1,0,0
0.00426747,1,1,1,1,0,1,1,1,0,1,1,1,1,1,0,0
0.00426748,1,1,1,1,1,1,1,1,0,1,1,1,1,1,0,0
0.00426751,1,1,1,1,0,1,1,1,0,1,1,1,1,1,0,0
0.00426752,0,0,0,0,0,0,0,1,0,1,1,1,1,1,0,0
0.00426757,1,0,1,0,0,0,0,1,0,1,1,1,1,1,0,0
0.00426758,1,0,0,0,0,0,0,1,0,1,1,1,1,1,0,0
0.00426759,0,0,0,0,0,0,0,1,0,1,1,1,1,1,0,0
0.00426847,0,0,0,0,0,0,1,1,0,1,1,1,1,1,0,0
0.00426848,1,0,1,0,0,0,1,0,0,1,1,1,1,1,0,0
0.00426849,0,0,0,0,0,0,1,0,0,1,1,1,1,1,0,0
0.00426942,0,0,0,0,0,0,1,1,0,1,1,1,1,1,0,0
0.00426943,0,0,1,0,0,0,1,1,0,1,1,1,1,1,0,0
0.00426944,0,1,1,1,0,1,1,1,0,1,1,1,1,1,0,0
0.00426945,1,1,1,1,1,1,1,0,0,1,1,1,1,1,0,0
0.00426946,1,1,1,1,1,1,0,0,0,1,1,1,1,1,0,0
0.00426947,0,1,1,1,0,1,0,0,0,1,1,1,1,1,0,0
0.00427045,0,1,1,1,0,1,0,1,0,1,1,1,1,1,0,0
0.00427046,1,1,1,1,0,1,1,1,0,1,1,1,1,1,0,0
0.00427047,1,0,0,0,1,1,1,1,0,1,1,1,1,1,0,0
0.00427048,1,0,0,0,0,0,0,1,0,1,1,1,1,1,0,0
0.0042705,1,0,0,1,0,0,0,1,0,1,1,1,1,1,0,0
0.00427052,1,1,0,0,1,1,1,1,0,1,1,1,1,1,0,0
0.00427053,1,0,0,0,0,0,0,1,0,1,1,1,1,1,0,0
0.00427084,1,0,0,0,0,0,0,1,0,0,0,0,0,0,0,0
0.00427085,1,0,0,0,0,0,0,1,1,0,0,0,0,0,0,1
0.00427091,1,0,0,0,0,0,0,1,1,0,0,0,0,0,0,0
0.00427092,1,0,0,0,0,0,0,1,1,0,0,0,0,0,0,1
0.00427136,1,1,1,1,0,0,0,1,1,0,0,0,0,0,0,1
0.00427137,1,1,1,1,1,1,0,1,1,0,0,0,0,0,0,1
0.00427138,1,1,1,1,1,1,1,1,1,0,0,0,0,0,0,1
0.00427139,0,1,1,1,1,1,1,0,1,0,0,0,0,0,0,1
0.0042714,0,1,1,1,0,1,0,0,1,0,0,0,0,0,0,1
0.00427241,1,1,1,1,1,1,1,1,1,0,0,0,0,0,0,1
0.00427246,0,1,0,0,1,0,1,1,1,0,0,0,0,0,0,1
0.00427251,0,1,1,0,1,1,1,1,1,0,0,0,0,0,0,1
0.00427252,0,1,0,0,1,0,1,1,1,0,0,0,0,0,0,1
0.00427279,0,1,0,0,1,0,1,1,0,1,0,0,1,0,1,0
0.0042728,0,1,0,0,1,0,1,1,0,1,0,0,1,0,1,1
0.00427332,1,1,1,1,1,0,1,1,0,1,0,0,1,0,1,1
0.00427333,1,1,1,1,1,1,1,1,0,1,0,0,1,0,1,1
0.00427338,1,1,1,1,0,1,0,0,0,1,0,0,1,0,1,1
0.00427339,0,1,1,1,0,1,0,0,0,1,0,0,1,0,1,1
0.00427343,1,1,1,1,0,1,0,0,0,1,0,0,1,0,1,1
0.00427345,0,1,1,1,0,1,0,0,0,1,0,0,1,0,1,1
0.0042743,1,1,1,1,0,1,0,0,0,1,0,0,1,0,1,1
0.00427432,1,1,1,1,0,1,1,0,0,1,0,0,1,0,1,1
0.00427433,1,1,1,1,1,1,1,0,0,1,0,0,1,0,1,1
0.00427434,1,1,1,1,1,1,1,1,0,1,0,0,1,0,1,1
0.00427528,0,0,0,0,0,0,0,0,0,1,0,0,1,0,1,1
0.00427531,1,0,1,0,0,0,0,0,0,1,0,0,1,0,1,1
0.00427533,0,0,0,0,0,0,0,0,0,1,0,0,1,0,1,1
0.00427623,0,0,1,0,0,0,0,0,0,1,0,0,1,0,1,1
0.00427624,1,0,1,0,0,0,0,0,0,1,0,0,1,0,1,1
0.00427625,0,0,1,0,0,0,0,0,0,1,0,0,1,0,1,1
0.00427626,0,0,0,0,0,0,0,0,0,1,0,0,1,0,1,1
0.00427628,0,1,1,1,0,1,0,0,0,1,0,0,1,0,1,1
0.0042763,1,1,1,1,1,1,0,1,0,1,0,0,1,0,1,1
0.00427631,1,1,1,1,1,1,1,1,0,1,0,0,1,0,1,1
0.00427636,0,1,1,0,1,1,0,0,0,1,0,0,1,0,1,1
0.00427637,0,1,0,0,1,1,0,0,0,1,0,0,1,0,1,1
0.00427641,1,1,1,1,1,1,0,0,0,1,0,0,1,0,1,1
0.00427643,1,1,1,0,1,1,0,0,0,1,0,0,1,0,1,1
0.00427644,0,1,0,0,1,1,0,0,0,1,0,0,1,0,1,1
0.00427649,0,1,1,0,1,1,0,0,0,1,0,0,1,0,1,1
0.00427651,0,1,0,0,1,1,0,0,0,1,0,0,1,0,1,1
0.00427669,0,1,0,0,1,1,0,0,0,1,0,0,1,0,0,0
0.00427671,0,1,0,0,1,1,0,0,0,1,0,0,1,1,0,0
0.00427722,1,1,0,0,1,1,0,0,0,1,0,0,1,1,0,0
0.00427723,0,1,1,0,1,1,0,0,0,1,0,0,1,1,0,0
0.00427724,1,1,1,1,1,1,0,0,0,1,0,0,1,1,0,0
0.00427725,1,1,1,1,1,1,1,0,0,1,0,0,1,1,0,0
0.00427726,1,1,1,1,1,1,1,1,0,1,0,0,1,1,0,0
0.00427729,1,1,0,0,1,0,1,0,0,1,0,0,1,1,0,0
0.00427733,1,1,1,1,1,0,1,0,0,1,0,0,1,1,0,0
0.00427734,1,1,1,1,1,0,1,1,0,1,0,0,1,1,0,0
0.00427735,1,1,0,0,1,0,1,0,0,1,0,0,1,1,0,0
0.0042782,1,1,1,1,1,0,1,0,0,1,0,0,1,1,0,0
0.00427822,1,1,1,1,1,1,1,1,0,1,0,0,1,1,0,0
0.00427827,1,1,0,1,0,0,0,0,0,1,0,0,1,1,0,0
0.00427831,1,1,1,1,0,0,0,0,0,1,0,0,1,1,0,0
0.00427832,1,1,1,1,0,1,0,0,0,1,0,0,1,1,0,0
0.00427833,1,1,1,1,0,0,0,0,0,1,0,0,1,1,0,0
0.00427835,1,1,0,1,0,0,0,0,0,1,0,0,1,1,0,0
0.00427839,1,1,1,1,0,0,0,0,0,1,0,0,1,1,0,0
0.00427841,1,1,0,1,0,0,0,0,0,1,0,0,1,1,0,0
0.00427919,1,1,1,1,0,1,1,0,0,1,0,0,1,1,0,0
0.0042792,1,1,1,1,1,1,1,1,0,1,0,0,1,1,0,0
0.0042802,0,0,1,1,1,0,1,0,0,1,0,0,1,1,0,0
0.00428021,0,0,0,1,1,0,1,0,0,1,0,0,1,1,0,0
0.00428023,1,1,1,1,1,1,1,1,0,1,0,0,1,1,0,0
0.00428026,0,1,1,0,0,1,0,1,0,1,0,0,1,1,0,0
0.00428031,0,1,1,1,0,1,0,1,0,1,0,0,1,1,0,0
0.00428032,0,1,1,0,0,1,0,1,0,1,0,0,1,1,0,0
0.0042806,0,1,1,0,0,1,0,1,0,1,0,0,0,1,0,0
0.00428061,0,1,1,0,0,1,0,1,0,1,1,0,0,1,0,1
0.00428113,1,1,1,1,0,1,0,1,0,1,1,0,0,1,0,1
0.00428114,1,1,1,1,0,1,1,1,0,1,1,0,0,1,0,1
0.00428115,1,1,1,1,1,1,1,1,0,1,1,0,0,1,0,1
0.00428121,0,0,0,0,1,0,1,0,0,1,1,0,0,1,0,1
0.00428125,1,0,1,1,1,1,1,0,0,1,1,0,0,1,0,1
0.00428127,1,1,1,1,1,1,1,0,0,1,1,0,0,1,0,1
0.00428128,1,0,1,1,1,1,1,0,0,1,1,0,0,1,0,1
0.00428129,0,0,0,1,1,0,1,0,0,1,1,0,0,1,0,1
0.0042813,0,0,0,0,1,0,1,0,0,1,1,0,0,1,0,1
0.00428133,0,0,1,1,1,0,1,0,0,1,1,0,0,1,0,1
0.00428134,1,0,1,1,1,1,1,0,0,1,1,0,0,1,0,1
0.00428135,0,0,1,1,1,0,1,0,0,1,1,0,0,1,0,1
0.00428137,0,0,0,1,1,0,1,0,0,1,1,0,0,1,0,1
0.00428138,0,0,0,0,1,0,1,0,0,1,1,0,0,1,0,1
0.00428141,0,0,0,1,1,0,1,0,0,1,1,0,0,1,0,1
0.00428145,0,0,0,0,1,0,1,0,0,1,1,0,0,1,0,1
0.00428159,0,0,1,1,1,0,1,0,0,1,1,0,0,1,0,1
0.0042816,0,0,0,0,1,0,1,0,0,1,1,0,0,1,0,1
0.00428211,1,1,1,1,1,0,1,0,0,1,1,0,0,1,0,1
0.00428212,1,1,1,1,1,0,1,1,0,1,1,0,0,1,0,1
0.00428213,1,1,1,1,1,1,1,1,0,1,1,0,0,1,0,1
0.00428216,0,0,0,0,0,0,0,1,0,1,1,0,0,1,0,1
0.00428221,0,0,0,0,0,1,0,1,0,1,1,0,0,1,0,1
0.00428222,1,1,1,1,0,1,0,1,0,1,1,0,0,1,0,1
0.00428224,0,0,1,1,0,1,0,1,0,1,1,0,0,1,0,1
0.00428225,0,0,0,0,0,0,0,1,0,1,1,0,0,1,0,1
0.0042823,0,0,0,0,0,1,0,1,0,1,1,0,0,1,0,1
0.00428232,0,0,0,0,0,0,0,1,0,1,1,0,0,1,0,1
0.0042831,1,0,1,1,1,1,0,1,0,1,1,0,0,1,0,1
0.00428311,1,1,1,1,1,1,1,1,0,1,1,0,0,1,0,1
0.00428316,0,0,0,0,0,0,1,0,0,1,1,0,0,1,0,1
0.0042832,0,1,1,1,0,1,1,0,0,1,1,0,0,1,0,1
0.00428321,1,1,1,1,0,1,1,0,0,1,1,0,0,1,0,1
0.00428322,1,1,1,1,1,1,1,0,0,1,1,0,0,1,0,1
0.00428323,1,1,1,1,0,1,1,0,0,1,1,0,0,1,0,1
0.00428325,0,0,1,0,0,0,1,0,0,1,1,0,0,1,0,1
0.00428326,0,0,0,0,0,0,1,0,0,1,1,0,0,1,0,1
0.00428328,0,0,1,0,0,1,1,0,0,1,1,0,0,1,0,1
0.00428329,1,0,1,1,0,1,1,0,0,1,1,0,0,1,0,1
0.0042833,1,1,1,1,0,1,1,0,0,1,1,0,0,1,0,1
0.00428331,1,0,1,1,0,1,1,0,0,1,1,0,0,1,0,1
0.00428332,0,0,1,1,0,1,1,0,0,1,1,0,0,1,0,1
0.00428333,0,0,1,0,0,1,1,0,0,1,1,0,0,1,0,1
0.00428334,0,0,1,0,0,0,1,0,0,1,1,0,0,1,0,1
0.00428337,0,0,1,0,0,1,1,0,0,1,1,0,0,1,0,1
0.00428339,0,0,1,1,0,1,1,0,0,1,1,0,0,1,0,1
0.0042834,0,0,1,0,0,1,1,0,0,1,1,0,0,1,0,1
0.00428342,0,0,1,0,0,0,1,0,0,1,1,0,0,1,0,1
0.00428343,0,0,1,0,0,1,1,0,0,1,1,0,0,1,0,1
0.00428344,0,0,1,0,0,0,1,0,0,1,1,0,0,1,0,1
0.00428374,0,0,0,0,0,0,1,0,0,1,1,0,0,1,0,1
0.00428375,0,0,1,0,0,0,1,0,0,1,1,0,0,1,0,1
0.00428378,0,0,0,0,0,0,1,0,0,1,1,0,0,1,0,1
0.00428388,0,0,1,0,0,0,1,0,0,1,1,0,0,1,0,1
0.00428389,0,0,0,0,0,0,1,0,0,1,1,0,0,1,0,1
0.00428405,0,0,1,0,0,1,1,0,0,1,1,0,0,1,0,1
0.00428406,1,1,1,1,0,1,1,0,0,1,1,0,0,1,0,1
0.00428407,1,1,1,1,1,1,1,1,0,1,1,0,0,1,0,1
0.00428509,0,0,0,0,0,0,1,0,0,1,1,0,0,1,0,1
0.00428513,0,1,1,1,0,1,1,0,0,1,1,0,0,1,0,1
0.00428514,1,1,1,1,0,1,1,1,0,1,1,0,0,1,0,1
0.00428515,1,1,1,1,1,1,1,1,0,1,1,0,0,1,0,1
0.00428516,1,1,1,1,0,1,1,0,0,1,1,0,0,1,0,1
0.00428517,1,0,1,1,0,1,1,0,0,1,1,0,0,1,0,1
0.00428518,0,0,1,0,0,0,1,0,0,1,1,0,0,1,0,1
0.00428519,0,0,0,0,0,0,1,0,0,1,1,0,0,1,0,1
0.00428521,0,0,1,0,0,0,1,0,0,1,1,0,0,1,0,1
0.00428522,1,0,1,1,0,1,1,0,0,1,1,0,0,1,0,1
0.00428524,0,0,1,1,0,1,1,0,0,1,1,0,0,1,0,1
0.00428526,0,0,1,0,0,0,1,0,0,1,1,0,0,1,0,1
0.00428527,0,0,0,0,0,0,1,0,0,1,1,0,0,1,0,1
0.00428528,0,0,1,0,0,0,1,0,0,1,1,0,0,1,0,1
0.0042853,0,0,1,1,0,1,1,0,0,1,1,0,0,1,0,1
0.00428533,0,0,1,0,0,0,1,0,0,1,1,0,0,1,0,1
0.00428577,0,0,0,0,0,0,1,0,0,1,1,0,0,1,0,1
0.00428578,0,0,1,0,0,0,1,0,0,1,1,0,0,1,0,1
0.00428579,0,0,0,0,0,0,1,0,0,1,1,0,0,1,0,1
0.00428584,0,0,1,0,0,0,1,0,0,1,1,0,0,1,0,1
0.00428586,0,0,0,0,0,0,1,0,0,1,1,0,0,1,0,1
0.00428592,0,0,1,0,0,0,1,0,0,1,1,0,0,1,0,1
0.00428594,0,0,0,0,0,0,1,0,0,1,1,0,0,1,0,1
0.00428602,0,0,1,0,0,0,1,0,0,1,1,0,0,1,0,1
0.00428603,0,0,0,0,0,0,1,0,0,1,1,0,0,1,0,1
0.00428607,0,0,1,0,0,0,1,0,0,1,1,0,0,1,0,1
0.00428608,0,0,0,0,0,0,1,0,0,1,1,0,0,1,0,1
0.00428611,0,1,1,0,0,0,1,0,0,1,1,0,0,1,0,1
0.00428612,0,1,1,0,0,0,1,1,0,1,1,0,0,1,0,1
0.00428613,1,1,1,1,1,1,0,1,0,1,1,0,0,1,0,1
0.00428615,0,1,1,1,0,1,0,1,0,1,1,0,0,1,0,1
0.00428616,0,1,1,0,0,1,0,1,0,1,1,0,0,1,0,1
0.00428655,0,1,1,0,0,1,1,1,0,1,1,0,0,1,1,1
0.00428657,1,1,1,1,1,1,1,1,0,1,1,0,0,1,1,1
0.00428658,1,1,1,1,0,1,0,1,0,1,1,0,0,1,0,1
0.00428659,0,1,1,0,0,1,0,1,0,1,1,0,0,1,0,1
0.00428663,0,1,1,1,0,1,0,1,0,1,1,0,0,1,0,1
0.00428665,0,1,1,0,0,1,0,1,0,1,1,0,0,1,0,1
0.00428698,1,1,1,1,0,1,0,1,0,1,1,0,0,1,0,1
0.004287,1,1,1,1,1,1,0,1,0,1,1,0,0,1,0,1
0.00428701,1,1,1,1,1,1,1,1,0,1,1,0,0,1,0,1
0.00428706,1,0,1,1,1,0,1,0,0,1,1,0,0,1,0,1
0.00428707,1,0,0,0,1,0,1,0,0,1,1,0,0,1,0,1
0.00428711,1,1,1,1,1,1,1,0,0,1,1,0,0,1,0,1
0.00428712,1,1,1,1,1,1,1,1,0,1,1,0,0,1,0,1
0.00428713,1,1,1,1,1,1,1,0,0,1,1,0,0,1,0,1
0.00428714,1,0,1,1,1,0,1,0,0,1,1,0,0,1,0,1
0.00428715,1,0,0,0,1,0,1,0,0,1,1,0,0,1,0,1
0.00428718,1,0,0,1,1,0,1,0,0,1,1,0,0,1,0,1
0.00428719,1,0,1,1,1,0,1,0,0,1,1,0,0,1,0,1
0.00428722,1,0,0,0,1,0,1,0,0,1,1,0,0,1,0,1
0.00428728,1,0,1,0,1,0,1,0,0,1,1,0,0,1,0,1
0.0042873,1,0,0,0,1,0,1,0,0,1,1,0,0,1,0,1
0.00428741,1,0,1,0,1,0,1,0,0,1,1,0,0,1,0,1
0.00428742,1,0,0,0,1,0,1,0,0,1,1,0,0,1,0,1
0.00428796,1,0,1,0,1,0,1,0,0,1,1,0,0,1,0,1
0.00428797,1,1,1,1,1,0,1,1,0,1,1,0,0,1,0,1
0.00428798,1,1,1,1,1,1,1,1,0,1,1,0,0,1,0,1
0.00428802,0,0,0,0,0,0,0,1,0,1,1,0,0,1,0,1
0.00428807,0,0,1,0,0,0,0,1,0,1,1,0,0,1,0,1
0.00428808,0,1,1,1,0,1,0,1,0,1,1,0,0,1,0,1
0.00428809,1,1,1,1,0,1,0,1,0,1,1,0,0,1,0,1
0.0042881,0,0,1,1,0,1,0,1,0,1,1,0,0,1,0,1
0.00428811,0,0,0,0,0,0,0,1,0,1,1,0,0,1,0,1
0.00428815,0,0,1,0,0,0,0,1,0,1,1,0,0,1,0,1
0.00428819,0,0,0,0,0,0,0,1,0,1,1,0,0,1,0,1
0.00428896,1,1,1,1,1,1,0,1,0,1,1,0,0,1,0,1
0.00428897,1,1,1,1,1,1,1,1,0,1,1,0,0,1,0,1
0.00428901,0,0,0,0,0,0,0,1,0,1,1,0,0,1,0,1
0.00428905,1,1,1,1,0,1,1,1,0,1,1,0,0,1,0,1
0.00428906,1,1,1,1,0,1,0,1,0,1,1,0,0,1,0,1
0.00428907,1,1,1,1,1,1,1,1,0,1,1,0,0,1,0,1
0.00428908,1,1,1,1,0,1,1,1,0,1,1,0,0,1,0,1
0.0042891,1,0,1,1,0,0,0,1,0,1,1,0,0,1,0,1
0.00428911,0,0,0,0,0,0,0,1,0,1,1,0,0,1,0,1
0.00428912,0,0,1,0,0,0,0,1,0,1,1,0,0,1,0,1
0.00428913,1,0,1,1,0,1,0,1,0,1,1,0,0,1,0,1
0.00428914,1,1,1,1,0,1,0,1,0,1,1,0,0,1,0,1
0.00428919,0,0,1,1,0,0,0,1,0,1,1,0,0,1,0,1
0.00428921,1,0,1,1,0,1,0,1,0,1,1,0,0,1,0,1
0.00428922,1,1,1,1,0,1,0,1,0,1,1,0,0,1,0,1
0.00428926,1,0,1,1,0,1,0,1,0,1,1,0,0,1,0,1
0.0042893,1,1,1,1,0,1,0,1,0,1,1,0,0,1,0,1
0.00428932,1,0,1,1,0,1,0,1,0,1,1,0,0,1,0,1
0.00428933,0,0,1,1,0,0,0,1,0,1,1,0,0,1,0,1
0.00428936,1,0,1,1,0,1,0,1,0,1,1,0,0,1,0,1
0.00428937,1,1,1,1,0,1,0,1,0,1,1,0,0,1,0,1
0.00428938,1,0,1,1,0,0,0,1,0,1,1,0,0,1,0,1
0.00428939,0,0,1,1,0,0,0,1,0,1,1,0,0,1,0,1
0.00428941,1,0,1,1,0,0,0,1,0,1,1,0,0,1,0,1
0.00428942,0,0,1,1,0,0,0,1,0,1,1,0,0,1,0,1
0.00428945,1,0,1,1,0,0,0,1,0,1,1,0,0,1,0,1
0.00428946,0,0,1,1,0,0,0,1,0,1,1,0,0,1,0,1
0.00428959,0,0,1,0,0,0,0,1,0,1,1,0,0,1,0,1
0.00428963,0,0,1,1,0,0,0,1,0,1,1,0,0,1,0,1
0.00428965,0,0,1,0,0,0,0,1,0,1,1,0,0,1,0,1
0.00428991,1,1,1,1,0,1,0,1,0,1,1,0,0,1,0,1
0.00428992,1,1,1,1,1,1,1,1,0,1,1,0,0,1,0,1
0.00429095,0,0,0,0,0,0,0,1,0,1,1,0,0,1,0,1
0.00429099,1,1,1,1,0,1,1,1,0,1,1,0,0,1,0,1
0.00429103,1,0,1,1,0,1,1,1,0,1,1,0,0,1,0,1
0.00429104,0,0,0,0,0,0,0,1,0,1,1,0,0,1,0,1
0.00429107,0,0,1,0,0,0,0,1,0,1,1,0,0,1,0,1
0.00429108,1,0,1,1,0,1,0,1,0,1,1,0,0,1,0,1
0.0042911,0,0,1,1,0,1,0,1,0,1,1,0,0,1,0,1
0.00429111,0,0,1,1,0,0,0,1,0,1,1,0,0,1,0,1
0.00429112,0,0,1,0,0,0,0,1,0,1,1,0,0,1,0,1
0.00429116,0,0,1,1,0,0,0,1,0,1,1,0,0,1,0,1
0.00429119,0,0,1,0,0,0,0,1,0,1,1,0,0,1,0,1
0.00429161,0,0,0,0,0,0,0,1,0,1,1,0,0,1,0,1
0.00429162,0,0,1,0,0,0,0,1,0,1,1,0,0,1,0,1
0.00429165,0,0,0,0,0,0,0,1,0,1,1,0,0,1,0,1
0.00429167,0,0,1,0,0,0,0,1,0,1,1,0,0,1,0,1
0.00429169,0,0,0,0,0,0,0,1,0,1,1,0,0,1,0,1
0.00429171,0,0,1,0,0,0,0,1,0,1,1,0,0,1,0,1
0.00429172,0,0,0,0,0,0,0,1,0,1,1,0,0,1,0,1
0.00429175,0,0,1,0,0,0,0,1,0,1,1,0,0,1,0,1
0.00429176,0,0,0,0,0,0,0,1,0,1,1,0,0,1,0,1
0.00429178,0,0,1,0,0,0,0,1,0,1,1,0,0,1,0,1
0.00429179,0,0,0,0,0,0,0,1,0,1,1,0,0,1,0,1
0.0042918,0,0,1,0,0,0,0,1,0,1,1,0,0,1,0,1
0.00429181,0,0,0,0,0,0,0,1,0,1,1,0,0,1,0,1
0.00429189,0,0,1,0,0,0,0,1,0,1,1,0,0,1,0,1
0.0042919,0,0,0,0,0,0,0,1,0,1,1,0,0,1,0,1
0.00429193,0,0,1,0,0,0,0,1,0,1,1,0,0,1,0,1
0.00429194,0,0,0,0,0,0,0,1,0,1,1,0,0,1,0,1
0.00429196,0,0,1,0,0,0,0,1,0,1,1,0,0,1,0,1
0.00429197,0,1,1,0,0,1,0,1,0,1,1,0,0,1,0,1
0.00429199,1,1,1,1,1,1,1,1,0,1,1,0,0,1,0,1
0.00429202,0,1,1,0,0,1,0,1,0,1,1,0,0,1,0,1
0.00429207,0,1,1,1,0,1,0,1,0,1,1,0,0,1,0,1
0.00429209,0,1,1,0,0,1,0,1,0,1,1,0,0,1,0,1
0.00429231,0,1,1,0,0,1,0,1,0,1,1,0,0,1,0,0
0.00429232,0,1,1,0,0,1,0,1,0,1,1,0,0,1,0,1
0.00429239,0,1,1,0,0,1,0,1,0,1,1,0,0,1,0,0
0.0042924,0,1,1,0,0,1,0,1,0,1,1,0,0,1,0,1
0.00429284,1,1,1,1,0,1,0,1,0,1,1,0,0,1,0,1
0.00429286,1,1,1,1,1,1,1,1,0,1,1,0,0,1,0,1
0.00429292,0,0,0,0,0,0,1,0,0,1,1,0,0,1,0,1
0.00429296,1,1,1,1,0,1,1,0,0,1,1,0,0,1,0,1
0.00429298,1,1,1,1,1,1,1,0,0,1,1,0,0,1,0,1
0.00429299,1,1,1,1,0,1,1,0,0,1,1,0,0,1,0,1
0.00429301,1,0,1,1,0,0,1,0,0,1,1,0,0,1,0,1
0.00429302,0,0,0,0,0,0,1,0,0,1,1,0,0,1,0,1
0.00429303,0,0,0,1,0,0,1,0,0,1,1,0,0,1,0,1
0.00429304,1,1,1,1,0,0,1,0,0,1,1,0,0,1,0,1
0.0042931,1,0,1,1,0,0,1,0,0,1,1,0,0,1,0,1
0.00429312,1,1,1,1,0,0,1,0,0,1,1,0,0,1,0,1
0.00429328,0,0,1,1,0,0,1,0,0,1,1,0,0,1,0,1
0.00429329,1,1,1,1,0,0,1,0,0,1,1,0,0,1,0,1
0.00429333,0,0,1,1,0,0,1,0,0,1,1,0,0,1,0,1
0.00429334,1,1,1,1,0,0,1,0,0,1,1,0,0,1,0,1
0.0042934,0,1,1,1,0,0,1,0,0,1,1,0,0,1,0,1
0.00429341,0,0,1,1,0,0,1,0,0,1,1,0,0,1,0,1
0.00429342,0,1,1,1,0,0,1,0,0,1,1,0,0,1,0,1
0.00429343,1,1,1,1,0,0,1,0,0,1,1,0,0,1,0,1
0.00429345,0,1,1,1,0,0,1,0,0,1,1,0,0,1,0,1
0.0042935,0,0,1,1,0,0,1,0,0,1,1,0,0,1,0,1
0.00429352,0,1,1,1,0,0,1,0,0,1,1,0,0,1,0,1
0.00429354,0,0,1,1,0,0,1,0,0,1,1,0,0,1,0,1
0.00429357,0,1,1,1,0,0,1,0,0,1,1,0,0,1,0,1
0.00429358,0,0,1,1,0,0,1,0,0,1,1,0,0,1,0,1
0.00429378,0,0,1,0,0,0,1,0,0,1,1,0,0,1,0,1
0.00429379,0,0,1,1,0,0,1,0,0,1,1,0,0,1,0,1
0.00429381,0,0,1,0,0,0,1,0,0,1,1,0,0,1,0,1
0.00429382,1,1,1,1,0,0,1,0,0,1,1,0,0,1,0,1
0.00429383,1,1,1,1,0,0,1,1,0,1,1,0,0,1,0,1
0.00429384,1,1,1,1,1,1,1,1,0,1,1,0,0,1,0,1
0.00429388,0,0,0,0,0,0,0,1,0,1,1,0,0,1,0,1
0.00429391,0,1,1,1,0,1,0,1,0,1,1,0,0,1,0,1
0.00429392,1,1,1,1,0,1,0,1,0,1,1,0,0,1,0,1
0.00429393,1,1,1,1,1,1,1,1,0,1,1,0,0,1,0,1
0.00429395,1,1,1,1,0,1,1,1,0,1,1,0,0,1,0,1
0.00429396,0,0,1,1,0,1,0,1,0,1,1,0,0,1,0,1
0.00429397,0,0,0,0,0,0,0,1,0,1,1,0,0,1,0,1
0.00429399,0,0,1,0,0,1,0,1,0,1,1,0,0,1,0,1
0.004294,0,1,1,1,0,1,0,1,0,1,1,0,0,1,0,1
0.00429401,1,1,1,1,0,1,0,1,0,1,1,0,0,1,0,1
0.00429404,0,1,1,1,0,1,0,1,0,1,1,0,0,1,0,1
0.00429405,0,0,1,1,0,1,0,1,0,1,1,0,0,1,0,1
0.00429406,0,0,1,0,0,1,0,1,0,1,1,0,0,1,0,1
0.00429407,0,0,1,1,0,1,0,1,0,1,1,0,0,1,0,1
0.00429411,0,1,1,1,0,1,0,1,0,1,1,0,0,1,0,1
0.00429412,0,0,1,1,0,1,0,1,0,1,1,0,0,1,0,1
0.00429422,0,0,1,0,0,1,0,1,0,1,1,0,0,1,0,1
0.00429424,0,0,1,1,0,1,0,1,0,1,1,0,0,1,0,1
0.00429431,0,0,1,0,0,1,0,1,0,1,1,0,0,1,0,1
0.00429432,0,0,1,1,0,1,0,1,0,1,1,0,0,1,0,1
0.00429436,0,0,1,0,0,1,0,1,0,1,1,0,0,1,0,1
0.00429447,0,0,1,0,0,0,0,1,0,1,1,0,0,1,0,1
0.00429474,0,0,0,0,0,0,0,1,0,1,1,0,0,1,0,1
0.00429476,0,0,1,0,0,0,0,1,0,1,1,0,0,1,0,1
0.00429479,1,1,1,1,0,0,0,1,0,1,1,0,0,1,0,1
0.0042948,1,1,1,1,1,1,0,1,0,1,1,0,0,1,0,1
0.00429481,1,1,1,1,1,1,1,1,0,1,1,0,0,1,0,1
0.00429487,0,1,1,1,0,1,0,0,0,1,1,0,0,1,0,1
0.00429491,1,1,1,1,1,1,1,0,0,1,1,0,0,1,0,1
0.00429493,1,1,1,1,0,1,1,0,0,1,1,0,0,1,0,1
0.00429494,0,1,1,1,0,1,0,0,0,1,1,0,0,1,0,1
0.00429578,1,1,1,1,0,1,1,0,0,1,1,0,0,1,0,1
0.00429579,1,1,1,1,1,1,1,0,0,1,1,0,0,1,0,1
0.0042958,1,1,1,1,1,1,1,1,0,1,1,0,0,1,0,1
0.0042968,1,1,1,1,1,1,1,0,0,1,1,0,0,1,0,1
0.00429681,0,1,1,1,0,1,0,0,0,1,1,0,0,1,0,1
0.00429685,1,1,1,1,0,1,1,0,0,1,1,0,0,1,0,1
0.00429687,0,1,1,1,0,1,0,0,0,1,1,0,0,1,0,1
0.00429784,1,1,1,1,1,1,1,1,0,1,1,0,0,1,0,1
0.00429785,0,0,1,0,1,0,0,0,0,1,1,0,0,1,0,1
0.0042979,1,0,1,0,1,0,1,0,0,1,1,0,0,1,0,1
0.00429791,0,0,1,0,1,0,0,0,0,1,1,0,0,1,0,1
0.00429817,0,0,1,0,1,0,0,0,0,0,1,0,0,0,0,0
0.00429819,0,0,1,0,1,0,0,0,0,0,1,0,1,0,0,0
0.00429825,0,0,1,0,1,0,0,0,0,0,0,0,1,0,0,0
0.00429826,0,0,1,0,1,0,0,0,0,0,1,0,1,0,0,0
0.0042987,1,1,1,0,1,0,0,0,0,0,1,0,1,0,0,0
0.00429871,0,1,1,0,1,0,0,0,0,0,1,0,1,0,0,0
0.00429872,1,1,1,0,1,1,1,1,0,0,1,0,1,0,0,0
0.00429873,1,1,1,1,1,1,1,1,0,0,1,0,1,0,0,0
0.00429975,0,0,0,0,0,0,0,1,0,0,1,0,1,0,0,0
0.0042998,0,0,1,1,0,1,1,1,0,0,1,0,1,0,0,0
0.00429981,1,1,1,1,0,1,1,1,0,0,1,0,1,0,0,0
0.00429982,0,0,1,1,0,1,1,1,0,0,1,0,1,0,0,0
0.00429983,0,0,0,0,0,0,0,1,0,0,1,0,1,0,0,0
0.00430066,1,0,0,0,0,0,0,1,0,0,1,0,1,0,0,0
0.00430067,0,1,0,0,0,0,0,1,0,0,1,0,1,0,0,0
0.00430068,1,1,1,1,1,1,0,1,0,0,1,0,1,0,0,0
0.00430069,1,1,1,1,1,1,1,1,0,0,1,0,1,0,0,0
0.00430072,1,1,1,1,1,1,1,0,0,0,1,0,1,0,0,0
0.00430073,1,1,0,0,1,0,0,0,0,0,1,0,1,0,0,0
0.00430077,1,1,1,1,1,1,1,0,0,0,1,0,1,0,0,0
0.0043008,1,1,1,1,1,1,0,0,0,0,1,0,1,0,0,0
0.00430081,1,1,1,0,1,0,0,0,0,0,1,0,1,0,0,0
0.00430082,1,1,0,0,1,0,0,0,0,0,1,0,1,0,0,0
0.00430084,1,1,1,0,1,0,0,0,0,0,1,0,1,0,0,0
0.00430085,1,1,1,1,1,1,0,0,0,0,1,0,1,0,0,0
0.00430087,1,1,1,0,1,0,0,0,0,0,1,0,1,0,0,0
0.0043011,1,1,1,0,1,0,0,0,0,0,0,0,1,0,0,0
0.00430111,1,1,0,0,1,0,0,0,1,1,0,0,1,0,0,0
0.00430115,1,1,1,0,1,0,0,0,1,1,0,0,1,0,0,0
0.00430117,1,1,1,0,1,0,0,0,1,0,0,0,0,0,0,0
0.00430118,1,1,0,0,1,0,0,0,0,1,0,0,1,0,0,0
0.00430119,1,1,0,0,1,0,0,0,1,1,0,0,1,0,0,0
0.00430122,1,1,1,0,1,0,0,0,1,1,0,0,1,0,0,0
0.00430125,1,1,0,0,1,0,0,0,1,1,0,0,1,0,0,0
0.0043013,1,1,1,0,1,0,0,0,1,1,0,0,1,0,0,0
0.00430132,1,1,0,0,1,0,0,0,1,1,0,0,1,0,0,0
0.00430163,1,1,1,1,1,0,0,0,1,1,0,0,1,0,0,0
0.00430164,1,1,1,0,1,0,0,0,1,1,0,0,1,0,0,0
0.00430165,1,1,1,0,1,1,1,0,1,1,0,0,1,0,0,0
0.00430166,1,1,1,1,1,1,1,1,1,1,0,0,1,0,0,0
0.0043017,1,0,0,0,1,1,1,0,1,1,0,0,1,0,0,0
0.00430174,1,1,1,1,1,1,1,0,1,1,0,0,1,0,0,0
0.00430176,1,0,1,1,1,1,1,0,1,1,0,0,1,0,0,0
0.00430177,1,0,0,0,1,1,1,0,1,1,0,0,1,0,0,0
0.00430181,1,0,1,0,1,1,1,0,1,1,0,0,1,0,0,0
0.00430182,1,0,1,1,1,1,1,0,1,1,0,0,1,0,0,0
0.00430183,1,0,1,0,1,1,1,0,1,1,0,0,1,0,0,0
0.00430184,1,0,0,0,1,1,1,0,1,1,0,0,1,0,0,0
0.0043026,1,1,0,0,1,1,1,0,1,1,0,0,1,0,0,0
0.00430262,1,1,1,1,1,1,1,0,1,1,0,0,1,0,0,0
0.00430263,1,0,1,1,1,1,1,1,1,1,0,0,1,0,0,0
0.00430264,1,1,1,1,1,1,1,1,1,1,0,0,1,0,0,0
0.00430268,1,1,1,1,1,0,0,1,1,1,0,0,1,0,0,0
0.00430269,0,1,0,0,1,0,0,0,1,1,0,0,1,0,0,0
0.00430272,0,1,1,0,1,0,0,0,1,1,0,0,1,0,0,0
0.00430273,0,1,1,1,1,1,0,0,1,1,0,0,1,0,0,0
0.00430274,1,1,1,1,1,1,1,0,1,1,0,0,1,0,0,0
0.00430276,1,1,1,1,1,0,0,0,1,1,0,0,1,0,0,0
0.00430277,0,1,1,1,1,0,0,0,1,1,0,0,1,0,0,0
0.00430278,0,1,0,0,1,0,0,0,1,1,0,0,1,0,0,0
0.0043028,0,1,1,1,1,0,0,0,1,1,0,0,1,0,0,0
0.00430286,0,1,1,0,1,0,0,0,1,1,0,0,1,0,0,0
0.00430288,0,1,1,1,1,0,0,0,1,1,0,0,1,0,0,0
0.004303,0,1,1,0,1,0,0,0,1,1,0,0,1,0,0,0
0.00430302,0,1,1,1,1,0,0,0,1,1,0,0,1,0,0,0
0.00430305,0,1,1,1,1,0,0,0,0,1,0,0,1,0,0,0
0.00430307,0,1,1,0,1,0,0,0,0,1,0,0,1,0,0,0
0.00430311,0,1,1,1,1,0,0,0,0,1,0,0,1,0,0,0
0.00430313,0,1,1,1,1,0,0,0,0,0,0,0,0,0,0,0
0.00430314,0,1,1,0,1,0,0,0,0,1,0,0,1,0,0,0
0.00430319,0,1,1,1,1,0,0,0,0,1,0,0,1,0,0,0
0.00430321,0,1,1,0,1,0,0,0,0,1,0,0,1,0,0,0
0.00430354,0,1,0,0,1,0,0,0,0,1,0,0,1,0,0,0
0.00430356,0,1,1,0,1,0,0,0,0,1,0,0,1,0,0,0
0.00430358,1,1,0,0,1,0,0,0,0,1,0,0,1,0,0,0
0.00430359,1,1,1,1,1,0,0,0,0,1,0,0,1,0,0,0
0.00430361,1,1,1,1,1,1,0,0,0,1,0,0,1,0,0,0
0.00430363,1,1,1,1,1,1,1,1,0,1,0,0,1,0,0,0
0.00430364,1,1,1,0,1,1,1,1,0,1,0,0,1,0,0,0
0.00430365,1,1,0,0,1,1,0,0,0,1,0,0,1,0,0,0
0.00430369,1,1,1,1,1,1,1,0,0,1,0,0,1,0,0,0
0.00430371,1,1,1,1,1,1,0,0,0,1,0,0,1,0,0,0
0.00430372,1,1,0,0,1,1,0,0,0,1,0,0,1,0,0,0
0.00430376,1,1,1,0,1,1,0,0,0,1,0,0,1,0,0,0
0.00430379,1,1,0,0,1,1,0,0,0,1,0,0,1,0,0,0
0.00430405,1,1,1,0,1,1,0,0,0,1,0,0,1,0,0,0
0.00430406,1,1,0,0,1,1,0,0,0,1,0,0,1,0,0,0
0.00430456,1,1,1,0,1,1,0,0,0,1,0,0,1,0,0,0
0.00430457,1,1,1,0,1,1,1,0,0,1,0,0,1,0,0,0
0.00430458,1,1,0,1,1,1,1,1,0,1,0,0,1,0,0,0
0.00430459,1,1,1,1,1,1,1,1,0,1,0,0,1,0,0,0
0.00430464,1,0,0,0,1,0,0,0,0,1,0,0,1,0,0,0
0.00430468,1,1,1,1,1,1,1,0,0,1,0,0,1,0,0,0
0.00430469,1,1,1,1,1,1,1,1,0,1,0,0,1,0,0,0
0.00430471,1,1,1,1,1,0,1,0,0,1,0,0,1,0,0,0
0.00430472,1,0,1,1,1,0,0,0,0,1,0,0,1,0,0,0
0.00430473,1,0,0,0,1,0,0,0,0,1,0,0,1,0,0,0
0.00430475,1,0,1,0,1,0,0,0,0,1,0,0,1,0,0,0
0.00430476,1,0,1,1,1,0,0,0,0,1,0,0,1,0,0,0
0.0043048,1,0,1,0,1,0,0,0,0,1,0,0,1,0,0,0
0.00430484,1,0,1,1,1,0,0,0,0,1,0,0,1,0,0,0
0.00430488,1,0,1,0,1,0,0,0,0,1,0,0,1,0,0,0
0.004305,1,0,1,0,1,0,0,0,0,0,0,0,1,0,0,0
0.00430502,1,0,1,0,1,0,0,0,1,0,0,0,1,0,0,0
0.00430506,1,0,1,1,1,0,0,0,1,0,0,0,1,0,0,0
0.00430507,1,0,1,0,1,0,0,0,1,0,0,0,1,0,0,0
0.00430508,1,0,1,0,1,0,0,0,0,0,0,0,0,0,0,0
0.00430509,1,0,1,0,1,0,0,0,1,0,0,0,1,0,0,0
0.00430512,1,0,0,0,1,0,0,0,1,0,0,0,1,0,0,0
0.00430513,1,0,1,0,1,0,0,0,1,0,0,0,1,0,0,0
0.00430514,1,0,1,1,1,0,0,0,1,0,0,0,1,0,0,0
0.00430515,1,0,1,0,1,0,0,0,1,0,0,0,1,0,0,0
0.00430518,1,0,0,0,1,0,0,0,1,0,0,0,1,0,0,0
0.00430519,1,0,1,0,1,0,0,0,1,0,0,0,1,0,0,0
0.00430526,1,0,0,0,1,0,0,0,1,0,0,0,1,0,0,0
0.00430527,1,0,1,0,1,0,0,0,1,0,0,0,1,0,0,0
0.0043053,1,0,0,0,1,0,0,0,1,0,0,0,1,0,0,0
0.00430531,1,0,1,0,1,0,0,0,1,0,0,0,1,0,0,0
0.00430532,1,0,0,0,1,0,0,0,1,0,0,0,1,0,0,0
0.00430537,1,0,1,0,1,0,0,0,1,0,0,0,1,0,0,0
0.00430538,1,0,0,0,1,0,0,0,1,0,0,0,1,0,0,0
0.00430553,1,0,1,1,1,0,0,0,1,0,0,0,1,0,0,0
0.00430554,1,1,1,1,1,0,0,0,1,0,0,0,1,0,0,0
0.00430555,1,1,1,1,1,1,1,1,1,0,0,0,1,0,0,0
0.00430561,0,0,1,1,1,0,1,0,1,0,0,0,1,0,0,0
0.00430565,1,1,1,1,1,1,1,1,1,0,0,0,1,0,0,0
0.00430567,0,1,1,1,1,0,1,0,1,0,0,0,1,0,0,0
0.00430568,0,0,1,1,1,0,1,0,1,0,0,0,1,0,0,0
0.00430651,1,1,1,1,1,0,1,0,1,0,0,0,1,0,0,0
0.00430653,1,1,1,1,1,1,1,1,1,0,0,0,1,0,0,0
0.00430654,1,0,1,1,1,1,1,1,1,0,0,0,1,0,0,0
0.00430655,1,1,1,1,1,1,1,1,1,0,0,0,1,0,0,0
0.00430658,1,1,1,1,1,1,1,0,1,0,0,0,1,0,0,0
0.00430659,1,1,1,1,1,1,0,0,1,0,0,0,1,0,0,0
0.00430663,1,1,1,1,1,1,1,1,1,0,0,0,1,0,0,0
0.00430664,1,1,1,1,1,1,0,0,1,0,0,0,1,0,0,0
0.00430696,1,1,1,1,1,1,0,0,1,1,1,1,1,1,0,0
0.00430706,1,1,1,1,1,1,1,1,1,1,1,1,1,1,0,0
0.00430707,1,1,1,1,1,1,1,1,1,1,1,1,1,1,1,0
0.00430708,1,1,1,1,1,1,0,0,1,1,1,1,1,1,0,0
0.00430751,1,1,1,1,1,1,1,0,1,1,1,1,1,1,0,0
0.00430753,1,1,1,1,1,1,1,1,1,1,1,1,1,1,0,0
0.00430756,0,0,0,0,1,0,1,0,1,1,1,1,1,1,0,0
0.0043076,0,0,0,0,1,1,1,1,1,1,1,1,1,1,0,0
0.00430761,1,1,1,1,1,1,1,1,1,1,1,1,1,1,0,0
0.00430763,0,0,0,0,1,1,1,1,1,1,1,1,1,1,0,0
0.00430764,0,0,0,0,1,0,1,0,1,1,1,1,1,1,0,0
0.00430769,0,0,0,0,1,1,1,0,1,1,1,1,1,1,0,0
0.0043077,0,0,0,0,1,0,1,0,1,1,1,1,1,1,0,0
0.00430847,1,1,1,1,1,0,1,0,1,1,1,1,1,1,0,0
0.00430848,1,1,1,1,1,0,1,1,1,1,1,1,1,1,0,0
0.00430849,1,1,1,1,1,1,1,1,1,1,1,1,1,1,0,0
0.00430853,1,1,1,1,0,1,1,1,1,1,1,1,1,1,0,0
0.00430854,0,0,0,0,0,0,0,1,1,1,1,1,1,1,0,0
0.00430858,1,1,1,1,0,1,0,1,1,1,1,1,1,1,0,0
0.0043086,1,1,1,1,0,1,1,1,1,1,1,1,1,1,0,0
0.00430861,1,1,1,1,0,1,0,1,1,1,1,1,1,1,0,0
0.00430862,1,0,1,1,0,1,0,1,1,1,1,1,1,1,0,0
0.00430863,0,0,0,0,0,0,0,1,1,1,1,1,1,1,0,0
0.00430866,0,0,1,1,0,1,0,1,1,1,1,1,1,1,0,0
0.0043087,0,0,1,0,0,1,0,1,1,1,1,1,1,1,0,0
0.00430871,0,0,1,0,0,0,0,1,1,1,1,1,1,1,0,0
0.00430872,0,0,0,0,0,0,0,1,1,1,1,1,1,1,0,0
0.00430874,0,0,1,0,0,1,0,1,1,1,1,1,1,1,0,0
0.00430879,0,0,1,0,0,0,0,1,1,1,1,1,1,1,0,0
0.00430884,0,0,1,0,0,1,0,1,1,1,1,1,1,1,0,0
0.00430885,0,0,1,0,0,0,0,1,1,1,1,1,1,1,0,0
0.00430886,0,0,0,0,0,0,0,1,1,1,1,1,1,1,0,0
0.00430889,0,0,1,0,0,0,0,1,1,1,1,1,1,1,0,0
0.00430893,0,0,0,0,0,0,0,1,1,1,1,1,1,1,0,0
0.00430898,0,0,1,0,0,0,0,1,1,1,1,1,1,1,0,0
0.00430899,0,0,0,0,0,0,0,1,1,1,1,1,1,1,0,0
0.00430944,1,0,1,0,0,0,0,1,1,1,1,1,1,1,0,0
0.00430945,1,1,1,1,0,0,0,1,1,1,1,1,1,1,0,0
0.00430946,0,1,1,1,0,1,1,1,1,1,1,1,1,1,0,0
0.00430947,1,1,1,1,1,1,1,1,1,1,1,1,1,1,0,0
0.00430951,1,0,1,0,0,1,1,0,1,1,1,1,1,1,0,0
0.00430952,1,0,0,0,0,0,1,0,1,1,1,1,1,1,0,0
0.00430953,0,0,0,0,0,0,1,0,1,1,1,1,1,1,0,0
0.00430955,0,0,0,0,0,1,1,0,1,1,1,1,1,1,0,0
0.00430957,0,1,1,1,0,1,1,0,1,1,1,1,1,1,0,0
0.0043096,0,0,0,0,0,1,1,0,1,1,1,1,1,1,0,0
0.00430961,0,0,0,0,0,0,1,0,1,1,1,1,1,1,0,0
0.00430964,0,0,0,0,0,1,1,0,1,1,1,1,1,1,0,0
0.00430965,0,0,1,0,0,1,1,0,1,1,1,1,1,1,0,0
0.00430968,0,0,0,0,0,1,1,0,1,1,1,1,1,1,0,0
0.00430969,0,0,0,0,0,0,1,0,1,1,1,1,1,1,0,0
0.00430972,0,0,0,0,0,1,1,0,1,1,1,1,1,1,0,0
0.00430977,0,0,0,0,0,0,1,0,1,1,1,1,1,1,0,0
0.0043098,0,0,0,0,0,1,1,0,1,1,1,1,1,1,0,0
0.00430981,0,0,0,0,0,0,1,0,1,1,1,1,1,1,0,0
0.00431042,0,0,1,1,0,1,1,0,1,1,1,1,1,1,0,0
0.00431043,1,1,1,1,0,1,1,1,1,1,1,1,1,1,0,0
0.00431044,0,0,1,1,0,1,1,0,1,1,1,1,1,1,0,0
0.00431045,0,0,0,0,0,0,1,0,1,1,1,1,1,1,0,0
0.00431048,1,0,0,0,1,0,1,0,1,1,1,1,1,1,0,0
0.0043105,1,0,1,1,1,1,1,0,1,1,1,1,1,1,0,0
0.00431051,1,1,1,1,1,1,1,1,1,1,1,1,1,1,0,0
0.00431052,1,1,1,1,1,1,1,0,1,1,1,1,1,1,0,0
0.00431053,1,0,0,0,1,0,1,0,1,1,1,1,1,1,0,0
0.00431139,1,1,1,1,1,0,1,0,1,1,1,1,1,1,0,0
0.00431141,1,1,1,1,1,1,1,1,1,1,1,1,1,1,0,0
0.00431147,0,0,0,0,0,0,0,1,1,1,1,1,1,1,0,0
0.00431151,0,1,1,1,0,1,0,1,1,1,1,1,1,1,0,0
0.00431153,1,1,1,1,0,1,1,1,1,1,1,1,1,1,0,0
0.00431155,1,1,1,1,0,1,0,1,1,1,1,1,1,1,0,0
0.00431156,0,0,0,0,0,0,0,1,1,1,1,1,1,1,0,0
0.00431159,0,0,1,1,0,1,0,1,1,1,1,1,1,1,0,0
0.00431165,0,0,1,0,0,0,0,1,1,1,1,1,1,1,0,0
0.00431167,0,0,1,1,0,0,0,1,1,1,1,1,1,1,0,0
0.00431168,0,0,1,1,0,1,0,1,1,1,1,1,1,1,0,0
0.00431172,0,0,1,1,0,0,0,1,1,1,1,1,1,1,0,0
0.00431173,0,0,1,0,0,0,0,1,1,1,1,1,1,1,0,0
0.00431175,0,0,1,1,0,0,0,1,1,1,1,1,1,1,0,0
0.00431177,0,0,1,0,0,0,0,1,1,1,1,1,1,1,0,0
0.00431182,0,0,1,1,0,1,0,1,1,1,1,1,1,1,0,0
0.00431183,0,0,1,0,0,0,0,1,1,1,1,1,1,1,0,0
0.004312,0,0,0,0,0,0,0,1,1,1,1,1,1,1,0,0
0.00431201,0,0,1,0,0,0,0,1,1,1,1,1,1,1,0,0
0.00431204,0,0,0,0,0,0,0,1,1,1,1,1,1,1,0,0
0.00431206,0,0,1,0,0,0,0,1,1,1,1,1,1,1,0,0
0.00431207,0,0,0,0,0,0,0,1,1,1,1,1,1,1,0,0
0.00431236,0,0,1,1,1,0,0,1,1,1,1,1,1,1,0,0
0.00431237,1,1,1,1,1,1,0,1,1,1,1,1,1,1,0,0
0.00431238,1,1,0,0,0,1,1,1,1,1,1,1,1,1,0,0
0.00431239,1,1,1,1,1,1,1,1,1,1,1,1,1,1,0,0
0.00431243,1,1,1,1,1,1,1,0,1,1,1,1,1,1,0,0
0.00431244,0,0,0,0,0,0,0,0,1,1,1,1,1,1,0,0
0.00431245,0,0,0,0,0,0,0,1,1,1,1,1,1,1,0,0
0.00431249,1,0,1,1,0,0,0,1,1,1,1,1,1,1,0,0
0.0043125,1,1,1,1,0,1,1,1,1,1,1,1,1,1,0,0
0.00431252,0,0,1,0,0,0,0,1,1,1,1,1,1,1,0,0
0.00431253,0,0,0,0,0,0,0,1,1,1,1,1,1,1,0,0
0.00431258,0,0,1,0,0,0,0,1,1,1,1,1,1,1,0,0
0.0043126,0,0,0,0,0,0,0,1,1,1,1,1,1,1,0,0
0.00431336,1,1,1,1,0,1,1,1,1,1,1,1,1,1,0,0
0.00431337,1,1,1,1,1,1,1,1,1,1,1,1,1,1,0,0
0.0043134,1,0,1,1,0,0,1,1,1,1,1,1,1,1,0,0
0.00431341,0,0,0,0,0,0,0,1,1,1,1,1,1,1,0,0
0.00431346,1,0,1,0,0,0,0,1,1,1,1,1,1,1,0,0
0.00431347,0,0,0,0,0,0,0,1,1,1,1,1,1,1,0,0
0.00431436,0,0,0,0,0,0,1,0,1,1,1,1,1,1,0,0
0.00431437,1,0,1,0,0,0,1,0,1,1,1,1,1,1,0,0
0.00431438,0,0,0,0,0,0,1,0,1,1,1,1,1,1,0,0
0.0043153,0,0,0,1,0,0,1,0,1,1,1,1,1,1,0,0
0.00431531,0,0,1,1,0,0,1,0,1,1,1,1,1,1,0,0
0.00431532,0,0,1,1,1,0,1,0,1,1,1,1,1,1,0,0
0.00431534,1,0,1,1,1,1,1,0,1,1,1,1,1,1,0,0
0.00431536,0,0,1,1,1,0,1,0,1,1,1,1,1,1,0,0
0.00431634,1,0,1,1,1,0,1,0,1,1,1,1,1,1,0,0
0.00431635,1,1,1,1,1,1,1,0,1,1,1,1,1,1,0,0
0.00431636,1,1,0,0,0,1,1,1,1,1,1,1,1,1,0,0
0.00431637,1,0,0,0,0,0,0,0,1,1,1,1,1,1,0,0
0.00431638,1,0,0,0,0,1,0,0,1,1,1,1,1,1,0,0
0.00431639,1,0,0,0,0,1,1,0,1,1,1,1,1,1,0,0
0.00431641,1,1,1,1,1,1,0,0,1,1,1,1,1,1,0,0
0.00431642,1,0,0,0,0,1,0,0,1,1,1,1,1,1,0,0
0.00431672,1,0,0,0,0,1,0,0,1,0,0,0,0,1,0,0
0.00431725,1,1,1,1,0,1,0,0,1,0,0,0,0,1,0,0
0.00431727,1,1,1,1,1,1,1,1,1,0,0,0,0,1,0,0
0.00431732,1,1,1,1,1,0,1,0,1,0,0,0,0,1,0,0
0.00431733,0,0,0,0,0,0,1,0,1,0,0,0,0,1,0,0
0.00431738,1,1,1,1,0,0,1,0,1,0,0,0,0,1,0,0
0.0043174,1,0,1,1,0,0,1,0,1,0,0,0,0,1,0,0
0.00431741,0,0,1,0,0,0,1,0,1,0,0,0,0,1,0,0
0.00431742,0,0,0,0,0,0,1,0,1,0,0,0,0,1,0,0
0.00431746,0,0,1,0,0,0,1,0,1,0,0,0,0,1,0,0
0.00431749,0,0,0,0,0,0,1,0,1,0,0,0,0,1,0,0
0.00431823,1,1,1,1,0,0,1,0,1,0,0,0,0,1,0,0
0.00431824,1,1,1,1,1,1,1,1,1,0,0,0,0,1,0,0
0.0043183,0,0,0,0,0,0,0,1,1,0,0,0,0,1,0,0
0.00431834,1,1,1,1,0,1,0,1,1,0,0,0,0,1,0,0
0.00431838,1,0,1,1,0,0,0,1,1,0,0,0,0,1,0,0
0.00431839,0,0,0,0,0,0,0,1,1,0,0,0,0,1,0,0
0.00431842,0,0,1,0,0,0,0,1,1,0,0,0,0,1,0,0
0.00431843,1,0,1,1,0,0,0,1,1,0,0,0,0,1,0,0
0.00431846,0,0,1,0,0,0,0,1,1,0,0,0,0,1,0,0
0.00431847,0,0,0,0,0,0,0,1,1,0,0,0,0,1,0,0
0.0043185,0,0,1,0,0,0,0,1,1,0,0,0,0,1,0,0
0.00431856,0,0,0,0,0,0,0,1,1,0,0,0,0,1,0,0
0.00431858,0,0,1,0,0,0,0,1,1,0,0,0,0,1,0,0
0.00431863,0,0,0,0,0,0,0,1,1,0,0,0,0,1,0,0
0.00431866,0,0,1,0,0,0,0,1,1,0,0,0,0,1,0,0
0.00431867,0,0,0,0,0,0,0,1,1,0,0,0,0,1,0,0
0.00431868,0,0,1,0,0,0,0,1,1,0,0,0,0,1,0,0
0.00431869,0,0,0,0,0,0,0,1,1,0,0,0,0,1,0,0
0.0043192,0,1,1,1,0,0,0,1,1,0,0,0,0,1,0,0
0.00431922,1,1,1,1,0,0,0,1,1,0,0,0,0,1,0,0
0.00431923,1,1,1,1,1,1,1,1,1,0,0,0,0,1,0,0
0.00431929,0,0,1,1,1,0,1,0,1,0,0,0,0,1,0,0
0.00431933,1,1,1,1,1,1,1,0,1,0,0,0,0,1,0,0
0.00431935,1,0,1,1,1,1,1,0,1,0,0,0,0,1,0,0
0.00431936,0,0,1,1,1,0,1,0,1,0,0,0,0,1,0,0
0.00432024,1,1,1,1,1,0,1,0,1,0,0,0,0,1,0,0
0.00432025,1,1,1,1,1,1,1,1,1,0,0,0,0,1,0,0
0.0043203,0,1,0,0,1,0,1,1,1,0,0,0,0,1,0,0
0.00432034,1,1,1,0,1,1,1,1,1,0,0,0,0,1,0,0
0.00432035,1,1,1,1,1,1,1,1,1,0,0,0,0,1,0,0
0.00432036,1,1,1,0,1,0,1,1,1,0,0,0,0,1,0,0
0.00432037,0,1,0,0,1,0,1,1,1,0,0,0,0,1,0,0
0.00432063,0,1,0,0,1,0,1,1,0,1,0,0,0,0,0,0
0.00432064,0,1,0,0,1,0,1,1,0,1,0,0,1,0,1,1
0.00432116,0,1,1,1,1,0,1,1,0,1,0,0,1,0,1,1
0.00432117,1,1,1,1,1,1,1,1,0,1,0,0,1,0,1,1
0.00432118,1,1,1,1,1,0,1,1,0,1,0,0,1,0,1,1
0.00432119,1,1,1,1,1,1,1,1,0,1,0,0,1,0,1,1
0.00432122,1,0,1,1,1,1,1,0,0,1,0,0,1,0,1,1
0.00432123,0,0,1,1,1,0,1,0,0,1,0,0,1,0,1,1
0.00432127,1,1,1,1,1,1,1,0,0,1,0,0,1,0,1,1
0.00432128,1,0,1,1,1,0,1,0,0,1,0,0,1,0,1,1
0.00432129,0,0,1,1,1,0,1,0,0,1,0,0,1,0,1,1
0.00432215,1,1,1,1,1,0,1,0,0,1,0,0,1,0,1,1
0.00432216,1,1,1,1,1,1,1,0,0,1,0,0,1,0,1,1
0.00432218,1,1,1,1,1,1,1,1,0,1,0,0,1,0,1,1
0.00432312,0,0,0,0,0,0,0,0,0,1,0,0,1,0,1,1
0.00432317,0,0,1,0,0,1,0,0,0,1,0,0,1,0,1,1
0.00432318,0,0,0,0,0,0,0,0,0,1,0,0,1,0,1,1
0.00432408,1,0,1,0,0,1,0,0,0,1,0,0,1,0,1,1
0.00432409,0,0,1,0,0,0,0,0,0,1,0,0,1,0,1,1
0.0043241,0,0,0,0,0,0,0,0,0,1,0,0,1,0,1,1
0.00432412,0,0,1,1,1,0,0,0,0,1,0,0,1,0,1,1
0.00432413,0,0,1,1,1,0,1,0,0,1,0,0,1,0,1,1
0.00432414,1,1,1,1,1,1,1,1,0,1,0,0,1,0,1,1
0.0043242,1,1,1,0,1,1,0,0,0,1,0,0,1,0,1,1
0.00432421,0,1,0,0,1,1,0,0,0,1,0,0,1,0,1,1
0.00432425,1,1,1,1,1,1,0,0,0,1,0,0,1,0,1,1
0.00432426,1,1,1,1,1,1,1,0,0,1,0,0,1,0,1,1
0.00432427,0,1,1,0,1,1,0,0,0,1,0,0,1,0,1,1
0.00432428,0,1,0,0,1,1,0,0,0,1,0,0,1,0,1,1
0.00432453,0,1,0,0,1,1,0,0,0,1,0,0,1,0,0,0
0.00432455,0,1,0,0,1,1,0,0,0,1,0,0,1,1,0,0
0.00432506,0,1,1,0,1,1,0,0,0,1,0,0,1,1,0,0
0.00432507,1,1,1,1,1,1,0,0,0,1,0,0,1,1,0,0
0.00432508,1,1,1,1,1,1,1,1,0,1,0,0,1,1,0,0
0.00432513,1,1,1,1,1,0,1,0,0,1,0,0,1,1,0,0
0.00432514,0,1,1,0,1,0,1,0,0,1,0,0,1,1,0,0
0.00432518,1,1,1,1,1,1,1,1,0,1,0,0,1,1,0,0
0.00432519,1,1,1,1,1,0,1,0,0,1,0,0,1,1,0,0
0.0043252,0,1,1,0,1,0,1,0,0,1,0,0,1,1,0,0
0.00432604,1,1,1,1,1,0,1,0,0,1,0,0,1,1,0,0
0.00432606,1,1,1,1,1,1,1,1,0,1,0,0,1,1,0,0
0.00432611,1,1,1,1,0,0,0,0,0,1,0,0,1,1,0,0
0.00432612,1,1,0,1,0,0,0,0,0,1,0,0,1,1,0,0
0.00432616,1,1,1,1,0,1,0,0,0,1,0,0,1,1,0,0
0.00432618,1,1,1,1,0,0,0,0,0,1,0,0,1,1,0,0
0.00432619,1,1,0,1,0,0,0,0,0,1,0,0,1,1,0,0
0.00432703,1,1,1,1,0,1,0,0,0,1,0,0,1,1,0,0
0.00432704,1,1,1,1,1,1,1,1,0,1,0,0,1,1,0,0
0.00432802,1,1,0,1,1,0,0,0,0,1,0,0,1,1,0,0
0.00432803,0,0,0,1,1,0,0,0,0,1,0,0,1,1,0,0
0.00432804,0,0,0,1,1,0,1,0,0,1,0,0,1,1,0,0
0.00432806,1,1,1,1,1,1,1,0,0,1,0,0,1,1,0,0
0.00432807,1,1,1,1,1,1,1,1,0,1,0,0,1,1,0,0
0.00432812,1,1,1,1,1,1,1,0,0,1,0,0,1,1,0,0
0.00432813,0,1,0,0,1,0,0,0,0,1,0,0,1,1,0,0
0.00432818,1,1,1,0,1,0,0,0,0,1,0,0,1,1,0,0
0.00432821,1,1,0,0,1,0,0,0,0,1,0,0,1,1,0,0
0.00432822,0,1,0,0,1,0,0,0,0,1,0,0,1,1,0,0
0.00432826,1,1,0,0,1,0,0,0,0,1,0,0,1,1,0,0
0.00432829,0,1,0,0,1,0,0,0,0,1,0,0,1,1,0,0
0.00432844,0,1,0,0,1,0,0,0,0,1,0,0,1,0,0,0
0.00432899,1,1,1,1,1,0,0,0,0,1,0,0,1,0,0,0
0.004329,1,1,1,1,1,1,1,1,0,1,0,0,1,0,0,0
0.00432904,1,1,1,1,1,1,1,0,0,1,0,0,1,0,0,0
0.00432905,1,1,1,1,0,0,0,0,0,1,0,0,1,0,0,0
0.00432909,1,1,1,1,0,1,0,0,0,1,0,0,1,0,0,0
0.0043291,1,1,1,1,0,1,1,0,0,1,0,0,1,0,0,0
0.00432911,1,1,1,1,0,0,0,0,0,1,0,0,1,0,0,0
0.00432996,1,1,1,1,1,1,0,0,0,1,0,0,1,0,0,0
0.00432997,1,1,1,1,1,1,1,1,0,1,0,0,1,0,0,0
0.00433002,1,0,0,0,1,0,0,0,0,1,0,0,1,0,0,0
0.00433006,1,0,1,1,1,1,0,0,0,1,0,0,1,0,0,0
0.00433007,1,1,1,1,1,1,1,0,0,1,0,0,1,0,0,0
0.0043301,1,0,1,0,1,0,0,0,0,1,0,0,1,0,0,0
0.00433011,1,0,0,0,1,0,0,0,0,1,0,0,1,0,0,0
0.00433014,1,0,1,0,1,0,0,0,0,1,0,0,1,0,0,0
0.00433015,1,0,1,1,1,0,0,0,0,1,0,0,1,0,0,0
0.00433017,1,0,1,0,1,0,0,0,0,1,0,0,1,0,0,0
0.00433018,1,0,0,0,1,0,0,0,0,1,0,0,1,0,0,0
0.00433023,1,0,1,0,1,0,0,0,0,1,0,0,1,0,0,0
0.00433025,1,0,0,0,1,0,0,0,0,1,0,0,1,0,0,0
0.00433032,1,0,1,0,1,0,0,0,0,1,0,0,1,0,0,0
0.00433033,1,0,0,0,1,0,0,0,0,1,0,0,1,0,0,0
0.00433039,1,0,1,0,1,0,0,0,0,0,0,0,1,0,0,0
0.0043304,1,0,0,0,1,0,0,0,1,0,0,0,1,0,0,0
0.00433045,1,0,1,0,1,0,0,0,1,0,0,0,1,0,0,0
0.00433046,1,0,1,0,1,0,0,0,1,0,0,0,0,0,0,0
0.00433047,1,0,0,0,1,0,0,0,0,0,0,0,1,0,0,0
0.00433048,1,0,0,0,1,0,0,0,1,0,0,0,1,0,0,0
0.00433052,1,0,1,0,1,0,0,0,1,0,0,0,1,0,0,0
0.00433055,1,0,0,0,1,0,0,0,1,0,0,0,1,0,0,0
0.00433092,1,1,1,1,1,0,0,0,1,0,0,0,1,0,0,0
0.00433094,1,1,1,1,1,1,1,1,1,0,0,0,1,0,0,0
0.004331,0,0,0,0,1,1,1,1,1,0,0,0,1,0,0,0
0.00433104,1,1,1,1,1,1,1,1,1,0,0,0,1,0,0,0
0.00433106,0,1,1,1,1,1,1,1,1,0,0,0,1,0,0,0
0.00433107,0,0,0,0,1,1,1,1,1,0,0,0,1,0,0,0
0.00433112,0,0,1,1,1,1,1,1,1,0,0,0,1,0,0,0
0.00433113,0,0,1,0,1,1,1,1,1,0,0,0,1,0,0,0
0.00433114,0,0,0,0,1,1,1,1,1,0,0,0,1,0,0,0
0.0043319,1,0,1,0,1,1,1,1,1,0,0,0,1,0,0,0
0.00433191,1,0,1,1,1,1,1,1,1,0,0,0,1,0,0,0
0.00433192,1,1,1,1,1,1,1,1,1,0,0,0,1,0,0,0
0.00433196,1,1,1,1,0,0,1,0,1,0,0,0,1,0,0,0
0.00433197,0,0,0,0,0,0,1,0,1,0,0,0,1,0,0,0
0.004332,0,1,1,1,0,1,1,0,1,0,0,0,1,0,0,0
0.00433201,1,1,1,1,0,1,1,0,1,0,0,0,1,0,0,0
0.00433203,1,1,1,1,0,1,1,1,1,0,0,0,1,0,0,0
0.00433204,1,1,1,1,0,1,1,0,1,0,0,0,1,0,0,0
0.00433205,0,0,1,1,0,0,1,0,1,0,0,0,1,0,0,0
0.00433206,0,0,0,0,0,0,1,0,1,0,0,0,1,0,0,0
0.00433208,0,0,1,1,0,0,1,0,1,0,0,0,1,0,0,0
0.00433209,0,1,1,1,0,1,1,0,1,0,0,0,1,0,0,0
0.0043321,1,1,1,1,0,1,1,0,1,0,0,0,1,0,0,0
0.00433212,0,1,1,1,0,0,1,0,1,0,0,0,1,0,0,0
0.00433213,0,0,1,1,0,0,1,0,1,0,0,0,1,0,0,0
0.0043323,0,0,1,0,0,0,1,0,1,0,0,0,1,0,0,0
0.00433231,0,0,1,1,0,0,1,0,1,0,0,0,1,0,0,0
0.00433234,0,0,1,1,0,0,1,0,0,0,0,0,0,0,0,0
0.00433235,0,0,1,1,0,0,1,0,0,0,0,0,0,0,1,0
0.00433237,0,0,1,0,0,0,1,0,0,0,0,0,0,0,1,0
0.0043324,0,0,1,1,0,0,1,0,0,0,0,0,0,0,1,0
0.00433242,0,0,1,1,0,0,1,0,0,0,0,0,0,0,0,0
0.00433243,0,0,0,0,1,1,1,1,0,0,0,0,0,0,1,0
0.00433244,0,0,0,0,1,1,1,1,0,0,0,0,1,1,1,1
0.00433245,1,1,1,1,1,1,1,1,0,0,0,0,1,1,1,1
0.00433246,1,1,1,1,0,1,1,0,0,0,0,0,0,0,1,0
0.00433247,0,0,0,0,0,0,1,0,0,0,0,0,0,0,1,0
0.00433251,1,1,1,1,0,1,1,0,0,0,0,0,0,0,1,0
0.00433252,1,1,1,1,0,1,1,1,0,0,0,0,0,0,1,0
0.00433254,1,1,1,1,0,1,1,0,0,0,0,0,0,0,1,0
0.00433255,0,0,1,0,0,0,1,0,0,0,0,0,0,0,1,0
0.00433256,0,0,0,0,0,0,1,0,0,0,0,0,0,0,1,0
0.00433259,0,0,1,1,0,0,1,0,0,0,0,0,0,0,1,0
0.00433263,0,0,1,0,0,0,1,0,0,0,0,0,0,0,1,0
0.00433264,0,0,0,0,0,0,1,0,0,0,0,0,0,0,1,0
0.00433267,0,0,1,0,0,0,1,0,0,0,0,0,0,0,1,0
0.00433272,0,0,0,0,0,0,1,0,0,0,0,0,0,0,1,0
0.00433276,0,0,1,0,0,0,1,0,0,0,0,0,0,0,1,0
0.0043328,0,0,0,0,0,0,1,0,0,0,0,0,0,0,1,0
0.00433281,0,0,1,0,0,0,1,0,0,0,0,0,0,0,1,0
0.00433282,0,0,0,0,0,0,1,0,0,0,0,0,0,0,1,0
0.00433284,0,0,1,0,0,0,1,0,0,0,0,0,0,0,1,0
0.00433285,0,0,0,0,0,0,1,0,0,0,0,0,0,0,1,0
0.00433286,1,0,1,0,0,0,1,0,0,0,0,0,0,0,1,0
0.00433287,1,1,1,1,0,1,1,0,0,0,0,0,0,0,1,0
0.00433288,1,1,1,1,0,0,0,0,0,0,0,0,0,0,1,0
0.00433289,0,0,0,0,0,0,0,0,0,0,0,0,0,0,1,0
0.00433293,1,1,1,1,0,1,0,0,0,0,0,0,0,0,1,0
0.00433296,0,0,1,1,0,0,0,0,0,0,0,0,0,0,1,0
0.00433297,0,0,0,0,0,0,0,0,0,0,0,0,0,0,1,0
0.00433301,0,0,1,0,0,0,0,0,0,0,0,0,0,0,1,0
0.00433306,0,0,0,0,0,0,0,0,0,0,0,0,0,0,1,0
0.00433384,1,1,1,1,0,1,0,0,0,0,0,0,0,0,1,0
0.00433385,0,0,1,1,0,0,0,0,0,0,0,0,0,0,1,0
0.00433386,0,0,0,0,0,0,0,0,0,0,0,0,0,0,1,0
0.00433389,1,1,1,1,1,1,1,1,0,0,0,0,0,0,1,0
0.00433392,1,1,1,1,1,1,1,0,0,0,0,0,0,0,1,0
0.00433393,1,1,1,1,1,0,1,1,0,0,0,0,0,0,1,0
0.00433394,1,1,1,1,1,1,1,1,0,0,0,0,0,0,1,0
0.00433397,0,1,1,1,1,1,1,1,0,0,0,0,0,0,1,0
0.00433398,0,1,0,0,1,1,0,0,0,0,0,0,0,0,1,0
0.00433403,1,1,1,1,1,1,0,0,0,0,0,0,0,0,1,0
0.00433404,0,1,1,1,1,1,0,0,0,0,0,0,0,0,1,0
0.00433405,0,1,0,0,1,1,0,0,0,0,0,0,0,0,1,0
0.0043343,0,1,0,0,1,1,0,0,0,1,0,0,1,0,0,0
0.00433431,0,1,0,0,1,1,0,0,0,1,0,0,1,1,0,0
0.00433483,0,1,0,1,1,1,0,0,0,1,0,0,1,1,0,0
0.00433484,0,1,0,0,1,1,0,0,0,1,0,0,1,1,0,0
0.00433485,1,1,1,1,1,1,0,0,0,1,0,0,1,1,0,0
0.00433486,1,1,1,1,1,1,1,1,0,1,0,0,1,1,0,0
0.0043349,1,0,0,1,1,0,1,0,0,1,0,0,1,1,0,0
0.00433494,1,0,1,1,1,0,1,0,0,1,0,0,1,1,0,0
0.00433495,1,1,1,1,1,1,1,1,0,1,0,0,1,1,0,0
0.00433496,1,0,1,1,1,0,1,0,0,1,0,0,1,1,0,0
0.00433497,1,0,0,1,1,0,1,0,0,1,0,0,1,1,0,0
0.0043358,1,1,1,1,1,0,1,0,0,1,0,0,1,1,0,0
0.00433582,1,1,1,1,1,1,1,1,0,1,0,0,1,1,0,0
0.00433588,1,1,0,1,0,0,0,0,0,1,0,0,1,1,0,0
0.00433592,1,1,1,1,0,1,0,0,0,1,0,0,1,1,0,0
0.00433595,1,1,0,1,0,0,0,0,0,1,0,0,1,1,0,0
0.00433679,1,1,1,1,0,1,0,0,0,1,0,0,1,1,0,0
0.0043368,1,1,1,1,0,1,1,1,0,1,0,0,1,1,0,0
0.00433681,1,1,1,1,1,1,1,1,0,1,0,0,1,1,0,0
0.0043378,0,1,1,1,1,1,1,1,0,1,0,0,1,1,0,0
0.00433781,0,0,0,1,1,0,1,0,0,1,0,0,1,1,0,0
0.00433783,0,1,0,1,1,0,1,0,0,1,0,0,1,1,0,0
0.00433785,1,1,1,1,1,1,1,1,0,1,0,0,1,1,0,0
0.00433787,0,1,1,1,1,1,1,0,0,1,0,0,1,1,0,0
0.00433789,1,1,1,0,1,1,0,0,0,1,0,0,1,1,0,0
0.0043379,0,1,0,0,1,0,0,0,0,1,0,0,1,1,0,0
0.00433794,0,1,1,0,1,1,0,0,0,1,0,0,1,1,0,0
0.00433795,0,1,1,0,1,1,0,1,0,1,0,0,1,1,0,0
0.00433796,0,1,1,0,1,1,0,0,0,1,0,0,1,1,0,0
0.00433797,0,1,0,0,1,0,0,0,0,1,0,0,1,1,0,0
0.0043382,0,1,0,0,1,0,0,0,0,1,0,0,1,0,0,0
0.00433873,1,1,1,1,1,0,0,0,0,1,0,0,1,0,0,0
0.00433874,1,1,1,1,1,1,0,1,0,1,0,0,1,0,0,0
0.00433875,1,1,1,1,1,1,1,1,0,1,0,0,1,0,0,0
0.0043388,1,1,1,1,0,0,0,0,0,1,0,0,1,0,0,0
0.00433885,1,1,1,1,0,1,0,1,0,1,0,0,1,0,0,0
0.00433886,1,1,1,1,0,1,0,0,0,1,0,0,1,0,0,0
0.00433887,1,1,1,1,0,0,0,0,0,1,0,0,1,0,0,0
0.00433972,1,1,1,1,1,1,0,0,0,1,0,0,1,0,0,0
0.00433973,1,1,1,1,1,1,1,1,0,1,0,0,1,0,0,0
0.00433978,1,0,0,0,1,0,0,0,0,1,0,0,1,0,0,0
0.00433982,1,0,0,0,1,1,0,0,0,1,0,0,1,0,0,0
0.00433983,1,1,1,0,1,1,0,0,0,1,0,0,1,0,0,0
0.00433984,1,1,1,1,1,1,1,1,0,1,0,0,1,0,0,0
0.00433985,1,1,1,0,1,1,1,0,0,1,0,0,1,0,0,0
0.00433986,1,0,1,0,1,1,0,0,0,1,0,0,1,0,0,0
0.00433987,1,0,0,0,1,0,0,0,0,1,0,0,1,0,0,0
0.00433991,1,0,1,0,1,0,0,0,0,1,0,0,1,0,0,0
0.00433994,1,0,0,0,1,0,0,0,0,1,0,0,1,0,0,0
0.00434015,1,0,0,0,1,0,0,0,0,0,0,0,1,0,0,0
0.00434017,1,0,0,0,1,0,0,0,1,0,0,0,1,0,0,0
0.00434023,1,0,0,0,1,0,0,0,0,0,0,0,0,0,0,0
0.00434024,1,0,0,0,1,0,0,0,1,0,0,0,1,0,0,0
0.00434068,1,1,1,1,1,0,0,0,1,0,0,0,1,0,0,0
0.0043407,1,1,1,1,1,1,1,1,1,0,0,0,1,0,0,0
0.00434071,1,0,1,1,1,1,1,1,1,0,0,0,1,0,0,0
0.00434072,1,1,1,1,1,1,1,1,1,0,0,0,1,0,0,0
0.00434076,1,1,1,1,1,0,0,0,1,0,0,0,1,0,0,0
0.0043408,1,1,1,1,1,1,1,1,1,0,0,0,1,0,0,0
0.00434082,1,1,1,1,1,0,0,0,1,0,0,0,1,0,0,0
0.00434169,1,1,1,1,1,1,1,1,1,0,0,0,1,0,0,0
0.00434173,0,0,0,0,0,0,1,0,1,0,0,0,1,0,0,0
0.00434177,0,1,1,1,0,1,1,0,1,0,0,0,1,0,0,0
0.00434179,1,1,1,1,0,1,1,1,1,0,0,0,1,0,0,0
0.00434181,0,1,1,1,0,1,1,0,1,0,0,0,1,0,0,0
0.00434182,0,0,1,0,0,0,1,0,1,0,0,0,1,0,0,0
0.00434183,0,0,0,0,0,0,1,0,1,0,0,0,1,0,0,0
0.00434185,0,0,1,1,0,1,1,0,1,0,0,0,1,0,0,0
0.00434186,0,1,1,1,0,1,1,0,1,0,0,0,1,0,0,0
0.0043419,0,0,1,0,0,1,1,0,1,0,0,0,1,0,0,0
0.00434193,0,0,1,1,0,1,1,0,1,0,0,0,1,0,0,0
0.00434194,0,1,1,1,0,1,1,0,1,0,0,0,1,0,0,0
0.00434197,0,0,1,1,0,1,1,0,1,0,0,0,1,0,0,0
0.00434204,0,1,1,1,0,1,1,0,1,0,0,0,1,0,0,0
0.00434205,0,0,1,1,0,1,1,0,1,0,0,0,1,0,0,0
0.00434206,0,0,1,0,0,1,1,0,1,0,0,0,1,0,0,0
0.00434208,0,0,1,1,0,1,1,0,1,0,0,0,1,0,0,0
0.00434209,0,1,1,1,0,1,1,0,1,0,0,0,1,0,0,0
0.00434211,0,1,1,1,0,1,1,0,0,0,0,0,0,0,1,0
0.00434213,0,0,1,1,0,1,1,0,0,0,0,0,0,0,1,0
0.00434214,0,0,1,0,0,0,1,0,0,0,0,0,0,0,1,0
0.00434216,0,0,1,1,0,1,1,0,0,0,0,0,0,0,1,0
0.00434217,0,1,1,1,0,1,1,0,0,0,0,0,0,0,1,0
0.00434219,1,1,1,1,0,0,1,0,0,0,0,0,0,0,1,0
0.0043422,1,1,1,1,1,0,1,0,0,1,1,1,0,0,1,0
0.00434221,1,1,1,1,1,1,1,0,1,1,1,1,1,0,1,0
0.00434222,1,1,1,1,1,1,1,1,1,1,1,1,1,0,1,1
0.00434223,0,1,1,1,0,1,1,1,0,0,0,0,0,0,1,0
0.00434224,0,0,0,0,0,0,1,0,0,0,0,0,0,0,1,0
0.00434228,1,1,1,1,0,1,1,0,0,0,0,0,0,0,1,0
0.00434229,1,1,1,1,1,1,1,1,0,0,0,0,0,0,1,0
0.0043423,1,1,1,1,0,1,1,1,0,0,0,0,0,0,1,0
0.00434232,0,0,1,0,0,0,1,0,0,0,0,0,0,0,1,0
0.00434233,0,0,0,0,0,0,1,0,0,0,0,0,0,0,1,0
0.00434235,0,0,1,0,0,0,1,0,0,0,0,0,0,0,1,0
0.00434236,0,1,1,1,0,1,1,0,0,0,0,0,0,0,1,0
0.0043424,0,0,1,0,0,0,1,0,0,0,0,0,0,0,1,0
0.00434245,0,0,1,1,0,1,1,0,0,0,0,0,0,0,1,0
0.00434246,0,0,1,1,0,0,1,0,0,0,0,0,0,0,1,0
0.00434247,0,0,1,0,0,0,1,0,0,0,0,0,0,0,1,0
0.00434255,0,0,1,1,0,0,1,0,0,0,0,0,0,0,1,0
0.00434256,0,0,1,0,0,0,1,0,0,0,0,0,0,0,1,0
0.00434259,0,0,0,0,0,0,1,0,0,0,0,0,0,0,1,0
0.0043426,0,0,1,0,0,0,1,0,0,0,0,0,0,0,1,0
0.00434263,1,1,1,1,0,1,1,0,0,0,0,0,0,0,1,0
0.00434264,1,1,1,1,0,0,0,0,0,0,0,0,0,0,1,0
0.00434265,0,1,1,1,0,0,0,0,0,0,0,0,0,0,1,0
0.00434266,1,1,1,1,0,0,0,0,0,0,0,0,0,0,1,0
0.00434268,1,1,1,1,1,1,0,1,0,0,0,0,0,0,1,0
0.0043427,1,1,1,1,0,1,0,1,0,0,0,0,0,0,1,0
0.00434271,1,1,1,1,0,0,0,0,0,0,0,0,0,0,1,0
0.00434276,1,1,1,1,0,1,0,0,0,0,0,0,0,0,1,0
0.00434278,1,1,1,1,0,0,0,0,0,0,0,0,0,0,1,0
0.00434354,1,1,1,1,0,1,0,0,0,0,0,0,0,0,1,0
0.00434355,1,1,1,1,0,1,0,1,0,0,0,0,0,0,1,0
0.00434356,1,1,1,1,0,0,0,0,0,0,0,0,0,0,1,0
0.00434359,1,1,1,1,0,1,0,0,0,0,0,0,0,0,1,0
0.0043436,1,1,1,1,0,1,0,1,0,0,0,0,0,0,1,0
0.00434361,1,1,1,1,0,0,0,0,0,0,0,0,0,0,1,0
0.00434365,1,1,1,1,1,1,1,1,0,0,0,0,0,0,1,0
0.00434368,1,1,1,1,1,0,1,1,0,0,0,0,0,0,1,0
0.00434369,1,1,1,1,1,0,1,0,0,0,0,0,0,0,1,0
0.0043437,1,1,1,1,1,1,1,1,0,0,0,0,0,0,1,0
0.00434375,0,1,0,0,1,1,0,0,0,0,0,0,0,0,1,0
0.0043438,1,1,1,1,1,1,0,1,0,0,0,0,0,0,1,0
0.00434382,1,1,1,1,1,1,0,0,0,0,0,0,0,0,1,0
0.00434383,0,1,0,0,1,1,0,0,0,0,0,0,0,0,1,0
0.00434388,0,1,1,0,1,1,0,0,0,0,0,0,0,0,1,0
0.0043439,0,1,0,0,1,1,0,0,0,0,0,0,0,0,1,0
0.00434406,0,1,0,0,1,1,0,0,0,1,0,0,1,0,0,0
0.00434407,0,1,0,0,1,1,0,0,0,1,0,0,1,1,0,0
0.00434459,1,1,0,1,1,1,0,0,0,1,0,0,1,1,0,0
0.0043446,1,1,1,1,1,1,0,0,0,1,0,0,1,1,0,0
0.00434461,1,1,1,1,1,1,0,1,0,1,0,0,1,1,0,0
0.00434462,1,1,1,1,1,1,1,1,0,1,0,0,1,1,0,0
0.00434466,0,1,0,0,1,0,0,0,0,1,0,0,1,1,0,0
0.0043447,1,1,1,1,1,1,1,1,0,1,0,0,1,1,0,0
0.00434474,1,1,1,1,1,0,0,0,0,1,0,0,1,1,0,0
0.00434475,0,1,1,0,1,0,0,0,0,1,0,0,1,1,0,0
0.00434476,0,1,0,0,1,0,0,0,0,1,0,0,1,1,0,0
0.00434477,0,1,1,0,1,0,0,0,0,1,0,0,1,1,0,0
0.00434478,1,1,1,1,1,0,0,0,0,1,0,0,1,1,0,0
0.00434503,0,1,1,1,1,0,0,0,0,1,0,0,1,1,0,0
0.00434504,1,1,1,1,1,0,0,0,0,1,0,0,1,1,0,0
0.00434507,0,1,1,1,1,0,0,0,0,1,0,0,1,1,0,0
0.00434509,1,1,1,1,1,0,0,0,0,1,0,0,1,1,0,0
0.00434514,0,1,1,1,1,0,0,0,0,1,0,0,1,1,0,0
0.00434532,0,1,1,0,1,0,0,0,0,1,0,0,1,1,0,0
0.00434533,0,1,1,1,1,0,0,0,0,1,0,0,1,1,0,0
0.00434536,0,1,1,0,1,0,0,0,0,1,0,0,1,1,0,0
0.00434539,0,1,1,1,1,0,0,0,0,1,0,0,1,1,0,0
0.0043454,0,1,1,0,1,0,0,0,0,1,0,0,1,1,0,0
0.00434548,0,1,1,1,1,0,0,0,0,1,0,0,1,1,0,0
0.00434549,0,1,1,0,1,0,0,0,0,1,0,0,1,1,0,0
0.00434552,0,1,0,0,1,0,0,0,0,1,0,0,1,1,0,0
0.00434553,0,1,1,1,1,0,0,0,0,1,0,0,1,1,0,0
0.00434554,0,1,1,0,1,0,0,0,0,1,0,0,1,1,0,0
0.00434555,0,1,0,0,1,0,0,0,0,1,0,0,1,1,0,0
0.00434556,1,1,1,1,1,0,0,0,0,1,0,0,1,1,0,0
0.00434557,1,1,1,1,1,1,0,0,0,1,0,0,1,1,0,0
0.00434558,1,1,1,1,1,1,1,1,0,1,0,0,1,1,0,0
0.00434564,1,1,0,0,0,0,0,0,0,1,0,0,1,1,0,0
0.00434568,1,1,1,1,0,1,0,0,0,1,0,0,1,1,0,0
0.00434569,1,1,1,1,0,1,1,1,0,1,0,0,1,1,0,0
0.00434571,1,1,1,1,0,1,1,0,0,1,0,0,1,1,0,0
0.00434572,1,1,1,1,0,0,0,0,0,1,0,0,1,1,0,0
0.00434573,1,1,0,0,0,0,0,0,0,1,0,0,1,1,0,0
0.00434576,1,1,1,0,0,0,0,0,0,1,0,0,1,1,0,0
0.00434577,1,1,1,1,0,0,0,0,0,1,0,0,1,1,0,0
0.0043458,1,1,1,0,0,0,0,0,0,1,0,0,1,1,0,0
0.00434582,1,1,0,0,0,0,0,0,0,1,0,0,1,1,0,0
0.00434583,1,1,1,0,0,0,0,0,0,1,0,0,1,1,0,0
0.00434601,1,1,0,0,0,0,0,0,0,1,0,0,1,1,0,0
0.00434602,1,1,1,0,0,0,0,0,0,1,0,0,1,1,0,0
0.00434605,1,1,0,0,0,0,0,0,0,1,0,0,1,1,0,0
0.00434606,1,1,1,0,0,0,0,0,0,1,0,0,1,1,0,0
0.00434613,1,1,0,0,0,0,0,0,0,1,0,0,1,1,0,0
0.00434615,1,1,1,0,0,0,0,0,0,1,0,0,1,1,0,0
0.00434617,1,1,0,0,0,0,0,0,0,1,0,0,1,1,0,0
0.00434652,1,1,1,0,0,0,0,0,0,1,0,0,1,1,0,0
0.00434653,1,1,0,0,0,0,0,0,0,1,0,0,1,1,0,0
0.00434655,1,1,1,1,0,1,0,0,0,1,0,0,1,1,0,0
0.00434656,1,1,1,1,1,1,1,1,0,1,0,0,1,1,0,0
0.00434757,0,0,1,1,1,0,1,0,0,1,0,0,1,1,0,0
0.00434758,0,0,1,0,1,0,0,0,0,1,0,0,1,1,0,0
0.00434762,1,0,1,1,1,1,1,0,0,1,0,0,1,1,0,0
0.00434763,1,0,1,1,1,1,1,1,0,1,0,0,1,1,0,0
0.00434764,0,0,1,1,1,1,1,0,0,1,0,0,1,1,0,0
0.00434765,0,0,1,0,1,0,0,0,0,1,0,0,1,1,0,0
0.0043477,0,0,1,1,1,0,0,0,0,1,0,0,1,1,0,0
0.00434771,0,0,1,0,1,0,0,0,0,1,0,0,1,1,0,0
0.00434796,0,0,1,0,1,0,0,0,0,0,0,0,1,1,0,0
0.00434797,0,0,1,0,1,0,0,0,0,0,0,0,1,0,0,0
0.00434798,0,0,1,0,1,0,0,0,0,0,1,0,1,0,0,0
0.00434804,0,0,1,0,1,0,0,0,0,0,0,0,0,0,0,0
0.00434805,0,0,1,0,1,0,0,0,0,0,1,0,1,0,0,0
0.00434849,1,0,1,0,1,0,0,0,0,0,1,0,1,0,0,0
0.0043485,1,1,1,1,1,0,0,0,0,0,1,0,1,0,0,0
0.00434851,1,0,1,1,1,1,1,1,0,0,1,0,1,0,0,0
0.00434852,1,1,1,1,1,1,1,1,0,0,1,0,1,0,0,0
0.00434954,1,1,1,1,0,1,1,1,0,0,1,0,1,0,0,0
0.00434955,0,0,0,0,0,0,0,1,0,0,1,0,1,0,0,0
0.00434958,0,0,0,0,0,1,0,1,0,0,1,0,1,0,0,0
0.00434959,1,0,0,1,0,1,0,1,0,0,1,0,1,0,0,0
0.0043496,1,1,1,1,0,1,1,1,0,0,1,0,1,0,0,0
0.00434963,1,0,1,1,0,1,0,1,0,0,1,0,1,0,0,0
0.00434964,0,0,0,0,0,0,0,1,0,0,1,0,1,0,0,0
0.00434967,0,0,0,1,0,0,0,1,0,0,1,0,1,0,0,0
0.00434968,1,0,1,1,0,1,0,1,0,0,1,0,1,0,0,0
0.0043497,0,0,1,1,0,1,0,1,0,0,1,0,1,0,0,0
0.00434971,0,0,0,1,0,0,0,1,0,0,1,0,1,0,0,0
0.00434973,0,0,0,0,0,0,0,1,0,0,1,0,1,0,0,0
0.00434974,0,0,0,1,0,0,0,1,0,0,1,0,1,0,0,0
0.0043501,0,0,0,0,0,0,0,1,0,0,1,0,1,0,0,0
0.00435011,0,0,0,1,0,0,0,1,0,0,1,0,1,0,0,0
0.00435016,0,0,0,0,0,0,0,1,0,0,1,0,1,0,0,0
0.00435022,0,0,0,1,0,0,0,1,0,0,1,0,1,0,0,0
0.00435023,0,0,0,0,0,0,0,1,0,0,1,0,1,0,0,0
0.00435036,0,0,0,1,0,0,0,1,0,0,1,0,1,0,0,0
0.00435037,0,0,0,0,0,0,0,1,0,0,1,0,1,0,0,0
0.00435044,1,0,1,0,0,0,0,1,0,0,1,0,1,0,0,0
0.00435045,1,1,1,1,0,0,0,1,0,0,1,0,1,0,0,0
0.00435047,1,1,1,1,1,1,1,1,0,0,1,0,1,0,0,0
0.00435051,1,1,1,1,1,1,1,0,0,0,1,0,1,0,0,0
0.00435052,1,1,0,0,1,0,0,0,0,0,1,0,1,0,0,0
0.00435056,1,1,1,1,1,1,1,0,0,0,1,0,1,0,0,0
0.00435059,1,1,1,1,1,0,0,0,0,0,1,0,1,0,0,0
0.0043506,1,1,0,0,1,0,0,0,0,0,1,0,1,0,0,0
0.00435063,1,1,1,0,1,0,0,0,0,0,1,0,1,0,0,0
0.00435064,1,1,1,1,1,1,0,0,0,0,1,0,1,0,0,0
0.00435066,1,1,1,1,1,0,0,0,0,0,1,0,1,0,0,0
0.00435067,1,1,1,0,1,0,0,0,0,0,1,0,1,0,0,0
0.00435068,1,1,0,0,1,0,0,0,0,0,1,0,1,0,0,0
0.00435071,1,1,1,0,1,0,0,0,0,0,1,0,1,0,0,0
0.00435072,1,1,1,1,1,0,0,0,0,0,1,0,1,0,0,0
0.00435073,1,1,1,0,1,0,0,0,0,0,1,0,1,0,0,0
0.00435075,1,1,0,0,1,0,0,0,0,0,1,0,1,0,0,0
0.00435089,1,1,0,0,1,0,0,0,0,0,0,0,1,0,0,0
0.0043509,1,1,0,0,1,0,0,0,1,1,0,0,1,0,0,0
0.00435095,1,1,1,1,1,0,0,0,1,1,0,0,1,0,0,0
0.00435096,1,1,1,0,1,0,0,0,1,1,0,0,1,0,0,0
0.00435097,1,1,0,0,1,0,0,0,0,0,0,0,0,0,0,0
0.00435098,1,1,0,0,1,0,0,0,1,1,0,0,1,0,0,0
0.00435103,1,1,1,0,1,0,0,0,1,1,0,0,1,0,0,0
0.00435105,1,1,0,0,1,0,0,0,1,1,0,0,1,0,0,0
0.00435142,1,1,0,1,1,0,0,0,1,1,0,0,1,0,0,0
0.00435143,1,1,1,1,1,0,0,0,1,1,0,0,1,0,0,0
0.00435144,1,1,1,0,1,1,1,0,1,1,0,0,1,0,0,0
0.00435145,1,1,0,1,1,1,1,0,1,1,0,0,1,0,0,0
0.00435147,1,1,1,1,1,1,1,1,1,1,0,0,1,0,0,0
0.0043515,1,0,0,0,1,1,1,0,1,1,0,0,1,0,0,0
0.00435154,1,0,1,1,1,1,1,0,1,1,0,0,1,0,0,0
0.00435155,1,1,1,1,1,1,1,0,1,1,0,0,1,0,0,0
0.00435156,1,0,1,1,1,1,1,0,1,1,0,0,1,0,0,0
0.00435157,1,0,0,0,1,1,1,0,1,1,0,0,1,0,0,0
0.00435162,1,0,1,0,1,1,1,0,1,1,0,0,1,0,0,0
0.00435163,1,0,0,0,1,1,1,0,1,1,0,0,1,0,0,0
0.0043524,1,1,1,0,1,1,1,0,1,1,0,0,1,0,0,0
0.00435241,1,1,1,1,1,1,1,0,1,1,0,0,1,0,0,0
0.00435242,1,1,1,1,1,1,1,1,1,1,0,0,1,0,0,0
0.00435243,1,0,1,1,1,1,1,1,1,1,0,0,1,0,0,0
0.00435244,1,1,1,1,1,1,1,1,1,1,0,0,1,0,0,0
0.00435247,0,1,0,0,1,0,0,0,1,1,0,0,1,0,0,0
0.00435251,0,1,1,1,1,1,0,0,1,1,0,0,1,0,0,0
0.00435252,1,1,1,1,1,1,0,0,1,1,0,0,1,0,0,0
0.00435253,1,1,1,1,1,1,1,0,1,1,0,0,1,0,0,0
0.00435254,1,1,1,1,1,0,0,0,1,1,0,0,1,0,0,0
0.00435255,0,1,0,0,1,0,0,0,1,1,0,0,1,0,0,0
0.0043526,0,1,1,1,1,0,0,0,1,1,0,0,1,0,0,0
0.00435261,0,1,1,0,1,0,0,0,1,1,0,0,1,0,0,0
0.00435262,0,1,0,0,1,0,0,0,1,1,0,0,1,0,0,0
0.00435285,0,1,0,0,1,0,0,0,0,1,0,0,1,0,0,0
0.00435292,0,1,0,0,1,0,0,0,0,0,0,0,0,0,0,0
0.00435293,0,1,0,0,1,0,0,0,0,1,0,0,1,0,0,0
0.00435337,1,1,1,1,1,0,0,0,0,1,0,0,1,0,0,0
0.00435339,1,1,1,1,1,1,1,1,0,1,0,0,1,0,0,0
0.00435345,1,1,0,0,1,1,0,0,0,1,0,0,1,0,0,0
0.00435349,1,1,1,1,1,1,0,0,0,1,0,0,1,0,0,0
0.0043535,1,1,1,1,1,1,1,1,0,1,0,0,1,0,0,0
0.00435351,1,1,1,1,1,1,1,0,0,1,0,0,1,0,0,0
0.00435352,1,1,0,0,1,1,0,0,0,1,0,0,1,0,0,0
0.00435436,1,1,0,1,1,1,1,0,0,1,0,0,1,0,0,0
0.00435437,1,1,0,0,1,1,1,0,0,1,0,0,1,0,0,0
0.00435438,1,1,0,1,1,1,1,0,0,1,0,0,1,0,0,0
0.00435439,1,1,1,1,1,1,1,1,0,1,0,0,1,0,0,0
0.0043544,1,0,1,1,1,1,1,1,0,1,0,0,1,0,0,0
0.00435441,1,0,0,0,1,0,0,0,0,1,0,0,1,0,0,0
0.00435446,1,0,1,1,1,0,1,0,0,1,0,0,1,0,0,0
0.00435448,1,0,0,0,1,0,0,0,0,1,0,0,1,0,0,0
0.0043548,1,0,0,0,1,0,0,0,0,0,0,0,1,0,0,0
0.00435481,1,0,0,0,1,0,0,0,1,0,0,0,1,0,0,0
0.00435487,1,0,0,0,1,0,0,0,0,0,0,0,0,0,0,0
0.00435488,1,0,0,0,1,0,0,0,1,0,0,0,1,0,0,0
0.00435533,1,1,1,1,1,0,0,0,1,0,0,0,1,0,0,0
0.00435535,1,1,1,1,1,1,1,1,1,0,0,0,1,0,0,0
0.00435541,0,0,1,1,1,0,1,0,1,0,0,0,1,0,0,0
0.00435545,1,1,1,1,1,1,1,0,1,0,0,0,1,0,0,0
0.00435547,0,0,1,1,1,0,1,0,1,0,0,0,1,0,0,0
0.00435631,1,1,1,1,1,0,1,0,1,0,0,0,1,0,0,0
0.00435633,1,1,1,1,1,1,1,1,1,0,0,0,1,0,0,0
0.00435637,1,1,0,0,0,1,1,1,1,0,0,0,1,0,0,0
0.00435638,1,0,0,0,0,0,1,0,1,0,0,0,1,0,0,0
0.00435642,1,1,1,1,0,1,1,0,1,0,0,0,1,0,0,0
0.00435645,1,0,0,0,0,0,1,0,1,0,0,0,1,0,0,0
0.00435675,1,0,0,0,0,0,1,0,1,0,0,0,0,0,0,0
0.00435676,1,0,0,0,0,0,1,0,1,0,0,0,0,0,1,0
0.00435728,1,1,1,1,0,1,1,0,1,0,0,0,0,0,1,0
0.00435729,1,0,1,1,0,0,0,0,1,0,0,0,0,0,1,0
0.0043573,0,0,1,1,0,0,0,0,1,0,0,0,0,0,1,0
0.00435731,1,1,1,1,0,0,0,1,1,0,0,0,0,0,1,0
0.00435733,1,1,1,1,1,1,0,1,1,0,0,0,0,0,1,0
0.00435735,1,1,1,1,0,1,0,1,1,0,0,0,0,0,1,0
0.00435736,1,1,1,1,0,0,0,1,1,0,0,0,0,0,1,0
0.00435819,1,1,1,1,1,1,1,1,1,0,0,0,0,0,1,0
0.0043582,1,1,1,1,0,1,0,1,1,0,0,0,0,0,1,0
0.00435821,0,1,0,0,0,0,0,1,1,0,0,0,0,0,1,0
0.00435822,0,1,0,0,0,0,1,1,1,0,0,0,0,0,1,0
0.00435825,0,1,1,1,0,1,1,1,1,0,0,0,0,0,1,0
0.00435826,0,1,0,0,0,0,1,1,1,0,0,0,0,0,1,0
0.00435829,1,1,1,1,0,0,1,1,1,0,0,0,0,0,1,0
0.0043583,1,1,1,1,1,0,1,1,1,0,0,0,0,0,1,0
0.00435831,1,1,1,1,1,1,1,1,1,0,0,0,0,0,1,0
0.00435833,0,1,1,1,1,0,0,0,1,0,0,0,0,0,1,0
0.00435834,0,1,1,1,1,0,1,1,1,0,0,0,0,0,1,0
0.00435836,1,1,0,0,1,1,1,1,1,0,0,0,0,0,1,0
0.00435837,0,1,0,0,1,0,1,1,1,0,0,0,0,0,1,0
0.0043584,0,1,0,0,1,1,1,1,1,0,0,0,0,0,1,0
0.00435843,0,1,0,0,1,0,1,1,1,0,0,0,0,0,1,0
0.00435871,0,1,0,0,1,0,1,1,0,1,0,0,1,0,1,1
0.00435924,1,1,1,1,1,0,1,1,0,1,0,0,1,0,1,1
0.00435925,1,1,1,1,1,1,1,1,0,1,0,0,1,0,1,1
0.0043593,1,1,1,1,0,0,0,1,0,1,0,0,1,0,1,1
0.00435934,1,1,1,1,0,1,0,1,0,1,0,0,1,0,1,1
0.00435936,1,1,1,1,0,0,0,1,0,1,0,0,1,0,1,1
0.00436022,1,1,1,1,0,1,0,1,0,1,0,0,1,0,1,1
0.00436025,1,1,1,1,1,1,1,1,0,1,0,0,1,0,1,1
0.00436119,1,0,0,0,0,1,1,1,0,1,0,0,1,0,1,1
0.0043612,0,0,0,0,0,0,0,0,0,1,0,0,1,0,1,1
0.00436125,0,0,0,0,0,1,0,0,0,1,0,0,1,0,1,1
0.00436126,0,0,0,0,0,0,0,0,0,1,0,0,1,0,1,1
0.00436216,1,0,1,0,0,0,0,0,0,1,0,0,1,0,1,1
0.00436217,0,0,0,0,0,0,0,0,0,1,0,0,1,0,1,1
0.00436219,1,1,1,1,1,1,1,1,0,1,0,0,1,0,1,1
0.00436223,0,0,1,0,1,0,0,0,0,1,0,0,1,0,1,1
0.00436225,0,1,1,1,1,1,1,0,0,1,0,0,1,0,1,1
0.00436226,1,1,1,1,1,1,1,1,0,1,0,0,1,0,1,1
0.00436228,1,1,0,0,1,1,0,1,0,1,0,0,1,0,1,1
0.00436229,0,1,0,0,1,1,0,0,0,1,0,0,1,0,1,1
0.00436232,1,1,0,0,1,1,0,1,0,1,0,0,1,0,1,1
0.00436236,1,1,0,0,1,1,0,0,0,1,0,0,1,0,1,1
0.00436237,0,1,0,0,1,1,0,0,0,1,0,0,1,0,1,1
0.00436239,1,1,0,0,1,1,0,0,0,1,0,0,1,0,1,1
0.0043624,1,1,0,0,1,1,0,1,0,1,0,0,1,0,1,1
0.00436243,1,1,0,0,1,1,0,0,0,1,0,0,1,0,1,1
0.00436261,1,1,0,0,1,1,0,0,0,1,0,0,1,0,0,0
0.00436262,1,1,0,0,1,1,0,0,0,1,0,0,1,1,0,0
0.00436264,0,1,0,0,1,1,0,0,0,1,0,0,1,1,0,0
0.00436265,1,1,0,0,1,1,0,0,0,1,0,0,1,1,0,0
0.00436272,0,1,0,0,1,1,0,0,0,1,0,0,1,1,0,0
0.00436273,1,1,0,0,1,1,0,0,0,1,0,0,1,1,0,0
0.00436286,0,1,0,0,1,1,0,0,0,1,0,0,1,1,0,0
0.00436287,1,1,0,0,1,1,0,0,0,1,0,0,1,1,0,0
0.00436294,0,1,0,0,1,1,0,0,0,1,0,0,1,1,0,0
0.00436297,1,1,0,0,1,1,0,0,0,1,0,0,1,1,0,0
0.00436299,0,1,0,0,1,1,0,0,0,1,0,0,1,1,0,0
0.00436303,1,1,0,0,1,1,0,0,0,1,0,0,1,1,0,0
0.00436304,0,1,0,0,1,1,0,0,0,1,0,0,1,1,0,0
0.00436305,1,1,0,0,1,1,0,0,0,1,0,0,1,1,0,0
0.00436306,0,1,0,0,1,1,0,0,0,1,0,0,1,1,0,0
0.00436309,1,1,0,0,1,1,0,0,0,1,0,0,1,1,0,0
0.0043631,0,1,0,0,1,1,0,0,0,1,0,0,1,1,0,0
0.00436314,0,1,1,1,1,1,0,0,0,1,0,0,1,1,0,0
0.00436315,1,1,0,0,1,1,0,1,0,1,0,0,1,1,0,0
0.00436316,1,1,1,1,1,1,0,0,0,1,0,0,1,1,0,0
0.00436317,1,1,1,1,1,1,1,0,0,1,0,0,1,1,0,0
0.00436319,1,1,1,1,1,1,1,1,0,1,0,0,1,1,0,0
0.00436321,0,0,1,1,1,0,1,0,0,1,0,0,1,1,0,0
0.00436325,1,0,1,1,1,0,1,1,0,1,0,0,1,1,0,0
0.00436328,0,0,1,1,1,0,1,0,0,1,0,0,1,1,0,0
0.00436333,1,0,1,1,1,0,1,0,0,1,0,0,1,1,0,0
0.00436335,0,0,1,1,1,0,1,0,0,1,0,0,1,1,0,0
0.00436412,1,1,1,1,1,0,1,0,0,1,0,0,1,1,0,0
0.00436413,1,1,1,1,1,1,1,0,0,1,0,0,1,1,0,0
0.00436414,1,1,1,1,1,1,1,1,0,1,0,0,1,1,0,0
0.0043642,1,1,0,1,0,0,0,0,0,1,0,0,1,1,0,0
0.00436425,1,1,1,1,0,1,0,1,0,1,0,0,1,1,0,0
0.00436426,1,1,0,1,0,0,0,1,0,1,0,0,1,1,0,0
0.00436427,1,1,0,1,0,0,0,0,0,1,0,0,1,1,0,0
0.00436511,1,1,1,1,0,1,0,1,0,1,0,0,1,1,0,0
0.00436512,1,1,1,1,1,1,1,1,0,1,0,0,1,1,0,0
0.00436612,0,0,0,1,1,0,1,0,0,1,0,0,1,1,0,0
0.00436615,1,1,1,1,1,1,1,1,0,1,0,0,1,1,0,0
0.00436621,1,1,1,0,1,1,0,0,0,1,0,0,1,1,0,0
0.00436622,0,0,1,0,1,0,0,0,0,1,0,0,1,1,0,0
0.00436626,1,0,1,0,1,1,0,0,0,1,0,0,1,1,0,0
0.00436627,1,1,1,0,1,1,0,1,0,1,0,0,1,1,0,0
0.00436628,1,1,1,0,1,1,0,0,0,1,0,0,1,1,0,0
0.00436629,0,0,1,0,1,0,0,0,0,1,0,0,1,1,0,0
0.00436651,0,0,1,0,1,0,0,0,0,0,0,0,1,1,0,0
0.00436652,0,0,1,0,1,0,0,0,0,0,0,0,1,0,0,0
0.00436653,0,0,1,0,1,0,0,0,0,0,1,0,1,0,0,0
0.00436659,0,0,1,0,1,0,0,0,0,0,0,0,0,0,0,0
0.0043666,1,1,1,1,1,0,0,0,0,0,1,0,1,0,0,0
0.00436661,1,1,1,1,1,0,0,0,0,1,1,1,1,0,0,0
0.00436662,1,1,1,1,1,1,0,0,1,1,1,1,1,0,0,0
0.00436663,1,1,1,1,1,1,1,1,1,1,1,1,1,0,0,0
0.00436664,0,0,1,0,1,1,0,1,0,0,1,0,1,0,0,0
0.00436665,0,0,1,0,1,0,0,0,0,0,1,0,1,0,0,0
0.00436669,1,1,1,1,1,1,0,1,0,0,1,0,1,0,0,0
0.00436671,1,0,1,0,1,1,0,0,0,0,1,0,1,0,0,0
0.00436672,0,0,1,0,1,0,0,0,0,0,1,0,1,0,0,0
0.00436704,1,1,1,0,1,0,0,0,0,0,1,0,1,0,0,0
0.00436705,1,1,1,1,1,0,0,0,0,0,1,0,1,0,0,0
0.00436706,1,1,1,1,1,1,1,1,0,0,1,0,1,0,0,0
0.00436809,0,0,0,0,0,0,0,1,0,0,1,0,1,0,0,0
0.00436813,0,1,0,0,0,1,0,1,0,0,1,0,1,0,0,0
0.00436814,1,0,0,1,0,1,0,1,0,0,1,0,1,0,0,0
0.00436815,1,1,1,1,0,1,1,1,0,0,1,0,1,0,0,0
0.00436818,0,0,0,0,0,0,0,1,0,0,1,0,1,0,0,0
0.00436822,0,0,0,1,0,1,0,1,0,0,1,0,1,0,0,0
0.00436823,1,0,0,1,0,1,0,1,0,0,1,0,1,0,0,0
0.00436825,0,0,0,1,0,1,0,1,0,0,1,0,1,0,0,0
0.00436826,0,0,0,0,0,0,0,1,0,0,1,0,1,0,0,0
0.0043683,0,0,0,1,0,0,0,1,0,0,1,0,1,0,0,0
0.00436831,0,0,0,1,0,1,0,1,0,0,1,0,1,0,0,0
0.00436832,0,0,0,1,0,0,0,1,0,0,1,0,1,0,0,0
0.00436833,0,0,0,0,0,0,0,1,0,0,1,0,1,0,0,0
0.00436845,0,0,0,1,0,0,0,1,0,0,1,0,1,0,0,0
0.00436846,0,0,0,0,0,0,0,1,0,0,1,0,1,0,0,0
0.00436899,1,0,1,1,0,0,0,1,0,0,1,0,1,0,0,0
0.004369,1,1,0,0,0,0,0,1,0,0,1,0,1,0,0,0
0.00436901,0,0,0,0,0,0,0,1,0,0,1,0,1,0,0,0
0.00436902,1,1,1,1,0,0,0,1,0,0,1,0,1,0,0,0
0.00436903,1,1,1,1,1,1,1,1,0,0,1,0,1,0,0,0
0.00436907,1,1,1,1,1,1,1,0,0,0,1,0,1,0,0,0
0.00436908,1,1,0,0,1,0,0,0,0,0,1,0,1,0,0,0
0.00436911,1,1,1,1,1,1,1,0,0,0,1,0,1,0,0,0
0.00436915,1,1,1,1,1,1,0,0,0,0,1,0,1,0,0,0
0.00436916,1,1,1,0,1,0,0,0,0,0,1,0,1,0,0,0
0.00436917,1,1,0,0,1,0,0,0,0,0,1,0,1,0,0,0
0.00436919,1,1,1,1,1,1,1,0,0,0,1,0,1,0,0,0
0.00436922,1,1,1,1,1,1,0,0,0,0,1,0,1,0,0,0
0.00436924,1,1,1,0,1,0,0,0,0,0,1,0,1,0,0,0
0.00436926,1,1,1,1,1,1,0,0,0,0,1,0,1,0,0,0
0.00436932,1,1,1,1,1,0,0,0,0,0,1,0,1,0,0,0
0.00436933,1,1,1,1,1,1,0,0,0,0,1,0,1,0,0,0
0.00436937,1,1,1,1,1,0,0,0,0,0,1,0,1,0,0,0
0.00436943,1,1,1,1,1,1,0,0,0,0,1,0,1,0,0,0
0.00436944,1,1,1,1,1,0,0,0,0,0,0,0,1,0,0,0
0.00436945,1,1,1,0,1,0,0,0,0,1,0,0,1,0,0,0
0.00436946,1,1,1,0,1,0,0,0,1,1,0,0,1,0,0,0
0.00436949,1,1,1,1,1,0,0,0,1,1,0,0,1,0,0,0
0.0043695,1,1,1,1,1,1,0,0,1,1,0,0,1,0,0,0
0.00436952,1,1,1,1,1,0,0,0,0,0,0,0,0,0,0,0
0.00436953,1,1,0,0,1,0,0,0,1,1,0,0,1,0,0,0
0.00436956,1,1,1,0,1,0,0,0,1,1,0,0,1,0,0,0
0.00436957,1,1,1,1,1,1,0,0,1,1,0,0,1,0,0,0
0.00436959,1,1,1,1,1,0,0,0,1,1,0,0,1,0,0,0
0.0043696,1,1,1,0,1,0,0,0,1,1,0,0,1,0,0,0
0.00436961,1,1,0,0,1,0,0,0,1,1,0,0,1,0,0,0
0.00436963,1,1,1,0,1,0,0,0,1,1,0,0,1,0,0,0
0.00436987,1,1,0,0,1,0,0,0,1,1,0,0,1,0,0,0
0.00436988,1,1,1,0,1,0,0,0,1,1,0,0,1,0,0,0
0.0043699,1,1,0,0,1,0,0,0,1,1,0,0,1,0,0,0
0.00436995,1,1,1,0,1,0,0,0,1,1,0,0,1,0,0,0
0.00436996,1,1,0,0,1,0,0,0,1,1,0,0,1,0,0,0
0.00436997,1,1,1,1,1,0,0,0,1,1,0,0,1,0,0,0
0.00436999,1,1,1,1,1,1,1,1,1,1,0,0,1,0,0,0
0.00437005,1,0,0,0,1,1,1,0,1,1,0,0,1,0,0,0
0.00437008,1,0,1,0,1,1,1,0,1,1,0,0,1,0,0,0
0.00437009,1,1,1,1,1,1,1,1,1,1,0,0,1,0,0,0
0.00437011,1,0,1,1,1,1,1,0,1,1,0,0,1,0,0,0
0.00437012,1,0,0,0,1,1,1,0,1,1,0,0,1,0,0,0
0.00437016,1,0,1,1,1,1,1,0,1,1,0,0,1,0,0,0
0.00437019,1,0,0,0,1,1,1,0,1,1,0,0,1,0,0,0
0.00437024,1,0,1,0,1,1,1,0,1,1,0,0,1,0,0,0
0.00437027,1,0,0,0,1,1,1,0,1,1,0,0,1,0,0,0
0.00437029,1,0,1,0,1,1,1,0,1,1,0,0,1,0,0,0
0.00437031,1,0,0,0,1,1,1,0,1,1,0,0,1,0,0,0
0.0043704,1,0,1,0,1,1,1,0,1,1,0,0,1,0,0,0
0.00437041,1,0,0,0,1,1,1,0,1,1,0,0,1,0,0,0
0.00437095,1,1,1,1,1,1,1,0,1,1,0,0,1,0,0,0
0.00437097,1,1,1,1,1,1,1,1,1,1,0,0,1,0,0,0
0.00437103,0,1,0,0,1,0,0,0,1,1,0,0,1,0,0,0
0.00437107,0,1,1,1,1,1,0,1,1,1,0,0,1,0,0,0
0.00437108,1,1,1,1,1,1,1,1,1,1,0,0,1,0,0,0
0.0043711,1,1,1,1,1,1,1,0,1,1,0,0,1,0,0,0
0.00437111,0,1,1,1,1,0,0,0,1,1,0,0,1,0,0,0
0.00437112,0,1,1,0,1,0,0,0,1,1,0,0,1,0,0,0
0.00437113,0,1,0,0,1,0,0,0,1,1,0,0,1,0,0,0
0.00437114,0,1,1,0,1,0,0,0,1,1,0,0,1,0,0,0
0.00437115,0,1,1,1,1,0,0,0,1,1,0,0,1,0,0,0
0.0043714,0,1,1,1,1,0,0,0,0,1,0,0,1,0,0,0
0.00437143,0,1,1,0,1,0,0,0,0,1,0,0,1,0,0,0
0.00437145,0,1,1,1,1,0,0,0,0,1,0,0,1,0,0,0
0.00437147,0,1,1,1,1,0,0,0,0,0,0,0,0,0,0,0
0.00437148,0,1,1,1,1,0,0,0,0,1,0,0,1,0,0,0
0.00437149,0,1,1,0,1,0,0,0,0,1,0,0,1,0,0,0
0.00437153,0,1,1,1,1,0,0,0,0,1,0,0,1,0,0,0
0.00437156,0,1,1,0,1,0,0,0,0,1,0,0,1,0,0,0
0.00437189,0,1,0,0,1,0,0,0,0,1,0,0,1,0,0,0
0.0043719,0,1,1,0,1,0,0,0,0,1,0,0,1,0,0,0
0.00437192,1,1,0,0,1,0,0,0,0,1,0,0,1,0,0,0
0.00437194,0,1,1,1,1,1,1,0,0,1,0,0,1,0,0,0
0.00437195,1,1,1,1,1,1,1,1,0,1,0,0,1,0,0,0
0.00437199,1,1,0,0,1,1,0,0,0,1,0,0,1,0,0,0
0.00437203,1,1,1,1,1,1,1,0,0,1,0,0,1,0,0,0
0.00437204,1,1,1,1,1,1,1,1,0,1,0,0,1,0,0,0
0.00437205,1,1,1,1,1,1,0,0,0,1,0,0,1,0,0,0
0.00437206,1,1,0,0,1,1,0,0,0,1,0,0,1,0,0,0
0.0043721,1,1,1,0,1,1,0,0,0,1,0,0,1,0,0,0
0.00437211,1,1,1,1,1,1,0,0,0,1,0,0,1,0,0,0
0.00437212,1,1,1,0,1,1,0,0,0,1,0,0,1,0,0,0
0.00437213,1,1,0,0,1,1,0,0,0,1,0,0,1,0,0,0
0.0043729,1,1,1,1,1,1,0,0,0,1,0,0,1,0,0,0
0.00437291,1,1,1,1,1,1,1,1,0,1,0,0,1,0,0,0
0.00437298,1,0,0,0,1,0,0,0,0,1,0,0,1,0,0,0
0.00437302,1,0,1,1,1,0,0,0,0,1,0,0,1,0,0,0
0.00437303,1,0,1,1,1,1,1,1,0,1,0,0,1,0,0,0
0.00437304,1,1,1,1,1,1,1,1,0,1,0,0,1,0,0,0
0.00437305,1,0,1,1,1,0,1,0,0,1,0,0,1,0,0,0
0.00437306,1,0,1,1,1,0,0,0,0,1,0,0,1,0,0,0
0.00437307,1,0,0,0,1,0,0,0,0,1,0,0,1,0,0,0
0.0043731,1,0,1,1,1,0,0,0,0,1,0,0,1,0,0,0
0.00437314,1,0,1,0,1,0,0,0,0,1,0,0,1,0,0,0
0.00437315,1,0,0,0,1,0,0,0,0,1,0,0,1,0,0,0
0.00437317,1,0,1,0,1,0,0,0,0,1,0,0,1,0,0,0
0.00437319,1,0,1,1,1,0,0,0,0,1,0,0,1,0,0,0
0.0043732,1,0,1,0,1,0,0,0,0,1,0,0,1,0,0,0
0.0043733,1,0,0,0,1,0,0,0,0,1,0,0,1,0,0,0
0.00437332,1,0,1,0,1,0,0,0,0,1,0,0,1,0,0,0
0.00437335,1,0,1,0,1,0,0,0,0,0,0,0,1,0,0,0
0.00437336,1,0,0,0,1,0,0,0,1,0,0,0,1,0,0,0
0.0043734,1,0,1,0,1,0,0,0,1,0,0,0,1,0,0,0
0.00437342,1,0,1,0,1,0,0,0,1,0,0,0,0,0,0,0
0.00437343,1,0,0,0,1,0,0,0,0,0,0,0,1,0,0,0
0.00437344,1,0,0,0,1,0,0,0,1,0,0,0,1,0,0,0
0.00437348,1,0,1,0,1,0,0,0,1,0,0,0,1,0,0,0
0.0043735,1,0,0,0,1,0,0,0,1,0,0,0,1,0,0,0
0.00437388,1,1,1,1,1,0,0,0,1,0,0,0,1,0,0,0
0.00437389,1,1,1,1,1,0,1,0,1,0,0,0,1,0,0,0
0.0043739,1,1,1,1,1,1,1,1,1,0,0,0,1,0,0,0
0.00437395,0,0,1,1,1,0,1,0,1,0,0,0,1,0,0,0
0.00437399,0,1,1,1,1,1,1,1,1,0,0,0,1,0,0,0
0.004374,1,1,1,1,1,1,1,1,1,0,0,0,1,0,0,0
0.00437401,0,1,1,1,1,1,1,1,1,0,0,0,1,0,0,0
0.00437402,0,0,1,1,1,0,1,0,1,0,0,0,1,0,0,0
0.00437485,1,1,1,1,1,0,1,0,1,0,0,0,1,0,0,0
0.00437486,1,1,1,1,1,0,1,1,1,0,0,0,1,0,0,0
0.00437487,1,1,1,1,1,1,1,1,1,0,0,0,1,0,0,0
0.00437493,1,1,1,1,0,1,1,1,1,0,0,0,1,0,0,0
0.00437494,0,1,0,0,0,0,1,0,1,0,0,0,1,0,0,0
0.00437497,0,1,1,0,0,1,1,0,1,0,0,0,1,0,0,0
0.00437498,1,1,1,1,0,1,1,1,1,0,0,0,1,0,0,0
0.00437501,1,1,1,1,0,1,1,0,1,0,0,0,1,0,0,0
0.00437502,1,1,1,0,0,1,1,0,1,0,0,0,1,0,0,0
0.00437503,0,1,0,0,0,0,1,0,1,0,0,0,1,0,0,0
0.00437505,0,1,1,0,0,0,1,0,1,0,0,0,1,0,0,0
0.00437506,1,1,1,1,0,1,1,0,1,0,0,0,1,0,0,0
0.0043751,1,1,1,0,0,1,1,0,1,0,0,0,1,0,0,0
0.00437511,0,1,1,0,0,0,1,0,1,0,0,0,1,0,0,0
0.00437513,1,1,1,0,0,1,1,0,1,0,0,0,1,0,0,0
0.00437514,1,1,1,1,0,1,1,0,1,0,0,0,1,0,0,0
0.00437515,1,1,1,0,0,1,1,0,1,0,0,0,1,0,0,0
0.0043752,0,1,1,0,0,1,1,0,1,0,0,0,1,0,0,0
0.00437521,0,1,1,0,0,0,1,0,1,0,0,0,1,0,0,0
0.00437522,1,1,1,0,0,1,1,0,1,0,0,0,1,0,0,0
0.00437525,0,1,1,0,0,0,1,0,1,0,0,0,1,0,0,0
0.00437528,1,1,1,0,0,1,1,0,1,0,0,0,1,0,0,0
0.0043753,1,1,1,1,0,1,1,0,0,0,0,0,0,0,0,0
0.00437531,1,1,1,0,0,0,1,0,0,1,0,0,0,0,1,0
0.00437532,0,1,1,0,0,0,1,0,0,1,0,0,0,0,1,0
0.00437536,1,1,1,1,0,1,1,0,0,1,0,0,0,0,1,0
0.00437537,1,1,1,1,0,1,1,0,0,0,0,0,0,0,0,0
0.00437538,1,1,1,0,0,0,1,0,0,1,0,0,0,0,1,0
0.00437539,0,1,1,0,0,0,1,0,0,1,0,0,0,0,1,0
0.00437544,1,1,1,1,0,1,1,0,0,1,0,0,0,0,1,0
0.00437545,1,1,1,0,0,0,1,0,0,1,0,0,0,0,1,0
0.00437546,0,1,1,0,0,0,1,0,0,1,0,0,0,0,1,0
0.00437579,0,1,0,0,0,0,1,0,0,1,0,0,0,0,1,0
0.00437581,0,1,1,0,0,0,1,0,0,1,0,0,0,0,1,0
0.00437582,1,1,1,1,0,1,1,0,0,1,0,0,0,0,1,0
0.00437584,1,0,1,1,0,0,0,0,0,1,0,0,0,0,1,0
0.00437585,0,0,0,1,0,0,0,0,0,1,0,0,0,0,1,0
0.00437586,1,0,0,1,0,1,0,0,0,1,0,0,0,0,1,0
0.00437588,1,0,1,1,1,1,0,1,0,1,0,0,0,0,1,0
0.00437589,1,1,1,1,1,1,0,1,0,1,0,0,0,0,1,0
0.0043759,1,0,1,1,0,1,0,0,0,1,0,0,0,0,1,0
0.00437591,1,0,0,1,0,1,0,0,0,1,0,0,0,0,1,0
0.00437595,1,0,1,1,0,1,0,0,0,1,0,0,0,0,1,0
0.00437615,1,0,0,1,0,1,0,0,0,1,0,0,0,0,1,0
0.00437616,1,0,1,1,0,1,0,0,0,1,0,0,0,0,1,0
0.00437623,1,0,0,1,0,1,0,0,0,1,0,0,0,0,1,0
0.00437626,1,0,1,1,0,1,0,0,0,1,0,0,0,0,1,0
0.00437628,1,0,1,1,0,1,1,0,0,1,0,0,0,0,1,0
0.00437674,1,0,1,1,1,1,1,1,0,1,0,0,0,0,1,0
0.00437675,1,0,1,1,0,1,1,1,0,1,0,0,0,0,1,0
0.00437676,0,0,0,1,0,1,0,0,0,1,0,0,0,0,1,0
0.00437677,0,0,0,1,1,1,0,0,0,1,0,0,0,0,1,0
0.00437678,0,1,0,1,1,1,0,0,0,1,0,0,0,0,1,0
0.00437679,1,1,1,1,1,1,0,0,0,1,0,0,0,0,1,0
0.0043768,1,1,1,1,1,1,1,1,0,1,0,0,0,0,1,0
0.00437681,0,0,0,1,1,1,0,0,0,1,0,0,0,0,1,0
0.00437683,0,0,0,1,0,1,0,0,0,1,0,0,0,0,1,0
0.00437684,1,1,1,1,0,1,0,0,0,1,0,0,0,0,1,0
0.00437685,1,1,1,1,1,1,1,1,0,1,0,0,0,0,1,0
0.00437688,1,1,1,1,1,0,1,0,0,1,0,0,0,0,1,0
0.0043769,1,1,1,1,1,1,1,1,0,1,0,0,0,0,1,0
0.00437693,0,1,0,1,1,0,1,1,0,1,0,0,0,0,1,0
0.00437695,0,1,0,0,1,0,1,1,0,1,0,0,0,0,1,0
0.00437699,0,1,1,0,1,0,1,1,0,1,0,0,0,0,1,0
0.00437701,0,1,0,0,1,0,1,1,0,1,0,0,0,0,1,0
0.00437726,0,1,0,0,1,0,1,1,0,1,0,0,1,0,1,1
0.00437781,1,1,1,1,1,0,1,1,0,1,0,0,1,0,1,1
0.00437782,1,1,1,1,1,1,1,1,0,1,0,0,1,0,1,1
0.00437786,1,0,0,1,0,1,0,0,0,1,0,0,1,0,1,1
0.0043779,1,0,1,1,0,1,0,0,0,1,0,0,1,0,1,1
0.00437791,1,1,1,1,0,1,0,0,0,1,0,0,1,0,1,1
0.00437793,1,0,1,1,0,1,0,0,0,1,0,0,1,0,1,1
0.00437795,1,0,0,1,0,1,0,0,0,1,0,0,1,0,1,1
0.00437798,1,0,1,1,0,1,0,0,0,1,0,0,1,0,1,1
0.00437802,1,0,0,1,0,1,0,0,0,1,0,0,1,0,1,1
0.00437807,1,0,1,1,0,1,0,0,0,1,0,0,1,0,1,1
0.00437809,1,0,0,1,0,1,0,0,0,1,0,0,1,0,1,1
0.00437825,1,0,1,1,0,1,0,0,0,1,0,0,1,0,1,1
0.00437826,1,0,0,1,0,1,0,0,0,1,0,0,1,0,1,1
0.00437877,1,1,1,1,0,1,0,0,0,1,0,0,1,0,1,1
0.00437878,1,1,1,1,1,1,1,1,0,1,0,0,1,0,1,1
0.00437974,1,1,1,1,0,0,1,1,0,1,0,0,1,0,1,1
0.00437975,0,0,0,0,0,0,0,0,0,1,0,0,1,0,1,1
0.00437977,0,0,1,0,0,0,1,0,0,1,0,0,1,0,1,1
0.00437978,0,1,1,0,0,0,1,0,0,1,0,0,1,0,1,1
0.00437979,1,1,1,0,1,0,1,0,0,1,0,0,1,0,1,1
0.0043798,1,1,1,0,0,0,1,0,0,1,0,0,1,0,1,1
0.00437981,0,0,1,0,0,0,1,0,0,1,0,0,1,0,1,1
0.0043807,1,1,1,0,0,0,1,0,0,1,0,0,1,0,1,1
0.00438072,0,0,1,0,0,0,1,0,0,1,0,0,1,0,1,1
0.00438074,1,1,1,1,1,1,1,1,0,1,0,0,1,0,1,1
0.00438077,1,1,1,1,1,0,1,1,0,1,0,0,1,0,1,1
0.00438078,1,1,0,1,1,0,1,0,0,1,0,0,1,0,1,1
0.0043808,1,1,1,1,1,1,1,1,0,1,0,0,1,0,1,1
0.00438085,1,1,1,0,1,1,0,0,0,1,0,0,1,0,1,1
0.00438086,0,1,0,0,1,1,0,0,0,1,0,0,1,0,1,1
0.0043809,1,1,0,0,1,1,0,0,0,1,0,0,1,0,1,1
0.00438091,1,1,1,0,1,1,0,0,0,1,0,0,1,0,1,1
0.00438092,1,1,0,0,1,1,0,0,0,1,0,0,1,0,1,1
0.00438093,0,1,0,0,1,1,0,0,0,1,0,0,1,0,1,1
0.00438116,0,1,0,0,1,1,0,0,0,1,0,0,1,0,0,0
0.00438118,0,1,0,0,1,1,0,0,0,1,0,0,1,1,0,0
0.00438169,1,1,0,1,1,1,0,0,0,1,0,0,1,1,0,0
0.0043817,1,1,1,1,1,1,0,0,0,1,0,0,1,1,0,0
0.00438172,1,1,1,1,1,1,1,1,0,1,0,0,1,1,0,0
0.00438177,1,1,1,1,1,0,1,0,0,1,0,0,1,1,0,0
0.00438181,1,1,1,1,1,0,1,1,0,1,0,0,1,1,0,0
0.00438182,1,1,1,1,1,0,1,0,0,1,0,0,1,1,0,0
0.00438268,1,1,1,1,1,1,1,0,0,1,0,0,1,1,0,0
0.00438271,1,1,1,1,1,1,1,1,0,1,0,0,1,1,0,0
0.00438272,1,1,1,1,1,0,1,0,0,1,0,0,1,1,0,0
0.00438273,1,1,0,1,0,0,0,0,0,1,0,0,1,1,0,0
0.00438366,1,1,1,1,0,0,0,0,0,1,0,0,1,1,0,0
0.00438367,1,1,1,1,0,1,1,0,0,1,0,0,1,1,0,0
0.00438368,1,1,1,1,1,1,1,1,0,1,0,0,1,1,0,0
0.00438464,1,1,1,1,1,1,0,0,0,1,0,0,1,1,0,0
0.00438466,0,0,0,1,1,1,1,0,0,1,0,0,1,1,0,0
0.00438467,0,0,0,1,1,0,1,0,0,1,0,0,1,1,0,0
0.00438507,0,0,0,1,1,0,1,0,0,0,0,0,1,0,0,0
0.00438508,0,0,0,1,1,0,1,0,0,0,0,1,1,0,1,0
0.00438562,1,1,1,1,1,0,1,0,0,0,0,1,1,0,1,0
0.00438563,1,1,1,1,1,1,1,1,0,0,0,1,1,0,1,0
0.00438566,1,1,0,1,1,1,0,0,0,0,0,1,1,0,1,0
0.00438567,1,1,0,0,0,1,0,0,0,0,0,1,1,0,1,0
0.00438661,1,1,1,1,1,1,1,1,0,0,0,1,1,0,1,0
0.00438703,1,1,1,1,1,1,1,1,1,1,1,1,1,1,1,1
