; CSV, generated by libsigrok4DSL 0.2.0 on Tue Oct  6 09:11:44 2026
; Channels (16/16)
; Sample rate: 100 MHz
; Sample count: 16.777216 M Samples
Time(s), MDR0, MDR1, MDR2, MDR3, MDR4, MDR5, MDR6, MDR7, IRB0, IRB1, IRB2, IRB3, IRB4, IRB5, IRB6, IRB7
0.00132067,1,0,0,0,1,0,0,0,1,0,0,0,1,0,0,0
0.00132127,1,0,0,0,1,0,0,0,0,0,0,0,1,0,0,0
0.00132128,1,0,0,0,1,0,0,0,1,0,0,0,1,0,0,0
0.0013242,1,0,0,0,1,0,0,0,0,0,0,0,1,0,0,0
0.00132421,1,0,0,0,1,0,0,0,1,0,0,0,1,0,0,0
0.00132713,1,0,0,0,1,0,0,0,0,0,0,0,1,0,0,0
0.00132714,1,0,0,0,1,0,0,0,1,0,0,0,1,0,0,0
0.00132908,1,0,0,0,1,0,0,0,0,0,0,0,1,0,0,0
0.00132909,1,0,0,0,1,0,0,0,1,0,0,0,1,0,0,0
0.00133201,1,0,0,0,1,0,0,0,0,0,0,0,1,0,0,0
0.00133202,1,0,0,0,1,0,0,0,1,0,0,0,1,0,0,0
0.00133494,1,0,0,0,1,0,0,0,0,0,0,0,1,0,0,0
0.00133495,1,0,0,0,1,0,0,0,1,0,0,0,1,0,0,0
0.00133787,1,0,0,0,1,0,0,0,0,0,0,0,1,0,0,0
0.00133788,1,0,0,0,1,0,0,0,1,0,0,0,1,0,0,0
0.00133982,1,0,0,0,1,0,0,0,0,0,0,0,1,0,0,0
0.00133983,1,0,0,0,1,0,0,0,1,0,0,0,1,0,0,0
0.00134275,1,0,0,0,1,0,0,0,0,0,0,0,1,0,0,0
0.00134276,1,0,0,0,1,0,0,0,1,0,0,0,1,0,0,0
0.00134568,1,0,0,0,1,0,0,0,0,0,0,0,1,0,0,0
0.00134569,1,0,0,0,1,0,0,0,1,0,0,0,1,0,0,0
0.00134763,1,0,0,0,1,0,0,0,0,0,0,0,1,0,0,0
0.00134764,1,0,0,0,1,0,0,0,1,0,0,0,1,0,0,0
0.00135056,1,0,0,0,1,0,0,0,0,0,0,0,1,0,0,0
0.00135057,1,0,0,0,1,0,0,0,1,0,0,0,1,0,0,0
0.00135349,1,0,0,0,1,0,0,0,0,0,0,0,1,0,0,0
0.0013535,1,0,0,0,1,0,0,0,1,0,0,0,1,0,0,0
0.00135642,1,0,0,0,1,0,0,0,0,0,0,0,1,0,0,0
0.00135643,1,0,0,0,1,0,0,0,1,0,0,0,1,0,0,0
0.00135837,1,0,0,0,1,0,0,0,0,0,0,0,1,0,0,0
0.00135838,1,0,0,0,1,0,0,0,1,0,0,0,1,0,0,0
0.0013613,1,0,0,0,1,0,0,0,0,0,0,0,1,0,0,0
0.00136131,1,0,0,0,1,0,0,0,1,0,0,0,1,0,0,0
0.00136423,1,0,0,0,1,0,0,0,0,0,0,0,1,0,0,0
0.00136424,1,0,0,0,1,0,0,0,1,0,0,0,1,0,0,0
0.00136716,1,0,0,0,1,0,0,0,0,0,0,0,1,0,0,0
0.00136717,1,0,0,0,1,0,0,0,1,0,0,0,1,0,0,0
0.00136911,1,0,0,0,1,0,0,0,0,0,0,0,1,0,0,0
0.00136912,1,0,0,0,1,0,0,0,1,0,0,0,1,0,0,0
0.00137204,1,0,0,0,1,0,0,0,0,0,0,0,1,0,0,0
0.00137205,1,0,0,0,1,0,0,0,1,0,0,0,1,0,0,0
0.00137497,1,0,0,0,1,0,0,0,0,0,0,0,1,0,0,0
0.00137498,1,0,0,0,1,0,0,0,1,0,0,0,1,0,0,0
0.0013779,1,0,0,0,1,0,0,0,0,0,0,0,1,0,0,0
0.00137791,1,0,0,0,1,0,0,0,1,0,0,0,1,0,0,0
0.00137985,1,0,0,0,1,0,0,0,0,0,0,0,1,0,0,0
0.00137986,1,0,0,0,1,0,0,0,1,0,0,0,1,0,0,0
0.00138278,1,0,0,0,1,0,0,0,0,0,0,0,1,0,0,0
0.00138279,1,0,0,0,1,0,0,0,1,0,0,0,1,0,0,0
0.00138571,1,0,0,0,1,0,0,0,0,0,0,0,1,0,0,0
0.00138572,1,0,0,0,1,0,0,0,1,0,0,0,1,0,0,0
0.00138766,1,0,0,0,1,0,0,0,0,0,0,0,1,0,0,0
0.00138767,1,0,0,0,1,0,0,0,1,0,0,0,1,0,0,0
0.00139059,1,0,0,0,1,0,0,0,0,0,0,0,1,0,0,0
0.0013906,1,0,0,0,1,0,0,0,1,0,0,0,1,0,0,0
0.00139352,1,0,0,0,1,0,0,0,0,0,0,0,1,0,0,0
0.00139353,1,0,0,0,1,0,0,0,1,0,0,0,1,0,0,0
0.00139645,1,0,0,0,1,0,0,0,0,0,0,0,1,0,0,0
0.00139646,1,0,0,0,1,0,0,0,1,0,0,0,1,0,0,0
0.0013984,1,0,0,0,1,0,0,0,0,0,0,0,1,0,0,0
0.00139841,1,0,0,0,1,0,0,0,1,0,0,0,1,0,0,0
0.00140133,1,0,0,0,1,0,0,0,0,0,0,0,1,0,0,0
0.00140134,1,0,0,0,1,0,0,0,1,0,0,0,1,0,0,0
0.00140426,1,0,0,0,1,0,0,0,0,0,0,0,1,0,0,0
0.00140427,1,0,0,0,1,0,0,0,1,0,0,0,1,0,0,0
0.00140719,1,0,0,0,1,0,0,0,0,0,0,0,1,0,0,0
0.0014072,1,0,0,0,1,0,0,0,1,0,0,0,1,0,0,0
0.00140914,1,0,0,0,1,0,0,0,0,0,0,0,1,0,0,0
0.00140915,1,0,0,0,1,0,0,0,1,0,0,0,1,0,0,0
0.00141207,1,0,0,0,1,0,0,0,0,0,0,0,1,0,0,0
0.00141208,1,0,0,0,1,0,0,0,1,0,0,0,1,0,0,0
0.001415,1,0,0,0,1,0,0,0,0,0,0,0,1,0,0,0
0.00141501,1,0,0,0,1,0,0,0,1,0,0,0,1,0,0,0
0.00141793,1,0,0,0,1,0,0,0,0,0,0,0,1,0,0,0
0.00141794,1,0,0,0,1,0,0,0,1,0,0,0,1,0,0,0
0.00141988,1,0,0,0,1,0,0,0,0,0,0,0,1,0,0,0
0.00141989,1,0,0,0,1,0,0,0,1,0,0,0,1,0,0,0
0.00142281,1,0,0,0,1,0,0,0,0,0,0,0,1,0,0,0
0.00142282,1,0,0,0,1,0,0,0,1,0,0,0,1,0,0,0
0.00142574,1,0,0,0,1,0,0,0,0,0,0,0,1,0,0,0
0.00142575,1,0,0,0,1,0,0,0,1,0,0,0,1,0,0,0
0.00142769,1,0,0,0,1,0,0,0,0,0,0,0,1,0,0,0
0.0014277,1,0,0,0,1,0,0,0,1,0,0,0,1,0,0,0
0.00142867,1,0,0,0,1,0,0,0,0,0,0,0,1,0,0,0
0.00142868,1,0,0,0,1,0,0,0,1,0,0,0,1,0,0,0
0.00143062,1,0,0,0,1,0,0,0,0,0,0,0,1,0,0,0
0.00143063,1,0,0,0,1,0,0,0,1,0,0,0,1,0,0,0
0.00143355,1,0,0,0,1,0,0,0,0,0,0,0,1,0,0,0
0.00143356,1,0,0,0,1,0,0,0,1,0,0,0,1,0,0,0
0.00143648,1,0,0,0,1,0,0,0,0,0,0,0,1,0,0,0
0.00143649,1,0,0,0,1,0,0,0,1,0,0,0,1,0,0,0
0.00143843,1,0,0,0,1,0,0,0,0,0,0,0,1,0,0,0
0.00143844,1,0,0,0,1,0,0,0,1,0,0,0,1,0,0,0
0.00143941,1,0,0,0,1,0,0,0,0,0,0,0,1,0,0,0
0.00143942,1,0,0,0,1,0,0,0,1,0,0,0,1,0,0,0
0.00144136,1,0,0,0,1,0,0,0,0,0,0,0,1,0,0,0
0.00144137,1,0,0,0,1,0,0,0,1,0,0,0,1,0,0,0
0.00144429,1,0,0,0,1,0,0,0,0,0,0,0,1,0,0,0
0.0014443,1,0,0,0,1,0,0,0,1,0,0,0,1,0,0,0
0.00144722,1,0,0,0,1,0,0,0,0,0,0,0,1,0,0,0
0.00144723,1,0,0,0,1,0,0,0,1,0,0,0,1,0,0,0
0.00144917,1,0,0,0,1,0,0,0,0,0,0,0,1,0,0,0
0.00144918,1,0,0,0,1,0,0,0,1,0,0,0,1,0,0,0
0.0014521,1,0,0,0,1,0,0,0,0,0,0,0,1,0,0,0
0.00145211,1,0,0,0,1,0,0,0,1,0,0,0,1,0,0,0
0.00145503,1,0,0,0,1,0,0,0,0,0,0,0,1,0,0,0
0.00145504,1,0,0,0,1,0,0,0,1,0,0,0,1,0,0,0
0.00145796,1,0,0,0,1,0,0,0,0,0,0,0,1,0,0,0
0.00145797,1,0,0,0,1,0,0,0,1,0,0,0,1,0,0,0
0.00145991,1,0,0,0,1,0,0,0,0,0,0,0,1,0,0,0
0.00145992,1,0,0,0,1,0,0,0,1,0,0,0,1,0,0,0
0.00146284,1,0,0,0,1,0,0,0,0,0,0,0,1,0,0,0
0.00146285,1,0,0,0,1,0,0,0,1,0,0,0,1,0,0,0
0.00146577,1,0,0,0,1,0,0,0,0,0,0,0,1,0,0,0
0.00146578,1,0,0,0,1,0,0,0,1,0,0,0,1,0,0,0
0.0014687,1,0,0,0,1,0,0,0,0,0,0,0,1,0,0,0
0.00146871,1,0,0,0,1,0,0,0,1,0,0,0,1,0,0,0
0.00147065,1,0,0,0,1,0,0,0,0,0,0,0,1,0,0,0
0.00147066,1,0,0,0,1,0,0,0,1,0,0,0,1,0,0,0
0.00147358,1,0,0,0,1,0,0,0,0,0,0,0,1,0,0,0
0.00147359,1,0,0,0,1,0,0,0,1,0,0,0,1,0,0,0
0.00147651,1,0,0,0,1,0,0,0,0,0,0,0,1,0,0,0
0.00147652,1,0,0,0,1,0,0,0,1,0,0,0,1,0,0,0
0.00147846,1,0,0,0,1,0,0,0,0,0,0,0,1,0,0,0
0.00147847,1,0,0,0,1,0,0,0,1,0,0,0,1,0,0,0
0.00148139,1,0,0,0,1,0,0,0,0,0,0,0,1,0,0,0
0.0014814,1,0,0,0,1,0,0,0,1,0,0,0,1,0,0,0
0.00148432,1,0,0,0,1,0,0,0,0,0,0,0,1,0,0,0
0.00148433,1,0,0,0,1,0,0,0,1,0,0,0,1,0,0,0
0.00148725,1,0,0,0,1,0,0,0,0,0,0,0,1,0,0,0
0.00148726,1,0,0,0,1,0,0,0,1,0,0,0,1,0,0,0
0.0014892,1,0,0,0,1,0,0,0,0,0,0,0,1,0,0,0
0.00148921,1,0,0,0,1,0,0,0,1,0,0,0,1,0,0,0
0.00149213,1,0,0,0,1,0,0,0,0,0,0,0,1,0,0,0
0.00149214,1,0,0,0,1,0,0,0,1,0,0,0,1,0,0,0
0.00149506,1,0,0,0,1,0,0,0,0,0,0,0,1,0,0,0
0.00149507,1,0,0,0,1,0,0,0,1,0,0,0,1,0,0,0
0.00149799,1,0,0,0,1,0,0,0,0,0,0,0,1,0,0,0
0.001498,1,0,0,0,1,0,0,0,1,0,0,0,1,0,0,0
0.00149994,1,0,0,0,1,0,0,0,0,0,0,0,1,0,0,0
0.00149995,1,0,0,0,1,0,0,0,1,0,0,0,1,0,0,0
0.00150287,1,0,0,0,1,0,0,0,0,0,0,0,1,0,0,0
0.00150288,1,0,0,0,1,0,0,0,1,0,0,0,1,0,0,0
0.0015058,1,0,0,0,1,0,0,0,0,0,0,0,1,0,0,0
0.00150581,1,0,0,0,1,0,0,0,1,0,0,0,1,0,0,0
0.00150873,1,0,0,0,1,0,0,0,0,0,0,0,1,0,0,0
0.00150874,1,0,0,0,1,0,0,0,1,0,0,0,1,0,0,0
0.00151068,1,0,0,0,1,0,0,0,0,0,0,0,1,0,0,0
0.00151069,1,0,0,0,1,0,0,0,1,0,0,0,1,0,0,0
0.00151361,1,0,0,0,1,0,0,0,0,0,0,0,1,0,0,0
0.00151362,1,0,0,0,1,0,0,0,1,0,0,0,1,0,0,0
0.00151654,1,0,0,0,1,0,0,0,0,0,0,0,1,0,0,0
0.00151655,1,0,0,0,1,0,0,0,1,0,0,0,1,0,0,0
0.00151849,1,0,0,0,1,0,0,0,0,0,0,0,1,0,0,0
0.0015185,1,0,0,0,1,0,0,0,1,0,0,0,1,0,0,0
0.00152142,1,0,0,0,1,0,0,0,0,0,0,0,1,0,0,0
0.00152143,1,0,0,0,1,0,0,0,1,0,0,0,1,0,0,0
0.00152435,1,0,0,0,1,0,0,0,0,0,0,0,1,0,0,0
0.00152436,1,0,0,0,1,0,0,0,1,0,0,0,1,0,0,0
0.00152728,1,0,0,0,1,0,0,0,0,0,0,0,1,0,0,0
0.00152729,1,0,0,0,1,0,0,0,1,0,0,0,1,0,0,0
0.00152923,1,0,0,0,1,0,0,0,0,0,0,0,1,0,0,0
0.00152924,1,0,0,0,1,0,0,0,1,0,0,0,1,0,0,0
0.00153216,1,0,0,0,1,0,0,0,0,0,0,0,1,0,0,0
0.00153217,1,0,0,0,1,0,0,0,1,0,0,0,1,0,0,0
0.00153509,1,0,0,0,1,0,0,0,0,0,0,0,1,0,0,0
0.0015351,1,0,0,0,1,0,0,0,1,0,0,0,1,0,0,0
0.00153802,1,0,0,0,1,0,0,0,0,0,0,0,1,0,0,0
0.00153803,1,0,0,0,1,0,0,0,1,0,0,0,1,0,0,0
0.00153997,1,0,0,0,1,0,0,0,0,0,0,0,1,0,0,0
0.00153998,1,0,0,0,1,0,0,0,1,0,0,0,1,0,0,0
0.0015429,1,0,0,0,1,0,0,0,0,0,0,0,1,0,0,0
0.00154291,1,0,0,0,1,0,0,0,1,0,0,0,1,0,0,0
0.00154583,1,0,0,0,1,0,0,0,0,0,0,0,1,0,0,0
0.00154584,1,0,0,0,1,0,0,0,1,0,0,0,1,0,0,0
0.00154876,1,0,0,0,1,0,0,0,0,0,0,0,1,0,0,0
0.00154877,1,0,0,0,1,0,0,0,1,0,0,0,1,0,0,0
0.00155071,1,0,0,0,1,0,0,0,0,0,0,0,1,0,0,0
0.00155072,1,0,0,0,1,0,0,0,1,0,0,0,1,0,0,0
0.00155364,1,0,0,0,1,0,0,0,0,0,0,0,1,0,0,0
0.00155365,1,0,0,0,1,0,0,0,1,0,0,0,1,0,0,0
0.00155657,1,0,0,0,1,0,0,0,0,0,0,0,1,0,0,0
0.00155658,1,0,0,0,1,0,0,0,1,0,0,0,1,0,0,0
0.00155852,1,0,0,0,1,0,0,0,0,0,0,0,1,0,0,0
0.00155853,1,0,0,0,1,0,0,0,1,0,0,0,1,0,0,0
0.00156145,1,0,0,0,1,0,0,0,0,0,0,0,1,0,0,0
0.00156146,1,0,0,0,1,0,0,0,1,0,0,0,1,0,0,0
0.00156438,1,0,0,0,1,0,0,0,0,0,0,0,1,0,0,0
0.00156439,1,0,0,0,1,0,0,0,1,0,0,0,1,0,0,0
0.00156731,1,0,0,0,1,0,0,0,0,0,0,0,1,0,0,0
0.00156732,1,0,0,0,1,0,0,0,1,0,0,0,1,0,0,0
0.00156926,1,0,0,0,1,0,0,0,0,0,0,0,1,0,0,0
0.00156927,1,0,0,0,1,0,0,0,1,0,0,0,1,0,0,0
0.00157219,1,0,0,0,1,0,0,0,0,0,0,0,1,0,0,0
0.0015722,1,0,0,0,1,0,0,0,1,0,0,0,1,0,0,0
0.00157512,1,0,0,0,1,0,0,0,0,0,0,0,1,0,0,0
0.00157513,1,0,0,0,1,0,0,0,1,0,0,0,1,0,0,0
0.00157805,1,0,0,0,1,0,0,0,0,0,0,0,1,0,0,0
0.00157806,1,0,0,0,1,0,0,0,1,0,0,0,1,0,0,0
0.00158,1,0,0,0,1,0,0,0,0,0,0,0,1,0,0,0
0.00158001,1,0,0,0,1,0,0,0,1,0,0,0,1,0,0,0
0.00158293,1,0,0,0,1,0,0,0,0,0,0,0,1,0,0,0
0.00158294,1,0,0,0,1,0,0,0,1,0,0,0,1,0,0,0
0.00158586,1,0,0,0,1,0,0,0,0,0,0,0,1,0,0,0
0.00158587,1,0,0,0,1,0,0,0,1,0,0,0,1,0,0,0
0.00158879,1,0,0,0,1,0,0,0,0,0,0,0,1,0,0,0
0.0015888,1,0,0,0,1,0,0,0,1,0,0,0,1,0,0,0
0.00159074,1,0,0,0,1,0,0,0,0,0,0,0,1,0,0,0
0.00159075,1,0,0,0,1,0,0,0,1,0,0,0,1,0,0,0
0.00159367,1,0,0,0,1,0,0,0,0,0,0,0,1,0,0,0
0.00159368,1,0,0,0,1,0,0,0,1,0,0,0,1,0,0,0
0.0015966,1,0,0,0,1,0,0,0,0,0,0,0,1,0,0,0
0.00159661,1,0,0,0,1,0,0,0,1,0,0,0,1,0,0,0
0.00160148,1,0,0,0,1,0,0,0,0,0,0,0,1,0,0,0
0.00160149,1,0,0,0,1,0,0,0,1,0,0,0,1,0,0,0
0.00160441,1,0,0,0,1,0,0,0,0,0,0,0,1,0,0,0
0.00160442,1,0,0,0,1,0,0,0,1,0,0,0,1,0,0,0
0.00160734,1,0,0,0,1,0,0,0,0,0,0,0,1,0,0,0
0.00160735,1,0,0,0,1,0,0,0,1,0,0,0,1,0,0,0
0.00160929,1,0,0,0,1,0,0,0,0,0,0,0,1,0,0,0
0.0016093,1,0,0,0,1,0,0,0,1,0,0,0,1,0,0,0
0.00161222,1,0,0,0,1,0,0,0,0,0,0,0,1,0,0,0
0.00161223,1,0,0,0,1,0,0,0,1,0,0,0,1,0,0,0
0.00161515,1,0,0,0,1,0,0,0,0,0,0,0,1,0,0,0
0.00161516,1,0,0,0,1,0,0,0,1,0,0,0,1,0,0,0
0.00161808,1,0,0,0,1,0,0,0,0,0,0,0,1,0,0,0
0.00161809,1,0,0,0,1,0,0,0,1,0,0,0,1,0,0,0
0.00162003,1,0,0,0,1,0,0,0,0,0,0,0,1,0,0,0
0.00162004,1,0,0,0,1,0,0,0,1,0,0,0,1,0,0,0
0.00162296,1,0,0,0,1,0,0,0,0,0,0,0,1,0,0,0
0.00162297,1,0,0,0,1,0,0,0,1,0,0,0,1,0,0,0
0.00162589,1,0,0,0,1,0,0,0,0,0,0,0,1,0,0,0
0.0016259,1,0,0,0,1,0,0,0,1,0,0,0,1,0,0,0
0.00162882,1,0,0,0,1,0,0,0,0,0,0,0,1,0,0,0
0.00162883,1,0,0,0,1,0,0,0,1,0,0,0,1,0,0,0
0.00163077,1,0,0,0,1,0,0,0,0,0,0,0,1,0,0,0
0.00163078,1,0,0,0,1,0,0,0,1,0,0,0,1,0,0,0
0.0016337,1,0,0,0,1,0,0,0,0,0,0,0,1,0,0,0
0.00163371,1,0,0,0,1,0,0,0,1,0,0,0,1,0,0,0
0.00163663,1,0,0,0,1,0,0,0,0,0,0,0,1,0,0,0
0.00163664,1,0,0,0,1,0,0,0,1,0,0,0,1,0,0,0
0.00163956,1,0,0,0,1,0,0,0,0,0,0,0,1,0,0,0
0.00163957,1,0,0,0,1,0,0,0,1,0,0,0,1,0,0,0
0.00164151,1,0,0,0,1,0,0,0,0,0,0,0,1,0,0,0
0.00164152,1,0,0,0,1,0,0,0,1,0,0,0,1,0,0,0
0.00164444,1,0,0,0,1,0,0,0,0,0,0,0,1,0,0,0
0.00164445,1,0,0,0,1,0,0,0,1,0,0,0,1,0,0,0
0.00164737,1,0,0,0,1,0,0,0,0,0,0,0,1,0,0,0
0.00164738,1,0,0,0,1,0,0,0,1,0,0,0,1,0,0,0
0.00164932,1,0,0,0,1,0,0,0,0,0,0,0,1,0,0,0
0.00164933,1,0,0,0,1,0,0,0,1,0,0,0,1,0,0,0
0.00165225,1,0,0,0,1,0,0,0,0,0,0,0,1,0,0,0
0.00165226,1,0,0,0,1,0,0,0,1,0,0,0,1,0,0,0
0.00165518,1,0,0,0,1,0,0,0,0,0,0,0,1,0,0,0
0.00165519,1,0,0,0,1,0,0,0,1,0,0,0,1,0,0,0
0.00165811,1,0,0,0,1,0,0,0,0,0,0,0,1,0,0,0
0.00165812,1,0,0,0,1,0,0,0,1,0,0,0,1,0,0,0
0.00166006,1,0,0,0,1,0,0,0,0,0,0,0,1,0,0,0
0.00166007,1,0,0,0,1,0,0,0,1,0,0,0,1,0,0,0
0.00166299,1,0,0,0,1,0,0,0,0,0,0,0,1,0,0,0
0.001663,1,0,0,0,1,0,0,0,1,0,0,0,1,0,0,0
0.00166592,1,0,0,0,1,0,0,0,0,0,0,0,1,0,0,0
0.00166593,1,0,0,0,1,0,0,0,1,0,0,0,1,0,0,0
0.00166885,1,0,0,0,1,0,0,0,0,0,0,0,1,0,0,0
0.00166886,1,0,0,0,1,0,0,0,1,0,0,0,1,0,0,0
0.0016708,1,0,0,0,1,0,0,0,0,0,0,0,1,0,0,0
0.00167081,1,0,0,0,1,0,0,0,1,0,0,0,1,0,0,0
0.00167373,1,0,0,0,1,0,0,0,0,0,0,0,1,0,0,0
0.00167374,1,0,0,0,1,0,0,0,1,0,0,0,1,0,0,0
0.00167666,1,0,0,0,1,0,0,0,0,0,0,0,1,0,0,0
0.00167667,1,0,0,0,1,0,0,0,1,0,0,0,1,0,0,0
0.00167959,1,0,0,0,1,0,0,0,0,0,0,0,1,0,0,0
0.0016796,1,0,0,0,1,0,0,0,1,0,0,0,1,0,0,0
0.00168154,1,0,0,0,1,0,0,0,0,0,0,0,1,0,0,0
0.00168155,1,0,0,0,1,0,0,0,1,0,0,0,1,0,0,0
0.00168447,1,0,0,0,1,0,0,0,0,0,0,0,1,0,0,0
0.00168448,1,0,0,0,1,0,0,0,1,0,0,0,1,0,0,0
0.0016874,1,0,0,0,1,0,0,0,0,0,0,0,1,0,0,0
0.00168741,1,0,0,0,1,0,0,0,1,0,0,0,1,0,0,0
0.00168935,1,0,0,0,1,0,0,0,0,0,0,0,1,0,0,0
0.00168936,1,0,0,0,1,0,0,0,1,0,0,0,1,0,0,0
0.00169033,1,0,0,0,1,0,0,0,0,0,0,0,1,0,0,0
0.00169034,1,0,0,0,1,0,0,0,1,0,0,0,1,0,0,0
0.00169228,1,0,0,0,1,0,0,0,0,0,0,0,1,0,0,0
0.00169229,1,0,0,0,1,0,0,0,1,0,0,0,1,0,0,0
0.00169521,1,0,0,0,1,0,0,0,0,0,0,0,1,0,0,0
0.00169522,1,0,0,0,1,0,0,0,1,0,0,0,1,0,0,0
0.00169814,1,0,0,0,1,0,0,0,0,0,0,0,1,0,0,0
0.00169815,1,0,0,0,1,0,0,0,1,0,0,0,1,0,0,0
0.00170009,1,0,0,0,1,0,0,0,0,0,0,0,1,0,0,0
0.0017001,1,0,0,0,1,0,0,0,1,0,0,0,1,0,0,0
0.00170302,1,0,0,0,1,0,0,0,0,0,0,0,1,0,0,0
0.00170303,1,0,0,0,1,0,0,0,1,0,0,0,1,0,0,0
0.00170595,1,0,0,0,1,0,0,0,0,0,0,0,1,0,0,0
0.00170596,1,0,0,0,1,0,0,0,1,0,0,0,1,0,0,0
0.00170888,1,0,0,0,1,0,0,0,0,0,0,0,1,0,0,0
0.00170889,1,0,0,0,1,0,0,0,1,0,0,0,1,0,0,0
0.00171083,1,0,0,0,1,0,0,0,0,0,0,0,1,0,0,0
0.00171084,1,0,0,0,1,0,0,0,1,0,0,0,1,0,0,0
0.00171376,1,0,0,0,1,0,0,0,0,0,0,0,1,0,0,0
0.00171377,1,0,0,0,1,0,0,0,1,0,0,0,1,0,0,0
0.00171669,1,0,0,0,1,0,0,0,0,0,0,0,1,0,0,0
0.0017167,1,0,0,0,1,0,0,0,1,0,0,0,1,0,0,0
0.00171962,1,0,0,0,1,0,0,0,0,0,0,0,1,0,0,0
0.00171963,1,0,0,0,1,0,0,0,1,0,0,0,1,0,0,0
0.00172157,1,0,0,0,1,0,0,0,0,0,0,0,1,0,0,0
0.00172158,1,0,0,0,1,0,0,0,1,0,0,0,1,0,0,0
0.0017245,1,0,0,0,1,0,0,0,0,0,0,0,1,0,0,0
0.00172451,1,0,0,0,1,0,0,0,1,0,0,0,1,0,0,0
0.00172743,1,0,0,0,1,0,0,0,0,0,0,0,1,0,0,0
0.00172744,1,0,0,0,1,0,0,0,1,0,0,0,1,0,0,0
0.00172938,1,0,0,0,1,0,0,0,0,0,0,0,1,0,0,0
0.00172939,1,0,0,0,1,0,0,0,1,0,0,0,1,0,0,0
0.00173036,1,0,0,0,1,0,0,0,0,0,0,0,1,0,0,0
0.00173037,1,0,0,0,1,0,0,0,1,0,0,0,1,0,0,0
0.00173231,1,0,0,0,1,0,0,0,0,0,0,0,1,0,0,0
0.00173232,1,0,0,0,1,0,0,0,1,0,0,0,1,0,0,0
0.00173524,1,0,0,0,1,0,0,0,0,0,0,0,1,0,0,0
0.00173525,1,0,0,0,1,0,0,0,1,0,0,0,1,0,0,0
0.00173817,1,0,0,0,1,0,0,0,0,0,0,0,1,0,0,0
0.00173818,1,0,0,0,1,0,0,0,1,0,0,0,1,0,0,0
0.00174012,1,0,0,0,1,0,0,0,0,0,0,0,1,0,0,0
0.00174013,1,0,0,0,1,0,0,0,1,0,0,0,1,0,0,0
0.00174305,1,0,0,0,1,0,0,0,0,0,0,0,1,0,0,0
0.00174306,1,0,0,0,1,0,0,0,1,0,0,0,1,0,0,0
0.00174598,1,0,0,0,1,0,0,0,0,0,0,0,1,0,0,0
0.00174599,1,0,0,0,1,0,0,0,1,0,0,0,1,0,0,0
0.00174891,1,0,0,0,1,0,0,0,0,0,0,0,1,0,0,0
0.00174892,1,0,0,0,1,0,0,0,1,0,0,0,1,0,0,0
0.00175086,1,0,0,0,1,0,0,0,0,0,0,0,1,0,0,0
0.00175087,1,0,0,0,1,0,0,0,1,0,0,0,1,0,0,0
0.00175379,1,0,0,0,1,0,0,0,0,0,0,0,1,0,0,0
0.0017538,1,0,0,0,1,0,0,0,1,0,0,0,1,0,0,0
0.00175672,1,0,0,0,1,0,0,0,0,0,0,0,1,0,0,0
0.00175673,1,0,0,0,1,0,0,0,1,0,0,0,1,0,0,0
0.00175965,1,0,0,0,1,0,0,0,0,0,0,0,1,0,0,0
0.00175966,1,0,0,0,1,0,0,0,1,0,0,0,1,0,0,0
0.0017616,1,0,0,0,1,0,0,0,0,0,0,0,1,0,0,0
0.00176161,1,0,0,0,1,0,0,0,1,0,0,0,1,0,0,0
0.00176453,1,0,0,0,1,0,0,0,0,0,0,0,1,0,0,0
0.00176454,1,0,0,0,1,0,0,0,1,0,0,0,1,0,0,0
0.00176746,1,0,0,0,1,0,0,0,0,0,0,0,1,0,0,0
0.00176747,1,0,0,0,1,0,0,0,1,0,0,0,1,0,0,0
0.00177039,1,0,0,0,1,0,0,0,0,0,0,0,1,0,0,0
0.0017704,1,0,0,0,1,0,0,0,1,0,0,0,1,0,0,0
0.00177234,1,0,0,0,1,0,0,0,0,0,0,0,1,0,0,0
0.00177235,1,0,0,0,1,0,0,0,1,0,0,0,1,0,0,0
0.00177527,1,0,0,0,1,0,0,0,0,0,0,0,1,0,0,0
0.00177528,1,0,0,0,1,0,0,0,1,0,0,0,1,0,0,0
0.0017782,1,0,0,0,1,0,0,0,0,0,0,0,1,0,0,0
0.00177821,1,0,0,0,1,0,0,0,1,0,0,0,1,0,0,0
0.00178308,1,0,0,0,1,0,0,0,0,0,0,0,1,0,0,0
0.00178309,1,0,0,0,1,0,0,0,1,0,0,0,1,0,0,0
0.00178601,1,0,0,0,1,0,0,0,0,0,0,0,1,0,0,0
0.00178602,1,0,0,0,1,0,0,0,1,0,0,0,1,0,0,0
0.00178894,1,0,0,0,1,0,0,0,0,0,0,0,1,0,0,0
0.00178895,1,0,0,0,1,0,0,0,1,0,0,0,1,0,0,0
0.00179089,1,0,0,0,1,0,0,0,0,0,0,0,1,0,0,0
0.0017909,1,0,0,0,1,0,0,0,1,0,0,0,1,0,0,0
0.00179382,1,0,0,0,1,0,0,0,0,0,0,0,1,0,0,0
0.00179383,1,0,0,0,1,0,0,0,1,0,0,0,1,0,0,0
0.00179675,1,0,0,0,1,0,0,0,0,0,0,0,1,0,0,0
0.00179676,1,0,0,0,1,0,0,0,1,0,0,0,1,0,0,0
0.00179968,1,0,0,0,1,0,0,0,0,0,0,0,1,0,0,0
0.00179969,1,0,0,0,1,0,0,0,1,0,0,0,1,0,0,0
0.00180163,1,0,0,0,1,0,0,0,0,0,0,0,1,0,0,0
0.00180164,1,0,0,0,1,0,0,0,1,0,0,0,1,0,0,0
0.00180456,1,0,0,0,1,0,0,0,0,0,0,0,1,0,0,0
0.00180457,1,0,0,0,1,0,0,0,1,0,0,0,1,0,0,0
0.00180749,1,0,0,0,1,0,0,0,0,0,0,0,1,0,0,0
0.0018075,1,0,0,0,1,0,0,0,1,0,0,0,1,0,0,0
0.00181042,1,0,0,0,1,0,0,0,0,0,0,0,1,0,0,0
0.00181043,1,0,0,0,1,0,0,0,1,0,0,0,1,0,0,0
0.00181237,1,0,0,0,1,0,0,0,0,0,0,0,1,0,0,0
0.00181238,1,0,0,0,1,0,0,0,1,0,0,0,1,0,0,0
0.0018153,1,0,0,0,1,0,0,0,0,0,0,0,1,0,0,0
0.00181531,1,0,0,0,1,0,0,0,1,0,0,0,1,0,0,0
0.00181823,1,0,0,0,1,0,0,0,0,0,0,0,1,0,0,0
0.00181824,1,0,0,0,1,0,0,0,1,0,0,0,1,0,0,0
0.00182018,1,0,0,0,1,0,0,0,0,0,0,0,1,0,0,0
0.00182019,1,0,0,0,1,0,0,0,1,0,0,0,1,0,0,0
0.00182311,1,0,0,0,1,0,0,0,0,0,0,0,1,0,0,0
0.00182312,1,0,0,0,1,0,0,0,1,0,0,0,1,0,0,0
0.00182604,1,0,0,0,1,0,0,0,0,0,0,0,1,0,0,0
0.00182605,1,0,0,0,1,0,0,0,1,0,0,0,1,0,0,0
0.00182897,1,0,0,0,1,0,0,0,0,0,0,0,1,0,0,0
0.00182898,1,0,0,0,1,0,0,0,1,0,0,0,1,0,0,0
0.00183092,1,0,0,0,1,0,0,0,0,0,0,0,1,0,0,0
0.00183093,1,0,0,0,1,0,0,0,1,0,0,0,1,0,0,0
0.00183385,1,0,0,0,1,0,0,0,0,0,0,0,1,0,0,0
0.00183386,1,0,0,0,1,0,0,0,1,0,0,0,1,0,0,0
0.00183678,1,0,0,0,1,0,0,0,0,0,0,0,1,0,0,0
0.00183679,1,0,0,0,1,0,0,0,1,0,0,0,1,0,0,0
0.00183971,1,0,0,0,1,0,0,0,0,0,0,0,1,0,0,0
0.00183972,1,0,0,0,1,0,0,0,1,0,0,0,1,0,0,0
0.00184166,1,0,0,0,1,0,0,0,0,0,0,0,1,0,0,0
0.00184167,1,0,0,0,1,0,0,0,1,0,0,0,1,0,0,0
0.00184459,1,0,0,0,1,0,0,0,0,0,0,0,1,0,0,0
0.0018446,1,0,0,0,1,0,0,0,1,0,0,0,1,0,0,0
0.00184752,1,0,0,0,1,0,0,0,0,0,0,0,1,0,0,0
0.00184753,1,0,0,0,1,0,0,0,1,0,0,0,1,0,0,0
0.00185045,1,0,0,0,1,0,0,0,0,0,0,0,1,0,0,0
0.00185046,1,0,0,0,1,0,0,0,1,0,0,0,1,0,0,0
0.0018524,1,0,0,0,1,0,0,0,0,0,0,0,1,0,0,0
0.00185241,1,0,0,0,1,0,0,0,1,0,0,0,1,0,0,0
0.00185533,1,0,0,0,1,0,0,0,0,0,0,0,1,0,0,0
0.00185534,1,0,0,0,1,0,0,0,1,0,0,0,1,0,0,0
0.00185826,1,0,0,0,1,0,0,0,0,0,0,0,1,0,0,0
0.00185827,1,0,0,0,1,0,0,0,1,0,0,0,1,0,0,0
0.00186021,1,0,0,0,1,0,0,0,0,0,0,0,1,0,0,0
0.00186022,1,0,0,0,1,0,0,0,1,0,0,0,1,0,0,0
0.00186119,1,0,0,0,1,0,0,0,0,0,0,0,1,0,0,0
0.0018612,1,0,0,0,1,0,0,0,1,0,0,0,1,0,0,0
0.00186314,1,0,0,0,1,0,0,0,0,0,0,0,1,0,0,0
0.00186315,1,0,0,0,1,0,0,0,1,0,0,0,1,0,0,0
0.00186607,1,0,0,0,1,0,0,0,0,0,0,0,1,0,0,0
0.00186608,1,0,0,0,1,0,0,0,1,0,0,0,1,0,0,0
0.001869,1,0,0,0,1,0,0,0,0,0,0,0,1,0,0,0
0.00186901,1,0,0,0,1,0,0,0,1,0,0,0,1,0,0,0
0.00187095,1,0,0,0,1,0,0,0,0,0,0,0,1,0,0,0
0.00187096,1,0,0,0,1,0,0,0,1,0,0,0,1,0,0,0
0.00187388,1,0,0,0,1,0,0,0,0,0,0,0,1,0,0,0
0.00187389,1,0,0,0,1,0,0,0,1,0,0,0,1,0,0,0
0.00187681,1,0,0,0,1,0,0,0,0,0,0,0,1,0,0,0
0.00187682,1,0,0,0,1,0,0,0,1,0,0,0,1,0,0,0
0.00187974,1,0,0,0,1,0,0,0,0,0,0,0,1,0,0,0
0.00187975,1,0,0,0,1,0,0,0,1,0,0,0,1,0,0,0
0.00188169,1,0,0,0,1,0,0,0,0,0,0,0,1,0,0,0
0.0018817,1,0,0,0,1,0,0,0,1,0,0,0,1,0,0,0
0.00188462,1,0,0,0,1,0,0,0,0,0,0,0,1,0,0,0
0.00188463,1,0,0,0,1,0,0,0,1,0,0,0,1,0,0,0
0.00188755,1,0,0,0,1,0,0,0,0,0,0,0,1,0,0,0
0.00188756,1,0,0,0,1,0,0,0,1,0,0,0,1,0,0,0
0.00189048,1,0,0,0,1,0,0,0,0,0,0,0,1,0,0,0
0.00189049,1,0,0,0,1,0,0,0,1,0,0,0,1,0,0,0
0.00189243,1,0,0,0,1,0,0,0,0,0,0,0,1,0,0,0
0.00189244,1,0,0,0,1,0,0,0,1,0,0,0,1,0,0,0
0.00189536,1,0,0,0,1,0,0,0,0,0,0,0,1,0,0,0
0.00189537,1,0,0,0,1,0,0,0,1,0,0,0,1,0,0,0
0.00189829,1,0,0,0,1,0,0,0,0,0,0,0,1,0,0,0
0.0018983,1,0,0,0,1,0,0,0,1,0,0,0,1,0,0,0
0.00190122,1,0,0,0,1,0,0,0,0,0,0,0,1,0,0,0
0.00190123,1,0,0,0,1,0,0,0,1,0,0,0,1,0,0,0
0.00190317,1,0,0,0,1,0,0,0,0,0,0,0,1,0,0,0
0.00190318,1,0,0,0,1,0,0,0,1,0,0,0,1,0,0,0
0.0019061,1,0,0,0,1,0,0,0,0,0,0,0,1,0,0,0
0.00190611,1,0,0,0,1,0,0,0,1,0,0,0,1,0,0,0
0.00190903,1,0,0,0,1,0,0,0,0,0,0,0,1,0,0,0
0.00190904,1,0,0,0,1,0,0,0,1,0,0,0,1,0,0,0
0.00191098,1,0,0,0,1,0,0,0,0,0,0,0,1,0,0,0
0.00191099,1,0,0,0,1,0,0,0,1,0,0,0,1,0,0,0
0.00191391,1,0,0,0,1,0,0,0,0,0,0,0,1,0,0,0
0.00191392,1,0,0,0,1,0,0,0,1,0,0,0,1,0,0,0
0.00191684,1,0,0,0,1,0,0,0,0,0,0,0,1,0,0,0
0.00191685,1,0,0,0,1,0,0,0,1,0,0,0,1,0,0,0
0.00191977,1,0,0,0,1,0,0,0,0,0,0,0,1,0,0,0
0.00191978,1,0,0,0,1,0,0,0,1,0,0,0,1,0,0,0
0.00192172,1,0,0,0,1,0,0,0,0,0,0,0,1,0,0,0
0.00192173,1,0,0,0,1,0,0,0,1,0,0,0,1,0,0,0
0.00192465,1,0,0,0,1,0,0,0,0,0,0,0,1,0,0,0
0.00192466,1,0,0,0,1,0,0,0,1,0,0,0,1,0,0,0
0.00192758,1,0,0,0,1,0,0,0,0,0,0,0,1,0,0,0
0.00192759,1,0,0,0,1,0,0,0,1,0,0,0,1,0,0,0
0.00193051,1,0,0,0,1,0,0,0,0,0,0,0,1,0,0,0
0.00193052,1,0,0,0,1,0,0,0,1,0,0,0,1,0,0,0
0.00193246,1,0,0,0,1,0,0,0,0,0,0,0,1,0,0,0
0.00193247,1,0,0,0,1,0,0,0,1,0,0,0,1,0,0,0
0.00193539,1,0,0,0,1,0,0,0,0,0,0,0,1,0,0,0
0.0019354,1,0,0,0,1,0,0,0,1,0,0,0,1,0,0,0
0.00193832,1,0,0,0,1,0,0,0,0,0,0,0,1,0,0,0
0.00193833,1,0,0,0,1,0,0,0,1,0,0,0,1,0,0,0
0.00194027,1,0,0,0,1,0,0,0,0,0,0,0,1,0,0,0
0.00194028,1,0,0,0,1,0,0,0,1,0,0,0,1,0,0,0
0.00194125,1,0,0,0,1,0,0,0,0,0,0,0,1,0,0,0
0.00194126,1,0,0,0,1,0,0,0,1,0,0,0,1,0,0,0
0.0019432,1,0,0,0,1,0,0,0,0,0,0,0,1,0,0,0
0.00194321,1,0,0,0,1,0,0,0,1,0,0,0,1,0,0,0
0.00194613,1,0,0,0,1,0,0,0,0,0,0,0,1,0,0,0
0.00194614,1,0,0,0,1,0,0,0,1,0,0,0,1,0,0,0
0.00194906,1,0,0,0,1,0,0,0,0,0,0,0,1,0,0,0
0.00194907,1,0,0,0,1,0,0,0,1,0,0,0,1,0,0,0
0.00195101,1,0,0,0,1,0,0,0,0,0,0,0,1,0,0,0
0.00195102,1,0,0,0,1,0,0,0,1,0,0,0,1,0,0,0
0.00195394,1,0,0,0,1,0,0,0,0,0,0,0,1,0,0,0
0.00195395,1,0,0,0,1,0,0,0,1,0,0,0,1,0,0,0
0.00195687,1,0,0,0,1,0,0,0,0,0,0,0,1,0,0,0
0.00195688,1,0,0,0,1,0,0,0,1,0,0,0,1,0,0,0
0.0019598,1,0,0,0,1,0,0,0,0,0,0,0,1,0,0,0
0.00195981,1,0,0,0,1,0,0,0,1,0,0,0,1,0,0,0
0.00196175,1,0,0,0,1,0,0,0,0,0,0,0,1,0,0,0
0.00196176,1,0,0,0,1,0,0,0,1,0,0,0,1,0,0,0
0.00196468,1,0,0,0,1,0,0,0,0,0,0,0,1,0,0,0
0.00196469,1,0,0,0,1,0,0,0,1,0,0,0,1,0,0,0
0.00196761,1,0,0,0,1,0,0,0,0,0,0,0,1,0,0,0
0.00196762,1,0,0,0,1,0,0,0,1,0,0,0,1,0,0,0
0.00197054,1,0,0,0,1,0,0,0,0,0,0,0,1,0,0,0
0.00197055,1,0,0,0,1,0,0,0,1,0,0,0,1,0,0,0
0.00197249,1,0,0,0,1,0,0,0,0,0,0,0,1,0,0,0
0.0019725,1,0,0,0,1,0,0,0,1,0,0,0,1,0,0,0
0.00197542,1,0,0,0,1,0,0,0,0,0,0,0,1,0,0,0
0.00197543,1,0,0,0,1,0,0,0,1,0,0,0,1,0,0,0
0.00197835,1,0,0,0,1,0,0,0,0,0,0,0,1,0,0,0
0.00197836,1,0,0,0,1,0,0,0,1,0,0,0,1,0,0,0
0.00198128,1,0,0,0,1,0,0,0,0,0,0,0,1,0,0,0
0.00198129,1,0,0,0,1,0,0,0,1,0,0,0,1,0,0,0
0.00198323,1,0,0,0,1,0,0,0,0,0,0,0,1,0,0,0
0.00198324,1,0,0,0,1,0,0,0,1,0,0,0,1,0,0,0
0.00198616,1,0,0,0,1,0,0,0,0,0,0,0,1,0,0,0
0.00198617,1,0,0,0,1,0,0,0,1,0,0,0,1,0,0,0
0.00198909,1,0,0,0,1,0,0,0,0,0,0,0,1,0,0,0
0.0019891,1,0,0,0,1,0,0,0,1,0,0,0,1,0,0,0
0.00199202,1,0,0,0,1,0,0,0,0,0,0,0,1,0,0,0
0.00199203,1,0,0,0,1,0,0,0,1,0,0,0,1,0,0,0
0.00199397,1,0,0,0,1,0,0,0,0,0,0,0,1,0,0,0
0.00199398,1,0,0,0,1,0,0,0,1,0,0,0,1,0,0,0
0.0019969,1,0,0,0,1,0,0,0,0,0,0,0,1,0,0,0
0.00199691,1,0,0,0,1,0,0,0,1,0,0,0,1,0,0,0
0.00199983,1,0,0,0,1,0,0,0,0,0,0,0,1,0,0,0
0.00199984,1,0,0,0,1,0,0,0,1,0,0,0,1,0,0,0
0.00200178,1,0,0,0,1,0,0,0,0,0,0,0,1,0,0,0
0.00200179,1,0,0,0,1,0,0,0,1,0,0,0,1,0,0,0
0.00200471,1,0,0,0,1,0,0,0,0,0,0,0,1,0,0,0
0.00200472,1,0,0,0,1,0,0,0,1,0,0,0,1,0,0,0
0.00200764,1,0,0,0,1,0,0,0,0,0,0,0,1,0,0,0
0.00200765,1,0,0,0,1,0,0,0,1,0,0,0,1,0,0,0
0.00201057,1,0,0,0,1,0,0,0,0,0,0,0,1,0,0,0
0.00201058,1,0,0,0,1,0,0,0,1,0,0,0,1,0,0,0
0.00201252,1,0,0,0,1,0,0,0,0,0,0,0,1,0,0,0
0.00201253,1,0,0,0,1,0,0,0,1,0,0,0,1,0,0,0
0.00201545,1,0,0,0,1,0,0,0,0,0,0,0,1,0,0,0
0.00201546,1,0,0,0,1,0,0,0,1,0,0,0,1,0,0,0
0.00201838,1,0,0,0,1,0,0,0,0,0,0,0,1,0,0,0
0.00201839,1,0,0,0,1,0,0,0,1,0,0,0,1,0,0,0
0.00202131,1,0,0,0,1,0,0,0,0,0,0,0,1,0,0,0
0.00202132,1,0,0,0,1,0,0,0,1,0,0,0,1,0,0,0
0.00202326,1,0,0,0,1,0,0,0,0,0,0,0,1,0,0,0
0.00202327,1,0,0,0,1,0,0,0,1,0,0,0,1,0,0,0
0.00202619,1,0,0,0,1,0,0,0,0,0,0,0,1,0,0,0
0.0020262,1,0,0,0,1,0,0,0,1,0,0,0,1,0,0,0
0.00202912,1,0,0,0,1,0,0,0,0,0,0,0,1,0,0,0
0.00202913,1,0,0,0,1,0,0,0,1,0,0,0,1,0,0,0
0.002034,1,0,0,0,1,0,0,0,0,0,0,0,1,0,0,0
0.00203401,1,0,0,0,1,0,0,0,1,0,0,0,1,0,0,0
0.00203693,1,0,0,0,1,0,0,0,0,0,0,0,1,0,0,0
0.00203694,1,0,0,0,1,0,0,0,1,0,0,0,1,0,0,0
0.00203986,1,0,0,0,1,0,0,0,0,0,0,0,1,0,0,0
0.00203987,1,0,0,0,1,0,0,0,1,0,0,0,1,0,0,0
0.00204181,1,0,0,0,1,0,0,0,0,0,0,0,1,0,0,0
0.00204182,1,0,0,0,1,0,0,0,1,0,0,0,1,0,0,0
0.00204474,1,0,0,0,1,0,0,0,0,0,0,0,1,0,0,0
0.00204475,1,0,0,0,1,0,0,0,1,0,0,0,1,0,0,0
0.00204767,1,0,0,0,1,0,0,0,0,0,0,0,1,0,0,0
0.00204768,1,0,0,0,1,0,0,0,1,0,0,0,1,0,0,0
0.0020506,1,0,0,0,1,0,0,0,0,0,0,0,1,0,0,0
0.00205061,1,0,0,0,1,0,0,0,1,0,0,0,1,0,0,0
0.00205255,1,0,0,0,1,0,0,0,0,0,0,0,1,0,0,0
0.00205256,1,0,0,0,1,0,0,0,1,0,0,0,1,0,0,0
0.00205548,1,0,0,0,1,0,0,0,0,0,0,0,1,0,0,0
0.00205549,1,0,0,0,1,0,0,0,1,0,0,0,1,0,0,0
0.00205841,1,0,0,0,1,0,0,0,0,0,0,0,1,0,0,0
0.00205842,1,0,0,0,1,0,0,0,1,0,0,0,1,0,0,0
0.00206134,1,0,0,0,1,0,0,0,0,0,0,0,1,0,0,0
0.00206135,1,0,0,0,1,0,0,0,1,0,0,0,1,0,0,0
0.00206329,1,0,0,0,1,0,0,0,0,0,0,0,1,0,0,0
0.0020633,1,0,0,0,1,0,0,0,1,0,0,0,1,0,0,0
0.00206622,1,0,0,0,1,0,0,0,0,0,0,0,1,0,0,0
0.00206623,1,0,0,0,1,0,0,0,1,0,0,0,1,0,0,0
0.00206915,1,0,0,0,1,0,0,0,0,0,0,0,1,0,0,0
0.00206916,1,0,0,0,1,0,0,0,1,0,0,0,1,0,0,0
0.00207208,1,0,0,0,1,0,0,0,0,0,0,0,1,0,0,0
0.00207209,1,0,0,0,1,0,0,0,1,0,0,0,1,0,0,0
0.00207403,1,0,0,0,1,0,0,0,0,0,0,0,1,0,0,0
0.00207404,1,0,0,0,1,0,0,0,1,0,0,0,1,0,0,0
0.00207696,1,0,0,0,1,0,0,0,0,0,0,0,1,0,0,0
0.00207697,1,0,0,0,1,0,0,0,1,0,0,0,1,0,0,0
0.00207989,1,0,0,0,1,0,0,0,0,0,0,0,1,0,0,0
0.0020799,1,0,0,0,1,0,0,0,1,0,0,0,1,0,0,0
0.00208184,1,0,0,0,1,0,0,0,0,0,0,0,1,0,0,0
0.00208185,1,0,0,0,1,0,0,0,1,0,0,0,1,0,0,0
0.00208477,1,0,0,0,1,0,0,0,0,0,0,0,1,0,0,0
0.00208478,1,0,0,0,1,0,0,0,1,0,0,0,1,0,0,0
0.0020877,1,0,0,0,1,0,0,0,0,0,0,0,1,0,0,0
0.00208771,1,0,0,0,1,0,0,0,1,0,0,0,1,0,0,0
0.00209063,1,0,0,0,1,0,0,0,0,0,0,0,1,0,0,0
0.00209064,1,0,0,0,1,0,0,0,1,0,0,0,1,0,0,0
0.00209258,1,0,0,0,1,0,0,0,0,0,0,0,1,0,0,0
0.00209259,1,0,0,0,1,0,0,0,1,0,0,0,1,0,0,0
0.00209551,1,0,0,0,1,0,0,0,0,0,0,0,1,0,0,0
0.00209552,1,0,0,0,1,0,0,0,1,0,0,0,1,0,0,0
0.00209844,1,0,0,0,1,0,0,0,0,0,0,0,1,0,0,0
0.00209845,1,0,0,0,1,0,0,0,1,0,0,0,1,0,0,0
0.00210137,1,0,0,0,1,0,0,0,0,0,0,0,1,0,0,0
0.00210138,1,0,0,0,1,0,0,0,1,0,0,0,1,0,0,0
0.00210332,1,0,0,0,1,0,0,0,0,0,0,0,1,0,0,0
0.00210333,1,0,0,0,1,0,0,0,1,0,0,0,1,0,0,0
0.00210625,1,0,0,0,1,0,0,0,0,0,0,0,1,0,0,0
0.00210626,1,0,0,0,1,0,0,0,1,0,0,0,1,0,0,0
0.00210918,1,0,0,0,1,0,0,0,0,0,0,0,1,0,0,0
0.00210919,1,0,0,0,1,0,0,0,1,0,0,0,1,0,0,0
0.00211211,1,0,0,0,1,0,0,0,0,0,0,0,1,0,0,0
0.00211212,1,0,0,0,1,0,0,0,1,0,0,0,1,0,0,0
0.00211406,1,0,0,0,1,0,0,0,0,0,0,0,1,0,0,0
0.00211407,1,0,0,0,1,0,0,0,1,0,0,0,1,0,0,0
0.00211699,1,0,0,0,1,0,0,0,0,0,0,0,1,0,0,0
0.002117,1,0,0,0,1,0,0,0,1,0,0,0,1,0,0,0
0.00211992,1,0,0,0,1,0,0,0,0,0,0,0,1,0,0,0
0.00211993,1,0,0,0,1,0,0,0,1,0,0,0,1,0,0,0
0.00212187,1,0,0,0,1,0,0,0,0,0,0,0,1,0,0,0
0.00212188,1,0,0,0,1,0,0,0,1,0,0,0,1,0,0,0
0.0021248,1,0,0,0,1,0,0,0,0,0,0,0,1,0,0,0
0.00212481,1,0,0,0,1,0,0,0,1,0,0,0,1,0,0,0
0.00212773,1,0,0,0,1,0,0,0,0,0,0,0,1,0,0,0
0.00212774,1,0,0,0,1,0,0,0,1,0,0,0,1,0,0,0
0.00213066,1,0,0,0,1,0,0,0,0,0,0,0,1,0,0,0
0.00213067,1,0,0,0,1,0,0,0,1,0,0,0,1,0,0,0
0.00213261,1,0,0,0,1,0,0,0,0,0,0,0,1,0,0,0
0.00213262,1,0,0,0,1,0,0,0,1,0,0,0,1,0,0,0
0.00213554,1,0,0,0,1,0,0,0,0,0,0,0,1,0,0,0
0.00213555,1,0,0,0,1,0,0,0,1,0,0,0,1,0,0,0
0.00213847,1,0,0,0,1,0,0,0,0,0,0,0,1,0,0,0
0.00213848,1,0,0,0,1,0,0,0,1,0,0,0,1,0,0,0
0.0021414,1,0,0,0,1,0,0,0,0,0,0,0,1,0,0,0
0.00214141,1,0,0,0,1,0,0,0,1,0,0,0,1,0,0,0
0.00214335,1,0,0,0,1,0,0,0,0,0,0,0,1,0,0,0
0.00214336,1,0,0,0,1,0,0,0,1,0,0,0,1,0,0,0
0.00214628,1,0,0,0,1,0,0,0,0,0,0,0,1,0,0,0
0.00214629,1,0,0,0,1,0,0,0,1,0,0,0,1,0,0,0
0.00214921,1,0,0,0,1,0,0,0,0,0,0,0,1,0,0,0
0.00214922,1,0,0,0,1,0,0,0,1,0,0,0,1,0,0,0
0.00215214,1,0,0,0,1,0,0,0,0,0,0,0,1,0,0,0
0.00215215,1,0,0,0,1,0,0,0,1,0,0,0,1,0,0,0
0.00215409,1,0,0,0,1,0,0,0,0,0,0,0,1,0,0,0
0.0021541,1,0,0,0,1,0,0,0,1,0,0,0,1,0,0,0
0.00215702,1,0,0,0,1,0,0,0,0,0,0,0,1,0,0,0
0.00215703,1,0,0,0,1,0,0,0,1,0,0,0,1,0,0,0
0.00215995,1,0,0,0,1,0,0,0,0,0,0,0,1,0,0,0
0.00215996,1,0,0,0,1,0,0,0,1,0,0,0,1,0,0,0
0.0021619,1,0,0,0,1,0,0,0,0,0,0,0,1,0,0,0
0.00216191,1,0,0,0,1,0,0,0,1,0,0,0,1,0,0,0
0.00216288,1,0,0,0,1,0,0,0,0,0,0,0,1,0,0,0
0.00216289,1,0,0,0,1,0,0,0,1,0,0,0,1,0,0,0
0.00216483,1,0,0,0,1,0,0,0,0,0,0,0,1,0,0,0
0.00216484,1,0,0,0,1,0,0,0,1,0,0,0,1,0,0,0
0.00216776,1,0,0,0,1,0,0,0,0,0,0,0,1,0,0,0
0.00216777,1,0,0,0,1,0,0,0,1,0,0,0,1,0,0,0
0.00217069,1,0,0,0,1,0,0,0,0,0,0,0,1,0,0,0
0.0021707,1,0,0,0,1,0,0,0,1,0,0,0,1,0,0,0
0.00217264,1,0,0,0,1,0,0,0,0,0,0,0,1,0,0,0
0.00217265,1,0,0,0,1,0,0,0,1,0,0,0,1,0,0,0
0.00217557,1,0,0,0,1,0,0,0,0,0,0,0,1,0,0,0
0.00217558,1,0,0,0,1,0,0,0,1,0,0,0,1,0,0,0
0.0021785,1,0,0,0,1,0,0,0,0,0,0,0,1,0,0,0
0.00217851,1,0,0,0,1,0,0,0,1,0,0,0,1,0,0,0
0.00218143,1,0,0,0,1,0,0,0,0,0,0,0,1,0,0,0
0.00218144,1,0,0,0,1,0,0,0,1,0,0,0,1,0,0,0
0.00218338,1,0,0,0,1,0,0,0,0,0,0,0,1,0,0,0
0.00218339,1,0,0,0,1,0,0,0,1,0,0,0,1,0,0,0
0.00218631,1,0,0,0,1,0,0,0,0,0,0,0,1,0,0,0
0.00218632,1,0,0,0,1,0,0,0,1,0,0,0,1,0,0,0
0.00218924,1,0,0,0,1,0,0,0,0,0,0,0,1,0,0,0
0.00218925,1,0,0,0,1,0,0,0,1,0,0,0,1,0,0,0
0.00219217,1,0,0,0,1,0,0,0,0,0,0,0,1,0,0,0
0.00219218,1,0,0,0,1,0,0,0,1,0,0,0,1,0,0,0
0.00219412,1,0,0,0,1,0,0,0,0,0,0,0,1,0,0,0
0.00219413,1,0,0,0,1,0,0,0,1,0,0,0,1,0,0,0
0.00219705,1,0,0,0,1,0,0,0,0,0,0,0,1,0,0,0
0.00219706,1,0,0,0,1,0,0,0,1,0,0,0,1,0,0,0
0.00219998,1,0,0,0,1,0,0,0,0,0,0,0,1,0,0,0
0.00219999,1,0,0,0,1,0,0,0,1,0,0,0,1,0,0,0
0.00220291,1,0,0,0,1,0,0,0,0,0,0,0,1,0,0,0
0.00220292,1,0,0,0,1,0,0,0,1,0,0,0,1,0,0,0
0.00220486,1,0,0,0,1,0,0,0,0,0,0,0,1,0,0,0
0.00220487,1,0,0,0,1,0,0,0,1,0,0,0,1,0,0,0
0.00220779,1,0,0,0,1,0,0,0,0,0,0,0,1,0,0,0
0.0022078,1,0,0,0,1,0,0,0,1,0,0,0,1,0,0,0
0.00221072,1,0,0,0,1,0,0,0,0,0,0,0,1,0,0,0
0.00221073,1,0,0,0,1,0,0,0,1,0,0,0,1,0,0,0
0.00221267,1,0,0,0,1,0,0,0,0,0,0,0,1,0,0,0
0.00221268,1,0,0,0,1,0,0,0,1,0,0,0,1,0,0,0
0.00221365,1,0,0,0,1,0,0,0,0,0,0,0,1,0,0,0
0.00221366,1,0,0,0,1,0,0,0,1,0,0,0,1,0,0,0
0.0022156,1,0,0,0,1,0,0,0,0,0,0,0,1,0,0,0
0.00221561,1,0,0,0,1,0,0,0,1,0,0,0,1,0,0,0
0.00221853,1,0,0,0,1,0,0,0,0,0,0,0,1,0,0,0
0.00221854,1,0,0,0,1,0,0,0,1,0,0,0,1,0,0,0
0.00222146,1,0,0,0,1,0,0,0,0,0,0,0,1,0,0,0
0.00222147,1,0,0,0,1,0,0,0,1,0,0,0,1,0,0,0
0.00222341,1,0,0,0,1,0,0,0,0,0,0,0,1,0,0,0
0.00222342,1,0,0,0,1,0,0,0,1,0,0,0,1,0,0,0
0.00222634,1,0,0,0,1,0,0,0,0,0,0,0,1,0,0,0
0.00222635,1,0,0,0,1,0,0,0,1,0,0,0,1,0,0,0
0.00222927,1,0,0,0,1,0,0,0,0,0,0,0,1,0,0,0
0.00222928,1,0,0,0,1,0,0,0,1,0,0,0,1,0,0,0
0.0022322,1,0,0,0,1,0,0,0,0,0,0,0,1,0,0,0
0.00223221,1,0,0,0,1,0,0,0,1,0,0,0,1,0,0,0
0.00223415,1,0,0,0,1,0,0,0,0,0,0,0,1,0,0,0
0.00223416,1,0,0,0,1,0,0,0,1,0,0,0,1,0,0,0
0.00223708,1,0,0,0,1,0,0,0,0,0,0,0,1,0,0,0
0.00223709,1,0,0,0,1,0,0,0,1,0,0,0,1,0,0,0
0.00224001,1,0,0,0,1,0,0,0,0,0,0,0,1,0,0,0
0.00224002,1,0,0,0,1,0,0,0,1,0,0,0,1,0,0,0
0.00224294,1,0,0,0,1,0,0,0,0,0,0,0,1,0,0,0
0.00224295,1,0,0,0,1,0,0,0,1,0,0,0,1,0,0,0
0.00224489,1,0,0,0,1,0,0,0,0,0,0,0,1,0,0,0
0.0022449,1,0,0,0,1,0,0,0,1,0,0,0,1,0,0,0
0.00224782,1,0,0,0,1,0,0,0,0,0,0,0,1,0,0,0
0.00224783,1,0,0,0,1,0,0,0,1,0,0,0,1,0,0,0
0.00225075,1,0,0,0,1,0,0,0,0,0,0,0,1,0,0,0
0.00225076,1,0,0,0,1,0,0,0,1,0,0,0,1,0,0,0
0.0022527,1,0,0,0,1,0,0,0,0,0,0,0,1,0,0,0
0.00225271,1,0,0,0,1,0,0,0,1,0,0,0,1,0,0,0
0.00225563,1,0,0,0,1,0,0,0,0,0,0,0,1,0,0,0
0.00225564,1,0,0,0,1,0,0,0,1,0,0,0,1,0,0,0
0.00225856,1,0,0,0,1,0,0,0,0,0,0,0,1,0,0,0
0.00225857,1,0,0,0,1,0,0,0,1,0,0,0,1,0,0,0
0.00226149,1,0,0,0,1,0,0,0,0,0,0,0,1,0,0,0
0.0022615,1,0,0,0,1,0,0,0,1,0,0,0,1,0,0,0
0.00226344,1,0,0,0,1,0,0,0,0,0,0,0,1,0,0,0
0.00226345,1,0,0,0,1,0,0,0,1,0,0,0,1,0,0,0
0.00226637,1,0,0,0,1,0,0,0,0,0,0,0,1,0,0,0
0.00226638,1,0,0,0,1,0,0,0,1,0,0,0,1,0,0,0
0.0022693,1,0,0,0,1,0,0,0,0,0,0,0,1,0,0,0
0.00226931,1,0,0,0,1,0,0,0,1,0,0,0,1,0,0,0
0.00227223,1,0,0,0,1,0,0,0,0,0,0,0,1,0,0,0
0.00227224,1,0,0,0,1,0,0,0,1,0,0,0,1,0,0,0
0.00227418,1,0,0,0,1,0,0,0,0,0,0,0,1,0,0,0
0.00227419,1,0,0,0,1,0,0,0,1,0,0,0,1,0,0,0
0.00227711,1,0,0,0,1,0,0,0,0,0,0,0,1,0,0,0
0.00227712,1,0,0,0,1,0,0,0,1,0,0,0,1,0,0,0
0.00228004,1,0,0,0,1,0,0,0,0,0,0,0,1,0,0,0
0.00228005,1,0,0,0,1,0,0,0,1,0,0,0,1,0,0,0
0.00228297,1,0,0,0,1,0,0,0,0,0,0,0,1,0,0,0
0.00228298,1,0,0,0,1,0,0,0,1,0,0,0,1,0,0,0
0.00228492,1,0,0,0,1,0,0,0,0,0,0,0,1,0,0,0
0.00228493,1,0,0,0,1,0,0,0,1,0,0,0,1,0,0,0
0.00228785,1,0,0,0,1,0,0,0,0,0,0,0,1,0,0,0
0.00228786,1,0,0,0,1,0,0,0,1,0,0,0,1,0,0,0
0.00229078,1,0,0,0,1,0,0,0,0,0,0,0,1,0,0,0
0.00229079,1,0,0,0,1,0,0,0,1,0,0,0,1,0,0,0
0.00229371,1,0,0,0,1,0,0,0,0,0,0,0,1,0,0,0
0.00229372,1,0,0,0,1,0,0,0,1,0,0,0,1,0,0,0
0.00229566,1,0,0,0,1,0,0,0,0,0,0,0,1,0,0,0
0.00229567,1,0,0,0,1,0,0,0,1,0,0,0,1,0,0,0
0.00229859,1,0,0,0,1,0,0,0,0,0,0,0,1,0,0,0
0.0022986,1,0,0,0,1,0,0,0,1,0,0,0,1,0,0,0
0.00230152,1,0,0,0,1,0,0,0,0,0,0,0,1,0,0,0
0.00230153,1,0,0,0,1,0,0,0,1,0,0,0,1,0,0,0
0.00230347,1,0,0,0,1,0,0,0,0,0,0,0,1,0,0,0
0.00230348,1,0,0,0,1,0,0,0,1,0,0,0,1,0,0,0
0.0023064,1,0,0,0,1,0,0,0,0,0,0,0,1,0,0,0
0.00230641,1,0,0,0,1,0,0,0,1,0,0,0,1,0,0,0
0.00230933,1,0,0,0,1,0,0,0,0,0,0,0,1,0,0,0
0.00230934,1,0,0,0,1,0,0,0,1,0,0,0,1,0,0,0
0.00231226,1,0,0,0,1,0,0,0,0,0,0,0,1,0,0,0
0.00231227,1,0,0,0,1,0,0,0,1,0,0,0,1,0,0,0
0.00231421,1,0,0,0,1,0,0,0,0,0,0,0,1,0,0,0
0.00231422,1,0,0,0,1,0,0,0,1,0,0,0,1,0,0,0
0.00231714,1,0,0,0,1,0,0,0,0,0,0,0,1,0,0,0
0.00231715,1,0,0,0,1,0,0,0,1,0,0,0,1,0,0,0
0.00232007,1,0,0,0,1,0,0,0,0,0,0,0,1,0,0,0
0.00232008,1,0,0,0,1,0,0,0,1,0,0,0,1,0,0,0
0.002323,1,0,0,0,1,0,0,0,0,0,0,0,1,0,0,0
0.00232301,1,0,0,0,1,0,0,0,1,0,0,0,1,0,0,0
0.00232495,1,0,0,0,1,0,0,0,0,0,0,0,1,0,0,0
0.00232496,1,0,0,0,1,0,0,0,1,0,0,0,1,0,0,0
0.00232788,1,0,0,0,1,0,0,0,0,0,0,0,1,0,0,0
0.00232789,1,0,0,0,1,0,0,0,1,0,0,0,1,0,0,0
0.00233081,1,0,0,0,1,0,0,0,0,0,0,0,1,0,0,0
0.00233082,1,0,0,0,1,0,0,0,1,0,0,0,1,0,0,0
0.00233374,1,0,0,0,1,0,0,0,0,0,0,0,1,0,0,0
0.00233375,1,0,0,0,1,0,0,0,1,0,0,0,1,0,0,0
0.00233569,1,0,0,0,1,0,0,0,0,0,0,0,1,0,0,0
0.0023357,1,0,0,0,1,0,0,0,1,0,0,0,1,0,0,0
0.00233862,1,0,0,0,1,0,0,0,0,0,0,0,1,0,0,0
0.00233863,1,0,0,0,1,0,0,0,1,0,0,0,1,0,0,0
0.00234155,1,0,0,0,1,0,0,0,0,0,0,0,1,0,0,0
0.00234156,1,0,0,0,1,0,0,0,1,0,0,0,1,0,0,0
0.0023435,1,0,0,0,1,0,0,0,0,0,0,0,1,0,0,0
0.00234351,1,0,0,0,1,0,0,0,1,0,0,0,1,0,0,0
0.00234643,1,0,0,0,1,0,0,0,0,0,0,0,1,0,0,0
0.00234644,1,0,0,0,1,0,0,0,1,0,0,0,1,0,0,0
0.00234936,1,0,0,0,1,0,0,0,0,0,0,0,1,0,0,0
0.00234937,1,0,0,0,1,0,0,0,1,0,0,0,1,0,0,0
0.00235229,1,0,0,0,1,0,0,0,0,0,0,0,1,0,0,0
0.0023523,1,0,0,0,1,0,0,0,1,0,0,0,1,0,0,0
0.00235424,1,0,0,0,1,0,0,0,0,0,0,0,1,0,0,0
0.00235425,1,0,0,0,1,0,0,0,1,0,0,0,1,0,0,0
0.00235717,1,0,0,0,1,0,0,0,0,0,0,0,1,0,0,0
0.00235718,1,0,0,0,1,0,0,0,1,0,0,0,1,0,0,0
0.0023601,1,0,0,0,1,0,0,0,0,0,0,0,1,0,0,0
0.00236011,1,0,0,0,1,0,0,0,1,0,0,0,1,0,0,0
0.00236303,1,0,0,0,1,0,0,0,0,0,0,0,1,0,0,0
0.00236304,1,0,0,0,1,0,0,0,1,0,0,0,1,0,0,0
0.00236498,1,0,0,0,1,0,0,0,0,0,0,0,1,0,0,0
0.00236499,1,0,0,0,1,0,0,0,1,0,0,0,1,0,0,0
0.00236791,1,0,0,0,1,0,0,0,0,0,0,0,1,0,0,0
0.00236792,1,0,0,0,1,0,0,0,1,0,0,0,1,0,0,0
0.00237084,1,0,0,0,1,0,0,0,0,0,0,0,1,0,0,0
0.00237085,1,0,0,0,1,0,0,0,1,0,0,0,1,0,0,0
0.00237377,1,0,0,0,1,0,0,0,0,0,0,0,1,0,0,0
0.00237378,1,0,0,0,1,0,0,0,1,0,0,0,1,0,0,0
0.00237572,1,0,0,0,1,0,0,0,0,0,0,0,1,0,0,0
0.00237573,1,0,0,0,1,0,0,0,1,0,0,0,1,0,0,0
0.00237865,1,0,0,0,1,0,0,0,0,0,0,0,1,0,0,0
0.00237866,1,0,0,0,1,0,0,0,1,0,0,0,1,0,0,0
0.00238158,1,0,0,0,1,0,0,0,0,0,0,0,1,0,0,0
0.00238159,1,0,0,0,1,0,0,0,1,0,0,0,1,0,0,0
0.00238353,1,0,0,0,1,0,0,0,0,0,0,0,1,0,0,0
0.00238354,1,0,0,0,1,0,0,0,1,0,0,0,1,0,0,0
0.00238646,1,0,0,0,1,0,0,0,0,0,0,0,1,0,0,0
0.00238647,1,0,0,0,1,0,0,0,1,0,0,0,1,0,0,0
0.00238939,1,0,0,0,1,0,0,0,0,0,0,0,1,0,0,0
0.0023894,1,0,0,0,1,0,0,0,1,0,0,0,1,0,0,0
0.00239232,1,0,0,0,1,0,0,0,0,0,0,0,1,0,0,0
0.00239233,1,0,0,0,1,0,0,0,1,0,0,0,1,0,0,0
0.00239427,1,0,0,0,1,0,0,0,0,0,0,0,1,0,0,0
0.00239428,1,0,0,0,1,0,0,0,1,0,0,0,1,0,0,0
0.0023972,1,0,0,0,1,0,0,0,0,0,0,0,1,0,0,0
0.00239721,1,0,0,0,1,0,0,0,1,0,0,0,1,0,0,0
0.00240013,1,0,0,0,1,0,0,0,0,0,0,0,1,0,0,0
0.00240014,1,0,0,0,1,0,0,0,1,0,0,0,1,0,0,0
0.00240306,1,0,0,0,1,0,0,0,0,0,0,0,1,0,0,0
0.00240307,1,0,0,0,1,0,0,0,1,0,0,0,1,0,0,0
0.00240501,1,0,0,0,1,0,0,0,0,0,0,0,1,0,0,0
0.00240502,1,0,0,0,1,0,0,0,1,0,0,0,1,0,0,0
0.00240794,1,0,0,0,1,0,0,0,0,0,0,0,1,0,0,0
0.00240795,1,0,0,0,1,0,0,0,1,0,0,0,1,0,0,0
0.00241087,1,0,0,0,1,0,0,0,0,0,0,0,1,0,0,0
0.00241088,1,0,0,0,1,0,0,0,1,0,0,0,1,0,0,0
0.0024138,1,0,0,0,1,0,0,0,0,0,0,0,1,0,0,0
0.00241381,1,0,0,0,1,0,0,0,1,0,0,0,1,0,0,0
0.00241575,1,0,0,0,1,0,0,0,0,0,0,0,1,0,0,0
0.00241576,1,0,0,0,1,0,0,0,1,0,0,0,1,0,0,0
0.00241868,1,0,0,0,1,0,0,0,0,0,0,0,1,0,0,0
0.00241869,1,0,0,0,1,0,0,0,1,0,0,0,1,0,0,0
0.00242161,1,0,0,0,1,0,0,0,0,0,0,0,1,0,0,0
0.00242162,1,0,0,0,1,0,0,0,1,0,0,0,1,0,0,0
0.00242356,1,0,0,0,1,0,0,0,0,0,0,0,1,0,0,0
0.00242357,1,0,0,0,1,0,0,0,1,0,0,0,1,0,0,0
0.00242454,1,0,0,0,1,0,0,0,0,0,0,0,1,0,0,0
0.00242455,1,0,0,0,1,0,0,0,1,0,0,0,1,0,0,0
0.00242649,1,0,0,0,1,0,0,0,0,0,0,0,1,0,0,0
0.0024265,1,0,0,0,1,0,0,0,1,0,0,0,1,0,0,0
0.00242942,1,0,0,0,1,0,0,0,0,0,0,0,1,0,0,0
0.00242943,1,0,0,0,1,0,0,0,1,0,0,0,1,0,0,0
0.00243235,1,0,0,0,1,0,0,0,0,0,0,0,1,0,0,0
0.00243236,1,0,0,0,1,0,0,0,1,0,0,0,1,0,0,0
0.0024343,1,0,0,0,1,0,0,0,0,0,0,0,1,0,0,0
0.00243431,1,0,0,0,1,0,0,0,1,0,0,0,1,0,0,0
0.00243528,1,0,0,0,1,0,0,0,0,0,0,0,1,0,0,0
0.00243529,1,0,0,0,1,0,0,0,1,0,0,0,1,0,0,0
0.00243723,1,0,0,0,1,0,0,0,0,0,0,0,1,0,0,0
0.00243724,1,0,0,0,1,0,0,0,1,0,0,0,1,0,0,0
0.00244016,1,0,0,0,1,0,0,0,0,0,0,0,1,0,0,0
0.00244017,1,0,0,0,1,0,0,0,1,0,0,0,1,0,0,0
0.00244309,1,0,0,0,1,0,0,0,0,0,0,0,1,0,0,0
0.0024431,1,0,0,0,1,0,0,0,1,0,0,0,1,0,0,0
0.00244504,1,0,0,0,1,0,0,0,0,0,0,0,1,0,0,0
0.00244505,1,0,0,0,1,0,0,0,1,0,0,0,1,0,0,0
0.00244797,1,0,0,0,1,0,0,0,0,0,0,0,1,0,0,0
0.00244798,1,0,0,0,1,0,0,0,1,0,0,0,1,0,0,0
0.0024509,1,0,0,0,1,0,0,0,0,0,0,0,1,0,0,0
0.00245091,1,0,0,0,1,0,0,0,1,0,0,0,1,0,0,0
0.00245383,1,0,0,0,1,0,0,0,0,0,0,0,1,0,0,0
0.00245384,1,0,0,0,1,0,0,0,1,0,0,0,1,0,0,0
0.00245578,1,0,0,0,1,0,0,0,0,0,0,0,1,0,0,0
0.00245579,1,0,0,0,1,0,0,0,1,0,0,0,1,0,0,0
0.00245871,1,0,0,0,1,0,0,0,0,0,0,0,1,0,0,0
0.00245872,1,0,0,0,1,0,0,0,1,0,0,0,1,0,0,0
0.00246164,1,0,0,0,1,0,0,0,0,0,0,0,1,0,0,0
0.00246165,1,0,0,0,1,0,0,0,1,0,0,0,1,0,0,0
0.00246359,1,0,0,0,1,0,0,0,0,0,0,0,1,0,0,0
0.0024636,1,0,0,0,1,0,0,0,1,0,0,0,1,0,0,0
0.00246457,1,0,0,0,1,0,0,0,0,0,0,0,1,0,0,0
0.00246458,1,0,0,0,1,0,0,0,1,0,0,0,1,0,0,0
0.00246652,1,0,0,0,1,0,0,0,0,0,0,0,1,0,0,0
0.00246653,1,0,0,0,1,0,0,0,1,0,0,0,1,0,0,0
0.00246945,1,0,0,0,1,0,0,0,0,0,0,0,1,0,0,0
0.00246946,1,0,0,0,1,0,0,0,1,0,0,0,1,0,0,0
0.00247238,1,0,0,0,1,0,0,0,0,0,0,0,1,0,0,0
0.00247239,1,0,0,0,1,0,0,0,1,0,0,0,1,0,0,0
0.00247433,1,0,0,0,1,0,0,0,0,0,0,0,1,0,0,0
0.00247434,1,0,0,0,1,0,0,0,1,0,0,0,1,0,0,0
0.00247726,1,0,0,0,1,0,0,0,0,0,0,0,1,0,0,0
0.00247727,1,0,0,0,1,0,0,0,1,0,0,0,1,0,0,0
0.00248019,1,0,0,0,1,0,0,0,0,0,0,0,1,0,0,0
0.0024802,1,0,0,0,1,0,0,0,1,0,0,0,1,0,0,0
0.00248312,1,0,0,0,1,0,0,0,0,0,0,0,1,0,0,0
0.00248313,1,0,0,0,1,0,0,0,1,0,0,0,1,0,0,0
0.00248507,1,0,0,0,1,0,0,0,0,0,0,0,1,0,0,0
0.00248508,1,0,0,0,1,0,0,0,1,0,0,0,1,0,0,0
0.002488,1,0,0,0,1,0,0,0,0,0,0,0,1,0,0,0
0.00248801,1,0,0,0,1,0,0,0,1,0,0,0,1,0,0,0
0.00249093,1,0,0,0,1,0,0,0,0,0,0,0,1,0,0,0
0.00249094,1,0,0,0,1,0,0,0,1,0,0,0,1,0,0,0
0.00249386,1,0,0,0,1,0,0,0,0,0,0,0,1,0,0,0
0.00249387,1,0,0,0,1,0,0,0,1,0,0,0,1,0,0,0
0.00249581,1,0,0,0,1,0,0,0,0,0,0,0,1,0,0,0
0.00249582,1,0,0,0,1,0,0,0,1,0,0,0,1,0,0,0
0.00249874,1,0,0,0,1,0,0,0,0,0,0,0,1,0,0,0
0.00249875,1,0,0,0,1,0,0,0,1,0,0,0,1,0,0,0
0.00250167,1,0,0,0,1,0,0,0,0,0,0,0,1,0,0,0
0.00250168,1,0,0,0,1,0,0,0,1,0,0,0,1,0,0,0
0.00250362,1,0,0,0,1,0,0,0,0,0,0,0,1,0,0,0
0.00250363,1,0,0,0,1,0,0,0,1,0,0,0,1,0,0,0
0.0025046,1,0,0,0,1,0,0,0,0,0,0,0,1,0,0,0
0.00250461,1,0,0,0,1,0,0,0,1,0,0,0,1,0,0,0
0.00250655,1,0,0,0,1,0,0,0,0,0,0,0,1,0,0,0
0.00250656,1,0,0,0,1,0,0,0,1,0,0,0,1,0,0,0
0.00250948,1,0,0,0,1,0,0,0,0,0,0,0,1,0,0,0
0.00250949,1,0,0,0,1,0,0,0,1,0,0,0,1,0,0,0
0.00251241,1,0,0,0,1,0,0,0,0,0,0,0,1,0,0,0
0.00251242,1,0,0,0,1,0,0,0,1,0,0,0,1,0,0,0
0.00251729,1,0,0,0,1,0,0,0,0,0,0,0,1,0,0,0
0.0025173,1,0,0,0,1,0,0,0,1,0,0,0,1,0,0,0
0.00252022,1,0,0,0,1,0,0,0,0,0,0,0,1,0,0,0
0.00252023,1,0,0,0,1,0,0,0,1,0,0,0,1,0,0,0
0.00252315,1,0,0,0,1,0,0,0,0,0,0,0,1,0,0,0
0.00252316,1,0,0,0,1,0,0,0,1,0,0,0,1,0,0,0
0.0025251,1,0,0,0,1,0,0,0,0,0,0,0,1,0,0,0
0.00252511,1,0,0,0,1,0,0,0,1,0,0,0,1,0,0,0
0.00252803,1,0,0,0,1,0,0,0,0,0,0,0,1,0,0,0
0.00252804,1,0,0,0,1,0,0,0,1,0,0,0,1,0,0,0
0.00253096,1,0,0,0,1,0,0,0,0,0,0,0,1,0,0,0
0.00253097,1,0,0,0,1,0,0,0,1,0,0,0,1,0,0,0
0.00253389,1,0,0,0,1,0,0,0,0,0,0,0,1,0,0,0
0.0025339,1,0,0,0,1,0,0,0,1,0,0,0,1,0,0,0
0.00253584,1,0,0,0,1,0,0,0,0,0,0,0,1,0,0,0
0.00253585,1,0,0,0,1,0,0,0,1,0,0,0,1,0,0,0
0.00253877,1,0,0,0,1,0,0,0,0,0,0,0,1,0,0,0
0.00253878,1,0,0,0,1,0,0,0,1,0,0,0,1,0,0,0
0.0025417,1,0,0,0,1,0,0,0,0,0,0,0,1,0,0,0
0.00254171,1,0,0,0,1,0,0,0,1,0,0,0,1,0,0,0
0.00254463,1,0,0,0,1,0,0,0,0,0,0,0,1,0,0,0
0.00254464,1,0,0,0,1,0,0,0,1,0,0,0,1,0,0,0
0.00254658,1,0,0,0,1,0,0,0,0,0,0,0,1,0,0,0
0.00254659,1,0,0,0,1,0,0,0,1,0,0,0,1,0,0,0
0.00254951,1,0,0,0,1,0,0,0,0,0,0,0,1,0,0,0
0.00254952,1,0,0,0,1,0,0,0,1,0,0,0,1,0,0,0
0.00255244,1,0,0,0,1,0,0,0,0,0,0,0,1,0,0,0
0.00255245,1,0,0,0,1,0,0,0,1,0,0,0,1,0,0,0
0.00255439,1,0,0,0,1,0,0,0,0,0,0,0,1,0,0,0
0.0025544,1,0,0,0,1,0,0,0,1,0,0,0,1,0,0,0
0.00255732,1,0,0,0,1,0,0,0,0,0,0,0,1,0,0,0
0.00255733,1,0,0,0,1,0,0,0,1,0,0,0,1,0,0,0
0.00256025,1,0,0,0,1,0,0,0,0,0,0,0,1,0,0,0
0.00256026,1,0,0,0,1,0,0,0,1,0,0,0,1,0,0,0
0.00256318,1,0,0,0,1,0,0,0,0,0,0,0,1,0,0,0
0.00256319,1,0,0,0,1,0,0,0,1,0,0,0,1,0,0,0
0.00256513,1,0,0,0,1,0,0,0,0,0,0,0,1,0,0,0
0.00256514,1,0,0,0,1,0,0,0,1,0,0,0,1,0,0,0
0.00256806,1,0,0,0,1,0,0,0,0,0,0,0,1,0,0,0
0.00256807,1,0,0,0,1,0,0,0,1,0,0,0,1,0,0,0
0.00257099,1,0,0,0,1,0,0,0,0,0,0,0,1,0,0,0
0.002571,1,0,0,0,1,0,0,0,1,0,0,0,1,0,0,0
0.00257392,1,0,0,0,1,0,0,0,0,0,0,0,1,0,0,0
0.00257393,1,0,0,0,1,0,0,0,1,0,0,0,1,0,0,0
0.00257587,1,0,0,0,1,0,0,0,0,0,0,0,1,0,0,0
0.00257588,1,0,0,0,1,0,0,0,1,0,0,0,1,0,0,0
0.0025788,1,0,0,0,1,0,0,0,0,0,0,0,1,0,0,0
0.00257881,1,0,0,0,1,0,0,0,1,0,0,0,1,0,0,0
0.00258173,1,0,0,0,1,0,0,0,0,0,0,0,1,0,0,0
0.00258174,1,0,0,0,1,0,0,0,1,0,0,0,1,0,0,0
0.00258466,1,0,0,0,1,0,0,0,0,0,0,0,1,0,0,0
0.00258467,1,0,0,0,1,0,0,0,1,0,0,0,1,0,0,0
0.00258661,1,0,0,0,1,0,0,0,0,0,0,0,1,0,0,0
0.00258662,1,0,0,0,1,0,0,0,1,0,0,0,1,0,0,0
0.00258954,1,0,0,0,1,0,0,0,0,0,0,0,1,0,0,0
0.00258955,1,0,0,0,1,0,0,0,1,0,0,0,1,0,0,0
0.00259247,1,0,0,0,1,0,0,0,0,0,0,0,1,0,0,0
0.00259248,1,0,0,0,1,0,0,0,1,0,0,0,1,0,0,0
0.00259442,1,0,0,0,1,0,0,0,0,0,0,0,1,0,0,0
0.00259443,1,0,0,0,1,0,0,0,1,0,0,0,1,0,0,0
0.00259735,1,0,0,0,1,0,0,0,0,0,0,0,1,0,0,0
0.00259736,1,0,0,0,1,0,0,0,1,0,0,0,1,0,0,0
0.00260028,1,0,0,0,1,0,0,0,0,0,0,0,1,0,0,0
0.00260029,1,0,0,0,1,0,0,0,1,0,0,0,1,0,0,0
0.00260321,1,0,0,0,1,0,0,0,0,0,0,0,1,0,0,0
0.00260322,1,0,0,0,1,0,0,0,1,0,0,0,1,0,0,0
0.00260516,1,0,0,0,1,0,0,0,0,0,0,0,1,0,0,0
0.00260517,1,0,0,0,1,0,0,0,1,0,0,0,1,0,0,0
0.00260809,1,0,0,0,1,0,0,0,0,0,0,0,1,0,0,0
0.0026081,1,0,0,0,1,0,0,0,1,0,0,0,1,0,0,0
0.00261102,1,0,0,0,1,0,0,0,0,0,0,0,1,0,0,0
0.00261103,1,0,0,0,1,0,0,0,1,0,0,0,1,0,0,0
0.00261395,1,0,0,0,1,0,0,0,0,0,0,0,1,0,0,0
0.00261396,1,0,0,0,1,0,0,0,1,0,0,0,1,0,0,0
0.0026159,1,0,0,0,1,0,0,0,0,0,0,0,1,0,0,0
0.00261591,1,0,0,0,1,0,0,0,1,0,0,0,1,0,0,0
0.00261883,1,0,0,0,1,0,0,0,0,0,0,0,1,0,0,0
0.00261884,1,0,0,0,1,0,0,0,1,0,0,0,1,0,0,0
0.00262176,1,0,0,0,1,0,0,0,0,0,0,0,1,0,0,0
0.00262177,1,0,0,0,1,0,0,0,1,0,0,0,1,0,0,0
0.00262469,1,0,0,0,1,0,0,0,0,0,0,0,1,0,0,0
0.0026247,1,0,0,0,1,0,0,0,1,0,0,0,1,0,0,0
0.00262664,1,0,0,0,1,0,0,0,0,0,0,0,1,0,0,0
0.00262665,1,0,0,0,1,0,0,0,1,0,0,0,1,0,0,0
0.00262957,1,0,0,0,1,0,0,0,0,0,0,0,1,0,0,0
0.00262958,1,0,0,0,1,0,0,0,1,0,0,0,1,0,0,0
0.0026325,1,0,0,0,1,0,0,0,0,0,0,0,1,0,0,0
0.00263251,1,0,0,0,1,0,0,0,1,0,0,0,1,0,0,0
0.00263445,1,0,0,0,1,0,0,0,0,0,0,0,1,0,0,0
0.00263446,1,0,0,0,1,0,0,0,1,0,0,0,1,0,0,0
0.00263543,1,0,0,0,1,0,0,0,0,0,0,0,1,0,0,0
0.00263544,1,0,0,0,1,0,0,0,1,0,0,0,1,0,0,0
0.00263738,1,0,0,0,1,0,0,0,0,0,0,0,1,0,0,0
0.00263739,1,0,0,0,1,0,0,0,1,0,0,0,1,0,0,0
0.00264031,1,0,0,0,1,0,0,0,0,0,0,0,1,0,0,0
0.00264032,1,0,0,0,1,0,0,0,1,0,0,0,1,0,0,0
0.00264324,1,0,0,0,1,0,0,0,0,0,0,0,1,0,0,0
0.00264325,1,0,0,0,1,0,0,0,1,0,0,0,1,0,0,0
0.00264519,1,0,0,0,1,0,0,0,0,0,0,0,1,0,0,0
0.0026452,1,0,0,0,1,0,0,0,1,0,0,0,1,0,0,0
0.00264617,1,0,0,0,1,0,0,0,0,0,0,0,1,0,0,0
0.00264618,1,0,0,0,1,0,0,0,1,0,0,0,1,0,0,0
0.00264812,1,0,0,0,1,0,0,0,0,0,0,0,1,0,0,0
0.00264813,1,0,0,0,1,0,0,0,1,0,0,0,1,0,0,0
0.00265105,1,0,0,0,1,0,0,0,0,0,0,0,1,0,0,0
0.00265106,1,0,0,0,1,0,0,0,1,0,0,0,1,0,0,0
0.00265398,1,0,0,0,1,0,0,0,0,0,0,0,1,0,0,0
0.00265399,1,0,0,0,1,0,0,0,1,0,0,0,1,0,0,0
0.00265454,1,0,1,1,1,1,1,1,1,0,0,0,1,0,0,0
0.00265455,1,1,1,1,1,1,1,1,1,0,0,0,1,0,0,0
0.00265556,1,0,0,0,1,0,1,0,1,0,0,0,1,0,0,0
0.00265594,1,0,0,0,1,0,1,0,1,0,0,0,1,0,1,0
0.00265646,1,0,1,0,1,0,1,0,1,0,0,0,1,0,1,0
0.00265647,1,1,1,1,1,1,1,1,1,0,0,0,1,0,1,0
0.00265746,1,0,0,0,1,0,1,1,1,0,0,0,1,0,1,0
0.00265747,1,0,0,0,1,0,0,0,1,0,0,0,1,0,1,0
0.00265748,1,0,0,0,1,0,1,0,1,0,0,0,1,0,1,0
0.00265749,1,1,1,1,1,1,1,1,1,0,0,0,1,0,1,0
0.00265757,1,1,1,1,1,1,0,0,1,0,0,0,1,0,1,0
0.00265758,0,0,1,0,1,0,0,0,1,0,0,0,1,0,1,0
0.00265762,0,0,1,0,1,0,0,1,1,0,0,0,1,0,1,0
0.00265763,0,1,1,1,1,1,0,1,1,0,0,0,1,0,1,0
0.00265764,0,1,1,0,1,1,0,1,1,0,0,0,1,0,1,0
0.00265765,0,0,1,0,1,0,0,0,1,0,0,0,1,0,1,0
0.00265789,0,0,1,0,1,0,0,0,0,0,0,0,1,0,0,0
0.0026579,0,0,1,0,1,0,0,0,0,0,1,0,1,0,0,0
0.00265796,0,0,1,0,1,0,0,0,0,0,0,0,0,0,0,0
0.00265797,1,1,1,0,1,1,0,1,0,0,1,0,1,0,0,0
0.00265798,1,1,1,1,1,1,1,1,0,1,1,0,1,1,1,0
0.00265799,1,1,1,1,1,1,1,1,1,1,1,1,1,1,1,1
0.00265801,1,0,1,0,1,1,0,0,0,0,1,0,1,0,0,0
0.00265802,0,0,1,0,1,0,0,0,0,0,1,0,1,0,0,0
0.00265805,0,1,1,1,1,1,0,0,0,0,1,0,1,0,0,0
0.00265806,1,1,1,1,1,1,1,1,0,0,1,0,1,0,0,0
0.00265808,1,1,1,1,1,1,0,0,0,0,1,0,1,0,0,0
0.00265809,0,0,1,0,1,0,0,0,0,0,1,0,1,0,0,0
0.00265814,0,0,1,1,1,1,0,0,0,0,1,0,1,0,0,0
0.00265815,0,0,1,1,1,0,0,0,0,0,1,0,1,0,0,0
0.00265816,0,0,1,0,1,0,0,0,0,0,1,0,1,0,0,0
0.00265842,1,1,1,0,1,1,1,1,0,0,1,0,1,0,0,0
0.00265843,1,1,1,1,1,1,1,1,0,0,1,0,1,0,0,0
0.00265946,0,0,0,0,0,0,0,1,0,0,1,0,1,0,0,0
0.0026595,1,1,0,1,0,1,1,1,0,0,1,0,1,0,0,0
0.00265952,1,1,1,1,0,1,1,1,0,0,1,0,1,0,0,0
0.00265954,1,1,0,1,0,1,1,1,0,0,1,0,1,0,0,0
0.00265955,0,0,0,0,0,0,0,1,0,0,1,0,1,0,0,0
0.00265958,0,0,0,1,0,1,0,1,0,0,1,0,1,0,0,0
0.00265959,1,1,0,1,0,1,0,1,0,0,1,0,1,0,0,0
0.00265961,1,0,0,1,0,1,0,1,0,0,1,0,1,0,0,0
0.00265962,0,0,0,1,0,1,0,1,0,0,1,0,1,0,0,0
0.00265963,0,0,0,1,0,0,0,1,0,0,1,0,1,0,0,0
0.00265966,0,0,0,1,0,1,0,1,0,0,1,0,1,0,0,0
0.00265968,1,0,0,1,0,1,0,1,0,0,1,0,1,0,0,0
0.00265969,0,0,0,1,0,1,0,1,0,0,1,0,1,0,0,0
0.00266009,0,0,0,1,0,0,0,1,0,0,1,0,1,0,0,0
0.00266011,0,0,0,1,0,1,0,1,0,0,1,0,1,0,0,0
0.00266013,0,0,0,1,0,0,0,1,0,0,1,0,1,0,0,0
0.00266016,0,0,0,0,0,0,0,1,0,0,1,0,1,0,0,0
0.00266017,0,0,0,1,0,0,0,1,0,0,1,0,1,0,0,0
0.00266018,0,0,0,1,0,1,0,1,0,0,1,0,1,0,0,0
0.00266019,0,0,0,1,0,0,0,1,0,0,1,0,1,0,0,0
0.00266021,0,0,0,0,0,0,0,1,0,0,1,0,1,0,0,0
0.00266022,0,0,0,1,0,0,0,1,0,0,1,0,1,0,0,0
0.00266024,0,0,0,0,0,0,0,1,0,0,1,0,1,0,0,0
0.00266026,0,0,0,1,0,0,0,1,0,0,1,0,1,0,0,0
0.00266028,0,0,0,1,0,1,0,1,0,0,1,0,1,0,0,0
0.00266029,0,0,0,0,0,0,0,1,0,0,1,0,1,0,0,0
0.00266034,0,0,0,1,0,0,0,1,0,0,1,0,1,0,0,0
0.00266035,0,0,0,0,0,0,0,1,0,0,1,0,1,0,0,0
0.00266036,1,0,0,1,0,0,0,1,0,0,1,0,1,0,0,0
0.00266038,1,0,0,1,1,0,0,1,0,0,1,0,1,0,0,0
0.00266039,1,1,1,1,1,1,1,1,0,0,1,0,1,0,0,0
0.00266044,1,1,1,1,1,1,1,0,0,0,1,0,1,0,0,0
0.00266045,1,1,0,0,1,0,0,0,0,0,1,0,1,0,0,0
0.00266048,1,1,1,1,1,1,1,0,0,0,1,0,1,0,0,0
0.0026605,1,1,1,1,1,1,1,1,0,0,1,0,1,0,0,0
0.00266051,1,1,1,1,1,1,1,0,0,0,1,0,1,0,0,0
0.00266052,1,1,0,1,1,0,0,0,0,0,1,0,1,0,0,0
0.00266053,1,1,0,0,1,0,0,0,0,0,1,0,1,0,0,0
0.00266056,1,1,1,1,1,1,0,0,0,0,1,0,1,0,0,0
0.00266057,1,1,1,1,1,1,1,0,0,0,1,0,1,0,0,0
0.00266059,1,1,1,1,1,1,0,0,0,0,1,0,1,0,0,0
0.0026606,1,1,0,0,1,0,0,0,0,0,1,0,1,0,0,0
0.00266063,1,1,0,1,1,1,0,0,0,0,1,0,1,0,0,0
0.00266064,1,1,1,1,1,1,0,0,0,0,1,0,1,0,0,0
0.00266066,1,1,0,1,1,1,0,0,0,0,1,0,1,0,0,0
0.00266067,1,1,0,1,1,0,0,0,0,0,1,0,1,0,0,0
0.00266071,1,1,0,1,1,1,0,0,0,0,1,0,1,0,0,0
0.00266074,1,1,0,1,1,0,0,0,0,0,1,0,1,0,0,0
0.00266077,1,1,0,0,1,0,0,0,0,0,1,0,1,0,0,0
0.00266078,1,1,0,1,1,0,0,0,0,0,1,0,1,0,0,0
0.00266081,1,1,0,1,1,1,0,0,0,0,0,0,1,0,0,0
0.00266082,1,1,0,1,1,0,0,0,0,1,0,0,1,0,0,0
0.00266083,1,1,0,0,1,0,0,0,1,1,0,0,1,0,0,0
0.00266086,1,1,0,1,1,0,0,0,1,1,0,0,1,0,0,0
0.00266087,1,1,1,1,1,1,0,0,1,1,0,0,1,0,0,0
0.00266089,1,1,0,1,1,0,0,0,0,0,0,0,0,0,0,0
0.0026609,1,1,0,0,1,0,0,0,1,1,0,0,1,0,0,0
0.00266094,1,1,0,1,1,1,0,0,1,1,0,0,1,0,0,0
0.00266095,1,1,1,1,1,1,0,0,1,1,0,0,1,0,0,0
0.00266096,1,1,0,1,1,0,0,0,1,1,0,0,1,0,0,0
0.00266097,1,1,0,0,1,0,0,0,1,1,0,0,1,0,0,0
0.00266136,1,1,0,1,1,0,0,0,1,1,0,0,1,0,0,0
0.00266137,1,1,1,1,1,1,1,1,1,1,0,0,1,0,0,0
0.00266141,1,0,0,0,1,1,1,0,1,1,0,0,1,0,0,0
0.00266145,1,0,1,1,1,1,1,0,1,1,0,0,1,0,0,0
0.00266146,1,1,1,1,1,1,1,0,1,1,0,0,1,0,0,0
0.00266147,1,0,1,1,1,1,1,0,1,1,0,0,1,0,0,0
0.00266148,1,0,0,0,1,1,1,0,1,1,0,0,1,0,0,0
0.00266153,1,0,0,1,1,1,1,0,1,1,0,0,1,0,0,0
0.00266154,1,0,0,0,1,1,1,0,1,1,0,0,1,0,0,0
0.00266232,1,1,1,1,1,1,1,0,1,1,0,0,1,0,0,0
0.00266233,1,1,1,1,1,1,1,1,1,1,0,0,1,0,0,0
0.0026624,0,1,0,0,1,0,0,0,1,1,0,0,1,0,0,0
0.00266244,1,1,1,1,1,1,1,1,1,1,0,0,1,0,0,0
0.00266247,1,1,1,1,1,1,0,0,1,1,0,0,1,0,0,0
0.00266248,0,1,1,1,1,0,0,0,1,1,0,0,1,0,0,0
0.00266249,0,1,0,0,1,0,0,0,1,1,0,0,1,0,0,0
0.00266252,0,1,1,1,1,0,0,0,1,1,0,0,1,0,0,0
0.00266253,1,1,1,1,1,0,0,0,1,1,0,0,1,0,0,0
0.00266254,0,1,1,1,1,0,0,0,1,1,0,0,1,0,0,0
0.00266257,0,1,0,0,1,0,0,0,1,1,0,0,1,0,0,0
0.00266259,0,1,1,1,1,0,0,0,1,1,0,0,1,0,0,0
0.00266272,0,1,0,0,1,0,0,0,1,1,0,0,1,0,0,0
0.00266275,0,1,1,1,1,0,0,0,1,1,0,0,1,0,0,0
0.00266277,0,1,1,1,1,0,0,0,0,1,0,0,1,0,0,0
0.00266279,0,1,0,0,1,0,0,0,0,1,0,0,1,0,0,0
0.00266282,0,1,1,1,1,0,0,0,0,1,0,0,1,0,0,0
0.00266284,0,1,1,1,1,0,0,0,0,0,0,0,0,0,0,0
0.00266285,0,1,0,0,1,0,0,0,0,1,0,0,1,0,0,0
0.0026629,0,1,1,1,1,0,0,0,0,1,0,0,1,0,0,0
0.00266292,0,1,0,0,1,0,0,0,0,1,0,0,1,0,0,0
0.00266332,1,1,1,1,1,1,1,0,0,1,0,0,1,0,0,0
0.00266333,1,1,1,1,1,1,1,1,0,1,0,0,1,0,0,0
0.00266337,1,1,0,0,1,1,0,0,0,1,0,0,1,0,0,0
0.00266341,1,1,1,1,1,1,1,1,0,1,0,0,1,0,0,0
0.00266343,1,1,1,1,1,1,1,0,0,1,0,0,1,0,0,0
0.00266344,1,1,0,0,1,1,0,0,0,1,0,0,1,0,0,0
0.00266348,1,1,1,1,1,1,0,0,0,1,0,0,1,0,0,0
0.00266349,1,1,1,1,1,1,1,0,0,1,0,0,1,0,0,0
0.0026635,1,1,1,1,1,1,0,0,0,1,0,0,1,0,0,0
0.00266351,1,1,0,0,1,1,0,0,0,1,0,0,1,0,0,0
0.00266357,1,1,1,0,1,1,0,0,0,1,0,0,1,0,0,0
0.00266358,1,1,0,0,1,1,0,0,0,1,0,0,1,0,0,0
0.00266427,1,1,1,1,1,1,0,0,0,1,0,0,1,0,0,0
0.00266429,1,1,1,1,1,1,1,1,0,1,0,0,1,0,0,0
0.00266435,1,0,1,0,1,0,1,1,0,1,0,0,1,0,0,0
0.00266436,1,0,0,0,1,0,0,0,0,1,0,0,1,0,0,0
0.00266439,1,1,1,1,1,1,1,1,0,1,0,0,1,0,0,0
0.00266443,1,0,1,1,1,0,1,0,0,1,0,0,1,0,0,0
0.00266444,1,0,0,0,1,0,0,0,0,1,0,0,1,0,0,0
0.00266446,1,0,1,0,1,0,0,0,0,1,0,0,1,0,0,0
0.00266447,1,0,1,1,1,0,1,0,0,1,0,0,1,0,0,0
0.00266448,1,0,1,1,1,1,1,0,0,1,0,0,1,0,0,0
0.0026645,1,0,1,1,1,0,1,0,0,1,0,0,1,0,0,0
0.00266451,1,0,1,1,1,0,0,0,0,1,0,0,1,0,0,0
0.00266456,1,0,1,1,1,0,1,0,0,1,0,0,1,0,0,0
0.00266457,1,0,1,1,1,0,0,0,0,1,0,0,1,0,0,0
0.00266472,1,0,1,1,1,1,0,0,0,0,0,0,1,0,0,0
0.00266473,1,0,1,1,1,0,0,0,1,0,0,0,1,0,0,0
0.00266475,1,0,1,0,1,0,0,0,1,0,0,0,1,0,0,0
0.00266476,1,0,1,1,1,0,0,0,1,0,0,0,1,0,0,0
0.00266478,1,0,1,1,1,1,1,0,1,0,0,0,1,0,0,0
0.00266479,1,0,1,1,1,0,0,0,1,0,0,0,0,0,0,0
0.0026648,1,0,1,1,1,0,0,0,0,0,0,0,1,0,0,0
0.00266481,1,0,1,0,1,0,0,0,1,0,0,0,1,0,0,0
0.00266483,1,0,0,0,1,0,0,0,1,0,0,0,1,0,0,0
0.00266484,1,0,1,1,1,0,0,0,1,0,0,0,1,0,0,0
0.00266485,1,0,1,1,1,1,0,0,1,0,0,0,1,0,0,0
0.00266487,1,0,1,1,1,0,0,0,1,0,0,0,1,0,0,0
0.00266489,1,0,1,0,1,0,0,0,1,0,0,0,1,0,0,0
0.00266492,1,0,1,1,1,0,0,0,1,0,0,0,1,0,0,0
0.00266495,1,0,1,0,1,0,0,0,1,0,0,0,1,0,0,0
0.00266512,1,0,0,0,1,0,0,0,1,0,0,0,1,0,0,0
0.00266515,1,0,1,0,1,0,0,0,1,0,0,0,1,0,0,0
0.00266516,1,0,1,1,1,0,0,0,1,0,0,0,1,0,0,0
0.00266517,1,0,1,0,1,0,0,0,1,0,0,0,1,0,0,0
0.00266518,1,0,0,0,1,0,0,0,1,0,0,0,1,0,0,0
0.0026652,1,0,1,0,1,0,0,0,1,0,0,0,1,0,0,0
0.00266521,1,0,0,0,1,0,0,0,1,0,0,0,1,0,0,0
0.00266525,1,0,1,1,1,0,0,0,1,0,0,0,1,0,0,0
0.00266526,1,1,1,1,1,1,1,0,1,0,0,0,1,0,0,0
0.00266527,1,1,1,1,1,1,1,1,1,0,0,0,1,0,0,0
0.00266532,0,0,1,1,1,0,1,0,1,0,0,0,1,0,0,0
0.00266536,1,1,1,1,1,1,1,1,1,0,0,0,1,0,0,0
0.00266538,0,1,1,1,1,1,1,0,1,0,0,0,1,0,0,0
0.00266539,0,0,1,1,1,0,1,0,1,0,0,0,1,0,0,0
0.00266544,0,0,1,1,1,1,1,0,1,0,0,0,1,0,0,0
0.00266545,0,0,1,1,1,0,1,0,1,0,0,0,1,0,0,0
0.00266625,1,1,1,1,1,0,1,0,1,0,0,0,1,0,0,0
0.00266626,1,1,1,1,1,1,1,1,1,0,0,0,1,0,0,0
0.0026663,1,0,0,0,1,1,0,1,1,0,0,0,1,0,0,0
0.00266631,1,0,0,0,1,0,0,0,1,0,0,0,1,0,0,0
0.00266634,1,1,1,1,1,1,1,1,1,0,0,0,1,0,0,0
0.00266638,1,1,1,1,1,1,0,0,1,0,0,0,1,0,0,0
0.00266639,1,0,0,0,1,0,0,0,1,0,0,0,1,0,0,0
0.00266642,1,1,1,1,1,1,0,0,1,0,0,0,1,0,0,0
0.00266647,1,0,1,1,1,1,0,0,1,0,0,0,1,0,0,0
0.00266648,1,0,1,0,1,1,0,0,1,0,0,0,1,0,0,0
0.00266649,1,1,1,1,1,1,0,0,1,0,0,0,1,0,0,0
0.00266662,1,0,1,1,1,1,0,0,1,0,0,0,1,0,0,0
0.00266665,1,1,1,1,1,1,0,0,1,0,0,0,1,0,0,0
0.00266666,1,0,1,1,1,1,0,0,1,0,0,0,1,0,0,0
0.00266667,1,1,1,1,1,1,0,0,1,0,0,0,1,0,0,0
0.00266669,1,0,1,1,1,1,0,0,1,0,0,0,1,0,0,0
0.00266673,1,1,1,1,1,1,0,0,1,0,0,0,1,0,0,0
0.00266675,1,0,1,1,1,0,0,0,1,0,0,0,1,0,0,0
0.00266676,1,0,1,0,1,1,0,0,1,0,0,0,1,0,0,0
0.00266677,1,1,1,1,1,1,0,0,1,0,0,0,1,0,0,0
0.00266679,1,0,1,1,1,1,0,0,1,0,0,0,1,0,0,0
0.00266691,1,0,1,1,1,0,0,0,1,0,0,0,1,0,0,0
0.00266713,1,0,1,0,1,0,0,0,1,0,0,0,1,0,0,0
0.00266714,1,0,1,1,1,0,0,0,1,0,0,0,1,0,0,0
0.00266715,1,0,1,0,1,0,0,0,1,0,0,0,1,0,0,0
0.00266716,1,0,1,1,1,0,0,0,1,0,0,0,1,0,0,0
0.00266717,1,0,1,0,1,0,0,0,1,0,0,0,1,0,0,0
0.00266718,1,0,1,1,1,0,0,0,1,0,0,0,1,0,0,0
0.00266719,1,0,1,0,1,0,0,0,1,0,0,0,1,0,0,0
0.0026672,1,1,1,0,1,0,0,0,1,0,0,0,1,0,0,0
0.00266721,1,0,1,1,1,0,1,0,1,0,0,0,1,0,0,0
0.00266722,1,0,1,1,1,1,1,0,1,0,0,0,1,0,0,0
0.00266723,1,1,1,1,1,1,1,1,1,0,0,0,1,0,0,0
0.00266727,1,1,1,0,0,0,1,0,1,0,0,0,1,0,0,0
0.00266731,1,1,1,1,0,1,1,1,1,0,0,0,1,0,0,0
0.00266734,1,1,1,0,0,0,1,0,1,0,0,0,1,0,0,0
0.00266738,1,1,1,1,0,0,1,0,1,0,0,0,1,0,0,0
0.00266739,1,1,1,1,0,1,1,0,1,0,0,0,1,0,0,0
0.00266741,1,1,1,1,0,0,1,0,1,0,0,0,1,0,0,0
0.00266742,1,1,1,0,0,0,1,0,1,0,0,0,1,0,0,0
0.00266746,1,1,1,1,0,0,1,0,1,0,0,0,1,0,0,0
0.00266748,1,1,1,0,0,0,1,0,1,0,0,0,1,0,0,0
0.00266767,1,1,1,1,0,0,1,0,1,0,0,0,1,0,0,0
0.00266768,1,1,1,0,0,0,1,0,1,0,0,0,1,0,0,0
0.0026682,1,1,1,0,0,1,1,0,1,0,0,0,1,0,0,0
0.00266821,1,1,1,1,1,1,1,1,1,0,0,0,1,0,0,0
0.00266826,0,1,0,0,1,0,1,1,1,0,0,0,1,0,0,0
0.0026683,0,1,1,1,1,1,1,1,1,0,0,0,1,0,0,0
0.00266831,1,1,1,1,1,1,1,1,1,0,0,0,1,0,0,0
0.00266832,0,1,1,1,1,1,1,1,1,0,0,0,1,0,0,0
0.00266833,0,1,0,0,1,0,1,1,1,0,0,0,1,0,0,0
0.00266838,0,1,0,1,1,0,1,1,1,0,0,0,1,0,0,0
0.00266839,0,1,0,0,1,0,1,1,1,0,0,0,1,0,0,0
0.00266863,0,1,0,0,1,0,1,1,0,1,0,0,1,0,1,1
0.00266917,0,1,1,1,1,0,1,1,0,1,0,0,1,0,1,1
0.00266918,1,1,1,1,1,0,1,1,0,1,0,0,1,0,1,1
0.0026692,1,1,1,1,1,1,1,1,0,1,0,0,1,0,1,1
0.00266922,1,1,1,1,0,0,1,0,0,1,0,0,1,0,1,1
0.00266923,1,1,1,0,0,0,1,0,0,1,0,0,1,0,1,1
0.00266926,1,1,1,1,0,0,1,0,0,1,0,0,1,0,1,1
0.00266927,1,1,1,1,0,1,1,0,0,1,0,0,1,0,1,1
0.00266929,1,1,1,0,0,0,1,0,0,1,0,0,1,0,1,1
0.00267014,1,1,1,1,0,1,1,0,0,1,0,0,1,0,1,1
0.00267016,1,1,1,1,1,1,1,1,0,1,0,0,1,0,1,1
0.00267112,0,0,0,0,0,0,0,0,0,1,0,0,1,0,1,1
0.00267117,1,0,1,1,0,0,0,0,0,1,0,0,1,0,1,1
0.00267118,0,0,0,0,0,0,0,0,0,1,0,0,1,0,1,1
0.00267207,0,0,1,0,0,0,0,0,0,1,0,0,1,0,1,1
0.00267208,1,0,1,1,0,0,0,0,0,1,0,0,1,0,1,1
0.00267209,0,0,0,0,0,0,0,0,0,1,0,0,1,0,1,1
0.00267211,1,1,1,1,1,1,1,1,0,1,0,0,1,0,1,1
0.00267215,1,1,0,1,1,0,1,0,0,1,0,0,1,0,1,1
0.00267217,1,1,0,1,1,1,1,0,0,1,0,0,1,0,1,1
0.00267218,1,1,1,1,1,1,1,1,0,1,0,0,1,0,1,1
0.00267219,0,1,1,1,1,1,1,1,0,1,0,0,1,0,1,1
0.0026722,0,1,0,1,1,1,1,0,0,1,0,0,1,0,1,1
0.00267221,0,1,1,1,1,1,1,0,0,1,0,0,1,0,1,1
0.00267222,1,1,1,0,1,1,0,0,0,1,0,0,1,0,1,1
0.00267223,0,1,0,0,1,1,0,0,0,1,0,0,1,0,1,1
0.00267226,0,1,1,0,1,1,0,0,0,1,0,0,1,0,1,1
0.00267227,1,1,1,0,1,1,0,1,0,1,0,0,1,0,1,1
0.00267229,0,1,1,0,1,1,0,0,0,1,0,0,1,0,1,1
0.0026723,0,1,0,0,1,1,0,0,0,1,0,0,1,0,1,1
0.00267234,0,1,1,0,1,1,0,0,0,1,0,0,1,0,1,1
0.00267237,0,1,0,0,1,1,0,0,0,1,0,0,1,0,1,1
0.00267253,0,1,0,0,1,1,0,0,0,1,0,0,1,0,0,0
0.00267255,0,1,0,0,1,1,0,0,0,1,0,0,1,1,0,0
0.00267308,1,1,1,1,1,1,0,0,0,1,0,0,1,1,0,0
0.00267309,1,1,1,1,1,1,1,1,0,1,0,0,1,1,0,0
0.00267313,1,0,0,1,1,1,1,1,0,1,0,0,1,1,0,0
0.00267317,1,0,1,1,1,1,1,1,0,1,0,0,1,1,0,0
0.0026732,1,0,0,1,1,1,1,1,0,1,0,0,1,1,0,0
0.00267403,1,0,1,1,1,1,1,1,0,1,0,0,1,1,0,0
0.00267404,1,1,1,1,1,1,1,1,0,1,0,0,1,1,0,0
0.00267411,1,1,1,1,1,0,1,0,0,1,0,0,1,1,0,0
0.00267412,0,1,0,1,0,0,0,0,0,1,0,0,1,1,0,0
0.00267416,1,1,1,1,0,0,0,0,0,1,0,0,1,1,0,0
0.00267417,1,1,1,1,0,1,1,0,0,1,0,0,1,1,0,0
0.00267418,1,1,1,1,0,0,1,0,0,1,0,0,1,1,0,0
0.00267419,1,1,1,1,0,0,0,0,0,1,0,0,1,1,0,0
0.0026742,0,1,1,1,0,0,0,0,0,1,0,0,1,1,0,0
0.00267421,0,1,0,1,0,0,0,0,0,1,0,0,1,1,0,0
0.00267424,1,1,1,1,0,0,0,0,0,1,0,0,1,1,0,0
0.00267426,0,1,1,1,0,0,0,0,0,1,0,0,1,1,0,0
0.00267452,0,1,0,1,0,0,0,0,0,1,0,0,1,1,0,0
0.00267454,0,1,1,1,0,0,0,0,0,1,0,0,1,1,0,0
0.00267459,0,1,0,1,0,0,0,0,0,1,0,0,1,1,0,0
0.0026746,0,1,1,1,0,0,0,0,0,1,0,0,1,1,0,0
0.00267461,0,1,0,1,0,0,0,0,0,1,0,0,1,1,0,0
0.00267465,0,1,1,1,0,0,0,0,0,1,0,0,1,1,0,0
0.00267466,0,1,0,1,0,0,0,0,0,1,0,0,1,1,0,0
0.00267502,1,1,1,1,0,0,0,0,0,1,0,0,1,1,0,0
0.00267503,1,1,1,1,0,1,1,1,0,1,0,0,1,1,0,0
0.00267504,1,1,1,1,1,1,1,1,0,1,0,0,1,1,0,0
0.00267604,1,0,1,1,1,0,1,0,0,1,0,0,1,1,0,0
0.00267605,0,0,0,1,1,0,1,0,0,1,0,0,1,1,0,0
0.00267606,1,0,0,1,1,0,1,0,0,1,0,0,1,1,0,0
0.00267607,1,1,1,1,1,0,1,0,0,1,0,0,1,1,0,0
0.00267608,1,1,1,1,1,1,1,1,0,1,0,0,1,1,0,0
0.00267611,0,1,1,0,1,1,0,1,0,1,0,0,1,1,0,0
0.00267612,0,0,1,0,1,0,0,0,0,1,0,0,1,1,0,0
0.00267616,0,0,1,0,1,1,0,1,0,1,0,0,1,1,0,0
0.00267617,1,0,1,0,1,1,0,1,0,1,0,0,1,1,0,0
0.00267618,0,0,1,0,1,1,0,1,0,1,0,0,1,1,0,0
0.00267619,0,0,1,0,1,1,0,0,0,1,0,0,1,1,0,0
0.0026762,0,0,1,0,1,0,0,0,0,1,0,0,1,1,0,0
0.00267624,0,0,1,0,1,1,0,0,0,1,0,0,1,1,0,0
0.00267627,0,0,1,0,1,0,0,0,0,1,0,0,1,1,0,0
0.00267644,0,0,1,0,1,0,0,0,0,0,0,0,1,0,0,0
0.00267645,0,0,1,0,1,0,0,0,0,0,1,0,1,0,0,0
0.00267651,0,0,1,0,1,0,0,0,0,0,1,0,0,0,0,0
0.00267652,0,1,1,0,1,0,0,0,0,0,1,0,1,0,0,0
0.00267653,0,1,1,1,1,0,0,0,0,1,1,1,1,0,0,0
0.00267655,1,1,1,1,1,1,1,1,0,1,1,1,1,0,0,0
0.00267656,0,0,1,0,1,1,1,1,0,0,1,0,1,0,0,0
0.00267657,0,0,1,0,1,0,0,0,0,0,1,0,1,0,0,0
0.0026766,0,0,1,0,1,1,0,0,0,0,1,0,1,0,0,0
0.00267661,0,0,1,0,1,1,0,1,0,0,1,0,1,0,0,0
0.00267663,0,0,1,0,1,1,0,0,0,0,1,0,1,0,0,0
0.00267664,0,0,1,0,1,0,0,0,0,0,1,0,1,0,0,0
0.00267669,0,0,1,0,1,1,0,0,0,0,1,0,1,0,0,0
0.0026767,0,0,1,0,1,0,0,0,0,0,1,0,1,0,0,0
0.00267699,1,1,1,0,1,1,1,1,0,0,1,0,1,0,0,0
0.002677,1,1,1,1,1,1,1,1,0,0,1,0,1,0,0,0
0.00267801,0,0,0,0,0,0,0,1,0,0,1,0,1,0,0,0
0.00267805,0,0,0,0,0,1,0,1,0,0,1,0,1,0,0,0
0.00267806,1,1,1,1,0,1,1,1,0,0,1,0,1,0,0,0
0.00267809,1,0,1,0,0,1,0,1,0,0,1,0,1,0,0,0
0.0026781,0,0,0,0,0,0,0,1,0,0,1,0,1,0,0,0
0.00267813,0,0,0,0,0,1,0,1,0,0,1,0,1,0,0,0
0.00267815,1,0,0,0,0,1,0,1,0,0,1,0,1,0,0,0
0.00267816,0,0,0,0,0,1,0,1,0,0,1,0,1,0,0,0
0.00267819,0,0,0,0,0,0,0,1,0,0,1,0,1,0,0,0
0.00267821,0,0,0,0,0,1,0,1,0,0,1,0,1,0,0,0
0.00267843,0,0,0,0,0,0,0,1,0,0,1,0,1,0,0,0
0.00267844,0,0,0,0,0,1,0,1,0,0,1,0,1,0,0,0
0.00267858,0,0,0,0,0,0,0,1,0,0,1,0,1,0,0,0
0.00267862,0,0,0,0,0,1,0,1,0,0,1,0,1,0,0,0
0.00267865,0,0,0,0,0,0,0,1,0,0,1,0,1,0,0,0
0.00267883,0,0,0,0,0,1,0,1,0,0,1,0,1,0,0,0
0.00267885,0,0,0,0,0,0,0,1,0,0,1,0,1,0,0,0
0.00267891,1,0,0,0,0,0,0,1,0,0,1,0,1,0,0,0
0.00267892,1,1,0,1,0,0,0,1,0,0,1,0,1,0,0,0
0.00267893,1,1,0,1,1,1,1,1,0,0,1,0,1,0,0,0
0.00267894,1,1,1,1,1,1,1,1,0,0,1,0,1,0,0,0
0.00267899,1,1,1,1,1,1,1,0,0,0,1,0,1,0,0,0
0.002679,1,1,0,0,1,0,0,0,0,0,1,0,1,0,0,0
0.00267903,1,1,1,0,1,1,0,0,0,0,1,0,1,0,0,0
0.00267904,1,1,1,1,1,1,1,0,0,0,1,0,1,0,0,0
0.00267905,1,1,1,1,1,1,1,1,0,0,1,0,1,0,0,0
0.00267906,1,1,1,1,1,1,1,0,0,0,1,0,1,0,0,0
0.00267907,1,1,1,0,1,0,0,0,0,0,1,0,1,0,0,0
0.00267908,1,1,0,0,1,0,0,0,0,0,1,0,1,0,0,0
0.00267911,1,1,1,1,1,1,0,0,0,0,1,0,1,0,0,0
0.00267912,1,1,1,1,1,1,1,0,0,0,1,0,1,0,0,0
0.00267913,1,1,1,1,1,1,0,0,0,0,1,0,1,0,0,0
0.00267914,1,1,1,0,1,1,0,0,0,0,1,0,1,0,0,0
0.00267915,1,1,0,0,1,0,0,0,0,0,1,0,1,0,0,0
0.00267919,1,1,1,0,1,1,0,0,0,0,1,0,1,0,0,0
0.00267921,1,1,1,0,1,0,0,0,0,0,1,0,1,0,0,0
0.00267922,1,1,0,0,1,0,0,0,0,0,1,0,1,0,0,0
0.00267937,1,1,0,0,1,0,0,0,0,1,0,0,1,0,0,0
0.00267938,1,1,0,0,1,0,0,0,1,1,0,0,1,0,0,0
0.00267942,1,1,1,0,1,1,0,0,1,1,0,0,1,0,0,0
0.00267944,1,1,1,0,1,0,0,0,0,0,0,0,0,0,0,0
0.00267945,1,1,0,0,1,0,0,0,1,1,0,0,1,0,0,0
0.00267949,1,1,1,0,1,0,0,0,1,1,0,0,1,0,0,0
0.0026795,1,1,1,0,1,1,0,0,1,1,0,0,1,0,0,0
0.00267951,1,1,0,0,1,0,0,0,1,1,0,0,1,0,0,0
0.00267992,1,1,1,1,1,1,1,1,1,1,0,0,1,0,0,0
0.00267996,1,0,0,0,1,1,1,0,1,1,0,0,1,0,0,0
0.00268,1,0,1,1,1,1,1,0,1,1,0,0,1,0,0,0
0.00268001,1,1,1,1,1,1,1,0,1,1,0,0,1,0,0,0
0.00268002,1,0,1,1,1,1,1,0,1,1,0,0,1,0,0,0
0.00268003,1,0,0,0,1,1,1,0,1,1,0,0,1,0,0,0
0.00268087,1,1,1,1,1,1,1,0,1,1,0,0,1,0,0,0
0.00268088,1,1,1,1,1,1,1,1,1,1,0,0,1,0,0,0
0.00268095,0,1,1,0,1,0,0,0,1,1,0,0,1,0,0,0
0.00268096,0,1,0,0,1,0,0,0,1,1,0,0,1,0,0,0
0.00268099,0,1,1,1,1,1,0,0,1,1,0,0,1,0,0,0
0.002681,1,1,1,1,1,1,1,1,1,1,0,0,1,0,0,0
0.00268102,1,1,1,1,1,1,0,0,1,1,0,0,1,0,0,0
0.00268103,0,1,1,1,1,0,0,0,1,1,0,0,1,0,0,0
0.00268104,0,1,0,0,1,0,0,0,1,1,0,0,1,0,0,0
0.00268107,0,1,1,1,1,0,0,0,1,1,0,0,1,0,0,0
0.00268111,0,1,1,0,1,0,0,0,1,1,0,0,1,0,0,0
0.00268112,0,1,0,0,1,0,0,0,1,1,0,0,1,0,0,0
0.00268114,0,1,1,0,1,0,0,0,1,1,0,0,1,0,0,0
0.00268116,0,1,1,1,1,0,0,0,1,1,0,0,1,0,0,0
0.00268117,0,1,1,0,1,0,0,0,1,1,0,0,1,0,0,0
0.00268127,0,1,0,0,1,0,0,0,1,1,0,0,1,0,0,0
0.00268128,0,1,1,0,1,0,0,0,1,1,0,0,1,0,0,0
0.00268129,0,1,0,0,1,0,0,0,1,1,0,0,1,0,0,0
0.0026813,0,1,1,0,1,0,0,0,1,1,0,0,1,0,0,0
0.00268132,0,1,1,0,1,0,0,0,0,1,0,0,1,0,0,0
0.00268134,0,1,0,0,1,0,0,0,0,1,0,0,1,0,0,0
0.00268137,0,1,1,0,1,0,0,0,0,1,0,0,1,0,0,0
0.00268139,0,1,1,0,1,0,0,0,0,0,0,0,0,0,0,0
0.0026814,0,1,0,0,1,0,0,0,0,1,0,0,1,0,0,0
0.00268145,0,1,1,0,1,0,0,0,0,1,0,0,1,0,0,0
0.00268147,0,1,0,0,1,0,0,0,0,1,0,0,1,0,0,0
0.00268187,1,1,1,1,1,1,1,0,0,1,0,0,1,0,0,0
0.00268188,1,1,1,1,1,1,1,1,0,1,0,0,1,0,0,0
0.00268192,1,1,0,0,1,1,0,0,0,1,0,0,1,0,0,0
0.00268196,1,1,1,1,1,1,1,1,0,1,0,0,1,0,0,0
0.00268198,1,1,1,1,1,1,1,0,0,1,0,0,1,0,0,0
0.00268199,1,1,0,0,1,1,0,0,0,1,0,0,1,0,0,0
0.00268203,1,1,1,1,1,1,0,0,0,1,0,0,1,0,0,0
0.00268205,1,1,1,0,1,1,0,0,0,1,0,0,1,0,0,0
0.00268206,1,1,0,0,1,1,0,0,0,1,0,0,1,0,0,0
0.00268211,1,1,1,0,1,1,0,0,0,1,0,0,1,0,0,0
0.00268212,1,1,0,0,1,1,0,0,0,1,0,0,1,0,0,0
0.00268282,1,1,1,1,1,1,0,0,0,1,0,0,1,0,0,0
0.00268284,1,1,1,1,1,1,1,1,0,1,0,0,1,0,0,0
0.0026829,1,0,1,1,1,0,1,1,0,1,0,0,1,0,0,0
0.00268291,1,0,0,0,1,0,0,0,0,1,0,0,1,0,0,0
0.00268294,1,0,1,1,1,1,1,0,0,1,0,0,1,0,0,0
0.00268295,1,1,1,1,1,1,1,1,0,1,0,0,1,0,0,0
0.00268298,1,0,1,1,1,0,1,0,0,1,0,0,1,0,0,0
0.00268299,1,0,0,0,1,0,0,0,0,1,0,0,1,0,0,0
0.00268302,1,0,1,1,1,0,0,0,0,1,0,0,1,0,0,0
0.00268303,1,0,1,1,1,1,1,0,0,1,0,0,1,0,0,0
0.00268305,1,0,1,1,1,0,1,0,0,1,0,0,1,0,0,0
0.00268306,1,0,1,1,1,0,0,0,0,1,0,0,1,0,0,0
0.00268307,1,0,1,0,1,0,0,0,0,1,0,0,1,0,0,0
0.0026831,1,0,1,1,1,0,0,0,0,1,0,0,1,0,0,0
0.00268321,1,0,1,0,1,0,0,0,0,1,0,0,1,0,0,0
0.00268324,1,0,1,1,1,0,0,0,0,1,0,0,1,0,0,0
0.00268327,1,0,1,1,1,0,0,0,0,0,0,0,1,0,0,0
0.00268328,1,0,1,0,1,0,0,0,1,0,0,0,1,0,0,0
0.0026833,1,0,0,0,1,0,0,0,1,0,0,0,1,0,0,0
0.00268331,1,0,1,0,1,0,0,0,1,0,0,0,1,0,0,0
0.00268332,1,0,1,1,1,0,0,0,1,0,0,0,1,0,0,0
0.00268333,1,0,1,1,1,1,0,0,1,0,0,0,1,0,0,0
0.00268334,1,0,1,1,1,0,0,0,1,0,0,0,0,0,0,0
0.00268335,1,0,1,0,1,0,0,0,0,0,0,0,1,0,0,0
0.00268336,1,0,0,0,1,0,0,0,1,0,0,0,1,0,0,0
0.0026834,1,0,1,1,1,0,0,0,1,0,0,0,1,0,0,0
0.00268342,1,0,1,0,1,0,0,0,1,0,0,0,1,0,0,0
0.00268343,1,0,0,0,1,0,0,0,1,0,0,0,1,0,0,0
0.00268345,1,0,1,0,1,0,0,0,1,0,0,0,1,0,0,0
0.00268346,1,0,0,0,1,0,0,0,1,0,0,0,1,0,0,0
0.00268347,1,0,1,0,1,0,0,0,1,0,0,0,1,0,0,0
0.00268352,1,0,0,0,1,0,0,0,1,0,0,0,1,0,0,0
0.0026838,1,0,1,1,1,0,0,0,1,0,0,0,1,0,0,0
0.00268381,1,1,1,1,1,1,0,0,1,0,0,0,1,0,0,0
0.00268382,1,1,1,1,1,1,1,1,1,0,0,0,1,0,0,0
0.00268387,0,0,1,1,1,0,1,0,1,0,0,0,1,0,0,0
0.00268391,1,1,1,1,1,1,1,1,1,0,0,0,1,0,0,0
0.00268393,0,1,1,1,1,1,1,0,1,0,0,0,1,0,0,0
0.00268394,0,0,1,1,1,0,1,0,1,0,0,0,1,0,0,0
0.00268399,0,0,1,1,1,1,1,0,1,0,0,0,1,0,0,0
0.002684,0,0,1,1,1,0,1,0,1,0,0,0,1,0,0,0
0.0026848,0,1,1,1,1,0,1,0,1,0,0,0,1,0,0,0
0.00268481,1,1,1,1,1,1,1,1,1,0,0,0,1,0,0,0
0.00268485,1,1,1,0,1,1,0,1,1,0,0,0,1,0,0,0
0.00268486,0,1,0,0,1,0,0,0,1,0,0,0,1,0,0,0
0.00268489,1,1,1,0,1,1,0,0,1,0,0,0,1,0,0,0
0.0026849,1,1,1,1,1,1,0,1,1,0,0,0,1,0,0,0
0.00268491,1,1,1,1,1,1,1,1,1,0,0,0,1,0,0,0
0.00268493,1,1,1,1,1,1,0,0,1,0,0,0,1,0,0,0
0.00268494,1,1,0,0,1,0,0,0,1,0,0,0,1,0,0,0
0.00268495,0,1,0,0,1,0,0,0,1,0,0,0,1,0,0,0
0.00268497,1,1,1,0,1,1,0,0,1,0,0,0,1,0,0,0
0.00268498,1,1,1,1,1,1,0,0,1,0,0,0,1,0,0,0
0.00268502,1,1,1,0,1,0,0,0,1,0,0,0,1,0,0,0
0.00268503,0,1,1,0,1,0,0,0,1,0,0,0,1,0,0,0
0.00268504,1,1,1,0,1,0,0,0,1,0,0,0,1,0,0,0
0.00268505,1,1,1,0,1,1,0,0,1,0,0,0,1,0,0,0
0.00268506,1,1,1,1,1,1,0,0,1,0,0,0,1,0,0,0
0.00268509,1,1,1,0,1,0,0,0,1,0,0,0,1,0,0,0
0.00268514,1,1,1,1,1,0,0,0,1,0,0,0,1,0,0,0
0.00268516,1,1,1,0,1,0,0,0,1,0,0,0,1,0,0,0
0.00268522,1,1,1,1,1,0,0,0,0,0,0,0,1,0,0,0
0.00268523,1,1,1,1,1,0,0,0,0,1,0,0,1,0,0,0
0.00268524,0,1,1,0,1,0,0,0,0,1,0,0,1,0,0,0
0.00268528,1,1,1,1,1,0,0,0,0,1,0,0,1,0,0,0
0.0026853,0,1,1,0,1,0,0,0,0,1,0,0,1,0,0,0
0.00268535,0,1,1,1,1,0,0,0,0,1,0,0,1,0,0,0
0.00268536,0,1,1,0,1,0,0,0,0,1,0,0,1,0,0,0
0.00268575,0,1,0,0,1,0,0,0,0,1,0,0,1,0,0,0
0.00268577,1,1,1,1,1,0,0,0,0,1,0,0,1,0,0,0
0.00268578,1,1,1,1,1,1,1,1,0,1,0,0,1,0,0,0
0.00268582,1,1,1,1,0,1,1,0,0,1,0,0,1,0,0,0
0.00268583,1,1,1,0,0,0,1,0,0,1,0,0,1,0,0,0
0.00268586,1,1,1,1,0,1,1,0,0,1,0,0,1,0,0,0
0.00268587,1,1,1,1,0,1,1,1,0,1,0,0,1,0,0,0
0.00268589,1,1,1,0,0,0,1,0,0,1,0,0,1,0,0,0
0.00268594,1,1,1,1,0,1,1,0,0,1,0,0,1,0,0,0
0.00268596,1,1,1,0,0,0,1,0,0,1,0,0,1,0,0,0
0.00268622,1,1,1,1,0,0,1,0,0,1,0,0,1,0,0,0
0.00268623,1,1,1,0,0,0,1,0,0,1,0,0,1,0,0,0
0.00268674,1,1,1,1,1,0,1,0,0,1,0,0,1,0,0,0
0.00268676,1,1,1,1,1,1,1,1,0,1,0,0,1,0,0,0
0.00268681,1,0,0,0,0,0,0,1,0,1,0,0,1,0,0,0
0.00268685,1,1,1,1,0,1,1,1,0,1,0,0,1,0,0,0
0.00268686,1,1,1,1,1,1,1,1,0,1,0,0,1,0,0,0
0.00268687,1,1,1,1,0,1,1,1,0,1,0,0,1,0,0,0
0.00268688,1,0,1,1,0,1,0,1,0,1,0,0,1,0,0,0
0.00268689,1,0,0,0,0,0,0,1,0,1,0,0,1,0,0,0
0.00268693,1,0,1,1,0,1,0,1,0,1,0,0,1,0,0,0
0.00268697,1,0,0,0,0,0,0,1,0,1,0,0,1,0,0,0
0.00268701,1,0,0,1,0,1,0,1,0,1,0,0,1,0,0,0
0.00268702,1,0,1,1,0,1,0,1,0,1,0,0,1,0,0,0
0.00268704,1,0,0,1,0,0,0,1,0,1,0,0,1,0,0,0
0.00268705,1,0,0,0,0,0,0,1,0,1,0,0,1,0,0,0
0.00268717,1,0,1,1,0,0,0,1,0,0,0,0,0,0,0,0
0.00268718,1,0,1,1,0,1,0,1,0,0,0,0,0,0,0,1
0.00268719,1,0,0,0,0,0,0,1,1,0,0,0,0,0,0,1
0.00268723,1,0,1,1,0,1,0,1,1,0,0,0,0,0,0,1
0.00268725,1,0,1,1,0,0,0,1,0,0,0,0,0,0,0,0
0.00268726,1,0,0,0,0,0,0,1,1,0,0,0,0,0,0,1
0.00268731,1,0,1,1,0,0,0,1,1,0,0,0,0,0,0,1
0.00268733,1,0,0,0,0,0,0,1,1,0,0,0,0,0,0,1
0.00268771,1,1,1,0,0,0,1,1,1,0,0,0,0,0,0,1
0.00268773,1,1,1,1,1,1,1,1,1,0,0,0,0,0,0,1
0.00268774,1,1,1,1,1,1,1,0,1,0,0,0,0,0,0,1
0.00268775,1,1,1,0,0,0,1,0,1,0,0,0,0,0,0,1
0.00268779,1,1,1,1,0,1,1,0,1,0,0,0,0,0,0,1
0.00268782,1,1,1,0,0,0,1,0,1,0,0,0,0,0,0,1
0.00268871,1,1,1,1,1,0,1,1,1,0,0,0,0,0,0,1
0.00268873,1,1,1,1,1,1,1,1,1,0,0,0,0,0,0,1
0.00268875,1,0,1,1,1,1,1,0,1,0,0,0,0,0,0,1
0.00268876,1,1,1,1,1,0,1,0,1,0,0,0,0,0,0,1
0.00268877,1,1,1,1,1,0,1,1,1,0,0,0,0,0,0,1
0.00268878,0,1,1,1,1,1,1,1,1,0,0,0,0,0,0,1
0.00268882,0,1,0,0,1,1,1,1,1,0,0,0,0,0,0,1
0.00268883,0,1,0,0,1,0,1,1,1,0,0,0,0,0,0,1
0.00268886,0,1,1,1,1,1,1,1,1,0,0,0,0,0,0,1
0.00268888,0,1,0,0,1,1,1,1,1,0,0,0,0,0,0,1
0.00268913,0,1,0,0,1,1,1,1,0,0,0,0,1,0,1,0
0.00268914,0,1,0,0,1,1,1,1,0,1,0,0,1,0,1,1
0.00268968,1,1,1,1,1,0,1,1,0,1,0,0,1,0,1,1
0.00268969,1,1,1,1,1,1,1,1,0,1,0,0,1,0,1,1
0.00268974,1,1,1,0,0,0,1,0,0,1,0,0,1,0,1,1
0.00268978,1,1,1,0,0,1,1,0,0,1,0,0,1,0,1,1
0.00268979,1,1,1,1,0,1,1,0,0,1,0,0,1,0,1,1
0.00268981,1,1,1,0,0,1,1,0,0,1,0,0,1,0,1,1
0.00268982,1,1,1,0,0,0,1,0,0,1,0,0,1,0,1,1
0.00268985,1,1,1,0,0,1,1,0,0,1,0,0,1,0,1,1
0.00268989,1,1,1,0,0,0,1,0,0,1,0,0,1,0,1,1
0.00268993,1,1,1,0,0,1,1,0,0,1,0,0,1,0,1,1
0.00268995,1,1,1,0,0,0,1,0,0,1,0,0,1,0,1,1
0.00269063,1,1,1,0,0,1,1,0,0,1,0,0,1,0,1,1
0.00269065,1,1,1,1,0,1,1,0,0,1,0,0,1,0,1,1
0.00269066,1,1,1,1,1,1,1,1,0,1,0,0,1,0,1,1
0.00269162,0,0,0,0,0,0,0,0,0,1,0,0,1,0,1,1
0.00269167,0,0,0,1,0,1,0,0,0,1,0,0,1,0,1,1
0.00269168,0,0,0,0,0,0,0,0,0,1,0,0,1,0,1,1
0.00269258,0,0,1,1,0,0,0,0,0,1,0,0,1,0,1,1
0.00269259,0,0,0,0,0,0,0,0,0,1,0,0,1,0,1,1
0.00269261,1,0,1,1,0,0,0,0,0,1,0,0,1,0,1,1
0.00269262,1,1,1,1,1,1,1,1,0,1,0,0,1,0,1,1
0.00269265,1,0,0,1,1,0,1,0,0,1,0,0,1,0,1,1
0.00269266,0,0,0,1,1,0,1,0,0,1,0,0,1,0,1,1
0.00269267,0,1,0,1,1,1,1,0,0,1,0,0,1,0,1,1
0.00269268,1,1,0,0,1,1,1,1,0,1,0,0,1,0,1,1
0.00269269,1,1,1,0,1,1,1,1,0,1,0,0,1,0,1,1
0.0026927,1,1,1,0,1,1,1,0,0,1,0,0,1,0,1,1
0.00269271,0,1,1,0,1,1,1,0,0,1,0,0,1,0,1,1
0.00269272,1,1,1,1,1,1,0,0,0,1,0,0,1,0,1,1
0.00269273,0,1,0,0,1,1,0,0,0,1,0,0,1,0,1,1
0.00269277,1,1,1,0,1,1,0,0,0,1,0,0,1,0,1,1
0.00269279,0,1,1,0,1,1,0,0,0,1,0,0,1,0,1,1
0.0026928,0,1,0,0,1,1,0,0,0,1,0,0,1,0,1,1
0.00269304,0,1,0,0,1,1,0,0,0,1,0,0,1,0,0,0
0.00269305,0,1,0,0,1,1,0,0,0,1,0,0,1,1,0,0
0.00269356,0,1,1,1,1,1,0,0,0,1,0,0,1,1,0,0
0.00269358,1,1,1,1,1,1,0,1,0,1,0,0,1,1,0,0
0.00269359,1,1,1,1,1,1,1,1,0,1,0,0,1,1,0,0
0.00269364,0,0,1,1,1,1,1,1,0,1,0,0,1,1,0,0
0.00269368,1,0,1,1,1,1,1,1,0,1,0,0,1,1,0,0
0.0026937,0,0,1,1,1,1,1,1,0,1,0,0,1,1,0,0
0.00269454,0,1,1,1,1,1,1,1,0,1,0,0,1,1,0,0
0.00269455,1,1,1,1,1,1,1,1,0,1,0,0,1,1,0,0
0.00269461,0,1,0,1,0,0,0,0,0,1,0,0,1,1,0,0
0.00269465,0,1,1,1,0,0,0,0,0,1,0,0,1,1,0,0
0.00269466,1,1,1,1,0,1,0,0,0,1,0,0,1,1,0,0
0.00269468,0,1,1,1,0,0,0,0,0,1,0,0,1,1,0,0
0.00269469,0,1,0,1,0,0,0,0,0,1,0,0,1,1,0,0
0.00269474,0,1,1,1,0,0,0,0,0,1,0,0,1,1,0,0
0.00269475,0,1,0,1,0,0,0,0,0,1,0,0,1,1,0,0
0.00269552,0,1,1,1,0,0,0,0,0,1,0,0,1,1,0,0
0.00269553,1,1,1,1,0,1,1,1,0,1,0,0,1,1,0,0
0.00269554,1,1,1,1,1,1,1,1,0,1,0,0,1,1,0,0
0.00269652,1,1,1,1,1,1,1,0,0,1,0,0,1,1,0,0
0.00269653,1,1,1,1,1,1,1,1,0,1,0,0,1,1,0,0
0.00269654,0,0,0,1,1,0,1,1,0,1,0,0,1,1,0,0
0.00269655,0,0,0,1,1,0,1,0,0,1,0,0,1,1,0,0
0.00269656,0,0,1,1,1,0,1,0,0,1,0,0,1,1,0,0
0.00269658,1,1,1,1,1,1,1,0,0,1,0,0,1,1,0,0
0.00269659,1,1,1,0,1,1,1,1,0,1,0,0,1,1,0,0
0.0026966,0,0,1,0,1,0,0,0,0,1,0,0,1,1,0,0
0.00269694,0,0,1,0,1,0,0,0,0,0,0,0,1,0,0,0
0.00269695,0,0,1,0,1,0,0,0,0,0,1,0,1,0,0,0
0.00269703,0,1,1,1,1,0,0,0,0,0,1,0,1,0,0,0
0.00269704,0,1,1,1,1,0,0,0,0,1,1,1,1,0,0,0
0.00269705,1,1,1,1,1,1,1,1,0,1,1,1,1,0,0,0
0.00269706,0,0,1,0,1,1,1,1,0,0,1,0,1,0,0,0
0.00269707,0,0,1,0,1,0,0,0,0,0,1,0,1,0,0,0
0.00269747,1,0,1,0,1,0,0,0,0,0,1,0,1,0,0,0
0.00269748,0,0,1,0,1,0,0,0,0,0,1,0,1,0,0,0
0.00269749,0,1,1,0,1,1,1,1,0,0,1,0,1,0,0,0
0.0026975,1,1,1,1,1,1,1,1,0,0,1,0,1,0,0,0
0.00269852,0,0,0,0,0,0,0,1,0,0,1,0,1,0,0,0
0.00269857,1,0,1,0,0,1,0,1,0,0,1,0,1,0,0,0
0.00269858,1,1,1,1,0,1,1,1,0,0,1,0,1,0,0,0
0.0026986,0,0,1,0,0,0,0,1,0,0,1,0,1,0,0,0
0.00269861,0,0,0,0,0,0,0,1,0,0,1,0,1,0,0,0
0.00269942,1,1,0,0,0,0,0,1,0,0,1,0,1,0,0,0
0.00269943,1,1,1,0,0,0,0,1,0,0,1,0,1,0,0,0
0.00269944,1,1,1,1,0,0,0,1,0,0,1,0,1,0,0,0
0.00269945,1,1,1,1,1,1,1,1,0,0,1,0,1,0,0,0
0.00269949,1,1,0,0,1,0,0,0,0,0,1,0,1,0,0,0
0.00269953,1,1,1,1,1,1,1,0,0,0,1,0,1,0,0,0
0.00269954,1,1,1,1,1,1,1,1,0,0,1,0,1,0,0,0
0.00269955,1,1,1,1,1,1,1,0,0,0,1,0,1,0,0,0
0.00269956,1,1,0,0,1,0,0,0,0,0,1,0,1,0,0,0
0.00269961,1,1,1,0,1,1,0,0,0,0,1,0,1,0,0,0
0.00269963,1,1,0,0,1,0,0,0,0,0,1,0,1,0,0,0
0.00269987,1,1,0,0,1,0,0,0,0,0,0,0,1,0,0,0
0.00269988,1,1,0,0,1,0,0,0,1,1,0,0,1,0,0,0
0.00269994,1,1,0,0,1,0,0,0,0,0,0,0,0,0,0,0
0.00269995,1,1,0,0,1,0,0,0,1,1,0,0,1,0,0,0
0.00270039,1,1,1,0,1,0,0,0,1,1,0,0,1,0,0,0
0.0027004,1,1,1,1,1,0,0,0,1,1,0,0,1,0,0,0
0.00270041,1,1,1,1,1,1,1,0,1,1,0,0,1,0,0,0
0.00270042,1,1,1,0,1,1,1,1,1,1,0,0,1,0,0,0
0.00270044,1,1,1,1,1,1,1,1,1,1,0,0,1,0,0,0
0.00270048,1,0,0,0,1,1,1,0,1,1,0,0,1,0,0,0
0.00270051,1,0,1,0,1,1,1,0,1,1,0,0,1,0,0,0
0.00270052,1,1,1,1,1,1,1,1,1,1,0,0,1,0,0,0
0.00270054,1,0,0,0,1,1,1,0,1,1,0,0,1,0,0,0
0.00270059,1,0,1,0,1,1,1,0,1,1,0,0,1,0,0,0
0.00270061,1,0,0,0,1,1,1,0,1,1,0,0,1,0,0,0
0.00270138,1,1,1,1,1,1,1,0,1,1,0,0,1,0,0,0
0.0027014,1,1,1,1,1,1,1,1,1,1,0,0,1,0,0,0
0.00270145,0,1,0,0,1,0,0,0,1,1,0,0,1,0,0,0
0.00270149,1,1,1,1,1,1,0,0,1,1,0,0,1,0,0,0
0.0027015,1,1,1,1,1,1,1,1,1,1,0,0,1,0,0,0
0.00270152,1,1,1,1,1,0,0,0,1,1,0,0,1,0,0,0
0.00270153,0,1,1,1,1,0,0,0,1,1,0,0,1,0,0,0
0.00270154,0,1,0,0,1,0,0,0,1,1,0,0,1,0,0,0
0.00270156,0,1,1,0,1,0,0,0,1,1,0,0,1,0,0,0
0.00270157,0,1,1,1,1,0,0,0,1,1,0,0,1,0,0,0
0.00270158,1,1,1,1,1,0,0,0,1,1,0,0,1,0,0,0
0.00270159,0,1,1,1,1,0,0,0,1,1,0,0,1,0,0,0
0.00270162,0,1,1,0,1,0,0,0,1,1,0,0,1,0,0,0
0.00270165,0,1,1,1,1,0,0,0,1,1,0,0,1,0,0,0
0.0027017,0,1,1,0,1,0,0,0,1,1,0,0,1,0,0,0
0.00270174,0,1,1,1,1,0,0,0,1,1,0,0,1,0,0,0
0.00270175,0,1,1,0,1,0,0,0,1,1,0,0,1,0,0,0
0.00270181,0,1,1,1,1,0,0,0,1,1,0,0,1,0,0,0
0.00270182,0,1,1,1,1,0,0,0,0,1,0,0,1,0,0,0
0.00270184,0,1,1,0,1,0,0,0,0,1,0,0,1,0,0,0
0.00270185,0,1,0,0,1,0,0,0,0,1,0,0,1,0,0,0
0.00270187,0,1,1,0,1,0,0,0,0,1,0,0,1,0,0,0
0.00270188,0,1,1,1,1,0,0,0,0,1,0,0,1,0,0,0
0.00270189,0,1,1,0,1,0,0,0,0,1,0,0,1,0,0,0
0.0027019,0,1,1,0,1,0,0,0,0,0,0,0,0,0,0,0
0.00270191,0,1,0,0,1,0,0,0,0,1,0,0,1,0,0,0
0.00270192,0,1,1,0,1,0,0,0,0,1,0,0,1,0,0,0
0.00270193,0,1,0,0,1,0,0,0,0,1,0,0,1,0,0,0
0.00270195,0,1,1,0,1,0,0,0,0,1,0,0,1,0,0,0
0.00270196,0,1,1,1,1,0,0,0,0,1,0,0,1,0,0,0
0.00270197,0,1,1,0,1,0,0,0,0,1,0,0,1,0,0,0
0.00270199,0,1,0,0,1,0,0,0,0,1,0,0,1,0,0,0
0.00270201,0,1,1,0,1,0,0,0,0,1,0,0,1,0,0,0
0.00270206,0,1,0,0,1,0,0,0,0,1,0,0,1,0,0,0
0.00270209,0,1,1,0,1,0,0,0,0,1,0,0,1,0,0,0
0.00270211,0,1,0,0,1,0,0,0,0,1,0,0,1,0,0,0
0.00270217,0,1,1,0,1,0,0,0,0,1,0,0,1,0,0,0
0.00270218,0,1,0,0,1,0,0,0,0,1,0,0,1,0,0,0
0.00270232,0,1,1,0,1,0,0,0,0,1,0,0,1,0,0,0
0.00270233,0,1,0,0,1,0,0,0,0,1,0,0,1,0,0,0
0.00270235,1,1,0,0,1,0,0,0,0,1,0,0,1,0,0,0
0.00270236,1,1,1,1,1,0,0,0,0,1,0,0,1,0,0,0
0.00270238,1,1,1,1,1,1,0,0,0,1,0,0,1,0,0,0
0.00270239,1,1,1,1,1,1,1,1,0,1,0,0,1,0,0,0
0.00270243,1,1,0,0,1,1,0,0,0,1,0,0,1,0,0,0
0.00270247,1,1,1,1,1,1,1,1,0,1,0,0,1,0,0,0
0.00270249,1,1,1,1,1,1,1,0,0,1,0,0,1,0,0,0
0.0027025,1,1,0,0,1,1,0,0,0,1,0,0,1,0,0,0
0.00270254,1,1,1,0,1,1,0,0,0,1,0,0,1,0,0,0
0.00270255,1,1,1,1,1,1,0,0,0,1,0,0,1,0,0,0
0.00270256,1,1,1,0,1,1,0,0,0,1,0,0,1,0,0,0
0.00270257,1,1,0,0,1,1,0,0,0,1,0,0,1,0,0,0
0.00270334,1,1,0,0,1,1,1,0,0,1,0,0,1,0,0,0
0.00270335,1,1,1,1,1,1,1,1,0,1,0,0,1,0,0,0
0.00270339,1,0,1,1,1,0,1,1,0,1,0,0,1,0,0,0
0.0027034,1,0,0,0,1,0,0,0,0,1,0,0,1,0,0,0
0.00270343,1,0,1,1,1,1,1,0,0,1,0,0,1,0,0,0
0.00270344,1,1,1,1,1,1,1,1,0,1,0,0,1,0,0,0
0.00270347,1,0,1,1,1,0,0,0,0,1,0,0,1,0,0,0
0.00270348,1,0,0,0,1,0,0,0,0,1,0,0,1,0,0,0
0.00270351,1,0,1,1,1,0,0,0,0,1,0,0,1,0,0,0
0.00270355,1,0,1,0,1,0,0,0,0,1,0,0,1,0,0,0
0.00270356,1,0,0,0,1,0,0,0,0,1,0,0,1,0,0,0
0.00270359,1,0,1,0,1,0,0,0,0,1,0,0,1,0,0,0
0.00270362,1,0,0,0,1,0,0,0,0,1,0,0,1,0,0,0
0.00270368,1,0,1,0,1,0,0,0,0,1,0,0,1,0,0,0
0.00270369,1,0,0,0,1,0,0,0,0,1,0,0,1,0,0,0
0.00270377,1,0,0,0,1,0,0,0,0,0,0,0,1,0,0,0
0.00270379,1,0,0,0,1,0,0,0,1,0,0,0,1,0,0,0
0.00270385,1,0,0,0,1,0,0,0,0,0,0,0,0,0,0,0
0.00270386,1,0,0,0,1,0,0,0,1,0,0,0,1,0,0,0
0.00270391,1,0,1,0,1,0,0,0,1,0,0,0,1,0,0,0
0.00270392,1,0,0,0,1,0,0,0,1,0,0,0,1,0,0,0
0.00270433,1,1,1,1,1,1,1,1,1,0,0,0,1,0,0,0
0.00270438,0,0,1,1,1,0,1,0,1,0,0,0,1,0,0,0
0.00270442,1,1,1,1,1,1,1,1,1,0,0,0,1,0,0,0
0.00270444,0,1,1,1,1,1,1,0,1,0,0,0,1,0,0,0
0.00270445,0,0,1,1,1,0,1,0,1,0,0,0,1,0,0,0
0.0027045,0,1,1,1,1,1,1,0,1,0,0,0,1,0,0,0
0.00270451,0,0,1,1,1,0,1,0,1,0,0,0,1,0,0,0
0.00270528,1,1,1,1,1,0,1,0,1,0,0,0,1,0,0,0
0.0027053,1,1,1,1,1,1,1,1,1,0,0,0,1,0,0,0
0.00270535,1,1,0,0,1,1,0,1,1,0,0,0,1,0,0,0
0.00270536,1,1,0,0,1,0,0,0,1,0,0,0,1,0,0,0
0.00270539,1,1,1,1,1,1,0,0,1,0,0,0,1,0,0,0
0.0027054,1,1,1,1,1,1,1,1,1,0,0,0,1,0,0,0
0.00270542,1,1,1,0,1,1,0,0,1,0,0,0,1,0,0,0
0.00270543,1,1,0,0,1,0,0,0,1,0,0,0,1,0,0,0
0.00270547,1,1,1,0,1,1,0,0,1,0,0,0,1,0,0,0
0.00270549,1,1,1,0,1,0,0,0,1,0,0,0,1,0,0,0
0.0027055,1,1,0,0,1,0,0,0,1,0,0,0,1,0,0,0
0.00270573,1,1,0,0,1,0,0,0,1,1,0,0,1,0,0,0
0.00270581,1,1,0,0,1,0,0,0,0,1,0,0,0,0,0,0
0.00270582,1,1,0,0,1,0,0,0,1,1,0,0,1,0,0,0
0.00270626,1,1,1,0,1,0,0,0,1,1,0,0,1,0,0,0
0.00270628,1,1,1,1,1,0,1,1,1,1,0,0,1,0,0,0
0.00270629,1,1,1,1,1,1,1,1,1,1,0,0,1,0,0,0
0.00270633,1,1,1,1,0,1,1,0,1,1,0,0,1,0,0,0
0.00270634,1,1,1,0,0,0,1,0,1,1,0,0,1,0,0,0
0.00270637,1,1,1,1,0,1,1,0,1,1,0,0,1,0,0,0
0.00270638,1,1,1,1,0,1,1,1,1,1,0,0,1,0,0,0
0.0027064,1,1,1,0,0,0,1,0,1,1,0,0,1,0,0,0
0.00270646,1,1,1,1,0,0,1,0,1,1,0,0,1,0,0,0
0.00270647,1,1,1,0,0,0,1,0,1,1,0,0,1,0,0,0
0.00270726,1,1,1,1,0,0,1,1,1,1,0,0,1,0,0,0
0.00270728,1,1,1,1,0,1,1,1,1,1,0,0,1,0,0,0
0.00270729,1,1,1,1,1,1,1,1,1,1,0,0,1,0,0,0
0.0027073,0,1,0,1,0,1,0,1,1,1,0,0,1,0,0,0
0.00270731,0,1,0,0,0,0,0,1,1,1,0,0,1,0,0,0
0.00270735,0,1,1,1,0,1,1,1,1,1,0,0,1,0,0,0
0.00270737,0,1,0,1,0,1,0,1,1,1,0,0,1,0,0,0
0.00270738,0,1,0,0,0,0,0,1,1,1,0,0,1,0,0,0
0.00270768,0,1,0,0,0,0,0,1,0,1,0,0,0,0,0,0
0.00270769,0,1,0,0,0,0,0,1,0,1,0,0,0,0,0,1
0.00270821,1,1,1,0,0,0,0,1,0,1,0,0,0,0,0,1
0.00270822,1,1,1,0,0,0,1,1,0,1,0,0,0,0,0,1
0.00270823,1,1,1,1,0,1,1,1,0,1,0,0,0,0,0,1
0.00270824,1,1,1,1,1,1,1,0,0,1,0,0,0,0,0,1
0.00270825,1,1,1,0,0,0,1,0,0,1,0,0,0,0,0,1
0.00270922,1,1,1,1,1,1,1,1,0,1,0,0,0,0,0,1
0.00270925,1,0,1,1,1,1,1,1,0,1,0,0,0,0,0,1
0.00270926,0,0,0,1,1,0,1,0,0,1,0,0,0,0,0,1
0.00270927,1,0,1,1,1,0,1,1,0,1,0,0,0,0,0,1
0.00270928,1,1,1,1,1,1,1,1,0,1,0,0,0,0,0,1
0.00270931,0,1,0,0,1,0,1,1,0,1,0,0,0,0,0,1
0.00270936,1,1,1,1,1,1,1,1,0,1,0,0,0,0,0,1
0.00270937,0,1,0,0,1,0,1,1,0,1,0,0,0,0,0,1
0.00270963,0,1,0,0,1,0,1,1,0,1,0,0,0,0,0,0
0.00270964,0,1,0,0,1,0,1,1,0,1,0,0,1,0,1,1
0.00271018,1,1,1,1,1,0,1,1,0,1,0,0,1,0,1,1
0.00271019,1,1,1,1,1,1,1,1,0,1,0,0,1,0,1,1
0.00271023,1,1,1,1,0,1,1,0,0,1,0,0,1,0,1,1
0.00271024,1,1,1,0,0,0,1,0,0,1,0,0,1,0,1,1
0.00271028,1,1,1,1,0,1,1,0,0,1,0,0,1,0,1,1
0.0027103,1,1,1,0,0,0,1,0,0,1,0,0,1,0,1,1
0.00271114,1,1,1,0,0,1,1,0,0,1,0,0,1,0,1,1
0.00271115,1,1,1,1,0,1,1,0,0,1,0,0,1,0,1,1
0.00271116,1,1,1,1,1,1,1,1,0,1,0,0,1,0,1,1
0.00271212,0,0,0,0,0,0,0,0,0,1,0,0,1,0,1,1
0.00271308,1,0,1,1,0,0,0,0,0,1,0,0,1,0,1,1
0.00271309,0,0,1,0,0,0,0,0,0,1,0,0,1,0,1,1
0.0027131,0,0,0,0,0,0,0,0,0,1,0,0,1,0,1,1
0.00271312,1,1,1,1,1,1,1,1,0,1,0,0,1,0,1,1
0.00271315,1,1,1,1,1,0,1,0,0,1,0,0,1,0,1,1
0.00271316,1,1,0,1,1,0,1,0,0,1,0,0,1,0,1,1
0.00271317,1,1,1,1,1,0,1,0,0,1,0,0,1,0,1,1
0.00271318,1,1,1,1,1,1,1,1,0,1,0,0,1,0,1,1
0.0027132,1,1,1,1,1,1,1,0,0,1,0,0,1,0,1,1
0.00271323,1,1,1,0,1,1,0,1,0,1,0,0,1,0,1,1
0.00271324,0,1,0,0,1,1,0,0,0,1,0,0,1,0,1,1
0.00271328,1,1,1,0,1,1,0,1,0,1,0,0,1,0,1,1
0.0027133,0,1,0,0,1,1,0,0,0,1,0,0,1,0,1,1
0.00271354,0,1,0,0,1,1,0,0,0,1,0,0,1,0,0,0
0.00271355,0,1,0,0,1,1,0,0,0,1,0,0,1,1,0,0
0.00271409,1,1,1,1,1,1,0,1,0,1,0,0,1,1,0,0
0.0027141,1,1,1,1,1,1,1,1,0,1,0,0,1,1,0,0
0.00271512,0,1,0,1,0,0,0,0,0,1,0,0,1,1,0,0
0.00271516,1,1,1,1,0,0,0,0,0,1,0,0,1,1,0,0
0.00271517,1,1,1,1,0,1,1,0,0,1,0,0,1,1,0,0
0.00271519,1,1,1,1,0,0,0,0,0,1,0,0,1,1,0,0
0.0027152,0,1,0,1,0,0,0,0,0,1,0,0,1,1,0,0
0.00271524,0,1,1,1,0,0,0,0,0,1,0,0,1,1,0,0
0.00271525,1,1,1,1,0,0,0,0,0,1,0,0,1,1,0,0
0.00271526,0,1,1,1,0,0,0,0,0,1,0,0,1,1,0,0
0.00271527,0,1,0,1,0,0,0,0,0,1,0,0,1,1,0,0
0.00271603,1,1,1,1,0,1,1,0,0,1,0,0,1,1,0,0
0.00271604,1,1,1,1,1,1,1,1,0,1,0,0,1,1,0,0
0.00271705,0,0,0,1,1,0,1,0,0,1,0,0,1,1,0,0
0.00271707,0,0,1,1,1,0,1,0,0,1,0,0,1,1,0,0
0.00271708,0,0,1,1,1,1,1,1,0,1,0,0,1,1,0,0
0.00271709,1,1,1,1,1,1,1,1,0,1,0,0,1,1,0,0
0.0027171,1,1,1,1,1,1,0,0,0,1,0,0,1,1,0,0
0.00271711,0,0,1,1,1,0,0,0,0,1,0,0,1,1,0,0
0.00271713,0,0,1,0,1,0,0,0,0,1,0,0,1,1,0,0
0.00271744,0,0,1,0,1,0,0,0,0,0,0,0,1,0,0,0
0.00271746,0,0,1,0,1,0,0,0,0,0,1,0,1,0,0,0
0.00271752,0,0,1,0,1,0,0,0,0,0,0,0,0,0,0,0
0.00271753,0,1,1,1,1,0,0,0,0,0,1,0,1,0,0,0
0.00271754,0,1,1,1,1,0,0,0,0,1,1,1,1,0,0,0
0.00271755,1,1,1,1,1,1,0,1,0,1,1,1,1,0,0,0
0.00271756,1,0,1,0,1,1,1,1,0,0,1,0,1,0,0,0
0.00271757,0,0,1,0,1,0,0,0,0,0,1,0,1,0,0,0
0.00271761,0,0,1,0,1,1,0,0,0,0,1,0,1,0,0,0
0.00271762,1,0,1,0,1,1,0,0,0,0,1,0,1,0,0,0
0.00271764,0,0,1,0,1,0,0,0,0,0,1,0,1,0,0,0
0.002718,1,1,1,1,1,1,1,1,0,0,1,0,1,0,0,0
0.00271902,0,0,0,0,0,0,0,1,0,0,1,0,1,0,0,0
0.00271906,1,1,1,0,0,1,1,1,0,0,1,0,1,0,0,0
0.00271907,1,1,1,1,0,1,1,1,0,0,1,0,1,0,0,0
0.00271909,1,1,1,0,0,1,1,1,0,0,1,0,1,0,0,0
0.0027191,1,0,0,0,0,1,0,1,0,0,1,0,1,0,0,0
0.00271911,0,0,0,0,0,0,0,1,0,0,1,0,1,0,0,0
0.00271914,0,0,0,0,0,1,0,1,0,0,1,0,1,0,0,0
0.00271915,1,0,0,0,0,1,0,1,0,0,1,0,1,0,0,0
0.00271917,0,0,0,0,0,1,0,1,0,0,1,0,1,0,0,0
0.00271918,0,0,0,0,0,0,0,1,0,0,1,0,1,0,0,0
0.00271992,0,0,0,1,0,0,0,1,0,0,1,0,1,0,0,0
0.00271993,0,0,1,1,1,0,0,1,0,0,1,0,1,0,0,0
0.00271995,1,1,1,1,1,1,1,1,0,0,1,0,1,0,0,0
0.00272,1,1,0,0,1,0,0,0,0,0,1,0,1,0,0,0
0.00272004,1,1,1,1,1,1,1,0,0,0,1,0,1,0,0,0
0.00272008,1,1,0,0,1,0,0,0,0,0,1,0,1,0,0,0
0.00272012,1,1,1,0,1,1,0,0,0,0,1,0,1,0,0,0
0.00272013,1,1,1,1,1,1,0,0,0,0,1,0,1,0,0,0
0.00272014,1,1,1,0,1,1,0,0,0,0,1,0,1,0,0,0
0.00272015,1,1,0,0,1,0,0,0,0,0,1,0,1,0,0,0
0.0027202,1,1,1,0,1,0,0,0,0,0,1,0,1,0,0,0
0.00272023,1,1,0,0,1,0,0,0,0,0,1,0,1,0,0,0
0.00272037,1,1,0,0,1,0,0,0,0,0,0,0,1,0,0,0
0.00272038,1,1,0,0,1,0,0,0,1,1,0,0,1,0,0,0
0.00272043,1,1,1,0,1,0,0,0,1,1,0,0,1,0,0,0
0.00272044,1,1,1,0,1,0,0,0,1,0,0,0,0,0,0,0
0.00272045,1,1,0,0,1,0,0,0,0,1,0,0,1,0,0,0
0.00272046,1,1,0,0,1,0,0,0,1,1,0,0,1,0,0,0
0.0027205,1,1,1,0,1,0,0,0,1,1,0,0,1,0,0,0
0.00272052,1,1,0,0,1,0,0,0,1,1,0,0,1,0,0,0
0.00272092,1,1,0,1,1,1,1,0,1,1,0,0,1,0,0,0
0.00272093,1,1,1,1,1,1,1,1,1,1,0,0,1,0,0,0
0.00272097,1,0,0,0,1,1,1,1,1,1,0,0,1,0,0,0
0.00272098,1,0,0,0,1,1,1,0,1,1,0,0,1,0,0,0
0.00272101,1,0,1,1,1,1,1,0,1,1,0,0,1,0,0,0
0.00272102,1,1,1,1,1,1,1,0,1,1,0,0,1,0,0,0
0.00272103,1,0,1,1,1,1,1,0,1,1,0,0,1,0,0,0
0.00272104,1,0,0,0,1,1,1,0,1,1,0,0,1,0,0,0
0.00272188,1,1,1,1,1,1,1,0,1,1,0,0,1,0,0,0
0.0027219,1,1,1,1,1,1,1,1,1,1,0,0,1,0,0,0
0.00272191,1,1,1,1,1,1,1,0,1,1,0,0,1,0,0,0
0.00272194,1,1,1,1,1,1,1,1,1,1,0,0,1,0,0,0
0.00272196,0,1,0,0,1,0,0,0,1,1,0,0,1,0,0,0
0.002722,0,1,1,1,1,0,0,0,1,1,0,0,1,0,0,0
0.00272201,1,1,1,1,1,1,1,1,1,1,0,0,1,0,0,0
0.00272202,1,1,1,1,1,1,1,0,1,1,0,0,1,0,0,0
0.00272203,0,1,1,1,1,0,0,0,1,1,0,0,1,0,0,0
0.00272204,0,1,0,0,1,0,0,0,1,1,0,0,1,0,0,0
0.00272209,0,1,1,0,1,0,0,0,1,1,0,0,1,0,0,0
0.0027221,0,1,0,0,1,0,0,0,1,1,0,0,1,0,0,0
0.00272232,0,1,0,0,1,0,0,0,0,1,0,0,1,0,0,0
0.0027224,0,1,0,0,1,0,0,0,0,0,0,0,0,0,0,0
0.00272241,0,1,0,0,1,0,0,0,0,1,0,0,1,0,0,0
0.00272286,1,1,0,0,1,0,0,0,0,1,0,0,1,0,0,0
0.00272287,0,1,0,0,1,0,0,0,0,1,0,0,1,0,0,0
0.00272288,1,1,1,1,1,1,1,1,0,1,0,0,1,0,0,0
0.00272292,1,1,0,0,1,1,0,0,0,1,0,0,1,0,0,0
0.00272296,1,1,1,1,1,1,1,0,0,1,0,0,1,0,0,0
0.00272298,1,1,0,0,1,1,0,0,0,1,0,0,1,0,0,0
0.00272384,1,1,0,0,1,1,1,0,0,1,0,0,1,0,0,0
0.00272386,1,1,0,1,1,1,1,0,0,1,0,0,1,0,0,0
0.00272388,1,1,1,1,1,1,1,1,0,1,0,0,1,0,0,0
0.0027239,1,0,0,0,1,0,0,0,0,1,0,0,1,0,0,0
0.00272395,1,0,1,1,1,1,1,0,0,1,0,0,1,0,0,0
0.00272397,1,0,0,0,1,0,0,0,0,1,0,0,1,0,0,0
0.00272428,1,0,0,0,1,0,0,0,0,0,0,0,1,0,0,0
0.00272429,1,0,0,0,1,0,0,0,1,0,0,0,1,0,0,0
0.00272435,1,0,0,0,1,0,0,0,0,0,0,0,0,0,0,0
0.00272436,1,0,0,0,1,0,0,0,1,0,0,0,1,0,0,0
0.00272481,1,0,1,1,1,0,0,0,1,0,0,0,1,0,0,0
0.00272482,1,0,0,0,1,0,0,0,1,0,0,0,1,0,0,0
0.00272483,1,1,1,1,1,0,1,0,1,0,0,0,1,0,0,0
0.00272486,1,1,1,1,1,1,1,1,1,0,0,0,1,0,0,0
0.00272487,1,0,1,1,1,1,1,1,1,0,0,0,1,0,0,0
0.00272488,0,0,1,1,1,0,1,0,1,0,0,0,1,0,0,0
0.00272581,1,1,1,1,1,1,1,0,1,0,0,0,1,0,0,0
0.00272582,1,1,1,1,1,1,1,1,1,0,0,0,1,0,0,0
0.00272586,0,0,1,0,1,0,0,0,1,0,0,0,1,0,0,0
0.0027259,0,0,1,1,1,1,0,0,1,0,0,0,1,0,0,0
0.00272591,1,1,1,1,1,1,1,0,1,0,0,0,1,0,0,0
0.00272592,1,1,1,1,1,1,1,1,1,0,0,0,1,0,0,0
0.00272593,0,0,1,1,1,1,0,0,1,0,0,0,1,0,0,0
0.00272594,0,0,1,1,1,0,0,0,1,0,0,0,1,0,0,0
0.00272595,0,0,1,0,1,0,0,0,1,0,0,0,1,0,0,0
0.00272598,0,0,1,1,1,0,0,0,1,0,0,0,1,0,0,0
0.00272602,0,0,1,0,1,0,0,0,1,0,0,0,1,0,0,0
0.00272606,0,0,1,1,1,0,0,0,1,0,0,0,1,0,0,0
0.00272611,0,0,1,0,1,0,0,0,1,0,0,0,1,0,0,0
0.00272614,0,0,1,1,1,0,0,0,1,0,0,0,1,0,0,0
0.00272617,0,0,1,0,1,0,0,0,1,0,0,0,1,0,0,0
0.00272622,0,0,1,1,1,0,0,0,1,0,0,0,1,0,0,0
0.00272623,0,0,1,1,1,0,0,0,0,0,0,0,1,0,0,0
0.00272624,0,0,1,1,1,0,0,0,0,0,1,0,1,0,0,0
0.00272625,0,0,1,0,1,0,0,0,0,0,1,0,1,0,0,0
0.00272628,0,0,1,1,1,0,0,0,0,0,1,0,1,0,0,0
0.00272631,0,0,1,0,1,0,0,0,0,0,1,0,1,0,0,0
0.00272632,0,0,1,0,1,0,1,0,0,0,1,0,1,0,0,0
0.00272633,0,0,1,0,1,0,1,0,0,0,1,0,1,0,1,0
0.00272634,0,0,1,1,1,1,1,0,0,0,1,0,1,0,1,0
0.00272635,1,1,1,1,1,0,0,0,0,0,1,0,1,0,0,0
0.00272636,0,0,1,0,1,0,0,0,0,0,1,0,1,0,0,0
0.0027264,0,0,1,1,1,0,0,0,0,0,1,0,1,0,0,0
0.00272644,0,0,1,0,1,0,0,0,0,0,1,0,1,0,0,0
0.00272648,0,0,1,1,1,0,0,0,0,0,1,0,1,0,0,0
0.0027265,0,0,1,0,1,0,0,0,0,0,1,0,1,0,0,0
0.00272678,0,0,1,1,1,0,1,0,0,0,1,0,1,0,0,0
0.0027268,1,1,1,1,1,1,1,0,0,0,1,0,1,0,0,0
0.00272681,1,1,1,1,1,1,1,1,0,0,1,0,1,0,0,0
0.00272682,1,0,0,1,0,1,1,1,0,0,1,0,1,0,0,0
0.00272683,0,0,0,0,0,0,1,0,0,0,1,0,1,0,0,0
0.00272687,1,0,0,1,0,1,1,0,0,0,1,0,1,0,0,0
0.00272688,1,1,0,1,0,1,1,0,0,0,1,0,1,0,0,0
0.00272689,1,0,0,1,0,1,1,0,0,0,1,0,1,0,0,0
0.0027269,0,0,0,1,0,0,1,0,0,0,1,0,1,0,0,0
0.00272691,0,0,0,0,0,0,1,0,0,0,1,0,1,0,0,0
0.00272696,0,0,0,1,0,0,1,0,0,0,1,0,1,0,0,0
0.00272697,0,0,0,0,0,0,1,0,0,0,1,0,1,0,0,0
0.00272774,0,1,0,1,0,0,1,1,0,0,1,0,1,0,0,0
0.00272775,0,1,0,0,0,0,1,1,0,0,1,0,1,0,0,0
0.00272776,0,1,0,1,0,0,1,0,0,0,1,0,1,0,0,0
0.00272777,1,1,1,1,1,1,1,0,0,0,1,0,1,0,0,0
0.00272778,1,1,1,1,1,1,1,1,0,0,1,0,1,0,0,0
0.00272782,1,0,0,0,0,0,0,1,0,0,1,0,1,0,0,0
0.00272783,0,0,0,0,0,0,0,1,0,0,1,0,1,0,0,0
0.00272787,1,0,0,1,0,1,0,1,0,0,1,0,1,0,0,0
0.00272788,1,1,1,1,0,1,1,1,0,0,1,0,1,0,0,0
0.00272789,1,1,0,1,0,1,0,1,0,0,1,0,1,0,0,0
0.0027279,1,0,0,0,0,0,0,1,0,0,1,0,1,0,0,0
0.00272791,0,0,0,0,0,0,0,1,0,0,1,0,1,0,0,0
0.00272795,1,0,0,0,0,0,0,1,0,0,1,0,1,0,0,0
0.00272798,0,0,0,0,0,0,0,1,0,0,1,0,1,0,0,0
0.00272871,1,0,1,1,0,0,0,1,0,0,1,0,1,0,0,0
0.00272872,1,1,1,1,0,0,0,1,0,0,1,0,1,0,0,0
0.00272874,1,1,1,1,1,1,1,1,0,0,1,0,1,0,0,0
0.00272878,1,1,1,1,0,1,1,1,0,0,1,0,1,0,0,0
0.00272879,0,0,0,1,0,0,0,1,0,0,1,0,1,0,0,0
0.00272882,1,1,1,1,0,1,1,1,0,0,1,0,1,0,0,0
0.00272886,1,0,1,1,0,0,0,1,0,0,1,0,1,0,0,0
0.00272887,0,0,0,1,0,0,0,1,0,0,1,0,1,0,0,0
0.0027289,1,0,1,1,0,0,0,1,0,0,1,0,1,0,0,0
0.00272891,1,1,1,1,0,1,0,1,0,0,1,0,1,0,0,0
0.00272892,1,1,1,1,0,0,0,1,0,0,1,0,1,0,0,0
0.00272893,1,0,0,1,0,0,0,1,0,0,1,0,1,0,0,0
0.00272895,0,0,0,1,0,0,0,1,0,0,1,0,1,0,0,0
0.00272898,1,0,0,1,0,0,0,1,0,0,1,0,1,0,0,0
0.00272903,0,0,0,1,0,0,0,1,0,0,1,0,1,0,0,0
0.00272908,1,0,0,1,0,0,0,1,0,0,1,0,1,0,0,0
0.00272909,0,0,0,1,0,0,0,1,0,0,1,0,1,0,0,0
0.00272916,1,0,0,1,0,0,0,1,0,0,0,0,0,0,0,0
0.00272917,0,0,0,1,0,0,0,1,0,0,0,1,0,0,0,1
0.00272922,1,0,0,1,0,0,0,1,0,0,0,1,0,0,0,1
0.00272923,0,0,0,1,0,0,0,1,0,0,0,1,0,0,0,1
0.00272924,0,0,0,1,0,0,0,1,0,0,0,1,0,0,0,0
0.00272925,0,0,0,1,0,0,0,1,0,0,0,1,0,0,0,1
0.00272969,1,1,1,1,0,0,0,1,0,0,0,1,0,0,0,1
0.0027297,1,1,1,1,0,1,1,1,0,0,0,1,0,0,0,1
0.00272971,1,0,1,1,1,0,1,1,0,0,0,1,0,0,0,1
0.00272972,1,1,1,1,1,0,1,1,0,0,0,1,0,0,0,1
0.00272973,1,1,1,1,1,1,1,1,0,0,0,1,0,0,0,1
0.00272977,0,0,0,0,0,0,0,1,0,0,0,1,0,0,0,1
0.0027298,1,1,1,0,0,1,1,1,0,0,0,1,0,0,0,1
0.00272981,1,1,1,1,1,1,1,1,0,0,0,1,0,0,0,1
0.00272984,1,1,1,1,0,1,1,1,0,0,0,1,0,0,0,1
0.00272985,0,0,1,0,0,0,0,1,0,0,0,1,0,0,0,1
0.00272986,0,0,0,0,0,0,0,1,0,0,0,1,0,0,0,1
0.00272988,1,0,1,0,0,1,0,1,0,0,0,1,0,0,0,1
0.00272989,1,1,1,1,0,1,1,1,0,0,0,1,0,0,0,1
0.00272992,1,1,1,0,0,1,0,1,0,0,0,1,0,0,0,1
0.00272993,0,0,1,0,0,0,0,1,0,0,0,1,0,0,0,1
0.00272995,1,0,1,0,0,1,0,1,0,0,0,1,0,0,0,1
0.00272996,1,1,1,0,0,1,0,1,0,0,0,1,0,0,0,1
0.00272997,1,1,1,0,0,1,1,1,0,0,0,1,0,0,0,1
0.00272999,1,1,1,0,0,1,0,1,0,0,0,1,0,0,0,1
0.00273,1,0,1,0,0,1,0,1,0,0,0,1,0,0,0,1
0.0027301,0,0,1,0,0,1,0,1,0,0,0,1,0,0,0,1
0.00273011,1,1,1,0,0,1,0,1,0,0,0,1,0,0,0,1
0.00273012,0,0,1,0,0,0,0,1,0,0,0,1,0,0,0,1
0.00273014,0,0,1,0,0,1,0,1,0,0,0,1,0,0,0,1
0.00273015,1,0,1,0,0,1,0,1,0,0,0,1,0,0,0,1
0.00273018,0,0,1,0,0,0,0,1,0,0,0,1,0,0,0,1
0.00273021,1,0,1,0,0,0,0,1,0,0,0,1,0,0,0,1
0.00273023,1,0,1,0,0,1,0,1,0,0,0,1,0,0,0,1
0.00273024,0,0,1,0,0,1,0,1,0,0,0,1,0,0,0,1
0.00273025,1,0,1,0,0,0,0,1,0,0,0,1,0,0,0,1
0.00273026,0,0,1,0,0,0,0,1,0,0,0,1,0,0,0,1
0.00273042,0,0,0,0,0,0,0,1,0,0,0,1,0,0,0,1
0.00273043,0,0,1,0,0,0,0,1,0,0,0,1,0,0,0,1
0.00273046,0,0,0,0,0,0,0,1,0,0,0,1,0,0,0,1
0.00273058,0,0,1,0,0,0,0,1,0,0,0,1,0,0,0,1
0.00273059,0,0,0,0,0,0,0,1,0,0,0,1,0,0,0,1
0.00273069,1,0,1,0,0,0,0,1,0,0,0,1,0,0,0,1
0.0027307,0,0,0,0,0,0,0,1,0,0,0,1,0,0,0,1
0.00273072,0,0,1,1,0,1,0,1,0,0,0,1,0,0,0,1
0.00273073,0,1,1,1,0,1,1,1,0,0,0,1,0,0,0,1
0.00273074,1,1,1,1,1,1,1,1,0,0,0,1,0,0,0,1
0.00273078,1,1,0,0,1,1,1,1,0,0,0,1,0,0,0,1
0.0027308,1,1,1,1,1,0,1,1,0,0,0,1,0,0,0,1
0.00273081,0,1,0,0,1,0,1,1,0,0,0,1,0,0,0,1
0.00273085,1,1,1,1,1,1,1,1,0,0,0,1,0,0,0,1
0.00273087,0,1,1,0,1,0,1,1,0,0,0,1,0,0,0,1
0.00273088,0,1,0,0,1,0,1,1,0,0,0,1,0,0,0,1
0.00273111,0,1,0,0,1,0,1,1,0,0,0,0,0,0,0,0
0.00273112,0,1,0,0,1,0,1,1,0,1,0,0,1,0,1,1
0.00273119,0,1,0,0,1,0,1,1,0,1,0,0,1,0,1,0
0.0027312,0,1,0,0,1,0,1,1,0,1,0,0,1,0,1,1
0.00273166,1,1,1,1,1,0,1,1,0,1,0,0,1,0,1,1
0.00273167,1,1,1,1,1,1,1,1,0,1,0,0,1,0,1,1
0.00273171,0,0,0,0,0,0,0,1,0,1,0,0,1,0,1,1
0.00273174,0,0,1,0,0,1,0,1,0,1,0,0,1,0,1,1
0.00273175,1,1,1,1,0,1,1,1,0,1,0,0,1,0,1,1
0.00273179,0,0,1,1,0,1,0,1,0,1,0,0,1,0,1,1
0.0027318,0,0,0,0,0,0,0,1,0,1,0,0,1,0,1,1
0.00273183,1,0,1,1,0,1,0,1,0,1,0,0,1,0,1,1
0.00273184,1,1,1,1,0,1,1,1,0,1,0,0,1,0,1,1
0.00273185,1,0,1,1,0,1,1,1,0,1,0,0,1,0,1,1
0.00273186,0,0,1,1,0,1,0,1,0,1,0,0,1,0,1,1
0.00273188,0,0,1,0,0,1,0,1,0,1,0,0,1,0,1,1
0.00273189,0,0,1,0,0,0,0,1,0,1,0,0,1,0,1,1
0.0027319,0,0,1,1,0,1,0,1,0,1,0,0,1,0,1,1
0.00273196,0,0,1,0,0,1,0,1,0,1,0,0,1,0,1,1
0.00273198,0,0,1,1,0,1,0,1,0,1,0,0,1,0,1,1
0.00273202,0,0,1,0,0,1,0,1,0,1,0,0,1,0,1,1
0.00273204,0,0,0,0,0,0,0,1,0,1,0,0,1,0,1,1
0.00273205,0,0,1,0,0,0,0,1,0,1,0,0,1,0,1,1
0.00273206,0,0,1,1,0,1,0,1,0,1,0,0,1,0,1,1
0.00273207,0,0,1,1,0,0,0,1,0,1,0,0,1,0,1,1
0.00273208,0,0,0,0,0,0,0,1,0,1,0,0,1,0,1,1
0.00273209,0,0,1,0,0,1,0,1,0,1,0,0,1,0,1,1
0.00273211,0,0,1,1,0,1,0,1,0,1,0,0,1,0,1,1
0.00273212,0,0,1,0,0,1,0,1,0,1,0,0,1,0,1,1
0.00273213,0,0,0,0,0,0,0,1,0,1,0,0,1,0,1,1
0.00273215,0,0,1,0,0,0,0,1,0,1,0,0,1,0,1,1
0.00273216,0,0,0,0,0,0,0,1,0,1,0,0,1,0,1,1
0.00273217,0,0,1,0,0,0,0,1,0,1,0,0,1,0,1,1
0.00273221,0,0,0,0,0,0,0,1,0,1,0,0,1,0,1,1
0.00273228,0,0,1,0,0,0,0,1,0,1,0,0,1,0,1,1
0.00273229,0,0,0,0,0,0,0,1,0,1,0,0,1,0,1,1
0.00273261,0,0,1,1,0,1,0,1,0,1,0,0,1,0,1,1
0.00273262,1,1,1,1,0,1,1,1,0,1,0,0,1,0,1,1
0.00273263,1,1,1,1,1,1,1,1,0,1,0,0,1,0,1,1
0.0027336,0,0,0,0,0,0,0,0,0,1,0,0,1,0,1,1
0.00273364,1,1,1,1,0,0,0,0,0,1,0,0,1,0,1,1
0.00273365,1,1,1,1,0,1,1,0,0,1,0,0,1,0,1,1
0.00273366,0,0,1,0,0,0,0,0,0,1,0,0,1,0,1,1
0.00273367,0,0,0,0,0,0,0,0,0,1,0,0,1,0,1,1
0.00273456,1,1,1,0,0,0,1,0,0,1,0,0,1,0,1,1
0.00273458,0,0,0,0,0,0,0,0,0,1,0,0,1,0,1,1
0.0027346,1,1,1,1,1,1,1,1,0,1,0,0,1,0,1,1
0.00273463,1,1,1,1,1,0,1,0,0,1,0,0,1,0,1,1
0.00273464,0,0,0,1,1,0,1,0,0,1,0,0,1,0,1,1
0.00273465,0,1,0,1,1,0,1,1,0,1,0,0,1,0,1,1
0.00273466,0,1,0,1,1,1,1,1,0,1,0,0,1,0,1,1
0.00273467,1,1,1,1,1,1,1,1,0,1,0,0,1,0,1,1
0.00273469,0,1,0,0,1,1,0,1,0,1,0,0,1,0,1,1
0.0027347,0,1,0,0,1,1,0,0,0,1,0,0,1,0,1,1
0.00273474,1,1,1,0,1,1,0,0,0,1,0,0,1,0,1,1
0.00273477,0,1,0,0,1,1,0,0,0,1,0,0,1,0,1,1
0.00273482,1,1,1,0,1,1,0,0,0,1,0,0,1,0,1,1
0.00273483,0,1,1,0,1,1,0,0,0,1,0,0,1,0,1,1
0.00273484,0,1,0,0,1,1,0,0,0,1,0,0,1,0,1,1
0.00273502,0,1,0,0,1,1,0,0,0,1,0,0,1,0,0,0
0.00273503,0,1,0,0,1,1,0,0,0,1,0,0,1,1,0,0
0.00273557,1,1,1,1,1,1,0,0,0,1,0,0,1,1,0,0
0.00273558,1,1,1,1,1,1,1,1,0,1,0,0,1,1,0,0
0.00273562,0,1,0,0,0,0,0,0,0,1,0,0,1,1,0,0
0.00273565,1,1,1,0,0,0,0,0,0,1,0,0,1,1,0,0
0.00273566,1,1,1,1,0,1,1,1,0,1,0,0,1,1,0,0
0.00273568,1,1,1,1,1,1,1,1,0,1,0,0,1,1,0,0
0.00273569,1,1,1,1,0,1,1,1,0,1,0,0,1,1,0,0
0.0027357,1,1,1,1,0,0,1,0,0,1,0,0,1,1,0,0
0.00273571,1,1,1,0,0,0,0,0,0,1,0,0,1,1,0,0
0.00273572,0,1,1,0,0,0,0,0,0,1,0,0,1,1,0,0
0.00273573,1,1,1,0,0,0,0,0,0,1,0,0,1,1,0,0
0.00273574,1,1,1,1,0,0,1,0,0,1,0,0,1,1,0,0
0.00273575,1,1,1,1,0,1,1,0,0,1,0,0,1,1,0,0
0.00273577,1,1,1,1,0,0,1,0,0,1,0,0,1,1,0,0
0.00273578,1,1,1,1,0,0,0,0,0,1,0,0,1,1,0,0
0.00273579,1,1,1,0,0,0,0,0,0,1,0,0,1,1,0,0
0.00273581,1,1,1,1,0,0,0,0,0,1,0,0,1,1,0,0
0.00273594,1,1,1,0,0,0,0,0,0,1,0,0,1,1,0,0
0.00273596,1,1,1,1,0,0,0,0,0,1,0,0,1,1,0,0
0.00273598,1,1,1,0,0,0,0,0,0,1,0,0,1,1,0,0
0.002736,1,1,1,1,0,0,0,0,0,1,0,0,1,1,0,0
0.00273601,1,1,1,1,0,1,1,0,0,1,0,0,1,1,0,0
0.00273602,1,1,1,0,0,0,0,0,0,1,0,0,1,1,0,0
0.00273605,1,1,1,1,0,0,0,0,0,1,0,0,1,1,0,0
0.00273606,1,1,1,0,0,0,0,0,0,1,0,0,1,1,0,0
0.00273648,0,1,1,0,0,0,0,0,0,1,0,0,1,1,0,0
0.00273649,1,1,1,0,0,0,0,0,0,1,0,0,1,1,0,0
0.00273652,0,1,1,0,0,0,0,0,0,1,0,0,1,1,0,0
0.00273653,1,1,1,1,1,0,0,0,0,1,0,0,1,1,0,0
0.00273654,1,1,1,1,1,1,1,1,0,1,0,0,1,1,0,0
0.00273659,1,1,1,1,1,1,1,0,0,1,0,0,1,1,0,0
0.0027366,1,1,0,1,0,0,0,0,0,1,0,0,1,1,0,0
0.00273663,1,1,1,1,0,0,0,0,0,1,0,0,1,1,0,0
0.00273664,1,1,1,1,1,1,1,1,0,1,0,0,1,1,0,0
0.00273666,1,1,1,1,0,1,1,0,0,1,0,0,1,1,0,0
0.00273667,1,1,1,1,0,0,0,0,0,1,0,0,1,1,0,0
0.00273668,1,1,0,1,0,0,0,0,0,1,0,0,1,1,0,0
0.00273671,1,1,1,1,0,0,0,0,0,1,0,0,1,1,0,0
0.00273676,1,1,0,1,0,0,0,0,0,1,0,0,1,1,0,0
0.00273677,1,1,1,1,0,0,0,0,0,1,0,0,1,1,0,0
0.00273693,1,1,0,1,0,0,0,0,0,1,0,0,1,1,0,0
0.00273694,1,1,1,1,0,0,0,0,0,1,0,0,1,1,0,0
0.00273707,1,1,0,1,0,0,0,0,0,1,0,0,1,1,0,0
0.00273708,1,1,1,1,0,0,0,0,0,1,0,0,1,1,0,0
0.00273711,1,1,0,1,0,0,0,0,0,1,0,0,1,1,0,0
0.00273716,1,1,1,1,0,0,0,0,0,1,0,0,1,1,0,0
0.00273717,1,1,0,1,0,0,0,0,0,1,0,0,1,1,0,0
0.0027375,1,1,1,1,0,0,0,0,0,1,0,0,1,1,0,0
0.00273751,1,1,1,1,0,1,1,0,0,1,0,0,1,1,0,0
0.00273752,1,1,1,1,1,1,1,1,0,1,0,0,1,1,0,0
0.0027385,1,1,1,1,1,1,0,0,0,1,0,0,1,1,0,0
0.00273851,1,1,0,1,1,1,1,0,0,1,0,0,1,1,0,0
0.00273852,0,0,0,1,1,0,1,0,0,1,0,0,1,1,0,0
0.00273855,1,1,1,1,1,1,1,1,0,1,0,0,1,1,0,0
0.00273861,1,1,1,1,1,0,0,0,0,1,0,0,1,1,0,0
0.00273862,0,0,1,0,1,0,0,0,0,1,0,0,1,1,0,0
0.00273866,1,0,1,1,1,0,0,0,0,1,0,0,1,1,0,0
0.00273867,1,1,1,1,1,1,1,0,0,1,0,0,1,1,0,0
0.00273868,1,0,1,1,1,0,0,0,0,1,0,0,1,1,0,0
0.00273869,0,0,1,0,1,0,0,0,0,1,0,0,1,1,0,0
0.00273892,0,0,1,0,1,0,0,0,0,0,0,0,1,0,0,0
0.00273894,0,0,1,0,1,0,0,0,0,0,1,0,1,0,0,0
0.002739,0,0,1,0,1,0,0,0,0,0,0,0,0,0,0,0
0.00273901,0,0,1,0,1,0,0,0,0,0,1,0,1,0,0,0
0.00273945,1,1,1,1,1,0,0,0,0,0,1,0,1,0,0,0
0.00273946,1,1,1,0,1,0,0,0,0,0,1,0,1,0,0,0
0.00273947,1,1,1,1,1,1,1,1,0,0,1,0,1,0,0,0
0.0027405,0,0,0,0,0,0,0,1,0,0,1,0,1,0,0,0
0.00274054,1,1,1,1,0,1,1,1,0,0,1,0,1,0,0,0
0.00274057,1,1,1,1,0,1,0,1,0,0,1,0,1,0,0,0
0.00274058,1,1,1,1,0,0,0,1,0,0,1,0,1,0,0,0
0.00274059,0,0,0,0,0,0,0,1,0,0,1,0,1,0,0,0
0.00274062,1,0,1,1,0,0,0,1,0,0,1,0,1,0,0,0
0.00274063,1,1,1,1,0,0,0,1,0,0,1,0,1,0,0,0
0.00274066,1,0,1,1,0,0,0,1,0,0,1,0,1,0,0,0
0.00274067,1,0,0,1,0,0,0,1,0,0,1,0,1,0,0,0
0.00274068,0,0,0,0,0,0,0,1,0,0,1,0,1,0,0,0
0.00274069,0,0,0,1,0,0,0,1,0,0,1,0,1,0,0,0
0.0027407,1,0,1,1,0,0,0,1,0,0,1,0,1,0,0,0
0.00274077,1,0,0,1,0,0,0,1,0,0,1,0,1,0,0,0
0.00274078,1,0,1,1,0,0,0,1,0,0,1,0,1,0,0,0
0.00274082,0,0,1,1,0,0,0,1,0,0,1,0,1,0,0,0
0.00274083,1,0,0,1,0,0,0,1,0,0,1,0,1,0,0,0
0.00274084,1,0,1,1,0,0,0,1,0,0,1,0,1,0,0,0
0.00274099,1,0,0,1,0,0,0,1,0,0,1,0,1,0,0,0
0.00274101,1,0,1,1,0,0,0,1,0,0,1,0,1,0,0,0
0.00274109,0,0,1,1,0,0,0,1,0,0,1,0,1,0,0,0
0.0027411,1,0,1,1,0,0,0,1,0,0,1,0,1,0,0,0
0.00274113,0,0,0,1,0,0,0,1,0,0,1,0,1,0,0,0
0.00274114,0,0,0,0,0,0,0,1,0,0,1,0,1,0,0,0
0.00274115,1,0,0,1,0,0,0,1,0,0,1,0,1,0,0,0
0.00274116,1,0,1,1,0,0,0,1,0,0,1,0,1,0,0,0
0.00274118,0,0,0,0,0,0,0,1,0,0,1,0,1,0,0,0
0.00274121,1,0,0,1,0,0,0,1,0,0,1,0,1,0,0,0
0.00274122,0,0,0,0,0,0,0,1,0,0,1,0,1,0,0,0
0.00274123,0,0,1,0,0,0,0,1,0,0,1,0,1,0,0,0
0.00274124,0,0,0,0,0,0,0,1,0,0,1,0,1,0,0,0
0.00274132,0,0,1,1,0,0,0,1,0,0,1,0,1,0,0,0
0.00274133,0,0,0,0,0,0,0,1,0,0,1,0,1,0,0,0
0.00274137,1,0,1,1,0,0,0,1,0,0,1,0,1,0,0,0
0.00274138,1,0,1,0,0,0,0,1,0,0,1,0,1,0,0,0
0.00274139,0,0,0,0,0,0,0,1,0,0,1,0,1,0,0,0
0.0027414,1,1,1,1,0,0,0,1,0,0,1,0,1,0,0,0
0.00274142,1,1,1,1,1,1,1,1,0,0,1,0,1,0,0,0
0.00274148,1,1,0,0,1,0,0,0,0,0,1,0,1,0,0,0
0.00274152,1,1,1,1,1,1,1,0,0,0,1,0,1,0,0,0
0.00274155,1,1,1,1,1,0,0,0,0,0,1,0,1,0,0,0
0.00274156,1,1,0,0,1,0,0,0,0,0,1,0,1,0,0,0
0.0027416,1,1,1,1,1,0,0,0,0,0,1,0,1,0,0,0
0.00274161,1,1,1,1,1,1,0,0,0,0,1,0,1,0,0,0
0.00274162,1,1,1,1,1,0,0,0,0,0,1,0,1,0,0,0
0.00274163,1,1,0,0,1,0,0,0,0,0,1,0,1,0,0,0
0.00274167,1,1,1,0,1,0,0,0,0,0,1,0,1,0,0,0
0.00274171,1,1,0,0,1,0,0,0,0,0,1,0,1,0,0,0
0.00274175,1,1,1,0,1,0,0,0,0,0,1,0,1,0,0,0
0.00274176,1,1,0,0,1,0,0,0,0,0,1,0,1,0,0,0
0.00274183,1,1,1,0,1,0,0,0,0,0,1,0,1,0,0,0
0.00274185,1,1,1,0,1,0,0,0,0,0,0,0,1,0,0,0
0.00274186,1,1,0,0,1,0,0,0,1,1,0,0,1,0,0,0
0.0027419,1,1,1,0,1,0,0,0,1,1,0,0,1,0,0,0
0.00274192,1,1,1,0,1,0,0,0,1,0,0,0,0,0,0,0
0.00274193,1,1,0,0,1,0,0,0,0,1,0,0,1,0,0,0
0.00274194,1,1,0,0,1,0,0,0,1,1,0,0,1,0,0,0
0.00274198,1,1,1,0,1,0,0,0,1,1,0,0,1,0,0,0
0.002742,1,1,0,0,1,0,0,0,1,1,0,0,1,0,0,0
0.0027424,1,1,1,1,1,0,0,0,1,1,0,0,1,0,0,0
0.00274241,1,1,1,1,1,1,1,1,1,1,0,0,1,0,0,0
0.00274245,1,0,0,0,1,1,1,0,1,1,0,0,1,0,0,0
0.00274249,1,1,1,1,1,1,1,0,1,1,0,0,1,0,0,0
0.00274251,1,0,0,0,1,1,1,0,1,1,0,0,1,0,0,0
0.00274338,1,1,1,1,1,1,1,0,1,1,0,0,1,0,0,0
0.00274339,1,1,1,1,1,1,1,1,1,1,0,0,1,0,0,0
0.00274343,0,1,1,0,1,0,0,0,1,1,0,0,1,0,0,0
0.00274344,0,1,0,0,1,0,0,0,1,1,0,0,1,0,0,0
0.00274347,0,1,1,1,1,1,0,0,1,1,0,0,1,0,0,0
0.00274348,1,1,1,1,1,1,1,0,1,1,0,0,1,0,0,0
0.00274349,1,1,1,1,1,1,1,1,1,1,0,0,1,0,0,0
0.0027435,1,1,1,1,1,1,0,0,1,1,0,0,1,0,0,0
0.00274351,1,1,1,1,1,0,0,0,1,1,0,0,1,0,0,0
0.00274352,0,1,1,0,1,0,0,0,1,1,0,0,1,0,0,0
0.00274353,0,1,0,0,1,0,0,0,1,1,0,0,1,0,0,0
0.00274355,1,1,1,1,1,0,0,0,1,1,0,0,1,0,0,0
0.00274359,0,1,1,1,1,0,0,0,1,1,0,0,1,0,0,0
0.00274364,1,1,1,1,1,0,0,0,1,1,0,0,1,0,0,0
0.00274366,0,1,1,1,1,0,0,0,1,1,0,0,1,0,0,0
0.00274367,1,1,1,1,1,0,0,0,1,1,0,0,1,0,0,0
0.00274368,0,1,1,1,1,0,0,0,1,1,0,0,1,0,0,0
0.00274372,1,1,1,1,1,0,0,0,1,1,0,0,1,0,0,0
0.00274375,0,1,1,1,1,0,0,0,1,1,0,0,1,0,0,0
0.0027438,1,1,1,1,1,0,0,0,0,1,0,0,1,0,0,0
0.00274383,0,1,1,0,1,0,0,0,0,1,0,0,1,0,0,0
0.00274386,1,1,1,1,1,0,0,0,0,1,0,0,1,0,0,0
0.00274388,1,1,1,1,1,0,0,0,0,0,0,0,0,0,0,0
0.00274389,0,1,1,0,1,0,0,0,0,1,0,0,1,0,0,0
0.00274393,0,1,1,1,1,0,0,0,0,1,0,0,1,0,0,0
0.00274394,1,1,1,1,1,0,0,0,0,1,0,0,1,0,0,0
0.00274396,0,1,1,1,1,0,0,0,0,1,0,0,1,0,0,0
0.00274397,0,1,1,0,1,0,0,0,0,1,0,0,1,0,0,0
0.002744,0,1,1,1,1,0,0,0,0,1,0,0,1,0,0,0
0.00274402,0,1,1,0,1,0,0,0,0,1,0,0,1,0,0,0
0.00274426,0,1,0,0,1,0,0,0,0,1,0,0,1,0,0,0
0.00274427,0,1,1,0,1,0,0,0,0,1,0,0,1,0,0,0
0.0027443,0,1,0,0,1,0,0,0,0,1,0,0,1,0,0,0
0.00274431,0,1,1,0,1,0,0,0,0,1,0,0,1,0,0,0
0.00274432,0,1,0,0,1,0,0,0,0,1,0,0,1,0,0,0
0.00274435,1,1,1,1,1,0,0,0,0,1,0,0,1,0,0,0
0.00274436,1,1,1,1,1,1,1,1,0,1,0,0,1,0,0,0
0.0027444,1,1,1,1,1,1,1,0,0,1,0,0,1,0,0,0
0.00274441,1,1,0,0,1,1,0,0,0,1,0,0,1,0,0,0
0.00274444,1,1,1,1,1,1,1,0,0,1,0,0,1,0,0,0
0.00274445,1,1,1,1,1,1,1,1,0,1,0,0,1,0,0,0
0.00274447,1,1,0,0,1,1,0,0,0,1,0,0,1,0,0,0
0.00274451,1,1,1,0,1,1,0,0,0,1,0,0,1,0,0,0
0.00274452,1,1,1,1,1,1,0,0,0,1,0,0,1,0,0,0
0.00274454,1,1,1,0,1,1,0,0,0,1,0,0,1,0,0,0
0.00274455,1,1,0,0,1,1,0,0,0,1,0,0,1,0,0,0
0.00274459,1,1,1,0,1,1,0,0,0,1,0,0,1,0,0,0
0.00274461,1,1,0,0,1,1,0,0,0,1,0,0,1,0,0,0
0.0027448,1,1,1,0,1,1,0,0,0,1,0,0,1,0,0,0
0.00274481,1,1,0,0,1,1,0,0,0,1,0,0,1,0,0,0
0.00274531,1,1,1,1,1,1,0,0,0,1,0,0,1,0,0,0
0.00274532,1,1,1,1,1,1,1,0,0,1,0,0,1,0,0,0
0.00274533,1,1,1,1,1,1,1,1,0,1,0,0,1,0,0,0
0.00274539,1,0,0,0,1,0,0,0,0,1,0,0,1,0,0,0
0.00274542,1,0,1,0,1,0,0,0,0,1,0,0,1,0,0,0
0.00274543,1,1,1,1,1,1,1,1,0,1,0,0,1,0,0,0
0.00274546,1,0,1,1,1,0,1,0,0,1,0,0,1,0,0,0
0.00274547,1,0,1,1,1,0,0,0,0,1,0,0,1,0,0,0
0.00274548,1,0,0,0,1,0,0,0,0,1,0,0,1,0,0,0
0.0027455,1,0,1,1,1,0,0,0,0,1,0,0,1,0,0,0
0.00274551,1,0,1,1,1,0,1,0,0,1,0,0,1,0,0,0
0.00274553,1,0,1,1,1,0,0,0,0,1,0,0,1,0,0,0
0.00274556,1,0,1,0,1,0,0,0,0,1,0,0,1,0,0,0
0.00274557,1,0,1,1,1,0,0,0,0,1,0,0,1,0,0,0
0.00274576,1,0,1,1,1,0,0,0,0,0,0,0,1,0,0,0
0.00274577,1,0,1,0,1,0,0,0,1,0,0,0,1,0,0,0
0.00274581,1,0,1,1,1,0,0,0,1,0,0,0,1,0,0,0
0.00274583,1,0,1,1,1,0,0,0,0,0,0,0,0,0,0,0
0.00274584,1,0,1,0,1,0,0,0,1,0,0,0,1,0,0,0
0.00274587,1,0,0,0,1,0,0,0,1,0,0,0,1,0,0,0
0.00274588,1,0,1,0,1,0,0,0,1,0,0,0,1,0,0,0
0.00274589,1,0,1,1,1,0,0,0,1,0,0,0,1,0,0,0
0.00274591,1,0,1,0,1,0,0,0,1,0,0,0,1,0,0,0
0.00274614,1,0,0,0,1,0,0,0,1,0,0,0,1,0,0,0
0.00274617,1,0,1,0,1,0,0,0,1,0,0,0,1,0,0,0
0.00274621,1,0,0,0,1,0,0,0,1,0,0,0,1,0,0,0
0.00274628,1,0,1,1,1,0,0,0,1,0,0,0,1,0,0,0
0.0027463,1,1,1,1,1,1,1,1,1,0,0,0,1,0,0,0
0.00274631,1,1,1,1,1,0,1,0,1,0,0,0,1,0,0,0
0.00274633,1,1,1,1,1,1,1,1,1,0,0,0,1,0,0,0
0.00274634,1,0,1,1,1,1,1,1,1,0,0,0,1,0,0,0
0.00274635,1,1,1,1,1,1,1,1,1,0,0,0,1,0,0,0
0.00274636,0,0,1,1,1,0,1,0,1,0,0,0,1,0,0,0
0.0027464,0,1,1,1,1,1,1,0,1,0,0,0,1,0,0,0
0.00274641,0,1,1,1,1,1,1,1,1,0,0,0,1,0,0,0
0.00274642,0,0,1,1,1,1,1,0,1,0,0,0,1,0,0,0
0.00274643,0,0,1,1,1,0,1,0,1,0,0,0,1,0,0,0
0.00274727,0,1,1,1,1,0,1,0,1,0,0,0,1,0,0,0
0.00274728,0,0,1,1,1,0,1,0,1,0,0,0,1,0,0,0
0.00274729,1,1,1,1,1,0,1,1,1,0,0,0,1,0,0,0
0.00274731,1,1,1,1,1,1,1,1,1,0,0,0,1,0,0,0
0.00274734,1,1,1,1,1,1,0,0,1,0,0,0,1,0,0,0
0.00274735,1,0,1,0,1,0,0,0,1,0,0,0,1,0,0,0
0.00274739,1,1,1,1,1,1,1,0,1,0,0,0,1,0,0,0
0.0027474,1,1,1,1,1,1,1,1,1,0,0,0,1,0,0,0
0.00274741,1,1,1,1,1,1,0,0,1,0,0,0,1,0,0,0
0.00274742,1,0,1,0,1,0,0,0,1,0,0,0,1,0,0,0
0.00274746,1,0,1,1,1,0,0,0,1,0,0,0,1,0,0,0
0.00274747,1,1,1,1,1,0,0,0,1,0,0,0,1,0,0,0
0.00274748,1,0,1,1,1,0,0,0,1,0,0,0,1,0,0,0
0.00274749,1,0,1,0,1,0,0,0,1,0,0,0,1,0,0,0
0.00274771,1,0,1,0,1,0,0,0,1,0,1,0,1,0,0,0
0.00274777,1,0,1,1,1,0,0,0,1,0,1,0,1,0,0,0
0.00274778,1,0,1,0,1,0,0,0,1,0,1,0,1,0,0,0
0.0027478,1,0,1,1,1,0,1,0,1,0,1,0,1,0,0,0
0.00274781,1,0,1,1,1,0,1,0,1,0,1,1,1,0,1,0
0.00274782,1,1,1,1,1,1,1,0,1,0,1,1,1,0,1,0
0.00274783,1,1,1,1,1,1,1,1,1,0,1,1,1,0,1,0
0.00274784,1,0,1,0,1,0,0,0,1,0,1,0,1,0,0,0
0.00274788,1,1,1,1,1,1,0,0,1,0,1,0,1,0,0,0
0.00274789,1,1,1,1,1,1,1,0,1,0,1,0,1,0,0,0
0.0027479,1,1,1,1,1,1,0,0,1,0,1,0,1,0,0,0
0.00274791,1,0,1,1,1,0,0,0,1,0,1,0,1,0,0,0
0.00274792,1,0,1,0,1,0,0,0,1,0,1,0,1,0,0,0
0.00274796,1,0,1,1,1,0,0,0,1,0,1,0,1,0,0,0
0.00274798,1,0,1,0,1,0,0,0,1,0,1,0,1,0,0,0
0.00274824,1,1,1,0,1,0,0,0,1,0,1,0,1,0,0,0
0.00274825,1,0,1,0,1,0,0,0,1,0,1,0,1,0,0,0
0.00274826,1,1,1,1,1,1,1,1,1,0,1,0,1,0,0,0
0.00274831,1,1,1,0,0,0,1,0,1,0,1,0,1,0,0,0
0.00274835,1,1,1,1,0,1,1,1,1,0,1,0,1,0,0,0
0.00274837,1,1,1,1,0,1,1,0,1,0,1,0,1,0,0,0
0.00274838,1,1,1,0,0,0,1,0,1,0,1,0,1,0,0,0
0.00274842,1,1,1,1,0,0,1,0,1,0,1,0,1,0,0,0
0.00274843,1,1,1,1,0,1,1,0,1,0,1,0,1,0,0,0
0.00274844,1,1,1,1,0,0,1,0,1,0,1,0,1,0,0,0
0.00274845,1,1,1,0,0,0,1,0,1,0,1,0,1,0,0,0
0.00274921,1,1,1,1,0,0,1,0,1,0,1,0,1,0,0,0
0.00274924,1,1,1,1,1,1,1,1,1,0,1,0,1,0,0,0
0.00274929,1,1,1,0,0,0,0,1,1,0,1,0,1,0,0,0
0.00274933,1,1,1,1,0,1,1,1,1,0,1,0,1,0,0,0
0.00274934,1,1,1,1,1,1,1,1,1,0,1,0,1,0,0,0
0.00274935,1,1,1,1,0,1,0,1,1,0,1,0,1,0,0,0
0.00274936,1,1,1,0,0,0,0,1,1,0,1,0,1,0,0,0
0.00274941,1,1,1,1,0,0,0,1,1,0,1,0,1,0,0,0
0.00274943,1,1,1,0,0,0,0,1,1,0,1,0,1,0,0,0
0.00274966,1,1,1,0,0,0,0,1,1,0,1,0,0,0,0,0
0.00274967,1,1,1,0,0,0,0,1,1,1,1,0,0,0,0,1
0.00274974,1,1,1,0,0,0,0,1,0,1,0,0,0,0,0,0
0.00274975,1,1,1,0,0,0,0,1,1,1,1,0,0,0,0,1
0.0027502,1,1,1,1,0,0,0,1,1,1,1,0,0,0,0,1
0.00275021,1,1,1,1,0,1,1,1,1,1,1,0,0,0,0,1
0.00275022,1,1,1,1,1,1,1,1,1,1,1,0,0,0,0,1
0.00275023,1,1,1,1,1,0,1,1,1,1,1,0,0,0,0,1
0.00275025,1,1,1,1,1,1,1,1,1,1,1,0,0,0,0,1
0.00275026,1,1,1,1,0,1,1,0,1,1,1,0,0,0,0,1
0.00275027,1,1,1,0,0,0,1,0,1,1,1,0,0,0,0,1
0.00275031,1,1,1,1,0,1,1,0,1,1,1,0,0,0,0,1
0.00275033,1,1,1,0,0,0,1,0,1,1,1,0,0,0,0,1
0.00275119,1,1,1,1,0,0,1,1,1,1,1,0,0,0,0,1
0.0027512,0,0,1,1,1,1,1,1,1,1,1,0,0,0,0,1
0.00275121,0,0,0,0,0,0,0,1,1,1,1,0,0,0,0,1
0.00275124,1,1,1,1,1,1,1,1,1,1,1,0,0,0,0,1
0.00275131,0,1,0,0,1,0,1,1,1,1,1,0,0,0,0,1
0.00275135,0,1,0,1,1,1,1,1,1,1,1,0,0,0,0,1
0.00275136,1,1,1,1,1,1,1,1,1,1,1,0,0,0,0,1
0.00275137,0,1,0,0,1,0,1,1,1,1,1,0,0,0,0,1
0.00275162,0,1,0,0,1,0,1,1,0,1,0,0,0,0,0,1
0.00275163,0,1,0,0,1,0,1,1,0,1,0,0,1,0,1,1
0.00275169,0,1,0,0,1,0,1,1,0,1,0,0,1,0,1,0
0.0027517,1,1,1,0,1,0,1,1,0,1,0,0,1,0,1,1
0.00275171,1,1,1,0,1,0,1,1,0,1,1,0,1,0,1,1
0.00275172,1,1,1,1,1,0,1,1,1,1,1,0,1,0,1,1
0.00275173,1,1,1,1,1,1,1,1,1,1,1,0,1,0,1,1
0.00275174,0,1,0,0,1,0,1,1,0,1,0,0,1,0,1,1
0.00275178,0,1,0,1,1,0,1,1,0,1,0,0,1,0,1,1
0.00275179,0,1,1,1,1,0,1,1,0,1,0,0,1,0,1,1
0.0027518,0,1,0,0,1,0,1,1,0,1,0,0,1,0,1,1
0.00275217,1,1,1,1,1,0,1,1,0,1,0,0,1,0,1,1
0.00275218,1,1,1,1,1,1,1,1,0,1,0,0,1,0,1,1
0.00275222,1,1,1,0,0,0,1,0,0,1,0,0,1,0,1,1
0.00275226,1,1,1,1,0,1,1,0,0,1,0,0,1,0,1,1
0.00275228,1,1,1,0,0,1,1,0,0,1,0,0,1,0,1,1
0.00275229,1,1,1,0,0,0,1,0,0,1,0,0,1,0,1,1
0.00275313,1,1,1,1,0,0,1,0,0,1,0,0,1,0,1,1
0.00275314,1,1,1,1,1,1,1,0,0,1,0,0,1,0,1,1
0.00275315,1,1,1,1,1,1,1,1,0,1,0,0,1,0,1,1
0.0027541,1,0,0,1,0,1,0,0,0,1,0,0,1,0,1,1
0.00275411,0,0,0,0,0,0,0,0,0,1,0,0,1,0,1,1
0.00275415,0,0,0,1,0,0,0,0,0,1,0,0,1,0,1,1
0.00275416,0,0,0,0,0,0,0,0,0,1,0,0,1,0,1,1
0.00275507,1,0,1,1,0,0,0,0,0,1,0,0,1,0,1,1
0.00275508,0,0,0,0,0,0,0,0,0,1,0,0,1,0,1,1
0.0027551,1,1,1,1,1,1,1,1,0,1,0,0,1,0,1,1
0.00275514,1,1,0,1,1,0,1,0,0,1,0,0,1,0,1,1
0.00275515,1,1,1,1,1,0,1,0,0,1,0,0,1,0,1,1
0.00275516,1,1,1,1,1,1,1,1,0,1,0,0,1,0,1,1
0.00275518,0,1,1,1,1,1,0,1,0,1,0,0,1,0,1,1
0.00275519,0,1,0,1,1,1,0,0,0,1,0,0,1,0,1,1
0.00275521,0,1,0,0,1,1,0,0,0,1,0,0,1,0,1,1
0.00275552,0,1,0,0,1,1,0,0,0,1,0,0,1,0,0,0
0.00275553,0,1,0,0,1,1,0,0,0,1,0,0,1,1,0,0
0.00275605,1,1,1,1,1,1,0,0,0,1,0,0,1,1,0,0
0.00275607,1,1,1,1,1,1,1,1,0,1,0,0,1,1,0,0
0.00275612,1,1,1,1,0,0,1,0,0,1,0,0,1,1,0,0
0.00275613,1,0,1,0,0,0,0,0,0,1,0,0,1,1,0,0
0.00275617,1,1,1,1,0,1,0,0,0,1,0,0,1,1,0,0
0.00275618,1,1,1,1,0,1,1,1,0,1,0,0,1,1,0,0
0.00275619,1,1,1,1,0,1,0,0,0,1,0,0,1,1,0,0
0.0027562,1,0,1,0,0,0,0,0,0,1,0,0,1,1,0,0
0.00275625,1,1,1,0,0,0,0,0,0,1,0,0,1,1,0,0
0.00275627,1,0,1,0,0,0,0,0,0,1,0,0,1,1,0,0
0.00275703,1,1,1,1,0,0,0,0,0,1,0,0,1,1,0,0
0.00275704,1,1,1,1,1,1,0,0,0,1,0,0,1,1,0,0
0.00275705,1,1,1,1,1,1,1,1,0,1,0,0,1,1,0,0
0.00275708,1,1,1,1,0,0,0,0,0,1,0,0,1,1,0,0
0.00275709,1,1,0,1,0,0,0,0,0,1,0,0,1,1,0,0
0.00275713,1,1,0,1,0,1,0,0,0,1,0,0,1,1,0,0
0.00275714,1,1,0,1,0,1,1,0,0,1,0,0,1,1,0,0
0.00275715,1,1,0,1,0,0,0,0,0,1,0,0,1,1,0,0
0.00275802,1,1,1,1,0,1,1,0,0,1,0,0,1,1,0,0
0.00275803,1,1,1,1,1,1,1,1,0,1,0,0,1,1,0,0
0.00275903,0,0,0,1,1,0,1,0,0,1,0,0,1,1,0,0
0.00275906,1,1,1,1,1,1,1,1,0,1,0,0,1,1,0,0
0.00275909,1,1,1,1,1,0,0,0,0,1,0,0,1,1,0,0
0.00275912,0,0,1,0,1,1,1,1,0,1,0,0,1,1,0,0
0.00275913,0,0,1,0,1,0,0,0,0,1,0,0,1,1,0,0
0.00275917,0,0,1,0,1,1,0,1,0,1,0,0,1,1,0,0
0.00275919,0,0,1,0,1,1,0,0,0,1,0,0,1,1,0,0
0.0027592,0,0,1,0,1,0,0,0,0,1,0,0,1,1,0,0
0.00275942,0,0,1,0,1,0,0,0,0,0,0,0,1,1,0,0
0.00275943,0,0,1,0,1,0,0,0,0,0,0,0,1,0,0,0
0.00275944,0,0,1,0,1,0,0,0,0,0,1,0,1,0,0,0
0.0027595,0,0,1,0,1,0,0,0,0,0,1,0,0,0,0,0
0.00275951,0,0,1,0,1,0,0,0,0,0,1,0,1,0,0,0
0.00275998,0,1,1,1,1,1,1,1,0,0,1,0,1,0,0,0
0.00275999,1,1,1,1,1,1,1,1,0,0,1,0,1,0,0,0
0.00276101,0,0,0,0,0,0,0,1,0,0,1,0,1,0,0,0
0.00276105,0,0,0,0,0,1,0,1,0,0,1,0,1,0,0,0
0.00276106,1,1,1,1,0,1,0,1,0,0,1,0,1,0,0,0
0.00276108,1,1,1,0,0,1,0,1,0,0,1,0,1,0,0,0
0.00276109,0,0,0,0,0,0,0,1,0,0,1,0,1,0,0,0
0.00276191,1,1,1,0,0,0,0,1,0,0,1,0,1,0,0,0
0.00276193,1,1,1,1,1,1,0,1,0,0,1,0,1,0,0,0
0.00276194,1,1,1,1,1,1,1,1,0,0,1,0,1,0,0,0
0.00276197,1,1,1,0,1,1,1,0,0,0,1,0,1,0,0,0
0.00276198,1,1,0,0,1,0,0,0,0,0,1,0,1,0,0,0
0.00276201,1,1,1,1,1,1,1,0,0,0,1,0,1,0,0,0
0.00276202,1,1,1,1,1,1,1,1,0,0,1,0,1,0,0,0
0.00276203,1,1,1,1,1,1,1,0,0,0,1,0,1,0,0,0
0.00276204,1,1,1,1,1,1,0,0,0,0,1,0,1,0,0,0
0.00276205,1,1,0,0,1,0,0,0,0,0,1,0,1,0,0,0
0.00276209,1,1,1,1,1,1,0,0,0,0,1,0,1,0,0,0
0.00276211,1,1,1,0,1,1,0,0,0,0,1,0,1,0,0,0
0.00276212,1,1,1,0,1,0,0,0,0,0,1,0,1,0,0,0
0.00276213,1,1,0,0,1,0,0,0,0,0,1,0,1,0,0,0
0.00276217,1,1,1,0,1,1,0,0,0,0,1,0,1,0,0,0
0.00276218,1,1,1,0,1,0,0,0,0,0,1,0,1,0,0,0
0.00276219,1,1,0,0,1,0,0,0,0,0,1,0,1,0,0,0
0.00276235,1,1,0,0,1,0,0,0,0,0,0,0,1,0,0,0
0.00276236,1,1,0,0,1,0,0,0,0,1,0,0,1,0,0,0
0.00276237,1,1,0,0,1,0,0,0,1,1,0,0,1,0,0,0
0.00276241,1,1,1,0,1,0,0,0,1,1,0,0,1,0,0,0
0.00276242,1,1,0,0,1,0,0,0,1,1,0,0,1,0,0,0
0.00276243,1,1,0,0,1,0,0,0,0,0,0,0,0,0,0,0
0.00276244,1,1,0,0,1,0,0,0,1,1,0,0,1,0,0,0
0.00276249,1,1,1,0,1,0,0,0,1,1,0,0,1,0,0,0
0.0027625,1,1,0,0,1,0,0,0,1,1,0,0,1,0,0,0
0.00276291,1,1,1,1,1,1,1,1,1,1,0,0,1,0,0,0
0.00276296,1,0,0,0,1,1,1,0,1,1,0,0,1,0,0,0
0.002763,1,1,1,1,1,1,1,1,1,1,0,0,1,0,0,0
0.00276302,1,1,1,1,1,1,1,0,1,1,0,0,1,0,0,0
0.00276303,1,0,0,0,1,1,1,0,1,1,0,0,1,0,0,0
0.00276307,1,0,1,0,1,1,1,0,1,1,0,0,1,0,0,0
0.00276308,1,0,1,1,1,1,1,0,1,1,0,0,1,0,0,0
0.00276309,1,0,1,0,1,1,1,0,1,1,0,0,1,0,0,0
0.0027631,1,0,0,0,1,1,1,0,1,1,0,0,1,0,0,0
0.00276386,1,1,0,0,1,1,1,0,1,1,0,0,1,0,0,0
0.00276388,1,0,1,1,1,1,1,1,1,1,0,0,1,0,0,0
0.00276389,1,1,1,1,1,1,1,0,1,1,0,0,1,0,0,0
0.00276391,1,1,1,1,1,1,1,1,1,1,0,0,1,0,0,0
0.00276393,0,1,0,0,1,0,0,0,1,1,0,0,1,0,0,0
0.00276397,0,1,1,1,1,0,0,0,1,1,0,0,1,0,0,0
0.00276398,1,1,1,1,1,1,1,1,1,1,0,0,1,0,0,0
0.00276399,0,1,1,1,1,1,0,0,1,1,0,0,1,0,0,0
0.002764,0,1,1,1,1,0,0,0,1,1,0,0,1,0,0,0
0.00276401,0,1,0,0,1,0,0,0,1,1,0,0,1,0,0,0
0.00276406,0,1,1,0,1,0,0,0,1,1,0,0,1,0,0,0
0.00276407,0,1,0,0,1,0,0,0,1,1,0,0,1,0,0,0
0.00276431,0,1,0,0,1,0,0,0,0,1,0,0,1,0,0,0
0.00276438,0,1,0,0,1,0,0,0,0,0,0,0,0,0,0,0
0.00276439,0,1,0,0,1,0,0,0,0,1,0,0,1,0,0,0
0.00276484,1,1,1,1,1,0,0,0,0,1,0,0,1,0,0,0
0.00276485,1,1,1,1,1,1,1,1,0,1,0,0,1,0,0,0
0.00276491,1,1,1,0,1,1,0,0,0,1,0,0,1,0,0,0
0.00276492,1,1,0,0,1,1,0,0,0,1,0,0,1,0,0,0
0.00276495,1,1,1,0,1,1,0,0,0,1,0,0,1,0,0,0
0.00276496,1,1,1,1,1,1,1,1,0,1,0,0,1,0,0,0
0.00276497,1,1,1,1,1,1,1,0,0,1,0,0,1,0,0,0
0.00276498,1,1,0,0,1,1,0,0,0,1,0,0,1,0,0,0
0.00276582,1,1,0,0,1,1,1,0,0,1,0,0,1,0,0,0
0.00276584,1,1,1,1,1,1,1,1,0,1,0,0,1,0,0,0
0.00276588,1,0,0,0,1,0,0,0,0,1,0,0,1,0,0,0
0.00276592,1,1,1,1,1,1,1,0,0,1,0,0,1,0,0,0
0.00276593,1,1,1,1,1,1,1,1,0,1,0,0,1,0,0,0
0.00276595,1,0,1,1,1,0,0,0,0,1,0,0,1,0,0,0
0.00276596,1,0,0,0,1,0,0,0,0,1,0,0,1,0,0,0
0.002766,1,0,1,1,1,0,0,0,0,1,0,0,1,0,0,0
0.00276603,1,0,1,0,1,0,0,0,0,1,0,0,1,0,0,0
0.00276604,1,0,0,0,1,0,0,0,0,1,0,0,1,0,0,0
0.00276608,1,0,1,0,1,0,0,0,0,1,0,0,1,0,0,0
0.00276609,1,0,0,0,1,0,0,0,0,1,0,0,1,0,0,0
0.00276626,1,0,0,0,1,0,0,0,0,0,0,0,1,0,0,0
0.00276627,1,0,0,0,1,0,0,0,1,0,0,0,1,0,0,0
0.00276633,1,0,0,0,1,0,0,0,1,0,0,0,0,0,0,0
0.00276634,1,0,0,0,1,0,0,0,0,0,0,0,1,0,0,0
0.00276635,1,0,0,0,1,0,0,0,1,0,0,0,1,0,0,0
0.00276681,1,1,1,1,1,0,0,0,1,0,0,0,1,0,0,0
0.00276682,1,1,1,1,1,0,1,0,1,0,0,0,1,0,0,0
0.00276683,1,1,1,1,1,1,1,1,1,0,0,0,1,0,0,0
0.00276687,0,0,1,1,1,0,1,0,1,0,0,0,1,0,0,0
0.00276691,0,1,1,1,1,1,1,0,1,0,0,0,1,0,0,0
0.00276692,1,1,1,1,1,1,1,1,1,0,0,0,1,0,0,0
0.00276693,0,1,1,1,1,1,1,0,1,0,0,0,1,0,0,0
0.00276694,0,0,1,1,1,0,1,0,1,0,0,0,1,0,0,0
0.00276777,1,1,1,1,1,0,1,0,1,0,0,0,1,0,0,0
0.00276779,1,1,1,1,1,1,1,1,1,0,0,0,1,0,0,0
0.00276784,0,1,1,0,1,0,0,0,1,0,0,0,1,0,0,0
0.00276788,1,1,1,1,1,0,0,0,1,0,0,0,1,0,0,0
0.00276789,1,1,1,1,1,1,0,0,1,0,0,0,1,0,0,0
0.00276791,0,1,1,0,1,0,0,0,1,0,0,0,1,0,0,0
0.00276821,0,1,1,0,1,0,0,0,0,0,0,0,1,0,0,0
0.00276822,0,1,1,0,1,0,0,0,0,1,1,0,1,0,0,0
0.00276874,1,1,1,1,1,0,0,0,0,1,1,0,1,0,0,0
0.00276875,0,1,1,1,1,0,1,0,0,1,1,0,1,0,0,0
0.00276876,0,1,1,1,1,0,1,1,0,1,1,0,1,0,0,0
0.00276877,1,1,1,1,1,0,1,1,0,1,1,0,1,0,0,0
0.00276878,1,1,1,1,1,1,1,1,0,1,1,0,1,0,0,0
0.00276882,1,1,1,0,0,0,1,0,0,1,1,0,1,0,0,0
0.00276886,1,1,1,1,0,1,1,0,0,1,1,0,1,0,0,0
0.00276887,1,1,1,1,0,1,1,1,0,1,1,0,1,0,0,0
0.00276888,1,1,1,0,0,0,1,0,0,1,1,0,1,0,0,0
0.00276972,1,1,1,1,0,0,1,0,0,1,1,0,1,0,0,0
0.00276974,1,1,1,1,1,1,1,0,0,1,1,0,1,0,0,0
0.00276975,1,1,1,1,1,1,1,1,0,1,1,0,1,0,0,0
0.00276979,0,0,0,1,0,0,0,1,0,1,1,0,1,0,0,0
0.00276983,1,1,1,1,0,1,0,1,0,1,1,0,1,0,0,0
0.00276985,1,1,1,1,0,1,1,1,0,1,1,0,1,0,0,0
0.00276986,1,0,1,1,0,1,0,1,0,1,1,0,1,0,0,0
0.00276987,0,0,0,1,0,0,0,1,0,1,1,0,1,0,0,0
0.00276992,0,0,0,1,0,1,0,1,0,1,1,0,1,0,0,0
0.00276993,0,0,0,1,0,0,0,1,0,1,1,0,1,0,0,0
0.00277016,0,0,0,1,0,0,0,1,0,0,1,0,0,0,0,0
0.00277017,0,0,0,1,0,0,0,1,0,0,0,0,0,0,0,0
0.00277018,0,0,0,1,0,0,0,1,0,0,0,1,0,0,0,1
0.00277024,0,0,0,1,0,0,0,1,0,0,0,1,0,0,0,0
0.00277025,0,0,0,1,0,0,0,1,0,0,0,1,0,0,0,1
0.00277072,1,1,1,1,1,1,1,1,0,0,0,1,0,0,0,1
0.00277077,1,1,1,0,0,0,1,0,0,0,0,1,0,0,0,1
0.00277081,1,1,1,1,0,1,1,0,0,0,0,1,0,0,0,1
0.00277082,1,1,1,1,1,1,1,0,0,0,0,1,0,0,0,1
0.00277083,1,1,1,0,0,1,1,0,0,0,0,1,0,0,0,1
0.00277084,1,1,1,0,0,0,1,0,0,0,0,1,0,0,0,1
0.00277173,1,1,1,1,1,1,1,0,0,0,0,1,0,0,0,1
0.00277174,1,1,1,1,1,1,1,1,0,0,0,1,0,0,0,1
0.00277177,1,1,1,1,1,0,1,1,0,0,0,1,0,0,0,1
0.0027718,1,1,1,1,1,1,1,1,0,0,0,1,0,0,0,1
0.00277181,1,1,0,1,1,1,1,1,0,0,0,1,0,0,0,1
0.00277182,0,1,0,0,1,0,1,1,0,0,0,1,0,0,0,1
0.00277186,1,1,0,1,1,1,1,1,0,0,0,1,0,0,0,1
0.00277187,0,1,0,1,1,1,1,1,0,0,0,1,0,0,0,1
0.00277188,0,1,0,0,1,0,1,1,0,0,0,1,0,0,0,1
0.00277212,0,1,0,0,1,0,1,1,0,0,0,0,0,0,1,0
0.00277213,0,1,0,0,1,0,1,1,0,1,0,0,1,0,1,1
0.00277267,1,1,1,1,1,0,1,1,0,1,0,0,1,0,1,1
0.00277268,1,1,1,1,1,1,1,1,0,1,0,0,1,0,1,1
0.00277271,1,1,1,0,0,1,1,0,0,1,0,0,1,0,1,1
0.00277272,1,1,1,0,0,0,1,0,0,1,0,0,1,0,1,1
0.00277275,1,1,1,1,0,1,1,0,0,1,0,0,1,0,1,1
0.00277277,1,1,1,0,0,1,1,0,0,1,0,0,1,0,1,1
0.00277278,1,1,1,0,0,0,1,0,0,1,0,0,1,0,1,1
0.00277363,1,1,1,0,0,1,1,0,0,1,0,0,1,0,1,1
0.00277364,1,1,1,1,1,1,1,0,0,1,0,0,1,0,1,1
0.00277365,1,1,1,1,1,1,1,1,0,1,0,0,1,0,1,1
0.00277461,0,0,0,0,0,0,0,0,0,1,0,0,1,0,1,1
0.00277557,1,0,1,1,0,0,0,0,0,1,0,0,1,0,1,1
0.00277558,0,0,0,0,0,0,0,0,0,1,0,0,1,0,1,1
0.0027756,1,1,1,1,1,0,0,0,0,1,0,0,1,0,1,1
0.00277561,1,1,1,1,1,1,1,1,0,1,0,0,1,0,1,1
0.00277564,1,1,1,1,1,0,1,0,0,1,0,0,1,0,1,1
0.00277565,1,1,0,1,1,0,1,0,0,1,0,0,1,0,1,1
0.00277566,1,1,1,1,1,1,1,1,0,1,0,0,1,0,1,1
0.00277569,0,1,0,1,1,1,1,0,0,1,0,0,1,0,1,1
0.00277572,1,1,0,0,1,1,0,0,0,1,0,0,1,0,1,1
0.00277573,0,1,0,0,1,1,0,0,0,1,0,0,1,0,1,1
0.00277577,1,1,1,0,1,1,0,0,0,1,0,0,1,0,1,1
0.00277578,0,1,0,0,1,1,0,0,0,1,0,0,1,0,1,1
0.00277602,0,1,0,0,1,1,0,0,0,1,0,0,1,0,0,0
0.00277604,0,1,0,0,1,1,0,0,0,1,0,0,1,1,0,0
0.00277658,1,1,1,1,1,1,1,1,0,1,0,0,1,1,0,0
0.00277662,0,0,0,1,0,0,0,0,0,1,0,0,1,1,0,0
0.00277667,1,1,1,1,0,0,0,1,0,1,0,0,1,1,0,0
0.00277668,1,1,1,1,0,1,1,1,0,1,0,0,1,1,0,0
0.00277669,1,1,1,1,0,0,0,0,0,1,0,0,1,1,0,0
0.0027767,0,0,0,1,0,0,0,0,0,1,0,0,1,1,0,0
0.00277753,1,1,1,1,0,0,0,0,0,1,0,0,1,1,0,0
0.00277754,1,1,1,1,1,1,1,1,0,1,0,0,1,1,0,0
0.0027776,1,1,1,1,0,0,0,0,0,1,0,0,1,1,0,0
0.00277761,1,1,0,1,0,0,0,0,0,1,0,0,1,1,0,0
0.00277764,1,1,1,1,0,0,0,0,0,1,0,0,1,1,0,0
0.00277765,1,1,1,1,1,1,1,1,0,1,0,0,1,1,0,0
0.00277766,1,1,1,1,0,1,1,1,0,1,0,0,1,1,0,0
0.00277767,1,1,0,1,0,0,0,0,0,1,0,0,1,1,0,0
0.00277852,1,1,1,1,0,0,0,0,0,1,0,0,1,1,0,0
0.00277853,1,1,1,1,1,1,1,1,0,1,0,0,1,1,0,0
0.00277953,0,0,1,1,1,1,1,1,0,1,0,0,1,1,0,0
0.00277954,0,0,0,1,1,0,1,0,0,1,0,0,1,1,0,0
0.00277956,1,1,1,1,1,1,1,1,0,1,0,0,1,1,0,0
0.0027796,0,1,1,1,1,1,1,1,0,1,0,0,1,1,0,0
0.00277961,0,1,1,0,0,1,1,1,0,1,0,0,1,1,0,0
0.00277962,0,1,1,0,0,1,0,1,0,1,0,0,1,1,0,0
0.00277993,0,1,1,0,0,1,0,1,0,1,0,0,0,1,0,0
0.00277994,0,1,1,0,0,1,0,1,0,1,1,0,0,1,0,1
0.00278046,1,1,1,1,0,1,0,1,0,1,1,0,0,1,0,1
0.00278047,0,1,1,0,0,1,0,1,0,1,1,0,0,1,0,1
0.00278048,1,1,1,1,1,1,1,1,0,1,1,0,0,1,0,1
0.00278054,0,0,0,0,0,0,1,0,0,1,1,0,0,1,0,1
0.00278058,1,1,1,1,0,1,1,1,0,1,1,0,0,1,0,1
0.00278059,1,1,1,1,1,1,1,1,0,1,1,0,0,1,0,1
0.0027806,1,1,1,1,0,1,1,1,0,1,1,0,0,1,0,1
0.00278061,1,1,1,1,0,1,1,0,0,1,1,0,0,1,0,1
0.00278063,0,0,0,0,0,0,1,0,0,1,1,0,0,1,0,1
0.00278066,0,1,1,1,0,0,1,0,0,1,1,0,0,1,0,1
0.00278067,1,1,1,1,0,1,1,0,0,1,1,0,0,1,0,1
0.00278068,0,1,1,1,0,1,1,0,0,1,1,0,0,1,0,1
0.00278069,0,0,1,1,0,0,1,0,0,1,1,0,0,1,0,1
0.0027807,0,0,1,0,0,0,1,0,0,1,1,0,0,1,0,1
0.00278071,0,0,0,0,0,0,1,0,0,1,1,0,0,1,0,1
0.00278074,0,0,1,0,0,0,1,0,0,1,1,0,0,1,0,1
0.00278082,0,0,0,0,0,0,1,0,0,1,1,0,0,1,0,1
0.00278083,0,0,1,0,0,0,1,0,0,1,1,0,0,1,0,1
0.00278086,0,0,0,0,0,0,1,0,0,1,1,0,0,1,0,1
0.00278088,0,0,1,0,0,0,1,0,0,1,1,0,0,1,0,1
0.00278094,0,0,0,0,0,0,1,0,0,1,1,0,0,1,0,1
0.00278096,0,0,1,0,0,0,1,0,0,1,1,0,0,1,0,1
0.00278097,0,0,0,0,0,0,1,0,0,1,1,0,0,1,0,1
0.00278098,0,0,1,0,0,0,1,0,0,1,1,0,0,1,0,1
0.00278101,0,0,0,0,0,0,1,0,0,1,1,0,0,1,0,1
0.00278103,0,0,1,0,0,0,1,0,0,1,1,0,0,1,0,1
0.00278106,0,0,0,0,0,0,1,0,0,1,1,0,0,1,0,1
0.00278107,0,0,1,0,0,0,1,0,0,1,1,0,0,1,0,1
0.00278109,0,0,0,0,0,0,1,0,0,1,1,0,0,1,0,1
0.0027811,0,0,1,0,0,0,1,0,0,1,1,0,0,1,0,1
0.00278112,0,0,0,0,0,0,1,0,0,1,1,0,0,1,0,1
0.00278117,0,0,1,0,0,0,1,0,0,1,1,0,0,1,0,1
0.00278118,0,0,0,0,0,0,1,0,0,1,1,0,0,1,0,1
0.00278135,0,0,1,0,0,0,1,0,0,1,1,0,0,1,0,1
0.00278136,0,0,0,0,0,0,1,0,0,1,1,0,0,1,0,1
0.00278144,1,1,1,1,0,0,1,0,0,1,1,0,0,1,0,1
0.00278145,1,1,1,1,1,1,1,1,0,1,1,0,0,1,0,1
0.00278149,0,0,1,0,1,1,1,1,0,1,1,0,0,1,0,1
0.0027815,0,0,0,0,0,0,0,1,0,1,1,0,0,1,0,1
0.00278153,1,1,1,1,0,1,0,1,0,1,1,0,0,1,0,1
0.00278154,1,1,1,1,1,1,1,1,0,1,1,0,0,1,0,1
0.00278157,1,1,1,1,0,1,0,1,0,1,1,0,0,1,0,1
0.00278158,0,0,1,0,0,1,0,1,0,1,1,0,0,1,0,1
0.00278159,0,0,0,0,0,0,0,1,0,1,1,0,0,1,0,1
0.00278161,0,1,1,1,0,1,0,1,0,1,1,0,0,1,0,1
0.00278162,1,1,1,1,0,1,0,1,0,1,1,0,0,1,0,1
0.00278166,0,0,1,1,0,1,0,1,0,1,1,0,0,1,0,1
0.00278169,0,1,1,1,0,1,0,1,0,1,1,0,0,1,0,1
0.0027817,1,1,1,1,0,1,0,1,0,1,1,0,0,1,0,1
0.00278172,0,1,1,1,0,1,0,1,0,1,1,0,0,1,0,1
0.00278182,0,0,1,1,0,1,0,1,0,1,1,0,0,1,0,1
0.00278189,0,1,1,1,0,1,0,1,0,1,1,0,0,1,0,1
0.00278191,0,0,1,1,0,1,0,1,0,1,1,0,0,1,0,1
0.002782,0,0,1,0,0,1,0,1,0,1,1,0,0,1,0,1
0.00278203,0,0,1,1,0,1,0,1,0,1,1,0,0,1,0,1
0.00278204,0,0,1,0,0,1,0,1,0,1,1,0,0,1,0,1
0.00278207,0,0,1,1,0,1,0,1,0,1,1,0,0,1,0,1
0.00278208,0,0,1,0,0,1,0,1,0,1,1,0,0,1,0,1
0.00278236,0,0,0,0,0,0,0,1,0,1,1,0,0,1,0,1
0.00278238,0,0,1,0,0,1,0,1,0,1,1,0,0,1,0,1
0.00278239,0,0,1,0,0,0,0,1,0,1,1,0,0,1,0,1
0.0027824,0,0,1,0,0,1,0,1,0,1,1,0,0,1,0,1
0.00278241,0,0,1,0,0,0,0,1,0,1,1,0,0,1,0,1
0.00278242,0,0,0,0,0,0,0,1,0,1,1,0,0,1,0,1
0.00278243,1,1,1,1,1,1,0,1,0,1,1,0,0,1,0,1
0.00278245,1,1,1,1,1,1,1,1,0,1,1,0,0,1,0,1
0.00278248,1,1,1,1,1,1,1,0,0,1,1,0,0,1,0,1
0.00278249,0,1,1,1,0,1,0,0,0,1,1,0,0,1,0,1
0.00278252,1,1,1,1,0,1,0,0,0,1,1,0,0,1,0,1
0.00278253,1,1,1,1,1,1,1,1,0,1,1,0,0,1,0,1
0.00278255,0,1,1,1,0,1,0,0,0,1,1,0,0,1,0,1
0.00278261,1,1,1,1,0,1,0,0,0,1,1,0,0,1,0,1
0.00278262,0,1,1,1,0,1,0,0,0,1,1,0,0,1,0,1
0.00278339,1,1,1,1,0,1,1,0,0,1,1,0,0,1,0,1
0.0027834,1,1,1,1,1,1,1,1,0,1,1,0,0,1,0,1
0.00278442,0,1,1,1,0,1,0,0,0,1,1,0,0,1,0,1
0.00278446,1,1,1,1,0,1,1,0,0,1,1,0,0,1,0,1
0.00278447,1,1,1,1,1,1,1,1,0,1,1,0,0,1,0,1
0.00278448,0,1,1,1,0,1,1,0,0,1,1,0,0,1,0,1
0.00278449,0,1,1,1,0,1,0,0,0,1,1,0,0,1,0,1
0.00278545,1,1,1,1,1,1,1,1,0,1,1,0,0,1,0,1
0.00278546,0,0,1,0,1,1,1,1,0,1,1,0,0,1,0,1
0.00278547,0,0,1,0,1,0,0,0,0,1,1,0,0,1,0,1
0.00278551,1,0,1,0,1,0,1,0,0,1,1,0,0,1,0,1
0.00278553,0,0,1,0,1,0,0,0,0,1,1,0,0,1,0,1
0.00278579,0,0,1,0,1,0,0,0,0,0,1,0,0,0,0,0
0.0027858,0,0,1,0,1,0,0,0,0,0,1,0,1,0,0,0
0.00278632,0,0,1,1,1,0,0,0,0,0,1,0,1,0,0,0
0.00278633,0,0,1,0,1,0,0,0,0,0,1,0,1,0,0,0
0.00278634,1,1,1,0,1,1,1,1,0,0,1,0,1,0,0,0
0.00278635,1,1,1,1,1,1,1,1,0,0,1,0,1,0,0,0
0.00278736,0,0,0,0,0,0,0,1,0,0,1,0,1,0,0,0
0.0027874,0,0,0,0,0,1,0,1,0,0,1,0,1,0,0,0
0.00278741,1,1,1,1,0,1,1,1,0,0,1,0,1,0,0,0
0.00278744,0,0,0,0,0,0,0,1,0,0,1,0,1,0,0,0
0.00278826,0,0,1,0,0,0,0,1,0,0,1,0,1,0,0,0
0.00278827,0,0,0,0,0,0,0,1,0,0,1,0,1,0,0,0
0.00278829,0,0,1,1,0,0,0,1,0,0,1,0,1,0,0,0
0.0027883,1,1,1,1,1,0,1,1,0,0,1,0,1,0,0,0
0.00278831,1,1,1,1,1,1,1,1,0,0,1,0,1,0,0,0
0.00278835,1,1,0,0,1,0,0,0,0,0,1,0,1,0,0,0
0.00278839,1,1,1,1,1,1,1,0,0,0,1,0,1,0,0,0
0.00278842,1,1,1,0,1,1,0,0,0,0,1,0,1,0,0,0
0.00278843,1,1,0,0,1,0,0,0,0,0,1,0,1,0,0,0
0.00278846,1,1,1,0,1,1,0,0,0,0,1,0,1,0,0,0
0.00278847,1,1,1,1,1,1,1,0,0,0,1,0,1,0,0,0
0.00278849,1,1,1,1,1,1,0,0,0,0,1,0,1,0,0,0
0.0027885,1,1,0,0,1,0,0,0,0,0,1,0,1,0,0,0
0.00278854,1,1,1,0,1,0,0,0,0,0,1,0,1,0,0,0
0.00278859,1,1,0,0,1,0,0,0,0,0,1,0,1,0,0,0
0.0027886,1,1,1,0,1,0,0,0,0,0,1,0,1,0,0,0
0.00278861,1,1,0,0,1,0,0,0,0,0,1,0,1,0,0,0
0.00278862,1,1,1,0,1,0,0,0,0,0,1,0,1,0,0,0
0.00278865,1,1,0,0,1,0,0,0,0,0,1,0,1,0,0,0
0.0027887,1,1,1,0,1,0,0,0,0,0,1,0,1,0,0,0
0.00278872,1,1,0,0,1,0,0,0,0,1,0,0,1,0,0,0
0.00278873,1,1,0,0,1,0,0,0,1,1,0,0,1,0,0,0
0.00278876,1,1,1,0,1,0,0,0,1,1,0,0,1,0,0,0
0.00278879,1,1,1,0,1,0,0,0,0,0,0,0,0,0,0,0
0.0027888,1,1,0,0,1,0,0,0,1,1,0,0,1,0,0,0
0.00278884,1,1,1,0,1,0,0,0,1,1,0,0,1,0,0,0
0.00278887,1,1,0,0,1,0,0,0,1,1,0,0,1,0,0,0
0.00278925,1,1,1,0,1,0,0,0,1,1,0,0,1,0,0,0
0.00278927,1,1,1,1,1,1,1,1,1,1,0,0,1,0,0,0
0.00278932,1,0,0,0,1,1,1,0,1,1,0,0,1,0,0,0
0.00278936,1,1,1,1,1,1,1,1,1,1,0,0,1,0,0,0
0.00278938,1,0,1,1,1,1,1,0,1,1,0,0,1,0,0,0
0.00278939,1,0,0,0,1,1,1,0,1,1,0,0,1,0,0,0
0.00278943,1,0,1,0,1,1,1,0,1,1,0,0,1,0,0,0
0.00278944,1,0,1,1,1,1,1,0,1,1,0,0,1,0,0,0
0.00278945,1,0,1,0,1,1,1,0,1,1,0,0,1,0,0,0
0.00278946,1,0,0,0,1,1,1,0,1,1,0,0,1,0,0,0
0.00279022,1,1,1,1,1,1,1,0,1,1,0,0,1,0,0,0
0.00279024,1,1,1,1,1,1,1,1,1,1,0,0,1,0,0,0
0.0027903,0,1,1,0,1,0,0,0,1,1,0,0,1,0,0,0
0.00279031,0,1,0,0,1,0,0,0,1,1,0,0,1,0,0,0
0.00279034,1,1,1,1,1,1,0,0,1,1,0,0,1,0,0,0
0.00279035,1,1,1,1,1,1,1,1,1,1,0,0,1,0,0,0
0.00279037,1,1,1,1,1,1,0,0,1,1,0,0,1,0,0,0
0.00279038,1,1,1,1,1,0,0,0,1,1,0,0,1,0,0,0
0.00279039,0,1,1,0,1,0,0,0,1,1,0,0,1,0,0,0
0.0027904,0,1,0,0,1,0,0,0,1,1,0,0,1,0,0,0
0.00279041,0,1,1,0,1,0,0,0,1,1,0,0,1,0,0,0
0.00279042,0,1,1,1,1,0,0,0,1,1,0,0,1,0,0,0
0.00279043,1,1,1,1,1,0,0,0,1,1,0,0,1,0,0,0
0.00279045,0,1,1,1,1,0,0,0,1,1,0,0,1,0,0,0
0.00279063,0,1,1,0,1,0,0,0,1,1,0,0,1,0,0,0
0.00279064,0,1,1,1,1,0,0,0,1,1,0,0,1,0,0,0
0.00279067,0,1,1,1,1,0,0,0,0,1,0,0,1,0,0,0
0.00279069,0,1,1,0,1,0,0,0,0,1,0,0,1,0,0,0
0.00279072,0,1,1,1,1,0,0,0,0,1,0,0,1,0,0,0
0.00279074,0,1,1,1,1,0,0,0,0,0,0,0,0,0,0,0
0.00279075,0,1,1,1,1,0,0,0,0,1,0,0,1,0,0,0
0.00279076,0,1,1,0,1,0,0,0,0,1,0,0,1,0,0,0
0.0027908,0,1,1,1,1,0,0,0,0,1,0,0,1,0,0,0
0.00279083,0,1,1,0,1,0,0,0,0,1,0,0,1,0,0,0
0.00279116,0,1,0,0,1,0,0,0,0,1,0,0,1,0,0,0
0.00279118,0,1,1,0,1,0,0,0,0,1,0,0,1,0,0,0
0.00279119,0,1,0,0,1,0,0,0,0,1,0,0,1,0,0,0
0.0027912,1,1,0,0,1,0,0,0,0,1,0,0,1,0,0,0
0.00279121,1,1,1,1,1,0,0,0,0,1,0,0,1,0,0,0
0.00279122,1,1,1,1,1,1,1,0,0,1,0,0,1,0,0,0
0.00279124,1,1,1,1,1,1,1,1,0,1,0,0,1,0,0,0
0.00279126,1,1,0,0,1,1,1,1,0,1,0,0,1,0,0,0
0.00279127,1,1,0,0,1,1,0,0,0,1,0,0,1,0,0,0
0.0027913,1,1,1,1,1,1,1,0,0,1,0,0,1,0,0,0
0.00279131,1,1,1,1,1,1,1,1,0,1,0,0,1,0,0,0
0.00279132,1,1,1,1,1,1,1,0,0,1,0,0,1,0,0,0
0.00279133,1,1,0,0,1,1,0,0,0,1,0,0,1,0,0,0
0.00279137,1,1,1,0,1,1,0,0,0,1,0,0,1,0,0,0
0.00279138,1,1,1,1,1,1,0,0,0,1,0,0,1,0,0,0
0.00279139,1,1,1,0,1,1,0,0,0,1,0,0,1,0,0,0
0.0027914,1,1,0,0,1,1,0,0,0,1,0,0,1,0,0,0
0.00279218,1,1,0,0,1,1,1,0,0,1,0,0,1,0,0,0
0.0027922,1,1,1,1,1,1,1,1,0,1,0,0,1,0,0,0
0.00279225,1,0,0,0,1,0,0,0,0,1,0,0,1,0,0,0
0.00279229,1,1,1,1,1,1,1,1,0,1,0,0,1,0,0,0
0.00279232,1,1,1,1,1,1,1,0,0,1,0,0,1,0,0,0
0.00279233,1,0,1,1,1,0,0,0,0,1,0,0,1,0,0,0
0.00279234,1,0,0,0,1,0,0,0,0,1,0,0,1,0,0,0
0.00279236,1,0,1,1,1,0,0,0,0,1,0,0,1,0,0,0
0.00279237,1,1,1,1,1,0,1,0,0,1,0,0,1,0,0,0
0.00279238,1,1,1,1,1,1,1,0,0,1,0,0,1,0,0,0
0.00279239,1,0,1,1,1,0,1,0,0,1,0,0,1,0,0,0
0.0027924,1,0,1,1,1,0,0,0,0,1,0,0,1,0,0,0
0.00279262,1,0,1,1,1,0,0,0,0,0,0,0,1,0,0,0
0.00279263,1,0,1,1,1,0,0,0,1,0,0,0,1,0,0,0
0.00279269,1,0,1,1,1,0,0,0,1,0,0,0,0,0,0,0
0.0027927,1,0,1,1,1,0,0,0,0,0,0,0,1,0,0,0
0.00279271,1,0,1,0,1,0,0,0,1,0,0,0,1,0,0,0
0.00279275,1,0,1,1,1,0,0,0,1,0,0,0,1,0,0,0
0.00279278,1,0,1,0,1,0,0,0,1,0,0,0,1,0,0,0
0.00279282,1,0,1,1,1,0,0,0,1,0,0,0,1,0,0,0
0.00279285,1,0,1,0,1,0,0,0,1,0,0,0,1,0,0,0
0.00279292,1,0,1,1,1,0,0,0,1,0,0,0,1,0,0,0
0.00279293,1,0,1,0,1,0,0,0,1,0,0,0,1,0,0,0
0.00279308,1,0,0,0,1,0,0,0,1,0,0,0,1,0,0,0
0.00279309,1,0,1,0,1,0,0,0,1,0,0,0,1,0,0,0
0.00279312,1,0,0,0,1,0,0,0,1,0,0,0,1,0,0,0
0.00279313,1,0,1,0,1,0,0,0,1,0,0,0,1,0,0,0
0.00279314,1,0,0,0,1,0,0,0,1,0,0,0,1,0,0,0
0.00279315,1,0,1,0,1,0,0,0,1,0,0,0,1,0,0,0
0.00279316,1,1,1,1,1,0,0,0,1,0,0,0,1,0,0,0
0.00279317,1,1,1,1,1,1,1,1,1,0,0,0,1,0,0,0
0.00279322,0,0,1,1,1,1,1,0,1,0,0,0,1,0,0,0
0.00279323,0,0,1,1,1,0,1,0,1,0,0,0,1,0,0,0
0.00279326,1,1,1,1,1,1,1,1,1,0,0,0,1,0,0,0
0.00279328,0,1,1,1,1,1,1,0,1,0,0,0,1,0,0,0
0.00279329,0,0,1,1,1,0,1,0,1,0,0,0,1,0,0,0
0.00279334,0,1,1,1,1,1,1,0,1,0,0,0,1,0,0,0
0.00279335,0,1,1,1,1,0,1,0,1,0,0,0,1,0,0,0
0.00279336,0,0,1,1,1,0,1,0,1,0,0,0,1,0,0,0
0.00279412,0,1,1,1,1,0,1,0,1,0,0,0,1,0,0,0
0.00279413,1,1,1,1,1,0,1,0,1,0,0,0,1,0,0,0
0.00279415,1,1,1,1,1,1,1,1,1,0,0,0,1,0,0,0
0.0027942,1,1,1,1,0,1,1,1,1,0,0,0,1,0,0,0
0.00279421,1,0,0,0,0,1,0,0,1,0,0,0,1,0,0,0
0.00279424,1,1,1,1,0,1,0,0,1,0,0,0,1,0,0,0
0.00279425,1,1,1,1,0,1,1,1,1,0,0,0,1,0,0,0
0.00279428,1,1,1,1,0,1,1,0,1,0,0,0,1,0,0,0
0.00279429,1,1,1,0,0,1,0,0,1,0,0,0,1,0,0,0
0.0027943,1,0,0,0,0,1,0,0,1,0,0,0,1,0,0,0
0.00279432,1,1,1,1,0,1,0,0,1,0,0,0,1,0,0,0
0.00279433,1,1,1,1,0,1,1,0,1,0,0,0,1,0,0,0
0.00279435,1,1,1,1,0,1,0,0,1,0,0,0,1,0,0,0
0.00279457,1,1,1,1,0,1,0,0,1,0,0,0,0,0,0,0
0.00279458,1,1,1,1,0,1,0,0,1,0,0,0,0,1,0,0
0.00279461,1,1,1,0,0,1,0,0,1,0,0,0,0,1,0,0
0.00279462,1,1,1,1,0,1,0,0,1,0,0,0,0,1,0,0
0.0027949,1,0,1,1,0,1,0,0,1,0,0,0,0,1,0,0
0.00279491,1,1,1,1,0,1,0,0,1,0,0,0,0,1,0,0
0.00279493,1,0,1,1,0,1,0,0,1,0,0,0,0,1,0,0
0.00279495,1,1,1,1,0,1,0,0,1,0,0,0,0,1,0,0
0.00279496,1,0,1,1,0,1,0,0,1,0,0,0,0,1,0,0
0.00279501,1,1,1,1,0,1,0,0,1,0,0,0,0,1,0,0
0.00279503,1,0,1,1,0,1,0,0,1,0,0,0,0,1,0,0
0.00279505,1,0,1,0,0,1,0,0,1,0,0,0,0,1,0,0
0.00279506,1,0,1,1,0,1,0,0,1,0,0,0,0,1,0,0
0.00279507,1,0,1,0,0,1,0,0,1,0,0,0,0,1,0,0
0.00279508,1,0,1,1,0,1,0,0,1,0,0,0,0,1,0,0
0.00279509,1,0,1,0,0,1,0,0,1,0,0,0,0,1,0,0
0.00279512,1,0,1,1,0,1,0,0,1,0,0,0,0,1,0,0
0.00279513,1,1,1,1,1,1,1,0,1,0,0,0,0,1,0,0
0.00279514,1,1,1,1,1,1,1,1,1,0,0,0,0,1,0,0
0.00279517,0,0,0,0,0,0,1,0,1,0,0,0,0,1,0,0
0.00279521,0,1,1,1,0,0,1,0,1,0,0,0,0,1,0,0
0.00279522,0,1,1,1,0,0,1,1,1,0,0,0,0,1,0,0
0.00279523,1,1,1,1,1,1,1,1,1,0,0,0,0,1,0,0
0.00279524,0,1,1,1,0,0,1,1,1,0,0,0,0,1,0,0
0.00279525,0,1,1,1,0,0,1,0,1,0,0,0,0,1,0,0
0.00279526,0,0,0,0,0,0,1,0,1,0,0,0,0,1,0,0
0.00279529,0,0,1,1,0,0,1,0,1,0,0,0,0,1,0,0
0.0027953,0,1,1,1,0,0,1,0,1,0,0,0,0,1,0,0
0.00279533,0,0,1,1,0,0,1,0,1,0,0,0,0,1,0,0
0.00279534,0,0,1,0,0,0,1,0,1,0,0,0,0,1,0,0
0.00279535,0,0,0,0,0,0,1,0,1,0,0,0,0,1,0,0
0.00279536,0,0,1,0,0,0,1,0,1,0,0,0,0,1,0,0
0.00279537,0,0,1,1,0,0,1,0,1,0,0,0,0,1,0,0
0.00279543,0,0,1,0,0,0,1,0,1,0,0,0,0,1,0,0
0.00279544,0,0,1,1,0,0,1,0,1,0,0,0,0,1,0,0
0.00279549,0,0,1,0,0,0,1,0,1,0,0,0,0,1,0,0
0.00279553,0,0,1,1,0,0,1,0,1,0,0,0,0,1,0,0
0.00279556,0,0,1,0,0,0,1,0,1,0,0,0,0,1,0,0
0.00279562,0,0,0,0,0,0,1,0,1,0,0,0,0,1,0,0
0.00279563,0,0,1,0,0,0,1,0,1,0,0,0,0,1,0,0
0.00279574,0,0,0,0,0,0,1,0,1,0,0,0,0,1,0,0
0.00279607,0,0,1,0,0,0,1,0,1,0,0,0,0,1,0,0
0.00279608,1,1,1,1,0,0,1,0,1,0,0,0,0,1,0,0
0.00279609,1,1,1,1,1,1,1,1,1,0,0,0,0,1,0,0
0.00279616,0,0,0,0,0,0,0,1,1,0,0,0,0,1,0,0
0.00279619,0,0,1,0,0,0,0,1,1,0,0,0,0,1,0,0
0.0027962,1,1,1,1,0,1,0,1,1,0,0,0,0,1,0,0
0.00279621,1,1,1,1,1,1,1,1,1,0,0,0,0,1,0,0
0.00279622,1,1,1,1,0,1,0,1,1,0,0,0,0,1,0,0
0.00279623,1,1,1,1,0,0,0,1,1,0,0,0,0,1,0,0
0.00279624,0,0,1,0,0,0,0,1,1,0,0,0,0,1,0,0
0.00279625,0,0,0,0,0,0,0,1,1,0,0,0,0,1,0,0
0.00279628,0,1,1,1,0,0,0,1,1,0,0,0,0,1,0,0
0.00279631,0,0,1,1,0,0,0,1,1,0,0,0,0,1,0,0
0.00279632,0,0,1,0,0,0,0,1,1,0,0,0,0,1,0,0
0.00279633,0,0,0,0,0,0,0,1,1,0,0,0,0,1,0,0
0.00279635,0,0,1,0,0,0,0,1,1,0,0,0,0,1,0,0
0.00279636,0,0,1,1,0,0,0,1,1,0,0,0,0,1,0,0
0.00279639,0,0,1,0,0,0,0,1,1,0,0,0,0,1,0,0
0.00279648,0,0,0,0,0,0,0,1,1,0,0,0,0,1,0,0
0.00279649,0,0,1,0,0,0,0,1,1,0,0,0,0,1,0,0
0.00279652,0,0,0,0,0,0,0,1,1,0,0,0,0,1,0,0
0.00279653,0,0,1,0,0,0,0,1,1,0,0,0,0,1,0,0
0.00279656,0,0,0,0,0,0,0,1,1,0,0,0,0,1,0,0
0.00279657,0,0,1,0,0,0,0,1,1,0,0,0,0,1,0,0
0.00279661,0,0,0,0,0,0,0,1,1,0,0,0,0,1,0,0
0.00279662,0,0,1,0,0,0,0,1,1,0,0,0,0,1,0,0
0.00279664,0,0,0,0,0,0,0,1,1,0,0,0,0,1,0,0
0.00279672,0,0,1,0,0,0,0,1,1,0,0,0,0,1,0,0
0.00279673,0,0,0,0,0,0,0,1,1,0,0,0,0,1,0,0
0.00279677,0,0,1,0,0,0,0,1,1,0,0,0,0,1,0,0
0.00279678,0,0,0,0,0,0,0,1,1,0,0,0,0,1,0,0
0.00279705,0,1,0,0,0,0,0,1,1,0,0,0,0,1,0,0
0.00279706,1,1,1,0,0,0,0,1,1,0,0,0,0,1,0,0
0.00279707,1,0,1,1,1,1,0,1,1,0,0,0,0,1,0,0
0.00279708,1,1,1,1,1,1,0,1,1,0,0,0,0,1,0,0
0.00279709,1,1,1,1,1,1,1,1,1,0,0,0,0,1,0,0
0.00279713,0,1,1,1,0,1,0,0,1,0,0,0,0,1,0,0
0.00279717,1,1,1,1,0,1,1,1,1,0,0,0,0,1,0,0
0.00279718,1,1,1,1,1,1,1,1,1,0,0,0,0,1,0,0
0.00279719,1,1,1,1,0,1,1,0,1,0,0,0,0,1,0,0
0.0027972,0,1,1,1,0,1,0,0,1,0,0,0,0,1,0,0
0.00279725,1,1,1,1,0,1,0,0,1,0,0,0,0,1,0,0
0.00279727,0,1,1,1,0,1,0,0,1,0,0,0,0,1,0,0
0.00279809,1,1,1,1,0,1,0,1,1,0,0,0,0,1,0,0
0.0027981,1,1,1,1,1,1,1,1,1,0,0,0,0,1,0,0
0.00279815,0,1,0,0,1,1,1,1,1,0,0,0,0,1,0,0
0.00279816,0,1,0,0,1,0,1,1,1,0,0,0,0,1,0,0
0.0027982,1,1,0,0,1,0,1,1,1,0,0,0,0,1,0,0
0.00279822,0,1,0,0,1,0,1,1,1,0,0,0,0,1,0,0
0.00279848,0,1,0,0,1,0,1,1,0,1,0,0,0,0,0,0
0.00279849,0,1,0,0,1,0,1,1,0,1,0,0,1,0,1,1
0.00279901,1,1,1,1,1,0,1,1,0,1,0,0,1,0,1,1
0.00279904,1,1,1,1,1,1,1,1,0,1,0,0,1,0,1,1
0.00279908,1,1,1,1,1,1,0,0,0,1,0,0,1,0,1,1
0.00279909,0,1,1,1,0,1,0,0,0,1,0,0,1,0,1,1
0.00279913,1,1,1,1,0,1,1,0,0,1,0,0,1,0,1,1
0.00279915,0,1,1,1,0,1,0,0,0,1,0,0,1,0,1,1
0.0028,1,1,1,1,0,1,1,0,0,1,0,0,1,0,1,1
0.00280001,1,1,1,1,1,1,1,1,0,1,0,0,1,0,1,1
0.00280097,0,0,0,0,0,0,0,0,0,1,0,0,1,0,1,1
0.002801,1,0,0,0,0,0,0,0,0,1,0,0,1,0,1,1
0.00280101,1,1,1,0,1,0,0,0,0,1,0,0,1,0,1,1
0.00280102,1,0,0,0,0,0,0,1,0,1,0,0,1,0,1,1
0.00280103,0,0,0,0,0,0,0,0,0,1,0,0,1,0,1,1
0.00280193,1,1,1,0,0,0,0,0,0,1,0,0,1,0,1,1
0.00280194,1,0,1,0,0,0,0,0,0,1,0,0,1,0,1,1
0.00280195,0,0,0,0,0,0,0,0,0,1,0,0,1,0,1,1
0.00280197,0,1,1,1,0,1,0,0,0,1,0,0,1,0,1,1
0.00280199,1,1,1,1,0,1,0,0,0,1,0,0,1,0,1,1
0.002802,1,1,1,1,1,1,1,1,0,1,0,0,1,0,1,1
0.00280205,1,1,1,0,1,1,1,0,0,1,0,0,1,0,1,1
0.00280206,0,1,0,0,1,1,0,0,0,1,0,0,1,0,1,1
0.0028021,1,1,1,1,1,1,1,1,0,1,0,0,1,0,1,1
0.00280212,1,1,1,0,1,1,0,0,0,1,0,0,1,0,1,1
0.00280213,0,1,0,0,1,1,0,0,0,1,0,0,1,0,1,1
0.00280218,1,1,1,0,1,1,0,0,0,1,0,0,1,0,1,1
0.00280219,0,1,0,0,1,1,0,0,0,1,0,0,1,0,1,1
0.00280239,0,1,0,0,1,1,0,0,0,1,0,0,1,0,0,0
0.0028024,0,1,0,0,1,1,0,0,0,1,0,0,1,1,0,0
0.00280293,0,1,1,0,1,1,0,0,0,1,0,0,1,1,0,0
0.00280294,1,1,1,1,1,1,0,0,0,1,0,0,1,1,0,0
0.00280295,1,1,1,1,1,1,1,1,0,1,0,0,1,1,0,0
0.00280299,1,1,0,1,0,0,0,0,0,1,0,0,1,1,0,0
0.00280303,1,1,1,1,0,1,1,1,0,1,0,0,1,1,0,0
0.00280304,1,1,1,1,1,1,1,1,0,1,0,0,1,1,0,0
0.00280305,1,1,1,1,0,0,1,0,0,1,0,0,1,1,0,0
0.00280306,1,1,1,1,0,0,0,0,0,1,0,0,1,1,0,0
0.00280307,1,1,0,1,0,0,0,0,0,1,0,0,1,1,0,0
0.0028031,1,1,1,1,0,0,0,0,0,1,0,0,1,1,0,0
0.00280314,1,1,0,1,0,0,0,0,0,1,0,0,1,1,0,0
0.00280318,1,1,1,1,0,0,0,0,0,1,0,0,1,1,0,0
0.00280321,1,1,0,1,0,0,0,0,0,1,0,0,1,1,0,0
0.00280389,1,1,1,1,0,0,0,0,0,1,0,0,1,1,0,0
0.0028039,1,1,1,1,1,1,1,0,0,1,0,0,1,1,0,0
0.00280391,1,1,1,1,1,1,1,1,0,1,0,0,1,1,0,0
0.00280395,1,1,1,1,1,1,1,0,0,1,0,0,1,1,0,0
0.00280396,1,1,0,1,0,0,0,0,0,1,0,0,1,1,0,0
0.00280399,1,1,1,1,0,0,0,0,0,1,0,0,1,1,0,0
0.002804,1,1,1,1,1,1,1,1,0,1,0,0,1,1,0,0
0.00280402,1,1,1,1,0,1,1,0,0,1,0,0,1,1,0,0
0.00280403,1,1,1,1,0,0,0,0,0,1,0,0,1,1,0,0
0.00280404,1,1,0,1,0,0,0,0,0,1,0,0,1,1,0,0
0.00280407,1,1,1,1,0,0,0,0,0,1,0,0,1,1,0,0
0.00280411,1,1,0,1,0,0,0,0,0,1,0,0,1,1,0,0
0.00280414,1,1,1,1,0,0,0,0,0,1,0,0,1,1,0,0
0.00280419,1,1,0,1,0,0,0,0,0,1,0,0,1,1,0,0
0.00280421,1,1,1,1,0,0,0,0,0,1,0,0,1,1,0,0
0.00280428,1,1,0,1,0,0,0,0,0,1,0,0,1,1,0,0
0.00280431,1,1,1,1,0,0,0,0,0,1,0,0,1,1,0,0
0.00280433,1,1,0,1,0,0,0,0,0,1,0,0,1,1,0,0
0.00280434,1,1,1,1,0,0,0,0,0,1,0,0,1,1,0,0
0.00280436,1,1,0,1,0,0,0,0,0,1,0,0,1,1,0,0
0.00280486,1,1,1,1,0,0,0,0,0,1,0,0,1,1,0,0
0.00280488,1,1,1,1,0,1,1,0,0,1,0,0,1,1,0,0
0.00280489,1,1,1,1,1,1,1,1,0,1,0,0,1,1,0,0
0.00280587,1,1,1,1,0,1,1,1,0,1,0,0,1,1,0,0
0.00280588,1,1,1,1,1,1,1,1,0,1,0,0,1,1,0,0
0.00280589,0,0,1,1,1,1,1,1,0,1,0,0,1,1,0,0
0.0028059,0,0,0,1,1,0,1,0,0,1,0,0,1,1,0,0
0.00280592,0,1,1,1,1,1,1,0,0,1,0,0,1,1,0,0
0.00280593,0,1,1,1,1,1,1,1,0,1,0,0,1,1,0,0
0.00280594,1,1,1,1,1,1,1,1,0,1,0,0,1,1,0,0
0.00280596,0,1,1,1,1,1,1,1,0,1,0,0,1,1,0,0
0.00280597,1,1,1,1,1,1,1,1,0,1,0,0,1,1,0,0
0.00280598,1,1,1,0,0,1,0,1,0,1,0,0,1,1,0,0
0.00280599,0,1,1,0,0,1,0,1,0,1,0,0,1,1,0,0
0.00280603,1,1,1,0,0,1,0,1,0,1,0,0,1,1,0,0
0.00280604,0,1,1,0,0,1,0,1,0,1,0,0,1,1,0,0
0.00280629,0,1,1,0,0,1,0,1,0,1,0,0,0,1,0,0
0.0028063,0,1,1,0,0,1,0,1,0,1,1,0,0,1,0,1
0.00280637,0,1,1,0,0,1,0,1,0,1,1,0,0,1,0,0
0.00280638,0,1,1,0,0,1,0,1,0,1,1,0,0,1,0,1
0.00280684,1,1,1,1,1,1,0,1,0,1,1,0,0,1,0,1
0.00280685,1,1,1,1,1,1,1,1,0,1,1,0,0,1,0,1
0.00280689,0,0,0,0,0,0,1,0,0,1,1,0,0,1,0,1
0.00280693,1,1,1,1,0,1,1,1,0,1,1,0,0,1,0,1
0.00280694,1,1,1,1,1,1,1,1,0,1,1,0,0,1,0,1
0.00280696,1,1,1,1,0,1,1,0,0,1,1,0,0,1,0,1
0.00280697,1,0,1,1,0,1,1,0,0,1,1,0,0,1,0,1
0.00280698,0,0,0,0,0,0,1,0,0,1,1,0,0,1,0,1
0.00280701,0,0,1,1,0,0,1,0,0,1,1,0,0,1,0,1
0.00280702,1,0,1,1,0,1,1,0,0,1,1,0,0,1,0,1
0.00280705,0,0,1,1,0,0,1,0,0,1,1,0,0,1,0,1
0.00280706,0,0,1,0,0,0,1,0,0,1,1,0,0,1,0,1
0.00280708,0,0,1,1,0,0,1,0,0,1,1,0,0,1,0,1
0.00280716,0,0,1,0,0,0,1,0,0,1,1,0,0,1,0,1
0.00280717,0,0,1,1,0,0,1,0,0,1,1,0,0,1,0,1
0.00280722,0,0,1,0,0,0,1,0,0,1,1,0,0,1,0,1
0.00280728,0,0,1,1,0,0,1,0,0,1,1,0,0,1,0,1
0.0028073,0,0,1,0,0,0,1,0,0,1,1,0,0,1,0,1
0.00280772,0,0,0,0,0,0,1,0,0,1,1,0,0,1,0,1
0.00280776,0,0,1,0,0,0,1,0,0,1,1,0,0,1,0,1
0.00280777,0,0,0,0,0,0,1,0,0,1,1,0,0,1,0,1
0.00280779,0,0,1,0,0,0,1,0,0,1,1,0,0,1,0,1
0.0028078,1,1,0,0,0,0,1,0,0,1,1,0,0,1,0,1
0.00280781,1,1,1,1,1,1,1,0,0,1,1,0,0,1,0,1
0.00280782,1,1,1,1,1,1,1,1,0,1,1,0,0,1,0,1
0.00280788,0,0,0,0,0,0,0,1,0,1,1,0,0,1,0,1
0.00280792,1,1,1,1,0,1,0,1,0,1,1,0,0,1,0,1
0.00280793,1,1,1,1,1,1,1,1,0,1,1,0,0,1,0,1
0.00280794,1,1,1,1,1,1,0,1,0,1,1,0,0,1,0,1
0.00280795,1,1,1,1,0,1,0,1,0,1,1,0,0,1,0,1
0.00280796,0,0,1,1,0,0,0,1,0,1,1,0,0,1,0,1
0.00280797,0,0,0,0,0,0,0,1,0,1,1,0,0,1,0,1
0.00280799,0,0,1,0,0,0,0,1,0,1,1,0,0,1,0,1
0.002808,1,1,1,1,0,1,0,1,0,1,1,0,0,1,0,1
0.00280804,0,0,1,1,0,0,0,1,0,1,1,0,0,1,0,1
0.00280805,0,0,1,0,0,0,0,1,0,1,1,0,0,1,0,1
0.00280808,0,0,1,1,0,0,0,1,0,1,1,0,0,1,0,1
0.00280813,0,0,1,0,0,0,0,1,0,1,1,0,0,1,0,1
0.00280817,0,0,1,1,0,0,0,1,0,1,1,0,0,1,0,1
0.00280819,0,0,1,0,0,0,0,1,0,1,1,0,0,1,0,1
0.00280825,0,0,1,1,0,0,0,1,0,1,1,0,0,1,0,1
0.00280827,0,0,1,0,0,0,0,1,0,1,1,0,0,1,0,1
0.00280864,0,0,0,0,0,0,0,1,0,1,1,0,0,1,0,1
0.00280865,0,0,1,0,0,0,0,1,0,1,1,0,0,1,0,1
0.00280867,0,0,0,0,0,0,0,1,0,1,1,0,0,1,0,1
0.00280868,0,0,1,0,0,0,0,1,0,1,1,0,0,1,0,1
0.0028087,0,0,0,0,0,0,0,1,0,1,1,0,0,1,0,1
0.00280871,0,0,1,0,0,0,0,1,0,1,1,0,0,1,0,1
0.00280872,0,0,0,0,0,0,0,1,0,1,1,0,0,1,0,1
0.00280875,0,0,1,0,0,0,0,1,0,1,1,0,0,1,0,1
0.00280876,0,0,0,0,0,0,0,1,0,1,1,0,0,1,0,1
0.00280877,1,0,0,0,0,0,0,1,0,1,1,0,0,1,0,1
0.00280879,0,1,1,1,1,1,0,1,0,1,1,0,0,1,0,1
0.0028088,1,1,1,1,1,1,1,1,0,1,1,0,0,1,0,1
0.00280884,1,1,1,1,1,1,1,0,0,1,1,0,0,1,0,1
0.00280885,0,1,1,1,0,1,0,0,0,1,1,0,0,1,0,1
0.00280889,1,1,1,1,1,1,1,0,0,1,1,0,0,1,0,1
0.0028089,1,1,1,1,1,1,1,1,0,1,1,0,0,1,0,1
0.00280891,0,1,1,1,0,1,0,0,0,1,1,0,0,1,0,1
0.00280897,1,1,1,1,0,1,0,0,0,1,1,0,0,1,0,1
0.00280898,0,1,1,1,0,1,0,0,0,1,1,0,0,1,0,1
0.00280975,1,1,1,1,0,1,0,0,0,1,1,0,0,1,0,1
0.00280976,1,1,1,1,1,1,1,0,0,1,1,0,0,1,0,1
0.00280977,1,1,1,1,1,1,1,1,0,1,1,0,0,1,0,1
0.00281078,0,1,1,1,0,1,0,0,0,1,1,0,0,1,0,1
0.00281082,1,1,1,1,0,1,0,0,0,1,1,0,0,1,0,1
0.00281083,1,1,1,1,1,1,1,1,0,1,1,0,0,1,0,1
0.00281084,1,1,1,1,0,1,1,0,0,1,1,0,0,1,0,1
0.00281085,0,1,1,1,0,1,0,0,0,1,1,0,0,1,0,1
0.00281181,1,1,1,1,1,1,0,0,0,1,1,0,0,1,0,1
0.00281182,1,0,1,0,1,1,1,1,0,1,1,0,0,1,0,1
0.00281183,0,0,1,0,1,0,0,0,0,1,1,0,0,1,0,1
0.00281187,1,0,1,0,1,0,0,0,0,1,1,0,0,1,0,1
0.00281188,1,0,1,0,1,0,1,0,0,1,1,0,0,1,0,1
0.00281189,0,0,1,0,1,0,0,0,0,1,1,0,0,1,0,1
0.00281215,0,0,1,0,1,0,0,0,0,0,1,0,0,0,0,0
0.00281216,0,0,1,0,1,0,0,0,0,0,1,0,1,0,0,0
0.00281268,1,0,1,0,1,0,0,0,0,0,1,0,1,0,0,0
0.00281269,0,0,1,0,1,0,0,0,0,0,1,0,1,0,0,0
0.0028127,0,1,1,0,1,1,1,1,0,0,1,0,1,0,0,0
0.00281271,1,1,1,1,1,1,1,1,0,0,1,0,1,0,0,0
0.00281373,0,0,0,0,0,0,0,1,0,0,1,0,1,0,0,0
0.00281377,0,0,0,0,0,1,0,1,0,0,1,0,1,0,0,0
0.00281378,1,1,1,1,0,1,1,1,0,0,1,0,1,0,0,0
0.00281381,0,0,0,0,0,0,0,1,0,0,1,0,1,0,0,0
0.00281463,1,1,1,1,0,0,0,1,0,0,1,0,1,0,0,0
0.00281465,1,1,1,1,1,0,0,1,0,0,1,0,1,0,0,0
0.00281466,1,1,1,1,1,1,1,1,0,0,1,0,1,0,0,0
0.0028147,1,1,0,0,1,0,0,0,0,0,1,0,1,0,0,0
0.00281474,1,1,1,1,1,1,1,0,0,0,1,0,1,0,0,0
0.00281477,1,1,1,1,1,0,0,0,0,0,1,0,1,0,0,0
0.00281478,1,1,0,0,1,0,0,0,0,0,1,0,1,0,0,0
0.00281482,1,1,1,1,1,0,0,0,0,0,1,0,1,0,0,0
0.00281483,1,1,1,1,1,1,0,0,0,0,1,0,1,0,0,0
0.00281484,1,1,1,0,1,0,0,0,0,0,1,0,1,0,0,0
0.00281485,1,1,0,0,1,0,0,0,0,0,1,0,1,0,0,0
0.0028149,1,1,1,0,1,0,0,0,0,0,1,0,1,0,0,0
0.00281492,1,1,0,0,1,0,0,0,0,0,1,0,1,0,0,0
0.00281508,1,1,0,0,1,0,0,0,0,1,0,0,1,0,0,0
0.00281509,1,1,0,0,1,0,0,0,1,1,0,0,1,0,0,0
0.00281513,1,1,1,0,1,0,0,0,1,1,0,0,1,0,0,0
0.00281514,1,1,0,0,1,0,0,0,1,1,0,0,1,0,0,0
0.00281515,1,1,1,0,1,0,0,0,0,0,0,0,0,0,0,0
0.00281516,1,1,0,0,1,0,0,0,1,1,0,0,1,0,0,0
0.00281521,1,1,1,0,1,0,0,0,1,1,0,0,1,0,0,0
0.00281522,1,1,0,0,1,0,0,0,1,1,0,0,1,0,0,0
0.0028156,1,1,1,0,1,0,0,0,1,1,0,0,1,0,0,0
0.00281561,1,1,1,1,1,0,0,0,1,1,0,0,1,0,0,0
0.00281562,1,1,1,1,1,1,1,0,1,1,0,0,1,0,0,0
0.00281563,1,1,1,1,1,1,1,1,1,1,0,0,1,0,0,0
0.00281569,1,0,0,0,1,1,1,0,1,1,0,0,1,0,0,0
0.00281572,1,0,1,1,1,1,1,0,1,1,0,0,1,0,0,0
0.00281573,1,1,1,1,1,1,1,1,1,1,0,0,1,0,0,0
0.00281575,1,0,0,0,1,1,1,0,1,1,0,0,1,0,0,0
0.0028158,1,0,1,0,1,1,1,0,1,1,0,0,1,0,0,0
0.00281581,1,0,1,1,1,1,1,0,1,1,0,0,1,0,0,0
0.00281582,1,0,0,0,1,1,1,0,1,1,0,0,1,0,0,0
0.00281658,1,1,0,0,1,1,1,0,1,1,0,0,1,0,0,0
0.00281659,1,1,1,0,1,1,1,0,1,1,0,0,1,0,0,0
0.0028166,1,1,1,1,1,1,1,1,1,1,0,0,1,0,0,0
0.00281661,1,0,1,1,1,1,1,1,1,1,0,0,1,0,0,0
0.00281662,1,1,1,1,1,1,1,1,1,1,0,0,1,0,0,0
0.00281665,0,1,1,1,1,0,0,0,1,1,0,0,1,0,0,0
0.00281666,0,1,0,0,1,0,0,0,1,1,0,0,1,0,0,0
0.00281669,0,1,1,1,1,0,0,0,1,1,0,0,1,0,0,0
0.0028167,1,1,1,1,1,1,1,1,1,1,0,0,1,0,0,0
0.00281672,0,1,1,1,1,0,0,0,1,1,0,0,1,0,0,0
0.00281673,0,1,1,0,1,0,0,0,1,1,0,0,1,0,0,0
0.00281674,0,1,0,0,1,0,0,0,1,1,0,0,1,0,0,0
0.00281677,0,1,1,1,1,0,0,0,1,1,0,0,1,0,0,0
0.00281681,0,1,0,0,1,0,0,0,1,1,0,0,1,0,0,0
0.00281685,0,1,1,0,1,0,0,0,1,1,0,0,1,0,0,0
0.00281687,0,1,0,0,1,0,0,0,1,1,0,0,1,0,0,0
0.00281703,0,1,1,0,1,0,0,0,0,1,0,0,1,0,0,0
0.00281704,0,1,0,0,1,0,0,0,0,1,0,0,1,0,0,0
0.00281756,1,1,1,1,1,0,0,0,0,1,0,0,1,0,0,0
0.00281757,0,1,1,1,1,0,0,0,0,1,0,0,1,0,0,0
0.00281758,1,1,1,1,1,1,1,1,0,1,0,0,1,0,0,0
0.00281763,1,1,1,1,1,1,1,0,0,1,0,0,1,0,0,0
0.00281764,1,1,0,0,1,1,0,0,0,1,0,0,1,0,0,0
0.00281767,1,1,1,0,1,1,0,0,0,1,0,0,1,0,0,0
0.00281768,1,1,1,1,1,1,1,1,0,1,0,0,1,0,0,0
0.0028177,1,1,0,0,1,1,0,0,0,1,0,0,1,0,0,0
0.00281775,1,1,1,0,1,1,0,0,0,1,0,0,1,0,0,0
0.00281776,1,1,0,0,1,1,0,0,0,1,0,0,1,0,0,0
0.00281854,1,1,1,1,1,1,0,0,0,1,0,0,1,0,0,0
0.00281855,1,1,1,0,1,1,1,0,0,1,0,0,1,0,0,0
0.00281856,1,1,1,1,1,1,1,1,0,1,0,0,1,0,0,0
0.00281861,1,0,0,0,1,0,0,0,0,1,0,0,1,0,0,0
0.00281865,1,1,1,1,1,1,1,1,0,1,0,0,1,0,0,0
0.00281868,1,1,1,1,1,1,1,0,0,1,0,0,1,0,0,0
0.00281869,1,0,1,1,1,0,0,0,0,1,0,0,1,0,0,0
0.0028187,1,0,0,0,1,0,0,0,0,1,0,0,1,0,0,0
0.00281872,1,0,1,0,1,0,0,0,0,1,0,0,1,0,0,0
0.00281873,1,1,1,1,1,0,0,0,0,1,0,0,1,0,0,0
0.00281874,1,1,1,1,1,1,1,0,0,1,0,0,1,0,0,0
0.00281876,1,0,1,1,1,0,0,0,0,1,0,0,1,0,0,0
0.00281878,1,0,1,0,1,0,0,0,0,1,0,0,1,0,0,0
0.0028188,1,0,1,1,1,0,0,0,0,1,0,0,1,0,0,0
0.00281885,1,0,1,0,1,0,0,0,0,1,0,0,1,0,0,0
0.00281886,1,0,1,1,1,0,0,0,0,1,0,0,1,0,0,0
0.00281893,1,0,1,0,1,0,0,0,0,1,0,0,1,0,0,0
0.00281896,1,0,1,1,1,0,0,0,0,1,0,0,1,0,0,0
0.00281898,1,0,1,1,1,0,0,0,0,0,0,0,1,0,0,0
0.00281899,1,0,1,0,1,0,0,0,1,0,0,0,1,0,0,0
0.00281904,1,1,1,1,1,0,0,0,1,0,0,0,1,0,0,0
0.00281905,1,0,1,1,1,0,0,0,1,0,0,0,1,0,0,0
0.00281906,1,0,1,1,1,0,0,0,0,0,0,0,0,0,0,0
0.00281907,1,0,0,0,1,0,0,0,1,0,0,0,1,0,0,0
0.00281911,1,0,1,1,1,0,0,0,1,0,0,0,1,0,0,0
0.00281913,1,0,1,0,1,0,0,0,1,0,0,0,1,0,0,0
0.00281915,1,0,0,0,1,0,0,0,1,0,0,0,1,0,0,0
0.00281918,1,0,1,0,1,0,0,0,1,0,0,0,1,0,0,0
0.00281922,1,0,0,0,1,0,0,0,1,0,0,0,1,0,0,0
0.00281924,1,0,1,0,1,0,0,0,1,0,0,0,1,0,0,0
0.00281925,1,0,0,0,1,0,0,0,1,0,0,0,1,0,0,0
0.00281951,1,1,0,0,1,0,0,0,1,0,0,0,1,0,0,0
0.00281952,1,1,1,0,1,0,0,0,1,0,0,0,1,0,0,0
0.00281953,1,0,1,1,1,1,1,0,1,0,0,0,1,0,0,0
0.00281954,1,1,1,1,1,1,1,0,1,0,0,0,1,0,0,0
0.00281956,1,1,1,1,1,1,1,1,1,0,0,0,1,0,0,0
0.00281959,0,0,1,1,1,0,1,1,1,0,0,0,1,0,0,0
0.0028196,0,0,1,1,1,0,1,0,1,0,0,0,1,0,0,0
0.00281963,0,1,1,1,1,1,1,1,1,0,0,0,1,0,0,0
0.00281964,1,1,1,1,1,1,1,1,1,0,0,0,1,0,0,0
0.00281965,0,1,1,1,1,1,1,1,1,0,0,0,1,0,0,0
0.00281966,0,0,1,1,1,0,1,0,1,0,0,0,1,0,0,0
0.00281971,0,1,1,1,1,0,1,0,1,0,0,0,1,0,0,0
0.00281972,0,0,1,1,1,0,1,0,1,0,0,0,1,0,0,0
0.00282049,0,1,1,1,1,0,1,0,1,0,0,0,1,0,0,0
0.00282051,0,1,1,1,1,1,1,1,1,0,0,0,1,0,0,0
0.00282052,1,1,1,1,1,1,1,0,1,0,0,0,1,0,0,0
0.00282054,1,1,1,1,1,1,1,1,1,0,0,0,1,0,0,0
0.00282056,0,1,0,0,0,1,0,0,1,0,0,0,1,0,0,0
0.0028206,0,1,0,0,0,1,1,1,1,0,0,0,1,0,0,0
0.00282061,1,1,1,1,0,1,1,1,1,0,0,0,1,0,0,0
0.00282062,0,1,1,1,0,1,1,1,1,0,0,0,1,0,0,0
0.00282063,0,1,0,0,0,1,0,0,1,0,0,0,1,0,0,0
0.00282093,0,1,0,0,0,1,0,0,1,0,0,0,0,0,0,0
0.00282094,0,1,0,0,0,1,0,0,0,1,0,0,0,0,0,0
0.00282095,0,1,0,0,0,1,0,0,0,1,0,0,0,1,0,0
0.00282149,1,1,1,1,1,1,1,1,0,1,0,0,0,1,0,0
0.00282154,0,0,0,0,0,0,1,0,0,1,0,0,0,1,0,0
0.00282158,1,0,1,1,0,1,1,1,0,1,0,0,0,1,0,0
0.00282159,1,1,1,1,0,1,1,1,0,1,0,0,0,1,0,0
0.0028216,1,1,1,1,1,1,1,1,0,1,0,0,0,1,0,0
0.00282161,1,1,1,1,0,1,1,1,0,1,0,0,0,1,0,0
0.00282162,1,0,1,1,0,1,1,1,0,1,0,0,0,1,0,0
0.00282163,0,0,1,0,0,0,1,0,0,1,0,0,0,1,0,0
0.00282164,0,0,0,0,0,0,1,0,0,1,0,0,0,1,0,0
0.00282166,0,0,1,0,0,0,1,1,0,1,0,0,0,1,0,0
0.00282167,0,0,1,1,0,1,1,1,0,1,0,0,0,1,0,0
0.0028217,0,0,1,1,0,0,1,1,0,1,0,0,0,1,0,0
0.00282171,0,0,1,0,0,0,1,1,0,1,0,0,0,1,0,0
0.00282172,0,0,0,0,0,0,1,0,0,1,0,0,0,1,0,0
0.00282173,0,0,1,0,0,0,1,0,0,1,0,0,0,1,0,0
0.00282174,0,0,1,0,0,0,1,1,0,1,0,0,0,1,0,0
0.00282175,0,0,1,1,0,0,1,1,0,1,0,0,0,1,0,0
0.00282179,0,0,1,0,0,0,1,1,0,1,0,0,0,1,0,0
0.0028218,0,0,1,1,0,0,1,1,0,1,0,0,0,1,0,0
0.00282181,0,0,1,0,0,0,1,0,0,1,0,0,0,1,0,0
0.00282185,0,0,1,0,0,0,1,1,0,1,0,0,0,1,0,0
0.00282186,0,0,1,0,0,0,1,0,0,1,0,0,0,1,0,0
0.00282187,0,0,0,0,0,0,1,0,0,1,0,0,0,1,0,0
0.00282189,0,0,1,0,0,0,1,0,0,1,0,0,0,1,0,0
0.0028219,0,0,0,0,0,0,1,0,0,1,0,0,0,1,0,0
0.00282191,0,0,1,0,0,0,1,0,0,1,0,0,0,1,0,0
0.00282195,0,0,0,0,0,0,1,0,0,1,0,0,0,1,0,0
0.00282197,0,0,1,0,0,0,1,0,0,1,0,0,0,1,0,0
0.00282198,0,0,0,0,0,0,1,0,0,1,0,0,0,1,0,0
0.00282204,0,0,1,0,0,0,1,0,0,1,0,0,0,1,0,0
0.00282205,0,0,0,0,0,0,1,0,0,1,0,0,0,1,0,0
0.00282244,1,1,1,1,0,0,1,0,0,1,0,0,0,1,0,0
0.00282245,1,1,1,1,1,0,1,0,0,1,0,0,0,1,0,0
0.00282246,1,1,1,1,1,1,1,1,0,1,0,0,0,1,0,0
0.00282251,0,0,0,0,0,0,0,1,0,1,0,0,0,1,0,0
0.00282255,1,1,1,1,0,1,0,1,0,1,0,0,0,1,0,0
0.00282256,1,1,1,1,1,1,1,1,0,1,0,0,0,1,0,0
0.00282258,1,1,1,1,0,1,0,1,0,1,0,0,0,1,0,0
0.0028226,0,0,0,0,0,0,0,1,0,1,0,0,0,1,0,0
0.00282263,0,1,1,1,0,1,0,1,0,1,0,0,0,1,0,0
0.00282264,1,1,1,1,0,1,0,1,0,1,0,0,0,1,0,0
0.00282267,0,0,1,1,0,1,0,1,0,1,0,0,0,1,0,0
0.00282269,0,0,1,1,0,0,0,1,0,1,0,0,0,1,0,0
0.0028227,0,0,1,1,0,1,0,1,0,1,0,0,0,1,0,0
0.00282284,0,0,1,1,0,0,0,1,0,1,0,0,0,1,0,0
0.00282286,0,0,1,1,0,1,0,1,0,1,0,0,0,1,0,0
0.00282292,0,0,1,0,0,0,0,1,0,1,0,0,0,1,0,0
0.00282294,0,0,1,1,0,1,0,1,0,1,0,0,0,1,0,0
0.00282297,0,0,1,1,0,0,0,1,0,1,0,0,0,1,0,0
0.00282301,0,0,1,0,0,0,0,1,0,1,0,0,0,1,0,0
0.00282303,0,0,1,1,0,0,0,1,0,1,0,0,0,1,0,0
0.00282305,0,0,1,0,0,0,0,1,0,1,0,0,0,1,0,0
0.00282319,0,0,0,0,0,0,0,1,0,1,0,0,0,1,0,0
0.0028232,0,0,1,0,0,0,0,1,0,1,0,0,0,1,0,0
0.00282326,0,0,0,0,0,0,0,1,0,1,0,0,0,1,0,0
0.00282331,0,0,1,0,0,0,0,1,0,1,0,0,0,1,0,0
0.00282332,0,0,0,0,0,0,0,1,0,1,0,0,0,1,0,0
0.00282333,0,0,1,0,0,0,0,1,0,1,0,0,0,1,0,0
0.00282334,0,0,0,0,0,0,0,1,0,1,0,0,0,1,0,0
0.00282339,0,0,1,0,0,0,0,1,0,1,0,0,0,1,0,0
0.0028234,0,0,0,0,0,0,0,1,0,1,0,0,0,1,0,0
0.00282342,0,0,1,1,1,0,0,1,0,1,0,0,0,1,0,0
0.00282343,0,0,1,1,1,0,1,1,0,1,0,0,0,1,0,0
0.00282344,1,1,1,1,1,1,1,0,0,1,0,0,0,1,0,0
0.00282346,0,0,1,1,1,1,1,0,0,1,0,0,0,1,0,0
0.00282347,0,0,1,1,1,0,1,0,0,1,0,0,0,1,0,0
0.00282351,0,0,1,1,1,1,1,0,0,1,0,0,0,1,0,0
0.00282353,0,0,1,1,1,0,1,0,0,1,0,0,0,1,0,0
0.00282445,1,1,1,1,1,0,1,0,0,1,0,0,0,1,0,0
0.00282446,1,1,1,1,1,1,1,1,0,1,0,0,0,1,0,0
0.00282451,1,0,0,0,0,1,0,0,0,1,0,0,0,1,0,0
0.00282455,1,1,1,1,0,1,1,1,0,1,0,0,0,1,0,0
0.00282457,1,1,1,1,1,1,1,1,0,1,0,0,0,1,0,0
0.00282458,1,1,1,1,0,1,1,1,0,1,0,0,0,1,0,0
0.00282459,1,1,1,0,0,1,0,0,0,1,0,0,0,1,0,0
0.0028246,1,0,0,0,0,1,0,0,0,1,0,0,0,1,0,0
0.00282463,1,1,1,0,0,1,0,0,0,1,0,0,0,1,0,0
0.00282464,1,1,1,1,0,1,0,0,0,1,0,0,0,1,0,0
0.00282467,1,0,0,0,0,1,0,0,0,1,0,0,0,1,0,0
0.00282471,1,0,1,0,0,1,0,0,0,1,0,0,0,1,0,0
0.00282472,1,1,1,1,0,1,0,0,0,1,0,0,0,1,0,0
0.00282473,1,0,1,0,0,1,0,0,0,1,0,0,0,1,0,0
0.00282475,1,0,0,0,0,1,0,0,0,1,0,0,0,1,0,0
0.00282478,1,0,1,0,0,1,0,0,0,1,0,0,0,1,0,0
0.00282479,1,0,0,0,0,1,0,0,0,1,0,0,0,1,0,0
0.00282482,1,0,1,0,0,1,0,0,0,1,0,0,0,1,0,0
0.00282484,1,0,1,1,0,1,0,0,0,0,0,0,0,1,0,0
0.00282485,1,0,0,0,0,1,0,0,1,0,0,0,0,1,0,0
0.00282489,1,0,1,0,0,1,0,0,1,0,0,0,0,1,0,0
0.0028249,1,0,1,1,0,1,0,0,1,0,0,0,0,1,0,0
0.00282491,1,0,1,1,0,1,0,0,1,0,0,0,0,0,0,0
0.00282492,1,0,0,0,0,1,0,0,0,0,0,0,0,1,0,0
0.00282493,1,0,0,0,0,1,0,0,1,0,0,0,0,1,0,0
0.00282497,1,0,1,1,0,1,0,0,1,0,0,0,0,1,0,0
0.00282499,1,0,1,0,0,1,0,0,1,0,0,0,0,1,0,0
0.002825,1,0,0,0,0,1,0,0,1,0,0,0,0,1,0,0
0.00282505,1,0,1,0,0,1,0,0,1,0,0,0,0,1,0,0
0.00282506,1,0,0,0,0,1,0,0,1,0,0,0,0,1,0,0
0.00282539,1,1,1,1,1,1,0,0,1,0,0,0,0,1,0,0
0.0028254,1,1,1,1,1,1,1,0,1,0,0,0,0,1,0,0
0.00282541,1,1,1,1,1,1,1,1,1,0,0,0,0,1,0,0
0.00282544,0,0,0,0,0,0,1,0,1,0,0,0,0,1,0,0
0.00282548,0,1,1,1,0,0,1,1,1,0,0,0,0,1,0,0
0.00282549,1,1,1,1,1,1,1,1,1,0,0,0,0,1,0,0
0.00282551,0,1,1,1,0,0,1,1,1,0,0,0,0,1,0,0
0.00282552,0,0,1,1,0,0,1,0,1,0,0,0,0,1,0,0
0.00282553,0,0,0,0,0,0,1,0,1,0,0,0,0,1,0,0
0.00282556,0,0,1,1,0,0,1,0,1,0,0,0,0,1,0,0
0.00282561,0,0,0,0,0,0,1,0,1,0,0,0,0,1,0,0
0.00282564,0,0,1,1,0,0,1,0,1,0,0,0,0,1,0,0
0.00282569,0,0,1,0,0,0,1,0,1,0,0,0,0,1,0,0
0.00282572,0,0,1,1,0,0,1,0,1,0,0,0,0,1,0,0
0.00282573,0,0,1,0,0,0,1,0,1,0,0,0,0,1,0,0
0.00282574,0,0,1,1,0,0,1,0,1,0,0,0,0,1,0,0
0.00282576,0,0,0,0,0,0,1,0,1,0,0,0,0,1,0,0
0.00282579,0,0,1,0,0,0,1,0,1,0,0,0,0,1,0,0
0.0028258,0,0,1,1,0,0,1,0,1,0,0,0,0,1,0,0
0.00282581,0,0,0,0,0,0,1,0,1,0,0,0,0,1,0,0
0.00282582,0,0,1,0,0,0,1,0,1,0,0,0,0,1,0,0
0.00282583,0,0,0,0,0,0,1,0,1,0,0,0,0,1,0,0
0.00282584,0,0,1,0,0,0,1,0,1,0,0,0,0,1,0,0
0.00282585,0,0,0,0,0,0,1,0,1,0,0,0,0,1,0,0
0.00282587,0,0,1,0,0,0,1,0,1,0,0,0,0,1,0,0
0.00282588,0,0,0,0,0,0,1,0,1,0,0,0,0,1,0,0
0.00282635,1,1,0,0,0,0,1,0,1,0,0,0,0,1,0,0
0.00282636,1,1,1,1,1,0,1,0,1,0,0,0,0,1,0,0
0.00282637,1,1,1,1,1,1,1,1,1,0,0,0,0,1,0,0
0.00282643,0,0,0,0,0,0,0,1,1,0,0,0,0,1,0,0
0.00282647,1,1,1,1,0,1,0,1,1,0,0,0,0,1,0,0
0.00282648,1,1,1,1,1,1,1,1,1,0,0,0,0,1,0,0
0.0028265,1,1,1,1,0,1,0,1,1,0,0,0,0,1,0,0
0.00282651,0,0,1,0,0,0,0,1,1,0,0,0,0,1,0,0
0.00282652,0,0,0,0,0,0,0,1,1,0,0,0,0,1,0,0
0.00282655,0,0,1,1,0,0,0,1,1,0,0,0,0,1,0,0
0.00282659,0,0,1,0,0,0,0,1,1,0,0,0,0,1,0,0
0.0028266,0,0,0,0,0,0,0,1,1,0,0,0,0,1,0,0
0.00282663,0,0,1,0,0,0,0,1,1,0,0,0,0,1,0,0
0.00282664,0,0,1,1,0,0,0,1,1,0,0,0,0,1,0,0
0.00282666,0,0,1,0,0,0,0,1,1,0,0,0,0,1,0,0
0.00282669,0,0,0,0,0,0,0,1,1,0,0,0,0,1,0,0
0.0028267,0,0,1,0,0,0,0,1,1,0,0,0,0,1,0,0
0.00282675,0,0,0,0,0,0,0,1,1,0,0,0,0,1,0,0
0.00282677,0,0,1,0,0,0,0,1,1,0,0,0,0,1,0,0
0.00282679,0,0,0,0,0,0,0,1,1,0,0,0,0,1,0,0
0.0028268,0,0,1,0,0,0,0,1,1,0,0,0,0,1,0,0
0.00282681,0,0,0,0,0,0,0,1,1,0,0,0,0,1,0,0
0.00282684,0,0,1,0,0,0,0,1,1,0,0,0,0,1,0,0
0.00282685,0,0,0,0,0,0,0,1,1,0,0,0,0,1,0,0
0.00282732,0,1,0,0,0,0,0,1,1,0,0,0,0,1,0,0
0.00282734,0,0,1,1,0,0,0,1,1,0,0,0,0,1,0,0
0.00282735,1,1,1,1,1,1,0,1,1,0,0,0,0,1,0,0
0.00282736,1,1,1,1,1,1,1,1,1,0,0,0,0,1,0,0
0.0028274,0,0,1,1,1,0,1,0,1,0,0,0,0,1,0,0
0.00282744,1,1,1,1,1,1,1,1,1,0,0,0,0,1,0,0
0.00282746,1,1,1,1,1,1,1,0,1,0,0,0,0,1,0,0
0.00282747,0,0,1,1,1,0,1,0,1,0,0,0,0,1,0,0
0.00282752,1,0,1,1,1,1,1,0,1,0,0,0,0,1,0,0
0.00282753,0,0,1,1,1,0,1,0,1,0,0,0,0,1,0,0
0.00282836,0,0,1,1,1,0,1,1,1,0,0,0,0,1,0,0
0.00282837,1,1,1,1,1,0,1,1,1,0,0,0,0,1,0,0
0.00282838,1,1,0,0,1,1,1,1,1,0,0,0,0,1,0,0
0.00282839,0,1,0,0,1,0,1,1,1,0,0,0,0,1,0,0
0.00282843,1,1,1,0,1,1,1,1,1,0,0,0,0,1,0,0
0.00282845,0,1,0,0,1,0,1,1,1,0,0,0,0,1,0,0
0.00282875,0,1,0,0,1,0,1,1,0,1,0,0,0,0,0,0
0.00282876,0,1,0,0,1,0,1,1,0,1,0,0,1,0,1,1
0.00282928,0,1,1,1,1,0,1,1,0,1,0,0,1,0,1,1
0.00282929,1,1,1,0,1,1,1,1,0,1,0,0,1,0,1,1
0.0028293,1,1,1,1,1,1,1,1,0,1,0,0,1,0,1,1
0.00282935,1,1,1,1,1,1,1,0,0,1,0,0,1,0,1,1
0.00282936,0,0,1,1,1,0,1,0,0,1,0,0,1,0,1,1
0.0028294,1,1,1,1,1,1,1,1,0,1,0,0,1,0,1,1
0.00282942,0,0,1,1,1,0,1,0,0,1,0,0,1,0,1,1
0.00283026,0,1,1,1,1,0,1,0,0,1,0,0,1,0,1,1
0.00283027,1,1,1,1,1,1,1,1,0,1,0,0,1,0,1,1
0.00283124,0,0,0,0,0,0,0,0,0,1,0,0,1,0,1,1
0.00283128,1,1,1,0,0,1,0,0,0,1,0,0,1,0,1,1
0.00283129,1,0,0,0,0,1,0,0,0,1,0,0,1,0,1,1
0.0028313,0,0,0,0,0,0,0,0,0,1,0,0,1,0,1,1
0.0028322,1,1,1,0,0,1,0,0,0,1,0,0,1,0,1,1
0.00283221,0,0,0,0,0,0,0,0,0,1,0,0,1,0,1,1
0.00283224,0,0,1,1,1,0,1,0,0,1,0,0,1,0,1,1
0.00283226,1,1,1,1,1,1,1,1,0,1,0,0,1,0,1,1
0.00283232,0,1,0,0,1,1,0,0,0,1,0,0,1,0,1,1
0.00283236,1,1,1,0,1,1,0,0,0,1,0,0,1,0,1,1
0.00283237,1,1,1,1,1,1,1,1,0,1,0,0,1,0,1,1
0.00283239,0,1,0,0,1,1,0,0,0,1,0,0,1,0,1,1
0.00283245,0,1,1,0,1,1,0,0,0,1,0,0,1,0,1,1
0.00283246,0,1,0,0,1,1,0,0,0,1,0,0,1,0,1,1
0.00283265,0,1,0,0,1,1,0,0,0,1,0,0,1,0,0,0
0.00283267,0,1,0,0,1,1,0,0,0,1,0,0,1,1,0,0
0.0028332,1,1,1,1,1,1,0,0,0,1,0,0,1,1,0,0
0.00283321,1,1,1,1,1,1,1,0,0,1,0,0,1,1,0,0
0.00283323,1,1,1,1,1,1,1,1,0,1,0,0,1,1,0,0
0.00283325,1,1,1,1,0,0,1,1,0,1,0,0,1,1,0,0
0.00283326,0,1,1,1,0,0,0,0,0,1,0,0,1,1,0,0
0.0028333,1,1,1,1,0,1,1,1,0,1,0,0,1,1,0,0
0.00283332,0,1,1,1,0,0,0,0,0,1,0,0,1,1,0,0
0.00283416,1,1,1,1,0,0,0,0,0,1,0,0,1,1,0,0
0.00283417,1,1,1,1,1,1,1,1,0,1,0,0,1,1,0,0
0.00283422,1,1,1,1,0,0,0,0,0,1,0,0,1,1,0,0
0.00283423,1,1,0,1,0,0,0,0,0,1,0,0,1,1,0,0
0.00283427,1,1,1,1,0,1,1,0,0,1,0,0,1,1,0,0
0.00283428,1,1,1,1,0,1,1,1,0,1,0,0,1,1,0,0
0.00283429,1,1,0,1,0,0,0,0,0,1,0,0,1,1,0,0
0.00283435,1,1,1,1,0,0,0,0,0,1,0,0,1,1,0,0
0.00283436,1,1,0,1,0,0,0,0,0,1,0,0,1,1,0,0
0.00283514,1,1,1,1,0,0,0,0,0,1,0,0,1,1,0,0
0.00283515,1,1,1,1,1,1,1,0,0,1,0,0,1,1,0,0
0.00283516,1,1,1,1,1,1,1,1,0,1,0,0,1,1,0,0
0.00283616,0,0,1,1,1,0,1,0,0,1,0,0,1,1,0,0
0.00283617,0,0,0,1,1,0,1,0,0,1,0,0,1,1,0,0
0.00283619,1,1,1,1,1,1,1,1,0,1,0,0,1,1,0,0
0.00283625,0,1,1,0,0,1,0,1,0,1,0,0,1,1,0,0
0.00283629,1,1,1,0,0,1,0,1,0,1,0,0,1,1,0,0
0.00283631,0,1,1,0,0,1,0,1,0,1,0,0,1,1,0,0
0.00283656,0,1,1,0,0,1,0,1,0,1,0,0,0,1,0,0
0.00283657,0,1,1,0,0,1,0,1,0,1,1,0,0,1,0,1
0.0028371,0,1,1,1,0,1,0,1,0,1,1,0,0,1,0,1
0.00283711,1,1,1,1,1,1,1,1,0,1,1,0,0,1,0,1
0.00283716,0,0,0,0,0,0,1,0,0,1,1,0,0,1,0,1
0.0028372,1,1,1,1,0,1,1,1,0,1,1,0,0,1,0,1
0.00283722,1,1,1,1,1,1,1,1,0,1,1,0,0,1,0,1
0.00283723,1,1,1,1,0,1,1,1,0,1,1,0,0,1,0,1
0.00283724,1,0,1,1,0,1,1,1,0,1,1,0,0,1,0,1
0.00283725,0,0,0,0,0,0,1,0,0,1,1,0,0,1,0,1
0.00283728,0,0,0,0,0,1,1,1,0,1,1,0,0,1,0,1
0.00283729,1,0,0,1,0,1,1,1,0,1,1,0,0,1,0,1
0.00283731,1,0,0,0,0,1,1,1,0,1,1,0,0,1,0,1
0.00283732,0,0,0,0,0,1,1,1,0,1,1,0,0,1,0,1
0.00283733,0,0,0,0,0,1,1,0,0,1,1,0,0,1,0,1
0.00283736,0,0,0,0,0,1,1,1,0,1,1,0,0,1,0,1
0.00283748,0,0,0,0,0,1,1,0,0,1,1,0,0,1,0,1
0.00283751,0,0,0,0,0,1,1,1,0,1,1,0,0,1,0,1
0.00283752,0,0,0,0,0,1,1,0,0,1,1,0,0,1,0,1
0.00283754,0,0,0,0,0,1,1,1,0,1,1,0,0,1,0,1
0.00283757,0,0,0,0,0,0,1,0,0,1,1,0,0,1,0,1
0.00283758,0,0,0,0,0,1,1,0,0,1,1,0,0,1,0,1
0.00283759,0,0,0,0,0,1,1,1,0,1,1,0,0,1,0,1
0.0028376,0,0,0,0,0,1,1,0,0,1,1,0,0,1,0,1
0.00283784,0,0,0,0,0,0,1,0,0,1,1,0,0,1,0,1
0.00283785,0,0,0,0,0,1,1,0,0,1,1,0,0,1,0,1
0.00283788,0,0,0,0,0,0,1,0,0,1,1,0,0,1,0,1
0.00283798,0,0,0,0,0,1,1,0,0,1,1,0,0,1,0,1
0.00283799,0,0,0,0,0,0,1,0,0,1,1,0,0,1,0,1
0.00283803,0,0,0,0,0,1,1,0,0,1,1,0,0,1,0,1
0.00283804,0,0,0,0,0,0,1,0,0,1,1,0,0,1,0,1
0.00283806,1,1,1,1,0,0,1,0,0,1,1,0,0,1,0,1
0.00283807,1,1,1,1,1,1,1,1,0,1,1,0,0,1,0,1
0.00283814,0,0,0,0,0,0,0,1,0,1,1,0,0,1,0,1
0.00283818,1,1,1,1,0,1,0,1,0,1,1,0,0,1,0,1
0.00283819,1,1,1,1,1,1,1,1,0,1,1,0,0,1,0,1
0.00283821,1,1,1,1,0,1,0,1,0,1,1,0,0,1,0,1
0.00283822,1,0,1,1,0,1,0,1,0,1,1,0,0,1,0,1
0.00283823,0,0,0,0,0,0,0,1,0,1,1,0,0,1,0,1
0.00283826,0,0,1,1,0,1,0,1,0,1,1,0,0,1,0,1
0.00283827,1,1,1,1,0,1,0,1,0,1,1,0,0,1,0,1
0.0028383,0,0,1,0,0,1,0,1,0,1,1,0,0,1,0,1
0.00283831,0,0,0,0,0,1,0,1,0,1,1,0,0,1,0,1
0.00283832,0,0,0,0,0,0,0,1,0,1,1,0,0,1,0,1
0.00283833,0,0,0,0,0,1,0,1,0,1,1,0,0,1,0,1
0.00283834,0,0,1,0,0,1,0,1,0,1,1,0,0,1,0,1
0.00283835,0,0,1,1,0,1,0,1,0,1,1,0,0,1,0,1
0.00283837,0,0,1,0,0,1,0,1,0,1,1,0,0,1,0,1
0.00283848,0,0,0,0,0,1,0,1,0,1,1,0,0,1,0,1
0.00283849,0,0,1,0,0,1,0,1,0,1,1,0,0,1,0,1
0.0028385,0,0,0,0,0,0,0,1,0,1,1,0,0,1,0,1
0.00283851,0,0,1,0,0,1,0,1,0,1,1,0,0,1,0,1
0.00283854,0,0,0,0,0,1,0,1,0,1,1,0,0,1,0,1
0.00283855,0,0,0,0,0,0,0,1,0,1,1,0,0,1,0,1
0.00283856,0,0,1,0,0,1,0,1,0,1,1,0,0,1,0,1
0.00283863,0,0,0,0,0,0,0,1,0,1,1,0,0,1,0,1
0.00283868,0,0,0,0,0,1,0,1,0,1,1,0,0,1,0,1
0.00283869,0,0,0,0,0,0,0,1,0,1,1,0,0,1,0,1
0.00283904,1,0,0,0,0,0,0,1,0,1,1,0,0,1,0,1
0.00283905,1,1,1,1,0,1,0,1,0,1,1,0,0,1,0,1
0.00283906,1,1,1,1,1,1,1,1,0,1,1,0,0,1,0,1
0.00283911,0,1,1,1,0,1,0,0,0,1,1,0,0,1,0,1
0.00283915,1,1,1,1,0,1,1,0,0,1,1,0,0,1,0,1
0.00283916,1,1,1,1,1,1,1,1,0,1,1,0,0,1,0,1
0.00283917,1,1,1,1,0,1,1,0,0,1,1,0,0,1,0,1
0.00283918,0,1,1,1,0,1,0,0,0,1,1,0,0,1,0,1
0.00283923,1,1,1,1,0,1,0,0,0,1,1,0,0,1,0,1
0.00283925,0,1,1,1,0,1,0,0,0,1,1,0,0,1,0,1
0.00284002,1,1,1,1,0,1,1,0,0,1,1,0,0,1,0,1
0.00284003,1,1,1,1,1,1,1,1,0,1,1,0,0,1,0,1
0.00284105,0,1,1,1,0,1,0,0,0,1,1,0,0,1,0,1
0.00284109,1,1,1,1,0,1,1,1,0,1,1,0,0,1,0,1
0.0028411,1,1,1,1,1,1,1,1,0,1,1,0,0,1,0,1
0.00284111,0,1,1,1,0,1,0,0,0,1,1,0,0,1,0,1
0.00284208,1,1,1,1,1,1,1,1,0,1,1,0,0,1,0,1
0.00284209,0,0,1,0,1,0,0,1,0,1,1,0,0,1,0,1
0.0028421,0,0,1,0,1,0,0,0,0,1,1,0,0,1,0,1
0.00284214,1,0,1,0,1,0,1,1,0,1,1,0,0,1,0,1
0.00284215,1,0,1,0,1,0,1,0,0,1,1,0,0,1,0,1
0.00284216,0,0,1,0,1,0,0,0,0,1,1,0,0,1,0,1
0.00284241,0,0,1,0,1,0,0,0,0,0,1,0,0,1,0,1
0.00284242,0,0,1,0,1,0,0,0,0,0,1,0,0,0,0,0
0.00284243,0,0,1,0,1,0,0,0,0,0,1,0,1,0,0,0
0.00284249,0,0,1,0,1,0,0,0,0,0,0,0,1,0,0,0
0.0028425,0,0,1,0,1,0,0,0,0,0,1,0,1,0,0,0
0.00284295,1,0,1,0,1,0,0,0,0,0,1,0,1,0,0,0
0.00284296,0,0,1,0,1,0,0,0,0,0,1,0,1,0,0,0
0.00284297,1,1,1,1,1,1,1,1,0,0,1,0,1,0,0,0
0.00284399,1,1,1,1,0,1,1,1,0,0,1,0,1,0,0,0
0.002844,0,0,0,0,0,0,0,1,0,0,1,0,1,0,0,0
0.00284404,1,1,1,1,0,1,1,1,0,0,1,0,1,0,0,0
0.00284407,1,0,1,1,0,0,0,1,0,0,1,0,1,0,0,0
0.00284408,0,0,0,0,0,0,0,1,0,0,1,0,1,0,0,0
0.0028449,1,1,1,1,0,0,0,1,0,0,1,0,1,0,0,0
0.00284492,1,1,1,1,1,1,1,1,0,0,1,0,1,0,0,0
0.00284497,1,1,0,0,1,0,0,0,0,0,1,0,1,0,0,0
0.00284501,1,1,1,1,1,1,1,0,0,0,1,0,1,0,0,0
0.00284504,1,1,1,0,1,0,0,0,0,0,1,0,1,0,0,0
0.00284505,1,1,0,0,1,0,0,0,0,0,1,0,1,0,0,0
0.00284508,1,1,1,0,1,0,0,0,0,0,1,0,1,0,0,0
0.00284509,1,1,1,1,1,1,0,0,0,0,1,0,1,0,0,0
0.00284511,1,1,1,0,1,0,0,0,0,0,1,0,1,0,0,0
0.00284512,1,1,0,0,1,0,0,0,0,0,1,0,1,0,0,0
0.00284517,1,1,1,0,1,0,0,0,0,0,1,0,1,0,0,0
0.00284519,1,1,0,0,1,0,0,0,0,0,1,0,1,0,0,0
0.00284534,1,1,0,0,1,0,0,0,0,0,0,0,1,0,0,0
0.00284535,1,1,0,0,1,0,0,0,1,1,0,0,1,0,0,0
0.0028454,1,1,1,0,1,0,0,0,1,1,0,0,1,0,0,0
0.00284542,1,1,0,0,1,0,0,0,0,0,0,0,0,0,0,0
0.00284543,1,1,0,0,1,0,0,0,1,1,0,0,1,0,0,0
0.00284547,1,1,1,0,1,0,0,0,1,1,0,0,1,0,0,0
0.00284549,1,1,0,0,1,0,0,0,1,1,0,0,1,0,0,0
0.00284588,1,1,1,0,1,0,0,0,1,1,0,0,1,0,0,0
0.0028459,1,1,1,1,1,1,1,1,1,1,0,0,1,0,0,0
0.00284595,1,0,0,0,1,1,1,0,1,1,0,0,1,0,0,0
0.00284599,1,0,1,1,1,1,1,0,1,1,0,0,1,0,0,0
0.002846,1,1,1,1,1,1,1,1,1,1,0,0,1,0,0,0
0.00284601,1,1,1,1,1,1,1,0,1,1,0,0,1,0,0,0
0.00284602,1,0,0,0,1,1,1,0,1,1,0,0,1,0,0,0
0.00284607,1,0,1,0,1,1,1,0,1,1,0,0,1,0,0,0
0.00284609,1,0,0,0,1,1,1,0,1,1,0,0,1,0,0,0
0.00284685,1,1,0,0,1,1,1,0,1,1,0,0,1,0,0,0
0.00284687,1,0,1,1,1,1,1,1,1,1,0,0,1,0,0,0
0.00284688,1,1,1,1,1,1,1,0,1,1,0,0,1,0,0,0
0.0028469,1,1,1,1,1,1,1,1,1,1,0,0,1,0,0,0
0.00284692,0,1,0,0,1,0,0,0,1,1,0,0,1,0,0,0
0.00284696,0,1,1,1,1,0,0,0,1,1,0,0,1,0,0,0
0.00284697,1,1,1,1,1,1,1,1,1,1,0,0,1,0,0,0
0.00284698,0,1,1,1,1,0,0,0,1,1,0,0,1,0,0,0
0.00284699,0,1,1,0,1,0,0,0,1,1,0,0,1,0,0,0
0.002847,0,1,0,0,1,0,0,0,1,1,0,0,1,0,0,0
0.0028473,0,1,0,0,1,0,0,0,0,1,0,0,1,0,0,0
0.00284737,0,1,0,0,1,0,0,0,0,0,0,0,0,0,0,0
0.00284738,0,1,0,0,1,0,0,0,0,1,0,0,1,0,0,0
0.00284785,1,1,1,1,1,0,1,1,0,1,0,0,1,0,0,0
0.00284787,1,1,1,1,1,1,1,1,0,1,0,0,1,0,0,0
0.00284791,1,1,0,0,1,1,0,0,0,1,0,0,1,0,0,0
0.00284795,1,1,1,1,1,1,1,1,0,1,0,0,1,0,0,0
0.00284797,1,1,1,0,1,1,0,0,0,1,0,0,1,0,0,0
0.00284798,1,1,0,0,1,1,0,0,0,1,0,0,1,0,0,0
0.0028488,1,1,1,1,1,1,0,0,0,1,0,0,1,0,0,0
0.00284881,1,1,1,1,1,1,1,0,0,1,0,0,1,0,0,0
0.00284882,1,1,0,0,1,1,1,1,0,1,0,0,1,0,0,0
0.00284883,1,1,1,1,1,1,1,1,0,1,0,0,1,0,0,0
0.00284888,1,0,0,0,1,0,0,0,0,1,0,0,1,0,0,0
0.00284891,1,0,1,0,1,0,0,0,0,1,0,0,1,0,0,0
0.00284892,1,1,1,1,1,1,1,1,0,1,0,0,1,0,0,0
0.00284895,1,1,1,1,1,0,1,0,0,1,0,0,1,0,0,0
0.00284896,1,0,1,0,1,0,0,0,0,1,0,0,1,0,0,0
0.00284897,1,0,0,0,1,0,0,0,0,1,0,0,1,0,0,0
0.00284899,1,0,1,1,1,0,0,0,0,1,0,0,1,0,0,0
0.002849,1,1,1,1,1,0,0,0,0,1,0,0,1,0,0,0
0.00284903,1,0,1,1,1,0,0,0,0,1,0,0,1,0,0,0
0.00284904,1,0,1,0,1,0,0,0,0,1,0,0,1,0,0,0
0.00284905,1,0,0,0,1,0,0,0,0,1,0,0,1,0,0,0
0.00284907,1,0,1,1,1,0,0,0,0,1,0,0,1,0,0,0
0.00284911,1,0,1,0,1,0,0,0,0,1,0,0,1,0,0,0
0.00284925,1,0,1,1,1,0,0,0,0,0,0,0,1,0,0,0
0.00284926,1,0,0,0,1,0,0,0,1,0,0,0,1,0,0,0
0.0028493,1,0,1,0,1,0,0,0,1,0,0,0,1,0,0,0
0.00284931,1,1,1,1,1,0,0,0,1,0,0,0,1,0,0,0
0.00284932,1,0,1,0,1,0,0,0,0,0,0,0,0,0,0,0
0.00284933,1,0,0,0,1,0,0,0,1,0,0,0,1,0,0,0
0.00284938,1,0,1,0,1,0,0,0,1,0,0,0,1,0,0,0
0.00284939,1,0,1,1,1,0,0,0,1,0,0,0,1,0,0,0
0.0028494,1,0,1,0,1,0,0,0,1,0,0,0,1,0,0,0
0.00284941,1,0,0,0,1,0,0,0,1,0,0,0,1,0,0,0
0.00284947,1,0,1,0,1,0,0,0,1,0,0,0,1,0,0,0
0.00284948,1,0,0,0,1,0,0,0,1,0,0,0,1,0,0,0
0.00284977,1,1,0,0,1,0,0,0,1,0,0,0,1,0,0,0
0.00284978,1,1,1,1,1,0,0,0,1,0,0,0,1,0,0,0
0.00284979,1,1,1,1,1,1,1,0,1,0,0,0,1,0,0,0
0.0028498,1,0,1,1,1,1,1,0,1,0,0,0,1,0,0,0
0.00284981,1,1,1,1,1,1,1,0,1,0,0,0,1,0,0,0
0.00284982,1,1,1,1,1,1,1,1,1,0,0,0,1,0,0,0
0.00284986,0,0,1,1,1,0,1,0,1,0,0,0,1,0,0,0
0.0028499,1,1,1,1,1,1,1,1,1,0,0,0,1,0,0,0
0.00284992,0,1,1,1,1,1,1,0,1,0,0,0,1,0,0,0
0.00284993,0,0,1,1,1,0,1,0,1,0,0,0,1,0,0,0
0.00284998,0,1,1,1,1,0,1,0,1,0,0,0,1,0,0,0
0.00284999,0,0,1,1,1,0,1,0,1,0,0,0,1,0,0,0
0.00285076,1,1,1,1,1,0,1,0,1,0,0,0,1,0,0,0
0.00285078,1,1,1,1,1,1,1,1,1,0,0,0,1,0,0,0
0.00285082,1,1,1,1,0,1,1,1,1,0,0,0,1,0,0,0
0.00285083,1,1,0,0,0,1,0,0,1,0,0,0,1,0,0,0
0.00285087,1,1,1,1,0,1,1,1,1,0,0,0,1,0,0,0
0.00285089,1,1,1,1,0,1,0,0,1,0,0,0,1,0,0,0
0.0028509,1,1,0,0,0,1,0,0,1,0,0,0,1,0,0,0
0.00285095,1,1,1,0,0,1,0,0,1,0,0,0,1,0,0,0
0.00285096,1,1,0,0,0,1,0,0,1,0,0,0,1,0,0,0
0.0028512,1,1,0,0,0,1,0,0,1,0,0,0,0,0,0,0
0.00285121,1,1,0,0,0,1,0,0,1,1,0,0,0,1,0,0
0.00285175,1,1,1,1,0,1,0,0,1,1,0,0,0,1,0,0
0.00285176,1,1,1,1,1,1,1,1,1,1,0,0,0,1,0,0
0.00285181,0,0,0,0,0,0,1,0,1,1,0,0,0,1,0,0
0.00285185,1,1,1,1,0,1,1,1,1,1,0,0,0,1,0,0
0.00285186,1,1,1,1,1,1,1,1,1,1,0,0,0,1,0,0
0.00285188,1,1,1,1,0,1,1,1,1,1,0,0,0,1,0,0
0.00285189,0,0,1,1,0,1,1,1,1,1,0,0,0,1,0,0
0.0028519,0,0,1,1,0,0,1,0,1,1,0,0,0,1,0,0
0.00285191,0,0,0,0,0,0,1,0,1,1,0,0,0,1,0,0
0.00285192,0,0,1,1,0,0,1,0,1,1,0,0,0,1,0,0
0.00285193,0,0,1,1,0,1,1,0,1,1,0,0,0,1,0,0
0.00285194,0,0,1,1,0,1,1,1,1,1,0,0,0,1,0,0
0.00285197,0,0,1,1,0,1,1,0,1,1,0,0,0,1,0,0
0.00285198,0,0,1,1,0,0,1,0,1,1,0,0,0,1,0,0
0.00285202,0,0,1,1,0,1,1,0,1,1,0,0,0,1,0,0
0.00285204,0,0,1,1,0,0,1,0,1,1,0,0,0,1,0,0
0.00285267,0,0,1,0,0,0,1,0,1,1,0,0,0,1,0,0
0.00285268,0,0,1,1,0,0,1,0,1,1,0,0,0,1,0,0
0.0028527,0,0,0,0,0,0,1,0,1,1,0,0,0,1,0,0
0.00285271,1,1,1,1,0,0,1,0,1,1,0,0,0,1,0,0
0.00285272,1,1,1,1,1,1,1,1,1,1,0,0,0,1,0,0
0.00285278,0,0,0,0,0,0,0,1,1,1,0,0,0,1,0,0
0.00285281,0,0,1,0,0,0,0,1,1,1,0,0,0,1,0,0
0.00285282,1,1,1,1,0,1,1,1,1,1,0,0,0,1,0,0
0.00285283,1,1,1,1,1,1,1,1,1,1,0,0,0,1,0,0
0.00285285,1,1,1,1,0,1,0,1,1,1,0,0,0,1,0,0
0.00285286,1,0,1,1,0,1,0,1,1,1,0,0,0,1,0,0
0.00285287,0,0,0,0,0,0,0,1,1,1,0,0,0,1,0,0
0.00285289,0,0,1,1,0,0,0,1,1,1,0,0,0,1,0,0
0.0028529,1,1,1,1,0,1,0,1,1,1,0,0,0,1,0,0
0.00285294,0,0,1,1,0,1,0,1,1,1,0,0,0,1,0,0
0.00285295,0,0,1,1,0,0,0,1,1,1,0,0,0,1,0,0
0.00285297,0,0,1,1,0,1,0,1,1,1,0,0,0,1,0,0
0.00285298,1,1,1,1,0,1,0,1,1,1,0,0,0,1,0,0
0.002853,0,1,1,1,0,1,0,1,1,1,0,0,0,1,0,0
0.00285302,0,0,1,1,0,1,0,1,1,1,0,0,0,1,0,0
0.00285311,0,0,1,1,0,0,0,1,1,1,0,0,0,1,0,0
0.00285314,1,0,1,1,0,1,0,1,1,1,0,0,0,1,0,0
0.00285315,0,0,1,1,0,1,0,1,1,1,0,0,0,1,0,0
0.00285318,0,0,1,1,0,0,0,1,1,1,0,0,0,1,0,0
0.00285321,0,0,1,1,0,1,0,1,1,1,0,0,0,1,0,0
0.00285323,0,0,1,1,0,0,0,1,1,1,0,0,0,1,0,0
0.00285349,0,0,1,0,0,0,0,1,1,1,0,0,0,1,0,0
0.0028535,0,0,1,1,0,0,0,1,1,1,0,0,0,1,0,0
0.00285353,0,0,1,0,0,0,0,1,1,1,0,0,0,1,0,0
0.00285354,0,0,1,1,0,0,0,1,1,1,0,0,0,1,0,0
0.00285355,0,0,1,0,0,0,0,1,1,1,0,0,0,1,0,0
0.00285359,0,0,1,1,0,0,0,1,1,1,0,0,0,1,0,0
0.00285361,0,0,1,0,0,0,0,1,1,1,0,0,0,1,0,0
0.00285364,0,0,0,0,0,0,0,1,1,1,0,0,0,1,0,0
0.00285365,0,0,1,0,0,0,0,1,1,1,0,0,0,1,0,0
0.00285367,0,0,0,0,0,0,0,1,1,1,0,0,0,1,0,0
0.00285368,1,1,0,0,0,0,0,1,1,1,0,0,0,1,0,0
0.00285369,1,1,1,1,0,0,0,1,1,1,0,0,0,1,0,0
0.0028537,1,1,1,1,1,1,1,1,1,1,0,0,0,1,0,0
0.00285371,1,0,1,1,1,1,1,1,1,1,0,0,0,1,0,0
0.00285372,1,1,1,1,1,1,1,1,1,1,0,0,0,1,0,0
0.00285376,0,1,1,1,0,1,0,1,1,1,0,0,0,1,0,0
0.00285377,0,1,1,1,0,1,0,0,1,1,0,0,0,1,0,0
0.0028538,1,1,1,1,0,1,0,0,1,1,0,0,0,1,0,0
0.00285381,1,1,1,1,1,1,1,1,1,1,0,0,0,1,0,0
0.00285382,1,1,1,1,0,1,1,0,1,1,0,0,0,1,0,0
0.00285383,0,1,1,1,0,1,0,0,1,1,0,0,0,1,0,0
0.00285465,0,1,1,1,0,1,1,0,1,1,0,0,0,1,0,0
0.00285466,0,1,1,1,1,1,1,0,1,1,0,0,0,1,0,0
0.00285467,1,1,1,1,0,1,0,1,1,1,0,0,0,1,0,0
0.00285468,0,1,1,1,0,1,0,0,1,1,0,0,0,1,0,0
0.00285472,0,1,1,1,1,1,1,1,1,1,0,0,0,1,0,0
0.00285473,1,1,1,1,1,1,1,1,1,1,0,0,0,1,0,0
0.00285478,1,0,0,0,0,0,0,1,1,1,0,0,0,1,0,0
0.00285483,1,1,1,1,1,0,1,1,1,1,0,0,0,1,0,0
0.00285484,1,1,1,1,0,0,1,1,1,1,0,0,0,1,0,0
0.00285485,1,0,0,0,0,0,0,1,1,1,0,0,0,1,0,0
0.00285511,1,0,0,0,0,0,0,1,1,0,0,0,0,0,0,0
0.00285512,1,0,0,0,0,0,0,1,1,0,0,0,0,0,0,1
0.00285564,1,1,1,1,0,1,0,1,1,0,0,0,0,0,0,1
0.00285566,1,1,1,1,1,1,1,1,1,0,0,0,0,0,0,1
0.00285567,0,1,1,1,1,1,1,0,1,0,0,0,0,0,0,1
0.00285568,0,1,1,1,0,1,0,0,1,0,0,0,0,0,0,1
0.00285667,0,1,1,1,0,1,0,1,1,0,0,0,0,0,0,1
0.00285668,1,1,1,1,1,1,1,1,1,0,0,0,0,0,0,1
0.00285673,0,1,0,0,1,0,1,1,1,0,0,0,0,0,0,1
0.00285677,1,1,1,1,1,1,1,1,1,0,0,0,0,0,0,1
0.00285679,0,1,1,1,1,0,1,1,1,0,0,0,0,0,0,1
0.0028568,0,1,0,0,1,0,1,1,1,0,0,0,0,0,0,1
0.00285706,0,1,0,0,1,0,1,1,0,0,0,0,1,0,1,0
0.00285707,0,1,0,0,1,0,1,1,0,1,0,0,1,0,1,1
0.00285758,0,1,1,1,1,0,1,1,0,1,0,0,1,0,1,1
0.00285759,1,1,1,1,1,0,1,1,0,1,0,0,1,0,1,1
0.0028576,0,1,1,1,1,0,1,1,0,1,0,0,1,0,1,1
0.00285761,1,1,1,1,1,1,1,1,0,1,0,0,1,0,1,1
0.00285766,1,1,1,1,1,1,1,0,0,1,0,0,1,0,1,1
0.00285767,0,1,1,1,0,1,0,0,0,1,0,0,1,0,1,1
0.00285771,1,1,1,1,0,1,0,0,0,1,0,0,1,0,1,1
0.00285772,1,1,1,1,0,1,1,0,0,1,0,0,1,0,1,1
0.00285773,0,1,1,1,0,1,0,0,0,1,0,0,1,0,1,1
0.00285858,1,1,1,1,0,1,0,0,0,1,0,0,1,0,1,1
0.00285859,1,1,1,1,1,1,1,1,0,1,0,0,1,0,1,1
0.00285955,0,0,0,0,0,0,0,0,0,1,0,0,1,0,1,1
0.00285958,1,0,1,0,0,0,0,0,0,1,0,0,1,0,1,1
0.00285959,1,1,1,0,1,0,0,0,0,1,0,0,1,0,1,1
0.0028596,1,0,1,0,0,0,0,1,0,1,0,0,1,0,1,1
0.00285961,0,0,0,0,0,0,0,0,0,1,0,0,1,0,1,1
0.0028605,0,0,1,0,0,0,0,0,0,1,0,0,1,0,1,1
0.00286051,1,1,1,0,0,0,0,0,0,1,0,0,1,0,1,1
0.00286052,1,0,1,0,0,0,0,0,0,1,0,0,1,0,1,1
0.00286053,0,0,0,0,0,0,0,0,0,1,0,0,1,0,1,1
0.00286055,0,1,1,1,0,1,0,0,0,1,0,0,1,0,1,1
0.00286057,1,1,1,1,0,1,0,0,0,1,0,0,1,0,1,1
0.00286058,1,1,1,1,1,1,1,1,0,1,0,0,1,0,1,1
0.00286063,1,1,1,1,1,1,1,0,0,1,0,0,1,0,1,1
0.00286064,0,1,0,0,1,1,0,0,0,1,0,0,1,0,1,1
0.00286068,1,1,1,1,1,1,1,1,0,1,0,0,1,0,1,1
0.0028607,1,1,1,0,1,1,0,0,0,1,0,0,1,0,1,1
0.00286071,0,1,0,0,1,1,0,0,0,1,0,0,1,0,1,1
0.00286075,0,1,1,0,1,1,0,0,0,1,0,0,1,0,1,1
0.00286078,0,1,0,0,1,1,0,0,0,1,0,0,1,0,1,1
0.00286097,0,1,0,0,1,1,0,0,0,1,0,0,1,0,0,0
0.00286098,0,1,0,0,1,1,0,0,0,1,0,0,1,1,0,0
0.00286149,1,1,0,1,1,1,0,0,0,1,0,0,1,1,0,0
0.0028615,1,1,1,1,1,1,0,0,0,1,0,0,1,1,0,0
0.00286151,1,1,1,1,1,1,1,1,0,1,0,0,1,1,0,0
0.00286157,1,0,1,1,1,0,1,0,0,1,0,0,1,1,0,0
0.00286158,1,0,0,0,1,0,0,0,0,1,0,0,1,1,0,0
0.00286161,1,0,1,0,1,0,0,0,0,1,0,0,1,1,0,0
0.00286162,1,1,1,1,1,1,1,1,0,1,0,0,1,1,0,0
0.00286165,1,0,1,1,1,0,0,0,0,1,0,0,1,1,0,0
0.00286166,1,0,0,0,1,0,0,0,0,1,0,0,1,1,0,0
0.00286169,1,0,1,0,1,0,0,0,0,1,0,0,1,1,0,0
0.0028617,1,1,1,1,1,0,0,0,0,1,0,0,1,1,0,0
0.00286172,1,0,1,0,1,0,0,0,0,1,0,0,1,1,0,0
0.00286198,1,0,0,0,1,0,0,0,0,1,0,0,1,1,0,0
0.00286199,1,0,1,0,1,0,0,0,0,1,0,0,1,1,0,0
0.00286208,1,0,0,0,1,0,0,0,0,1,0,0,1,1,0,0
0.00286209,1,0,1,0,1,0,0,0,0,1,0,0,1,1,0,0
0.00286212,1,0,0,0,1,0,0,0,0,1,0,0,1,1,0,0
0.00286215,1,0,1,0,1,0,0,0,0,1,0,0,1,1,0,0
0.00286216,1,0,0,0,1,0,0,0,0,1,0,0,1,1,0,0
0.00286222,1,0,1,0,1,0,0,0,0,1,0,0,1,1,0,0
0.00286223,1,0,0,0,1,0,0,0,0,1,0,0,1,1,0,0
0.00286247,1,1,0,1,1,0,0,0,0,1,0,0,1,1,0,0
0.00286248,1,1,1,1,1,0,0,0,0,1,0,0,1,1,0,0
0.00286249,1,1,1,1,1,1,1,1,0,1,0,0,1,1,0,0
0.00286253,1,1,0,1,0,0,0,0,0,1,0,0,1,1,0,0
0.00286257,1,1,1,1,0,0,0,0,0,1,0,0,1,1,0,0
0.00286258,1,1,1,1,0,1,1,1,0,1,0,0,1,1,0,0
0.0028626,1,1,1,1,0,0,0,0,0,1,0,0,1,1,0,0
0.00286261,1,1,0,1,0,0,0,0,0,1,0,0,1,1,0,0
0.00286265,1,1,1,1,0,0,0,0,0,1,0,0,1,1,0,0
0.00286267,1,1,0,1,0,0,0,0,0,1,0,0,1,1,0,0
0.00286346,1,1,1,1,0,1,1,0,0,1,0,0,1,1,0,0
0.00286347,1,1,1,1,1,1,1,1,0,1,0,0,1,1,0,0
0.00286447,0,1,1,1,1,1,1,1,0,1,0,0,1,1,0,0
0.00286448,0,0,0,1,1,0,1,0,0,1,0,0,1,1,0,0
0.0028645,1,1,1,1,1,0,1,0,0,1,0,0,1,1,0,0
0.00286451,1,1,1,1,1,1,1,1,0,1,0,0,1,1,0,0
0.00286454,0,1,1,1,1,1,1,1,0,1,0,0,1,1,0,0
0.00286456,1,1,1,1,1,1,1,1,0,1,0,0,1,1,0,0
0.00286457,0,1,1,0,0,1,0,1,0,1,0,0,1,1,0,0
0.00286487,0,1,1,0,0,1,0,1,0,1,0,0,0,1,0,0
0.00286488,0,1,1,0,0,1,0,1,0,1,1,0,0,1,0,1
0.00286495,0,1,1,0,0,1,0,1,0,1,1,0,0,1,0,0
0.00286496,0,1,1,0,0,1,0,1,0,1,1,0,0,1,0,1
0.00286542,0,1,1,1,1,1,0,1,0,1,1,0,0,1,0,1
0.00286543,1,1,1,1,1,1,1,1,0,1,1,0,0,1,0,1
0.00286547,0,0,0,0,0,0,1,0,0,1,1,0,0,1,0,1
0.00286551,0,0,0,0,0,1,1,1,0,1,1,0,0,1,0,1
0.00286553,0,1,1,1,0,1,1,1,0,1,1,0,0,1,0,1
0.00286555,0,1,0,0,0,1,1,1,0,1,1,0,0,1,0,1
0.00286556,0,0,0,0,0,1,1,1,0,1,1,0,0,1,0,1
0.00286557,0,0,0,0,0,0,1,0,0,1,1,0,0,1,0,1
0.0028656,0,0,0,0,0,1,1,1,0,1,1,0,0,1,0,1
0.00286565,0,0,0,0,0,0,1,0,0,1,1,0,0,1,0,1
0.00286567,0,0,0,0,0,1,1,1,0,1,1,0,0,1,0,1
0.00286581,0,0,0,0,0,1,1,0,0,1,1,0,0,1,0,1
0.00286582,0,0,0,0,0,1,1,1,0,1,1,0,0,1,0,1
0.00286584,0,0,0,0,0,0,1,0,0,1,1,0,0,1,0,1
0.00286585,0,0,0,0,0,1,1,1,0,1,1,0,0,1,0,1
0.00286588,0,0,0,0,0,0,1,0,0,1,1,0,0,1,0,1
0.0028659,0,0,0,0,0,1,1,1,0,1,1,0,0,1,0,1
0.00286592,0,0,0,0,0,1,1,0,0,1,1,0,0,1,0,1
0.00286594,0,0,0,0,0,1,1,1,0,1,1,0,0,1,0,1
0.00286596,0,0,0,0,0,1,1,0,0,1,1,0,0,1,0,1
0.00286601,0,0,0,0,0,1,1,1,0,1,1,0,0,1,0,1
0.00286602,0,0,0,0,0,0,1,0,0,1,1,0,0,1,0,1
0.00286637,0,0,1,0,0,0,1,0,0,1,1,0,0,1,0,1
0.00286638,0,1,1,1,0,1,1,0,0,1,1,0,0,1,0,1
0.00286639,1,1,1,1,1,1,1,0,0,1,1,0,0,1,0,1
0.0028664,1,1,1,1,1,1,1,1,0,1,1,0,0,1,0,1
0.00286645,1,1,1,1,1,1,0,1,0,1,1,0,0,1,0,1
0.00286646,0,0,0,0,0,0,0,1,0,1,1,0,0,1,0,1
0.00286649,0,1,0,0,0,1,0,1,0,1,1,0,0,1,0,1
0.0028665,1,1,1,1,1,1,0,1,0,1,1,0,0,1,0,1
0.00286651,1,1,1,1,1,1,1,1,0,1,1,0,0,1,0,1
0.00286652,1,1,1,1,0,1,0,1,0,1,1,0,0,1,0,1
0.00286653,0,1,1,1,0,1,0,1,0,1,1,0,0,1,0,1
0.00286654,0,0,0,0,0,0,0,1,0,1,1,0,0,1,0,1
0.00286658,0,1,1,1,0,1,0,1,0,1,1,0,0,1,0,1
0.0028666,0,1,1,0,0,1,0,1,0,1,1,0,0,1,0,1
0.00286661,0,0,1,0,0,1,0,1,0,1,1,0,0,1,0,1
0.00286662,0,0,0,0,0,0,0,1,0,1,1,0,0,1,0,1
0.00286666,0,0,1,0,0,1,0,1,0,1,1,0,0,1,0,1
0.00286668,0,0,0,0,0,1,0,1,0,1,1,0,0,1,0,1
0.0028667,0,0,0,0,0,0,0,1,0,1,1,0,0,1,0,1
0.00286675,0,0,0,0,0,1,0,1,0,1,1,0,0,1,0,1
0.00286677,0,0,0,0,0,0,0,1,0,1,1,0,0,1,0,1
0.0028668,0,0,0,0,0,1,0,1,0,1,1,0,0,1,0,1
0.00286681,0,0,0,0,0,0,0,1,0,1,1,0,0,1,0,1
0.00286683,0,0,1,0,0,1,0,1,0,1,1,0,0,1,0,1
0.00286684,0,0,0,0,0,1,0,1,0,1,1,0,0,1,0,1
0.00286685,0,0,0,0,0,0,0,1,0,1,1,0,0,1,0,1
0.00286735,0,0,1,0,0,0,0,1,0,1,1,0,0,1,0,1
0.00286737,1,1,1,1,1,1,0,1,0,1,1,0,0,1,0,1
0.00286738,1,1,1,1,1,1,1,1,0,1,1,0,0,1,0,1
0.00286742,0,1,1,1,0,1,0,0,0,1,1,0,0,1,0,1
0.00286746,1,1,1,1,0,1,1,1,0,1,1,0,0,1,0,1
0.00286748,0,1,1,1,0,1,0,0,0,1,1,0,0,1,0,1
0.00286834,1,1,1,1,0,1,1,1,0,1,1,0,0,1,0,1
0.00286835,1,1,1,1,1,1,1,1,0,1,1,0,0,1,0,1
0.00286936,0,1,1,1,0,1,0,0,0,1,1,0,0,1,0,1
0.00286941,1,1,1,1,1,1,1,1,0,1,1,0,0,1,0,1
0.00286942,0,1,1,1,0,1,1,1,0,1,1,0,0,1,0,1
0.00286943,0,1,1,1,0,1,0,0,0,1,1,0,0,1,0,1
0.00287039,1,1,1,1,1,1,0,1,0,1,1,0,0,1,0,1
0.0028704,0,0,1,0,1,1,1,1,0,1,1,0,0,1,0,1
0.00287041,0,0,1,0,1,0,0,0,0,1,1,0,0,1,0,1
0.00287046,1,0,1,0,1,0,1,1,0,1,1,0,0,1,0,1
0.00287047,0,0,1,0,1,0,0,0,0,1,1,0,0,1,0,1
0.00287073,0,0,1,0,1,0,0,0,0,0,1,0,0,0,0,0
0.00287074,0,0,1,0,1,0,0,0,0,0,1,0,1,0,0,0
0.00287126,1,0,1,0,1,0,0,0,0,0,1,0,1,0,0,0
0.00287127,0,0,1,0,1,0,0,0,0,0,1,0,1,0,0,0
0.00287128,0,1,1,0,1,1,1,1,0,0,1,0,1,0,0,0
0.00287129,1,1,1,1,1,1,1,1,0,0,1,0,1,0,0,0
0.00287231,0,0,0,0,0,0,0,1,0,0,1,0,1,0,0,0
0.00287236,1,0,1,1,0,1,0,1,0,0,1,0,1,0,0,0
0.00287237,1,1,1,1,0,1,1,1,0,0,1,0,1,0,0,0
0.00287239,0,0,0,0,0,0,0,1,0,0,1,0,1,0,0,0
0.00287321,1,1,0,0,0,0,0,1,0,0,1,0,1,0,0,0
0.00287322,1,1,1,0,0,0,0,1,0,0,1,0,1,0,0,0
0.00287323,1,1,1,1,0,0,0,1,0,0,1,0,1,0,0,0
0.00287324,1,1,1,1,1,1,1,1,0,0,1,0,1,0,0,0
0.00287328,1,1,0,0,1,0,0,0,0,0,1,0,1,0,0,0
0.00287332,1,1,1,1,1,1,1,0,0,0,1,0,1,0,0,0
0.00287333,1,1,1,1,1,1,1,1,0,0,1,0,1,0,0,0
0.00287334,1,1,1,1,1,1,1,0,0,0,1,0,1,0,0,0
0.00287335,1,1,0,0,1,0,0,0,0,0,1,0,1,0,0,0
0.0028734,1,1,1,1,1,1,0,0,0,0,1,0,1,0,0,0
0.00287341,1,1,1,0,1,1,0,0,0,0,1,0,1,0,0,0
0.00287342,1,1,0,0,1,0,0,0,0,0,1,0,1,0,0,0
0.00287366,1,1,0,0,1,0,0,0,0,0,0,0,1,0,0,0
0.00287367,1,1,0,0,1,0,0,0,1,1,0,0,1,0,0,0
0.00287373,1,1,0,0,1,0,0,0,0,0,0,0,0,0,0,0
0.00287374,1,1,0,0,1,0,0,0,1,1,0,0,1,0,0,0
0.0028742,1,1,1,0,1,0,0,0,1,1,0,0,1,0,0,0
0.00287421,1,1,1,1,1,1,1,1,1,1,0,0,1,0,0,0
0.00287426,1,0,1,0,1,1,1,0,1,1,0,0,1,0,0,0
0.00287427,1,0,0,0,1,1,1,0,1,1,0,0,1,0,0,0
0.0028743,1,0,1,1,1,1,1,1,1,1,0,0,1,0,0,0
0.00287431,1,1,1,1,1,1,1,1,1,1,0,0,1,0,0,0
0.00287433,1,0,0,0,1,1,1,0,1,1,0,0,1,0,0,0
0.00287438,1,0,1,0,1,1,1,0,1,1,0,0,1,0,0,0
0.00287439,1,0,0,0,1,1,1,0,1,1,0,0,1,0,0,0
0.00287516,1,1,1,0,1,1,1,0,1,1,0,0,1,0,0,0
0.00287517,1,1,1,1,1,1,1,0,1,1,0,0,1,0,0,0
0.00287519,1,1,1,1,1,1,1,1,1,1,0,0,1,0,0,0
0.00287524,0,1,0,0,1,0,0,0,1,1,0,0,1,0,0,0
0.00287528,1,1,1,1,1,1,0,1,1,1,0,0,1,0,0,0
0.00287529,1,1,1,1,1,1,1,1,1,1,0,0,1,0,0,0
0.00287531,1,1,1,1,1,0,0,0,1,1,0,0,1,0,0,0
0.00287532,0,1,0,0,1,0,0,0,1,1,0,0,1,0,0,0
0.00287536,0,1,1,1,1,0,0,0,1,1,0,0,1,0,0,0
0.00287539,0,1,1,0,1,0,0,0,1,1,0,0,1,0,0,0
0.0028754,0,1,0,0,1,0,0,0,1,1,0,0,1,0,0,0
0.00287544,0,1,1,0,1,0,0,0,1,1,0,0,1,0,0,0
0.00287547,0,1,0,0,1,0,0,0,1,1,0,0,1,0,0,0
0.00287551,0,1,1,0,1,0,0,0,1,1,0,0,1,0,0,0
0.00287552,0,1,0,0,1,0,0,0,1,1,0,0,1,0,0,0
0.00287561,0,1,1,0,1,0,0,0,0,1,0,0,1,0,0,0
0.00287562,0,1,0,0,1,0,0,0,0,1,0,0,1,0,0,0
0.00287567,0,1,1,0,1,0,0,0,0,1,0,0,1,0,0,0
0.00287568,0,1,0,0,1,0,0,0,0,1,0,0,1,0,0,0
0.00287569,0,1,0,0,1,0,0,0,0,0,0,0,0,0,0,0
0.0028757,0,1,0,0,1,0,0,0,0,1,0,0,1,0,0,0
0.00287575,0,1,1,0,1,0,0,0,0,1,0,0,1,0,0,0
0.00287576,0,1,0,0,1,0,0,0,0,1,0,0,1,0,0,0
0.00287614,1,1,1,1,1,0,0,0,0,1,0,0,1,0,0,0
0.00287615,1,1,1,1,1,1,0,0,0,1,0,0,1,0,0,0
0.00287616,1,1,1,1,1,1,1,0,0,1,0,0,1,0,0,0
0.00287618,1,1,1,1,1,1,1,1,0,1,0,0,1,0,0,0
0.00287622,1,1,0,0,1,1,0,0,0,1,0,0,1,0,0,0
0.00287626,1,1,1,1,1,1,1,1,0,1,0,0,1,0,0,0
0.00287628,1,1,0,0,1,1,0,0,0,1,0,0,1,0,0,0
0.00287634,1,1,1,0,1,1,0,0,0,1,0,0,1,0,0,0
0.00287635,1,1,0,0,1,1,0,0,0,1,0,0,1,0,0,0
0.00287713,1,1,0,0,1,1,1,0,0,1,0,0,1,0,0,0
0.00287714,1,1,1,1,1,1,1,1,0,1,0,0,1,0,0,0
0.00287718,1,0,1,1,1,0,1,1,0,1,0,0,1,0,0,0
0.00287719,1,0,0,0,1,0,0,0,0,1,0,0,1,0,0,0
0.00287722,1,0,1,1,1,0,1,0,0,1,0,0,1,0,0,0
0.00287723,1,1,1,1,1,1,1,1,0,1,0,0,1,0,0,0
0.00287726,1,0,1,1,1,0,0,0,0,1,0,0,1,0,0,0
0.00287727,1,0,0,0,1,0,0,0,0,1,0,0,1,0,0,0
0.0028773,1,0,1,0,1,0,0,0,0,1,0,0,1,0,0,0
0.00287731,1,0,1,1,1,0,0,0,0,1,0,0,1,0,0,0
0.00287733,1,0,1,0,1,0,0,0,0,1,0,0,1,0,0,0
0.00287734,1,0,0,0,1,0,0,0,0,1,0,0,1,0,0,0
0.00287739,1,0,1,0,1,0,0,0,0,1,0,0,1,0,0,0
0.0028774,1,0,0,0,1,0,0,0,0,1,0,0,1,0,0,0
0.00287756,1,0,0,0,1,0,0,0,0,0,0,0,1,0,0,0
0.00287757,1,0,0,0,1,0,0,0,1,0,0,0,1,0,0,0
0.00287764,1,0,0,0,1,0,0,0,0,0,0,0,0,0,0,0
0.00287765,1,0,0,0,1,0,0,0,1,0,0,0,1,0,0,0
0.00287809,1,1,1,1,1,0,0,0,1,0,0,0,1,0,0,0
0.00287811,1,1,1,1,1,1,1,1,1,0,0,0,1,0,0,0
0.00287817,0,0,1,1,1,0,1,0,1,0,0,0,1,0,0,0
0.00287821,1,1,1,1,1,1,1,1,1,0,0,0,1,0,0,0
0.00287823,0,1,1,1,1,1,1,0,1,0,0,0,1,0,0,0
0.00287824,0,0,1,1,1,0,1,0,1,0,0,0,1,0,0,0
0.00287829,0,1,1,1,1,1,1,0,1,0,0,0,1,0,0,0
0.0028783,0,0,1,1,1,0,1,0,1,0,0,0,1,0,0,0
0.00287907,0,1,1,1,1,0,1,0,1,0,0,0,1,0,0,0
0.00287909,0,0,1,1,1,1,1,1,1,0,0,0,1,0,0,0
0.0028791,0,1,1,1,1,1,1,1,1,0,0,0,1,0,0,0
0.00287912,1,1,1,1,1,1,1,1,1,0,0,0,1,0,0,0
0.00287914,1,1,1,0,0,1,1,1,1,0,0,0,1,0,0,0
0.00287915,0,0,1,0,0,1,0,0,1,0,0,0,1,0,0,0
0.00287918,0,1,1,0,0,1,0,0,1,0,0,0,1,0,0,0
0.00287919,1,1,1,1,0,1,1,1,1,0,0,0,1,0,0,0
0.00287922,1,1,1,0,0,1,0,0,1,0,0,0,1,0,0,0
0.00287923,0,0,1,0,0,1,0,0,1,0,0,0,1,0,0,0
0.00287927,1,1,1,1,0,1,0,0,1,0,0,0,1,0,0,0
0.00287929,1,1,1,0,0,1,0,0,1,0,0,0,1,0,0,0
0.0028793,0,0,1,0,0,1,0,0,1,0,0,0,1,0,0,0
0.00287951,0,0,1,0,0,1,0,0,1,0,0,0,0,0,0,0
0.00287952,0,0,1,0,0,1,0,0,0,0,0,0,0,0,0,0
0.00287953,0,0,1,0,0,1,0,0,0,0,1,0,0,1,0,0
0.00287959,0,0,1,0,0,1,0,0,0,0,0,0,0,0,0,0
0.0028796,0,0,1,1,1,1,0,0,0,0,1,0,0,1,0,0
0.00287961,0,0,1,1,1,1,1,0,0,0,1,1,1,1,0,0
0.00287962,0,0,1,1,1,1,1,0,0,0,1,1,1,1,1,0
0.00287963,1,1,1,1,1,1,1,1,0,0,1,1,1,1,1,0
0.00287964,1,1,1,0,0,1,0,1,0,0,1,0,0,1,0,0
0.00287965,0,0,1,0,0,1,0,0,0,0,1,0,0,1,0,0
0.00287968,1,1,1,1,0,1,0,0,0,0,1,0,0,1,0,0
0.00287969,1,1,1,1,0,1,1,1,0,0,1,0,0,1,0,0
0.00287971,1,1,1,1,0,1,1,0,0,0,1,0,0,1,0,0
0.00287972,0,0,1,0,0,1,0,0,0,0,1,0,0,1,0,0
0.00287977,0,1,1,1,0,1,0,0,0,0,1,0,0,1,0,0
0.00287978,0,0,1,0,0,1,0,0,0,0,1,0,0,1,0,0
0.00288004,0,1,1,0,0,1,0,0,0,0,1,0,0,1,0,0
0.00288006,0,0,1,1,0,1,0,0,0,0,1,0,0,1,0,0
0.00288007,1,1,1,1,1,1,1,1,0,0,1,0,0,1,0,0
0.00288012,1,1,0,1,1,0,1,0,0,0,1,0,0,1,0,0
0.00288013,0,0,0,0,0,0,1,0,0,0,1,0,0,1,0,0
0.00288016,1,1,0,1,0,1,1,1,0,0,1,0,0,1,0,0
0.00288017,1,1,1,1,0,1,1,1,0,0,1,0,0,1,0,0
0.00288018,1,1,1,1,1,1,1,1,0,0,1,0,0,1,0,0
0.0028802,1,1,0,1,0,1,1,1,0,0,1,0,0,1,0,0
0.00288021,1,1,0,1,0,0,1,0,0,0,1,0,0,1,0,0
0.00288022,0,0,0,0,0,0,1,0,0,0,1,0,0,1,0,0
0.00288024,0,1,0,1,0,0,1,0,0,0,1,0,0,1,0,0
0.00288025,1,1,0,1,0,1,1,1,0,0,1,0,0,1,0,0
0.00288029,0,1,0,1,0,0,1,0,0,0,1,0,0,1,0,0
0.0028803,0,0,0,1,0,0,1,0,0,0,1,0,0,1,0,0
0.00288032,1,1,0,1,0,0,1,0,0,0,1,0,0,1,0,0
0.00288033,1,1,0,1,0,1,1,1,0,0,1,0,0,1,0,0
0.00288036,0,1,0,1,0,0,1,0,0,0,1,0,0,1,0,0
0.00288037,1,1,0,1,0,0,1,0,0,0,1,0,0,1,0,0
0.00288038,0,1,0,1,0,0,1,0,0,0,1,0,0,1,0,0
0.00288039,1,1,0,1,0,0,1,0,0,0,1,0,0,1,0,0
0.0028804,0,1,0,1,0,0,1,0,0,0,1,0,0,1,0,0
0.00288041,1,1,0,1,0,0,1,0,0,0,1,0,0,1,0,0
0.00288042,0,1,0,1,0,0,1,0,0,0,1,0,0,1,0,0
0.00288043,0,0,0,1,0,0,1,0,0,0,1,0,0,1,0,0
0.00288044,0,1,0,1,0,0,1,0,0,0,1,0,0,1,0,0
0.00288048,0,0,0,1,0,0,1,0,0,0,1,0,0,1,0,0
0.00288049,1,1,0,1,0,0,1,0,0,0,1,0,0,1,0,0
0.0028805,0,1,0,1,0,0,1,0,0,0,1,0,0,1,0,0
0.00288051,1,1,0,1,0,0,1,0,0,0,1,0,0,1,0,0
0.00288052,0,0,0,1,0,0,1,0,0,0,1,0,0,1,0,0
0.00288055,0,1,0,1,0,0,1,0,0,0,1,0,0,1,0,0
0.00288056,0,0,0,1,0,0,1,0,0,0,1,0,0,1,0,0
0.0028808,0,0,0,0,0,0,1,0,0,0,1,0,0,1,0,0
0.00288081,0,0,0,1,0,0,1,0,0,0,1,0,0,1,0,0
0.00288084,0,0,0,0,0,0,1,0,0,0,1,0,0,1,0,0
0.00288085,0,0,0,1,0,0,1,0,0,0,1,0,0,1,0,0
0.00288088,0,0,0,0,0,0,1,0,0,0,1,0,0,1,0,0
0.00288093,0,0,0,1,0,0,1,0,0,0,1,0,0,1,0,0
0.00288095,0,0,0,0,0,0,1,0,0,0,1,0,0,1,0,0
0.002881,0,0,0,1,0,0,1,0,0,0,1,0,0,1,0,0
0.00288101,0,0,0,0,0,0,1,0,0,0,1,0,0,1,0,0
0.00288103,1,1,1,1,0,0,1,0,0,0,1,0,0,1,0,0
0.00288104,1,1,1,1,1,1,1,1,0,0,1,0,0,1,0,0
0.00288109,0,0,0,0,0,0,0,1,0,0,1,0,0,1,0,0
0.00288113,1,1,1,1,0,1,1,1,0,0,1,0,0,1,0,0
0.00288114,1,1,1,1,1,1,1,1,0,0,1,0,0,1,0,0
0.00288116,1,1,1,1,0,1,1,1,0,0,1,0,0,1,0,0
0.00288117,0,0,1,1,0,1,0,1,0,0,1,0,0,1,0,0
0.00288118,0,0,0,0,0,0,0,1,0,0,1,0,0,1,0,0
0.00288121,1,1,1,1,0,1,0,1,0,0,1,0,0,1,0,0
0.00288122,1,1,1,1,0,1,1,1,0,0,1,0,0,1,0,0
0.00288123,1,1,1,1,0,1,0,1,0,0,1,0,0,1,0,0
0.00288124,0,0,1,1,0,1,0,1,0,0,1,0,0,1,0,0
0.00288126,0,0,0,1,0,1,0,1,0,0,1,0,0,1,0,0
0.00288127,0,0,0,0,0,1,0,1,0,0,1,0,0,1,0,0
0.00288128,0,0,0,1,0,1,0,1,0,0,1,0,0,1,0,0
0.00288129,0,0,1,1,0,1,0,1,0,0,1,0,0,1,0,0
0.00288133,0,0,0,1,0,1,0,1,0,0,1,0,0,1,0,0
0.00288136,0,0,1,1,0,1,0,1,0,0,1,0,0,1,0,0
0.00288137,0,0,0,1,0,1,0,1,0,0,1,0,0,1,0,0
0.00288142,0,0,0,0,0,1,0,1,0,0,1,0,0,1,0,0
0.00288144,0,0,0,1,0,1,0,1,0,0,1,0,0,1,0,0
0.00288145,0,0,1,1,0,1,0,1,0,0,1,0,0,1,0,0
0.00288146,0,0,0,1,0,1,0,1,0,0,1,0,0,1,0,0
0.00288148,0,0,1,1,0,1,0,1,0,0,1,0,0,1,0,0
0.00288149,0,0,0,0,0,1,0,1,0,0,1,0,0,1,0,0
0.00288153,0,0,0,1,0,1,0,1,0,0,1,0,0,1,0,0
0.00288155,0,0,0,0,0,1,0,1,0,0,1,0,0,1,0,0
0.00288179,0,0,0,0,0,0,0,1,0,0,1,0,0,1,0,0
0.0028818,0,0,0,0,0,1,0,1,0,0,1,0,0,1,0,0
0.00288183,0,0,0,0,0,0,0,1,0,0,1,0,0,1,0,0
0.00288191,0,0,0,0,0,1,0,1,0,0,1,0,0,1,0,0
0.00288192,0,0,0,0,0,0,0,1,0,0,1,0,0,1,0,0
0.00288202,1,0,1,1,1,1,0,1,0,0,1,0,0,1,0,0
0.00288203,1,1,1,1,1,1,1,1,0,0,1,0,0,1,0,0
0.00288207,1,1,1,1,0,1,1,0,0,0,1,0,0,1,0,0
0.00288208,0,1,1,1,0,1,0,0,0,0,1,0,0,1,0,0
0.00288211,1,1,1,1,0,1,1,0,0,0,1,0,0,1,0,0
0.00288212,1,1,1,1,1,1,1,1,0,0,1,0,0,1,0,0
0.00288214,0,1,1,1,0,1,0,0,0,0,1,0,0,1,0,0
0.00288219,0,1,1,1,0,1,1,0,0,0,1,0,0,1,0,0
0.00288221,0,1,1,1,0,1,0,0,0,0,1,0,0,1,0,0
0.00288297,0,1,1,1,1,1,1,0,0,0,1,0,0,1,0,0
0.00288298,1,1,1,1,1,1,1,0,0,0,1,0,0,1,0,0
0.00288299,1,1,1,1,0,1,1,0,0,0,1,0,0,1,0,0
0.002883,0,1,1,1,0,1,0,0,0,0,1,0,0,1,0,0
0.00288303,1,1,1,1,0,1,1,1,0,0,1,0,0,1,0,0
0.00288304,1,1,1,1,1,1,1,1,0,0,1,0,0,1,0,0
0.00288309,0,1,0,0,0,0,0,1,0,0,1,0,0,1,0,0
0.00288313,1,1,1,1,0,1,1,1,0,0,1,0,0,1,0,0
0.00288314,1,1,1,1,1,1,1,1,0,0,1,0,0,1,0,0
0.00288316,1,1,1,1,0,1,1,1,0,0,1,0,0,1,0,0
0.00288317,1,1,1,1,0,0,1,1,0,0,1,0,0,1,0,0
0.00288318,1,1,0,0,0,0,0,1,0,0,1,0,0,1,0,0
0.00288319,0,1,0,0,0,0,0,1,0,0,1,0,0,1,0,0
0.00288321,1,1,1,1,0,0,1,1,0,0,1,0,0,1,0,0
0.00288322,1,1,1,1,0,1,1,1,0,0,1,0,0,1,0,0
0.00288324,1,1,1,1,0,0,1,1,0,0,1,0,0,1,0,0
0.00288326,1,1,1,0,0,0,0,1,0,0,1,0,0,1,0,0
0.00288329,1,1,1,1,0,0,1,1,0,0,1,0,0,1,0,0
0.00288333,1,1,1,0,0,0,1,1,0,0,1,0,0,1,0,0
0.00288335,1,1,1,1,0,0,1,1,0,0,1,0,0,1,0,0
0.00288337,1,1,1,0,0,0,0,1,0,0,1,0,0,1,0,0
0.00288338,1,1,1,1,0,0,1,1,0,0,1,0,0,1,0,0
0.00288339,1,1,1,1,0,0,0,1,0,0,1,0,0,1,0,0
0.0028834,1,1,1,1,0,0,1,1,0,0,1,0,0,1,0,0
0.00288341,1,1,1,1,0,0,0,1,0,0,1,0,0,1,0,0
0.00288342,1,1,1,1,0,0,1,1,0,0,0,0,0,0,0,0
0.00288343,1,1,1,1,0,0,1,1,0,1,0,0,0,0,0,1
0.00288344,1,1,1,0,0,0,0,1,0,1,0,0,0,0,0,1
0.00288345,0,1,1,0,0,0,0,1,0,1,0,0,0,0,0,1
0.00288347,1,1,1,1,0,0,1,1,0,1,0,0,0,0,0,1
0.0028835,1,1,1,1,0,0,1,1,0,1,0,0,0,0,0,0
0.00288351,0,1,1,0,0,0,0,1,0,1,0,0,0,0,0,1
0.00288352,1,1,1,0,0,0,0,1,0,1,0,0,0,0,0,1
0.00288353,0,1,1,0,0,0,0,1,0,1,0,0,0,0,0,1
0.00288355,1,1,1,1,0,0,0,1,0,1,0,0,0,0,0,1
0.00288356,1,1,1,1,0,0,1,1,0,1,0,0,0,0,0,1
0.00288358,1,1,1,0,0,0,0,1,0,1,0,0,0,0,0,1
0.00288359,0,1,1,0,0,0,0,1,0,1,0,0,0,0,0,1
0.00288362,1,1,1,0,0,0,0,1,0,1,0,0,0,0,0,1
0.00288363,1,1,1,1,0,0,0,1,0,1,0,0,0,0,0,1
0.00288366,0,1,1,0,0,0,0,1,0,1,0,0,0,0,0,1
0.00288371,1,1,1,0,0,0,0,1,0,1,0,0,0,0,0,1
0.00288372,0,1,1,0,0,0,0,1,0,1,0,0,0,0,0,1
0.00288394,0,1,0,0,0,0,0,1,0,1,0,0,0,0,0,1
0.00288395,0,1,1,1,0,1,0,1,0,1,0,0,0,0,0,1
0.00288397,1,1,1,1,1,1,1,1,0,1,0,0,0,0,0,1
0.00288398,1,1,1,1,1,1,1,0,0,1,0,0,0,0,0,1
0.00288399,1,1,1,1,0,1,1,0,0,1,0,0,0,0,0,1
0.002884,0,1,1,1,0,1,0,0,0,1,0,0,0,0,0,1
0.00288403,1,1,1,1,0,1,0,0,0,1,0,0,0,0,0,1
0.00288404,1,1,1,1,0,1,1,0,0,1,0,0,0,0,0,1
0.00288406,0,1,1,1,0,1,0,0,0,1,0,0,0,0,0,1
0.00288499,1,1,1,1,1,1,1,1,0,1,0,0,0,0,0,1
0.00288504,0,1,0,0,1,1,1,1,0,1,0,0,0,0,0,1
0.00288505,0,1,0,0,1,0,1,1,0,1,0,0,0,0,0,1
0.00288509,1,1,1,1,1,1,1,1,0,1,0,0,0,0,0,1
0.00288511,0,1,0,0,1,0,1,1,0,1,0,0,0,0,0,1
0.00288537,0,1,0,0,1,0,1,1,0,1,0,0,0,0,0,0
0.00288538,0,1,0,0,1,0,1,1,0,1,0,0,1,0,1,1
0.00288592,0,1,1,1,1,0,1,1,0,1,0,0,1,0,1,1
0.00288593,0,1,1,1,1,1,1,1,0,1,0,0,1,0,1,1
0.00288595,1,1,1,1,1,1,1,1,0,1,0,0,1,0,1,1
0.00288598,1,1,1,1,0,1,0,0,0,1,0,0,1,0,1,1
0.00288599,0,1,1,1,0,1,0,0,0,1,0,0,1,0,1,1
0.00288603,1,1,1,1,0,1,1,0,0,1,0,0,1,0,1,1
0.00288604,1,1,1,1,0,1,0,0,0,1,0,0,1,0,1,1
0.00288605,0,1,1,1,0,1,0,0,0,1,0,0,1,0,1,1
0.0028869,1,1,1,1,0,1,1,0,0,1,0,0,1,0,1,1
0.00288691,1,1,1,1,1,1,1,1,0,1,0,0,1,0,1,1
0.00288786,0,0,0,0,0,0,1,0,0,1,0,0,1,0,1,1
0.00288787,0,0,0,0,0,0,0,0,0,1,0,0,1,0,1,1
0.0028879,1,1,1,0,0,0,0,0,0,1,0,0,1,0,1,1
0.00288791,1,0,1,0,0,0,0,0,0,1,0,0,1,0,1,1
0.00288792,0,0,0,0,0,0,0,0,0,1,0,0,1,0,1,1
0.00288882,1,1,1,0,0,0,0,0,0,1,0,0,1,0,1,1
0.00288884,0,0,0,0,0,0,0,0,0,1,0,0,1,0,1,1
0.00288886,0,0,1,0,0,0,0,0,0,1,0,0,1,0,1,1
0.00288887,0,1,1,1,0,1,0,0,0,1,0,0,1,0,1,1
0.00288889,1,1,1,1,1,1,0,1,0,1,0,0,1,0,1,1
0.0028889,1,1,1,1,1,1,1,1,0,1,0,0,1,0,1,1
0.00288891,1,1,1,1,1,1,0,1,0,1,0,0,1,0,1,1
0.00288892,0,1,1,1,1,1,0,0,0,1,0,0,1,0,1,1
0.00288894,1,1,1,1,1,1,0,1,0,1,0,0,1,0,1,1
0.00288895,0,1,0,0,1,1,0,1,0,1,0,0,1,0,1,1
0.00288896,0,1,0,0,1,1,0,0,0,1,0,0,1,0,1,1
0.00288899,0,1,1,0,1,1,0,0,0,1,0,0,1,0,1,1
0.002889,1,1,1,0,1,1,0,1,0,1,0,0,1,0,1,1
0.00288901,1,1,1,0,1,1,0,0,0,1,0,0,1,0,1,1
0.00288902,0,1,0,0,1,1,0,0,0,1,0,0,1,0,1,1
0.00288928,0,1,0,0,1,1,0,0,0,1,0,0,1,0,0,0
0.00288929,0,1,0,0,1,1,0,0,0,1,0,0,1,1,0,0
0.00288983,1,1,1,1,1,1,0,0,0,1,0,0,1,1,0,0
0.00288985,1,1,1,1,1,1,1,1,0,1,0,0,1,1,0,0
0.00288989,1,1,1,1,1,0,1,1,0,1,0,0,1,1,0,0
0.0028899,0,0,1,0,1,0,0,0,0,1,0,0,1,1,0,0
0.00288994,1,1,1,1,1,0,0,1,0,1,0,0,1,1,0,0
0.00288995,1,1,1,1,1,1,1,1,0,1,0,0,1,1,0,0
0.00288996,1,1,1,1,1,1,0,1,0,1,0,0,1,1,0,0
0.00288997,0,0,1,0,1,0,0,0,0,1,0,0,1,1,0,0
0.00289079,1,1,1,1,1,0,0,0,0,1,0,0,1,1,0,0
0.0028908,1,1,1,1,1,1,1,1,0,1,0,0,1,1,0,0
0.00289085,1,1,1,1,0,0,0,0,0,1,0,0,1,1,0,0
0.00289086,1,1,0,1,0,0,0,0,0,1,0,0,1,1,0,0
0.0028909,1,1,1,1,0,1,1,1,0,1,0,0,1,1,0,0
0.00289092,1,1,0,1,0,0,0,0,0,1,0,0,1,1,0,0
0.00289178,1,1,1,1,0,1,1,1,0,1,0,0,1,1,0,0
0.00289179,1,1,1,1,1,1,1,1,0,1,0,0,1,1,0,0
0.00289279,0,0,0,1,1,0,1,0,0,1,0,0,1,1,0,0
0.00289282,1,1,1,1,1,1,1,1,0,1,0,0,1,1,0,0
0.00289285,0,1,1,1,1,1,1,1,0,1,0,0,1,1,0,0
0.00289287,1,1,1,1,0,1,1,1,0,1,0,0,1,1,0,0
0.00289288,0,1,1,0,0,1,0,1,0,1,0,0,1,1,0,0
0.00289318,0,1,1,0,0,1,0,1,0,1,0,0,0,1,0,0
0.00289319,0,1,1,0,0,1,0,1,0,1,1,0,0,1,0,1
0.00289374,1,1,1,1,1,1,1,1,0,1,1,0,0,1,0,1
0.00289378,0,0,0,0,0,0,1,0,0,1,1,0,0,1,0,1
0.00289382,0,1,0,0,0,1,1,1,0,1,1,0,0,1,0,1
0.00289383,1,1,1,1,0,1,1,1,0,1,1,0,0,1,0,1
0.00289386,0,1,1,0,0,1,1,0,0,1,1,0,0,1,0,1
0.00289387,0,0,0,0,0,0,1,0,0,1,1,0,0,1,0,1
0.00289391,0,1,1,0,0,1,1,0,0,1,1,0,0,1,0,1
0.00289393,0,0,1,0,0,1,1,0,0,1,1,0,0,1,0,1
0.00289394,0,0,0,0,0,0,1,0,0,1,1,0,0,1,0,1
0.00289469,0,0,1,0,0,0,1,0,0,1,1,0,0,1,0,1
0.0028947,1,1,1,1,0,0,1,0,0,1,1,0,0,1,0,1
0.00289471,1,1,1,1,1,1,1,1,0,1,1,0,0,1,0,1
0.00289476,1,1,1,1,0,1,0,1,0,1,1,0,0,1,0,1
0.00289477,0,0,0,0,0,0,0,1,0,1,1,0,0,1,0,1
0.0028948,0,1,1,0,0,1,0,1,0,1,1,0,0,1,0,1
0.00289481,1,1,1,1,0,1,0,1,0,1,1,0,0,1,0,1
0.00289482,1,1,1,1,1,1,0,1,0,1,1,0,0,1,0,1
0.00289483,1,1,1,1,0,1,0,1,0,1,1,0,0,1,0,1
0.00289485,0,0,1,0,0,0,0,1,0,1,1,0,0,1,0,1
0.00289486,0,0,0,0,0,0,0,1,0,1,1,0,0,1,0,1
0.00289488,0,0,1,0,0,0,0,1,0,1,1,0,0,1,0,1
0.00289489,1,1,1,1,0,1,0,1,0,1,1,0,0,1,0,1
0.00289493,0,1,1,0,0,0,0,1,0,1,1,0,0,1,0,1
0.00289494,0,0,1,0,0,0,0,1,0,1,1,0,0,1,0,1
0.00289496,0,1,1,0,0,0,0,1,0,1,1,0,0,1,0,1
0.00289498,0,1,1,0,0,1,0,1,0,1,1,0,0,1,0,1
0.00289499,0,1,1,0,0,0,0,1,0,1,1,0,0,1,0,1
0.00289503,0,0,1,0,0,0,0,1,0,1,1,0,0,1,0,1
0.00289504,0,1,1,0,0,0,0,1,0,1,1,0,0,1,0,1
0.00289508,0,0,1,0,0,0,0,1,0,1,1,0,0,1,0,1
0.0028951,0,1,1,0,0,0,0,1,0,1,1,0,0,1,0,1
0.00289511,0,0,1,0,0,0,0,1,0,1,1,0,0,1,0,1
0.00289514,0,1,1,0,0,0,0,1,0,1,1,0,0,1,0,1
0.00289516,0,0,1,0,0,0,0,1,0,1,1,0,0,1,0,1
0.00289524,0,1,1,0,0,0,0,1,0,1,1,0,0,1,0,1
0.00289525,0,0,1,0,0,0,0,1,0,1,1,0,0,1,0,1
0.00289544,0,0,0,0,0,0,0,1,0,1,1,0,0,1,0,1
0.00289546,0,0,1,0,0,0,0,1,0,1,1,0,0,1,0,1
0.00289548,0,0,0,0,0,0,0,1,0,1,1,0,0,1,0,1
0.00289558,0,0,1,0,0,0,0,1,0,1,1,0,0,1,0,1
0.00289559,0,0,0,0,0,0,0,1,0,1,1,0,0,1,0,1
0.00289567,1,0,0,0,0,0,0,1,0,1,1,0,0,1,0,1
0.00289568,0,1,1,1,0,1,0,1,0,1,1,0,0,1,0,1
0.00289569,1,1,1,1,1,1,1,1,0,1,1,0,0,1,0,1
0.00289573,1,1,1,1,1,1,1,0,0,1,1,0,0,1,0,1
0.00289574,0,1,1,1,0,1,0,0,0,1,1,0,0,1,0,1
0.00289577,1,1,1,1,0,1,0,0,0,1,1,0,0,1,0,1
0.00289578,1,1,1,1,1,1,1,1,0,1,1,0,0,1,0,1
0.0028958,1,1,1,1,0,1,0,0,0,1,1,0,0,1,0,1
0.00289581,0,1,1,1,0,1,0,0,0,1,1,0,0,1,0,1
0.00289585,1,1,1,1,0,1,0,0,0,1,1,0,0,1,0,1
0.00289588,0,1,1,1,0,1,0,0,0,1,1,0,0,1,0,1
0.00289664,1,1,1,1,0,1,0,0,0,1,1,0,0,1,0,1
0.00289665,1,1,1,1,0,1,1,0,0,1,1,0,0,1,0,1
0.00289666,1,1,1,1,1,1,1,1,0,1,1,0,0,1,0,1
0.00289768,0,1,1,1,0,1,0,0,0,1,1,0,0,1,0,1
0.00289772,1,1,1,1,1,1,1,1,0,1,1,0,0,1,0,1
0.00289774,0,1,1,1,0,1,0,0,0,1,1,0,0,1,0,1
0.00289871,1,1,1,1,1,1,1,1,0,1,1,0,0,1,0,1
0.00289872,0,0,1,0,1,0,0,0,0,1,1,0,0,1,0,1
0.00289877,1,0,1,0,1,0,1,1,0,1,1,0,0,1,0,1
0.00289878,1,0,1,0,1,0,0,0,0,1,1,0,0,1,0,1
0.00289879,0,0,1,0,1,0,0,0,0,1,1,0,0,1,0,1
0.00289904,0,0,1,0,1,0,0,0,0,0,1,0,0,0,0,0
0.00289906,0,0,1,0,1,0,0,0,0,0,1,0,1,0,0,0
0.00289912,0,0,1,0,1,0,0,0,0,0,0,0,0,0,0,0
0.00289913,0,0,1,0,1,0,0,0,0,0,1,0,1,0,0,0
0.00289957,1,0,1,0,1,0,0,0,0,0,1,0,1,0,0,0
0.00289958,0,0,1,0,1,0,0,0,0,0,1,0,1,0,0,0
0.00289959,0,0,1,0,1,0,1,1,0,0,1,0,1,0,0,0
0.0028996,1,1,1,1,1,1,1,1,0,0,1,0,1,0,0,0
0.00290062,0,0,0,0,0,1,0,1,0,0,1,0,1,0,0,0
0.00290063,0,0,0,0,0,0,0,1,0,0,1,0,1,0,0,0
0.00290067,1,0,0,1,0,0,0,1,0,0,1,0,1,0,0,0
0.00290068,1,1,1,1,0,1,0,1,0,0,1,0,1,0,0,0
0.0029007,1,0,1,1,0,0,0,1,0,0,1,0,1,0,0,0
0.00290071,0,0,0,0,0,0,0,1,0,0,1,0,1,0,0,0
0.00290152,1,0,1,0,0,0,0,1,0,0,1,0,1,0,0,0
0.00290153,1,1,1,1,0,0,0,1,0,0,1,0,1,0,0,0
0.00290155,1,1,1,1,1,1,1,1,0,0,1,0,1,0,0,0
0.00290159,1,1,1,1,1,1,1,0,0,0,1,0,1,0,0,0
0.0029016,1,1,0,0,1,0,0,0,0,0,1,0,1,0,0,0
0.00290164,1,1,1,1,1,1,1,0,0,0,1,0,1,0,0,0
0.00290167,1,1,0,0,1,0,0,0,0,0,1,0,1,0,0,0
0.00290171,1,1,1,0,1,0,0,0,0,0,1,0,1,0,0,0
0.00290172,1,1,1,1,1,0,0,0,0,0,1,0,1,0,0,0
0.00290174,1,1,0,0,1,0,0,0,0,0,1,0,1,0,0,0
0.00290197,1,1,0,0,1,0,0,0,0,0,0,0,1,0,0,0
0.00290198,1,1,0,0,1,0,0,0,1,1,0,0,1,0,0,0
0.00290204,1,1,0,0,1,0,0,0,1,0,0,0,0,0,0,0
0.00290205,1,1,0,0,1,0,0,0,0,1,0,0,1,0,0,0
0.00290206,1,1,0,0,1,0,0,0,1,1,0,0,1,0,0,0
0.0029025,1,1,1,1,1,0,0,0,1,1,0,0,1,0,0,0
0.00290252,1,1,1,1,1,1,1,0,1,1,0,0,1,0,0,0
0.00290254,1,1,1,1,1,1,1,1,1,1,0,0,1,0,0,0
0.00290258,1,0,0,0,1,1,1,0,1,1,0,0,1,0,0,0
0.00290262,1,1,1,1,1,1,1,0,1,1,0,0,1,0,0,0
0.00290265,1,0,0,0,1,1,1,0,1,1,0,0,1,0,0,0
0.0029027,1,0,1,1,1,1,1,0,1,1,0,0,1,0,0,0
0.00290271,1,0,1,0,1,1,1,0,1,1,0,0,1,0,0,0
0.00290272,1,0,0,0,1,1,1,0,1,1,0,0,1,0,0,0
0.00290348,1,1,1,0,1,1,1,0,1,1,0,0,1,0,0,0
0.0029035,1,0,1,1,1,1,1,1,1,1,0,0,1,0,0,0
0.00290351,1,1,1,1,1,1,1,1,1,1,0,0,1,0,0,0
0.00290354,1,1,1,1,1,0,0,1,1,1,0,0,1,0,0,0
0.00290355,0,1,0,0,1,0,0,0,1,1,0,0,1,0,0,0
0.00290359,1,1,1,1,1,0,0,0,1,1,0,0,1,0,0,0
0.0029036,1,1,1,1,1,1,1,1,1,1,0,0,1,0,0,0
0.00290361,1,1,1,1,1,0,0,0,1,1,0,0,1,0,0,0
0.00290362,0,1,1,1,1,0,0,0,1,1,0,0,1,0,0,0
0.00290363,0,1,0,0,1,0,0,0,1,1,0,0,1,0,0,0
0.00290367,0,1,1,0,1,0,0,0,1,1,0,0,1,0,0,0
0.0029037,0,1,0,0,1,0,0,0,1,1,0,0,1,0,0,0
0.00290392,0,1,0,0,1,0,0,0,0,1,0,0,1,0,0,0
0.002904,0,1,0,0,1,0,0,0,0,0,0,0,0,0,0,0
0.00290401,0,1,0,0,1,0,0,0,0,1,0,0,1,0,0,0
0.00290448,1,1,1,1,1,1,1,1,0,1,0,0,1,0,0,0
0.00290453,1,1,0,0,1,1,0,0,0,1,0,0,1,0,0,0
0.00290457,1,1,1,1,1,1,1,1,0,1,0,0,1,0,0,0
0.00290459,1,1,0,0,1,1,0,0,0,1,0,0,1,0,0,0
0.00290464,1,1,1,0,1,1,0,0,0,1,0,0,1,0,0,0
0.00290466,1,1,0,0,1,1,0,0,0,1,0,0,1,0,0,0
0.00290543,1,1,1,1,1,1,0,0,0,1,0,0,1,0,0,0
0.00290544,1,1,1,1,1,1,1,0,0,1,0,0,1,0,0,0
0.00290545,1,1,0,0,1,1,1,1,0,1,0,0,1,0,0,0
0.00290546,1,1,1,1,1,1,1,1,0,1,0,0,1,0,0,0
0.0029055,1,0,0,0,1,0,0,0,0,1,0,0,1,0,0,0
0.00290554,1,1,1,1,1,1,1,0,0,1,0,0,1,0,0,0
0.00290555,1,1,1,1,1,1,1,1,0,1,0,0,1,0,0,0
0.00290557,1,0,1,1,1,0,1,0,0,1,0,0,1,0,0,0
0.00290558,1,0,1,1,1,0,0,0,0,1,0,0,1,0,0,0
0.00290559,1,0,0,0,1,0,0,0,0,1,0,0,1,0,0,0
0.00290562,1,0,1,1,1,0,0,0,0,1,0,0,1,0,0,0
0.00290566,1,0,1,0,1,0,0,0,0,1,0,0,1,0,0,0
0.0029057,1,0,1,1,1,0,0,0,0,1,0,0,1,0,0,0
0.00290573,1,0,1,0,1,0,0,0,0,1,0,0,1,0,0,0
0.00290577,1,0,1,1,1,0,0,0,0,1,0,0,1,0,0,0
0.00290579,1,0,1,0,1,0,0,0,0,1,0,0,1,0,0,0
0.00290588,1,0,1,1,1,0,0,0,0,0,0,0,1,0,0,0
0.00290589,1,0,0,0,1,0,0,0,1,0,0,0,1,0,0,0
0.00290593,1,0,1,0,1,0,0,0,1,0,0,0,1,0,0,0
0.00290594,1,0,1,1,1,0,0,0,1,0,0,0,1,0,0,0
0.00290595,1,0,1,1,1,0,0,0,0,0,0,0,0,0,0,0
0.00290596,1,0,0,0,1,0,0,0,1,0,0,0,1,0,0,0
0.00290601,1,0,1,1,1,0,0,0,1,0,0,0,1,0,0,0
0.00290602,1,0,1,0,1,0,0,0,1,0,0,0,1,0,0,0
0.00290603,1,0,0,0,1,0,0,0,1,0,0,0,1,0,0,0
0.0029064,1,0,1,0,1,0,0,0,1,0,0,0,1,0,0,0
0.00290642,1,1,0,1,1,1,0,0,1,0,0,0,1,0,0,0
0.00290643,1,1,1,1,1,1,1,0,1,0,0,0,1,0,0,0
0.00290645,1,1,1,1,1,1,1,1,1,0,0,0,1,0,0,0
0.00290648,0,0,1,1,1,0,1,0,1,0,0,0,1,0,0,0
0.00290653,0,1,1,1,1,1,1,1,1,0,0,0,1,0,0,0
0.00290654,0,1,1,1,1,1,1,0,1,0,0,0,1,0,0,0
0.00290655,0,0,1,1,1,0,1,0,1,0,0,0,1,0,0,0
0.00290738,1,0,1,1,1,0,1,0,1,0,0,0,1,0,0,0
0.0029074,0,1,1,1,1,1,1,0,1,0,0,0,1,0,0,0
0.00290741,1,1,1,1,1,1,1,0,1,0,0,0,1,0,0,0
0.00290743,1,1,1,1,1,1,1,1,1,0,0,0,1,0,0,0
0.00290745,1,1,1,0,0,1,0,1,1,0,0,0,1,0,0,0
0.00290746,1,0,1,0,0,1,0,0,1,0,0,0,1,0,0,0
0.00290749,1,1,1,1,0,1,0,0,1,0,0,0,1,0,0,0
0.0029075,1,1,1,1,0,1,1,1,1,0,0,0,1,0,0,0
0.00290752,1,0,1,0,0,1,0,0,1,0,0,0,1,0,0,0
0.00290783,1,0,1,0,0,1,0,0,1,0,1,0,0,0,0,0
0.00290784,1,0,1,0,0,1,0,0,1,0,1,0,0,1,0,0
0.00290838,1,1,1,1,1,1,1,1,1,0,1,0,0,1,0,0
0.00290844,0,0,0,0,0,0,1,0,1,0,1,0,0,1,0,0
0.00290848,1,1,1,1,0,1,1,1,1,0,1,0,0,1,0,0
0.00290849,1,1,1,1,0,1,1,0,1,0,1,0,0,1,0,0
0.0029085,1,1,1,1,0,1,1,1,1,0,1,0,0,1,0,0
0.00290851,1,1,1,1,0,0,1,0,1,0,1,0,0,1,0,0
0.00290853,0,0,0,1,0,0,1,0,1,0,1,0,0,1,0,0
0.00290854,0,0,0,0,0,0,1,0,1,0,1,0,0,1,0,0
0.00290856,0,1,1,1,0,0,1,0,1,0,1,0,0,1,0,0
0.00290857,1,1,1,1,0,0,1,0,1,0,1,0,0,1,0,0
0.00290859,0,1,1,1,0,0,1,0,1,0,1,0,0,1,0,0
0.0029086,0,1,0,1,0,0,1,0,1,0,1,0,0,1,0,0
0.00290861,0,0,0,1,0,0,1,0,1,0,1,0,0,1,0,0
0.00290865,0,0,1,1,0,0,1,0,1,0,1,0,0,1,0,0
0.00290866,0,1,1,1,0,0,1,0,1,0,1,0,0,1,0,0
0.00290867,0,0,1,1,0,0,1,0,1,0,1,0,0,1,0,0
0.00290868,0,0,0,1,0,0,1,0,1,0,1,0,0,1,0,0
0.00290879,0,0,1,1,0,0,1,0,1,0,1,0,0,1,0,0
0.00290882,0,0,0,1,0,0,1,0,1,0,1,0,0,1,0,0
0.00290883,0,0,1,1,0,0,1,0,1,0,1,0,0,1,0,0
0.00290884,0,0,0,1,0,0,1,0,1,0,1,0,0,1,0,0
0.00290887,0,0,1,1,0,0,1,0,1,0,1,0,0,1,0,0
0.00290889,0,0,0,1,0,0,1,0,1,0,1,0,0,1,0,0
0.00290914,0,0,0,0,0,0,1,0,1,0,1,0,0,1,0,0
0.00290915,0,0,0,1,0,0,1,0,1,0,1,0,0,1,0,0
0.00290916,0,0,0,0,0,0,1,0,1,0,1,0,0,1,0,0
0.00290925,0,0,0,1,0,0,1,0,1,0,1,0,0,1,0,0
0.00290926,0,0,0,0,0,0,1,0,1,0,1,0,0,1,0,0
0.00290933,0,0,1,1,0,0,1,0,1,0,1,0,0,1,0,0
0.00290934,1,1,1,1,0,0,1,0,1,0,1,0,0,1,0,0
0.00290935,1,1,1,1,1,1,1,1,1,0,1,0,0,1,0,0
0.00290941,0,0,0,0,0,0,0,1,1,0,1,0,0,1,0,0
0.00290945,1,1,1,1,0,1,0,1,1,0,1,0,0,1,0,0
0.00290946,1,1,1,1,1,1,1,1,1,0,1,0,0,1,0,0
0.00290948,1,1,1,1,0,1,0,1,1,0,1,0,0,1,0,0
0.00290949,1,0,1,1,0,0,0,1,1,0,1,0,0,1,0,0
0.0029095,0,0,0,0,0,0,0,1,1,0,1,0,0,1,0,0
0.00290953,1,1,1,1,0,0,0,1,1,0,1,0,0,1,0,0
0.00290954,1,1,1,1,0,1,0,1,1,0,1,0,0,1,0,0
0.00290955,1,1,1,1,0,0,0,1,1,0,1,0,0,1,0,0
0.00290957,1,0,1,1,0,0,0,1,1,0,1,0,0,1,0,0
0.00290958,0,0,1,1,0,0,0,1,1,0,1,0,0,1,0,0
0.00290959,0,0,1,0,0,0,0,1,1,0,1,0,0,1,0,0
0.0029096,0,0,1,1,0,0,0,1,1,0,1,0,0,1,0,0
0.00290961,1,0,1,1,0,0,0,1,1,0,1,0,0,1,0,0
0.00290965,0,0,1,1,0,0,0,1,1,0,1,0,0,1,0,0
0.00290969,1,0,1,1,0,0,0,1,1,0,1,0,0,1,0,0
0.0029097,0,0,1,1,0,0,0,1,1,0,1,0,0,1,0,0
0.00290971,1,0,1,1,0,0,0,1,1,0,1,0,0,1,0,0
0.00290972,0,0,1,1,0,0,0,1,1,0,1,0,0,1,0,0
0.00290981,0,0,1,0,0,0,0,1,1,0,1,0,0,1,0,0
0.00290983,0,0,1,1,0,0,0,1,1,0,1,0,0,1,0,0
0.00290987,0,0,1,0,0,0,0,1,1,0,1,0,0,1,0,0
0.00291005,0,0,0,0,0,0,0,1,1,0,1,0,0,1,0,0
0.00291011,0,0,1,0,0,0,0,1,1,0,1,0,0,1,0,0
0.00291012,0,0,0,0,0,0,0,1,1,0,1,0,0,1,0,0
0.00291023,0,0,1,0,0,0,0,1,1,0,1,0,0,1,0,0
0.00291024,0,0,0,0,0,0,0,1,1,0,1,0,0,1,0,0
0.00291031,1,1,0,0,0,1,0,1,1,0,1,0,0,1,0,0
0.00291032,1,1,0,0,1,1,0,1,1,0,1,0,0,1,0,0
0.00291033,1,1,1,1,1,1,0,0,1,0,1,0,0,1,0,0
0.00291036,1,1,0,0,1,1,0,0,1,0,1,0,0,1,0,0
0.0029104,1,1,1,0,1,1,0,0,1,0,1,0,0,1,0,0
0.00291041,1,1,1,1,1,1,0,0,1,0,1,0,0,1,0,0
0.00291042,1,1,1,0,1,1,0,0,1,0,1,0,0,1,0,0
0.00291043,1,1,0,0,1,1,0,0,1,0,1,0,0,1,0,0
0.00291128,1,1,0,0,1,1,1,0,1,0,1,0,0,1,0,0
0.0029113,1,1,1,1,1,1,1,0,1,0,1,0,0,1,0,0
0.00291131,1,1,1,1,1,1,0,0,1,0,1,0,0,1,0,0
0.00291132,1,1,0,0,1,1,0,0,1,0,1,0,0,1,0,0
0.00291135,1,1,1,1,1,1,1,1,1,0,1,0,0,1,0,0
0.00291138,1,1,1,1,0,1,1,1,1,0,1,0,0,1,0,0
0.00291139,1,1,1,1,1,1,1,1,1,0,1,0,0,1,0,0
0.0029114,1,1,1,1,1,1,1,0,1,0,1,0,0,1,0,0
0.00291141,1,0,0,0,0,1,0,0,1,0,1,0,0,1,0,0
0.00291145,1,0,1,1,0,1,0,0,1,0,1,0,0,1,0,0
0.00291146,1,1,1,1,0,1,1,0,1,0,1,0,0,1,0,0
0.00291147,1,0,1,1,0,1,0,0,1,0,1,0,0,1,0,0
0.00291148,1,0,0,0,0,1,0,0,1,0,1,0,0,1,0,0
0.00291173,1,0,0,0,0,1,0,0,1,0,0,0,0,1,0,0
0.00291229,1,1,1,1,1,1,1,1,1,0,0,0,0,1,0,0
0.00291233,0,0,0,0,0,0,1,0,1,0,0,0,0,1,0,0
0.00291237,0,0,1,0,0,0,1,0,1,0,0,0,0,1,0,0
0.00291238,0,0,1,1,0,0,1,0,1,0,0,0,0,1,0,0
0.00291239,1,1,1,1,1,1,1,0,1,0,0,0,0,1,0,0
0.0029124,1,1,1,1,0,1,1,0,1,0,0,0,0,1,0,0
0.00291241,0,0,1,1,0,0,1,0,1,0,0,0,0,1,0,0
0.00291242,0,0,0,0,0,0,1,0,1,0,0,0,0,1,0,0
0.00291246,0,0,1,1,0,0,1,0,1,0,0,0,0,1,0,0
0.00291249,0,0,0,0,0,0,1,0,1,0,0,0,0,1,0,0
0.00291325,1,1,1,1,0,0,1,0,1,0,0,0,0,1,0,0
0.00291326,1,1,1,1,1,0,1,1,1,0,0,0,0,1,0,0
0.00291327,1,1,1,1,1,1,1,1,1,0,0,0,0,1,0,0
0.00291331,0,0,0,0,0,1,0,1,1,0,0,0,0,1,0,0
0.00291332,0,0,0,0,0,0,0,1,1,0,0,0,0,1,0,0
0.00291335,0,1,1,1,0,1,0,1,1,0,0,0,0,1,0,0
0.00291336,1,1,1,1,1,1,1,1,1,0,0,0,0,1,0,0
0.00291338,1,1,1,1,0,1,1,1,1,0,0,0,0,1,0,0
0.00291339,0,0,1,1,0,1,0,1,1,0,0,0,0,1,0,0
0.0029134,0,0,0,0,0,0,0,1,1,0,0,0,0,1,0,0
0.00291344,0,0,1,1,0,1,0,1,1,0,0,0,0,1,0,0
0.00291347,0,0,0,0,0,1,0,1,1,0,0,0,0,1,0,0
0.00291348,0,0,0,0,0,0,0,1,1,0,0,0,0,1,0,0
0.00291422,0,1,0,0,0,0,0,1,1,0,0,0,0,1,0,0
0.00291423,0,0,1,0,0,0,0,1,1,0,0,0,0,1,0,0
0.00291424,1,0,1,1,1,0,0,1,1,0,0,0,0,1,0,0
0.00291425,1,1,1,1,1,1,1,1,1,0,0,0,0,1,0,0
0.00291429,1,1,0,0,1,1,0,0,1,0,0,0,0,1,0,0
0.00291432,1,1,1,1,1,1,0,0,1,0,0,0,0,1,0,0
0.00291433,1,1,1,1,1,1,1,1,1,0,0,0,0,1,0,0
0.00291436,1,1,1,1,1,1,0,0,1,0,0,0,0,1,0,0
0.00291437,1,1,0,0,1,1,0,0,1,0,0,0,0,1,0,0
0.0029144,1,1,1,1,1,1,1,0,1,0,0,0,0,1,0,0
0.00291443,1,1,1,1,1,1,0,0,1,0,0,0,0,1,0,0
0.00291444,1,1,1,0,1,1,0,0,1,0,0,0,0,1,0,0
0.00291447,1,1,1,1,1,1,0,0,1,0,0,0,0,1,0,0
0.00291451,1,1,1,0,1,1,0,0,1,0,0,0,0,1,0,0
0.00291461,1,1,0,0,1,1,0,0,1,0,0,0,0,1,0,0
0.00291463,1,1,1,0,1,1,0,0,1,0,0,0,0,1,0,0
0.00291465,1,1,0,0,1,1,0,0,1,0,0,0,0,1,0,0
0.00291468,1,1,1,1,1,1,0,0,1,0,0,0,0,1,0,0
0.0029147,1,1,0,0,1,1,0,0,1,0,0,0,0,1,0,0
0.00291525,1,1,0,0,1,1,1,1,1,0,0,0,0,1,0,0
0.00291527,1,1,1,1,1,1,1,1,1,0,0,0,0,1,0,0
0.00291528,0,1,1,1,1,0,1,1,1,0,0,0,0,1,0,0
0.00291529,0,1,0,0,1,0,1,1,1,0,0,0,0,1,0,0
0.00291533,0,1,1,1,1,1,1,1,1,0,0,0,0,1,0,0
0.00291534,0,1,1,1,1,0,1,1,1,0,0,0,0,1,0,0
0.00291536,0,1,0,0,1,0,1,1,1,0,0,0,0,1,0,0
0.00291541,0,1,1,0,1,0,1,1,1,0,0,0,0,1,0,0
0.00291542,0,1,0,0,1,0,1,1,1,0,0,0,0,1,0,0
0.00291564,0,1,0,0,1,0,1,1,0,1,0,0,0,0,0,0
0.00291565,0,1,0,0,1,0,1,1,0,1,0,0,1,0,1,1
0.00291617,1,1,0,1,1,0,1,1,0,1,0,0,1,0,1,1
0.00291618,0,1,1,1,1,0,1,1,0,1,0,0,1,0,1,1
0.00291619,1,1,1,1,1,0,1,1,0,1,0,0,1,0,1,1
0.0029162,1,1,1,1,1,1,1,1,0,1,0,0,1,0,1,1
0.00291624,1,1,1,1,1,1,1,0,0,1,0,0,1,0,1,1
0.00291625,1,1,0,0,1,1,0,0,0,1,0,0,1,0,1,1
0.00291629,1,1,1,1,1,1,1,1,0,1,0,0,1,0,1,1
0.00291631,1,1,1,0,1,1,0,0,0,1,0,0,1,0,1,1
0.00291632,1,1,0,0,1,1,0,0,0,1,0,0,1,0,1,1
0.00291636,1,1,1,1,1,1,0,0,0,1,0,0,1,0,1,1
0.00291638,1,1,0,0,1,1,0,0,0,1,0,0,1,0,1,1
0.00291715,1,1,1,0,1,1,0,0,0,1,0,0,1,0,1,1
0.00291716,1,1,1,1,1,1,1,0,0,1,0,0,1,0,1,1
0.00291717,1,1,1,1,1,1,1,1,0,1,0,0,1,0,1,1
0.00291813,0,0,0,0,0,0,0,0,0,1,0,0,1,0,1,1
0.00291818,0,0,1,1,0,0,1,0,0,1,0,0,1,0,1,1
0.00291819,0,0,1,0,0,0,1,0,0,1,0,0,1,0,1,1
0.0029182,0,0,0,0,0,0,0,0,0,1,0,0,1,0,1,1
0.00291909,0,0,1,0,0,0,0,0,0,1,0,0,1,0,1,1
0.00291911,0,0,0,0,0,0,0,0,0,1,0,0,1,0,1,1
0.00291913,1,1,0,0,1,1,0,0,0,1,0,0,1,0,1,1
0.00291916,1,1,1,1,1,1,1,1,0,1,0,0,1,0,1,1
0.00291921,1,1,1,1,1,1,1,0,0,1,0,0,1,0,1,1
0.00291922,0,1,0,0,1,1,0,0,0,1,0,0,1,0,1,1
0.00291926,1,1,1,1,1,1,1,1,0,1,0,0,1,0,1,1
0.00291928,1,1,1,0,1,1,0,0,0,1,0,0,1,0,1,1
0.00291929,0,1,0,0,1,1,0,0,0,1,0,0,1,0,1,1
0.00291934,0,1,1,0,1,1,0,0,0,1,0,0,1,0,1,1
0.00291935,0,1,0,0,1,1,0,0,0,1,0,0,1,0,1,1
0.00291955,0,1,0,0,1,1,0,0,0,1,0,0,1,0,0,0
0.00291956,0,1,0,0,1,1,0,0,0,1,0,0,1,1,0,0
0.00292007,1,1,1,1,1,1,0,0,0,1,0,0,1,1,0,0
0.00292009,1,1,1,1,1,1,1,1,0,1,0,0,1,1,0,0
0.00292014,1,1,1,1,1,1,1,0,0,1,0,0,1,1,0,0
0.00292015,1,1,1,0,1,0,0,0,0,1,0,0,1,1,0,0
0.00292019,1,1,1,1,1,1,1,0,0,1,0,0,1,1,0,0
0.0029202,1,1,1,1,1,1,1,1,0,1,0,0,1,1,0,0
0.00292021,1,1,1,0,1,0,0,0,0,1,0,0,1,1,0,0
0.00292105,1,1,1,1,1,0,0,0,0,1,0,0,1,1,0,0
0.00292106,1,1,1,1,1,1,1,0,0,1,0,0,1,1,0,0
0.00292107,1,1,1,1,1,1,1,1,0,1,0,0,1,1,0,0
0.00292112,1,1,0,1,0,0,0,0,0,1,0,0,1,1,0,0
0.00292116,1,1,1,1,0,0,0,0,0,1,0,0,1,1,0,0
0.00292117,1,1,1,1,0,1,1,0,0,1,0,0,1,1,0,0
0.00292119,1,1,0,1,0,0,0,0,0,1,0,0,1,1,0,0
0.00292204,1,1,1,1,0,1,1,0,0,1,0,0,1,1,0,0
0.00292206,1,1,1,1,1,1,1,1,0,1,0,0,1,1,0,0
0.00292305,0,0,1,1,1,1,1,1,0,1,0,0,1,1,0,0
0.00292306,0,0,0,1,1,0,1,0,0,1,0,0,1,1,0,0
0.00292308,1,0,1,1,1,0,1,0,0,1,0,0,1,1,0,0
0.00292309,1,1,1,1,1,1,1,1,0,1,0,0,1,1,0,0
0.00292312,0,1,1,1,1,1,1,1,0,1,0,0,1,1,0,0
0.00292314,0,1,1,0,0,1,0,1,0,1,0,0,1,1,0,0
0.00292345,0,1,1,0,0,1,0,1,0,1,0,0,0,1,0,0
0.00292346,0,1,1,0,0,1,0,1,0,1,1,0,0,1,0,1
0.00292353,0,1,1,0,0,1,0,1,0,1,1,0,0,1,0,0
0.00292354,0,1,1,0,0,1,0,1,0,1,1,0,0,1,0,1
0.002924,0,1,1,1,0,1,0,1,0,1,1,0,0,1,0,1
0.00292401,1,1,1,1,1,1,1,1,0,1,1,0,0,1,0,1
0.00292405,0,0,0,0,0,0,1,0,0,1,1,0,0,1,0,1
0.00292409,0,1,1,1,0,1,1,1,0,1,1,0,0,1,0,1
0.0029241,1,1,1,1,0,1,1,0,0,1,1,0,0,1,0,1
0.00292411,1,1,1,1,0,1,1,1,0,1,1,0,0,1,0,1
0.00292413,1,1,1,1,0,1,1,0,0,1,1,0,0,1,0,1
0.00292414,0,0,0,0,0,0,1,0,0,1,1,0,0,1,0,1
0.00292417,0,0,1,0,0,0,1,0,0,1,1,0,0,1,0,1
0.00292418,0,1,1,1,0,1,1,0,0,1,1,0,0,1,0,1
0.0029242,0,0,1,0,0,1,1,0,0,1,1,0,0,1,0,1
0.00292421,0,0,1,0,0,0,1,0,0,1,1,0,0,1,0,1
0.00292422,0,0,0,0,0,0,1,0,0,1,1,0,0,1,0,1
0.00292426,0,0,1,0,0,0,1,0,0,1,1,0,0,1,0,1
0.00292429,0,0,0,0,0,0,1,0,0,1,1,0,0,1,0,1
0.00292434,0,0,1,0,0,0,1,0,0,1,1,0,0,1,0,1
0.00292435,0,0,0,0,0,0,1,0,0,1,1,0,0,1,0,1
0.00292444,0,1,1,0,0,1,1,0,0,1,1,0,0,1,0,1
0.00292445,0,0,1,0,0,0,1,0,0,1,1,0,0,1,0,1
0.00292446,0,0,0,0,0,0,1,0,0,1,1,0,0,1,0,1
0.00292449,0,0,1,0,0,0,1,0,0,1,1,0,0,1,0,1
0.0029245,0,0,0,0,0,0,1,0,0,1,1,0,0,1,0,1
0.00292496,1,1,1,1,0,0,1,0,0,1,1,0,0,1,0,1
0.00292498,1,1,1,1,1,1,1,1,0,1,1,0,0,1,0,1
0.00292503,0,0,0,0,0,0,0,1,0,1,1,0,0,1,0,1
0.00292507,1,1,1,1,0,1,0,1,0,1,1,0,0,1,0,1
0.00292508,1,1,1,1,1,1,0,1,0,1,1,0,0,1,0,1
0.0029251,1,1,1,1,0,1,0,1,0,1,1,0,0,1,0,1
0.00292512,0,0,1,0,0,0,0,1,0,1,1,0,0,1,0,1
0.00292513,0,0,0,0,0,0,0,1,0,1,1,0,0,1,0,1
0.00292515,1,1,1,1,0,1,0,1,0,1,1,0,0,1,0,1
0.00292519,0,1,1,1,0,0,0,1,0,1,1,0,0,1,0,1
0.0029252,0,0,1,0,0,0,0,1,0,1,1,0,0,1,0,1
0.00292523,0,1,1,0,0,0,0,1,0,1,1,0,0,1,0,1
0.00292524,0,1,1,1,0,0,0,1,0,1,1,0,0,1,0,1
0.00292525,1,1,1,1,0,1,0,1,0,1,1,0,0,1,0,1
0.00292526,0,1,1,1,0,0,0,1,0,1,1,0,0,1,0,1
0.00292527,0,1,1,0,0,0,0,1,0,1,1,0,0,1,0,1
0.00292529,0,0,1,0,0,0,0,1,0,1,1,0,0,1,0,1
0.0029253,0,1,1,0,0,0,0,1,0,1,1,0,0,1,0,1
0.00292536,0,0,1,0,0,0,0,1,0,1,1,0,0,1,0,1
0.00292541,0,1,1,1,0,0,0,1,0,1,1,0,0,1,0,1
0.00292543,0,0,1,0,0,0,0,1,0,1,1,0,0,1,0,1
0.00292573,0,0,0,0,0,0,0,1,0,1,1,0,0,1,0,1
0.00292574,0,0,1,0,0,0,0,1,0,1,1,0,0,1,0,1
0.00292583,0,0,0,0,0,0,0,1,0,1,1,0,0,1,0,1
0.00292584,0,0,1,0,0,0,0,1,0,1,1,0,0,1,0,1
0.00292586,0,0,0,0,0,0,0,1,0,1,1,0,0,1,0,1
0.00292591,0,0,1,0,0,0,0,1,0,1,1,0,0,1,0,1
0.00292592,0,0,0,0,0,0,0,1,0,1,1,0,0,1,0,1
0.00292593,0,0,1,0,0,0,0,1,0,1,1,0,0,1,0,1
0.00292595,1,1,1,1,0,1,0,1,0,1,1,0,0,1,0,1
0.00292596,1,1,1,1,1,1,1,1,0,1,1,0,0,1,0,1
0.002926,1,1,1,1,0,1,0,0,0,1,1,0,0,1,0,1
0.00292601,0,1,1,1,0,1,0,0,0,1,1,0,0,1,0,1
0.00292604,1,1,1,1,0,1,1,0,0,1,1,0,0,1,0,1
0.00292605,1,1,1,1,1,1,1,1,0,1,1,0,0,1,0,1
0.00292606,1,1,1,1,0,1,1,0,0,1,1,0,0,1,0,1
0.00292607,0,1,1,1,0,1,0,0,0,1,1,0,0,1,0,1
0.00292611,1,1,1,1,0,1,0,0,0,1,1,0,0,1,0,1
0.00292614,0,1,1,1,0,1,0,0,0,1,1,0,0,1,0,1
0.00292691,1,1,1,1,0,1,0,0,0,1,1,0,0,1,0,1
0.00292692,1,1,1,1,1,1,1,0,0,1,1,0,0,1,0,1
0.00292693,1,1,1,1,1,1,1,1,0,1,1,0,0,1,0,1
0.00292794,1,1,1,1,0,1,1,0,0,1,1,0,0,1,0,1
0.00292795,0,1,1,1,0,1,0,0,0,1,1,0,0,1,0,1
0.00292799,1,1,1,1,1,1,1,1,0,1,1,0,0,1,0,1
0.002928,1,1,1,1,0,1,1,0,0,1,1,0,0,1,0,1
0.00292801,0,1,1,1,0,1,0,0,0,1,1,0,0,1,0,1
0.00292897,1,1,1,1,1,1,0,0,0,1,1,0,0,1,0,1
0.00292898,1,0,1,0,1,1,1,1,0,1,1,0,0,1,0,1
0.00292899,0,0,1,0,1,0,0,0,0,1,1,0,0,1,0,1
0.00292903,1,0,1,0,1,0,0,0,0,1,1,0,0,1,0,1
0.00292904,1,0,1,0,1,0,1,1,0,1,1,0,0,1,0,1
0.00292905,0,0,1,0,1,0,0,0,0,1,1,0,0,1,0,1
0.00292931,0,0,1,0,1,0,0,0,0,0,1,0,0,0,0,0
0.00292932,0,0,1,0,1,0,0,0,0,0,1,0,1,0,0,0
0.00292939,0,0,1,0,1,0,0,0,0,0,0,0,1,0,0,0
0.0029294,0,0,1,0,1,0,0,0,0,0,1,0,1,0,0,0
0.00292984,1,0,1,0,1,0,0,0,0,0,1,0,1,0,0,0
0.00292985,0,0,1,0,1,0,0,0,0,0,1,0,1,0,0,0
0.00292986,1,1,1,0,1,1,1,1,0,0,1,0,1,0,0,0
0.00292987,1,1,1,1,1,1,1,1,0,0,1,0,1,0,0,0
0.0029309,0,0,0,0,0,0,0,1,0,0,1,0,1,0,0,0
0.00293095,1,1,1,1,0,0,0,1,0,0,1,0,1,0,0,0
0.00293096,1,1,1,1,0,1,0,1,0,0,1,0,1,0,0,0
0.00293097,1,1,1,1,0,0,0,1,0,0,1,0,1,0,0,0
0.00293098,1,0,0,0,0,0,0,1,0,0,1,0,1,0,0,0
0.00293099,0,0,0,0,0,0,0,1,0,0,1,0,1,0,0,0
0.00293179,1,1,1,1,0,0,0,1,0,0,1,0,1,0,0,0
0.00293182,1,1,1,1,1,1,1,1,0,0,1,0,1,0,0,0
0.00293186,1,1,1,0,1,0,1,0,0,0,1,0,1,0,0,0
0.00293187,1,1,0,0,1,0,0,0,0,0,1,0,1,0,0,0
0.0029319,1,1,1,1,1,1,0,0,0,0,1,0,1,0,0,0
0.00293191,1,1,1,1,1,1,1,0,0,0,1,0,1,0,0,0
0.00293193,1,1,1,1,1,0,0,0,0,0,1,0,1,0,0,0
0.00293194,1,1,0,0,1,0,0,0,0,0,1,0,1,0,0,0
0.00293198,1,1,1,1,1,0,0,0,0,0,1,0,1,0,0,0
0.002932,1,1,1,0,1,0,0,0,0,0,1,0,1,0,0,0
0.00293201,1,1,0,0,1,0,0,0,0,0,1,0,1,0,0,0
0.00293206,1,1,1,0,1,0,0,0,0,0,1,0,1,0,0,0
0.00293207,1,1,0,0,1,0,0,0,0,0,1,0,1,0,0,0
0.00293224,1,1,0,0,1,0,0,0,0,0,0,0,1,0,0,0
0.00293225,1,1,0,0,1,0,0,0,1,1,0,0,1,0,0,0
0.00293231,1,1,1,0,1,0,0,0,0,0,0,0,0,0,0,0
0.00293232,1,1,0,0,1,0,0,0,1,1,0,0,1,0,0,0
0.00293237,1,1,1,0,1,0,0,0,1,1,0,0,1,0,0,0
0.00293238,1,1,0,0,1,0,0,0,1,1,0,0,1,0,0,0
0.00293277,1,1,1,1,1,0,0,0,1,1,0,0,1,0,0,0
0.00293278,1,1,1,1,1,1,1,0,1,1,0,0,1,0,0,0
0.00293281,1,1,1,1,1,1,1,1,1,1,0,0,1,0,0,0
0.00293285,1,0,0,0,1,1,1,0,1,1,0,0,1,0,0,0
0.00293289,1,1,1,1,1,1,1,0,1,1,0,0,1,0,0,0
0.00293291,1,0,1,0,1,1,1,0,1,1,0,0,1,0,0,0
0.00293292,1,0,0,0,1,1,1,0,1,1,0,0,1,0,0,0
0.00293296,1,0,1,0,1,1,1,0,1,1,0,0,1,0,0,0
0.00293298,1,0,0,0,1,1,1,0,1,1,0,0,1,0,0,0
0.00293374,1,1,0,0,1,1,1,0,1,1,0,0,1,0,0,0
0.00293375,1,1,1,0,1,1,1,0,1,1,0,0,1,0,0,0
0.00293376,1,1,1,1,1,1,1,0,1,1,0,0,1,0,0,0
0.00293377,1,0,1,1,1,1,1,1,1,1,0,0,1,0,0,0
0.00293378,1,1,1,1,1,1,1,1,1,1,0,0,1,0,0,0
0.00293381,0,1,1,1,1,0,0,0,1,1,0,0,1,0,0,0
0.00293382,0,1,0,0,1,0,0,0,1,1,0,0,1,0,0,0
0.00293385,0,1,1,0,1,0,0,0,1,1,0,0,1,0,0,0
0.00293386,1,1,1,1,1,1,0,0,1,1,0,0,1,0,0,0
0.00293387,1,1,1,1,1,1,1,0,1,1,0,0,1,0,0,0
0.00293388,1,1,1,1,1,0,0,0,1,1,0,0,1,0,0,0
0.00293389,0,1,1,0,1,0,0,0,1,1,0,0,1,0,0,0
0.0029339,0,1,0,0,1,0,0,0,1,1,0,0,1,0,0,0
0.00293394,0,1,1,1,1,0,0,0,1,1,0,0,1,0,0,0
0.00293395,0,1,1,0,1,0,0,0,1,1,0,0,1,0,0,0
0.00293396,0,1,0,0,1,0,0,0,1,1,0,0,1,0,0,0
0.00293419,0,1,0,0,1,0,0,0,0,1,0,0,1,0,0,0
0.00293427,0,1,0,0,1,0,0,0,0,0,0,0,0,0,0,0
0.00293428,0,1,0,0,1,0,0,0,0,1,0,0,1,0,0,0
0.00293474,1,1,1,1,1,0,0,0,0,1,0,0,1,0,0,0
0.00293475,1,1,1,1,1,1,1,0,0,1,0,0,1,0,0,0
0.00293476,1,1,1,1,1,1,1,1,0,1,0,0,1,0,0,0
0.00293479,1,1,1,0,1,1,1,1,0,1,0,0,1,0,0,0
0.0029348,1,1,0,0,1,1,0,0,0,1,0,0,1,0,0,0
0.00293483,1,1,1,1,1,1,0,0,0,1,0,0,1,0,0,0
0.00293484,1,1,1,1,1,1,1,1,0,1,0,0,1,0,0,0
0.00293485,1,1,1,1,1,1,1,0,0,1,0,0,1,0,0,0
0.00293486,1,1,0,0,1,1,0,0,0,1,0,0,1,0,0,0
0.0029357,1,1,1,1,1,1,0,0,0,1,0,0,1,0,0,0
0.00293571,1,1,1,0,1,1,1,0,0,1,0,0,1,0,0,0
0.00293572,1,1,1,0,1,1,1,1,0,1,0,0,1,0,0,0
0.00293573,1,1,1,1,1,1,1,1,0,1,0,0,1,0,0,0
0.00293577,1,0,0,0,1,0,0,0,0,1,0,0,1,0,0,0
0.00293581,1,1,1,1,1,1,1,1,0,1,0,0,1,0,0,0
0.00293584,1,0,1,1,1,0,0,0,0,1,0,0,1,0,0,0
0.00293585,1,0,1,0,1,0,0,0,0,1,0,0,1,0,0,0
0.00293586,1,0,0,0,1,0,0,0,0,1,0,0,1,0,0,0
0.00293588,1,0,1,0,1,0,0,0,0,1,0,0,1,0,0,0
0.00293589,1,0,1,1,1,0,0,0,0,1,0,0,1,0,0,0
0.00293593,1,0,1,0,1,0,0,0,0,1,0,0,1,0,0,0
0.00293594,1,0,0,0,1,0,0,0,0,1,0,0,1,0,0,0
0.00293596,1,0,1,0,1,0,0,0,0,1,0,0,1,0,0,0
0.00293597,1,0,1,1,1,0,0,0,0,1,0,0,1,0,0,0
0.00293599,1,0,1,0,1,0,0,0,0,1,0,0,1,0,0,0
0.00293609,1,0,0,0,1,0,0,0,0,1,0,0,1,0,0,0
0.00293611,1,0,1,0,1,0,0,0,0,1,0,0,1,0,0,0
0.00293613,1,0,0,0,1,0,0,0,0,1,0,0,1,0,0,0
0.00293614,1,0,1,0,1,0,0,0,0,0,0,0,1,0,0,0
0.00293616,1,0,0,0,1,0,0,0,1,0,0,0,1,0,0,0
0.0029362,1,0,1,1,1,0,0,0,1,0,0,0,1,0,0,0
0.00293621,1,0,1,0,1,0,0,0,1,0,0,0,1,0,0,0
0.00293622,1,0,1,0,1,0,0,0,0,0,0,0,0,0,0,0
0.00293623,1,0,0,0,1,0,0,0,1,0,0,0,1,0,0,0
0.00293628,1,0,1,0,1,0,0,0,1,0,0,0,1,0,0,0
0.00293629,1,0,0,0,1,0,0,0,1,0,0,0,1,0,0,0
0.00293667,1,1,1,1,1,0,0,0,1,0,0,0,1,0,0,0
0.00293669,1,1,1,1,1,1,1,1,1,0,0,0,1,0,0,0
0.00293675,0,0,1,1,1,0,1,0,1,0,0,0,1,0,0,0
0.00293679,1,1,1,1,1,1,1,1,1,0,0,0,1,0,0,0
0.00293681,0,1,1,1,1,1,1,0,1,0,0,0,1,0,0,0
0.00293682,0,0,1,1,1,0,1,0,1,0,0,0,1,0,0,0
0.00293765,0,1,1,1,1,0,1,0,1,0,0,0,1,0,0,0
0.00293766,1,1,1,1,1,0,1,0,1,0,0,0,1,0,0,0
0.00293767,1,1,1,1,1,1,1,1,1,0,0,0,1,0,0,0
0.00293772,0,1,1,0,0,1,0,0,1,0,0,0,1,0,0,0
0.00293776,1,1,1,1,0,1,1,1,1,0,0,0,1,0,0,0
0.00293778,1,1,1,1,0,1,0,0,1,0,0,0,1,0,0,0
0.00293779,0,1,1,0,0,1,0,0,1,0,0,0,1,0,0,0
0.00293784,1,1,1,1,0,1,0,0,1,0,0,0,1,0,0,0
0.00293786,0,1,1,0,0,1,0,0,1,0,0,0,1,0,0,0
0.0029381,0,1,1,0,0,1,0,0,0,1,0,0,0,0,0,0
0.00293811,0,1,1,0,0,1,0,0,0,1,1,0,0,1,0,0
0.00293862,1,1,1,1,0,1,0,0,0,1,1,0,0,1,0,0
0.00293864,1,1,1,1,0,1,1,1,0,1,1,0,0,1,0,0
0.00293865,1,1,1,1,1,1,1,1,0,1,1,0,0,1,0,0
0.0029387,0,0,0,1,1,0,1,0,0,1,1,0,0,1,0,0
0.00293871,0,0,0,0,0,0,1,0,0,1,1,0,0,1,0,0
0.00293874,1,1,1,1,0,0,1,0,0,1,1,0,0,1,0,0
0.00293875,1,1,1,1,0,1,1,1,0,1,1,0,0,1,0,0
0.00293876,1,1,1,1,1,1,1,1,0,1,1,0,0,1,0,0
0.00293877,1,1,1,1,0,1,1,1,0,1,1,0,0,1,0,0
0.00293878,1,1,1,1,0,0,1,0,0,1,1,0,0,1,0,0
0.00293879,1,0,0,1,0,0,1,0,0,1,1,0,0,1,0,0
0.0029388,0,0,0,0,0,0,1,0,0,1,1,0,0,1,0,0
0.00293882,1,0,0,1,0,0,1,0,0,1,1,0,0,1,0,0
0.00293883,1,1,1,1,0,0,1,0,0,1,1,0,0,1,0,0
0.00293887,1,0,0,1,0,0,1,0,0,1,1,0,0,1,0,0
0.00293891,1,1,1,1,0,0,1,0,0,1,1,0,0,1,0,0
0.00293893,1,0,1,1,0,0,1,0,0,1,1,0,0,1,0,0
0.00293895,1,0,0,1,0,0,1,0,0,1,1,0,0,1,0,0
0.00293899,1,1,1,1,0,0,1,0,0,1,1,0,0,1,0,0
0.002939,1,0,1,1,0,0,1,0,0,1,1,0,0,1,0,0
0.00293902,1,0,0,1,0,0,1,0,0,1,1,0,0,1,0,0
0.00293905,1,1,1,1,0,0,1,0,0,1,1,0,0,1,0,0
0.00293906,1,0,0,1,0,0,1,0,0,1,1,0,0,1,0,0
0.00293907,1,0,1,1,0,0,1,0,0,1,1,0,0,1,0,0
0.00293911,1,0,0,1,0,0,1,0,0,1,1,0,0,1,0,0
0.00293913,1,0,1,1,0,0,1,0,0,1,1,0,0,1,0,0
0.00293915,1,0,0,1,0,0,1,0,0,1,1,0,0,1,0,0
0.00293922,0,0,0,1,0,0,1,0,0,1,1,0,0,1,0,0
0.00293923,1,0,0,1,0,0,1,0,0,1,1,0,0,1,0,0
0.00293926,0,0,1,1,0,0,1,0,0,1,1,0,0,1,0,0
0.00293927,1,0,0,1,0,0,1,0,0,1,1,0,0,1,0,0
0.00293929,0,0,0,1,0,0,1,0,0,1,1,0,0,1,0,0
0.00293931,1,0,0,1,0,0,1,0,0,1,1,0,0,1,0,0
0.00293933,0,0,0,1,0,0,1,0,0,1,1,0,0,1,0,0
0.0029396,1,1,1,1,0,0,1,0,0,1,1,0,0,1,0,0
0.00293961,1,1,1,1,1,0,1,0,0,1,1,0,0,1,0,0
0.00293962,1,1,1,1,1,1,1,1,0,1,1,0,0,1,0,0
0.00293967,1,1,1,1,1,1,0,1,0,1,1,0,0,1,0,0
0.00293968,0,0,0,0,0,0,0,1,0,1,1,0,0,1,0,0
0.00293971,1,1,1,1,0,1,0,1,0,1,1,0,0,1,0,0
0.00293973,1,1,1,1,1,1,1,1,0,1,1,0,0,1,0,0
0.00293974,1,1,1,1,0,1,0,1,0,1,1,0,0,1,0,0
0.00293976,0,0,1,1,0,0,0,1,0,1,1,0,0,1,0,0
0.00293977,0,0,0,0,0,0,0,1,0,1,1,0,0,1,0,0
0.00293979,1,0,1,1,0,0,0,1,0,1,1,0,0,1,0,0
0.0029398,1,1,1,1,0,1,0,1,0,1,1,0,0,1,0,0
0.00293982,1,1,1,1,0,0,0,1,0,1,1,0,0,1,0,0
0.00293984,0,0,1,1,0,0,0,1,0,1,1,0,0,1,0,0
0.00293987,1,0,1,1,0,0,0,1,0,1,1,0,0,1,0,0
0.00293988,1,1,1,1,0,0,0,1,0,1,1,0,0,1,0,0
0.00293992,1,0,1,1,0,0,0,1,0,1,1,0,0,1,0,0
0.00293993,0,0,1,1,0,0,0,1,0,1,1,0,0,1,0,0
0.00293994,1,0,1,1,0,0,0,1,0,1,1,0,0,1,0,0
0.00294,0,0,1,1,0,0,0,1,0,1,1,0,0,1,0,0
0.00294005,1,1,1,1,0,0,0,1,0,1,1,0,0,1,0,0
0.00294006,0,0,1,1,0,0,0,1,0,1,1,0,0,1,0,0
0.00294021,0,0,1,0,0,0,0,1,0,1,1,0,0,1,0,0
0.00294022,0,0,1,1,0,0,0,1,0,1,1,0,0,1,0,0
0.00294029,0,0,1,0,0,0,0,1,0,1,1,0,0,1,0,0
0.0029403,0,0,1,1,0,0,0,1,0,1,1,0,0,1,0,0
0.00294033,0,0,0,0,0,0,0,1,0,1,1,0,0,1,0,0
0.00294055,0,0,1,1,0,0,0,1,0,1,1,0,0,1,0,0
0.00294056,0,0,0,0,0,0,0,1,0,1,1,0,0,1,0,0
0.00294057,1,0,0,0,0,1,0,1,0,1,1,0,0,1,0,0
0.00294058,1,0,0,0,1,1,1,1,0,1,1,0,0,1,0,0
0.0029406,1,1,1,1,1,1,1,0,0,1,1,0,0,1,0,0
0.00294062,1,0,0,0,1,1,1,0,0,1,1,0,0,1,0,0
0.00294066,1,1,1,1,1,1,1,0,0,1,1,0,0,1,0,0
0.00294068,1,0,1,1,1,1,1,0,0,1,1,0,0,1,0,0
0.00294069,1,0,0,0,1,1,1,0,0,1,1,0,0,1,0,0
0.00294161,1,0,1,0,1,1,1,0,0,1,1,0,0,1,0,0
0.00294162,1,1,1,1,1,1,1,0,0,1,1,0,0,1,0,0
0.00294163,1,1,1,1,1,1,1,1,0,1,1,0,0,1,0,0
0.00294165,1,1,1,1,0,1,1,1,0,1,1,0,0,1,0,0
0.00294166,1,1,1,1,1,1,1,1,0,1,1,0,0,1,0,0
0.00294167,1,0,0,0,1,1,0,0,0,1,1,0,0,1,0,0
0.00294168,1,0,0,0,0,1,0,0,0,1,1,0,0,1,0,0
0.00294172,1,1,1,1,0,1,1,0,0,1,1,0,0,1,0,0
0.00294173,1,1,1,1,1,1,1,0,0,1,1,0,0,1,0,0
0.00294174,1,0,1,0,0,1,0,0,0,1,1,0,0,1,0,0
0.00294175,1,0,0,0,0,1,0,0,0,1,1,0,0,1,0,0
0.002942,1,0,0,0,0,1,0,0,0,0,0,0,0,1,0,0
0.00294202,1,0,0,0,0,1,0,0,1,0,0,0,0,1,0,0
0.00294208,1,0,0,0,1,1,0,0,0,0,0,0,0,1,0,0
0.00294209,1,0,0,0,1,1,1,0,1,0,0,0,0,1,0,0
0.0029421,1,0,0,0,1,1,1,0,1,0,0,0,1,1,1,0
0.00294211,1,1,1,1,1,1,1,1,1,0,0,0,1,1,1,0
0.00294212,1,1,1,0,0,1,0,0,1,0,0,0,0,1,0,0
0.00294213,1,0,0,0,0,1,0,0,1,0,0,0,0,1,0,0
0.00294217,1,0,1,1,0,1,0,0,1,0,0,0,0,1,0,0
0.00294218,1,0,0,0,0,1,0,0,1,0,0,0,0,1,0,0
0.00294255,1,0,1,0,0,1,0,0,1,0,0,0,0,1,0,0
0.00294256,1,1,1,1,0,1,1,1,1,0,0,0,0,1,0,0
0.00294257,1,1,1,1,1,1,1,1,1,0,0,0,0,1,0,0
0.0029426,0,0,0,0,0,0,1,0,1,0,0,0,0,1,0,0
0.00294265,0,0,1,1,0,0,1,0,1,0,0,0,0,1,0,0
0.00294266,0,1,1,1,1,1,1,0,1,0,0,0,0,1,0,0
0.00294267,0,0,1,1,0,0,1,0,1,0,0,0,0,1,0,0
0.00294268,0,0,0,0,0,0,1,0,1,0,0,0,0,1,0,0
0.00294351,0,0,1,0,0,0,1,0,1,0,0,0,0,1,0,0
0.00294352,1,1,1,1,0,0,1,0,1,0,0,0,0,1,0,0
0.00294353,1,1,1,1,1,1,1,1,1,0,0,0,0,1,0,0
0.00294358,0,0,0,0,0,0,0,1,1,0,0,0,0,1,0,0
0.00294362,1,1,1,1,0,1,0,1,1,0,0,0,0,1,0,0
0.00294363,1,1,1,1,1,1,0,1,1,0,0,0,0,1,0,0
0.00294365,1,1,1,1,0,1,0,1,1,0,0,0,0,1,0,0
0.00294366,1,0,1,1,0,0,0,1,1,0,0,0,0,1,0,0
0.00294367,0,0,0,0,0,0,0,1,1,0,0,0,0,1,0,0
0.0029437,0,0,1,0,0,0,0,1,1,0,0,0,0,1,0,0
0.00294371,1,0,1,1,0,0,0,1,1,0,0,0,0,1,0,0
0.00294373,0,0,1,1,0,0,0,1,1,0,0,0,0,1,0,0
0.00294374,0,0,1,0,0,0,0,1,1,0,0,0,0,1,0,0
0.00294375,0,0,0,0,0,0,0,1,1,0,0,0,0,1,0,0
0.00294379,0,0,1,0,0,0,0,1,1,0,0,0,0,1,0,0
0.00294381,0,0,0,0,0,0,0,1,1,0,0,0,0,1,0,0
0.00294448,0,1,0,0,0,0,0,1,1,0,0,0,0,1,0,0
0.00294449,0,1,1,0,0,0,0,1,1,0,0,0,0,1,0,0
0.0029445,0,0,1,1,0,1,0,1,1,0,0,0,0,1,0,0
0.00294451,1,1,1,1,1,1,0,1,1,0,0,0,0,1,0,0
0.00294452,1,1,1,1,1,1,1,1,1,0,0,0,0,1,0,0
0.00294456,1,0,0,0,1,1,1,0,1,0,0,0,0,1,0,0
0.00294459,1,1,1,1,1,1,1,0,1,0,0,0,0,1,0,0
0.0029446,1,1,1,1,1,1,1,1,1,0,0,0,0,1,0,0
0.00294462,1,1,1,1,1,1,1,0,1,0,0,0,0,1,0,0
0.00294463,1,0,1,0,1,1,1,0,1,0,0,0,0,1,0,0
0.00294464,1,0,0,0,1,1,1,0,1,0,0,0,0,1,0,0
0.00294466,1,0,1,1,1,1,1,0,1,0,0,0,0,1,0,0
0.00294467,1,1,1,1,1,1,1,0,1,0,0,0,0,1,0,0
0.0029447,1,0,1,1,1,1,1,0,1,0,0,0,0,1,0,0
0.00294471,1,0,1,0,1,1,1,0,1,0,0,0,0,1,0,0
0.00294473,1,0,1,1,1,1,1,0,1,0,0,0,0,1,0,0
0.00294474,1,1,1,1,1,1,1,0,1,0,0,0,0,1,0,0
0.00294478,1,0,1,1,1,1,1,0,1,0,0,0,0,1,0,0
0.00294481,1,1,1,1,1,1,1,0,1,0,0,0,0,1,0,0
0.00294482,1,0,1,1,1,1,1,0,1,0,0,0,0,1,0,0
0.00294489,1,0,1,0,1,1,1,0,1,0,0,0,0,1,0,0
0.0029449,1,0,1,1,1,1,1,0,1,0,0,0,0,1,0,0
0.00294491,1,1,1,0,1,1,1,0,1,0,0,0,0,1,0,0
0.00294492,1,0,1,0,1,1,1,0,1,0,0,0,0,1,0,0
0.00294495,1,1,1,1,1,1,1,0,1,0,0,0,0,1,0,0
0.00294496,1,0,1,1,1,1,1,0,1,0,0,0,0,1,0,0
0.00294497,1,0,1,0,1,1,1,0,1,0,0,0,0,1,0,0
0.00294515,1,0,0,0,1,1,1,0,1,0,0,0,0,1,0,0
0.00294516,1,0,1,0,1,1,1,0,1,0,0,0,0,1,0,0
0.00294522,1,0,0,0,1,1,1,0,1,0,0,0,0,1,0,0
0.00294523,1,0,1,0,1,1,1,0,1,0,0,0,0,1,0,0
0.00294524,1,0,0,0,1,1,1,0,1,0,0,0,0,1,0,0
0.00294537,1,0,1,0,1,1,1,0,1,0,0,0,0,1,0,0
0.00294538,1,0,0,0,1,1,1,0,1,0,0,0,0,1,0,0
0.00294552,1,1,1,1,1,1,1,0,1,0,0,0,0,1,0,0
0.00294553,1,1,1,1,1,1,1,1,1,0,0,0,0,1,0,0
0.00294556,0,1,1,1,1,0,1,1,1,0,0,0,0,1,0,0
0.00294557,0,1,1,0,1,0,1,1,1,0,0,0,0,1,0,0
0.00294558,0,1,0,0,1,0,1,1,1,0,0,0,0,1,0,0
0.00294562,0,1,1,1,1,0,1,1,1,0,0,0,0,1,0,0
0.00294565,0,1,0,0,1,0,1,1,1,0,0,0,0,1,0,0
0.00294591,0,1,0,0,1,0,1,1,0,1,0,0,0,0,0,0
0.00294592,0,1,0,0,1,0,1,1,0,1,0,0,1,0,1,1
0.00294646,1,1,1,1,1,0,1,1,0,1,0,0,1,0,1,1
0.00294647,1,1,1,1,1,1,1,1,0,1,0,0,1,0,1,1
0.00294651,1,1,1,1,1,1,1,0,0,1,0,0,1,0,1,1
0.00294652,1,0,0,0,1,1,1,0,0,1,0,0,1,0,1,1
0.00294656,1,1,1,1,1,1,1,0,0,1,0,0,1,0,1,1
0.00294658,1,0,0,0,1,1,1,0,0,1,0,0,1,0,1,1
0.00294664,1,0,1,0,1,1,1,0,0,1,0,0,1,0,1,1
0.00294665,1,0,0,0,1,1,1,0,0,1,0,0,1,0,1,1
0.00294742,1,0,1,1,1,1,1,0,0,1,0,0,1,0,1,1
0.00294743,1,1,1,1,1,1,1,0,0,1,0,0,1,0,1,1
0.00294744,1,1,1,1,1,1,1,1,0,1,0,0,1,0,1,1
0.0029484,0,0,0,0,0,0,0,0,0,1,0,0,1,0,1,1
0.00294845,0,1,1,0,0,0,0,0,0,1,0,0,1,0,1,1
0.00294846,0,0,0,0,0,0,0,0,0,1,0,0,1,0,1,1
0.00294936,1,1,1,0,0,0,0,0,0,1,0,0,1,0,1,1
0.00294937,0,0,0,0,0,0,0,0,0,1,0,0,1,0,1,1
0.0029494,1,0,0,0,1,1,1,0,0,1,0,0,1,0,1,1
0.00294942,1,1,1,0,1,1,1,1,0,1,0,0,1,0,1,1
0.00294945,1,1,1,1,1,1,1,1,0,1,0,0,1,0,1,1
0.00294948,1,1,1,1,1,1,0,0,0,1,0,0,1,0,1,1
0.00294949,0,1,0,0,1,1,0,0,0,1,0,0,1,0,1,1
0.00294953,1,1,1,1,1,1,0,0,0,1,0,0,1,0,1,1
0.00294955,0,1,0,0,1,1,0,0,0,1,0,0,1,0,1,1
0.00294981,0,1,0,0,1,1,0,0,0,1,0,0,1,0,0,0
0.00294983,0,1,0,0,1,1,0,0,0,1,0,0,1,1,0,0
0.00295037,1,1,1,1,1,1,1,1,0,1,0,0,1,1,0,0
0.00295041,1,1,1,1,1,1,1,0,0,1,0,0,1,1,0,0
0.00295042,0,1,0,1,1,0,0,0,0,1,0,0,1,1,0,0
0.00295046,1,1,1,1,1,0,0,0,0,1,0,0,1,1,0,0
0.00295047,1,1,1,1,1,1,1,0,0,1,0,0,1,1,0,0
0.00295048,1,1,1,1,1,0,0,0,0,1,0,0,1,1,0,0
0.00295049,0,1,0,1,1,0,0,0,0,1,0,0,1,1,0,0
0.00295132,1,1,1,1,1,0,0,0,0,1,0,0,1,1,0,0
0.00295133,1,1,1,1,1,1,1,1,0,1,0,0,1,1,0,0
0.00295138,1,1,1,1,0,0,1,0,0,1,0,0,1,1,0,0
0.00295139,1,1,0,1,0,0,0,0,0,1,0,0,1,1,0,0
0.00295143,1,1,1,1,0,1,1,0,0,1,0,0,1,1,0,0
0.00295144,1,1,1,1,0,1,1,1,0,1,0,0,1,1,0,0
0.00295145,1,1,1,1,0,0,0,0,0,1,0,0,1,1,0,0
0.00295146,1,1,0,1,0,0,0,0,0,1,0,0,1,1,0,0
0.00295151,1,1,1,1,0,0,0,0,0,1,0,0,1,1,0,0
0.00295153,1,1,0,1,0,0,0,0,0,1,0,0,1,1,0,0
0.0029523,1,1,1,1,0,0,0,0,0,1,0,0,1,1,0,0
0.00295231,1,1,1,1,0,1,1,0,0,1,0,0,1,1,0,0
0.00295232,1,1,1,1,1,1,1,1,0,1,0,0,1,1,0,0
0.00295332,0,0,1,1,1,0,1,0,0,1,0,0,1,1,0,0
0.00295333,0,0,0,1,1,0,1,0,0,1,0,0,1,1,0,0
0.00295335,0,1,1,1,1,1,1,1,0,1,0,0,1,1,0,0
0.00295337,1,1,1,1,1,1,1,1,0,1,0,0,1,1,0,0
0.0029534,1,1,1,0,0,1,1,1,0,1,0,0,1,1,0,0
0.00295341,0,1,1,0,0,1,0,1,0,1,0,0,1,1,0,0
0.00295345,1,1,1,0,0,1,0,1,0,1,0,0,1,1,0,0
0.00295347,0,1,1,0,0,1,0,1,0,1,0,0,1,1,0,0
0.00295372,0,1,1,0,0,1,0,1,0,1,0,0,0,1,0,0
0.00295373,0,1,1,0,0,1,0,1,0,1,1,0,0,1,0,1
0.00295427,1,1,1,1,1,1,0,1,0,1,1,0,0,1,0,1
0.00295428,1,1,1,1,1,1,1,1,0,1,1,0,0,1,0,1
0.00295431,1,0,1,1,1,0,1,0,0,1,1,0,0,1,0,1
0.00295432,0,0,0,0,0,0,1,0,0,1,1,0,0,1,0,1
0.00295436,1,1,1,1,0,1,1,1,0,1,1,0,0,1,0,1
0.0029544,1,0,1,0,0,0,1,0,0,1,1,0,0,1,0,1
0.00295441,0,0,0,0,0,0,1,0,0,1,1,0,0,1,0,1
0.00295444,1,0,1,0,0,1,1,0,0,1,1,0,0,1,0,1
0.00295445,1,1,1,1,0,1,1,0,0,1,1,0,0,1,0,1
0.00295446,1,0,1,0,0,1,1,0,0,1,1,0,0,1,0,1
0.00295448,0,0,0,0,0,0,1,0,0,1,1,0,0,1,0,1
0.00295452,1,0,0,0,0,0,1,0,0,1,1,0,0,1,0,1
0.00295453,0,0,0,0,0,0,1,0,0,1,1,0,0,1,0,1
0.00295471,0,0,1,0,0,0,1,0,0,1,1,0,0,1,0,1
0.00295472,0,0,0,0,0,0,1,0,0,1,1,0,0,1,0,1
0.00295523,1,1,1,1,0,0,1,0,0,1,1,0,0,1,0,1
0.00295524,1,1,1,1,1,1,1,1,0,1,1,0,0,1,0,1
0.0029553,0,0,0,0,0,0,0,1,0,1,1,0,0,1,0,1
0.00295534,1,1,1,1,0,1,0,1,0,1,1,0,0,1,0,1
0.00295535,1,1,1,1,1,1,0,1,0,1,1,0,0,1,0,1
0.00295537,1,1,1,1,0,1,0,1,0,1,1,0,0,1,0,1
0.00295539,0,0,0,0,0,0,0,1,0,1,1,0,0,1,0,1
0.00295541,0,0,1,0,0,0,0,1,0,1,1,0,0,1,0,1
0.00295542,1,1,1,1,0,1,0,1,0,1,1,0,0,1,0,1
0.00295546,1,1,1,0,0,0,0,1,0,1,1,0,0,1,0,1
0.00295547,0,0,1,0,0,0,0,1,0,1,1,0,0,1,0,1
0.0029555,1,1,1,0,0,0,0,1,0,1,1,0,0,1,0,1
0.00295551,1,1,1,1,0,1,0,1,0,1,1,0,0,1,0,1
0.00295553,1,1,1,0,0,0,0,1,0,1,1,0,0,1,0,1
0.00295555,1,0,1,0,0,0,0,1,0,1,1,0,0,1,0,1
0.00295556,0,0,1,0,0,0,0,1,0,1,1,0,0,1,0,1
0.00295558,1,1,1,0,0,0,0,1,0,1,1,0,0,1,0,1
0.00295562,0,0,1,0,0,0,0,1,0,1,1,0,0,1,0,1
0.00295568,1,1,1,1,0,1,0,1,0,1,1,0,0,1,0,1
0.00295569,1,1,1,0,0,0,0,1,0,1,1,0,0,1,0,1
0.0029557,0,0,1,0,0,0,0,1,0,1,1,0,0,1,0,1
0.00295577,1,0,1,0,0,0,0,1,0,1,1,0,0,1,0,1
0.00295578,0,0,1,0,0,0,0,1,0,1,1,0,0,1,0,1
0.00295607,0,0,0,0,0,0,0,1,0,1,1,0,0,1,0,1
0.00295608,0,0,1,0,0,0,0,1,0,1,1,0,0,1,0,1
0.00295609,0,0,0,0,0,0,0,1,0,1,1,0,0,1,0,1
0.00295611,0,0,1,0,0,0,0,1,0,1,1,0,0,1,0,1
0.00295612,0,0,0,0,0,0,0,1,0,1,1,0,0,1,0,1
0.00295614,0,0,1,0,0,0,0,1,0,1,1,0,0,1,0,1
0.00295615,0,0,0,0,0,0,0,1,0,1,1,0,0,1,0,1
0.00295618,0,0,1,0,0,0,0,1,0,1,1,0,0,1,0,1
0.00295619,0,0,0,0,0,0,0,1,0,1,1,0,0,1,0,1
0.0029562,0,0,1,0,0,0,0,1,0,1,1,0,0,1,0,1
0.00295622,1,1,1,1,1,1,0,1,0,1,1,0,0,1,0,1
0.00295623,1,1,1,1,1,1,1,1,0,1,1,0,0,1,0,1
0.00295627,0,1,1,1,0,1,0,0,0,1,1,0,0,1,0,1
0.00295631,1,1,1,1,1,1,1,1,0,1,1,0,0,1,0,1
0.00295633,1,1,1,1,0,1,1,0,0,1,1,0,0,1,0,1
0.00295634,0,1,1,1,0,1,0,0,0,1,1,0,0,1,0,1
0.00295638,1,1,1,1,0,1,0,0,0,1,1,0,0,1,0,1
0.00295641,0,1,1,1,0,1,0,0,0,1,1,0,0,1,0,1
0.00295645,1,1,1,1,0,1,0,0,0,1,1,0,0,1,0,1
0.00295648,0,1,1,1,0,1,0,0,0,1,1,0,0,1,0,1
0.00295718,1,1,1,1,0,1,1,0,0,1,1,0,0,1,0,1
0.00295719,1,1,1,1,1,1,1,1,0,1,1,0,0,1,0,1
0.00295821,0,1,1,1,0,1,0,0,0,1,1,0,0,1,0,1
0.00295825,1,1,1,1,0,1,1,1,0,1,1,0,0,1,0,1
0.00295826,1,1,1,1,1,1,1,1,0,1,1,0,0,1,0,1
0.00295827,0,1,1,1,0,1,0,0,0,1,1,0,0,1,0,1
0.00295924,1,1,1,1,1,1,1,1,0,1,1,0,0,1,0,1
0.00295925,0,0,1,0,1,0,1,1,0,1,1,0,0,1,0,1
0.00295926,0,0,1,0,1,0,0,0,0,1,1,0,0,1,0,1
0.0029593,1,0,1,0,1,0,1,0,0,1,1,0,0,1,0,1
0.00295932,0,0,1,0,1,0,0,0,0,1,1,0,0,1,0,1
0.00295958,0,0,1,0,1,0,0,0,0,0,1,0,0,0,0,0
0.00295959,0,0,1,0,1,0,0,0,0,0,1,0,1,0,0,0
0.00296013,1,1,1,1,1,1,1,1,0,0,1,0,1,0,0,0
0.00296017,0,0,0,0,0,0,1,0,0,0,1,0,1,0,0,0
0.00296022,0,0,0,0,0,1,1,0,0,0,1,0,1,0,0,0
0.00296023,1,1,1,1,0,1,1,0,0,0,1,0,1,0,0,0
0.00296025,0,0,0,0,0,0,1,0,0,0,1,0,1,0,0,0
0.00296108,0,0,1,0,0,1,1,0,0,0,1,0,1,0,0,0
0.00296109,1,1,1,1,1,1,1,1,0,0,1,0,1,0,0,0
0.00296116,0,0,0,0,0,0,0,1,0,0,1,0,1,0,0,0
0.0029612,1,1,1,1,0,1,0,1,0,0,1,0,1,0,0,0
0.00296121,1,1,1,1,1,1,0,1,0,0,1,0,1,0,0,0
0.00296122,1,1,1,1,0,1,0,1,0,0,1,0,1,0,0,0
0.00296123,1,0,1,1,0,1,0,1,0,0,1,0,1,0,0,0
0.00296124,0,0,0,0,0,0,0,1,0,0,1,0,1,0,0,0
0.00296129,0,0,1,0,0,0,0,1,0,0,1,0,1,0,0,0
0.00296131,0,0,0,0,0,0,0,1,0,0,1,0,1,0,0,0
0.00296206,1,1,1,1,0,0,0,1,0,0,1,0,1,0,0,0
0.00296208,1,1,1,1,1,1,0,1,0,0,1,0,1,0,0,0
0.00296209,1,1,1,1,1,1,1,1,0,0,1,0,1,0,0,0
0.00296213,1,1,0,0,1,0,0,0,0,0,1,0,1,0,0,0
0.00296217,1,1,1,1,1,1,1,0,0,0,1,0,1,0,0,0
0.0029622,1,1,1,0,1,0,0,0,0,0,1,0,1,0,0,0
0.00296221,1,1,0,0,1,0,0,0,0,0,1,0,1,0,0,0
0.00296225,1,1,1,0,1,0,0,0,0,0,1,0,1,0,0,0
0.00296227,1,1,0,0,1,0,0,0,0,0,1,0,1,0,0,0
0.0029625,1,1,0,0,1,0,0,0,0,0,0,0,1,0,0,0
0.00296251,1,1,0,0,1,0,0,0,0,1,0,0,1,0,0,0
0.00296252,1,1,0,0,1,0,0,0,1,1,0,0,1,0,0,0
0.00296258,1,1,0,0,1,0,0,0,0,0,0,0,0,0,0,0
0.00296259,1,1,0,0,1,0,0,0,1,1,0,0,1,0,0,0
0.00296303,1,1,1,1,1,0,0,0,1,1,0,0,1,0,0,0
0.00296305,1,1,1,0,1,1,1,1,1,1,0,0,1,0,0,0
0.00296306,1,1,1,1,1,1,1,0,1,1,0,0,1,0,0,0
0.00296308,1,1,1,1,1,1,1,1,1,1,0,0,1,0,0,0
0.00296311,1,0,1,0,1,1,1,0,1,1,0,0,1,0,0,0
0.00296312,1,0,0,0,1,1,1,0,1,1,0,0,1,0,0,0
0.00296315,1,0,1,1,1,1,1,0,1,1,0,0,1,0,0,0
0.00296316,1,1,1,1,1,1,1,1,1,1,0,0,1,0,0,0
0.00296317,1,1,1,1,1,1,1,0,1,1,0,0,1,0,0,0
0.00296318,1,0,0,0,1,1,1,0,1,1,0,0,1,0,0,0
0.00296323,1,0,1,0,1,1,1,0,1,1,0,0,1,0,0,0
0.00296325,1,0,0,0,1,1,1,0,1,1,0,0,1,0,0,0
0.00296401,1,1,0,0,1,1,1,0,1,1,0,0,1,0,0,0
0.00296402,1,1,1,0,1,1,1,0,1,1,0,0,1,0,0,0
0.00296403,1,1,1,1,1,1,1,1,1,1,0,0,1,0,0,0
0.00296404,1,1,1,1,1,1,1,0,1,1,0,0,1,0,0,0
0.00296406,1,1,1,1,1,1,1,1,1,1,0,0,1,0,0,0
0.00296408,0,1,0,0,1,0,0,0,1,1,0,0,1,0,0,0
0.00296413,1,1,1,1,1,0,0,0,1,1,0,0,1,0,0,0
0.00296414,0,1,1,1,1,0,0,0,1,1,0,0,1,0,0,0
0.00296415,0,1,1,0,1,0,0,0,1,1,0,0,1,0,0,0
0.00296416,0,1,0,0,1,0,0,0,1,1,0,0,1,0,0,0
0.00296446,0,1,0,0,1,0,0,0,0,1,0,0,1,0,0,0
0.00296453,0,1,0,0,1,0,0,0,0,0,0,0,0,0,0,0
0.00296454,0,1,0,0,1,0,0,0,0,1,0,0,1,0,0,0
0.00296501,1,1,1,1,1,0,0,0,0,1,0,0,1,0,0,0
0.00296502,1,1,1,1,1,1,0,0,0,1,0,0,1,0,0,0
0.00296503,1,1,1,1,1,1,1,1,0,1,0,0,1,0,0,0
0.00296506,1,1,0,0,1,1,1,0,0,1,0,0,1,0,0,0
0.00296507,1,1,0,0,1,1,0,0,0,1,0,0,1,0,0,0
0.0029651,1,1,1,1,1,1,0,0,0,1,0,0,1,0,0,0
0.00296511,1,1,1,1,1,1,1,1,0,1,0,0,1,0,0,0
0.00296512,1,1,1,1,1,1,0,0,0,1,0,0,1,0,0,0
0.00296513,1,1,0,0,1,1,0,0,0,1,0,0,1,0,0,0
0.00296597,1,1,1,1,1,1,1,0,0,1,0,0,1,0,0,0
0.00296598,1,1,0,0,1,1,1,1,0,1,0,0,1,0,0,0
0.00296599,1,1,1,1,1,1,1,1,0,1,0,0,1,0,0,0
0.00296603,1,0,1,0,1,0,1,1,0,1,0,0,1,0,0,0
0.00296604,1,0,0,0,1,0,0,0,0,1,0,0,1,0,0,0
0.00296607,1,0,1,1,1,0,0,0,0,1,0,0,1,0,0,0
0.00296608,1,1,1,1,1,1,1,1,0,1,0,0,1,0,0,0
0.0029661,1,1,1,1,1,0,1,0,0,1,0,0,1,0,0,0
0.00296611,1,0,1,1,1,0,0,0,0,1,0,0,1,0,0,0
0.00296612,1,0,0,0,1,0,0,0,0,1,0,0,1,0,0,0
0.00296615,1,0,1,0,1,0,0,0,0,1,0,0,1,0,0,0
0.00296616,1,0,1,1,1,0,0,0,0,1,0,0,1,0,0,0
0.00296619,1,0,0,0,1,0,0,0,0,1,0,0,1,0,0,0
0.00296624,1,0,1,0,1,0,0,0,0,1,0,0,1,0,0,0
0.00296625,1,0,0,0,1,0,0,0,0,1,0,0,1,0,0,0
0.00296641,1,0,0,0,1,0,0,0,0,0,0,0,1,0,0,0
0.00296642,1,0,0,0,1,0,0,0,1,0,0,0,1,0,0,0
0.00296648,1,0,0,0,1,0,0,0,1,0,0,0,0,0,0,0
0.00296649,1,0,0,0,1,0,0,0,0,0,0,0,1,0,0,0
0.0029665,1,0,0,0,1,0,0,0,1,0,0,0,1,0,0,0
0.00296694,1,1,1,0,1,0,0,0,1,0,0,0,1,0,0,0
0.00296695,1,1,1,1,1,0,0,0,1,0,0,0,1,0,0,0
0.00296696,1,1,1,1,1,1,1,1,1,0,0,0,1,0,0,0
0.00296697,1,1,1,1,1,1,1,0,1,0,0,0,1,0,0,0
0.00296698,1,1,1,1,1,1,1,1,1,0,0,0,1,0,0,0
0.00296702,0,0,1,1,1,0,1,0,1,0,0,0,1,0,0,0
0.00296706,1,1,1,1,1,1,1,1,1,0,0,0,1,0,0,0
0.00296708,0,1,1,1,1,0,1,0,1,0,0,0,1,0,0,0
0.00296709,0,0,1,1,1,0,1,0,1,0,0,0,1,0,0,0
0.00296792,1,1,1,1,1,0,1,0,1,0,0,0,1,0,0,0
0.00296794,1,1,1,1,1,1,1,1,1,0,0,0,1,0,0,0
0.00296795,1,1,1,1,1,1,1,0,1,0,0,0,1,0,0,0
0.00296797,1,1,1,1,1,1,1,1,1,0,0,0,1,0,0,0
0.00296798,1,1,1,1,0,1,1,1,1,0,0,0,1,0,0,0
0.00296799,1,1,1,0,0,1,0,0,1,0,0,0,1,0,0,0
0.00296803,1,1,1,1,0,1,1,1,1,0,0,0,1,0,0,0
0.00296804,1,1,1,1,0,1,0,1,1,0,0,0,1,0,0,0
0.00296805,1,1,1,0,0,1,0,0,1,0,0,0,1,0,0,0
0.00296836,1,1,1,0,0,1,0,0,1,0,0,0,0,0,0,0
0.00296837,1,1,1,0,0,1,0,0,1,1,1,0,0,1,0,0
0.00296891,1,1,1,1,0,1,0,0,1,1,1,0,0,1,0,0
0.00296892,1,1,1,1,0,1,1,1,1,1,1,0,0,1,0,0
0.00296894,1,1,1,0,0,1,1,0,1,1,1,0,0,1,0,0
0.00296895,1,1,1,1,1,1,1,1,1,1,1,0,0,1,0,0
0.00296897,0,0,0,0,0,0,1,0,1,1,1,0,0,1,0,0
0.00296902,0,0,1,1,0,1,1,1,1,1,1,0,0,1,0,0
0.00296903,0,0,0,1,0,1,1,1,1,1,1,0,0,1,0,0
0.00296904,0,0,0,0,0,0,1,0,1,1,1,0,0,1,0,0
0.00296989,0,0,0,0,0,0,1,1,1,1,1,0,0,1,0,0
0.00296991,0,1,1,1,0,0,0,1,1,1,1,0,0,1,0,0
0.00296992,0,0,0,0,0,0,0,1,1,1,1,0,0,1,0,0
0.00297088,0,0,0,0,0,0,0,0,1,1,1,0,0,1,0,0
0.00297091,0,1,1,1,0,1,0,0,1,1,1,0,0,1,0,0
0.00297093,1,1,1,1,1,1,1,0,1,1,1,0,0,1,0,0
0.00297094,1,1,1,1,1,1,1,1,1,1,1,0,0,1,0,0
0.00297095,0,1,1,1,0,1,0,0,1,1,1,0,0,1,0,0
0.00297189,1,1,1,1,1,1,1,0,1,1,1,0,0,1,0,0
0.00297191,1,1,1,1,1,1,1,1,1,1,1,0,0,1,0,0
0.00297196,1,1,0,0,1,1,1,1,1,1,1,0,0,1,0,0
0.00297197,0,1,0,0,1,0,1,1,1,1,1,0,0,1,0,0
0.00297201,1,1,1,1,1,1,1,1,1,1,1,0,0,1,0,0
0.00297203,0,1,0,0,1,0,1,1,1,1,1,0,0,1,0,0
0.00297227,0,1,0,0,1,0,1,1,0,1,0,0,0,0,0,0
0.00297228,0,1,0,0,1,0,1,1,0,1,0,0,1,0,1,1
0.0029728,0,1,1,1,1,0,1,1,0,1,0,0,1,0,1,1
0.00297281,0,1,1,0,1,1,1,1,0,1,0,0,1,0,1,1
0.00297282,1,1,1,1,1,0,1,1,0,1,0,0,1,0,1,1
0.00297283,1,1,1,1,1,1,1,1,0,1,0,0,1,0,1,1
0.00297287,0,1,1,1,0,1,0,0,0,1,0,0,1,0,1,1
0.00297291,1,1,1,1,0,1,0,0,0,1,0,0,1,0,1,1
0.00297292,1,1,1,1,0,1,1,0,0,1,0,0,1,0,1,1
0.00297293,1,1,1,1,0,1,0,0,0,1,0,0,1,0,1,1
0.00297294,0,1,1,1,0,1,0,0,0,1,0,0,1,0,1,1
0.00297378,1,1,1,1,0,1,0,0,0,1,0,0,1,0,1,1
0.00297379,1,1,1,1,0,1,1,0,0,1,0,0,1,0,1,1
0.0029738,1,1,1,1,1,1,1,1,0,1,0,0,1,0,1,1
0.00297476,0,0,0,0,0,0,0,0,0,1,0,0,1,0,1,1
0.00297479,1,1,1,0,0,0,0,0,0,1,0,0,1,0,1,1
0.0029748,1,0,1,0,0,0,0,0,0,1,0,0,1,0,1,1
0.00297481,1,0,0,0,0,0,0,0,0,1,0,0,1,0,1,1
0.00297482,0,0,0,0,0,0,0,0,0,1,0,0,1,0,1,1
0.00297571,0,0,1,0,0,0,0,0,0,1,0,0,1,0,1,1
0.00297572,1,1,1,0,0,0,0,0,0,1,0,0,1,0,1,1
0.00297573,0,0,1,0,0,0,0,0,0,1,0,0,1,0,1,1
0.00297574,0,0,0,0,0,0,0,0,0,1,0,0,1,0,1,1
0.00297576,0,1,1,1,0,1,0,0,0,1,0,0,1,0,1,1
0.00297578,1,1,1,1,1,1,0,1,0,1,0,0,1,0,1,1
0.00297579,1,1,1,1,1,1,1,1,0,1,0,0,1,0,1,1
0.00297584,1,1,1,0,1,1,1,0,0,1,0,0,1,0,1,1
0.00297585,0,1,0,0,1,1,0,0,0,1,0,0,1,0,1,1
0.00297589,1,1,1,1,1,1,1,1,0,1,0,0,1,0,1,1
0.00297591,1,1,1,0,1,1,0,0,0,1,0,0,1,0,1,1
0.00297592,0,1,0,0,1,1,0,0,0,1,0,0,1,0,1,1
0.00297597,0,1,1,0,1,1,0,0,0,1,0,0,1,0,1,1
0.00297598,0,1,0,0,1,1,0,0,0,1,0,0,1,0,1,1
0.00297617,0,1,0,0,1,1,0,0,0,1,0,0,1,0,0,0
0.00297619,0,1,0,0,1,1,0,0,0,1,0,0,1,1,0,0
0.00297672,1,1,1,0,1,1,0,0,0,1,0,0,1,1,0,0
0.00297673,1,1,1,1,1,1,1,1,0,1,0,0,1,1,0,0
0.00297677,1,0,1,1,1,0,0,0,0,1,0,0,1,1,0,0
0.00297682,1,0,1,1,1,0,1,1,0,1,0,0,1,1,0,0
0.00297683,1,0,1,1,1,0,0,0,0,1,0,0,1,1,0,0
0.00297769,1,1,1,1,1,0,0,0,0,1,0,0,1,1,0,0
0.0029777,1,1,1,1,1,1,1,1,0,1,0,0,1,1,0,0
0.00297775,1,1,1,1,0,0,0,0,0,1,0,0,1,1,0,0
0.00297776,1,1,0,1,0,0,0,0,0,1,0,0,1,1,0,0
0.0029778,1,1,1,1,0,1,1,0,0,1,0,0,1,1,0,0
0.00297782,1,1,0,1,0,0,0,0,0,1,0,0,1,1,0,0
0.00297867,1,1,1,1,0,0,0,0,0,1,0,0,1,1,0,0
0.00297868,1,1,1,1,1,1,1,1,0,1,0,0,1,1,0,0
0.00297968,0,0,1,1,1,1,1,1,0,1,0,0,1,1,0,0
0.00297969,0,0,0,1,1,0,1,0,0,1,0,0,1,1,0,0
0.00297971,0,1,1,1,1,1,1,1,0,1,0,0,1,1,0,0
0.00297973,1,1,1,1,1,1,1,1,0,1,0,0,1,1,0,0
0.00297976,1,1,1,0,0,1,1,1,0,1,0,0,1,1,0,0
0.00297977,0,1,1,0,0,1,0,1,0,1,0,0,1,1,0,0
0.00297981,1,1,1,0,0,1,0,1,0,1,0,0,1,1,0,0
0.00297983,0,1,1,0,0,1,0,1,0,1,0,0,1,1,0,0
0.00298008,0,1,1,0,0,1,0,1,0,1,0,0,0,1,0,0
0.00298009,0,1,1,0,0,1,0,1,0,1,1,0,0,1,0,1
0.00298016,0,1,1,0,0,1,0,1,0,1,1,0,0,1,0,0
0.00298017,0,1,1,0,0,1,0,1,0,1,1,0,0,1,0,1
0.00298061,1,1,1,1,0,1,0,1,0,1,1,0,0,1,0,1
0.00298063,1,1,1,1,1,1,1,1,0,1,1,0,0,1,0,1
0.00298069,0,0,0,0,0,0,1,0,0,1,1,0,0,1,0,1
0.00298073,1,1,1,1,0,1,1,1,0,1,1,0,0,1,0,1
0.00298074,1,1,1,1,1,1,1,1,0,1,1,0,0,1,0,1
0.00298076,1,1,1,1,0,1,1,1,0,1,1,0,0,1,0,1
0.00298077,1,0,1,1,0,1,1,1,0,1,1,0,0,1,0,1
0.00298078,0,0,0,0,0,0,1,0,0,1,1,0,0,1,0,1
0.00298081,1,0,1,1,0,1,1,0,0,1,1,0,0,1,0,1
0.00298082,1,0,1,1,0,1,1,1,0,1,1,0,0,1,0,1
0.00298084,1,0,1,1,0,1,1,0,0,1,1,0,0,1,0,1
0.00298085,1,0,0,0,0,1,1,0,0,1,1,0,0,1,0,1
0.00298086,0,0,0,0,0,0,1,0,0,1,1,0,0,1,0,1
0.00298089,1,0,0,0,0,1,1,0,0,1,1,0,0,1,0,1
0.00298091,1,0,1,0,0,1,1,0,0,1,1,0,0,1,0,1
0.00298093,0,0,0,0,0,1,1,0,0,1,1,0,0,1,0,1
0.00298094,0,0,0,0,0,0,1,0,0,1,1,0,0,1,0,1
0.00298096,0,0,0,0,0,1,1,0,0,1,1,0,0,1,0,1
0.00298101,0,0,0,0,0,0,1,0,0,1,1,0,0,1,0,1
0.00298103,0,0,0,0,0,1,1,0,0,1,1,0,0,1,0,1
0.00298105,0,0,0,0,0,0,1,0,0,1,1,0,0,1,0,1
0.00298106,0,0,0,0,0,1,1,0,0,1,1,0,0,1,0,1
0.00298107,1,0,1,0,0,1,1,0,0,1,1,0,0,1,0,1
0.00298108,0,0,0,0,0,1,1,0,0,1,1,0,0,1,0,1
0.00298109,0,0,0,0,0,0,1,0,0,1,1,0,0,1,0,1
0.00298159,1,1,1,1,0,0,1,0,0,1,1,0,0,1,0,1
0.0029816,1,1,1,1,1,1,1,1,0,1,1,0,0,1,0,1
0.00298165,0,0,0,0,0,0,0,1,0,1,1,0,0,1,0,1
0.00298168,1,1,1,1,0,1,0,1,0,1,1,0,0,1,0,1
0.00298169,1,1,1,1,1,1,1,1,0,1,1,0,0,1,0,1
0.00298172,1,1,1,1,0,1,1,1,0,1,1,0,0,1,0,1
0.00298173,1,1,1,1,0,1,0,1,0,1,1,0,0,1,0,1
0.00298174,0,0,0,0,0,0,0,1,0,1,1,0,0,1,0,1
0.00298176,0,0,1,1,0,1,0,1,0,1,1,0,0,1,0,1
0.00298177,1,1,1,1,0,1,0,1,0,1,1,0,0,1,0,1
0.00298178,1,1,1,1,0,1,1,1,0,1,1,0,0,1,0,1
0.00298179,1,1,1,1,0,1,0,1,0,1,1,0,0,1,0,1
0.00298183,0,0,1,1,0,1,0,1,0,1,1,0,0,1,0,1
0.00298184,1,1,1,1,0,1,0,1,0,1,1,0,0,1,0,1
0.00298195,0,1,1,1,0,1,0,1,0,1,1,0,0,1,0,1
0.00298196,1,1,1,1,0,1,0,1,0,1,1,0,0,1,0,1
0.00298198,0,1,1,1,0,1,0,1,0,1,1,0,0,1,0,1
0.00298199,1,1,1,1,0,1,0,1,0,1,1,0,0,1,0,1
0.00298201,1,0,1,1,0,1,0,1,0,1,1,0,0,1,0,1
0.00298204,1,1,1,1,0,1,0,1,0,1,1,0,0,1,0,1
0.00298206,0,0,1,1,0,1,0,1,0,1,1,0,0,1,0,1
0.00298208,1,1,1,1,0,1,0,1,0,1,1,0,0,1,0,1
0.00298209,1,0,1,1,0,1,0,1,0,1,1,0,0,1,0,1
0.00298212,1,1,1,1,0,1,0,1,0,1,1,0,0,1,0,1
0.00298213,0,0,1,1,0,1,0,1,0,1,1,0,0,1,0,1
0.00298216,1,0,1,1,0,1,0,1,0,1,1,0,0,1,0,1
0.00298217,0,0,1,1,0,1,0,1,0,1,1,0,0,1,0,1
0.00298218,1,0,1,1,0,1,0,1,0,1,1,0,0,1,0,1
0.00298219,0,0,1,1,0,1,0,1,0,1,1,0,0,1,0,1
0.0029824,0,0,1,0,0,1,0,1,0,1,1,0,0,1,0,1
0.00298241,0,0,1,1,0,1,0,1,0,1,1,0,0,1,0,1
0.00298242,0,0,1,0,0,1,0,1,0,1,1,0,0,1,0,1
0.00298245,0,0,1,1,0,1,0,1,0,1,1,0,0,1,0,1
0.00298246,0,0,1,0,0,1,0,1,0,1,1,0,0,1,0,1
0.00298247,0,0,1,1,0,1,0,1,0,1,1,0,0,1,0,1
0.00298248,0,0,1,0,0,1,0,1,0,1,1,0,0,1,0,1
0.00298251,0,0,0,0,0,1,0,1,0,1,1,0,0,1,0,1
0.00298253,0,0,1,0,0,1,0,1,0,1,1,0,0,1,0,1
0.00298255,0,0,1,1,0,1,0,1,0,1,1,0,0,1,0,1
0.00298256,1,1,1,1,0,0,0,1,0,1,1,0,0,1,0,1
0.00298258,1,1,1,1,1,1,1,1,0,1,1,0,0,1,0,1
0.00298264,0,1,1,1,0,1,0,0,0,1,1,0,0,1,0,1
0.00298268,1,1,1,1,1,1,1,0,0,1,1,0,0,1,0,1
0.00298269,1,1,1,1,1,1,1,1,0,1,1,0,0,1,0,1
0.0029827,1,1,1,1,0,1,1,0,0,1,1,0,0,1,0,1
0.00298271,0,1,1,1,0,1,0,0,0,1,1,0,0,1,0,1
0.00298276,1,1,1,1,0,1,0,0,0,1,1,0,0,1,0,1
0.00298277,0,1,1,1,0,1,0,0,0,1,1,0,0,1,0,1
0.00298354,1,1,1,1,0,1,1,0,0,1,1,0,0,1,0,1
0.00298355,1,1,1,1,1,1,1,1,0,1,1,0,0,1,0,1
0.00298457,0,1,1,1,0,1,0,0,0,1,1,0,0,1,0,1
0.00298461,1,1,1,1,0,1,1,0,0,1,1,0,0,1,0,1
0.00298462,1,1,1,1,1,1,1,1,0,1,1,0,0,1,0,1
0.00298463,0,1,1,1,0,1,1,0,0,1,1,0,0,1,0,1
0.00298464,0,1,1,1,0,1,0,0,0,1,1,0,0,1,0,1
0.0029856,1,1,1,1,1,1,1,1,0,1,1,0,0,1,0,1
0.00298561,1,0,1,0,1,1,1,1,0,1,1,0,0,1,0,1
0.00298562,0,0,1,0,1,0,0,0,0,1,1,0,0,1,0,1
0.00298566,1,0,1,0,1,0,1,0,0,1,1,0,0,1,0,1
0.00298567,1,0,1,0,1,0,1,1,0,1,1,0,0,1,0,1
0.00298568,0,0,1,0,1,0,0,0,0,1,1,0,0,1,0,1
0.00298594,0,0,1,0,1,0,0,0,0,0,1,0,0,0,0,0
0.00298595,0,0,1,0,1,0,0,0,0,0,1,0,1,0,0,0
0.00298647,1,0,1,0,1,0,0,0,0,0,1,0,1,0,0,0
0.00298648,0,0,1,0,1,0,0,0,0,0,1,0,1,0,0,0
0.00298649,1,1,1,1,1,1,1,1,0,0,1,0,1,0,0,0
0.00298655,0,0,0,0,0,0,1,0,0,0,1,0,1,0,0,0
0.00298659,1,1,1,1,0,1,1,1,0,0,1,0,1,0,0,0
0.0029866,1,1,1,1,1,1,1,1,0,0,1,0,1,0,0,0
0.00298661,1,1,1,1,0,1,1,1,0,0,1,0,1,0,0,0
0.00298662,1,0,1,1,0,1,1,0,0,0,1,0,1,0,0,0
0.00298663,0,0,0,0,0,1,1,0,0,0,1,0,1,0,0,0
0.00298664,0,0,0,0,0,0,1,0,0,0,1,0,1,0,0,0
0.00298667,0,0,0,0,0,1,1,0,0,0,1,0,1,0,0,0
0.00298668,0,0,0,1,0,1,1,0,0,0,1,0,1,0,0,0
0.0029867,0,0,0,0,0,1,1,0,0,0,1,0,1,0,0,0
0.00298671,0,0,0,0,0,0,1,0,0,0,1,0,1,0,0,0
0.00298745,1,1,1,1,0,0,1,1,0,0,1,0,1,0,0,0
0.00298746,1,1,1,1,1,1,1,1,0,0,1,0,1,0,0,0
0.00298751,0,1,1,0,0,1,1,1,0,0,1,0,1,0,0,0
0.00298752,0,0,0,0,0,0,0,1,0,0,1,0,1,0,0,0
0.00298755,0,0,1,0,0,1,0,1,0,0,1,0,1,0,0,0
0.00298756,1,1,1,1,1,1,1,1,0,0,1,0,1,0,0,0
0.00298758,1,1,1,1,0,1,1,1,0,0,1,0,1,0,0,0
0.00298759,0,0,1,0,0,1,0,1,0,0,1,0,1,0,0,0
0.0029876,0,0,0,0,0,0,0,1,0,0,1,0,1,0,0,0
0.00298764,0,0,1,1,0,1,0,1,0,0,1,0,1,0,0,0
0.00298766,0,0,1,0,0,1,0,1,0,0,1,0,1,0,0,0
0.00298767,0,0,0,0,0,1,0,1,0,0,1,0,1,0,0,0
0.00298768,0,0,0,0,0,0,0,1,0,0,1,0,1,0,0,0
0.00298772,0,0,0,0,0,1,0,1,0,0,1,0,1,0,0,0
0.00298775,0,0,0,0,0,0,0,1,0,0,1,0,1,0,0,0
0.00298844,0,0,1,0,0,0,0,1,0,0,1,0,1,0,0,0
0.00298845,1,1,1,1,1,1,1,1,0,0,1,0,1,0,0,0
0.00298849,1,1,1,1,1,1,1,0,0,0,1,0,1,0,0,0
0.0029885,1,1,0,0,1,0,0,0,0,0,1,0,1,0,0,0
0.00298853,1,1,1,1,1,1,1,0,0,0,1,0,1,0,0,0
0.00298854,1,1,1,1,1,1,1,1,0,0,1,0,1,0,0,0
0.00298856,1,1,1,1,1,1,1,0,0,0,1,0,1,0,0,0
0.00298857,1,1,1,0,1,0,0,0,0,0,1,0,1,0,0,0
0.00298858,1,1,0,0,1,0,0,0,0,0,1,0,1,0,0,0
0.00298861,1,1,1,1,1,1,1,0,0,0,1,0,1,0,0,0
0.00298864,1,1,1,0,1,1,0,0,0,0,1,0,1,0,0,0
0.00298865,1,1,1,0,1,0,0,0,0,0,1,0,1,0,0,0
0.00298866,1,1,0,0,1,0,0,0,0,0,1,0,1,0,0,0
0.00298868,1,1,1,0,1,1,0,0,0,0,1,0,1,0,0,0
0.00298869,1,1,1,1,1,1,0,0,0,0,1,0,1,0,0,0
0.00298871,1,1,1,0,1,1,0,0,0,0,1,0,1,0,0,0
0.00298872,1,1,1,0,1,0,0,0,0,0,1,0,1,0,0,0
0.00298876,1,1,1,0,1,1,0,0,0,0,1,0,1,0,0,0
0.0029888,1,1,1,0,1,0,0,0,0,0,1,0,1,0,0,0
0.00298882,1,1,0,0,1,0,0,0,0,0,1,0,1,0,0,0
0.00298883,1,1,1,0,1,0,0,0,0,0,1,0,1,0,0,0
0.00298887,1,1,1,0,1,1,0,0,0,1,0,0,1,0,0,0
0.00298888,1,1,0,0,1,0,0,0,1,1,0,0,1,0,0,0
0.00298891,1,1,1,0,1,0,0,0,1,1,0,0,1,0,0,0
0.00298892,1,1,1,1,1,1,0,0,1,1,0,0,1,0,0,0
0.00298893,1,1,1,0,1,1,0,0,1,1,0,0,1,0,0,0
0.00298894,1,1,1,0,1,0,0,0,0,0,0,0,0,0,0,0
0.00298895,1,1,0,0,1,0,0,0,1,1,0,0,1,0,0,0
0.00298899,1,1,1,0,1,1,0,0,1,1,0,0,1,0,0,0
0.00298901,1,1,1,0,1,0,0,0,1,1,0,0,1,0,0,0
0.00298902,1,1,0,0,1,0,0,0,1,1,0,0,1,0,0,0
0.0029894,1,1,1,0,1,0,0,0,1,1,0,0,1,0,0,0
0.00298942,1,1,1,1,1,1,1,1,1,1,0,0,1,0,0,0
0.00298947,1,0,0,0,1,1,1,0,1,1,0,0,1,0,0,0
0.0029895,1,0,1,0,1,1,1,0,1,1,0,0,1,0,0,0
0.00298951,1,1,1,1,1,1,1,1,1,1,0,0,1,0,0,0
0.00298953,1,0,1,1,1,1,1,0,1,1,0,0,1,0,0,0
0.00298954,1,0,0,0,1,1,1,0,1,1,0,0,1,0,0,0
0.00298958,1,0,1,1,1,1,1,0,1,1,0,0,1,0,0,0
0.00298961,1,0,0,0,1,1,1,0,1,1,0,0,1,0,0,0
0.00298965,1,0,1,0,1,1,1,0,1,1,0,0,1,0,0,0
0.00298967,1,0,0,0,1,1,1,0,1,1,0,0,1,0,0,0
0.00299037,1,1,0,0,1,1,1,0,1,1,0,0,1,0,0,0
0.00299039,1,1,1,1,1,1,1,1,1,1,0,0,1,0,0,0
0.0029904,1,0,1,1,1,1,1,0,1,1,0,0,1,0,0,0
0.00299041,1,1,1,1,1,1,1,0,1,1,0,0,1,0,0,0
0.00299043,1,1,1,1,1,1,1,1,1,1,0,0,1,0,0,0
0.00299045,0,1,1,0,1,0,0,1,1,1,0,0,1,0,0,0
0.00299046,0,1,0,0,1,0,0,0,1,1,0,0,1,0,0,0
0.00299049,0,1,1,1,1,0,0,0,1,1,0,0,1,0,0,0
0.0029905,1,1,1,1,1,1,1,1,1,1,0,0,1,0,0,0
0.00299052,1,1,1,1,1,0,0,0,1,1,0,0,1,0,0,0
0.00299053,0,1,1,1,1,0,0,0,1,1,0,0,1,0,0,0
0.00299054,0,1,0,0,1,0,0,0,1,1,0,0,1,0,0,0
0.00299057,0,1,1,0,1,0,0,0,1,1,0,0,1,0,0,0
0.00299058,0,1,1,1,1,0,0,0,1,1,0,0,1,0,0,0
0.00299061,0,1,1,0,1,0,0,0,1,1,0,0,1,0,0,0
0.00299062,0,1,0,0,1,0,0,0,1,1,0,0,1,0,0,0
0.00299065,0,1,1,0,1,0,0,0,1,1,0,0,1,0,0,0
0.0029907,0,1,0,0,1,0,0,0,1,1,0,0,1,0,0,0
0.00299073,0,1,1,0,1,0,0,0,1,1,0,0,1,0,0,0
0.00299075,0,1,0,0,1,0,0,0,1,1,0,0,1,0,0,0
0.00299081,0,1,1,0,1,0,0,0,1,1,0,0,1,0,0,0
0.00299082,0,1,1,0,1,0,0,0,0,1,0,0,1,0,0,0
0.00299083,0,1,0,0,1,0,0,0,0,1,0,0,1,0,0,0
0.00299088,0,1,1,0,1,0,0,0,0,1,0,0,1,0,0,0
0.00299089,0,1,1,0,1,0,0,0,0,0,0,0,0,0,0,0
0.0029909,0,1,0,0,1,0,0,0,0,1,0,0,1,0,0,0
0.00299095,0,1,1,0,1,0,0,0,0,1,0,0,1,0,0,0
0.00299097,0,1,0,0,1,0,0,0,0,1,0,0,1,0,0,0
0.00299135,1,1,0,0,1,0,0,0,0,1,0,0,1,0,0,0
0.00299136,0,1,1,0,1,0,0,0,0,1,0,0,1,0,0,0
0.00299137,1,1,1,1,1,0,0,0,0,1,0,0,1,0,0,0
0.00299138,1,1,1,1,1,1,0,0,0,1,0,0,1,0,0,0
0.00299139,1,1,1,1,1,1,1,1,0,1,0,0,1,0,0,0
0.00299141,1,1,0,0,1,1,1,1,0,1,0,0,1,0,0,0
0.00299142,1,1,0,0,1,1,0,0,0,1,0,0,1,0,0,0
0.00299145,1,1,1,1,1,1,0,0,0,1,0,0,1,0,0,0
0.00299146,1,1,1,1,1,1,1,1,0,1,0,0,1,0,0,0
0.00299147,1,1,1,1,1,1,0,0,0,1,0,0,1,0,0,0
0.00299148,1,1,0,0,1,1,0,0,0,1,0,0,1,0,0,0
0.00299233,1,1,0,0,1,1,1,0,0,1,0,0,1,0,0,0
0.00299235,1,1,1,1,1,1,1,1,0,1,0,0,1,0,0,0
0.0029924,1,1,1,1,1,0,1,1,0,1,0,0,1,0,0,0
0.00299241,1,0,0,0,1,0,0,0,0,1,0,0,1,0,0,0
0.00299244,1,0,1,0,1,0,0,0,0,1,0,0,1,0,0,0
0.00299245,1,1,1,1,1,1,1,1,0,1,0,0,1,0,0,0
0.00299248,1,0,1,1,1,0,0,0,0,1,0,0,1,0,0,0
0.00299249,1,0,1,0,1,0,0,0,0,1,0,0,1,0,0,0
0.0029925,1,0,0,0,1,0,0,0,0,1,0,0,1,0,0,0
0.00299252,1,0,1,0,1,0,0,0,0,1,0,0,1,0,0,0
0.00299253,1,1,1,1,1,0,0,0,0,1,0,0,1,0,0,0
0.00299255,1,0,1,1,1,0,0,0,0,1,0,0,1,0,0,0
0.00299256,1,0,1,0,1,0,0,0,0,1,0,0,1,0,0,0
0.00299258,1,0,0,0,1,0,0,0,0,1,0,0,1,0,0,0
0.0029926,1,0,1,0,1,0,0,0,0,1,0,0,1,0,0,0
0.00299272,1,0,0,0,1,0,0,0,0,1,0,0,1,0,0,0
0.00299275,1,0,1,0,1,0,0,0,0,1,0,0,1,0,0,0
0.00299277,1,0,1,0,1,0,0,0,0,0,0,0,1,0,0,0
0.00299278,1,0,0,0,1,0,0,0,1,0,0,0,1,0,0,0
0.00299282,1,0,1,0,1,0,0,0,1,0,0,0,1,0,0,0
0.00299285,1,0,1,0,1,0,0,0,0,0,0,0,1,0,0,0
0.00299286,1,0,0,0,1,0,0,0,1,0,0,0,1,0,0,0
0.0029929,1,0,1,0,1,0,0,0,1,0,0,0,1,0,0,0
0.00299293,1,0,0,0,1,0,0,0,1,0,0,0,1,0,0,0
0.0029933,1,0,1,0,1,0,0,0,1,0,0,0,1,0,0,0
0.00299331,1,1,1,1,1,0,0,0,1,0,0,0,1,0,0,0
0.00299332,1,1,1,1,1,1,1,1,1,0,0,0,1,0,0,0
0.00299338,0,0,1,1,1,0,1,0,1,0,0,0,1,0,0,0
0.00299341,0,0,1,1,1,1,1,0,1,0,0,0,1,0,0,0
0.00299342,1,1,1,1,1,1,1,1,1,0,0,0,1,0,0,0
0.00299344,0,1,1,1,1,1,1,0,1,0,0,0,1,0,0,0
0.00299345,0,0,1,1,1,0,1,0,1,0,0,0,1,0,0,0
0.00299349,0,1,1,1,1,1,1,0,1,0,0,0,1,0,0,0
0.00299351,0,0,1,1,1,0,1,0,1,0,0,0,1,0,0,0
0.00299428,1,1,1,1,1,0,1,0,1,0,0,0,1,0,0,0
0.0029943,1,1,1,1,1,1,1,1,1,0,0,0,1,0,0,0
0.00299436,0,0,0,1,0,1,0,0,1,0,0,0,1,0,0,0
0.0029944,1,1,1,1,0,1,1,1,1,0,0,0,1,0,0,0
0.00299444,0,0,1,1,0,1,0,0,1,0,0,0,1,0,0,0
0.00299445,0,0,0,1,0,1,0,0,1,0,0,0,1,0,0,0
0.00299448,1,1,1,1,0,1,0,0,1,0,0,0,1,0,0,0
0.00299451,0,1,1,1,0,1,0,0,1,0,0,0,1,0,0,0
0.00299452,0,0,0,1,0,1,0,0,1,0,0,0,1,0,0,0
0.00299456,0,0,1,1,0,1,0,0,1,0,0,0,1,0,0,0
0.00299468,0,0,0,1,0,1,0,0,1,0,0,0,1,0,0,0
0.0029947,0,0,1,1,0,1,0,0,1,0,0,0,1,0,0,0
0.00299472,0,0,1,1,0,1,0,0,0,0,0,0,0,0,0,0
0.00299474,0,0,1,1,0,1,0,0,0,0,0,1,0,1,0,0
0.00299475,0,0,0,1,0,1,0,0,0,0,0,1,0,1,0,0
0.00299478,0,0,1,1,0,1,0,0,0,0,0,1,0,1,0,0
0.0029948,0,0,1,1,0,1,0,0,0,0,0,0,0,0,0,0
0.00299481,0,0,0,1,0,1,0,0,0,0,0,1,0,1,0,0
0.00299485,0,0,1,1,0,1,0,0,0,0,0,1,0,1,0,0
0.00299489,0,0,0,1,0,1,0,0,0,0,0,1,0,1,0,0
0.00299493,0,0,1,1,0,1,0,0,0,0,0,1,0,1,0,0
0.00299495,0,0,0,1,0,1,0,0,0,0,0,1,0,1,0,0
0.00299502,0,0,1,1,0,1,0,0,0,0,0,1,0,1,0,0
0.00299503,0,0,0,1,0,1,0,0,0,0,0,1,0,1,0,0
0.00299517,0,0,1,1,0,1,0,0,0,0,0,1,0,1,0,0
0.00299518,0,0,0,1,0,1,0,0,0,0,0,1,0,1,0,0
0.00299526,0,1,1,1,0,1,0,0,0,0,0,1,0,1,0,0
0.00299527,1,1,1,1,1,1,1,1,0,0,0,1,0,1,0,0
0.0029953,1,1,1,1,0,1,1,1,0,0,0,1,0,1,0,0
0.00299531,0,0,0,1,0,1,1,0,0,0,0,1,0,1,0,0
0.00299532,1,1,0,0,0,1,1,1,0,0,0,1,0,1,0,0
0.00299533,0,0,0,0,0,0,1,0,0,0,0,1,0,1,0,0
0.00299537,1,1,1,0,0,0,1,1,0,0,0,1,0,1,0,0
0.00299539,1,1,1,0,0,0,1,0,0,0,0,1,0,1,0,0
0.0029954,0,0,0,0,0,0,1,0,0,0,0,1,0,1,0,0
0.00299546,0,0,1,0,0,0,1,0,0,0,0,1,0,1,0,0
0.00299547,0,0,0,0,0,0,1,0,0,0,0,1,0,1,0,0
0.00299624,0,0,0,0,0,0,1,1,0,0,0,1,0,1,0,0
0.00299626,1,1,1,0,0,0,0,1,0,0,0,1,0,1,0,0
0.00299627,0,0,0,0,0,0,0,1,0,0,0,1,0,1,0,0
0.00299721,1,0,0,0,0,0,0,1,0,0,0,1,0,1,0,0
0.00299723,1,1,1,0,0,0,0,0,0,0,0,1,0,1,0,0
0.00299724,1,0,1,0,0,0,0,0,0,0,0,1,0,1,0,0
0.00299725,1,0,1,1,1,0,1,0,0,0,0,1,0,1,0,0
0.00299726,0,0,1,1,1,0,1,0,0,0,0,1,0,1,0,0
0.00299727,0,0,1,1,1,1,1,1,0,0,0,1,0,1,0,0
0.00299728,0,0,1,1,1,0,1,0,0,0,0,1,0,1,0,0
0.00299729,0,1,1,1,1,0,1,0,0,0,0,1,0,1,0,0
0.0029973,0,0,1,1,1,0,1,0,0,0,0,1,0,1,0,0
0.00299824,1,0,1,1,1,0,1,0,0,0,0,1,0,1,0,0
0.00299825,1,1,1,1,1,1,1,1,0,0,0,1,0,1,0,0
0.0029983,1,1,0,0,1,1,1,1,0,0,0,1,0,1,0,0
0.00299831,1,0,0,0,1,1,0,0,0,0,0,1,0,1,0,0
0.00299832,1,0,0,0,0,1,0,0,0,0,0,1,0,1,0,0
0.00299837,1,0,0,0,0,1,1,0,0,0,0,1,0,1,0,0
0.00299838,1,0,0,0,0,1,0,0,0,0,0,1,0,1,0,0
0.00299863,1,0,0,0,0,1,0,0,0,0,0,0,0,1,0,0
0.00299864,1,0,0,0,0,1,0,0,1,0,0,0,0,1,0,0
0.0029987,1,0,0,0,0,1,0,0,0,0,0,0,0,0,0,0
0.00299871,1,0,0,0,0,1,0,0,1,0,0,0,0,1,0,0
0.00299918,1,0,1,0,0,1,0,0,1,0,0,0,0,1,0,0
0.00299919,1,1,1,1,1,1,1,1,1,0,0,0,0,1,0,0
0.00299924,0,0,0,0,0,0,1,0,1,0,0,0,0,1,0,0
0.00299928,0,1,1,1,0,1,1,1,1,0,0,0,0,1,0,0
0.00299929,1,1,1,1,1,1,1,1,1,0,0,0,0,1,0,0
0.00299931,0,1,1,1,1,1,1,1,1,0,0,0,0,1,0,0
0.00299932,0,0,1,0,0,0,1,0,1,0,0,0,0,1,0,0
0.00299933,0,0,0,0,0,0,1,0,1,0,0,0,0,1,0,0
0.00299936,0,0,1,0,0,0,1,0,1,0,0,0,0,1,0,0
0.00299937,0,0,1,1,0,0,1,0,1,0,0,0,0,1,0,0
0.00299938,0,0,1,0,0,0,1,0,1,0,0,0,0,1,0,0
0.0029994,0,0,0,0,0,0,1,0,1,0,0,0,0,1,0,0
0.00300014,1,1,1,1,0,0,1,0,1,0,0,0,0,1,0,0
0.00300015,1,1,1,1,1,1,1,1,1,0,0,0,0,1,0,0
0.00300021,0,0,0,0,0,0,0,1,1,0,0,0,0,1,0,0
0.00300025,1,1,1,1,1,1,0,1,1,0,0,0,0,1,0,0
0.00300026,1,1,1,1,1,1,1,1,1,0,0,0,0,1,0,0
0.00300027,1,1,1,1,1,1,0,1,1,0,0,0,0,1,0,0
0.00300028,1,1,1,1,0,1,0,1,1,0,0,0,0,1,0,0
0.00300029,0,0,1,0,0,0,0,1,1,0,0,0,0,1,0,0
0.0030003,0,0,0,0,0,0,0,1,1,0,0,0,0,1,0,0
0.00300033,1,0,1,1,0,0,0,1,1,0,0,0,0,1,0,0
0.00300034,1,1,1,1,0,1,0,1,1,0,0,0,0,1,0,0
0.00300035,1,0,1,1,0,1,0,1,1,0,0,0,0,1,0,0
0.00300036,1,0,1,1,0,0,0,1,1,0,0,0,0,1,0,0
0.00300037,0,0,1,0,0,0,0,1,1,0,0,0,0,1,0,0
0.00300038,0,0,0,0,0,0,0,1,1,0,0,0,0,1,0,0
0.0030004,0,0,1,0,0,0,0,1,1,0,0,0,0,1,0,0
0.0030006,0,0,0,0,0,0,0,1,1,0,0,0,0,1,0,0
0.00300063,0,0,1,0,0,0,0,1,1,0,0,0,0,1,0,0
0.00300065,0,0,0,0,0,0,0,1,1,0,0,0,0,1,0,0
0.00300111,1,1,1,1,0,0,0,1,1,0,0,0,0,1,0,0
0.00300113,1,1,1,1,1,1,1,1,1,0,0,0,0,1,0,0
0.0030012,0,0,1,1,1,0,1,0,1,0,0,0,0,1,0,0
0.00300124,1,1,1,1,1,1,1,1,1,0,0,0,0,1,0,0
0.00300126,0,0,1,1,1,1,1,0,1,0,0,0,0,1,0,0
0.00300127,0,0,1,1,1,0,1,0,1,0,0,0,0,1,0,0
0.00300215,1,0,1,1,1,1,1,1,1,0,0,0,0,1,0,0
0.00300216,1,1,1,1,1,1,1,1,1,0,0,0,0,1,0,0
0.0030022,1,1,1,1,1,0,1,1,1,0,0,0,0,1,0,0
0.00300221,0,1,0,0,1,0,1,1,1,0,0,0,0,1,0,0
0.00300226,1,1,1,1,1,1,1,1,1,0,0,0,0,1,0,0
0.00300227,0,1,0,0,1,0,1,1,1,0,0,0,0,1,0,0
0.00300253,0,1,0,0,1,0,1,1,1,0,0,0,0,0,0,0
0.00300254,0,1,0,0,1,0,1,1,0,1,0,0,0,0,0,0
0.00300255,0,1,0,0,1,0,1,1,0,1,0,0,1,0,1,1
0.00300307,0,1,1,1,1,0,1,1,0,1,0,0,1,0,1,1
0.00300308,1,1,1,1,1,1,1,1,0,1,0,0,1,0,1,1
0.00300313,0,0,1,1,1,1,1,0,0,1,0,0,1,0,1,1
0.00300314,0,0,1,1,1,0,1,0,0,1,0,0,1,0,1,1
0.00300318,1,1,1,1,1,1,1,0,0,1,0,0,1,0,1,1
0.00300319,0,0,1,1,1,1,1,0,0,1,0,0,1,0,1,1
0.0030032,0,0,1,1,1,0,1,0,0,1,0,0,1,0,1,1
0.00300405,0,1,1,1,1,0,1,0,0,1,0,0,1,0,1,1
0.00300406,1,1,1,1,1,1,1,0,0,1,0,0,1,0,1,1
0.00300407,1,1,1,1,1,1,1,1,0,1,0,0,1,0,1,1
0.00300502,1,1,1,0,0,1,0,1,0,1,0,0,1,0,1,1
0.00300503,0,0,0,0,0,0,0,0,0,1,0,0,1,0,1,1
0.00300507,0,0,0,0,0,1,0,0,0,1,0,0,1,0,1,1
0.00300509,0,0,0,0,0,0,0,0,0,1,0,0,1,0,1,1
0.00300598,0,0,1,0,0,0,0,0,0,1,0,0,1,0,1,1
0.00300599,1,0,1,0,0,1,0,0,0,1,0,0,1,0,1,1
0.003006,0,0,0,0,0,0,0,0,0,1,0,0,1,0,1,1
0.00300603,0,0,1,1,1,0,1,0,0,1,0,0,1,0,1,1
0.00300605,1,1,1,1,1,1,1,1,0,1,0,0,1,0,1,1
0.00300611,0,1,0,0,1,1,0,0,0,1,0,0,1,0,1,1
0.00300615,1,1,1,0,1,1,0,0,0,1,0,0,1,0,1,1
0.00300616,1,1,1,1,1,1,1,1,0,1,0,0,1,0,1,1
0.00300617,1,1,1,1,1,1,0,0,0,1,0,0,1,0,1,1
0.00300618,0,1,0,0,1,1,0,0,0,1,0,0,1,0,1,1
0.00300644,0,1,0,0,1,1,0,0,0,1,0,0,1,0,0,0
0.00300645,0,1,0,0,1,1,0,0,0,1,0,0,1,1,0,0
0.00300699,1,1,1,1,1,1,0,0,0,1,0,0,1,1,0,0
0.003007,1,1,1,1,1,1,1,1,0,1,0,0,1,1,0,0
0.00300704,0,0,1,1,0,1,1,1,0,1,0,0,1,1,0,0
0.00300705,0,0,0,0,0,1,0,0,0,1,0,0,1,1,0,0
0.00300708,1,1,1,1,0,1,1,1,0,1,0,0,1,1,0,0
0.00300712,1,1,1,1,0,1,1,0,0,1,0,0,1,1,0,0
0.00300713,1,0,1,1,0,1,0,0,0,1,0,0,1,1,0,0
0.00300714,0,0,0,0,0,1,0,0,0,1,0,0,1,1,0,0
0.00300716,0,0,1,1,0,1,0,0,0,1,0,0,1,1,0,0
0.00300717,1,0,1,1,0,1,1,0,0,1,0,0,1,1,0,0
0.00300718,1,1,1,1,0,1,1,0,0,1,0,0,1,1,0,0
0.00300719,1,0,1,1,0,1,0,0,0,1,0,0,1,1,0,0
0.00300721,0,0,1,1,0,1,0,0,0,1,0,0,1,1,0,0
0.00300722,0,0,1,0,0,1,0,0,0,1,0,0,1,1,0,0
0.00300723,0,0,1,1,0,1,0,0,0,1,0,0,1,1,0,0
0.00300724,1,0,1,1,0,1,0,0,0,1,0,0,1,1,0,0
0.00300737,0,0,1,0,0,1,0,0,0,1,0,0,1,1,0,0
0.0030074,1,0,1,1,0,1,0,0,0,1,0,0,1,1,0,0
0.00300741,0,0,1,1,0,1,0,0,0,1,0,0,1,1,0,0
0.00300742,1,0,1,1,0,1,0,0,0,1,0,0,1,1,0,0
0.00300743,0,0,1,1,0,1,0,0,0,1,0,0,1,1,0,0
0.00300745,0,0,1,0,0,1,0,0,0,1,0,0,1,1,0,0
0.0030075,0,0,1,1,0,1,0,0,0,1,0,0,1,1,0,0
0.00300751,0,0,1,0,0,1,0,0,0,1,0,0,1,1,0,0
0.0030079,0,0,0,0,0,1,0,0,0,1,0,0,1,1,0,0
0.00300791,0,0,1,0,0,1,0,0,0,1,0,0,1,1,0,0
0.00300793,0,0,0,0,0,1,0,0,0,1,0,0,1,1,0,0
0.00300794,1,1,1,0,0,1,0,0,0,1,0,0,1,1,0,0
0.00300795,1,1,1,1,0,1,0,0,0,1,0,0,1,1,0,0
0.00300796,1,1,1,1,1,1,0,1,0,1,0,0,1,1,0,0
0.00300797,1,1,1,1,1,1,1,1,0,1,0,0,1,1,0,0
0.00300802,1,1,1,1,0,0,1,0,0,1,0,0,1,1,0,0
0.00300803,1,1,0,1,0,0,0,0,0,1,0,0,1,1,0,0
0.00300806,1,1,1,1,0,0,0,0,0,1,0,0,1,1,0,0
0.00300807,1,1,1,1,1,0,1,1,0,1,0,0,1,1,0,0
0.00300809,1,1,1,1,0,0,0,0,0,1,0,0,1,1,0,0
0.0030081,1,1,0,1,0,0,0,0,0,1,0,0,1,1,0,0
0.00300814,1,1,1,1,0,0,0,0,0,1,0,0,1,1,0,0
0.00300817,1,1,0,1,0,0,0,0,0,1,0,0,1,1,0,0
0.00300822,1,1,1,1,0,0,0,0,0,1,0,0,1,1,0,0
0.00300824,1,1,0,1,0,0,0,0,0,1,0,0,1,1,0,0
0.00300893,1,1,1,1,0,0,0,0,0,1,0,0,1,1,0,0
0.00300894,1,1,1,1,1,0,1,1,0,1,0,0,1,1,0,0
0.00300895,1,1,1,1,1,1,1,1,0,1,0,0,1,1,0,0
0.00300995,0,0,0,1,1,0,1,0,0,1,0,0,1,1,0,0
0.00300998,1,1,1,1,1,1,1,1,0,1,0,0,1,1,0,0
0.00301002,0,1,1,1,0,1,0,1,0,1,0,0,1,1,0,0
0.00301003,0,1,1,0,0,1,0,1,0,1,0,0,1,1,0,0
0.00301034,0,1,1,0,0,1,0,1,0,1,0,0,0,1,0,0
0.00301036,0,1,1,0,0,1,0,1,0,1,1,0,0,1,0,1
0.0030109,1,1,1,1,1,1,1,1,0,1,1,0,0,1,0,1
0.00301095,0,0,0,1,1,0,1,1,0,1,1,0,0,1,0,1
0.00301096,0,0,0,0,0,0,1,0,0,1,1,0,0,1,0,1
0.00301099,0,0,0,1,0,1,1,0,0,1,1,0,0,1,0,1
0.003011,1,1,1,1,0,1,1,1,0,1,1,0,0,1,0,1
0.00301101,1,1,1,1,1,1,1,1,0,1,1,0,0,1,0,1
0.00301102,1,1,1,1,0,1,1,1,0,1,1,0,0,1,0,1
0.00301103,1,0,1,1,0,1,1,1,0,1,1,0,0,1,0,1
0.00301104,0,0,0,1,0,1,1,0,0,1,1,0,0,1,0,1
0.00301105,0,0,0,0,0,0,1,0,0,1,1,0,0,1,0,1
0.00301108,0,0,0,1,0,1,1,1,0,1,1,0,0,1,0,1
0.00301109,0,0,1,1,0,1,1,1,0,1,1,0,0,1,0,1
0.0030111,0,0,0,1,0,1,1,1,0,1,1,0,0,1,0,1
0.00301112,0,0,0,0,0,1,1,0,0,1,1,0,0,1,0,1
0.00301113,0,0,0,0,0,0,1,0,0,1,1,0,0,1,0,1
0.00301116,0,0,0,0,0,1,1,0,0,1,1,0,0,1,0,1
0.00301117,0,0,0,1,0,1,1,0,0,1,1,0,0,1,0,1
0.00301118,0,0,0,0,0,1,1,0,0,1,1,0,0,1,0,1
0.00301123,0,0,0,0,0,0,1,0,0,1,1,0,0,1,0,1
0.00301124,0,0,0,0,0,1,1,0,0,1,1,0,0,1,0,1
0.00301127,0,0,0,0,0,0,1,0,0,1,1,0,0,1,0,1
0.00301131,0,0,0,0,0,1,1,0,0,1,1,0,0,1,0,1
0.00301133,0,0,0,0,0,0,1,0,0,1,1,0,0,1,0,1
0.00301134,0,0,0,0,0,1,1,0,0,1,1,0,0,1,0,1
0.00301135,0,0,0,0,0,0,1,0,0,1,1,0,0,1,0,1
0.00301142,0,0,0,0,0,1,1,0,0,1,1,0,0,1,0,1
0.00301143,0,0,0,0,0,0,1,0,0,1,1,0,0,1,0,1
0.00301185,0,1,1,1,0,0,1,0,0,1,1,0,0,1,0,1
0.00301186,1,1,1,1,1,0,1,1,0,1,1,0,0,1,0,1
0.00301187,1,1,1,1,1,1,1,1,0,1,1,0,0,1,0,1
0.00301192,0,0,0,0,0,0,0,1,0,1,1,0,0,1,0,1
0.00301196,1,1,1,1,0,1,0,1,0,1,1,0,0,1,0,1
0.00301197,1,1,1,1,1,1,0,1,0,1,1,0,0,1,0,1
0.00301199,1,1,1,1,0,1,0,1,0,1,1,0,0,1,0,1
0.003012,0,1,1,1,0,1,0,1,0,1,1,0,0,1,0,1
0.00301201,0,0,0,0,0,0,0,1,0,1,1,0,0,1,0,1
0.00301204,0,1,1,1,0,1,0,1,0,1,1,0,0,1,0,1
0.00301205,1,1,1,1,0,1,0,1,0,1,1,0,0,1,0,1
0.00301207,0,1,1,1,0,1,0,1,0,1,1,0,0,1,0,1
0.00301209,0,0,1,0,0,1,0,1,0,1,1,0,0,1,0,1
0.00301211,0,0,1,1,0,1,0,1,0,1,1,0,0,1,0,1
0.00301213,0,1,1,1,0,1,0,1,0,1,1,0,0,1,0,1
0.00301216,0,0,1,1,0,1,0,1,0,1,1,0,0,1,0,1
0.00301218,0,0,1,0,0,1,0,1,0,1,1,0,0,1,0,1
0.0030122,0,0,1,1,0,1,0,1,0,1,1,0,0,1,0,1
0.00301225,0,0,1,0,0,1,0,1,0,1,1,0,0,1,0,1
0.00301227,0,0,1,0,0,0,0,1,0,1,1,0,0,1,0,1
0.00301228,0,0,1,0,0,1,0,1,0,1,1,0,0,1,0,1
0.00301229,0,0,1,1,0,0,0,1,0,1,1,0,0,1,0,1
0.0030123,0,0,1,1,0,1,0,1,0,1,1,0,0,1,0,1
0.00301231,0,1,1,1,0,1,0,1,0,1,1,0,0,1,0,1
0.00301232,0,0,1,0,0,1,0,1,0,1,1,0,0,1,0,1
0.00301233,0,0,1,0,0,0,0,1,0,1,1,0,0,1,0,1
0.00301235,0,0,1,0,0,1,0,1,0,1,1,0,0,1,0,1
0.00301238,0,0,1,1,0,1,0,1,0,1,1,0,0,1,0,1
0.00301239,0,0,1,0,0,1,0,1,0,1,1,0,0,1,0,1
0.00301241,0,0,1,0,0,0,0,1,0,1,1,0,0,1,0,1
0.00301254,0,0,0,0,0,0,0,1,0,1,1,0,0,1,0,1
0.00301255,0,0,1,0,0,0,0,1,0,1,1,0,0,1,0,1
0.00301256,0,0,0,0,0,0,0,1,0,1,1,0,0,1,0,1
0.00301257,0,0,1,0,0,0,0,1,0,1,1,0,0,1,0,1
0.00301259,0,0,0,0,0,0,0,1,0,1,1,0,0,1,0,1
0.00301274,0,0,1,0,0,0,0,1,0,1,1,0,0,1,0,1
0.00301275,0,0,0,0,0,0,0,1,0,1,1,0,0,1,0,1
0.0030128,0,0,1,0,0,0,0,1,0,1,1,0,0,1,0,1
0.00301281,0,0,0,0,0,0,0,1,0,1,1,0,0,1,0,1
0.00301282,0,0,1,0,0,0,0,1,0,1,1,0,0,1,0,1
0.00301283,1,1,1,1,0,0,0,1,0,1,1,0,0,1,0,1
0.00301284,0,1,1,1,0,1,0,1,0,1,1,0,0,1,0,1
0.00301285,1,1,1,1,1,1,1,1,0,1,1,0,0,1,0,1
0.0030129,1,1,1,1,1,1,1,0,0,1,1,0,0,1,0,1
0.00301291,0,1,1,1,0,1,0,0,0,1,1,0,0,1,0,1
0.00301295,1,1,1,1,1,1,1,0,0,1,1,0,0,1,0,1
0.00301296,1,1,1,1,1,1,1,1,0,1,1,0,0,1,0,1
0.00301297,0,1,1,1,0,1,0,0,0,1,1,0,0,1,0,1
0.00301381,1,1,1,1,0,1,0,0,0,1,1,0,0,1,0,1
0.00301382,1,1,1,1,1,1,1,1,0,1,1,0,0,1,0,1
0.00301484,0,1,1,1,0,1,0,0,0,1,1,0,0,1,0,1
0.00301488,1,1,1,1,0,1,1,1,0,1,1,0,0,1,0,1
0.00301489,1,1,1,1,1,1,1,1,0,1,1,0,0,1,0,1
0.0030149,0,1,1,1,0,1,0,0,0,1,1,0,0,1,0,1
0.00301587,1,1,1,1,1,1,1,1,0,1,1,0,0,1,0,1
0.00301588,0,0,1,0,1,0,1,1,0,1,1,0,0,1,0,1
0.00301589,0,0,1,0,1,0,0,0,0,1,1,0,0,1,0,1
0.00301593,1,0,1,0,1,0,1,0,0,1,1,0,0,1,0,1
0.00301595,0,0,1,0,1,0,0,0,0,1,1,0,0,1,0,1
0.0030162,0,0,1,0,1,0,0,0,0,0,1,0,0,0,0,0
0.00301622,0,0,1,0,1,0,0,0,0,0,1,0,1,0,0,0
0.00301628,0,0,1,0,1,0,0,0,0,0,0,0,0,0,0,0
0.00301629,0,0,1,0,1,0,0,0,0,0,1,0,1,0,0,0
0.00301676,1,1,1,1,1,1,1,1,0,0,1,0,1,0,0,0
0.00301679,1,0,1,1,1,1,1,0,0,0,1,0,1,0,0,0
0.0030168,0,0,1,1,1,0,1,0,0,0,1,0,1,0,0,0
0.00301681,0,0,0,0,0,0,1,0,0,0,1,0,1,0,0,0
0.00301772,1,1,0,1,1,1,1,1,0,0,1,0,1,0,0,0
0.00301773,1,1,1,1,1,1,1,1,0,0,1,0,1,0,0,0
0.00301778,0,0,0,0,0,1,1,1,0,0,1,0,1,0,0,0
0.00301779,0,0,0,0,0,0,0,1,0,0,1,0,1,0,0,0
0.00301783,1,0,0,1,0,0,0,1,0,0,1,0,1,0,0,0
0.00301784,1,1,1,1,0,1,1,1,0,0,1,0,1,0,0,0
0.00301785,0,0,0,0,0,0,0,1,0,0,1,0,1,0,0,0
0.00301868,1,0,0,0,0,0,0,1,0,0,1,0,1,0,0,0
0.00301869,1,0,0,1,0,0,0,1,0,0,1,0,1,0,0,0
0.0030187,1,1,0,1,0,0,0,1,0,0,1,0,1,0,0,0
0.00301871,1,1,1,1,1,1,1,1,0,0,1,0,1,0,0,0
0.00301876,1,1,1,1,1,1,1,0,0,0,1,0,1,0,0,0
0.00301877,1,1,0,0,1,0,0,0,0,0,1,0,1,0,0,0
0.00301881,1,1,1,1,1,1,1,0,0,0,1,0,1,0,0,0
0.00301884,1,1,0,0,1,0,0,0,0,0,1,0,1,0,0,0
0.00301889,1,1,1,0,1,0,0,0,0,0,1,0,1,0,0,0
0.0030189,1,1,0,0,1,0,0,0,0,0,1,0,1,0,0,0
0.00301913,1,1,0,0,1,0,0,0,0,0,0,0,1,0,0,0
0.00301914,1,1,0,0,1,0,0,0,1,1,0,0,1,0,0,0
0.00301921,1,1,0,0,1,0,0,0,0,1,0,0,1,0,0,0
0.00301922,1,1,0,0,1,0,0,0,1,1,0,0,1,0,0,0
0.00301967,1,1,1,0,1,0,0,0,1,1,0,0,1,0,0,0
0.00301969,1,1,1,1,1,1,1,1,1,1,0,0,1,0,0,0
0.00301973,1,0,0,0,1,1,1,0,1,1,0,0,1,0,0,0
0.00301977,1,1,1,1,1,1,1,0,1,1,0,0,1,0,0,0
0.00301978,1,0,1,1,1,1,1,0,1,1,0,0,1,0,0,0
0.00301979,1,0,0,0,1,1,1,0,1,1,0,0,1,0,0,0
0.00302067,1,1,1,1,1,1,1,1,1,1,0,0,1,0,0,0
0.00302071,1,1,1,1,1,0,0,1,1,1,0,0,1,0,0,0
0.00302072,0,1,0,0,1,0,0,0,1,1,0,0,1,0,0,0
0.00302075,0,1,1,1,1,0,0,0,1,1,0,0,1,0,0,0
0.00302076,1,1,1,1,1,1,1,1,1,1,0,0,1,0,0,0
0.00302079,1,1,1,1,1,0,0,0,1,1,0,0,1,0,0,0
0.0030208,0,1,1,1,1,0,0,0,1,1,0,0,1,0,0,0
0.00302081,0,1,0,0,1,0,0,0,1,1,0,0,1,0,0,0
0.00302083,0,1,1,1,1,0,0,0,1,1,0,0,1,0,0,0
0.00302084,1,1,1,1,1,0,0,0,1,1,0,0,1,0,0,0
0.00302086,0,1,1,1,1,0,0,0,1,1,0,0,1,0,0,0
0.00302089,0,1,1,0,1,0,0,0,1,1,0,0,1,0,0,0
0.0030209,0,1,1,1,1,0,0,0,1,1,0,0,1,0,0,0
0.00302104,0,1,1,0,1,0,0,0,1,1,0,0,1,0,0,0
0.00302106,0,1,1,1,1,0,0,0,1,1,0,0,1,0,0,0
0.00302109,0,1,1,1,1,0,0,0,0,1,0,0,1,0,0,0
0.00302111,0,1,1,0,1,0,0,0,0,1,0,0,1,0,0,0
0.00302112,0,1,0,0,1,0,0,0,0,1,0,0,1,0,0,0
0.00302113,0,1,1,0,1,0,0,0,0,1,0,0,1,0,0,0
0.00302114,0,1,1,1,1,0,0,0,0,1,0,0,1,0,0,0
0.00302116,1,1,1,1,1,0,0,0,0,0,0,0,0,0,0,0
0.00302117,0,1,1,0,1,0,0,0,0,1,0,0,1,0,0,0
0.00302119,0,1,0,0,1,0,0,0,0,1,0,0,1,0,0,0
0.00302121,0,1,1,0,1,0,0,0,0,1,0,0,1,0,0,0
0.00302122,0,1,1,1,1,0,0,0,0,1,0,0,1,0,0,0
0.00302124,0,1,1,0,1,0,0,0,0,1,0,0,1,0,0,0
0.00302126,0,1,0,0,1,0,0,0,0,1,0,0,1,0,0,0
0.00302127,0,1,1,0,1,0,0,0,0,1,0,0,1,0,0,0
0.00302132,0,1,0,0,1,0,0,0,0,1,0,0,1,0,0,0
0.00302133,0,1,1,0,1,0,0,0,0,1,0,0,1,0,0,0
0.0030214,0,1,0,0,1,0,0,0,0,1,0,0,1,0,0,0
0.00302152,0,1,1,0,1,0,0,0,0,1,0,0,1,0,0,0
0.00302154,0,1,0,0,1,0,0,0,0,1,0,0,1,0,0,0
0.00302163,0,1,1,0,1,0,0,0,0,1,0,0,1,0,0,0
0.00302164,1,1,1,1,1,1,1,1,0,1,0,0,1,0,0,0
0.00302169,1,1,0,0,1,1,0,0,0,1,0,0,1,0,0,0
0.00302172,1,1,1,1,1,1,0,0,0,1,0,0,1,0,0,0
0.00302173,1,1,1,1,1,1,1,1,0,1,0,0,1,0,0,0
0.00302175,1,1,1,0,1,1,0,0,0,1,0,0,1,0,0,0
0.00302176,1,1,0,0,1,1,0,0,0,1,0,0,1,0,0,0
0.0030218,1,1,1,1,1,1,0,0,0,1,0,0,1,0,0,0
0.00302182,1,1,1,0,1,1,0,0,0,1,0,0,1,0,0,0
0.00302183,1,1,0,0,1,1,0,0,0,1,0,0,1,0,0,0
0.00302188,1,1,1,0,1,1,0,0,0,1,0,0,1,0,0,0
0.00302189,1,1,0,0,1,1,0,0,0,1,0,0,1,0,0,0
0.00302259,1,1,1,1,1,1,0,0,0,1,0,0,1,0,0,0
0.0030226,1,1,1,1,1,1,1,0,0,1,0,0,1,0,0,0
0.00302261,1,1,1,1,1,1,1,1,0,1,0,0,1,0,0,0
0.00302263,1,1,1,1,1,1,1,0,0,1,0,0,1,0,0,0
0.00302265,1,1,1,1,1,1,1,1,0,1,0,0,1,0,0,0
0.00302267,1,0,0,0,1,0,0,0,0,1,0,0,1,0,0,0
0.00302271,1,0,1,1,1,1,1,1,0,1,0,0,1,0,0,0
0.00302272,1,1,1,1,1,1,1,1,0,1,0,0,1,0,0,0
0.00302274,1,0,1,1,1,1,1,1,0,1,0,0,1,0,0,0
0.00302275,1,0,1,0,1,0,0,0,0,1,0,0,1,0,0,0
0.00302276,1,0,0,0,1,0,0,0,0,1,0,0,1,0,0,0
0.00302279,1,0,1,1,1,0,0,0,0,1,0,0,1,0,0,0
0.0030228,1,0,1,1,1,0,1,0,0,1,0,0,1,0,0,0
0.00302281,1,0,1,1,1,0,0,0,0,1,0,0,1,0,0,0
0.00302282,1,0,1,0,1,0,0,0,0,1,0,0,1,0,0,0
0.00302283,1,0,0,0,1,0,0,0,0,1,0,0,1,0,0,0
0.00302287,1,0,1,0,1,0,0,0,0,1,0,0,1,0,0,0
0.0030229,1,0,0,0,1,0,0,0,0,1,0,0,1,0,0,0
0.00302304,1,0,1,0,1,0,0,0,0,0,0,0,1,0,0,0
0.00302305,1,0,0,0,1,0,0,0,1,0,0,0,1,0,0,0
0.0030231,1,0,1,0,1,0,0,0,1,0,0,0,1,0,0,0
0.00302311,1,0,0,0,1,0,0,0,0,0,0,0,0,0,0,0
0.00302312,1,0,0,0,1,0,0,0,1,0,0,0,1,0,0,0
0.00302357,1,0,1,1,1,0,0,0,1,0,0,0,1,0,0,0
0.00302358,1,1,1,1,1,1,1,1,1,0,0,0,1,0,0,0
0.00302359,1,1,1,1,1,1,1,0,1,0,0,0,1,0,0,0
0.00302361,1,1,1,1,1,1,1,1,1,0,0,0,1,0,0,0
0.00302364,0,0,1,1,1,0,1,0,1,0,0,0,1,0,0,0
0.00302368,0,1,1,1,1,1,1,1,1,0,0,0,1,0,0,0
0.0030237,0,0,1,1,1,0,1,0,1,0,0,0,1,0,0,0
0.00302454,1,1,1,1,1,0,1,0,1,0,0,0,1,0,0,0
0.00302455,1,1,1,1,1,1,1,1,1,0,0,0,1,0,0,0
0.00302462,1,1,1,1,0,1,1,1,1,0,0,0,1,0,0,0
0.00302463,1,0,0,1,0,1,0,0,1,0,0,0,1,0,0,0
0.00302467,1,1,1,1,0,1,1,1,1,0,0,0,1,0,0,0
0.00302469,1,0,1,1,0,1,0,0,1,0,0,0,1,0,0,0
0.0030247,1,0,0,1,0,1,0,0,1,0,0,0,1,0,0,0
0.00302475,1,0,1,1,0,1,0,0,1,0,0,0,1,0,0,0
0.00302477,1,0,0,1,0,1,0,0,1,0,0,0,1,0,0,0
0.00302499,1,0,0,1,0,1,0,0,1,0,0,0,0,0,0,0
0.003025,1,0,0,1,0,1,0,0,1,0,0,1,0,1,0,0
0.00302553,1,0,1,1,0,1,1,0,1,0,0,1,0,1,0,0
0.00302554,1,1,1,1,0,1,1,1,1,0,0,1,0,1,0,0
0.00302555,1,1,1,1,1,1,1,1,1,0,0,1,0,1,0,0
0.00302557,1,0,0,1,0,1,1,1,1,0,0,1,0,1,0,0
0.00302559,0,1,1,0,1,1,1,1,1,0,0,1,0,1,0,0
0.0030256,0,0,0,0,0,0,1,0,1,0,0,1,0,1,0,0
0.00302564,0,1,1,0,0,0,1,1,1,0,0,1,0,1,0,0
0.00302566,0,0,1,0,0,0,1,0,1,0,0,1,0,1,0,0
0.00302567,0,0,0,0,0,0,1,0,1,0,0,1,0,1,0,0
0.00302573,0,0,1,0,0,0,1,0,1,0,0,1,0,1,0,0
0.00302574,0,0,0,0,0,0,1,0,1,0,0,1,0,1,0,0
0.00302651,0,0,0,0,0,0,1,1,1,0,0,1,0,1,0,0
0.00302653,0,1,1,0,0,0,0,1,1,0,0,1,0,1,0,0
0.00302654,0,0,0,0,0,0,0,1,1,0,0,1,0,1,0,0
0.0030275,1,0,0,1,0,1,0,1,1,0,0,1,0,1,0,0
0.00302751,1,0,1,1,0,1,0,0,1,0,0,1,0,1,0,0
0.00302753,1,1,1,1,0,1,0,0,1,0,0,1,0,1,0,0
0.00302755,1,1,1,1,1,1,1,0,1,0,0,1,0,1,0,0
0.00302756,0,1,1,1,1,1,1,1,1,0,0,1,0,1,0,0
0.00302757,0,1,1,1,0,1,0,0,1,0,0,1,0,1,0,0
0.00302844,0,1,1,1,0,1,1,0,1,0,0,1,0,1,0,0
0.00302845,0,1,1,1,1,1,1,0,1,0,0,1,0,1,0,0
0.00302846,0,1,1,1,0,1,0,0,1,0,0,1,0,1,0,0
0.00302851,0,1,1,1,0,1,1,1,1,0,0,1,0,1,0,0
0.00302852,1,1,1,1,1,1,1,1,1,0,0,1,0,1,0,0
0.00302857,1,1,1,0,0,1,0,1,1,0,0,1,0,1,0,0
0.00302858,1,0,0,0,0,1,0,1,1,0,0,1,0,1,0,0
0.00302859,1,0,0,0,0,0,0,1,1,0,0,1,0,1,0,0
0.0030289,1,0,0,0,0,0,0,1,1,0,0,0,0,0,0,0
0.00302891,1,0,0,0,0,0,0,1,1,0,0,0,0,0,0,1
0.00302897,1,0,0,0,0,0,0,1,0,0,0,0,0,0,0,0
0.00302898,1,0,0,0,0,0,0,1,1,0,0,0,0,0,0,1
0.00302942,1,0,1,0,0,0,0,1,1,0,0,0,0,0,0,1
0.00302943,1,1,1,1,0,1,0,1,1,0,0,0,0,0,0,1
0.00302945,0,1,1,1,1,1,1,0,1,0,0,0,0,0,0,1
0.00302946,0,1,1,1,0,1,0,0,1,0,0,0,0,0,0,1
0.00303047,1,1,1,1,1,1,1,1,1,0,0,0,0,0,0,1
0.00303052,0,1,0,0,1,0,1,1,1,0,0,0,0,0,0,1
0.00303057,1,1,1,1,1,1,1,1,1,0,0,0,0,0,0,1
0.00303058,0,1,1,0,1,0,1,1,1,0,0,0,0,0,0,1
0.00303059,0,1,0,0,1,0,1,1,1,0,0,0,0,0,0,1
0.00303085,0,1,0,0,1,0,1,1,0,0,0,0,1,0,1,0
0.00303086,0,1,0,0,1,0,1,1,0,1,0,0,1,0,1,1
0.00303138,0,1,1,1,1,0,1,1,0,1,0,0,1,0,1,1
0.00303139,1,1,1,1,1,1,1,1,0,1,0,0,1,0,1,1
0.0030314,1,1,1,1,1,0,1,1,0,1,0,0,1,0,1,1
0.00303141,1,1,1,1,1,1,1,1,0,1,0,0,1,0,1,1
0.00303145,0,1,1,1,0,1,0,0,0,1,0,0,1,0,1,1
0.00303149,1,1,1,1,0,1,0,0,0,1,0,0,1,0,1,1
0.0030315,1,1,1,1,0,1,1,0,0,1,0,0,1,0,1,1
0.00303151,0,1,1,1,0,1,0,0,0,1,0,0,1,0,1,1
0.00303237,0,1,1,1,0,1,1,0,0,1,0,0,1,0,1,1
0.00303238,1,1,1,1,1,1,1,1,0,1,0,0,1,0,1,1
0.00303334,0,0,0,0,0,0,0,0,0,1,0,0,1,0,1,1
0.00303337,1,0,1,0,0,0,0,0,0,1,0,0,1,0,1,1
0.00303338,1,1,1,0,1,0,0,0,0,1,0,0,1,0,1,1
0.00303339,1,0,1,0,0,0,0,0,0,1,0,0,1,0,1,1
0.0030334,0,0,0,0,0,0,0,0,0,1,0,0,1,0,1,1
0.00303429,0,0,1,0,0,0,0,0,0,1,0,0,1,0,1,1
0.0030343,1,1,1,0,0,0,0,0,0,1,0,0,1,0,1,1
0.00303431,0,0,1,0,0,0,0,0,0,1,0,0,1,0,1,1
0.00303432,0,0,0,0,0,0,0,0,0,1,0,0,1,0,1,1
0.00303434,0,1,1,1,0,1,0,0,0,1,0,0,1,0,1,1
0.00303436,1,1,1,1,1,1,0,0,0,1,0,0,1,0,1,1
0.00303437,1,1,1,1,1,1,1,1,0,1,0,0,1,0,1,1
0.00303442,1,1,1,1,1,1,1,0,0,1,0,0,1,0,1,1
0.00303443,0,1,0,0,1,1,0,0,0,1,0,0,1,0,1,1
0.00303447,1,1,1,1,1,1,1,1,0,1,0,0,1,0,1,1
0.00303449,1,1,1,0,1,1,0,0,0,1,0,0,1,0,1,1
0.0030345,0,1,0,0,1,1,0,0,0,1,0,0,1,0,1,1
0.00303454,0,1,1,0,1,1,0,0,0,1,0,0,1,0,1,1
0.00303457,0,1,0,0,1,1,0,0,0,1,0,0,1,0,1,1
0.00303476,0,1,0,0,1,1,0,0,0,1,0,0,1,0,0,0
0.00303477,0,1,0,0,1,1,0,0,0,1,0,0,1,1,0,0
0.0030353,0,1,1,0,1,1,0,0,0,1,0,0,1,1,0,0
0.00303531,1,1,1,1,1,1,1,1,0,1,0,0,1,1,0,0
0.00303535,1,1,1,1,0,1,1,1,0,1,0,0,1,1,0,0
0.00303536,1,1,0,0,0,1,0,0,0,1,0,0,1,1,0,0
0.00303539,1,1,1,1,0,1,1,0,0,1,0,0,1,1,0,0
0.0030354,1,1,1,1,1,1,1,1,0,1,0,0,1,1,0,0
0.00303541,1,1,1,1,0,1,1,1,0,1,0,0,1,1,0,0
0.00303542,1,1,1,1,0,1,1,0,0,1,0,0,1,1,0,0
0.00303543,1,1,1,0,0,1,0,0,0,1,0,0,1,1,0,0
0.00303544,1,1,0,0,0,1,0,0,0,1,0,0,1,1,0,0
0.00303547,1,1,1,0,0,1,0,0,0,1,0,0,1,1,0,0
0.00303548,1,1,1,1,0,1,0,0,0,1,0,0,1,1,0,0
0.0030355,1,1,1,0,0,1,0,0,0,1,0,0,1,1,0,0
0.00303552,1,1,0,0,0,1,0,0,0,1,0,0,1,1,0,0
0.00303554,1,1,1,0,0,1,0,0,0,1,0,0,1,1,0,0
0.00303568,1,1,0,0,0,1,0,0,0,1,0,0,1,1,0,0
0.0030357,1,1,1,0,0,1,0,0,0,1,0,0,1,1,0,0
0.00303572,1,1,0,0,0,1,0,0,0,1,0,0,1,1,0,0
0.00303573,1,1,1,0,0,1,0,0,0,1,0,0,1,1,0,0
0.00303577,1,1,0,0,0,1,0,0,0,1,0,0,1,1,0,0
0.00303579,1,1,1,0,0,1,0,0,0,1,0,0,1,1,0,0
0.0030358,1,1,0,0,0,1,0,0,0,1,0,0,1,1,0,0
0.00303582,1,1,1,0,0,1,0,0,0,1,0,0,1,1,0,0
0.00303583,1,1,0,0,0,1,0,0,0,1,0,0,1,1,0,0
0.00303626,1,1,1,0,0,1,0,0,0,1,0,0,1,1,0,0
0.00303627,1,1,1,1,0,1,0,1,0,1,0,0,1,1,0,0
0.00303628,1,1,1,1,1,1,1,1,0,1,0,0,1,1,0,0
0.00303633,1,1,1,1,1,0,1,1,0,1,0,0,1,1,0,0
0.00303634,1,1,0,1,0,0,0,0,0,1,0,0,1,1,0,0
0.00303638,1,1,1,1,0,0,1,1,0,1,0,0,1,1,0,0
0.00303639,1,1,1,1,1,1,1,1,0,1,0,0,1,1,0,0
0.0030364,1,1,1,1,0,0,1,0,0,1,0,0,1,1,0,0
0.00303641,1,1,0,1,0,0,0,0,0,1,0,0,1,1,0,0
0.00303646,1,1,1,1,0,0,0,0,0,1,0,0,1,1,0,0
0.00303648,1,1,0,1,0,0,0,0,0,1,0,0,1,1,0,0
0.00303725,1,1,1,1,0,0,1,0,0,1,0,0,1,1,0,0
0.00303726,1,1,1,1,1,1,1,1,0,1,0,0,1,1,0,0
0.00303824,1,1,1,1,0,0,0,0,0,1,0,0,1,1,0,0
0.00303825,1,0,0,1,1,0,0,0,0,1,0,0,1,1,0,0
0.00303826,0,0,0,1,1,0,1,0,0,1,0,0,1,1,0,0
0.00303828,1,1,1,1,1,0,1,0,0,1,0,0,1,1,0,0
0.00303829,1,1,1,1,1,1,1,1,0,1,0,0,1,1,0,0
0.00303832,0,1,1,1,1,1,1,1,0,1,0,0,1,1,0,0
0.00303834,1,1,1,1,1,1,1,1,0,1,0,0,1,1,0,0
0.00303835,1,1,1,0,0,1,0,1,0,1,0,0,1,1,0,0
0.00303836,0,1,1,0,0,1,0,1,0,1,0,0,1,1,0,0
0.00303839,1,1,1,0,0,1,0,1,0,1,0,0,1,1,0,0
0.0030384,1,1,1,0,0,1,1,1,0,1,0,0,1,1,0,0
0.00303841,1,1,1,0,0,1,0,1,0,1,0,0,1,1,0,0
0.00303842,0,1,1,0,0,1,0,1,0,1,0,0,1,1,0,0
0.00303866,0,1,1,0,0,1,0,1,0,1,0,0,0,1,0,0
0.00303867,0,1,1,0,0,1,0,1,0,1,1,0,0,1,0,1
0.00303874,0,1,1,0,0,1,0,1,0,1,1,0,0,1,0,0
0.00303875,0,1,1,0,0,1,0,1,0,1,1,0,0,1,0,1
0.00303921,1,1,1,1,1,1,0,1,0,1,1,0,0,1,0,1
0.00303922,1,1,1,1,1,1,1,1,0,1,1,0,0,1,0,1
0.00303927,0,0,0,0,0,0,1,0,0,1,1,0,0,1,0,1
0.00303931,1,0,0,0,0,0,1,0,0,1,1,0,0,1,0,1
0.00303932,1,1,1,1,0,1,1,1,0,1,1,0,0,1,0,1
0.00303933,1,1,1,1,1,1,1,1,0,1,1,0,0,1,0,1
0.00303934,1,1,1,1,0,1,1,1,0,1,1,0,0,1,0,1
0.00303935,1,0,0,0,0,0,1,0,0,1,1,0,0,1,0,1
0.00303936,0,0,0,0,0,0,1,0,0,1,1,0,0,1,0,1
0.00303941,1,0,0,0,0,0,1,0,0,1,1,0,0,1,0,1
0.00303943,0,0,0,0,0,0,1,0,0,1,1,0,0,1,0,1
0.00304017,1,1,1,1,0,0,1,0,0,1,1,0,0,1,0,1
0.00304018,1,1,1,1,1,1,1,1,0,1,1,0,0,1,0,1
0.00304024,0,0,0,0,0,0,0,1,0,1,1,0,0,1,0,1
0.00304028,1,1,1,1,0,1,0,1,0,1,1,0,0,1,0,1
0.00304029,1,1,1,1,1,1,0,1,0,1,1,0,0,1,0,1
0.00304031,1,1,1,1,0,1,0,1,0,1,1,0,0,1,0,1
0.00304032,1,0,1,0,0,0,0,1,0,1,1,0,0,1,0,1
0.00304033,0,0,0,0,0,0,0,1,0,1,1,0,0,1,0,1
0.00304036,1,1,1,1,0,1,0,1,0,1,1,0,0,1,0,1
0.00304039,1,1,1,0,0,0,0,1,0,1,1,0,0,1,0,1
0.0030404,0,0,1,0,0,0,0,1,0,1,1,0,0,1,0,1
0.00304041,0,0,0,0,0,0,0,1,0,1,1,0,0,1,0,1
0.00304044,0,0,1,0,0,0,0,1,0,1,1,0,0,1,0,1
0.00304045,1,0,1,0,0,0,0,1,0,1,1,0,0,1,0,1
0.00304046,0,0,1,0,0,0,0,1,0,1,1,0,0,1,0,1
0.00304049,0,0,0,0,0,0,0,1,0,1,1,0,0,1,0,1
0.0030405,0,0,1,0,0,0,0,1,0,1,1,0,0,1,0,1
0.00304056,0,0,0,0,0,0,0,1,0,1,1,0,0,1,0,1
0.00304059,0,0,1,0,0,0,0,1,0,1,1,0,0,1,0,1
0.00304061,0,0,0,0,0,0,0,1,0,1,1,0,0,1,0,1
0.00304062,0,0,1,0,0,0,0,1,0,1,1,0,0,1,0,1
0.00304064,0,0,0,0,0,0,0,1,0,1,1,0,0,1,0,1
0.0030407,0,0,1,0,0,0,0,1,0,1,1,0,0,1,0,1
0.00304071,0,0,0,0,0,0,0,1,0,1,1,0,0,1,0,1
0.00304114,1,1,1,0,0,0,0,1,0,1,1,0,0,1,0,1
0.00304115,1,1,1,1,0,0,0,1,0,1,1,0,0,1,0,1
0.00304116,1,1,1,1,1,1,0,1,0,1,1,0,0,1,0,1
0.00304118,1,1,1,1,1,1,1,1,0,1,1,0,0,1,0,1
0.00304122,0,1,1,1,0,1,0,0,0,1,1,0,0,1,0,1
0.00304126,1,1,1,1,0,1,0,0,0,1,1,0,0,1,0,1
0.00304127,1,1,1,1,1,1,1,1,0,1,1,0,0,1,0,1
0.00304128,1,1,1,1,0,1,1,0,0,1,1,0,0,1,0,1
0.00304129,0,1,1,1,0,1,0,0,0,1,1,0,0,1,0,1
0.00304213,1,1,1,1,0,1,1,0,0,1,1,0,0,1,0,1
0.00304214,1,1,1,1,1,1,1,1,0,1,1,0,0,1,0,1
0.00304315,0,1,1,1,0,1,0,0,0,1,1,0,0,1,0,1
0.00304319,1,1,1,1,0,1,0,0,0,1,1,0,0,1,0,1
0.0030432,1,1,1,1,1,1,1,1,0,1,1,0,0,1,0,1
0.00304321,0,1,1,1,0,1,1,0,0,1,1,0,0,1,0,1
0.00304322,0,1,1,1,0,1,0,0,0,1,1,0,0,1,0,1
0.00304418,1,1,1,1,1,1,0,0,0,1,1,0,0,1,0,1
0.00304419,1,0,1,0,1,1,1,1,0,1,1,0,0,1,0,1
0.0030442,0,0,1,0,1,0,0,0,0,1,1,0,0,1,0,1
0.00304424,1,0,1,0,1,0,0,0,0,1,1,0,0,1,0,1
0.00304425,1,0,1,0,1,0,1,0,0,1,1,0,0,1,0,1
0.00304426,0,0,1,0,1,0,0,0,0,1,1,0,0,1,0,1
0.00304452,0,0,1,0,1,0,0,0,0,0,1,0,0,0,0,0
0.00304453,0,0,1,0,1,0,0,0,0,0,1,0,1,0,0,0
0.00304507,1,0,1,0,1,1,1,1,0,0,1,0,1,0,0,0
0.00304508,1,1,1,1,1,1,1,1,0,0,1,0,1,0,0,0
0.00304512,1,1,0,1,0,1,1,1,0,0,1,0,1,0,0,0
0.00304513,0,0,0,0,0,0,1,0,0,0,1,0,1,0,0,0
0.00304517,1,1,1,1,0,1,1,1,0,0,1,0,1,0,0,0
0.00304518,1,1,1,1,1,1,1,1,0,0,1,0,1,0,0,0
0.00304519,1,1,1,1,0,1,1,1,0,0,1,0,1,0,0,0
0.0030452,1,0,1,1,0,1,1,1,0,0,1,0,1,0,0,0
0.00304521,0,0,0,0,0,1,1,0,0,0,1,0,1,0,0,0
0.00304522,0,0,0,0,0,0,1,0,0,0,1,0,1,0,0,0
0.00304525,0,0,0,0,0,1,1,0,0,0,1,0,1,0,0,0
0.00304526,0,0,0,1,0,1,1,0,0,0,1,0,1,0,0,0
0.00304527,0,0,0,0,0,1,1,0,0,0,1,0,1,0,0,0
0.00304529,0,0,0,0,0,0,1,0,0,0,1,0,1,0,0,0
0.00304603,1,1,1,1,1,1,1,1,0,0,1,0,1,0,0,0
0.0030461,0,0,0,0,0,0,0,1,0,0,1,0,1,0,0,0
0.00304614,1,1,1,1,0,1,1,1,0,0,1,0,1,0,0,0
0.00304615,1,1,1,1,1,1,1,1,0,0,1,0,1,0,0,0
0.00304617,1,0,1,1,0,1,0,1,0,0,1,0,1,0,0,0
0.00304618,0,0,0,0,0,0,0,1,0,0,1,0,1,0,0,0
0.00304622,0,0,1,1,0,1,0,1,0,0,1,0,1,0,0,0
0.00304625,0,0,1,0,0,0,0,1,0,0,1,0,1,0,0,0
0.00304626,0,0,0,0,0,0,0,1,0,0,1,0,1,0,0,0
0.003047,1,1,1,1,0,0,0,1,0,0,1,0,1,0,0,0
0.00304701,1,1,1,1,1,1,0,1,0,0,1,0,1,0,0,0
0.00304702,1,1,1,1,1,1,1,1,0,0,1,0,1,0,0,0
0.00304707,1,1,1,1,1,1,1,0,0,0,1,0,1,0,0,0
0.00304708,1,1,0,0,1,0,0,0,0,0,1,0,1,0,0,0
0.00304712,1,1,1,1,1,1,1,0,0,0,1,0,1,0,0,0
0.00304713,1,1,1,1,1,1,1,1,0,0,1,0,1,0,0,0
0.00304714,1,1,1,1,1,1,1,0,0,0,1,0,1,0,0,0
0.00304715,1,1,0,0,1,0,0,0,0,0,1,0,1,0,0,0
0.0030472,1,1,1,0,1,0,0,0,0,0,1,0,1,0,0,0
0.00304722,1,1,0,0,1,0,0,0,0,0,1,0,1,0,0,0
0.00304745,1,1,0,0,1,0,0,0,0,0,0,0,1,0,0,0
0.00304746,1,1,0,0,1,0,0,0,1,1,0,0,1,0,0,0
0.00304752,1,1,0,0,1,0,0,0,0,0,0,0,0,0,0,0
0.00304753,1,1,0,0,1,0,0,0,1,1,0,0,1,0,0,0
0.00304799,1,1,1,0,1,0,0,0,1,1,0,0,1,0,0,0
0.003048,1,1,1,1,1,1,1,1,1,1,0,0,1,0,0,0
0.00304804,1,0,0,0,1,1,1,0,1,1,0,0,1,0,0,0
0.00304808,1,0,1,1,1,1,1,0,1,1,0,0,1,0,0,0
0.00304809,1,1,1,1,1,1,1,0,1,1,0,0,1,0,0,0
0.0030481,1,0,1,0,1,1,1,0,1,1,0,0,1,0,0,0
0.00304811,1,0,0,0,1,1,1,0,1,1,0,0,1,0,0,0
0.00304895,1,1,1,1,1,1,1,0,1,1,0,0,1,0,0,0
0.00304896,1,1,1,1,1,1,1,1,1,1,0,0,1,0,0,0
0.00304903,0,1,1,1,1,0,0,0,1,1,0,0,1,0,0,0
0.00304904,0,1,0,0,1,0,0,0,1,1,0,0,1,0,0,0
0.00304907,0,1,1,1,1,0,0,0,1,1,0,0,1,0,0,0
0.00304908,1,1,1,1,1,1,1,1,1,1,0,0,1,0,0,0
0.0030491,1,1,1,1,1,1,0,0,1,1,0,0,1,0,0,0
0.00304911,0,1,1,1,1,0,0,0,1,1,0,0,1,0,0,0
0.00304912,0,1,0,0,1,0,0,0,1,1,0,0,1,0,0,0
0.00304915,0,1,1,0,1,0,0,0,1,1,0,0,1,0,0,0
0.00304916,0,1,1,1,1,0,0,0,1,1,0,0,1,0,0,0
0.00304919,0,1,1,0,1,0,0,0,1,1,0,0,1,0,0,0
0.0030492,0,1,0,0,1,0,0,0,1,1,0,0,1,0,0,0
0.00304923,0,1,1,0,1,0,0,0,1,1,0,0,1,0,0,0
0.00304926,0,1,0,0,1,0,0,0,1,1,0,0,1,0,0,0
0.0030494,0,1,1,0,1,0,0,0,0,1,0,0,1,0,0,0
0.00304941,0,1,0,0,1,0,0,0,0,1,0,0,1,0,0,0
0.00304946,0,1,1,0,1,0,0,0,0,1,0,0,1,0,0,0
0.00304947,0,1,1,0,1,0,0,0,0,0,0,0,1,0,0,0
0.00304948,0,1,0,0,1,0,0,0,0,1,0,0,1,0,0,0
0.00304954,0,1,1,0,1,0,0,0,0,1,0,0,1,0,0,0
0.00304955,0,1,0,0,1,0,0,0,0,1,0,0,1,0,0,0
0.00304995,1,1,1,1,1,0,0,0,0,1,0,0,1,0,0,0
0.00304996,1,1,1,1,1,1,1,1,0,1,0,0,1,0,0,0
0.00305,1,1,0,0,1,1,0,0,0,1,0,0,1,0,0,0
0.00305004,1,1,1,1,1,1,1,1,0,1,0,0,1,0,0,0
0.00305006,1,1,1,1,1,1,1,0,0,1,0,0,1,0,0,0
0.00305007,1,1,0,0,1,1,0,0,0,1,0,0,1,0,0,0
0.00305011,1,1,1,0,1,1,0,0,0,1,0,0,1,0,0,0
0.00305012,1,1,1,1,1,1,0,0,0,1,0,0,1,0,0,0
0.00305013,1,1,1,0,1,1,0,0,0,1,0,0,1,0,0,0
0.00305014,1,1,0,0,1,1,0,0,0,1,0,0,1,0,0,0
0.0030509,1,1,1,1,1,1,0,0,0,1,0,0,1,0,0,0
0.00305092,1,1,1,1,1,1,1,0,0,1,0,0,1,0,0,0
0.00305093,1,1,1,1,1,1,1,1,0,1,0,0,1,0,0,0
0.00305098,1,0,1,1,1,0,1,1,0,1,0,0,1,0,0,0
0.00305099,1,0,0,0,1,0,0,0,0,1,0,0,1,0,0,0
0.00305102,1,0,1,1,1,0,1,0,0,1,0,0,1,0,0,0
0.00305103,1,1,1,1,1,1,1,1,0,1,0,0,1,0,0,0
0.00305106,1,0,1,1,1,0,1,0,0,1,0,0,1,0,0,0
0.00305107,1,0,1,0,1,0,0,0,0,1,0,0,1,0,0,0
0.00305108,1,0,0,0,1,0,0,0,0,1,0,0,1,0,0,0
0.0030511,1,0,1,1,1,0,0,0,0,1,0,0,1,0,0,0
0.00305111,1,0,1,1,1,1,1,0,0,1,0,0,1,0,0,0
0.00305113,1,0,1,1,1,0,1,0,0,1,0,0,1,0,0,0
0.00305114,1,0,1,1,1,0,0,0,0,1,0,0,1,0,0,0
0.00305115,1,0,1,0,1,0,0,0,0,1,0,0,1,0,0,0
0.00305117,1,0,1,1,1,0,0,0,0,1,0,0,1,0,0,0
0.0030513,1,0,1,0,1,0,0,0,0,1,0,0,1,0,0,0
0.00305132,1,0,1,1,1,0,0,0,0,1,0,0,1,0,0,0
0.00305133,1,0,1,0,1,0,0,0,0,1,0,0,1,0,0,0
0.00305134,1,0,1,1,1,0,0,0,0,1,0,0,1,0,0,0
0.00305135,1,0,1,1,1,0,0,0,0,0,0,0,1,0,0,0
0.00305136,1,0,1,1,1,0,0,0,1,0,0,0,1,0,0,0
0.00305137,1,0,1,0,1,0,0,0,1,0,0,0,1,0,0,0
0.0030514,1,0,1,1,1,0,0,0,1,0,0,0,1,0,0,0
0.00305143,1,0,1,1,1,0,0,0,0,0,0,0,0,0,0,0
0.00305144,1,0,0,0,1,0,0,0,1,0,0,0,1,0,0,0
0.00305145,1,0,1,0,1,0,0,0,1,0,0,0,1,0,0,0
0.00305146,1,0,0,0,1,0,0,0,1,0,0,0,1,0,0,0
0.00305148,1,0,1,1,1,0,0,0,1,0,0,0,1,0,0,0
0.00305151,1,0,1,0,1,0,0,0,1,0,0,0,1,0,0,0
0.00305152,1,0,0,0,1,0,0,0,1,0,0,0,1,0,0,0
0.00305154,1,0,1,0,1,0,0,0,1,0,0,0,1,0,0,0
0.00305159,1,0,0,0,1,0,0,0,1,0,0,0,1,0,0,0
0.00305162,1,0,1,0,1,0,0,0,1,0,0,0,1,0,0,0
0.00305164,1,0,0,0,1,0,0,0,1,0,0,0,1,0,0,0
0.00305188,1,0,1,1,1,0,0,0,1,0,0,0,1,0,0,0
0.0030519,1,1,1,1,1,1,1,1,1,0,0,0,1,0,0,0
0.00305195,0,0,1,1,1,0,1,0,1,0,0,0,1,0,0,0
0.00305199,1,1,1,1,1,1,1,1,1,0,0,0,1,0,0,0
0.00305201,0,1,1,1,1,1,1,0,1,0,0,0,1,0,0,0
0.00305202,0,0,1,1,1,0,1,0,1,0,0,0,1,0,0,0
0.00305288,0,1,1,1,1,0,1,0,1,0,0,0,1,0,0,0
0.00305289,1,1,1,1,1,1,1,1,1,0,0,0,1,0,0,0
0.00305293,1,1,1,1,0,1,1,1,1,0,0,0,1,0,0,0
0.00305294,0,1,0,1,0,1,0,0,1,0,0,0,1,0,0,0
0.00305298,1,1,1,1,0,1,1,1,1,0,0,0,1,0,0,0
0.003053,1,1,1,1,0,1,0,0,1,0,0,0,1,0,0,0
0.00305301,0,1,0,1,0,1,0,0,1,0,0,0,1,0,0,0
0.00305306,1,1,1,1,0,1,0,0,1,0,0,0,1,0,0,0
0.00305308,0,1,0,1,0,1,0,0,1,0,0,0,1,0,0,0
0.0030533,0,1,1,1,0,1,0,0,0,0,0,0,0,0,0,0
0.00305331,0,1,0,1,0,1,0,0,0,1,0,0,0,0,0,0
0.00305332,0,1,0,1,0,1,0,0,0,1,0,1,0,1,0,0
0.00305336,0,1,1,1,0,1,0,0,0,1,0,1,0,1,0,0
0.00305338,0,1,0,1,0,1,0,0,0,1,0,1,0,1,0,0
0.00305384,0,1,1,1,0,1,0,0,0,1,0,1,0,1,0,0
0.00305385,1,1,1,1,0,1,1,1,0,1,0,1,0,1,0,0
0.00305386,1,1,1,1,1,1,1,1,0,1,0,1,0,1,0,0
0.00305388,1,1,1,1,0,1,1,1,0,1,0,1,0,1,0,0
0.00305389,0,1,0,1,0,1,1,1,0,1,0,1,0,1,0,0
0.0030539,1,1,1,0,1,1,1,1,0,1,0,1,0,1,0,0
0.00305391,0,0,0,0,0,0,1,0,0,1,0,1,0,1,0,0
0.00305395,1,0,1,0,0,0,1,0,0,1,0,1,0,1,0,0
0.00305396,1,0,1,0,0,1,1,1,0,1,0,1,0,1,0,0
0.00305397,1,0,1,0,0,0,1,1,0,1,0,1,0,1,0,0
0.00305398,0,0,1,0,0,0,1,0,0,1,0,1,0,1,0,0
0.00305399,0,0,0,0,0,0,1,0,0,1,0,1,0,1,0,0
0.00305404,0,0,1,0,0,0,1,0,0,1,0,1,0,1,0,0
0.00305405,0,0,0,0,0,0,1,0,0,1,0,1,0,1,0,0
0.00305482,0,0,0,0,0,0,1,1,0,1,0,1,0,1,0,0
0.00305484,1,0,1,0,0,0,0,1,0,1,0,1,0,1,0,0
0.00305485,0,0,0,0,0,0,0,1,0,1,0,1,0,1,0,0
0.00305583,1,1,0,0,1,1,0,1,0,1,0,1,0,1,0,0
0.00305584,1,1,1,0,1,1,0,0,0,1,0,1,0,1,0,0
0.00305585,1,1,1,1,1,1,0,0,0,1,0,1,0,1,0,0
0.00305586,1,1,1,0,1,1,0,0,0,1,0,1,0,1,0,0
0.00305587,1,1,0,0,1,1,0,0,0,1,0,1,0,1,0,0
0.00305676,1,1,0,0,1,1,1,0,0,1,0,1,0,1,0,0
0.00305678,1,1,1,0,1,1,1,0,0,1,0,1,0,1,0,0
0.00305679,1,1,1,0,1,1,0,0,0,1,0,1,0,1,0,0
0.0030568,1,1,0,0,1,1,0,0,0,1,0,1,0,1,0,0
0.00305683,1,1,1,1,1,1,1,1,0,1,0,1,0,1,0,0
0.00305688,1,1,0,1,1,1,0,0,0,1,0,1,0,1,0,0
0.00305689,1,1,0,0,1,1,0,0,0,1,0,1,0,1,0,0
0.0030569,1,0,0,0,0,1,0,0,0,1,0,1,0,1,0,0
0.00305721,1,0,0,0,0,1,0,0,0,0,0,0,0,1,0,0
0.00305722,1,0,0,0,0,1,0,0,1,0,0,0,0,1,0,0
0.00305728,1,0,0,0,0,1,0,0,1,0,0,0,0,0,0,0
0.00305729,1,0,0,0,0,1,0,0,1,0,0,0,0,1,0,0
0.00305776,1,0,1,0,0,1,0,0,1,0,0,0,0,1,0,0
0.00305777,1,1,1,1,0,1,1,1,1,0,0,0,0,1,0,0
0.00305778,1,1,1,1,1,1,1,1,1,0,0,0,0,1,0,0
0.00305782,0,0,0,0,0,0,1,0,1,0,0,0,0,1,0,0
0.00305787,1,0,1,1,0,1,1,0,1,0,0,0,0,1,0,0
0.00305788,1,1,1,1,0,1,1,0,1,0,0,0,0,1,0,0
0.0030579,0,0,1,0,0,0,1,0,1,0,0,0,0,1,0,0
0.00305791,0,0,0,0,0,0,1,0,1,0,0,0,0,1,0,0
0.00305796,0,0,1,0,0,0,1,0,1,0,0,0,0,1,0,0
0.00305797,0,0,0,0,0,0,1,0,1,0,0,0,0,1,0,0
0.00305872,0,0,0,0,0,0,1,1,1,0,0,0,0,1,0,0
0.00305873,1,1,1,1,0,0,1,1,1,0,0,0,0,1,0,0
0.00305874,1,1,1,1,1,1,1,1,1,0,0,0,0,1,0,0
0.00305877,0,0,0,0,0,0,1,1,1,0,0,0,0,1,0,0
0.00305878,0,0,0,0,0,0,0,1,1,0,0,0,0,1,0,0
0.00305883,1,1,1,1,0,1,0,1,1,0,0,0,0,1,0,0
0.00305885,0,0,0,0,0,0,0,1,1,0,0,0,0,1,0,0
0.00305972,1,1,1,1,1,1,0,1,1,0,0,0,0,1,0,0
0.00305973,1,1,1,1,1,1,1,1,1,0,0,0,0,1,0,0
0.00305977,1,1,0,0,1,1,0,0,1,0,0,0,0,1,0,0
0.00305981,1,1,1,1,1,1,1,1,1,0,0,0,0,1,0,0
0.00305983,1,1,0,0,1,1,0,0,1,0,0,0,0,1,0,0
0.00305988,1,1,1,0,1,1,0,0,1,0,0,0,0,1,0,0
0.0030599,1,1,0,0,1,1,0,0,1,0,0,0,0,1,0,0
0.00306073,1,1,1,1,1,1,1,1,1,0,0,0,0,1,0,0
0.00306082,0,1,0,0,1,0,1,1,1,0,0,0,0,1,0,0
0.00306086,1,1,1,1,1,1,1,1,1,0,0,0,0,1,0,0
0.00306088,0,1,1,1,1,0,1,1,1,0,0,0,0,1,0,0
0.00306089,0,1,0,0,1,0,1,1,1,0,0,0,0,1,0,0
0.00306094,0,1,1,0,1,0,1,1,1,0,0,0,0,1,0,0
0.00306095,0,1,0,0,1,0,1,1,1,0,0,0,0,1,0,0
0.00306111,0,1,0,0,1,0,1,1,1,0,0,0,0,0,0,0
0.00306112,0,1,0,0,1,0,1,1,0,1,0,0,0,0,0,0
0.00306113,0,1,0,0,1,0,1,1,0,1,0,0,1,0,1,1
0.00306167,1,1,1,1,1,0,1,1,0,1,0,0,1,0,1,1
0.00306168,1,1,1,1,1,1,1,1,0,1,0,0,1,0,1,1
0.00306171,1,1,1,1,1,1,1,0,0,1,0,0,1,0,1,1
0.00306172,1,1,0,0,1,1,0,0,0,1,0,0,1,0,1,1
0.00306175,1,1,1,0,1,1,0,0,0,1,0,0,1,0,1,1
0.00306176,1,1,1,1,1,1,1,1,0,1,0,0,1,0,1,1
0.00306178,1,1,1,1,1,1,0,0,0,1,0,0,1,0,1,1
0.00306179,1,1,0,0,1,1,0,0,0,1,0,0,1,0,1,1
0.00306183,1,1,1,1,1,1,0,0,0,1,0,0,1,0,1,1
0.00306185,1,1,1,0,1,1,0,0,0,1,0,0,1,0,1,1
0.00306186,1,1,0,0,1,1,0,0,0,1,0,0,1,0,1,1
0.00306262,1,1,1,1,1,1,0,0,0,1,0,0,1,0,1,1
0.00306263,1,1,1,1,1,1,1,0,0,1,0,0,1,0,1,1
0.00306264,1,1,1,1,1,1,1,1,0,1,0,0,1,0,1,1
0.0030636,1,0,1,1,0,0,1,1,0,1,0,0,1,0,1,1
0.00306361,0,0,0,0,0,0,0,0,0,1,0,0,1,0,1,1
0.00306366,0,0,1,1,0,0,1,0,0,1,0,0,1,0,1,1
0.00306367,0,0,0,0,0,0,0,0,0,1,0,0,1,0,1,1
0.00306456,0,0,1,0,0,0,0,0,0,1,0,0,1,0,1,1
0.00306457,1,0,1,0,0,0,0,0,0,1,0,0,1,0,1,1
0.00306458,0,0,0,0,0,0,0,0,0,1,0,0,1,0,1,1
0.00306461,1,1,0,0,1,1,0,0,0,1,0,0,1,0,1,1
0.00306463,1,1,1,1,1,1,1,1,0,1,0,0,1,0,1,1
0.00306469,0,1,0,0,1,1,0,0,0,1,0,0,1,0,1,1
0.00306473,1,1,1,1,1,1,1,0,0,1,0,0,1,0,1,1
0.00306474,1,1,1,1,1,1,1,1,0,1,0,0,1,0,1,1
0.00306475,1,1,1,1,1,1,1,0,0,1,0,0,1,0,1,1
0.00306476,0,1,0,0,1,1,0,0,0,1,0,0,1,0,1,1
0.00306482,0,1,1,0,1,1,0,0,0,1,0,0,1,0,1,1
0.00306483,0,1,0,0,1,1,0,0,0,1,0,0,1,0,1,1
0.00306502,0,1,0,0,1,1,0,0,0,1,0,0,1,0,0,0
0.00306504,0,1,0,0,1,1,0,0,0,1,0,0,1,1,0,0
0.00306555,0,1,1,0,1,1,0,0,0,1,0,0,1,1,0,0
0.00306556,0,1,0,0,1,1,0,0,0,1,0,0,1,1,0,0
0.00306557,1,1,1,1,1,1,0,0,0,1,0,0,1,1,0,0
0.00306558,1,1,1,1,1,1,1,1,0,1,0,0,1,1,0,0
0.00306561,1,1,1,1,0,1,1,1,0,1,0,0,1,1,0,0
0.00306562,0,1,1,0,0,1,0,0,0,1,0,0,1,1,0,0
0.00306566,1,1,1,1,0,1,1,1,0,1,0,0,1,1,0,0
0.00306568,0,1,1,0,0,1,0,0,0,1,0,0,1,1,0,0
0.00306653,1,1,1,1,0,1,0,0,0,1,0,0,1,1,0,0
0.00306655,1,1,1,1,1,1,1,1,0,1,0,0,1,1,0,0
0.00306659,1,1,1,1,1,0,1,1,0,1,0,0,1,1,0,0
0.0030666,1,1,0,1,0,0,0,0,0,1,0,0,1,1,0,0
0.00306664,1,1,1,1,0,0,1,0,0,1,0,0,1,1,0,0
0.00306665,1,1,1,1,1,1,1,1,0,1,0,0,1,1,0,0
0.00306666,1,1,1,1,0,0,1,0,0,1,0,0,1,1,0,0
0.00306667,1,1,0,1,0,0,0,0,0,1,0,0,1,1,0,0
0.00306752,1,1,1,1,0,1,1,0,0,1,0,0,1,1,0,0
0.00306753,1,1,1,1,1,1,1,1,0,1,0,0,1,1,0,0
0.00306853,0,0,0,1,1,0,1,0,0,1,0,0,1,1,0,0
0.00306856,1,1,1,1,1,1,1,1,0,1,0,0,1,1,0,0
0.00306859,0,1,1,1,1,1,1,1,0,1,0,0,1,1,0,0
0.00306861,1,1,1,1,1,1,1,1,0,1,0,0,1,1,0,0
0.00306862,0,1,1,0,0,1,0,1,0,1,0,0,1,1,0,0
0.00306893,0,1,1,0,0,1,0,1,0,1,0,0,0,1,0,0
0.00306894,0,1,1,0,0,1,0,1,0,1,1,0,0,1,0,1
0.00306946,1,1,1,1,0,1,0,1,0,1,1,0,0,1,0,1
0.00306948,1,1,1,1,1,1,1,1,0,1,1,0,0,1,0,1
0.00306953,1,0,0,0,1,0,1,0,0,1,1,0,0,1,0,1
0.00306954,0,0,0,0,0,0,1,0,0,1,1,0,0,1,0,1
0.00306957,0,0,1,0,0,1,1,0,0,1,1,0,0,1,0,1
0.00306958,1,1,1,1,0,1,1,1,0,1,1,0,0,1,0,1
0.00306959,1,1,1,1,1,1,1,1,0,1,1,0,0,1,0,1
0.0030696,1,1,1,1,0,1,1,1,0,1,1,0,0,1,0,1
0.00306961,1,1,1,1,0,1,1,0,0,1,1,0,0,1,0,1
0.00306962,0,0,1,0,0,0,1,0,0,1,1,0,0,1,0,1
0.00306963,0,0,0,0,0,0,1,0,0,1,1,0,0,1,0,1
0.00306965,0,0,1,0,0,0,1,0,0,1,1,0,0,1,0,1
0.00306966,1,1,1,1,0,1,1,0,0,1,1,0,0,1,0,1
0.00306969,0,0,1,0,0,0,1,0,0,1,1,0,0,1,0,1
0.00306974,1,0,1,0,0,0,1,0,0,1,1,0,0,1,0,1
0.00306975,0,0,1,0,0,0,1,0,0,1,1,0,0,1,0,1
0.0030704,0,0,0,0,0,0,1,0,0,1,1,0,0,1,0,1
0.00307041,0,0,1,0,0,0,1,0,0,1,1,0,0,1,0,1
0.00307042,0,0,0,0,0,0,1,0,0,1,1,0,0,1,0,1
0.00307043,0,0,1,0,0,0,1,0,0,1,1,0,0,1,0,1
0.00307044,1,1,1,1,0,0,1,1,0,1,1,0,0,1,0,1
0.00307045,1,1,1,1,1,1,1,1,0,1,1,0,0,1,0,1
0.00307049,0,0,0,0,0,1,0,1,0,1,1,0,0,1,0,1
0.0030705,0,0,0,0,0,0,0,1,0,1,1,0,0,1,0,1
0.00307053,1,1,1,1,0,1,0,1,0,1,1,0,0,1,0,1
0.00307054,1,1,1,1,1,1,1,1,0,1,1,0,0,1,0,1
0.00307057,1,1,1,1,0,1,0,1,0,1,1,0,0,1,0,1
0.00307058,0,0,1,0,0,1,0,1,0,1,1,0,0,1,0,1
0.00307059,0,0,0,0,0,0,0,1,0,1,1,0,0,1,0,1
0.0030706,0,0,1,0,0,0,0,1,0,1,1,0,0,1,0,1
0.00307061,1,1,1,1,0,1,0,1,0,1,1,0,0,1,0,1
0.00307067,0,0,1,1,0,1,0,1,0,1,1,0,0,1,0,1
0.00307068,0,1,1,1,0,1,0,1,0,1,1,0,0,1,0,1
0.00307069,1,1,1,1,0,1,0,1,0,1,1,0,0,1,0,1
0.00307079,0,1,1,1,0,1,0,1,0,1,1,0,0,1,0,1
0.0030708,1,1,1,1,0,1,0,1,0,1,1,0,0,1,0,1
0.00307083,0,0,1,1,0,1,0,1,0,1,1,0,0,1,0,1
0.00307085,0,1,1,1,0,1,0,1,0,1,1,0,0,1,0,1
0.00307086,0,0,1,1,0,1,0,1,0,1,1,0,0,1,0,1
0.00307088,1,1,1,1,0,1,0,1,0,1,1,0,0,1,0,1
0.0030709,0,1,1,1,0,1,0,1,0,1,1,0,0,1,0,1
0.00307091,0,0,1,1,0,1,0,1,0,1,1,0,0,1,0,1
0.00307097,0,1,1,1,0,1,0,1,0,1,1,0,0,1,0,1
0.00307099,0,0,1,1,0,1,0,1,0,1,1,0,0,1,0,1
0.00307113,0,0,1,0,0,1,0,1,0,1,1,0,0,1,0,1
0.00307116,0,0,1,1,0,1,0,1,0,1,1,0,0,1,0,1
0.00307117,0,0,1,0,0,1,0,1,0,1,1,0,0,1,0,1
0.00307135,0,0,1,0,0,0,0,1,0,1,1,0,0,1,0,1
0.00307136,0,0,0,0,0,0,0,1,0,1,1,0,0,1,0,1
0.00307137,0,0,1,0,0,1,0,1,0,1,1,0,0,1,0,1
0.0030714,1,1,1,1,0,0,0,1,0,1,1,0,0,1,0,1
0.00307143,1,1,1,1,1,1,1,1,0,1,1,0,0,1,0,1
0.00307148,1,1,1,1,0,1,0,0,0,1,1,0,0,1,0,1
0.00307149,0,1,1,1,0,1,0,0,0,1,1,0,0,1,0,1
0.00307152,1,1,1,1,0,1,0,0,0,1,1,0,0,1,0,1
0.00307153,1,1,1,1,1,1,1,1,0,1,1,0,0,1,0,1
0.00307154,1,1,1,1,1,1,1,0,0,1,1,0,0,1,0,1
0.00307155,0,1,1,1,0,1,0,0,0,1,1,0,0,1,0,1
0.00307161,1,1,1,1,0,1,0,0,0,1,1,0,0,1,0,1
0.00307162,0,1,1,1,0,1,0,0,0,1,1,0,0,1,0,1
0.00307239,1,1,1,1,0,1,1,0,0,1,1,0,0,1,0,1
0.0030724,1,1,1,1,1,1,1,1,0,1,1,0,0,1,0,1
0.00307342,0,1,1,1,0,1,0,0,0,1,1,0,0,1,0,1
0.00307346,1,1,1,1,0,1,1,1,0,1,1,0,0,1,0,1
0.00307347,1,1,1,1,1,1,1,1,0,1,1,0,0,1,0,1
0.00307348,0,1,1,1,0,1,0,0,0,1,1,0,0,1,0,1
0.00307445,1,1,1,1,1,1,1,1,0,1,1,0,0,1,0,1
0.00307446,0,0,1,0,1,0,1,1,0,1,1,0,0,1,0,1
0.00307447,0,0,1,0,1,0,0,0,0,1,1,0,0,1,0,1
0.00307451,1,0,1,0,1,0,1,0,0,1,1,0,0,1,0,1
0.00307453,0,0,1,0,1,0,0,0,0,1,1,0,0,1,0,1
0.00307478,0,0,1,0,1,0,0,0,0,0,1,0,0,1,0,1
0.00307479,0,0,1,0,1,0,0,0,0,0,1,0,0,0,0,0
0.0030748,0,0,1,0,1,0,0,0,0,0,1,0,1,0,0,0
0.00307486,0,0,1,0,1,0,0,0,0,0,0,0,1,0,0,0
0.00307487,0,0,1,0,1,0,0,0,0,0,1,0,1,0,0,0
0.00307531,1,0,1,0,1,0,0,0,0,0,1,0,1,0,0,0
0.00307533,0,0,1,0,1,0,0,1,0,0,1,0,1,0,0,0
0.00307534,1,1,1,1,1,0,1,1,0,0,1,0,1,0,0,0
0.00307535,1,1,1,1,1,1,1,1,0,0,1,0,1,0,0,0
0.00307539,0,0,0,0,0,1,1,0,0,0,1,0,1,0,0,0
0.0030754,0,0,0,0,0,0,1,0,0,0,1,0,1,0,0,0
0.00307543,0,0,0,0,0,1,1,0,0,0,1,0,1,0,0,0
0.00307544,1,1,1,1,0,1,1,0,0,0,1,0,1,0,0,0
0.00307547,1,0,1,1,0,1,1,0,0,0,1,0,1,0,0,0
0.00307548,0,0,0,0,0,0,1,0,0,0,1,0,1,0,0,0
0.00307552,1,0,1,1,0,0,1,0,0,0,1,0,1,0,0,0
0.00307553,1,0,1,1,0,1,1,0,0,0,1,0,1,0,0,0
0.00307554,0,0,1,0,0,0,1,0,0,0,1,0,1,0,0,0
0.00307556,0,0,0,0,0,0,1,0,0,0,1,0,1,0,0,0
0.0030756,0,0,1,0,0,0,1,0,0,0,1,0,1,0,0,0
0.00307562,0,0,0,0,0,0,1,0,0,0,1,0,1,0,0,0
0.00307571,0,0,1,0,0,0,1,0,0,0,1,0,1,0,0,0
0.00307572,0,0,0,0,0,0,1,0,0,0,1,0,1,0,0,0
0.00307576,0,0,1,0,0,0,1,0,0,0,1,0,1,0,0,0
0.00307577,0,0,0,0,0,0,1,0,0,0,1,0,1,0,0,0
0.00307586,0,0,1,0,0,0,1,0,0,0,1,0,1,0,0,0
0.00307587,0,0,0,0,0,0,1,0,0,0,1,0,1,0,0,0
0.00307629,0,0,1,0,0,0,1,0,0,0,1,0,1,0,0,0
0.0030763,1,1,1,1,0,0,1,1,0,0,1,0,1,0,0,0
0.00307632,1,1,1,1,1,1,1,1,0,0,1,0,1,0,0,0
0.00307636,0,0,0,0,0,0,0,1,0,0,1,0,1,0,0,0
0.0030764,1,1,1,1,0,1,0,1,0,0,1,0,1,0,0,0
0.00307641,1,1,1,1,1,1,1,1,0,0,1,0,1,0,0,0
0.00307643,1,1,1,1,0,1,1,1,0,0,1,0,1,0,0,0
0.00307644,0,0,1,0,0,1,0,1,0,0,1,0,1,0,0,0
0.00307645,0,0,0,0,0,0,0,1,0,0,1,0,1,0,0,0
0.00307648,0,0,1,0,0,1,0,1,0,0,1,0,1,0,0,0
0.00307649,0,0,1,1,0,1,0,1,0,0,1,0,1,0,0,0
0.0030765,0,0,1,0,0,1,0,1,0,0,1,0,1,0,0,0
0.00307652,0,0,0,0,0,0,0,1,0,0,1,0,1,0,0,0
0.00307658,0,0,1,0,0,0,0,1,0,0,1,0,1,0,0,0
0.00307659,0,0,0,0,0,0,0,1,0,0,1,0,1,0,0,0
0.00307727,1,0,0,0,0,0,0,1,0,0,1,0,1,0,0,0
0.00307728,0,0,0,0,0,0,0,1,0,0,1,0,1,0,0,0
0.00307729,1,1,1,1,1,1,0,1,0,0,1,0,1,0,0,0
0.0030773,1,1,1,1,1,1,1,1,0,0,1,0,1,0,0,0
0.00307734,1,1,0,0,1,0,0,0,0,0,1,0,1,0,0,0
0.00307738,1,1,1,1,1,1,1,0,0,0,1,0,1,0,0,0
0.00307739,1,1,1,1,1,1,1,1,0,0,1,0,1,0,0,0
0.0030774,1,1,1,1,1,1,1,0,0,0,1,0,1,0,0,0
0.00307741,1,1,1,1,1,1,0,0,0,0,1,0,1,0,0,0
0.00307742,1,1,0,0,1,0,0,0,0,0,1,0,1,0,0,0
0.00307745,1,1,1,0,1,1,0,0,0,0,1,0,1,0,0,0
0.00307746,1,1,1,1,1,1,1,0,0,0,1,0,1,0,0,0
0.00307748,1,1,1,1,1,1,0,0,0,0,1,0,1,0,0,0
0.00307749,1,1,1,0,1,0,0,0,0,0,1,0,1,0,0,0
0.00307751,1,1,0,0,1,0,0,0,0,0,1,0,1,0,0,0
0.00307752,1,1,1,0,1,0,0,0,0,0,1,0,1,0,0,0
0.00307754,1,1,1,1,1,1,0,0,0,0,1,0,1,0,0,0
0.00307755,1,1,1,0,1,1,0,0,0,0,1,0,1,0,0,0
0.00307756,1,1,1,0,1,0,0,0,0,0,1,0,1,0,0,0
0.00307771,1,1,1,0,1,0,0,0,0,0,0,0,1,0,0,0
0.00307772,1,1,0,0,1,0,0,0,1,1,0,0,1,0,0,0
0.00307776,1,1,1,0,1,0,0,0,1,1,0,0,1,0,0,0
0.00307777,1,1,1,1,1,1,0,0,1,1,0,0,1,0,0,0
0.00307778,1,1,1,0,1,0,0,0,1,1,0,0,1,0,0,0
0.00307779,1,1,1,0,1,0,0,0,0,1,0,0,1,0,0,0
0.0030778,1,1,0,0,1,0,0,0,1,1,0,0,1,0,0,0
0.00307784,1,1,1,0,1,0,0,0,1,1,0,0,1,0,0,0
0.00307787,1,1,0,0,1,0,0,0,1,1,0,0,1,0,0,0
0.00307825,1,1,1,0,1,0,0,0,1,1,0,0,1,0,0,0
0.00307827,1,1,1,1,1,1,1,1,1,1,0,0,1,0,0,0
0.00307831,1,0,1,1,1,1,1,1,1,1,0,0,1,0,0,0
0.00307832,1,0,0,0,1,1,1,0,1,1,0,0,1,0,0,0
0.00307835,1,0,1,1,1,1,1,0,1,1,0,0,1,0,0,0
0.00307836,1,1,1,1,1,1,1,1,1,1,0,0,1,0,0,0
0.00307837,1,1,1,1,1,1,1,0,1,1,0,0,1,0,0,0
0.00307838,1,0,0,0,1,1,1,0,1,1,0,0,1,0,0,0
0.00307842,1,0,1,0,1,1,1,0,1,1,0,0,1,0,0,0
0.00307843,1,0,1,1,1,1,1,0,1,1,0,0,1,0,0,0
0.00307845,1,0,1,0,1,1,1,0,1,1,0,0,1,0,0,0
0.00307846,1,0,0,0,1,1,1,0,1,1,0,0,1,0,0,0
0.00307851,1,0,1,0,1,1,1,0,1,1,0,0,1,0,0,0
0.00307852,1,0,0,0,1,1,1,0,1,1,0,0,1,0,0,0
0.00307922,1,1,1,1,1,1,1,0,1,1,0,0,1,0,0,0
0.00307924,1,1,1,1,1,1,1,1,1,1,0,0,1,0,0,0
0.00307925,1,1,1,1,1,1,1,0,1,1,0,0,1,0,0,0
0.00307928,1,1,1,1,1,1,1,1,1,1,0,0,1,0,0,0
0.0030793,0,1,0,0,1,0,0,0,1,1,0,0,1,0,0,0
0.00307934,0,1,1,1,1,0,0,0,1,1,0,0,1,0,0,0
0.00307935,1,1,1,1,1,1,1,0,1,1,0,0,1,0,0,0
0.00307937,0,1,1,1,1,0,0,0,1,1,0,0,1,0,0,0
0.00307938,0,1,0,0,1,0,0,0,1,1,0,0,1,0,0,0
0.00307942,0,1,1,0,1,0,0,0,1,1,0,0,1,0,0,0
0.00307943,0,1,1,1,1,0,0,0,1,1,0,0,1,0,0,0
0.00307944,0,1,1,0,1,0,0,0,1,1,0,0,1,0,0,0
0.00307945,0,1,0,0,1,0,0,0,1,1,0,0,1,0,0,0
0.00307967,0,1,0,0,1,0,0,0,0,1,0,0,1,0,0,0
0.00307974,0,1,0,0,1,0,0,0,0,0,0,0,0,0,0,0
0.00307975,0,1,0,0,1,0,0,0,0,1,0,0,1,0,0,0
0.0030802,1,1,0,0,1,0,0,0,0,1,0,0,1,0,0,0
0.00308021,0,1,1,1,1,0,0,0,0,1,0,0,1,0,0,0
0.00308022,1,1,1,1,1,1,0,0,0,1,0,0,1,0,0,0
0.00308024,1,1,1,1,1,1,1,1,0,1,0,0,1,0,0,0
0.00308026,1,1,0,0,1,1,0,0,0,1,0,0,1,0,0,0
0.0030803,1,1,1,1,1,1,0,0,0,1,0,0,1,0,0,0
0.00308032,1,1,1,0,1,1,0,0,0,1,0,0,1,0,0,0
0.00308033,1,1,0,0,1,1,0,0,0,1,0,0,1,0,0,0
0.00308118,1,1,0,0,1,1,1,0,0,1,0,0,1,0,0,0
0.0030812,1,1,1,1,1,1,1,1,0,1,0,0,1,0,0,0
0.00308125,1,0,0,0,1,0,0,0,0,1,0,0,1,0,0,0
0.00308129,1,0,1,1,1,0,1,0,0,1,0,0,1,0,0,0
0.0030813,1,1,1,1,1,1,1,0,0,1,0,0,1,0,0,0
0.00308131,1,1,1,1,1,1,1,1,0,1,0,0,1,0,0,0
0.00308132,1,1,1,1,1,0,1,0,0,1,0,0,1,0,0,0
0.00308133,1,0,1,1,1,0,0,0,0,1,0,0,1,0,0,0
0.00308134,1,0,0,0,1,0,0,0,0,1,0,0,1,0,0,0
0.00308137,1,0,1,1,1,0,0,0,0,1,0,0,1,0,0,0
0.00308138,1,1,1,1,1,0,0,0,0,1,0,0,1,0,0,0
0.0030814,1,0,1,0,1,0,0,0,0,1,0,0,1,0,0,0
0.00308142,1,0,0,0,1,0,0,0,0,1,0,0,1,0,0,0
0.00308145,1,0,1,0,1,0,0,0,0,1,0,0,1,0,0,0
0.00308149,1,0,0,0,1,0,0,0,0,1,0,0,1,0,0,0
0.00308155,1,0,1,0,1,0,0,0,0,1,0,0,1,0,0,0
0.00308157,1,0,0,0,1,0,0,0,0,1,0,0,1,0,0,0
0.00308161,1,0,1,0,1,0,0,0,0,1,0,0,1,0,0,0
0.00308162,1,0,1,0,1,0,0,0,0,0,0,0,1,0,0,0
0.00308163,1,0,0,0,1,0,0,0,1,0,0,0,1,0,0,0
0.00308167,1,0,1,0,1,0,0,0,1,0,0,0,1,0,0,0
0.00308168,1,1,1,0,1,0,0,0,1,0,0,0,1,0,0,0
0.00308169,1,0,1,0,1,0,0,0,0,0,0,0,0,0,0,0
0.0030817,1,0,0,0,1,0,0,0,1,0,0,0,1,0,0,0
0.00308175,1,0,1,0,1,0,0,0,1,0,0,0,1,0,0,0
0.00308177,1,0,0,0,1,0,0,0,1,0,0,0,1,0,0,0
0.00308215,1,0,1,0,1,0,0,0,1,0,0,0,1,0,0,0
0.00308216,1,1,1,1,1,0,0,0,1,0,0,0,1,0,0,0
0.00308217,1,1,0,1,1,1,1,1,1,0,0,0,1,0,0,0
0.00308218,1,1,1,1,1,1,1,1,1,0,0,0,1,0,0,0
0.00308222,0,0,1,1,1,0,1,0,1,0,0,0,1,0,0,0
0.00308226,0,1,1,1,1,1,1,0,1,0,0,0,1,0,0,0
0.00308227,1,1,1,1,1,1,1,1,1,0,0,0,1,0,0,0
0.00308228,1,1,1,1,1,1,1,0,1,0,0,0,1,0,0,0
0.00308229,0,0,1,1,1,0,1,0,1,0,0,0,1,0,0,0
0.00308234,0,1,1,1,1,0,1,0,1,0,0,0,1,0,0,0
0.00308236,0,0,1,1,1,0,1,0,1,0,0,0,1,0,0,0
0.00308312,1,1,1,1,1,0,1,0,1,0,0,0,1,0,0,0
0.00308314,1,1,1,1,1,1,1,0,1,0,0,0,1,0,0,0
0.00308315,1,1,1,1,1,1,1,1,1,0,0,0,1,0,0,0
0.0030832,1,1,0,1,0,1,0,1,1,0,0,0,1,0,0,0
0.00308321,1,1,0,1,0,1,0,0,1,0,0,0,1,0,0,0
0.00308324,1,1,1,1,0,1,0,0,1,0,0,0,1,0,0,0
0.00308325,1,1,1,1,0,1,1,1,1,0,0,0,1,0,0,0
0.00308326,1,1,1,1,0,1,1,0,1,0,0,0,1,0,0,0
0.00308327,1,1,0,1,0,1,0,0,1,0,0,0,1,0,0,0
0.00308357,1,1,0,1,0,1,0,0,1,0,0,0,0,0,0,0
0.00308358,1,1,0,1,0,1,0,0,1,1,0,1,0,1,0,0
0.00308364,1,1,0,1,0,1,0,0,1,0,0,0,0,0,0,0
0.00308365,1,1,0,1,0,1,0,0,0,1,0,1,0,1,0,0
0.00308366,1,1,0,1,0,1,0,0,1,1,0,1,0,1,0,0
0.00308411,1,1,1,1,0,1,0,0,1,1,0,1,0,1,0,0
0.00308412,1,1,1,1,0,1,1,0,1,1,0,1,0,1,0,0
0.00308413,1,1,1,1,0,1,1,1,1,1,0,1,0,1,0,0
0.00308415,1,1,0,1,0,1,1,1,1,1,0,1,0,1,0,0
0.00308416,1,1,1,1,1,1,1,1,1,1,0,1,0,1,0,0
0.00308418,0,0,1,0,0,0,1,0,1,1,0,1,0,1,0,0
0.00308419,0,0,0,0,0,0,1,0,1,1,0,1,0,1,0,0
0.00308422,0,0,1,0,0,0,1,0,1,1,0,1,0,1,0,0
0.00308423,0,0,1,0,1,1,1,1,1,1,0,1,0,1,0,0
0.00308424,0,0,1,0,0,1,1,1,1,1,0,1,0,1,0,0
0.00308425,0,0,1,0,0,0,1,0,1,1,0,1,0,1,0,0
0.00308426,0,0,0,0,0,0,1,0,1,1,0,1,0,1,0,0
0.00308509,0,0,0,0,0,0,1,1,1,1,0,1,0,1,0,0
0.00308511,0,1,1,0,0,0,0,1,1,1,0,1,0,1,0,0
0.00308512,0,0,0,0,0,0,0,1,1,1,0,1,0,1,0,0
0.00308608,1,1,0,0,1,0,1,1,1,1,0,1,0,1,0,0
0.0030861,1,1,1,1,1,1,1,1,1,1,0,1,0,1,0,0
0.00308613,1,1,1,1,1,1,1,0,1,1,0,1,0,1,0,0
0.00308614,0,1,1,1,0,1,0,0,1,1,0,1,0,1,0,0
0.00308703,0,1,1,1,1,1,1,0,1,1,0,1,0,1,0,0
0.00308704,0,1,1,1,0,1,1,0,1,1,0,1,0,1,0,0
0.00308705,0,1,1,1,0,1,0,0,1,1,0,1,0,1,0,0
0.00308709,0,1,1,1,0,1,1,1,1,1,0,1,0,1,0,0
0.0030871,1,1,1,1,1,1,1,1,1,1,0,1,0,1,0,0
0.00308715,0,1,0,0,1,0,1,1,1,1,0,1,0,1,0,0
0.00308716,0,1,0,0,0,0,0,1,1,1,0,1,0,1,0,0
0.00308748,0,1,0,0,0,0,0,1,0,1,0,0,0,0,0,0
0.00308749,0,1,0,0,0,0,0,1,0,1,0,0,0,0,0,1
0.00308801,0,1,1,1,0,1,0,1,0,1,0,0,0,0,0,1
0.00308803,1,1,1,1,1,1,0,0,0,1,0,0,0,0,0,1
0.00308805,0,1,1,1,0,1,0,0,0,1,0,0,0,0,0,1
0.00308905,1,1,1,1,1,1,1,1,0,1,0,0,0,0,0,1
0.0030891,0,1,0,0,1,0,1,1,0,1,0,0,0,0,0,1
0.00308915,1,1,1,1,1,1,1,1,0,1,0,0,0,0,0,1
0.00308916,0,1,1,0,1,0,1,1,0,1,0,0,0,0,0,1
0.00308917,0,1,0,0,1,0,1,1,0,1,0,0,0,0,0,1
0.00308943,0,1,0,0,1,0,1,1,0,1,0,0,1,0,1,0
0.00308944,0,1,0,0,1,0,1,1,0,1,0,0,1,0,1,1
0.00308996,0,1,1,1,1,0,1,1,0,1,0,0,1,0,1,1
0.00308997,1,1,1,1,1,1,1,1,0,1,0,0,1,0,1,1
0.00308998,1,1,1,1,1,0,1,1,0,1,0,0,1,0,1,1
0.00308999,1,1,1,1,1,1,1,1,0,1,0,0,1,0,1,1
0.00309002,1,1,1,1,1,1,1,0,0,1,0,0,1,0,1,1
0.00309003,0,1,1,1,0,1,0,0,0,1,0,0,1,0,1,1
0.00309007,1,1,1,1,0,1,0,0,0,1,0,0,1,0,1,1
0.00309008,1,1,1,1,0,1,1,0,0,1,0,0,1,0,1,1
0.00309009,0,1,1,1,0,1,0,0,0,1,0,0,1,0,1,1
0.00309095,1,1,1,1,0,1,1,0,0,1,0,0,1,0,1,1
0.00309096,1,1,1,1,1,1,1,0,0,1,0,0,1,0,1,1
0.00309097,1,1,1,1,1,1,1,1,0,1,0,0,1,0,1,1
0.00309192,0,0,0,0,0,0,0,0,0,1,0,0,1,0,1,1
0.00309195,1,0,0,0,0,0,0,0,0,1,0,0,1,0,1,1
0.00309196,1,0,1,0,0,0,0,0,0,1,0,0,1,0,1,1
0.00309197,1,0,0,0,0,0,0,0,0,1,0,0,1,0,1,1
0.00309198,0,0,0,0,0,0,0,0,0,1,0,0,1,0,1,1
0.00309287,0,0,1,0,0,0,0,0,0,1,0,0,1,0,1,1
0.00309288,1,0,1,0,0,0,0,0,0,1,0,0,1,0,1,1
0.0030929,0,0,0,0,0,0,0,0,0,1,0,0,1,0,1,1
0.00309292,0,1,1,1,0,1,0,0,0,1,0,0,1,0,1,1
0.00309294,1,1,1,1,0,1,0,0,0,1,0,0,1,0,1,1
0.00309295,1,1,1,1,1,1,1,1,0,1,0,0,1,0,1,1
0.003093,1,1,1,1,1,1,1,0,0,1,0,0,1,0,1,1
0.00309301,0,1,0,0,1,1,0,0,0,1,0,0,1,0,1,1
0.00309305,1,1,1,1,1,1,1,1,0,1,0,0,1,0,1,1
0.00309307,1,1,1,0,1,1,0,0,0,1,0,0,1,0,1,1
0.00309308,0,1,0,0,1,1,0,0,0,1,0,0,1,0,1,1
0.00309313,1,1,1,0,1,1,0,0,0,1,0,0,1,0,1,1
0.00309314,0,1,1,0,1,1,0,0,0,1,0,0,1,0,1,1
0.00309315,0,1,0,0,1,1,0,0,0,1,0,0,1,0,1,1
0.00309334,0,1,0,0,1,1,0,0,0,1,0,0,1,0,0,0
0.00309335,0,1,0,0,1,1,0,0,0,1,0,0,1,1,0,0
0.00309386,1,1,0,0,1,1,0,0,0,1,0,0,1,1,0,0
0.00309388,0,1,1,1,1,1,0,0,0,1,0,0,1,1,0,0
0.00309389,1,1,1,1,1,1,1,1,0,1,0,0,1,1,0,0
0.00309393,1,0,0,1,0,1,0,0,0,1,0,0,1,1,0,0
0.00309398,1,0,1,1,0,1,0,0,0,1,0,0,1,1,0,0
0.003094,1,0,0,1,0,1,0,0,0,1,0,0,1,1,0,0
0.00309484,1,1,1,1,0,1,0,0,0,1,0,0,1,1,0,0
0.00309485,1,1,1,1,1,1,1,1,0,1,0,0,1,1,0,0
0.00309491,1,1,1,1,0,0,0,0,0,1,0,0,1,1,0,0
0.00309492,1,1,0,1,0,0,0,0,0,1,0,0,1,1,0,0
0.00309495,1,1,1,1,0,0,0,0,0,1,0,0,1,1,0,0
0.00309496,1,1,1,1,0,0,1,0,0,1,0,0,1,1,0,0
0.00309498,1,1,0,1,0,0,0,0,0,1,0,0,1,1,0,0
0.00309583,1,1,1,1,0,0,0,0,0,1,0,0,1,1,0,0
0.00309584,1,1,1,1,0,1,1,1,0,1,0,0,1,1,0,0
0.00309585,1,1,1,1,1,1,1,1,0,1,0,0,1,1,0,0
0.00309684,0,0,1,1,1,1,1,1,0,1,0,0,1,1,0,0
0.00309685,0,0,0,1,1,0,1,0,0,1,0,0,1,1,0,0
0.00309687,1,1,1,1,1,0,1,0,0,1,0,0,1,1,0,0
0.00309688,1,1,1,1,1,1,1,1,0,1,0,0,1,1,0,0
0.00309693,1,1,1,0,0,1,0,1,0,1,0,0,1,1,0,0
0.00309694,0,1,1,0,0,1,0,1,0,1,0,0,1,1,0,0
0.00309698,1,1,1,0,0,1,0,1,0,1,0,0,1,1,0,0
0.003097,0,1,1,0,0,1,0,1,0,1,0,0,1,1,0,0
0.00309724,0,1,1,0,0,1,0,1,0,1,0,0,0,1,0,0
0.00309725,0,1,1,0,0,1,0,1,0,1,1,0,0,1,0,1
0.00309732,0,1,1,0,0,1,0,1,0,1,1,0,0,1,0,0
0.00309733,0,1,1,0,0,1,0,1,0,1,1,0,0,1,0,1
0.00309777,1,1,1,1,0,1,0,1,0,1,1,0,0,1,0,1
0.00309779,1,1,1,1,1,1,1,1,0,1,1,0,0,1,0,1
0.00309785,0,0,0,0,0,0,1,0,0,1,1,0,0,1,0,1
0.00309789,1,1,1,1,0,1,1,1,0,1,1,0,0,1,0,1
0.00309792,1,1,1,1,0,1,1,0,0,1,1,0,0,1,0,1
0.00309794,0,0,0,0,0,0,1,0,0,1,1,0,0,1,0,1
0.00309797,1,0,1,1,0,0,1,0,0,1,1,0,0,1,0,1
0.00309798,1,1,1,1,0,1,1,0,0,1,1,0,0,1,0,1
0.00309799,1,1,1,1,0,0,1,0,0,1,1,0,0,1,0,1
0.00309802,1,0,1,1,0,0,1,0,0,1,1,0,0,1,0,1
0.00309803,1,0,1,0,0,0,1,0,0,1,1,0,0,1,0,1
0.00309805,1,0,1,1,0,0,1,0,0,1,1,0,0,1,0,1
0.00309809,1,0,1,0,0,0,1,0,0,1,1,0,0,1,0,1
0.0030981,1,0,1,1,0,0,1,0,0,1,1,0,0,1,0,1
0.00309817,0,0,1,0,0,0,1,0,0,1,1,0,0,1,0,1
0.00309818,1,0,1,0,0,0,1,0,0,1,1,0,0,1,0,1
0.00309819,1,0,1,1,0,0,1,0,0,1,1,0,0,1,0,1
0.0030982,0,0,1,0,0,0,1,0,0,1,1,0,0,1,0,1
0.00309821,1,0,1,0,0,0,1,0,0,1,1,0,0,1,0,1
0.00309822,1,0,1,1,0,0,1,0,0,1,1,0,0,1,0,1
0.00309823,1,1,1,1,0,0,1,0,0,1,1,0,0,1,0,1
0.00309824,1,0,1,1,0,0,1,0,0,1,1,0,0,1,0,1
0.00309825,0,0,1,0,0,0,1,0,0,1,1,0,0,1,0,1
0.00309826,0,0,0,0,0,0,1,0,0,1,1,0,0,1,0,1
0.00309827,0,0,1,0,0,0,1,0,0,1,1,0,0,1,0,1
0.00309828,1,0,1,0,0,0,1,0,0,1,1,0,0,1,0,1
0.00309833,0,0,1,0,0,0,1,0,0,1,1,0,0,1,0,1
0.00309837,1,0,1,0,0,0,1,0,0,1,1,0,0,1,0,1
0.00309838,0,0,1,0,0,0,1,0,0,1,1,0,0,1,0,1
0.00309853,0,0,0,0,0,0,1,0,0,1,1,0,0,1,0,1
0.00309855,0,0,1,0,0,0,1,0,0,1,1,0,0,1,0,1
0.00309858,0,0,0,0,0,0,1,0,0,1,1,0,0,1,0,1
0.00309865,0,0,1,0,0,0,1,0,0,1,1,0,0,1,0,1
0.00309867,0,0,0,0,0,0,1,0,0,1,1,0,0,1,0,1
0.00309875,1,1,1,1,0,0,1,0,0,1,1,0,0,1,0,1
0.00309876,1,1,1,1,0,0,1,1,0,1,1,0,0,1,0,1
0.00309877,1,1,1,1,1,1,1,1,0,1,1,0,0,1,0,1
0.00309881,0,0,0,0,0,0,0,1,0,1,1,0,0,1,0,1
0.00309884,1,1,1,1,0,1,0,1,0,1,1,0,0,1,0,1
0.00309885,1,1,1,1,0,1,1,1,0,1,1,0,0,1,0,1
0.00309886,1,1,1,1,1,1,1,1,0,1,1,0,0,1,0,1
0.00309888,1,1,1,1,0,1,1,1,0,1,1,0,0,1,0,1
0.00309889,0,0,1,1,0,1,0,1,0,1,1,0,0,1,0,1
0.0030989,0,0,0,0,0,0,0,1,0,1,1,0,0,1,0,1
0.00309892,1,1,1,1,0,1,0,1,0,1,1,0,0,1,0,1
0.00309898,0,0,1,1,0,1,0,1,0,1,1,0,0,1,0,1
0.003099,1,1,1,1,0,1,0,1,0,1,1,0,0,1,0,1
0.00309907,0,0,1,1,0,1,0,1,0,1,1,0,0,1,0,1
0.00309908,1,0,1,1,0,1,0,1,0,1,1,0,0,1,0,1
0.00309909,1,1,1,1,0,1,0,1,0,1,1,0,0,1,0,1
0.00309913,0,0,1,1,0,1,0,1,0,1,1,0,0,1,0,1
0.00309917,1,1,1,1,0,1,0,1,0,1,1,0,0,1,0,1
0.00309918,0,0,1,1,0,1,0,1,0,1,1,0,0,1,0,1
0.0030992,1,1,1,1,0,1,0,1,0,1,1,0,0,1,0,1
0.00309922,0,0,1,1,0,1,0,1,0,1,1,0,0,1,0,1
0.00309948,0,0,1,0,0,1,0,1,0,1,1,0,0,1,0,1
0.00309959,0,0,1,0,0,0,0,1,0,1,1,0,0,1,0,1
0.0030996,0,0,1,0,0,1,0,1,0,1,1,0,0,1,0,1
0.00309961,0,0,1,0,0,0,0,1,0,1,1,0,0,1,0,1
0.00309963,0,0,1,0,0,1,0,1,0,1,1,0,0,1,0,1
0.00309965,0,0,1,0,0,0,0,1,0,1,1,0,0,1,0,1
0.00309967,0,0,0,0,0,0,0,1,0,1,1,0,0,1,0,1
0.00309969,0,0,1,0,0,1,0,1,0,1,1,0,0,1,0,1
0.0030997,0,0,1,0,0,0,0,1,0,1,1,0,0,1,0,1
0.00309971,0,0,1,0,0,1,0,1,0,1,1,0,0,1,0,1
0.00309972,0,0,1,0,0,0,0,1,0,1,1,0,0,1,0,1
0.00309973,0,0,0,0,0,0,0,1,0,1,1,0,0,1,0,1
0.00309974,1,0,1,1,0,1,0,1,0,1,1,0,0,1,0,1
0.00309975,1,1,1,1,1,1,1,1,0,1,1,0,0,1,0,1
0.00309979,1,1,1,1,1,1,1,0,0,1,1,0,0,1,0,1
0.0030998,0,1,1,1,0,1,0,0,0,1,1,0,0,1,0,1
0.00309983,1,1,1,1,0,1,0,0,0,1,1,0,0,1,0,1
0.00309984,1,1,1,1,1,1,1,0,0,1,1,0,0,1,0,1
0.00309986,1,1,1,1,0,1,0,0,0,1,1,0,0,1,0,1
0.00309987,0,1,1,1,0,1,0,0,0,1,1,0,0,1,0,1
0.00309991,1,1,1,1,0,1,0,0,0,1,1,0,0,1,0,1
0.00309994,0,1,1,1,0,1,0,0,0,1,1,0,0,1,0,1
0.00309998,1,1,1,1,0,1,0,0,0,1,1,0,0,1,0,1
0.0031,0,1,1,1,0,1,0,0,0,1,1,0,0,1,0,1
0.0031007,1,1,1,1,0,1,0,0,0,1,1,0,0,1,0,1
0.00310071,1,1,1,1,1,1,1,0,0,1,1,0,0,1,0,1
0.00310072,1,1,1,1,1,1,1,1,0,1,1,0,0,1,0,1
0.00310173,0,1,1,1,0,1,0,0,0,1,1,0,0,1,0,1
0.00310177,1,1,1,1,0,1,1,0,0,1,1,0,0,1,0,1
0.00310178,1,1,1,1,1,1,1,1,0,1,1,0,0,1,0,1
0.00310179,1,1,1,1,0,1,1,0,0,1,1,0,0,1,0,1
0.0031018,0,1,1,1,0,1,0,0,0,1,1,0,0,1,0,1
0.00310276,1,1,1,1,1,1,0,0,0,1,1,0,0,1,0,1
0.00310277,1,0,1,0,1,1,1,1,0,1,1,0,0,1,0,1
0.00310278,0,0,1,0,1,0,0,0,0,1,1,0,0,1,0,1
0.00310282,1,0,1,0,1,0,0,0,0,1,1,0,0,1,0,1
0.00310283,1,0,1,0,1,0,1,0,0,1,1,0,0,1,0,1
0.00310284,0,0,1,0,1,0,0,0,0,1,1,0,0,1,0,1
0.0031031,0,0,1,0,1,0,0,0,0,0,1,0,0,0,0,0
0.00310311,0,0,1,0,1,0,0,0,0,0,1,0,1,0,0,0
0.00310363,1,1,1,0,1,0,0,0,0,0,1,0,1,0,0,0
0.00310364,0,0,1,0,1,0,0,0,0,0,1,0,1,0,0,0
0.00310365,1,1,1,1,1,1,1,1,0,0,1,0,1,0,0,0
0.0031037,1,1,1,1,0,1,1,1,0,0,1,0,1,0,0,0
0.00310371,0,0,0,0,0,0,1,0,0,0,1,0,1,0,0,0
0.00310375,1,1,1,1,0,1,1,0,0,0,1,0,1,0,0,0
0.00310379,1,0,0,0,0,0,1,0,0,0,1,0,1,0,0,0
0.0031038,0,0,0,0,0,0,1,0,0,0,1,0,1,0,0,0
0.00310383,1,0,1,0,0,0,1,0,0,0,1,0,1,0,0,0
0.00310384,1,0,1,1,0,0,1,0,0,0,1,0,1,0,0,0
0.00310386,0,0,0,0,0,0,1,0,0,0,1,0,1,0,0,0
0.00310461,1,1,1,1,0,0,1,1,0,0,1,0,1,0,0,0
0.00310463,1,1,1,1,0,1,1,1,0,0,1,0,1,0,0,0
0.00310464,1,1,1,1,1,1,1,1,0,0,1,0,1,0,0,0
0.00310467,1,1,1,1,0,1,1,1,0,0,1,0,1,0,0,0
0.00310468,0,0,0,0,0,0,0,1,0,0,1,0,1,0,0,0
0.00310471,0,0,1,0,0,1,0,1,0,0,1,0,1,0,0,0
0.00310472,1,1,1,1,1,1,1,1,0,0,1,0,1,0,0,0
0.00310474,1,1,1,1,0,1,1,1,0,0,1,0,1,0,0,0
0.00310475,1,0,1,1,0,1,0,1,0,0,1,0,1,0,0,0
0.00310476,0,0,0,0,0,0,0,1,0,0,1,0,1,0,0,0
0.0031048,0,0,1,1,0,1,0,1,0,0,1,0,1,0,0,0
0.00310482,0,0,1,0,0,1,0,1,0,0,1,0,1,0,0,0
0.00310483,0,0,0,0,0,0,0,1,0,0,1,0,1,0,0,0
0.00310558,1,0,0,0,0,0,0,1,0,0,1,0,1,0,0,0
0.00310559,1,1,1,0,0,0,0,1,0,0,1,0,1,0,0,0
0.0031056,0,1,1,1,0,0,0,1,0,0,1,0,1,0,0,0
0.00310561,1,1,1,1,1,1,1,1,0,0,1,0,1,0,0,0
0.00310566,1,1,0,0,1,0,0,0,0,0,1,0,1,0,0,0
0.0031057,1,1,1,1,1,1,1,0,0,0,1,0,1,0,0,0
0.00310573,1,1,1,0,1,1,0,0,0,0,1,0,1,0,0,0
0.00310574,1,1,0,0,1,0,0,0,0,0,1,0,1,0,0,0
0.00310578,1,1,1,1,1,1,0,0,0,0,1,0,1,0,0,0
0.0031058,1,1,1,0,1,0,0,0,0,0,1,0,1,0,0,0
0.00310581,1,1,0,0,1,0,0,0,0,0,1,0,1,0,0,0
0.00310586,1,1,1,0,1,0,0,0,0,0,1,0,1,0,0,0
0.00310588,1,1,0,0,1,0,0,0,0,0,1,0,1,0,0,0
0.00310603,1,1,0,0,1,0,0,0,0,0,0,0,1,0,0,0
0.00310604,1,1,0,0,1,0,0,0,1,1,0,0,1,0,0,0
0.00310608,1,1,1,0,1,0,0,0,1,1,0,0,1,0,0,0
0.00310609,1,1,0,0,1,0,0,0,1,1,0,0,1,0,0,0
0.0031061,1,1,1,0,1,0,0,0,0,0,0,0,0,0,0,0
0.00310611,1,1,0,0,1,0,0,0,1,1,0,0,1,0,0,0
0.00310616,1,1,1,0,1,0,0,0,1,1,0,0,1,0,0,0
0.00310617,1,1,0,0,1,0,0,0,1,1,0,0,1,0,0,0
0.00310656,1,1,1,0,1,0,0,0,1,1,0,0,1,0,0,0
0.00310658,1,1,1,1,1,1,1,1,1,1,0,0,1,0,0,0
0.00310663,1,0,0,0,1,1,1,0,1,1,0,0,1,0,0,0
0.00310667,1,1,1,1,1,1,1,1,1,1,0,0,1,0,0,0
0.00310669,1,1,1,1,1,1,1,0,1,1,0,0,1,0,0,0
0.0031067,1,0,0,0,1,1,1,0,1,1,0,0,1,0,0,0
0.00310674,1,0,1,0,1,1,1,0,1,1,0,0,1,0,0,0
0.00310675,1,0,1,1,1,1,1,0,1,1,0,0,1,0,0,0
0.00310676,1,0,1,0,1,1,1,0,1,1,0,0,1,0,0,0
0.00310677,1,0,0,0,1,1,1,0,1,1,0,0,1,0,0,0
0.00310753,1,1,1,1,1,1,1,0,1,1,0,0,1,0,0,0
0.00310755,1,1,1,1,1,1,1,1,1,1,0,0,1,0,0,0
0.00310761,0,1,1,1,1,0,0,1,1,1,0,0,1,0,0,0
0.00310762,0,1,0,0,1,0,0,0,1,1,0,0,1,0,0,0
0.00310765,0,1,1,1,1,0,0,0,1,1,0,0,1,0,0,0
0.00310766,1,1,1,1,1,1,1,1,1,1,0,0,1,0,0,0
0.00310768,1,1,1,1,1,1,0,0,1,1,0,0,1,0,0,0
0.00310769,0,1,1,1,1,0,0,0,1,1,0,0,1,0,0,0
0.0031077,0,1,1,0,1,0,0,0,1,1,0,0,1,0,0,0
0.00310771,0,1,0,0,1,0,0,0,1,1,0,0,1,0,0,0
0.00310773,0,1,1,1,1,0,0,0,1,1,0,0,1,0,0,0
0.00310774,1,1,1,1,1,0,0,0,1,1,0,0,1,0,0,0
0.00310775,0,1,1,1,1,0,0,0,1,1,0,0,1,0,0,0
0.00310779,0,1,1,0,1,0,0,0,1,1,0,0,1,0,0,0
0.0031078,0,1,1,1,1,0,0,0,1,1,0,0,1,0,0,0
0.00310793,0,1,1,0,1,0,0,0,1,1,0,0,1,0,0,0
0.00310796,0,1,1,1,1,0,0,0,1,1,0,0,1,0,0,0
0.00310798,0,1,1,1,1,0,0,0,0,1,0,0,1,0,0,0
0.003108,0,1,1,0,1,0,0,0,0,1,0,0,1,0,0,0
0.00310804,0,1,1,1,1,0,0,0,0,1,0,0,1,0,0,0
0.00310807,0,1,1,0,1,0,0,0,0,1,0,0,1,0,0,0
0.00310809,0,1,0,0,1,0,0,0,0,1,0,0,1,0,0,0
0.0031081,0,1,1,0,1,0,0,0,0,1,0,0,1,0,0,0
0.00310811,0,1,1,1,1,0,0,0,0,1,0,0,1,0,0,0
0.00310814,0,1,1,0,1,0,0,0,0,1,0,0,1,0,0,0
0.00310836,0,1,0,0,1,0,0,0,0,1,0,0,1,0,0,0
0.00310837,0,1,1,0,1,0,0,0,0,1,0,0,1,0,0,0
0.00310838,0,1,0,0,1,0,0,0,0,1,0,0,1,0,0,0
0.00310841,0,1,1,0,1,0,0,0,0,1,0,0,1,0,0,0
0.00310843,0,1,0,0,1,0,0,0,0,1,0,0,1,0,0,0
0.00310851,1,1,0,0,1,0,0,0,0,1,0,0,1,0,0,0
0.00310852,1,1,1,1,1,0,0,0,0,1,0,0,1,0,0,0
0.00310853,1,1,1,1,1,1,1,1,0,1,0,0,1,0,0,0
0.00310857,1,1,1,0,1,1,1,1,0,1,0,0,1,0,0,0
0.00310858,1,1,0,0,1,1,0,0,0,1,0,0,1,0,0,0
0.00310861,1,1,1,1,1,1,1,0,0,1,0,0,1,0,0,0
0.00310862,1,1,1,1,1,1,1,1,0,1,0,0,1,0,0,0
0.00310863,1,1,1,1,1,1,1,0,0,1,0,0,1,0,0,0
0.00310864,1,1,0,0,1,1,0,0,0,1,0,0,1,0,0,0
0.00310868,1,1,1,0,1,1,0,0,0,1,0,0,1,0,0,0
0.00310869,1,1,1,1,1,1,0,0,0,1,0,0,1,0,0,0
0.0031087,1,1,1,0,1,1,0,0,0,1,0,0,1,0,0,0
0.00310871,1,1,0,0,1,1,0,0,0,1,0,0,1,0,0,0
0.0031095,1,1,0,0,1,1,1,0,0,1,0,0,1,0,0,0
0.00310951,1,1,1,1,1,1,1,1,0,1,0,0,1,0,0,0
0.00310956,1,0,0,0,1,0,0,0,0,1,0,0,1,0,0,0
0.0031096,1,1,1,1,1,1,1,1,0,1,0,0,1,0,0,0
0.00310963,1,1,1,1,1,1,1,0,0,1,0,0,1,0,0,0
0.00310964,1,0,1,1,1,0,0,0,0,1,0,0,1,0,0,0
0.00310965,1,0,0,0,1,0,0,0,0,1,0,0,1,0,0,0
0.00310967,1,0,1,1,1,0,0,0,0,1,0,0,1,0,0,0
0.00310969,1,0,1,1,1,0,1,0,0,1,0,0,1,0,0,0
0.0031097,1,0,1,1,1,0,0,0,0,1,0,0,1,0,0,0
0.00310993,1,0,1,1,1,0,0,0,0,0,0,0,1,0,0,0
0.00310994,1,0,1,1,1,0,0,0,1,0,0,0,1,0,0,0
0.00310996,1,0,1,0,1,0,0,0,1,0,0,0,1,0,0,0
0.00310998,1,0,1,1,1,0,0,0,1,0,0,0,1,0,0,0
0.00311001,1,0,1,1,1,0,0,0,0,0,0,0,0,0,0,0
0.00311002,1,0,1,0,1,0,0,0,1,0,0,0,1,0,0,0
0.00311006,1,0,1,1,1,0,0,0,1,0,0,0,1,0,0,0
0.0031101,1,0,1,0,1,0,0,0,1,0,0,0,1,0,0,0
0.00311013,1,0,1,1,1,0,0,0,1,0,0,0,1,0,0,0
0.00311017,1,0,1,0,1,0,0,0,1,0,0,0,1,0,0,0
0.00311039,1,0,0,0,1,0,0,0,1,0,0,0,1,0,0,0
0.0031104,1,0,1,0,1,0,0,0,1,0,0,0,1,0,0,0
0.00311041,1,0,0,0,1,0,0,0,1,0,0,0,1,0,0,0
0.00311044,1,0,1,0,1,0,0,0,1,0,0,0,1,0,0,0
0.00311045,1,0,0,0,1,0,0,0,1,0,0,0,1,0,0,0
0.00311046,1,0,1,0,1,0,0,0,1,0,0,0,1,0,0,0
0.00311047,1,0,1,1,1,0,0,0,1,0,0,0,1,0,0,0
0.00311048,1,1,1,1,1,1,1,1,1,0,0,0,1,0,0,0
0.00311053,0,0,1,1,1,0,1,1,1,0,0,0,1,0,0,0
0.00311054,0,0,1,1,1,0,1,0,1,0,0,0,1,0,0,0
0.00311057,0,1,1,1,1,1,1,0,1,0,0,0,1,0,0,0
0.00311058,1,1,1,1,1,1,1,1,1,0,0,0,1,0,0,0
0.00311059,0,1,1,1,1,1,1,1,1,0,0,0,1,0,0,0
0.0031106,0,0,1,1,1,0,1,0,1,0,0,0,1,0,0,0
0.00311144,1,1,1,1,1,0,1,0,1,0,0,0,1,0,0,0
0.00311146,1,1,1,1,1,1,1,1,1,0,0,0,1,0,0,0
0.00311147,1,1,1,1,1,1,1,0,1,0,0,0,1,0,0,0
0.0031115,1,1,1,1,1,1,1,1,1,0,0,0,1,0,0,0
0.00311152,0,0,1,1,0,1,0,0,1,0,0,0,1,0,0,0
0.00311156,1,1,1,1,0,1,1,1,1,0,0,0,1,0,0,0
0.00311158,0,1,1,1,0,1,0,0,1,0,0,0,1,0,0,0
0.00311159,0,0,1,1,0,1,0,0,1,0,0,0,1,0,0,0
0.00311188,0,0,1,1,0,1,0,0,1,0,0,0,0,0,0,0
0.00311189,0,0,1,1,0,1,0,0,0,0,1,0,0,0,0,0
0.0031119,0,0,1,1,0,1,0,0,0,0,1,1,0,1,0,0
0.00311243,1,1,1,1,0,1,1,1,0,0,1,1,0,1,0,0
0.00311245,1,1,1,1,1,1,1,1,0,0,1,1,0,1,0,0
0.00311246,1,1,1,1,0,1,1,1,0,0,1,1,0,1,0,0
0.00311247,1,0,1,1,0,1,1,1,0,0,1,1,0,1,0,0
0.00311248,1,1,0,0,1,1,1,1,0,0,1,1,0,1,0,0
0.00311249,0,0,0,0,0,0,1,0,0,0,1,1,0,1,0,0
0.00311254,1,1,0,0,0,0,1,1,0,0,1,1,0,1,0,0
0.00311256,0,0,0,0,0,0,1,0,0,0,1,1,0,1,0,0
0.00311341,0,0,0,0,0,0,1,1,0,0,1,1,0,1,0,0
0.00311343,1,1,0,0,0,0,0,1,0,0,1,1,0,1,0,0
0.00311344,0,0,0,0,0,0,0,1,0,0,1,1,0,1,0,0
0.00311436,1,1,0,0,0,0,0,1,0,0,1,1,0,1,0,0
0.00311438,1,1,1,1,0,0,0,0,0,0,1,1,0,1,0,0
0.00311439,1,1,1,1,1,0,0,0,0,0,1,1,0,1,0,0
0.0031144,1,1,0,0,0,1,0,0,0,0,1,1,0,1,0,0
0.00311441,1,1,0,0,1,1,1,0,0,0,1,1,0,1,0,0
0.00311442,1,0,0,0,1,1,1,0,0,0,1,1,0,1,0,0
0.00311541,1,1,1,1,1,1,1,0,0,0,1,1,0,1,0,0
0.00311543,1,1,1,1,1,1,1,1,0,0,1,1,0,1,0,0
0.00311546,1,0,0,1,0,1,1,1,0,0,1,1,0,1,0,0
0.00311547,1,0,0,1,0,1,0,0,0,0,1,1,0,1,0,0
0.00311548,1,0,0,0,0,1,0,0,0,0,1,1,0,1,0,0
0.00311579,1,0,0,0,0,1,0,0,0,0,0,0,0,1,0,0
0.0031158,1,0,0,0,0,1,0,0,1,0,0,0,0,1,0,0
0.00311587,1,0,0,0,1,1,1,0,0,0,0,0,0,1,0,0
0.00311588,1,0,0,0,1,1,1,0,1,0,0,0,0,1,0,0
0.00311589,1,0,0,0,1,1,1,0,1,0,0,0,1,1,1,0
0.0031159,1,1,1,1,0,1,1,1,1,0,0,0,1,1,1,0
0.00311591,1,0,0,0,0,1,0,0,1,0,0,0,0,1,0,0
0.00311632,1,1,1,1,0,1,0,0,1,0,0,0,0,1,0,0
0.00311634,1,1,1,1,1,1,1,1,1,0,0,0,0,1,0,0
0.00311639,1,1,1,1,1,0,1,1,1,0,0,0,0,1,0,0
0.0031164,0,0,0,0,0,0,1,0,1,0,0,0,0,1,0,0
0.00311644,0,0,1,1,0,0,1,0,1,0,0,0,0,1,0,0
0.00311645,1,1,1,1,0,0,1,0,1,0,0,0,0,1,0,0
0.00311647,1,0,1,1,0,0,1,0,1,0,0,0,0,1,0,0
0.00311648,0,0,0,0,0,0,1,0,1,0,0,0,0,1,0,0
0.0031173,0,1,1,1,0,0,1,0,1,0,0,0,0,1,0,0
0.00311731,1,1,1,1,1,1,1,1,1,0,0,0,0,1,0,0
0.00311736,1,1,1,1,0,1,0,1,1,0,0,0,0,1,0,0
0.00311737,0,0,0,0,0,0,0,1,1,0,0,0,0,1,0,0
0.0031174,0,0,1,0,0,0,0,1,1,0,0,0,0,1,0,0
0.00311741,1,1,1,1,0,1,0,1,1,0,0,0,0,1,0,0
0.00311742,1,1,1,1,1,1,1,1,1,0,0,0,0,1,0,0
0.00311743,1,1,1,1,0,1,0,1,1,0,0,0,0,1,0,0
0.00311745,0,0,0,0,0,0,0,1,1,0,0,0,0,1,0,0
0.00311749,1,1,1,1,0,0,0,1,1,0,0,0,0,1,0,0
0.0031175,1,1,1,1,0,1,0,1,1,0,0,0,0,1,0,0
0.00311751,1,0,1,1,0,0,0,1,1,0,0,0,0,1,0,0
0.00311752,0,0,1,0,0,0,0,1,1,0,0,0,0,1,0,0
0.00311753,0,0,0,0,0,0,0,1,1,0,0,0,0,1,0,0
0.00311757,1,0,1,0,0,0,0,1,1,0,0,0,0,1,0,0
0.00311759,0,0,1,0,0,0,0,1,1,0,0,0,0,1,0,0
0.0031176,0,0,0,0,0,0,0,1,1,0,0,0,0,1,0,0
0.00311827,1,1,0,0,0,0,0,1,1,0,0,0,0,1,0,0
0.00311829,1,1,1,1,0,0,0,1,1,0,0,0,0,1,0,0
0.0031183,1,0,1,1,1,1,1,1,1,0,0,0,0,1,0,0
0.00311831,1,1,1,1,1,1,1,1,1,0,0,0,0,1,0,0
0.00311835,1,0,0,0,1,1,1,0,1,0,0,0,0,1,0,0
0.00311839,1,1,1,1,1,1,1,1,1,0,0,0,0,1,0,0
0.00311841,1,1,1,1,1,1,1,0,1,0,0,0,0,1,0,0
0.00311842,1,0,0,0,1,1,1,0,1,0,0,0,0,1,0,0
0.00311846,1,0,1,0,1,1,1,0,1,0,0,0,0,1,0,0
0.00311847,1,0,1,1,1,1,1,0,1,0,0,0,0,1,0,0
0.00311848,1,0,1,0,1,1,1,0,1,0,0,0,0,1,0,0
0.00311849,1,0,0,0,1,1,1,0,1,0,0,0,0,1,0,0
0.00311931,1,1,0,1,1,1,1,0,1,0,0,0,0,1,0,0
0.00311932,1,1,0,1,1,1,1,1,1,0,0,0,0,1,0,0
0.00311933,1,1,1,1,1,1,1,1,1,0,0,0,0,1,0,0
0.00311934,1,1,1,1,1,0,1,1,1,0,0,0,0,1,0,0
0.00311937,0,1,0,0,1,0,1,1,1,0,0,0,0,1,0,0
0.00311941,0,1,1,1,1,0,1,1,1,0,0,0,0,1,0,0
0.00311944,0,1,0,0,1,0,1,1,1,0,0,0,0,1,0,0
0.0031197,0,1,0,0,1,0,1,1,0,1,0,0,0,0,0,0
0.00311971,0,1,0,0,1,0,1,1,0,1,0,0,1,0,1,1
0.00312023,1,1,0,0,1,0,1,1,0,1,0,0,1,0,1,1
0.00312024,0,1,0,0,1,0,1,1,0,1,0,0,1,0,1,1
0.00312025,1,1,1,1,1,0,1,1,0,1,0,0,1,0,1,1
0.00312026,1,1,1,1,1,1,1,1,0,1,0,0,1,0,1,1
0.00312029,1,0,1,1,1,1,1,0,0,1,0,0,1,0,1,1
0.0031203,1,0,0,0,1,1,1,0,0,1,0,0,1,0,1,1
0.00312034,1,1,1,1,1,1,1,0,0,1,0,0,1,0,1,1
0.00312035,1,0,1,0,1,1,1,0,0,1,0,0,1,0,1,1
0.00312036,1,0,0,0,1,1,1,0,0,1,0,0,1,0,1,1
0.00312121,1,1,1,1,1,1,1,0,0,1,0,0,1,0,1,1
0.00312123,1,1,1,1,1,1,1,1,0,1,0,0,1,0,1,1
0.00312218,1,1,1,1,0,0,0,1,0,1,0,0,1,0,1,1
0.00312219,0,0,0,0,0,0,0,0,0,1,0,0,1,0,1,1
0.00312224,0,0,1,0,0,0,0,0,0,1,0,0,1,0,1,1
0.00312225,0,0,0,0,0,0,0,0,0,1,0,0,1,0,1,1
0.00312315,0,0,1,0,0,0,0,0,0,1,0,0,1,0,1,1
0.00312316,0,0,0,0,0,0,0,0,0,1,0,0,1,0,1,1
0.00312319,1,0,0,0,1,1,1,0,0,1,0,0,1,0,1,1
0.00312321,1,1,1,0,1,1,1,1,0,1,0,0,1,0,1,1
0.00312322,1,1,1,1,1,1,1,1,0,1,0,0,1,0,1,1
0.00312327,0,1,0,0,1,1,0,0,0,1,0,0,1,0,1,1
0.00312332,1,1,1,1,1,1,1,1,0,1,0,0,1,0,1,1
0.00312334,0,1,0,0,1,1,0,0,0,1,0,0,1,0,1,1
0.0031236,0,1,0,0,1,1,0,0,0,1,0,0,1,0,0,0
0.00312362,0,1,0,0,1,1,0,0,0,1,0,0,1,1,0,0
0.00312413,0,1,1,1,1,1,0,0,0,1,0,0,1,1,0,0
0.00312414,1,1,1,1,1,1,0,0,0,1,0,0,1,1,0,0
0.00312415,1,1,1,1,1,1,1,1,0,1,0,0,1,1,0,0
0.0031242,0,0,1,1,0,1,0,0,0,1,0,0,1,1,0,0
0.00312424,1,0,1,1,0,1,1,0,0,1,0,0,1,1,0,0
0.00312425,1,1,1,1,0,1,1,1,0,1,0,0,1,1,0,0
0.00312427,0,0,1,1,0,1,0,0,0,1,0,0,1,1,0,0
0.00312432,1,0,1,1,0,1,0,0,0,1,0,0,1,1,0,0
0.00312434,0,0,1,1,0,1,0,0,0,1,0,0,1,1,0,0
0.00312511,1,1,1,1,0,1,0,0,0,1,0,0,1,1,0,0
0.00312512,1,1,1,1,1,1,0,1,0,1,0,0,1,1,0,0
0.00312513,1,1,1,1,1,1,1,1,0,1,0,0,1,1,0,0
0.00312518,1,1,0,1,0,0,0,0,0,1,0,0,1,1,0,0
0.00312523,1,1,1,1,0,0,1,1,0,1,0,0,1,1,0,0
0.00312524,1,1,1,1,0,0,1,0,0,1,0,0,1,1,0,0
0.00312525,1,1,0,1,0,0,0,0,0,1,0,0,1,1,0,0
0.0031261,1,1,1,1,0,0,1,0,0,1,0,0,1,1,0,0
0.00312611,1,1,1,1,1,1,1,1,0,1,0,0,1,1,0,0
0.00312709,1,1,1,1,1,0,0,0,0,1,0,0,1,1,0,0
0.0031271,0,0,0,1,1,0,1,0,0,1,0,0,1,1,0,0
0.00312713,0,0,1,1,1,0,1,0,0,1,0,0,1,1,0,0
0.00312715,1,1,1,1,1,0,1,0,0,1,0,0,1,1,0,0
0.00312717,0,0,1,1,1,0,1,0,0,1,0,0,1,1,0,0
0.00312719,1,1,1,1,1,0,1,0,0,1,0,0,1,1,0,0
0.0031272,0,0,1,0,1,0,0,0,0,1,0,0,1,1,0,0
0.00312725,1,1,1,0,1,0,0,0,0,1,0,0,1,1,0,0
0.00312726,0,0,1,0,1,0,0,0,0,1,0,0,1,1,0,0
0.00312751,0,0,1,0,1,0,0,0,0,0,0,0,1,0,0,0
0.00312752,0,0,1,0,1,0,0,0,0,0,1,0,1,0,0,0
0.00312806,1,1,1,1,1,1,1,0,0,0,1,0,1,0,0,0
0.00312808,1,1,1,1,1,1,1,1,0,0,1,0,1,0,0,0
0.00312908,1,1,1,0,0,1,1,1,0,0,1,0,1,0,0,0
0.00312909,0,0,0,0,0,0,0,1,0,0,1,0,1,0,0,0
0.00312913,1,1,1,0,0,0,0,1,0,0,1,0,1,0,0,0
0.00312914,1,1,1,1,0,1,0,1,0,0,1,0,1,0,0,0
0.00312916,1,1,1,0,0,0,0,1,0,0,1,0,1,0,0,0
0.00312917,0,0,0,0,0,0,0,1,0,0,1,0,1,0,0,0
0.00312921,1,0,1,0,0,0,0,1,0,0,1,0,1,0,0,0
0.00312922,1,1,1,0,0,0,0,1,0,0,1,0,1,0,0,0
0.00312923,1,0,1,0,0,0,0,1,0,0,1,0,1,0,0,0
0.00312924,1,0,0,0,0,0,0,1,0,0,1,0,1,0,0,0
0.00312925,0,0,0,0,0,0,0,1,0,0,1,0,1,0,0,0
0.0031293,1,0,0,0,0,0,0,1,0,0,1,0,1,0,0,0
0.00312931,0,0,0,0,0,0,0,1,0,0,1,0,1,0,0,0
0.00312999,1,1,1,1,0,0,0,1,0,0,1,0,1,0,0,0
0.00313001,1,1,1,1,1,1,1,1,0,0,1,0,1,0,0,0
0.00313006,1,1,1,1,1,1,1,0,0,0,1,0,1,0,0,0
0.00313007,1,0,0,0,1,1,0,0,0,0,1,0,1,0,0,0
0.00313011,1,1,1,1,1,1,1,0,0,0,1,0,1,0,0,0
0.00313014,1,0,0,0,1,1,0,0,0,0,1,0,1,0,0,0
0.00313018,1,0,1,0,1,1,0,0,0,0,1,0,1,0,0,0
0.00313019,1,1,1,0,1,1,0,0,0,0,1,0,1,0,0,0
0.00313021,1,0,0,0,1,1,0,0,0,0,1,0,1,0,0,0
0.00313044,1,0,0,0,1,1,0,0,0,0,0,0,1,1,0,0
0.00313045,1,0,0,0,1,1,0,0,1,0,0,0,1,1,0,0
0.00313051,1,0,0,0,1,1,0,0,0,0,0,0,0,0,0,0
0.00313052,1,0,0,0,1,1,0,0,1,0,0,0,1,1,0,0
0.00313097,1,0,0,1,1,1,0,0,1,0,0,0,1,1,0,0
0.00313098,1,0,1,0,1,1,0,0,1,0,0,0,1,1,0,0
0.00313099,1,1,1,1,1,1,1,1,1,0,0,0,1,1,0,0
0.00313103,0,0,0,1,1,1,1,0,1,0,0,0,1,1,0,0
0.00313107,0,1,1,1,1,1,1,0,1,0,0,0,1,1,0,0
0.00313108,1,1,1,1,1,1,1,0,1,0,0,0,1,1,0,0
0.00313109,0,0,1,1,1,1,1,0,1,0,0,0,1,1,0,0
0.0031311,0,0,0,1,1,1,1,0,1,0,0,0,1,1,0,0
0.00313195,1,1,1,1,1,1,1,0,1,0,0,0,1,1,0,0
0.00313196,1,1,1,1,1,1,1,1,1,0,0,0,1,1,0,0
0.00313201,1,1,1,1,0,0,0,0,1,0,0,0,1,1,0,0
0.00313202,1,0,0,0,0,0,0,0,1,0,0,0,1,1,0,0
0.00313205,1,1,1,0,0,0,0,0,1,0,0,0,1,1,0,0
0.00313206,1,1,1,1,0,0,0,0,1,0,0,0,1,1,0,0
0.00313207,1,1,1,1,0,1,1,0,1,0,0,0,1,1,0,0
0.00313208,1,1,1,1,0,0,1,0,1,0,0,0,1,1,0,0
0.00313209,1,1,1,1,0,0,0,0,1,0,0,0,1,1,0,0
0.0031321,1,1,1,0,0,0,0,0,1,0,0,0,1,1,0,0
0.00313211,1,0,0,0,0,0,0,0,1,0,0,0,1,1,0,0
0.00313213,1,0,1,0,0,0,0,0,1,0,0,0,1,1,0,0
0.00313214,1,1,1,1,0,0,0,0,1,0,0,0,1,1,0,0
0.00313217,1,1,1,0,0,0,0,0,1,0,0,0,1,1,0,0
0.00313219,1,0,1,0,0,0,0,0,1,0,0,0,1,1,0,0
0.00313222,1,1,1,0,0,0,0,0,1,0,0,0,1,1,0,0
0.00313226,1,0,1,0,0,0,0,0,1,0,0,0,1,1,0,0
0.00313228,1,1,1,0,0,0,0,0,1,0,0,0,1,1,0,0
0.0031323,1,0,1,0,0,0,0,0,1,0,0,0,1,1,0,0
0.00313232,1,1,1,0,0,0,0,0,1,0,0,0,1,1,0,0
0.00313233,1,0,1,0,0,0,0,0,1,0,0,0,1,1,0,0
0.00313238,1,1,1,0,0,0,0,0,1,0,0,0,1,1,0,0
0.00313239,1,0,1,0,0,0,0,0,1,0,0,0,1,1,0,0
0.0031324,1,1,1,1,0,0,0,0,1,0,0,0,1,1,0,0
0.00313241,1,0,1,0,0,0,0,0,1,0,0,0,1,1,0,0
0.00313263,1,0,0,0,0,0,0,0,1,0,0,0,1,1,0,0
0.00313264,1,0,1,0,0,0,0,0,1,0,0,0,1,1,0,0
0.00313266,1,0,0,0,0,0,0,0,1,0,0,0,1,1,0,0
0.00313283,1,0,1,0,0,0,0,0,1,0,0,0,1,1,0,0
0.00313284,1,0,0,0,0,0,0,0,1,0,0,0,1,1,0,0
0.00313292,1,0,1,1,0,0,0,0,1,0,0,0,1,1,0,0
0.00313293,1,1,1,1,0,1,1,0,1,0,0,0,1,1,0,0
0.00313294,1,1,1,1,1,1,1,1,1,0,0,0,1,1,0,0
0.00313395,0,0,1,0,1,0,0,0,1,0,0,0,1,1,0,0
0.00313399,0,1,1,1,1,1,1,0,1,0,0,0,1,1,0,0
0.003134,1,1,1,1,1,1,1,1,1,0,0,0,1,1,0,0
0.00313401,1,1,1,1,1,1,1,0,1,0,0,0,1,1,0,0
0.00313402,0,0,1,1,1,0,0,0,1,0,0,0,1,1,0,0
0.00313403,0,0,1,0,1,0,0,0,1,0,0,0,1,1,0,0
0.00313407,0,0,1,1,1,0,0,0,1,0,0,0,1,1,0,0
0.0031341,0,0,1,0,1,0,0,0,1,0,0,0,1,1,0,0
0.00313434,0,0,1,0,1,0,0,0,0,0,0,0,1,0,0,0
0.00313435,0,0,1,0,1,0,0,0,0,0,1,0,1,0,0,0
0.00313442,1,0,1,0,1,0,0,0,0,0,0,0,0,0,0,0
0.00313443,1,0,1,0,1,0,0,0,0,0,1,0,1,0,0,0
0.00313444,1,0,1,1,1,0,0,0,1,0,1,0,1,0,0,0
0.00313445,0,0,1,1,1,1,1,1,1,0,1,0,1,0,0,0
0.00313446,0,0,1,0,1,1,1,0,0,0,1,0,1,0,0,0
0.00313447,0,0,1,0,1,0,0,0,0,0,1,0,1,0,0,0
0.00313452,0,0,1,1,1,0,0,0,0,0,1,0,1,0,0,0
0.00313453,0,0,1,0,1,0,0,0,0,0,1,0,1,0,0,0
0.00313487,1,0,1,0,1,0,0,0,0,0,1,0,1,0,0,0
0.00313488,0,0,1,1,1,0,0,0,0,0,1,0,1,0,0,0
0.00313489,1,1,1,1,1,1,1,1,0,0,1,0,1,0,0,0
0.00313592,1,1,1,1,0,1,1,1,0,0,1,0,1,0,0,0
0.00313593,0,0,0,0,0,0,0,1,0,0,1,0,1,0,0,0
0.00313597,1,1,1,1,0,1,1,1,0,0,1,0,1,0,0,0
0.003136,1,1,1,1,0,1,0,1,0,0,1,0,1,0,0,0
0.00313601,1,0,0,1,0,0,0,1,0,0,1,0,1,0,0,0
0.00313602,0,0,0,0,0,0,0,1,0,0,1,0,1,0,0,0
0.00313605,1,1,1,1,0,0,0,1,0,0,1,0,1,0,0,0
0.00313609,1,0,0,1,0,0,0,1,0,0,1,0,1,0,0,0
0.0031361,0,0,0,1,0,0,0,1,0,0,1,0,1,0,0,0
0.00313611,0,0,0,0,0,0,0,1,0,0,1,0,1,0,0,0
0.00313612,0,0,0,1,0,0,0,1,0,0,1,0,1,0,0,0
0.00313614,1,0,0,1,0,0,0,1,0,0,1,0,1,0,0,0
0.00313618,0,0,0,1,0,0,0,1,0,0,1,0,1,0,0,0
0.0031362,1,0,0,1,0,0,0,1,0,0,1,0,1,0,0,0
0.00313623,0,0,0,1,0,0,0,1,0,0,1,0,1,0,0,0
0.0031363,1,0,0,1,0,0,0,1,0,0,1,0,1,0,0,0
0.00313632,0,0,0,1,0,0,0,1,0,0,1,0,1,0,0,0
0.00313661,0,0,0,0,0,0,0,1,0,0,1,0,1,0,0,0
0.00313662,0,0,0,1,0,0,0,1,0,0,1,0,1,0,0,0
0.00313665,0,0,0,0,0,0,0,1,0,0,1,0,1,0,0,0
0.00313667,0,0,0,1,0,0,0,1,0,0,1,0,1,0,0,0
0.00313668,0,0,0,0,0,0,0,1,0,0,1,0,1,0,0,0
0.00313673,0,0,0,1,0,0,0,1,0,0,1,0,1,0,0,0
0.00313675,0,0,0,0,0,0,0,1,0,0,1,0,1,0,0,0
0.0031368,0,0,0,1,0,0,0,1,0,0,1,0,1,0,0,0
0.00313681,0,0,0,0,0,0,0,1,0,0,1,0,1,0,0,0
0.00313682,0,1,0,0,0,0,0,1,0,0,1,0,1,0,0,0
0.00313683,1,1,1,1,0,0,0,1,0,0,1,0,1,0,0,0
0.00313684,1,1,1,1,0,1,1,1,0,0,1,0,1,0,0,0
0.00313685,1,1,1,1,1,1,1,1,0,0,1,0,1,0,0,0
0.00313689,0,1,1,1,1,1,1,0,0,0,1,0,1,0,0,0
0.0031369,0,1,0,0,1,0,0,0,0,0,1,0,1,0,0,0
0.00313693,1,1,1,1,1,1,1,0,0,0,1,0,1,0,0,0
0.00313697,1,1,1,1,1,1,0,0,0,0,1,0,1,0,0,0
0.00313698,0,1,0,0,1,0,0,0,0,0,1,0,1,0,0,0
0.00313701,1,1,1,1,1,1,0,0,0,0,1,0,1,0,0,0
0.00313702,1,1,1,1,1,1,1,0,0,0,1,0,1,0,0,0
0.00313704,1,1,1,1,1,1,0,0,0,0,1,0,1,0,0,0
0.00313705,0,1,1,1,1,0,0,0,0,0,1,0,1,0,0,0
0.00313708,1,1,1,1,1,0,0,0,0,0,1,0,1,0,0,0
0.00313709,1,1,1,1,1,1,0,0,0,0,1,0,1,0,0,0
0.00313712,1,1,1,1,1,0,0,0,0,0,1,0,1,0,0,0
0.00313713,0,1,1,1,1,0,0,0,0,0,1,0,1,0,0,0
0.00313717,1,1,1,1,1,0,0,0,0,0,1,0,1,0,0,0
0.00313719,0,1,1,1,1,0,0,0,0,0,1,0,1,0,0,0
0.00313721,1,1,1,1,1,0,0,0,0,0,1,0,1,0,0,0
0.00313722,0,1,1,1,1,0,0,0,0,0,1,0,1,0,0,0
0.00313724,1,1,1,1,1,0,0,0,0,0,1,0,1,0,0,0
0.00313725,0,1,1,1,1,0,0,0,0,0,1,0,1,0,0,0
0.00313727,1,1,1,1,1,1,0,0,0,0,0,0,1,0,0,0
0.00313728,0,1,1,1,1,0,0,0,0,1,0,0,1,0,0,0
0.0031373,0,1,0,0,1,0,0,0,0,1,0,0,1,0,0,0
0.00313731,0,1,1,1,1,0,0,0,0,1,0,0,1,0,0,0
0.00313733,1,1,1,1,1,0,0,0,0,1,0,0,1,0,0,0
0.00313734,1,1,1,1,1,0,0,0,0,0,0,0,0,0,0,0
0.00313735,0,1,1,1,1,0,0,0,0,1,0,0,1,0,0,0
0.00313736,0,1,0,0,1,0,0,0,0,1,0,0,1,0,0,0
0.00313739,0,1,0,1,1,0,0,0,0,1,0,0,1,0,0,0
0.0031374,0,1,1,1,1,0,0,0,0,1,0,0,1,0,0,0
0.00313741,1,1,1,1,1,0,0,0,0,1,0,0,1,0,0,0
0.00313742,0,1,1,1,1,0,0,0,0,1,0,0,1,0,0,0
0.00313743,0,1,0,0,1,0,0,0,0,1,0,0,1,0,0,0
0.00313747,0,1,1,1,1,0,0,0,0,1,0,0,1,0,0,0
0.0031375,0,1,0,0,1,0,0,0,0,1,0,0,1,0,0,0
0.00313756,0,1,1,0,1,0,0,0,0,1,0,0,1,0,0,0
0.00313757,0,1,0,0,1,0,0,0,0,1,0,0,1,0,0,0
0.00313771,0,1,1,1,1,0,0,0,0,1,0,0,1,0,0,0
0.00313772,0,1,0,0,1,0,0,0,0,1,0,0,1,0,0,0
0.00313782,1,1,1,1,1,0,0,0,0,1,0,0,1,0,0,0
0.00313784,1,1,1,1,1,1,1,1,0,1,0,0,1,0,0,0
0.00313787,1,1,1,1,0,1,1,1,0,1,0,0,1,0,0,0
0.00313788,1,0,0,0,0,0,0,0,0,1,0,0,1,0,0,0
0.00313791,1,0,1,1,0,1,1,0,0,1,0,0,1,0,0,0
0.00313792,1,1,1,1,0,1,1,1,0,1,0,0,1,0,0,0
0.00313795,1,1,1,1,0,1,1,0,0,1,0,0,1,0,0,0
0.00313796,1,0,1,1,0,1,0,0,0,1,0,0,1,0,0,0
0.00313797,1,0,0,0,0,0,0,0,0,1,0,0,1,0,0,0
0.00313799,1,0,1,1,0,1,0,0,0,1,0,0,1,0,0,0
0.003138,1,0,1,1,0,1,1,0,0,1,0,0,1,0,0,0
0.00313804,1,0,1,1,0,1,0,0,0,1,0,0,1,0,0,0
0.00313808,1,0,1,1,0,1,1,0,0,1,0,0,1,0,0,0
0.0031381,1,0,1,1,0,1,0,0,0,1,0,0,1,0,0,0
0.00313824,1,0,1,0,0,1,0,0,0,1,0,0,1,0,0,0
0.00313825,1,0,1,1,0,1,0,0,0,1,0,0,1,0,0,0
0.00313841,1,0,1,1,0,0,0,0,0,1,0,0,1,0,0,0
0.00313843,1,0,1,1,0,1,0,0,0,1,0,0,1,0,0,0
0.00313845,1,0,1,1,0,0,0,0,0,1,0,0,1,0,0,0
0.00313851,1,0,1,0,0,0,0,0,0,1,0,0,1,0,0,0
0.00313852,1,0,1,1,0,0,0,0,0,1,0,0,1,0,0,0
0.00313855,1,0,1,0,0,0,0,0,0,1,0,0,1,0,0,0
0.00313857,1,0,1,1,0,0,0,0,0,1,0,0,1,0,0,0
0.00313858,1,0,1,0,0,0,0,0,0,1,0,0,1,0,0,0
0.00313864,1,0,0,0,0,0,0,0,0,1,0,0,1,0,0,0
0.00313869,1,0,1,0,0,0,0,0,0,1,0,0,1,0,0,0
0.0031387,1,0,0,0,0,0,0,0,0,1,0,0,1,0,0,0
0.00313871,1,0,1,1,0,0,0,0,0,1,0,0,1,0,0,0
0.00313872,1,0,0,0,0,0,0,0,0,1,0,0,1,0,0,0
0.00313876,1,0,1,0,0,0,0,0,0,1,0,0,1,0,0,0
0.00313877,1,0,0,0,0,0,0,0,0,1,0,0,1,0,0,0
0.00313878,1,0,1,1,0,0,0,0,0,1,0,0,1,0,0,0
0.00313879,1,1,1,1,0,1,1,0,0,1,0,0,1,0,0,0
0.0031388,1,1,1,1,1,1,1,1,0,1,0,0,1,0,0,0
0.00313885,1,0,0,0,1,0,0,0,0,1,0,0,1,0,0,0
0.00313888,1,0,1,1,1,1,0,0,0,1,0,0,1,0,0,0
0.00313889,1,1,1,1,1,1,1,1,0,1,0,0,1,0,0,0
0.00313891,1,1,1,1,1,1,1,0,0,1,0,0,1,0,0,0
0.00313892,1,0,1,1,1,1,0,0,0,1,0,0,1,0,0,0
0.00313893,1,0,0,0,1,0,0,0,0,1,0,0,1,0,0,0
0.00313896,1,0,1,1,1,0,0,0,0,1,0,0,1,0,0,0
0.00313897,1,0,1,1,1,1,1,0,0,1,0,0,1,0,0,0
0.00313899,1,0,1,1,1,1,0,0,0,1,0,0,1,0,0,0
0.003139,1,0,1,1,1,0,0,0,0,1,0,0,1,0,0,0
0.00313901,1,0,0,0,1,0,0,0,0,1,0,0,1,0,0,0
0.00313904,1,0,1,1,1,0,0,0,0,1,0,0,1,0,0,0
0.00313908,1,0,0,0,1,0,0,0,0,1,0,0,1,0,0,0
0.00313922,1,0,0,0,1,0,0,0,0,0,0,0,1,0,0,0
0.00313924,1,0,0,0,1,0,0,0,1,0,0,0,1,0,0,0
0.00313928,1,0,1,1,1,0,0,0,1,0,0,0,1,0,0,0
0.00313929,1,0,0,0,1,0,0,0,1,0,0,0,1,0,0,0
0.0031393,1,0,0,0,1,0,0,0,0,0,0,0,0,0,0,0
0.00313931,1,0,0,0,1,0,0,0,1,0,0,0,1,0,0,0
0.00313936,1,0,1,0,1,0,0,0,1,0,0,0,1,0,0,0
0.00313937,1,0,0,0,1,0,0,0,1,0,0,0,1,0,0,0
0.00313975,1,1,1,1,1,0,0,0,1,0,0,0,1,0,0,0
0.00313977,1,1,1,1,1,1,1,1,1,0,0,0,1,0,0,0
0.00313983,0,1,0,0,0,0,0,0,1,0,0,0,1,0,0,0
0.00313987,0,1,1,1,0,1,1,1,1,0,0,0,1,0,0,0
0.00313988,1,1,1,1,0,1,1,0,1,0,0,0,1,0,0,0
0.00313989,1,1,1,1,0,1,1,1,1,0,0,0,1,0,0,0
0.00313991,0,1,1,1,0,1,1,0,1,0,0,0,1,0,0,0
0.00313992,0,1,1,0,0,0,0,0,1,0,0,0,1,0,0,0
0.00313993,0,1,0,0,0,0,0,0,1,0,0,0,1,0,0,0
0.00313995,0,1,1,1,0,1,0,0,1,0,0,0,1,0,0,0
0.00313996,0,1,1,1,0,1,1,0,1,0,0,0,1,0,0,0
0.00313998,0,1,1,1,0,1,0,0,1,0,0,0,1,0,0,0
0.00314,0,1,1,1,0,0,0,0,1,0,0,0,1,0,0,0
0.00314001,0,1,1,0,0,0,0,0,1,0,0,0,1,0,0,0
0.00314002,0,1,1,1,0,0,0,0,1,0,0,0,1,0,0,0
0.00314004,0,1,1,1,0,1,0,0,1,0,0,0,1,0,0,0
0.00314007,0,1,1,1,0,0,0,0,1,0,0,0,1,0,0,0
0.00314019,0,1,1,0,0,0,0,0,1,0,0,0,1,0,0,0
0.00314021,0,1,1,1,0,0,0,0,1,0,0,0,1,0,0,0
0.00314022,0,1,1,1,0,1,0,0,1,0,0,0,1,0,0,0
0.00314023,0,1,1,1,0,0,0,0,1,0,0,0,1,0,0,0
0.00314024,0,1,1,0,0,0,0,0,1,0,0,0,1,0,0,0
0.00314027,0,1,1,1,0,0,0,0,1,0,0,0,1,0,0,0
0.00314028,0,1,1,0,0,0,0,0,1,0,0,0,1,0,0,0
0.00314055,0,1,0,0,0,0,0,0,1,0,0,0,1,0,0,0
0.00314056,0,1,1,0,0,0,0,0,1,0,0,0,1,0,0,0
0.00314057,0,1,0,0,0,0,0,0,1,0,0,0,1,0,0,0
0.0031406,0,1,1,0,0,0,0,0,1,0,0,0,1,0,0,0
0.00314061,0,1,0,0,0,0,0,0,1,0,0,0,1,0,0,0
0.00314064,0,1,1,0,0,0,0,0,1,0,0,0,1,0,0,0
0.00314065,0,1,0,0,0,0,0,0,1,0,0,0,1,0,0,0
0.00314071,0,1,1,0,0,0,0,0,1,0,0,0,1,0,0,0
0.00314072,0,1,0,0,0,0,0,0,1,0,0,0,1,0,0,0
0.00314075,0,1,1,1,0,0,0,0,1,0,0,0,1,0,0,0
0.00314076,1,1,1,1,1,1,1,1,1,0,0,0,1,0,0,0
0.0031408,0,1,1,0,0,0,1,0,1,0,0,0,1,0,0,0
0.00314081,0,1,0,0,0,0,1,0,1,0,0,0,1,0,0,0
0.00314084,1,1,1,1,0,1,1,0,1,0,0,0,1,0,0,0
0.00314085,1,1,1,1,1,1,1,0,1,0,0,0,1,0,0,0
0.00314086,1,1,1,1,1,1,1,1,1,0,0,0,1,0,0,0
0.00314087,1,1,1,1,0,1,1,0,1,0,0,0,1,0,0,0
0.00314088,0,1,1,1,0,1,1,0,1,0,0,0,1,0,0,0
0.00314089,0,1,0,0,0,0,1,0,1,0,0,0,1,0,0,0
0.00314092,0,1,1,1,0,1,1,0,1,0,0,0,1,0,0,0
0.00314093,1,1,1,1,0,1,1,0,1,0,0,0,1,0,0,0
0.00314094,0,1,1,1,0,1,1,0,1,0,0,0,1,0,0,0
0.00314096,0,1,1,1,0,0,1,0,1,0,0,0,1,0,0,0
0.00314097,0,1,1,0,0,0,1,0,1,0,0,0,1,0,0,0
0.00314099,0,1,1,1,0,0,1,0,1,0,0,0,1,0,0,0
0.003141,0,1,1,1,0,1,1,0,1,0,0,0,1,0,0,0
0.00314103,0,1,1,1,0,0,1,0,1,0,0,0,1,0,0,0
0.00314112,0,1,1,0,0,0,1,0,1,0,0,0,1,0,0,0
0.00314116,0,1,1,1,0,0,1,0,1,0,0,0,1,0,0,0
0.00314117,0,1,1,1,0,0,1,0,1,0,0,0,0,0,0,0
0.00314118,0,1,1,1,0,0,1,0,0,1,0,0,0,0,1,0
0.00314119,0,1,1,0,0,0,1,0,0,1,0,0,0,0,1,0
0.0031412,0,1,0,0,0,0,1,0,0,1,0,0,0,0,1,0
0.00314123,0,1,1,1,0,0,1,0,0,1,0,0,0,0,1,0
0.00314124,0,1,1,1,0,1,1,0,0,1,0,0,0,0,1,0
0.00314125,0,1,1,1,0,0,1,0,0,0,0,0,0,0,0,0
0.00314126,0,1,0,0,0,0,1,0,0,1,0,0,0,0,1,0
0.0031413,0,1,1,0,0,0,1,0,0,1,0,0,0,0,1,0
0.00314131,0,1,1,1,0,0,1,0,0,1,0,0,0,0,1,0
0.00314133,0,1,1,0,0,0,1,0,0,1,0,0,0,0,1,0
0.00314134,0,1,0,0,0,0,1,0,0,1,0,0,0,0,1,0
0.00314138,0,1,1,0,0,0,1,0,0,1,0,0,0,0,1,0
0.00314139,0,1,0,0,0,0,1,0,0,1,0,0,0,0,1,0
0.00314169,1,1,1,0,0,0,1,0,0,1,0,0,0,0,1,0
0.0031417,1,1,1,1,0,1,1,0,0,1,0,0,0,0,1,0
0.00314171,1,0,1,1,1,1,0,0,0,1,0,0,0,0,1,0
0.00314172,0,0,0,0,0,0,0,0,0,1,0,0,0,0,1,0
0.00314173,1,0,0,0,0,1,1,1,0,1,0,0,0,0,1,0
0.00314174,1,0,1,1,0,1,0,0,0,1,0,0,0,0,1,0
0.00314175,1,0,1,1,1,1,0,0,0,1,0,0,0,0,1,0
0.00314176,1,0,0,0,0,1,0,0,0,1,0,0,0,0,1,0
0.00314177,1,0,0,0,0,0,0,0,0,1,0,0,0,0,1,0
0.0031418,1,0,1,1,0,1,0,0,0,1,0,0,0,0,1,0
0.00314182,1,0,1,0,0,0,0,0,0,1,0,0,0,0,1,0
0.00314183,1,0,0,0,0,0,0,0,0,1,0,0,0,0,1,0
0.00314215,1,1,0,1,0,0,0,0,0,1,0,0,0,0,1,0
0.00314217,1,1,1,1,0,1,0,0,0,1,0,0,0,0,1,0
0.00314219,1,1,0,1,0,0,0,0,0,1,0,0,0,0,1,0
0.00314261,1,1,1,1,0,1,0,0,0,1,0,0,0,0,1,0
0.00314262,1,1,1,1,1,1,1,1,0,1,0,0,0,0,1,0
0.00314263,0,1,0,1,0,0,0,0,0,1,0,0,0,0,1,0
0.00314267,0,1,1,1,0,1,0,0,0,1,0,0,0,0,1,0
0.00314268,0,1,1,1,0,0,0,0,0,1,0,0,0,0,1,0
0.00314269,0,1,0,1,0,0,0,0,0,1,0,0,0,0,1,0
0.00314271,0,1,1,1,0,1,0,0,0,1,0,0,0,0,1,0
0.00314272,1,1,1,1,1,1,1,1,0,1,0,0,0,0,1,0
0.00314275,1,1,1,0,1,1,1,1,0,1,0,0,0,0,1,0
0.00314276,0,1,1,0,1,1,1,1,0,1,0,0,0,0,1,0
0.00314278,1,1,0,1,1,1,1,1,0,1,0,0,0,0,1,0
0.0031428,1,1,1,1,1,1,1,1,0,1,0,0,0,0,1,0
0.00314282,1,1,0,1,1,1,0,0,0,1,0,0,0,0,1,0
0.00314283,0,1,0,0,1,1,0,0,0,1,0,0,0,0,1,0
0.00314286,1,1,0,1,1,1,0,0,0,1,0,0,0,0,1,0
0.00314287,1,1,1,1,1,1,0,0,0,1,0,0,0,0,1,0
0.00314288,1,1,0,1,1,1,0,0,0,1,0,0,0,0,1,0
0.0031429,0,1,0,0,1,1,0,0,0,1,0,0,0,0,1,0
0.00314293,0,1,0,1,1,1,0,0,0,1,0,0,0,0,1,0
0.00314294,1,1,0,1,1,1,0,0,0,1,0,0,0,0,1,0
0.00314296,0,1,0,1,1,1,0,0,0,1,0,0,0,0,1,0
0.00314298,0,1,0,0,1,1,0,0,0,1,0,0,0,0,1,0
0.003143,0,1,0,1,1,1,0,0,0,1,0,0,0,0,1,0
0.00314313,0,1,0,1,1,1,0,0,0,1,0,0,1,0,0,0
0.00314314,0,1,0,1,1,1,0,0,0,1,0,0,1,1,0,0
0.00314315,0,1,0,0,1,1,0,0,0,1,0,0,1,1,0,0
0.00314317,0,1,0,1,1,1,0,0,0,1,0,0,1,1,0,0
0.00314321,0,1,0,0,1,1,0,0,0,1,0,0,1,1,0,0
0.00314326,0,1,0,1,1,1,0,0,0,1,0,0,1,1,0,0
0.00314328,0,1,0,0,1,1,0,0,0,1,0,0,1,1,0,0
0.00314332,0,1,0,1,1,1,0,0,0,1,0,0,1,1,0,0
0.00314334,0,1,0,0,1,1,0,0,0,1,0,0,1,1,0,0
0.00314368,1,1,1,1,1,1,0,0,0,1,0,0,1,1,0,0
0.00314369,1,1,1,1,1,1,1,1,0,1,0,0,1,1,0,0
0.00314373,0,1,1,0,0,0,0,1,0,1,0,0,1,1,0,0
0.00314377,1,1,1,1,0,1,1,1,0,1,0,0,1,1,0,0
0.0031438,1,1,1,1,0,0,0,1,0,1,0,0,1,1,0,0
0.00314382,0,1,1,0,0,0,0,1,0,1,0,0,1,1,0,0
0.00314384,1,1,1,1,0,0,0,1,0,1,0,0,1,1,0,0
0.0031441,0,1,1,1,0,0,0,1,0,1,0,0,1,1,0,0
0.00314411,1,1,1,1,0,0,0,1,0,1,0,0,1,1,0,0
0.00314414,0,1,1,1,0,0,0,1,0,1,0,0,1,1,0,0
0.00314415,1,1,1,1,0,0,0,1,0,1,0,0,1,1,0,0
0.00314424,0,1,1,1,0,0,0,1,0,1,0,0,1,1,0,0
0.00314426,1,1,1,1,0,0,0,1,0,1,0,0,1,1,0,0
0.00314428,0,1,1,1,0,0,0,1,0,1,0,0,1,1,0,0
0.00314434,1,1,1,1,0,0,0,1,0,1,0,0,1,1,0,0
0.00314435,0,1,1,1,0,0,0,1,0,1,0,0,1,1,0,0
0.00314452,0,1,1,0,0,0,0,1,0,1,0,0,1,1,0,0
0.00314454,0,1,1,1,0,0,0,1,0,1,0,0,1,1,0,0
0.00314456,0,1,1,0,0,0,0,1,0,1,0,0,1,1,0,0
0.00314457,0,1,1,1,0,0,0,1,0,1,0,0,1,1,0,0
0.00314458,0,1,1,0,0,0,0,1,0,1,0,0,1,1,0,0
0.0031446,0,1,1,1,0,0,0,1,0,1,0,0,1,1,0,0
0.00314461,0,1,1,0,0,0,0,1,0,1,0,0,1,1,0,0
0.00314463,1,1,1,1,0,0,0,1,0,1,0,0,1,1,0,0
0.00314464,1,1,1,1,1,0,1,1,0,1,0,0,1,1,0,0
0.00314465,1,1,1,1,1,1,1,1,0,1,0,0,1,1,0,0
0.00314471,1,0,0,1,0,0,0,0,0,1,0,0,1,1,0,0
0.00314472,1,0,0,0,0,0,0,0,0,1,0,0,1,1,0,0
0.00314475,1,0,0,1,0,1,0,0,0,1,0,0,1,1,0,0
0.00314476,1,0,1,1,0,1,1,0,0,1,0,0,1,1,0,0
0.00314477,1,1,1,1,1,1,1,0,0,1,0,0,1,1,0,0
0.00314478,1,0,1,1,0,1,1,0,0,1,0,0,1,1,0,0
0.00314479,1,0,0,1,0,1,0,0,0,1,0,0,1,1,0,0
0.0031448,1,0,0,0,0,0,0,0,0,1,0,0,1,1,0,0
0.00314483,1,0,0,1,0,0,0,0,0,1,0,0,1,1,0,0
0.00314484,1,0,0,1,0,1,0,0,0,1,0,0,1,1,0,0
0.00314487,1,0,0,1,0,0,0,0,0,1,0,0,1,1,0,0
0.00314489,1,0,0,0,0,0,0,0,0,1,0,0,1,1,0,0
0.0031449,1,0,0,1,0,0,0,0,0,1,0,0,1,1,0,0
0.00314518,1,0,0,0,0,0,0,0,0,1,0,0,1,1,0,0
0.00314521,1,0,0,1,0,0,0,0,0,1,0,0,1,1,0,0
0.00314522,1,0,0,0,0,0,0,0,0,1,0,0,1,1,0,0
0.00314562,1,0,1,1,0,1,1,0,0,1,0,0,1,1,0,0
0.00314563,1,1,1,1,1,1,1,1,0,1,0,0,1,1,0,0
0.00314664,0,1,1,0,1,0,0,0,0,1,0,0,1,1,0,0
0.00314665,0,1,0,0,1,0,0,0,0,1,0,0,1,1,0,0
0.00314669,1,1,1,1,1,1,1,0,0,1,0,0,1,1,0,0
0.0031467,1,1,1,1,1,1,1,1,0,1,0,0,1,1,0,0
0.00314671,1,1,1,1,1,1,0,0,0,1,0,0,1,1,0,0
0.00314672,0,1,0,0,1,0,0,0,0,1,0,0,1,1,0,0
0.00314677,0,1,1,1,1,0,0,0,0,1,0,0,1,1,0,0
0.00314679,0,1,0,0,1,0,0,0,0,1,0,0,1,1,0,0
0.00314703,0,1,0,0,1,0,0,0,0,1,0,0,1,0,0,0
0.00314711,0,1,0,0,1,0,0,0,0,0,0,0,0,0,0,0
0.00314712,0,1,0,0,1,0,0,0,0,1,0,0,1,0,0,0
0.00314758,0,1,1,1,1,0,0,0,0,1,0,0,1,0,0,0
0.00314759,1,1,1,1,1,1,1,1,0,1,0,0,1,0,0,0
0.00314763,1,1,1,1,0,1,1,1,0,1,0,0,1,0,0,0
0.00314764,0,1,0,0,0,0,0,0,0,1,0,0,1,0,0,0
0.00314767,1,1,1,1,0,1,1,0,0,1,0,0,1,0,0,0
0.00314768,1,1,1,1,0,1,1,1,0,1,0,0,1,0,0,0
0.00314771,1,1,1,1,0,1,1,0,0,1,0,0,1,0,0,0
0.00314773,0,1,1,0,0,0,0,0,0,1,0,0,1,0,0,0
0.00314774,0,1,0,0,0,0,0,0,0,1,0,0,1,0,0,0
0.00314775,1,1,1,1,0,1,0,0,0,1,0,0,1,0,0,0
0.00314776,1,1,1,1,0,1,1,0,0,1,0,0,1,0,0,0
0.00314781,1,1,1,1,0,1,0,0,0,1,0,0,1,0,0,0
0.00314784,1,1,1,1,0,1,1,0,0,1,0,0,1,0,0,0
0.00314788,1,1,1,1,0,1,0,0,0,1,0,0,1,0,0,0
0.00314793,1,1,1,1,0,1,1,0,0,1,0,0,1,0,0,0
0.00314795,1,1,1,1,0,1,0,0,0,1,0,0,1,0,0,0
0.00314836,1,1,1,1,0,0,0,0,0,1,0,0,1,0,0,0
0.00314849,0,1,1,0,0,0,0,0,0,1,0,0,1,0,0,0
0.0031485,1,1,1,1,0,0,0,0,0,1,0,0,1,0,0,0
0.00314852,1,1,1,1,0,1,0,0,0,1,0,0,1,0,0,0
0.00314854,1,1,1,1,0,0,0,0,0,1,0,0,1,0,0,0
0.00314855,1,1,1,1,1,1,1,1,0,1,0,0,1,0,0,0
0.00314862,1,0,0,0,1,0,0,0,0,1,0,0,1,0,0,0
0.00314865,1,0,1,0,1,1,0,0,0,1,0,0,1,0,0,0
0.00314866,1,1,1,1,1,1,1,1,0,1,0,0,1,0,0,0
0.00314869,1,0,1,1,1,1,0,0,0,1,0,0,1,0,0,0
0.0031487,1,0,0,0,1,0,0,0,0,1,0,0,1,0,0,0
0.00314873,1,0,1,1,1,0,0,0,0,1,0,0,1,0,0,0
0.00314874,1,0,1,1,1,1,1,0,0,1,0,0,1,0,0,0
0.00314876,1,0,1,1,1,1,0,0,0,1,0,0,1,0,0,0
0.00314877,1,0,1,1,1,0,0,0,0,1,0,0,1,0,0,0
0.00314878,1,0,1,0,1,0,0,0,0,1,0,0,1,0,0,0
0.00314881,1,0,1,1,1,0,0,0,0,1,0,0,1,0,0,0
0.00314882,1,0,1,1,1,1,0,0,0,1,0,0,1,0,0,0
0.00314884,1,0,1,1,1,0,0,0,0,1,0,0,1,0,0,0
0.00314886,1,0,1,0,1,0,0,0,0,1,0,0,1,0,0,0
0.00314887,1,0,1,1,1,0,0,0,0,1,0,0,1,0,0,0
0.00314894,1,0,1,0,1,0,0,0,0,1,0,0,1,0,0,0
0.00314897,1,0,1,1,1,0,0,0,0,1,0,0,1,0,0,0
0.00314899,1,0,1,1,1,0,0,0,0,0,0,0,1,0,0,0
0.003149,1,0,1,0,1,0,0,0,1,0,0,0,1,0,0,0
0.00314902,1,0,0,0,1,0,0,0,1,0,0,0,1,0,0,0
0.00314903,1,0,1,0,1,0,0,0,1,0,0,0,1,0,0,0
0.00314904,1,0,1,1,1,0,0,0,1,0,0,0,1,0,0,0
0.00314906,1,0,1,1,1,0,0,0,0,0,0,0,0,0,0,0
0.00314907,1,0,0,0,1,0,0,0,1,0,0,0,1,0,0,0
0.00314911,1,0,1,0,1,0,0,0,1,0,0,0,1,0,0,0
0.00314912,1,0,1,1,1,0,0,0,1,0,0,0,1,0,0,0
0.00314914,1,0,1,0,1,0,0,0,1,0,0,0,1,0,0,0
0.00314915,1,0,0,0,1,0,0,0,1,0,0,0,1,0,0,0
0.00314918,1,0,1,0,1,0,0,0,1,0,0,0,1,0,0,0
0.00314923,1,0,0,0,1,0,0,0,1,0,0,0,1,0,0,0
0.00314928,1,0,1,0,1,0,0,0,1,0,0,0,1,0,0,0
0.0031493,1,0,0,0,1,0,0,0,1,0,0,0,1,0,0,0
0.00314943,1,0,1,0,1,0,0,0,1,0,0,0,1,0,0,0
0.00314944,1,0,0,0,1,0,0,0,1,0,0,0,1,0,0,0
0.00314951,1,0,1,0,1,0,0,0,1,0,0,0,1,0,0,0
0.00314952,1,1,1,0,1,0,0,0,1,0,0,0,1,0,0,0
0.00314953,1,1,0,0,1,0,0,0,1,0,0,0,1,0,0,0
0.00314954,1,1,1,1,1,1,1,1,1,0,0,0,1,0,0,0
0.00314959,0,1,0,0,0,0,0,0,1,0,0,0,1,0,0,0
0.00314963,1,1,1,1,0,1,1,1,1,0,0,0,1,0,0,0
0.00314967,1,1,1,1,0,1,1,0,1,0,0,0,1,0,0,0
0.00314968,0,1,1,1,0,0,0,0,1,0,0,0,1,0,0,0
0.00314969,0,1,0,0,0,0,0,0,1,0,0,0,1,0,0,0
0.0031497,0,1,1,0,0,0,0,0,1,0,0,0,1,0,0,0
0.00314971,1,1,1,1,0,1,0,0,1,0,0,0,1,0,0,0
0.00314972,1,1,1,1,0,1,1,0,1,0,0,0,1,0,0,0
0.00314975,1,1,1,1,0,1,0,0,1,0,0,0,1,0,0,0
0.00314977,0,1,1,1,0,1,0,0,1,0,0,0,1,0,0,0
0.00314979,1,1,1,1,0,1,0,0,1,0,0,0,1,0,0,0
0.00314994,0,1,1,1,0,1,0,0,1,0,0,0,1,0,0,0
0.00314995,1,1,1,1,0,0,0,0,1,0,0,0,1,0,0,0
0.00314997,1,1,1,1,0,1,0,0,1,0,0,0,1,0,0,0
0.00315,1,1,1,1,0,0,0,0,1,0,0,0,1,0,0,0
0.00315004,1,1,1,1,0,1,0,0,1,0,0,0,1,0,0,0
0.00315005,1,1,1,1,0,0,0,0,1,0,0,0,1,0,0,0
0.00315017,0,1,1,1,0,0,0,0,1,0,0,0,1,0,0,0
0.00315018,1,1,1,1,0,0,0,0,1,0,0,0,1,0,0,0
0.0031502,0,1,1,1,0,0,0,0,1,0,0,0,1,0,0,0
0.00315022,1,1,1,1,0,0,0,0,1,0,0,0,1,0,0,0
0.00315025,0,1,1,1,0,0,0,0,1,0,0,0,1,0,0,0
0.00315029,1,1,1,1,0,0,0,0,1,0,0,0,1,0,0,0
0.00315031,0,1,1,1,0,0,0,0,1,0,0,0,1,0,0,0
0.00315037,1,1,1,1,0,0,0,0,1,0,0,0,1,0,0,0
0.00315038,0,1,1,1,0,0,0,0,1,0,0,0,1,0,0,0
0.00315041,1,1,1,1,0,0,0,0,1,0,0,0,1,0,0,0
0.00315042,0,1,1,0,0,0,0,0,1,0,0,0,1,0,0,0
0.00315043,0,1,1,1,0,0,0,0,1,0,0,0,1,0,0,0
0.00315044,0,1,1,0,0,0,0,0,1,0,0,0,1,0,0,0
0.00315046,1,1,1,1,0,0,0,0,1,0,0,0,1,0,0,0
0.00315047,0,1,1,0,0,0,0,0,1,0,0,0,1,0,0,0
0.00315049,0,1,1,1,0,0,0,0,1,0,0,0,1,0,0,0
0.0031505,1,1,1,1,0,0,0,0,1,0,0,0,1,0,0,0
0.00315051,1,1,1,1,0,1,1,0,1,0,0,0,1,0,0,0
0.00315052,1,1,1,1,1,1,1,0,1,0,0,0,1,0,0,0
0.00315053,1,1,1,1,1,1,1,1,1,0,0,0,1,0,0,0
0.00315057,1,1,1,1,0,1,1,0,1,0,0,0,1,0,0,0
0.00315058,0,1,0,0,0,0,1,0,1,0,0,0,1,0,0,0
0.00315061,1,1,1,1,0,1,1,1,1,0,0,0,1,0,0,0
0.00315062,1,1,1,1,1,1,1,1,1,0,0,0,1,0,0,0
0.00315065,1,1,1,1,0,1,1,0,1,0,0,0,1,0,0,0
0.00315066,1,1,1,1,0,0,1,0,1,0,0,0,1,0,0,0
0.00315067,0,1,0,0,0,0,1,0,1,0,0,0,1,0,0,0
0.00315068,1,1,1,1,0,1,1,0,1,0,0,0,1,0,0,0
0.00315094,1,1,1,1,0,1,1,0,0,0,0,0,0,0,0,0
0.00315095,1,1,1,1,0,1,1,0,0,1,0,0,0,0,1,0
0.00315101,1,1,1,1,0,1,1,0,0,0,0,0,0,0,0,0
0.00315102,1,1,1,1,0,1,1,0,0,1,0,0,0,0,1,0
0.0031514,1,1,1,1,0,0,1,0,0,1,0,0,0,0,1,0
0.00315142,1,1,1,1,0,1,1,0,0,1,0,0,0,0,1,0
0.00315143,0,1,1,1,0,0,1,0,0,1,0,0,0,0,1,0
0.00315144,1,1,1,1,0,0,1,0,0,1,0,0,0,0,1,0
0.00315145,1,1,1,1,0,1,1,0,0,1,0,0,0,0,1,0
0.00315147,1,1,1,1,1,1,1,0,0,1,0,0,0,0,1,0
0.00315148,1,0,0,1,0,0,0,0,0,1,0,0,0,0,1,0
0.00315149,0,0,0,0,0,1,1,1,0,1,0,0,0,0,1,0
0.0031515,1,0,1,1,0,1,1,1,0,1,0,0,0,0,1,0
0.00315151,1,0,1,1,1,1,0,0,0,1,0,0,0,0,1,0
0.00315152,1,0,1,1,0,1,0,0,0,1,0,0,0,0,1,0
0.00315153,0,0,0,0,0,0,0,0,0,1,0,0,0,0,1,0
0.00315156,1,0,1,1,0,1,0,0,0,1,0,0,0,0,1,0
0.00315161,1,0,1,1,0,0,0,0,0,1,0,0,0,0,1,0
0.00315162,0,0,1,0,0,0,0,0,0,1,0,0,0,0,1,0
0.00315163,0,0,1,1,0,0,0,0,0,1,0,0,0,0,1,0
0.00315164,1,0,1,1,0,0,0,0,0,1,0,0,0,0,1,0
0.00315165,1,0,1,1,0,1,0,0,0,1,0,0,0,0,1,0
0.00315168,1,0,1,1,0,0,0,0,0,1,0,0,0,0,1,0
0.00315169,0,0,1,1,0,0,0,0,0,1,0,0,0,0,1,0
0.00315171,1,0,1,1,0,0,0,0,0,1,0,0,0,0,1,0
0.00315176,0,0,1,1,0,0,0,0,0,1,0,0,0,0,1,0
0.00315177,1,0,1,1,0,0,0,0,0,1,0,0,0,0,1,0
0.00315188,0,0,1,1,0,0,0,0,0,1,0,0,0,0,1,0
0.00315189,1,0,1,1,0,1,0,0,0,1,0,0,0,0,1,0
0.0031519,1,0,1,1,0,0,0,0,0,1,0,0,0,0,1,0
0.00315191,0,1,1,1,0,0,0,0,0,1,0,0,0,0,1,0
0.00315193,1,1,1,1,0,0,0,0,0,1,0,0,0,0,1,0
0.00315194,1,1,1,1,1,1,0,1,0,1,0,0,0,0,1,0
0.00315195,1,1,1,1,0,1,0,0,0,1,0,0,0,0,1,0
0.00315196,0,1,1,1,0,0,0,0,0,1,0,0,0,0,1,0
0.00315198,1,1,1,1,0,0,0,0,0,1,0,0,0,0,1,0
0.003152,0,1,1,1,0,0,0,0,0,1,0,0,0,0,1,0
0.00315202,1,1,1,1,0,0,0,0,0,1,0,0,0,0,1,0
0.00315205,0,1,1,1,0,0,0,0,0,1,0,0,0,0,1,0
0.00315237,1,1,1,1,0,0,0,0,0,1,0,0,0,0,1,0
0.00315238,1,1,1,1,1,1,1,1,0,1,0,0,0,0,1,0
0.00315239,0,0,1,1,0,0,0,0,0,1,0,0,0,0,1,0
0.00315243,1,0,1,1,0,1,0,0,0,1,0,0,0,0,1,0
0.00315245,0,0,1,1,0,0,0,0,0,1,0,0,0,0,1,0
0.00315248,1,1,1,1,1,1,1,1,0,1,0,0,0,0,1,0
0.00315252,0,1,0,0,1,1,0,0,0,1,0,0,0,0,1,0
0.00315255,0,1,1,0,1,1,0,0,0,1,0,0,0,0,1,0
0.00315256,1,1,1,1,1,1,1,0,0,1,0,0,0,0,1,0
0.00315257,1,1,1,1,1,1,1,1,0,1,0,0,0,0,1,0
0.00315258,1,1,1,1,1,1,0,0,0,1,0,0,0,0,1,0
0.00315259,1,1,1,0,1,1,0,0,0,1,0,0,0,0,1,0
0.0031526,0,1,0,0,1,1,0,0,0,1,0,0,0,0,1,0
0.00315263,1,1,1,0,1,1,0,0,0,1,0,0,0,0,1,0
0.00315264,1,1,1,1,1,1,0,0,0,1,0,0,0,0,1,0
0.00315266,1,1,1,0,1,1,0,0,0,1,0,0,0,0,1,0
0.00315267,0,1,1,0,1,1,0,0,0,1,0,0,0,0,1,0
0.00315268,0,1,0,0,1,1,0,0,0,1,0,0,0,0,1,0
0.0031527,0,1,1,0,1,1,0,0,0,1,0,0,0,0,1,0
0.00315289,0,1,1,0,1,1,0,0,0,1,0,0,0,0,0,0
0.0031529,0,1,1,0,1,1,0,0,0,1,0,0,1,1,0,0
0.00315292,0,1,0,0,1,1,0,0,0,1,0,0,1,1,0,0
0.00315294,0,1,1,0,1,1,0,0,0,1,0,0,1,1,0,0
0.00315295,1,1,1,0,1,1,0,0,0,1,0,0,1,1,0,0
0.00315296,0,1,1,0,1,1,0,0,0,1,0,0,1,1,0,0
0.00315298,0,1,0,0,1,1,0,0,0,1,0,0,1,1,0,0
0.00315299,0,1,1,0,1,1,0,0,0,1,0,0,1,1,0,0
0.003153,0,1,0,0,1,1,0,0,0,1,0,0,1,1,0,0
0.00315302,0,1,1,0,1,1,0,0,0,1,0,0,1,1,0,0
0.00315305,0,1,0,0,1,1,0,0,0,1,0,0,1,1,0,0
0.00315308,0,1,1,0,1,1,0,0,0,1,0,0,1,1,0,0
0.00315312,0,1,0,0,1,1,0,0,0,1,0,0,1,1,0,0
0.00315317,0,1,1,0,1,1,0,0,0,1,0,0,1,1,0,0
0.00315319,0,1,0,0,1,1,0,0,0,1,0,0,1,1,0,0
0.00315339,0,1,1,0,1,1,0,0,0,1,0,0,1,1,0,0
0.0031534,0,1,0,0,1,1,0,0,0,1,0,0,1,1,0,0
0.00315344,1,1,1,1,1,1,0,0,0,1,0,0,1,1,0,0
0.00315345,1,1,1,1,1,1,1,1,0,1,0,0,1,1,0,0
0.0031535,0,1,0,0,1,1,0,0,0,1,0,0,1,1,0,0
0.00315353,1,1,1,1,1,1,0,0,0,1,0,0,1,1,0,0
0.00315354,1,1,1,1,1,1,1,1,0,1,0,0,1,1,0,0
0.00315356,1,1,1,1,1,1,0,0,0,1,0,0,1,1,0,0
0.00315358,0,1,0,0,1,1,0,0,0,1,0,0,1,1,0,0
0.0031536,0,1,1,0,1,1,0,0,0,1,0,0,1,1,0,0
0.00315361,1,1,1,1,1,1,0,0,0,1,0,0,1,1,0,0
0.00315365,0,1,1,0,1,1,0,0,0,1,0,0,1,1,0,0
0.00315368,1,1,1,1,1,1,0,0,0,1,0,0,1,1,0,0
0.00315373,0,1,1,0,1,1,0,0,0,1,0,0,1,1,0,0
0.00315375,0,1,1,1,1,1,0,0,0,1,0,0,1,1,0,0
0.00315381,0,1,1,0,1,1,0,0,0,1,0,0,1,1,0,0
0.00315385,0,1,1,1,1,1,0,0,0,1,0,0,1,1,0,0
0.00315386,0,1,1,0,1,1,0,0,0,1,0,0,1,1,0,0
0.00315388,0,1,1,1,1,1,0,0,0,1,0,0,1,1,0,0
0.00315389,1,1,1,1,1,1,0,0,0,1,0,0,1,1,0,0
0.0031539,0,1,1,0,1,1,0,0,0,1,0,0,1,1,0,0
0.00315428,0,1,0,0,1,1,0,0,0,1,0,0,1,1,0,0
0.0031543,0,1,1,0,1,1,0,0,0,1,0,0,1,1,0,0
0.00315436,0,1,0,0,1,1,0,0,0,1,0,0,1,1,0,0
0.00315437,0,1,1,0,1,1,0,0,0,1,0,0,1,1,0,0
0.00315439,0,1,0,0,1,1,0,0,0,1,0,0,1,1,0,0
0.0031544,1,1,1,1,1,1,0,0,0,1,0,0,1,1,0,0
0.00315441,1,1,1,1,1,1,1,1,0,1,0,0,1,1,0,0
0.00315446,1,1,1,1,0,0,1,0,0,1,0,0,1,1,0,0
0.00315447,1,1,0,1,0,0,0,0,0,1,0,0,1,1,0,0
0.0031545,1,1,1,1,0,0,0,0,0,1,0,0,1,1,0,0
0.00315451,1,1,1,1,0,0,1,0,0,1,0,0,1,1,0,0
0.00315452,1,1,1,1,0,1,1,1,0,1,0,0,1,1,0,0
0.00315453,1,1,1,1,0,0,0,0,0,1,0,0,1,1,0,0
0.00315455,1,1,0,1,0,0,0,0,0,1,0,0,1,1,0,0
0.00315458,1,1,1,1,0,0,0,0,0,1,0,0,1,1,0,0
0.00315462,1,1,0,1,0,0,0,0,0,1,0,0,1,1,0,0
0.00315465,1,1,1,1,0,0,0,0,0,1,0,0,1,1,0,0
0.00315469,1,1,0,1,0,0,0,0,0,1,0,0,1,1,0,0
0.0031547,1,1,1,1,0,0,0,0,0,1,0,0,1,1,0,0
0.00315473,1,1,0,1,0,0,0,0,0,1,0,0,1,1,0,0
0.00315474,1,1,1,1,0,0,0,0,0,1,0,0,1,1,0,0
0.00315478,1,1,0,1,0,0,0,0,0,1,0,0,1,1,0,0
0.00315485,1,1,1,1,0,0,0,0,0,1,0,0,1,1,0,0
0.00315486,1,1,0,1,0,0,0,0,0,1,0,0,1,1,0,0
0.00315537,1,1,1,1,0,0,0,0,0,1,0,0,1,1,0,0
0.00315539,1,1,1,1,0,1,1,0,0,1,0,0,1,1,0,0
0.0031554,1,1,1,1,1,1,1,1,0,1,0,0,1,1,0,0
0.00315637,1,1,1,1,0,1,1,1,0,1,0,0,1,1,0,0
0.00315639,1,1,1,1,1,1,1,1,0,1,0,0,1,1,0,0
0.0031564,0,0,1,1,1,0,1,0,0,1,0,0,1,1,0,0
0.00315641,0,0,0,1,1,0,1,0,0,1,0,0,1,1,0,0
0.00315643,1,1,1,1,1,1,1,1,0,1,0,0,1,1,0,0
0.00315648,0,1,1,1,1,1,1,1,0,1,0,0,1,1,0,0
0.00315649,0,1,1,0,0,1,0,1,0,1,0,0,1,1,0,0
0.00315654,0,1,1,0,0,1,1,1,0,1,0,0,1,1,0,0
0.00315655,0,1,1,0,0,1,0,1,0,1,0,0,1,1,0,0
0.0031568,0,1,1,0,0,1,0,1,0,1,0,0,0,1,0,0
0.00315681,0,1,1,0,0,1,0,1,0,1,1,0,0,1,0,1
0.00315735,1,1,1,1,1,1,0,1,0,1,1,0,0,1,0,1
0.00315736,1,1,1,1,1,1,1,1,0,1,1,0,0,1,0,1
0.00315739,1,0,0,1,1,1,1,1,0,1,1,0,0,1,0,1
0.0031574,0,0,0,0,0,1,1,0,0,1,1,0,0,1,0,1
0.00315744,1,0,1,1,0,1,1,1,0,1,1,0,0,1,0,1
0.00315747,0,0,0,0,0,1,1,0,0,1,1,0,0,1,0,1
0.00315831,1,1,0,0,1,1,1,0,0,1,1,0,0,1,0,1
0.00315832,1,1,1,1,1,1,1,0,0,1,1,0,0,1,0,1
0.00315833,1,1,1,1,1,1,1,1,0,1,1,0,0,1,0,1
0.00315838,1,1,1,1,1,0,1,1,0,1,1,0,0,1,0,1
0.00315839,0,0,0,0,0,0,0,1,0,1,1,0,0,1,0,1
0.00315843,1,1,1,1,0,1,1,1,0,1,1,0,0,1,0,1
0.00315844,1,1,1,1,1,1,1,1,0,1,1,0,0,1,0,1
0.00315845,1,1,1,1,0,0,1,1,0,1,1,0,0,1,0,1
0.00315846,1,0,1,1,0,0,0,1,0,1,1,0,0,1,0,1
0.00315847,0,0,0,0,0,0,0,1,0,1,1,0,0,1,0,1
0.00315851,0,0,1,1,0,0,0,1,0,1,1,0,0,1,0,1
0.00315852,1,0,1,1,0,0,0,1,0,1,1,0,0,1,0,1
0.00315853,0,0,1,1,0,0,0,1,0,1,1,0,0,1,0,1
0.00315854,0,0,1,0,0,0,0,1,0,1,1,0,0,1,0,1
0.00315855,0,0,0,0,0,0,0,1,0,1,1,0,0,1,0,1
0.00315859,0,0,1,0,0,0,0,1,0,1,1,0,0,1,0,1
0.00315862,0,0,0,0,0,0,0,1,0,1,1,0,0,1,0,1
0.00315876,0,0,1,0,0,0,0,1,0,1,1,0,0,1,0,1
0.00315877,0,0,0,0,0,0,0,1,0,1,1,0,0,1,0,1
0.0031593,1,1,1,1,1,1,0,1,0,1,1,0,0,1,0,1
0.00315931,1,1,1,1,1,1,1,1,0,1,1,0,0,1,0,1
0.00315935,1,1,1,1,1,1,1,0,0,1,1,0,0,1,0,1
0.00315936,0,0,0,0,0,0,0,0,0,1,1,0,0,1,0,1
0.00315939,1,1,1,1,0,1,1,0,0,1,1,0,0,1,0,1
0.0031594,1,1,1,1,1,1,1,1,0,1,1,0,0,1,0,1
0.00315941,1,1,1,1,1,1,1,0,0,1,1,0,0,1,0,1
0.00315944,1,1,1,1,0,1,1,0,0,1,1,0,0,1,0,1
0.00315945,1,1,1,1,0,0,0,0,0,1,1,0,0,1,0,1
0.00315946,1,0,1,1,0,0,0,0,0,1,1,0,0,1,0,1
0.00315947,1,1,1,1,0,1,1,0,0,1,1,0,0,1,0,1
0.00315993,1,1,1,1,0,1,0,0,0,1,1,0,0,1,0,1
0.00315996,1,1,1,1,0,1,1,0,0,1,1,0,0,1,0,1
0.00315997,1,1,1,1,0,1,0,0,0,1,1,0,0,1,0,1
0.0031602,1,1,1,1,0,0,0,0,0,1,1,0,0,1,0,1
0.00316021,1,0,1,1,0,0,0,0,0,1,1,0,0,1,0,1
0.00316022,1,1,1,1,0,1,0,0,0,1,1,0,0,1,0,1
0.00316023,1,1,1,1,0,0,0,0,0,1,1,0,0,1,0,1
0.00316024,1,1,1,1,0,1,0,0,0,1,1,0,0,1,0,1
0.00316025,1,1,1,1,0,1,1,0,0,1,1,0,0,1,0,1
0.00316026,1,1,1,1,1,1,1,1,0,1,1,0,0,1,0,1
0.00316129,0,0,0,0,0,0,0,0,0,1,1,0,0,1,0,1
0.00316133,1,1,1,1,0,1,1,1,0,1,1,0,0,1,0,1
0.00316134,1,1,1,1,1,1,1,1,0,1,1,0,0,1,0,1
0.00316137,1,1,1,1,0,1,1,0,0,1,1,0,0,1,0,1
0.00316139,0,0,0,0,0,0,0,0,0,1,1,0,0,1,0,1
0.00316141,1,1,1,1,0,1,1,0,0,1,1,0,0,1,0,1
0.00316147,1,1,1,1,0,1,0,0,0,1,1,0,0,1,0,1
0.00316149,1,1,1,1,0,1,1,0,0,1,1,0,0,1,0,1
0.00316174,1,1,1,1,0,1,0,0,0,1,1,0,0,1,0,1
0.00316175,1,1,1,1,0,1,1,0,0,1,1,0,0,1,0,1
0.00316179,1,1,1,1,0,1,0,0,0,1,1,0,0,1,0,1
0.00316185,1,1,1,1,0,1,1,0,0,1,1,0,0,1,0,1
0.00316187,1,1,1,1,0,1,0,0,0,1,1,0,0,1,0,1
0.00316197,1,0,1,1,0,1,0,0,0,1,1,0,0,1,0,1
0.00316199,1,1,1,1,0,1,0,0,0,1,1,0,0,1,0,1
0.003162,0,0,1,1,0,1,0,0,0,1,1,0,0,1,0,1
0.00316203,1,0,1,1,0,1,0,0,0,1,1,0,0,1,0,1
0.00316204,1,1,1,1,0,1,0,0,0,1,1,0,0,1,0,1
0.00316205,0,0,1,1,0,1,0,0,0,1,1,0,0,1,0,1
0.00316208,1,0,1,1,0,1,0,0,0,1,1,0,0,1,0,1
0.00316209,0,0,1,1,0,1,0,0,0,1,1,0,0,1,0,1
0.00316211,0,0,1,1,0,0,0,0,0,1,1,0,0,1,0,1
0.00316212,1,1,1,1,0,1,0,0,0,1,1,0,0,1,0,1
0.00316213,0,0,1,1,0,1,0,0,0,1,1,0,0,1,0,1
0.00316216,0,0,1,1,0,0,0,0,0,1,1,0,0,1,0,1
0.00316217,0,0,1,1,0,1,0,0,0,1,1,0,0,1,0,1
0.00316219,0,0,1,1,0,0,0,0,0,1,1,0,0,1,0,1
0.00316221,0,0,1,1,0,1,0,0,0,1,1,0,0,1,0,1
0.00316224,0,0,1,1,0,0,0,0,0,1,1,0,0,1,0,1
0.00316225,0,0,1,0,0,0,0,0,0,1,1,0,0,1,0,1
0.00316226,0,0,1,1,0,0,0,0,0,1,1,0,0,1,0,1
0.00316227,1,1,1,1,0,1,0,0,0,1,1,0,0,1,0,1
0.00316228,0,0,1,1,0,0,0,0,0,1,1,0,0,1,0,1
0.00316229,0,0,1,0,0,0,0,0,0,1,1,0,0,1,0,1
0.0031623,0,0,1,1,0,1,0,0,0,1,1,0,0,1,0,1
0.00316231,0,0,1,0,0,0,0,0,0,1,1,0,0,1,0,1
0.00316232,0,0,1,0,1,0,0,0,0,1,1,0,0,1,0,1
0.00316233,0,0,1,1,1,0,0,0,0,1,1,0,0,1,0,1
0.00316234,1,1,1,1,1,1,1,1,0,1,1,0,0,1,0,1
0.00316236,1,1,1,1,1,1,1,0,0,1,1,0,0,1,0,1
0.00316237,0,0,1,1,1,0,0,0,0,1,1,0,0,1,0,1
0.00316238,0,0,1,0,1,0,0,0,0,1,1,0,0,1,0,1
0.00316241,0,0,1,1,1,0,0,0,0,1,1,0,0,1,0,1
0.00316242,0,1,1,1,1,1,0,0,0,1,1,0,0,1,0,1
0.00316243,1,1,1,1,1,1,0,0,0,1,1,0,0,1,0,1
0.00316244,0,1,1,1,1,1,0,0,0,1,1,0,0,1,0,1
0.00316245,0,0,1,1,1,0,0,0,0,1,1,0,0,1,0,1
0.00316246,0,0,1,0,1,0,0,0,0,1,1,0,0,1,0,1
0.00316248,0,0,1,1,1,0,0,0,0,1,1,0,0,1,0,1
0.00316255,0,0,1,0,1,0,0,0,0,1,1,0,0,1,0,1
0.00316257,0,0,1,1,1,0,0,0,0,1,1,0,0,1,0,1
0.0031626,0,0,1,0,1,0,0,0,0,1,1,0,0,1,0,1
0.00316264,0,0,1,1,1,0,0,0,0,1,1,0,0,1,0,1
0.00316266,0,0,1,1,1,1,0,0,0,0,1,0,0,0,0,0
0.00316267,0,0,1,1,1,0,0,0,0,0,1,0,1,0,0,0
0.00316268,0,0,1,0,1,0,0,0,0,0,1,0,1,0,0,0
0.00316271,0,0,1,1,1,0,0,0,0,0,1,0,1,0,0,0
0.00316273,0,0,1,1,1,0,0,0,0,0,0,0,1,0,0,0
0.00316274,0,0,1,0,1,0,0,0,0,0,1,0,1,0,0,0
0.00316279,0,0,1,1,1,0,0,0,0,0,1,0,1,0,0,0
0.00316281,0,0,1,0,1,0,0,0,0,0,1,0,1,0,0,0
0.00316318,1,0,1,0,1,0,0,0,0,0,1,0,1,0,0,0
0.0031632,1,1,1,1,1,1,1,1,0,0,1,0,1,0,0,0
0.00316424,0,0,0,0,0,0,0,1,0,0,1,0,1,0,0,0
0.00316427,0,0,0,0,0,1,0,1,0,0,1,0,1,0,0,0
0.00316428,1,1,1,1,0,1,1,1,0,0,1,0,1,0,0,0
0.00316432,1,0,0,1,0,1,0,1,0,0,1,0,1,0,0,0
0.00316433,0,0,0,0,0,0,0,1,0,0,1,0,1,0,0,0
0.00316435,0,0,0,1,0,0,0,1,0,0,1,0,1,0,0,0
0.00316436,1,1,1,1,0,1,0,1,0,0,1,0,1,0,0,0
0.00316437,1,1,1,1,0,1,1,1,0,0,1,0,1,0,0,0
0.00316439,1,1,1,1,0,1,0,1,0,0,1,0,1,0,0,0
0.0031644,1,0,0,1,0,1,0,1,0,0,1,0,1,0,0,0
0.00316441,0,0,0,1,0,0,0,1,0,0,1,0,1,0,0,0
0.00316444,1,0,1,1,0,1,0,1,0,0,1,0,1,0,0,0
0.00316445,1,1,1,1,0,1,0,1,0,0,1,0,1,0,0,0
0.00316449,1,0,1,1,0,1,0,1,0,0,1,0,1,0,0,0
0.0031645,1,0,0,1,0,1,0,1,0,0,1,0,1,0,0,0
0.00316451,1,0,1,1,0,1,0,1,0,0,1,0,1,0,0,0
0.00316455,1,0,0,1,0,0,0,1,0,0,1,0,1,0,0,0
0.00316456,1,0,0,1,0,1,0,1,0,0,1,0,1,0,0,0
0.00316457,1,0,1,1,0,0,0,1,0,0,1,0,1,0,0,0
0.00316459,1,0,1,1,0,1,0,1,0,0,1,0,1,0,0,0
0.00316461,1,1,1,1,0,1,0,1,0,0,1,0,1,0,0,0
0.00316462,1,0,1,1,0,1,0,1,0,0,1,0,1,0,0,0
0.00316464,1,0,0,1,0,0,0,1,0,0,1,0,1,0,0,0
0.00316466,1,0,1,1,0,0,0,1,0,0,1,0,1,0,0,0
0.00316467,1,0,1,1,0,1,0,1,0,0,1,0,1,0,0,0
0.00316468,1,0,1,1,0,0,0,1,0,0,1,0,1,0,0,0
0.00316471,0,0,1,1,0,0,0,1,0,0,1,0,1,0,0,0
0.00316472,0,0,0,1,0,0,0,1,0,0,1,0,1,0,0,0
0.00316474,1,0,1,1,0,0,0,1,0,0,1,0,1,0,0,0
0.00316479,0,0,0,1,0,0,0,1,0,0,1,0,1,0,0,0
0.00316484,1,0,1,1,0,0,0,1,0,0,1,0,1,0,0,0
0.00316485,0,0,0,1,0,0,0,1,0,0,1,0,1,0,0,0
0.00316496,0,0,1,1,0,0,0,1,0,0,1,0,1,0,0,0
0.00316497,0,0,0,1,0,0,0,1,0,0,1,0,1,0,0,0
0.00316505,0,0,1,1,0,0,0,1,0,0,1,0,1,0,0,0
0.00316506,0,0,0,1,0,0,0,1,0,0,1,0,1,0,0,0
0.0031651,0,0,0,0,0,0,0,1,0,0,1,0,1,0,0,0
0.00316511,0,0,0,1,0,0,0,1,0,0,1,0,1,0,0,0
0.00316513,0,0,0,0,0,0,0,1,0,0,1,0,1,0,0,0
0.00316514,1,1,1,1,0,0,0,1,0,0,1,0,1,0,0,0
0.00316516,1,1,1,1,1,1,1,1,0,0,1,0,1,0,0,0
0.00316521,1,1,0,0,1,1,0,0,0,0,1,0,1,0,0,0
0.00316525,1,1,1,1,1,1,1,0,0,0,1,0,1,0,0,0
0.00316528,1,1,0,0,1,1,0,0,0,0,1,0,1,0,0,0
0.00316532,1,1,1,1,1,1,0,0,0,0,1,0,1,0,0,0
0.00316533,1,1,1,1,1,1,1,0,0,0,1,0,1,0,0,0
0.00316534,1,1,1,1,1,1,0,0,0,0,1,0,1,0,0,0
0.00316535,1,1,0,0,1,1,0,0,0,0,1,0,1,0,0,0
0.00316558,1,1,0,0,1,1,0,0,0,0,0,0,1,0,0,0
0.00316559,1,1,0,0,1,1,0,0,0,1,0,0,1,1,0,0
0.0031656,1,1,0,0,1,1,0,0,1,1,0,0,1,1,0,0
0.00316564,1,1,0,1,1,1,0,0,1,1,0,0,1,1,0,0
0.00316565,1,1,0,0,1,1,0,0,1,1,0,0,1,1,0,0
0.00316611,1,1,1,0,1,1,0,0,1,1,0,0,1,1,0,0
0.00316612,1,1,1,1,1,1,0,0,1,1,0,0,1,1,0,0
0.00316613,1,1,1,1,1,1,1,0,1,1,0,0,1,1,0,0
0.00316614,1,1,1,1,1,1,1,1,1,1,0,0,1,1,0,0
0.00316616,1,1,1,1,1,1,1,0,1,1,0,0,1,1,0,0
0.00316617,1,1,1,1,1,1,1,1,1,1,0,0,1,1,0,0
0.00316713,0,0,0,0,0,0,0,1,1,1,0,0,1,1,0,0
0.00316716,0,0,1,1,0,0,0,1,1,1,0,0,1,1,0,0
0.00316717,1,1,1,1,0,1,1,1,1,1,0,0,1,1,0,0
0.00316718,1,1,1,1,1,1,1,1,1,1,0,0,1,1,0,0
0.00316719,1,1,1,1,0,1,1,1,1,1,0,0,1,1,0,0
0.0031672,1,0,1,1,0,1,1,1,1,1,0,0,1,1,0,0
0.00316721,0,0,1,0,0,0,0,1,1,1,0,0,1,1,0,0
0.00316722,0,0,0,0,0,0,0,1,1,1,0,0,1,1,0,0
0.00316724,0,0,1,1,0,0,0,1,1,1,0,0,1,1,0,0
0.00316725,1,1,1,1,0,1,1,1,1,1,0,0,1,1,0,0
0.00316727,1,0,1,1,0,1,1,1,1,1,0,0,1,1,0,0
0.00316728,0,0,1,1,0,0,0,1,1,1,0,0,1,1,0,0
0.00316755,1,0,1,1,0,0,0,1,1,1,0,0,1,1,0,0
0.00316757,0,0,1,0,0,0,0,1,1,1,0,0,1,1,0,0
0.00316758,0,0,1,1,0,0,0,1,1,1,0,0,1,1,0,0
0.00316759,1,0,1,1,0,0,0,1,1,1,0,0,1,1,0,0
0.0031676,0,0,1,1,0,0,0,1,1,1,0,0,1,1,0,0
0.00316799,0,0,1,0,0,0,0,1,1,1,0,0,1,1,0,0
0.003168,0,0,1,1,0,0,0,1,1,1,0,0,1,1,0,0
0.00316801,0,0,1,0,0,0,0,1,1,1,0,0,1,1,0,0
0.00316802,0,0,0,0,0,0,0,1,1,1,0,0,1,1,0,0
0.00316804,0,0,1,0,0,0,0,1,1,1,0,0,1,1,0,0
0.00316805,0,0,1,1,0,0,0,1,1,1,0,0,1,1,0,0
0.00316807,1,0,0,0,0,0,0,1,1,1,0,0,1,1,0,0
0.00316809,1,1,1,1,1,1,0,0,1,1,0,0,1,1,0,0
0.0031681,1,1,1,1,0,0,0,0,1,1,0,0,1,1,0,0
0.00316811,1,0,0,0,0,0,0,0,1,1,0,0,1,1,0,0
0.00316814,1,1,1,1,0,0,0,0,1,1,0,0,1,1,0,0
0.00316815,1,1,1,1,0,1,0,0,1,1,0,0,1,1,0,0
0.00316816,1,1,1,1,0,1,1,0,1,1,0,0,1,1,0,0
0.00316817,1,0,1,1,0,0,0,0,1,1,0,0,1,1,0,0
0.00316818,1,0,1,0,0,0,0,0,1,1,0,0,1,1,0,0
0.00316819,1,0,0,0,0,0,0,0,1,1,0,0,1,1,0,0
0.00316823,1,0,1,1,0,0,0,0,1,1,0,0,1,1,0,0
0.00316824,1,0,1,0,0,0,0,0,1,1,0,0,1,1,0,0
0.00316825,1,0,0,0,0,0,0,0,1,1,0,0,1,1,0,0
0.00316905,1,1,1,1,1,1,1,0,1,1,0,0,1,1,0,0
0.00316906,1,1,1,1,1,1,1,1,1,1,0,0,1,1,0,0
0.00317005,1,1,0,0,1,1,0,0,1,1,0,0,1,1,0,0
0.00317008,0,1,1,1,1,1,1,1,1,1,0,0,1,1,0,0
0.00317099,1,1,1,1,1,1,1,1,1,1,0,0,1,1,0,0
0.00317102,0,0,0,0,0,0,0,1,1,1,0,0,1,1,0,0
0.00317106,1,1,1,1,0,1,1,1,1,1,0,0,1,1,0,0
0.00317107,1,1,1,1,1,1,1,1,1,1,0,0,1,1,0,0
0.00317108,1,1,1,1,0,1,1,1,1,1,0,0,1,1,0,0
0.00317109,0,0,1,1,0,0,0,1,1,1,0,0,1,1,0,0
0.0031711,0,0,0,0,0,0,0,1,1,1,0,0,1,1,0,0
0.00317114,0,0,1,1,0,0,0,1,1,1,0,0,1,1,0,0
0.00317117,0,0,1,0,0,0,0,1,1,1,0,0,1,1,0,0
0.00317118,0,0,0,0,0,0,0,1,1,1,0,0,1,1,0,0
0.00317121,0,0,1,0,0,0,0,1,1,1,0,0,1,1,0,0
0.00317127,0,0,0,0,0,0,0,1,1,1,0,0,1,1,0,0
0.0031713,0,0,1,0,0,0,0,1,1,1,0,0,1,1,0,0
0.00317133,0,0,0,0,0,0,0,1,1,1,0,0,1,1,0,0
0.00317134,0,0,1,0,0,0,0,1,1,1,0,0,1,1,0,0
0.00317136,0,0,0,0,0,0,0,1,1,1,0,0,1,1,0,0
0.00317142,0,0,1,0,0,0,0,1,1,1,0,0,1,1,0,0
0.00317143,0,0,0,0,0,0,0,1,1,1,0,0,1,1,0,0
0.00317145,0,0,1,0,0,0,0,1,1,1,0,0,1,1,0,0
0.00317146,0,0,1,1,0,0,0,1,1,1,0,0,1,1,0,0
0.00317147,0,0,1,0,0,0,0,1,1,1,0,0,1,1,0,0
0.00317148,0,0,0,0,0,0,0,1,1,1,0,0,1,1,0,0
0.0031715,0,0,1,0,0,0,0,1,1,1,0,0,1,1,0,0
0.00317151,0,0,0,0,0,0,0,1,1,1,0,0,1,1,0,0
0.00317153,0,0,1,0,0,0,0,1,1,1,0,0,1,1,0,0
0.00317154,0,0,0,0,0,0,0,1,1,1,0,0,1,1,0,0
0.00317198,0,1,1,0,1,0,0,1,1,1,0,0,1,1,0,0
0.003172,0,1,1,1,1,0,0,1,1,1,0,0,1,1,0,0
0.00317201,1,1,1,1,1,1,1,1,1,1,0,0,1,1,0,0
0.00317203,0,1,1,1,1,1,1,1,1,1,0,0,1,1,0,0
0.00317204,0,1,1,0,1,0,0,1,1,1,0,0,1,1,0,0
0.00317208,0,1,1,1,1,0,0,1,1,1,0,0,1,1,0,0
0.0031721,0,1,1,0,1,0,0,1,1,1,0,0,1,1,0,0
0.00317296,0,1,1,1,1,1,1,1,1,1,0,0,1,1,0,0
0.00317298,1,1,1,1,1,1,1,1,1,1,0,0,1,1,0,0
0.003173,0,1,1,1,1,1,1,1,1,1,0,0,1,1,0,0
0.00317303,1,1,1,1,1,1,1,1,1,1,0,0,1,1,0,0
0.00317395,1,1,0,0,1,1,0,0,1,1,0,0,1,1,0,0
0.00317397,0,1,1,0,1,0,0,1,1,1,0,0,1,1,0,0
0.00317398,0,1,1,1,1,0,1,1,1,1,0,0,1,1,0,0
0.00317399,1,1,1,1,1,1,1,1,1,1,0,0,1,1,0,0
0.00317404,1,1,1,0,1,1,0,1,1,1,0,0,1,1,0,0
0.00317405,1,1,0,0,1,1,0,1,1,1,0,0,1,1,0,0
0.00317406,1,1,0,0,0,1,0,1,1,1,0,0,1,1,0,0
0.0031741,1,1,0,1,0,1,1,1,1,1,0,0,1,1,0,0
0.00317412,1,1,0,0,0,1,0,1,1,1,0,0,1,1,0,0
0.00317491,1,1,1,1,1,1,0,1,1,1,0,0,1,1,0,0
0.00317492,1,1,1,1,1,1,1,1,1,1,0,0,1,1,0,0
0.00317496,1,1,1,1,0,1,1,1,1,1,0,0,1,1,0,0
0.00317497,1,0,0,0,0,0,0,0,1,1,0,0,1,1,0,0
0.00317502,1,1,1,1,0,1,1,1,1,1,0,0,1,1,0,0
0.00317504,1,1,0,0,0,0,0,0,1,1,0,0,1,1,0,0
0.00317505,1,0,0,0,0,0,0,0,1,1,0,0,1,1,0,0
0.00317587,1,1,0,0,0,0,0,0,1,1,0,0,1,1,0,0
0.00317589,1,1,1,1,0,1,1,1,1,1,0,0,1,1,0,0
0.0031759,1,1,1,1,1,1,1,1,1,1,0,0,1,1,0,0
0.0031769,1,1,1,1,0,1,1,1,1,1,0,0,1,1,0,0
0.00317691,0,1,1,0,0,1,0,1,1,1,0,0,1,1,0,0
0.00317695,0,1,1,1,0,1,1,1,1,1,0,0,1,1,0,0
0.00317697,0,1,1,0,0,1,0,1,1,1,0,0,1,1,0,0
0.0031773,0,1,1,0,0,1,0,1,0,1,0,0,0,1,0,0
0.00317731,0,1,1,0,0,1,0,1,0,1,1,0,0,1,0,1
0.00317738,0,1,1,0,0,1,0,1,0,0,0,0,0,0,0,0
0.00317739,0,1,1,0,0,1,0,1,0,1,1,0,0,1,0,1
0.00317785,1,1,1,1,1,1,0,1,0,1,1,0,0,1,0,1
0.00317786,1,1,1,1,1,1,1,1,0,1,1,0,0,1,0,1
0.00317791,0,0,0,0,0,1,1,0,0,1,1,0,0,1,0,1
0.00317795,1,1,1,1,0,1,1,1,0,1,1,0,0,1,0,1
0.00317796,1,1,1,1,1,1,1,1,0,1,1,0,0,1,0,1
0.00317797,1,1,1,1,0,1,1,1,0,1,1,0,0,1,0,1
0.00317798,0,0,0,1,0,1,1,1,0,1,1,0,0,1,0,1
0.00317799,0,0,0,0,0,1,1,0,0,1,1,0,0,1,0,1
0.00317803,0,0,0,1,0,1,1,1,0,1,1,0,0,1,0,1
0.00317806,0,0,0,0,0,1,1,0,0,1,1,0,0,1,0,1
0.00317881,1,1,1,1,0,1,1,0,0,1,1,0,0,1,0,1
0.00317882,1,1,1,1,1,1,1,1,0,1,1,0,0,1,0,1
0.00317888,0,0,0,0,0,0,0,1,0,1,1,0,0,1,0,1
0.00317892,1,1,1,1,0,0,0,1,0,1,1,0,0,1,0,1
0.00317893,1,1,1,1,1,1,1,1,0,1,1,0,0,1,0,1
0.00317895,1,1,1,1,0,0,0,1,0,1,1,0,0,1,0,1
0.00317896,0,0,1,1,0,0,0,1,0,1,1,0,0,1,0,1
0.00317897,0,0,0,0,0,0,0,1,0,1,1,0,0,1,0,1
0.003179,1,1,1,1,0,0,0,1,0,1,1,0,0,1,0,1
0.00317903,0,1,1,1,0,0,0,1,0,1,1,0,0,1,0,1
0.00317904,0,0,1,1,0,0,0,1,0,1,1,0,0,1,0,1
0.00317905,0,0,1,0,0,0,0,1,0,1,1,0,0,1,0,1
0.00317906,0,0,0,0,0,0,0,1,0,1,1,0,0,1,0,1
0.00317907,0,0,1,0,0,0,0,1,0,1,1,0,0,1,0,1
0.00317908,0,0,1,1,0,0,0,1,0,1,1,0,0,1,0,1
0.00317913,0,0,1,0,0,0,0,1,0,1,1,0,0,1,0,1
0.00317917,0,0,1,1,0,0,0,1,0,1,1,0,0,1,0,1
0.00317919,0,0,1,0,0,0,0,1,0,1,1,0,0,1,0,1
0.0031792,0,0,0,0,0,0,0,1,0,1,1,0,0,1,0,1
0.00317921,0,0,1,0,0,0,0,1,0,1,1,0,0,1,0,1
0.00317926,0,0,1,1,0,0,0,1,0,1,1,0,0,1,0,1
0.00317927,0,0,1,0,0,0,0,1,0,1,1,0,0,1,0,1
0.00317929,0,0,0,0,0,0,0,1,0,1,1,0,0,1,0,1
0.0031793,0,0,1,0,0,0,0,1,0,1,1,0,0,1,0,1
0.00317935,0,0,0,0,0,0,0,1,0,1,1,0,0,1,0,1
0.00317939,0,0,1,0,0,0,0,1,0,1,1,0,0,1,0,1
0.0031794,0,0,0,0,0,0,0,1,0,1,1,0,0,1,0,1
0.00317978,1,1,1,1,0,0,0,1,0,1,1,0,0,1,0,1
0.0031798,1,1,1,1,1,1,1,1,0,1,1,0,0,1,0,1
0.00317986,1,0,0,1,0,1,1,0,0,1,1,0,0,1,0,1
0.0031799,1,1,1,1,0,1,1,0,0,1,1,0,0,1,0,1
0.00317991,1,1,1,1,1,1,1,1,0,1,1,0,0,1,0,1
0.00317992,1,1,1,1,0,1,1,0,0,1,1,0,0,1,0,1
0.00317993,1,0,0,1,0,1,1,0,0,1,1,0,0,1,0,1
0.00317998,1,0,1,1,0,1,1,0,0,1,1,0,0,1,0,1
0.00318,1,0,0,1,0,1,1,0,0,1,1,0,0,1,0,1
0.00318076,1,0,1,1,0,1,1,0,0,1,1,0,0,1,0,1
0.00318077,1,1,1,1,0,1,1,0,0,1,1,0,0,1,0,1
0.00318078,1,1,1,1,1,1,1,1,0,1,1,0,0,1,0,1
0.00318179,1,0,1,1,0,1,1,0,0,1,1,0,0,1,0,1
0.0031818,1,0,0,1,0,1,1,0,0,1,1,0,0,1,0,1
0.00318183,1,0,1,1,0,1,1,0,0,1,1,0,0,1,0,1
0.00318184,1,1,1,1,1,1,1,1,0,1,1,0,0,1,0,1
0.00318185,1,1,1,1,0,1,1,0,0,1,1,0,0,1,0,1
0.00318186,1,0,0,1,0,1,1,0,0,1,1,0,0,1,0,1
0.00318282,1,0,1,1,1,1,1,0,0,1,1,0,0,1,0,1
0.00318283,1,1,1,1,1,1,0,0,0,1,1,0,0,1,0,1
0.00318284,0,0,1,0,1,1,0,0,0,1,1,0,0,1,0,1
0.00318289,0,1,1,0,1,1,0,1,0,1,1,0,0,1,0,1
0.0031829,0,0,1,0,1,1,0,0,0,1,1,0,0,1,0,1
0.00318316,0,0,1,0,1,1,0,0,0,0,1,0,0,1,0,0
0.00318317,0,0,1,0,1,1,0,0,0,0,1,0,1,1,0,0
0.00318371,0,1,1,0,1,1,0,0,0,0,1,0,1,1,0,0
0.00318372,0,1,1,1,1,1,0,1,0,0,1,0,1,1,0,0
0.00318373,1,1,1,1,1,1,1,1,0,0,1,0,1,1,0,0
0.00318468,0,0,1,0,1,1,0,0,0,0,1,0,1,1,0,0
0.00318472,0,1,1,1,1,1,1,1,0,0,1,0,1,1,0,0
0.00318474,1,1,1,1,1,1,1,1,0,0,1,0,1,1,0,0
0.00318477,0,1,1,1,1,1,1,1,0,0,1,0,1,1,0,0
0.00318565,1,1,1,1,1,1,1,1,0,0,1,0,1,1,0,0
0.00318567,1,1,0,1,0,0,1,1,0,0,1,0,1,1,0,0
0.00318568,0,0,0,0,0,0,0,1,0,0,1,0,1,1,0,0
0.00318572,1,1,1,1,0,1,1,1,0,0,1,0,1,1,0,0
0.00318574,1,1,1,1,0,0,1,1,0,0,1,0,1,1,0,0
0.00318575,0,0,0,0,0,0,0,1,0,0,1,0,1,1,0,0
0.0031858,1,0,0,0,0,0,0,1,0,0,1,0,1,1,0,0
0.00318582,0,0,0,0,0,0,0,1,0,0,1,0,1,1,0,0
0.00318662,0,0,1,1,0,0,0,1,0,0,1,0,1,1,0,0
0.00318663,0,1,1,1,1,1,1,1,0,0,1,0,1,1,0,0
0.00318664,1,1,1,1,1,1,1,1,0,0,1,0,1,1,0,0
0.00318666,1,1,1,1,0,1,1,1,0,0,1,0,1,1,0,0
0.00318667,0,0,0,1,0,1,0,1,0,0,1,0,1,1,0,0
0.00318669,0,1,1,1,0,1,0,1,0,0,1,0,1,1,0,0
0.0031867,1,1,1,1,1,1,1,1,0,0,1,0,1,1,0,0
0.00318671,1,1,1,0,1,1,1,1,0,0,1,0,1,1,0,0
0.00318672,0,1,1,0,1,0,0,1,0,0,1,0,1,1,0,0
0.00318761,1,1,1,1,1,0,1,1,0,0,1,0,1,1,0,0
0.00318762,1,1,1,1,1,1,1,1,0,0,1,0,1,1,0,0
0.00318859,0,1,1,0,1,0,0,1,0,0,1,0,1,1,0,0
0.00318863,1,1,1,1,1,1,1,1,0,0,1,0,1,1,0,0
0.00318958,0,0,0,0,0,0,0,1,0,0,1,0,1,1,0,0
0.00318962,1,1,1,1,0,1,1,1,0,0,1,0,1,1,0,0
0.00318965,1,0,1,1,0,1,1,1,0,0,1,0,1,1,0,0
0.00318966,0,0,0,0,0,0,0,1,0,0,1,0,1,1,0,0
0.0031897,0,0,1,1,0,1,0,1,0,0,1,0,1,1,0,0
0.00318971,1,0,1,1,0,1,1,1,0,0,1,0,1,1,0,0
0.00318972,0,0,1,1,0,1,0,1,0,0,1,0,1,1,0,0
0.00318973,0,0,0,0,0,0,0,1,0,0,1,0,1,1,0,0
0.00318979,0,0,1,1,0,0,0,1,0,0,1,0,1,1,0,0
0.0031898,0,0,0,0,0,0,0,1,0,0,1,0,1,1,0,0
0.00318997,0,0,1,0,0,0,0,1,0,0,1,0,1,1,0,0
0.00318998,0,0,0,0,0,0,0,1,0,0,1,0,1,1,0,0
0.00319001,0,0,1,1,0,0,0,1,0,0,1,0,1,1,0,0
0.00319002,0,0,0,0,0,0,0,1,0,0,1,0,1,1,0,0
0.00319051,0,0,1,0,0,0,0,1,0,0,1,0,1,1,0,0
0.00319053,1,1,1,1,1,1,0,1,0,0,1,0,1,1,0,0
0.00319054,1,1,1,1,1,1,1,1,0,0,1,0,1,1,0,0
0.00319057,0,0,0,1,0,1,0,1,0,0,1,0,1,1,0,0
0.00319059,1,0,0,1,0,1,0,1,0,0,1,0,1,1,0,0
0.0031906,1,1,1,1,1,1,1,1,0,0,1,0,1,1,0,0
0.00319061,1,1,1,0,0,0,0,0,0,0,1,0,1,1,0,0
0.00319062,1,0,0,0,0,0,0,0,0,0,1,0,1,1,0,0
0.00319065,1,0,1,1,0,0,0,0,0,0,1,0,1,1,0,0
0.00319066,1,1,1,1,0,1,1,0,0,0,1,0,1,1,0,0
0.00319068,1,0,1,0,0,0,0,0,0,0,1,0,1,1,0,0
0.00319069,1,0,0,0,0,0,0,0,0,0,1,0,1,1,0,0
0.00319074,1,0,1,0,0,0,0,0,0,0,1,0,1,1,0,0
0.00319075,1,0,0,0,0,0,0,0,0,0,1,0,1,1,0,0
0.00319151,1,1,1,1,0,1,1,0,0,0,1,0,1,1,0,0
0.00319152,1,1,1,1,1,1,1,0,0,0,1,0,1,1,0,0
0.00319155,1,1,1,1,0,1,1,0,0,0,1,0,1,1,0,0
0.00319156,1,0,0,0,0,0,0,0,0,0,1,0,1,1,0,0
0.00319161,1,0,1,1,0,0,0,0,0,0,1,0,1,1,0,0
0.00319162,1,0,0,0,0,0,0,0,0,0,1,0,1,1,0,0
0.0031925,1,1,0,0,0,0,0,0,0,0,1,0,1,1,0,0
0.00319251,1,1,1,0,1,0,0,1,0,0,1,0,1,1,0,0
0.00319252,0,1,1,1,1,1,1,1,0,0,1,0,1,1,0,0
0.00319254,1,1,1,1,1,1,1,1,0,0,1,0,1,1,0,0
0.00319255,0,1,1,0,1,0,0,1,0,0,1,0,1,1,0,0
0.0031926,0,1,1,1,1,1,1,1,0,0,1,0,1,1,0,0
0.00319261,0,1,1,0,1,0,0,1,0,0,1,0,1,1,0,0
0.00319348,0,1,1,1,1,1,1,1,0,0,1,0,1,1,0,0
0.00319349,1,1,1,1,1,1,1,1,0,0,1,0,1,1,0,0
0.00319644,1,1,0,0,0,1,0,1,0,0,1,0,1,1,0,0
0.00319646,1,1,0,1,0,1,0,1,0,0,1,0,1,1,0,0
0.00319647,1,1,1,1,1,1,0,1,0,0,1,0,1,1,0,0
0.00319648,1,1,1,1,1,1,1,1,0,0,1,0,1,1,0,0
0.00319651,1,0,1,0,0,1,1,0,0,0,1,0,1,1,0,0
0.00319652,1,0,0,0,0,1,0,0,0,0,1,0,1,1,0,0
0.00319656,1,0,0,0,0,1,1,0,0,0,1,0,1,1,0,0
0.00319657,1,0,1,1,0,1,1,0,0,0,1,0,1,1,0,0
0.00319658,1,0,0,0,0,1,1,0,0,0,1,0,1,1,0,0
0.0031966,1,0,0,0,0,1,0,0,0,0,1,0,1,1,0,0
0.00319664,1,0,0,0,0,1,1,0,0,0,1,0,1,1,0,0
0.00319666,1,0,0,0,0,1,0,0,0,0,1,0,1,1,0,0
0.00319683,1,0,0,0,0,1,0,0,0,0,0,0,0,1,0,0
0.00319684,1,0,0,0,0,1,0,0,1,0,0,0,0,1,0,0
0.0031969,1,0,0,0,0,1,0,0,0,0,0,0,0,0,0,0
0.00319691,1,0,0,0,0,1,0,0,1,0,0,0,0,1,0,0
0.00319736,1,0,1,0,0,1,0,0,1,0,0,0,0,1,0,0
0.00319737,1,0,0,0,0,1,0,0,1,0,0,0,0,1,0,0
0.00319738,1,1,1,1,1,1,1,0,1,0,0,0,0,1,0,0
0.00319739,1,1,1,1,1,1,1,1,1,0,0,0,0,1,0,0
0.00319743,0,0,0,0,0,1,1,0,1,0,0,0,0,1,0,0
0.00319747,0,1,1,1,0,1,1,0,1,0,0,0,0,1,0,0
0.00319748,1,1,1,1,1,1,1,1,1,0,0,0,0,1,0,0
0.0031975,0,1,1,1,0,1,1,0,1,0,0,0,0,1,0,0
0.00319751,0,0,1,0,0,1,1,0,1,0,0,0,0,1,0,0
0.00319752,0,0,0,0,0,1,1,0,1,0,0,0,0,1,0,0
0.00319755,0,0,1,0,0,1,1,0,1,0,0,0,0,1,0,0
0.00319756,0,0,1,1,0,1,1,0,1,0,0,0,0,1,0,0
0.00319758,0,0,1,0,0,1,1,0,1,0,0,0,0,1,0,0
0.00319759,0,0,0,0,0,1,1,0,1,0,0,0,0,1,0,0
0.00319764,0,0,1,0,0,1,1,0,1,0,0,0,0,1,0,0
0.00319767,0,0,0,0,0,1,1,0,1,0,0,0,0,1,0,0
0.00319833,1,1,0,0,0,1,1,0,1,0,0,0,0,1,0,0
0.00319834,1,1,1,1,1,1,1,0,1,0,0,0,0,1,0,0
0.00319835,1,1,1,1,1,1,1,1,1,0,0,0,0,1,0,0
0.00319841,0,1,1,1,0,0,0,1,1,0,0,0,0,1,0,0
0.00319842,0,0,0,0,0,0,0,1,1,0,0,0,0,1,0,0
0.00319845,0,1,1,1,0,0,0,1,1,0,0,0,0,1,0,0
0.00319846,1,1,1,1,1,0,1,1,1,0,0,0,0,1,0,0
0.00319847,1,1,1,1,1,1,1,1,1,0,0,0,0,1,0,0
0.00319848,1,1,1,1,1,0,1,1,1,0,0,0,0,1,0,0
0.00319849,1,0,1,1,0,0,0,1,1,0,0,0,0,1,0,0
0.0031985,0,0,0,0,0,0,0,1,1,0,0,0,0,1,0,0
0.00319853,0,0,1,0,0,0,0,1,1,0,0,0,0,1,0,0
0.00319854,1,1,1,1,0,0,0,1,1,0,0,0,0,1,0,0
0.00319856,0,0,1,1,0,0,0,1,1,0,0,0,0,1,0,0
0.00319858,0,0,1,0,0,0,0,1,1,0,0,0,0,1,0,0
0.00319859,0,0,0,0,0,0,0,1,1,0,0,0,0,1,0,0
0.0031986,0,0,1,0,0,0,0,1,1,0,0,0,0,1,0,0
0.0031989,0,0,0,0,0,0,0,1,1,0,0,0,0,1,0,0
0.00319891,0,0,1,0,0,0,0,1,1,0,0,0,0,1,0,0
0.00319895,0,0,0,0,0,0,0,1,1,0,0,0,0,1,0,0
0.00319897,0,0,1,0,0,0,0,1,1,0,0,0,0,1,0,0
0.00319899,0,0,0,0,0,0,0,1,1,0,0,0,0,1,0,0
0.00319931,0,1,0,0,0,0,0,1,1,0,0,0,0,1,0,0
0.00319932,0,0,0,0,0,0,0,1,1,0,0,0,0,1,0,0
0.00319933,1,0,1,1,0,0,0,1,1,0,0,0,0,1,0,0
0.00319934,1,1,1,1,1,1,1,1,1,0,0,0,0,1,0,0
0.00319938,1,0,0,1,0,1,1,0,1,0,0,0,0,1,0,0
0.00319941,1,1,1,1,0,1,1,0,1,0,0,0,0,1,0,0
0.00319942,1,1,1,1,1,1,1,1,1,0,0,0,0,1,0,0
0.00319945,1,1,1,1,0,1,1,0,1,0,0,0,0,1,0,0
0.00319946,1,0,1,1,0,1,1,0,1,0,0,0,0,1,0,0
0.00319947,1,0,0,1,0,1,1,0,1,0,0,0,0,1,0,0
0.00319948,1,0,1,1,0,1,1,0,1,0,0,0,0,1,0,0
0.00319949,1,1,1,1,0,1,1,0,1,0,0,0,0,1,0,0
0.00319971,1,0,1,1,0,1,1,0,1,0,0,0,0,1,0,0
0.00319973,1,1,1,1,0,1,1,0,1,0,0,0,0,1,0,0
0.00319975,1,0,1,1,0,1,1,0,1,0,0,0,0,1,0,0
0.00319977,1,1,1,1,0,1,1,0,1,0,0,0,0,1,0,0
0.0031998,1,0,1,1,0,1,1,0,1,0,0,0,0,1,0,0
0.00319983,1,1,1,1,0,1,1,0,1,0,0,0,0,1,0,0
0.00319984,1,0,1,1,0,1,1,0,1,0,0,0,0,1,0,0
0.00320021,1,0,0,1,0,1,1,0,1,0,0,0,0,1,0,0
0.00320022,1,0,1,1,0,1,1,0,1,0,0,0,0,1,0,0
0.00320027,1,0,0,1,0,1,1,0,1,0,0,0,0,1,0,0
0.00320028,1,0,1,1,0,1,1,0,1,0,0,0,0,1,0,0
0.00320033,1,0,0,1,0,1,1,0,1,0,0,0,0,1,0,0
0.00320034,1,0,1,1,0,1,1,0,1,0,0,0,0,1,0,0
0.00320035,1,1,0,1,0,1,1,1,1,0,0,0,0,1,0,0
0.00320036,1,1,0,1,1,1,1,1,1,0,0,0,0,1,0,0
0.00320037,1,1,1,1,1,1,1,1,1,0,0,0,0,1,0,0
0.00320038,0,1,0,0,1,0,1,1,1,0,0,0,0,1,0,0
0.00320042,0,1,1,1,1,0,1,1,1,0,0,0,0,1,0,0
0.00320043,0,1,1,1,1,1,1,1,1,0,0,0,0,1,0,0
0.00320044,0,1,1,0,1,0,1,1,1,0,0,0,0,1,0,0
0.00320045,0,1,0,0,1,0,1,1,1,0,0,0,0,1,0,0
0.00320049,0,1,1,0,1,0,1,1,1,0,0,0,0,1,0,0
0.00320052,0,1,0,0,1,0,1,1,1,0,0,0,0,1,0,0
0.00320057,0,1,1,0,1,0,1,1,1,0,0,0,0,1,0,0
0.00320059,0,1,0,0,1,0,1,1,1,0,0,0,0,1,0,0
0.00320073,0,1,0,0,1,0,1,1,0,0,0,0,0,0,0,0
0.00320074,0,1,0,0,1,0,1,1,0,1,0,0,0,0,0,0
0.00320075,0,1,0,0,1,0,1,1,0,1,0,0,1,0,1,1
0.00320128,0,1,1,1,1,0,1,1,0,1,0,0,1,0,1,1
0.00320129,1,1,1,1,1,1,1,1,0,1,0,0,1,0,1,1
0.00320134,1,0,0,1,0,1,1,0,0,1,0,0,1,0,1,1
0.00320138,1,0,1,1,0,1,1,0,0,1,0,0,1,0,1,1
0.00320139,1,1,1,1,0,1,1,1,0,1,0,0,1,0,1,1
0.0032014,1,0,1,1,0,1,1,0,0,1,0,0,1,0,1,1
0.00320141,1,0,0,1,0,1,1,0,0,1,0,0,1,0,1,1
0.00320225,1,0,1,1,0,1,1,0,0,1,0,0,1,0,1,1
0.00320226,1,1,1,1,1,1,1,1,0,1,0,0,1,0,1,1
0.00320322,1,0,0,0,0,0,0,0,0,1,0,0,1,0,1,1
0.00320323,0,0,0,0,0,0,0,0,0,1,0,0,1,0,1,1
0.00320326,1,1,1,0,0,0,0,0,0,1,0,0,1,0,1,1
0.00320327,0,0,1,0,0,0,0,0,0,1,0,0,1,0,1,1
0.00320328,0,0,0,0,0,0,0,0,0,1,0,0,1,0,1,1
0.00320418,1,1,1,0,0,0,0,0,0,1,0,0,1,0,1,1
0.00320419,1,0,1,0,0,0,0,0,0,1,0,0,1,0,1,1
0.0032042,0,0,0,0,0,0,0,0,0,1,0,0,1,0,1,1
0.00320423,1,0,0,1,0,1,1,0,0,1,0,0,1,0,1,1
0.00320425,1,1,1,1,1,1,1,1,0,1,0,0,1,0,1,1
0.00320431,0,1,0,0,1,1,0,0,0,1,0,0,1,0,1,1
0.00320435,1,1,1,0,1,1,0,0,0,1,0,0,1,0,1,1
0.00320436,1,1,1,1,1,1,1,1,0,1,0,0,1,0,1,1
0.00320437,1,1,1,0,1,1,0,0,0,1,0,0,1,0,1,1
0.00320438,0,1,0,0,1,1,0,0,0,1,0,0,1,0,1,1
0.00320444,1,1,1,0,1,1,0,0,0,1,0,0,1,0,1,1
0.00320445,0,1,0,0,1,1,0,0,0,1,0,0,1,0,1,1
0.00320464,0,1,0,0,1,1,0,0,0,1,0,0,1,0,0,0
0.00320465,0,1,0,0,1,1,0,0,0,1,0,0,1,1,0,0
0.00320517,1,1,1,1,1,1,0,0,0,1,0,0,1,1,0,0
0.00320521,1,1,1,1,1,1,1,1,0,1,0,0,1,1,0,0
0.00320524,1,1,1,1,1,1,1,0,0,1,0,0,1,1,0,0
0.00320525,1,0,1,0,1,1,0,0,0,1,0,0,1,1,0,0
0.00320529,1,1,1,1,1,1,0,0,0,1,0,0,1,1,0,0
0.0032053,1,1,1,1,1,1,1,0,0,1,0,0,1,1,0,0
0.00320531,1,0,1,0,1,1,0,0,0,1,0,0,1,1,0,0
0.00320615,1,1,1,1,1,1,0,0,0,1,0,0,1,1,0,0
0.00320616,1,1,1,1,1,1,0,1,0,1,0,0,1,1,0,0
0.00320617,1,1,1,1,1,1,1,1,0,1,0,0,1,1,0,0
0.00320618,1,1,1,1,1,1,1,0,0,1,0,0,1,1,0,0
0.00320619,1,1,1,1,1,1,0,0,0,1,0,0,1,1,0,0
0.0032062,1,1,1,1,1,1,1,1,0,1,0,0,1,1,0,0
0.00320621,1,1,0,1,0,0,0,1,0,1,0,0,1,1,0,0
0.00320622,1,1,0,1,0,0,0,0,0,1,0,0,1,1,0,0
0.00320626,1,1,1,1,0,0,0,0,0,1,0,0,1,1,0,0
0.00320627,1,1,0,1,0,0,0,0,0,1,0,0,1,1,0,0
0.00320715,1,1,1,1,0,0,1,1,0,1,0,0,1,1,0,0
0.00320716,1,1,1,1,1,1,1,1,0,1,0,0,1,1,0,0
0.00320815,0,0,0,1,1,0,1,0,0,1,0,0,1,1,0,0
0.00320818,1,1,1,1,1,1,1,0,0,1,0,0,1,1,0,0
0.00320819,1,1,1,1,1,1,1,1,0,1,0,0,1,1,0,0
0.00320821,1,0,1,1,1,1,1,1,0,1,0,0,1,1,0,0
0.00320822,1,0,0,1,1,1,1,0,0,1,0,0,1,1,0,0
0.00320823,1,0,0,0,1,1,0,0,0,1,0,0,1,1,0,0
0.00320828,1,0,1,0,1,1,0,1,0,1,0,0,1,1,0,0
0.0032083,1,0,0,0,1,1,0,0,0,1,0,0,1,1,0,0
0.00320854,1,0,0,0,1,1,0,0,0,0,0,0,1,1,0,0
0.00320856,1,0,0,0,1,1,0,0,1,0,0,0,1,1,0,0
0.00320862,1,0,0,0,1,1,0,0,0,0,0,0,0,0,0,0
0.00320863,1,0,0,0,1,1,0,0,1,0,0,0,1,1,0,0
0.00320907,1,0,1,0,1,1,0,0,1,0,0,0,1,1,0,0
0.00320909,1,0,1,0,1,1,0,1,1,0,0,0,1,1,0,0
0.0032091,1,1,1,1,1,1,1,1,1,0,0,0,1,1,0,0
0.00320915,1,1,0,1,0,1,0,1,1,0,0,0,1,1,0,0
0.00320919,1,1,1,1,0,1,0,1,1,0,0,0,1,1,0,0
0.00320921,1,1,0,1,0,1,0,1,1,0,0,0,1,1,0,0
0.00321005,1,1,1,1,0,1,0,1,1,0,0,0,1,1,0,0
0.00321007,1,1,1,1,1,1,1,1,1,0,0,0,1,1,0,0
0.00321013,1,0,0,0,0,0,0,0,1,0,0,0,1,1,0,0
0.00321017,1,1,1,0,0,0,0,0,1,0,0,0,1,1,0,0
0.00321018,1,1,1,1,0,1,1,0,1,0,0,0,1,1,0,0
0.00321019,1,1,1,1,0,1,1,1,1,0,0,0,1,1,0,0
0.0032102,1,1,1,0,0,0,0,0,1,0,0,0,1,1,0,0
0.00321021,1,0,1,0,0,0,0,0,1,0,0,0,1,1,0,0
0.00321022,1,0,0,0,0,0,0,0,1,0,0,0,1,1,0,0
0.00321025,1,0,1,0,0,0,0,0,1,0,0,0,1,1,0,0
0.00321029,1,0,0,0,0,0,0,0,1,0,0,0,1,1,0,0
0.00321103,1,0,1,0,0,0,0,0,1,0,0,0,1,1,0,0
0.00321104,1,1,1,1,1,1,1,1,1,0,0,0,1,1,0,0
0.00321206,0,0,1,0,1,0,0,0,1,0,0,0,1,1,0,0
0.0032121,0,1,1,1,1,1,1,0,1,0,0,0,1,1,0,0
0.00321211,1,1,1,1,1,1,1,1,1,0,0,0,1,1,0,0
0.00321212,0,1,1,1,1,1,1,1,1,0,0,0,1,1,0,0
0.00321213,0,0,1,0,1,0,0,0,1,0,0,0,1,1,0,0
0.00321245,0,0,1,0,1,0,0,0,0,0,0,0,1,0,0,0
0.00321246,0,0,1,0,1,0,0,0,0,0,1,0,1,0,0,0
0.00321253,1,0,1,0,1,0,0,0,0,0,1,0,1,0,0,0
0.00321255,1,1,1,1,1,0,0,0,1,0,1,0,1,0,0,0
0.00321256,0,0,1,1,1,1,1,1,0,0,1,0,1,0,0,0
0.00321257,0,0,1,0,1,0,0,0,0,0,1,0,1,0,0,0
0.003213,1,1,1,1,1,1,1,1,0,0,1,0,1,0,0,0
0.00321402,0,0,0,0,0,1,0,1,0,0,1,0,1,0,0,0
0.00321403,0,0,0,0,0,0,0,1,0,0,1,0,1,0,0,0
0.00321406,0,1,0,1,0,1,1,1,0,0,1,0,1,0,0,0
0.00321407,1,1,1,1,0,1,1,1,0,0,1,0,1,0,0,0
0.00321411,0,0,0,1,0,0,0,1,0,0,1,0,1,0,0,0
0.00321412,0,0,0,0,0,0,0,1,0,0,1,0,1,0,0,0
0.00321415,1,1,0,1,0,1,1,1,0,0,1,0,1,0,0,0
0.00321416,1,1,1,1,0,1,1,1,0,0,1,0,1,0,0,0
0.00321417,1,0,0,1,0,1,1,1,0,0,1,0,1,0,0,0
0.00321418,0,0,0,1,0,1,0,1,0,0,1,0,1,0,0,0
0.00321419,0,0,0,1,0,0,0,1,0,0,1,0,1,0,0,0
0.0032142,0,0,0,0,0,0,0,1,0,0,1,0,1,0,0,0
0.00321421,0,0,0,1,0,0,0,1,0,0,1,0,1,0,0,0
0.00321422,0,0,0,1,0,1,0,1,0,0,1,0,1,0,0,0
0.00321428,0,0,0,1,0,0,0,1,0,0,1,0,1,0,0,0
0.0032143,0,0,0,1,0,1,0,1,0,0,1,0,1,0,0,0
0.00321434,0,0,0,1,0,0,0,1,0,0,1,0,1,0,0,0
0.00321438,0,0,0,1,0,1,0,1,0,0,1,0,1,0,0,0
0.00321441,0,0,0,1,0,0,0,1,0,0,1,0,1,0,0,0
0.00321464,0,0,0,0,0,0,0,1,0,0,1,0,1,0,0,0
0.00321465,0,0,0,1,0,0,0,1,0,0,1,0,1,0,0,0
0.00321468,0,0,0,0,0,0,0,1,0,0,1,0,1,0,0,0
0.00321475,0,0,0,1,0,0,0,1,0,0,1,0,1,0,0,0
0.00321476,0,0,0,0,0,0,0,1,0,0,1,0,1,0,0,0
0.00321484,0,0,0,1,0,0,0,1,0,0,1,0,1,0,0,0
0.00321485,0,0,0,0,0,0,0,1,0,0,1,0,1,0,0,0
0.00321493,1,1,1,1,0,0,0,1,0,0,1,0,1,0,0,0
0.00321494,1,1,1,1,1,1,0,1,0,0,1,0,1,0,0,0
0.00321495,1,1,1,1,1,1,1,1,0,0,1,0,1,0,0,0
0.00321501,0,0,1,0,1,0,0,0,0,0,1,0,1,0,0,0
0.00321505,1,1,1,1,1,1,1,0,0,0,1,0,1,0,0,0
0.00321509,0,0,1,0,1,0,0,0,0,0,1,0,1,0,0,0
0.00321513,1,1,1,1,1,1,0,0,0,0,1,0,1,0,0,0
0.00321514,1,1,1,1,1,1,1,0,0,0,1,0,1,0,0,0
0.00321515,1,1,1,1,1,1,0,0,0,0,1,0,1,0,0,0
0.00321516,0,0,1,1,1,0,0,0,0,0,1,0,1,0,0,0
0.00321517,0,0,1,0,1,0,0,0,0,0,1,0,1,0,0,0
0.0032152,0,0,1,1,1,0,0,0,0,0,1,0,1,0,0,0
0.00321525,0,0,1,0,1,0,0,0,0,0,1,0,1,0,0,0
0.00321529,0,0,1,1,1,0,0,0,0,0,1,0,1,0,0,0
0.00321532,0,0,1,0,1,0,0,0,0,0,1,0,1,0,0,0
0.00321537,0,0,1,1,1,0,0,0,0,0,1,0,1,0,0,0
0.00321539,0,0,1,0,1,0,0,0,0,0,1,0,1,0,0,0
0.00321544,0,0,1,1,1,0,0,0,0,0,1,0,1,0,0,0
0.00321545,0,0,1,0,1,0,0,0,0,0,1,0,1,0,0,0
0.00321591,1,0,1,0,1,0,0,0,0,0,1,0,1,0,0,0
0.00321593,1,1,1,1,1,1,1,1,0,0,1,0,1,0,0,0
0.00321597,1,1,0,1,1,1,1,1,0,0,1,0,1,0,0,0
0.00321598,1,0,0,1,1,1,0,1,0,0,1,0,1,0,0,0
0.00321602,1,1,0,1,1,1,1,1,0,0,1,0,1,0,0,0
0.00321604,1,0,0,1,1,1,0,1,0,0,1,0,1,0,0,0
0.00321689,1,0,1,1,1,1,0,1,0,0,1,0,1,0,0,0
0.0032169,1,1,1,1,1,1,1,1,0,0,1,0,1,0,0,0
0.00321696,1,1,1,0,0,0,1,0,0,0,1,0,1,0,0,0
0.00321697,1,0,0,0,0,0,0,0,0,0,1,0,1,0,0,0
0.003217,1,1,0,0,0,0,1,0,0,0,1,0,1,0,0,0
0.00321701,1,1,1,1,0,1,1,0,0,0,1,0,1,0,0,0
0.00321702,1,1,1,1,0,1,1,1,0,0,1,0,1,0,0,0
0.00321704,1,1,1,1,0,1,1,0,0,0,1,0,1,0,0,0
0.00321705,1,1,0,0,0,0,0,0,0,0,1,0,1,0,0,0
0.00321706,1,0,0,0,0,0,0,0,0,0,1,0,1,0,0,0
0.00321709,1,1,1,1,0,1,1,0,0,0,1,0,1,0,0,0
0.00321712,1,1,1,1,0,0,0,0,0,0,1,0,1,0,0,0
0.00321713,1,1,0,0,0,0,0,0,0,0,1,0,1,0,0,0
0.00321714,1,0,0,0,0,0,0,0,0,0,1,0,1,0,0,0
0.00321717,1,1,0,1,0,0,0,0,0,0,1,0,1,0,0,0
0.00321722,1,0,0,0,0,0,0,0,0,0,1,0,1,0,0,0
0.00321724,1,1,0,1,0,0,0,0,0,0,1,0,1,0,0,0
0.00321726,1,0,0,1,0,0,0,0,0,0,1,0,1,0,0,0
0.00321728,1,0,0,0,0,0,0,0,0,0,1,0,1,0,0,0
0.00321731,1,0,0,1,0,0,0,0,0,0,1,0,1,0,0,0
0.00321735,1,0,0,0,0,0,0,0,0,0,1,0,1,0,0,0
0.00321737,1,0,0,1,0,0,0,0,0,0,1,0,1,0,0,0
0.00321742,1,0,0,0,0,0,0,0,0,0,1,0,1,0,0,0
0.00321747,1,0,0,1,0,0,0,0,0,0,1,0,1,0,0,0
0.00321748,1,0,0,0,0,0,0,0,0,0,1,0,1,0,0,0
0.00321786,1,1,1,1,0,0,0,0,0,0,1,0,1,0,0,0
0.00321788,1,1,1,1,0,1,0,0,0,0,1,0,1,0,0,0
0.00321789,1,1,1,1,1,1,1,1,0,0,1,0,1,0,0,0
0.00321793,1,1,1,0,0,0,0,1,0,0,1,0,1,0,0,0
0.00321797,1,1,1,1,0,1,1,1,0,0,1,0,1,0,0,0
0.00321798,1,1,1,1,1,1,1,1,0,0,1,0,1,0,0,0
0.00321799,1,1,1,1,0,1,1,1,0,0,1,0,1,0,0,0
0.003218,1,1,1,0,0,0,0,1,0,0,1,0,1,0,0,0
0.00321804,1,1,1,1,0,0,0,1,0,0,1,0,1,0,0,0
0.00321805,1,1,1,1,0,1,1,1,0,0,1,0,1,0,0,0
0.00321806,1,1,1,1,0,0,0,1,0,0,1,0,1,0,0,0
0.00321807,1,1,1,0,0,0,0,1,0,0,1,0,1,0,0,0
0.00321813,1,1,1,1,0,0,0,1,0,0,1,0,1,0,0,0
0.00321814,1,1,1,0,0,0,0,1,0,0,1,0,1,0,0,0
0.00321831,1,1,1,0,0,0,0,1,1,1,1,0,0,0,0,1
0.00321884,1,1,1,1,0,1,0,1,1,1,1,0,0,0,0,1
0.00321885,1,1,1,1,1,1,1,1,1,1,1,0,0,0,0,1
0.00321889,1,0,0,1,1,1,0,1,1,1,1,0,0,0,0,1
0.00321893,1,1,1,1,1,1,1,1,1,1,1,0,0,0,0,1
0.00321894,1,0,1,1,1,1,1,1,1,1,1,0,0,0,0,1
0.00321895,1,0,0,1,1,1,0,1,1,1,1,0,0,0,0,1
0.00321983,1,1,0,1,1,1,0,1,1,1,1,0,0,0,0,1
0.00321984,1,1,1,1,1,1,1,1,1,1,1,0,0,0,0,1
0.00321985,1,1,1,0,0,0,0,0,1,1,1,0,0,0,0,1
0.00321986,1,0,0,0,0,0,0,0,1,1,1,0,0,0,0,1
0.00321988,1,1,1,1,1,0,0,1,1,1,1,0,0,0,0,1
0.0032199,1,1,1,1,1,1,1,1,1,1,1,0,0,0,0,1
0.00321991,1,1,1,1,0,1,1,1,1,1,1,0,0,0,0,1
0.00321992,1,0,1,1,0,0,0,1,1,1,1,0,0,0,0,1
0.00321993,1,0,1,0,0,0,0,1,1,1,1,0,0,0,0,1
0.00321998,1,1,1,0,0,1,1,1,1,1,1,0,0,0,0,1
0.00321999,1,0,1,0,0,0,0,1,1,1,1,0,0,0,0,1
0.00322026,1,0,1,0,0,0,0,1,1,0,1,0,0,0,0,0
0.00322027,1,0,1,0,0,0,0,1,1,0,1,0,0,0,0,1
0.00322079,1,0,1,1,1,1,0,1,1,0,1,0,0,0,0,1
0.00322081,1,1,1,1,1,1,1,1,1,0,1,0,0,0,0,1
0.00322082,1,1,0,1,1,1,1,1,1,0,1,0,0,0,0,1
0.00322083,1,0,0,1,1,1,0,1,1,0,1,0,0,0,0,1
0.00322179,1,1,1,1,1,1,0,1,1,0,1,0,0,0,0,1
0.00322181,1,1,1,1,1,0,1,1,1,0,1,0,0,0,0,1
0.00322182,1,1,1,1,1,1,1,1,1,0,1,0,0,0,0,1
0.00322183,0,0,1,0,1,0,0,0,1,0,1,0,0,0,0,1
0.00322185,0,0,0,1,1,0,0,1,1,0,1,0,0,0,0,1
0.00322186,0,0,0,1,0,0,0,1,1,0,1,0,0,0,0,1
0.00322221,0,0,0,1,0,0,0,1,0,0,0,0,0,0,0,0
0.00322222,0,0,0,1,0,0,0,1,0,0,0,0,0,0,0,1
0.00322223,0,0,0,1,0,0,0,1,0,0,0,1,0,0,0,1
0.00322229,0,0,0,1,0,0,0,1,0,0,0,0,0,0,0,0
0.0032223,0,0,0,1,0,0,0,1,0,0,0,1,0,0,0,1
0.00322277,1,1,1,1,1,1,0,1,0,0,0,1,0,0,0,1
0.00322278,1,1,1,1,1,1,1,1,0,0,0,1,0,0,0,1
0.00322282,1,0,0,0,0,0,0,0,0,0,0,1,0,0,0,1
0.00322286,1,1,1,1,0,1,1,0,0,0,0,1,0,0,0,1
0.00322287,1,1,1,1,1,1,1,1,0,0,0,1,0,0,0,1
0.00322289,1,0,1,0,0,1,1,0,0,0,0,1,0,0,0,1
0.0032229,1,0,0,0,0,0,0,0,0,0,0,1,0,0,0,1
0.00322294,1,0,0,0,0,1,0,0,0,0,0,1,0,0,0,1
0.00322295,1,0,0,0,0,1,1,0,0,0,0,1,0,0,0,1
0.00322296,1,0,0,0,0,1,0,0,0,0,0,1,0,0,0,1
0.00322298,1,0,0,0,0,0,0,0,0,0,0,1,0,0,0,1
0.00322303,1,0,0,0,0,1,0,0,0,0,0,1,0,0,0,1
0.00322304,1,0,0,0,0,0,0,0,0,0,0,1,0,0,0,1
0.00322378,1,0,1,1,1,1,1,0,0,0,0,1,0,0,0,1
0.00322379,1,1,1,1,1,1,1,1,0,0,0,1,0,0,0,1
0.00322382,1,1,0,0,0,1,0,1,0,0,0,1,0,0,0,1
0.00322383,1,1,0,0,0,0,0,1,0,0,0,1,0,0,0,1
0.00322386,1,1,1,1,0,1,0,1,0,0,0,1,0,0,0,1
0.00322387,1,1,1,1,1,1,1,1,0,0,0,1,0,0,0,1
0.00322388,1,1,1,1,0,1,1,1,0,0,0,1,0,0,0,1
0.00322389,1,1,0,0,0,0,0,1,0,0,0,1,0,0,0,1
0.00322416,1,1,0,0,0,0,0,1,0,0,0,0,0,0,0,0
0.00322417,1,1,0,0,0,0,0,1,1,1,0,0,0,0,0,1
0.00322424,1,1,0,0,0,0,0,1,0,0,0,0,0,0,0,0
0.00322425,1,1,0,0,0,0,0,1,1,1,0,0,0,0,0,1
0.0032247,1,1,1,0,0,1,0,1,1,1,0,0,0,0,0,1
0.00322471,1,1,1,1,1,1,1,1,1,1,0,0,0,0,0,1
0.00322472,1,0,1,1,1,0,0,0,1,1,0,0,0,0,0,1
0.00322473,1,0,0,0,0,0,0,0,1,1,0,0,0,0,0,1
0.00322477,1,0,1,1,0,1,1,0,1,1,0,0,0,0,0,1
0.00322479,1,0,0,0,0,0,0,0,1,1,0,0,0,0,0,1
0.0032257,1,0,1,1,1,1,1,0,1,1,0,0,0,0,0,1
0.00322571,1,1,1,1,1,1,1,1,1,1,0,0,0,0,0,1
0.00322574,0,1,1,1,1,1,1,1,1,1,0,0,0,0,0,1
0.00322575,0,0,1,0,1,0,0,0,1,1,0,0,0,0,0,1
0.00322576,0,0,1,0,1,1,0,0,1,1,0,0,0,0,0,1
0.00322577,1,0,1,0,1,1,0,0,1,1,0,0,0,0,0,1
0.00322578,1,1,1,1,1,1,1,1,1,1,0,0,0,0,0,1
0.00322581,1,1,1,1,1,1,1,0,1,1,0,0,0,0,0,1
0.00322582,1,0,1,0,1,1,0,0,1,1,0,0,0,0,0,1
0.00322585,1,0,1,1,1,1,0,0,1,1,0,0,0,0,0,1
0.00322586,1,1,1,1,1,1,1,0,1,1,0,0,0,0,0,1
0.00322588,1,0,1,1,1,1,1,0,1,1,0,0,0,0,0,1
0.00322589,1,0,1,0,1,1,0,0,1,1,0,0,0,0,0,1
0.00322592,1,0,1,1,1,1,0,0,1,1,0,0,0,0,0,1
0.00322596,1,0,1,0,1,1,0,0,1,1,0,0,0,0,0,1
0.00322599,1,0,1,1,1,1,0,0,1,1,0,0,0,0,0,1
0.00322602,1,0,1,0,1,1,0,0,1,1,0,0,0,0,0,1
0.00322611,1,0,1,1,1,1,0,0,1,1,0,0,0,0,0,1
0.00322612,1,0,1,1,1,1,0,0,1,0,0,0,0,0,0,0
0.00322613,1,0,1,0,1,1,0,0,1,0,1,0,1,1,0,0
0.00322617,1,0,1,1,1,1,0,0,1,0,1,0,1,1,0,0
0.00322619,1,0,1,0,1,1,0,0,1,0,1,0,1,1,0,0
0.00322664,1,1,1,0,1,1,0,0,1,0,1,0,1,1,0,0
0.00322665,1,1,1,1,1,1,0,1,1,0,1,0,1,1,0,0
0.00322666,1,1,1,1,1,1,1,1,1,0,1,0,1,1,0,0
0.00322667,1,1,0,1,1,1,1,1,1,0,1,0,1,1,0,0
0.00322668,1,0,0,1,1,1,0,1,1,0,1,0,1,1,0,0
0.00322672,1,0,0,1,1,1,1,1,1,0,1,0,1,1,0,0
0.00322673,1,0,0,1,1,1,0,1,1,0,1,0,1,1,0,0
0.00322763,1,1,0,1,1,1,0,1,1,0,1,0,1,1,0,0
0.00322764,1,1,1,1,1,1,1,1,1,0,1,0,1,1,0,0
0.00322765,1,1,1,1,0,1,1,1,1,0,1,0,1,1,0,0
0.00322766,1,0,0,0,0,0,0,0,1,0,1,0,1,1,0,0
0.00322771,1,1,1,1,0,1,1,1,1,0,1,0,1,1,0,0
0.00322772,1,1,0,1,0,0,1,0,1,0,1,0,1,1,0,0
0.00322773,1,0,0,0,0,0,0,0,1,0,1,0,1,1,0,0
0.00322862,1,1,1,1,0,1,1,1,1,0,1,0,1,1,0,0
0.00322863,1,1,1,1,1,1,1,1,1,0,1,0,1,1,0,0
0.00322958,1,0,0,1,1,1,0,1,1,0,1,0,1,1,0,0
0.00322961,1,1,1,1,1,1,1,1,1,0,1,0,1,1,0,0
0.00322964,0,0,1,0,1,0,0,0,1,0,1,0,1,1,0,0
0.00322969,0,1,1,1,1,0,1,0,1,0,1,0,1,1,0,0
0.0032297,0,1,1,1,1,1,1,0,1,0,1,0,1,1,0,0
0.00322971,0,0,1,1,1,0,0,0,1,0,1,0,1,1,0,0
0.00322972,0,0,1,0,1,0,0,0,1,0,1,0,1,1,0,0
0.00323002,0,0,1,0,1,0,0,0,0,0,1,0,1,0,0,0
0.0032301,0,0,1,0,1,0,0,0,0,0,0,0,0,0,0,0
0.00323011,1,0,1,0,1,0,0,0,0,0,1,0,1,0,0,0
0.00323012,1,0,1,0,1,0,0,0,1,0,1,0,1,0,0,0
0.00323013,1,0,1,1,1,0,1,0,1,0,1,0,1,0,0,0
0.00323014,0,0,1,0,1,1,1,1,1,0,1,0,1,0,0,0
0.00323015,0,0,1,0,1,0,0,0,0,0,1,0,1,0,0,0
0.00323055,1,1,1,0,1,0,0,0,0,0,1,0,1,0,0,0
0.00323057,1,0,1,1,1,1,1,1,0,0,1,0,1,0,0,0
0.00323058,1,1,1,1,1,1,1,1,0,0,1,0,1,0,0,0
0.0032316,0,0,0,0,0,0,0,1,0,0,1,0,1,0,0,0
0.00323164,1,1,1,1,0,1,1,1,0,0,1,0,1,0,0,0
0.00323168,0,0,0,1,0,0,0,1,0,0,1,0,1,0,0,0
0.00323169,0,0,0,0,0,0,0,1,0,0,1,0,1,0,0,0
0.00323172,0,0,0,1,0,0,0,1,0,0,1,0,1,0,0,0
0.00323173,0,0,0,1,0,1,1,1,0,0,1,0,1,0,0,0
0.00323174,0,0,0,1,0,1,0,1,0,0,1,0,1,0,0,0
0.00323175,0,0,0,1,0,0,0,1,0,0,1,0,1,0,0,0
0.00323177,0,0,0,0,0,0,0,1,0,0,1,0,1,0,0,0
0.0032318,0,0,0,1,0,0,0,1,0,0,1,0,1,0,0,0
0.00323186,0,0,0,0,0,0,0,1,0,0,1,0,1,0,0,0
0.00323188,0,0,0,1,0,0,0,1,0,0,1,0,1,0,0,0
0.00323193,0,0,0,0,0,0,0,1,0,0,1,0,1,0,0,0
0.00323196,0,0,0,1,0,0,0,1,0,0,1,0,1,0,0,0
0.00323199,0,0,0,0,0,0,0,1,0,0,1,0,1,0,0,0
0.00323203,0,0,0,1,0,0,0,1,0,0,1,0,1,0,0,0
0.00323205,0,0,0,0,0,0,0,1,0,0,1,0,1,0,0,0
0.00323211,0,0,0,1,0,0,0,1,0,0,1,0,1,0,0,0
0.00323212,0,0,0,0,0,0,0,1,0,0,1,0,1,0,0,0
0.0032325,0,0,0,1,0,0,0,1,0,0,1,0,1,0,0,0
0.00323251,0,0,0,0,0,0,0,1,0,0,1,0,1,0,0,0
0.00323253,1,1,1,1,1,1,0,1,0,0,1,0,1,0,0,0
0.00323254,1,1,1,1,1,1,1,1,0,0,1,0,1,0,0,0
0.00323258,1,0,1,0,1,1,1,0,0,0,1,0,1,0,0,0
0.00323259,0,0,1,0,1,0,0,0,0,0,1,0,1,0,0,0
0.00323262,1,1,1,1,1,1,1,0,0,0,1,0,1,0,0,0
0.00323267,1,0,1,1,1,0,0,0,0,0,1,0,1,0,0,0
0.00323268,0,0,1,0,1,0,0,0,0,0,1,0,1,0,0,0
0.00323269,0,0,1,1,1,0,0,0,0,0,1,0,1,0,0,0
0.0032327,1,1,1,1,1,1,1,0,0,0,1,0,1,0,0,0
0.00323275,1,1,1,1,1,1,0,0,0,0,1,0,1,0,0,0
0.00323277,1,1,1,1,1,1,1,0,0,0,1,0,1,0,0,0
0.0032329,1,1,1,1,1,1,0,0,0,0,1,0,1,0,0,0
0.00323293,1,1,1,1,1,1,1,0,0,0,1,0,1,0,0,0
0.00323294,1,1,1,1,1,1,0,0,0,0,1,0,1,0,0,0
0.00323295,1,1,1,1,1,1,1,0,0,0,1,0,1,0,0,0
0.00323296,1,1,1,1,1,1,0,0,0,0,1,0,1,0,0,0
0.00323301,1,1,1,1,1,1,1,0,0,0,1,0,1,0,0,0
0.00323303,1,1,1,1,1,1,0,0,0,0,1,0,1,0,0,0
0.00323315,1,0,1,1,1,0,0,0,0,0,1,0,1,0,0,0
0.00323316,1,1,1,1,1,1,0,0,0,0,1,0,1,0,0,0
0.00323319,1,1,1,1,1,0,0,0,0,0,1,0,1,0,0,0
0.0032332,1,1,1,1,1,1,0,0,0,0,1,0,1,0,0,0
0.00323321,1,1,1,1,1,0,0,0,0,0,1,0,1,0,0,0
0.00323322,1,0,1,1,1,1,0,0,0,0,1,0,1,0,0,0
0.00323323,1,0,1,1,1,0,0,0,0,0,1,0,1,0,0,0
0.00323324,1,1,1,1,1,0,0,0,0,0,1,0,1,0,0,0
0.00323326,1,0,1,1,1,0,0,0,0,0,1,0,1,0,0,0
0.00323332,1,1,1,1,1,1,0,0,0,0,1,0,1,0,0,0
0.00323333,0,0,1,1,1,0,0,0,0,0,1,0,1,0,0,0
0.00323337,1,0,1,1,1,0,0,0,0,0,1,0,1,0,0,0
0.0032334,0,0,1,1,1,0,0,0,0,0,1,0,1,0,0,0
0.00323346,1,1,1,1,1,0,0,0,0,0,1,0,1,0,0,0
0.00323347,0,0,1,1,1,0,0,0,0,0,1,0,1,0,0,0
0.00323348,1,1,1,0,1,0,0,0,0,0,1,0,1,0,0,0
0.00323349,1,1,1,1,1,1,0,0,0,0,1,0,1,0,0,0
0.0032335,1,1,1,1,1,1,1,1,0,0,1,0,1,0,0,0
0.00323355,1,1,0,1,0,1,1,1,0,0,1,0,1,0,0,0
0.00323356,1,1,0,0,0,0,1,1,0,0,1,0,1,0,0,0
0.00323359,1,1,0,1,0,1,1,1,0,0,1,0,1,0,0,0
0.0032336,1,1,1,1,0,1,1,1,0,0,1,0,1,0,0,0
0.00323362,1,1,0,1,0,0,1,1,0,0,1,0,1,0,0,0
0.00323363,1,1,0,0,0,0,1,1,0,0,1,0,1,0,0,0
0.00323366,1,1,0,1,0,0,1,1,0,0,1,0,1,0,0,0
0.00323367,1,1,0,1,0,1,1,1,0,0,1,0,1,0,0,0
0.00323369,1,1,0,1,0,0,1,1,0,0,1,0,1,0,0,0
0.0032337,1,1,0,0,0,0,1,1,0,0,1,0,1,0,0,0
0.00323373,1,1,0,1,0,0,1,1,0,0,1,0,1,0,0,0
0.00323377,1,1,0,0,0,0,1,1,0,0,1,0,1,0,0,0
0.00323446,1,1,1,1,0,0,1,1,0,0,1,0,1,0,0,0
0.00323447,1,1,1,1,1,1,1,1,0,0,1,0,1,0,0,0
0.00323453,1,1,1,1,1,1,1,0,0,0,1,0,1,0,0,0
0.00323454,1,0,0,0,0,0,0,0,0,0,1,0,1,0,0,0
0.00323457,1,0,0,1,0,0,0,0,0,0,1,0,1,0,0,0
0.00323458,1,1,1,1,0,1,1,0,0,0,1,0,1,0,0,0
0.00323459,1,1,1,1,1,1,1,1,0,0,1,0,1,0,0,0
0.0032346,1,1,1,1,1,1,1,0,0,0,1,0,1,0,0,0
0.00323461,1,1,1,1,0,1,0,0,0,0,1,0,1,0,0,0
0.00323463,1,0,0,0,0,0,0,0,0,0,1,0,1,0,0,0
0.00323465,1,0,0,1,0,0,0,0,0,0,1,0,1,0,0,0
0.00323466,1,1,1,1,0,1,0,0,0,0,1,0,1,0,0,0
0.00323471,1,0,0,1,0,0,0,0,0,0,1,0,1,0,0,0
0.00323473,1,1,1,1,0,1,0,0,0,0,1,0,1,0,0,0
0.0032348,1,1,1,1,0,0,0,0,0,0,1,0,1,0,0,0
0.00323481,1,0,0,1,0,0,0,0,0,0,1,0,1,0,0,0
0.00323482,1,1,1,1,0,1,0,0,0,0,1,0,1,0,0,0
0.00323485,1,1,1,1,0,0,0,0,0,0,1,0,1,0,0,0
0.00323486,1,1,0,1,0,0,0,0,0,0,1,0,1,0,0,0
0.00323487,1,1,1,1,0,0,0,0,0,0,1,0,1,0,0,0
0.00323488,1,1,1,1,0,1,0,0,0,0,1,0,1,0,0,0
0.0032349,1,1,1,1,0,0,0,0,0,0,1,0,1,0,0,0
0.00323494,1,1,0,1,0,0,0,0,0,0,1,0,1,0,0,0
0.00323497,1,1,1,1,0,0,0,0,0,0,1,0,1,0,0,0
0.00323498,1,1,0,1,0,0,0,0,0,0,1,0,1,0,0,0
0.00323508,1,0,0,0,0,0,0,0,0,0,1,0,1,0,0,0
0.00323509,1,1,0,1,0,0,0,0,0,0,1,0,1,0,0,0
0.00323512,1,0,0,0,0,0,0,0,0,0,1,0,1,0,0,0
0.00323514,1,1,0,1,0,0,0,0,0,0,1,0,1,0,0,0
0.00323516,1,0,0,0,0,0,0,0,0,0,1,0,1,0,0,0
0.00323518,1,1,0,0,0,0,0,0,0,0,1,0,1,0,0,0
0.00323519,1,0,0,0,0,0,0,0,0,0,1,0,1,0,0,0
0.00323522,1,1,0,1,0,0,0,0,0,0,1,0,1,0,0,0
0.00323523,1,0,0,0,0,0,0,0,0,0,1,0,1,0,0,0
0.00323543,1,1,1,0,0,0,0,0,0,0,1,0,1,0,0,0
0.00323544,1,1,1,1,0,0,0,0,0,0,1,0,1,0,0,0
0.00323546,1,1,1,1,1,1,1,1,0,0,1,0,1,0,0,0
0.0032355,0,1,1,0,1,1,0,1,0,0,1,0,1,0,0,0
0.00323551,0,1,1,0,1,1,0,0,0,0,1,0,1,0,0,0
0.00323554,0,1,1,1,1,1,0,0,0,0,1,0,1,0,0,0
0.00323555,1,1,1,1,1,1,1,1,0,0,1,0,1,0,0,0
0.00323556,0,1,1,1,1,1,1,0,0,0,1,0,1,0,0,0
0.00323557,0,1,1,0,1,1,0,0,0,0,1,0,1,0,0,0
0.00323562,0,1,1,1,1,1,0,0,0,0,1,0,1,0,0,0
0.00323564,0,1,1,0,1,1,0,0,0,0,1,0,1,0,0,0
0.00323588,0,1,1,0,1,1,0,0,0,1,1,0,1,0,0,0
0.00323589,0,1,1,0,1,1,0,0,0,1,1,0,1,1,0,0
0.00323642,0,1,1,1,1,1,0,0,0,1,1,0,1,1,0,0
0.00323643,1,1,1,1,1,1,1,0,0,1,1,0,1,1,0,0
0.00323644,1,1,1,1,1,1,1,1,0,1,1,0,1,1,0,0
0.00323646,1,1,1,0,1,1,1,1,0,1,1,0,1,1,0,0
0.00323648,1,1,0,1,0,0,1,1,0,1,1,0,1,1,0,0
0.00323649,1,1,0,0,0,0,1,1,0,1,1,0,1,1,0,0
0.00323653,1,1,1,1,0,1,1,1,0,1,1,0,1,1,0,0
0.00323655,1,1,0,0,0,0,1,1,0,1,1,0,1,1,0,0
0.00323741,1,1,0,1,1,0,1,1,0,1,1,0,1,1,0,0
0.00323742,1,1,1,1,1,1,1,1,0,1,1,0,1,1,0,0
0.00323743,1,0,1,1,0,0,0,0,0,1,1,0,1,1,0,0
0.00323744,1,0,0,0,0,0,0,0,0,1,1,0,1,1,0,0
0.00323748,1,0,1,1,0,1,0,0,0,1,1,0,1,1,0,0
0.0032375,1,0,0,0,0,0,0,0,0,1,1,0,1,1,0,0
0.00323838,1,1,0,0,0,0,1,1,0,1,1,0,1,1,0,0
0.0032384,1,1,1,1,0,0,1,1,0,1,1,0,1,1,0,0
0.00323841,1,1,0,0,0,0,1,1,0,1,1,0,1,1,0,0
0.00323844,1,1,1,1,0,1,1,1,0,1,1,0,1,1,0,0
0.00323845,1,1,1,1,1,1,1,1,0,1,1,0,1,1,0,0
0.00323938,1,1,1,1,1,1,1,0,0,1,1,0,1,1,0,0
0.00323939,0,0,1,0,1,0,0,0,0,1,1,0,1,1,0,0
0.00323943,0,0,1,1,1,0,0,0,0,1,1,0,1,1,0,0
0.00323944,1,1,1,1,1,1,0,0,0,1,1,0,1,1,0,0
0.00323946,0,0,1,0,1,0,0,0,0,1,1,0,1,1,0,0
0.00323979,0,0,1,0,1,0,0,0,0,0,1,0,1,0,0,0
0.00324034,1,1,1,1,1,1,1,1,0,0,1,0,1,0,0,0
0.00324136,0,0,0,0,0,0,0,1,0,0,1,0,1,0,0,0
0.0032414,1,1,0,1,0,1,0,1,0,0,1,0,1,0,0,0
0.00324141,1,1,1,1,0,1,1,1,0,0,1,0,1,0,0,0
0.00324144,1,1,0,1,0,1,0,1,0,0,1,0,1,0,0,0
0.00324145,0,0,0,0,0,0,0,1,0,0,1,0,1,0,0,0
0.00324149,1,1,0,1,0,0,0,1,0,0,1,0,1,0,0,0
0.00324152,1,0,0,1,0,0,0,1,0,0,1,0,1,0,0,0
0.00324153,0,0,0,0,0,0,0,1,0,0,1,0,1,0,0,0
0.00324157,1,0,0,1,0,0,0,1,0,0,1,0,1,0,0,0
0.00324159,0,0,0,1,0,0,0,1,0,0,1,0,1,0,0,0
0.0032416,1,0,0,1,0,0,0,1,0,0,1,0,1,0,0,0
0.00324162,0,0,0,0,0,0,0,1,0,0,1,0,1,0,0,0
0.00324165,1,0,0,1,0,0,0,1,0,0,1,0,1,0,0,0
0.00324168,1,0,0,0,0,0,0,1,0,0,1,0,1,0,0,0
0.00324169,0,0,0,0,0,0,0,1,0,0,1,0,1,0,0,0
0.00324171,1,0,0,0,0,0,0,1,0,0,1,0,1,0,0,0
0.00324172,1,0,0,1,0,0,0,1,0,0,1,0,1,0,0,0
0.00324175,0,0,0,0,0,0,0,1,0,0,1,0,1,0,0,0
0.00324178,1,0,0,0,0,0,0,1,0,0,1,0,1,0,0,0
0.0032418,0,0,0,0,0,0,0,1,0,0,1,0,1,0,0,0
0.00324226,1,0,0,0,0,0,0,1,0,0,1,0,1,0,0,0
0.00324227,1,1,1,1,0,0,0,1,0,0,1,0,1,0,0,0
0.00324229,1,1,1,1,1,1,1,1,0,0,1,0,1,0,0,0
0.00324234,1,1,1,1,1,1,1,0,0,0,1,0,1,0,0,0
0.00324235,0,1,0,0,1,0,0,0,0,0,1,0,1,0,0,0
0.00324238,0,1,1,0,1,0,0,0,0,0,1,0,1,0,0,0
0.00324239,1,1,1,1,1,1,1,0,0,0,1,0,1,0,0,0
0.00324242,1,1,1,1,1,1,0,0,0,0,1,0,1,0,0,0
0.00324243,1,1,0,0,1,0,0,0,0,0,1,0,1,0,0,0
0.00324244,0,1,0,0,1,0,0,0,0,0,1,0,1,0,0,0
0.00324246,1,1,1,1,1,0,0,0,0,0,1,0,1,0,0,0
0.00324247,1,1,1,1,1,1,0,0,0,0,1,0,1,0,0,0
0.00324249,1,1,1,1,1,0,0,0,0,0,1,0,1,0,0,0
0.00324251,1,1,0,0,1,0,0,0,0,0,1,0,1,0,0,0
0.00324254,1,1,1,1,1,0,0,0,0,0,1,0,1,0,0,0
0.00324258,1,1,1,0,1,0,0,0,0,0,1,0,1,0,0,0
0.00324259,1,1,0,0,1,0,0,0,0,0,1,0,1,0,0,0
0.0032426,1,1,1,1,1,0,0,0,0,0,1,0,1,0,0,0
0.00324262,1,1,1,0,1,0,0,0,0,0,1,0,1,0,0,0
0.00324263,1,1,1,1,1,0,0,0,0,0,1,0,1,0,0,0
0.00324266,1,1,0,0,1,0,0,0,0,0,1,0,1,0,0,0
0.00324269,1,1,1,1,1,0,0,0,0,0,1,0,1,0,0,0
0.00324271,1,1,1,1,1,0,0,0,0,0,0,0,1,0,0,0
0.00324273,1,1,0,0,1,0,0,0,0,1,0,0,1,0,0,0
0.00324274,0,1,0,0,1,0,0,0,0,1,0,0,1,0,0,0
0.00324277,1,1,1,1,1,0,0,0,0,1,0,0,1,0,0,0
0.00324279,1,1,1,1,1,0,0,0,0,0,0,0,0,0,0,0
0.0032428,0,1,0,0,1,0,0,0,0,1,0,0,1,0,0,0
0.00324281,1,1,0,0,1,0,0,0,0,1,0,0,1,0,0,0
0.00324282,0,1,0,0,1,0,0,0,0,1,0,0,1,0,0,0
0.00324284,1,1,0,0,1,0,0,0,0,1,0,0,1,0,0,0
0.00324285,1,1,1,1,1,0,0,0,0,1,0,0,1,0,0,0
0.00324287,1,1,0,0,1,0,0,0,0,1,0,0,1,0,0,0
0.00324288,0,1,0,0,1,0,0,0,0,1,0,0,1,0,0,0
0.00324292,1,1,0,0,1,0,0,0,0,1,0,0,1,0,0,0
0.00324293,0,1,0,0,1,0,0,0,0,1,0,0,1,0,0,0
0.00324296,1,1,0,0,1,0,0,0,0,1,0,0,1,0,0,0
0.00324297,0,1,0,0,1,0,0,0,0,1,0,0,1,0,0,0
0.00324327,1,1,1,1,1,1,1,1,0,1,0,0,1,0,0,0
0.00324331,0,0,0,0,0,1,0,0,0,1,0,0,1,0,0,0
0.00324335,1,0,1,1,0,1,1,0,0,1,0,0,1,0,0,0
0.00324337,1,1,1,1,0,1,1,1,0,1,0,0,1,0,0,0
0.00324338,1,1,1,1,0,1,1,0,0,1,0,0,1,0,0,0
0.00324339,1,0,1,1,0,1,1,0,0,1,0,0,1,0,0,0
0.0032434,0,0,0,0,0,1,0,0,0,1,0,0,1,0,0,0
0.00324343,0,0,1,1,0,1,0,0,0,1,0,0,1,0,0,0
0.00324344,1,0,1,1,0,1,0,0,0,1,0,0,1,0,0,0
0.00324347,0,0,1,1,0,1,0,0,0,1,0,0,1,0,0,0
0.00324348,0,0,0,0,0,1,0,0,0,1,0,0,1,0,0,0
0.00324352,0,0,1,1,0,1,0,0,0,1,0,0,1,0,0,0
0.00324353,0,0,0,0,0,1,0,0,0,1,0,0,1,0,0,0
0.00324422,1,1,1,1,0,1,0,0,0,1,0,0,1,0,0,0
0.00324423,1,1,1,1,1,1,1,1,0,1,0,0,1,0,0,0
0.0032443,1,0,0,0,1,0,0,0,0,1,0,0,1,0,0,0
0.00324434,1,1,1,1,1,1,1,1,0,1,0,0,1,0,0,0
0.00324436,1,1,1,1,1,0,1,1,0,1,0,0,1,0,0,0
0.00324437,1,1,1,1,1,0,0,0,0,1,0,0,1,0,0,0
0.00324438,1,0,0,0,1,0,0,0,0,1,0,0,1,0,0,0
0.00324441,1,0,1,0,1,0,0,0,0,1,0,0,1,0,0,0
0.00324442,1,1,1,1,1,0,0,0,0,1,0,0,1,0,0,0
0.00324445,1,0,1,0,1,0,0,0,0,1,0,0,1,0,0,0
0.00324446,1,0,0,0,1,0,0,0,0,1,0,0,1,0,0,0
0.00324449,1,0,1,0,1,0,0,0,0,1,0,0,1,0,0,0
0.0032445,1,0,1,1,1,0,0,0,0,1,0,0,1,0,0,0
0.00324452,1,0,1,0,1,0,0,0,0,1,0,0,1,0,0,0
0.00324453,1,0,0,0,1,0,0,0,0,1,0,0,1,0,0,0
0.00324457,1,0,1,0,1,0,0,0,0,1,0,0,1,0,0,0
0.00324461,1,0,0,0,1,0,0,0,0,1,0,0,1,0,0,0
0.00324465,1,0,1,0,1,0,0,0,0,1,0,0,1,0,0,0
0.00324467,1,0,1,0,1,0,0,0,0,0,0,0,1,0,0,0
0.00324468,1,0,0,0,1,0,0,0,1,0,0,0,1,0,0,0
0.00324472,1,0,1,0,1,0,0,0,1,0,0,0,1,0,0,0
0.00324474,1,0,1,0,1,0,0,0,0,0,0,0,0,0,0,0
0.00324475,1,0,0,0,1,0,0,0,1,0,0,0,1,0,0,0
0.0032448,1,0,1,0,1,0,0,0,1,0,0,0,1,0,0,0
0.00324482,1,0,0,0,1,0,0,0,1,0,0,0,1,0,0,0
0.0032452,1,0,1,0,1,0,0,0,1,0,0,0,1,0,0,0
0.00324522,1,1,1,1,1,1,1,1,1,0,0,0,1,0,0,0
0.00324527,0,0,0,0,1,0,0,0,1,0,0,0,1,0,0,0
0.00324531,1,1,1,1,1,1,1,0,1,0,0,0,1,0,0,0
0.00324533,1,1,1,1,1,1,1,1,1,0,0,0,1,0,0,0
0.00324534,1,1,1,1,1,1,1,0,1,0,0,0,1,0,0,0
0.00324536,0,0,1,1,1,0,0,0,1,0,0,0,1,0,0,0
0.00324537,0,0,0,0,1,0,0,0,1,0,0,0,1,0,0,0
0.00324538,0,0,1,1,1,0,0,0,1,0,0,0,1,0,0,0
0.00324539,0,1,1,1,1,0,0,0,1,0,0,0,1,0,0,0
0.0032454,1,1,1,1,1,1,1,0,1,0,0,0,1,0,0,0
0.00324542,1,1,1,1,1,0,0,0,1,0,0,0,1,0,0,0
0.00324543,0,1,1,1,1,0,0,0,1,0,0,0,1,0,0,0
0.0032455,1,1,1,1,1,0,0,0,1,0,0,0,1,0,0,0
0.00324551,0,1,1,1,1,0,0,0,1,0,0,0,1,0,0,0
0.00324555,0,0,1,1,1,0,0,0,1,0,0,0,1,0,0,0
0.00324556,0,1,1,1,1,0,0,0,1,0,0,0,1,0,0,0
0.00324557,1,1,1,1,1,0,0,0,1,0,0,0,1,0,0,0
0.00324558,0,1,1,1,1,0,0,0,1,0,0,0,1,0,0,0
0.0032456,0,0,1,1,1,0,0,0,1,0,0,0,1,0,0,0
0.00324564,1,1,1,1,1,0,0,0,1,0,0,0,1,0,0,0
0.00324565,0,0,1,1,1,0,0,0,1,0,0,0,1,0,0,0
0.00324567,1,1,1,1,1,0,0,0,1,0,0,0,1,0,0,0
0.00324568,0,1,1,1,1,0,0,0,1,0,0,0,1,0,0,0
0.00324569,0,0,1,1,1,0,0,0,1,0,0,0,1,0,0,0
0.00324571,0,1,1,1,1,0,0,0,1,0,0,0,1,0,0,0
0.00324573,0,0,1,1,1,0,0,0,1,0,0,0,1,0,0,0
0.0032461,0,0,1,0,1,0,0,0,1,0,0,0,1,0,0,0
0.00324611,0,0,1,1,1,0,0,0,1,0,0,0,1,0,0,0
0.00324613,0,0,1,0,1,0,0,0,1,0,0,0,1,0,0,0
0.00324614,0,0,1,1,1,0,0,0,1,0,0,0,1,0,0,0
0.00324616,0,0,1,0,1,0,0,0,1,0,0,0,1,0,0,0
0.00324617,1,1,1,1,1,0,0,0,1,0,0,0,1,0,0,0
0.00324619,1,1,1,1,1,1,1,1,1,0,0,0,1,0,0,0
0.00324621,1,1,1,1,1,1,1,0,1,0,0,0,1,0,0,0
0.00324622,1,1,1,1,1,1,1,1,1,0,0,0,1,0,0,0
0.00324625,1,1,1,1,0,1,1,1,1,0,0,0,1,0,0,0
0.00324626,1,0,0,1,0,0,1,0,1,0,0,0,1,0,0,0
0.00324629,1,1,1,1,0,1,1,0,1,0,0,0,1,0,0,0
0.0032463,1,1,1,1,0,1,1,1,1,0,0,0,1,0,0,0
0.00324632,1,1,1,1,0,1,1,0,1,0,0,0,1,0,0,0
0.00324633,1,0,1,1,0,0,1,0,1,0,0,0,1,0,0,0
0.00324634,1,0,0,1,0,0,1,0,1,0,0,0,1,0,0,0
0.00324637,1,0,1,1,0,0,1,0,1,0,0,0,1,0,0,0
0.00324638,1,1,1,1,0,1,1,0,1,0,0,0,1,0,0,0
0.00324639,1,0,1,1,0,0,1,0,1,0,0,0,1,0,0,0
0.00324642,1,0,0,1,0,0,1,0,1,0,0,0,1,0,0,0
0.00324644,1,0,1,1,0,0,1,0,1,0,0,0,1,0,0,0
0.00324657,1,0,0,1,0,0,1,0,1,0,0,0,1,0,0,0
0.0032466,1,0,1,1,0,0,1,0,1,0,0,0,1,0,0,0
0.00324662,1,0,1,1,0,0,1,0,1,0,0,0,0,0,0,0
0.00324663,1,0,0,1,0,0,1,0,1,0,0,1,0,0,1,0
0.00324667,1,0,1,1,0,0,1,0,1,0,0,1,0,0,1,0
0.00324669,1,0,0,1,0,0,1,0,1,0,0,1,0,0,1,0
0.00324672,1,0,1,1,0,0,1,0,1,0,0,1,0,0,1,0
0.00324673,1,0,0,1,0,0,1,0,1,0,0,1,0,0,1,0
0.00324713,1,0,1,1,0,0,1,0,1,0,0,1,0,0,1,0
0.00324714,1,0,1,1,0,1,1,0,1,0,0,1,0,0,1,0
0.00324715,1,1,1,1,0,1,1,0,1,0,0,1,0,0,1,0
0.00324716,1,0,0,0,0,0,0,0,1,0,0,1,0,0,1,0
0.00324717,0,0,0,0,0,1,1,0,1,0,0,1,0,0,1,0
0.00324718,0,0,0,0,1,1,1,1,1,0,0,1,0,0,1,0
0.0032472,1,1,1,1,1,1,1,1,1,0,0,1,0,0,1,0
0.00324722,0,1,1,0,1,1,1,1,1,0,0,1,0,0,1,0
0.00324723,0,0,0,0,1,1,1,1,1,0,0,1,0,0,1,0
0.00324727,0,0,1,0,1,1,1,1,1,0,0,1,0,0,1,0
0.00324729,0,0,0,0,1,1,1,1,1,0,0,1,0,0,1,0
0.00324806,1,1,1,1,1,1,1,1,1,0,0,1,0,0,1,0
0.00324807,0,0,0,0,1,1,1,1,1,0,0,1,0,0,1,0
0.00324811,1,1,1,1,1,1,1,1,1,0,0,1,0,0,1,0
0.00324812,0,1,1,1,1,1,1,1,1,0,0,1,0,0,1,0
0.00324813,0,0,0,0,1,1,1,1,1,0,0,1,0,0,1,0
0.00324816,1,1,1,1,1,1,1,1,1,0,0,1,0,0,1,0
0.00324819,1,1,1,1,1,0,0,0,1,0,0,1,0,0,1,0
0.0032482,1,1,1,0,1,0,0,0,1,0,0,1,0,0,1,0
0.00324821,1,1,1,0,1,1,0,0,1,0,0,1,0,0,1,0
0.00324823,1,1,1,1,1,1,1,1,1,0,0,1,0,0,1,0
0.00324826,1,1,1,0,1,1,0,0,1,0,0,1,0,0,1,0
0.0032483,1,1,1,1,1,1,0,0,1,0,0,1,0,0,1,0
0.00324833,1,1,1,0,1,1,0,0,1,0,0,1,0,0,1,0
0.00324838,1,1,1,1,1,1,0,0,1,0,0,1,0,0,1,0
0.00324839,1,1,1,0,1,1,0,0,1,0,0,1,0,0,1,0
0.00324857,1,1,1,0,1,1,0,0,1,0,0,0,0,0,0,0
0.00324859,1,1,1,0,1,1,0,0,1,1,1,0,1,1,0,0
0.00324863,1,1,1,1,1,1,0,0,1,1,1,0,1,1,0,0
0.00324864,1,1,1,0,1,1,0,0,1,1,1,0,1,1,0,0
0.00324866,1,1,1,0,1,1,1,1,1,1,1,0,1,1,0,0
0.00324867,1,1,1,0,1,1,1,1,1,1,1,0,1,1,1,1
0.00324868,1,1,1,1,1,1,1,1,1,1,1,0,1,1,1,1
0.00324869,1,1,1,1,1,1,1,0,1,1,1,0,1,1,0,0
0.0032487,1,1,1,0,1,1,0,0,1,1,1,0,1,1,0,0
0.00324874,1,1,1,1,1,1,1,1,1,1,1,0,1,1,0,0
0.00324876,1,1,1,1,1,1,0,0,1,1,1,0,1,1,0,0
0.00324877,1,1,1,0,1,1,0,0,1,1,1,0,1,1,0,0
0.00324881,1,1,1,1,1,1,0,0,1,1,1,0,1,1,0,0
0.00324882,1,1,1,0,1,1,0,0,1,1,1,0,1,1,0,0
0.00324912,1,1,1,1,1,1,1,1,1,1,1,0,1,1,0,0
0.00324918,1,0,0,0,1,0,1,1,1,1,1,0,1,1,0,0
0.00324922,1,1,1,1,1,1,1,1,1,1,1,0,1,1,0,0
0.00324924,1,0,1,1,1,1,1,1,1,1,1,0,1,1,0,0
0.00324925,1,0,0,0,1,0,1,1,1,1,1,0,1,1,0,0
0.00324929,1,0,0,1,1,0,1,1,1,1,1,0,1,1,0,0
0.00324932,1,0,0,0,1,0,1,1,1,1,1,0,1,1,0,0
0.00325008,1,1,1,1,1,0,1,1,1,1,1,0,1,1,0,0
0.00325009,1,1,1,1,1,1,1,1,1,1,1,0,1,1,0,0
0.00325015,1,0,0,0,0,0,0,0,1,1,1,0,1,1,0,0
0.00325019,1,1,1,1,0,1,1,0,1,1,1,0,1,1,0,0
0.0032502,1,1,1,1,0,1,1,1,1,1,1,0,1,1,0,0
0.00325022,1,1,1,1,0,1,0,0,1,1,1,0,1,1,0,0
0.00325023,1,0,1,1,0,1,0,0,1,1,1,0,1,1,0,0
0.00325024,1,0,0,0,0,0,0,0,1,1,1,0,1,1,0,0
0.00325027,1,0,1,1,0,1,0,0,1,1,1,0,1,1,0,0
0.00325028,1,1,1,1,0,1,0,0,1,1,1,0,1,1,0,0
0.0032503,1,0,1,1,0,1,0,0,1,1,1,0,1,1,0,0
0.00325031,1,0,1,1,0,0,0,0,1,1,1,0,1,1,0,0
0.00325032,1,0,0,0,0,0,0,0,1,1,1,0,1,1,0,0
0.00325034,1,0,1,1,0,0,0,0,1,1,1,0,1,1,0,0
0.00325035,1,0,1,1,0,1,0,0,1,1,1,0,1,1,0,0
0.00325039,1,0,1,1,0,0,0,0,1,1,1,0,1,1,0,0
0.0032504,1,0,1,0,0,0,0,0,1,1,1,0,1,1,0,0
0.00325041,1,0,1,1,0,0,0,0,1,1,1,0,1,1,0,0
0.00325042,1,0,1,0,0,0,0,0,1,1,1,0,1,1,0,0
0.00325043,1,0,1,1,0,0,0,0,1,1,1,0,1,1,0,0
0.00325044,1,0,1,0,0,0,0,0,1,1,1,0,1,1,0,0
0.00325046,1,0,1,1,0,0,0,0,1,1,1,0,1,1,0,0
0.00325048,1,0,0,0,0,0,0,0,1,1,1,0,1,1,0,0
0.00325049,1,0,1,0,0,0,0,0,1,1,1,0,1,1,0,0
0.00325051,1,0,1,1,0,0,0,0,1,1,1,0,1,1,0,0
0.00325052,1,0,1,0,0,0,0,0,1,1,1,0,1,1,0,0
0.00325057,1,0,0,0,0,0,0,0,1,1,1,0,1,1,0,0
0.00325058,1,0,1,0,0,0,0,0,1,1,1,0,1,1,0,0
0.00325062,1,0,0,0,0,0,0,0,1,1,1,0,1,1,0,0
0.00325068,1,0,1,0,0,0,0,0,1,1,1,0,1,1,0,0
0.00325069,1,0,0,0,0,0,0,0,1,1,1,0,1,1,0,0
0.00325105,1,0,1,0,0,0,0,0,1,1,1,0,1,1,0,0
0.00325106,1,0,1,1,0,1,0,0,1,1,1,0,1,1,0,0
0.00325107,1,1,1,1,0,1,1,1,1,1,1,0,1,1,0,0
0.00325108,1,1,1,1,1,1,1,1,1,1,1,0,1,1,0,0
0.00325206,1,1,1,1,1,0,1,0,1,1,1,0,1,1,0,0
0.00325207,1,1,0,1,1,0,0,0,1,1,1,0,1,1,0,0
0.00325208,0,1,0,0,1,0,0,0,1,1,1,0,1,1,0,0
0.00325213,0,1,1,1,1,1,0,0,1,1,1,0,1,1,0,0
0.00325214,0,1,1,0,1,0,0,0,1,1,1,0,1,1,0,0
0.00325215,0,1,0,0,1,0,0,0,1,1,1,0,1,1,0,0
0.00325248,0,1,0,0,1,0,0,0,0,1,0,0,1,0,0,0
0.00325301,1,1,1,1,1,0,0,0,0,1,0,0,1,0,0,0
0.00325302,1,1,1,1,1,1,1,0,0,1,0,0,1,0,0,0
0.00325303,1,1,1,1,1,1,0,0,0,1,0,0,1,0,0,0
0.00325305,1,1,1,1,1,1,1,1,0,1,0,0,1,0,0,0
0.00325309,0,0,0,0,1,0,0,0,0,1,0,0,1,0,0,0
0.00325313,1,1,1,1,1,1,1,0,0,1,0,0,1,0,0,0
0.00325315,1,1,1,1,1,1,1,1,0,1,0,0,1,0,0,0
0.00325316,1,1,1,1,1,1,1,0,0,1,0,0,1,0,0,0
0.00325317,0,0,1,1,1,0,0,0,0,1,0,0,1,0,0,0
0.00325318,0,0,0,0,1,0,0,0,0,1,0,0,1,0,0,0
0.00325321,0,0,1,1,1,0,0,0,0,1,0,0,1,0,0,0
0.00325325,0,0,1,0,1,0,0,0,0,1,0,0,1,0,0,0
0.00325326,0,0,0,0,1,0,0,0,0,1,0,0,1,0,0,0
0.00325329,0,0,1,0,1,0,0,0,0,1,0,0,1,0,0,0
0.00325333,0,0,0,0,1,0,0,0,0,1,0,0,1,0,0,0
0.00325398,1,0,0,0,1,0,0,0,0,1,0,0,1,0,0,0
0.00325399,1,1,1,0,1,0,0,0,0,1,0,0,1,0,0,0
0.003254,0,0,0,0,1,1,1,1,0,1,0,0,1,0,0,0
0.00325401,1,1,1,1,1,1,1,1,0,1,0,0,1,0,0,0
0.00325405,1,0,0,0,1,0,0,0,0,1,0,0,1,0,0,0
0.00325409,1,1,1,1,1,1,1,0,0,1,0,0,1,0,0,0
0.0032541,1,1,1,1,1,1,1,1,0,1,0,0,1,0,0,0
0.00325411,1,1,1,1,1,1,1,0,0,1,0,0,1,0,0,0
0.00325412,1,0,1,1,1,0,0,0,0,1,0,0,1,0,0,0
0.00325413,1,0,0,0,1,0,0,0,0,1,0,0,1,0,0,0
0.00325417,1,0,1,1,1,0,0,0,0,1,0,0,1,0,0,0
0.00325418,1,1,1,1,1,0,0,0,0,1,0,0,1,0,0,0
0.00325419,1,0,1,0,1,0,0,0,0,1,0,0,1,0,0,0
0.0032542,1,0,0,0,1,0,0,0,0,1,0,0,1,0,0,0
0.00325443,1,0,0,0,1,0,0,0,0,0,0,0,1,0,0,0
0.00325444,1,0,0,0,1,0,0,0,1,0,0,0,1,0,0,0
0.00325451,1,0,0,0,1,0,0,0,0,0,0,0,1,0,0,0
0.00325452,1,0,0,0,1,0,0,0,1,0,0,0,1,0,0,0
0.00325498,1,0,1,1,1,0,0,0,1,0,0,0,1,0,0,0
0.00325499,1,1,1,1,1,1,1,0,1,0,0,0,1,0,0,0
0.003255,1,1,1,1,1,1,1,1,1,0,0,0,1,0,0,0
0.00325504,0,0,0,0,0,1,0,0,1,0,0,0,1,0,0,0
0.00325508,0,1,1,1,0,1,1,1,1,0,0,0,1,0,0,0
0.00325509,1,1,1,1,0,1,1,1,1,0,0,0,1,0,0,0
0.00325512,0,0,1,1,0,1,1,0,1,0,0,0,1,0,0,0
0.00325513,0,0,0,0,0,1,0,0,1,0,0,0,1,0,0,0
0.00325516,0,0,1,1,0,1,0,0,1,0,0,0,1,0,0,0
0.00325517,0,1,1,1,0,1,1,0,1,0,0,0,1,0,0,0
0.00325519,0,0,1,1,0,1,0,0,1,0,0,0,1,0,0,0
0.00325521,0,0,1,0,0,1,0,0,1,0,0,0,1,0,0,0
0.00325524,0,0,1,1,0,1,0,0,1,0,0,0,1,0,0,0
0.00325528,0,0,1,0,0,1,0,0,1,0,0,0,1,0,0,0
0.0032554,0,0,0,0,0,1,0,0,1,0,0,0,1,0,0,0
0.00325542,0,0,1,0,0,1,0,0,1,0,0,0,1,0,0,0
0.00325545,0,0,0,0,0,1,0,0,1,0,0,0,1,0,0,0
0.00325546,0,0,1,0,0,1,0,0,1,0,0,0,1,0,0,0
0.00325547,0,0,0,0,0,1,0,0,1,0,0,0,1,0,0,0
0.00325549,0,0,1,0,0,1,0,0,1,0,0,0,1,0,0,0
0.00325551,0,0,0,0,0,1,0,0,1,0,0,0,1,0,0,0
0.00325594,1,1,1,1,0,1,0,0,1,0,0,0,1,0,0,0
0.00325596,1,1,1,1,1,1,1,1,1,0,0,0,1,0,0,0
0.00325601,1,0,0,1,0,0,1,0,1,0,0,0,1,0,0,0
0.00325605,1,1,1,1,0,1,1,1,1,0,0,0,1,0,0,0
0.00325606,1,1,1,1,1,1,1,1,1,0,0,0,1,0,0,0
0.00325607,1,1,1,1,0,0,1,1,1,0,0,0,1,0,0,0
0.00325608,1,0,0,1,0,0,1,0,1,0,0,0,1,0,0,0
0.00325613,1,0,1,1,0,0,1,0,1,0,0,0,1,0,0,0
0.00325615,1,0,0,1,0,0,1,0,1,0,0,0,1,0,0,0
0.00325638,1,0,0,1,0,0,1,0,1,0,0,0,0,0,0,0
0.00325639,1,0,0,1,0,0,1,0,1,0,0,1,0,0,1,0
0.00325691,1,1,1,1,0,0,1,0,1,0,0,1,0,0,1,0
0.00325692,1,1,1,1,0,0,0,0,1,0,0,1,0,0,1,0
0.00325693,0,0,0,0,0,0,0,0,1,0,0,1,0,0,1,0
0.00325694,0,0,0,0,1,0,0,0,1,0,0,1,0,0,1,0
0.00325697,0,1,1,0,1,0,0,0,1,0,0,1,0,0,1,0
0.00325698,0,1,1,1,1,1,0,0,1,0,0,1,0,0,1,0
0.00325699,0,0,1,0,1,0,0,0,1,0,0,1,0,0,1,0
0.003257,0,0,0,0,1,0,0,0,1,0,0,1,0,0,1,0
0.00325788,0,1,1,0,1,0,0,0,1,0,0,1,0,0,1,0
0.00325789,0,0,0,0,1,0,0,0,1,0,0,1,0,0,1,0
0.00325792,0,0,1,0,1,0,0,0,1,0,0,1,0,0,1,0
0.00325793,1,1,1,1,1,1,1,1,1,0,0,1,0,0,1,0
0.00325796,1,1,1,1,1,1,0,0,1,0,0,1,0,0,1,0
0.00325799,1,1,1,1,1,1,1,1,1,0,0,1,0,0,1,0
0.003258,1,1,1,0,1,1,1,1,1,0,0,1,0,0,1,0
0.00325801,1,1,1,0,1,1,0,0,1,0,0,1,0,0,1,0
0.00325834,1,1,1,0,1,1,0,0,1,0,0,0,0,0,0,0
0.00325835,1,1,1,0,1,1,0,0,1,1,1,0,1,1,0,0
0.00325844,1,1,1,1,1,1,0,0,1,1,1,0,1,1,0,0
0.00325845,1,1,1,0,1,1,0,0,1,1,1,0,1,1,0,0
0.00325846,1,1,1,0,1,1,1,1,1,1,1,0,1,1,0,0
0.00325847,1,1,1,0,1,1,0,0,1,1,1,0,1,1,0,0
0.00325887,1,1,1,1,1,1,0,0,1,1,1,0,1,1,0,0
0.00325893,1,1,1,1,1,1,1,1,1,1,1,0,1,1,0,0
0.00325894,0,1,1,1,1,1,1,1,1,1,1,0,1,1,0,0
0.00325895,0,1,1,1,1,1,0,0,1,1,1,0,1,1,0,0
0.00325899,0,1,1,1,1,1,1,0,1,1,1,0,1,1,0,0
0.003259,0,1,1,1,1,1,0,0,1,1,1,0,1,1,0,0
0.00325985,1,1,1,1,1,1,1,1,1,1,1,0,1,1,0,0
0.00325991,1,1,1,1,0,0,1,0,1,1,1,0,1,1,0,0
0.00325992,1,1,0,1,0,0,0,0,1,1,1,0,1,1,0,0
0.00325996,1,1,1,1,0,0,0,0,1,1,1,0,1,1,0,0
0.00325997,1,1,1,1,0,1,1,0,1,1,1,0,1,1,0,0
0.00325998,1,1,0,1,0,0,0,0,1,1,1,0,1,1,0,0
0.00326084,1,1,1,1,0,1,1,1,1,1,1,0,1,1,0,0
0.00326085,1,1,1,1,1,1,1,1,1,1,1,0,1,1,0,0
0.00326184,0,0,1,1,1,1,1,1,1,1,1,0,1,1,0,0
0.00326185,0,0,0,1,1,0,1,0,1,1,1,0,1,1,0,0
0.00326187,1,1,1,1,1,0,1,0,1,1,1,0,1,1,0,0
0.00326188,1,1,1,1,1,1,1,1,1,1,1,0,1,1,0,0
0.00326194,0,0,1,0,1,0,0,0,1,1,1,0,1,1,0,0
0.00326198,0,0,1,0,1,1,0,0,1,1,1,0,1,1,0,0
0.00326199,1,1,1,1,1,1,0,0,1,1,1,0,1,1,0,0
0.00326201,0,0,1,0,1,0,0,0,1,1,1,0,1,1,0,0
0.00326224,0,0,1,0,1,0,0,0,0,0,1,0,1,0,0,0
0.00326277,1,1,1,0,1,0,0,0,0,0,1,0,1,0,0,0
0.00326278,1,1,1,1,1,0,0,0,0,0,1,0,1,0,0,0
0.00326279,1,1,1,1,1,1,1,1,0,0,1,0,1,0,0,0
0.00326382,0,0,0,0,0,0,0,1,0,0,1,0,1,0,0,0
0.00326386,1,1,1,1,0,1,1,1,0,0,1,0,1,0,0,0
0.0032639,1,0,0,1,0,1,0,1,0,0,1,0,1,0,0,0
0.00326391,0,0,0,0,0,0,0,1,0,0,1,0,1,0,0,0
0.00326394,1,0,0,1,0,1,0,1,0,0,1,0,1,0,0,0
0.00326395,1,1,1,1,0,1,0,1,0,0,1,0,1,0,0,0
0.00326397,1,0,0,1,0,1,0,1,0,0,1,0,1,0,0,0
0.00326398,0,0,0,1,0,0,0,1,0,0,1,0,1,0,0,0
0.00326399,0,0,0,0,0,0,0,1,0,0,1,0,1,0,0,0
0.00326402,0,0,0,1,0,1,0,1,0,0,1,0,1,0,0,0
0.00326403,1,0,0,1,0,1,0,1,0,0,1,0,1,0,0,0
0.00326404,0,0,0,1,0,1,0,1,0,0,1,0,1,0,0,0
0.00326406,0,0,0,1,0,0,0,1,0,0,1,0,1,0,0,0
0.00326407,0,0,0,0,0,0,0,1,0,0,1,0,1,0,0,0
0.0032641,0,0,0,1,0,0,0,1,0,0,1,0,1,0,0,0
0.00326411,0,0,0,0,0,0,0,1,0,0,1,0,1,0,0,0
0.00326412,0,0,0,1,0,1,0,1,0,0,1,0,1,0,0,0
0.00326413,0,0,0,1,0,0,0,1,0,0,1,0,1,0,0,0
0.00326415,0,0,0,0,0,0,0,1,0,0,1,0,1,0,0,0
0.00326417,0,0,0,1,0,0,0,1,0,0,1,0,1,0,0,0
0.00326421,0,0,0,0,0,0,0,1,0,0,1,0,1,0,0,0
0.00326426,0,0,0,1,0,0,0,1,0,0,1,0,1,0,0,0
0.00326427,0,0,0,0,0,0,0,1,0,0,1,0,1,0,0,0
0.0032643,0,0,0,1,0,0,0,1,0,0,1,0,1,0,0,0
0.00326431,0,0,0,0,0,0,0,1,0,0,1,0,1,0,0,0
0.00326472,1,0,0,1,0,0,0,1,0,0,1,0,1,0,0,0
0.00326473,0,0,0,0,0,0,0,1,0,0,1,0,1,0,0,0
0.00326475,1,1,1,1,1,1,0,1,0,0,1,0,1,0,0,0
0.00326476,1,1,1,1,1,1,1,1,0,0,1,0,1,0,0,0
0.0032648,0,1,0,0,1,0,1,0,0,0,1,0,1,0,0,0
0.00326481,0,1,0,0,1,0,0,0,0,0,1,0,1,0,0,0
0.00326484,1,1,1,1,1,1,1,0,0,0,1,0,1,0,0,0
0.00326489,1,1,1,1,1,0,0,0,0,0,1,0,1,0,0,0
0.0032649,0,1,0,0,1,0,0,0,0,0,1,0,1,0,0,0
0.00326491,1,1,1,1,1,1,0,0,0,0,1,0,1,0,0,0
0.00326492,1,1,1,1,1,1,1,0,0,0,1,0,1,0,0,0
0.00326496,1,1,1,1,1,1,0,0,0,0,1,0,1,0,0,0
0.003265,1,1,1,1,1,1,1,0,0,0,1,0,1,0,0,0
0.00326503,1,1,1,1,1,1,0,0,0,0,1,0,1,0,0,0
0.00326517,1,1,1,1,1,1,1,0,0,0,0,0,1,0,0,0
0.00326518,1,1,1,1,1,1,0,0,0,1,0,0,1,0,0,0
0.00326523,1,1,1,1,1,1,1,0,0,1,0,0,1,0,0,0
0.00326524,1,1,1,1,1,1,0,0,0,0,0,0,0,0,0,0
0.00326525,1,1,1,1,1,1,0,0,0,1,0,0,1,0,0,0
0.00326528,1,1,1,1,1,0,0,0,0,1,0,0,1,0,0,0
0.00326529,1,1,1,1,1,1,0,0,0,1,0,0,1,0,0,0
0.00326555,1,1,1,1,1,0,0,0,0,1,0,0,1,0,0,0
0.0032656,1,1,1,1,1,1,0,0,0,1,0,0,1,0,0,0
0.00326563,1,1,1,1,1,0,0,0,0,1,0,0,1,0,0,0
0.00326568,1,1,1,1,1,1,0,0,0,1,0,0,1,0,0,0
0.00326569,1,1,1,0,1,0,0,0,0,1,0,0,1,0,0,0
0.0032657,0,1,0,0,1,0,0,0,0,1,0,0,1,0,0,0
0.00326571,0,1,1,1,1,0,0,0,0,1,0,0,1,0,0,0
0.00326572,1,1,1,1,1,1,1,0,0,1,0,0,1,0,0,0
0.00326573,1,1,1,1,1,1,1,1,0,1,0,0,1,0,0,0
0.00326577,1,0,0,0,0,1,1,0,0,1,0,0,1,0,0,0
0.00326578,1,0,0,0,0,0,0,0,0,1,0,0,1,0,0,0
0.00326581,1,1,1,1,0,1,1,0,0,1,0,0,1,0,0,0
0.00326582,1,1,1,1,0,1,1,1,0,1,0,0,1,0,0,0
0.00326585,1,1,1,1,0,1,1,0,0,1,0,0,1,0,0,0
0.00326586,1,0,1,1,0,1,0,0,0,1,0,0,1,0,0,0
0.00326587,1,0,0,0,0,0,0,0,0,1,0,0,1,0,0,0
0.00326588,1,0,1,1,0,1,0,0,0,1,0,0,1,0,0,0
0.00326589,1,0,1,1,0,1,1,0,0,1,0,0,1,0,0,0
0.0032659,1,1,1,1,0,1,1,0,0,1,0,0,1,0,0,0
0.00326593,1,0,1,1,0,1,1,0,0,1,0,0,1,0,0,0
0.00326595,1,0,1,1,0,1,0,0,0,1,0,0,1,0,0,0
0.00326596,1,0,1,1,0,1,1,0,0,1,0,0,1,0,0,0
0.00326614,1,0,1,1,0,1,0,0,0,1,0,0,1,0,0,0
0.00326615,1,0,1,1,0,1,1,0,0,1,0,0,1,0,0,0
0.00326619,1,0,1,1,0,1,0,0,0,1,0,0,1,0,0,0
0.0032662,1,0,1,1,0,1,1,0,0,1,0,0,1,0,0,0
0.00326623,1,0,1,1,0,1,0,0,0,1,0,0,1,0,0,0
0.00326663,1,0,1,1,0,0,0,0,0,1,0,0,1,0,0,0
0.00326664,1,0,1,1,0,1,0,0,0,1,0,0,1,0,0,0
0.00326667,1,0,1,1,0,0,0,0,0,1,0,0,1,0,0,0
0.00326668,1,1,1,1,0,0,0,0,0,1,0,0,1,0,0,0
0.00326669,1,1,1,1,1,0,0,0,0,1,0,0,1,0,0,0
0.0032667,1,1,1,1,1,1,1,1,0,1,0,0,1,0,0,0
0.00326675,1,0,1,0,1,1,1,1,0,1,0,0,1,0,0,0
0.00326676,1,0,0,0,1,0,0,0,0,1,0,0,1,0,0,0
0.00326679,1,1,1,1,1,1,1,0,0,1,0,0,1,0,0,0
0.0032668,1,1,1,1,1,1,1,1,0,1,0,0,1,0,0,0
0.00326682,1,1,1,1,1,1,1,0,0,1,0,0,1,0,0,0
0.00326683,1,1,1,1,1,1,0,0,0,1,0,0,1,0,0,0
0.00326684,1,0,1,0,1,0,0,0,0,1,0,0,1,0,0,0
0.00326685,1,0,0,0,1,0,0,0,0,1,0,0,1,0,0,0
0.00326687,1,0,1,1,1,1,0,0,0,1,0,0,1,0,0,0
0.00326688,1,1,1,1,1,1,1,0,0,1,0,0,1,0,0,0
0.0032669,1,1,1,1,1,1,0,0,0,1,0,0,1,0,0,0
0.00326691,1,0,1,1,1,0,0,0,0,1,0,0,1,0,0,0
0.00326693,1,0,1,0,1,0,0,0,0,1,0,0,1,0,0,0
0.00326694,1,0,1,1,1,0,0,0,0,1,0,0,1,0,0,0
0.00326696,1,0,1,1,1,1,0,0,0,1,0,0,1,0,0,0
0.00326697,1,0,1,1,1,0,0,0,0,1,0,0,1,0,0,0
0.00326712,1,0,1,1,1,0,0,0,0,0,0,0,1,0,0,0
0.00326714,1,0,1,0,1,0,0,0,1,0,0,0,1,0,0,0
0.00326717,1,0,1,1,1,0,0,0,1,0,0,0,1,0,0,0
0.0032672,1,0,1,1,1,0,0,0,0,0,0,0,0,0,0,0
0.00326721,1,0,1,0,1,0,0,0,1,0,0,0,1,0,0,0
0.00326725,1,0,1,1,1,0,0,0,1,0,0,0,1,0,0,0
0.00326729,1,0,1,0,1,0,0,0,1,0,0,0,1,0,0,0
0.00326733,1,0,1,1,1,0,0,0,1,0,0,0,1,0,0,0
0.00326735,1,0,1,0,1,0,0,0,1,0,0,0,1,0,0,0
0.00326752,1,0,0,0,1,0,0,0,1,0,0,0,1,0,0,0
0.00326756,1,0,1,0,1,0,0,0,1,0,0,0,1,0,0,0
0.00326758,1,0,0,0,1,0,0,0,1,0,0,0,1,0,0,0
0.00326761,1,0,1,0,1,0,0,0,1,0,0,0,1,0,0,0
0.00326762,1,0,0,0,1,0,0,0,1,0,0,0,1,0,0,0
0.00326765,1,1,0,0,1,0,0,0,1,0,0,0,1,0,0,0
0.00326766,1,1,1,0,1,0,0,0,1,0,0,0,1,0,0,0
0.00326767,1,0,1,1,1,1,1,0,1,0,0,0,1,0,0,0
0.00326768,1,1,1,1,1,1,0,1,1,0,0,0,1,0,0,0
0.0032677,1,1,1,1,1,1,1,1,1,0,0,0,1,0,0,0
0.00326772,0,1,1,0,0,0,0,0,1,0,0,0,1,0,0,0
0.00326773,0,1,0,0,0,0,0,0,1,0,0,0,1,0,0,0
0.00326777,0,1,1,1,0,1,1,0,1,0,0,0,1,0,0,0
0.00326778,0,1,1,1,0,1,1,1,1,0,0,0,1,0,0,0
0.00326779,0,1,1,1,0,1,1,0,1,0,0,0,1,0,0,0
0.0032678,0,1,1,1,0,0,0,0,1,0,0,0,1,0,0,0
0.00326781,0,1,0,0,0,0,0,0,1,0,0,0,1,0,0,0
0.00326785,0,1,1,1,0,0,0,0,1,0,0,0,1,0,0,0
0.00326788,0,1,0,0,0,0,0,0,1,0,0,0,1,0,0,0
0.00326863,0,1,0,1,0,0,0,0,1,0,0,0,1,0,0,0
0.00326865,0,1,0,0,0,0,0,0,1,0,0,0,1,0,0,0
0.00326866,1,1,1,1,1,1,1,0,1,0,0,0,1,0,0,0
0.00326867,1,1,1,1,1,1,1,1,1,0,0,0,1,0,0,0
0.00326871,0,1,1,0,0,1,1,0,1,0,0,0,1,0,0,0
0.00326872,0,1,0,0,0,0,1,0,1,0,0,0,1,0,0,0
0.00326875,1,1,1,1,0,1,1,0,1,0,0,0,1,0,0,0
0.00326877,1,1,1,1,1,1,1,1,1,0,0,0,1,0,0,0
0.00326878,1,1,1,1,0,1,1,0,1,0,0,0,1,0,0,0
0.0032688,0,1,1,0,0,0,1,0,1,0,0,0,1,0,0,0
0.00326881,0,1,0,0,0,0,1,0,1,0,0,0,1,0,0,0
0.00326883,1,1,1,1,0,1,1,0,1,0,0,0,1,0,0,0
0.00326887,0,1,1,1,0,0,1,0,1,0,0,0,1,0,0,0
0.00326889,0,1,1,0,0,0,1,0,1,0,0,0,1,0,0,0
0.0032689,0,1,1,1,0,0,1,0,1,0,0,0,1,0,0,0
0.00326903,0,1,1,0,0,0,1,0,1,0,0,0,1,0,0,0
0.00326904,0,1,1,1,0,0,1,0,1,0,0,0,1,0,0,0
0.00326908,0,1,1,1,0,0,1,0,0,0,0,0,0,0,1,0
0.00326909,0,1,1,1,0,0,1,0,0,1,0,0,0,0,1,0
0.0032691,0,1,1,0,0,0,1,0,0,1,0,0,0,0,1,0
0.00326913,0,1,1,1,0,0,1,0,0,1,0,0,0,0,1,0
0.00326915,0,1,1,1,0,0,1,0,0,0,0,0,0,0,0,0
0.00326916,0,1,1,0,0,0,1,0,0,1,0,0,0,0,1,0
0.0032692,0,1,1,1,0,0,1,0,0,1,0,0,0,0,1,0
0.00326923,0,1,1,0,0,0,1,0,0,1,0,0,0,0,1,0
0.00326944,0,1,0,0,0,0,1,0,0,1,0,0,0,0,1,0
0.00326945,0,1,1,0,0,0,1,0,0,1,0,0,0,0,1,0
0.00326948,0,1,0,0,0,0,1,0,0,1,0,0,0,0,1,0
0.0032695,0,1,1,0,0,0,1,0,0,1,0,0,0,0,1,0
0.00326953,0,1,0,0,0,0,1,0,0,1,0,0,0,0,1,0
0.00326956,0,1,1,0,0,0,1,0,0,1,0,0,0,0,1,0
0.00326957,0,1,0,0,0,0,1,0,0,1,0,0,0,0,1,0
0.00326959,0,1,1,0,0,0,1,0,0,1,0,0,0,0,1,0
0.0032696,1,1,1,1,0,1,1,0,0,1,0,0,0,0,1,0
0.00326961,1,0,1,1,1,1,0,0,0,1,0,0,0,0,1,0
0.00326962,0,0,0,0,0,0,0,0,0,1,0,0,0,0,1,0
0.00326963,1,0,0,0,0,1,1,1,0,1,0,0,0,0,1,0
0.00326964,1,0,1,1,0,1,0,0,0,1,0,0,0,0,1,0
0.00326965,1,0,1,1,1,1,0,0,0,1,0,0,0,0,1,0
0.00326966,1,0,1,1,0,1,0,0,0,1,0,0,0,0,1,0
0.00326967,1,0,0,0,0,0,0,0,0,1,0,0,0,0,1,0
0.0032697,1,0,1,1,0,0,0,0,0,1,0,0,0,0,1,0
0.00326973,1,0,1,0,0,0,0,0,0,1,0,0,0,0,1,0
0.00326975,1,0,0,0,0,0,0,0,0,1,0,0,0,0,1,0
0.00326978,1,0,1,0,0,0,0,0,0,1,0,0,0,0,1,0
0.00326981,1,0,0,0,0,0,0,0,0,1,0,0,0,0,1,0
0.00327005,1,1,1,1,0,0,0,0,0,1,0,0,0,0,1,0
0.00327008,1,1,1,1,1,1,0,1,0,1,0,0,0,0,1,0
0.00327009,1,1,1,1,0,1,0,0,0,1,0,0,0,0,1,0
0.0032701,1,1,1,1,0,0,0,0,0,1,0,0,0,0,1,0
0.00327051,1,1,1,1,0,1,0,0,0,1,0,0,0,0,1,0
0.00327052,1,1,1,1,0,1,1,1,0,1,0,0,0,0,1,0
0.00327053,0,1,1,1,0,0,0,0,0,1,0,0,0,0,1,0
0.00327057,0,1,1,1,0,1,0,0,0,1,0,0,0,0,1,0
0.00327058,0,1,1,1,0,0,0,0,0,1,0,0,0,0,1,0
0.00327062,1,1,1,1,1,1,1,1,0,1,0,0,0,0,1,0
0.00327065,1,0,1,1,1,0,1,0,0,1,0,0,0,0,1,0
0.00327066,0,0,0,1,1,0,1,0,0,1,0,0,0,0,1,0
0.00327067,0,1,1,1,1,0,1,0,0,1,0,0,0,0,1,0
0.00327068,0,1,1,1,1,0,0,0,0,1,0,0,0,0,1,0
0.00327069,1,1,1,1,1,1,0,1,0,1,0,0,0,0,1,0
0.00327072,1,1,1,1,1,1,1,1,0,1,0,0,0,0,1,0
0.00327073,0,0,1,0,1,1,1,1,0,1,0,0,0,0,1,0
0.00327074,0,0,1,0,1,0,0,0,0,1,0,0,0,0,1,0
0.00327077,1,0,1,0,1,1,0,0,0,1,0,0,0,0,1,0
0.00327078,1,0,1,1,1,1,0,1,0,1,0,0,0,0,1,0
0.0032708,1,0,1,0,1,1,0,0,0,1,0,0,0,0,1,0
0.00327081,0,0,1,0,1,0,0,0,0,1,0,0,0,0,1,0
0.00327085,0,0,1,0,1,1,0,0,0,1,0,0,0,0,1,0
0.00327086,1,0,1,0,1,1,0,0,0,1,0,0,0,0,1,0
0.00327087,0,0,1,0,1,1,0,0,0,1,0,0,0,0,1,0
0.00327089,0,0,1,0,1,0,0,0,0,1,0,0,0,0,1,0
0.00327094,0,0,1,0,1,1,0,0,0,1,0,0,0,0,1,0
0.00327095,0,0,1,0,1,0,0,0,0,1,0,0,0,0,1,0
0.00327103,0,0,1,0,1,1,0,0,0,0,0,0,0,0,0,0
0.00327104,0,0,1,0,1,0,0,0,0,0,1,0,1,0,0,0
0.00327109,0,0,1,0,1,1,0,0,0,0,1,0,1,0,0,0
0.0032711,0,0,1,0,1,0,0,0,0,0,1,0,1,0,0,0
0.00327112,0,1,1,1,1,0,0,0,0,0,1,0,1,0,0,0
0.00327113,0,1,1,1,1,0,0,0,0,1,1,1,1,0,0,0
0.00327114,1,1,1,1,1,1,1,1,0,1,1,1,1,0,0,0
0.00327115,1,0,1,0,1,1,1,1,0,0,1,0,1,0,0,0
0.00327116,0,0,1,0,1,0,0,0,0,0,1,0,1,0,0,0
0.0032712,1,0,1,0,1,1,0,1,0,0,1,0,1,0,0,0
0.00327122,1,0,1,0,1,1,0,0,0,0,1,0,1,0,0,0
0.00327123,0,0,1,0,1,0,0,0,0,0,1,0,1,0,0,0
0.00327128,0,0,1,0,1,1,0,0,0,0,1,0,1,0,0,0
0.0032713,0,0,1,0,1,0,0,0,0,0,1,0,1,0,0,0
0.00327156,1,0,1,1,1,0,0,0,0,0,1,0,1,0,0,0
0.00327157,1,1,1,0,1,1,0,0,0,0,1,0,1,0,0,0
0.00327158,1,0,1,1,1,1,1,1,0,0,1,0,1,0,0,0
0.00327159,1,1,1,1,1,1,1,1,0,0,1,0,1,0,0,0
0.00327164,0,0,1,1,0,1,1,1,0,0,1,0,1,0,0,0
0.00327168,1,0,1,1,0,1,1,1,0,0,1,0,1,0,0,0
0.0032717,0,0,1,1,0,1,1,1,0,0,1,0,1,0,0,0
0.00327254,1,0,1,1,0,1,1,1,0,0,1,0,1,0,0,0
0.00327255,1,1,1,1,0,1,1,1,0,0,1,0,1,0,0,0
0.00327257,1,1,1,1,1,1,1,1,0,0,1,0,1,0,0,0
0.0032726,1,1,0,0,1,0,0,0,0,0,1,0,1,0,0,0
0.00327261,1,0,0,0,0,0,0,0,0,0,1,0,1,0,0,0
0.00327264,1,0,0,0,0,1,0,0,0,0,1,0,1,0,0,0
0.00327265,1,1,1,1,0,1,0,1,0,0,1,0,1,0,0,0
0.00327266,1,1,1,1,1,1,1,1,0,0,1,0,1,0,0,0
0.00327268,1,0,1,1,0,1,0,0,0,0,1,0,1,0,0,0
0.00327269,1,0,0,0,0,0,0,0,0,0,1,0,1,0,0,0
0.00327272,1,0,0,0,0,1,0,0,0,0,1,0,1,0,0,0
0.00327274,1,0,1,1,0,1,0,0,0,0,1,0,1,0,0,0
0.00327275,1,0,0,0,0,1,0,0,0,0,1,0,1,0,0,0
0.00327278,1,0,0,0,0,0,0,0,0,0,1,0,1,0,0,0
0.0032728,1,0,0,0,0,1,0,0,0,0,1,0,1,0,0,0
0.00327295,1,0,0,0,0,0,0,0,0,0,1,0,1,0,0,0
0.00327296,1,0,0,0,0,1,0,0,0,0,1,0,1,0,0,0
0.00327302,1,0,0,0,0,0,0,0,0,0,1,0,1,0,0,0
0.00327303,1,0,0,0,0,1,0,0,0,0,1,0,1,0,0,0
0.00327306,1,0,0,0,0,0,0,0,0,0,1,0,1,0,0,0
0.00327307,1,0,0,0,0,1,0,0,0,0,1,0,1,0,0,0
0.00327309,1,0,0,0,0,0,0,0,0,0,1,0,1,0,0,0
0.00327354,1,1,1,1,1,1,1,1,0,0,1,0,1,0,0,0
0.00327359,1,1,1,0,0,0,0,1,0,0,1,0,1,0,0,0
0.00327362,1,1,1,1,0,1,0,1,0,0,1,0,1,0,0,0
0.00327363,1,1,1,1,1,1,1,1,0,0,1,0,1,0,0,0
0.00327365,1,1,1,0,0,1,0,1,0,0,1,0,1,0,0,0
0.00327366,1,1,1,0,0,0,0,1,0,0,1,0,1,0,0,0
0.0032737,1,1,1,1,0,1,0,1,0,0,1,0,1,0,0,0
0.00327372,1,1,1,0,0,0,0,1,0,0,1,0,1,0,0,0
0.00327396,1,1,1,0,0,0,0,1,0,1,1,0,0,0,0,0
0.00327397,1,1,1,0,0,0,0,1,1,1,1,0,0,0,0,1
0.0032745,1,1,1,1,0,1,1,1,1,1,1,0,0,0,0,1
0.00327451,1,1,1,1,1,1,1,1,1,1,1,0,0,0,0,1
0.00327453,1,1,1,1,0,0,0,1,1,1,1,0,0,0,0,1
0.00327454,1,1,1,1,0,1,1,1,1,1,1,0,0,0,0,1
0.00327455,0,0,1,1,1,1,1,1,1,1,1,0,0,0,0,1
0.00327456,0,0,1,1,0,1,1,1,1,1,1,0,0,0,0,1
0.00327548,1,1,1,1,0,1,1,1,1,1,1,0,0,0,0,1
0.00327549,1,1,1,1,1,1,1,1,1,1,1,0,0,0,0,1
0.0032755,1,1,1,1,1,1,1,0,1,1,1,0,0,0,0,1
0.00327551,1,0,0,0,0,0,0,0,1,1,1,0,0,0,0,1
0.00327553,1,0,0,0,0,1,0,0,1,1,1,0,0,0,0,1
0.00327554,1,1,1,1,1,1,1,1,1,1,1,0,0,0,0,1
0.00327561,1,0,1,0,0,0,0,1,1,1,1,0,0,0,0,1
0.00327565,1,1,1,1,1,1,1,1,1,1,1,0,0,0,0,1
0.00327567,1,1,1,1,0,0,0,1,1,1,1,0,0,0,0,1
0.00327568,1,0,1,0,0,0,0,1,1,1,1,0,0,0,0,1
0.00327573,1,0,1,1,0,0,0,1,1,1,1,0,0,0,0,1
0.00327575,1,0,1,0,0,0,0,1,1,1,1,0,0,0,0,1
0.00327591,1,0,1,0,0,0,0,1,1,0,1,0,0,0,0,0
0.00327592,1,0,1,0,0,0,0,1,1,0,1,0,0,0,0,1
0.00327644,1,0,1,1,0,1,0,1,1,0,1,0,0,0,0,1
0.00327645,1,0,1,1,0,1,1,1,1,0,1,0,0,0,0,1
0.00327646,1,1,1,1,1,1,1,1,1,0,1,0,0,0,0,1
0.00327647,0,0,1,1,1,1,1,1,1,0,1,0,0,0,0,1
0.00327648,0,0,1,1,0,1,1,1,1,0,1,0,0,0,0,1
0.00327743,1,0,1,1,0,1,1,1,1,0,1,0,0,0,0,1
0.00327744,1,1,1,1,0,1,1,1,1,0,1,0,0,0,0,1
0.00327745,1,1,1,1,1,1,1,1,1,0,1,0,0,0,0,1
0.00327748,0,1,0,1,1,0,1,0,1,0,1,0,0,0,0,1
0.00327749,0,0,0,1,1,0,1,0,1,0,1,0,0,0,0,1
0.00327751,0,0,0,1,1,0,1,1,1,0,1,0,0,0,0,1
0.00327752,0,1,1,1,1,1,1,1,1,0,1,0,0,0,0,1
0.00327753,1,1,1,1,1,1,1,1,1,0,1,0,0,0,0,1
0.00327755,1,1,1,1,0,0,0,1,1,0,1,0,0,0,0,1
0.00327756,0,0,0,1,0,0,0,1,1,0,1,0,0,0,0,1
0.0032776,1,1,1,1,0,1,0,1,1,0,1,0,0,0,0,1
0.00327762,0,1,1,1,0,1,0,1,1,0,1,0,0,0,0,1
0.00327763,0,0,1,1,0,0,0,1,1,0,1,0,0,0,0,1
0.00327764,0,0,0,1,0,0,0,1,1,0,1,0,0,0,0,1
0.00327768,0,0,1,1,0,0,0,1,1,0,1,0,0,0,0,1
0.00327771,0,0,0,1,0,0,0,1,1,0,1,0,0,0,0,1
0.00327776,0,0,1,1,0,0,0,1,1,0,1,0,0,0,0,1
0.00327779,0,0,0,1,0,0,0,1,1,0,1,0,0,0,0,1
0.00327786,0,0,1,1,0,0,0,1,0,0,0,0,0,0,0,0
0.00327787,0,0,1,1,0,0,0,1,0,0,0,0,0,0,0,1
0.00327788,0,0,0,1,0,0,0,1,0,0,0,1,0,0,0,1
0.00327792,0,0,1,1,0,0,0,1,0,0,0,1,0,0,0,1
0.00327794,0,0,1,1,0,0,0,1,0,0,0,0,0,0,0,0
0.00327795,0,0,0,1,0,0,0,1,0,0,0,1,0,0,0,1
0.003278,0,0,1,1,0,0,0,1,0,0,0,1,0,0,0,1
0.00327802,0,0,0,1,0,0,0,1,0,0,0,1,0,0,0,1
0.00327808,0,0,1,1,0,0,0,1,0,0,0,1,0,0,0,1
0.00327809,0,0,0,1,0,0,0,1,0,0,0,1,0,0,0,1
0.00327839,1,1,0,1,0,0,0,1,0,0,0,1,0,0,0,1
0.0032784,1,1,1,1,0,0,0,1,0,0,0,1,0,0,0,1
0.00327841,0,0,1,1,0,1,0,1,0,0,0,1,0,0,0,1
0.00327842,1,1,1,1,1,1,0,1,0,0,0,1,0,0,0,1
0.00327844,1,1,1,1,1,1,1,1,0,0,0,1,0,0,0,1
0.00327846,1,0,1,0,0,1,0,0,0,0,0,1,0,0,0,1
0.00327847,1,0,0,0,0,0,0,0,0,0,0,1,0,0,0,1
0.0032785,1,0,1,0,0,0,0,0,0,0,0,1,0,0,0,1
0.00327851,1,1,1,1,0,1,0,0,0,0,0,1,0,0,0,1
0.00327852,1,1,1,1,0,1,0,1,0,0,0,1,0,0,0,1
0.00327853,1,1,1,0,0,1,0,0,0,0,0,1,0,0,0,1
0.00327854,1,0,1,0,0,1,0,0,0,0,0,1,0,0,0,1
0.00327855,1,0,0,0,0,0,0,0,0,0,0,1,0,0,0,1
0.00327859,1,0,1,0,0,1,0,0,0,0,0,1,0,0,0,1
0.00327861,1,0,1,0,0,0,0,0,0,0,0,1,0,0,0,1
0.00327862,1,0,0,0,0,0,0,0,0,0,0,1,0,0,0,1
0.00327943,1,0,0,1,1,0,0,0,0,0,0,1,0,0,0,1
0.00327944,1,1,0,1,1,0,0,1,0,0,0,1,0,0,0,1
0.00327945,1,1,0,1,1,0,1,1,0,0,0,1,0,0,0,1
0.00327946,1,1,1,1,1,1,1,1,0,0,0,1,0,0,0,1
0.00327948,1,1,1,1,1,1,0,1,0,0,0,1,0,0,0,1
0.00327949,1,1,1,0,1,0,0,1,0,0,0,1,0,0,0,1
0.0032795,1,1,0,0,0,0,0,1,0,0,0,1,0,0,0,1
0.00327954,1,1,1,1,0,1,0,1,0,0,0,1,0,0,0,1
0.00327956,1,1,1,0,0,1,0,1,0,0,0,1,0,0,0,1
0.00327957,1,1,0,0,0,0,0,1,0,0,0,1,0,0,0,1
0.00327982,1,1,0,0,0,0,0,1,0,0,0,0,0,0,0,1
0.00327983,1,1,0,0,0,0,0,1,1,1,0,0,0,0,0,1
0.00327989,1,1,0,0,0,0,0,1,0,0,0,0,0,0,0,0
0.0032799,1,1,0,0,0,0,0,1,1,1,0,0,0,0,0,1
0.00328034,1,1,1,1,0,0,0,1,1,1,0,0,0,0,0,1
0.00328035,1,1,1,1,1,1,0,1,1,1,0,0,0,0,0,1
0.00328036,1,1,1,1,1,1,1,1,1,1,0,0,0,0,0,1
0.00328037,1,0,1,1,1,1,1,0,1,1,0,0,0,0,0,1
0.00328038,1,0,0,0,0,0,0,0,1,1,0,0,0,0,0,1
0.00328042,1,0,1,0,0,1,0,0,1,1,0,0,0,0,0,1
0.00328043,1,0,1,1,0,1,1,0,1,1,0,0,0,0,0,1
0.00328044,1,0,1,1,0,1,0,0,1,1,0,0,0,0,0,1
0.00328045,1,0,0,0,0,0,0,0,1,1,0,0,0,0,0,1
0.00328135,1,0,1,0,0,1,0,0,1,1,0,0,0,0,0,1
0.00328136,1,1,1,1,1,1,1,1,1,1,0,0,0,0,0,1
0.00328139,1,1,1,1,1,0,1,0,1,1,0,0,0,0,0,1
0.0032814,0,1,1,1,1,0,1,0,1,1,0,0,0,0,0,1
0.00328141,1,1,1,1,1,1,1,1,1,1,0,0,0,0,0,1
0.00328146,0,0,0,1,1,1,0,0,1,1,0,0,0,0,0,1
0.0032815,0,0,1,1,1,1,0,0,1,1,0,0,0,0,0,1
0.00328151,1,1,1,1,1,1,1,1,1,1,0,0,0,0,0,1
0.00328152,0,1,1,1,1,1,1,1,1,1,0,0,0,0,0,1
0.00328153,0,0,0,1,1,1,0,0,1,1,0,0,0,0,0,1
0.00328177,0,0,0,1,1,1,0,0,0,0,0,0,0,0,0,0
0.00328178,0,0,0,1,1,1,0,0,0,0,0,1,1,1,0,0
0.0032823,0,1,1,1,1,1,0,0,0,0,0,1,1,1,0,0
0.00328231,0,0,1,1,1,1,1,1,0,0,0,1,1,1,0,0
0.00328232,1,1,1,1,0,1,1,1,0,0,0,1,1,1,0,0
0.00328233,0,0,1,1,0,1,1,1,0,0,0,1,1,1,0,0
0.00328327,1,1,1,1,0,1,1,1,0,0,0,1,1,1,0,0
0.00328328,1,1,1,1,1,1,1,1,0,0,0,1,1,1,0,0
0.00328329,1,1,1,0,1,0,1,0,0,0,0,1,1,1,0,0
0.0032833,1,0,0,0,0,0,0,0,0,0,0,1,1,1,0,0
0.00328334,1,1,1,0,0,0,0,0,0,0,0,1,1,1,0,0
0.00328335,1,1,1,1,0,1,1,0,0,0,0,1,1,1,0,0
0.00328336,1,1,1,0,0,0,0,0,0,0,0,1,1,1,0,0
0.00328337,1,0,0,0,0,0,0,0,0,0,0,1,1,1,0,0
0.00328427,1,1,1,1,0,1,1,0,0,0,0,1,1,1,0,0
0.00328428,1,1,1,1,1,1,1,1,0,0,0,1,1,1,0,0
0.00328523,1,0,1,1,0,1,1,1,0,0,0,1,1,1,0,0
0.00328526,1,1,1,1,1,1,1,1,0,0,0,1,1,1,0,0
0.00328529,0,1,0,0,1,0,0,0,0,0,0,1,1,1,0,0
0.00328533,0,1,1,1,1,1,0,0,0,0,0,1,1,1,0,0
0.00328534,1,1,1,1,1,1,1,0,0,0,0,1,1,1,0,0
0.00328535,1,1,1,1,1,1,1,1,0,0,0,1,1,1,0,0
0.00328536,0,1,1,1,1,1,0,0,0,0,0,1,1,1,0,0
0.00328537,0,1,0,0,1,0,0,0,0,0,0,1,1,1,0,0
0.00328542,0,1,1,0,1,0,0,0,0,0,0,1,1,1,0,0
0.00328544,0,1,0,0,1,0,0,0,0,0,0,1,1,1,0,0
0.00328567,0,1,0,0,1,0,0,0,0,0,0,0,1,0,0,0
0.00328568,0,1,0,0,1,0,0,0,0,1,0,0,1,0,0,0
0.00328575,0,1,0,0,1,0,0,0,0,1,0,0,0,0,0,0
0.00328576,1,1,1,1,1,1,1,1,0,1,0,0,1,0,0,0
0.00328577,1,1,1,1,1,1,1,1,0,1,1,1,1,1,1,1
0.00328578,1,1,1,1,1,1,1,1,0,1,1,0,1,1,1,1
0.00328579,1,1,1,1,1,1,1,0,0,1,1,1,1,0,0,0
0.0032858,0,1,0,0,1,0,0,0,0,1,0,0,1,0,0,0
0.00328584,1,1,1,1,1,1,1,0,0,1,0,0,1,0,0,0
0.00328585,1,1,1,1,1,1,1,1,0,1,0,0,1,0,0,0
0.00328586,1,1,1,1,1,1,1,0,0,1,0,0,1,0,0,0
0.00328587,1,1,1,0,1,0,0,0,0,1,0,0,1,0,0,0
0.00328588,0,1,0,0,1,0,0,0,0,1,0,0,1,0,0,0
0.00328592,0,1,1,0,1,0,0,0,0,1,0,0,1,0,0,0
0.00328594,0,1,0,0,1,0,0,0,0,1,0,0,1,0,0,0
0.00328622,0,1,1,0,1,0,0,0,0,1,0,0,1,0,0,0
0.00328623,1,1,1,1,1,1,1,1,0,1,0,0,1,0,0,0
0.00328627,1,1,1,1,0,1,1,1,0,1,0,0,1,0,0,0
0.00328628,0,1,0,0,0,0,0,0,0,1,0,0,1,0,0,0
0.00328631,1,1,1,1,0,1,1,0,0,1,0,0,1,0,0,0
0.00328632,1,1,1,1,0,1,1,1,0,1,0,0,1,0,0,0
0.00328635,1,1,1,1,0,1,1,0,0,1,0,0,1,0,0,0
0.00328636,1,1,1,1,0,1,0,0,0,1,0,0,1,0,0,0
0.00328637,0,1,1,0,0,0,0,0,0,1,0,0,1,0,0,0
0.00328638,0,1,0,0,0,0,0,0,0,1,0,0,1,0,0,0
0.00328639,1,1,1,1,0,1,0,0,0,1,0,0,1,0,0,0
0.0032864,1,1,1,1,0,1,1,0,0,1,0,0,1,0,0,0
0.00328644,1,1,1,1,0,1,0,0,0,1,0,0,1,0,0,0
0.00328648,1,1,1,1,0,1,1,0,0,1,0,0,1,0,0,0
0.00328651,1,1,1,1,0,1,0,0,0,1,0,0,1,0,0,0
0.0032868,1,1,1,1,0,0,0,0,0,1,0,0,1,0,0,0
0.00328681,1,1,1,1,0,1,0,0,0,1,0,0,1,0,0,0
0.00328684,1,1,1,1,0,0,0,0,0,1,0,0,1,0,0,0
0.00328706,0,1,1,1,0,0,0,0,0,1,0,0,1,0,0,0
0.00328708,1,1,1,1,0,0,0,0,0,1,0,0,1,0,0,0
0.00328711,0,1,1,0,0,0,0,0,0,1,0,0,1,0,0,0
0.00328712,1,1,1,1,0,0,0,0,0,1,0,0,1,0,0,0
0.00328713,0,1,1,0,0,0,0,0,0,1,0,0,1,0,0,0
0.00328715,0,1,1,1,0,0,0,0,0,1,0,0,1,0,0,0
0.00328716,0,1,1,0,0,0,0,0,0,1,0,0,1,0,0,0
0.00328717,1,1,1,1,0,0,0,0,0,1,0,0,1,0,0,0
0.00328718,0,1,0,1,0,0,0,0,0,1,0,0,1,0,0,0
0.00328719,1,1,1,1,0,1,1,1,0,1,0,0,1,0,0,0
0.00328721,1,1,1,1,1,1,1,1,0,1,0,0,1,0,0,0
0.00328726,1,0,0,0,1,0,0,0,0,1,0,0,1,0,0,0
0.0032873,1,0,1,1,1,1,1,1,0,1,0,0,1,0,0,0
0.00328731,1,1,1,1,1,1,1,1,0,1,0,0,1,0,0,0
0.00328733,1,0,1,1,1,1,1,0,0,1,0,0,1,0,0,0
0.00328734,1,0,1,0,1,0,0,0,0,1,0,0,1,0,0,0
0.00328735,1,0,0,0,1,0,0,0,0,1,0,0,1,0,0,0
0.00328737,1,0,1,0,1,0,0,0,0,1,0,0,1,0,0,0
0.00328738,1,0,1,1,1,1,0,0,0,1,0,0,1,0,0,0
0.00328741,1,0,1,1,1,0,0,0,0,1,0,0,1,0,0,0
0.00328742,1,0,1,0,1,0,0,0,0,1,0,0,1,0,0,0
0.00328745,1,0,1,1,1,0,0,0,0,1,0,0,1,0,0,0
0.00328751,1,0,1,0,1,0,0,0,0,1,0,0,1,0,0,0
0.00328753,1,0,1,1,1,0,0,0,0,1,0,0,1,0,0,0
0.00328758,1,0,1,0,1,0,0,0,0,1,0,0,1,0,0,0
0.00328762,1,0,1,1,1,0,0,0,0,1,0,0,1,0,0,0
0.00328763,1,0,1,1,1,0,0,0,0,0,0,0,1,0,0,0
0.00328764,1,0,1,0,1,0,0,0,1,0,0,0,1,0,0,0
0.00328768,1,0,1,1,1,0,0,0,1,0,0,0,1,0,0,0
0.0032877,1,0,1,1,1,0,0,0,0,0,0,0,0,0,0,0
0.00328771,1,0,0,0,1,0,0,0,1,0,0,0,1,0,0,0
0.00328772,1,0,1,0,1,0,0,0,1,0,0,0,1,0,0,0
0.00328774,1,0,0,0,1,0,0,0,1,0,0,0,1,0,0,0
0.00328775,1,0,1,0,1,0,0,0,1,0,0,0,1,0,0,0
0.00328776,1,0,1,1,1,0,0,0,1,0,0,0,1,0,0,0
0.00328778,1,0,1,0,1,0,0,0,1,0,0,0,1,0,0,0
0.0032878,1,0,0,0,1,0,0,0,1,0,0,0,1,0,0,0
0.00328781,1,0,1,0,1,0,0,0,1,0,0,0,1,0,0,0
0.00328788,1,0,0,0,1,0,0,0,1,0,0,0,1,0,0,0
0.00328789,1,0,1,0,1,0,0,0,1,0,0,0,1,0,0,0
0.00328793,1,0,0,0,1,0,0,0,1,0,0,0,1,0,0,0
0.00328794,1,0,1,0,1,0,0,0,1,0,0,0,1,0,0,0
0.00328796,1,0,0,0,1,0,0,0,1,0,0,0,1,0,0,0
0.00328799,1,0,1,0,1,0,0,0,1,0,0,0,1,0,0,0
0.00328801,1,0,0,0,1,0,0,0,1,0,0,0,1,0,0,0
0.00328807,1,0,1,0,1,0,0,0,1,0,0,0,1,0,0,0
0.00328808,1,0,0,0,1,0,0,0,1,0,0,0,1,0,0,0
0.00328811,1,0,1,0,1,0,0,0,1,0,0,0,1,0,0,0
0.00328812,1,0,0,0,1,0,0,0,1,0,0,0,1,0,0,0
0.00328816,1,1,0,0,1,0,0,0,1,0,0,0,1,0,0,0
0.00328817,1,0,1,1,1,1,0,0,1,0,0,0,1,0,0,0
0.00328818,1,1,1,1,1,0,0,0,1,0,0,0,1,0,0,0
0.0032882,1,1,1,1,1,1,1,0,1,0,0,0,1,0,0,0
0.00328821,1,1,1,1,1,1,1,1,1,0,0,0,1,0,0,0
0.00328822,0,1,1,1,0,1,1,1,1,0,0,0,1,0,0,0
0.00328823,0,1,0,0,0,0,0,0,1,0,0,0,1,0,0,0
0.00328827,0,1,1,1,0,1,1,0,1,0,0,0,1,0,0,0
0.00328828,1,1,1,1,0,1,1,1,1,0,0,0,1,0,0,0
0.00328829,0,1,1,1,0,1,1,0,1,0,0,0,1,0,0,0
0.0032883,0,1,1,1,0,0,0,0,1,0,0,0,1,0,0,0
0.00328831,0,1,0,0,0,0,0,0,1,0,0,0,1,0,0,0
0.00328835,0,1,1,0,0,0,0,0,1,0,0,0,1,0,0,0
0.00328836,0,1,1,1,0,0,0,0,1,0,0,0,1,0,0,0
0.00328837,0,1,1,0,0,0,0,0,1,0,0,0,1,0,0,0
0.00328838,0,1,0,0,0,0,0,0,1,0,0,0,1,0,0,0
0.00328916,1,1,1,1,0,0,0,0,1,0,0,0,1,0,0,0
0.00328917,1,1,1,1,1,0,1,1,1,0,0,0,1,0,0,0
0.00328918,1,1,1,1,1,1,1,1,1,0,0,0,1,0,0,0
0.00328921,1,1,1,1,0,1,1,0,1,0,0,0,1,0,0,0
0.00328922,0,1,0,0,0,0,1,0,1,0,0,0,1,0,0,0
0.00328925,0,1,1,0,0,0,1,0,1,0,0,0,1,0,0,0
0.00328926,1,1,1,1,0,1,1,0,1,0,0,0,1,0,0,0
0.00328927,1,1,1,1,0,1,1,1,1,0,0,0,1,0,0,0
0.00328928,1,1,1,1,0,1,1,0,1,0,0,0,1,0,0,0
0.00328929,0,1,1,0,0,0,1,0,1,0,0,0,1,0,0,0
0.0032893,0,1,0,0,0,0,1,0,1,0,0,0,1,0,0,0
0.00328934,0,1,1,1,0,0,1,0,1,0,0,0,1,0,0,0
0.00328936,0,1,1,0,0,0,1,0,1,0,0,0,1,0,0,0
0.00328937,0,1,0,0,0,0,1,0,1,0,0,0,1,0,0,0
0.00328958,0,1,0,0,0,0,1,0,0,0,0,0,0,0,0,0
0.00328959,0,1,0,0,0,0,1,0,0,1,0,0,0,0,1,0
0.00328965,0,1,0,0,0,0,1,0,0,0,0,0,0,0,0,0
0.00328966,0,1,0,0,0,0,1,0,0,1,0,0,0,0,1,0
0.0032901,1,1,1,1,0,0,1,0,0,1,0,0,0,0,1,0
0.00329011,1,1,1,1,1,1,1,0,0,1,0,0,0,0,1,0
0.00329012,0,0,0,1,0,0,0,0,0,1,0,0,0,0,1,0
0.00329013,0,0,0,0,0,1,1,0,0,1,0,0,0,0,1,0
0.00329014,0,0,0,0,0,1,1,1,0,1,0,0,0,0,1,0
0.00329015,1,0,1,1,0,0,0,0,0,1,0,0,0,0,1,0
0.00329016,0,0,1,1,0,0,0,0,0,1,0,0,0,0,1,0
0.00329017,0,0,0,0,0,0,0,0,0,1,0,0,0,0,1,0
0.00329021,0,0,1,1,0,0,0,0,0,1,0,0,0,0,1,0
0.00329022,0,0,0,0,0,0,0,0,0,1,0,0,0,0,1,0
0.00329055,0,1,0,0,0,0,0,0,0,1,0,0,0,0,1,0
0.00329056,0,1,1,1,0,0,0,0,0,1,0,0,0,0,1,0
0.00329058,1,1,1,1,0,1,0,0,0,1,0,0,0,0,1,0
0.00329059,0,1,1,1,0,0,0,0,0,1,0,0,0,0,1,0
0.00329102,0,1,1,1,0,1,1,1,0,1,0,0,0,0,1,0
0.00329103,0,0,1,1,0,0,0,0,0,1,0,0,0,0,1,0
0.00329108,0,0,1,1,0,1,0,0,0,1,0,0,0,0,1,0
0.00329109,0,0,1,1,0,0,0,0,0,1,0,0,0,0,1,0
0.00329112,1,1,1,1,1,1,1,1,0,1,0,0,0,0,1,0
0.00329116,0,1,1,0,1,0,0,0,0,1,0,0,0,0,1,0
0.0032912,1,0,1,1,1,1,1,1,0,1,0,0,0,0,1,0
0.00329121,0,0,1,0,1,0,0,0,0,1,0,0,0,0,1,0
0.00329153,0,0,1,0,1,0,0,0,0,0,0,0,0,0,0,0
0.00329154,0,0,1,0,1,0,0,0,0,0,0,0,1,0,0,0
0.00329155,0,0,1,0,1,0,0,0,0,0,1,0,1,0,0,0
0.00329161,0,0,1,0,1,0,0,0,0,0,0,0,0,0,0,0
0.00329162,0,0,1,1,1,0,0,0,0,0,1,0,1,0,0,0
0.00329163,0,0,1,1,1,0,0,0,0,0,1,1,1,0,0,0
0.00329164,1,0,1,1,1,0,0,0,0,0,1,1,1,0,0,0
0.00329165,1,0,1,0,1,1,1,1,0,0,1,1,1,0,0,0
0.00329166,0,0,1,0,1,0,0,0,0,0,1,0,1,0,0,0
0.00329206,1,1,1,1,1,0,0,0,0,0,1,0,1,0,0,0
0.00329207,1,1,1,0,1,0,0,0,0,0,1,0,1,0,0,0
0.00329208,1,1,1,1,1,0,1,0,0,0,1,0,1,0,0,0
0.0032921,1,1,1,1,1,0,1,1,0,0,1,0,1,0,0,0
0.00329211,1,1,1,1,1,1,1,1,0,0,1,0,1,0,0,0
0.00329214,1,0,0,0,0,1,1,1,0,0,1,0,1,0,0,0
0.00329215,1,0,0,0,0,0,1,0,0,0,1,0,1,0,0,0
0.00329219,1,0,1,1,0,1,1,0,0,0,1,0,1,0,0,0
0.0032922,1,0,1,1,0,1,1,1,0,0,1,0,1,0,0,0
0.00329221,1,0,0,0,0,1,1,0,0,0,1,0,1,0,0,0
0.00329222,1,0,0,0,0,0,1,0,0,0,1,0,1,0,0,0
0.00329304,1,0,1,0,0,0,1,0,0,0,1,0,1,0,0,0
0.00329305,1,1,1,1,0,0,1,0,0,0,1,0,1,0,0,0
0.00329307,1,1,1,1,1,0,1,1,0,0,1,0,1,0,0,0
0.00329309,1,1,1,1,1,1,1,1,0,0,1,0,1,0,0,0
0.00329311,1,1,0,1,0,0,0,0,0,0,1,0,1,0,0,0
0.00329315,1,1,1,1,0,1,0,0,0,0,1,0,1,0,0,0
0.00329316,1,1,1,1,1,1,1,1,0,0,1,0,1,0,0,0
0.00329317,1,1,1,1,0,1,0,0,0,0,1,0,1,0,0,0
0.00329318,1,1,0,1,0,0,0,0,0,0,1,0,1,0,0,0
0.00329404,1,1,1,1,1,1,1,0,0,0,1,0,1,0,0,0
0.00329405,1,1,1,1,1,1,1,1,0,0,1,0,1,0,0,0
0.00329408,1,1,1,1,0,1,0,1,0,0,1,0,1,0,0,0
0.00329409,1,1,1,0,0,0,0,1,0,0,1,0,1,0,0,0
0.00329446,1,1,1,0,0,0,0,1,0,1,1,0,0,0,0,0
0.00329447,1,1,1,0,0,0,0,1,1,1,1,0,0,0,0,1
0.00329501,1,1,1,1,0,1,0,1,1,1,1,0,0,0,0,1
0.00329502,1,1,1,1,0,1,1,1,1,1,1,0,0,0,0,1
0.00329503,1,1,1,1,1,1,1,1,1,1,1,0,0,0,0,1
0.00329504,1,0,1,1,1,1,1,1,1,1,1,0,0,0,0,1
0.00329505,1,0,1,0,0,1,1,1,1,1,1,0,0,0,0,1
0.00329506,1,0,0,0,0,0,1,0,1,1,1,0,0,0,0,1
0.00329511,1,0,0,1,0,0,1,0,1,1,1,0,0,0,0,1
0.00329512,1,0,0,0,0,0,1,0,1,1,1,0,0,0,0,1
0.00329599,1,1,0,1,0,0,1,0,1,1,1,0,0,0,0,1
0.003296,1,1,1,1,0,0,0,0,1,1,1,0,0,0,0,1
0.00329601,1,1,0,1,0,0,0,0,1,1,1,0,0,0,0,1
0.00329603,1,1,0,1,0,1,0,0,1,1,1,0,0,0,0,1
0.00329604,1,1,1,1,1,1,1,1,1,1,1,0,0,0,0,1
0.00329607,1,1,1,0,0,0,0,1,1,1,1,0,0,0,0,1
0.00329609,1,0,1,0,0,0,0,1,1,1,1,0,0,0,0,1
0.00329641,1,0,1,0,0,0,0,1,1,0,1,0,0,0,0,1
0.00329695,1,0,1,0,0,1,1,1,1,0,1,0,0,0,0,1
0.00329696,1,1,1,1,1,1,1,1,1,0,1,0,0,0,0,1
0.00329697,1,1,0,1,1,1,1,0,1,0,1,0,0,0,0,1
0.00329698,1,0,0,0,0,0,1,0,1,0,1,0,0,0,0,1
0.00329793,1,0,1,0,0,0,1,0,1,0,1,0,0,0,0,1
0.00329795,1,1,1,1,1,1,1,1,1,0,1,0,0,0,0,1
0.00329799,1,1,0,0,1,0,0,0,1,0,1,0,0,0,0,1
0.00329801,1,1,1,1,0,0,0,1,1,0,1,0,0,0,0,1
0.00329802,1,1,1,1,0,1,1,1,1,0,1,0,0,0,0,1
0.00329803,1,1,0,1,0,1,1,1,1,0,1,0,0,0,0,1
0.00329804,0,0,0,1,0,1,1,1,1,0,1,0,0,0,0,1
0.00329805,0,0,0,1,0,0,0,1,1,0,1,0,0,0,0,1
0.00329809,0,0,0,1,0,1,1,1,1,0,1,0,0,0,0,1
0.00329812,0,0,0,1,0,1,0,1,1,0,1,0,0,0,0,1
0.00329813,0,0,0,1,0,0,0,1,1,0,1,0,0,0,0,1
0.00329817,0,0,0,1,0,1,0,1,1,0,1,0,0,0,0,1
0.0032982,0,0,0,1,0,0,0,1,1,0,1,0,0,0,0,1
0.00329837,0,0,0,1,0,0,0,1,0,0,0,0,0,0,0,1
0.00329838,0,0,0,1,0,0,0,1,0,0,0,1,0,0,0,1
0.00329891,0,0,0,1,0,1,1,1,0,0,0,1,0,0,0,1
0.00329892,0,1,1,1,1,0,0,1,0,0,0,1,0,0,0,1
0.00329893,1,1,1,1,1,0,0,1,0,0,0,1,0,0,0,1
0.00329894,1,1,1,1,1,1,1,1,0,0,0,1,0,0,0,1
0.00329895,1,1,1,1,0,1,1,1,0,0,0,1,0,0,0,1
0.00329896,1,1,0,1,0,1,0,0,0,0,0,1,0,0,0,1
0.00329897,1,1,0,1,0,0,0,0,0,0,0,1,0,0,0,1
0.00329901,1,1,0,1,0,1,1,0,0,0,0,1,0,0,0,1
0.00329903,1,1,0,1,0,1,0,0,0,0,0,1,0,0,0,1
0.00329904,1,1,0,1,0,0,0,0,0,0,0,1,0,0,0,1
0.00329994,1,1,0,1,1,0,0,1,0,0,0,1,0,0,0,1
0.00329995,1,1,0,1,0,1,1,1,0,0,0,1,0,0,0,1
0.00329996,1,1,0,0,0,1,1,1,0,0,0,1,0,0,0,1
0.00329997,1,1,0,0,0,0,0,1,0,0,0,1,0,0,0,1
0.00330002,1,1,0,0,0,1,0,1,0,0,0,1,0,0,0,1
0.00330003,1,1,0,0,0,0,0,1,0,0,0,1,0,0,0,1
0.00330032,1,1,0,0,0,0,0,1,0,0,0,0,0,0,0,0
0.00330033,1,1,0,0,0,0,0,1,1,1,0,0,0,0,0,1
0.00330039,1,1,0,0,0,0,0,1,1,0,0,0,0,0,0,0
0.0033004,1,1,0,0,0,0,0,1,0,1,0,0,0,0,0,1
0.00330041,1,1,0,0,0,0,0,1,1,1,0,0,0,0,0,1
0.00330085,1,1,1,1,0,0,0,1,1,1,0,0,0,0,0,1
0.00330086,1,1,1,1,1,1,0,1,1,1,0,0,0,0,0,1
0.00330087,1,1,1,1,1,1,1,0,1,1,0,0,0,0,0,1
0.00330088,1,1,0,1,0,0,0,0,1,1,0,0,0,0,0,1
0.00330186,1,1,1,1,1,1,1,1,1,1,0,0,0,0,0,1
0.00330189,0,1,1,1,1,1,1,1,1,1,0,0,0,0,0,1
0.0033019,0,1,0,1,1,0,0,0,1,1,0,0,0,0,0,1
0.00330191,0,1,0,1,1,1,0,0,1,1,0,0,0,0,0,1
0.00330193,0,0,1,1,1,1,1,1,1,1,0,0,0,0,0,1
0.00330195,0,0,0,1,1,1,0,0,1,1,0,0,0,0,0,1
0.00330227,0,0,0,1,1,1,0,0,0,0,0,0,0,0,0,0
0.00330228,0,0,0,1,1,1,0,0,0,0,0,0,1,1,0,0
0.00330229,0,0,0,1,1,1,0,0,0,0,0,1,1,1,0,0
0.0033028,0,0,1,1,1,1,0,0,0,0,0,1,1,1,0,0
0.00330281,1,1,1,1,1,1,1,1,0,0,0,1,1,1,0,0
0.00330282,1,1,1,1,0,1,1,1,0,0,0,1,1,1,0,0
0.00330283,1,0,0,0,0,0,1,0,0,0,0,1,1,1,0,0
0.00330288,1,0,1,0,0,0,1,1,0,0,0,1,1,1,0,0
0.00330289,1,0,1,0,0,0,1,0,0,0,0,1,1,1,0,0
0.0033029,1,0,0,0,0,0,1,0,0,0,0,1,1,1,0,0
0.00330378,1,1,0,1,0,0,1,0,0,0,0,1,1,1,0,0
0.00330379,1,1,1,1,0,0,0,0,0,0,0,1,1,1,0,0
0.00330381,1,1,0,1,0,0,0,0,0,0,0,1,1,1,0,0
0.00330478,1,1,1,1,0,0,1,1,0,0,0,1,1,1,0,0
0.0033048,1,1,1,1,0,1,1,1,0,0,0,1,1,1,0,0
0.00330483,1,1,1,1,1,1,1,1,0,0,0,1,1,1,0,0
0.00330574,1,1,0,1,0,0,1,0,0,0,0,1,1,1,0,0
0.00330577,1,1,1,1,1,1,1,1,0,0,0,1,1,1,0,0
0.00330579,1,0,1,1,1,1,1,1,0,0,0,1,1,1,0,0
0.0033058,1,0,1,1,1,0,1,0,0,0,0,1,1,1,0,0
0.00330582,1,1,1,1,1,1,1,1,0,0,0,1,1,1,0,0
0.00330586,1,1,1,1,1,0,0,0,0,0,0,1,1,1,0,0
0.00330587,0,0,1,0,1,0,0,0,0,0,0,1,1,1,0,0
0.00330591,0,0,1,0,1,0,0,1,0,0,0,1,1,1,0,0
0.00330592,1,0,1,0,1,0,0,1,0,0,0,1,1,1,0,0
0.00330593,0,0,1,0,1,0,0,1,0,0,0,1,1,1,0,0
0.00330594,0,0,1,0,1,0,0,0,0,0,0,1,1,1,0,0
0.00330618,0,0,1,0,1,0,0,0,0,0,0,0,1,0,0,0
0.00330619,0,0,1,0,1,0,0,0,0,0,1,0,1,0,0,0
0.00330671,1,1,1,0,1,0,0,0,0,0,1,0,1,0,0,0
0.00330672,1,0,1,0,1,0,0,0,0,0,1,0,1,0,0,0
0.00330673,1,1,1,1,1,1,1,1,0,0,1,0,1,0,0,0
0.00330775,0,0,0,0,0,0,0,1,0,0,1,0,1,0,0,0
0.0033078,1,1,1,1,0,1,1,1,0,0,1,0,1,0,0,0
0.00330783,1,0,0,1,0,1,0,1,0,0,1,0,1,0,0,0
0.00330784,0,0,0,0,0,0,0,1,0,0,1,0,1,0,0,0
0.00330788,1,0,0,1,0,0,0,1,0,0,1,0,1,0,0,0
0.00330791,0,0,0,1,0,0,0,1,0,0,1,0,1,0,0,0
0.00330792,0,0,0,0,0,0,0,1,0,0,1,0,1,0,0,0
0.00330797,0,0,0,1,0,0,0,1,0,0,1,0,1,0,0,0
0.00330799,0,0,0,0,0,0,0,1,0,0,1,0,1,0,0,0
0.00330869,1,1,1,1,1,1,1,1,0,0,1,0,1,0,0,0
0.00330873,1,1,1,1,1,1,1,0,0,0,1,0,1,0,0,0
0.00330874,0,1,0,0,1,0,0,0,0,0,1,0,1,0,0,0
0.00330877,0,1,1,0,1,0,0,0,0,0,1,0,1,0,0,0
0.00330878,1,1,1,1,1,1,1,0,0,0,1,0,1,0,0,0
0.00330882,1,1,1,1,1,1,0,0,0,0,1,0,1,0,0,0
0.00330883,0,1,0,0,1,0,0,0,0,0,1,0,1,0,0,0
0.00330885,1,1,1,1,1,1,0,0,0,0,1,0,1,0,0,0
0.00330886,1,1,1,1,1,1,1,0,0,0,1,0,1,0,0,0
0.0033089,1,1,1,1,1,1,0,0,0,0,1,0,1,0,0,0
0.00330891,1,1,1,1,1,0,0,0,0,0,1,0,1,0,0,0
0.00330892,1,1,1,1,1,1,0,0,0,0,1,0,1,0,0,0
0.00330911,1,1,1,1,1,1,0,0,0,0,0,0,1,0,0,0
0.00330912,1,1,1,1,1,1,0,0,0,1,0,0,1,0,0,0
0.00330913,1,1,1,1,1,0,0,0,0,1,0,0,1,0,0,0
0.00330916,1,1,1,1,1,1,0,0,0,1,0,0,1,0,0,0
0.00330918,1,1,1,1,1,1,0,0,0,0,0,0,0,0,0,0
0.00330919,1,1,1,1,1,0,0,0,0,1,0,0,1,0,0,0
0.00330923,1,1,1,1,1,1,0,0,0,1,0,0,1,0,0,0
0.00330926,1,1,1,1,1,0,0,0,0,1,0,0,1,0,0,0
0.00330958,1,1,1,0,1,0,0,0,0,1,0,0,1,0,0,0
0.00330959,1,1,1,1,1,0,0,0,0,1,0,0,1,0,0,0
0.0033096,1,1,1,0,1,0,0,0,0,1,0,0,1,0,0,0
0.00330961,1,1,1,1,1,0,0,0,0,1,0,0,1,0,0,0
0.00330963,0,1,0,0,1,0,0,0,0,1,0,0,1,0,0,0
0.00330964,1,1,0,0,1,0,0,0,0,1,0,0,1,0,0,0
0.00330965,1,1,1,1,1,0,0,0,0,1,0,0,1,0,0,0
0.00330966,1,1,1,1,1,1,1,0,0,1,0,0,1,0,0,0
0.00330967,1,1,1,1,1,1,1,1,0,1,0,0,1,0,0,0
0.00330971,0,0,0,0,0,1,0,0,0,1,0,0,1,0,0,0
0.00330974,1,0,1,1,0,1,1,0,0,1,0,0,1,0,0,0
0.00330975,1,1,1,1,0,1,1,1,0,1,0,0,1,0,0,0
0.00330979,1,0,1,1,0,1,1,0,0,1,0,0,1,0,0,0
0.0033098,1,0,1,1,0,1,0,0,0,1,0,0,1,0,0,0
0.00330981,0,0,1,0,0,1,0,0,0,1,0,0,1,0,0,0
0.00330982,1,0,1,1,0,1,1,0,0,1,0,0,1,0,0,0
0.00330984,1,1,1,1,0,1,1,0,0,1,0,0,1,0,0,0
0.00330986,1,0,1,1,0,1,1,0,0,1,0,0,1,0,0,0
0.00331027,1,0,1,1,0,1,0,0,0,1,0,0,1,0,0,0
0.00331036,1,0,1,1,0,1,1,0,0,1,0,0,1,0,0,0
0.00331037,1,0,1,1,0,1,0,0,0,1,0,0,1,0,0,0
0.00331057,0,0,1,1,0,1,0,0,0,1,0,0,1,0,0,0
0.00331058,1,0,1,1,0,1,0,0,0,1,0,0,1,0,0,0
0.00331061,1,1,1,1,0,1,0,0,0,1,0,0,1,0,0,0
0.00331062,1,1,1,1,1,1,0,0,0,1,0,0,1,0,0,0
0.00331063,1,1,1,1,1,1,1,1,0,1,0,0,1,0,0,0
0.00331065,1,1,1,1,1,1,1,0,0,1,0,0,1,0,0,0
0.00331067,1,1,1,1,1,1,1,1,0,1,0,0,1,0,0,0
0.00331069,1,0,1,0,1,0,1,1,0,1,0,0,1,0,0,0
0.0033107,1,0,0,0,1,0,0,0,0,1,0,0,1,0,0,0
0.00331073,1,1,1,1,1,0,1,1,0,1,0,0,1,0,0,0
0.00331074,1,1,1,1,1,1,1,1,0,1,0,0,1,0,0,0
0.00331076,1,1,1,1,1,0,1,0,0,1,0,0,1,0,0,0
0.00331077,1,0,1,1,1,0,0,0,0,1,0,0,1,0,0,0
0.00331078,1,0,0,0,1,0,0,0,0,1,0,0,1,0,0,0
0.00331081,1,0,1,1,1,0,0,0,0,1,0,0,1,0,0,0
0.00331082,1,1,1,1,1,0,1,0,0,1,0,0,1,0,0,0
0.00331084,1,0,1,1,1,0,0,0,0,1,0,0,1,0,0,0
0.00331085,1,0,1,0,1,0,0,0,0,1,0,0,1,0,0,0
0.00331086,1,0,0,0,1,0,0,0,0,1,0,0,1,0,0,0
0.00331088,1,0,1,0,1,0,0,0,0,1,0,0,1,0,0,0
0.00331089,1,0,1,1,1,0,0,0,0,1,0,0,1,0,0,0
0.00331093,1,0,1,0,1,0,0,0,0,1,0,0,1,0,0,0
0.00331096,1,0,1,1,1,0,0,0,0,1,0,0,1,0,0,0
0.00331099,1,0,1,0,1,0,0,0,0,1,0,0,1,0,0,0
0.00331102,1,0,0,0,1,0,0,0,0,1,0,0,1,0,0,0
0.00331104,1,0,1,0,1,0,0,0,0,1,0,0,1,0,0,0
0.00331105,1,0,1,1,1,0,0,0,0,1,0,0,1,0,0,0
0.00331106,1,0,1,1,1,0,0,0,0,0,0,0,1,0,0,0
0.00331107,1,0,0,0,1,0,0,0,1,0,0,0,1,0,0,0
0.00331111,1,0,1,0,1,0,0,0,1,0,0,0,1,0,0,0
0.00331112,1,0,1,1,1,0,0,0,1,0,0,0,1,0,0,0
0.00331113,1,0,1,1,1,0,0,0,1,0,0,0,0,0,0,0
0.00331114,1,0,1,0,1,0,0,0,0,0,0,0,1,0,0,0
0.00331115,1,0,0,0,1,0,0,0,1,0,0,0,1,0,0,0
0.00331119,1,0,1,1,1,0,0,0,1,0,0,0,1,0,0,0
0.00331121,1,0,1,0,1,0,0,0,1,0,0,0,1,0,0,0
0.00331122,1,0,0,0,1,0,0,0,1,0,0,0,1,0,0,0
0.0033116,1,0,1,0,1,0,0,0,1,0,0,0,1,0,0,0
0.00331161,1,1,1,1,1,0,0,0,1,0,0,0,1,0,0,0
0.00331162,1,1,1,1,1,1,0,1,1,0,0,0,1,0,0,0
0.00331163,1,1,1,1,1,1,1,1,1,0,0,0,1,0,0,0
0.00331165,1,1,1,1,1,0,1,0,1,0,0,0,1,0,0,0
0.00331166,0,0,0,0,1,0,0,0,1,0,0,0,1,0,0,0
0.0033117,1,1,1,1,1,0,1,0,1,0,0,0,1,0,0,0
0.00331171,1,1,1,1,1,1,1,1,1,0,0,0,1,0,0,0
0.00331172,1,1,1,1,1,1,1,0,1,0,0,0,1,0,0,0
0.00331173,0,0,1,1,1,0,0,0,1,0,0,0,1,0,0,0
0.00331174,0,0,0,0,1,0,0,0,1,0,0,0,1,0,0,0
0.00331178,0,0,1,1,1,0,0,0,1,0,0,0,1,0,0,0
0.0033118,0,0,1,0,1,0,0,0,1,0,0,0,1,0,0,0
0.00331181,0,0,0,0,1,0,0,0,1,0,0,0,1,0,0,0
0.00331257,1,0,1,0,1,0,0,0,1,0,0,0,1,0,0,0
0.00331258,1,1,1,1,1,0,0,0,1,0,0,0,1,0,0,0
0.00331259,1,1,1,1,1,1,1,1,1,0,0,0,1,0,0,0
0.00331265,1,0,0,1,0,0,1,0,1,0,0,0,1,0,0,0
0.00331269,1,1,1,1,0,1,1,1,1,0,0,0,1,0,0,0
0.00331272,1,0,1,1,0,0,1,0,1,0,0,0,1,0,0,0
0.00331273,1,0,0,1,0,0,1,0,1,0,0,0,1,0,0,0
0.00331277,1,0,1,1,0,0,1,0,1,0,0,0,1,0,0,0
0.0033128,1,0,0,1,0,0,1,0,1,0,0,0,1,0,0,0
0.00331285,1,0,1,1,0,0,1,0,1,0,0,0,1,0,0,0
0.00331287,1,0,0,1,0,0,1,0,1,0,0,0,1,0,0,0
0.00331301,1,0,0,1,0,0,1,0,1,0,0,0,0,0,0,0
0.00331302,1,0,0,1,0,0,1,0,1,0,0,1,0,0,1,0
0.00331354,1,1,1,1,1,1,1,0,1,0,0,1,0,0,1,0
0.00331355,1,0,0,0,0,0,0,0,1,0,0,1,0,0,1,0
0.00331356,0,0,0,0,0,0,0,0,1,0,0,1,0,0,1,0
0.00331357,0,0,0,0,1,1,1,1,1,0,0,1,0,0,1,0
0.00331359,1,1,1,1,1,1,1,1,1,0,0,1,0,0,1,0
0.00331361,0,1,1,0,1,1,1,1,1,0,0,1,0,0,1,0
0.00331362,0,0,0,0,1,1,1,1,1,0,0,1,0,0,1,0
0.00331366,0,0,1,0,1,1,1,1,1,0,0,1,0,0,1,0
0.00331368,0,0,0,0,1,1,1,1,1,0,0,1,0,0,1,0
0.00331445,1,1,1,1,1,1,1,1,1,0,0,1,0,0,1,0
0.00331446,0,0,0,0,1,1,1,1,1,0,0,1,0,0,1,0
0.0033145,1,1,1,0,1,1,1,1,1,0,0,1,0,0,1,0
0.00331451,0,1,1,0,1,1,1,1,1,0,0,1,0,0,1,0
0.00331452,0,0,0,0,1,1,1,1,1,0,0,1,0,0,1,0
0.00331455,1,1,1,1,1,1,1,1,1,0,0,1,0,0,1,0
0.00331458,1,1,1,1,1,1,1,0,1,0,0,1,0,0,1,0
0.00331459,0,0,0,1,1,0,1,0,1,0,0,1,0,0,1,0
0.00331462,0,0,1,1,1,0,1,0,1,0,0,1,0,0,1,0
0.00331463,0,1,1,1,1,0,1,0,1,0,0,1,0,0,1,0
0.00331464,1,1,1,1,1,1,1,0,1,0,0,1,0,0,1,0
0.00331465,1,1,1,1,1,1,0,1,1,0,0,1,0,0,1,0
0.00331466,0,0,1,0,1,0,0,0,1,0,0,1,0,0,1,0
0.0033147,1,1,1,0,1,0,0,0,1,0,0,1,0,0,1,0
0.00331471,1,1,1,0,1,1,0,0,1,0,0,1,0,0,1,0
0.00331473,0,0,1,0,1,0,0,0,1,0,0,1,0,0,1,0
0.00331496,0,0,1,0,1,0,0,0,1,0,0,0,0,0,0,0
0.00331497,0,0,1,0,1,0,0,0,0,0,0,0,0,0,0,0
0.00331498,0,0,1,0,1,0,0,0,0,0,1,0,1,0,0,0
0.00331549,0,1,1,0,1,0,0,0,0,0,1,0,1,0,0,0
0.0033155,1,1,1,0,1,0,0,0,0,0,1,0,1,0,0,0
0.00331551,1,0,1,0,1,1,1,1,0,0,1,0,1,0,0,0
0.00331552,1,1,1,1,1,1,1,1,0,0,1,0,1,0,0,0
0.00331557,0,0,1,1,0,0,0,0,0,0,1,0,1,0,0,0
0.00331561,1,1,1,1,0,0,0,0,0,0,1,0,1,0,0,0
0.00331562,1,1,1,1,0,1,1,0,0,0,1,0,1,0,0,0
0.00331563,1,1,1,1,0,1,1,1,0,0,1,0,1,0,0,0
0.00331564,1,1,1,1,0,1,0,0,0,0,1,0,1,0,0,0
0.00331565,0,0,1,1,0,0,0,0,0,0,1,0,1,0,0,0
0.0033157,1,0,1,1,0,0,0,0,0,0,1,0,1,0,0,0
0.00331572,0,0,1,1,0,0,0,0,0,0,1,0,1,0,0,0
0.00331648,1,1,1,1,0,0,0,0,0,0,1,0,1,0,0,0
0.0033165,1,1,1,1,1,1,1,0,0,0,1,0,1,0,0,0
0.00331651,1,1,1,1,1,1,1,1,0,0,1,0,1,0,0,0
0.00331654,1,1,0,0,1,1,1,0,0,0,1,0,1,0,0,0
0.00331655,0,1,0,0,0,0,0,0,0,0,1,0,1,0,0,0
0.00331658,1,1,1,0,0,1,1,0,0,0,1,0,1,0,0,0
0.00331659,1,1,1,1,1,1,1,1,0,0,1,0,1,0,0,0
0.00331662,1,1,1,0,0,1,1,0,0,0,1,0,1,0,0,0
0.00331663,0,1,0,0,0,0,0,0,0,0,1,0,1,0,0,0
0.00331666,1,1,0,0,0,1,0,0,0,0,1,0,1,0,0,0
0.00331667,1,1,1,0,0,1,0,0,0,0,1,0,1,0,0,0
0.00331668,1,1,1,0,0,1,1,0,0,0,1,0,1,0,0,0
0.00331669,1,1,1,0,0,1,0,0,0,0,1,0,1,0,0,0
0.0033167,1,1,0,0,0,1,0,0,0,0,1,0,1,0,0,0
0.00331671,1,1,0,0,0,0,0,0,0,0,1,0,1,0,0,0
0.00331672,0,1,0,0,0,0,0,0,0,0,1,0,1,0,0,0
0.00331674,1,1,0,0,0,1,0,0,0,0,1,0,1,0,0,0
0.00331681,0,1,0,0,0,0,0,0,0,0,1,0,1,0,0,0
0.00331683,1,1,0,0,0,1,0,0,0,0,1,0,1,0,0,0
0.00331686,0,1,0,0,0,0,0,0,0,0,1,0,1,0,0,0
0.00331691,1,1,0,0,0,0,0,0,0,0,1,0,1,0,0,0
0.00331693,0,1,0,0,0,0,0,0,0,0,1,0,1,0,0,0
0.00331744,1,1,1,0,0,0,0,0,0,0,1,0,1,0,0,0
0.00331745,0,1,0,0,0,0,0,0,0,0,1,0,1,0,0,0
0.00331747,0,1,1,1,1,1,0,0,0,0,1,0,1,0,0,0
0.00331748,1,1,1,1,1,1,1,1,0,0,1,0,1,0,0,0
0.00331752,1,1,1,1,0,1,1,1,0,0,1,0,1,0,0,0
0.00331753,1,1,1,0,0,0,0,1,0,0,1,0,1,0,0,0
0.00331756,1,1,1,1,0,1,1,1,0,0,1,0,1,0,0,0
0.00331757,1,1,1,1,1,1,1,1,0,0,1,0,1,0,0,0
0.00331759,1,1,1,0,0,0,0,1,0,0,1,0,1,0,0,0
0.00331764,1,1,1,1,0,1,0,1,0,0,1,0,1,0,0,0
0.00331766,1,1,1,0,0,0,0,1,0,0,1,0,1,0,0,0
0.00331789,1,1,1,0,0,0,0,1,0,0,1,0,0,0,0,0
0.0033179,1,1,1,0,0,0,0,1,1,1,1,0,0,0,0,1
0.00331843,1,1,1,1,0,1,0,1,1,1,1,0,0,0,0,1
0.00331844,1,1,1,1,1,1,1,1,1,1,1,0,0,0,0,1
0.00331848,0,0,1,1,1,1,1,1,1,1,1,0,0,0,0,1
0.00331849,0,0,1,1,0,0,0,0,1,1,1,0,0,0,0,1
0.00331853,0,0,1,1,0,1,0,0,1,1,1,0,0,0,0,1
0.00331854,0,0,1,1,0,1,1,0,1,1,1,0,0,0,0,1
0.00331856,0,0,1,1,0,0,0,0,1,1,1,0,0,0,0,1
0.00331943,1,1,1,0,0,1,1,1,1,1,1,0,0,0,0,1
0.00331944,0,1,0,0,0,1,1,1,1,1,1,0,0,0,0,1
0.00331945,0,1,0,0,0,0,0,0,1,1,1,0,0,0,0,1
0.00331947,1,1,1,1,1,1,1,1,1,1,1,0,0,0,0,1
0.0033195,1,1,1,1,1,0,0,1,1,1,1,0,0,0,0,1
0.00331952,1,1,1,1,0,0,0,1,1,1,1,0,0,0,0,1
0.00331953,1,1,1,0,0,1,1,1,1,1,1,0,0,0,0,1
0.00331954,1,0,1,0,0,0,0,1,1,1,1,0,0,0,0,1
0.00331959,1,0,1,0,0,1,1,1,1,1,1,0,0,0,0,1
0.0033196,1,0,1,0,0,0,0,1,1,1,1,0,0,0,0,1
0.00331985,1,0,1,0,0,0,0,1,1,0,1,0,0,0,0,1
0.00332038,1,0,1,1,1,1,0,1,1,0,1,0,0,0,0,1
0.00332039,1,0,1,1,1,1,1,1,1,0,1,0,0,0,0,1
0.0033204,0,1,1,1,1,1,1,0,1,0,1,0,0,0,0,1
0.00332041,0,0,1,1,0,0,0,0,1,0,1,0,0,0,0,1
0.00332046,0,0,1,1,0,1,0,0,1,0,1,0,0,0,0,1
0.00332047,0,0,1,1,0,0,0,0,1,0,1,0,0,0,0,1
0.00332136,1,0,1,1,0,0,0,1,1,0,1,0,0,0,0,1
0.00332138,1,0,1,1,1,1,1,1,1,0,1,0,0,0,0,1
0.00332139,1,1,1,1,1,1,1,1,1,0,1,0,0,0,0,1
0.00332142,1,1,0,1,1,0,1,0,1,0,1,0,0,0,0,1
0.00332144,1,1,1,1,1,1,1,1,1,0,1,0,0,0,0,1
0.00332149,1,1,1,1,0,1,0,1,1,0,1,0,0,0,0,1
0.0033215,0,0,0,1,0,0,0,1,1,0,1,0,0,0,0,1
0.00332154,1,0,1,1,0,1,0,1,1,0,1,0,0,0,0,1
0.00332155,1,1,1,1,0,1,1,1,1,0,1,0,0,0,0,1
0.00332156,1,0,1,1,0,1,0,1,1,0,1,0,0,0,0,1
0.00332157,0,0,0,1,0,0,0,1,1,0,1,0,0,0,0,1
0.0033218,0,0,0,1,0,0,0,1,0,0,0,0,0,0,0,0
0.00332181,0,0,0,1,0,0,0,1,0,0,0,1,0,0,0,1
0.00332188,0,0,0,1,0,0,0,1,0,0,0,1,0,0,0,0
0.00332189,0,0,0,1,0,0,0,1,0,0,0,1,0,0,0,1
0.00332233,1,1,0,1,0,0,0,1,0,0,0,1,0,0,0,1
0.00332234,0,0,1,1,0,0,0,1,0,0,0,1,0,0,0,1
0.00332235,0,0,1,1,1,1,1,1,0,0,0,1,0,0,0,1
0.00332236,1,1,1,1,1,1,1,1,0,0,0,1,0,0,0,1
0.0033224,0,1,0,0,0,0,0,0,0,0,0,1,0,0,0,1
0.00332244,1,1,1,0,0,1,1,0,0,0,0,1,0,0,0,1
0.00332245,1,1,1,1,1,1,1,0,0,0,0,1,0,0,0,1
0.00332246,1,1,1,1,1,1,1,1,0,0,0,1,0,0,0,1
0.00332247,1,1,1,0,0,1,1,0,0,0,0,1,0,0,0,1
0.00332248,1,1,1,0,0,1,0,0,0,0,0,1,0,0,0,1
0.00332249,0,1,0,0,0,0,0,0,0,0,0,1,0,0,0,1
0.00332252,0,1,1,0,0,1,0,0,0,0,0,1,0,0,0,1
0.00332253,1,1,1,0,0,1,0,0,0,0,0,1,0,0,0,1
0.00332255,0,1,1,0,0,1,0,0,0,0,0,1,0,0,0,1
0.00332258,0,1,0,0,0,0,0,0,0,0,0,1,0,0,0,1
0.00332259,0,1,1,0,0,0,0,0,0,0,0,1,0,0,0,1
0.0033226,0,1,1,0,0,1,0,0,0,0,0,1,0,0,0,1
0.00332266,0,1,1,0,0,0,0,0,0,0,0,1,0,0,0,1
0.00332273,0,1,0,0,0,0,0,0,0,0,0,1,0,0,0,1
0.00332275,0,1,0,0,0,1,0,0,0,0,0,1,0,0,0,1
0.00332276,0,1,0,0,0,0,0,0,0,0,0,1,0,0,0,1
0.00332277,0,1,1,0,0,0,0,0,0,0,0,1,0,0,0,1
0.00332278,0,1,0,0,0,0,0,0,0,0,0,1,0,0,0,1
0.00332279,0,1,1,0,0,0,0,0,0,0,0,1,0,0,0,1
0.0033228,0,1,1,0,0,1,0,0,0,0,0,1,0,0,0,1
0.00332281,0,1,1,0,0,0,0,0,0,0,0,1,0,0,0,1
0.00332282,0,1,0,0,0,0,0,0,0,0,0,1,0,0,0,1
0.00332284,0,1,1,0,0,0,0,0,0,0,0,1,0,0,0,1
0.00332285,0,1,0,0,0,0,0,0,0,0,0,1,0,0,0,1
0.00332337,1,1,1,1,1,0,1,1,0,0,0,1,0,0,0,1
0.00332339,1,1,1,1,1,1,1,1,0,0,0,1,0,0,0,1
0.00332341,1,1,0,1,1,1,1,1,0,0,0,1,0,0,0,1
0.00332342,1,1,0,1,1,0,1,1,0,0,0,1,0,0,0,1
0.00332343,1,1,1,1,0,0,1,1,0,0,0,1,0,0,0,1
0.00332344,1,1,0,0,0,0,0,1,0,0,0,1,0,0,0,1
0.00332348,1,1,1,1,0,1,1,1,0,0,0,1,0,0,0,1
0.00332349,1,1,1,1,1,1,1,1,0,0,0,1,0,0,0,1
0.0033235,1,1,1,1,0,1,1,1,0,0,0,1,0,0,0,1
0.00332351,1,1,0,0,0,0,0,1,0,0,0,1,0,0,0,1
0.00332356,1,1,1,0,0,0,0,1,0,0,0,1,0,0,0,1
0.00332358,1,1,0,0,0,0,0,1,0,0,0,1,0,0,0,1
0.00332375,1,1,0,0,0,0,0,1,0,0,0,0,0,0,0,0
0.00332376,1,1,0,0,0,0,0,1,1,1,0,0,0,0,0,1
0.00332383,1,1,0,0,0,0,0,1,0,1,0,0,0,0,0,0
0.00332384,1,1,0,0,0,0,0,1,1,1,0,0,0,0,0,1
0.00332428,1,1,1,1,0,0,0,1,1,1,0,0,0,0,0,1
0.00332429,1,1,1,1,1,1,1,1,1,1,0,0,0,0,0,1
0.00332431,0,1,1,1,0,0,1,0,1,1,0,0,0,0,0,1
0.00332432,0,1,0,0,0,0,0,0,1,1,0,0,0,0,0,1
0.00332436,0,1,1,1,0,1,1,0,1,1,0,0,0,0,0,1
0.00332438,0,1,1,0,0,1,0,0,1,1,0,0,0,0,0,1
0.00332439,0,1,0,0,0,0,0,0,1,1,0,0,0,0,0,1
0.00332529,1,1,1,1,1,1,1,1,1,1,0,0,0,0,0,1
0.00332536,1,1,1,1,1,1,1,0,1,1,0,0,0,0,0,1
0.00332537,1,1,0,1,1,1,0,0,1,1,0,0,0,0,0,1
0.0033254,1,0,0,1,1,1,1,1,1,1,0,0,0,0,0,1
0.00332541,1,0,0,1,1,1,1,0,1,1,0,0,0,0,0,1
0.00332542,1,0,0,1,1,1,0,0,1,1,0,0,0,0,0,1
0.00332571,1,0,0,1,1,1,0,0,1,0,0,0,1,0,0,0
0.00332572,1,0,0,1,1,1,0,0,1,0,0,1,1,1,0,0
0.00332624,1,1,1,1,1,1,0,1,1,0,0,1,1,1,0,0
0.00332625,1,1,1,1,1,1,1,1,1,0,0,1,1,1,0,0
0.00332626,0,0,1,1,0,0,0,0,1,0,0,1,1,1,0,0
0.00332631,0,0,1,1,0,1,1,0,1,0,0,1,1,1,0,0
0.00332632,0,0,1,1,0,0,0,0,1,0,0,1,1,1,0,0
0.00332721,0,1,1,1,0,0,0,0,1,0,0,1,1,1,0,0
0.00332722,1,1,0,0,0,1,1,1,1,0,0,1,1,1,0,0
0.00332723,0,1,0,0,0,0,0,0,1,0,0,1,1,1,0,0
0.00332822,0,1,1,0,0,1,1,1,1,0,0,1,1,1,0,0
0.00332823,1,1,1,1,1,1,1,1,1,0,0,1,1,1,0,0
0.00332917,0,1,1,1,0,0,0,0,1,0,0,1,1,1,0,0
0.0033292,1,1,1,1,1,1,1,1,1,0,0,1,1,1,0,0
0.00332923,0,1,0,0,1,0,0,0,1,0,0,1,1,1,0,0
0.00332928,0,1,0,0,1,1,1,0,1,0,0,1,1,1,0,0
0.00332929,0,1,1,0,1,1,1,1,1,0,0,1,1,1,0,0
0.0033293,0,1,0,0,1,1,0,0,1,0,0,1,1,1,0,0
0.00332931,0,1,0,0,1,0,0,0,1,0,0,1,1,1,0,0
0.00332961,0,1,0,0,1,0,0,0,0,0,0,0,1,0,0,0
0.00332962,0,1,0,0,1,0,0,0,0,1,0,0,1,0,0,0
0.00332969,0,1,1,1,1,0,0,0,0,1,0,0,1,0,0,0
0.0033297,0,1,1,1,1,0,0,0,0,1,1,1,1,0,0,0
0.00332971,1,1,1,1,1,0,0,0,0,1,1,1,1,0,0,0
0.00332972,1,1,1,1,1,1,1,1,0,1,1,1,1,0,0,0
0.00332973,0,1,0,0,1,1,1,1,0,1,0,0,1,0,0,0
0.00332974,0,1,0,0,1,0,0,0,0,1,0,0,1,0,0,0
0.00332978,0,1,0,0,1,1,1,0,0,1,0,0,1,0,0,0
0.0033298,0,1,0,0,1,0,0,0,0,1,0,0,1,0,0,0
0.00333016,0,1,1,0,1,0,0,0,0,1,0,0,1,0,0,0
0.00333017,1,1,1,1,1,1,1,1,0,1,0,0,1,0,0,0
0.00333021,0,0,1,0,1,1,1,1,0,1,0,0,1,0,0,0
0.00333022,0,0,0,0,1,0,0,0,0,1,0,0,1,0,0,0
0.00333025,0,0,1,1,1,1,1,0,0,1,0,0,1,0,0,0
0.00333026,1,0,1,1,1,1,1,1,0,1,0,0,1,0,0,0
0.00333027,1,1,1,1,1,1,1,1,0,1,0,0,1,0,0,0
0.00333029,1,0,1,1,1,1,1,0,0,1,0,0,1,0,0,0
0.0033303,0,0,0,0,1,0,0,0,0,1,0,0,1,0,0,0
0.00333033,0,0,1,0,1,0,0,0,0,1,0,0,1,0,0,0
0.00333034,1,0,1,1,1,1,0,0,0,1,0,0,1,0,0,0
0.00333035,1,0,1,1,1,1,1,0,0,1,0,0,1,0,0,0
0.00333037,0,0,1,1,1,1,0,0,0,1,0,0,1,0,0,0
0.00333038,0,0,1,0,1,0,0,0,0,1,0,0,1,0,0,0
0.00333039,0,0,0,0,1,0,0,0,0,1,0,0,1,0,0,0
0.00333041,0,0,1,0,1,0,0,0,0,1,0,0,1,0,0,0
0.00333042,0,0,1,0,1,1,0,0,0,1,0,0,1,0,0,0
0.00333043,0,0,1,1,1,1,0,0,0,1,0,0,1,0,0,0
0.00333044,0,0,1,0,1,1,0,0,0,1,0,0,1,0,0,0
0.00333046,0,0,1,0,1,0,0,0,0,1,0,0,1,0,0,0
0.00333047,0,0,0,0,1,0,0,0,0,1,0,0,1,0,0,0
0.00333048,0,0,1,0,1,0,0,0,0,1,0,0,1,0,0,0
0.00333054,0,0,0,0,1,0,0,0,0,1,0,0,1,0,0,0
0.00333055,0,0,1,0,1,0,0,0,0,1,0,0,1,0,0,0
0.00333057,0,0,0,0,1,0,0,0,0,1,0,0,1,0,0,0
0.00333058,0,0,1,0,1,0,0,0,0,1,0,0,1,0,0,0
0.00333059,0,0,0,0,1,0,0,0,0,1,0,0,1,0,0,0
0.00333061,0,0,1,0,1,0,0,0,0,1,0,0,1,0,0,0
0.00333062,0,0,0,0,1,0,0,0,0,1,0,0,1,0,0,0
0.00333111,1,0,1,0,1,0,0,0,0,1,0,0,1,0,0,0
0.00333112,1,1,1,1,1,0,0,0,0,1,0,0,1,0,0,0
0.00333113,1,1,1,1,1,0,1,1,0,1,0,0,1,0,0,0
0.00333114,1,1,1,1,1,1,1,1,0,1,0,0,1,0,0,0
0.0033312,1,0,0,0,1,0,0,0,0,1,0,0,1,0,0,0
0.00333123,1,1,1,1,1,1,1,0,0,1,0,0,1,0,0,0
0.00333124,1,1,1,1,1,1,1,1,0,1,0,0,1,0,0,0
0.00333127,1,1,1,1,1,1,0,0,0,1,0,0,1,0,0,0
0.00333128,1,0,0,0,1,0,0,0,0,1,0,0,1,0,0,0
0.00333131,1,1,1,1,1,1,0,0,0,1,0,0,1,0,0,0
0.00333132,1,1,1,1,1,1,1,0,0,1,0,0,1,0,0,0
0.00333134,1,1,1,1,1,1,0,0,0,1,0,0,1,0,0,0
0.00333135,1,0,1,1,1,0,0,0,0,1,0,0,1,0,0,0
0.00333136,1,0,1,0,1,0,0,0,0,1,0,0,1,0,0,0
0.00333139,1,1,1,1,1,0,0,0,0,1,0,0,1,0,0,0
0.0033314,1,1,1,1,1,1,0,0,0,1,0,0,1,0,0,0
0.00333142,1,0,1,1,1,0,0,0,0,1,0,0,1,0,0,0
0.00333143,1,0,1,0,1,0,0,0,0,1,0,0,1,0,0,0
0.00333145,1,0,1,1,1,0,0,0,0,1,0,0,1,0,0,0
0.00333146,1,0,1,0,1,0,0,0,0,1,0,0,1,0,0,0
0.00333147,1,0,1,1,1,0,0,0,0,1,0,0,1,0,0,0
0.00333151,1,0,1,0,1,0,0,0,0,1,0,0,1,0,0,0
0.00333156,1,0,1,1,1,0,0,0,0,0,0,0,1,0,0,0
0.00333157,1,1,1,1,1,0,0,0,1,0,0,0,1,0,0,0
0.00333158,1,0,1,0,1,0,0,0,1,0,0,0,1,0,0,0
0.0033316,1,0,0,0,1,0,0,0,1,0,0,0,1,0,0,0
0.00333161,1,0,1,0,1,0,0,0,1,0,0,0,1,0,0,0
0.00333162,1,1,1,1,1,0,0,0,1,0,0,0,1,0,0,0
0.00333163,1,0,1,1,1,0,0,0,1,0,0,0,1,0,0,0
0.00333164,1,0,1,0,1,0,0,0,0,0,0,0,0,0,0,0
0.00333165,1,0,0,0,1,0,0,0,1,0,0,0,1,0,0,0
0.00333169,1,0,1,0,1,0,0,0,1,0,0,0,1,0,0,0
0.0033317,1,0,1,1,1,0,0,0,1,0,0,0,1,0,0,0
0.00333171,1,0,1,0,1,0,0,0,1,0,0,0,1,0,0,0
0.00333173,1,0,0,0,1,0,0,0,1,0,0,0,1,0,0,0
0.00333176,1,0,1,0,1,0,0,0,1,0,0,0,1,0,0,0
0.0033318,1,0,0,0,1,0,0,0,1,0,0,0,1,0,0,0
0.00333185,1,0,1,0,1,0,0,0,1,0,0,0,1,0,0,0
0.00333186,1,0,0,0,1,0,0,0,1,0,0,0,1,0,0,0
0.0033321,1,1,0,0,1,0,0,0,1,0,0,0,1,0,0,0
0.00333211,1,1,1,0,1,0,0,0,1,0,0,0,1,0,0,0
0.00333212,1,1,1,1,1,1,1,1,1,0,0,0,1,0,0,0
0.00333216,0,0,0,0,0,1,0,0,1,0,0,0,1,0,0,0
0.0033322,0,0,1,1,0,1,1,0,1,0,0,0,1,0,0,0
0.00333221,0,1,1,1,0,1,1,0,1,0,0,0,1,0,0,0
0.00333222,1,1,1,1,0,1,1,1,1,0,0,0,1,0,0,0
0.00333223,0,1,1,1,0,1,1,0,1,0,0,0,1,0,0,0
0.00333224,0,0,1,1,0,1,0,0,1,0,0,0,1,0,0,0
0.00333225,0,0,0,0,0,1,0,0,1,0,0,0,1,0,0,0
0.00333228,0,0,1,0,0,1,0,0,1,0,0,0,1,0,0,0
0.00333229,0,0,1,1,0,1,0,0,1,0,0,0,1,0,0,0
0.00333232,0,0,1,0,0,1,0,0,1,0,0,0,1,0,0,0
0.00333233,0,0,0,0,0,1,0,0,1,0,0,0,1,0,0,0
0.00333236,0,0,1,0,0,1,0,0,1,0,0,0,1,0,0,0
0.00333241,0,0,0,0,0,1,0,0,1,0,0,0,1,0,0,0
0.00333256,0,0,1,0,0,1,0,0,1,0,0,0,1,0,0,0
0.00333257,0,0,0,0,0,1,0,0,1,0,0,0,1,0,0,0
0.00333307,1,0,1,0,0,1,0,0,1,0,0,0,1,0,0,0
0.00333308,1,0,1,1,0,1,0,0,1,0,0,0,1,0,0,0
0.00333309,0,1,1,1,0,1,1,1,1,0,0,0,1,0,0,0
0.0033331,1,1,1,1,1,1,1,1,1,0,0,0,1,0,0,0
0.00333315,1,0,0,1,0,0,1,0,1,0,0,0,1,0,0,0
0.00333319,1,1,1,1,0,1,1,1,1,0,0,0,1,0,0,0
0.0033332,1,1,1,1,1,1,1,1,1,0,0,0,1,0,0,0
0.00333322,1,0,1,1,0,0,1,0,1,0,0,0,1,0,0,0
0.00333323,1,0,0,1,0,0,1,0,1,0,0,0,1,0,0,0
0.00333327,1,1,1,1,0,0,1,0,1,0,0,0,1,0,0,0
0.00333329,1,0,1,1,0,0,1,0,1,0,0,0,1,0,0,0
0.00333331,1,0,0,1,0,0,1,0,1,0,0,0,1,0,0,0
0.00333334,1,0,1,1,0,0,1,0,1,0,0,0,1,0,0,0
0.00333339,1,0,0,1,0,0,1,0,1,0,0,0,1,0,0,0
0.0033334,1,0,1,1,0,0,1,0,1,0,0,0,1,0,0,0
0.00333345,1,0,0,1,0,0,1,0,1,0,0,0,1,0,0,0
0.00333351,1,0,1,1,0,0,1,0,1,0,0,0,0,0,0,0
0.00333352,1,0,0,1,0,0,1,0,1,0,0,1,0,0,1,0
0.00333356,1,0,1,1,0,0,1,0,1,0,0,1,0,0,1,0
0.00333359,1,0,0,1,0,0,1,0,1,0,0,1,0,0,1,0
0.00333403,1,0,1,1,0,0,1,0,1,0,0,1,0,0,1,0
0.00333404,1,1,1,1,1,1,1,0,1,0,0,1,0,0,1,0
0.00333405,1,1,1,1,0,0,0,0,1,0,0,1,0,0,1,0
0.00333406,0,0,0,0,0,0,0,0,1,0,0,1,0,0,1,0
0.00333407,0,0,0,0,1,0,0,0,1,0,0,1,0,0,1,0
0.0033341,1,1,1,1,1,1,1,1,1,0,0,1,0,0,1,0
0.00333411,0,1,1,1,1,1,0,1,1,0,0,1,0,0,1,0
0.00333412,0,0,1,0,1,0,0,0,1,0,0,1,0,0,1,0
0.00333413,0,0,0,0,1,0,0,0,1,0,0,1,0,0,1,0
0.00333419,0,0,1,0,1,0,0,0,1,0,0,1,0,0,1,0
0.0033342,0,0,0,0,1,0,0,0,1,0,0,1,0,0,1,0
0.00333501,0,1,1,0,1,1,0,0,1,0,0,1,0,0,1,0
0.00333502,0,0,1,0,1,0,0,0,1,0,0,1,0,0,1,0
0.00333503,0,0,0,0,1,0,0,0,1,0,0,1,0,0,1,0
0.00333506,1,1,1,1,1,1,1,1,1,0,0,1,0,0,1,0
0.0033351,0,1,1,0,1,0,0,0,1,0,0,1,0,0,1,0
0.00333513,0,1,1,1,1,1,1,1,1,0,0,1,0,0,1,0
0.00333514,0,0,1,1,1,1,1,1,1,0,0,1,0,0,1,0
0.00333515,0,0,1,0,1,0,0,0,1,0,0,1,0,0,1,0
0.00333547,0,0,1,0,1,0,0,0,0,0,0,0,0,0,0,0
0.00333548,0,0,1,0,1,0,0,0,0,0,1,0,1,0,0,0
0.003336,1,1,1,1,1,0,0,0,0,0,1,0,1,0,0,0
0.00333601,1,1,1,0,1,0,0,0,0,0,1,0,1,0,0,0
0.00333602,1,1,1,1,1,0,1,0,0,0,1,0,1,0,0,0
0.00333603,1,1,1,1,1,1,1,1,0,0,1,0,1,0,0,0
0.00333608,0,0,1,0,0,0,1,0,0,0,1,0,1,0,0,0
0.00333612,1,1,1,1,0,1,1,1,0,0,1,0,1,0,0,0
0.00333613,1,1,1,1,1,1,1,1,0,0,1,0,1,0,0,0
0.00333614,1,1,1,1,0,1,1,1,0,0,1,0,1,0,0,0
0.00333615,1,0,1,1,0,1,1,0,0,0,1,0,1,0,0,0
0.00333616,0,0,1,0,0,0,1,0,0,0,1,0,1,0,0,0
0.0033362,0,0,1,1,0,1,1,0,0,0,1,0,1,0,0,0
0.00333621,1,0,1,1,0,1,1,0,0,0,1,0,1,0,0,0
0.00333622,0,0,1,1,0,1,1,0,0,0,1,0,1,0,0,0
0.00333623,0,0,1,0,0,0,1,0,0,0,1,0,1,0,0,0
0.00333698,1,1,1,1,0,0,1,0,0,0,1,0,1,0,0,0
0.00333701,1,1,1,1,1,1,1,1,0,0,1,0,1,0,0,0
0.00333704,1,1,1,1,1,1,0,0,0,0,1,0,1,0,0,0
0.00333705,1,1,0,1,0,0,0,0,0,0,1,0,1,0,0,0
0.00333709,1,1,1,1,1,1,1,1,0,0,1,0,1,0,0,0
0.00333711,1,1,0,1,0,1,0,0,0,0,1,0,1,0,0,0
0.00333712,1,1,0,1,0,0,0,0,0,0,1,0,1,0,0,0
0.00333798,1,1,1,1,1,1,1,1,0,0,1,0,1,0,0,0
0.00333802,1,1,1,0,0,0,0,1,0,0,1,0,1,0,0,0
0.00333807,1,1,1,0,0,1,0,1,0,0,1,0,1,0,0,0
0.00333808,1,1,1,0,0,0,0,1,0,0,1,0,1,0,0,0
0.0033384,1,1,1,0,0,0,0,1,0,1,1,0,0,0,0,1
0.00333841,1,1,1,0,0,0,0,1,1,1,1,0,0,0,0,1
0.00333895,1,1,1,1,1,1,1,1,1,1,1,0,0,0,0,1
0.00333898,0,0,1,1,1,1,1,1,1,1,1,0,0,0,0,1
0.00333899,0,0,1,0,0,0,1,0,1,1,1,0,0,0,0,1
0.00333904,0,0,1,1,0,0,1,0,1,1,1,0,0,0,0,1
0.00333906,0,0,1,0,0,0,1,0,1,1,1,0,0,0,0,1
0.00333992,1,0,1,0,0,0,1,0,1,1,1,0,0,0,0,1
0.00333993,1,1,1,1,0,0,1,0,1,1,1,0,0,0,0,1
0.00333994,1,1,1,1,1,0,0,0,1,1,1,0,0,0,0,1
0.00333995,1,1,0,1,0,0,0,0,1,1,1,0,0,0,0,1
0.00333997,1,1,0,1,1,1,1,1,1,1,1,0,0,0,0,1
0.00333998,1,1,1,1,1,1,1,1,1,1,1,0,0,0,0,1
0.00334001,1,1,1,0,0,0,0,1,1,1,1,0,0,0,0,1
0.00334003,1,0,1,0,0,0,0,1,1,1,1,0,0,0,0,1
0.00334035,1,0,1,0,0,0,0,1,0,0,1,0,0,0,0,0
0.00334036,1,0,1,0,0,0,0,1,1,0,1,0,0,0,0,1
0.00334088,1,0,1,1,0,0,0,1,1,0,1,0,0,0,0,1
0.00334089,1,0,1,1,1,1,1,1,1,0,1,0,0,0,0,1
0.0033409,1,1,1,1,1,1,1,1,1,0,1,0,0,0,0,1
0.00334091,0,0,1,1,1,1,1,0,1,0,1,0,0,0,0,1
0.00334092,0,0,1,0,0,0,1,0,1,0,1,0,0,0,0,1
0.00334187,1,0,1,0,0,0,1,0,1,0,1,0,0,0,0,1
0.00334188,1,0,1,0,0,0,1,1,1,0,1,0,0,0,0,1
0.00334189,1,1,1,1,1,1,1,1,1,0,1,0,0,0,0,1
0.00334192,1,1,0,1,1,1,0,1,1,0,1,0,0,0,0,1
0.00334193,1,1,0,0,1,0,0,0,1,0,1,0,0,0,0,1
0.00334194,1,1,0,1,1,0,0,0,1,0,1,0,0,0,0,1
0.00334195,1,1,1,1,1,0,0,1,1,0,1,0,0,0,0,1
0.00334196,1,1,1,1,0,1,1,1,1,0,1,0,0,0,0,1
0.00334197,1,1,0,1,0,1,1,1,1,0,1,0,0,0,0,1
0.00334198,0,0,0,1,0,1,1,1,1,0,1,0,0,0,0,1
0.00334199,0,0,0,1,0,0,0,1,1,0,1,0,0,0,0,1
0.00334202,0,0,0,1,0,1,0,1,1,0,1,0,0,0,0,1
0.00334203,0,0,0,1,0,1,1,1,1,0,1,0,0,0,0,1
0.00334206,0,0,0,1,0,1,0,1,1,0,1,0,0,0,0,1
0.00334207,0,0,0,1,0,0,0,1,1,0,1,0,0,0,0,1
0.0033421,0,0,0,1,0,1,0,1,1,0,1,0,0,0,0,1
0.00334215,0,0,0,1,0,0,0,1,1,0,1,0,0,0,0,1
0.00334217,0,0,0,1,0,1,0,1,1,0,1,0,0,0,0,1
0.00334224,0,0,0,1,0,0,0,1,1,0,1,0,0,0,0,1
0.0033423,0,0,0,1,0,1,0,1,0,0,0,0,0,0,0,0
0.00334231,0,0,0,1,0,1,0,1,0,0,0,0,0,0,0,1
0.00334232,0,0,0,1,0,0,0,1,0,0,0,1,0,0,0,1
0.00334236,0,0,0,1,0,1,0,1,0,0,0,1,0,0,0,1
0.00334238,0,0,0,1,0,0,0,1,0,0,0,1,0,0,0,0
0.00334239,0,0,0,1,0,0,0,1,0,0,0,1,0,0,0,1
0.00334244,0,0,0,1,0,1,0,1,0,0,0,1,0,0,0,1
0.00334245,0,0,0,1,0,0,0,1,0,0,0,1,0,0,0,1
0.00334285,0,0,0,1,0,1,1,1,0,0,0,1,0,0,0,1
0.00334286,0,0,1,1,1,1,1,1,0,0,0,1,0,0,0,1
0.00334287,1,1,1,1,1,1,1,1,0,0,0,1,0,0,0,1
0.0033429,1,1,0,1,0,0,0,0,0,0,0,1,0,0,0,1
0.00334294,1,1,0,1,0,1,1,0,0,0,0,1,0,0,0,1
0.00334297,1,1,0,1,0,0,0,0,0,0,0,1,0,0,0,1
0.00334387,1,1,0,1,0,0,0,1,0,0,0,1,0,0,0,1
0.00334388,1,1,1,1,1,0,0,1,0,0,0,1,0,0,0,1
0.00334389,1,1,1,1,1,1,1,1,0,0,0,1,0,0,0,1
0.0033439,1,1,1,0,0,1,1,1,0,0,0,1,0,0,0,1
0.00334391,1,1,0,0,0,0,0,1,0,0,0,1,0,0,0,1
0.00334395,1,1,0,0,0,1,1,1,0,0,0,1,0,0,0,1
0.00334397,1,1,0,0,0,0,0,1,0,0,0,1,0,0,0,1
0.00334425,1,1,0,0,0,0,0,1,0,0,0,0,0,0,0,0
0.00334426,1,1,0,0,0,0,0,1,1,1,0,0,0,0,0,1
0.00334433,1,1,0,0,0,0,0,1,0,0,0,0,0,0,0,0
0.00334434,1,1,0,0,0,0,0,1,1,1,0,0,0,0,0,1
0.00334478,1,1,1,0,0,0,0,1,1,1,0,0,0,0,0,1
0.00334479,1,1,1,1,1,1,0,1,1,1,0,0,0,0,0,1
0.0033448,1,1,1,1,1,1,1,1,1,1,0,0,0,0,0,1
0.00334481,1,1,1,1,0,1,0,0,1,1,0,0,0,0,0,1
0.00334482,1,1,0,1,0,0,0,0,1,1,0,0,0,0,0,1
0.00334486,1,1,0,1,0,1,1,0,1,1,0,0,0,0,0,1
0.00334487,1,1,0,1,0,1,0,0,1,1,0,0,0,0,0,1
0.00334488,1,1,0,1,0,0,0,0,1,1,0,0,0,0,0,1
0.00334579,1,1,0,1,0,1,1,1,1,1,0,0,0,0,0,1
0.0033458,1,1,1,1,1,1,1,1,1,1,0,0,0,0,0,1
0.00334583,1,1,1,1,1,0,0,0,1,1,0,0,0,0,0,1
0.00334585,1,1,1,1,1,1,0,0,1,1,0,0,0,0,0,1
0.00334586,1,1,1,1,1,1,1,1,1,1,0,0,0,0,0,1
0.00334587,1,0,0,1,1,1,1,1,1,1,0,0,0,0,0,1
0.00334588,1,0,0,1,1,1,0,0,1,1,0,0,0,0,0,1
0.00334592,1,0,0,1,1,1,1,1,1,1,0,0,0,0,0,1
0.00334594,1,0,0,1,1,1,1,0,1,1,0,0,0,0,0,1
0.00334595,1,0,0,1,1,1,0,0,1,1,0,0,0,0,0,1
0.00334621,1,0,0,1,1,1,0,0,1,0,0,0,0,0,0,0
0.00334622,1,0,0,1,1,1,0,0,1,0,0,1,1,1,0,0
0.00334674,1,0,1,1,1,1,0,0,1,0,0,1,1,1,0,0
0.00334675,1,1,1,1,1,1,1,1,1,0,0,1,1,1,0,0
0.00334676,0,1,1,0,0,1,1,1,1,0,0,1,1,1,0,0
0.00334677,0,0,1,0,0,0,1,0,1,0,0,1,1,1,0,0
0.00334681,0,0,1,0,0,0,1,1,1,0,0,1,1,1,0,0
0.00334684,0,0,1,0,0,0,1,0,1,0,0,1,1,1,0,0
0.00334771,1,1,1,0,0,0,1,0,1,0,0,1,1,1,0,0
0.00334772,1,1,1,1,0,0,1,0,1,0,0,1,1,1,0,0
0.00334773,1,1,1,1,1,1,0,1,1,0,0,1,1,1,0,0
0.00334774,1,1,0,1,0,0,0,0,1,0,0,1,1,1,0,0
0.00334871,1,1,0,1,0,0,1,1,1,0,0,1,1,1,0,0
0.00334872,1,1,0,1,0,1,1,1,1,0,0,1,1,1,0,0
0.00334875,1,1,0,1,1,1,1,1,1,0,0,1,1,1,0,0
0.00334878,1,1,1,1,1,1,1,1,1,0,0,1,1,1,0,0
0.00334968,1,1,0,1,0,0,1,0,1,0,0,1,1,1,0,0
0.00334969,0,0,0,1,0,0,0,0,1,0,0,1,1,1,0,0
0.00334971,1,1,1,1,1,1,1,1,1,0,0,1,1,1,0,0
0.00334974,0,1,1,1,1,0,1,0,1,0,0,1,1,1,0,0
0.00334975,0,1,1,1,1,1,1,1,1,0,0,1,1,1,0,0
0.00334976,0,1,1,1,1,1,1,0,1,0,0,1,1,1,0,0
0.00334977,1,1,1,1,1,1,1,0,1,0,0,1,1,1,0,0
0.00334978,0,1,1,1,1,1,1,0,1,0,0,1,1,1,0,0
0.00334979,1,1,1,1,1,1,1,0,1,0,0,1,1,1,0,0
0.0033498,1,1,1,1,1,0,0,0,1,0,0,1,1,1,0,0
0.00334981,0,0,1,0,1,0,0,0,1,0,0,1,1,1,0,0
0.00334986,1,0,1,0,1,0,0,0,1,0,0,1,1,1,0,0
0.00334987,0,0,1,0,1,0,0,0,1,0,0,1,1,1,0,0
0.00335011,0,0,1,0,1,0,0,0,0,0,0,0,1,0,0,0
0.00335013,0,0,1,0,1,0,0,0,0,0,1,0,1,0,0,0
0.00335064,1,0,1,0,1,0,0,0,0,0,1,0,1,0,0,0
0.00335065,1,1,1,0,1,0,0,0,0,0,1,0,1,0,0,0
0.00335066,1,0,1,0,1,0,0,0,0,0,1,0,1,0,0,0
0.00335067,1,1,1,1,1,1,1,1,0,0,1,0,1,0,0,0
0.00335169,0,0,0,0,0,0,0,1,0,0,1,0,1,0,0,0
0.00335173,1,0,0,0,0,0,0,1,0,0,1,0,1,0,0,0
0.00335174,1,1,1,1,0,1,1,1,0,0,1,0,1,0,0,0
0.00335176,1,0,0,1,0,0,0,1,0,0,1,0,1,0,0,0
0.00335177,0,0,0,0,0,0,0,1,0,0,1,0,1,0,0,0
0.00335262,1,1,1,1,0,0,0,1,0,0,1,0,1,0,0,0
0.00335263,1,1,1,1,1,0,1,1,0,0,1,0,1,0,0,0
0.00335264,1,1,1,1,1,1,1,1,0,0,1,0,1,0,0,0
0.00335267,0,0,1,0,1,0,0,0,0,0,1,0,1,0,0,0
0.00335271,1,1,1,1,1,1,1,0,0,0,1,0,1,0,0,0
0.00335274,1,0,1,1,1,1,0,0,0,0,1,0,1,0,0,0
0.00335275,0,0,1,0,1,0,0,0,0,0,1,0,1,0,0,0
0.0033528,0,0,1,0,1,1,0,0,0,0,1,0,1,0,0,0
0.00335281,0,0,1,0,1,0,0,0,0,0,1,0,1,0,0,0
0.00335357,0,1,1,0,1,0,0,0,0,0,1,0,1,0,0,0
0.00335359,1,0,1,0,1,1,1,1,0,0,1,0,1,0,0,0
0.0033536,1,1,1,1,1,1,1,1,0,0,1,0,1,0,0,0
0.00335364,0,1,0,0,1,1,1,0,0,0,1,0,1,0,0,0
0.00335365,0,1,0,0,1,1,0,0,0,0,1,0,1,0,0,0
0.00335368,1,1,0,1,1,1,1,0,0,0,1,0,1,0,0,0
0.00335369,1,1,1,1,1,1,1,0,0,0,1,0,1,0,0,0
0.00335371,1,1,0,1,1,1,0,0,0,0,1,0,1,0,0,0
0.00335372,0,1,0,0,1,1,0,0,0,0,1,0,1,0,0,0
0.00335376,1,1,0,0,1,1,0,0,0,0,1,0,1,0,0,0
0.00335377,1,1,0,1,1,1,0,0,0,0,1,0,1,0,0,0
0.00335378,0,1,0,0,1,1,0,0,0,0,1,0,1,0,0,0
0.00335455,1,1,1,1,1,1,0,0,0,0,1,0,1,0,0,0
0.00335456,1,1,1,1,1,1,1,1,0,0,1,0,1,0,0,0
0.00335462,1,1,1,1,0,1,1,1,0,0,1,0,1,0,0,0
0.00335463,0,1,0,0,0,0,0,0,0,0,1,0,1,0,0,0
0.00335467,1,1,1,1,0,1,1,0,0,0,1,0,1,0,0,0
0.00335468,1,1,1,1,0,1,1,1,0,0,1,0,1,0,0,0
0.0033547,1,1,1,1,0,0,1,0,0,0,1,0,1,0,0,0
0.00335471,0,1,1,0,0,0,0,0,0,0,1,0,1,0,0,0
0.00335472,0,1,0,0,0,0,0,0,0,0,1,0,1,0,0,0
0.00335475,1,1,1,1,0,0,0,0,0,0,1,0,1,0,0,0
0.00335479,0,1,1,0,0,0,0,0,0,0,1,0,1,0,0,0
0.0033548,0,1,0,0,0,0,0,0,0,0,1,0,1,0,0,0
0.00335482,0,1,1,0,0,0,0,0,0,0,1,0,1,0,0,0
0.00335483,0,1,1,1,0,0,0,0,0,0,1,0,1,0,0,0
0.00335484,1,1,1,1,0,0,0,0,0,0,1,0,1,0,0,0
0.00335486,0,1,1,0,0,0,0,0,0,0,1,0,1,0,0,0
0.0033549,1,1,1,0,0,0,0,0,0,0,1,0,1,0,0,0
0.00335491,0,1,1,0,0,0,0,0,0,0,1,0,1,0,0,0
0.00335495,0,1,0,0,0,0,0,0,0,0,1,0,1,0,0,0
0.00335497,0,1,1,0,0,0,0,0,0,0,1,0,1,0,0,0
0.00335503,0,1,0,0,0,0,0,0,0,0,1,0,1,0,0,0
0.00335505,0,1,1,0,0,0,0,0,0,0,1,0,1,0,0,0
0.00335506,0,1,0,0,0,0,0,0,0,0,1,0,1,0,0,0
0.00335512,0,1,1,0,0,0,0,0,0,0,1,0,1,0,0,0
0.00335513,0,1,0,0,0,0,0,0,0,0,1,0,1,0,0,0
0.00335552,1,1,1,0,0,0,0,0,0,0,1,0,1,0,0,0
0.00335555,1,1,1,1,1,0,1,1,0,0,1,0,1,0,0,0
0.00335557,1,1,1,1,1,1,1,1,0,0,1,0,1,0,0,0
0.00335559,1,1,1,0,0,0,0,1,0,0,1,0,1,0,0,0
0.00335563,1,1,1,1,0,1,1,1,0,0,1,0,1,0,0,0
0.00335564,1,1,1,1,1,1,1,1,0,0,1,0,1,0,0,0
0.00335565,1,1,1,1,0,1,1,1,0,0,1,0,1,0,0,0
0.00335566,1,1,1,0,0,0,0,1,0,0,1,0,1,0,0,0
0.00335571,1,1,1,1,0,0,0,1,0,0,1,0,1,0,0,0
0.00335572,1,1,1,0,0,0,0,1,0,0,1,0,1,0,0,0
0.00335597,1,1,1,0,0,0,0,1,0,1,1,0,0,0,0,0
0.00335598,1,1,1,0,0,0,0,1,1,1,1,0,0,0,0,1
0.00335651,1,1,1,1,0,0,0,1,1,1,1,0,0,0,0,1
0.00335652,1,1,1,1,0,1,1,1,1,1,1,0,0,0,0,1
0.00335653,1,1,1,1,1,1,1,1,1,1,1,0,0,0,0,1
0.00335655,0,1,1,1,1,1,1,1,1,1,1,0,0,0,0,1
0.00335656,0,1,1,0,1,1,0,0,1,1,1,0,0,0,0,1
0.00335657,0,1,0,0,1,1,0,0,1,1,1,0,0,0,0,1
0.00335661,0,1,1,1,1,1,1,0,1,1,1,0,0,0,0,1
0.00335662,0,1,0,1,1,1,0,0,1,1,1,0,0,0,0,1
0.00335663,0,1,0,0,1,1,0,0,1,1,1,0,0,0,0,1
0.0033575,0,1,1,0,1,1,0,0,1,1,1,0,0,0,0,1
0.00335751,1,1,1,1,0,0,0,0,1,1,1,0,0,0,0,1
0.00335752,0,1,0,0,0,0,0,0,1,1,1,0,0,0,0,1
0.00335755,1,1,1,1,1,1,1,1,1,1,1,0,0,0,0,1
0.00335759,1,1,0,0,0,1,0,0,1,1,1,0,0,0,0,1
0.00335762,0,1,0,0,0,1,0,0,1,1,1,0,0,0,0,1
0.00335763,0,1,0,0,0,1,1,1,1,1,1,0,0,0,0,1
0.00335764,0,1,0,0,0,1,0,0,1,1,1,0,0,0,0,1
0.00335765,0,1,1,0,0,1,0,0,1,1,1,0,0,0,0,1
0.00335768,0,1,0,0,0,1,0,0,1,1,1,0,0,0,0,1
0.00335792,0,1,0,0,0,1,0,0,1,1,0,0,0,0,0,0
0.00335793,0,1,0,0,0,1,0,0,0,1,0,0,0,0,0,0
0.00335794,0,1,0,0,0,1,0,0,0,1,0,0,0,1,0,0
0.00335847,0,1,0,1,0,1,0,0,0,1,0,0,0,1,0,0
0.00335848,1,1,1,1,1,1,1,1,0,1,0,0,0,1,0,0
0.00335853,0,0,0,0,1,0,1,0,0,1,0,0,0,1,0,0
0.00335857,0,0,1,1,1,1,1,1,0,1,0,0,0,1,0,0
0.00335858,1,0,1,1,1,1,1,1,0,1,0,0,0,1,0,0
0.0033586,0,0,1,1,1,1,1,0,0,1,0,0,0,1,0,0
0.00335861,0,0,1,0,1,0,1,0,0,1,0,0,0,1,0,0
0.00335862,0,0,0,0,1,0,1,0,0,1,0,0,0,1,0,0
0.00335865,0,0,1,1,1,0,1,0,0,1,0,0,0,1,0,0
0.00335868,0,0,1,0,1,0,1,0,0,1,0,0,0,1,0,0
0.00335869,0,0,0,0,1,0,1,0,0,1,0,0,0,1,0,0
0.00335873,0,0,1,0,1,0,1,0,0,1,0,0,0,1,0,0
0.00335877,0,0,0,0,1,0,1,0,0,1,0,0,0,1,0,0
0.00335943,1,1,1,1,1,0,1,0,0,1,0,0,0,1,0,0
0.00335944,1,1,1,1,1,0,1,1,0,1,0,0,0,1,0,0
0.00335945,1,1,1,1,1,1,1,1,0,1,0,0,0,1,0,0
0.00335951,0,0,0,0,0,0,0,1,0,1,0,0,0,1,0,0
0.00335955,1,1,1,1,0,1,0,1,0,1,0,0,0,1,0,0
0.00335956,1,1,1,1,0,1,1,1,0,1,0,0,0,1,0,0
0.00335958,1,1,1,1,0,1,0,1,0,1,0,0,0,1,0,0
0.00335959,0,0,1,1,0,0,0,1,0,1,0,0,0,1,0,0
0.0033596,0,0,0,0,0,0,0,1,0,1,0,0,0,1,0,0
0.00335963,0,0,1,1,0,0,0,1,0,1,0,0,0,1,0,0
0.00335964,0,0,1,1,0,1,0,1,0,1,0,0,0,1,0,0
0.00335967,0,0,1,0,0,0,0,1,0,1,0,0,0,1,0,0
0.00335968,0,0,0,0,0,0,0,1,0,1,0,0,0,1,0,0
0.00335971,0,0,1,0,0,0,0,1,0,1,0,0,0,1,0,0
0.00335972,0,0,1,1,0,0,0,1,0,1,0,0,0,1,0,0
0.00335974,0,0,1,0,0,0,0,1,0,1,0,0,0,1,0,0
0.00335977,0,0,0,0,0,0,0,1,0,1,0,0,0,1,0,0
0.00335978,0,0,1,0,0,0,0,1,0,1,0,0,0,1,0,0
0.00335983,0,0,0,0,0,0,0,1,0,1,0,0,0,1,0,0
0.00335985,0,0,1,0,0,0,0,1,0,1,0,0,0,1,0,0
0.00335986,0,0,0,0,0,0,0,1,0,1,0,0,0,1,0,0
0.00335988,0,0,1,0,0,0,0,1,0,1,0,0,0,1,0,0
0.0033599,0,0,0,0,0,0,0,1,0,1,0,0,0,1,0,0
0.00336041,0,1,0,0,1,1,0,1,0,1,0,0,0,1,0,0
0.00336043,1,1,1,1,1,1,0,0,0,1,0,0,0,1,0,0
0.00336045,0,1,0,0,1,1,0,0,0,1,0,0,0,1,0,0
0.00336051,0,1,1,0,1,1,0,0,0,1,0,0,0,1,0,0
0.00336052,0,1,0,0,1,1,0,0,0,1,0,0,0,1,0,0
0.00336144,0,1,1,1,1,1,0,0,0,1,0,0,0,1,0,0
0.00336145,1,1,1,1,1,1,1,1,0,1,0,0,0,1,0,0
0.0033615,0,0,0,1,0,0,0,1,0,1,0,0,0,1,0,0
0.00336154,1,0,1,1,0,0,1,1,0,1,0,0,0,1,0,0
0.00336155,1,1,1,1,0,1,1,1,0,1,0,0,0,1,0,0
0.00336156,1,1,1,1,1,1,1,1,0,1,0,0,0,1,0,0
0.00336157,1,0,1,1,0,1,1,1,0,1,0,0,0,1,0,0
0.00336158,0,0,1,1,0,0,0,1,0,1,0,0,0,1,0,0
0.00336159,0,0,0,1,0,0,0,1,0,1,0,0,0,1,0,0
0.00336162,0,0,1,1,0,0,0,1,0,1,0,0,0,1,0,0
0.00336163,1,0,1,1,0,0,1,1,0,1,0,0,0,1,0,0
0.00336164,0,0,1,1,0,0,0,1,0,1,0,0,0,1,0,0
0.00336168,0,0,0,1,0,0,0,1,0,1,0,0,0,1,0,0
0.00336169,0,0,1,1,0,0,0,1,0,1,0,0,0,1,0,0
0.00336176,0,0,0,1,0,0,0,1,0,1,0,0,0,1,0,0
0.00336177,0,0,1,1,0,0,0,1,0,1,0,0,0,1,0,0
0.00336183,0,0,1,1,0,0,0,1,0,0,0,0,0,0,0,0
0.00336184,0,0,1,1,0,0,0,1,0,0,0,1,0,0,0,1
0.00336185,0,0,0,1,0,0,0,1,0,0,0,1,0,0,0,1
0.00336188,0,0,1,1,0,0,0,1,0,0,0,1,0,0,0,1
0.00336191,0,0,0,1,0,0,0,1,0,0,0,1,0,0,0,0
0.00336192,0,0,0,1,0,0,0,1,0,0,0,1,0,0,0,1
0.00336196,0,0,1,1,0,0,0,1,0,0,0,1,0,0,0,1
0.00336199,0,0,0,1,0,0,0,1,0,0,0,1,0,0,0,1
0.00336238,1,1,1,1,0,1,0,1,0,0,0,1,0,0,0,1
0.00336239,1,1,1,1,1,1,1,1,0,0,0,1,0,0,0,1
0.00336243,1,1,1,0,1,1,1,0,0,0,0,1,0,0,0,1
0.00336244,0,1,0,0,0,0,0,0,0,0,0,1,0,0,0,1
0.00336247,1,1,1,0,0,1,1,0,0,0,0,1,0,0,0,1
0.00336248,1,1,1,1,1,1,1,0,0,0,0,1,0,0,0,1
0.00336249,1,1,1,1,1,1,1,1,0,0,0,1,0,0,0,1
0.00336251,1,1,1,0,0,1,1,0,0,0,0,1,0,0,0,1
0.00336252,1,1,1,0,0,1,0,0,0,0,0,1,0,0,0,1
0.00336253,0,1,0,0,0,0,0,0,0,0,0,1,0,0,0,1
0.00336255,1,1,1,0,0,1,1,0,0,0,0,1,0,0,0,1
0.00336256,1,1,1,1,1,1,1,0,0,0,0,1,0,0,0,1
0.00336257,1,1,1,1,0,1,1,0,0,0,0,1,0,0,0,1
0.00336258,1,1,1,0,0,1,1,0,0,0,0,1,0,0,0,1
0.0033626,1,1,1,0,0,1,0,0,0,0,0,1,0,0,0,1
0.00336263,1,1,1,0,0,1,1,0,0,0,0,1,0,0,0,1
0.00336275,1,1,1,0,0,1,0,0,0,0,0,1,0,0,0,1
0.00336276,0,1,1,0,0,1,0,0,0,0,0,1,0,0,0,1
0.00336277,1,1,1,0,0,1,0,0,0,0,0,1,0,0,0,1
0.00336278,1,1,1,0,0,1,1,0,0,0,0,1,0,0,0,1
0.00336279,1,1,1,0,0,1,0,0,0,0,0,1,0,0,0,1
0.0033628,0,1,1,0,0,1,0,0,0,0,0,1,0,0,0,1
0.00336282,1,1,1,0,0,1,1,0,0,0,0,1,0,0,0,1
0.00336284,1,1,1,0,0,1,0,0,0,0,0,1,0,0,0,1
0.00336289,0,1,1,0,0,1,0,0,0,0,0,1,0,0,0,1
0.0033629,1,1,1,0,0,1,0,0,0,0,0,1,0,0,0,1
0.00336293,0,1,1,0,0,1,0,0,0,0,0,1,0,0,0,1
0.00336295,1,1,1,0,0,1,0,0,0,0,0,1,0,0,0,1
0.00336297,0,1,1,0,0,1,0,0,0,0,0,1,0,0,0,1
0.00336298,1,1,1,0,0,1,0,0,0,0,0,1,0,0,0,1
0.00336299,0,1,1,0,0,1,0,0,0,0,0,1,0,0,0,1
0.00336327,0,1,1,0,0,0,0,0,0,0,0,1,0,0,0,1
0.00336328,0,1,1,0,0,1,0,0,0,0,0,1,0,0,0,1
0.00336329,0,1,1,0,0,0,0,0,0,0,0,1,0,0,0,1
0.00336333,0,1,1,0,0,1,0,0,0,0,0,1,0,0,0,1
0.00336334,0,1,1,0,0,0,0,0,0,0,0,1,0,0,0,1
0.00336335,0,1,0,0,0,0,0,0,0,0,0,1,0,0,0,1
0.00336336,1,1,1,0,0,0,0,0,0,0,0,1,0,0,0,1
0.00336337,0,1,1,0,0,0,0,0,0,0,0,1,0,0,0,1
0.00336338,0,1,0,0,0,0,0,0,0,0,0,1,0,0,0,1
0.00336339,0,1,1,0,0,1,0,0,0,0,0,1,0,0,0,1
0.0033634,1,1,0,1,1,1,0,0,0,0,0,1,0,0,0,1
0.00336342,1,1,1,1,1,1,1,1,0,0,0,1,0,0,0,1
0.00336346,0,1,0,0,0,1,0,0,0,0,0,1,0,0,0,1
0.0033635,1,1,1,1,1,1,1,1,0,0,0,1,0,0,0,1
0.00336352,1,1,1,1,1,1,1,0,0,0,0,1,0,0,0,1
0.00336353,0,1,1,0,0,1,1,0,0,0,0,1,0,0,0,1
0.00336354,0,1,0,0,0,1,0,0,0,0,0,1,0,0,0,1
0.00336358,1,1,1,0,0,1,0,0,0,0,0,1,0,0,0,1
0.00336359,1,1,1,0,0,1,1,0,0,0,0,1,0,0,0,1
0.0033636,0,1,1,0,0,1,0,0,0,0,0,1,0,0,0,1
0.00336362,0,1,0,0,0,1,0,0,0,0,0,1,0,0,0,1
0.00336366,0,1,1,0,0,1,0,0,0,0,0,1,0,0,0,1
0.00336369,0,1,0,0,0,1,0,0,0,0,0,1,0,0,0,1
0.00336378,0,1,1,0,0,1,0,0,0,0,0,0,0,0,0,0
0.00336379,0,1,0,0,0,1,0,0,0,1,0,0,0,1,0,0
0.00336384,0,1,1,0,0,1,0,0,0,1,0,0,0,1,0,0
0.00336386,0,1,0,0,0,1,0,0,0,1,0,0,0,1,0,0
0.00336433,0,1,1,1,0,1,0,0,0,1,0,0,0,1,0,0
0.00336434,1,1,1,1,1,1,1,1,0,1,0,0,0,1,0,0
0.00336439,1,0,0,0,1,0,1,0,0,1,0,0,0,1,0,0
0.00336443,1,0,1,1,1,1,1,1,0,1,0,0,0,1,0,0
0.00336444,1,1,1,1,1,1,1,1,0,1,0,0,0,1,0,0
0.00336445,1,0,1,1,1,1,1,1,0,1,0,0,0,1,0,0
0.00336446,1,0,0,0,1,0,1,0,0,1,0,0,0,1,0,0
0.00336451,1,0,1,0,1,0,1,0,0,1,0,0,0,1,0,0
0.00336453,1,0,0,0,1,0,1,0,0,1,0,0,0,1,0,0
0.00336528,1,0,1,0,1,0,1,0,0,1,0,0,0,1,0,0
0.00336529,1,1,1,1,1,0,1,0,0,1,0,0,0,1,0,0
0.0033653,1,1,1,1,1,0,1,1,0,1,0,0,0,1,0,0
0.00336531,1,1,1,1,1,1,1,1,0,1,0,0,0,1,0,0
0.00336536,1,1,1,1,0,1,1,1,0,1,0,0,0,1,0,0
0.00336537,0,0,0,0,0,0,0,1,0,1,0,0,0,1,0,0
0.00336541,1,1,1,1,0,1,0,1,0,1,0,0,0,1,0,0
0.00336542,1,1,1,1,0,1,1,1,0,1,0,0,0,1,0,0
0.00336544,1,0,1,1,0,1,0,1,0,1,0,0,0,1,0,0
0.00336545,0,0,0,0,0,0,0,1,0,1,0,0,0,1,0,0
0.00336549,0,0,1,1,0,1,0,1,0,1,0,0,0,1,0,0
0.00336552,0,0,1,0,0,0,0,1,0,1,0,0,0,1,0,0
0.00336553,0,0,0,0,0,0,0,1,0,1,0,0,0,1,0,0
0.00336557,0,0,1,0,0,0,0,1,0,1,0,0,0,1,0,0
0.0033656,0,0,0,0,0,0,0,1,0,1,0,0,0,1,0,0
0.00336626,0,0,1,0,0,0,0,1,0,1,0,0,0,1,0,0
0.00336627,0,1,1,0,0,0,0,1,0,1,0,0,0,1,0,0
0.00336628,1,1,1,1,1,1,0,0,0,1,0,0,0,1,0,0
0.00336629,1,1,1,1,0,0,0,0,0,1,0,0,0,1,0,0
0.0033663,0,1,0,0,0,0,0,0,0,1,0,0,0,1,0,0
0.00336634,1,1,1,1,0,0,0,0,0,1,0,0,0,1,0,0
0.00336635,0,1,0,0,0,0,0,0,0,1,0,0,0,1,0,0
0.0033673,0,1,0,1,0,1,0,0,0,1,0,0,0,1,0,0
0.00336731,1,1,1,1,1,1,1,1,0,1,0,0,0,1,0,0
0.00336736,0,0,1,0,1,0,0,0,0,1,0,0,0,1,0,0
0.0033674,1,0,1,1,1,1,1,0,0,1,0,0,0,1,0,0
0.00336741,1,1,1,1,1,1,1,0,0,1,0,0,0,1,0,0
0.00336743,1,0,1,1,1,1,0,0,0,1,0,0,0,1,0,0
0.00336744,1,0,1,0,1,0,0,0,0,1,0,0,0,1,0,0
0.00336745,0,0,1,0,1,0,0,0,0,1,0,0,0,1,0,0
0.00336748,1,0,1,1,1,0,0,0,0,1,0,0,0,1,0,0
0.00336751,0,0,1,0,1,0,0,0,0,1,0,0,0,1,0,0
0.00336757,1,0,1,0,1,0,0,0,0,1,0,0,0,1,0,0
0.00336758,0,0,1,0,1,0,0,0,0,1,0,0,0,1,0,0
0.00336769,0,0,1,0,1,0,0,0,0,0,0,0,0,0,0,0
0.0033677,0,0,1,0,1,0,0,0,0,0,1,0,1,0,0,0
0.00336775,1,0,1,0,1,0,0,0,0,0,1,0,1,0,0,0
0.00336776,0,0,1,0,1,0,0,0,0,0,1,0,1,0,0,0
0.00336821,1,1,1,1,1,0,0,0,0,0,1,0,1,0,0,0
0.00336823,1,1,1,0,1,0,0,0,0,0,1,0,1,0,0,0
0.00336824,1,1,1,1,1,1,1,1,0,0,1,0,1,0,0,0
0.00336926,0,0,0,1,0,1,0,1,0,0,1,0,1,0,0,0
0.00336927,0,0,0,0,0,0,0,1,0,0,1,0,1,0,0,0
0.0033693,1,1,1,1,0,1,1,1,0,0,1,0,1,0,0,0
0.00336935,1,0,0,1,0,0,0,1,0,0,1,0,1,0,0,0
0.00336936,0,0,0,0,0,0,0,1,0,0,1,0,1,0,0,0
0.00336938,1,0,0,1,0,0,0,1,0,0,1,0,1,0,0,0
0.00336939,1,1,1,1,0,1,0,1,0,0,1,0,1,0,0,0
0.00336942,1,1,1,1,0,0,0,1,0,0,1,0,1,0,0,0
0.00336943,1,1,0,1,0,0,0,1,0,0,1,0,1,0,0,0
0.00336944,0,0,0,1,0,0,0,1,0,0,1,0,1,0,0,0
0.00336945,0,0,0,0,0,0,0,1,0,0,1,0,1,0,0,0
0.00336946,1,0,0,1,0,0,0,1,0,0,1,0,1,0,0,0
0.00336947,1,1,1,1,0,0,0,1,0,0,1,0,1,0,0,0
0.00336951,1,1,0,1,0,0,0,1,0,0,1,0,1,0,0,0
0.00336952,1,0,0,1,0,0,0,1,0,0,1,0,1,0,0,0
0.00336953,0,0,0,1,0,0,0,1,0,0,1,0,1,0,0,0
0.00336954,1,0,0,1,0,0,0,1,0,0,1,0,1,0,0,0
0.00336955,1,1,0,1,0,0,0,1,0,0,1,0,1,0,0,0
0.00336957,1,1,1,1,0,0,0,1,0,0,1,0,1,0,0,0
0.00336958,1,1,0,1,0,0,0,1,0,0,1,0,1,0,0,0
0.00336959,1,0,0,1,0,0,0,1,0,0,1,0,1,0,0,0
0.00336962,1,1,0,1,0,0,0,1,0,0,1,0,1,0,0,0
0.00336963,0,0,0,1,0,0,0,1,0,0,1,0,1,0,0,0
0.00336964,1,1,1,1,0,0,0,1,0,0,1,0,1,0,0,0
0.00336966,1,0,0,1,0,0,0,1,0,0,1,0,1,0,0,0
0.0033697,1,1,1,1,0,0,0,1,0,0,1,0,1,0,0,0
0.00336972,1,0,0,1,0,0,0,1,0,0,1,0,1,0,0,0
0.00336977,1,1,1,1,0,0,0,1,0,0,1,0,1,0,0,0
0.00336978,1,0,0,1,0,0,0,1,0,0,1,0,1,0,0,0
0.0033698,0,0,0,1,0,0,0,1,0,0,1,0,1,0,0,0
0.00336981,1,0,0,1,0,0,0,1,0,0,1,0,1,0,0,0
0.00336985,0,0,0,1,0,0,0,1,0,0,1,0,1,0,0,0
0.00336987,1,0,0,1,0,0,0,1,0,0,1,0,1,0,0,0
0.00336989,0,0,0,1,0,0,0,1,0,0,1,0,1,0,0,0
0.00336992,1,0,0,1,0,0,0,1,0,0,1,0,1,0,0,0
0.00336993,0,0,0,1,0,0,0,1,0,0,1,0,1,0,0,0
0.00336994,0,0,0,0,0,0,0,1,0,0,1,0,1,0,0,0
0.00336996,0,0,0,1,0,0,0,1,0,0,1,0,1,0,0,0
0.00336998,0,0,0,0,0,0,0,1,0,0,1,0,1,0,0,0
0.00337008,1,0,0,1,0,0,0,1,0,0,1,0,1,0,0,0
0.0033701,0,0,0,0,0,0,0,1,0,0,1,0,1,0,0,0
0.00337016,0,0,0,1,0,0,0,1,0,0,1,0,1,0,0,0
0.00337017,1,1,1,1,0,0,0,1,0,0,1,0,1,0,0,0
0.00337019,1,1,1,1,1,1,1,1,0,0,1,0,1,0,0,0
0.00337025,0,1,0,1,1,1,0,0,0,0,1,0,1,0,0,0
0.00337029,1,1,1,1,1,1,1,0,0,0,1,0,1,0,0,0
0.00337032,0,1,0,1,1,1,0,0,0,0,1,0,1,0,0,0
0.00337036,1,1,1,1,1,1,0,0,0,0,1,0,1,0,0,0
0.00337039,0,1,0,1,1,1,0,0,0,0,1,0,1,0,0,0
0.00337062,0,1,0,1,1,1,0,0,0,1,0,0,1,1,0,0
0.00337063,0,1,0,1,1,1,0,0,0,1,0,1,1,1,0,0
0.00337117,1,1,1,1,1,1,1,1,0,1,0,1,1,1,0,0
0.00337121,1,0,1,0,1,0,1,1,0,1,0,1,1,1,0,0
0.00337122,0,0,0,0,1,0,1,0,0,1,0,1,1,1,0,0
0.00337125,0,0,1,0,1,0,1,0,0,1,0,1,1,1,0,0
0.00337126,1,1,1,1,1,1,1,0,0,1,0,1,1,1,0,0
0.00337127,1,1,1,1,1,1,1,1,0,1,0,1,1,1,0,0
0.00337128,1,1,1,1,1,1,1,0,0,1,0,1,1,1,0,0
0.00337129,1,0,1,0,1,0,1,0,0,1,0,1,1,1,0,0
0.0033713,0,0,0,0,1,0,1,0,0,1,0,1,1,1,0,0
0.00337133,0,0,1,0,1,0,1,0,0,1,0,1,1,1,0,0
0.00337134,1,0,1,1,1,0,1,0,0,1,0,1,1,1,0,0
0.00337136,1,0,1,0,1,0,1,0,0,1,0,1,1,1,0,0
0.00337137,0,0,1,0,1,0,1,0,0,1,0,1,1,1,0,0
0.00337138,0,0,0,0,1,0,1,0,0,1,0,1,1,1,0,0
0.00337141,0,0,1,0,1,0,1,0,0,1,0,1,1,1,0,0
0.00337147,0,0,0,0,1,0,1,0,0,1,0,1,1,1,0,0
0.0033715,0,0,1,0,1,0,1,0,0,1,0,1,1,1,0,0
0.00337153,0,0,0,0,1,0,1,0,0,1,0,1,1,1,0,0
0.00337157,0,0,1,0,1,0,1,0,0,1,0,1,1,1,0,0
0.00337158,0,0,0,0,1,0,1,0,0,1,0,1,1,1,0,0
0.0033716,0,0,1,0,1,0,1,0,0,1,0,1,1,1,0,0
0.00337162,0,0,0,0,1,0,1,0,0,1,0,1,1,1,0,0
0.00337213,1,1,1,1,1,0,1,0,0,1,0,1,1,1,0,0
0.00337214,1,1,1,1,1,1,1,1,0,1,0,1,1,1,0,0
0.0033722,0,0,0,0,0,0,0,1,0,1,0,1,1,1,0,0
0.00337224,1,1,1,1,0,1,0,1,0,1,0,1,1,1,0,0
0.00337225,1,1,1,1,0,1,1,1,0,1,0,1,1,1,0,0
0.00337227,1,1,1,1,0,1,0,1,0,1,0,1,1,1,0,0
0.00337228,1,0,1,1,0,1,0,1,0,1,0,1,1,1,0,0
0.00337229,0,0,0,0,0,0,0,1,0,1,0,1,1,1,0,0
0.00337232,1,1,1,1,0,1,0,1,0,1,0,1,1,1,0,0
0.00337236,1,0,1,1,0,0,0,1,0,1,0,1,1,1,0,0
0.00337237,0,0,1,1,0,0,0,1,0,1,0,1,1,1,0,0
0.00337238,0,0,1,0,0,0,0,1,0,1,0,1,1,1,0,0
0.00337239,0,0,1,1,0,0,0,1,0,1,0,1,1,1,0,0
0.0033724,1,0,1,1,0,0,0,1,0,1,0,1,1,1,0,0
0.00337241,1,0,1,1,0,1,0,1,0,1,0,1,1,1,0,0
0.00337243,1,0,1,1,0,0,0,1,0,1,0,1,1,1,0,0
0.00337244,0,0,1,1,0,0,0,1,0,1,0,1,1,1,0,0
0.00337248,1,0,1,1,0,0,0,1,0,1,0,1,1,1,0,0
0.00337249,0,0,1,1,0,0,0,1,0,1,0,1,1,1,0,0
0.0033725,1,0,1,1,0,0,0,1,0,1,0,1,1,1,0,0
0.00337251,0,0,1,1,0,0,0,1,0,1,0,1,1,1,0,0
0.00337252,0,0,1,0,0,0,0,1,0,1,0,1,1,1,0,0
0.00337253,0,0,1,1,0,0,0,1,0,1,0,1,1,1,0,0
0.00337257,1,0,1,1,0,0,0,1,0,1,0,1,1,1,0,0
0.00337258,0,0,1,1,0,0,0,1,0,1,0,1,1,1,0,0
0.0033726,0,0,1,0,0,0,0,1,0,1,0,1,1,1,0,0
0.00337262,0,0,1,1,0,0,0,1,0,1,0,1,1,1,0,0
0.00337266,0,0,1,0,0,0,0,1,0,1,0,1,1,1,0,0
0.00337279,0,0,0,0,0,0,0,1,0,1,0,1,1,1,0,0
0.0033728,0,0,1,0,0,0,0,1,0,1,0,1,1,1,0,0
0.00337283,0,0,0,0,0,0,0,1,0,1,0,1,1,1,0,0
0.00337291,0,0,1,0,0,0,0,1,0,1,0,1,1,1,0,0
0.00337292,0,0,0,0,0,0,0,1,0,1,0,1,1,1,0,0
0.00337308,0,0,1,0,0,0,0,1,0,1,0,1,1,1,0,0
0.00337309,0,0,0,0,0,0,0,1,0,1,0,1,1,1,0,0
0.0033731,1,0,1,0,0,0,0,1,0,1,0,1,1,1,0,0
0.00337311,1,0,1,1,0,0,0,1,0,1,0,1,1,1,0,0
0.00337312,1,1,1,1,0,1,0,1,0,1,0,1,1,1,0,0
0.00337313,1,1,1,1,1,1,1,1,0,1,0,1,1,1,0,0
0.00337317,0,1,0,0,1,1,1,0,0,1,0,1,1,1,0,0
0.00337319,0,1,0,0,1,1,0,0,0,1,0,1,1,1,0,0
0.00337321,1,1,1,1,1,1,0,0,0,1,0,1,1,1,0,0
0.00337326,0,1,0,0,1,1,0,0,0,1,0,1,1,1,0,0
0.00337328,0,1,1,0,1,1,0,0,0,1,0,1,1,1,0,0
0.00337329,1,1,1,1,1,1,0,0,0,1,0,1,1,1,0,0
0.00337333,0,1,1,1,1,1,0,0,0,1,0,1,1,1,0,0
0.00337334,0,1,1,0,1,1,0,0,0,1,0,1,1,1,0,0
0.00337335,1,1,1,1,1,1,0,0,0,1,0,1,1,1,0,0
0.00337343,0,1,1,1,1,1,0,0,0,1,0,1,1,1,0,0
0.00337344,1,1,1,1,1,1,0,0,0,1,0,1,1,1,0,0
0.00337347,0,1,1,1,1,1,0,0,0,1,0,1,1,1,0,0
0.0033735,0,1,1,0,1,1,0,0,0,1,0,1,1,1,0,0
0.00337352,0,1,1,1,1,1,0,0,0,1,0,1,1,1,0,0
0.00337353,1,1,1,1,1,1,0,0,0,1,0,1,1,1,0,0
0.00337355,0,1,1,0,1,1,0,0,0,1,0,1,1,1,0,0
0.00337374,0,1,0,0,1,1,0,0,0,1,0,1,1,1,0,0
0.00337375,0,1,1,0,1,1,0,0,0,1,0,1,1,1,0,0
0.00337379,0,1,0,0,1,1,0,0,0,1,0,1,1,1,0,0
0.00337384,0,1,1,0,1,1,0,0,0,1,0,1,1,1,0,0
0.00337385,0,1,0,0,1,1,0,0,0,1,0,1,1,1,0,0
0.00337406,0,1,1,0,1,1,0,0,0,1,0,1,1,1,0,0
0.00337407,0,1,1,1,1,1,0,0,0,1,0,1,1,1,0,0
0.00337408,1,1,1,1,1,1,0,0,0,1,0,1,1,1,0,0
0.0033741,0,1,0,0,1,1,0,0,0,1,0,1,1,1,0,0
0.00337414,1,1,0,0,1,1,0,0,0,1,0,1,1,1,0,0
0.00337415,1,1,0,0,1,1,1,0,0,1,0,1,1,1,0,0
0.00337416,1,1,1,1,1,1,1,1,0,1,0,1,1,1,0,0
0.00337417,1,0,1,1,1,0,1,0,0,1,0,1,1,1,0,0
0.00337418,1,0,0,0,1,0,1,0,0,1,0,1,1,1,0,0
0.00337421,1,0,1,1,1,0,1,0,0,1,0,1,1,1,0,0
0.00337422,1,1,1,1,1,1,1,0,0,1,0,1,1,1,0,0
0.00337423,1,0,1,1,1,0,1,0,0,1,0,1,1,1,0,0
0.00337424,1,0,1,0,1,0,1,0,0,1,0,1,1,1,0,0
0.00337425,1,0,0,0,1,0,1,0,0,1,0,1,1,1,0,0
0.00337429,1,0,1,0,1,0,1,0,0,1,0,1,1,1,0,0
0.0033743,1,0,1,1,1,0,1,0,0,1,0,1,1,1,0,0
0.00337431,1,0,0,0,1,0,1,0,0,1,0,1,1,1,0,0
0.00337505,1,0,0,1,1,0,1,0,0,1,0,1,1,1,0,0
0.00337506,1,1,0,0,1,0,1,0,0,1,0,1,1,1,0,0
0.00337507,1,1,1,0,1,0,1,0,0,1,0,1,1,1,0,0
0.00337508,1,1,1,1,1,1,1,1,0,1,0,1,1,1,0,0
0.00337513,0,0,0,0,0,0,0,1,0,1,0,1,1,1,0,0
0.00337517,1,1,1,1,0,1,1,1,0,1,0,1,1,1,0,0
0.00337521,1,0,1,1,0,1,0,1,0,1,0,1,1,1,0,0
0.00337522,0,0,1,0,0,0,0,1,0,1,0,1,1,1,0,0
0.00337523,0,0,0,0,0,0,0,1,0,1,0,1,1,1,0,0
0.00337525,0,0,1,1,0,0,0,1,0,1,0,1,1,1,0,0
0.00337526,1,0,1,1,0,1,0,1,0,1,0,1,1,1,0,0
0.00337529,0,0,1,1,0,0,0,1,0,1,0,1,1,1,0,0
0.00337546,0,0,1,0,0,0,0,1,0,1,0,1,1,1,0,0
0.00337547,0,0,1,1,0,0,0,1,0,1,0,1,1,1,0,0
0.00337549,0,0,1,0,0,0,0,1,0,1,0,1,1,1,0,0
0.0033755,0,0,1,1,0,0,0,1,0,1,0,1,1,1,0,0
0.00337554,0,0,1,0,0,0,0,1,0,1,0,1,1,1,0,0
0.00337556,0,0,1,1,0,0,0,1,0,1,0,1,1,1,0,0
0.00337557,0,0,1,0,0,0,0,1,0,1,0,1,1,1,0,0
0.00337569,0,0,0,0,0,0,0,1,0,1,0,1,1,1,0,0
0.0033757,0,0,1,0,0,0,0,1,0,1,0,1,1,1,0,0
0.00337573,0,0,0,0,0,0,0,1,0,1,0,1,1,1,0,0
0.00337574,0,0,1,0,0,0,0,1,0,1,0,1,1,1,0,0
0.00337575,0,0,0,0,0,0,0,1,0,1,0,1,1,1,0,0
0.00337603,0,0,0,1,1,0,0,1,0,1,0,1,1,1,0,0
0.00337604,1,1,1,1,1,0,1,1,0,1,0,1,1,1,0,0
0.00337605,1,1,1,1,1,1,1,1,0,1,0,1,1,1,0,0
0.00337606,1,0,1,1,1,1,1,1,0,1,0,1,1,1,0,0
0.00337607,1,0,0,1,1,0,1,1,0,1,0,1,1,1,0,0
0.00337608,1,1,1,1,1,1,1,1,0,1,0,1,1,1,0,0
0.00337609,1,1,1,1,1,1,1,0,0,1,0,1,1,1,0,0
0.0033761,1,1,0,0,0,0,0,0,0,1,0,1,1,1,0,0
0.00337611,0,1,0,0,0,0,0,0,0,1,0,1,1,1,0,0
0.00337614,1,1,1,1,0,1,0,0,0,1,0,1,1,1,0,0
0.00337615,1,1,1,1,1,1,1,0,0,1,0,1,1,1,0,0
0.00337617,1,1,1,1,0,1,1,0,0,1,0,1,1,1,0,0
0.00337618,0,1,0,0,0,0,0,0,0,1,0,1,1,1,0,0
0.00337623,1,1,1,1,0,0,0,0,0,1,0,1,1,1,0,0
0.00337625,0,1,1,0,0,0,0,0,0,1,0,1,1,1,0,0
0.00337626,0,1,0,0,0,0,0,0,0,1,0,1,1,1,0,0
0.00337702,1,1,1,1,1,1,1,0,0,1,0,1,1,1,0,0
0.00337704,1,1,1,1,1,1,1,1,0,1,0,1,1,1,0,0
0.00337705,1,1,1,1,1,1,1,0,0,1,0,1,1,1,0,0
0.00337706,0,1,1,0,0,0,0,0,0,1,0,1,1,1,0,0
0.00337707,0,1,0,0,0,0,0,0,0,1,0,1,1,1,0,0
0.00337711,1,1,1,1,0,0,0,0,0,1,0,1,1,1,0,0
0.00337712,1,1,1,0,0,0,0,0,0,1,0,1,1,1,0,0
0.00337713,0,1,0,0,0,0,0,0,0,1,0,1,1,1,0,0
0.00337801,0,1,0,0,1,1,0,0,0,1,0,1,1,1,0,0
0.00337805,1,1,1,1,1,1,0,0,0,1,0,1,1,1,0,0
0.00337806,0,1,0,0,1,1,0,0,0,1,0,1,1,1,0,0
0.00337898,1,1,1,1,1,1,1,0,0,1,0,1,1,1,0,0
0.00337901,1,1,1,1,1,1,1,1,0,1,0,1,1,1,0,0
0.00337997,1,0,1,0,1,0,0,0,0,1,0,1,1,1,0,0
0.00337998,0,0,1,0,1,0,0,0,0,1,0,1,1,1,0,0
0.00338002,1,0,1,1,1,1,1,0,0,1,0,1,1,1,0,0
0.00338003,1,1,1,1,1,1,1,0,0,1,0,1,1,1,0,0
0.00338004,0,0,1,1,1,1,1,0,0,1,0,1,1,1,0,0
0.00338005,0,0,1,0,1,0,0,0,0,1,0,1,1,1,0,0
0.00338038,0,0,1,0,1,0,0,0,0,0,0,0,1,0,0,0
0.0033804,0,0,1,0,1,0,0,0,0,0,1,0,1,0,0,0
0.00338046,0,1,1,0,1,0,0,0,0,0,1,0,1,0,0,0
0.00338048,0,0,1,1,1,1,1,0,0,0,1,0,1,0,0,0
0.00338049,0,0,1,0,1,1,0,0,0,0,1,0,1,0,0,0
0.0033805,0,0,1,0,1,0,0,0,0,0,1,0,1,0,0,0
0.00338091,1,0,1,0,1,0,0,0,0,0,1,0,1,0,0,0
0.00338092,0,0,1,0,1,0,0,0,0,0,1,0,1,0,0,0
0.00338093,0,1,1,1,1,1,1,1,0,0,1,0,1,0,0,0
0.00338094,1,1,1,1,1,1,1,1,0,0,1,0,1,0,0,0
0.00338196,0,0,0,0,0,0,0,1,0,0,1,0,1,0,0,0
0.003382,0,1,0,1,0,1,1,1,0,0,1,0,1,0,0,0
0.00338201,1,1,1,1,0,1,1,1,0,0,1,0,1,0,0,0
0.00338204,1,1,0,1,0,1,1,1,0,0,1,0,1,0,0,0
0.00338205,0,0,0,0,0,0,0,1,0,0,1,0,1,0,0,0
0.00338209,0,1,0,1,0,1,0,1,0,0,1,0,1,0,0,0
0.00338211,0,0,0,1,0,1,0,1,0,0,1,0,1,0,0,0
0.00338212,0,0,0,1,0,0,0,1,0,0,1,0,1,0,0,0
0.00338213,0,0,0,0,0,0,0,1,0,0,1,0,1,0,0,0
0.00338217,0,0,0,1,0,0,0,1,0,0,1,0,1,0,0,0
0.00338221,0,0,0,0,0,0,0,1,0,0,1,0,1,0,0,0
0.00338225,0,0,0,1,0,0,0,1,0,0,1,0,1,0,0,0
0.00338227,0,0,0,0,0,0,0,1,0,0,1,0,1,0,0,0
0.00338231,0,0,0,1,0,0,0,1,0,0,1,0,1,0,0,0
0.00338233,0,0,0,0,0,0,0,1,0,0,1,0,1,0,0,0
0.00338286,1,1,1,1,0,0,0,1,0,0,1,0,1,0,0,0
0.00338289,1,1,1,1,1,1,1,1,0,0,1,0,1,0,0,0
0.00338293,1,1,1,1,1,1,1,0,0,0,1,0,1,0,0,0
0.00338294,0,1,0,0,1,0,0,0,0,0,1,0,1,0,0,0
0.00338297,1,1,1,1,1,1,1,0,0,0,1,0,1,0,0,0
0.00338301,1,1,1,1,1,1,0,0,0,0,1,0,1,0,0,0
0.00338302,0,1,0,0,1,0,0,0,0,0,1,0,1,0,0,0
0.00338305,1,1,1,1,1,0,0,0,0,0,1,0,1,0,0,0
0.00338306,1,1,1,1,1,1,1,0,0,0,1,0,1,0,0,0
0.00338308,1,1,1,1,1,1,0,0,0,0,1,0,1,0,0,0
0.00338309,1,1,1,1,1,0,0,0,0,0,1,0,1,0,0,0
0.0033831,0,1,1,0,1,0,0,0,0,0,1,0,1,0,0,0
0.00338311,0,1,0,0,1,0,0,0,0,0,1,0,1,0,0,0
0.00338312,1,1,1,1,1,0,0,0,0,0,1,0,1,0,0,0
0.00338314,1,1,1,1,1,1,0,0,0,0,1,0,1,0,0,0
0.00338315,1,1,1,1,1,0,0,0,0,0,1,0,1,0,0,0
0.00338326,0,1,1,0,1,0,0,0,0,0,1,0,1,0,0,0
0.00338328,0,1,1,1,1,0,0,0,0,0,1,0,1,0,0,0
0.0033833,1,1,1,1,1,0,0,0,0,0,1,0,1,0,0,0
0.00338331,1,1,1,1,1,0,0,0,0,0,0,0,1,0,0,0
0.00338332,0,1,1,1,1,0,0,0,0,1,0,0,1,0,0,0
0.00338333,0,1,0,0,1,0,0,0,0,1,0,0,1,0,0,0
0.00338335,0,1,1,0,1,0,0,0,0,1,0,0,1,0,0,0
0.00338336,0,1,1,1,1,0,0,0,0,1,0,0,1,0,0,0
0.00338337,1,1,1,1,1,0,0,0,0,1,0,0,1,0,0,0
0.00338338,1,1,1,1,1,0,0,0,0,0,0,0,0,0,0,0
0.00338339,0,1,0,0,1,0,0,0,0,1,0,0,1,0,0,0
0.00338344,1,1,1,1,1,0,0,0,0,1,0,0,1,0,0,0
0.00338346,0,1,1,0,1,0,0,0,0,1,0,0,1,0,0,0
0.00338347,0,1,0,0,1,0,0,0,0,1,0,0,1,0,0,0
0.00338384,1,1,1,1,1,0,0,0,0,1,0,0,1,0,0,0
0.00338385,1,1,1,1,1,1,1,0,0,1,0,0,1,0,0,0
0.00338386,1,1,1,1,1,1,1,1,0,1,0,0,1,0,0,0
0.00338391,1,1,1,1,0,1,1,1,0,1,0,0,1,0,0,0
0.00338392,1,0,0,0,0,0,0,0,0,1,0,0,1,0,0,0
0.00338395,1,0,1,1,0,1,0,0,0,1,0,0,1,0,0,0
0.00338396,1,1,1,1,0,1,1,1,0,1,0,0,1,0,0,0
0.00338399,1,1,1,1,0,1,1,0,0,1,0,0,1,0,0,0
0.003384,1,0,1,1,0,1,1,0,0,1,0,0,1,0,0,0
0.00338401,1,0,0,0,0,0,0,0,0,1,0,0,1,0,0,0
0.00338403,1,0,1,1,0,1,0,0,0,1,0,0,1,0,0,0
0.00338404,1,1,1,1,0,1,1,0,0,1,0,0,1,0,0,0
0.00338408,1,0,1,1,0,1,1,0,0,1,0,0,1,0,0,0
0.00338409,1,0,1,1,0,1,0,0,0,1,0,0,1,0,0,0
0.00338412,1,1,1,1,0,1,1,0,0,1,0,0,1,0,0,0
0.00338415,1,0,1,1,0,1,1,0,0,1,0,0,1,0,0,0
0.00338416,1,0,1,1,0,1,0,0,0,1,0,0,1,0,0,0
0.00338421,1,1,1,1,0,1,0,0,0,1,0,0,1,0,0,0
0.00338422,1,0,1,1,0,1,0,0,0,1,0,0,1,0,0,0
0.00338428,1,0,1,1,0,0,0,0,0,1,0,0,1,0,0,0
0.00338429,1,0,1,1,0,1,0,0,0,1,0,0,1,0,0,0
0.0033843,1,1,1,1,0,1,0,0,0,1,0,0,1,0,0,0
0.00338432,1,0,1,1,0,1,0,0,0,1,0,0,1,0,0,0
0.00338454,1,0,1,1,0,0,0,0,0,1,0,0,1,0,0,0
0.00338457,1,0,1,1,0,1,0,0,0,1,0,0,1,0,0,0
0.00338458,1,0,1,1,0,0,0,0,0,1,0,0,1,0,0,0
0.00338474,1,0,1,0,0,0,0,0,0,1,0,0,1,0,0,0
0.00338475,1,0,1,1,0,0,0,0,0,1,0,0,1,0,0,0
0.00338478,1,0,1,0,0,0,0,0,0,1,0,0,1,0,0,0
0.00338479,1,0,1,1,0,0,0,0,0,1,0,0,1,0,0,0
0.00338481,1,0,0,0,0,0,0,0,0,1,0,0,1,0,0,0
0.00338482,1,1,0,0,0,0,0,0,0,1,0,0,1,0,0,0
0.00338484,1,1,1,1,1,1,1,0,0,1,0,0,1,0,0,0
0.00338485,1,1,1,1,1,1,1,1,0,1,0,0,1,0,0,0
0.00338488,1,0,1,1,1,1,1,1,0,1,0,0,1,0,0,0
0.00338489,1,0,0,0,1,0,0,0,0,1,0,0,1,0,0,0
0.00338492,1,1,1,1,1,1,1,1,0,1,0,0,1,0,0,0
0.00338495,1,1,1,1,1,1,1,0,0,1,0,0,1,0,0,0
0.00338496,1,0,1,1,1,1,1,0,0,1,0,0,1,0,0,0
0.00338497,1,0,0,0,1,0,0,0,0,1,0,0,1,0,0,0
0.00338499,1,0,1,0,1,0,0,0,0,1,0,0,1,0,0,0
0.003385,1,1,1,1,1,1,1,0,0,1,0,0,1,0,0,0
0.00338503,1,0,1,1,1,1,1,0,0,1,0,0,1,0,0,0
0.00338504,1,0,1,1,1,1,0,0,0,1,0,0,1,0,0,0
0.00338505,1,0,1,1,1,0,0,0,0,1,0,0,1,0,0,0
0.00338507,1,0,1,1,1,1,0,0,0,1,0,0,1,0,0,0
0.00338522,1,0,1,1,1,0,0,0,0,1,0,0,1,0,0,0
0.00338523,1,0,1,1,1,1,0,0,0,1,0,0,1,0,0,0
0.00338526,1,0,1,1,1,1,0,0,0,0,0,0,1,0,0,0
0.00338527,1,0,1,1,1,1,0,0,1,0,0,0,1,0,0,0
0.00338528,1,0,1,1,1,0,0,0,1,0,0,0,1,0,0,0
0.00338529,1,0,1,0,1,0,0,0,1,0,0,0,1,0,0,0
0.00338531,1,0,1,1,1,1,0,0,1,0,0,0,1,0,0,0
0.00338534,1,0,1,1,1,1,0,0,0,0,0,0,0,0,0,0
0.00338535,1,0,1,0,1,0,0,0,1,0,0,0,1,0,0,0
0.00338537,1,0,0,0,1,0,0,0,1,0,0,0,1,0,0,0
0.00338538,1,0,1,1,1,0,0,0,1,0,0,0,1,0,0,0
0.00338539,1,0,1,1,1,1,0,0,1,0,0,0,1,0,0,0
0.00338542,1,0,1,0,1,0,0,0,1,0,0,0,1,0,0,0
0.00338546,1,0,1,1,1,0,0,0,1,0,0,0,1,0,0,0
0.00338549,1,0,1,0,1,0,0,0,1,0,0,0,1,0,0,0
0.00338564,1,0,0,0,1,0,0,0,1,0,0,0,1,0,0,0
0.00338565,1,0,1,0,1,0,0,0,1,0,0,0,1,0,0,0
0.00338567,1,0,0,0,1,0,0,0,1,0,0,0,1,0,0,0
0.0033857,1,0,1,0,1,0,0,0,1,0,0,0,1,0,0,0
0.00338572,1,0,0,0,1,0,0,0,1,0,0,0,1,0,0,0
0.00338576,1,0,1,0,1,0,0,0,1,0,0,0,1,0,0,0
0.00338577,1,0,0,0,1,0,0,0,1,0,0,0,1,0,0,0
0.00338578,1,0,1,1,1,0,0,0,1,0,0,0,1,0,0,0
0.00338579,1,1,1,1,1,0,0,0,1,0,0,0,1,0,0,0
0.00338581,1,1,1,1,1,1,1,1,1,0,0,0,1,0,0,0
0.00338587,0,1,0,0,0,0,0,0,1,0,0,0,1,0,0,0
0.00338591,0,1,1,1,0,1,1,1,1,0,0,0,1,0,0,0
0.00338592,1,1,1,1,0,1,1,1,1,0,0,0,1,0,0,0
0.00338593,1,1,1,1,1,1,1,1,1,0,0,0,1,0,0,0
0.00338594,1,1,1,1,0,1,1,1,1,0,0,0,1,0,0,0
0.00338595,0,1,1,1,0,1,1,0,1,0,0,0,1,0,0,0
0.00338596,0,1,1,0,0,0,0,0,1,0,0,0,1,0,0,0
0.00338597,0,1,0,0,0,0,0,0,1,0,0,0,1,0,0,0
0.00338598,0,1,1,0,0,0,0,0,1,0,0,0,1,0,0,0
0.00338599,0,1,1,1,0,1,1,0,1,0,0,0,1,0,0,0
0.00338603,0,1,1,1,0,1,0,0,1,0,0,0,1,0,0,0
0.00338628,0,1,1,1,0,0,0,0,1,0,0,0,1,0,0,0
0.00338629,0,1,1,1,0,1,0,0,1,0,0,0,1,0,0,0
0.00338633,0,1,1,1,0,0,0,0,1,0,0,0,1,0,0,0
0.00338634,0,1,1,1,0,1,0,0,1,0,0,0,1,0,0,0
0.00338635,0,1,1,1,0,0,0,0,1,0,0,0,1,0,0,0
0.00338638,0,1,1,1,0,1,0,0,1,0,0,0,1,0,0,0
0.00338639,0,1,1,1,0,0,0,0,1,0,0,0,1,0,0,0
0.00338658,0,1,1,0,0,0,0,0,1,0,0,0,1,0,0,0
0.00338659,0,1,1,1,0,0,0,0,1,0,0,0,1,0,0,0
0.0033866,0,1,1,0,0,0,0,0,1,0,0,0,1,0,0,0
0.00338668,0,1,1,1,0,0,0,0,1,0,0,0,1,0,0,0
0.00338669,0,1,1,0,0,0,0,0,1,0,0,0,1,0,0,0
0.00338676,0,1,0,0,0,0,0,0,1,0,0,0,1,0,0,0
0.00338677,1,1,1,1,0,0,0,0,1,0,0,0,1,0,0,0
0.00338678,1,1,1,1,0,1,1,0,1,0,0,0,1,0,0,0
0.00338679,1,1,1,1,1,1,1,1,1,0,0,0,1,0,0,0
0.00338685,0,1,0,0,0,0,1,0,1,0,0,0,1,0,0,0
0.00338688,1,1,1,1,0,1,1,0,1,0,0,0,1,0,0,0
0.00338689,1,1,1,1,1,1,1,1,1,0,0,0,1,0,0,0
0.00338691,1,1,1,1,0,1,1,1,1,0,0,0,1,0,0,0
0.00338692,1,1,1,1,0,1,1,0,1,0,0,0,1,0,0,0
0.00338693,0,1,1,1,0,0,1,0,1,0,0,0,1,0,0,0
0.00338694,0,1,0,0,0,0,1,0,1,0,0,0,1,0,0,0
0.00338695,0,1,1,1,0,0,1,0,1,0,0,0,1,0,0,0
0.00338696,1,1,1,1,0,1,1,0,1,0,0,0,1,0,0,0
0.00338702,0,1,1,1,0,1,1,0,1,0,0,0,1,0,0,0
0.00338703,1,1,1,1,0,1,1,0,1,0,0,0,1,0,0,0
0.00338717,1,1,1,1,0,0,1,0,1,0,0,0,1,0,0,0
0.00338718,1,1,1,1,0,1,1,0,1,0,0,0,1,0,0,0
0.00338721,1,1,1,1,0,1,1,0,0,0,0,0,0,0,0,0
0.00338722,1,1,1,1,0,1,1,0,0,1,0,0,0,0,1,0
0.00338723,0,1,1,1,0,1,1,0,0,1,0,0,0,0,1,0
0.00338724,0,1,1,1,0,0,1,0,0,1,0,0,0,0,1,0
0.00338727,1,1,1,1,0,1,1,0,0,1,0,0,0,0,1,0
0.00338729,1,1,1,1,0,1,1,0,0,0,0,0,0,0,0,0
0.0033873,0,1,1,1,0,0,1,0,0,1,0,0,0,0,1,0
0.00338734,1,1,1,1,0,1,1,0,0,1,0,0,0,0,1,0
0.00338737,0,1,1,1,0,0,1,0,0,1,0,0,0,0,1,0
0.00338769,0,1,1,0,0,0,1,0,0,1,0,0,0,0,1,0
0.0033877,0,1,0,0,0,0,1,0,0,1,0,0,0,0,1,0
0.00338771,0,1,1,1,0,0,1,0,0,1,0,0,0,0,1,0
0.00338773,1,1,1,1,0,1,1,0,0,1,0,0,0,0,1,0
0.00338774,1,1,1,1,1,1,1,0,0,1,0,0,0,0,1,0
0.00338775,1,0,1,1,1,1,0,0,0,1,0,0,0,0,1,0
0.00338776,0,0,0,0,0,1,0,0,0,1,0,0,0,0,1,0
0.00338777,1,0,0,0,0,1,1,1,0,1,0,0,0,0,1,0
0.00338778,1,0,1,1,0,1,0,0,0,1,0,0,0,0,1,0
0.00338779,1,0,1,1,1,1,0,0,0,1,0,0,0,0,1,0
0.0033878,1,0,0,1,0,1,0,0,0,1,0,0,0,0,1,0
0.00338781,1,0,0,0,0,0,0,0,0,1,0,0,0,0,1,0
0.00338783,1,0,1,1,0,0,0,0,0,1,0,0,0,0,1,0
0.00338784,1,0,1,1,0,1,0,0,0,1,0,0,0,0,1,0
0.00338786,1,0,1,1,0,0,0,0,0,1,0,0,0,0,1,0
0.0033879,1,0,0,0,0,0,0,0,0,1,0,0,0,0,1,0
0.00338791,1,0,1,0,0,0,0,0,0,1,0,0,0,0,1,0
0.00338792,1,0,1,1,0,0,0,0,0,1,0,0,0,0,1,0
0.00338798,1,0,1,0,0,0,0,0,0,1,0,0,0,0,1,0
0.00338799,1,0,1,1,0,0,0,0,0,1,0,0,0,0,1,0
0.00338803,1,0,1,0,0,0,0,0,0,1,0,0,0,0,1,0
0.00338804,1,0,1,1,0,0,0,0,0,1,0,0,0,0,1,0
0.00338807,1,0,1,0,0,0,0,0,0,1,0,0,0,0,1,0
0.0033881,1,0,1,1,0,0,0,0,0,1,0,0,0,0,1,0
0.00338811,1,0,1,0,0,0,0,0,0,1,0,0,0,0,1,0
0.00338818,1,0,1,1,0,0,0,0,0,1,0,0,0,0,1,0
0.00338819,1,1,1,1,0,0,0,0,0,1,0,0,0,0,1,0
0.00338821,1,1,1,1,0,1,0,0,0,1,0,0,0,0,1,0
0.00338822,1,1,1,1,1,1,1,1,0,1,0,0,0,0,1,0
0.00338823,1,1,1,1,0,1,0,0,0,1,0,0,0,0,1,0
0.00338824,1,1,1,1,0,0,0,0,0,1,0,0,0,0,1,0
0.00338865,1,1,1,1,1,1,1,1,0,1,0,0,0,0,1,0
0.00338866,1,1,1,1,0,1,1,1,0,1,0,0,0,0,1,0
0.00338867,0,1,1,1,0,0,0,0,0,1,0,0,0,0,1,0
0.00338871,0,1,1,1,0,1,0,0,0,1,0,0,0,0,1,0
0.00338872,0,1,1,1,0,0,0,0,0,1,0,0,0,0,1,0
0.00338875,1,1,1,1,1,0,0,0,0,1,0,0,0,0,1,0
0.00338876,1,1,1,1,1,0,1,0,0,1,0,0,0,0,1,0
0.00338877,1,1,1,1,1,1,1,1,0,1,0,0,0,0,1,0
0.00338879,0,0,1,0,1,1,0,0,0,1,0,0,0,0,1,0
0.0033888,0,0,1,0,1,0,0,0,0,1,0,0,0,0,1,0
0.00338884,1,0,1,1,1,1,1,1,0,1,0,0,0,0,1,0
0.00338885,0,0,1,1,1,1,0,0,0,1,0,0,0,0,1,0
0.00338886,0,0,1,0,1,0,0,0,0,1,0,0,0,0,1,0
0.00338917,0,0,1,0,1,0,0,0,0,0,0,0,0,0,0,0
0.00338918,0,0,1,0,1,0,0,0,0,0,1,0,1,0,0,0
0.00338926,0,1,1,1,1,0,0,0,0,0,1,0,1,0,0,0
0.00338927,0,1,1,1,1,0,0,0,0,1,1,1,1,0,0,0
0.00338928,1,1,1,1,1,1,1,1,0,1,1,1,1,0,0,0
0.00338929,0,0,1,0,1,1,1,1,0,0,1,0,1,0,0,0
0.0033893,0,0,1,0,1,0,0,0,0,0,1,0,1,0,0,0
0.00338934,0,0,1,0,1,1,0,0,0,0,1,0,1,0,0,0
0.00338935,0,0,1,1,1,1,0,0,0,0,1,0,1,0,0,0
0.00338936,0,0,1,0,1,0,0,0,0,0,1,0,1,0,0,0
0.00338972,1,0,1,1,1,1,1,1,0,0,1,0,1,0,0,0
0.00338973,1,1,1,1,1,1,1,1,0,0,1,0,1,0,0,0
0.00338976,0,0,0,0,1,0,1,0,0,0,1,0,1,0,0,0
0.0033898,0,0,0,1,1,1,1,0,0,0,1,0,1,0,0,0
0.00338981,1,0,1,1,1,1,1,0,0,0,1,0,1,0,0,0
0.00338983,1,0,0,1,1,1,1,0,0,0,1,0,1,0,0,0
0.00338984,0,0,0,0,1,0,1,0,0,0,1,0,1,0,0,0
0.00338989,0,0,0,1,1,0,1,0,0,0,1,0,1,0,0,0
0.00338991,0,0,0,0,1,0,1,0,0,0,1,0,1,0,0,0
0.00339068,1,1,1,1,1,0,1,0,0,0,1,0,1,0,0,0
0.00339071,1,1,1,1,1,1,1,1,0,0,1,0,1,0,0,0
0.00339075,0,1,0,0,0,0,0,0,0,0,1,0,1,0,0,0
0.00339079,1,1,1,1,0,1,0,0,0,0,1,0,1,0,0,0
0.0033908,1,1,1,1,0,1,1,1,0,0,1,0,1,0,0,0
0.00339082,1,1,1,1,0,1,0,0,0,0,1,0,1,0,0,0
0.00339083,0,1,1,1,0,0,0,0,0,0,1,0,1,0,0,0
0.00339084,0,1,0,0,0,0,0,0,0,0,1,0,1,0,0,0
0.00339087,0,1,1,1,0,0,0,0,0,0,1,0,1,0,0,0
0.00339088,1,1,1,1,0,1,0,0,0,0,1,0,1,0,0,0
0.00339089,0,1,1,1,0,1,0,0,0,0,1,0,1,0,0,0
0.0033909,0,1,1,1,0,0,0,0,0,0,1,0,1,0,0,0
0.00339091,0,1,1,0,0,0,0,0,0,0,1,0,1,0,0,0
0.00339092,0,1,0,0,0,0,0,0,0,0,1,0,1,0,0,0
0.00339095,0,1,1,0,0,0,0,0,0,0,1,0,1,0,0,0
0.00339101,0,1,0,0,0,0,0,0,0,0,1,0,1,0,0,0
0.00339104,0,1,1,0,0,0,0,0,0,0,1,0,1,0,0,0
0.00339106,0,1,0,0,0,0,0,0,0,0,1,0,1,0,0,0
0.00339112,0,1,1,0,0,0,0,0,0,0,1,0,1,0,0,0
0.00339113,0,1,0,0,0,0,0,0,0,0,1,0,1,0,0,0
0.00339165,1,1,1,1,0,0,0,0,0,0,1,0,1,0,0,0
0.00339167,1,1,1,1,1,1,1,1,0,0,1,0,1,0,0,0
0.00339172,1,1,1,0,0,0,0,1,0,0,1,0,1,0,0,0
0.00339176,1,1,1,1,1,1,1,1,0,0,1,0,1,0,0,0
0.00339178,1,1,1,1,0,1,0,1,0,0,1,0,1,0,0,0
0.00339179,1,1,1,0,0,0,0,1,0,0,1,0,1,0,0,0
0.00339184,1,1,1,1,0,1,0,1,0,0,1,0,1,0,0,0
0.00339185,1,1,1,0,0,0,0,1,0,0,1,0,1,0,0,0
0.0033921,1,1,1,0,0,0,0,1,1,1,1,0,0,0,0,1
0.00339264,1,1,1,1,0,1,1,1,1,1,1,0,0,0,0,1
0.00339265,1,1,1,1,1,1,1,1,1,1,1,0,0,0,0,1
0.00339267,1,1,1,1,0,0,0,1,1,1,1,0,0,0,0,1
0.00339268,1,1,1,1,1,1,1,1,1,1,1,0,0,0,0,1
0.0033927,0,0,0,1,1,1,1,0,1,1,1,0,0,0,0,1
0.00339271,0,0,0,0,1,0,1,0,1,1,1,0,0,0,0,1
0.00339274,0,0,0,0,1,1,1,0,1,1,1,0,0,0,0,1
0.00339275,0,0,1,1,1,1,1,1,1,1,1,0,0,0,0,1
0.00339276,0,0,1,1,1,1,1,0,1,1,1,0,0,0,0,1
0.00339277,0,0,0,0,1,1,1,0,1,1,1,0,0,0,0,1
0.00339278,0,0,0,0,1,0,1,0,1,1,1,0,0,0,0,1
0.00339362,0,1,0,0,1,0,1,0,1,1,1,0,0,0,0,1
0.00339363,1,1,1,1,1,0,1,0,1,1,1,0,0,0,0,1
0.00339364,1,1,1,1,0,0,0,0,1,1,1,0,0,0,0,1
0.00339365,0,1,0,0,0,0,0,0,1,1,1,0,0,0,0,1
0.00339367,1,1,1,1,1,1,1,1,1,1,1,0,0,0,0,1
0.00339371,0,1,0,0,0,1,0,1,1,1,1,0,0,0,0,1
0.00339372,0,1,0,0,0,1,0,0,1,1,1,0,0,0,0,1
0.00339376,1,1,1,1,0,1,1,1,1,1,1,0,0,0,0,1
0.00339377,1,1,1,1,1,1,1,1,1,1,1,0,0,0,0,1
0.00339378,1,1,1,1,0,1,1,1,1,1,1,0,0,0,0,1
0.00339379,0,1,0,0,0,1,0,0,1,1,1,0,0,0,0,1
0.00339384,0,1,1,0,0,1,0,0,1,1,1,0,0,0,0,1
0.00339385,0,1,0,0,0,1,0,0,1,1,1,0,0,0,0,1
0.00339405,0,1,0,0,0,1,0,0,0,1,0,0,0,0,0,0
0.00339406,0,1,0,0,0,1,0,0,0,1,0,0,0,1,0,0
0.0033946,1,1,1,1,1,1,0,0,0,1,0,0,0,1,0,0
0.00339461,1,1,1,1,1,1,1,0,0,1,0,0,0,1,0,0
0.00339462,1,1,1,1,1,1,1,1,0,1,0,0,0,1,0,0
0.00339464,1,0,1,1,1,1,1,1,0,1,0,0,0,1,0,0
0.00339465,0,0,0,0,1,0,1,0,0,1,0,0,0,1,0,0
0.0033947,1,0,1,1,1,0,1,1,0,1,0,0,0,1,0,0
0.00339471,0,0,1,1,1,0,1,1,0,1,0,0,0,1,0,0
0.00339472,0,0,0,0,1,0,1,0,0,1,0,0,0,1,0,0
0.00339556,1,1,1,1,1,0,1,0,0,1,0,0,0,1,0,0
0.00339558,1,1,1,1,1,1,1,1,0,1,0,0,0,1,0,0
0.00339564,1,0,0,0,0,0,0,1,0,1,0,0,0,1,0,0
0.00339565,0,0,0,0,0,0,0,1,0,1,0,0,0,1,0,0
0.00339569,1,0,1,1,0,1,0,1,0,1,0,0,0,1,0,0
0.0033957,1,0,1,1,0,1,1,1,0,1,0,0,0,1,0,0
0.00339571,1,0,0,0,0,0,0,1,0,1,0,0,0,1,0,0
0.00339572,0,0,0,0,0,0,0,1,0,1,0,0,0,1,0,0
0.00339653,1,0,0,0,0,0,0,1,0,1,0,0,0,1,0,0
0.00339654,0,0,0,0,1,1,1,1,0,1,0,0,0,1,0,0
0.00339655,1,1,1,1,1,1,1,0,0,1,0,0,0,1,0,0
0.00339656,1,0,1,1,1,0,1,0,0,1,0,0,0,1,0,0
0.00339657,0,0,0,0,1,0,1,0,0,1,0,0,0,1,0,0
0.00339757,1,1,1,1,1,0,1,0,0,1,0,0,0,1,0,0
0.00339758,1,1,1,1,1,1,1,1,0,1,0,0,0,1,0,0
0.00339763,0,0,0,1,0,0,0,1,0,1,0,0,0,1,0,0
0.00339767,1,0,1,1,0,1,0,1,0,1,0,0,0,1,0,0
0.00339768,1,1,1,1,0,1,1,1,0,1,0,0,0,1,0,0
0.00339769,1,0,1,1,0,1,1,1,0,1,0,0,0,1,0,0
0.0033977,0,0,0,1,0,0,0,1,0,1,0,0,0,1,0,0
0.00339795,0,0,0,1,0,0,0,1,0,0,0,0,0,0,0,0
0.00339796,0,0,0,1,0,0,0,1,0,0,0,1,0,0,0,0
0.00339797,0,0,0,1,0,0,0,1,0,0,0,1,0,0,0,1
0.00339848,1,1,1,1,0,0,0,1,0,0,0,1,0,0,0,1
0.0033985,1,1,1,1,1,1,1,1,0,0,0,1,0,0,0,1
0.00339851,0,0,1,1,1,1,1,1,0,0,0,1,0,0,0,1
0.00339852,1,1,1,1,1,1,1,1,0,0,0,1,0,0,0,1
0.00339856,0,1,0,0,0,0,0,0,0,0,0,1,0,0,0,1
0.0033986,1,1,1,1,0,1,1,0,0,0,0,1,0,0,0,1
0.00339861,1,1,1,1,1,1,1,1,0,0,0,1,0,0,0,1
0.00339863,1,1,1,1,1,1,1,0,0,0,0,1,0,0,0,1
0.00339864,1,1,1,0,0,1,1,0,0,0,0,1,0,0,0,1
0.00339865,0,1,0,0,0,0,0,0,0,0,0,1,0,0,0,1
0.00339868,1,1,1,0,0,1,1,0,0,0,0,1,0,0,0,1
0.00339869,1,1,1,1,0,1,1,0,0,0,0,1,0,0,0,1
0.0033987,1,1,1,0,0,1,1,0,0,0,0,1,0,0,0,1
0.00339872,0,1,1,0,0,1,0,0,0,0,0,1,0,0,0,1
0.00339876,1,1,1,0,0,1,1,0,0,0,0,1,0,0,0,1
0.00339879,0,1,1,0,0,1,0,0,0,0,0,1,0,0,0,1
0.00339895,1,1,1,0,0,1,0,0,0,0,0,1,0,0,0,1
0.00339896,0,1,1,0,0,1,0,0,0,0,0,1,0,0,0,1
0.00339906,0,1,1,0,0,0,0,0,0,0,0,1,0,0,0,1
0.00339915,0,1,0,0,0,0,0,0,0,0,0,1,0,0,0,1
0.00339916,0,1,1,0,0,0,0,0,0,0,0,1,0,0,0,1
0.00339919,0,1,0,0,0,0,0,0,0,0,0,1,0,0,0,1
0.00339922,0,1,1,0,0,0,0,0,0,0,0,1,0,0,0,1
0.00339923,0,1,0,0,0,0,0,0,0,0,0,1,0,0,0,1
0.00339952,0,1,1,1,1,1,1,0,0,0,0,1,0,0,0,1
0.00339953,1,1,1,1,1,1,1,1,0,0,0,1,0,0,0,1
0.00339958,0,1,0,0,0,1,0,1,0,0,0,1,0,0,0,1
0.0033996,0,1,0,0,0,1,0,0,0,0,0,1,0,0,0,1
0.00339962,0,1,1,0,0,1,0,0,0,0,0,1,0,0,0,1
0.00339963,1,1,1,1,0,1,0,0,0,0,0,1,0,0,0,1
0.00339964,1,1,1,1,0,1,1,0,0,0,0,1,0,0,0,1
0.00339966,1,1,1,1,0,1,0,0,0,0,0,1,0,0,0,1
0.00339967,0,1,0,0,0,1,0,0,0,0,0,1,0,0,0,1
0.0033997,0,1,1,0,0,1,0,0,0,0,0,1,0,0,0,1
0.00339971,1,1,1,0,0,1,0,0,0,0,0,1,0,0,0,1
0.00339974,0,1,1,0,0,1,0,0,0,0,0,1,0,0,0,1
0.00339975,0,1,0,0,0,1,0,0,0,0,0,1,0,0,0,1
0.00339977,0,1,1,0,0,1,0,0,0,0,0,1,0,0,0,1
0.00339985,0,1,0,0,0,1,0,0,0,0,0,1,0,0,0,1
0.00339988,0,1,1,0,0,1,0,0,0,0,0,1,0,0,0,1
0.00339989,0,1,0,0,0,1,0,0,0,0,0,1,0,0,0,1
0.0033999,0,1,1,0,0,1,0,0,0,0,0,1,0,0,0,1
0.00339991,0,1,1,0,0,1,0,0,0,0,0,0,0,1,0,0
0.00339992,0,1,0,0,0,1,0,0,0,1,0,0,0,1,0,0
0.00339996,0,1,1,0,0,1,0,0,0,1,0,0,0,1,0,0
0.00339998,0,1,1,0,0,1,0,0,0,0,0,0,0,0,0,0
0.00339999,0,1,0,0,0,1,0,0,0,1,0,0,0,1,0,0
0.00340004,0,1,1,0,0,1,0,0,0,1,0,0,0,1,0,0
0.00340006,0,1,0,0,0,1,0,0,0,1,0,0,0,1,0,0
0.00340044,1,1,0,0,0,1,0,0,0,1,0,0,0,1,0,0
0.00340045,0,1,1,1,0,1,0,0,0,1,0,0,0,1,0,0
0.00340046,1,1,1,1,1,1,1,0,0,1,0,0,0,1,0,0
0.00340047,1,1,1,1,1,1,1,1,0,1,0,0,0,1,0,0
0.0034005,1,1,1,1,1,0,1,1,0,1,0,0,0,1,0,0
0.00340051,1,0,0,0,1,0,1,0,0,1,0,0,0,1,0,0
0.00340055,1,0,1,1,1,0,1,0,0,1,0,0,0,1,0,0
0.00340058,1,0,0,0,1,0,1,0,0,1,0,0,0,1,0,0
0.00340063,1,0,1,0,1,0,1,0,0,1,0,0,0,1,0,0
0.00340065,1,0,0,0,1,0,1,0,0,1,0,0,0,1,0,0
0.00340142,1,1,1,1,1,0,1,0,0,1,0,0,0,1,0,0
0.00340143,1,1,1,1,1,1,1,1,0,1,0,0,0,1,0,0
0.00340149,0,0,0,0,0,0,0,1,0,1,0,0,0,1,0,0
0.00340153,1,1,1,1,0,1,0,1,0,1,0,0,0,1,0,0
0.00340157,0,0,1,1,0,0,0,1,0,1,0,0,0,1,0,0
0.00340158,0,0,0,0,0,0,0,1,0,1,0,0,0,1,0,0
0.00340161,0,0,1,1,0,0,0,1,0,1,0,0,0,1,0,0
0.00340162,1,0,1,1,0,0,0,1,0,1,0,0,0,1,0,0
0.00340163,0,0,1,1,0,0,0,1,0,1,0,0,0,1,0,0
0.00340165,0,0,1,0,0,0,0,1,0,1,0,0,0,1,0,0
0.0034017,0,0,1,1,0,0,0,1,0,1,0,0,0,1,0,0
0.00340172,0,0,1,0,0,0,0,1,0,1,0,0,0,1,0,0
0.00340178,0,0,1,1,0,0,0,1,0,1,0,0,0,1,0,0
0.00340179,0,0,1,0,0,0,0,1,0,1,0,0,0,1,0,0
0.00340196,0,0,0,0,0,0,0,1,0,1,0,0,0,1,0,0
0.00340197,0,0,1,0,0,0,0,1,0,1,0,0,0,1,0,0
0.00340199,0,0,0,0,0,0,0,1,0,1,0,0,0,1,0,0
0.00340205,0,0,1,0,0,0,0,1,0,1,0,0,0,1,0,0
0.00340206,0,0,0,0,0,0,0,1,0,1,0,0,0,1,0,0
0.00340239,1,1,1,0,0,0,0,1,0,1,0,0,0,1,0,0
0.0034024,1,1,1,1,1,1,0,1,0,1,0,0,0,1,0,0
0.00340241,1,1,1,1,1,1,1,0,0,1,0,0,0,1,0,0
0.00340242,0,1,0,0,0,0,0,0,0,1,0,0,0,1,0,0
0.00340246,1,1,1,1,0,0,0,0,0,1,0,0,0,1,0,0
0.00340247,1,1,1,1,0,1,0,0,0,1,0,0,0,1,0,0
0.00340248,1,1,1,1,0,0,0,0,0,1,0,0,0,1,0,0
0.00340249,0,1,1,0,0,0,0,0,0,1,0,0,0,1,0,0
0.0034025,0,1,0,0,0,0,0,0,0,1,0,0,0,1,0,0
0.00340343,1,1,1,1,1,1,1,0,0,1,0,0,0,1,0,0
0.00340344,1,1,1,1,1,1,1,1,0,1,0,0,0,1,0,0
0.00340348,1,1,1,1,1,1,1,0,0,1,0,0,0,1,0,0
0.00340349,0,0,1,0,1,0,0,0,0,1,0,0,0,1,0,0
0.00340353,1,1,1,1,1,1,1,0,0,1,0,0,0,1,0,0
0.00340356,1,0,1,1,1,0,0,0,0,1,0,0,0,1,0,0
0.00340357,0,0,1,0,1,0,0,0,0,1,0,0,0,1,0,0
0.00340361,1,0,1,1,1,0,0,0,0,1,0,0,0,1,0,0
0.00340364,0,0,1,0,1,0,0,0,0,1,0,0,0,1,0,0
0.00340369,0,0,1,1,1,0,0,0,0,1,0,0,0,1,0,0
0.0034037,0,0,1,0,1,0,0,0,0,1,0,0,0,1,0,0
0.00340381,0,0,1,0,1,0,0,0,0,0,0,0,0,0,0,0
0.00340383,0,0,1,0,1,0,0,0,0,0,1,0,1,0,0,0
0.00340387,0,0,1,1,1,0,0,0,0,0,1,0,1,0,0,0
0.00340389,0,0,1,0,1,0,0,0,0,0,0,0,0,0,0,0
0.0034039,0,0,1,0,1,0,0,0,0,0,1,0,1,0,0,0
0.00340434,1,1,1,0,1,0,0,0,0,0,1,0,1,0,0,0
0.00340435,1,1,1,1,1,0,0,0,0,0,1,0,1,0,0,0
0.00340436,1,1,1,1,1,1,1,1,0,0,1,0,1,0,0,0
0.00340539,0,0,0,0,0,0,0,1,0,0,1,0,1,0,0,0
0.00340543,1,1,1,1,0,1,1,1,0,0,1,0,1,0,0,0
0.00340547,1,0,0,1,0,1,0,1,0,0,1,0,1,0,0,0
0.00340548,0,0,0,0,0,0,0,1,0,0,1,0,1,0,0,0
0.00340551,1,1,0,1,0,1,1,1,0,0,1,0,1,0,0,0
0.00340552,1,1,1,1,0,1,1,1,0,0,1,0,1,0,0,0
0.00340554,1,1,0,1,0,1,1,1,0,0,1,0,1,0,0,0
0.00340555,1,0,0,1,0,1,0,1,0,0,1,0,1,0,0,0
0.00340556,0,0,0,1,0,0,0,1,0,0,1,0,1,0,0,0
0.00340559,1,0,0,1,0,1,0,1,0,0,1,0,1,0,0,0
0.00340566,0,0,0,1,0,0,0,1,0,0,1,0,1,0,0,0
0.00340567,1,0,0,1,0,1,0,1,0,0,1,0,1,0,0,0
0.00340571,0,0,0,1,0,0,0,1,0,0,1,0,1,0,0,0
0.00340573,1,0,0,1,0,0,0,1,0,0,1,0,1,0,0,0
0.00340574,0,0,0,1,0,1,0,1,0,0,1,0,1,0,0,0
0.00340575,1,0,0,1,0,0,0,1,0,0,1,0,1,0,0,0
0.00340577,1,0,0,1,0,1,0,1,0,0,1,0,1,0,0,0
0.00340578,1,0,0,1,0,0,0,1,0,0,1,0,1,0,0,0
0.00340579,0,0,0,1,0,0,0,1,0,0,1,0,1,0,0,0
0.00340582,1,0,0,1,0,0,0,1,0,0,1,0,1,0,0,0
0.00340584,0,0,0,1,0,0,0,1,0,0,1,0,1,0,0,0
0.00340585,0,0,0,1,0,1,0,1,0,0,1,0,1,0,0,0
0.00340586,0,0,0,1,0,0,0,1,0,0,1,0,1,0,0,0
0.0034059,1,0,0,1,0,0,0,1,0,0,1,0,1,0,0,0
0.00340592,0,0,0,1,0,0,0,1,0,0,1,0,1,0,0,0
0.00340615,0,0,0,0,0,0,0,1,0,0,1,0,1,0,0,0
0.00340617,0,0,0,1,0,0,0,1,0,0,1,0,1,0,0,0
0.00340623,0,0,0,0,0,0,0,1,0,0,1,0,1,0,0,0
0.00340626,0,0,0,1,0,0,0,1,0,0,1,0,1,0,0,0
0.00340627,0,0,0,0,0,0,0,1,0,0,1,0,1,0,0,0
0.00340628,0,0,0,1,0,0,0,1,0,0,1,0,1,0,0,0
0.00340629,1,1,1,1,0,0,0,1,0,0,1,0,1,0,0,0
0.0034063,1,1,1,1,1,1,1,1,0,0,1,0,1,0,0,0
0.00340636,1,1,1,1,1,1,1,0,0,0,1,0,1,0,0,0
0.00340637,1,1,0,1,1,1,0,0,0,0,1,0,1,0,0,0
0.00340641,1,1,1,1,1,1,1,0,0,0,1,0,1,0,0,0
0.00340644,1,1,0,1,1,1,0,0,0,0,1,0,1,0,0,0
0.00340648,1,1,1,1,1,1,0,0,0,0,1,0,1,0,0,0
0.00340649,1,1,0,1,1,1,0,0,0,0,1,0,1,0,0,0
0.00340674,1,1,0,1,1,1,0,0,0,0,0,0,1,0,0,0
0.00340675,1,1,0,1,1,1,0,0,1,1,0,1,1,1,0,0
0.00340729,1,1,1,1,1,1,1,0,1,1,0,1,1,1,0,0
0.0034073,1,1,1,1,1,1,1,1,1,1,0,1,1,1,0,0
0.00340734,1,0,1,1,1,1,1,1,1,1,0,1,1,1,0,0
0.00340735,0,0,0,0,1,0,1,0,1,1,0,1,1,1,0,0
0.00340738,0,0,1,0,1,1,1,0,1,1,0,1,1,1,0,0
0.00340739,1,1,1,1,1,1,1,0,1,1,0,1,1,1,0,0
0.00340742,1,0,1,1,1,1,1,0,1,1,0,1,1,1,0,0
0.00340743,0,0,1,1,1,0,1,0,1,1,0,1,1,1,0,0
0.00340744,0,0,0,0,1,0,1,0,1,1,0,1,1,1,0,0
0.00340746,0,0,1,1,1,0,1,0,1,1,0,1,1,1,0,0
0.00340747,1,0,1,1,1,1,1,0,1,1,0,1,1,1,0,0
0.00340748,1,1,1,1,1,1,1,0,1,1,0,1,1,1,0,0
0.00340749,0,0,1,1,1,1,1,0,1,1,0,1,1,1,0,0
0.00340751,0,0,1,1,1,0,1,0,1,1,0,1,1,1,0,0
0.00340752,0,0,1,0,1,0,1,0,1,1,0,1,1,1,0,0
0.00340753,0,0,1,1,1,0,1,0,1,1,0,1,1,1,0,0
0.00340755,0,0,1,1,1,1,1,0,1,1,0,1,1,1,0,0
0.00340757,1,0,1,1,1,1,1,0,1,1,0,1,1,1,0,0
0.00340758,0,0,1,1,1,0,1,0,1,1,0,1,1,1,0,0
0.0034077,0,0,1,1,1,1,1,0,1,1,0,1,1,1,0,0
0.00340771,0,0,1,1,1,0,1,0,1,1,0,1,1,1,0,0
0.00340773,0,0,1,1,1,1,1,0,1,1,0,1,1,1,0,0
0.00340774,0,0,1,1,1,0,1,0,1,1,0,1,1,1,0,0
0.00340776,0,0,0,1,1,0,1,0,1,1,0,1,1,1,0,0
0.00340777,0,0,1,1,1,0,1,0,1,1,0,1,1,1,0,0
0.00340779,0,0,0,1,1,0,1,0,1,1,0,1,1,1,0,0
0.0034078,0,0,1,1,1,0,1,0,1,1,0,1,1,1,0,0
0.00340783,0,0,0,1,1,0,1,0,1,1,0,1,1,1,0,0
0.00340805,0,0,0,0,1,0,1,0,1,1,0,1,1,1,0,0
0.00340807,0,0,0,1,1,0,1,0,1,1,0,1,1,1,0,0
0.00340809,0,0,0,0,1,0,1,0,1,1,0,1,1,1,0,0
0.00340816,0,0,0,1,1,0,1,0,1,1,0,1,1,1,0,0
0.00340818,0,0,0,0,1,0,1,0,1,1,0,1,1,1,0,0
0.00340822,0,0,0,1,1,0,1,0,1,1,0,1,1,1,0,0
0.00340823,0,0,0,0,1,0,1,0,1,1,0,1,1,1,0,0
0.00340824,1,0,0,0,1,0,1,0,1,1,0,1,1,1,0,0
0.00340825,1,1,1,1,1,0,1,0,1,1,0,1,1,1,0,0
0.00340827,1,1,1,1,1,1,1,1,1,1,0,1,1,1,0,0
0.00340832,1,1,1,1,0,1,0,1,1,1,0,1,1,1,0,0
0.00340833,0,0,0,0,0,0,0,1,1,1,0,1,1,1,0,0
0.00340836,0,1,1,1,0,1,0,1,1,1,0,1,1,1,0,0
0.00340837,1,1,1,1,0,1,0,1,1,1,0,1,1,1,0,0
0.00340838,1,1,1,1,0,1,1,1,1,1,0,1,1,1,0,0
0.00340839,1,1,1,1,0,1,0,1,1,1,0,1,1,1,0,0
0.00340841,0,0,1,1,0,0,0,1,1,1,0,1,1,1,0,0
0.00340842,0,0,0,0,0,0,0,1,1,1,0,1,1,1,0,0
0.00340844,0,0,1,1,0,0,0,1,1,1,0,1,1,1,0,0
0.00340845,1,1,1,1,0,1,0,1,1,1,0,1,1,1,0,0
0.00340849,0,0,1,1,0,0,0,1,1,1,0,1,1,1,0,0
0.00340852,1,0,1,1,0,0,0,1,1,1,0,1,1,1,0,0
0.00340853,1,0,1,1,0,1,0,1,1,1,0,1,1,1,0,0
0.00340854,1,1,1,1,0,1,0,1,1,1,0,1,1,1,0,0
0.00340855,1,0,1,1,0,1,0,1,1,1,0,1,1,1,0,0
0.00340857,1,0,1,1,0,0,0,1,1,1,0,1,1,1,0,0
0.00340859,0,0,1,1,0,0,0,1,1,1,0,1,1,1,0,0
0.00340861,1,0,1,1,0,0,0,1,1,1,0,1,1,1,0,0
0.00340862,1,0,1,1,0,1,0,1,1,1,0,1,1,1,0,0
0.00340864,0,0,1,1,0,0,0,1,1,1,0,1,1,1,0,0
0.0034087,1,0,1,1,0,0,0,1,1,1,0,1,1,1,0,0
0.00340872,0,0,1,1,0,0,0,1,1,1,0,1,1,1,0,0
0.00340887,0,0,0,1,0,0,0,1,1,1,0,1,1,1,0,0
0.00340888,0,0,1,1,0,0,0,1,1,1,0,1,1,1,0,0
0.00340892,0,0,0,1,0,0,0,1,1,1,0,1,1,1,0,0
0.00340895,0,0,0,0,0,0,0,1,1,1,0,1,1,1,0,0
0.00340898,0,0,1,1,0,0,0,1,1,1,0,1,1,1,0,0
0.00340899,0,0,0,1,0,0,0,1,1,1,0,1,1,1,0,0
0.003409,0,0,0,0,0,0,0,1,1,1,0,1,1,1,0,0
0.00340922,1,0,0,0,0,0,0,1,1,1,0,1,1,1,0,0
0.00340924,0,0,1,1,0,1,0,1,1,1,0,1,1,1,0,0
0.00340925,1,1,1,1,1,0,0,1,1,1,0,1,1,1,0,0
0.00340926,1,1,1,1,1,1,1,1,1,1,0,1,1,1,0,0
0.00340929,0,0,0,0,1,0,1,0,1,1,0,1,1,1,0,0
0.00340933,1,1,1,1,1,1,1,0,1,1,0,1,1,1,0,0
0.00340935,1,1,1,1,1,1,1,1,1,1,0,1,1,1,0,0
0.00340936,1,1,1,1,1,1,1,0,1,1,0,1,1,1,0,0
0.00340938,0,0,0,0,1,0,1,0,1,1,0,1,1,1,0,0
0.00340941,1,1,1,1,1,1,1,0,1,1,0,1,1,1,0,0
0.00340946,0,0,1,1,1,1,1,0,1,1,0,1,1,1,0,0
0.00340948,1,0,1,1,1,1,1,0,1,1,0,1,1,1,0,0
0.00340949,1,1,1,1,1,1,1,0,1,1,0,1,1,1,0,0
0.00340951,1,0,1,1,1,1,1,0,1,1,0,1,1,1,0,0
0.00340952,1,1,1,1,1,1,1,0,1,1,0,1,1,1,0,0
0.00340953,1,0,1,1,1,1,1,0,1,1,0,1,1,1,0,0
0.00340955,0,0,1,1,1,1,1,0,1,1,0,1,1,1,0,0
0.00340956,1,0,1,1,1,1,1,0,1,1,0,1,1,1,0,0
0.00340957,1,1,1,1,1,1,1,0,1,1,0,1,1,1,0,0
0.00340959,1,0,1,1,1,1,1,0,1,1,0,1,1,1,0,0
0.00340962,0,0,1,1,1,1,1,0,1,1,0,1,1,1,0,0
0.00340965,1,0,1,1,1,1,1,0,1,1,0,1,1,1,0,0
0.00340966,0,0,1,1,1,1,1,0,1,1,0,1,1,1,0,0
0.00340971,1,0,1,1,1,1,1,0,1,1,0,1,1,1,0,0
0.00340972,0,0,1,1,1,1,1,0,1,1,0,1,1,1,0,0
0.00340978,0,0,1,1,1,0,1,0,1,1,0,1,1,1,0,0
0.00340979,0,0,1,1,1,1,1,0,1,1,0,1,1,1,0,0
0.00340981,0,0,1,1,1,0,1,0,1,1,0,1,1,1,0,0
0.00340986,0,0,1,0,1,0,1,0,1,1,0,1,1,1,0,0
0.00340993,0,0,0,0,1,0,1,0,1,1,0,1,1,1,0,0
0.00340998,0,0,1,0,1,0,1,0,1,1,0,1,1,1,0,0
0.00340999,0,0,0,0,1,0,1,0,1,1,0,1,1,1,0,0
0.00341019,0,0,1,1,1,1,1,0,1,1,0,1,1,1,0,0
0.0034102,1,1,1,1,1,1,1,0,1,1,0,1,1,1,0,0
0.00341023,0,0,0,0,1,0,1,0,1,1,0,1,1,1,0,0
0.00341026,1,0,0,0,1,0,1,0,1,1,0,1,1,1,0,0
0.00341028,1,1,1,1,1,0,1,0,1,1,0,1,1,1,0,0
0.00341029,1,1,1,1,1,1,1,0,1,1,0,1,1,1,0,0
0.00341031,1,0,0,0,1,0,1,0,1,1,0,1,1,1,0,0
0.0034112,1,1,1,1,1,0,1,1,1,1,0,1,1,1,0,0
0.00341122,1,1,1,1,1,1,1,1,1,1,0,1,1,1,0,0
0.00341125,0,0,0,0,0,1,0,1,1,1,0,1,1,1,0,0
0.00341126,0,0,0,0,0,0,0,1,1,1,0,1,1,1,0,0
0.00341129,1,1,1,1,0,1,1,1,1,1,0,1,1,1,0,0
0.00341133,1,1,1,1,0,1,0,1,1,1,0,1,1,1,0,0
0.00341134,0,0,1,0,0,1,0,1,1,1,0,1,1,1,0,0
0.00341135,0,0,0,0,0,0,0,1,1,1,0,1,1,1,0,0
0.00341137,0,0,1,1,0,1,0,1,1,1,0,1,1,1,0,0
0.00341138,1,1,1,1,0,1,0,1,1,1,0,1,1,1,0,0
0.0034114,0,1,1,1,0,1,0,1,1,1,0,1,1,1,0,0
0.00341141,0,0,1,1,0,1,0,1,1,1,0,1,1,1,0,0
0.00341177,0,0,1,0,0,1,0,1,1,1,0,1,1,1,0,0
0.00341178,0,0,1,1,0,1,0,1,1,1,0,1,1,1,0,0
0.0034118,0,0,1,0,0,1,0,1,1,1,0,1,1,1,0,0
0.00341183,0,0,0,0,0,1,0,1,1,1,0,1,1,1,0,0
0.00341185,0,0,0,0,0,0,0,1,1,1,0,1,1,1,0,0
0.00341186,0,0,0,0,0,1,0,1,1,1,0,1,1,1,0,0
0.00341187,0,0,1,0,0,1,0,1,1,1,0,1,1,1,0,0
0.00341188,0,0,0,0,0,1,0,1,1,1,0,1,1,1,0,0
0.00341189,0,0,0,0,0,0,0,1,1,1,0,1,1,1,0,0
0.00341215,1,1,1,1,0,0,0,1,1,1,0,1,1,1,0,0
0.00341216,1,1,1,1,1,1,0,1,1,1,0,1,1,1,0,0
0.00341217,1,1,1,1,1,1,1,1,1,1,0,1,1,1,0,0
0.00341222,1,1,1,1,1,1,1,0,1,1,0,1,1,1,0,0
0.00341223,0,1,0,0,0,0,0,0,1,1,0,1,1,1,0,0
0.00341226,0,1,1,1,0,1,1,0,1,1,0,1,1,1,0,0
0.00341227,1,1,1,1,1,1,1,0,1,1,0,1,1,1,0,0
0.0034123,1,1,1,1,0,1,1,0,1,1,0,1,1,1,0,0
0.00341231,0,1,1,1,0,1,0,0,1,1,0,1,1,1,0,0
0.00341232,0,1,0,0,0,0,0,0,1,1,0,1,1,1,0,0
0.00341234,0,1,1,1,0,1,0,0,1,1,0,1,1,1,0,0
0.00341235,1,1,1,1,0,1,1,0,1,1,0,1,1,1,0,0
0.00341238,0,1,1,1,0,1,1,0,1,1,0,1,1,1,0,0
0.00341239,0,1,1,1,0,1,0,0,1,1,0,1,1,1,0,0
0.00341244,0,1,1,1,0,1,1,0,1,1,0,1,1,1,0,0
0.00341245,0,1,1,1,0,1,0,0,1,1,0,1,1,1,0,0
0.00341271,0,1,1,0,0,1,0,0,1,1,0,1,1,1,0,0
0.00341274,0,1,1,1,0,1,0,0,1,1,0,1,1,1,0,0
0.00341275,0,1,0,0,0,1,0,0,1,1,0,1,1,1,0,0
0.00341278,0,1,1,1,0,1,0,0,1,1,0,1,1,1,0,0
0.00341279,0,1,0,0,0,1,0,0,1,1,0,1,1,1,0,0
0.0034128,0,1,0,0,0,0,0,0,1,1,0,1,1,1,0,0
0.00341313,0,1,1,1,0,1,0,0,1,1,0,1,1,1,0,0
0.00341314,1,1,1,1,1,1,1,0,1,1,0,1,1,1,0,0
0.00341315,1,1,1,1,1,1,1,1,1,1,0,1,1,1,0,0
0.00341318,1,1,1,1,1,1,1,0,1,1,0,1,1,1,0,0
0.00341319,0,1,0,0,0,0,0,0,1,1,0,1,1,1,0,0
0.00341323,1,1,1,1,0,1,1,0,1,1,0,1,1,1,0,0
0.00341326,0,1,0,0,0,0,0,0,1,1,0,1,1,1,0,0
0.00341414,0,1,0,1,1,0,1,0,1,1,0,1,1,1,0,0
0.00341415,0,0,0,0,1,1,1,0,1,1,0,1,1,1,0,0
0.00341416,0,0,0,0,1,0,1,0,1,1,0,1,1,1,0,0
0.0034142,0,0,0,0,1,1,1,0,1,1,0,1,1,1,0,0
0.00341421,0,0,0,0,1,0,1,0,1,1,0,1,1,1,0,0
0.0034151,1,0,1,1,1,1,1,0,1,1,0,1,1,1,0,0
0.00341511,1,1,1,1,1,1,1,1,1,1,0,1,1,1,0,0
0.00341609,1,0,1,1,1,1,1,1,1,1,0,1,1,1,0,0
0.0034161,0,0,0,0,1,0,0,0,1,1,0,1,1,1,0,0
0.00341611,0,1,0,0,1,0,0,0,1,1,0,1,1,1,0,0
0.00341614,0,1,1,1,1,1,1,0,1,1,0,1,1,1,0,0
0.00341615,1,1,1,1,1,1,1,1,1,1,0,1,1,1,0,0
0.00341616,0,1,1,1,1,1,1,0,1,1,0,1,1,1,0,0
0.00341617,0,1,0,0,1,0,1,0,1,1,0,1,1,1,0,0
0.00341618,0,1,0,0,1,0,0,0,1,1,0,1,1,1,0,0
0.00341622,0,1,0,0,1,0,1,0,1,1,0,1,1,1,0,0
0.00341623,0,1,0,0,1,1,1,0,1,1,0,1,1,1,0,0
0.00341624,0,1,0,0,1,0,1,0,1,1,0,1,1,1,0,0
0.00341625,0,1,0,0,1,0,0,0,1,1,0,1,1,1,0,0
0.0034165,0,1,0,0,1,0,0,0,1,1,0,0,1,1,0,0
0.00341651,0,1,0,0,1,0,0,0,0,1,0,0,1,0,0,0
0.00341707,0,1,1,0,1,0,1,0,0,1,0,0,1,0,0,0
0.00341708,1,1,1,0,0,0,1,0,0,1,0,0,1,0,0,0
0.00341709,0,1,0,0,0,0,0,0,0,1,0,0,1,0,0,0
0.00341713,0,1,0,0,0,0,1,0,0,1,0,0,1,0,0,0
0.00341716,0,1,0,0,0,0,0,0,0,1,0,0,1,0,0,0
0.00341801,1,1,1,0,0,0,0,0,0,1,0,0,1,0,0,0
0.00341803,0,1,0,1,0,1,1,1,0,1,0,0,1,0,0,0
0.00341804,1,1,1,1,1,0,1,1,0,1,0,0,1,0,0,0
0.00341806,1,1,1,1,1,1,1,1,0,1,0,0,1,0,0,0
0.00341809,1,0,0,0,1,0,0,0,0,1,0,0,1,0,0,0
0.00341813,1,0,0,0,1,1,1,0,0,1,0,0,1,0,0,0
0.00341814,1,0,1,1,1,1,1,0,0,1,0,0,1,0,0,0
0.00341816,1,0,0,0,1,0,0,0,0,1,0,0,1,0,0,0
0.00341846,1,0,0,0,1,0,0,0,0,0,0,0,1,0,0,0
0.00341847,1,0,0,0,1,0,0,0,1,0,0,0,1,0,0,0
0.00341853,1,0,0,0,1,0,0,0,0,0,0,0,0,0,0,0
0.00341854,1,0,0,0,1,0,0,0,1,0,0,0,1,0,0,0
0.00341899,1,1,0,0,1,0,0,0,1,0,0,0,1,0,0,0
0.00341901,1,1,1,1,1,0,1,1,1,0,0,0,1,0,0,0
0.00341903,1,1,1,1,1,1,1,1,1,0,0,0,1,0,0,0
0.00341905,0,1,1,1,0,0,1,1,1,0,0,0,1,0,0,0
0.00341906,0,1,0,0,0,0,0,0,1,0,0,0,1,0,0,0
0.00341911,0,1,1,1,0,1,1,0,1,0,0,0,1,0,0,0
0.00341913,0,1,0,0,0,0,0,0,1,0,0,0,1,0,0,0
0.00341999,0,1,0,1,0,1,0,0,1,0,0,0,1,0,0,0
0.00342,1,1,1,1,1,1,1,1,1,0,0,0,1,0,0,0
0.00342004,0,1,0,0,0,0,1,0,1,0,0,0,1,0,0,0
0.00342008,1,1,1,1,0,1,1,0,1,0,0,0,1,0,0,0
0.00342012,0,1,0,0,0,0,1,0,1,0,0,0,1,0,0,0
0.00342016,0,1,1,1,0,0,1,0,1,0,0,0,1,0,0,0
0.00342017,1,1,1,1,0,0,1,0,1,0,0,0,1,0,0,0
0.00342019,0,1,0,0,0,0,1,0,1,0,0,0,1,0,0,0
0.00342041,0,1,0,0,0,0,1,0,0,0,0,0,0,0,0,0
0.00342042,0,1,0,0,0,0,1,0,0,1,0,0,0,0,1,0
0.00342048,0,1,0,0,0,0,1,0,0,0,0,0,0,0,0,0
0.00342049,0,1,0,0,0,0,1,0,0,1,0,0,0,0,1,0
0.00342093,1,1,1,1,0,0,1,0,0,1,0,0,0,0,1,0
0.00342094,1,1,1,1,1,1,1,0,0,1,0,0,0,0,1,0
0.00342095,0,0,0,1,0,0,0,0,0,1,0,0,0,0,1,0
0.00342096,0,0,0,0,0,1,0,0,0,1,0,0,0,0,1,0
0.00342097,0,0,0,0,0,1,1,1,0,1,0,0,0,0,1,0
0.00342098,1,0,1,1,0,0,0,0,0,1,0,0,0,0,1,0
0.003421,0,0,0,0,0,0,0,0,0,1,0,0,0,0,1,0
0.00342104,1,0,1,1,0,1,0,0,0,1,0,0,0,0,1,0
0.00342105,0,0,0,0,0,0,0,0,0,1,0,0,0,0,1,0
0.00342138,0,1,0,0,0,0,0,0,0,1,0,0,0,0,1,0
0.00342139,0,1,1,1,0,0,0,0,0,1,0,0,0,0,1,0
0.0034214,1,1,1,1,0,0,0,0,0,1,0,0,0,0,1,0
0.00342141,1,1,1,1,0,1,0,0,0,1,0,0,0,0,1,0
0.00342143,0,1,1,1,0,0,0,0,0,1,0,0,0,0,1,0
0.00342185,0,1,1,1,0,1,1,1,0,1,0,0,0,0,1,0
0.00342186,0,0,1,1,0,0,0,0,0,1,0,0,0,0,1,0
0.0034219,1,0,1,1,0,0,0,0,0,1,0,0,0,0,1,0
0.00342191,1,0,1,1,0,1,0,0,0,1,0,0,0,0,1,0
0.00342192,0,0,1,1,0,0,0,0,0,1,0,0,0,0,1,0
0.00342195,1,0,1,1,1,1,1,1,0,1,0,0,0,0,1,0
0.00342196,1,1,1,1,1,1,1,1,0,1,0,0,0,0,1,0
0.00342199,0,1,1,0,1,0,0,0,0,1,0,0,0,0,1,0
0.003422,0,0,1,0,1,0,0,0,0,1,0,0,0,0,1,0
0.00342236,0,0,1,0,1,0,0,0,0,0,0,0,0,0,0,0
0.00342237,0,0,1,0,1,0,0,0,0,0,0,0,1,0,0,0
0.00342238,0,0,1,0,1,0,0,0,0,0,1,0,1,0,0,0
0.00342244,0,0,1,0,1,0,0,0,0,0,0,0,0,0,0,0
0.00342245,0,0,1,1,1,0,0,0,0,0,1,0,1,0,0,0
0.00342246,0,0,1,1,1,0,0,0,0,0,1,1,1,0,0,0
0.00342248,1,0,1,0,1,1,1,1,0,0,1,1,1,0,0,0
0.00342249,0,0,1,0,1,0,0,0,0,0,1,0,1,0,0,0
0.00342289,1,1,1,1,1,0,0,0,0,0,1,0,1,0,0,0
0.0034229,1,1,1,0,1,0,0,0,0,0,1,0,1,0,0,0
0.00342291,1,1,1,1,1,0,1,1,0,0,1,0,1,0,0,0
0.00342293,1,1,1,1,1,1,1,1,0,0,1,0,1,0,0,0
0.00342297,0,1,0,1,0,0,1,0,0,0,1,0,1,0,0,0
0.00342302,1,1,1,1,0,1,1,0,0,0,1,0,1,0,0,0
0.00342303,0,1,1,1,0,0,1,0,0,0,1,0,1,0,0,0
0.00342304,0,1,0,1,0,0,1,0,0,0,1,0,1,0,0,0
0.00342388,1,1,1,1,0,0,1,0,0,0,1,0,1,0,0,0
0.0034239,1,1,1,1,1,0,1,1,0,0,1,0,1,0,0,0
0.00342392,1,1,1,1,1,1,1,1,0,0,1,0,1,0,0,0
0.00342394,1,1,0,1,0,0,0,0,0,0,1,0,1,0,0,0
0.00342398,1,1,1,1,0,1,0,0,0,0,1,0,1,0,0,0
0.00342399,1,1,1,1,0,1,1,0,0,0,1,0,1,0,0,0
0.003424,1,1,0,1,0,0,0,0,0,0,1,0,1,0,0,0
0.00342484,1,1,1,1,0,0,0,0,0,0,1,0,1,0,0,0
0.00342485,1,1,1,1,1,1,1,1,0,0,1,0,1,0,0,0
0.00342491,1,1,1,1,0,0,0,1,0,0,1,0,1,0,0,0
0.00342492,1,1,1,0,0,0,0,1,0,0,1,0,1,0,0,0
0.00342497,1,1,1,0,0,1,0,1,0,0,1,0,1,0,0,0
0.00342498,1,1,1,0,0,0,0,1,0,0,1,0,1,0,0,0
0.00342529,1,1,1,0,0,0,0,1,0,0,1,0,0,0,0,0
0.0034253,1,1,1,0,0,0,0,1,1,1,1,0,0,0,0,1
0.00342584,1,1,1,1,0,0,0,1,1,1,1,0,0,0,0,1
0.00342585,1,1,1,1,0,1,1,1,1,1,1,0,0,0,0,1
0.00342586,1,1,1,1,1,1,1,1,1,1,1,0,0,0,0,1
0.00342587,0,1,1,1,0,1,1,1,1,1,1,0,0,0,0,1
0.00342588,0,1,1,1,0,0,1,1,1,1,1,0,0,0,0,1
0.00342589,0,1,0,1,0,0,1,0,1,1,1,0,0,0,0,1
0.00342682,1,1,0,1,0,0,1,0,1,1,1,0,0,0,0,1
0.00342683,1,1,0,1,0,0,0,0,1,1,1,0,0,0,0,1
0.00342687,1,1,1,1,1,1,1,1,1,1,1,0,0,0,0,1
0.0034269,1,1,1,0,1,1,1,0,1,1,1,0,0,0,0,1
0.00342691,0,1,0,0,0,1,0,0,1,1,1,0,0,0,0,1
0.00342696,1,1,1,1,0,1,0,0,1,1,1,0,0,0,0,1
0.00342698,0,1,0,0,0,1,0,0,1,1,1,0,0,0,0,1
0.00342724,0,1,0,0,0,1,0,0,1,1,0,0,0,0,0,0
0.00342725,0,1,0,0,0,1,0,0,0,1,0,0,0,0,0,0
0.00342726,0,1,0,0,0,1,0,0,0,1,0,0,0,1,0,0
0.00342777,0,1,0,1,0,1,0,0,0,1,0,0,0,1,0,0
0.00342778,1,1,1,1,0,1,0,0,0,1,0,0,0,1,0,0
0.00342779,0,1,1,1,0,1,1,0,0,1,0,0,0,1,0,0
0.0034278,1,1,1,1,1,1,1,1,0,1,0,0,0,1,0,0
0.00342785,1,0,1,1,1,1,1,1,0,1,0,0,0,1,0,0
0.00342786,0,0,0,0,1,0,1,0,0,1,0,0,0,1,0,0
0.0034279,1,0,1,1,1,1,1,0,0,1,0,0,0,1,0,0
0.00342791,1,0,1,1,1,1,1,1,0,1,0,0,0,1,0,0
0.00342792,1,0,1,1,1,1,1,0,0,1,0,0,0,1,0,0
0.00342793,0,0,1,0,1,0,1,0,0,1,0,0,0,1,0,0
0.00342794,0,0,0,0,1,0,1,0,0,1,0,0,0,1,0,0
0.00342798,0,0,1,1,1,0,1,0,0,1,0,0,0,1,0,0
0.003428,0,0,0,0,1,0,1,0,0,1,0,0,0,1,0,0
0.00342876,1,1,1,1,1,0,1,1,0,1,0,0,0,1,0,0
0.00342877,1,1,1,1,1,1,1,1,0,1,0,0,0,1,0,0
0.00342881,0,0,0,0,0,0,0,1,0,1,0,0,0,1,0,0
0.00342885,1,0,1,1,0,1,0,1,0,1,0,0,0,1,0,0
0.00342886,1,0,1,1,0,1,1,1,0,1,0,0,0,1,0,0
0.00342887,1,1,1,1,1,1,1,1,0,1,0,0,0,1,0,0
0.00342888,1,0,1,1,0,1,1,1,0,1,0,0,0,1,0,0
0.00342889,0,0,1,1,0,1,0,1,0,1,0,0,0,1,0,0
0.0034289,0,0,0,0,0,0,0,1,0,1,0,0,0,1,0,0
0.00342893,0,0,0,0,0,1,0,1,0,1,0,0,0,1,0,0
0.00342894,0,0,1,1,0,1,0,1,0,1,0,0,0,1,0,0
0.00342897,0,0,0,0,0,1,0,1,0,1,0,0,0,1,0,0
0.00342898,0,0,0,0,0,0,0,1,0,1,0,0,0,1,0,0
0.00342902,0,0,0,0,0,1,0,1,0,1,0,0,0,1,0,0
0.00342904,0,0,0,0,0,0,0,1,0,1,0,0,0,1,0,0
0.00342973,0,1,0,1,0,0,1,1,0,1,0,0,0,1,0,0
0.00342975,1,1,1,1,1,1,1,0,0,1,0,0,0,1,0,0
0.00342976,1,1,1,1,0,0,1,0,0,1,0,0,0,1,0,0
0.00342977,0,1,0,1,0,0,1,0,0,1,0,0,0,1,0,0
0.00343077,1,1,1,1,1,1,1,1,0,1,0,0,0,1,0,0
0.00343082,1,0,0,1,0,1,0,1,0,1,0,0,0,1,0,0
0.00343083,0,0,0,1,0,0,0,1,0,1,0,0,0,1,0,0
0.00343088,1,0,1,1,0,1,0,1,0,1,0,0,0,1,0,0
0.0034309,0,0,0,1,0,0,0,1,0,1,0,0,0,1,0,0
0.00343115,0,0,0,1,0,0,0,1,0,0,0,0,0,0,0,0
0.00343116,0,0,0,1,0,0,0,1,0,0,0,1,0,0,0,1
0.00343123,0,0,0,1,0,0,0,1,0,0,0,1,0,0,0,0
0.00343124,0,0,0,1,0,0,0,1,0,0,0,1,0,0,0,1
0.00343168,0,1,0,1,0,0,0,1,0,0,0,1,0,0,0,1
0.00343169,0,0,0,1,0,0,0,1,0,0,0,1,0,0,0,1
0.0034317,0,0,1,1,1,1,0,1,0,0,0,1,0,0,0,1
0.00343171,1,1,1,1,1,1,1,1,0,0,0,1,0,0,0,1
0.00343175,1,1,0,1,0,0,0,0,0,0,0,1,0,0,0,1
0.00343179,1,1,1,1,0,1,1,0,0,0,0,1,0,0,0,1
0.0034318,1,1,1,1,1,1,1,1,0,0,0,1,0,0,0,1
0.00343181,1,1,1,1,0,1,1,0,0,0,0,1,0,0,0,1
0.00343182,1,1,0,1,0,0,0,0,0,0,0,1,0,0,0,1
0.00343272,1,1,0,1,0,1,0,0,0,0,0,1,0,0,0,1
0.00343273,1,1,1,1,0,1,0,0,0,0,0,1,0,0,0,1
0.00343274,1,1,1,1,1,1,1,1,0,0,0,1,0,0,0,1
0.00343275,0,1,1,0,0,1,1,1,0,0,0,1,0,0,0,1
0.00343276,0,1,1,0,0,1,0,0,0,0,0,1,0,0,0,1
0.00343277,0,1,0,0,0,1,0,0,0,0,0,1,0,0,0,1
0.00343281,0,1,1,0,0,1,0,0,0,0,0,1,0,0,0,1
0.00343282,0,1,1,0,0,1,1,0,0,0,0,1,0,0,0,1
0.00343283,0,1,0,0,0,1,0,0,0,0,0,1,0,0,0,1
0.0034331,0,1,0,0,0,1,0,0,0,0,0,0,0,0,0,0
0.00343311,0,1,0,0,0,1,0,0,0,1,0,0,0,1,0,0
0.00343363,1,1,0,0,0,1,0,0,0,1,0,0,0,1,0,0
0.00343364,0,1,0,0,0,1,0,0,0,1,0,0,0,1,0,0
0.00343366,1,1,1,1,1,1,1,1,0,1,0,0,0,1,0,0
0.00343371,1,0,0,0,1,0,1,0,0,1,0,0,0,1,0,0
0.00343376,1,1,1,1,1,1,1,1,0,1,0,0,0,1,0,0
0.00343378,1,0,0,0,1,0,1,0,0,1,0,0,0,1,0,0
0.00343462,1,1,1,1,1,0,1,1,0,1,0,0,0,1,0,0
0.00343464,1,1,1,1,1,1,1,1,0,1,0,0,0,1,0,0
0.00343466,1,0,0,0,1,0,1,1,0,1,0,0,0,1,0,0
0.00343467,0,0,0,0,0,0,0,1,0,1,0,0,0,1,0,0
0.00343472,0,0,1,0,0,0,0,1,0,1,0,0,0,1,0,0
0.00343473,0,1,1,1,0,1,0,1,0,1,0,0,0,1,0,0
0.00343474,0,0,0,0,0,0,0,1,0,1,0,0,0,1,0,0
0.00343558,0,1,0,0,0,0,0,1,0,1,0,0,0,1,0,0
0.00343559,1,1,0,1,0,0,0,1,0,1,0,0,0,1,0,0
0.0034356,1,1,1,1,0,0,0,0,0,1,0,0,0,1,0,0
0.00343562,1,1,0,1,0,0,0,0,0,1,0,0,0,1,0,0
0.00343662,1,1,1,1,1,0,0,1,0,1,0,0,0,1,0,0
0.00343665,1,1,1,1,1,1,1,1,0,1,0,0,0,1,0,0
0.00343668,0,0,1,1,1,1,0,0,0,1,0,0,0,1,0,0
0.00343669,0,0,1,1,1,0,0,0,0,1,0,0,0,1,0,0
0.0034367,0,0,1,0,1,0,0,0,0,1,0,0,0,1,0,0
0.00343701,0,0,1,0,1,0,0,0,0,0,0,0,0,0,0,0
0.00343702,0,0,1,0,1,0,0,0,0,0,1,0,1,0,0,0
0.00343754,1,0,1,0,1,0,0,0,0,0,1,0,1,0,0,0
0.00343755,0,0,1,0,1,0,0,0,0,0,1,0,1,0,0,0
0.00343756,0,1,1,1,1,1,1,1,0,0,1,0,1,0,0,0
0.00343757,1,1,1,1,1,1,1,1,0,0,1,0,1,0,0,0
0.00343859,0,0,0,0,0,0,0,1,0,0,1,0,1,0,0,0
0.00343864,1,0,1,1,0,0,0,1,0,0,1,0,1,0,0,0
0.00343865,1,1,1,1,0,1,0,1,0,0,1,0,1,0,0,0
0.00343866,1,1,1,1,0,0,0,1,0,0,1,0,1,0,0,0
0.00343867,0,0,0,0,0,0,0,1,0,0,1,0,1,0,0,0
0.00343949,1,1,1,1,0,0,0,1,0,0,1,0,1,0,0,0
0.00343952,1,1,1,1,1,1,1,1,0,0,1,0,1,0,0,0
0.00343955,1,1,1,1,1,1,1,0,0,0,1,0,1,0,0,0
0.00343956,1,1,0,1,1,1,0,0,0,0,1,0,1,0,0,0
0.00343959,1,1,1,1,1,1,1,0,0,0,1,0,1,0,0,0
0.00343961,1,1,1,1,1,1,0,0,0,0,1,0,1,0,0,0
0.00343962,1,1,0,1,1,1,0,0,0,0,1,0,1,0,0,0
0.00343994,1,1,0,1,1,1,0,0,0,1,0,0,1,0,0,0
0.00343995,1,1,0,1,1,1,0,0,1,1,0,1,1,1,0,0
0.00344049,1,1,1,1,1,1,1,1,1,1,0,1,1,1,0,0
0.00344054,0,0,1,0,1,0,1,1,1,1,0,1,1,1,0,0
0.00344055,0,0,0,0,1,0,1,0,1,1,0,1,1,1,0,0
0.00344058,0,0,1,0,1,1,1,0,1,1,0,1,1,1,0,0
0.00344059,1,1,1,1,1,1,1,0,1,1,0,1,1,1,0,0
0.00344062,0,0,1,1,1,0,1,0,1,1,0,1,1,1,0,0
0.00344063,0,0,1,0,1,0,1,0,1,1,0,1,1,1,0,0
0.00344064,0,0,0,0,1,0,1,0,1,1,0,1,1,1,0,0
0.00344066,0,0,1,0,1,0,1,0,1,1,0,1,1,1,0,0
0.00344067,0,0,1,1,1,0,1,0,1,1,0,1,1,1,0,0
0.00344071,0,0,1,0,1,0,1,0,1,1,0,1,1,1,0,0
0.00344074,0,0,1,1,1,0,1,0,1,1,0,1,1,1,0,0
0.00344078,0,0,1,0,1,0,1,0,1,1,0,1,1,1,0,0
0.00344083,0,0,1,1,1,0,1,0,1,1,0,1,1,1,0,0
0.00344086,0,0,0,0,1,0,1,0,1,1,0,1,1,1,0,0
0.00344089,0,0,1,1,1,0,1,0,1,1,0,1,1,1,0,0
0.0034409,0,0,0,0,1,0,1,0,1,1,0,1,1,1,0,0
0.00344091,0,0,1,1,1,0,1,0,1,1,0,1,1,1,0,0
0.00344094,0,0,0,0,1,0,1,0,1,1,0,1,1,1,0,0
0.00344099,0,0,0,1,1,0,1,0,1,1,0,1,1,1,0,0
0.003441,0,0,0,0,1,0,1,0,1,1,0,1,1,1,0,0
0.00344144,1,1,1,1,1,0,1,0,1,1,0,1,1,1,0,0
0.00344146,1,1,1,1,1,1,1,1,1,1,0,1,1,1,0,0
0.00344151,0,0,0,0,0,1,0,1,1,1,0,1,1,1,0,0
0.00344152,0,0,0,0,0,0,0,1,1,1,0,1,1,1,0,0
0.00344155,1,1,1,1,0,1,0,1,1,1,0,1,1,1,0,0
0.0034416,0,0,1,1,0,0,0,1,1,1,0,1,1,1,0,0
0.00344161,0,0,0,0,0,0,0,1,1,1,0,1,1,1,0,0
0.00344163,1,1,1,1,0,0,0,1,1,1,0,1,1,1,0,0
0.00344164,1,1,1,1,0,1,0,1,1,1,0,1,1,1,0,0
0.00344167,1,1,1,1,0,0,0,1,1,1,0,1,1,1,0,0
0.00344168,0,0,1,1,0,0,0,1,1,1,0,1,1,1,0,0
0.00344171,1,1,1,1,0,0,0,1,1,1,0,1,1,1,0,0
0.00344172,1,1,1,1,0,1,0,1,1,1,0,1,1,1,0,0
0.00344174,1,1,1,1,0,0,0,1,1,1,0,1,1,1,0,0
0.00344175,1,0,1,1,0,0,0,1,1,1,0,1,1,1,0,0
0.00344184,0,0,1,1,0,0,0,1,1,1,0,1,1,1,0,0
0.00344185,1,0,1,1,0,0,0,1,1,1,0,1,1,1,0,0
0.00344186,0,0,1,1,0,0,0,1,1,1,0,1,1,1,0,0
0.00344187,1,0,1,1,0,0,0,1,1,1,0,1,1,1,0,0
0.00344188,0,0,1,1,0,0,0,1,1,1,0,1,1,1,0,0
0.00344189,1,0,1,1,0,0,0,1,1,1,0,1,1,1,0,0
0.00344191,0,0,1,1,0,0,0,1,1,1,0,1,1,1,0,0
0.00344221,0,0,0,0,0,0,0,1,1,1,0,1,1,1,0,0
0.00344233,0,0,1,0,0,0,0,1,1,1,0,1,1,1,0,0
0.00344234,0,0,0,0,0,0,0,1,1,1,0,1,1,1,0,0
0.00344239,0,0,1,0,0,0,0,1,1,1,0,1,1,1,0,0
0.0034424,0,0,0,0,0,0,0,1,1,1,0,1,1,1,0,0
0.00344242,1,1,1,1,0,0,0,1,1,1,0,1,1,1,0,0
0.00344243,1,1,1,1,0,1,0,1,1,1,0,1,1,1,0,0
0.00344244,1,0,1,1,1,1,1,1,1,1,0,1,1,1,0,0
0.00344246,1,1,1,1,1,1,1,1,1,1,0,1,1,1,0,0
0.00344249,1,1,1,1,0,1,1,0,1,1,0,1,1,1,0,0
0.0034425,0,1,0,1,0,0,1,0,1,1,0,1,1,1,0,0
0.00344253,1,1,1,1,0,1,1,0,1,1,0,1,1,1,0,0
0.00344254,1,1,1,1,1,1,1,1,1,1,0,1,1,1,0,0
0.00344256,1,1,1,1,0,1,1,0,1,1,0,1,1,1,0,0
0.00344257,1,1,1,1,0,0,1,0,1,1,0,1,1,1,0,0
0.00344258,0,1,0,1,0,0,1,0,1,1,0,1,1,1,0,0
0.0034426,0,1,1,1,0,0,1,0,1,1,0,1,1,1,0,0
0.00344261,1,1,1,1,0,1,1,0,1,1,0,1,1,1,0,0
0.00344265,1,1,1,1,0,0,1,0,1,1,0,1,1,1,0,0
0.00344268,1,1,1,1,0,1,1,0,1,1,0,1,1,1,0,0
0.00344272,1,1,1,1,0,0,1,0,1,1,0,1,1,1,0,0
0.00344282,0,1,1,1,0,0,1,0,1,1,0,1,1,1,0,0
0.00344284,1,1,1,1,0,0,1,0,1,1,0,1,1,1,0,0
0.00344296,0,1,1,1,0,0,1,0,1,1,0,1,1,1,0,0
0.00344298,1,1,1,1,0,0,1,0,1,1,0,1,1,1,0,0
0.00344299,0,1,1,1,0,0,1,0,1,1,0,1,1,1,0,0
0.00344301,1,1,1,1,0,0,1,0,1,1,0,1,1,1,0,0
0.00344303,0,1,1,1,0,0,1,0,1,1,0,1,1,1,0,0
0.00344312,0,1,0,1,0,0,1,0,1,1,0,1,1,1,0,0
0.00344316,0,1,1,1,0,0,1,0,1,1,0,1,1,1,0,0
0.00344318,0,1,0,1,0,0,1,0,1,1,0,1,1,1,0,0
0.00344338,1,1,1,1,0,0,1,0,1,1,0,1,1,1,0,0
0.00344339,1,1,1,1,0,1,1,0,1,1,0,1,1,1,0,0
0.00344342,1,1,1,1,0,0,1,0,1,1,0,1,1,1,0,0
0.00344343,0,1,0,1,0,0,1,0,1,1,0,1,1,1,0,0
0.00344346,1,1,1,1,1,0,1,0,1,1,0,1,1,1,0,0
0.00344348,1,1,1,1,1,1,1,1,1,1,0,1,1,1,0,0
0.00344349,1,1,1,0,1,1,1,1,1,1,0,1,1,1,0,0
0.0034435,1,1,1,0,1,0,1,0,1,1,0,1,1,1,0,0
0.00344351,1,1,0,0,1,1,1,1,1,1,0,1,1,1,0,0
0.00344352,1,0,0,0,1,0,1,0,1,1,0,1,1,1,0,0
0.00344356,1,0,1,1,1,1,1,0,1,1,0,1,1,1,0,0
0.00344357,1,0,1,1,1,1,1,1,1,1,0,1,1,1,0,0
0.00344358,1,0,1,0,1,1,1,0,1,1,0,1,1,1,0,0
0.00344359,1,0,0,0,1,0,1,0,1,1,0,1,1,1,0,0
0.00344438,1,1,0,0,1,0,1,0,1,1,0,1,1,1,0,0
0.00344439,1,1,1,1,1,0,1,0,1,1,0,1,1,1,0,0
0.0034444,1,1,1,1,1,0,1,1,1,1,0,1,1,1,0,0
0.00344441,1,1,1,1,1,1,1,1,1,1,0,1,1,1,0,0
0.00344444,0,0,0,0,0,0,0,1,1,1,0,1,1,1,0,0
0.00344448,1,0,1,1,0,1,0,1,1,1,0,1,1,1,0,0
0.0034445,1,1,1,1,0,1,1,1,1,1,0,1,1,1,0,0
0.00344451,1,0,1,1,0,1,0,1,1,1,0,1,1,1,0,0
0.00344452,0,0,0,0,0,0,0,1,1,1,0,1,1,1,0,0
0.00344457,0,0,1,0,0,0,0,1,1,1,0,1,1,1,0,0
0.00344459,0,0,0,0,0,0,0,1,1,1,0,1,1,1,0,0
0.00344535,1,1,1,1,0,0,0,1,1,1,0,1,1,1,0,0
0.00344536,1,1,1,1,1,1,1,1,1,1,0,1,1,1,0,0
0.00344542,1,1,1,1,0,0,1,0,1,1,0,1,1,1,0,0
0.00344543,1,1,0,1,0,0,0,0,1,1,0,1,1,1,0,0
0.00344547,1,1,1,1,0,1,1,0,1,1,0,1,1,1,0,0
0.00344548,1,1,1,1,1,1,1,0,1,1,0,1,1,1,0,0
0.00344549,1,1,0,1,0,0,0,0,1,1,0,1,1,1,0,0
0.00344634,1,1,1,1,0,1,1,0,1,1,0,1,1,1,0,0
0.00344635,1,1,1,1,1,1,1,0,1,1,0,1,1,1,0,0
0.00344636,1,1,1,1,1,1,1,1,1,1,0,1,1,1,0,0
0.00344637,1,1,1,1,1,1,1,0,1,1,0,1,1,1,0,0
0.00344638,1,1,0,1,0,0,0,0,1,1,0,1,1,1,0,0
0.00344734,0,1,0,1,0,1,1,0,1,1,0,1,1,1,0,0
0.00344735,0,1,0,1,0,0,1,0,1,1,0,1,1,1,0,0
0.0034483,0,1,1,1,0,1,1,0,1,1,0,1,1,1,0,0
0.00344831,1,1,1,1,1,1,1,0,1,1,0,1,1,1,0,0
0.00344833,1,1,1,1,1,1,1,1,1,1,0,1,1,1,0,0
0.00344928,1,1,1,1,1,0,0,0,1,1,0,1,1,1,0,0
0.00344929,0,1,0,1,1,0,0,0,1,1,0,1,1,1,0,0
0.0034493,0,0,0,1,1,0,1,0,1,1,0,1,1,1,0,0
0.00344932,1,1,1,1,1,0,1,0,1,1,0,1,1,1,0,0
0.00344933,1,1,1,1,1,1,1,1,1,1,0,1,1,1,0,0
0.00344937,1,1,1,1,1,1,1,0,1,1,0,1,1,1,0,0
0.00344938,1,1,1,1,1,0,0,0,1,1,0,1,1,1,0,0
0.00344939,0,0,1,0,1,0,0,0,1,1,0,1,1,1,0,0
0.00344944,1,1,1,0,1,0,0,0,1,1,0,1,1,1,0,0
0.00344945,0,1,1,0,1,0,0,0,1,1,0,1,1,1,0,0
0.00344946,0,0,1,0,1,0,0,0,1,1,0,1,1,1,0,0
0.0034497,0,0,1,0,1,0,0,0,0,0,0,0,1,0,0,0
0.00344972,0,0,1,0,1,0,0,0,0,0,1,0,1,0,0,0
0.00345023,1,0,1,0,1,0,0,0,0,0,1,0,1,0,0,0
0.00345024,0,0,1,0,1,0,0,0,0,0,1,0,1,0,0,0
0.00345025,1,1,1,1,1,0,1,0,0,0,1,0,1,0,0,0
0.00345026,1,1,1,1,1,1,1,1,0,0,1,0,1,0,0,0
0.00345128,0,0,0,0,0,0,0,1,0,0,1,0,1,0,0,0
0.00345133,1,1,1,1,0,0,0,1,0,0,1,0,1,0,0,0
0.00345134,1,1,1,1,0,1,0,1,0,0,1,0,1,0,0,0
0.00345135,1,1,1,1,0,0,0,1,0,0,1,0,1,0,0,0
0.00345137,0,0,0,0,0,0,0,1,0,0,1,0,1,0,0,0
0.00345141,1,1,0,1,0,0,0,1,0,0,1,0,1,0,0,0
0.00345144,1,0,0,1,0,0,0,1,0,0,1,0,1,0,0,0
0.00345145,0,0,0,0,0,0,0,1,0,0,1,0,1,0,0,0
0.0034515,0,0,0,1,0,0,0,1,0,0,1,0,1,0,0,0
0.00345151,0,0,0,0,0,0,0,1,0,0,1,0,1,0,0,0
0.00345157,1,1,0,1,0,0,0,1,0,0,1,0,1,0,0,0
0.00345158,0,0,0,0,0,0,0,1,0,0,1,0,1,0,0,0
0.00345218,0,1,0,0,0,0,0,1,0,0,1,0,1,0,0,0
0.00345219,1,1,1,1,0,0,0,1,0,0,1,0,1,0,0,0
0.0034522,1,1,1,1,0,1,0,1,0,0,1,0,1,0,0,0
0.00345221,1,1,1,1,1,1,1,1,0,0,1,0,1,0,0,0
0.00345225,0,1,0,0,1,0,0,0,0,0,1,0,1,0,0,0
0.00345229,1,1,1,1,1,1,1,0,0,0,1,0,1,0,0,0
0.00345233,1,1,1,1,1,0,0,0,0,0,1,0,1,0,0,0
0.00345234,0,1,0,0,1,0,0,0,0,0,1,0,1,0,0,0
0.00345237,1,1,1,1,1,0,0,0,0,0,1,0,1,0,0,0
0.00345238,1,1,1,1,1,1,0,0,0,0,1,0,1,0,0,0
0.0034524,1,1,1,1,1,0,0,0,0,0,1,0,1,0,0,0
0.00345241,0,1,1,1,1,0,0,0,0,0,1,0,1,0,0,0
0.00345242,0,1,0,0,1,0,0,0,0,0,1,0,1,0,0,0
0.00345244,0,1,1,1,1,0,0,0,0,0,1,0,1,0,0,0
0.00345245,1,1,1,1,1,0,0,0,0,0,1,0,1,0,0,0
0.00345249,0,1,1,1,1,0,0,0,0,0,1,0,1,0,0,0
0.00345258,0,1,1,0,1,0,0,0,0,0,1,0,1,0,0,0
0.00345259,0,1,0,0,1,0,0,0,0,0,1,0,1,0,0,0
0.0034526,0,1,1,1,1,0,0,0,0,0,1,0,1,0,0,0
0.00345263,0,1,1,1,1,0,0,0,0,0,0,0,1,0,0,0
0.00345264,0,1,0,0,1,0,0,0,0,1,0,0,1,0,0,0
0.00345268,0,1,1,1,1,0,0,0,0,1,0,0,1,0,0,0
0.00345269,1,1,1,1,1,0,0,0,0,1,0,0,1,0,0,0
0.0034527,1,1,1,1,1,0,0,0,0,0,0,0,0,0,0,0
0.00345271,0,1,0,0,1,0,0,0,0,1,0,0,1,0,0,0
0.00345276,0,1,1,1,1,0,0,0,0,1,0,0,1,0,0,0
0.00345279,0,1,0,0,1,0,0,0,0,1,0,0,1,0,0,0
0.00345318,1,1,1,1,1,0,0,0,0,1,0,0,1,0,0,0
0.00345319,1,1,1,1,1,1,0,0,0,1,0,0,1,0,0,0
0.0034532,1,1,1,1,1,1,1,1,0,1,0,0,1,0,0,0
0.00345324,0,0,0,0,0,1,0,0,0,1,0,0,1,0,0,0
0.00345327,0,0,1,1,0,1,0,0,0,1,0,0,1,0,0,0
0.00345328,1,1,1,1,0,1,1,1,0,1,0,0,1,0,0,0
0.00345331,1,1,1,1,0,1,1,0,0,1,0,0,1,0,0,0
0.00345332,1,0,1,1,0,1,1,0,0,1,0,0,1,0,0,0
0.00345333,0,0,0,0,0,1,0,0,0,1,0,0,1,0,0,0
0.00345335,0,0,1,1,0,1,0,0,0,1,0,0,1,0,0,0
0.00345336,1,0,1,1,0,1,1,0,0,1,0,0,1,0,0,0
0.0034534,0,0,1,1,0,1,0,0,0,1,0,0,1,0,0,0
0.00345344,1,0,1,1,0,1,0,0,0,1,0,0,1,0,0,0
0.00345349,0,0,1,1,0,1,0,0,0,1,0,0,1,0,0,0
0.00345352,1,0,1,1,0,1,0,0,0,1,0,0,1,0,0,0
0.00345353,0,0,1,1,0,1,0,0,0,1,0,0,1,0,0,0
0.00345387,0,0,1,0,0,1,0,0,0,1,0,0,1,0,0,0
0.00345399,0,0,0,0,0,1,0,0,0,1,0,0,1,0,0,0
0.00345401,0,0,1,0,0,1,0,0,0,1,0,0,1,0,0,0
0.00345403,0,0,0,0,0,1,0,0,0,1,0,0,1,0,0,0
0.00345405,0,0,1,0,0,1,0,0,0,1,0,0,1,0,0,0
0.00345406,0,0,0,0,0,1,0,0,0,1,0,0,1,0,0,0
0.00345407,0,0,1,0,0,1,0,0,0,1,0,0,1,0,0,0
0.00345408,0,0,0,0,0,1,0,0,0,1,0,0,1,0,0,0
0.00345411,0,0,1,0,0,1,0,0,0,1,0,0,1,0,0,0
0.00345412,0,0,0,0,0,1,0,0,0,1,0,0,1,0,0,0
0.00345413,1,0,1,0,0,1,0,0,0,1,0,0,1,0,0,0
0.00345414,1,1,1,1,0,1,0,0,0,1,0,0,1,0,0,0
0.00345416,1,1,1,1,1,1,1,1,0,1,0,0,1,0,0,0
0.00345421,1,0,0,0,1,0,0,0,0,1,0,0,1,0,0,0
0.00345424,1,1,1,1,1,0,0,0,0,1,0,0,1,0,0,0
0.00345425,1,1,1,1,1,1,1,1,0,1,0,0,1,0,0,0
0.00345428,1,1,1,1,1,0,1,0,0,1,0,0,1,0,0,0
0.00345429,1,0,1,0,1,0,0,0,0,1,0,0,1,0,0,0
0.0034543,1,0,0,0,1,0,0,0,0,1,0,0,1,0,0,0
0.00345432,1,0,1,1,1,0,0,0,0,1,0,0,1,0,0,0
0.00345433,1,1,1,1,1,0,1,0,0,1,0,0,1,0,0,0
0.00345435,1,1,1,1,1,0,0,0,0,1,0,0,1,0,0,0
0.00345436,1,0,1,1,1,0,0,0,0,1,0,0,1,0,0,0
0.00345437,1,0,1,0,1,0,0,0,0,1,0,0,1,0,0,0
0.0034544,1,0,1,1,1,0,0,0,0,1,0,0,1,0,0,0
0.00345453,1,0,1,0,1,0,0,0,0,1,0,0,1,0,0,0
0.00345456,1,0,1,1,1,0,0,0,0,1,0,0,1,0,0,0
0.00345458,1,0,1,1,1,0,0,0,0,0,0,0,1,0,0,0
0.00345459,1,0,1,0,1,0,0,0,1,0,0,0,1,0,0,0
0.00345461,1,0,0,0,1,0,0,0,1,0,0,0,1,0,0,0
0.00345463,1,0,1,0,1,0,0,0,1,0,0,0,1,0,0,0
0.00345464,1,0,1,1,1,0,0,0,1,0,0,0,1,0,0,0
0.00345466,1,0,1,1,1,0,0,0,0,0,0,0,0,0,0,0
0.00345467,1,0,0,0,1,0,0,0,1,0,0,0,1,0,0,0
0.00345471,1,0,1,0,1,0,0,0,1,0,0,0,1,0,0,0
0.00345472,1,0,1,1,1,0,0,0,1,0,0,0,1,0,0,0
0.00345474,1,0,0,0,1,0,0,0,1,0,0,0,1,0,0,0
0.00345478,1,0,1,0,1,0,0,0,1,0,0,0,1,0,0,0
0.00345481,1,0,0,0,1,0,0,0,1,0,0,0,1,0,0,0
0.00345511,1,0,0,1,1,0,0,0,1,0,0,0,1,0,0,0
0.00345512,1,1,1,1,1,0,0,0,1,0,0,0,1,0,0,0
0.00345513,1,1,1,0,1,1,1,1,1,0,0,0,1,0,0,0
0.00345514,1,1,1,1,1,1,1,1,1,0,0,0,1,0,0,0
0.00345519,0,0,0,0,1,0,0,0,1,0,0,0,1,0,0,0
0.00345523,1,1,1,1,1,1,1,1,1,0,0,0,1,0,0,0
0.00345524,1,1,1,1,1,1,1,0,1,0,0,0,1,0,0,0
0.00345525,1,1,1,1,1,1,1,1,1,0,0,0,1,0,0,0
0.00345526,1,1,1,1,1,1,1,0,1,0,0,0,1,0,0,0
0.00345528,0,0,1,1,1,0,0,0,1,0,0,0,1,0,0,0
0.00345529,0,0,0,0,1,0,0,0,1,0,0,0,1,0,0,0
0.0034553,0,0,1,1,1,0,0,0,1,0,0,0,1,0,0,0
0.00345531,1,1,1,1,1,0,0,0,1,0,0,0,1,0,0,0
0.00345532,1,1,1,1,1,1,1,0,1,0,0,0,1,0,0,0
0.00345534,1,1,1,1,1,1,0,0,1,0,0,0,1,0,0,0
0.00345535,1,1,1,1,1,0,0,0,1,0,0,0,1,0,0,0
0.00345536,0,1,1,1,1,0,0,0,1,0,0,0,1,0,0,0
0.00345541,1,1,1,1,1,0,0,0,1,0,0,0,1,0,0,0
0.00345543,0,1,1,1,1,0,0,0,1,0,0,0,1,0,0,0
0.00345549,1,1,1,1,1,0,0,0,1,0,0,0,1,0,0,0
0.0034555,0,1,1,1,1,0,0,0,1,0,0,0,1,0,0,0
0.00345554,0,0,1,1,1,0,0,0,1,0,0,0,1,0,0,0
0.00345555,0,1,1,1,1,0,0,0,1,0,0,0,1,0,0,0
0.00345558,1,1,1,1,1,0,0,0,1,0,0,0,1,0,0,0
0.00345559,0,1,1,1,1,0,0,0,1,0,0,0,1,0,0,0
0.0034556,0,0,1,1,1,0,0,0,1,0,0,0,1,0,0,0
0.00345562,0,1,1,1,1,0,0,0,1,0,0,0,1,0,0,0
0.00345567,0,0,1,1,1,0,0,0,1,0,0,0,1,0,0,0
0.00345571,0,1,1,1,1,0,0,0,1,0,0,0,1,0,0,0
0.00345572,0,0,1,1,1,0,0,0,1,0,0,0,1,0,0,0
0.00345608,0,0,1,0,1,0,0,0,1,0,0,0,1,0,0,0
0.00345609,1,0,0,1,1,0,0,0,1,0,0,0,1,0,0,0
0.0034561,1,1,1,1,1,1,1,0,1,0,0,0,1,0,0,0
0.00345611,1,1,1,1,1,1,1,1,1,0,0,0,1,0,0,0
0.00345612,1,1,1,1,1,1,1,0,1,0,0,0,1,0,0,0
0.00345613,1,1,1,1,1,1,1,1,1,0,0,0,1,0,0,0
0.00345616,1,0,0,1,0,0,1,0,1,0,0,0,1,0,0,0
0.0034562,1,1,1,1,0,1,1,1,1,0,0,0,1,0,0,0
0.00345622,1,1,1,1,0,1,1,0,1,0,0,0,1,0,0,0
0.00345623,1,0,1,1,0,0,1,0,1,0,0,0,1,0,0,0
0.00345624,1,0,0,1,0,0,1,0,1,0,0,0,1,0,0,0
0.00345627,1,0,1,1,0,0,1,0,1,0,0,0,1,0,0,0
0.00345628,1,1,1,1,0,0,1,0,1,0,0,0,1,0,0,0
0.0034563,1,0,1,1,0,0,1,0,1,0,0,0,1,0,0,0
0.00345632,1,0,0,1,0,0,1,0,1,0,0,0,1,0,0,0
0.00345635,1,0,1,1,0,0,1,0,1,0,0,0,1,0,0,0
0.00345639,1,0,0,1,0,0,1,0,1,0,0,0,1,0,0,0
0.00345641,1,0,1,1,0,0,1,0,1,0,0,0,1,0,0,0
0.00345644,1,0,0,1,0,0,1,0,1,0,0,0,1,0,0,0
0.00345645,1,0,1,1,0,0,1,0,1,0,0,0,1,0,0,0
0.00345647,1,0,0,1,0,0,1,0,1,0,0,0,1,0,0,0
0.00345651,1,0,1,1,0,0,1,0,1,0,0,0,1,0,0,0
0.00345652,1,0,0,1,0,0,1,0,1,0,0,0,1,0,0,0
0.00345653,1,0,1,1,0,0,1,0,1,0,0,0,0,0,0,0
0.00345654,1,0,0,1,0,0,1,0,1,0,0,1,0,0,1,0
0.00345658,1,0,1,1,0,0,1,0,1,0,0,1,0,0,1,0
0.0034566,1,0,0,1,0,0,1,0,1,0,0,1,0,0,1,0
0.00345705,1,0,1,1,0,0,1,0,1,0,0,1,0,0,1,0
0.00345706,1,1,1,1,0,1,1,0,1,0,0,1,0,0,1,0
0.00345707,1,0,1,1,0,0,0,0,1,0,0,1,0,0,1,0
0.00345708,0,0,0,0,0,0,0,0,1,0,0,1,0,0,1,0
0.00345709,0,0,0,0,0,1,1,1,1,0,0,1,0,0,1,0
0.0034571,0,0,0,0,1,1,1,1,1,0,0,1,0,0,1,0
0.00345711,1,1,1,1,1,1,1,1,1,0,0,1,0,0,1,0
0.00345714,0,0,0,0,1,1,1,1,1,0,0,1,0,0,1,0
0.00345718,0,0,1,0,1,1,1,1,1,0,0,1,0,0,1,0
0.0034572,0,0,0,0,1,1,1,1,1,0,0,1,0,0,1,0
0.00345797,1,1,1,1,1,1,1,1,1,0,0,1,0,0,1,0
0.00345798,0,0,0,0,1,1,1,1,1,0,0,1,0,0,1,0
0.00345802,1,1,1,1,1,1,1,1,1,0,0,1,0,0,1,0
0.00345804,0,0,0,0,1,1,1,1,1,0,0,1,0,0,1,0
0.00345807,1,0,1,1,1,1,1,1,1,0,0,1,0,0,1,0
0.00345808,1,1,1,1,1,1,1,1,1,0,0,1,0,0,1,0
0.00345811,1,1,1,1,1,0,1,0,1,0,0,1,0,0,1,0
0.00345813,1,1,1,1,1,1,1,1,1,0,0,1,0,0,1,0
0.00345817,1,1,1,1,1,1,1,0,1,0,0,1,0,0,1,0
0.00345818,0,0,1,0,1,0,0,0,1,0,0,1,0,0,1,0
0.00345822,1,1,1,1,1,1,0,0,1,0,0,1,0,0,1,0
0.00345825,1,1,1,1,1,0,0,0,1,0,0,1,0,0,1,0
0.00345826,1,0,1,0,1,0,0,0,1,0,0,1,0,0,1,0
0.00345827,0,0,1,0,1,0,0,0,1,0,0,1,0,0,1,0
0.0034583,1,0,1,0,1,0,0,0,1,0,0,1,0,0,1,0
0.00345831,1,1,1,1,1,0,0,0,1,0,0,1,0,0,1,0
0.00345832,1,0,1,0,1,0,0,0,1,0,0,1,0,0,1,0
0.00345833,0,0,1,0,1,0,0,0,1,0,0,1,0,0,1,0
0.00345849,1,0,1,0,1,0,0,0,0,0,0,0,0,0,0,0
0.0034585,0,0,1,0,1,0,0,0,0,0,1,0,1,0,0,0
0.00345902,0,1,1,0,1,0,0,0,0,0,1,0,1,0,0,0
0.00345903,1,0,1,0,1,0,0,0,0,0,1,0,1,0,0,0
0.00345904,1,1,1,1,1,1,1,1,0,0,1,0,1,0,0,0
0.00345909,0,1,1,0,0,0,0,1,0,0,1,0,1,0,0,0
0.00345913,1,1,1,1,0,1,1,1,0,0,1,0,1,0,0,0
0.00345916,1,1,1,1,0,0,0,1,0,0,1,0,1,0,0,0
0.00345917,1,1,1,0,0,0,0,1,0,0,1,0,1,0,0,0
0.00345918,0,1,1,0,0,0,0,1,0,0,1,0,1,0,0,0
0.00345921,1,1,1,1,0,0,0,1,0,0,1,0,1,0,0,0
0.00345924,1,1,1,0,0,0,0,1,0,0,1,0,1,0,0,0
0.00345925,0,1,1,0,0,0,0,1,0,0,1,0,1,0,0,0
0.00345928,1,1,1,0,0,0,0,1,0,0,1,0,1,0,0,0
0.00345929,1,1,1,1,0,0,0,1,0,0,1,0,1,0,0,0
0.0034593,1,1,1,0,0,0,0,1,0,0,1,0,1,0,0,0
0.00345932,0,1,1,0,0,0,0,1,0,0,1,0,1,0,0,0
0.00345934,1,1,1,0,0,0,0,1,0,0,1,0,1,0,0,0
0.0034594,0,1,1,0,0,0,0,1,0,0,1,0,1,0,0,0
0.00345944,1,1,1,0,0,0,0,1,0,0,1,0,1,0,0,0
0.00345946,0,1,1,0,0,0,0,1,0,0,1,0,1,0,0,0
0.00345999,1,1,1,1,0,1,0,1,0,0,1,0,1,0,0,0
0.00346,1,1,1,1,0,0,0,1,0,0,1,0,1,0,0,0
0.00346002,1,1,1,1,0,1,0,1,0,0,1,0,1,0,0,0
0.00346003,1,1,1,1,1,1,1,1,0,0,1,0,1,0,0,0
0.00346007,0,1,0,0,0,0,0,0,0,0,1,0,1,0,0,0
0.00346011,1,1,1,1,0,1,1,0,0,0,1,0,1,0,0,0
0.00346013,1,1,1,1,1,1,1,0,0,0,1,0,1,0,0,0
0.00346014,1,1,1,1,0,1,1,0,0,0,1,0,1,0,0,0
0.00346016,1,1,0,1,0,0,0,0,0,0,1,0,1,0,0,0
0.00346017,0,1,0,0,0,0,0,0,0,0,1,0,1,0,0,0
0.00346019,1,1,0,1,0,1,0,0,0,0,1,0,1,0,0,0
0.0034602,1,1,1,1,0,1,0,0,0,0,1,0,1,0,0,0
0.00346022,1,1,0,1,0,1,0,0,0,0,1,0,1,0,0,0
0.00346024,1,1,0,1,0,0,0,0,0,0,1,0,1,0,0,0
0.00346028,1,1,0,1,0,1,0,0,0,0,1,0,1,0,0,0
0.00346031,1,1,0,1,0,0,0,0,0,0,1,0,1,0,0,0
0.00346073,1,1,0,0,0,0,0,0,0,0,1,0,1,0,0,0
0.00346074,1,1,0,1,0,0,0,0,0,0,1,0,1,0,0,0
0.00346077,1,1,0,0,0,0,0,0,0,0,1,0,1,0,0,0
0.00346082,0,1,0,0,0,0,0,0,0,0,1,0,1,0,0,0
0.00346084,1,1,0,0,0,0,0,0,0,0,1,0,1,0,0,0
0.00346086,0,1,0,0,0,0,0,0,0,0,1,0,1,0,0,0
0.00346088,1,1,0,1,0,0,0,0,0,0,1,0,1,0,0,0
0.00346089,1,1,0,0,0,0,0,0,0,0,1,0,1,0,0,0
0.0034609,0,1,0,0,0,0,0,0,0,0,1,0,1,0,0,0
0.00346092,1,1,0,0,0,0,0,0,0,0,1,0,1,0,0,0
0.00346093,0,1,0,0,0,0,0,0,0,0,1,0,1,0,0,0
0.00346096,1,1,0,0,0,0,0,0,0,0,1,0,1,0,0,0
0.00346097,1,1,1,0,0,0,0,0,0,0,1,0,1,0,0,0
0.00346099,1,1,1,1,0,0,0,0,0,0,1,0,1,0,0,0
0.003461,1,1,1,1,1,1,1,1,0,0,1,0,1,0,0,0
0.00346104,1,1,1,0,0,0,0,1,0,0,1,0,1,0,0,0
0.00346107,1,1,1,1,0,1,1,1,0,0,1,0,1,0,0,0
0.00346108,1,1,1,1,1,1,1,1,0,0,1,0,1,0,0,0
0.00346109,1,1,1,1,0,1,1,1,0,0,1,0,1,0,0,0
0.0034611,1,1,1,0,0,0,0,1,0,0,1,0,1,0,0,0
0.00346115,1,1,1,1,0,1,0,1,0,0,1,0,1,0,0,0
0.00346116,1,1,1,1,0,0,0,1,0,0,1,0,1,0,0,0
0.00346117,1,1,1,0,0,0,0,1,0,0,1,0,1,0,0,0
0.00346142,1,1,1,0,0,0,0,1,1,1,1,0,0,0,0,1
0.00346196,1,1,1,1,0,1,1,1,1,1,1,0,0,0,0,1
0.00346197,1,1,1,1,1,1,1,1,1,1,1,0,0,0,0,1
0.003462,0,1,1,1,1,1,1,1,1,1,1,0,0,0,0,1
0.00346201,0,1,1,0,0,0,0,1,1,1,1,0,0,0,0,1
0.00346205,0,1,1,1,0,1,1,1,1,1,1,0,0,0,0,1
0.00346206,1,1,1,1,0,1,1,1,1,1,1,0,0,0,0,1
0.00346207,0,1,1,1,0,0,0,1,1,1,1,0,0,0,0,1
0.00346208,0,1,1,0,0,0,0,1,1,1,1,0,0,0,0,1
0.00346295,1,1,1,1,1,1,1,1,1,1,1,0,0,0,0,1
0.00346296,0,1,0,0,0,0,0,0,1,1,1,0,0,0,0,1
0.00346299,1,1,1,1,1,1,1,1,1,1,1,0,0,0,0,1
0.00346303,0,1,0,1,1,1,1,0,1,1,1,0,0,0,0,1
0.00346305,0,1,0,1,0,1,0,0,1,1,1,0,0,0,0,1
0.00346306,0,1,0,0,0,1,0,0,1,1,1,0,0,0,0,1
0.00346311,1,1,0,1,0,1,0,0,1,1,1,0,0,0,0,1
0.00346312,0,1,0,0,0,1,0,0,1,1,1,0,0,0,0,1
0.00346337,0,1,0,0,0,1,0,0,0,1,0,0,0,0,0,0
0.00346338,0,1,0,0,0,1,0,0,0,1,0,0,0,1,0,0
0.00346392,1,1,1,1,0,1,0,0,0,1,0,0,0,1,0,0
0.00346393,1,1,1,1,1,1,1,1,0,1,0,0,0,1,0,0
0.00346397,0,0,0,0,1,0,1,0,0,1,0,0,0,1,0,0
0.00346401,1,0,1,1,1,0,1,0,0,1,0,0,0,1,0,0
0.00346402,1,1,1,1,1,1,1,0,0,1,0,0,0,1,0,0
0.00346403,1,1,1,1,1,1,1,1,0,1,0,0,0,1,0,0
0.00346404,1,0,1,1,1,0,1,0,0,1,0,0,0,1,0,0
0.00346406,0,0,0,0,1,0,1,0,0,1,0,0,0,1,0,0
0.0034641,1,0,1,1,1,0,1,0,0,1,0,0,0,1,0,0
0.00346412,0,0,1,0,1,0,1,0,0,1,0,0,0,1,0,0
0.00346413,0,0,0,0,1,0,1,0,0,1,0,0,0,1,0,0
0.00346487,1,0,1,1,1,0,1,0,0,1,0,0,0,1,0,0
0.00346488,1,1,1,1,1,0,1,1,0,1,0,0,0,1,0,0
0.00346489,1,1,1,1,1,1,1,1,0,1,0,0,0,1,0,0
0.00346495,0,0,0,0,0,0,0,1,0,1,0,0,0,1,0,0
0.00346499,1,1,1,1,0,1,0,1,0,1,0,0,0,1,0,0
0.00346503,1,0,1,1,0,0,0,1,0,1,0,0,0,1,0,0
0.00346504,0,0,0,0,0,0,0,1,0,1,0,0,0,1,0,0
0.00346507,0,0,1,0,0,0,0,1,0,1,0,0,0,1,0,0
0.00346508,1,1,1,1,0,0,0,1,0,1,0,0,0,1,0,0
0.0034651,1,0,1,1,0,0,0,1,0,1,0,0,0,1,0,0
0.00346511,0,0,1,0,0,0,0,1,0,1,0,0,0,1,0,0
0.00346512,0,0,0,0,0,0,0,1,0,1,0,0,0,1,0,0
0.00346516,0,0,1,0,0,0,0,1,0,1,0,0,0,1,0,0
0.0034652,0,0,0,0,0,0,0,1,0,1,0,0,0,1,0,0
0.00346524,0,0,1,0,0,0,0,1,0,1,0,0,0,1,0,0
0.00346525,0,0,0,0,0,0,0,1,0,1,0,0,0,1,0,0
0.00346526,0,0,1,0,0,0,0,1,0,1,0,0,0,1,0,0
0.00346527,0,0,0,0,0,0,0,1,0,1,0,0,0,1,0,0
0.00346533,0,0,1,0,0,0,0,1,0,1,0,0,0,1,0,0
0.00346534,0,0,0,0,0,0,0,1,0,1,0,0,0,1,0,0
0.00346585,0,1,1,0,0,0,0,1,0,1,0,0,0,1,0,0
0.00346587,1,1,1,1,0,0,0,1,0,1,0,0,0,1,0,0
0.00346588,1,1,1,1,0,1,0,1,0,1,0,0,0,1,0,0
0.00346591,0,1,1,0,0,0,0,1,0,1,0,0,0,1,0,0
0.00346689,1,1,1,1,1,1,1,1,0,1,0,0,0,1,0,0
0.00346695,0,0,0,1,0,0,0,1,0,1,0,0,0,1,0,0
0.00346699,1,1,1,1,0,1,1,1,0,1,0,0,0,1,0,0
0.003467,1,1,1,1,1,1,1,1,0,1,0,0,0,1,0,0
0.00346701,1,1,1,1,0,1,1,1,0,1,0,0,0,1,0,0
0.00346702,1,0,1,1,0,0,0,1,0,1,0,0,0,1,0,0
0.00346703,0,0,0,1,0,0,0,1,0,1,0,0,0,1,0,0
0.00346707,1,0,1,1,0,0,0,1,0,1,0,0,0,1,0,0
0.00346708,1,0,1,1,0,1,0,1,0,1,0,0,0,1,0,0
0.00346709,1,0,1,1,0,0,0,1,0,1,0,0,0,1,0,0
0.0034671,0,0,0,1,0,0,0,1,0,1,0,0,0,1,0,0
0.00346727,0,0,0,1,0,0,0,1,0,0,0,0,0,0,0,0
0.00346729,0,0,0,1,0,0,0,1,0,0,0,1,0,0,0,1
0.00346734,0,0,1,1,0,0,0,1,0,0,0,1,0,0,0,1
0.00346735,0,0,0,1,0,0,0,1,0,0,0,1,0,0,0,1
0.0034678,1,1,1,1,0,0,0,1,0,0,0,1,0,0,0,1
0.00346782,1,1,1,1,1,1,1,1,0,0,0,1,0,0,0,1
0.00346788,0,1,0,0,0,0,0,0,0,0,0,1,0,0,0,1
0.00346792,1,1,1,1,0,1,1,0,0,0,0,1,0,0,0,1
0.00346793,1,1,1,1,1,1,1,1,0,0,0,1,0,0,0,1
0.00346795,1,1,1,1,1,1,1,0,0,0,0,1,0,0,0,1
0.00346796,1,1,1,0,0,1,1,0,0,0,0,1,0,0,0,1
0.00346797,0,1,0,0,0,0,0,0,0,0,0,1,0,0,0,1
0.00346799,0,1,1,0,0,1,0,0,0,0,0,1,0,0,0,1
0.003468,1,1,1,0,0,1,1,0,0,0,0,1,0,0,0,1
0.00346801,1,1,1,1,0,1,1,0,0,0,0,1,0,0,0,1
0.00346803,1,1,1,0,0,1,1,0,0,0,0,1,0,0,0,1
0.00346804,1,1,1,0,0,1,0,0,0,0,0,1,0,0,0,1
0.00346805,0,1,1,0,0,1,0,0,0,0,0,1,0,0,0,1
0.00346808,1,1,1,0,0,1,0,0,0,0,0,1,0,0,0,1
0.00346809,1,1,1,0,0,1,1,0,0,0,0,1,0,0,0,1
0.0034681,1,1,1,0,0,1,0,0,0,0,0,1,0,0,0,1
0.00346814,0,1,1,0,0,1,0,0,0,0,0,1,0,0,0,1
0.00346815,1,1,1,0,0,1,0,0,0,0,0,1,0,0,0,1
0.00346819,0,1,1,0,0,1,0,0,0,0,0,1,0,0,0,1
0.00346827,1,1,1,0,0,1,0,0,0,0,0,1,0,0,0,1
0.00346828,0,1,1,0,0,1,0,0,0,0,0,1,0,0,0,1
0.00346852,0,1,1,0,0,0,0,0,0,0,0,1,0,0,0,1
0.00346853,0,1,1,0,0,1,0,0,0,0,0,1,0,0,0,1
0.00346854,0,1,1,0,0,0,0,0,0,0,0,1,0,0,0,1
0.00346879,0,1,0,0,0,0,0,0,0,0,0,1,0,0,0,1
0.0034688,0,1,1,0,0,0,0,0,0,0,0,1,0,0,0,1
0.00346882,0,1,0,0,0,0,0,0,0,0,0,1,0,0,0,1
0.00346884,1,1,1,1,0,0,0,0,0,0,0,1,0,0,0,1
0.00346885,1,1,1,1,0,1,0,0,0,0,0,1,0,0,0,1
0.00346887,1,1,1,1,1,1,1,1,0,0,0,1,0,0,0,1
0.0034689,0,1,0,0,1,1,1,1,0,0,0,1,0,0,0,1
0.00346891,0,1,0,0,0,1,0,0,0,0,0,1,0,0,0,1
0.00346894,1,1,1,1,0,1,1,0,0,0,0,1,0,0,0,1
0.00346895,1,1,1,1,1,1,1,1,0,0,0,1,0,0,0,1
0.00346897,1,1,1,1,0,1,1,0,0,0,0,1,0,0,0,1
0.00346898,0,1,0,0,0,1,0,0,0,0,0,1,0,0,0,1
0.00346902,0,1,1,0,0,1,0,0,0,0,0,1,0,0,0,1
0.00346906,0,1,0,0,0,1,0,0,0,0,0,1,0,0,0,1
0.00346923,0,1,0,0,0,1,0,0,0,0,0,0,0,1,0,0
0.00346924,0,1,0,0,0,1,0,0,0,1,0,0,0,1,0,0
0.0034693,0,1,0,0,0,1,0,0,0,0,0,0,0,0,0,0
0.00346931,0,1,0,0,0,1,0,0,0,1,0,0,0,1,0,0
0.00346978,1,1,1,1,1,1,0,0,0,1,0,0,0,1,0,0
0.00346979,1,1,1,1,1,1,1,1,0,1,0,0,0,1,0,0
0.00346983,1,0,0,0,1,0,1,0,0,1,0,0,0,1,0,0
0.00346987,1,1,1,1,1,1,1,1,0,1,0,0,0,1,0,0
0.0034699,1,0,1,1,1,0,1,0,0,1,0,0,0,1,0,0
0.00346991,1,0,0,0,1,0,1,0,0,1,0,0,0,1,0,0
0.00346994,1,0,1,0,1,0,1,0,0,1,0,0,0,1,0,0
0.00346995,1,0,1,1,1,0,1,0,0,1,0,0,0,1,0,0
0.00346998,1,0,1,0,1,0,1,0,0,1,0,0,0,1,0,0
0.00346999,1,0,0,0,1,0,1,0,0,1,0,0,0,1,0,0
0.00347001,1,0,1,0,1,0,1,0,0,1,0,0,0,1,0,0
0.00347015,1,0,0,0,1,0,1,0,0,1,0,0,0,1,0,0
0.00347018,1,0,1,0,1,0,1,0,0,1,0,0,0,1,0,0
0.00347019,1,0,0,0,1,0,1,0,0,1,0,0,0,1,0,0
0.0034702,1,0,1,0,1,0,1,0,0,1,0,0,0,1,0,0
0.00347022,1,0,0,0,1,0,1,0,0,1,0,0,0,1,0,0
0.00347073,1,1,1,1,1,0,1,0,0,1,0,0,0,1,0,0
0.00347075,1,1,1,1,1,1,1,1,0,1,0,0,0,1,0,0
0.00347081,0,0,0,0,0,0,0,1,0,1,0,0,0,1,0,0
0.00347085,0,1,1,1,0,1,0,1,0,1,0,0,0,1,0,0
0.00347086,1,1,1,1,0,1,0,1,0,1,0,0,0,1,0,0
0.00347087,1,1,1,1,0,1,1,1,0,1,0,0,0,1,0,0
0.00347088,1,1,1,1,0,1,0,1,0,1,0,0,0,1,0,0
0.00347089,0,1,1,1,0,0,0,1,0,1,0,0,0,1,0,0
0.0034709,0,0,0,0,0,0,0,1,0,1,0,0,0,1,0,0
0.00347093,0,0,1,1,0,0,0,1,0,1,0,0,0,1,0,0
0.00347094,0,1,1,1,0,1,0,1,0,1,0,0,0,1,0,0
0.00347095,1,1,1,1,0,1,0,1,0,1,0,0,0,1,0,0
0.00347096,0,1,1,1,0,0,0,1,0,1,0,0,0,1,0,0
0.00347097,0,0,1,1,0,0,0,1,0,1,0,0,0,1,0,0
0.00347098,0,0,1,0,0,0,0,1,0,1,0,0,0,1,0,0
0.00347101,0,0,1,1,0,0,0,1,0,1,0,0,0,1,0,0
0.00347105,0,0,1,0,0,0,0,1,0,1,0,0,0,1,0,0
0.00347111,0,0,1,1,0,0,0,1,0,1,0,0,0,1,0,0
0.00347112,0,0,1,0,0,0,0,1,0,1,0,0,0,1,0,0
0.00347136,0,0,0,0,0,0,0,1,0,1,0,0,0,1,0,0
0.00347137,0,0,1,0,0,0,0,1,0,1,0,0,0,1,0,0
0.0034714,0,0,0,0,0,0,0,1,0,1,0,0,0,1,0,0
0.00347141,0,0,1,0,0,0,0,1,0,1,0,0,0,1,0,0
0.00347142,0,0,0,0,0,0,0,1,0,1,0,0,0,1,0,0
0.00347171,0,1,1,0,0,0,0,1,0,1,0,0,0,1,0,0
0.00347172,1,1,1,1,0,1,0,1,0,1,0,0,0,1,0,0
0.00347173,1,1,1,1,1,1,0,0,0,1,0,0,0,1,0,0
0.00347174,0,1,1,0,0,0,0,0,0,1,0,0,0,1,0,0
0.00347175,0,1,0,0,0,0,0,0,0,1,0,0,0,1,0,0
0.00347178,1,1,1,1,0,0,0,0,0,1,0,0,0,1,0,0
0.0034718,0,1,1,0,0,0,0,0,0,1,0,0,0,1,0,0
0.00347181,0,1,0,0,0,0,0,0,0,1,0,0,0,1,0,0
0.00347275,1,1,1,1,1,1,1,0,0,1,0,0,0,1,0,0
0.00347276,1,1,1,1,1,1,1,1,0,1,0,0,0,1,0,0
0.0034728,1,1,1,1,1,1,1,0,0,1,0,0,0,1,0,0
0.00347281,0,0,1,0,1,0,0,0,0,1,0,0,0,1,0,0
0.00347285,1,1,1,1,1,1,1,0,0,1,0,0,0,1,0,0
0.00347288,1,0,1,1,1,0,0,0,0,1,0,0,0,1,0,0
0.00347289,0,0,1,0,1,0,0,0,0,1,0,0,0,1,0,0
0.00347293,1,0,1,1,1,0,0,0,0,1,0,0,0,1,0,0
0.00347296,0,0,1,0,1,0,0,0,0,1,0,0,0,1,0,0
0.00347301,1,0,1,0,1,0,0,0,0,1,0,0,0,1,0,0
0.00347302,0,0,1,0,1,0,0,0,0,1,0,0,0,1,0,0
0.00347313,0,0,1,0,1,0,0,0,0,0,0,0,0,0,0,0
0.00347315,0,0,1,0,1,0,0,0,0,0,1,0,1,0,0,0
0.00347319,0,0,1,1,1,0,0,0,0,0,1,0,1,0,0,0
0.0034732,0,0,1,0,1,0,0,0,0,0,1,0,1,0,0,0
0.00347321,0,0,1,0,1,0,0,0,0,0,0,0,0,0,0,0
0.00347322,0,0,1,0,1,0,0,0,0,0,1,0,1,0,0,0
0.00347368,1,0,1,0,1,0,1,0,0,0,1,0,1,0,0,0
0.00347369,1,1,1,1,1,1,1,1,0,0,1,0,1,0,0,0
0.00347471,0,0,0,0,0,0,0,1,0,0,1,0,1,0,0,0
0.00347475,1,1,1,1,0,1,1,1,0,0,1,0,1,0,0,0
0.00347479,1,1,0,1,0,1,0,1,0,0,1,0,1,0,0,0
0.0034748,0,0,0,0,0,0,0,1,0,0,1,0,1,0,0,0
0.00347483,1,1,0,1,0,1,0,1,0,0,1,0,1,0,0,0
0.00347484,1,1,1,1,0,1,1,1,0,0,1,0,1,0,0,0
0.00347485,1,1,1,1,0,1,0,1,0,0,1,0,1,0,0,0
0.00347486,1,1,0,1,0,1,0,1,0,0,1,0,1,0,0,0
0.00347487,1,0,0,1,0,0,0,1,0,0,1,0,1,0,0,0
0.00347488,0,0,0,1,0,0,0,1,0,0,1,0,1,0,0,0
0.0034749,1,0,0,1,0,0,0,1,0,0,1,0,1,0,0,0
0.00347491,1,1,0,1,0,1,0,1,0,0,1,0,1,0,0,0
0.00347494,1,1,0,1,0,0,0,1,0,0,1,0,1,0,0,0
0.00347496,1,0,0,1,0,0,0,1,0,0,1,0,1,0,0,0
0.00347502,1,1,0,1,0,0,0,1,0,0,1,0,1,0,0,0
0.00347503,1,0,0,1,0,0,0,1,0,0,1,0,1,0,0,0
0.00347508,1,1,0,1,0,0,0,1,0,0,1,0,1,0,0,0
0.0034751,1,0,0,1,0,0,0,1,0,0,1,0,1,0,0,0
0.00347517,1,1,0,1,0,0,0,1,0,0,1,0,1,0,0,0
0.00347518,1,0,0,1,0,0,0,1,0,0,1,0,1,0,0,0
0.00347519,0,0,0,1,0,0,0,1,0,0,1,0,1,0,0,0
0.00347521,1,0,0,1,0,0,0,1,0,0,1,0,1,0,0,0
0.00347532,0,0,0,1,0,0,0,1,0,0,1,0,1,0,0,0
0.00347535,1,0,0,1,0,0,0,1,0,0,1,0,1,0,0,0
0.00347536,0,0,0,1,0,0,0,1,0,0,1,0,1,0,0,0
0.00347543,0,0,0,0,0,0,0,1,0,0,1,0,1,0,0,0
0.00347544,0,0,0,1,0,0,0,1,0,0,1,0,1,0,0,0
0.0034755,1,0,0,1,0,0,0,1,0,0,1,0,1,0,0,0
0.00347551,0,0,0,1,0,0,0,1,0,0,1,0,1,0,0,0
0.00347553,1,0,0,1,0,0,0,1,0,0,1,0,1,0,0,0
0.00347554,0,0,0,1,0,0,0,1,0,0,1,0,1,0,0,0
0.00347555,0,0,0,0,0,0,0,1,0,0,1,0,1,0,0,0
0.00347558,1,0,0,1,0,0,0,1,0,0,1,0,1,0,0,0
0.00347559,0,0,0,0,0,0,0,1,0,0,1,0,1,0,0,0
0.00347561,1,0,0,1,0,0,0,1,0,0,1,0,1,0,0,0
0.00347562,0,0,0,0,0,0,0,1,0,0,1,0,1,0,0,0
0.00347564,1,1,1,1,1,1,0,1,0,0,1,0,1,0,0,0
0.00347565,1,1,1,1,1,1,1,1,0,0,1,0,1,0,0,0
0.00347569,0,0,1,1,1,1,1,0,0,0,1,0,1,0,0,0
0.0034757,0,0,1,1,1,1,0,0,0,0,1,0,1,0,0,0
0.00347573,1,1,1,1,1,1,1,0,0,0,1,0,1,0,0,0
0.00347576,0,0,1,1,1,1,0,0,0,0,1,0,1,0,0,0
0.0034758,1,1,1,1,1,1,0,0,0,0,1,0,1,0,0,0
0.00347581,1,1,1,1,1,1,1,0,0,0,1,0,1,0,0,0
0.00347582,1,1,1,1,1,1,0,0,0,0,1,0,1,0,0,0
0.00347583,0,0,1,1,1,1,0,0,0,0,1,0,1,0,0,0
0.00347588,1,0,1,1,1,1,0,0,0,0,1,0,1,0,0,0
0.0034759,0,0,1,1,1,1,0,0,0,0,1,0,1,0,0,0
0.00347607,0,0,1,1,1,1,0,0,0,0,1,1,1,1,0,0
0.00347611,1,1,1,1,1,1,0,0,0,0,1,1,1,1,0,0
0.00347612,0,0,1,1,1,1,0,0,0,0,1,1,1,1,0,0
0.00347661,1,1,1,1,1,1,1,0,0,0,1,1,1,1,0,0
0.00347663,1,1,1,1,1,1,1,1,0,0,1,1,1,1,0,0
0.00347665,1,1,0,0,1,1,1,1,0,0,1,1,1,1,0,0
0.00347666,0,0,0,0,1,0,1,0,0,0,1,1,1,1,0,0
0.0034767,1,1,1,1,1,1,1,0,0,0,1,1,1,1,0,0
0.00347673,1,0,0,0,1,0,1,0,0,0,1,1,1,1,0,0
0.00347674,0,0,0,0,1,0,1,0,0,0,1,1,1,1,0,0
0.00347678,1,0,0,0,1,0,1,0,0,0,1,1,1,1,0,0
0.00347681,0,0,0,0,1,0,1,0,0,0,1,1,1,1,0,0
0.00347757,0,1,1,1,1,0,1,0,0,0,1,1,1,1,0,0
0.00347758,1,1,1,1,1,0,1,1,0,0,1,1,1,1,0,0
0.00347759,1,1,1,1,1,1,1,1,0,0,1,1,1,1,0,0
0.00347765,0,0,0,0,0,0,0,1,0,0,1,1,1,1,0,0
0.00347769,1,1,1,1,0,1,0,1,0,0,1,1,1,1,0,0
0.0034777,1,1,1,1,0,1,1,1,0,0,1,1,1,1,0,0
0.00347772,1,1,1,1,0,1,0,1,0,0,1,1,1,1,0,0
0.00347773,0,0,1,0,0,0,0,1,0,0,1,1,1,1,0,0
0.00347774,0,0,0,0,0,0,0,1,0,0,1,1,1,1,0,0
0.00347777,1,0,1,1,0,0,0,1,0,0,1,1,1,1,0,0
0.00347778,1,1,1,1,0,1,0,1,0,0,1,1,1,1,0,0
0.0034778,1,0,1,1,0,0,0,1,0,0,1,1,1,1,0,0
0.00347781,0,0,1,0,0,0,0,1,0,0,1,1,1,1,0,0
0.00347782,0,0,0,0,0,0,0,1,0,0,1,1,1,1,0,0
0.00347785,0,0,1,0,0,0,0,1,0,0,1,1,1,1,0,0
0.00347786,0,0,1,1,0,0,0,1,0,0,1,1,1,1,0,0
0.00347787,0,0,1,0,0,0,0,1,0,0,1,1,1,1,0,0
0.0034779,0,0,0,0,0,0,0,1,0,0,1,1,1,1,0,0
0.00347793,0,0,1,0,0,0,0,1,0,0,1,1,1,1,0,0
0.00347796,0,0,0,0,0,0,0,1,0,0,1,1,1,1,0,0
0.00347799,0,0,1,0,0,0,0,1,0,0,1,1,1,1,0,0
0.003478,0,0,0,0,0,0,0,1,0,0,1,1,1,1,0,0
0.00347802,0,0,1,0,0,0,0,1,0,0,1,1,1,1,0,0
0.00347803,0,0,0,0,0,0,0,1,0,0,1,1,1,1,0,0
0.00347854,0,0,1,0,0,0,0,1,0,0,1,1,1,1,0,0
0.00347855,1,0,1,0,0,0,0,1,0,0,1,1,1,1,0,0
0.00347856,1,0,1,1,0,1,0,1,0,0,1,1,1,1,0,0
0.00347857,1,1,1,1,1,1,1,1,0,0,1,1,1,1,0,0
0.00347862,0,1,1,1,0,1,0,1,0,0,1,1,1,1,0,0
0.00347863,0,1,1,0,0,0,0,1,0,0,1,1,1,1,0,0
0.00347867,0,1,1,1,0,1,0,1,0,0,1,1,1,1,0,0
0.00347868,1,1,1,1,0,1,1,1,0,0,1,1,1,1,0,0
0.00347869,1,1,1,1,0,1,0,1,0,0,1,1,1,1,0,0
0.0034787,0,1,1,0,0,0,0,1,0,0,1,1,1,1,0,0
0.00347953,1,1,1,1,0,1,0,1,0,0,1,1,1,1,0,0
0.00347954,0,1,1,1,0,0,0,1,0,0,1,1,1,1,0,0
0.00347955,0,1,1,0,0,0,0,1,0,0,1,1,1,1,0,0
0.00347958,0,1,1,1,1,1,0,1,0,0,1,1,1,1,0,0
0.00347959,1,1,1,1,1,1,1,1,0,0,1,1,1,1,0,0
0.00347964,1,0,0,0,1,0,1,0,0,0,1,1,1,1,0,0
0.00347968,1,0,0,1,1,1,1,0,0,0,1,1,1,1,0,0
0.00347969,1,1,1,1,1,1,1,0,0,0,1,1,1,1,0,0
0.00347971,1,0,0,1,1,1,1,0,0,0,1,1,1,1,0,0
0.00347972,1,0,0,0,1,0,1,0,0,0,1,1,1,1,0,0
0.00347977,1,0,0,1,1,1,1,0,0,0,1,1,1,1,0,0
0.00347978,1,0,0,0,1,0,1,0,0,0,1,1,1,1,0,0
0.00348049,1,0,0,1,1,0,1,0,0,0,1,1,1,1,0,0
0.0034805,1,1,1,1,1,0,1,0,0,0,1,1,1,1,0,0
0.00348051,1,1,1,0,1,0,1,1,0,0,1,1,1,1,0,0
0.00348052,1,1,1,1,1,1,1,1,0,0,1,1,1,1,0,0
0.00348057,1,1,1,1,0,1,1,1,0,0,1,1,1,1,0,0
0.00348058,0,0,0,0,0,0,0,1,0,0,1,1,1,1,0,0
0.00348061,0,0,1,0,0,1,0,1,0,0,1,1,1,1,0,0
0.00348062,1,1,1,1,0,1,1,1,0,0,1,1,1,1,0,0
0.00348065,1,1,1,1,0,1,0,1,0,0,1,1,1,1,0,0
0.00348066,0,0,1,1,0,1,0,1,0,0,1,1,1,1,0,0
0.00348067,0,0,0,0,0,0,0,1,0,0,1,1,1,1,0,0
0.0034807,0,1,1,1,0,1,0,1,0,0,1,1,1,1,0,0
0.00348073,0,0,1,1,0,1,0,1,0,0,1,1,1,1,0,0
0.00348075,0,0,0,0,0,0,0,1,0,0,1,1,1,1,0,0
0.00348077,0,0,1,1,0,0,0,1,0,0,1,1,1,1,0,0
0.00348078,0,0,1,1,0,1,0,1,0,0,1,1,1,1,0,0
0.00348082,0,0,1,1,0,0,0,1,0,0,1,1,1,1,0,0
0.00348087,0,0,1,1,0,1,0,1,0,0,1,1,1,1,0,0
0.00348089,0,0,1,0,0,0,0,1,0,0,1,1,1,1,0,0
0.00348092,0,0,1,1,0,0,0,1,0,0,1,1,1,1,0,0
0.00348094,0,0,1,0,0,0,0,1,0,0,1,1,1,1,0,0
0.00348095,0,0,1,1,0,0,0,1,0,0,1,1,1,1,0,0
0.00348097,0,0,1,0,0,0,0,1,0,0,1,1,1,1,0,0
0.00348107,0,0,0,0,0,0,0,1,0,0,1,1,1,1,0,0
0.00348114,0,0,1,0,0,0,0,1,0,0,1,1,1,1,0,0
0.00348115,0,0,0,0,0,0,0,1,0,0,1,1,1,1,0,0
0.00348147,0,0,1,0,0,0,0,1,0,0,1,1,1,1,0,0
0.00348148,1,1,1,1,1,1,1,1,0,0,1,1,1,1,0,0
0.00348154,1,1,1,0,0,0,0,0,0,0,1,1,1,1,0,0
0.00348155,0,1,0,0,0,0,0,0,0,0,1,1,1,1,0,0
0.00348158,1,1,1,1,0,1,1,0,0,0,1,1,1,1,0,0
0.00348159,1,1,1,1,1,1,1,0,0,0,1,1,1,1,0,0
0.0034816,1,1,1,1,1,1,1,1,0,0,1,1,1,1,0,0
0.00348162,1,1,1,1,0,1,1,0,0,0,1,1,1,1,0,0
0.00348163,0,1,1,1,0,1,0,0,0,0,1,1,1,1,0,0
0.00348164,0,1,0,0,0,0,0,0,0,0,1,1,1,1,0,0
0.00348166,0,1,1,1,0,1,0,0,0,0,1,1,1,1,0,0
0.00348167,1,1,1,1,0,1,1,0,0,0,1,1,1,1,0,0
0.0034817,0,1,1,1,0,1,0,0,0,0,1,1,1,1,0,0
0.00348194,0,1,1,1,0,0,0,0,0,0,1,1,1,1,0,0
0.00348195,0,1,1,1,0,1,0,0,0,0,1,1,1,1,0,0
0.00348197,0,1,1,1,0,0,0,0,0,0,1,1,1,1,0,0
0.00348198,0,1,1,1,0,1,0,0,0,0,1,1,1,1,0,0
0.00348202,0,1,1,1,0,0,0,0,0,0,1,1,1,1,0,0
0.00348209,0,1,0,0,0,0,0,0,0,0,1,1,1,1,0,0
0.00348213,0,1,1,0,0,0,0,0,0,0,1,1,1,1,0,0
0.00348215,0,1,0,0,0,0,0,0,0,0,1,1,1,1,0,0
0.00348245,0,1,1,1,0,1,0,0,0,0,1,1,1,1,0,0
0.00348246,1,1,1,1,1,1,1,1,0,0,1,1,1,1,0,0
0.00348251,0,1,0,0,0,0,0,0,0,0,1,1,1,1,0,0
0.00348255,1,1,1,1,0,1,0,0,0,0,1,1,1,1,0,0
0.00348256,1,1,1,1,0,1,1,0,0,0,1,1,1,1,0,0
0.00348258,0,1,1,1,0,0,0,0,0,0,1,1,1,1,0,0
0.00348259,0,1,0,0,0,0,0,0,0,0,1,1,1,1,0,0
0.00348345,0,1,1,0,0,0,0,0,0,0,1,1,1,1,0,0
0.00348346,0,1,1,0,0,0,0,1,0,0,1,1,1,1,0,0
0.00348349,1,1,1,1,0,1,1,1,0,0,1,1,1,1,0,0
0.00348351,0,1,1,0,0,0,0,1,0,0,1,1,1,1,0,0
0.00348442,0,1,1,1,0,1,1,1,0,0,1,1,1,1,0,0
0.00348443,1,1,1,1,1,1,1,1,0,0,1,1,1,1,0,0
0.00348542,0,1,0,0,1,0,0,0,0,0,1,1,1,1,0,0
0.00348547,1,1,1,1,1,1,1,0,0,0,1,1,1,1,0,0
0.00348548,0,1,1,1,1,1,1,1,0,0,1,1,1,1,0,0
0.00348549,0,1,0,0,1,0,0,0,0,0,1,1,1,1,0,0
0.00348582,0,1,0,0,1,0,0,0,0,0,1,0,1,0,0,0
0.00348583,0,1,0,0,1,0,0,0,0,0,0,0,1,0,0,0
0.00348584,0,1,0,0,1,0,0,0,0,1,0,0,1,0,0,0
0.0034859,0,1,0,0,1,0,0,0,0,1,0,0,0,0,0,0
0.00348591,0,1,0,0,1,0,0,0,0,1,0,0,1,0,0,0
0.00348638,1,1,1,1,1,1,1,1,0,1,0,0,1,0,0,0
0.00348643,0,0,0,0,1,0,0,0,0,1,0,0,1,0,0,0
0.00348647,1,0,1,1,1,1,1,1,0,1,0,0,1,0,0,0
0.00348648,1,1,1,1,1,1,1,1,0,1,0,0,1,0,0,0
0.00348651,1,0,1,1,1,1,0,0,0,1,0,0,1,0,0,0
0.00348652,0,0,0,0,1,0,0,0,0,1,0,0,1,0,0,0
0.00348655,1,0,1,1,1,0,0,0,0,1,0,0,1,0,0,0
0.00348656,1,0,1,1,1,1,0,0,0,1,0,0,1,0,0,0
0.00348659,0,0,1,1,1,0,0,0,0,1,0,0,1,0,0,0
0.0034866,0,0,1,0,1,0,0,0,0,1,0,0,1,0,0,0
0.00348662,0,0,1,1,1,0,0,0,0,1,0,0,1,0,0,0
0.00348676,0,0,1,0,1,0,0,0,0,1,0,0,1,0,0,0
0.00348677,0,0,1,1,1,0,0,0,0,1,0,0,1,0,0,0
0.00348678,0,0,1,0,1,0,0,0,0,1,0,0,1,0,0,0
0.0034868,0,0,1,1,1,0,0,0,0,1,0,0,1,0,0,0
0.00348681,0,0,1,0,1,0,0,0,0,1,0,0,1,0,0,0
0.00348682,0,0,1,1,1,0,0,0,0,1,0,0,1,0,0,0
0.00348684,0,0,1,0,1,0,0,0,0,1,0,0,1,0,0,0
0.00348713,0,0,0,0,1,0,0,0,0,1,0,0,1,0,0,0
0.00348715,0,0,1,0,1,0,0,0,0,1,0,0,1,0,0,0
0.00348717,0,0,0,0,1,0,0,0,0,1,0,0,1,0,0,0
0.00348723,0,0,1,0,1,0,0,0,0,1,0,0,1,0,0,0
0.00348725,0,0,0,0,1,0,0,0,0,1,0,0,1,0,0,0
0.0034873,0,0,1,0,1,0,0,0,0,1,0,0,1,0,0,0
0.00348731,0,0,0,0,1,0,0,0,0,1,0,0,1,0,0,0
0.00348732,0,0,1,0,1,0,0,0,0,1,0,0,1,0,0,0
0.00348733,1,1,1,1,1,0,0,0,0,1,0,0,1,0,0,0
0.00348734,1,1,1,1,1,1,1,1,0,1,0,0,1,0,0,0
0.00348741,1,0,0,0,1,0,0,0,0,1,0,0,1,0,0,0
0.00348745,1,1,1,1,1,1,1,1,0,1,0,0,1,0,0,0
0.00348748,1,1,1,1,1,1,0,0,0,1,0,0,1,0,0,0
0.00348749,1,0,0,0,1,0,0,0,0,1,0,0,1,0,0,0
0.00348752,1,0,1,0,1,0,0,0,0,1,0,0,1,0,0,0
0.00348753,1,1,1,1,1,1,0,0,0,1,0,0,1,0,0,0
0.00348755,1,1,1,1,1,0,0,0,0,1,0,0,1,0,0,0
0.00348756,1,0,1,0,1,0,0,0,0,1,0,0,1,0,0,0
0.00348758,1,0,0,0,1,0,0,0,0,1,0,0,1,0,0,0
0.0034876,1,0,1,0,1,0,0,0,0,1,0,0,1,0,0,0
0.00348761,1,0,1,1,1,0,0,0,0,1,0,0,1,0,0,0
0.00348763,1,0,1,0,1,0,0,0,0,1,0,0,1,0,0,0
0.00348773,1,0,0,0,1,0,0,0,0,1,0,0,1,0,0,0
0.00348774,1,0,1,0,1,0,0,0,0,1,0,0,1,0,0,0
0.00348778,1,0,1,0,1,0,0,0,0,0,0,0,1,0,0,0
0.00348779,1,0,0,0,1,0,0,0,1,0,0,0,1,0,0,0
0.00348783,1,0,1,0,1,0,0,0,1,0,0,0,1,0,0,0
0.00348785,1,0,1,0,1,0,0,0,0,0,0,0,0,0,0,0
0.00348786,1,0,0,0,1,0,0,0,1,0,0,0,1,0,0,0
0.00348791,1,0,1,0,1,0,0,0,1,0,0,0,1,0,0,0
0.00348794,1,0,0,0,1,0,0,0,1,0,0,0,1,0,0,0
0.00348831,1,1,1,0,1,0,0,0,1,0,0,0,1,0,0,0
0.00348832,1,1,0,0,1,0,0,0,1,0,0,0,1,0,0,0
0.00348833,1,1,1,1,1,1,1,1,1,0,0,0,1,0,0,0
0.00348838,0,0,0,0,0,1,1,1,1,0,0,0,1,0,0,0
0.00348839,0,0,0,0,0,1,0,0,1,0,0,0,1,0,0,0
0.00348842,0,1,1,1,0,1,1,1,1,0,0,0,1,0,0,0
0.00348843,1,1,1,1,0,1,1,1,1,0,0,0,1,0,0,0
0.00348846,1,1,1,1,0,1,1,0,1,0,0,0,1,0,0,0
0.00348847,0,0,1,1,0,1,0,0,1,0,0,0,1,0,0,0
0.00348848,0,0,0,0,0,1,0,0,1,0,0,0,1,0,0,0
0.0034885,0,0,1,1,0,1,0,0,1,0,0,0,1,0,0,0
0.00348851,0,1,1,1,0,1,1,0,1,0,0,0,1,0,0,0
0.00348852,1,1,1,1,0,1,1,0,1,0,0,0,1,0,0,0
0.00348853,0,1,1,1,0,1,1,0,1,0,0,0,1,0,0,0
0.00348854,0,1,1,1,0,1,0,0,1,0,0,0,1,0,0,0
0.00348855,0,0,1,1,0,1,0,0,1,0,0,0,1,0,0,0
0.00348859,0,1,1,1,0,1,0,0,1,0,0,0,1,0,0,0
0.0034886,0,0,1,1,0,1,0,0,1,0,0,0,1,0,0,0
0.00348876,0,0,1,0,0,1,0,0,1,0,0,0,1,0,0,0
0.00348877,0,0,1,1,0,1,0,0,1,0,0,0,1,0,0,0
0.00348889,0,0,1,0,0,1,0,0,1,0,0,0,1,0,0,0
0.00348891,0,0,1,1,0,1,0,0,1,0,0,0,1,0,0,0
0.00348894,0,0,1,0,0,1,0,0,1,0,0,0,1,0,0,0
0.00348921,0,0,0,0,0,1,0,0,1,0,0,0,1,0,0,0
0.00348922,0,0,1,0,0,1,0,0,1,0,0,0,1,0,0,0
0.00348924,0,0,0,0,0,1,0,0,1,0,0,0,1,0,0,0
0.00348925,0,0,1,0,0,1,0,0,1,0,0,0,1,0,0,0
0.00348927,0,0,0,0,0,1,0,0,1,0,0,0,1,0,0,0
0.00348928,1,1,1,1,0,1,0,0,1,0,0,0,1,0,0,0
0.0034893,1,1,1,1,1,1,1,1,1,0,0,0,1,0,0,0
0.00348936,1,0,1,1,0,0,1,0,1,0,0,0,1,0,0,0
0.00348937,1,0,0,1,0,0,1,0,1,0,0,0,1,0,0,0
0.0034894,1,1,1,1,0,1,1,1,1,0,0,0,1,0,0,0
0.00348941,1,1,1,1,1,1,1,1,1,0,0,0,1,0,0,0
0.00348942,1,1,1,1,0,1,1,1,1,0,0,0,1,0,0,0
0.00348943,1,0,1,1,0,0,1,0,1,0,0,0,1,0,0,0
0.00348945,1,0,0,1,0,0,1,0,1,0,0,0,1,0,0,0
0.00348947,1,0,1,1,0,0,1,0,1,0,0,0,1,0,0,0
0.00348948,1,1,1,1,0,0,1,0,1,0,0,0,1,0,0,0
0.00348951,1,0,1,1,0,0,1,0,1,0,0,0,1,0,0,0
0.00348953,1,0,0,1,0,0,1,0,1,0,0,0,1,0,0,0
0.00348954,1,0,1,1,0,0,1,0,1,0,0,0,1,0,0,0
0.00348968,1,0,0,1,0,0,1,0,1,0,0,0,1,0,0,0
0.0034897,1,0,1,1,0,0,1,0,1,0,0,0,1,0,0,0
0.00348973,1,0,1,1,0,0,1,0,1,0,0,0,0,0,0,0
0.00348974,1,0,0,1,0,0,1,0,1,0,0,1,0,0,1,0
0.00348977,1,0,1,1,0,0,1,0,1,0,0,1,0,0,1,0
0.00348981,1,0,0,1,0,0,1,0,1,0,0,1,0,0,1,0
0.00348983,1,0,1,1,0,0,1,0,1,0,0,1,0,0,1,0
0.00348984,1,0,0,1,0,0,1,0,1,0,0,1,0,0,1,0
0.00349024,1,0,1,1,0,0,1,0,1,0,0,1,0,0,1,0
0.00349025,1,1,1,1,0,0,1,0,1,0,0,1,0,0,1,0
0.00349026,1,1,1,1,1,1,1,0,1,0,0,1,0,0,1,0
0.00349027,1,0,0,0,0,0,0,0,1,0,0,1,0,0,1,0
0.00349028,0,0,0,0,0,0,0,0,1,0,0,1,0,0,1,0
0.00349029,0,0,0,0,1,0,0,0,1,0,0,1,0,0,1,0
0.00349031,0,1,1,0,1,1,0,1,1,0,0,1,0,0,1,0
0.00349032,1,1,1,1,1,1,1,1,1,0,0,1,0,0,1,0
0.00349033,0,1,1,0,1,1,0,0,1,0,0,1,0,0,1,0
0.00349034,0,0,0,0,1,0,0,0,1,0,0,1,0,0,1,0
0.0034904,0,0,1,0,1,0,0,0,1,0,0,1,0,0,1,0
0.00349042,0,0,0,0,1,0,0,0,1,0,0,1,0,0,1,0
0.00349122,0,0,1,0,1,0,0,0,1,0,0,1,0,0,1,0
0.00349123,0,1,1,1,1,0,0,0,1,0,0,1,0,0,1,0
0.00349124,0,0,0,0,1,0,0,0,1,0,0,1,0,0,1,0
0.00349127,1,1,1,1,1,1,1,1,1,0,0,1,0,0,1,0
0.00349131,0,1,1,0,1,0,0,0,1,0,0,1,0,0,1,0
0.00349132,0,0,1,0,1,0,0,0,1,0,0,1,0,0,1,0
0.00349138,0,0,1,1,1,0,0,0,1,0,0,1,0,0,1,0
0.00349139,0,0,1,0,1,0,0,0,1,0,0,1,0,0,1,0
0.00349168,0,0,1,0,1,0,0,0,0,0,0,0,0,0,0,0
0.0034917,0,0,1,0,1,0,0,0,0,0,1,0,1,0,0,0
0.00349224,1,1,1,1,1,1,1,1,0,0,1,0,1,0,0,0
0.00349229,1,0,1,1,0,0,1,0,0,0,1,0,1,0,0,0
0.00349233,1,1,1,1,0,1,1,0,0,0,1,0,1,0,0,0
0.00349234,1,1,1,1,0,1,1,1,0,0,1,0,1,0,0,0
0.00349235,1,0,1,1,0,0,1,0,0,0,1,0,1,0,0,0
0.0034932,1,1,1,1,1,1,1,1,0,0,1,0,1,0,0,0
0.00349321,1,1,1,1,1,1,1,0,0,0,1,0,1,0,0,0
0.00349322,1,1,1,1,1,1,1,1,0,0,1,0,1,0,0,0
0.00349326,1,1,0,1,0,0,0,0,0,0,1,0,1,0,0,0
0.0034933,1,1,1,1,0,1,0,0,0,0,1,0,1,0,0,0
0.00349331,1,1,1,1,1,1,1,1,0,0,1,0,1,0,0,0
0.00349332,1,1,0,1,0,1,0,0,0,0,1,0,1,0,0,0
0.00349333,1,1,0,1,0,0,0,0,0,0,1,0,1,0,0,0
0.00349419,1,1,1,1,1,1,0,0,0,0,1,0,1,0,0,0
0.0034942,1,1,1,1,1,1,0,1,0,0,1,0,1,0,0,0
0.00349421,1,1,1,1,1,1,1,1,0,0,1,0,1,0,0,0
0.00349423,1,1,1,1,0,1,1,1,0,0,1,0,1,0,0,0
0.00349424,1,1,1,0,0,0,0,1,0,0,1,0,1,0,0,0
0.00349429,1,1,1,0,0,1,0,1,0,0,1,0,1,0,0,0
0.0034943,1,1,1,0,0,0,0,1,0,0,1,0,1,0,0,0
0.00349461,1,1,1,0,0,0,0,1,0,0,1,0,0,0,0,0
0.00349462,1,1,1,0,0,0,0,1,1,1,1,0,0,0,0,1
0.00349516,1,1,1,0,0,1,0,1,1,1,1,0,0,0,0,1
0.00349517,1,1,1,1,1,1,1,1,1,1,1,0,0,0,0,1
0.00349519,1,0,1,1,1,1,1,1,1,1,1,0,0,0,0,1
0.0034952,1,0,1,1,0,0,1,1,1,1,1,0,0,0,0,1
0.00349521,1,0,1,1,0,0,1,0,1,1,1,0,0,0,0,1
0.00349614,1,1,1,1,0,0,1,0,1,1,1,0,0,0,0,1
0.00349616,1,1,0,1,0,0,0,0,1,1,1,0,0,0,0,1
0.00349619,1,1,1,1,0,1,0,1,1,1,1,0,0,0,0,1
0.0034962,1,1,1,1,1,1,1,1,1,1,1,0,0,0,0,1
0.00349622,0,1,1,0,1,1,0,0,1,1,1,0,0,0,0,1
0.00349623,0,1,0,0,0,1,0,0,1,1,1,0,0,0,0,1
0.00349656,0,1,0,0,0,1,0,0,1,1,1,0,0,0,0,0
0.00349657,0,1,0,0,0,1,0,0,0,1,0,0,0,0,0,0
0.00349658,0,1,0,0,0,1,0,0,0,1,0,0,0,1,0,0
0.00349712,1,1,1,1,1,1,0,0,0,1,0,0,0,1,0,0
0.00349713,1,1,1,1,1,1,0,1,0,1,0,0,0,1,0,0
0.00349714,1,1,1,1,1,1,1,1,0,1,0,0,0,1,0,0
0.00349718,0,0,0,0,1,0,1,0,0,1,0,0,0,1,0,0
0.00349722,0,0,1,0,1,0,1,0,0,1,0,0,0,1,0,0
0.00349723,1,0,1,1,1,1,1,0,0,1,0,0,0,1,0,0
0.00349724,1,1,1,1,1,1,1,0,0,1,0,0,0,1,0,0
0.00349725,0,0,1,0,1,0,1,0,0,1,0,0,0,1,0,0
0.00349726,0,0,0,0,1,0,1,0,0,1,0,0,0,1,0,0
0.00349807,0,1,0,0,1,0,1,0,0,1,0,0,0,1,0,0
0.00349808,0,1,0,0,1,0,1,1,0,1,0,0,0,1,0,0
0.0034981,0,1,1,0,1,1,1,1,0,1,0,0,0,1,0,0
0.00349811,1,1,1,1,1,1,1,1,0,1,0,0,0,1,0,0
0.00349813,1,1,1,1,0,0,0,1,0,1,0,0,0,1,0,0
0.00349814,0,0,0,0,0,0,0,1,0,1,0,0,0,1,0,0
0.00349819,1,1,1,1,0,1,0,1,0,1,0,0,0,1,0,0
0.0034982,1,0,1,1,0,1,0,1,0,1,0,0,0,1,0,0
0.00349821,0,0,0,0,0,0,0,1,0,1,0,0,0,1,0,0
0.00349905,1,1,1,1,0,0,0,1,0,1,0,0,0,1,0,0
0.00349906,1,1,1,1,0,1,1,1,0,1,0,0,0,1,0,0
0.00349907,1,1,1,1,1,1,1,0,0,1,0,0,0,1,0,0
0.00349908,1,0,1,1,0,0,1,0,0,1,0,0,0,1,0,0
0.00350009,1,1,1,1,1,1,1,1,0,1,0,0,0,1,0,0
0.00350014,0,0,0,1,0,0,1,1,0,1,0,0,0,1,0,0
0.00350015,0,0,0,1,0,0,0,1,0,1,0,0,0,1,0,0
0.00350019,0,0,0,1,0,1,0,1,0,1,0,0,0,1,0,0
0.0035002,0,0,1,1,0,1,0,1,0,1,0,0,0,1,0,0
0.00350021,0,0,0,1,0,0,0,1,0,1,0,0,0,1,0,0
0.00350047,0,0,0,1,0,0,0,1,0,0,0,0,0,0,0,0
0.00350048,0,0,0,1,0,0,0,1,0,0,0,1,0,0,0,1
0.00350055,0,0,0,1,0,0,0,1,0,0,0,1,0,0,0,0
0.00350056,0,0,0,1,0,0,0,1,0,0,0,1,0,0,0,1
0.003501,0,1,0,1,0,0,0,1,0,0,0,1,0,0,0,1
0.00350101,0,0,0,1,0,0,0,1,0,0,0,1,0,0,0,1
0.00350102,0,0,1,1,0,1,0,1,0,0,0,1,0,0,0,1
0.00350103,1,1,1,1,1,1,1,1,0,0,0,1,0,0,0,1
0.00350107,1,1,0,1,0,0,0,0,0,0,0,1,0,0,0,1
0.00350111,1,1,1,1,0,1,0,0,0,0,0,1,0,0,0,1
0.00350112,1,1,1,1,0,1,1,0,0,0,0,1,0,0,0,1
0.00350113,1,1,1,1,0,1,0,0,0,0,0,1,0,0,0,1
0.00350114,1,1,0,1,0,0,0,0,0,0,0,1,0,0,0,1
0.00350204,1,1,0,1,0,1,0,0,0,0,0,1,0,0,0,1
0.00350206,0,1,1,0,1,1,1,1,0,0,0,1,0,0,0,1
0.00350207,0,1,0,0,0,1,1,1,0,0,0,1,0,0,0,1
0.00350208,0,1,0,0,0,1,0,0,0,0,0,1,0,0,0,1
0.00350212,0,1,1,0,0,1,1,0,0,0,0,1,0,0,0,1
0.00350213,0,1,1,0,0,1,0,0,0,0,0,1,0,0,0,1
0.00350214,0,1,0,0,0,1,0,0,0,0,0,1,0,0,0,1
0.00350242,0,1,0,0,0,1,0,0,0,0,0,0,0,0,0,0
0.00350243,0,1,0,0,0,1,0,0,0,1,0,0,0,1,0,0
0.00350298,1,1,1,1,1,1,1,1,0,1,0,0,0,1,0,0
0.00350303,1,0,0,0,1,0,1,0,0,1,0,0,0,1,0,0
0.00350308,1,0,1,0,1,1,1,1,0,1,0,0,0,1,0,0
0.0035031,1,0,0,0,1,0,1,0,0,1,0,0,0,1,0,0
0.00350393,1,1,1,1,1,0,1,0,0,1,0,0,0,1,0,0
0.00350394,1,1,1,1,1,1,1,1,0,1,0,0,0,1,0,0
0.003504,0,0,0,0,0,0,0,1,0,1,0,0,0,1,0,0
0.00350404,0,1,1,0,0,1,0,1,0,1,0,0,0,1,0,0
0.00350405,1,1,1,1,0,1,0,1,0,1,0,0,0,1,0,0
0.00350407,0,1,1,1,0,1,0,1,0,1,0,0,0,1,0,0
0.00350408,0,0,1,0,0,0,0,1,0,1,0,0,0,1,0,0
0.00350409,0,0,0,0,0,0,0,1,0,1,0,0,0,1,0,0
0.00350413,0,0,1,0,0,1,0,1,0,1,0,0,0,1,0,0
0.00350415,0,0,1,0,0,0,0,1,0,1,0,0,0,1,0,0
0.00350416,0,0,0,0,0,0,0,1,0,1,0,0,0,1,0,0
0.0035049,1,1,1,1,0,0,0,1,0,1,0,0,0,1,0,0
0.00350492,1,1,1,1,1,1,1,0,0,1,0,0,0,1,0,0
0.00350494,1,1,0,1,0,0,0,0,0,1,0,0,0,1,0,0
0.00350498,1,1,1,1,0,1,0,0,0,1,0,0,0,1,0,0
0.003505,1,1,0,1,0,0,0,0,0,1,0,0,0,1,0,0
0.00350594,1,1,0,1,0,1,1,0,0,1,0,0,0,1,0,0
0.00350595,1,1,1,1,1,1,1,1,0,1,0,0,0,1,0,0
0.003506,0,0,1,0,1,0,0,0,0,1,0,0,0,1,0,0
0.00350605,1,1,1,1,1,1,0,0,0,1,0,0,0,1,0,0
0.00350606,1,1,1,1,1,1,1,0,0,1,0,0,0,1,0,0
0.00350607,1,1,1,1,1,1,0,0,0,1,0,0,0,1,0,0
0.00350608,0,0,1,0,1,0,0,0,0,1,0,0,0,1,0,0
0.00350633,0,0,1,0,1,0,0,0,0,0,0,0,0,0,0,0
0.00350634,0,0,1,0,1,0,0,0,0,0,1,0,1,0,0,0
0.00350686,1,0,1,0,1,0,0,0,0,0,1,0,1,0,0,0
0.00350687,1,1,1,1,1,0,0,0,0,0,1,0,1,0,0,0
0.00350688,1,1,1,1,1,1,1,1,0,0,1,0,1,0,0,0
0.00350791,0,0,0,0,0,0,0,1,0,0,1,0,1,0,0,0
0.00350795,1,1,1,1,0,1,1,1,0,0,1,0,1,0,0,0
0.00350799,1,1,1,1,0,1,0,1,0,0,1,0,1,0,0,0
0.003508,0,0,0,0,0,0,0,1,0,0,1,0,1,0,0,0
0.00350803,1,0,0,1,0,0,0,1,0,0,1,0,1,0,0,0
0.00350804,1,1,1,1,0,1,0,1,0,0,1,0,1,0,0,0
0.00350806,1,1,0,1,0,1,0,1,0,0,1,0,1,0,0,0
0.00350807,1,1,0,1,0,0,0,1,0,0,1,0,1,0,0,0
0.00350808,1,0,0,1,0,0,0,1,0,0,1,0,1,0,0,0
0.00350811,1,1,0,1,0,0,0,1,0,0,1,0,1,0,0,0
0.00350815,1,0,0,1,0,0,0,1,0,0,1,0,1,0,0,0
0.00350818,1,1,0,1,0,0,0,1,0,0,1,0,1,0,0,0
0.00350819,1,0,0,1,0,0,0,1,0,0,1,0,1,0,0,0
0.00350821,1,1,0,1,0,0,0,1,0,0,1,0,1,0,0,0
0.00350823,1,0,0,1,0,0,0,1,0,0,1,0,1,0,0,0
0.00350826,1,1,0,1,0,0,0,1,0,0,1,0,1,0,0,0
0.00350828,1,0,0,1,0,0,0,1,0,0,1,0,1,0,0,0
0.00350849,0,0,0,1,0,0,0,1,0,0,1,0,1,0,0,0
0.0035085,1,0,0,1,0,0,0,1,0,0,1,0,1,0,0,0
0.00350856,0,0,0,1,0,0,0,1,0,0,1,0,1,0,0,0
0.00350857,1,0,0,1,0,0,0,1,0,0,1,0,1,0,0,0
0.00350867,0,0,0,1,0,0,0,1,0,0,1,0,1,0,0,0
0.00350868,1,0,0,1,0,0,0,1,0,0,1,0,1,0,0,0
0.00350869,0,0,0,1,0,0,0,1,0,0,1,0,1,0,0,0
0.0035087,1,0,0,1,0,0,0,1,0,0,1,0,1,0,0,0
0.00350874,0,0,0,1,0,0,0,1,0,0,1,0,1,0,0,0
0.00350875,0,0,0,0,0,0,0,1,0,0,1,0,1,0,0,0
0.00350876,1,0,0,1,0,0,0,1,0,0,1,0,1,0,0,0
0.00350877,0,0,0,0,0,0,0,1,0,0,1,0,1,0,0,0
0.00350879,1,0,0,1,0,0,0,1,0,0,1,0,1,0,0,0
0.0035088,0,0,0,0,0,0,0,1,0,0,1,0,1,0,0,0
0.00350881,1,1,1,1,0,0,0,1,0,0,1,0,1,0,0,0
0.00350883,1,1,1,1,1,1,0,1,0,0,1,0,1,0,0,0
0.00350884,1,1,1,1,1,1,1,1,0,0,1,0,1,0,0,0
0.00350888,0,0,1,1,1,1,1,0,0,0,1,0,1,0,0,0
0.00350889,0,0,1,1,1,1,0,0,0,0,1,0,1,0,0,0
0.00350892,1,1,1,1,1,1,1,0,0,0,1,0,1,0,0,0
0.00350895,0,0,1,1,1,1,0,0,0,0,1,0,1,0,0,0
0.00350899,1,0,1,1,1,1,0,0,0,0,1,0,1,0,0,0
0.003509,1,1,1,1,1,1,0,0,0,0,1,0,1,0,0,0
0.00350902,0,0,1,1,1,1,0,0,0,0,1,0,1,0,0,0
0.00350926,0,0,1,1,1,1,0,0,0,0,1,1,1,1,0,0
0.00350978,1,1,1,1,1,1,0,0,0,0,1,1,1,1,0,0
0.0035098,1,1,1,1,1,1,1,1,0,0,1,1,1,1,0,0
0.00350987,0,0,0,0,1,0,1,0,0,0,1,1,1,1,0,0
0.0035099,1,1,0,0,1,0,1,0,0,0,1,1,1,1,0,0
0.00350991,1,1,1,1,1,1,1,1,0,0,1,1,1,1,0,0
0.00350994,1,1,1,1,1,1,1,0,0,0,1,1,1,1,0,0
0.00350995,1,0,0,0,1,0,1,0,0,0,1,1,1,1,0,0
0.00350996,0,0,0,0,1,0,1,0,0,0,1,1,1,1,0,0
0.00350998,1,0,0,1,1,0,1,0,0,0,1,1,1,1,0,0
0.00350999,1,1,1,1,1,1,1,0,0,0,1,1,1,1,0,0
0.00351003,0,0,0,1,1,0,1,0,0,0,1,1,1,1,0,0
0.00351004,0,0,0,0,1,0,1,0,0,0,1,1,1,1,0,0
0.00351006,1,0,1,1,1,0,1,0,0,0,1,1,1,1,0,0
0.00351007,1,1,1,1,1,1,1,0,0,0,1,1,1,1,0,0
0.0035101,1,0,1,1,1,0,1,0,0,0,1,1,1,1,0,0
0.00351016,1,0,1,1,1,1,1,0,0,0,1,1,1,1,0,0
0.00351018,0,0,1,1,1,0,1,0,0,0,1,1,1,1,0,0
0.00351019,0,0,0,1,1,0,1,0,0,0,1,1,1,1,0,0
0.0035102,0,0,1,1,1,0,1,0,0,0,1,1,1,1,0,0
0.00351021,1,0,1,1,1,0,1,0,0,0,1,1,1,1,0,0
0.00351022,0,0,1,1,1,1,1,0,0,0,1,1,1,1,0,0
0.00351023,1,0,1,1,1,0,1,0,0,0,1,1,1,1,0,0
0.00351024,0,0,1,1,1,0,1,0,0,0,1,1,1,1,0,0
0.00351025,1,0,1,1,1,1,1,0,0,0,1,1,1,1,0,0
0.00351026,0,0,1,1,1,0,1,0,0,0,1,1,1,1,0,0
0.00351027,0,0,0,1,1,0,1,0,0,0,1,1,1,1,0,0
0.00351028,0,0,1,1,1,0,1,0,0,0,1,1,1,1,0,0
0.00351029,0,0,1,1,1,1,1,0,0,0,1,1,1,1,0,0
0.0035103,0,0,1,1,1,0,1,0,0,0,1,1,1,1,0,0
0.00351035,0,0,0,1,1,0,1,0,0,0,1,1,1,1,0,0
0.00351036,0,0,1,1,1,0,1,0,0,0,1,1,1,1,0,0
0.00351046,0,0,0,1,1,0,1,0,0,0,1,1,1,1,0,0
0.00351048,0,0,1,1,1,0,1,0,0,0,1,1,1,1,0,0
0.0035105,0,0,0,1,1,0,1,0,0,0,1,1,1,1,0,0
0.00351056,0,0,1,1,1,0,1,0,0,0,1,1,1,1,0,0
0.00351057,0,0,0,1,1,0,1,0,0,0,1,1,1,1,0,0
0.00351059,0,0,0,0,1,0,1,0,0,0,1,1,1,1,0,0
0.00351061,0,0,0,1,1,0,1,0,0,0,1,1,1,1,0,0
0.00351064,0,0,0,0,1,0,1,0,0,0,1,1,1,1,0,0
0.00351067,0,0,0,1,1,0,1,0,0,0,1,1,1,1,0,0
0.00351069,0,0,0,0,1,0,1,0,0,0,1,1,1,1,0,0
0.0035107,0,0,0,1,1,0,1,0,0,0,1,1,1,1,0,0
0.00351072,0,0,0,0,1,0,1,0,0,0,1,1,1,1,0,0
0.00351077,1,1,1,1,1,0,1,0,0,0,1,1,1,1,0,0
0.00351078,1,1,1,1,1,1,1,1,0,0,1,1,1,1,0,0
0.00351082,0,0,0,0,0,0,0,1,0,0,1,1,1,1,0,0
0.00351086,0,0,1,1,0,1,0,1,0,0,1,1,1,1,0,0
0.00351087,1,1,1,1,0,1,0,1,0,0,1,1,1,1,0,0
0.00351088,1,1,1,1,1,1,1,1,0,0,1,1,1,1,0,0
0.00351089,1,1,1,1,0,1,1,1,0,0,1,1,1,1,0,0
0.0035109,1,0,1,1,0,1,0,1,0,0,1,1,1,1,0,0
0.00351091,0,0,0,0,0,0,0,1,0,0,1,1,1,1,0,0
0.00351094,0,0,0,0,0,1,0,1,0,0,1,1,1,1,0,0
0.00351095,0,0,1,1,0,1,0,1,0,0,1,1,1,1,0,0
0.00351099,0,0,0,0,0,1,0,1,0,0,1,1,1,1,0,0
0.00351103,0,0,1,0,0,1,0,1,0,0,1,1,1,1,0,0
0.00351106,0,0,0,0,0,1,0,1,0,0,1,1,1,1,0,0
0.00351132,0,0,0,0,0,0,0,1,0,0,1,1,1,1,0,0
0.00351135,0,0,0,0,0,1,0,1,0,0,1,1,1,1,0,0
0.00351136,0,0,0,0,0,0,0,1,0,0,1,1,1,1,0,0
0.00351143,0,0,0,0,0,1,0,1,0,0,1,1,1,1,0,0
0.00351144,0,0,0,0,0,0,0,1,0,0,1,1,1,1,0,0
0.00351176,0,0,1,1,0,1,0,1,0,0,1,1,1,1,0,0
0.00351177,1,1,1,1,1,1,1,1,0,0,1,1,1,1,0,0
0.00351181,1,1,1,1,0,0,1,0,0,0,1,1,1,1,0,0
0.00351182,1,0,1,1,0,0,1,0,0,0,1,1,1,1,0,0
0.00351185,1,1,1,1,0,1,1,1,0,0,1,1,1,1,0,0
0.00351186,1,1,1,1,1,1,1,1,0,0,1,1,1,1,0,0
0.00351188,1,1,1,1,0,1,1,0,0,0,1,1,1,1,0,0
0.00351189,1,0,1,1,0,0,1,0,0,0,1,1,1,1,0,0
0.00351192,1,0,1,1,0,1,1,0,0,0,1,1,1,1,0,0
0.00351193,1,1,1,1,0,1,1,0,0,0,1,1,1,1,0,0
0.00351196,1,0,1,1,0,1,1,0,0,0,1,1,1,1,0,0
0.00351222,1,0,1,1,0,0,1,0,0,0,1,1,1,1,0,0
0.00351223,1,0,1,1,0,1,1,0,0,0,1,1,1,1,0,0
0.00351232,1,0,1,1,0,0,1,0,0,0,1,1,1,1,0,0
0.00351234,1,0,1,1,0,1,1,0,0,0,1,1,1,1,0,0
0.00351235,1,0,1,1,0,0,1,0,0,0,1,1,1,1,0,0
0.0035127,1,0,1,1,0,1,1,0,0,0,1,1,1,1,0,0
0.00351272,1,1,1,1,0,1,1,1,0,0,1,1,1,1,0,0
0.00351274,1,0,1,1,0,0,1,0,0,0,1,1,1,1,0,0
0.00351278,1,0,1,1,1,0,1,0,0,0,1,1,1,1,0,0
0.00351279,1,1,1,1,1,1,1,1,0,0,1,1,1,1,0,0
0.0035128,1,1,0,0,1,1,1,1,0,0,1,1,1,1,0,0
0.00351281,1,0,0,0,1,0,1,0,0,0,1,1,1,1,0,0
0.00351285,1,1,0,0,1,1,1,1,0,0,1,1,1,1,0,0
0.00351287,1,1,0,0,1,1,1,0,0,0,1,1,1,1,0,0
0.00351288,1,0,0,0,1,0,1,0,0,0,1,1,1,1,0,0
0.00351293,1,0,0,0,1,1,1,0,0,0,1,1,1,1,0,0
0.00351295,1,0,0,0,1,0,1,0,0,0,1,1,1,1,0,0
0.0035137,1,0,1,1,1,0,1,0,0,0,1,1,1,1,0,0
0.00351371,1,1,1,1,1,0,1,0,0,0,1,1,1,1,0,0
0.00351372,1,1,1,1,1,1,1,1,0,0,1,1,1,1,0,0
0.00351376,0,0,1,0,0,1,0,1,0,0,1,1,1,1,0,0
0.00351377,0,0,0,0,0,0,0,1,0,0,1,1,1,1,0,0
0.0035138,0,1,1,1,0,1,0,1,0,0,1,1,1,1,0,0
0.00351381,1,1,1,1,0,1,1,1,0,0,1,1,1,1,0,0
0.00351382,1,1,1,1,1,1,1,1,0,0,1,1,1,1,0,0
0.00351383,1,1,1,1,0,1,1,1,0,0,1,1,1,1,0,0
0.00351384,1,1,1,1,0,1,0,1,0,0,1,1,1,1,0,0
0.00351385,0,0,0,0,0,0,0,1,0,0,1,1,1,1,0,0
0.00351388,0,0,0,0,0,1,0,1,0,0,1,1,1,1,0,0
0.00351389,0,1,1,1,0,1,0,1,0,0,1,1,1,1,0,0
0.00351392,0,0,1,1,0,1,0,1,0,0,1,1,1,1,0,0
0.00351393,0,0,0,0,0,1,0,1,0,0,1,1,1,1,0,0
0.00351395,0,0,0,0,0,0,0,1,0,0,1,1,1,1,0,0
0.00351396,0,0,0,0,0,1,0,1,0,0,1,1,1,1,0,0
0.00351397,0,0,1,0,0,1,0,1,0,0,1,1,1,1,0,0
0.00351399,0,0,0,0,0,1,0,1,0,0,1,1,1,1,0,0
0.00351417,0,0,0,0,0,0,0,1,0,0,1,1,1,1,0,0
0.00351419,0,0,0,0,0,1,0,1,0,0,1,1,1,1,0,0
0.00351422,0,0,0,0,0,0,0,1,0,0,1,1,1,1,0,0
0.00351423,0,0,0,0,0,1,0,1,0,0,1,1,1,1,0,0
0.00351425,0,0,0,0,0,0,0,1,0,0,1,1,1,1,0,0
0.00351467,1,1,1,1,0,1,1,1,0,0,1,1,1,1,0,0
0.00351468,1,1,1,1,1,1,1,1,0,0,1,1,1,1,0,0
0.00351475,1,1,1,1,0,1,1,0,0,0,1,1,1,1,0,0
0.00351476,1,1,0,1,0,0,0,0,0,0,1,1,1,1,0,0
0.0035148,1,1,1,1,1,1,1,0,0,0,1,1,1,1,0,0
0.00351482,1,1,1,1,0,1,0,0,0,0,1,1,1,1,0,0
0.00351483,1,1,0,1,0,0,0,0,0,0,1,1,1,1,0,0
0.00351488,1,1,1,1,0,1,0,0,0,0,1,1,1,1,0,0
0.00351489,1,1,0,1,0,0,0,0,0,0,1,1,1,1,0,0
0.00351566,1,1,1,1,1,1,1,0,0,0,1,1,1,1,0,0
0.00351567,1,1,1,1,1,1,1,1,0,0,1,1,1,1,0,0
0.0035157,1,1,0,1,0,0,0,0,0,0,1,1,1,1,0,0
0.00351575,1,1,1,1,0,0,0,0,0,0,1,1,1,1,0,0
0.00351576,1,1,0,1,0,0,0,0,0,0,1,1,1,1,0,0
0.00351665,1,1,1,1,0,0,1,0,0,0,1,1,1,1,0,0
0.00351666,1,0,1,1,0,0,1,0,0,0,1,1,1,1,0,0
0.00351762,1,0,1,1,0,1,1,0,0,0,1,1,1,1,0,0
0.00351763,1,0,1,1,1,1,1,0,0,0,1,1,1,1,0,0
0.00351764,1,1,1,1,1,1,1,1,0,0,1,1,1,1,0,0
0.00351862,0,0,0,1,1,0,1,0,0,0,1,1,1,1,0,0
0.00351865,1,1,1,1,1,1,1,1,0,0,1,1,1,1,0,0
0.00351871,1,1,1,1,0,1,1,1,0,0,1,1,1,1,0,0
0.00351872,0,1,1,0,0,1,0,1,0,0,1,1,1,1,0,0
0.00351876,1,1,1,0,0,1,0,1,0,0,1,1,1,1,0,0
0.00351878,0,1,1,0,0,1,0,1,0,0,1,1,1,1,0,0
0.00351902,0,1,1,0,0,1,0,1,0,0,1,0,0,1,0,0
0.00351903,0,1,1,0,0,1,0,1,0,1,1,0,0,1,0,1
0.0035191,1,1,1,0,0,1,0,1,0,1,1,0,0,1,0,0
0.00351911,1,1,1,0,0,1,0,1,0,1,1,0,0,1,0,1
0.00351912,1,1,1,1,0,1,0,1,1,1,1,0,0,1,0,1
0.00351913,1,1,1,1,0,1,0,1,1,1,1,1,0,1,0,1
0.00351914,0,1,1,1,1,1,1,1,0,1,1,0,0,1,0,1
0.00351915,0,1,1,0,0,1,0,1,0,1,1,0,0,1,0,1
0.00351919,1,1,1,0,0,1,0,1,0,1,1,0,0,1,0,1
0.00351921,0,1,1,0,0,1,0,1,0,1,1,0,0,1,0,1
0.00351957,1,1,1,1,1,1,0,1,0,1,1,0,0,1,0,1
0.00351958,1,1,1,1,1,1,1,1,0,1,1,0,0,1,0,1
0.00351962,0,0,0,0,1,0,1,0,0,1,1,0,0,1,0,1
0.00351966,1,0,0,0,1,1,1,0,0,1,1,0,0,1,0,1
0.00351967,1,0,1,1,1,1,1,1,0,1,1,0,0,1,0,1
0.00351968,1,1,1,1,1,1,1,1,0,1,1,0,0,1,0,1
0.00351969,1,0,1,1,1,1,1,1,0,1,1,0,0,1,0,1
0.0035197,1,0,0,0,1,1,1,0,0,1,1,0,0,1,0,1
0.00351971,0,0,0,0,1,0,1,0,0,1,1,0,0,1,0,1
0.00351975,1,0,0,0,1,1,1,0,0,1,1,0,0,1,0,1
0.00351977,0,0,0,0,1,0,1,0,0,1,1,0,0,1,0,1
0.00352053,1,1,1,1,1,0,1,0,0,1,1,0,0,1,0,1
0.00352054,1,1,1,1,1,1,1,1,0,1,1,0,0,1,0,1
0.00352061,0,0,1,1,0,1,0,1,0,1,1,0,0,1,0,1
0.00352062,0,0,0,0,0,0,0,1,0,1,1,0,0,1,0,1
0.00352065,1,1,1,1,0,1,0,1,0,1,1,0,0,1,0,1
0.00352066,1,1,1,1,0,1,1,1,0,1,1,0,0,1,0,1
0.00352068,1,1,1,1,0,1,0,1,0,1,1,0,0,1,0,1
0.00352069,1,0,1,1,0,1,0,1,0,1,1,0,0,1,0,1
0.0035207,0,0,0,0,0,0,0,1,0,1,1,0,0,1,0,1
0.00352073,0,0,1,0,0,1,0,1,0,1,1,0,0,1,0,1
0.00352074,1,0,1,1,0,1,0,1,0,1,1,0,0,1,0,1
0.00352075,1,1,1,1,0,1,0,1,0,1,1,0,0,1,0,1
0.00352076,1,0,1,1,0,1,0,1,0,1,1,0,0,1,0,1
0.00352077,0,0,1,0,0,1,0,1,0,1,1,0,0,1,0,1
0.00352078,0,0,0,0,0,0,0,1,0,1,1,0,0,1,0,1
0.00352081,0,0,1,0,0,1,0,1,0,1,1,0,0,1,0,1
0.0035209,0,0,0,0,0,1,0,1,0,1,1,0,0,1,0,1
0.00352091,0,0,1,0,0,1,0,1,0,1,1,0,0,1,0,1
0.00352093,0,0,0,0,0,0,0,1,0,1,1,0,0,1,0,1
0.00352095,0,0,1,0,0,1,0,1,0,1,1,0,0,1,0,1
0.00352096,0,0,0,0,0,0,0,1,0,1,1,0,0,1,0,1
0.00352098,0,0,1,0,0,1,0,1,0,1,1,0,0,1,0,1
0.003521,0,0,0,0,0,0,0,1,0,1,1,0,0,1,0,1
0.00352152,1,1,1,1,0,1,0,1,0,1,1,0,0,1,0,1
0.00352153,1,1,1,1,1,1,1,1,0,1,1,0,0,1,0,1
0.00352158,0,0,0,0,0,0,1,0,0,1,1,0,0,1,0,1
0.00352161,0,0,1,1,0,1,1,0,0,1,1,0,0,1,0,1
0.00352162,1,1,1,1,0,1,1,1,0,1,1,0,0,1,0,1
0.00352163,1,1,1,1,1,1,1,1,0,1,1,0,0,1,0,1
0.00352165,1,1,1,1,0,1,1,1,0,1,1,0,0,1,0,1
0.00352166,1,1,1,1,0,1,1,0,0,1,1,0,0,1,0,1
0.00352167,0,0,1,0,0,1,1,0,0,1,1,0,0,1,0,1
0.00352168,0,0,0,0,0,0,1,0,0,1,1,0,0,1,0,1
0.00352169,0,0,1,1,0,1,1,0,0,1,1,0,0,1,0,1
0.0035217,1,1,1,1,0,1,1,0,0,1,1,0,0,1,0,1
0.00352171,1,1,1,1,0,1,1,1,0,1,1,0,0,1,0,1
0.00352172,1,1,1,1,0,1,1,0,0,1,1,0,0,1,0,1
0.00352176,0,0,1,1,0,1,1,0,0,1,1,0,0,1,0,1
0.00352177,1,0,1,1,0,1,1,0,0,1,1,0,0,1,0,1
0.00352178,1,1,1,1,0,1,1,0,0,1,1,0,0,1,0,1
0.0035219,0,0,1,1,0,1,1,0,0,1,1,0,0,1,0,1
0.00352193,1,1,1,1,0,1,1,0,0,1,1,0,0,1,0,1
0.00352196,1,0,1,1,0,1,1,0,0,1,1,0,0,1,0,1
0.00352198,0,0,1,1,0,1,1,0,0,1,1,0,0,1,0,1
0.00352201,1,0,1,1,0,1,1,0,0,1,1,0,0,1,0,1
0.00352202,0,0,1,1,0,1,1,0,0,1,1,0,0,1,0,1
0.00352236,0,0,1,0,0,1,1,0,0,1,1,0,0,1,0,1
0.00352237,0,0,1,1,0,1,1,0,0,1,1,0,0,1,0,1
0.00352242,0,0,1,0,0,1,1,0,0,1,1,0,0,1,0,1
0.00352247,0,0,1,1,0,1,1,0,0,1,1,0,0,1,0,1
0.00352248,1,1,1,1,0,1,1,1,0,1,1,0,0,1,0,1
0.00352249,1,1,1,1,1,1,1,1,0,1,1,0,0,1,0,1
0.00352352,0,0,0,0,0,0,1,0,0,1,1,0,0,1,0,1
0.00352355,0,1,1,1,0,1,1,1,0,1,1,0,0,1,0,1
0.00352356,1,1,1,1,1,1,1,1,0,1,1,0,0,1,0,1
0.00352359,1,1,1,1,0,1,1,0,0,1,1,0,0,1,0,1
0.0035236,0,0,1,1,0,1,1,0,0,1,1,0,0,1,0,1
0.00352361,0,0,0,0,0,0,1,0,0,1,1,0,0,1,0,1
0.00352363,0,0,1,1,0,1,1,0,0,1,1,0,0,1,0,1
0.00352364,1,1,1,1,0,1,1,0,0,1,1,0,0,1,0,1
0.00352365,1,1,1,1,0,1,1,1,0,1,1,0,0,1,0,1
0.00352366,1,1,1,1,0,1,1,0,0,1,1,0,0,1,0,1
0.00352367,0,0,1,1,0,1,1,0,0,1,1,0,0,1,0,1
0.00352373,1,1,1,1,0,1,1,0,0,1,1,0,0,1,0,1
0.00352374,0,0,1,1,0,1,1,0,0,1,1,0,0,1,0,1
0.00352416,0,0,1,0,0,0,1,0,0,1,1,0,0,1,0,1
0.00352417,0,0,1,1,0,1,1,0,0,1,1,0,0,1,0,1
0.00352421,0,0,1,0,0,0,1,0,0,1,1,0,0,1,0,1
0.00352427,0,0,1,1,0,0,1,0,0,1,1,0,0,1,0,1
0.00352428,0,0,1,0,0,0,1,0,0,1,1,0,0,1,0,1
0.00352434,0,0,1,1,0,0,1,0,0,1,1,0,0,1,0,1
0.00352435,0,0,1,0,0,0,1,0,0,1,1,0,0,1,0,1
0.00352438,0,0,0,0,0,0,1,0,0,1,1,0,0,1,0,1
0.0035244,0,0,1,0,0,0,1,0,0,1,1,0,0,1,0,1
0.00352441,0,0,0,0,0,0,1,0,0,1,1,0,0,1,0,1
0.00352444,0,0,1,0,0,0,1,0,0,1,1,0,0,1,0,1
0.00352445,0,0,1,1,0,1,1,0,0,1,1,0,0,1,0,1
0.00352446,0,0,1,1,0,0,1,0,0,1,1,0,0,1,0,1
0.00352447,0,0,0,0,0,0,1,0,0,1,1,0,0,1,0,1
0.00352449,0,0,1,1,0,0,1,0,0,1,1,0,0,1,0,1
0.0035245,0,0,1,0,0,0,1,0,0,1,1,0,0,1,0,1
0.00352451,0,0,0,0,0,0,1,0,0,1,1,0,0,1,0,1
0.00352453,0,1,1,0,0,0,1,0,0,1,1,0,0,1,0,1
0.00352455,0,1,1,1,0,1,1,1,0,1,1,0,0,1,0,1
0.00352456,1,1,1,1,1,1,0,1,0,1,1,0,0,1,0,1
0.00352457,1,1,1,1,0,1,0,1,0,1,1,0,0,1,0,1
0.00352458,0,1,1,0,0,1,0,1,0,1,1,0,0,1,0,1
0.00352464,0,1,1,1,0,1,0,1,0,1,1,0,0,1,0,1
0.00352465,0,1,1,0,0,1,0,1,0,1,1,0,0,1,0,1
0.00352488,0,1,1,0,0,1,0,1,0,1,1,0,0,1,0,0
0.00352489,0,1,1,0,0,1,0,1,0,1,1,0,0,1,0,1
0.00352496,0,1,1,0,0,1,0,1,0,1,1,0,0,1,0,0
0.00352497,0,1,1,0,0,1,1,1,0,1,1,0,0,1,0,1
0.00352498,0,1,1,0,0,1,1,1,0,1,1,0,0,1,1,1
0.00352499,1,1,1,1,1,1,1,1,0,1,1,0,0,1,1,1
0.003525,1,1,1,1,1,1,0,1,0,1,1,0,0,1,0,1
0.00352501,0,1,1,0,0,1,0,1,0,1,1,0,0,1,0,1
0.00352505,1,1,1,1,0,1,0,1,0,1,1,0,0,1,0,1
0.00352507,0,1,1,1,0,1,0,1,0,1,1,0,0,1,0,1
0.00352508,0,1,1,0,0,1,0,1,0,1,1,0,0,1,0,1
0.00352541,1,1,1,0,0,1,0,1,0,1,1,0,0,1,0,1
0.00352542,1,1,1,1,0,1,0,1,0,1,1,0,0,1,0,1
0.00352543,1,1,1,1,1,1,0,1,0,1,1,0,0,1,0,1
0.00352544,1,1,1,1,1,1,1,1,0,1,1,0,0,1,0,1
0.00352548,1,0,0,0,1,0,1,0,0,1,1,0,0,1,0,1
0.00352552,1,0,1,1,1,1,1,1,0,1,1,0,0,1,0,1
0.00352553,1,1,1,1,1,1,1,1,0,1,1,0,0,1,0,1
0.00352555,1,0,0,1,1,1,1,0,0,1,1,0,0,1,0,1
0.00352556,1,0,0,0,1,0,1,0,0,1,1,0,0,1,0,1
0.0035256,1,0,0,1,1,0,1,0,0,1,1,0,0,1,0,1
0.00352561,1,0,0,1,1,1,1,0,0,1,1,0,0,1,0,1
0.00352562,1,0,0,1,1,0,1,0,0,1,1,0,0,1,0,1
0.00352563,1,0,0,0,1,0,1,0,0,1,1,0,0,1,0,1
0.00352639,1,1,1,1,1,0,1,0,0,1,1,0,0,1,0,1
0.0035264,1,1,1,1,1,1,1,1,0,1,1,0,0,1,0,1
0.00352646,0,0,0,0,0,0,0,1,0,1,1,0,0,1,0,1
0.0035265,0,1,1,1,0,1,0,1,0,1,1,0,0,1,0,1
0.00352651,1,1,1,1,0,1,0,1,0,1,1,0,0,1,0,1
0.00352654,0,1,1,1,0,1,0,1,0,1,1,0,0,1,0,1
0.00352655,0,0,0,0,0,0,0,1,0,1,1,0,0,1,0,1
0.00352658,0,0,1,1,0,1,0,1,0,1,1,0,0,1,0,1
0.00352659,0,1,1,1,0,1,0,1,0,1,1,0,0,1,0,1
0.00352661,0,0,1,1,0,1,0,1,0,1,1,0,0,1,0,1
0.00352663,0,0,1,1,0,0,0,1,0,1,1,0,0,1,0,1
0.00352664,0,0,1,0,0,0,0,1,0,1,1,0,0,1,0,1
0.00352666,0,0,1,1,0,1,0,1,0,1,1,0,0,1,0,1
0.0035267,0,0,1,1,0,0,0,1,0,1,1,0,0,1,0,1
0.00352671,0,0,1,1,0,1,0,1,0,1,1,0,0,1,0,1
0.00352673,0,0,1,1,0,0,0,1,0,1,1,0,0,1,0,1
0.00352674,0,0,1,0,0,0,0,1,0,1,1,0,0,1,0,1
0.00352675,0,0,1,1,0,1,0,1,0,1,1,0,0,1,0,1
0.00352678,0,0,1,0,0,0,0,1,0,1,1,0,0,1,0,1
0.00352681,0,0,1,1,0,1,0,1,0,1,1,0,0,1,0,1
0.00352682,0,0,0,0,0,0,0,1,0,1,1,0,0,1,0,1
0.00352683,0,0,1,0,0,0,0,1,0,1,1,0,0,1,0,1
0.00352684,0,0,1,1,0,0,0,1,0,1,1,0,0,1,0,1
0.00352685,0,0,1,0,0,0,0,1,0,1,1,0,0,1,0,1
0.00352687,0,0,0,0,0,0,0,1,0,1,1,0,0,1,0,1
0.00352688,0,0,1,0,0,0,0,1,0,1,1,0,0,1,0,1
0.00352697,0,0,0,0,0,0,0,1,0,1,1,0,0,1,0,1
0.00352698,0,0,1,0,0,0,0,1,0,1,1,0,0,1,0,1
0.003527,0,0,0,0,0,0,0,1,0,1,1,0,0,1,0,1
0.00352703,0,0,1,0,0,0,0,1,0,1,1,0,0,1,0,1
0.00352705,0,0,0,0,0,0,0,1,0,1,1,0,0,1,0,1
0.00352738,1,1,1,1,1,1,0,1,0,1,1,0,0,1,0,1
0.00352739,1,1,1,1,1,1,1,1,0,1,1,0,0,1,0,1
0.00352743,0,0,1,1,0,1,1,1,0,1,1,0,0,1,0,1
0.00352744,0,0,0,0,0,0,0,1,0,1,1,0,0,1,0,1
0.00352747,1,1,1,1,0,1,1,1,0,1,1,0,0,1,0,1
0.00352748,1,1,1,1,1,1,1,1,0,1,1,0,0,1,0,1
0.00352751,1,1,1,1,0,1,1,1,0,1,1,0,0,1,0,1
0.00352752,1,1,1,1,0,1,0,1,0,1,1,0,0,1,0,1
0.00352753,0,0,1,0,0,0,0,1,0,1,1,0,0,1,0,1
0.00352754,0,0,1,1,0,1,0,1,0,1,1,0,0,1,0,1
0.00352755,1,1,1,1,0,1,0,1,0,1,1,0,0,1,0,1
0.00352756,1,1,1,1,0,1,1,1,0,1,1,0,0,1,0,1
0.0035276,1,1,1,1,0,1,0,1,0,1,1,0,0,1,0,1
0.00352765,1,1,1,1,0,1,1,1,0,1,1,0,0,1,0,1
0.00352766,1,1,1,1,0,1,0,1,0,1,1,0,0,1,0,1
0.00352823,1,0,1,1,0,1,0,1,0,1,1,0,0,1,0,1
0.00352824,1,1,1,1,0,1,0,1,0,1,1,0,0,1,0,1
0.00352827,1,0,1,1,0,1,0,1,0,1,1,0,0,1,0,1
0.00352832,1,1,1,1,0,1,0,1,0,1,1,0,0,1,0,1
0.00352834,1,1,1,1,1,1,1,1,0,1,1,0,0,1,0,1
0.00352937,0,0,1,0,0,1,1,1,0,1,1,0,0,1,0,1
0.00352938,0,0,0,0,0,0,0,1,0,1,1,0,0,1,0,1
0.00352941,1,1,1,1,0,1,1,1,0,1,1,0,0,1,0,1
0.00352942,1,1,1,1,1,1,1,1,0,1,1,0,0,1,0,1
0.00352944,1,1,1,1,0,1,1,1,0,1,1,0,0,1,0,1
0.00352946,0,0,1,0,0,0,0,1,0,1,1,0,0,1,0,1
0.00352947,0,0,0,0,0,0,0,1,0,1,1,0,0,1,0,1
0.00352949,0,0,1,1,0,1,0,1,0,1,1,0,0,1,0,1
0.0035295,1,1,1,1,0,1,1,1,0,1,1,0,0,1,0,1
0.00352953,1,0,1,1,0,1,0,1,0,1,1,0,0,1,0,1
0.00352954,0,0,1,1,0,1,0,1,0,1,1,0,0,1,0,1
0.00352956,0,0,1,1,0,0,0,1,0,1,1,0,0,1,0,1
0.00352957,0,0,1,1,0,1,0,1,0,1,1,0,0,1,0,1
0.00352958,1,0,1,1,0,1,0,1,0,1,1,0,0,1,0,1
0.00352962,0,0,1,1,0,1,0,1,0,1,1,0,0,1,0,1
0.00352975,1,0,1,1,0,1,0,1,0,1,1,0,0,1,0,1
0.00352977,0,0,1,1,0,1,0,1,0,1,1,0,0,1,0,1
0.00352986,0,0,1,1,0,0,0,1,0,1,1,0,0,1,0,1
0.00352988,0,0,1,1,0,1,0,1,0,1,1,0,0,1,0,1
0.00352989,0,0,1,1,0,0,0,1,0,1,1,0,0,1,0,1
0.00353012,0,0,1,0,0,0,0,1,0,1,1,0,0,1,0,1
0.00353015,0,0,1,1,0,0,0,1,0,1,1,0,0,1,0,1
0.00353016,0,0,1,0,0,0,0,1,0,1,1,0,0,1,0,1
0.0035302,0,0,1,1,0,0,0,1,0,1,1,0,0,1,0,1
0.00353022,0,0,1,0,0,0,0,1,0,1,1,0,0,1,0,1
0.00353027,0,0,0,0,0,0,0,1,0,1,1,0,0,1,0,1
0.00353029,0,0,1,0,0,0,0,1,0,1,1,0,0,1,0,1
0.00353031,0,0,1,1,0,0,0,1,0,1,1,0,0,1,0,1
0.00353033,0,0,0,0,0,0,0,1,0,1,1,0,0,1,0,1
0.00353035,0,0,1,1,0,0,0,1,0,1,1,0,0,1,0,1
0.00353036,0,0,1,0,0,0,0,1,0,1,1,0,0,1,0,1
0.00353037,0,0,0,0,0,0,0,1,0,1,1,0,0,1,0,1
0.00353039,0,1,1,0,0,1,0,1,0,1,1,0,0,1,0,1
0.00353041,1,1,1,1,0,1,1,1,0,1,1,0,0,1,0,1
0.00353042,1,1,1,1,1,1,1,1,0,1,1,0,0,1,0,1
0.00353044,1,1,1,1,0,1,1,1,0,1,1,0,0,1,0,1
0.00353045,0,1,1,0,0,1,0,1,0,1,1,0,0,1,0,1
0.00353049,1,1,1,1,0,1,0,1,0,1,1,0,0,1,0,1
0.00353052,0,1,1,0,0,1,0,1,0,1,1,0,0,1,0,1
0.00353082,0,1,1,0,0,1,0,1,0,1,1,0,0,1,0,0
0.00353083,0,1,1,0,0,1,0,1,0,1,1,0,0,1,0,1
0.00353129,1,1,1,1,1,1,1,1,0,1,1,0,0,1,0,1
0.00353133,1,0,0,1,1,1,1,1,0,1,1,0,0,1,0,1
0.00353134,0,0,0,0,0,0,1,0,0,1,1,0,0,1,0,1
0.00353137,0,0,0,1,0,0,1,0,0,1,1,0,0,1,0,1
0.00353138,1,0,0,1,0,1,1,0,0,1,1,0,0,1,0,1
0.00353139,1,1,1,1,1,1,1,0,0,1,1,0,0,1,0,1
0.0035314,1,1,1,1,1,1,1,1,0,1,1,0,0,1,0,1
0.00353141,1,1,1,1,0,1,1,0,0,1,1,0,0,1,0,1
0.00353142,0,0,0,1,0,1,1,0,0,1,1,0,0,1,0,1
0.00353143,0,0,0,0,0,0,1,0,0,1,1,0,0,1,0,1
0.00353146,0,0,0,1,0,1,1,0,0,1,1,0,0,1,0,1
0.00353151,0,0,0,1,0,0,1,0,0,1,1,0,0,1,0,1
0.00353154,0,0,0,1,0,1,1,0,0,1,1,0,0,1,0,1
0.00353162,0,0,0,1,0,0,1,0,0,1,1,0,0,1,0,1
0.00353163,0,0,0,1,0,1,1,0,0,1,1,0,0,1,0,1
0.00353166,0,0,0,1,0,0,1,0,0,1,1,0,0,1,0,1
0.00353167,0,0,0,0,0,0,1,0,0,1,1,0,0,1,0,1
0.00353168,0,0,0,1,0,0,1,0,0,1,1,0,0,1,0,1
0.00353169,0,0,0,1,0,1,1,0,0,1,1,0,0,1,0,1
0.0035317,0,0,0,0,0,1,1,0,0,1,1,0,0,1,0,1
0.00353171,0,0,0,0,0,0,1,0,0,1,1,0,0,1,0,1
0.00353172,0,0,0,1,0,1,1,0,0,1,1,0,0,1,0,1
0.00353174,0,0,0,0,0,1,1,0,0,1,1,0,0,1,0,1
0.00353175,0,0,0,0,0,0,1,0,0,1,1,0,0,1,0,1
0.00353177,0,0,0,1,0,1,1,0,0,1,1,0,0,1,0,1
0.00353179,0,0,0,0,0,0,1,0,0,1,1,0,0,1,0,1
0.00353224,1,1,1,1,0,0,1,0,0,1,1,0,0,1,0,1
0.00353225,1,1,1,1,1,1,1,1,0,1,1,0,0,1,0,1
0.00353232,0,0,0,0,0,0,0,1,0,1,1,0,0,1,0,1
0.00353236,1,1,1,1,0,1,0,1,0,1,1,0,0,1,0,1
0.00353237,1,1,1,1,1,1,1,1,0,1,1,0,0,1,0,1
0.00353239,1,1,1,1,0,1,0,1,0,1,1,0,0,1,0,1
0.0035324,0,0,1,1,0,1,0,1,0,1,1,0,0,1,0,1
0.00353241,0,0,0,0,0,0,0,1,0,1,1,0,0,1,0,1
0.00353244,0,0,1,1,0,1,0,1,0,1,1,0,0,1,0,1
0.00353245,1,1,1,1,0,1,0,1,0,1,1,0,0,1,0,1
0.00353247,0,0,1,1,0,1,0,1,0,1,1,0,0,1,0,1
0.00353249,0,0,0,0,0,0,0,1,0,1,1,0,0,1,0,1
0.00353252,0,0,1,1,0,1,0,1,0,1,1,0,0,1,0,1
0.00353256,0,0,0,0,0,1,0,1,0,1,1,0,0,1,0,1
0.00353257,0,0,0,0,0,0,0,1,0,1,1,0,0,1,0,1
0.00353259,0,0,1,0,0,1,0,1,0,1,1,0,0,1,0,1
0.0035326,0,0,1,1,0,1,0,1,0,1,1,0,0,1,0,1
0.00353263,0,0,1,0,0,1,0,1,0,1,1,0,0,1,0,1
0.00353264,0,0,0,0,0,0,0,1,0,1,1,0,0,1,0,1
0.00353267,0,0,0,0,0,1,0,1,0,1,1,0,0,1,0,1
0.00353268,0,0,0,0,0,0,0,1,0,1,1,0,0,1,0,1
0.00353269,0,0,1,1,0,1,0,1,0,1,1,0,0,1,0,1
0.0035327,0,0,1,0,0,1,0,1,0,1,1,0,0,1,0,1
0.00353271,0,0,0,0,0,0,0,1,0,1,1,0,0,1,0,1
0.00353322,1,0,1,0,0,0,0,1,0,1,1,0,0,1,0,1
0.00353323,1,1,1,1,0,1,0,1,0,1,1,0,0,1,0,1
0.00353324,1,1,1,1,1,1,1,1,0,1,1,0,0,1,0,1
0.00353329,0,1,1,1,0,1,0,0,0,1,1,0,0,1,0,1
0.00353333,1,1,1,1,0,1,1,0,0,1,1,0,0,1,0,1
0.00353334,1,1,1,1,1,1,1,1,0,1,1,0,0,1,0,1
0.00353335,1,1,1,1,0,1,1,0,0,1,1,0,0,1,0,1
0.00353336,0,1,1,1,0,1,0,0,0,1,1,0,0,1,0,1
0.00353341,1,1,1,1,0,1,0,0,0,1,1,0,0,1,0,1
0.00353343,0,1,1,1,0,1,0,0,0,1,1,0,0,1,0,1
0.0035342,1,1,1,1,0,1,1,0,0,1,1,0,0,1,0,1
0.00353421,1,1,1,1,1,1,1,1,0,1,1,0,0,1,0,1
0.00353523,0,1,1,1,0,1,0,0,0,1,1,0,0,1,0,1
0.00353527,1,1,1,1,0,1,1,0,0,1,1,0,0,1,0,1
0.00353528,1,1,1,1,1,1,1,1,0,1,1,0,0,1,0,1
0.00353529,0,1,1,1,0,1,0,0,0,1,1,0,0,1,0,1
0.00353626,1,1,1,1,1,1,1,1,0,1,1,0,0,1,0,1
0.00353627,0,0,1,0,1,0,1,1,0,1,1,0,0,1,0,1
0.00353628,0,0,1,0,1,0,0,0,0,1,1,0,0,1,0,1
0.00353632,1,0,1,0,1,0,1,0,0,1,1,0,0,1,0,1
0.00353634,0,0,1,0,1,0,0,0,0,1,1,0,0,1,0,1
0.00353659,0,0,1,0,1,0,0,0,0,0,1,0,0,1,0,1
0.0035366,0,0,1,0,1,0,0,0,0,0,1,0,0,0,0,0
0.00353661,0,0,1,0,1,0,0,0,0,0,1,0,1,0,0,0
0.00353667,0,0,1,0,1,0,0,0,0,0,0,0,1,0,0,0
0.00353668,0,0,1,0,1,0,0,0,0,0,1,0,1,0,0,0
0.00353713,1,0,1,0,1,0,0,0,0,0,1,0,1,0,0,0
0.00353714,0,0,1,0,1,0,0,0,0,0,1,0,1,0,0,0
0.00353715,1,1,1,1,1,1,1,1,0,0,1,0,1,0,0,0
0.00353817,1,1,1,1,0,1,1,1,0,0,1,0,1,0,0,0
0.00353818,0,0,0,0,0,0,0,1,0,0,1,0,1,0,0,0
0.00353822,1,1,1,1,0,1,0,1,0,0,1,0,1,0,0,0
0.00353823,1,1,1,1,0,1,1,1,0,0,1,0,1,0,0,0
0.00353825,1,0,1,1,0,0,0,1,0,0,1,0,1,0,0,0
0.00353826,0,0,0,0,0,0,0,1,0,0,1,0,1,0,0,0
0.00353908,1,1,1,1,0,0,0,1,0,0,1,0,1,0,0,0
0.0035391,1,1,1,1,1,1,1,1,0,0,1,0,1,0,0,0
0.00353915,1,1,0,0,1,0,0,0,0,0,1,0,1,0,0,0
0.00353919,1,1,1,1,1,1,1,0,0,0,1,0,1,0,0,0
0.00353922,1,1,1,0,1,0,0,0,0,0,1,0,1,0,0,0
0.00353923,1,1,0,0,1,0,0,0,0,0,1,0,1,0,0,0
0.00353926,1,1,1,0,1,0,0,0,0,0,1,0,1,0,0,0
0.00353927,1,1,1,1,1,1,0,0,0,0,1,0,1,0,0,0
0.00353928,1,1,1,1,1,0,0,0,0,0,1,0,1,0,0,0
0.00353929,1,1,1,0,1,0,0,0,0,0,1,0,1,0,0,0
0.0035393,1,1,0,0,1,0,0,0,0,0,1,0,1,0,0,0
0.00353934,1,1,1,0,1,0,0,0,0,0,1,0,1,0,0,0
0.00353937,1,1,0,0,1,0,0,0,0,0,1,0,1,0,0,0
0.00353952,1,1,0,0,1,0,0,0,0,0,0,0,1,0,0,0
0.00353953,1,1,0,0,1,0,0,0,1,1,0,0,1,0,0,0
0.00353958,1,1,1,0,1,0,0,0,1,1,0,0,1,0,0,0
0.0035396,1,1,0,0,1,0,0,0,0,1,0,0,0,0,0,0
0.00353961,1,1,0,0,1,0,0,0,1,1,0,0,1,0,0,0
0.00353965,1,1,1,0,1,0,0,0,1,1,0,0,1,0,0,0
0.00353967,1,1,0,0,1,0,0,0,1,1,0,0,1,0,0,0
0.00354006,1,1,1,0,1,0,0,0,1,1,0,0,1,0,0,0
0.00354008,1,1,1,1,1,1,1,1,1,1,0,0,1,0,0,0
0.00354013,1,0,0,0,1,1,1,0,1,1,0,0,1,0,0,0
0.00354017,1,0,1,1,1,1,1,0,1,1,0,0,1,0,0,0
0.00354018,1,1,1,1,1,1,1,1,1,1,0,0,1,0,0,0
0.00354019,1,1,1,1,1,1,1,0,1,1,0,0,1,0,0,0
0.0035402,1,0,0,0,1,1,1,0,1,1,0,0,1,0,0,0
0.00354025,1,0,1,1,1,1,1,0,1,1,0,0,1,0,0,0
0.00354026,1,0,1,0,1,1,1,0,1,1,0,0,1,0,0,0
0.00354027,1,0,0,0,1,1,1,0,1,1,0,0,1,0,0,0
0.00354103,1,1,0,0,1,1,1,0,1,1,0,0,1,0,0,0
0.00354105,1,0,1,1,1,1,1,1,1,1,0,0,1,0,0,0
0.00354106,1,1,1,1,1,1,1,0,1,1,0,0,1,0,0,0
0.00354108,1,1,1,1,1,1,1,1,1,1,0,0,1,0,0,0
0.0035411,0,1,0,0,1,0,0,0,1,1,0,0,1,0,0,0
0.00354114,0,1,1,1,1,0,0,0,1,1,0,0,1,0,0,0
0.00354115,1,1,1,1,1,1,1,1,1,1,0,0,1,0,0,0
0.00354116,0,1,1,1,1,1,0,0,1,1,0,0,1,0,0,0
0.00354117,0,1,1,0,1,0,0,0,1,1,0,0,1,0,0,0
0.00354118,0,1,0,0,1,0,0,0,1,1,0,0,1,0,0,0
0.00354123,0,1,1,0,1,0,0,0,1,1,0,0,1,0,0,0
0.00354124,0,1,0,0,1,0,0,0,1,1,0,0,1,0,0,0
0.00354148,0,1,0,0,1,0,0,0,0,1,0,0,1,0,0,0
0.00354155,0,1,0,0,1,0,0,0,0,0,0,0,0,0,0,0
0.00354156,0,1,0,0,1,0,0,0,0,1,0,0,1,0,0,0
0.00354203,1,1,1,1,1,0,1,1,0,1,0,0,1,0,0,0
0.00354205,1,1,1,1,1,1,1,1,0,1,0,0,1,0,0,0
0.00354208,1,1,1,1,1,1,1,0,0,1,0,0,1,0,0,0
0.00354209,1,1,0,0,1,1,0,0,0,1,0,0,1,0,0,0
0.00354213,1,1,1,1,1,1,1,1,0,1,0,0,1,0,0,0
0.00354215,1,1,0,0,1,1,0,0,0,1,0,0,1,0,0,0
0.00354298,1,1,1,1,1,1,0,0,0,1,0,0,1,0,0,0
0.00354299,1,1,1,1,1,1,1,0,0,1,0,0,1,0,0,0
0.003543,1,1,0,0,1,1,1,1,0,1,0,0,1,0,0,0
0.00354301,1,1,1,1,1,1,1,1,0,1,0,0,1,0,0,0
0.00354306,1,0,0,0,1,0,0,0,0,1,0,0,1,0,0,0
0.00354309,1,0,1,0,1,0,0,0,0,1,0,0,1,0,0,0
0.0035431,1,1,1,1,1,1,1,1,0,1,0,0,1,0,0,0
0.00354313,1,1,1,1,1,0,1,0,0,1,0,0,1,0,0,0
0.00354314,1,0,1,0,1,0,0,0,0,1,0,0,1,0,0,0
0.00354315,1,0,0,0,1,0,0,0,0,1,0,0,1,0,0,0
0.00354317,1,0,1,1,1,0,0,0,0,1,0,0,1,0,0,0
0.00354318,1,1,1,1,1,0,0,0,0,1,0,0,1,0,0,0
0.00354319,1,1,1,1,1,0,1,0,0,1,0,0,1,0,0,0
0.0035432,1,1,1,1,1,0,0,0,0,1,0,0,1,0,0,0
0.00354321,1,0,1,1,1,0,0,0,0,1,0,0,1,0,0,0
0.00354322,1,0,1,0,1,0,0,0,0,1,0,0,1,0,0,0
0.00354325,1,0,1,1,1,0,0,0,0,1,0,0,1,0,0,0
0.00354329,1,0,1,0,1,0,0,0,0,1,0,0,1,0,0,0
0.00354335,1,0,1,1,1,0,0,0,0,1,0,0,1,0,0,0
0.00354336,1,0,1,0,1,0,0,0,0,1,0,0,1,0,0,0
0.00354343,1,0,1,1,1,0,0,0,0,0,0,0,1,0,0,0
0.00354344,1,0,1,0,1,0,0,0,1,0,0,0,1,0,0,0
0.00354346,1,0,0,0,1,0,0,0,1,0,0,0,1,0,0,0
0.00354347,1,0,1,0,1,0,0,0,1,0,0,0,1,0,0,0
0.00354349,1,1,1,1,1,0,0,0,1,0,0,0,1,0,0,0
0.0035435,1,0,1,0,1,0,0,0,0,0,0,0,0,0,0,0
0.00354351,1,0,0,0,1,0,0,0,1,0,0,0,1,0,0,0
0.00354356,1,0,1,0,1,0,0,0,1,0,0,0,1,0,0,0
0.00354357,1,0,1,1,1,0,0,0,1,0,0,0,1,0,0,0
0.00354358,1,0,1,0,1,0,0,0,1,0,0,0,1,0,0,0
0.00354359,1,0,0,0,1,0,0,0,1,0,0,0,1,0,0,0
0.00354395,1,0,1,0,1,0,0,0,1,0,0,0,1,0,0,0
0.00354396,1,1,1,1,1,0,0,0,1,0,0,0,1,0,0,0
0.00354397,1,1,1,1,1,1,1,0,1,0,0,0,1,0,0,0
0.00354398,1,1,1,1,1,1,1,1,1,0,0,0,1,0,0,0
0.00354399,1,1,1,1,1,1,1,0,1,0,0,0,1,0,0,0
0.003544,1,1,1,1,1,1,1,1,1,0,0,0,1,0,0,0
0.00354404,0,0,1,1,1,0,1,0,1,0,0,0,1,0,0,0
0.00354408,1,1,1,1,1,1,1,1,1,0,0,0,1,0,0,0
0.0035441,0,1,1,1,1,1,1,0,1,0,0,0,1,0,0,0
0.00354411,0,0,1,1,1,0,1,0,1,0,0,0,1,0,0,0
0.00354416,0,1,1,1,1,1,1,0,1,0,0,0,1,0,0,0
0.00354417,0,0,1,1,1,0,1,0,1,0,0,0,1,0,0,0
0.00354494,1,1,1,1,1,0,1,0,1,0,0,0,1,0,0,0
0.00354496,0,1,1,1,1,1,1,1,1,0,0,0,1,0,0,0
0.00354497,1,1,1,1,1,1,1,1,1,0,0,0,1,0,0,0
0.00354501,1,0,1,1,1,1,0,0,1,0,0,0,1,0,0,0
0.00354504,1,1,1,1,1,1,0,0,1,0,0,0,1,0,0,0
0.00354505,1,1,1,1,1,1,1,1,1,0,0,0,1,0,0,0
0.00354506,1,0,1,1,1,1,0,0,1,0,0,0,1,0,0,0
0.00354539,1,0,1,1,1,1,0,0,1,0,1,1,1,1,0,0
0.00354593,1,1,1,1,1,1,1,1,1,0,1,1,1,1,0,0
0.00354599,0,0,0,0,1,0,1,0,1,0,1,1,1,1,0,0
0.00354603,1,1,1,1,1,1,1,1,1,0,1,1,1,1,0,0
0.00354606,0,1,0,0,1,1,1,0,1,0,1,1,1,1,0,0
0.00354607,0,0,0,0,1,1,1,0,1,0,1,1,1,1,0,0
0.00354608,0,0,0,0,1,0,1,0,1,0,1,1,1,1,0,0
0.00354611,0,1,0,0,1,1,1,0,1,0,1,1,1,1,0,0
0.00354613,0,0,0,0,1,1,1,0,1,0,1,1,1,1,0,0
0.0035464,0,0,0,0,1,0,1,0,1,0,1,1,1,1,0,0
0.00354641,0,0,0,0,1,1,1,0,1,0,1,1,1,1,0,0
0.00354655,0,0,0,0,1,0,1,0,1,0,1,1,1,1,0,0
0.00354656,0,0,0,0,1,1,1,0,1,0,1,1,1,1,0,0
0.00354659,0,0,0,0,1,0,1,0,1,0,1,1,1,1,0,0
0.00354664,0,0,0,0,1,1,1,0,1,0,1,1,1,1,0,0
0.00354665,0,0,0,0,1,0,1,0,1,0,1,1,1,1,0,0
0.00354689,1,1,1,1,1,0,1,0,1,0,1,1,1,1,0,0
0.0035469,1,1,1,1,1,1,1,1,1,0,1,1,1,1,0,0
0.00354696,0,0,0,0,0,0,0,1,1,0,1,1,1,1,0,0
0.003547,1,1,1,1,0,1,0,1,1,0,1,1,1,1,0,0
0.00354701,1,1,1,1,0,1,1,1,1,0,1,1,1,1,0,0
0.00354703,1,1,1,1,0,1,0,1,1,0,1,1,1,1,0,0
0.00354704,0,0,1,1,0,1,0,1,1,0,1,1,1,1,0,0
0.00354705,0,0,0,0,0,0,0,1,1,0,1,1,1,1,0,0
0.00354708,1,0,1,1,0,1,0,1,1,0,1,1,1,1,0,0
0.00354709,1,1,1,1,0,1,0,1,1,0,1,1,1,1,0,0
0.00354711,1,0,1,1,0,1,0,1,1,0,1,1,1,1,0,0
0.00354712,0,0,1,1,0,1,0,1,1,0,1,1,1,1,0,0
0.00354713,0,0,1,0,0,1,0,1,1,0,1,1,1,1,0,0
0.00354716,0,0,1,1,0,1,0,1,1,0,1,1,1,1,0,0
0.00354718,1,0,1,1,0,1,0,1,1,0,1,1,1,1,0,0
0.00354719,0,0,1,1,0,1,0,1,1,0,1,1,1,1,0,0
0.00354722,0,0,1,0,0,1,0,1,1,0,1,1,1,1,0,0
0.00354723,0,0,1,1,0,1,0,1,1,0,1,1,1,1,0,0
0.00354729,0,0,1,0,0,1,0,1,1,0,1,1,1,1,0,0
0.00354731,0,0,1,1,0,1,0,1,1,0,1,1,1,1,0,0
0.00354736,0,0,1,0,0,1,0,1,1,0,1,1,1,1,0,0
0.00354749,0,0,0,0,0,1,0,1,1,0,1,1,1,1,0,0
0.0035475,0,0,1,0,0,1,0,1,1,0,1,1,1,1,0,0
0.00354753,0,0,0,0,0,1,0,1,1,0,1,1,1,1,0,0
0.00354755,0,0,0,0,0,0,0,1,1,0,1,1,1,1,0,0
0.0035476,0,0,0,0,0,1,0,1,1,0,1,1,1,1,0,0
0.00354761,0,0,0,0,0,0,0,1,1,0,1,1,1,1,0,0
0.00354786,1,1,1,1,0,0,0,1,1,0,1,1,1,1,0,0
0.00354788,1,1,1,1,1,1,1,1,1,0,1,1,1,1,0,0
0.00354789,1,0,1,1,1,1,1,1,1,0,1,1,1,1,0,0
0.0035479,1,1,1,1,1,1,1,1,1,0,1,1,1,1,0,0
0.00354794,0,0,0,0,0,0,1,1,1,0,1,1,1,1,0,0
0.00354795,0,0,0,0,0,0,1,0,1,0,1,1,1,1,0,0
0.00354798,0,0,1,1,0,0,1,0,1,0,1,1,1,1,0,0
0.00354799,1,1,1,1,0,1,1,0,1,0,1,1,1,1,0,0
0.003548,1,1,1,1,0,1,1,1,1,0,1,1,1,1,0,0
0.00354802,1,0,1,1,0,1,1,0,1,0,1,1,1,1,0,0
0.00354803,0,0,0,0,0,0,1,0,1,0,1,1,1,1,0,0
0.00354807,0,0,1,1,0,0,1,0,1,0,1,1,1,1,0,0
0.00354808,1,0,1,1,0,1,1,0,1,0,1,1,1,1,0,0
0.00354809,1,0,1,1,0,0,1,0,1,0,1,1,1,1,0,0
0.0035481,0,0,1,0,0,0,1,0,1,0,1,1,1,1,0,0
0.00354811,0,0,0,0,0,0,1,0,1,0,1,1,1,1,0,0
0.00354815,0,0,1,0,0,0,1,0,1,0,1,1,1,1,0,0
0.00354818,0,0,0,0,0,0,1,0,1,0,1,1,1,1,0,0
0.00354884,0,0,1,1,0,0,1,0,1,0,1,1,1,1,0,0
0.00354885,1,1,1,1,0,1,1,1,1,0,1,1,1,1,0,0
0.00354887,0,0,0,0,0,0,1,0,1,0,1,1,1,1,0,0
0.0035489,1,0,1,1,0,0,1,0,1,0,1,1,1,1,0,0
0.00354891,1,1,1,1,1,1,1,1,1,0,1,1,1,1,0,0
0.00354896,1,0,0,0,1,0,1,0,1,0,1,1,1,1,0,0
0.003549,1,1,1,1,1,1,1,1,1,0,1,1,1,1,0,0
0.00354903,1,0,1,1,1,1,1,0,1,0,1,1,1,1,0,0
0.00354904,1,0,0,0,1,0,1,0,1,0,1,1,1,1,0,0
0.00354907,1,0,1,0,1,1,1,0,1,0,1,1,1,1,0,0
0.00354908,1,1,1,1,1,1,1,0,1,0,1,1,1,1,0,0
0.0035491,1,0,1,1,1,1,1,0,1,0,1,1,1,1,0,0
0.00354911,1,0,1,0,1,0,1,0,1,0,1,1,1,1,0,0
0.00354912,1,0,0,0,1,0,1,0,1,0,1,1,1,1,0,0
0.00354914,1,0,1,0,1,0,1,0,1,0,1,1,1,1,0,0
0.00354915,1,0,1,1,1,1,1,0,1,0,1,1,1,1,0,0
0.00354918,1,0,1,0,1,0,1,0,1,0,1,1,1,1,0,0
0.00354928,1,0,0,0,1,0,1,0,1,0,1,1,1,1,0,0
0.00354929,1,0,1,0,1,0,1,0,1,0,1,1,1,1,0,0
0.00354936,1,0,0,0,1,0,1,0,1,0,1,1,1,1,0,0
0.00354938,1,0,1,0,1,0,1,0,1,0,1,1,1,1,0,0
0.00354939,1,0,0,0,1,0,1,0,1,0,1,1,1,1,0,0
0.00354941,1,0,1,0,1,0,1,0,1,0,1,1,1,1,0,0
0.00354943,1,0,0,0,1,0,1,0,1,0,1,1,1,1,0,0
0.00354983,1,0,1,0,1,0,1,0,1,0,1,1,1,1,0,0
0.00354984,1,1,1,1,1,1,1,1,1,0,1,1,1,1,0,0
0.00354988,0,1,1,1,0,1,0,1,1,0,1,1,1,1,0,0
0.00354989,0,0,0,0,0,0,0,1,1,0,1,1,1,1,0,0
0.00354992,0,1,1,1,0,1,0,1,1,0,1,1,1,1,0,0
0.00354994,1,1,1,1,0,1,1,1,1,0,1,1,1,1,0,0
0.00354996,0,1,1,1,0,1,0,1,1,0,1,1,1,1,0,0
0.00354997,0,0,0,0,0,0,0,1,1,0,1,1,1,1,0,0
0.00355,0,0,1,1,0,1,0,1,1,0,1,1,1,1,0,0
0.00355002,0,1,1,1,0,1,0,1,1,0,1,1,1,1,0,0
0.00355003,0,0,1,1,0,1,0,1,1,0,1,1,1,1,0,0
0.00355006,0,0,1,0,0,0,0,1,1,0,1,1,1,1,0,0
0.00355008,0,0,1,1,0,1,0,1,1,0,1,1,1,1,0,0
0.00355025,0,0,1,1,0,0,0,1,1,0,1,1,1,1,0,0
0.00355026,0,0,1,1,0,1,0,1,1,0,1,1,1,1,0,0
0.00355029,0,0,1,0,0,0,0,1,1,0,1,1,1,1,0,0
0.0035503,0,0,0,0,0,0,0,1,1,0,1,1,1,1,0,0
0.00355031,0,0,1,0,0,1,0,1,1,0,1,1,1,1,0,0
0.00355032,0,0,1,1,0,1,0,1,1,0,1,1,1,1,0,0
0.00355033,0,0,1,0,0,0,0,1,1,0,1,1,1,1,0,0
0.00355045,0,0,0,0,0,0,0,1,1,0,1,1,1,1,0,0
0.0035505,0,0,1,0,0,0,0,1,1,0,1,1,1,1,0,0
0.00355051,0,0,0,0,0,0,0,1,1,0,1,1,1,1,0,0
0.00355071,0,0,1,0,0,0,0,1,1,0,1,1,1,1,0,0
0.00355072,0,0,0,0,0,0,0,1,1,0,1,1,1,1,0,0
0.00355079,0,1,1,1,0,1,0,1,1,0,1,1,1,1,0,0
0.0035508,1,1,1,1,1,1,1,1,1,0,1,1,1,1,0,0
0.00355087,0,1,0,0,0,0,0,1,1,0,1,1,1,1,0,0
0.00355088,0,0,0,0,0,0,0,1,1,0,1,1,1,1,0,0
0.00355091,0,0,0,0,0,1,0,1,1,0,1,1,1,1,0,0
0.00355092,1,1,1,1,0,1,1,1,1,0,1,1,1,1,0,0
0.00355094,1,1,1,1,0,1,0,1,1,0,1,1,1,1,0,0
0.00355095,0,1,0,0,0,0,0,1,1,0,1,1,1,1,0,0
0.00355096,0,0,0,0,0,0,0,1,1,0,1,1,1,1,0,0
0.003551,0,1,0,0,0,0,0,1,1,0,1,1,1,1,0,0
0.00355102,0,0,0,0,0,0,0,1,1,0,1,1,1,1,0,0
0.00355178,1,1,1,1,0,1,0,1,1,0,1,1,1,1,0,0
0.00355179,1,1,1,1,1,1,1,1,1,0,1,1,1,1,0,0
0.00355182,1,1,1,1,0,1,1,1,1,0,1,1,1,1,0,0
0.00355183,0,0,0,0,0,0,0,1,1,0,1,1,1,1,0,0
0.00355188,0,1,1,1,0,1,0,1,1,0,1,1,1,1,0,0
0.00355189,0,1,1,0,0,0,0,1,1,0,1,1,1,1,0,0
0.0035519,0,0,0,0,0,0,0,1,1,0,1,1,1,1,0,0
0.00355278,0,0,0,0,0,0,1,1,1,0,1,1,1,1,0,0
0.00355279,0,0,1,1,0,0,1,0,1,0,1,1,1,1,0,0
0.0035528,0,0,0,0,0,0,1,0,1,0,1,1,1,1,0,0
0.00355373,0,0,0,0,0,0,1,1,1,0,1,1,1,1,0,0
0.00355374,0,1,1,1,0,0,1,1,1,0,1,1,1,1,0,0
0.00355375,0,1,1,1,0,1,0,1,1,0,1,1,1,1,0,0
0.00355376,1,1,1,1,1,1,0,0,1,0,1,1,1,1,0,0
0.00355377,1,1,1,1,0,1,0,0,1,0,1,1,1,1,0,0
0.00355378,0,1,1,1,0,1,0,0,1,0,1,1,1,1,0,0
0.00355476,0,1,1,1,0,1,1,1,1,0,1,1,1,1,0,0
0.00355477,1,1,1,1,1,1,1,1,1,0,1,1,1,1,0,0
0.00355482,0,1,1,1,1,1,1,1,1,0,1,1,1,1,0,0
0.00355483,0,1,0,0,1,1,1,1,1,0,1,1,1,1,0,0
0.00355484,0,1,0,0,1,0,1,1,1,0,1,1,1,1,0,0
0.00355515,0,1,0,0,1,0,1,1,0,0,0,0,1,0,0,0
0.00355516,0,1,0,0,1,0,1,1,0,1,0,0,1,0,1,1
0.00355568,0,1,1,1,1,0,1,1,0,1,0,0,1,0,1,1
0.00355569,0,1,0,0,1,0,1,1,0,1,0,0,1,0,1,1
0.0035557,1,1,1,1,1,0,1,1,0,1,0,0,1,0,1,1
0.00355571,1,1,1,1,1,1,1,1,0,1,0,0,1,0,1,1
0.00355574,1,1,1,1,1,1,0,0,0,1,0,0,1,0,1,1
0.00355575,0,1,1,1,0,1,0,0,0,1,0,0,1,0,1,1
0.00355667,0,1,1,1,0,1,1,0,0,1,0,0,1,0,1,1
0.00355668,1,1,1,1,1,1,1,1,0,1,0,0,1,0,1,1
0.00355763,1,0,0,0,1,0,1,1,0,1,0,0,1,0,1,1
0.00355764,0,0,0,0,0,0,0,0,0,1,0,0,1,0,1,1
0.00355767,1,1,1,0,0,0,0,0,0,1,0,0,1,0,1,1
0.00355768,1,0,1,0,0,0,0,0,0,1,0,0,1,0,1,1
0.00355769,0,0,0,0,0,0,0,0,0,1,0,0,1,0,1,1
0.00355859,0,0,1,0,0,0,0,0,0,1,0,0,1,0,1,1
0.0035586,1,1,1,0,0,0,0,0,0,1,0,0,1,0,1,1
0.00355861,0,0,0,0,0,0,0,0,0,1,0,0,1,0,1,1
0.00355864,0,1,1,1,0,1,0,0,0,1,0,0,1,0,1,1
0.00355866,1,1,1,1,1,1,1,1,0,1,0,0,1,0,1,1
0.00355867,0,1,1,1,1,1,1,1,0,1,0,0,1,0,1,1
0.00355869,1,1,1,1,1,1,1,1,0,1,0,0,1,0,1,1
0.00355872,1,1,0,0,1,1,0,0,0,1,0,0,1,0,1,1
0.00355873,0,1,0,0,1,1,0,0,0,1,0,0,1,0,1,1
0.00355877,1,1,1,1,1,1,1,1,0,1,0,0,1,0,1,1
0.00355878,1,1,1,0,1,1,0,1,0,1,0,0,1,0,1,1
0.00355879,0,1,0,0,1,1,0,0,0,1,0,0,1,0,1,1
0.00355905,0,1,0,0,1,1,0,0,0,1,0,0,1,0,0,0
0.00355907,0,1,0,0,1,1,0,0,0,1,0,0,1,1,0,0
0.0035596,1,1,1,1,1,1,0,0,0,1,0,0,1,1,0,0
0.00355961,1,1,1,1,1,1,1,1,0,1,0,0,1,1,0,0
0.00355965,0,0,0,0,1,0,1,0,0,1,0,0,1,1,0,0
0.00355969,0,0,1,0,1,0,1,0,0,1,0,0,1,1,0,0
0.0035597,1,1,1,1,1,0,1,0,0,1,0,0,1,1,0,0
0.00355971,1,1,1,1,1,1,1,1,0,1,0,0,1,1,0,0
0.00355972,0,0,1,0,1,0,1,0,0,1,0,0,1,1,0,0
0.00355973,0,0,0,0,1,0,1,0,0,1,0,0,1,1,0,0
0.00356056,1,1,1,1,1,0,1,0,0,1,0,0,1,1,0,0
0.00356058,1,1,1,1,1,1,1,1,0,1,0,0,1,1,0,0
0.00356063,1,1,0,1,0,0,0,0,0,1,0,0,1,1,0,0
0.00356067,1,1,1,1,0,1,0,0,0,1,0,0,1,1,0,0
0.00356068,1,1,1,1,0,1,0,1,0,1,0,0,1,1,0,0
0.00356069,1,1,1,1,0,1,0,0,0,1,0,0,1,1,0,0
0.0035607,1,1,0,1,0,0,0,0,0,1,0,0,1,1,0,0
0.00356076,1,1,1,1,0,0,0,0,0,1,0,0,1,1,0,0
0.00356077,1,1,0,1,0,0,0,0,0,1,0,0,1,1,0,0
0.00356155,1,1,1,1,0,1,1,0,0,1,0,0,1,1,0,0
0.00356156,1,1,1,1,1,1,1,1,0,1,0,0,1,1,0,0
0.00356256,0,0,0,1,1,0,1,0,0,1,0,0,1,1,0,0
0.00356259,1,1,1,1,1,1,1,1,0,1,0,0,1,1,0,0
0.00356264,0,1,1,0,0,1,1,1,0,1,0,0,1,1,0,0
0.00356265,0,1,1,0,0,1,0,1,0,1,0,0,1,1,0,0
0.00356296,0,1,1,0,0,1,0,1,0,1,0,0,0,1,0,0
0.00356297,0,1,1,0,0,1,0,1,0,1,1,0,0,1,0,1
0.00356349,1,1,1,1,0,1,0,1,0,1,1,0,0,1,0,1
0.00356351,1,1,1,1,1,1,1,1,0,1,1,0,0,1,0,1
0.00356357,0,0,0,0,1,0,1,0,0,1,1,0,0,1,0,1
0.00356361,1,0,1,1,1,1,1,1,0,1,1,0,0,1,0,1
0.00356362,1,1,1,1,1,1,1,1,0,1,1,0,0,1,0,1
0.00356364,0,0,0,1,1,1,1,0,0,1,1,0,0,1,0,1
0.00356365,0,0,0,0,1,0,1,0,0,1,1,0,0,1,0,1
0.00356369,0,0,0,1,1,1,1,0,0,1,1,0,0,1,0,1
0.00356372,0,0,0,0,1,1,1,0,0,1,1,0,0,1,0,1
0.00356373,0,0,0,0,1,0,1,0,0,1,1,0,0,1,0,1
0.00356377,0,0,0,0,1,1,1,0,0,1,1,0,0,1,0,1
0.0035638,0,0,0,0,1,0,1,0,0,1,1,0,0,1,0,1
0.00356392,0,0,0,0,1,1,1,0,0,1,1,0,0,1,0,1
0.00356393,0,0,0,0,1,0,1,0,0,1,1,0,0,1,0,1
0.00356447,1,1,1,1,1,0,1,1,0,1,1,0,0,1,0,1
0.00356448,1,1,1,1,1,1,1,1,0,1,1,0,0,1,0,1
0.00356452,0,0,0,0,0,1,0,1,0,1,1,0,0,1,0,1
0.00356453,0,0,0,0,0,0,0,1,0,1,1,0,0,1,0,1
0.00356456,0,0,1,0,0,1,0,1,0,1,1,0,0,1,0,1
0.00356457,1,1,1,1,0,1,1,1,0,1,1,0,0,1,0,1
0.00356458,1,1,1,1,1,1,1,1,0,1,1,0,0,1,0,1
0.00356459,1,1,1,1,0,1,1,1,0,1,1,0,0,1,0,1
0.0035646,0,0,1,1,0,1,0,1,0,1,1,0,0,1,0,1
0.00356461,0,0,0,0,0,1,0,1,0,1,1,0,0,1,0,1
0.00356462,0,0,0,0,0,0,0,1,0,1,1,0,0,1,0,1
0.00356464,0,0,0,0,0,1,0,1,0,1,1,0,0,1,0,1
0.00356465,0,0,1,1,0,1,0,1,0,1,1,0,0,1,0,1
0.00356468,0,0,0,0,0,1,0,1,0,1,1,0,0,1,0,1
0.0035649,0,0,0,0,0,0,0,1,0,1,1,0,0,1,0,1
0.00356491,0,0,0,0,0,1,0,1,0,1,1,0,0,1,0,1
0.00356522,0,0,0,0,0,0,0,1,0,1,1,0,0,1,0,1
0.00356523,0,0,0,0,0,1,0,1,0,1,1,0,0,1,0,1
0.00356525,0,0,0,0,0,0,0,1,0,1,1,0,0,1,0,1
0.00356535,0,0,0,0,0,1,0,1,0,1,1,0,0,1,0,1
0.00356536,0,0,0,0,0,0,0,1,0,1,1,0,0,1,0,1
0.00356543,0,0,0,0,0,1,0,1,0,1,1,0,0,1,0,1
0.00356544,0,0,0,0,0,0,0,1,0,1,1,0,0,1,0,1
0.00356546,1,1,1,1,1,1,0,1,0,1,1,0,0,1,0,1
0.00356547,1,1,1,1,1,1,1,1,0,1,1,0,0,1,0,1
0.00356552,0,0,0,0,0,0,1,1,0,1,1,0,0,1,0,1
0.00356553,0,0,0,0,0,0,1,0,0,1,1,0,0,1,0,1
0.00356556,0,0,1,1,0,1,1,0,0,1,1,0,0,1,0,1
0.00356557,1,1,1,1,0,1,1,1,0,1,1,0,0,1,0,1
0.00356558,1,1,1,1,1,1,1,1,0,1,1,0,0,1,0,1
0.00356559,0,1,1,1,0,1,1,1,0,1,1,0,0,1,0,1
0.0035656,0,0,1,0,0,1,1,0,0,1,1,0,0,1,0,1
0.00356561,0,0,0,0,0,0,1,0,0,1,1,0,0,1,0,1
0.00356565,0,0,1,0,0,1,1,0,0,1,1,0,0,1,0,1
0.00356566,0,0,0,0,0,1,1,0,0,1,1,0,0,1,0,1
0.00356568,0,0,0,0,0,0,1,0,0,1,1,0,0,1,0,1
0.00356642,1,1,1,1,0,1,1,1,0,1,1,0,0,1,0,1
0.00356643,1,1,1,1,1,1,1,1,0,1,1,0,0,1,0,1
0.00356745,0,0,0,0,0,0,1,0,0,1,1,0,0,1,0,1
0.00356749,1,1,1,1,0,1,1,1,0,1,1,0,0,1,0,1
0.0035675,1,1,1,1,1,1,1,1,0,1,1,0,0,1,0,1
0.00356752,1,1,1,1,0,1,1,1,0,1,1,0,0,1,0,1
0.00356753,0,0,1,1,0,1,1,0,0,1,1,0,0,1,0,1
0.00356754,0,0,0,0,0,0,1,0,0,1,1,0,0,1,0,1
0.00356757,0,0,1,0,0,1,1,0,0,1,1,0,0,1,0,1
0.00356758,1,0,1,1,0,1,1,0,0,1,1,0,0,1,0,1
0.00356759,0,0,1,1,0,1,1,0,0,1,1,0,0,1,0,1
0.00356761,0,0,1,0,0,1,1,0,0,1,1,0,0,1,0,1
0.00356762,0,0,0,0,0,0,1,0,0,1,1,0,0,1,0,1
0.00356765,0,0,1,0,0,1,1,0,0,1,1,0,0,1,0,1
0.00356767,0,0,1,1,0,1,1,0,0,1,1,0,0,1,0,1
0.00356768,0,0,1,0,0,1,1,0,0,1,1,0,0,1,0,1
0.00356769,0,0,0,0,0,1,1,0,0,1,1,0,0,1,0,1
0.0035677,0,0,0,0,0,0,1,0,0,1,1,0,0,1,0,1
0.00356774,0,0,1,0,0,0,1,0,0,1,1,0,0,1,0,1
0.00356776,0,0,0,0,0,0,1,0,0,1,1,0,0,1,0,1
0.00356782,0,0,1,0,0,0,1,0,0,1,1,0,0,1,0,1
0.00356783,0,0,0,0,0,0,1,0,0,1,1,0,0,1,0,1
0.00356847,0,1,1,0,0,1,1,0,0,1,1,0,0,1,0,1
0.00356848,0,1,1,0,0,1,1,1,0,1,1,0,0,1,0,1
0.00356849,1,1,1,1,1,1,0,1,0,1,1,0,0,1,0,1
0.00356851,0,1,1,0,0,1,0,1,0,1,1,0,0,1,0,1
0.00356889,0,1,1,0,0,1,0,1,0,1,1,0,0,1,0,0
0.0035689,0,1,1,0,0,1,1,1,0,1,1,0,0,1,0,1
0.00356891,0,1,1,0,0,1,1,1,0,1,1,0,0,1,1,1
0.00356893,1,1,1,1,1,1,0,1,0,1,1,0,0,1,1,1
0.00356894,1,1,1,1,0,1,0,1,0,1,1,0,0,1,0,1
0.00356895,0,1,1,0,0,1,0,1,0,1,1,0,0,1,0,1
0.00356899,0,1,1,1,0,1,0,1,0,1,1,0,0,1,0,1
0.003569,0,1,1,0,0,1,0,1,0,1,1,0,0,1,0,1
0.00356934,1,1,1,0,0,1,0,1,0,1,1,0,0,1,0,1
0.00356936,1,1,1,1,1,1,0,1,0,1,1,0,0,1,0,1
0.00356937,1,1,1,1,1,1,1,1,0,1,1,0,0,1,0,1
0.00356942,1,0,0,1,1,0,1,0,0,1,1,0,0,1,0,1
0.00356943,1,0,0,0,1,0,1,0,0,1,1,0,0,1,0,1
0.00356946,1,0,0,1,1,0,1,0,0,1,1,0,0,1,0,1
0.00356947,1,1,1,1,1,1,1,1,0,1,1,0,0,1,0,1
0.00356949,1,1,1,1,1,0,1,0,0,1,1,0,0,1,0,1
0.0035695,1,0,0,0,1,0,1,0,0,1,1,0,0,1,0,1
0.00356954,1,0,0,1,1,0,1,0,0,1,1,0,0,1,0,1
0.00356955,1,0,1,1,1,0,1,0,0,1,1,0,0,1,0,1
0.00356956,1,0,0,1,1,0,1,0,0,1,1,0,0,1,0,1
0.00356957,1,0,0,0,1,0,1,0,0,1,1,0,0,1,0,1
0.00357032,1,0,1,0,1,0,1,0,0,1,1,0,0,1,0,1
0.00357033,1,1,1,1,1,0,1,1,0,1,1,0,0,1,0,1
0.00357034,1,1,1,1,1,1,1,1,0,1,1,0,0,1,0,1
0.00357038,0,0,0,0,0,0,0,1,0,1,1,0,0,1,0,1
0.00357042,0,0,0,0,0,1,0,1,0,1,1,0,0,1,0,1
0.00357043,0,0,1,1,0,1,0,1,0,1,1,0,0,1,0,1
0.00357044,1,1,1,1,0,1,0,1,0,1,1,0,0,1,0,1
0.00357046,0,0,1,1,0,1,0,1,0,1,1,0,0,1,0,1
0.00357047,0,0,0,0,0,0,0,1,0,1,1,0,0,1,0,1
0.00357051,0,0,1,0,0,0,0,1,0,1,1,0,0,1,0,1
0.00357054,0,0,0,0,0,0,0,1,0,1,1,0,0,1,0,1
0.00357132,1,1,1,1,1,1,0,1,0,1,1,0,0,1,0,1
0.00357133,1,1,1,1,1,1,1,1,0,1,1,0,0,1,0,1
0.00357137,0,0,0,0,0,0,0,1,0,1,1,0,0,1,0,1
0.00357141,1,1,1,1,0,1,1,1,0,1,1,0,0,1,0,1
0.00357142,1,1,1,1,1,1,1,1,0,1,1,0,0,1,0,1
0.00357144,1,1,1,1,0,1,1,1,0,1,1,0,0,1,0,1
0.00357146,0,0,1,0,0,0,0,1,0,1,1,0,0,1,0,1
0.00357147,0,0,0,0,0,0,0,1,0,1,1,0,0,1,0,1
0.00357149,1,1,1,1,0,1,0,1,0,1,1,0,0,1,0,1
0.0035715,1,1,1,1,0,1,1,1,0,1,1,0,0,1,0,1
0.00357152,1,1,1,1,0,1,0,1,0,1,1,0,0,1,0,1
0.00357154,1,0,1,1,0,0,0,1,0,1,1,0,0,1,0,1
0.00357156,0,0,1,1,0,0,0,1,0,1,1,0,0,1,0,1
0.00357157,1,1,1,1,0,1,0,1,0,1,1,0,0,1,0,1
0.00357163,1,0,1,1,0,0,0,1,0,1,1,0,0,1,0,1
0.00357165,1,1,1,1,0,0,0,1,0,1,1,0,0,1,0,1
0.00357166,1,1,1,1,0,1,0,1,0,1,1,0,0,1,0,1
0.00357168,1,1,1,1,0,0,0,1,0,1,1,0,0,1,0,1
0.00357169,1,0,1,1,0,0,0,1,0,1,1,0,0,1,0,1
0.00357174,1,1,1,1,0,0,0,1,0,1,1,0,0,1,0,1
0.00357175,1,0,1,1,0,0,0,1,0,1,1,0,0,1,0,1
0.00357176,0,0,1,1,0,0,0,1,0,1,1,0,0,1,0,1
0.00357177,1,0,1,1,0,0,0,1,0,1,1,0,0,1,0,1
0.00357183,0,0,1,1,0,0,0,1,0,1,1,0,0,1,0,1
0.00357184,1,0,1,1,0,0,0,1,0,1,1,0,0,1,0,1
0.00357188,0,0,1,1,0,0,0,1,0,1,1,0,0,1,0,1
0.00357192,1,0,1,1,0,0,0,1,0,1,1,0,0,1,0,1
0.00357193,0,0,1,1,0,0,0,1,0,1,1,0,0,1,0,1
0.00357199,0,0,1,0,0,0,0,1,0,1,1,0,0,1,0,1
0.00357201,0,0,1,1,0,0,0,1,0,1,1,0,0,1,0,1
0.00357202,0,0,1,0,0,0,0,1,0,1,1,0,0,1,0,1
0.00357222,0,0,0,0,0,0,0,1,0,1,1,0,0,1,0,1
0.00357224,0,0,1,0,0,0,0,1,0,1,1,0,0,1,0,1
0.00357227,1,1,1,1,0,1,0,1,0,1,1,0,0,1,0,1
0.00357228,1,1,1,1,1,1,1,1,0,1,1,0,0,1,0,1
0.00357331,0,0,0,0,0,0,0,1,0,1,1,0,0,1,0,1
0.00357335,1,1,1,1,0,1,1,1,0,1,1,0,0,1,0,1
0.00357336,1,1,1,1,1,1,1,1,0,1,1,0,0,1,0,1
0.00357338,1,1,1,1,0,1,1,1,0,1,1,0,0,1,0,1
0.00357339,0,0,1,1,0,1,0,1,0,1,1,0,0,1,0,1
0.0035734,0,0,0,0,0,0,0,1,0,1,1,0,0,1,0,1
0.00357343,1,0,1,1,0,1,0,1,0,1,1,0,0,1,0,1
0.00357344,1,1,1,1,0,1,1,1,0,1,1,0,0,1,0,1
0.00357346,1,0,1,1,0,1,0,1,0,1,1,0,0,1,0,1
0.00357347,0,0,1,1,0,0,0,1,0,1,1,0,0,1,0,1
0.00357348,0,0,1,0,0,0,0,1,0,1,1,0,0,1,0,1
0.00357351,0,0,1,1,0,0,0,1,0,1,1,0,0,1,0,1
0.00357352,0,0,1,1,0,1,0,1,0,1,1,0,0,1,0,1
0.00357353,0,0,1,1,0,0,0,1,0,1,1,0,0,1,0,1
0.00357363,0,0,1,0,0,0,0,1,0,1,1,0,0,1,0,1
0.00357364,0,0,1,1,0,0,0,1,0,1,1,0,0,1,0,1
0.00357365,0,0,1,0,0,0,0,1,0,1,1,0,0,1,0,1
0.00357367,0,0,1,1,0,0,0,1,0,1,1,0,0,1,0,1
0.00357373,0,0,1,0,0,0,0,1,0,1,1,0,0,1,0,1
0.00357377,0,0,1,1,0,0,0,1,0,1,1,0,0,1,0,1
0.00357378,0,0,1,0,0,0,0,1,0,1,1,0,0,1,0,1
0.00357403,0,0,0,0,0,0,0,1,0,1,1,0,0,1,0,1
0.00357404,0,0,1,0,0,0,0,1,0,1,1,0,0,1,0,1
0.00357405,0,0,0,0,0,0,0,1,0,1,1,0,0,1,0,1
0.00357411,0,0,1,0,0,0,0,1,0,1,1,0,0,1,0,1
0.00357412,0,0,0,0,0,0,0,1,0,1,1,0,0,1,0,1
0.00357414,0,0,1,0,0,0,0,1,0,1,1,0,0,1,0,1
0.00357415,0,0,0,0,0,0,0,1,0,1,1,0,0,1,0,1
0.00357424,0,0,1,0,0,0,0,1,0,1,1,0,0,1,0,1
0.00357426,0,0,0,0,0,0,0,1,0,1,1,0,0,1,0,1
0.00357432,0,1,1,0,0,0,0,1,0,1,1,0,0,1,0,1
0.00357433,0,1,1,0,0,1,0,1,0,1,1,0,0,1,0,1
0.00357435,1,1,1,1,1,1,1,1,0,1,1,0,0,1,0,1
0.00357438,0,1,1,0,0,1,0,1,0,1,1,0,0,1,0,1
0.00357443,1,1,1,1,0,1,0,1,0,1,1,0,0,1,0,1
0.00357444,0,1,1,1,0,1,0,1,0,1,1,0,0,1,0,1
0.00357445,0,1,1,0,0,1,0,1,0,1,1,0,0,1,0,1
0.00357467,0,1,1,0,0,1,0,1,0,1,1,0,0,1,0,0
0.00357468,0,1,1,0,0,1,0,1,0,1,1,0,0,1,0,1
0.00357475,0,1,1,0,0,1,0,1,0,1,1,0,0,1,0,0
0.00357476,0,1,1,0,0,1,0,1,0,1,1,0,0,1,0,1
0.0035752,1,1,1,1,0,1,0,1,0,1,1,0,0,1,0,1
0.00357522,1,1,1,1,1,1,1,1,0,1,1,0,0,1,0,1
0.00357528,0,0,0,0,0,0,1,0,0,1,1,0,0,1,0,1
0.00357532,1,1,1,1,0,1,1,0,0,1,1,0,0,1,0,1
0.00357533,1,1,1,1,1,1,1,0,0,1,1,0,0,1,0,1
0.00357536,1,1,1,1,0,1,1,0,0,1,1,0,0,1,0,1
0.00357537,1,0,1,1,0,0,1,0,0,1,1,0,0,1,0,1
0.00357538,0,0,0,0,0,0,1,0,0,1,1,0,0,1,0,1
0.00357539,0,0,0,1,0,0,1,0,0,1,1,0,0,1,0,1
0.0035754,1,1,1,1,0,0,1,0,0,1,1,0,0,1,0,1
0.00357541,1,1,1,1,0,1,1,0,0,1,1,0,0,1,0,1
0.00357543,1,1,1,1,0,0,1,0,0,1,1,0,0,1,0,1
0.00357582,0,1,1,1,0,0,1,0,0,1,1,0,0,1,0,1
0.00357584,1,1,1,1,0,0,1,0,0,1,1,0,0,1,0,1
0.00357589,0,1,1,1,0,0,1,0,0,1,1,0,0,1,0,1
0.0035759,1,1,1,1,0,0,1,0,0,1,1,0,0,1,0,1
0.00357593,0,1,1,1,0,0,1,0,0,1,1,0,0,1,0,1
0.00357597,1,1,1,1,0,0,1,0,0,1,1,0,0,1,0,1
0.00357598,0,1,1,1,0,0,1,0,0,1,1,0,0,1,0,1
0.00357606,0,0,1,1,0,0,1,0,0,1,1,0,0,1,0,1
0.00357608,0,1,1,1,0,0,1,0,0,1,1,0,0,1,0,1
0.00357609,1,1,1,1,0,0,1,0,0,1,1,0,0,1,0,1
0.0035761,0,0,1,1,0,0,1,0,0,1,1,0,0,1,0,1
0.00357611,0,1,1,1,0,0,1,0,0,1,1,0,0,1,0,1
0.00357612,0,0,1,1,0,0,1,0,0,1,1,0,0,1,0,1
0.00357613,0,1,1,1,0,0,1,0,0,1,1,0,0,1,0,1
0.00357614,0,0,1,1,0,0,1,0,0,1,1,0,0,1,0,1
0.00357615,0,1,1,1,0,0,1,0,0,1,1,0,0,1,0,1
0.00357616,0,0,1,1,0,0,1,0,0,1,1,0,0,1,0,1
0.00357617,0,0,1,0,0,0,1,0,0,1,1,0,0,1,0,1
0.00357618,1,1,1,1,0,0,1,0,0,1,1,0,0,1,0,1
0.00357619,1,1,1,1,0,0,1,1,0,1,1,0,0,1,0,1
0.0035762,1,1,1,1,1,1,1,1,0,1,1,0,0,1,0,1
0.00357624,0,0,0,0,0,0,0,1,0,1,1,0,0,1,0,1
0.00357627,1,1,1,1,0,1,0,1,0,1,1,0,0,1,0,1
0.00357628,1,1,1,1,1,1,1,1,0,1,1,0,0,1,0,1
0.00357632,1,1,1,1,0,1,0,1,0,1,1,0,0,1,0,1
0.00357633,0,0,0,0,0,0,0,1,0,1,1,0,0,1,0,1
0.00357635,1,1,1,1,0,1,0,1,0,1,1,0,0,1,0,1
0.00357666,0,1,1,1,0,1,0,1,0,1,1,0,0,1,0,1
0.00357667,1,1,1,1,0,1,0,1,0,1,1,0,0,1,0,1
0.00357673,0,1,1,1,0,1,0,1,0,1,1,0,0,1,0,1
0.00357677,1,1,1,1,0,1,0,1,0,1,1,0,0,1,0,1
0.00357678,0,1,1,1,0,1,0,1,0,1,1,0,0,1,0,1
0.00357681,1,1,1,1,0,1,0,1,0,1,1,0,0,1,0,1
0.00357682,0,1,1,1,0,1,0,1,0,1,1,0,0,1,0,1
0.00357683,0,0,1,1,0,1,0,1,0,1,1,0,0,1,0,1
0.00357684,0,1,1,1,0,1,0,1,0,1,1,0,0,1,0,1
0.00357686,0,0,1,1,0,1,0,1,0,1,1,0,0,1,0,1
0.0035769,0,1,1,1,0,1,0,1,0,1,1,0,0,1,0,1
0.00357692,0,0,1,1,0,1,0,1,0,1,1,0,0,1,0,1
0.0035771,0,0,1,0,0,0,0,1,0,1,1,0,0,1,0,1
0.00357711,0,0,0,0,0,0,0,1,0,1,1,0,0,1,0,1
0.00357712,0,0,1,1,0,1,0,1,0,1,1,0,0,1,0,1
0.00357715,1,1,1,1,0,0,0,1,0,1,1,0,0,1,0,1
0.00357717,1,1,1,1,1,1,0,1,0,1,1,0,0,1,0,1
0.00357718,1,1,1,1,1,1,1,1,0,1,1,0,0,1,0,1
0.00357723,0,1,1,1,0,1,0,0,0,1,1,0,0,1,0,1
0.00357727,1,1,1,1,1,1,1,0,0,1,1,0,0,1,0,1
0.00357728,1,1,1,1,1,1,1,1,0,1,1,0,0,1,0,1
0.00357729,1,1,1,1,0,1,1,0,0,1,1,0,0,1,0,1
0.0035773,0,1,1,1,0,1,0,0,0,1,1,0,0,1,0,1
0.00357735,1,1,1,1,0,1,0,0,0,1,1,0,0,1,0,1
0.00357736,0,1,1,1,0,1,0,0,0,1,1,0,0,1,0,1
0.00357814,1,1,1,1,1,1,1,0,0,1,1,0,0,1,0,1
0.00357815,1,1,1,1,1,1,1,1,0,1,1,0,0,1,0,1
0.00357916,1,1,1,1,0,1,1,0,0,1,1,0,0,1,0,1
0.00357917,0,1,1,1,0,1,0,0,0,1,1,0,0,1,0,1
0.00357921,1,1,1,1,1,1,1,1,0,1,1,0,0,1,0,1
0.00357922,1,1,1,1,0,1,1,0,0,1,1,0,0,1,0,1
0.00357923,0,1,1,1,0,1,0,0,0,1,1,0,0,1,0,1
0.0035802,1,1,1,1,1,1,1,1,0,1,1,0,0,1,0,1
0.00358021,0,0,1,0,1,0,0,0,0,1,1,0,0,1,0,1
0.00358026,1,0,1,0,1,0,1,0,0,1,1,0,0,1,0,1
0.00358027,0,0,1,0,1,0,0,0,0,1,1,0,0,1,0,1
0.00358053,0,0,1,0,1,0,0,0,0,0,1,0,0,0,0,0
0.00358054,0,0,1,0,1,0,0,0,0,0,1,0,1,0,0,0
0.00358061,0,0,1,0,1,0,0,0,0,0,0,0,1,0,0,0
0.00358062,0,0,1,0,1,0,0,0,0,0,1,0,1,0,0,0
0.00358106,1,0,1,0,1,0,0,0,0,0,1,0,1,0,0,0
0.00358107,0,0,1,0,1,0,0,0,0,0,1,0,1,0,0,0
0.00358108,1,0,1,0,1,1,1,1,0,0,1,0,1,0,0,0
0.00358109,1,1,1,1,1,1,1,1,0,0,1,0,1,0,0,0
0.0035821,0,0,1,1,0,1,1,1,0,0,1,0,1,0,0,0
0.00358211,0,0,0,0,0,0,0,1,0,0,1,0,1,0,0,0
0.00358215,1,1,1,1,0,1,1,1,0,0,1,0,1,0,0,0
0.00358218,0,0,1,1,0,1,1,1,0,0,1,0,1,0,0,0
0.00358219,0,0,0,0,0,0,0,1,0,0,1,0,1,0,0,0
0.00358224,0,0,0,1,0,0,0,1,0,0,1,0,1,0,0,0
0.00358225,0,0,0,0,0,0,0,1,0,0,1,0,1,0,0,0
0.00358304,1,1,1,1,1,1,0,1,0,0,1,0,1,0,0,0
0.00358305,1,1,1,1,1,1,1,1,0,0,1,0,1,0,0,0
0.00358308,1,1,1,1,1,1,1,0,0,0,1,0,1,0,0,0
0.00358309,1,1,0,0,1,0,0,0,0,0,1,0,1,0,0,0
0.00358312,1,1,1,1,1,1,0,0,0,0,1,0,1,0,0,0
0.00358313,1,1,1,1,1,1,1,0,0,0,1,0,1,0,0,0
0.00358316,1,1,1,1,1,0,0,0,0,0,1,0,1,0,0,0
0.00358317,1,1,0,0,1,0,0,0,0,0,1,0,1,0,0,0
0.0035832,1,1,1,1,1,1,0,0,0,0,1,0,1,0,0,0
0.00358321,1,1,1,1,1,1,1,0,0,0,1,0,1,0,0,0
0.00358323,1,1,1,1,1,1,0,0,0,0,1,0,1,0,0,0
0.00358324,1,1,1,0,1,0,0,0,0,0,1,0,1,0,0,0
0.00358328,1,1,1,1,1,1,0,0,0,0,1,0,1,0,0,0
0.0035833,1,1,1,1,1,0,0,0,0,0,1,0,1,0,0,0
0.00358331,1,1,1,0,1,0,0,0,0,0,1,0,1,0,0,0
0.00358345,1,1,1,1,1,0,0,0,0,0,1,0,1,0,0,0
0.00358346,1,1,1,1,1,0,0,0,0,0,0,0,1,0,0,0
0.00358347,1,1,1,0,1,0,0,0,1,1,0,0,1,0,0,0
0.00358348,1,1,0,0,1,0,0,0,1,1,0,0,1,0,0,0
0.0035835,1,1,1,0,1,0,0,0,1,1,0,0,1,0,0,0
0.00358351,1,1,1,1,1,1,0,0,1,1,0,0,1,0,0,0
0.00358353,1,1,1,1,1,0,0,0,0,0,0,0,0,0,0,0
0.00358354,1,1,0,0,1,0,0,0,1,1,0,0,1,0,0,0
0.00358358,1,1,1,0,1,0,0,0,1,1,0,0,1,0,0,0
0.00358359,1,1,1,1,1,1,0,0,1,1,0,0,1,0,0,0
0.0035836,1,1,1,1,1,0,0,0,1,1,0,0,1,0,0,0
0.00358361,1,1,1,0,1,0,0,0,1,1,0,0,1,0,0,0
0.00358362,1,1,0,0,1,0,0,0,1,1,0,0,1,0,0,0
0.00358364,1,1,1,0,1,0,0,0,1,1,0,0,1,0,0,0
0.00358371,1,1,0,0,1,0,0,0,1,1,0,0,1,0,0,0
0.00358372,1,1,1,0,1,0,0,0,1,1,0,0,1,0,0,0
0.00358376,1,1,0,0,1,0,0,0,1,1,0,0,1,0,0,0
0.0035839,1,1,1,0,1,0,0,0,1,1,0,0,1,0,0,0
0.00358391,1,1,0,0,1,0,0,0,1,1,0,0,1,0,0,0
0.003584,1,1,1,0,1,0,0,0,1,1,0,0,1,0,0,0
0.00358401,1,1,1,1,1,1,1,0,1,1,0,0,1,0,0,0
0.00358402,1,1,1,1,1,1,1,1,1,1,0,0,1,0,0,0
0.00358406,1,0,0,0,1,1,1,0,1,1,0,0,1,0,0,0
0.0035841,1,1,1,1,1,1,1,1,1,1,0,0,1,0,0,0
0.00358411,1,1,1,1,1,1,1,0,1,1,0,0,1,0,0,0
0.00358412,1,0,1,1,1,1,1,0,1,1,0,0,1,0,0,0
0.00358413,1,0,0,0,1,1,1,0,1,1,0,0,1,0,0,0
0.00358417,1,0,1,1,1,1,1,0,1,1,0,0,1,0,0,0
0.0035842,1,0,0,0,1,1,1,0,1,1,0,0,1,0,0,0
0.00358424,1,0,1,0,1,1,1,0,1,1,0,0,1,0,0,0
0.00358427,1,0,0,0,1,1,1,0,1,1,0,0,1,0,0,0
0.00358496,1,1,0,0,1,1,1,0,1,1,0,0,1,0,0,0
0.00358498,1,1,1,1,1,1,1,0,1,1,0,0,1,0,0,0
0.00358499,1,0,1,1,1,1,1,1,1,1,0,0,1,0,0,0
0.003585,1,1,1,1,1,1,1,1,1,1,0,0,1,0,0,0
0.00358504,1,1,1,1,1,0,0,0,1,1,0,0,1,0,0,0
0.00358505,0,1,0,0,1,0,0,0,1,1,0,0,1,0,0,0
0.00358508,0,1,1,1,1,1,0,0,1,1,0,0,1,0,0,0
0.00358509,1,1,1,1,1,1,1,1,1,1,0,0,1,0,0,0
0.00358511,1,1,1,1,1,1,1,0,1,1,0,0,1,0,0,0
0.00358512,1,1,1,1,1,0,0,0,1,1,0,0,1,0,0,0
0.00358513,0,1,1,1,1,0,0,0,1,1,0,0,1,0,0,0
0.00358514,0,1,0,0,1,0,0,0,1,1,0,0,1,0,0,0
0.00358515,0,1,1,0,1,0,0,0,1,1,0,0,1,0,0,0
0.00358516,0,1,1,1,1,0,0,0,1,1,0,0,1,0,0,0
0.00358517,1,1,1,1,1,0,0,0,1,1,0,0,1,0,0,0
0.00358519,0,1,1,1,1,0,0,0,1,1,0,0,1,0,0,0
0.00358541,1,1,1,1,1,0,0,0,0,1,0,0,1,0,0,0
0.00358542,0,1,1,1,1,0,0,0,0,1,0,0,1,0,0,0
0.00358547,1,1,1,1,1,0,0,0,0,1,0,0,1,0,0,0
0.00358549,1,1,1,1,1,0,0,0,0,0,0,0,0,0,0,0
0.0035855,0,1,1,1,1,0,0,0,0,1,0,0,1,0,0,0
0.00358552,0,1,1,0,1,0,0,0,0,1,0,0,1,0,0,0
0.00358553,0,1,1,1,1,0,0,0,0,1,0,0,1,0,0,0
0.00358555,1,1,1,1,1,0,0,0,0,1,0,0,1,0,0,0
0.00358556,0,1,1,1,1,0,0,0,0,1,0,0,1,0,0,0
0.00358573,0,1,1,0,1,0,0,0,0,1,0,0,1,0,0,0
0.00358576,0,1,1,1,1,0,0,0,0,1,0,0,1,0,0,0
0.00358578,0,1,1,0,1,0,0,0,0,1,0,0,1,0,0,0
0.00358585,0,1,1,1,1,0,0,0,0,1,0,0,1,0,0,0
0.00358586,0,1,1,0,1,0,0,0,0,1,0,0,1,0,0,0
0.00358592,0,1,1,1,1,0,0,0,0,1,0,0,1,0,0,0
0.00358593,0,1,1,0,1,0,0,0,0,1,0,0,1,0,0,0
0.00358594,1,1,0,0,1,0,0,0,0,1,0,0,1,0,0,0
0.00358595,1,1,1,1,1,0,0,0,0,1,0,0,1,0,0,0
0.00358597,1,1,1,1,1,1,0,0,0,1,0,0,1,0,0,0
0.00358598,1,1,1,1,1,1,1,0,0,1,0,0,1,0,0,0
0.00358599,1,1,1,1,1,1,1,1,0,1,0,0,1,0,0,0
0.003586,1,1,1,0,1,1,1,1,0,1,0,0,1,0,0,0
0.00358601,1,1,0,0,1,1,0,0,0,1,0,0,1,0,0,0
0.00358604,1,1,1,1,1,1,0,0,0,1,0,0,1,0,0,0
0.00358605,1,1,1,1,1,1,1,1,0,1,0,0,1,0,0,0
0.00358606,1,1,1,1,1,1,1,0,0,1,0,0,1,0,0,0
0.00358607,1,1,1,1,1,1,0,0,0,1,0,0,1,0,0,0
0.00358608,1,1,0,0,1,1,0,0,0,1,0,0,1,0,0,0
0.00358612,1,1,1,1,1,1,0,0,0,1,0,0,1,0,0,0
0.00358614,1,1,1,0,1,1,0,0,0,1,0,0,1,0,0,0
0.00358615,1,1,0,0,1,1,0,0,0,1,0,0,1,0,0,0
0.00358619,1,1,1,0,1,1,0,0,0,1,0,0,1,0,0,0
0.00358622,1,1,0,0,1,1,0,0,0,1,0,0,1,0,0,0
0.00358641,1,1,1,0,1,1,0,0,0,1,0,0,1,0,0,0
0.00358642,1,1,0,0,1,1,0,0,0,1,0,0,1,0,0,0
0.00358693,1,1,0,0,1,1,1,0,0,1,0,0,1,0,0,0
0.00358694,1,1,1,1,1,1,1,1,0,1,0,0,1,0,0,0
0.003587,1,0,0,0,1,0,0,0,0,1,0,0,1,0,0,0
0.00358703,1,0,1,0,1,0,0,0,0,1,0,0,1,0,0,0
0.00358704,1,1,1,1,1,1,1,1,0,1,0,0,1,0,0,0
0.00358707,1,1,1,1,1,0,1,0,0,1,0,0,1,0,0,0
0.00358708,1,0,1,1,1,0,0,0,0,1,0,0,1,0,0,0
0.00358709,1,0,0,0,1,0,0,0,0,1,0,0,1,0,0,0
0.00358711,1,0,1,1,1,0,0,0,0,1,0,0,1,0,0,0
0.00358712,1,1,1,1,1,0,0,0,0,1,0,0,1,0,0,0
0.00358713,1,1,1,1,1,0,1,0,0,1,0,0,1,0,0,0
0.00358714,1,0,1,1,1,0,0,0,0,1,0,0,1,0,0,0
0.00358717,1,0,1,0,1,0,0,0,0,1,0,0,1,0,0,0
0.00358718,1,0,1,1,1,0,0,0,0,1,0,0,1,0,0,0
0.00358732,1,0,1,0,1,0,0,0,0,1,0,0,1,0,0,0
0.00358733,1,0,1,1,1,0,0,0,0,1,0,0,1,0,0,0
0.00358736,1,0,1,1,1,0,0,0,0,0,0,0,1,0,0,0
0.00358738,1,0,1,0,1,0,0,0,1,0,0,0,1,0,0,0
0.00358742,1,1,1,1,1,0,0,0,1,0,0,0,1,0,0,0
0.00358743,1,0,1,1,1,0,0,0,1,0,0,0,1,0,0,0
0.00358744,1,0,1,1,1,0,0,0,0,0,0,0,0,0,0,0
0.00358745,1,0,1,0,1,0,0,0,1,0,0,0,1,0,0,0
0.00358749,1,0,1,1,1,0,0,0,1,0,0,0,1,0,0,0
0.00358752,1,0,1,0,1,0,0,0,1,0,0,0,1,0,0,0
0.00358777,1,0,0,0,1,0,0,0,1,0,0,0,1,0,0,0
0.0035878,1,0,1,0,1,0,0,0,1,0,0,0,1,0,0,0
0.00358782,1,0,0,0,1,0,0,0,1,0,0,0,1,0,0,0
0.00358789,1,0,1,0,1,0,0,0,1,0,0,0,1,0,0,0
0.0035879,1,1,1,1,1,0,0,0,1,0,0,0,1,0,0,0
0.00358791,1,1,1,1,1,1,1,1,1,0,0,0,1,0,0,0
0.00358797,0,0,1,1,1,0,1,0,1,0,0,0,1,0,0,0
0.00358801,1,1,1,1,1,1,1,1,1,0,0,0,1,0,0,0
0.00358803,0,1,1,1,1,1,1,0,1,0,0,0,1,0,0,0
0.00358804,0,0,1,1,1,0,1,0,1,0,0,0,1,0,0,0
0.00358808,0,1,1,1,1,0,1,0,1,0,0,0,1,0,0,0
0.0035881,0,0,1,1,1,0,1,0,1,0,0,0,1,0,0,0
0.00358887,1,1,1,1,1,0,1,0,1,0,0,0,1,0,0,0
0.00358889,1,1,1,1,1,1,1,1,1,0,0,0,1,0,0,0
0.00358895,0,1,1,1,1,1,0,0,1,0,0,0,1,0,0,0
0.00358899,1,1,1,1,1,1,1,1,1,0,0,0,1,0,0,0
0.00358901,0,1,1,1,1,1,0,0,1,0,0,0,1,0,0,0
0.00358932,0,1,1,1,1,1,0,0,0,1,1,1,1,1,0,0
0.00358987,1,1,1,1,1,1,1,1,0,1,1,1,1,1,0,0
0.00358991,1,0,0,0,1,0,1,1,0,1,1,1,1,1,0,0
0.00358992,0,0,0,0,1,0,1,0,0,1,1,1,1,1,0,0
0.00358995,0,0,0,0,1,1,1,0,0,1,1,1,1,1,0,0
0.00358996,1,1,1,1,1,1,1,1,0,1,1,1,1,1,0,0
0.00358999,1,0,0,0,1,0,1,0,0,1,1,1,1,1,0,0
0.00359,0,0,0,0,1,0,1,0,0,1,1,1,1,1,0,0
0.00359004,1,1,1,0,1,0,1,0,0,1,1,1,1,1,0,0
0.00359005,1,0,0,0,1,0,1,0,0,1,1,1,1,1,0,0
0.00359006,0,0,0,0,1,0,1,0,0,1,1,1,1,1,0,0
0.00359082,0,1,1,1,1,0,1,0,0,1,1,1,1,1,0,0
0.00359083,1,1,1,1,1,0,1,0,0,1,1,1,1,1,0,0
0.00359084,1,1,1,1,1,0,1,1,0,1,1,1,1,1,0,0
0.00359085,1,1,1,1,1,1,1,1,0,1,1,1,1,1,0,0
0.00359089,1,1,1,1,0,1,1,1,0,1,1,1,1,1,0,0
0.0035909,0,0,0,0,0,0,0,1,0,1,1,1,1,1,0,0
0.00359094,1,1,1,1,0,1,1,1,0,1,1,1,1,1,0,0
0.00359097,1,1,1,1,0,1,0,1,0,1,1,1,1,1,0,0
0.00359098,0,0,1,1,0,0,0,1,0,1,1,1,1,1,0,0
0.00359099,0,0,0,0,0,0,0,1,0,1,1,1,1,1,0,0
0.00359102,1,1,1,1,0,1,0,1,0,1,1,1,1,1,0,0
0.00359106,0,0,1,1,0,0,0,1,0,1,1,1,1,1,0,0
0.00359107,0,0,1,0,0,0,0,1,0,1,1,1,1,1,0,0
0.00359108,0,0,0,0,0,0,0,1,0,1,1,1,1,1,0,0
0.00359109,0,0,1,0,0,0,0,1,0,1,1,1,1,1,0,0
0.0035911,0,0,1,1,0,1,0,1,0,1,1,1,1,1,0,0
0.00359113,0,0,1,1,0,0,0,1,0,1,1,1,1,1,0,0
0.00359115,0,0,1,0,0,0,0,1,0,1,1,1,1,1,0,0
0.00359118,0,0,1,1,0,0,0,1,0,1,1,1,1,1,0,0
0.00359121,0,0,1,0,0,0,0,1,0,1,1,1,1,1,0,0
0.00359125,0,0,1,1,0,0,0,1,0,1,1,1,1,1,0,0
0.00359126,0,0,1,0,0,0,0,1,0,1,1,1,1,1,0,0
0.00359127,0,0,1,1,0,0,0,1,0,1,1,1,1,1,0,0
0.00359129,0,0,1,0,0,0,0,1,0,1,1,1,1,1,0,0
0.00359141,0,0,0,0,0,0,0,1,0,1,1,1,1,1,0,0
0.0035918,1,0,1,0,0,0,0,1,0,1,1,1,1,1,0,0
0.00359181,0,0,1,0,0,0,0,1,0,1,1,1,1,1,0,0
0.00359182,1,0,1,1,0,1,0,1,0,1,1,1,1,1,0,0
0.00359183,1,1,1,1,1,1,1,1,0,1,1,1,1,1,0,0
0.00359187,0,0,1,0,0,0,1,0,0,1,1,1,1,1,0,0
0.00359188,0,0,0,0,0,0,1,0,0,1,1,1,1,1,0,0
0.00359191,1,1,1,1,0,1,1,0,0,1,1,1,1,1,0,0
0.00359192,1,1,1,1,1,1,1,0,0,1,1,1,1,1,0,0
0.00359193,1,1,1,1,1,1,1,1,0,1,1,1,1,1,0,0
0.00359194,1,1,1,1,1,1,1,0,0,1,1,1,1,1,0,0
0.00359195,1,1,1,1,0,1,1,0,0,1,1,1,1,1,0,0
0.00359196,0,0,1,1,0,1,1,0,0,1,1,1,1,1,0,0
0.00359197,0,0,1,0,0,0,1,0,0,1,1,1,1,1,0,0
0.00359198,0,0,1,1,0,1,1,0,0,1,1,1,1,1,0,0
0.00359199,1,1,1,1,0,1,1,0,0,1,1,1,1,1,0,0
0.00359229,0,1,1,1,0,1,1,0,0,1,1,1,1,1,0,0
0.00359231,1,1,1,1,0,1,1,0,0,1,1,1,1,1,0,0
0.00359233,0,1,1,1,0,1,1,0,0,1,1,1,1,1,0,0
0.00359235,1,1,1,1,0,1,1,0,0,1,1,1,1,1,0,0
0.00359238,0,1,1,1,0,1,1,0,0,1,1,1,1,1,0,0
0.00359243,0,0,1,1,0,1,1,0,0,1,1,1,1,1,0,0
0.00359244,1,1,1,1,0,1,1,0,0,1,1,1,1,1,0,0
0.00359245,0,1,1,1,0,1,1,0,0,1,1,1,1,1,0,0
0.00359247,0,0,1,1,0,1,1,0,0,1,1,1,1,1,0,0
0.00359248,0,1,1,1,0,1,1,0,0,1,1,1,1,1,0,0
0.00359249,0,0,1,1,0,1,1,0,0,1,1,1,1,1,0,0
0.00359251,0,1,1,1,0,1,1,0,0,1,1,1,1,1,0,0
0.00359252,0,0,1,1,0,1,1,0,0,1,1,1,1,1,0,0
0.00359277,0,1,1,1,0,1,1,0,0,1,1,1,1,1,0,0
0.00359278,1,1,1,1,0,1,1,0,0,1,1,1,1,1,0,0
0.00359279,1,1,1,1,1,1,1,1,0,1,1,1,1,1,0,0
0.0035928,1,1,1,1,0,1,1,0,0,1,1,1,1,1,0,0
0.00359281,0,0,0,0,0,0,1,0,0,1,1,1,1,1,0,0
0.00359284,1,0,0,0,1,0,1,0,0,1,1,1,1,1,0,0
0.00359286,1,1,1,1,1,1,1,0,0,1,1,1,1,1,0,0
0.00359287,1,1,1,1,1,1,1,1,0,1,1,1,1,1,0,0
0.00359289,1,0,1,1,1,1,1,0,0,1,1,1,1,1,0,0
0.0035929,1,0,0,0,1,0,1,0,0,1,1,1,1,1,0,0
0.00359293,1,0,1,1,1,1,1,0,0,1,1,1,1,1,0,0
0.00359294,1,1,1,1,1,1,1,0,0,1,1,1,1,1,0,0
0.00359296,1,0,1,1,1,1,1,0,0,1,1,1,1,1,0,0
0.00359297,1,0,1,0,1,0,1,0,0,1,1,1,1,1,0,0
0.00359298,1,0,0,0,1,0,1,0,0,1,1,1,1,1,0,0
0.003593,1,0,1,0,1,0,1,0,0,1,1,1,1,1,0,0
0.00359301,1,0,1,1,1,1,1,0,0,1,1,1,1,1,0,0
0.00359304,1,0,1,0,1,0,1,0,0,1,1,1,1,1,0,0
0.00359306,1,0,0,0,1,0,1,0,0,1,1,1,1,1,0,0
0.00359308,1,0,1,0,1,0,1,0,0,1,1,1,1,1,0,0
0.00359315,1,0,0,0,1,0,1,0,0,1,1,1,1,1,0,0
0.00359322,1,0,1,0,1,0,1,0,0,1,1,1,1,1,0,0
0.00359324,1,0,0,0,1,0,1,0,0,1,1,1,1,1,0,0
0.00359375,1,1,1,1,1,0,1,0,0,1,1,1,1,1,0,0
0.00359377,1,1,1,1,1,1,1,1,0,1,1,1,1,1,0,0
0.00359383,0,0,0,0,0,0,0,1,0,1,1,1,1,1,0,0
0.00359387,1,1,1,1,0,1,1,1,0,1,1,1,1,1,0,0
0.00359389,1,1,1,1,1,1,1,1,0,1,1,1,1,1,0,0
0.0035939,1,1,1,1,0,1,1,1,0,1,1,1,1,1,0,0
0.00359391,1,1,1,1,0,1,0,1,0,1,1,1,1,1,0,0
0.00359392,0,0,1,1,0,1,0,1,0,1,1,1,1,1,0,0
0.00359393,0,0,0,0,0,0,0,1,0,1,1,1,1,1,0,0
0.00359394,0,0,1,1,0,1,0,1,0,1,1,1,1,1,0,0
0.00359395,1,1,1,1,0,1,0,1,0,1,1,1,1,1,0,0
0.003594,0,1,1,1,0,1,0,1,0,1,1,1,1,1,0,0
0.00359403,1,1,1,1,0,1,0,1,0,1,1,1,1,1,0,0
0.00359409,0,1,1,1,0,1,0,1,0,1,1,1,1,1,0,0
0.00359411,1,1,1,1,0,1,0,1,0,1,1,1,1,1,0,0
0.00359414,0,1,1,1,0,1,0,1,0,1,1,1,1,1,0,0
0.00359415,0,0,1,1,0,1,0,1,0,1,1,1,1,1,0,0
0.00359417,0,1,1,1,0,1,0,1,0,1,1,1,1,1,0,0
0.00359418,1,1,1,1,0,1,0,1,0,1,1,1,1,1,0,0
0.00359419,0,0,1,1,0,1,0,1,0,1,1,1,1,1,0,0
0.0035942,0,1,1,1,0,1,0,1,0,1,1,1,1,1,0,0
0.00359421,1,1,1,1,0,1,0,1,0,1,1,1,1,1,0,0
0.00359422,0,0,1,1,0,1,0,1,0,1,1,1,1,1,0,0
0.00359425,1,1,1,1,0,1,0,1,0,1,1,1,1,1,0,0
0.00359427,0,1,1,1,0,1,0,1,0,1,1,1,1,1,0,0
0.00359428,0,0,1,1,0,1,0,1,0,1,1,1,1,1,0,0
0.0035943,1,1,1,1,0,1,0,1,0,1,1,1,1,1,0,0
0.00359431,0,0,1,1,0,1,0,1,0,1,1,1,1,1,0,0
0.00359438,1,0,1,1,0,1,0,1,0,1,1,1,1,1,0,0
0.00359439,0,0,1,1,0,1,0,1,0,1,1,1,1,1,0,0
0.00359456,0,0,1,1,0,0,0,1,0,1,1,1,1,1,0,0
0.00359464,0,0,1,1,0,1,0,1,0,1,1,1,1,1,0,0
0.00359465,0,0,1,1,0,0,0,1,0,1,1,1,1,1,0,0
0.00359469,0,0,1,0,0,0,0,1,0,1,1,1,1,1,0,0
0.0035947,0,0,1,1,0,0,0,1,0,1,1,1,1,1,0,0
0.00359473,1,1,1,1,0,1,0,1,0,1,1,1,1,1,0,0
0.00359474,1,1,1,1,1,0,0,1,0,1,1,1,1,1,0,0
0.00359475,1,1,1,1,0,0,0,1,0,1,1,1,1,1,0,0
0.00359476,1,1,1,1,1,1,1,1,0,1,1,1,1,1,0,0
0.0035948,0,0,0,0,0,0,0,1,0,1,1,1,1,1,0,0
0.00359484,1,1,1,1,0,1,1,1,0,1,1,1,1,1,0,0
0.00359485,1,1,1,1,1,1,1,1,0,1,1,1,1,1,0,0
0.00359487,1,1,1,1,0,1,1,1,0,1,1,1,1,1,0,0
0.00359488,1,0,1,1,0,1,0,1,0,1,1,1,1,1,0,0
0.00359489,0,0,0,0,0,0,0,1,0,1,1,1,1,1,0,0
0.00359492,1,0,1,1,0,1,0,1,0,1,1,1,1,1,0,0
0.00359493,1,1,1,1,0,1,0,1,0,1,1,1,1,1,0,0
0.00359495,1,0,1,1,0,1,0,1,0,1,1,1,1,1,0,0
0.00359496,1,0,1,1,0,0,0,1,0,1,1,1,1,1,0,0
0.00359497,0,0,1,0,0,0,0,1,0,1,1,1,1,1,0,0
0.003595,1,0,1,1,0,0,0,1,0,1,1,1,1,1,0,0
0.00359505,1,0,1,0,0,0,0,1,0,1,1,1,1,1,0,0
0.00359506,0,0,1,0,0,0,0,1,0,1,1,1,1,1,0,0
0.00359507,1,0,1,0,0,0,0,1,0,1,1,1,1,1,0,0
0.00359508,1,0,1,1,0,0,0,1,0,1,1,1,1,1,0,0
0.0035951,1,0,1,0,0,0,0,1,0,1,1,1,1,1,0,0
0.00359513,0,0,1,0,0,0,0,1,0,1,1,1,1,1,0,0
0.00359516,1,0,1,1,0,0,0,1,0,1,1,1,1,1,0,0
0.00359518,0,0,1,0,0,0,0,1,0,1,1,1,1,1,0,0
0.00359521,0,0,0,0,0,0,0,1,0,1,1,1,1,1,0,0
0.00359522,0,0,1,0,0,0,0,1,0,1,1,1,1,1,0,0
0.00359523,0,0,0,0,0,0,0,1,0,1,1,1,1,1,0,0
0.00359524,0,0,1,0,0,0,0,1,0,1,1,1,1,1,0,0
0.00359528,0,0,0,0,0,0,0,1,0,1,1,1,1,1,0,0
0.00359571,1,1,1,1,0,1,0,1,0,1,1,1,1,1,0,0
0.00359572,1,1,1,1,1,1,1,1,0,1,1,1,1,1,0,0
0.00359576,1,0,1,1,0,1,0,1,0,1,1,1,1,1,0,0
0.00359577,0,0,0,0,0,0,0,1,0,1,1,1,1,1,0,0
0.00359581,1,1,1,1,0,1,0,1,0,1,1,1,1,1,0,0
0.00359583,1,0,1,1,0,0,0,1,0,1,1,1,1,1,0,0
0.00359584,0,0,0,0,0,0,0,1,0,1,1,1,1,1,0,0
0.00359672,0,0,0,1,0,1,1,0,0,1,1,1,1,1,0,0
0.00359673,1,0,1,1,0,0,1,0,0,1,1,1,1,1,0,0
0.00359674,0,0,0,0,0,0,1,0,0,1,1,1,1,1,0,0
0.00359767,0,0,0,0,0,0,1,1,0,1,1,1,1,1,0,0
0.00359768,0,1,1,1,0,0,1,1,0,1,1,1,1,1,0,0
0.00359769,0,1,1,1,0,1,1,0,0,1,1,1,1,1,0,0
0.0035977,1,1,1,1,1,1,1,0,0,1,1,1,1,1,0,0
0.00359771,1,1,1,1,0,1,0,0,0,1,1,1,1,1,0,0
0.00359772,0,1,1,1,0,1,0,0,0,1,1,1,1,1,0,0
0.0035987,0,1,1,1,0,1,0,1,0,1,1,1,1,1,0,0
0.00359871,1,1,1,1,1,1,1,1,0,1,1,1,1,1,0,0
0.00359872,1,0,0,0,0,0,0,1,0,1,1,1,1,1,0,0
0.00359874,1,0,0,1,0,0,0,1,0,1,1,1,1,1,0,0
0.00359877,1,1,0,0,1,1,1,1,0,1,1,1,1,1,0,0
0.00359878,1,0,0,0,0,0,0,1,0,1,1,1,1,1,0,0
0.00359908,1,0,0,0,0,0,0,1,0,0,0,0,0,0,0,0
0.0035991,1,0,0,0,0,0,0,1,1,0,0,0,0,0,0,1
0.00359916,1,0,0,0,0,0,0,1,1,0,0,0,0,0,0,0
0.00359917,1,0,0,0,0,0,0,1,1,0,0,0,0,0,0,1
0.00359961,1,1,1,1,0,0,0,1,1,0,0,0,0,0,0,1
0.00359962,1,1,1,1,0,1,0,1,1,0,0,0,0,0,0,1
0.00359963,1,1,1,1,1,1,1,1,1,0,0,0,0,0,0,1
0.00359964,0,1,1,1,1,1,1,0,1,0,0,0,0,0,0,1
0.00359965,0,1,1,1,0,1,0,0,1,0,0,0,0,0,0,1
0.00360065,1,1,1,1,1,1,1,1,1,0,0,0,0,0,0,1
0.0036007,0,1,0,0,1,0,1,1,1,0,0,0,0,0,0,1
0.00360075,1,1,1,1,1,1,1,1,1,0,0,0,0,0,0,1
0.00360077,0,1,0,0,1,0,1,1,1,0,0,0,0,0,0,1
0.00360103,0,1,0,0,1,0,1,1,0,0,0,0,0,0,0,0
0.00360104,0,1,0,0,1,0,1,1,0,1,0,0,1,0,1,1
0.00360156,0,1,1,1,1,0,1,1,0,1,0,0,1,0,1,1
0.00360157,1,1,1,1,1,0,1,1,0,1,0,0,1,0,1,1
0.00360158,1,1,1,1,1,1,1,1,0,1,0,0,1,0,1,1
0.00360163,1,1,1,1,0,1,0,0,0,1,0,0,1,0,1,1
0.00360164,0,1,1,1,0,1,0,0,0,1,0,0,1,0,1,1
0.00360167,1,1,1,1,0,1,0,0,0,1,0,0,1,0,1,1
0.00360168,1,1,1,1,0,1,1,0,0,1,0,0,1,0,1,1
0.00360169,1,1,1,1,0,1,0,0,0,1,0,0,1,0,1,1
0.0036017,0,1,1,1,0,1,0,0,0,1,0,0,1,0,1,1
0.00360255,1,1,1,1,0,1,0,0,0,1,0,0,1,0,1,1
0.00360256,1,1,1,1,0,1,1,0,0,1,0,0,1,0,1,1
0.00360257,1,1,1,1,1,1,1,0,0,1,0,0,1,0,1,1
0.00360258,1,1,1,1,1,1,1,1,0,1,0,0,1,0,1,1
0.00360352,0,0,0,0,0,0,0,0,0,1,0,0,1,0,1,1
0.00360356,1,1,1,0,0,0,0,0,0,1,0,0,1,0,1,1
0.00360357,1,0,1,0,0,0,0,0,0,1,0,0,1,0,1,1
0.00360358,0,0,0,0,0,0,0,0,0,1,0,0,1,0,1,1
0.00360448,1,0,1,0,0,0,0,0,0,1,0,0,1,0,1,1
0.0036045,0,0,0,0,0,0,0,0,0,1,0,0,1,0,1,1
0.00360452,0,0,1,0,0,0,0,0,0,1,0,0,1,0,1,1
0.00360453,0,1,1,1,0,1,0,0,0,1,0,0,1,0,1,1
0.00360455,1,1,1,1,1,1,1,1,0,1,0,0,1,0,1,1
0.00360461,0,1,0,0,1,1,0,0,0,1,0,0,1,0,1,1
0.00360465,1,1,1,1,1,1,0,0,0,1,0,0,1,0,1,1
0.00360466,1,1,1,1,1,1,1,1,0,1,0,0,1,0,1,1
0.00360467,1,1,1,1,1,1,0,0,0,1,0,0,1,0,1,1
0.00360468,0,1,0,0,1,1,0,0,0,1,0,0,1,0,1,1
0.00360473,0,1,1,0,1,1,0,0,0,1,0,0,1,0,1,1
0.00360475,0,1,0,0,1,1,0,0,0,1,0,0,1,0,1,1
0.00360494,0,1,0,0,1,1,0,0,0,1,0,0,1,0,0,0
0.00360495,0,1,0,0,1,1,0,0,0,1,0,0,1,1,0,0
0.00360547,1,1,0,0,1,1,0,0,0,1,0,0,1,1,0,0
0.00360548,0,1,1,0,1,1,0,0,0,1,0,0,1,1,0,0
0.00360549,1,1,1,1,1,1,0,0,0,1,0,0,1,1,0,0
0.0036055,1,1,1,1,1,1,1,0,0,1,0,0,1,1,0,0
0.00360551,1,1,1,1,1,1,1,1,0,1,0,0,1,1,0,0
0.00360553,1,1,1,0,1,0,1,1,0,1,0,0,1,1,0,0
0.00360554,1,1,0,0,1,0,1,0,0,1,0,0,1,1,0,0
0.00360558,1,1,1,1,1,0,1,1,0,1,0,0,1,1,0,0
0.00360559,1,1,1,0,1,0,1,0,0,1,0,0,1,1,0,0
0.0036056,1,1,0,0,1,0,1,0,0,1,0,0,1,1,0,0
0.00360645,1,1,1,1,1,0,1,0,0,1,0,0,1,1,0,0
0.00360647,1,1,1,1,1,1,1,1,0,1,0,0,1,1,0,0
0.00360651,1,1,1,1,0,0,0,0,0,1,0,0,1,1,0,0
0.00360652,1,1,0,1,0,0,0,0,0,1,0,0,1,1,0,0
0.00360656,1,1,1,1,0,1,0,0,0,1,0,0,1,1,0,0
0.00360657,1,1,1,1,0,1,1,1,0,1,0,0,1,1,0,0
0.00360658,1,1,1,1,0,0,0,0,0,1,0,0,1,1,0,0
0.00360659,1,1,0,1,0,0,0,0,0,1,0,0,1,1,0,0
0.00360664,1,1,1,1,0,0,0,0,0,1,0,0,1,1,0,0
0.00360666,1,1,0,1,0,0,0,0,0,1,0,0,1,1,0,0
0.00360743,1,1,1,1,0,0,0,0,0,1,0,0,1,1,0,0
0.00360744,1,1,1,1,1,1,1,0,0,1,0,0,1,1,0,0
0.00360745,1,1,1,1,1,1,1,1,0,1,0,0,1,1,0,0
0.00360845,0,0,0,1,1,0,1,0,0,1,0,0,1,1,0,0
0.00360848,1,1,1,1,1,1,1,1,0,1,0,0,1,1,0,0
0.00360851,0,1,1,0,0,1,0,1,0,1,0,0,1,1,0,0
0.00360855,0,1,1,1,0,1,0,1,0,1,0,0,1,1,0,0
0.00360856,1,1,1,1,0,1,1,1,0,1,0,0,1,1,0,0
0.00360857,0,1,1,0,0,1,0,1,0,1,0,0,1,1,0,0
0.00360884,0,1,1,0,0,1,0,1,0,1,0,0,0,1,0,0
0.00360885,0,1,1,0,0,1,0,1,0,1,1,0,0,1,0,1
0.00360937,1,1,1,1,0,1,0,1,0,1,1,0,0,1,0,1
0.00360939,1,1,1,1,1,1,1,1,0,1,1,0,0,1,0,1
0.00360945,1,0,0,1,1,0,1,0,0,1,1,0,0,1,0,1
0.00360946,0,0,0,0,1,0,1,0,0,1,1,0,0,1,0,1
0.00360949,1,0,0,1,1,1,1,0,0,1,1,0,0,1,0,1
0.0036095,1,1,1,1,1,1,1,1,0,1,1,0,0,1,0,1
0.00360952,1,1,1,1,1,1,1,0,0,1,1,0,0,1,0,1
0.00360953,1,0,1,1,1,1,1,0,0,1,1,0,0,1,0,1
0.00360954,0,0,0,0,1,0,1,0,0,1,1,0,0,1,0,1
0.00360957,1,0,0,1,1,0,1,0,0,1,1,0,0,1,0,1
0.00360958,1,0,1,1,1,1,1,0,0,1,1,0,0,1,0,1
0.0036096,1,0,0,1,1,0,1,0,0,1,1,0,0,1,0,1
0.00360961,0,0,0,1,1,0,1,0,0,1,1,0,0,1,0,1
0.00360963,0,0,0,0,1,0,1,0,0,1,1,0,0,1,0,1
0.00360964,0,0,0,1,1,0,1,0,0,1,1,0,0,1,0,1
0.00360971,0,0,0,0,1,0,1,0,0,1,1,0,0,1,0,1
0.00360972,0,0,0,1,1,0,1,0,0,1,1,0,0,1,0,1
0.00360978,0,0,0,0,1,0,1,0,0,1,1,0,0,1,0,1
0.0036098,0,0,0,1,1,0,1,0,0,1,1,0,0,1,0,1
0.00360981,0,0,0,0,1,0,1,0,0,1,1,0,0,1,0,1
0.00360982,0,0,0,1,1,0,1,0,0,1,1,0,0,1,0,1
0.00360985,0,0,0,0,1,0,1,0,0,1,1,0,0,1,0,1
0.00360991,0,0,0,1,1,0,1,0,0,1,1,0,0,1,0,1
0.00360992,0,0,0,0,1,0,1,0,0,1,1,0,0,1,0,1
0.00361036,1,1,1,1,1,0,1,1,0,1,1,0,0,1,0,1
0.00361038,1,1,1,1,1,1,1,1,0,1,1,0,0,1,0,1
0.00361041,0,0,0,0,0,0,0,1,0,1,1,0,0,1,0,1
0.00361045,0,0,1,0,0,1,0,1,0,1,1,0,0,1,0,1
0.00361046,1,1,1,1,0,1,0,1,0,1,1,0,0,1,0,1
0.00361047,1,1,1,1,0,1,1,1,0,1,1,0,0,1,0,1
0.00361048,1,1,1,1,0,1,0,1,0,1,1,0,0,1,0,1
0.00361049,0,0,0,0,0,1,0,1,0,1,1,0,0,1,0,1
0.0036105,0,0,0,0,0,0,0,1,0,1,1,0,0,1,0,1
0.00361054,0,0,0,0,0,1,0,1,0,1,1,0,0,1,0,1
0.00361055,0,0,1,0,0,1,0,1,0,1,1,0,0,1,0,1
0.00361056,0,0,0,0,0,1,0,1,0,1,1,0,0,1,0,1
0.00361057,0,0,0,0,0,0,0,1,0,1,1,0,0,1,0,1
0.00361135,1,1,1,1,1,1,1,1,0,1,1,0,0,1,0,1
0.00361141,0,0,0,0,0,0,1,0,0,1,1,0,0,1,0,1
0.00361145,1,1,1,1,0,1,1,0,0,1,1,0,0,1,0,1
0.00361146,1,1,1,1,1,1,1,0,0,1,1,0,0,1,0,1
0.00361147,1,1,1,1,1,1,1,1,0,1,1,0,0,1,0,1
0.00361148,1,1,1,1,0,1,1,0,0,1,1,0,0,1,0,1
0.0036115,0,0,0,0,0,0,1,0,0,1,1,0,0,1,0,1
0.00361153,1,1,1,1,0,1,1,0,0,1,1,0,0,1,0,1
0.00361156,1,0,1,1,0,1,1,0,0,1,1,0,0,1,0,1
0.00361158,0,0,1,0,0,1,1,0,0,1,1,0,0,1,0,1
0.00361159,0,0,1,0,0,0,1,0,0,1,1,0,0,1,0,1
0.0036116,0,0,1,0,0,1,1,0,0,1,1,0,0,1,0,1
0.00361161,0,0,1,1,0,1,1,0,0,1,1,0,0,1,0,1
0.00361163,1,0,1,1,0,1,1,0,0,1,1,0,0,1,0,1
0.00361164,0,0,1,1,0,1,1,0,0,1,1,0,0,1,0,1
0.00361165,0,0,1,0,0,1,1,0,0,1,1,0,0,1,0,1
0.0036117,0,0,1,1,0,1,1,0,0,1,1,0,0,1,0,1
0.00361172,0,0,1,0,0,1,1,0,0,1,1,0,0,1,0,1
0.00361173,0,0,1,0,0,0,1,0,0,1,1,0,0,1,0,1
0.00361175,0,0,1,0,0,1,1,0,0,1,1,0,0,1,0,1
0.00361176,0,0,1,1,0,1,1,0,0,1,1,0,0,1,0,1
0.00361178,0,0,1,0,0,1,1,0,0,1,1,0,0,1,0,1
0.00361181,0,0,1,0,0,0,1,0,0,1,1,0,0,1,0,1
0.00361184,0,0,1,0,0,1,1,0,0,1,1,0,0,1,0,1
0.00361186,0,0,1,0,0,0,1,0,0,1,1,0,0,1,0,1
0.00361188,0,0,0,0,0,0,1,0,0,1,1,0,0,1,0,1
0.00361189,0,0,1,0,0,0,1,0,0,1,1,0,0,1,0,1
0.00361192,0,0,0,0,0,0,1,0,0,1,1,0,0,1,0,1
0.00361193,0,0,1,0,0,0,1,0,0,1,1,0,0,1,0,1
0.00361196,0,0,0,0,0,0,1,0,0,1,1,0,0,1,0,1
0.0036123,1,1,1,1,0,1,1,0,0,1,1,0,0,1,0,1
0.00361231,1,1,1,1,1,1,1,1,0,1,1,0,0,1,0,1
0.00361334,0,0,0,0,0,0,1,0,0,1,1,0,0,1,0,1
0.00361338,1,1,1,1,0,1,1,1,0,1,1,0,0,1,0,1
0.00361339,1,1,1,1,1,1,1,1,0,1,1,0,0,1,0,1
0.00361341,1,1,1,1,0,1,1,0,0,1,1,0,0,1,0,1
0.00361342,0,0,1,1,0,1,1,0,0,1,1,0,0,1,0,1
0.00361343,0,0,0,0,0,0,1,0,0,1,1,0,0,1,0,1
0.00361346,0,0,1,1,0,1,1,0,0,1,1,0,0,1,0,1
0.00361347,1,1,1,1,0,1,1,0,0,1,1,0,0,1,0,1
0.00361349,0,0,1,1,0,1,1,0,0,1,1,0,0,1,0,1
0.00361351,0,0,1,0,0,0,1,0,0,1,1,0,0,1,0,1
0.00361353,0,0,1,0,0,1,1,0,0,1,1,0,0,1,0,1
0.00361354,0,0,1,1,0,1,1,0,0,1,1,0,0,1,0,1
0.00361367,0,0,1,0,0,1,1,0,0,1,1,0,0,1,0,1
0.00361368,0,0,1,0,0,0,1,0,0,1,1,0,0,1,0,1
0.0036137,0,0,1,1,0,1,1,0,0,1,1,0,0,1,0,1
0.00361373,0,0,1,0,0,1,1,0,0,1,1,0,0,1,0,1
0.00361374,0,0,1,1,0,1,1,0,0,1,1,0,0,1,0,1
0.00361376,0,0,1,0,0,0,1,0,0,1,1,0,0,1,0,1
0.00361379,0,0,1,1,0,1,1,0,0,1,1,0,0,1,0,1
0.00361381,0,0,1,0,0,0,1,0,0,1,1,0,0,1,0,1
0.00361395,0,0,0,0,0,0,1,0,0,1,1,0,0,1,0,1
0.00361396,0,0,1,0,0,0,1,0,0,1,1,0,0,1,0,1
0.00361403,0,0,0,0,0,0,1,0,0,1,1,0,0,1,0,1
0.00361404,0,0,1,0,0,0,1,0,0,1,1,0,0,1,0,1
0.00361405,0,0,0,0,0,0,1,0,0,1,1,0,0,1,0,1
0.00361406,0,0,1,0,0,0,1,0,0,1,1,0,0,1,0,1
0.00361408,0,0,0,0,0,0,1,0,0,1,1,0,0,1,0,1
0.00361417,0,0,1,0,0,0,1,0,0,1,1,0,0,1,0,1
0.00361418,0,0,0,0,0,0,1,0,0,1,1,0,0,1,0,1
0.00361427,0,0,1,0,0,0,1,0,0,1,1,0,0,1,0,1
0.00361428,0,0,0,0,0,0,1,0,0,1,1,0,0,1,0,1
0.00361435,0,1,1,0,0,0,1,0,0,1,1,0,0,1,0,1
0.00361437,0,1,1,0,0,1,1,1,0,1,1,0,0,1,0,1
0.00361438,1,1,1,1,1,1,0,1,0,1,1,0,0,1,0,1
0.0036144,0,1,1,0,0,1,0,1,0,1,1,0,0,1,0,1
0.0036147,0,1,1,0,0,1,0,1,0,1,1,0,0,1,0,0
0.00361471,0,1,1,0,0,1,0,1,0,1,1,0,0,1,0,1
0.00361478,0,1,1,0,0,1,0,1,0,1,1,0,0,1,0,0
0.00361479,0,1,1,0,0,1,1,1,0,1,1,0,0,1,0,1
0.0036148,0,1,1,0,0,1,1,1,0,1,1,0,0,1,1,1
0.00361481,0,1,1,1,0,1,1,1,0,1,1,0,0,1,1,1
0.00361482,1,1,1,1,1,1,0,1,0,1,1,0,0,1,1,1
0.00361483,0,1,1,0,0,1,0,1,0,1,1,0,0,1,0,1
0.00361487,0,1,1,1,0,1,0,1,0,1,1,0,0,1,0,1
0.00361488,1,1,1,1,0,1,0,1,0,1,1,0,0,1,0,1
0.00361489,0,1,1,1,0,1,0,1,0,1,1,0,0,1,0,1
0.0036149,0,1,1,0,0,1,0,1,0,1,1,0,0,1,0,1
0.00361523,1,1,1,1,0,1,0,1,0,1,1,0,0,1,0,1
0.00361525,1,1,1,1,1,1,0,1,0,1,1,0,0,1,0,1
0.00361526,1,1,1,1,1,1,1,1,0,1,1,0,0,1,0,1
0.00361531,1,0,0,0,1,0,1,0,0,1,1,0,0,1,0,1
0.00361535,1,1,1,1,1,1,1,0,0,1,1,0,0,1,0,1
0.00361536,1,1,1,1,1,1,1,1,0,1,1,0,0,1,0,1
0.00361538,1,1,1,1,1,0,1,0,0,1,1,0,0,1,0,1
0.00361539,1,0,0,0,1,0,1,0,0,1,1,0,0,1,0,1
0.00361543,1,1,1,1,1,0,1,0,0,1,1,0,0,1,0,1
0.00361545,1,0,1,1,1,0,1,0,0,1,1,0,0,1,0,1
0.00361546,1,0,0,0,1,0,1,0,0,1,1,0,0,1,0,1
0.00361551,1,0,0,1,1,0,1,0,0,1,1,0,0,1,0,1
0.00361553,1,0,0,0,1,0,1,0,0,1,1,0,0,1,0,1
0.00361621,1,1,1,1,1,0,1,0,0,1,1,0,0,1,0,1
0.00361622,1,1,1,1,1,0,1,1,0,1,1,0,0,1,0,1
0.00361623,1,1,1,1,1,1,1,1,0,1,1,0,0,1,0,1
0.00361627,0,0,0,0,0,0,0,1,0,1,1,0,0,1,0,1
0.00361631,0,1,1,0,0,1,0,1,0,1,1,0,0,1,0,1
0.00361632,0,1,1,1,0,1,0,1,0,1,1,0,0,1,0,1
0.00361633,1,1,1,1,0,1,0,1,0,1,1,0,0,1,0,1
0.00361635,0,0,1,1,0,1,0,1,0,1,1,0,0,1,0,1
0.00361636,0,0,0,0,0,0,0,1,0,1,1,0,0,1,0,1
0.0036164,0,0,1,0,0,1,0,1,0,1,1,0,0,1,0,1
0.00361641,0,0,1,1,0,1,0,1,0,1,1,0,0,1,0,1
0.00361642,0,0,1,0,0,0,0,1,0,1,1,0,0,1,0,1
0.00361643,0,0,0,0,0,0,0,1,0,1,1,0,0,1,0,1
0.0036172,0,0,1,1,0,0,0,1,0,1,1,0,0,1,0,1
0.00361721,1,1,1,1,1,1,1,1,0,1,1,0,0,1,0,1
0.00361726,0,0,0,0,0,0,0,1,0,1,1,0,0,1,0,1
0.0036173,1,1,1,1,0,1,1,1,0,1,1,0,0,1,0,1
0.00361731,1,1,1,1,1,1,1,1,0,1,1,0,0,1,0,1
0.00361733,1,1,1,1,0,1,1,1,0,1,1,0,0,1,0,1
0.00361735,1,0,1,0,0,0,0,1,0,1,1,0,0,1,0,1
0.00361736,0,0,0,0,0,0,0,1,0,1,1,0,0,1,0,1
0.00361737,1,0,1,1,0,0,0,1,0,1,1,0,0,1,0,1
0.00361738,1,1,1,1,0,1,0,1,0,1,1,0,0,1,0,1
0.00361739,1,1,1,1,0,1,1,1,0,1,1,0,0,1,0,1
0.00361741,1,1,1,1,0,1,0,1,0,1,1,0,0,1,0,1
0.00361767,1,1,1,1,0,0,0,1,0,1,1,0,0,1,0,1
0.00361768,1,1,1,1,0,1,0,1,0,1,1,0,0,1,0,1
0.00361774,1,1,1,1,0,0,0,1,0,1,1,0,0,1,0,1
0.00361777,1,1,1,1,0,1,0,1,0,1,1,0,0,1,0,1
0.00361779,1,1,1,1,0,0,0,1,0,1,1,0,0,1,0,1
0.00361783,1,0,1,1,0,0,0,1,0,1,1,0,0,1,0,1
0.00361784,1,1,1,1,0,0,0,1,0,1,1,0,0,1,0,1
0.00361789,1,0,1,1,0,0,0,1,0,1,1,0,0,1,0,1
0.00361791,1,1,1,1,0,0,0,1,0,1,1,0,0,1,0,1
0.00361792,1,0,1,1,0,0,0,1,0,1,1,0,0,1,0,1
0.00361802,0,0,1,1,0,0,0,1,0,1,1,0,0,1,0,1
0.00361803,1,0,1,1,0,0,0,1,0,1,1,0,0,1,0,1
0.00361811,0,0,1,0,0,0,0,1,0,1,1,0,0,1,0,1
0.00361813,1,0,1,1,0,0,0,1,0,1,1,0,0,1,0,1
0.00361815,1,1,1,1,0,0,0,1,0,1,1,0,0,1,0,1
0.00361816,1,1,1,1,0,1,1,1,0,1,1,0,0,1,0,1
0.00361817,1,1,1,1,1,1,1,1,0,1,1,0,0,1,0,1
0.0036192,0,0,0,0,0,0,0,1,0,1,1,0,0,1,0,1
0.00361923,0,0,1,0,0,1,0,1,0,1,1,0,0,1,0,1
0.00361924,1,1,1,1,0,1,1,1,0,1,1,0,0,1,0,1
0.00361925,1,1,1,1,1,1,1,1,0,1,1,0,0,1,0,1
0.00361927,1,1,1,1,0,1,1,1,0,1,1,0,0,1,0,1
0.00361928,0,0,1,1,0,1,0,1,0,1,1,0,0,1,0,1
0.00361929,0,0,0,0,0,0,0,1,0,1,1,0,0,1,0,1
0.00361931,0,0,1,0,0,0,0,1,0,1,1,0,0,1,0,1
0.00361932,1,1,1,1,0,1,1,1,0,1,1,0,0,1,0,1
0.00361935,1,0,1,1,0,1,0,1,0,1,1,0,0,1,0,1
0.00361936,0,0,1,1,0,0,0,1,0,1,1,0,0,1,0,1
0.00361937,0,0,1,0,0,0,0,1,0,1,1,0,0,1,0,1
0.00361939,0,0,1,1,0,0,0,1,0,1,1,0,0,1,0,1
0.0036194,1,0,1,1,0,1,0,1,0,1,1,0,0,1,0,1
0.00361943,0,0,1,1,0,0,0,1,0,1,1,0,0,1,0,1
0.00361947,0,0,1,1,0,1,0,1,0,1,1,0,0,1,0,1
0.00361948,0,0,1,1,0,0,0,1,0,1,1,0,0,1,0,1
0.00361949,0,0,1,1,0,1,0,1,0,1,1,0,0,1,0,1
0.0036195,1,0,1,1,0,1,0,1,0,1,1,0,0,1,0,1
0.00361951,0,0,1,1,0,0,0,1,0,1,1,0,0,1,0,1
0.00361979,0,0,1,0,0,0,0,1,0,1,1,0,0,1,0,1
0.00361981,0,0,1,1,0,0,0,1,0,1,1,0,0,1,0,1
0.00361982,0,0,1,0,0,0,0,1,0,1,1,0,0,1,0,1
0.00362003,0,0,1,1,0,0,0,1,0,1,1,0,0,1,0,1
0.00362004,0,0,1,0,0,0,0,1,0,1,1,0,0,1,0,1
0.00362006,0,0,0,0,0,0,0,1,0,1,1,0,0,1,0,1
0.00362008,0,0,1,0,0,0,0,1,0,1,1,0,0,1,0,1
0.00362009,0,0,0,0,0,0,0,1,0,1,1,0,0,1,0,1
0.00362011,0,0,1,0,0,0,0,1,0,1,1,0,0,1,0,1
0.00362015,0,0,0,0,0,0,0,1,0,1,1,0,0,1,0,1
0.00362017,0,0,1,0,0,0,0,1,0,1,1,0,0,1,0,1
0.00362019,0,0,0,0,0,0,0,1,0,1,1,0,0,1,0,1
0.00362021,0,1,1,0,0,0,0,1,0,1,1,0,0,1,0,1
0.00362022,0,1,1,0,0,1,0,1,0,1,1,0,0,1,0,1
0.00362024,1,1,1,1,1,1,1,1,0,1,1,0,0,1,0,1
0.00362026,1,1,1,1,0,1,1,1,0,1,1,0,0,1,0,1
0.00362027,0,1,1,0,0,1,0,1,0,1,1,0,0,1,0,1
0.00362031,0,1,1,1,0,1,0,1,0,1,1,0,0,1,0,1
0.00362032,1,1,1,1,0,1,0,1,0,1,1,0,0,1,0,1
0.00362033,0,1,1,1,0,1,0,1,0,1,1,0,0,1,0,1
0.00362034,0,1,1,0,0,1,0,1,0,1,1,0,0,1,0,1
0.00362056,0,1,1,0,0,1,0,1,0,1,1,0,0,1,0,0
0.00362057,0,1,1,0,0,1,0,1,0,1,1,0,0,1,0,1
0.00362064,0,1,1,0,0,1,0,1,0,1,1,0,0,1,0,0
0.00362065,0,1,1,0,0,1,0,1,0,1,1,0,0,1,0,1
0.00362109,1,1,1,1,0,1,0,1,0,1,1,0,0,1,0,1
0.00362111,1,1,1,1,1,1,1,1,0,1,1,0,0,1,0,1
0.00362116,1,1,1,1,1,1,1,0,0,1,1,0,0,1,0,1
0.00362117,0,0,0,0,0,0,1,0,0,1,1,0,0,1,0,1
0.0036212,0,0,0,1,0,0,1,0,0,1,1,0,0,1,0,1
0.00362121,1,1,1,1,0,1,1,0,0,1,1,0,0,1,0,1
0.00362122,1,1,1,1,1,1,1,0,0,1,1,0,0,1,0,1
0.00362125,1,1,1,1,0,1,1,0,0,1,1,0,0,1,0,1
0.00362126,1,0,1,1,0,0,1,0,0,1,1,0,0,1,0,1
0.00362127,0,0,0,0,0,0,1,0,0,1,1,0,0,1,0,1
0.00362128,1,0,1,1,0,0,1,0,0,1,1,0,0,1,0,1
0.00362129,1,1,1,1,0,0,1,0,0,1,1,0,0,1,0,1
0.0036213,1,1,1,1,0,1,1,0,0,1,1,0,0,1,0,1
0.00362132,1,1,1,1,0,0,1,0,0,1,1,0,0,1,0,1
0.00362186,0,1,1,1,0,0,1,0,0,1,1,0,0,1,0,1
0.00362188,1,1,1,1,0,0,1,0,0,1,1,0,0,1,0,1
0.00362189,0,1,1,1,0,0,1,0,0,1,1,0,0,1,0,1
0.00362192,1,1,1,1,0,0,1,0,0,1,1,0,0,1,0,1
0.00362194,0,1,1,1,0,0,1,0,0,1,1,0,0,1,0,1
0.00362197,1,1,1,1,0,0,1,0,0,1,1,0,0,1,0,1
0.00362199,0,1,1,1,0,0,1,0,0,1,1,0,0,1,0,1
0.00362203,0,0,1,1,0,0,1,0,0,1,1,0,0,1,0,1
0.00362204,0,1,1,1,0,0,1,0,0,1,1,0,0,1,0,1
0.00362206,0,0,0,0,0,0,1,0,0,1,1,0,0,1,0,1
0.00362207,1,1,1,1,0,0,1,0,0,1,1,0,0,1,0,1
0.00362208,1,1,1,1,0,0,1,1,0,1,1,0,0,1,0,1
0.00362209,1,1,1,1,1,1,1,1,0,1,1,0,0,1,0,1
0.00362213,0,0,0,0,0,0,0,1,0,1,1,0,0,1,0,1
0.00362216,1,1,1,1,0,1,0,1,0,1,1,0,0,1,0,1
0.00362217,1,1,1,1,1,1,1,1,0,1,1,0,0,1,0,1
0.00362221,1,1,1,1,0,1,0,1,0,1,1,0,0,1,0,1
0.00362222,0,0,0,0,0,0,0,1,0,1,1,0,0,1,0,1
0.00362224,1,1,1,1,0,1,0,1,0,1,1,0,0,1,0,1
0.00362242,0,1,1,1,0,1,0,1,0,1,1,0,0,1,0,1
0.00362243,1,1,1,1,0,1,0,1,0,1,1,0,0,1,0,1
0.00362246,0,1,1,1,0,1,0,1,0,1,1,0,0,1,0,1
0.00362247,1,1,1,1,0,1,0,1,0,1,1,0,0,1,0,1
0.0036226,0,1,1,1,0,1,0,1,0,1,1,0,0,1,0,1
0.00362261,1,1,1,1,0,1,0,1,0,1,1,0,0,1,0,1
0.00362262,0,1,1,1,0,1,0,1,0,1,1,0,0,1,0,1
0.00362263,0,0,1,1,0,1,0,1,0,1,1,0,0,1,0,1
0.00362264,0,1,1,1,0,1,0,1,0,1,1,0,0,1,0,1
0.00362265,1,1,1,1,0,1,0,1,0,1,1,0,0,1,0,1
0.00362267,0,1,1,1,0,1,0,1,0,1,1,0,0,1,0,1
0.00362269,0,0,1,1,0,1,0,1,0,1,1,0,0,1,0,1
0.0036227,0,1,1,1,0,1,0,1,0,1,1,0,0,1,0,1
0.00362272,0,0,1,1,0,1,0,1,0,1,1,0,0,1,0,1
0.00362274,1,1,1,1,0,1,0,1,0,1,1,0,0,1,0,1
0.00362275,0,1,1,1,0,1,0,1,0,1,1,0,0,1,0,1
0.00362276,0,0,1,1,0,1,0,1,0,1,1,0,0,1,0,1
0.00362297,0,0,1,1,0,0,0,1,0,1,1,0,0,1,0,1
0.00362298,0,0,1,1,0,1,0,1,0,1,1,0,0,1,0,1
0.00362299,0,0,1,0,0,0,0,1,0,1,1,0,0,1,0,1
0.003623,0,0,0,0,0,0,0,1,0,1,1,0,0,1,0,1
0.00362301,0,0,1,1,0,1,0,1,0,1,1,0,0,1,0,1
0.00362302,0,0,1,1,0,0,0,1,0,1,1,0,0,1,0,1
0.00362303,0,0,1,1,0,1,0,1,0,1,1,0,0,1,0,1
0.00362304,1,1,1,1,0,0,0,1,0,1,1,0,0,1,0,1
0.00362306,1,1,1,1,1,1,1,1,0,1,1,0,0,1,0,1
0.00362312,0,1,1,1,0,1,0,0,0,1,1,0,0,1,0,1
0.00362316,1,1,1,1,1,1,1,0,0,1,1,0,0,1,0,1
0.00362318,1,1,1,1,0,1,0,0,0,1,1,0,0,1,0,1
0.00362319,0,1,1,1,0,1,0,0,0,1,1,0,0,1,0,1
0.00362324,1,1,1,1,0,1,0,0,0,1,1,0,0,1,0,1
0.00362325,0,1,1,1,0,1,0,0,0,1,1,0,0,1,0,1
0.00362403,1,1,1,1,1,1,1,0,0,1,1,0,0,1,0,1
0.00362404,1,1,1,1,1,1,1,1,0,1,1,0,0,1,0,1
0.00362505,0,1,1,1,0,1,0,0,0,1,1,0,0,1,0,1
0.00362509,1,1,1,1,0,1,0,0,0,1,1,0,0,1,0,1
0.0036251,1,1,1,1,1,1,1,1,0,1,1,0,0,1,0,1
0.00362511,1,1,1,1,0,1,1,0,0,1,1,0,0,1,0,1
0.00362512,0,1,1,1,0,1,0,0,0,1,1,0,0,1,0,1
0.00362608,1,1,1,1,0,1,1,1,0,1,1,0,0,1,0,1
0.00362609,1,0,1,0,1,1,1,1,0,1,1,0,0,1,0,1
0.0036261,0,0,1,0,1,0,0,0,0,1,1,0,0,1,0,1
0.00362614,1,0,1,0,1,0,1,0,0,1,1,0,0,1,0,1
0.00362616,0,0,1,0,1,0,0,0,0,1,1,0,0,1,0,1
0.00362642,0,0,1,0,1,0,0,0,0,0,1,0,0,0,0,0
0.00362643,0,0,1,0,1,0,0,0,0,0,1,0,1,0,0,0
0.00362695,1,1,1,0,1,0,0,0,0,0,1,0,1,0,0,0
0.00362696,0,0,1,0,1,0,0,0,0,0,1,0,1,0,0,0
0.00362697,1,1,1,1,1,1,1,1,0,0,1,0,1,0,0,0
0.00362799,0,0,0,0,0,0,0,1,0,0,1,0,1,0,0,0
0.00362804,1,1,1,1,0,1,1,1,0,0,1,0,1,0,0,0
0.00362807,0,0,0,1,0,1,0,1,0,0,1,0,1,0,0,0
0.00362808,0,0,0,0,0,0,0,1,0,0,1,0,1,0,0,0
0.00362893,1,1,1,1,1,1,0,1,0,0,1,0,1,0,0,0
0.00362894,1,1,1,1,1,1,1,1,0,0,1,0,1,0,0,0
0.00362897,1,1,1,1,1,1,1,0,0,0,1,0,1,0,0,0
0.00362898,1,1,0,0,1,0,0,0,0,0,1,0,1,0,0,0
0.00362901,1,1,1,1,1,1,1,0,0,0,1,0,1,0,0,0
0.00362905,1,1,1,1,1,0,0,0,0,0,1,0,1,0,0,0
0.00362906,1,1,0,0,1,0,0,0,0,0,1,0,1,0,0,0
0.00362909,1,1,1,1,1,1,0,0,0,0,1,0,1,0,0,0
0.0036291,1,1,1,1,1,1,1,0,0,0,1,0,1,0,0,0
0.00362912,1,1,1,1,1,0,0,0,0,0,1,0,1,0,0,0
0.00362913,1,1,1,0,1,0,0,0,0,0,1,0,1,0,0,0
0.00362914,1,1,0,0,1,0,0,0,0,0,1,0,1,0,0,0
0.00362915,1,1,1,0,1,0,0,0,0,0,1,0,1,0,0,0
0.00362916,1,1,1,1,1,0,0,0,0,0,1,0,1,0,0,0
0.00362917,1,1,1,1,1,1,0,0,0,0,1,0,1,0,0,0
0.00362919,1,1,1,1,1,0,0,0,0,0,1,0,1,0,0,0
0.0036292,1,1,1,0,1,0,0,0,0,0,1,0,1,0,0,0
0.00362935,1,1,1,0,1,0,0,0,0,0,0,0,1,0,0,0
0.00362936,1,1,0,0,1,0,0,0,1,1,0,0,1,0,0,0
0.00362939,1,1,1,0,1,0,0,0,1,1,0,0,1,0,0,0
0.0036294,1,1,1,1,1,0,0,0,1,1,0,0,1,0,0,0
0.00362941,1,1,1,0,1,0,0,0,1,1,0,0,1,0,0,0
0.00362942,1,1,1,1,1,0,0,0,0,0,0,0,0,0,0,0
0.00362943,1,1,0,0,1,0,0,0,1,1,0,0,1,0,0,0
0.00362947,1,1,1,1,1,0,0,0,1,1,0,0,1,0,0,0
0.0036295,1,1,1,0,1,0,0,0,1,1,0,0,1,0,0,0
0.00362951,1,1,0,0,1,0,0,0,1,1,0,0,1,0,0,0
0.00362953,1,1,1,0,1,0,0,0,1,1,0,0,1,0,0,0
0.00362958,1,1,0,0,1,0,0,0,1,1,0,0,1,0,0,0
0.00362961,1,1,1,0,1,0,0,0,1,1,0,0,1,0,0,0
0.00362966,1,1,0,0,1,0,0,0,1,1,0,0,1,0,0,0
0.00362971,1,1,1,0,1,0,0,0,1,1,0,0,1,0,0,0
0.00362972,1,1,0,0,1,0,0,0,1,1,0,0,1,0,0,0
0.00362979,1,1,1,0,1,0,0,0,1,1,0,0,1,0,0,0
0.0036298,1,1,0,0,1,0,0,0,1,1,0,0,1,0,0,0
0.00362988,1,1,1,0,1,0,0,0,1,1,0,0,1,0,0,0
0.0036299,1,1,1,1,1,1,1,1,1,1,0,0,1,0,0,0
0.00362995,1,0,0,0,1,1,1,0,1,1,0,0,1,0,0,0
0.00362999,1,1,1,1,1,1,1,1,1,1,0,0,1,0,0,0
0.00363,1,1,1,1,1,1,1,0,1,1,0,0,1,0,0,0
0.00363001,1,0,1,1,1,1,1,0,1,1,0,0,1,0,0,0
0.00363002,1,0,0,0,1,1,1,0,1,1,0,0,1,0,0,0
0.00363006,1,0,1,1,1,1,1,0,1,1,0,0,1,0,0,0
0.00363009,1,0,0,0,1,1,1,0,1,1,0,0,1,0,0,0
0.00363013,1,0,1,0,1,1,1,0,1,1,0,0,1,0,0,0
0.00363016,1,0,0,0,1,1,1,0,1,1,0,0,1,0,0,0
0.00363085,1,1,0,0,1,1,1,0,1,1,0,0,1,0,0,0
0.00363087,1,1,1,1,1,1,1,1,1,1,0,0,1,0,0,0
0.00363088,1,0,1,1,1,1,1,1,1,1,0,0,1,0,0,0
0.00363089,1,1,1,1,1,1,1,1,1,1,0,0,1,0,0,0
0.00363093,0,1,1,0,1,0,0,0,1,1,0,0,1,0,0,0
0.00363094,0,1,0,0,1,0,0,0,1,1,0,0,1,0,0,0
0.00363097,1,1,1,1,1,1,0,0,1,1,0,0,1,0,0,0
0.00363098,1,1,1,1,1,1,1,1,1,1,0,0,1,0,0,0
0.003631,1,1,1,1,1,1,0,0,1,1,0,0,1,0,0,0
0.00363101,1,1,1,1,1,0,0,0,1,1,0,0,1,0,0,0
0.00363102,0,1,1,0,1,0,0,0,1,1,0,0,1,0,0,0
0.00363103,0,1,0,0,1,0,0,0,1,1,0,0,1,0,0,0
0.00363104,0,1,1,0,1,0,0,0,1,1,0,0,1,0,0,0
0.00363105,0,1,1,1,1,0,0,0,1,1,0,0,1,0,0,0
0.00363106,1,1,1,1,1,0,0,0,1,1,0,0,1,0,0,0
0.00363109,0,1,1,1,1,0,0,0,1,1,0,0,1,0,0,0
0.00363115,1,1,1,1,1,0,0,0,1,1,0,0,1,0,0,0
0.00363116,0,1,1,1,1,0,0,0,1,1,0,0,1,0,0,0
0.0036313,0,1,1,1,1,0,0,0,0,1,0,0,1,0,0,0
0.00363136,1,1,1,1,1,0,0,0,0,1,0,0,1,0,0,0
0.00363138,0,1,1,1,1,0,0,0,0,1,0,0,1,0,0,0
0.00363141,0,1,1,0,1,0,0,0,0,1,0,0,1,0,0,0
0.00363142,0,1,1,1,1,0,0,0,0,1,0,0,1,0,0,0
0.00363144,1,1,1,1,1,0,0,0,0,1,0,0,1,0,0,0
0.00363145,0,1,1,1,1,0,0,0,0,1,0,0,1,0,0,0
0.00363147,0,1,1,0,1,0,0,0,0,1,0,0,1,0,0,0
0.00363148,0,1,1,1,1,0,0,0,0,1,0,0,1,0,0,0
0.00363158,0,1,1,0,1,0,0,0,0,1,0,0,1,0,0,0
0.0036316,0,1,1,1,1,0,0,0,0,1,0,0,1,0,0,0
0.00363162,0,1,1,0,1,0,0,0,0,1,0,0,1,0,0,0
0.00363174,0,1,1,1,1,0,0,0,0,1,0,0,1,0,0,0
0.00363175,0,1,1,0,1,0,0,0,0,1,0,0,1,0,0,0
0.00363181,0,1,1,1,1,0,0,0,0,1,0,0,1,0,0,0
0.00363182,0,1,1,0,1,0,0,0,0,1,0,0,1,0,0,0
0.00363183,1,1,0,0,1,0,0,0,0,1,0,0,1,0,0,0
0.00363184,1,1,1,1,1,0,0,0,0,1,0,0,1,0,0,0
0.00363186,1,1,1,1,1,1,0,0,0,1,0,0,1,0,0,0
0.00363187,1,1,1,1,1,1,1,1,0,1,0,0,1,0,0,0
0.00363189,1,1,0,0,1,1,1,1,0,1,0,0,1,0,0,0
0.0036319,1,1,0,0,1,1,0,0,0,1,0,0,1,0,0,0
0.00363193,1,1,1,1,1,1,0,0,0,1,0,0,1,0,0,0
0.00363194,1,1,1,1,1,1,1,1,0,1,0,0,1,0,0,0
0.00363195,1,1,1,1,1,1,1,0,0,1,0,0,1,0,0,0
0.00363196,1,1,1,1,1,1,0,0,0,1,0,0,1,0,0,0
0.00363197,1,1,0,0,1,1,0,0,0,1,0,0,1,0,0,0
0.003632,1,1,1,0,1,1,0,0,0,1,0,0,1,0,0,0
0.00363201,1,1,1,1,1,1,0,0,0,1,0,0,1,0,0,0
0.00363203,1,1,1,0,1,1,0,0,0,1,0,0,1,0,0,0
0.00363204,1,1,0,0,1,1,0,0,0,1,0,0,1,0,0,0
0.00363208,1,1,1,0,1,1,0,0,0,1,0,0,1,0,0,0
0.0036321,1,1,0,0,1,1,0,0,0,1,0,0,1,0,0,0
0.0036323,1,1,1,0,1,1,0,0,0,1,0,0,1,0,0,0
0.00363231,1,1,0,0,1,1,0,0,0,1,0,0,1,0,0,0
0.00363282,1,1,0,0,1,1,1,0,0,1,0,0,1,0,0,0
0.00363283,1,1,1,1,1,1,1,1,0,1,0,0,1,0,0,0
0.00363288,1,1,1,1,1,0,1,1,0,1,0,0,1,0,0,0
0.00363289,1,0,0,0,1,0,0,0,0,1,0,0,1,0,0,0
0.00363292,1,0,1,1,1,0,1,0,0,1,0,0,1,0,0,0
0.00363293,1,1,1,1,1,1,1,1,0,1,0,0,1,0,0,0
0.00363295,1,1,1,1,1,1,1,0,0,1,0,0,1,0,0,0
0.00363296,1,0,1,1,1,0,0,0,0,1,0,0,1,0,0,0
0.00363297,1,0,1,0,1,0,0,0,0,1,0,0,1,0,0,0
0.00363298,1,0,0,0,1,0,0,0,0,1,0,0,1,0,0,0
0.003633,1,0,1,1,1,0,0,0,0,1,0,0,1,0,0,0
0.00363301,1,1,1,1,1,0,0,0,0,1,0,0,1,0,0,0
0.00363303,1,0,1,1,1,0,0,0,0,1,0,0,1,0,0,0
0.00363306,1,0,1,0,1,0,0,0,0,1,0,0,1,0,0,0
0.00363307,1,0,1,1,1,0,0,0,0,1,0,0,1,0,0,0
0.00363321,1,0,1,0,1,0,0,0,0,1,0,0,1,0,0,0
0.00363322,1,0,1,1,1,0,0,0,0,1,0,0,1,0,0,0
0.00363324,1,1,1,1,1,0,0,0,0,1,0,0,1,0,0,0
0.00363325,1,0,1,1,1,0,0,0,0,0,0,0,1,0,0,0
0.00363326,1,0,1,1,1,0,0,0,1,0,0,0,1,0,0,0
0.00363327,1,0,1,0,1,0,0,0,1,0,0,0,1,0,0,0
0.0036333,1,0,1,1,1,0,0,0,1,0,0,0,1,0,0,0
0.00363331,1,1,1,1,1,0,0,0,1,0,0,0,1,0,0,0
0.00363333,1,0,1,1,1,0,0,0,0,0,0,0,0,0,0,0
0.00363334,1,0,1,0,1,0,0,0,1,0,0,0,1,0,0,0
0.00363336,1,0,0,0,1,0,0,0,1,0,0,0,1,0,0,0
0.00363337,1,0,1,0,1,0,0,0,1,0,0,0,1,0,0,0
0.00363338,1,1,1,1,1,0,0,0,1,0,0,0,1,0,0,0
0.0036334,1,0,1,1,1,0,0,0,1,0,0,0,1,0,0,0
0.00363341,1,0,1,0,1,0,0,0,1,0,0,0,1,0,0,0
0.00363362,1,0,0,0,1,0,0,0,1,0,0,0,1,0,0,0
0.00363363,1,0,1,0,1,0,0,0,1,0,0,0,1,0,0,0
0.00363366,1,0,0,0,1,0,0,0,1,0,0,0,1,0,0,0
0.00363368,1,0,1,0,1,0,0,0,1,0,0,0,1,0,0,0
0.00363371,1,0,0,0,1,0,0,0,1,0,0,0,1,0,0,0
0.00363372,1,0,1,0,1,0,0,0,1,0,0,0,1,0,0,0
0.00363373,1,0,0,0,1,0,0,0,1,0,0,0,1,0,0,0
0.00363378,1,1,1,1,1,0,0,0,1,0,0,0,1,0,0,0
0.0036338,1,1,1,1,1,1,1,1,1,0,0,0,1,0,0,0
0.00363385,1,1,1,1,1,1,1,0,1,0,0,0,1,0,0,0
0.00363386,0,0,1,1,1,0,1,0,1,0,0,0,1,0,0,0
0.0036339,1,1,1,1,1,1,1,1,1,0,0,0,1,0,0,0
0.00363392,0,1,1,1,1,0,1,0,1,0,0,0,1,0,0,0
0.00363393,0,0,1,1,1,0,1,0,1,0,0,0,1,0,0,0
0.00363397,0,1,1,1,1,0,1,0,1,0,0,0,1,0,0,0
0.00363399,0,0,1,1,1,0,1,0,1,0,0,0,1,0,0,0
0.00363476,1,1,1,1,1,0,1,0,1,0,0,0,1,0,0,0
0.00363478,1,1,1,1,1,1,1,1,1,0,0,0,1,0,0,0
0.00363483,1,1,1,1,1,1,0,0,1,0,0,0,1,0,0,0
0.00363487,1,1,1,1,1,1,0,1,1,0,0,0,1,0,0,0
0.00363488,1,1,1,1,1,1,1,1,1,0,0,0,1,0,0,0
0.00363489,1,1,1,1,1,1,0,0,1,0,0,0,1,0,0,0
0.00363521,1,1,1,1,1,1,0,0,1,1,1,1,1,1,0,0
0.00363575,1,1,1,1,1,1,1,0,1,1,1,1,1,1,0,0
0.00363578,1,1,1,1,1,1,1,1,1,1,1,1,1,1,0,0
0.0036358,0,0,0,0,1,1,1,1,1,1,1,1,1,1,0,0
0.00363581,0,0,0,0,1,0,1,0,1,1,1,1,1,1,0,0
0.00363585,1,1,1,1,1,1,1,1,1,1,1,1,1,1,0,0
0.00363588,0,0,0,0,1,1,1,0,1,1,1,1,1,1,0,0
0.00363589,0,0,0,0,1,0,1,0,1,1,1,1,1,1,0,0
0.00363593,0,0,0,0,1,1,1,0,1,1,1,1,1,1,0,0
0.00363595,0,0,0,0,1,0,1,0,1,1,1,1,1,1,0,0
0.00363672,1,1,1,1,1,0,1,0,1,1,1,1,1,1,0,0
0.00363673,1,1,1,1,1,1,1,1,1,1,1,1,1,1,0,0
0.00363678,1,1,1,1,0,1,1,1,1,1,1,1,1,1,0,0
0.00363679,0,0,0,0,0,0,0,1,1,1,1,1,1,1,0,0
0.00363682,0,0,1,0,0,1,0,1,1,1,1,1,1,1,0,0
0.00363683,1,1,1,1,0,1,0,1,1,1,1,1,1,1,0,0
0.00363684,1,1,1,1,0,1,1,1,1,1,1,1,1,1,0,0
0.00363686,1,1,1,1,0,1,0,1,1,1,1,1,1,1,0,0
0.00363687,0,0,1,0,0,0,0,1,1,1,1,1,1,1,0,0
0.00363688,0,0,0,0,0,0,0,1,1,1,1,1,1,1,0,0
0.00363691,1,1,1,1,0,1,0,1,1,1,1,1,1,1,0,0
0.00363693,1,0,1,1,0,1,0,1,1,1,1,1,1,1,0,0
0.00363694,0,0,1,1,0,1,0,1,1,1,1,1,1,1,0,0
0.00363695,0,0,1,0,0,1,0,1,1,1,1,1,1,1,0,0
0.00363696,0,0,0,0,0,0,0,1,1,1,1,1,1,1,0,0
0.00363698,0,0,1,0,0,0,0,1,1,1,1,1,1,1,0,0
0.00363699,0,0,1,1,0,1,0,1,1,1,1,1,1,1,0,0
0.00363704,0,0,1,0,0,0,0,1,1,1,1,1,1,1,0,0
0.00363708,0,0,1,0,0,1,0,1,1,1,1,1,1,1,0,0
0.0036371,0,0,1,0,0,0,0,1,1,1,1,1,1,1,0,0
0.00363711,0,0,0,0,0,0,0,1,1,1,1,1,1,1,0,0
0.00363712,0,0,1,0,0,0,0,1,1,1,1,1,1,1,0,0
0.00363714,0,0,1,0,0,1,0,1,1,1,1,1,1,1,0,0
0.00363715,0,0,0,0,0,0,0,1,1,1,1,1,1,1,0,0
0.00363716,0,0,1,0,0,0,0,1,1,1,1,1,1,1,0,0
0.00363718,0,0,0,0,0,0,0,1,1,1,1,1,1,1,0,0
0.00363769,0,0,1,0,0,0,0,1,1,1,1,1,1,1,0,0
0.0036377,0,0,0,0,0,0,0,1,1,1,1,1,1,1,0,0
0.00363771,1,1,1,1,0,1,0,1,1,1,1,1,1,1,0,0
0.00363772,1,1,1,1,1,1,1,1,1,1,1,1,1,1,0,0
0.00363776,1,0,0,0,0,0,1,0,1,1,1,1,1,1,0,0
0.00363777,0,0,0,0,0,0,1,0,1,1,1,1,1,1,0,0
0.0036378,0,0,1,1,0,1,1,0,1,1,1,1,1,1,0,0
0.00363781,0,1,1,1,0,1,1,0,1,1,1,1,1,1,0,0
0.00363782,0,1,1,1,1,1,1,0,1,1,1,1,1,1,0,0
0.00363783,0,1,1,1,0,1,1,0,1,1,1,1,1,1,0,0
0.00363785,0,0,0,0,0,1,1,0,1,1,1,1,1,1,0,0
0.00363786,0,0,0,0,0,0,1,0,1,1,1,1,1,1,0,0
0.00363788,0,0,1,1,0,1,1,0,1,1,1,1,1,1,0,0
0.0036379,0,1,1,1,0,1,1,0,1,1,1,1,1,1,0,0
0.00363791,0,0,1,1,0,1,1,0,1,1,1,1,1,1,0,0
0.00363793,0,0,1,0,0,1,1,0,1,1,1,1,1,1,0,0
0.00363797,0,0,1,1,0,1,1,0,1,1,1,1,1,1,0,0
0.00363801,0,0,1,0,0,1,1,0,1,1,1,1,1,1,0,0
0.00363806,0,0,1,1,0,1,1,0,1,1,1,1,1,1,0,0
0.00363807,0,0,1,0,0,1,1,0,1,1,1,1,1,1,0,0
0.00363809,0,0,0,0,0,1,1,0,1,1,1,1,1,1,0,0
0.0036381,0,0,1,0,0,1,1,0,1,1,1,1,1,1,0,0
0.00363812,0,0,1,1,0,1,1,0,1,1,1,1,1,1,0,0
0.00363813,0,0,1,0,0,1,1,0,1,1,1,1,1,1,0,0
0.00363823,0,0,0,0,0,1,1,0,1,1,1,1,1,1,0,0
0.00363825,0,0,1,0,0,1,1,0,1,1,1,1,1,1,0,0
0.00363828,0,0,0,0,0,1,1,0,1,1,1,1,1,1,0,0
0.00363829,0,0,1,0,0,1,1,0,1,1,1,1,1,1,0,0
0.00363831,0,0,0,0,0,1,1,0,1,1,1,1,1,1,0,0
0.00363833,0,0,1,0,0,1,1,0,1,1,1,1,1,1,0,0
0.00363834,0,0,0,0,0,1,1,0,1,1,1,1,1,1,0,0
0.00363849,0,0,0,0,0,0,1,0,1,1,1,1,1,1,0,0
0.00363858,0,0,0,0,0,1,1,0,1,1,1,1,1,1,0,0
0.00363859,0,0,0,0,0,0,1,0,1,1,1,1,1,1,0,0
0.00363865,0,0,1,0,0,1,1,0,1,1,1,1,1,1,0,0
0.00363866,0,0,1,1,0,1,1,0,1,1,1,1,1,1,0,0
0.00363867,0,1,1,1,0,1,1,0,1,1,1,1,1,1,0,0
0.00363868,0,1,1,1,1,1,1,1,1,1,1,1,1,1,0,0
0.00363869,0,0,1,0,0,1,1,0,1,1,1,1,1,1,0,0
0.0036387,0,0,0,0,0,0,1,0,1,1,1,1,1,1,0,0
0.00363873,1,0,0,0,1,0,1,0,1,1,1,1,1,1,0,0
0.00363875,1,1,1,1,1,1,1,0,1,1,1,1,1,1,0,0
0.00363876,1,1,1,1,1,1,1,1,1,1,1,1,1,1,0,0
0.00363877,1,1,1,1,1,1,1,0,1,1,1,1,1,1,0,0
0.00363878,1,0,0,0,1,0,1,0,1,1,1,1,1,1,0,0
0.00363883,1,0,1,0,1,1,1,0,1,1,1,1,1,1,0,0
0.00363885,1,0,0,0,1,0,1,0,1,1,1,1,1,1,0,0
0.00363964,1,1,1,1,1,0,1,0,1,1,1,1,1,1,0,0
0.00363965,1,1,1,1,1,1,1,0,1,1,1,1,1,1,0,0
0.00363966,1,1,1,1,1,1,1,1,1,1,1,1,1,1,0,0
0.00363972,0,0,0,0,0,0,0,1,1,1,1,1,1,1,0,0
0.00363975,0,0,1,0,0,1,0,1,1,1,1,1,1,1,0,0
0.00363976,1,1,1,1,0,1,1,1,1,1,1,1,1,1,0,0
0.00363979,1,1,1,1,0,1,0,1,1,1,1,1,1,1,0,0
0.00363981,0,0,1,0,0,0,0,1,1,1,1,1,1,1,0,0
0.00363982,0,0,0,0,0,0,0,1,1,1,1,1,1,1,0,0
0.00363983,0,0,1,1,0,1,0,1,1,1,1,1,1,1,0,0
0.00363984,0,1,1,1,0,1,0,1,1,1,1,1,1,1,0,0
0.00363985,1,1,1,1,0,1,0,1,1,1,1,1,1,1,0,0
0.00363987,0,1,1,1,0,1,0,1,1,1,1,1,1,1,0,0
0.00363989,0,0,1,1,0,1,0,1,1,1,1,1,1,1,0,0
0.00363992,0,1,1,1,0,1,0,1,1,1,1,1,1,1,0,0
0.00363998,0,0,1,1,0,1,0,1,1,1,1,1,1,1,0,0
0.00364001,0,1,1,1,0,1,0,1,1,1,1,1,1,1,0,0
0.00364003,0,0,1,1,0,1,0,1,1,1,1,1,1,1,0,0
0.00364032,0,0,1,1,0,0,0,1,1,1,1,1,1,1,0,0
0.0036404,0,0,1,0,0,0,0,1,1,1,1,1,1,1,0,0
0.00364042,0,0,1,1,0,0,0,1,1,1,1,1,1,1,0,0
0.00364043,0,0,1,0,0,0,0,1,1,1,1,1,1,1,0,0
0.0036405,0,0,1,1,0,0,0,1,1,1,1,1,1,1,0,0
0.00364051,0,0,1,0,0,0,0,1,1,1,1,1,1,1,0,0
0.00364058,0,0,0,0,0,0,0,1,1,1,1,1,1,1,0,0
0.00364059,0,0,1,0,0,0,0,1,1,1,1,1,1,1,0,0
0.00364062,1,1,1,1,0,1,0,1,1,1,1,1,1,1,0,0
0.00364063,1,1,1,1,1,1,0,1,1,1,1,1,1,1,0,0
0.00364064,1,1,1,1,1,1,1,1,1,1,1,1,1,1,0,0
0.00364069,0,0,1,0,1,0,0,1,1,1,1,1,1,1,0,0
0.0036407,0,0,0,0,0,0,0,1,1,1,1,1,1,1,0,0
0.00364074,1,1,1,1,1,1,1,1,1,1,1,1,1,1,0,0
0.00364077,0,0,1,1,0,1,0,1,1,1,1,1,1,1,0,0
0.00364078,0,0,0,0,0,0,0,1,1,1,1,1,1,1,0,0
0.00364082,0,0,1,1,0,0,0,1,1,1,1,1,1,1,0,0
0.00364084,0,0,1,0,0,0,0,1,1,1,1,1,1,1,0,0
0.00364085,0,0,0,0,0,0,0,1,1,1,1,1,1,1,0,0
0.0036416,1,0,1,1,0,1,0,1,1,1,1,1,1,1,0,0
0.00364161,1,1,1,1,1,1,1,1,1,1,1,1,1,1,0,0
0.00364165,0,0,0,0,0,0,0,1,1,1,1,1,1,1,0,0
0.0036417,0,0,1,1,0,1,0,1,1,1,1,1,1,1,0,0
0.00364172,0,0,0,0,0,0,0,1,1,1,1,1,1,1,0,0
0.0036426,0,0,0,0,0,0,1,1,1,1,1,1,1,1,0,0
0.00364261,0,0,1,1,0,1,1,0,1,1,1,1,1,1,0,0
0.00364262,0,0,1,0,0,0,1,0,1,1,1,1,1,1,0,0
0.00364263,0,0,0,0,0,0,1,0,1,1,1,1,1,1,0,0
0.00364355,0,0,1,1,1,0,1,0,1,1,1,1,1,1,0,0
0.00364358,1,1,1,1,1,1,1,0,1,1,1,1,1,1,0,0
0.0036436,0,0,1,1,1,0,1,0,1,1,1,1,1,1,0,0
0.00364458,1,0,1,1,1,0,1,0,1,1,1,1,1,1,0,0
0.0036446,1,1,1,1,1,1,1,1,1,1,1,1,1,1,0,0
0.00364461,1,0,0,0,0,0,0,0,1,1,1,1,1,1,0,0
0.00364463,1,0,0,0,0,1,1,0,1,1,1,1,1,1,0,0
0.00364465,1,1,1,1,1,1,1,0,1,1,1,1,1,1,0,0
0.00364466,1,1,1,1,1,1,0,0,1,1,1,1,1,1,0,0
0.00364467,1,0,0,0,0,1,0,0,1,1,1,1,1,1,0,0
0.00364497,1,0,0,0,0,1,0,0,1,0,0,0,0,1,0,0
0.0036455,1,1,1,1,0,1,0,0,1,0,0,0,0,1,0,0
0.00364552,1,1,1,1,1,1,1,1,1,0,0,0,0,1,0,0
0.00364557,0,0,1,0,1,0,1,0,1,0,0,0,0,1,0,0
0.00364558,0,0,0,0,0,0,1,0,1,0,0,0,0,1,0,0
0.00364562,1,1,1,1,0,0,1,0,1,0,0,0,0,1,0,0
0.00364563,1,1,1,1,1,1,1,0,1,0,0,0,0,1,0,0
0.00364564,1,1,1,1,0,0,1,0,1,0,0,0,0,1,0,0
0.00364565,1,0,1,1,0,0,1,0,1,0,0,0,0,1,0,0
0.00364566,0,0,0,0,0,0,1,0,1,0,0,0,0,1,0,0
0.0036457,0,0,1,0,0,0,1,0,1,0,0,0,0,1,0,0
0.00364571,0,0,1,1,0,0,1,0,1,0,0,0,0,1,0,0
0.00364572,0,0,1,0,0,0,1,0,1,0,0,0,0,1,0,0
0.00364573,0,0,0,0,0,0,1,0,1,0,0,0,0,1,0,0
0.00364648,1,1,1,1,0,0,1,0,1,0,0,0,0,1,0,0
0.00364649,1,1,1,1,1,1,1,1,1,0,0,0,0,1,0,0
0.00364654,1,1,1,1,0,1,0,1,1,0,0,0,0,1,0,0
0.00364655,0,0,0,0,0,0,0,1,1,0,0,0,0,1,0,0
0.00364659,1,1,1,1,0,1,0,1,1,0,0,0,0,1,0,0
0.0036466,1,1,1,1,1,1,0,1,1,0,0,0,0,1,0,0
0.00364661,1,1,1,1,0,1,0,1,1,0,0,0,0,1,0,0
0.00364662,1,1,1,1,0,0,0,1,1,0,0,0,0,1,0,0
0.00364663,0,0,1,0,0,0,0,1,1,0,0,0,0,1,0,0
0.00364664,0,0,0,0,0,0,0,1,1,0,0,0,0,1,0,0
0.00364667,1,0,1,1,0,0,0,1,1,0,0,0,0,1,0,0
0.00364668,1,1,1,1,0,0,0,1,1,0,0,0,0,1,0,0
0.00364669,1,0,1,1,0,0,0,1,1,0,0,0,0,1,0,0
0.00364671,0,0,1,0,0,0,0,1,1,0,0,0,0,1,0,0
0.00364672,0,0,0,0,0,0,0,1,1,0,0,0,0,1,0,0
0.00364674,0,0,1,0,0,0,0,1,1,0,0,0,0,1,0,0
0.00364675,1,0,1,0,0,0,0,1,1,0,0,0,0,1,0,0
0.00364677,0,0,1,0,0,0,0,1,1,0,0,0,0,1,0,0
0.00364681,0,0,0,0,0,0,0,1,1,0,0,0,0,1,0,0
0.00364683,0,0,1,0,0,0,0,1,1,0,0,0,0,1,0,0
0.00364684,1,0,1,0,0,0,0,1,1,0,0,0,0,1,0,0
0.00364685,0,0,1,0,0,0,0,1,1,0,0,0,0,1,0,0
0.00364686,0,0,0,0,0,0,0,1,1,0,0,0,0,1,0,0
0.0036469,0,0,1,0,0,0,0,1,1,0,0,0,0,1,0,0
0.00364691,0,0,0,0,0,0,0,1,1,0,0,0,0,1,0,0
0.00364693,0,0,1,0,0,0,0,1,1,0,0,0,0,1,0,0
0.00364694,0,0,0,0,0,0,0,1,1,0,0,0,0,1,0,0
0.00364745,0,1,1,1,0,0,0,1,1,0,0,0,0,1,0,0
0.00364746,1,1,1,0,0,0,0,1,1,0,0,0,0,1,0,0
0.00364747,1,1,1,1,0,0,0,1,1,0,0,0,0,1,0,0
0.00364748,1,1,1,1,1,0,1,1,1,0,0,0,0,1,0,0
0.00364749,1,1,1,1,1,1,1,1,1,0,0,0,0,1,0,0
0.00364753,0,0,1,1,1,1,1,0,1,0,0,0,0,1,0,0
0.00364754,0,0,1,1,1,0,1,0,1,0,0,0,0,1,0,0
0.00364757,1,0,1,1,1,0,1,0,1,0,0,0,0,1,0,0
0.00364758,1,1,1,1,1,1,1,1,1,0,0,0,0,1,0,0
0.00364759,1,1,1,1,1,1,1,0,1,0,0,0,0,1,0,0
0.0036476,0,0,1,1,1,0,1,0,1,0,0,0,0,1,0,0
0.00364849,1,1,1,1,1,1,1,1,1,0,0,0,0,1,0,0
0.00364854,1,1,1,0,1,1,1,1,1,0,0,0,0,1,0,0
0.00364855,0,1,0,0,1,0,1,1,1,0,0,0,0,1,0,0
0.00364859,1,1,1,1,1,1,1,1,1,0,0,0,0,1,0,0
0.00364861,0,1,0,0,1,0,1,1,1,0,0,0,0,1,0,0
0.00364887,0,1,0,0,1,0,1,1,0,0,0,0,0,0,0,0
0.00364888,0,1,0,0,1,0,1,1,0,1,0,0,0,0,0,0
0.00364889,0,1,0,0,1,0,1,1,0,1,0,0,1,0,1,1
0.0036494,0,1,1,1,1,0,1,1,0,1,0,0,1,0,1,1
0.00364941,1,1,1,1,1,0,1,1,0,1,0,0,1,0,1,1
0.00364942,1,1,1,1,1,1,1,1,0,1,0,0,1,0,1,1
0.00364947,0,0,1,1,1,0,1,0,0,1,0,0,1,0,1,1
0.00364951,1,0,1,1,1,1,1,0,0,1,0,0,1,0,1,1
0.00364952,1,1,1,1,1,1,1,0,0,1,0,0,1,0,1,1
0.00364953,0,0,1,1,1,0,1,0,0,1,0,0,1,0,1,1
0.0036504,1,1,1,1,1,1,1,0,0,1,0,0,1,0,1,1
0.00365042,1,1,1,1,1,1,1,1,0,1,0,0,1,0,1,1
0.00365136,1,1,0,0,0,1,0,0,0,1,0,0,1,0,1,1
0.00365137,0,0,0,0,0,0,0,0,0,1,0,0,1,0,1,1
0.00365141,1,0,1,0,0,1,0,0,0,1,0,0,1,0,1,1
0.00365142,0,0,1,0,0,1,0,0,0,1,0,0,1,0,1,1
0.00365143,0,0,0,0,0,0,0,0,0,1,0,0,1,0,1,1
0.00365232,0,0,1,0,0,0,0,0,0,1,0,0,1,0,1,1
0.00365233,1,0,1,0,0,1,0,0,0,1,0,0,1,0,1,1
0.00365234,0,0,0,0,0,0,0,0,0,1,0,0,1,0,1,1
0.00365237,0,0,1,1,1,0,1,0,0,1,0,0,1,0,1,1
0.00365239,1,1,1,1,1,1,1,1,0,1,0,0,1,0,1,1
0.00365245,0,1,0,0,1,1,0,0,0,1,0,0,1,0,1,1
0.00365249,1,1,1,1,1,1,0,0,0,1,0,0,1,0,1,1
0.0036525,1,1,1,1,1,1,1,1,0,1,0,0,1,0,1,1
0.00365251,1,1,1,1,1,1,0,0,0,1,0,0,1,0,1,1
0.00365252,0,1,0,0,1,1,0,0,0,1,0,0,1,0,1,1
0.00365258,0,1,1,0,1,1,0,0,0,1,0,0,1,0,1,1
0.00365259,0,1,0,0,1,1,0,0,0,1,0,0,1,0,1,1
0.00365278,0,1,0,0,1,1,0,0,0,1,0,0,1,0,0,0
0.00365279,0,1,0,0,1,1,0,0,0,1,0,0,1,1,0,0
0.00365331,0,1,1,0,1,1,0,0,0,1,0,0,1,1,0,0
0.00365332,0,1,0,0,1,1,0,0,0,1,0,0,1,1,0,0
0.00365333,1,1,1,1,1,1,0,0,0,1,0,0,1,1,0,0
0.00365334,1,1,1,1,1,1,1,1,0,1,0,0,1,1,0,0
0.00365338,0,1,1,0,1,0,1,0,0,1,0,0,1,1,0,0
0.00365342,1,1,1,1,1,0,1,0,0,1,0,0,1,1,0,0
0.00365343,1,1,1,1,1,1,1,1,0,1,0,0,1,1,0,0
0.00365344,1,1,1,1,1,0,1,0,0,1,0,0,1,1,0,0
0.00365345,0,1,1,0,1,0,1,0,0,1,0,0,1,1,0,0
0.0036535,1,1,1,0,1,0,1,0,0,1,0,0,1,1,0,0
0.00365352,0,1,1,0,1,0,1,0,0,1,0,0,1,1,0,0
0.00365429,1,1,1,1,1,0,1,0,0,1,0,0,1,1,0,0
0.00365431,1,1,1,1,1,1,1,1,0,1,0,0,1,1,0,0
0.00365436,1,1,0,1,0,0,0,0,0,1,0,0,1,1,0,0
0.0036544,1,1,1,1,0,1,0,0,0,1,0,0,1,1,0,0
0.00365441,1,1,1,1,0,1,1,0,0,1,0,0,1,1,0,0
0.00365442,1,1,1,1,0,1,0,0,0,1,0,0,1,1,0,0
0.00365443,1,1,0,1,0,0,0,0,0,1,0,0,1,1,0,0
0.00365448,1,1,1,1,0,0,0,0,0,1,0,0,1,1,0,0
0.0036545,1,1,0,1,0,0,0,0,0,1,0,0,1,1,0,0
0.00365527,1,1,1,1,0,0,0,0,0,1,0,0,1,1,0,0
0.00365528,1,1,1,1,0,1,1,0,0,1,0,0,1,1,0,0
0.00365529,1,1,1,1,1,1,1,1,0,1,0,0,1,1,0,0
0.00365626,1,1,1,1,1,1,1,0,0,1,0,0,1,1,0,0
0.00365627,1,1,0,1,1,0,0,0,0,1,0,0,1,1,0,0
0.00365628,0,0,0,1,1,0,1,0,0,1,0,0,1,1,0,0
0.0036563,0,0,1,1,1,0,1,0,0,1,0,0,1,1,0,0
0.00365631,1,1,1,1,1,1,1,0,0,1,0,0,1,1,0,0
0.00365632,1,1,1,1,1,1,1,1,0,1,0,0,1,1,0,0
0.00365637,1,1,1,1,1,0,0,0,0,1,0,0,1,1,0,0
0.00365638,0,1,0,0,1,0,0,0,0,1,0,0,1,1,0,0
0.00365642,1,1,1,0,1,0,0,0,0,1,0,0,1,1,0,0
0.00365643,1,1,1,1,1,0,0,0,0,1,0,0,1,1,0,0
0.00365644,1,1,1,0,1,0,0,0,0,1,0,0,1,1,0,0
0.00365645,1,1,0,0,1,0,0,0,0,1,0,0,1,1,0,0
0.00365646,0,1,0,0,1,0,0,0,0,1,0,0,1,1,0,0
0.0036565,1,1,0,0,1,0,0,0,0,1,0,0,1,1,0,0
0.00365653,0,1,0,0,1,0,0,0,0,1,0,0,1,1,0,0
0.00365668,0,1,0,0,1,0,0,0,0,1,0,0,1,0,0,0
0.00365675,1,1,0,0,1,0,0,0,0,1,0,0,1,0,0,0
0.00365676,0,1,0,0,1,0,0,0,0,0,0,0,0,0,0,0
0.00365677,0,1,0,0,1,0,0,0,0,1,0,0,1,0,0,0
0.00365724,1,1,1,1,1,1,1,0,0,1,0,0,1,0,0,0
0.00365725,1,1,1,1,1,1,1,1,0,1,0,0,1,0,0,0
0.00365729,1,1,1,1,0,0,0,0,0,1,0,0,1,0,0,0
0.00365734,1,1,1,1,0,1,1,0,0,1,0,0,1,0,0,0
0.00365736,1,1,1,1,0,0,0,0,0,1,0,0,1,0,0,0
0.00365822,1,1,1,1,1,1,1,1,0,1,0,0,1,0,0,0
0.00365827,1,0,0,0,1,0,0,0,0,1,0,0,1,0,0,0
0.0036583,1,0,1,0,1,0,0,0,0,1,0,0,1,0,0,0
0.00365831,1,1,1,1,1,1,1,0,0,1,0,0,1,0,0,0
0.00365832,1,1,1,1,1,1,1,1,0,1,0,0,1,0,0,0
0.00365834,1,1,1,1,1,1,1,0,0,1,0,0,1,0,0,0
0.00365835,1,0,0,0,1,0,0,0,0,1,0,0,1,0,0,0
0.00365839,1,1,1,1,1,1,0,0,0,1,0,0,1,0,0,0
0.00365841,1,0,1,1,1,1,0,0,0,1,0,0,1,0,0,0
0.00365842,1,0,1,1,1,0,0,0,0,1,0,0,1,0,0,0
0.00365843,1,0,0,0,1,0,0,0,0,1,0,0,1,0,0,0
0.00365846,1,0,1,1,1,0,0,0,0,1,0,0,1,0,0,0
0.00365849,1,0,1,0,1,0,0,0,0,1,0,0,1,0,0,0
0.00365853,1,0,0,0,1,0,0,0,0,1,0,0,1,0,0,0
0.00365855,1,0,1,1,1,0,0,0,0,1,0,0,1,0,0,0
0.00365857,1,0,1,0,1,0,0,0,0,1,0,0,1,0,0,0
0.00365859,1,0,0,0,1,0,0,0,0,1,0,0,1,0,0,0
0.0036586,1,0,1,0,1,0,0,0,0,1,0,0,1,0,0,0
0.00365863,1,0,1,1,1,0,0,0,0,1,0,0,1,0,0,0
0.00365864,1,0,1,1,1,0,0,0,0,0,0,0,1,0,0,0
0.00365865,1,0,0,0,1,0,0,0,1,0,0,0,1,0,0,0
0.00365869,1,0,1,1,1,0,0,0,1,0,0,0,1,0,0,0
0.0036587,1,1,1,1,1,0,0,0,1,0,0,0,1,0,0,0
0.00365871,1,0,1,1,1,0,0,0,0,0,0,0,0,0,0,0
0.00365872,1,0,0,0,1,0,0,0,1,0,0,0,1,0,0,0
0.00365877,1,0,1,1,1,0,0,0,1,0,0,0,1,0,0,0
0.00365879,1,0,1,0,1,0,0,0,1,0,0,0,1,0,0,0
0.0036588,1,0,0,0,1,0,0,0,1,0,0,0,1,0,0,0
0.00365884,1,0,1,0,1,0,0,0,1,0,0,0,1,0,0,0
0.00365885,1,0,0,0,1,0,0,0,1,0,0,0,1,0,0,0
0.00365917,1,1,0,0,1,0,0,0,1,0,0,0,1,0,0,0
0.00365919,1,1,1,1,1,1,1,1,1,0,0,0,1,0,0,0
0.00365925,0,0,0,0,1,1,1,1,1,0,0,0,1,0,0,0
0.00365928,0,1,1,1,1,1,1,1,1,0,0,0,1,0,0,0
0.00365929,1,1,1,1,1,1,1,1,1,0,0,0,1,0,0,0
0.00365931,0,0,1,1,1,1,1,1,1,0,0,0,1,0,0,0
0.00365932,0,0,0,0,1,1,1,1,1,0,0,0,1,0,0,0
0.00365936,0,0,1,1,1,1,1,1,1,0,0,0,1,0,0,0
0.00365938,0,0,0,0,1,1,1,1,1,0,0,0,1,0,0,0
0.00366015,1,0,0,0,1,1,1,1,1,0,0,0,1,0,0,0
0.00366016,0,0,1,1,1,1,1,1,1,0,0,0,1,0,0,0
0.00366017,1,1,1,1,1,1,1,1,1,0,0,0,1,0,0,0
0.00366021,0,1,1,0,0,0,1,0,1,0,0,0,1,0,0,0
0.00366022,0,0,0,0,0,0,1,0,1,0,0,0,1,0,0,0
0.00366025,1,1,1,1,0,1,1,1,1,0,0,0,1,0,0,0
0.0036603,0,0,1,0,0,0,1,0,1,0,0,0,1,0,0,0
0.00366031,0,0,0,0,0,0,1,0,1,0,0,0,1,0,0,0
0.00366033,0,0,1,1,0,1,1,0,1,0,0,0,1,0,0,0
0.00366034,0,1,1,1,0,1,1,0,1,0,0,0,1,0,0,0
0.00366038,0,0,1,1,0,1,1,0,1,0,0,0,1,0,0,0
0.00366039,0,0,1,0,0,0,1,0,1,0,0,0,1,0,0,0
0.0036604,0,0,1,1,0,1,1,0,1,0,0,0,1,0,0,0
0.00366059,0,0,1,1,0,1,1,0,0,0,0,0,0,0,0,0
0.0036606,0,0,1,1,0,1,1,0,0,0,0,0,0,0,1,0
0.00366061,0,0,1,0,0,1,1,0,0,0,0,0,0,0,1,0
0.00366062,0,0,0,0,0,0,1,0,0,0,0,0,0,0,1,0
0.00366064,0,0,1,0,0,1,1,0,0,0,0,0,0,0,1,0
0.00366065,0,0,1,1,0,1,1,0,0,0,0,0,0,0,1,0
0.00366067,0,0,0,0,0,1,1,0,0,0,0,0,0,0,1,0
0.00366068,0,0,0,0,1,1,1,1,0,0,0,0,0,0,1,0
0.00366069,0,0,0,0,1,1,1,1,0,0,0,0,1,1,1,1
0.0036607,1,1,1,1,1,1,1,1,0,0,0,0,1,1,1,1
0.00366071,1,1,1,1,0,0,1,0,0,0,0,0,0,0,1,0
0.00366072,0,0,0,0,0,0,1,0,0,0,0,0,0,0,1,0
0.00366075,0,0,1,0,0,0,1,0,0,0,0,0,0,0,1,0
0.00366076,1,1,1,1,0,1,1,1,0,0,0,0,0,0,1,0
0.00366077,1,1,1,1,1,1,1,1,0,0,0,0,0,0,1,0
0.00366079,0,1,1,1,0,1,1,0,0,0,0,0,0,0,1,0
0.0036608,0,0,0,0,0,0,1,0,0,0,0,0,0,0,1,0
0.00366084,0,0,1,1,0,1,1,0,0,0,0,0,0,0,1,0
0.00366087,0,0,1,0,0,1,1,0,0,0,0,0,0,0,1,0
0.00366088,0,0,0,0,0,0,1,0,0,0,0,0,0,0,1,0
0.00366092,0,0,1,0,0,1,1,0,0,0,0,0,0,0,1,0
0.00366094,0,0,1,0,0,0,1,0,0,0,0,0,0,0,1,0
0.00366095,0,0,0,0,0,0,1,0,0,0,0,0,0,0,1,0
0.00366109,0,0,1,0,0,0,1,0,0,0,0,0,0,0,1,0
0.0036611,0,0,0,0,0,0,1,0,0,0,0,0,0,0,1,0
0.00366111,1,1,1,1,0,1,1,0,0,0,0,0,0,0,1,0
0.00366112,1,1,1,1,1,1,1,0,0,0,0,0,0,0,1,0
0.00366113,1,1,1,1,0,0,0,0,0,0,0,0,0,0,1,0
0.00366114,0,0,0,0,0,0,0,0,0,0,0,0,0,0,1,0
0.00366118,1,1,1,1,0,1,0,1,0,0,0,0,0,0,1,0
0.0036612,0,0,1,1,0,1,0,0,0,0,0,0,0,0,1,0
0.00366121,0,0,0,0,0,0,0,0,0,0,0,0,0,0,1,0
0.00366127,0,0,1,0,0,1,0,0,0,0,0,0,0,0,1,0
0.00366129,0,0,0,0,0,0,0,0,0,0,0,0,0,0,1,0
0.00366208,0,0,1,1,0,1,0,0,0,0,0,0,0,0,1,0
0.00366209,1,1,1,1,0,1,0,1,0,0,0,0,0,0,1,0
0.0036621,0,0,0,0,0,0,0,0,0,0,0,0,0,0,1,0
0.00366213,1,1,1,1,1,1,0,0,0,0,0,0,0,0,1,0
0.00366214,1,1,1,1,1,1,1,1,0,0,0,0,0,0,1,0
0.00366217,1,1,1,1,1,0,1,0,0,0,0,0,0,0,1,0
0.00366218,1,1,1,1,1,1,1,1,0,0,0,0,0,0,1,0
0.00366222,0,1,0,1,1,1,1,1,0,0,0,0,0,0,1,0
0.00366223,0,1,0,0,1,1,0,0,0,0,0,0,0,0,1,0
0.00366227,0,1,1,1,1,1,0,1,0,0,0,0,0,0,1,0
0.00366228,1,1,1,1,1,1,0,1,0,0,0,0,0,0,1,0
0.00366229,0,1,1,0,1,1,0,0,0,0,0,0,0,0,1,0
0.0036623,0,1,0,0,1,1,0,0,0,0,0,0,0,0,1,0
0.00366254,0,1,0,0,1,1,0,0,0,0,0,0,0,0,0,0
0.00366255,0,1,0,0,1,1,0,0,0,1,0,0,1,1,0,0
0.00366309,0,1,0,1,1,1,0,0,0,1,0,0,1,1,0,0
0.0036631,1,1,1,1,1,1,1,1,0,1,0,0,1,1,0,0
0.00366315,1,0,0,1,1,0,1,0,0,1,0,0,1,1,0,0
0.00366319,1,1,1,1,1,1,1,1,0,1,0,0,1,1,0,0
0.00366321,1,0,0,1,1,0,1,0,0,1,0,0,1,1,0,0
0.00366405,1,1,1,1,1,0,1,0,0,1,0,0,1,1,0,0
0.00366407,1,1,1,1,1,1,1,1,0,1,0,0,1,1,0,0
0.00366412,1,1,1,1,0,1,0,0,0,1,0,0,1,1,0,0
0.00366413,1,1,0,1,0,0,0,0,0,1,0,0,1,1,0,0
0.00366417,1,1,1,1,0,1,0,0,0,1,0,0,1,1,0,0
0.00366418,1,1,1,1,0,1,1,1,0,1,0,0,1,1,0,0
0.00366419,1,1,1,1,0,0,0,0,0,1,0,0,1,1,0,0
0.0036642,1,1,0,1,0,0,0,0,0,1,0,0,1,1,0,0
0.00366504,1,1,1,1,0,1,0,0,0,1,0,0,1,1,0,0
0.00366505,1,1,1,1,1,1,1,1,0,1,0,0,1,1,0,0
0.00366605,0,0,1,1,1,1,1,0,0,1,0,0,1,1,0,0
0.00366606,0,0,0,1,1,0,1,0,0,1,0,0,1,1,0,0
0.00366608,0,1,0,1,1,0,1,0,0,1,0,0,1,1,0,0
0.00366609,0,1,1,1,1,0,1,0,0,1,0,0,1,1,0,0
0.0036661,1,1,1,1,1,1,1,1,0,1,0,0,1,1,0,0
0.00366612,0,1,0,1,1,1,1,0,0,1,0,0,1,1,0,0
0.00366613,1,1,1,1,1,1,1,0,0,1,0,0,1,1,0,0
0.00366614,1,1,0,0,1,0,0,0,0,1,0,0,1,1,0,0
0.00366615,0,1,0,0,1,0,0,0,0,1,0,0,1,1,0,0
0.00366619,0,1,1,0,1,1,0,1,0,1,0,0,1,1,0,0
0.00366621,0,1,0,0,1,0,0,0,0,1,0,0,1,1,0,0
0.00366645,0,1,0,0,1,0,0,0,0,1,0,0,1,0,0,0
0.00366698,1,1,1,1,1,0,0,0,0,1,0,0,1,0,0,0
0.00366699,0,1,1,1,1,0,0,0,0,1,0,0,1,0,0,0
0.003667,1,1,1,1,1,1,1,1,0,1,0,0,1,0,0,0
0.00366705,1,1,1,1,0,0,0,0,0,1,0,0,1,0,0,0
0.00366709,1,1,1,1,0,1,0,0,0,1,0,0,1,0,0,0
0.0036671,1,1,1,1,0,1,1,1,0,1,0,0,1,0,0,0
0.00366711,1,1,1,1,0,1,0,0,0,1,0,0,1,0,0,0
0.00366712,1,1,1,1,0,0,0,0,0,1,0,0,1,0,0,0
0.00366798,1,1,1,1,1,1,1,1,0,1,0,0,1,0,0,0
0.00366803,1,0,0,0,1,0,0,0,0,1,0,0,1,0,0,0
0.00366807,1,1,1,1,1,1,1,1,0,1,0,0,1,0,0,0
0.0036681,1,1,1,0,1,1,1,0,0,1,0,0,1,0,0,0
0.00366811,1,0,1,0,1,1,0,0,0,1,0,0,1,0,0,0
0.00366812,1,0,0,0,1,0,0,0,0,1,0,0,1,0,0,0
0.00366815,1,1,1,0,1,1,0,0,0,1,0,0,1,0,0,0
0.00366819,1,0,0,0,1,0,0,0,0,1,0,0,1,0,0,0
0.00366823,1,1,1,0,1,1,0,0,0,1,0,0,1,0,0,0
0.00366825,1,0,1,0,1,0,0,0,0,1,0,0,1,0,0,0
0.00366826,1,0,0,0,1,0,0,0,0,1,0,0,1,0,0,0
0.00366832,1,1,1,0,1,0,0,0,0,1,0,0,1,0,0,0
0.00366833,1,0,0,0,1,0,0,0,0,1,0,0,1,0,0,0
0.0036684,1,1,1,0,1,0,0,0,0,0,0,0,1,0,0,0
0.00366841,1,0,0,0,1,0,0,0,1,0,0,0,1,0,0,0
0.00366844,1,1,0,0,1,0,0,0,1,0,0,0,1,0,0,0
0.00366845,1,0,0,0,1,0,0,0,1,0,0,0,1,0,0,0
0.00366846,1,1,1,0,1,1,0,0,1,0,0,0,1,0,0,0
0.00366847,1,1,1,0,1,0,0,0,1,0,0,0,0,0,0,0
0.00366848,1,1,0,0,1,0,0,0,0,0,0,0,1,0,0,0
0.00366849,1,0,0,0,1,0,0,0,1,0,0,0,1,0,0,0
0.00366853,1,1,1,0,1,0,0,0,1,0,0,0,1,0,0,0
0.00366856,1,0,0,0,1,0,0,0,1,0,0,0,1,0,0,0
0.00366893,1,1,1,0,1,0,0,0,1,0,0,0,1,0,0,0
0.00366895,1,1,1,1,1,0,0,0,1,0,0,0,1,0,0,0
0.00366896,1,1,1,1,1,0,1,0,1,0,0,0,1,0,0,0
0.00366897,1,1,1,1,1,1,1,1,1,0,0,0,1,0,0,0
0.00366901,1,1,1,1,1,0,0,0,1,0,0,0,1,0,0,0
0.00366904,1,1,1,1,1,1,0,0,1,0,0,0,1,0,0,0
0.00366905,1,1,1,1,1,1,1,1,1,0,0,0,1,0,0,0
0.00366907,1,1,1,1,1,0,0,0,1,0,0,0,1,0,0,0
0.00366912,1,1,1,1,1,1,0,0,1,0,0,0,1,0,0,0
0.00366913,1,1,1,1,1,0,0,0,1,0,0,0,1,0,0,0
0.00366993,1,1,1,1,1,1,1,1,1,0,0,0,1,0,0,0
0.00366998,0,0,0,0,0,0,1,0,1,0,0,0,1,0,0,0
0.00367001,0,0,1,0,0,1,1,0,1,0,0,0,1,0,0,0
0.00367002,1,1,1,1,0,1,1,1,1,0,0,0,1,0,0,0
0.00367006,0,1,1,1,0,1,1,0,1,0,0,0,1,0,0,0
0.00367007,0,0,0,0,0,0,1,0,1,0,0,0,1,0,0,0
0.00367009,0,0,1,0,0,1,1,0,1,0,0,0,1,0,0,0
0.0036701,0,1,1,1,0,1,1,0,1,0,0,0,1,0,0,0
0.00367015,0,0,1,1,0,1,1,0,1,0,0,0,1,0,0,0
0.00367017,0,1,1,1,0,1,1,0,1,0,0,0,1,0,0,0
0.00367035,0,1,1,1,0,1,1,0,0,0,0,0,0,0,0,0
0.00367036,0,1,1,1,0,1,1,0,0,0,0,0,0,0,1,0
0.00367038,0,0,1,1,0,1,1,0,0,0,0,0,0,0,1,0
0.00367039,0,0,1,1,0,0,1,0,0,0,0,0,0,0,1,0
0.0036704,0,0,1,1,0,1,1,0,0,0,0,0,0,0,1,0
0.00367041,0,1,1,1,0,1,1,0,0,0,0,0,0,0,1,0
0.00367043,0,1,1,1,0,1,1,0,0,0,0,0,0,0,0,0
0.00367044,1,1,1,1,1,0,1,0,0,0,0,0,0,0,1,0
0.00367045,1,1,1,1,1,0,1,0,0,1,1,1,1,0,1,0
0.00367046,1,1,1,1,1,1,1,1,1,1,1,1,1,0,1,0
0.00367047,1,1,1,1,1,1,1,1,1,1,1,1,1,1,1,1
0.00367048,0,1,1,0,0,1,1,1,0,0,0,0,0,0,1,0
0.00367049,0,0,0,0,0,0,1,0,0,0,0,0,0,0,1,0
0.00367052,0,1,1,1,0,1,1,0,0,0,0,0,0,0,1,0
0.00367053,1,1,1,1,1,1,1,1,0,0,0,0,0,0,1,0
0.00367055,1,1,1,1,0,1,1,1,0,0,0,0,0,0,1,0
0.00367056,0,1,1,1,0,1,1,0,0,0,0,0,0,0,1,0
0.00367057,0,0,0,0,0,0,1,0,0,0,0,0,0,0,1,0
0.0036706,0,1,1,1,0,1,1,0,0,0,0,0,0,0,1,0
0.00367061,1,1,1,1,0,1,1,0,0,0,0,0,0,0,1,0
0.00367063,0,1,1,1,0,1,1,0,0,0,0,0,0,0,1,0
0.00367065,0,0,1,0,0,0,1,0,0,0,0,0,0,0,1,0
0.00367067,0,0,1,1,0,0,1,0,0,0,0,0,0,0,1,0
0.00367068,0,0,1,1,0,1,1,0,0,0,0,0,0,0,1,0
0.00367069,0,1,1,1,0,1,1,0,0,0,0,0,0,0,1,0
0.00367072,0,0,1,1,0,0,1,0,0,0,0,0,0,0,1,0
0.00367077,0,1,1,1,0,0,1,0,0,0,0,0,0,0,1,0
0.00367078,0,0,1,1,0,0,1,0,0,0,0,0,0,0,1,0
0.0036708,0,1,1,1,0,1,1,0,0,0,0,0,0,0,1,0
0.00367081,0,0,1,1,0,0,1,0,0,0,0,0,0,0,1,0
0.00367083,0,0,1,0,0,0,1,0,0,0,0,0,0,0,1,0
0.00367085,0,1,1,1,0,0,1,0,0,0,0,0,0,0,1,0
0.00367086,0,0,1,1,0,0,1,0,0,0,0,0,0,0,1,0
0.00367087,1,1,1,1,0,1,1,0,0,0,0,0,0,0,1,0
0.00367089,1,1,1,1,0,0,0,0,0,0,0,0,0,0,1,0
0.00367092,1,1,1,1,0,1,0,0,0,0,0,0,0,0,1,0
0.00367093,1,1,1,1,1,1,0,1,0,0,0,0,0,0,1,0
0.00367095,1,1,1,1,0,1,0,0,0,0,0,0,0,0,1,0
0.00367096,1,1,1,1,0,0,0,0,0,0,0,0,0,0,1,0
0.003671,1,1,1,1,0,1,0,0,0,0,0,0,0,0,1,0
0.00367102,1,1,1,1,0,0,0,0,0,0,0,0,0,0,1,0
0.00367179,1,1,1,1,1,1,0,1,0,0,0,0,0,0,1,0
0.0036718,1,1,1,1,0,0,0,0,0,0,0,0,0,0,1,0
0.00367184,1,1,1,1,0,1,0,1,0,0,0,0,0,0,1,0
0.00367186,1,1,1,1,0,0,0,0,0,0,0,0,0,0,1,0
0.00367189,1,1,1,1,1,1,0,0,0,0,0,0,0,0,1,0
0.0036719,1,1,1,1,1,1,1,0,0,0,0,0,0,0,1,0
0.00367191,1,1,1,1,1,1,1,1,0,0,0,0,0,0,1,0
0.00367193,1,1,0,1,1,0,1,0,0,0,0,0,0,0,1,0
0.00367194,1,1,1,1,1,0,1,0,0,0,0,0,0,0,1,0
0.00367195,1,1,1,1,1,1,1,1,0,0,0,0,0,0,1,0
0.003672,0,1,0,0,1,1,0,0,0,0,0,0,0,0,1,0
0.00367204,1,1,1,1,1,1,0,1,0,0,0,0,0,0,1,0
0.00367207,1,1,1,0,1,1,0,0,0,0,0,0,0,0,1,0
0.00367208,0,1,0,0,1,1,0,0,0,0,0,0,0,0,1,0
0.00367212,1,1,1,0,1,1,0,0,0,0,0,0,0,0,1,0
0.00367213,0,1,1,0,1,1,0,0,0,0,0,0,0,0,1,0
0.00367214,0,1,0,0,1,1,0,0,0,0,0,0,0,0,1,0
0.00367231,0,1,0,0,1,1,0,0,0,1,0,0,1,0,0,0
0.00367232,0,1,0,0,1,1,0,0,0,1,0,0,1,1,0,0
0.00367236,0,1,1,0,1,1,0,0,0,1,0,0,1,1,0,0
0.00367237,0,1,0,0,1,1,0,0,0,1,0,0,1,1,0,0
0.00367286,1,1,1,1,1,1,0,0,0,1,0,0,1,1,0,0
0.00367287,1,1,1,1,1,1,1,1,0,1,0,0,1,1,0,0
0.00367291,0,1,0,0,1,0,0,0,0,1,0,0,1,1,0,0
0.00367294,0,1,1,0,1,0,0,0,0,1,0,0,1,1,0,0
0.00367295,1,1,1,1,1,1,1,1,0,1,0,0,1,1,0,0
0.00367299,1,1,1,1,1,0,0,0,0,1,0,0,1,1,0,0
0.003673,0,1,1,0,1,0,0,0,0,1,0,0,1,1,0,0
0.00367301,0,1,0,0,1,0,0,0,0,1,0,0,1,1,0,0
0.00367302,1,1,1,1,1,0,0,0,0,1,0,0,1,1,0,0
0.00367304,1,1,1,1,1,1,1,1,0,1,0,0,1,1,0,0
0.00367305,1,1,1,1,1,0,1,0,0,1,0,0,1,1,0,0
0.00367306,1,1,1,1,1,0,0,0,0,1,0,0,1,1,0,0
0.00367377,0,1,1,0,1,0,0,0,0,1,0,0,1,1,0,0
0.00367378,1,1,1,1,1,0,0,0,0,1,0,0,1,1,0,0
0.0036738,0,1,1,1,1,0,0,0,0,1,0,0,1,1,0,0
0.00367381,1,1,1,1,1,0,0,0,0,1,0,0,1,1,0,0
0.00367382,1,1,1,1,1,1,0,0,0,1,0,0,1,1,0,0
0.00367383,1,1,1,1,1,1,1,1,0,1,0,0,1,1,0,0
0.00367389,1,1,0,0,0,0,0,0,0,1,0,0,1,1,0,0
0.00367393,1,1,1,1,0,1,1,1,0,1,0,0,1,1,0,0
0.00367396,1,1,1,1,0,1,1,0,0,1,0,0,1,1,0,0
0.00367397,1,1,1,0,0,0,0,0,0,1,0,0,1,1,0,0
0.00367398,1,1,0,0,0,0,0,0,0,1,0,0,1,1,0,0
0.00367401,1,1,1,1,0,0,0,0,0,1,0,0,1,1,0,0
0.00367402,1,1,1,1,0,1,1,0,0,1,0,0,1,1,0,0
0.00367403,1,1,1,1,0,0,0,0,0,1,0,0,1,1,0,0
0.00367405,1,1,1,0,0,0,0,0,0,1,0,0,1,1,0,0
0.00367409,1,1,1,1,0,0,0,0,0,1,0,0,1,1,0,0
0.00367412,1,1,1,0,0,0,0,0,0,1,0,0,1,1,0,0
0.00367445,1,1,0,0,0,0,0,0,0,1,0,0,1,1,0,0
0.00367446,1,1,1,0,0,0,0,0,0,1,0,0,1,1,0,0
0.00367449,1,1,0,0,0,0,0,0,0,1,0,0,1,1,0,0
0.00367451,1,1,1,0,0,0,0,0,0,1,0,0,1,1,0,0
0.00367453,1,1,0,0,0,0,0,0,0,1,0,0,1,1,0,0
0.00367455,1,1,1,0,0,0,0,0,0,1,0,0,1,1,0,0
0.00367456,1,1,0,0,0,0,0,0,0,1,0,0,1,1,0,0
0.00367479,1,1,1,0,0,0,0,0,0,1,0,0,1,1,0,0
0.0036748,1,1,1,1,0,1,1,0,0,1,0,0,1,1,0,0
0.00367481,1,1,1,1,1,1,1,1,0,1,0,0,1,1,0,0
0.00367582,0,0,1,0,1,0,0,0,0,1,0,0,1,1,0,0
0.00367586,0,0,1,1,1,1,1,0,0,1,0,0,1,1,0,0
0.00367587,1,1,1,1,1,1,1,1,0,1,0,0,1,1,0,0
0.00367589,0,0,1,1,1,1,0,0,0,1,0,0,1,1,0,0
0.0036759,0,0,1,0,1,0,0,0,0,1,0,0,1,1,0,0
0.00367594,0,0,1,1,1,0,0,0,0,1,0,0,1,1,0,0
0.00367595,0,0,1,1,1,1,0,0,0,1,0,0,1,1,0,0
0.00367596,0,0,1,1,1,0,0,0,0,1,0,0,1,1,0,0
0.00367597,0,0,1,0,1,0,0,0,0,1,0,0,1,1,0,0
0.00367621,0,0,1,0,1,0,0,0,0,0,0,0,1,0,0,0
0.00367623,0,0,1,0,1,0,0,0,0,0,1,0,1,0,0,0
0.00367629,0,0,1,0,1,0,0,0,0,0,0,0,0,0,0,0
0.0036763,0,0,1,0,1,0,0,0,0,0,1,0,1,0,0,0
0.00367674,1,0,1,0,1,0,0,0,0,0,1,0,1,0,0,0
0.00367676,1,1,1,1,1,1,1,1,0,0,1,0,1,0,0,0
0.00367779,0,0,0,0,0,0,0,1,0,0,1,0,1,0,0,0
0.00367783,1,1,0,1,0,1,1,1,0,0,1,0,1,0,0,0
0.00367784,1,1,1,1,0,1,1,1,0,0,1,0,1,0,0,0
0.00367788,0,0,0,1,0,0,0,1,0,0,1,0,1,0,0,0
0.00367789,0,0,0,0,0,0,0,1,0,0,1,0,1,0,0,0
0.00367791,0,0,0,1,0,0,0,1,0,0,1,0,1,0,0,0
0.00367792,1,1,1,1,0,1,1,1,0,0,1,0,1,0,0,0
0.00367794,1,0,1,1,0,1,0,1,0,0,1,0,1,0,0,0
0.00367795,1,0,0,1,0,1,0,1,0,0,1,0,1,0,0,0
0.00367796,0,0,0,1,0,0,0,1,0,0,1,0,1,0,0,0
0.00367799,1,0,0,1,0,0,0,1,0,0,1,0,1,0,0,0
0.003678,1,0,0,1,0,1,0,1,0,0,1,0,1,0,0,0
0.00367803,0,0,0,1,0,0,0,1,0,0,1,0,1,0,0,0
0.00367804,1,0,0,1,0,0,0,1,0,0,1,0,1,0,0,0
0.00367806,0,0,0,1,0,0,0,1,0,0,1,0,1,0,0,0
0.00367808,1,0,0,1,0,1,0,1,0,0,1,0,1,0,0,0
0.0036781,1,0,0,1,0,0,0,1,0,0,1,0,1,0,0,0
0.00367812,0,0,0,1,0,0,0,1,0,0,1,0,1,0,0,0
0.00367813,1,0,0,1,0,0,0,1,0,0,1,0,1,0,0,0
0.0036782,0,0,0,1,0,0,0,1,0,0,1,0,1,0,0,0
0.00367825,1,0,0,1,0,0,0,1,0,0,1,0,1,0,0,0
0.00367828,0,0,0,1,0,0,0,1,0,0,1,0,1,0,0,0
0.00367831,1,0,0,1,0,0,0,1,0,0,1,0,1,0,0,0
0.00367832,0,0,0,1,0,0,0,1,0,0,1,0,1,0,0,0
0.00367835,1,0,0,1,0,0,0,1,0,0,1,0,1,0,0,0
0.00367836,0,0,0,1,0,0,0,1,0,0,1,0,1,0,0,0
0.00367862,0,0,0,0,0,0,0,1,0,0,1,0,1,0,0,0
0.00367863,0,0,0,1,0,0,0,1,0,0,1,0,1,0,0,0
0.00367864,0,0,0,0,0,0,0,1,0,0,1,0,1,0,0,0
0.00367865,0,0,0,1,0,0,0,1,0,0,1,0,1,0,0,0
0.00367866,0,0,0,0,0,0,0,1,0,0,1,0,1,0,0,0
0.00367867,0,0,0,1,0,0,0,1,0,0,1,0,1,0,0,0
0.00367869,1,0,1,1,0,0,0,1,0,0,1,0,1,0,0,0
0.0036787,1,1,1,1,0,0,0,1,0,0,1,0,1,0,0,0
0.00367872,1,1,1,1,1,1,1,1,0,0,1,0,1,0,0,0
0.00367876,1,1,1,1,1,1,1,0,0,0,1,0,1,0,0,0
0.00367877,1,1,0,0,1,0,0,0,0,0,1,0,1,0,0,0
0.0036788,1,1,1,1,1,1,1,0,0,0,1,0,1,0,0,0
0.00367882,1,1,1,1,1,1,1,1,0,0,1,0,1,0,0,0
0.00367883,1,1,1,1,1,1,1,0,0,0,1,0,1,0,0,0
0.00367884,1,1,1,0,1,0,0,0,0,0,1,0,1,0,0,0
0.00367885,1,1,0,0,1,0,0,0,0,0,1,0,1,0,0,0
0.00367888,1,1,1,1,1,1,0,0,0,0,1,0,1,0,0,0
0.00367889,1,1,1,1,1,1,1,0,0,0,1,0,1,0,0,0
0.00367891,1,1,1,1,1,0,0,0,0,0,1,0,1,0,0,0
0.00367892,1,1,0,0,1,0,0,0,0,0,1,0,1,0,0,0
0.00367895,1,1,1,1,1,0,0,0,0,0,1,0,1,0,0,0
0.003679,1,1,0,0,1,0,0,0,0,0,1,0,1,0,0,0
0.00367902,1,1,1,1,1,0,0,0,0,0,1,0,1,0,0,0
0.00367905,1,1,0,0,1,0,0,0,0,0,1,0,1,0,0,0
0.00367908,1,1,1,0,1,0,0,0,0,0,1,0,1,0,0,0
0.00367909,1,1,0,0,1,0,0,0,0,0,1,0,1,0,0,0
0.00367912,1,1,1,0,1,0,0,0,0,0,1,0,1,0,0,0
0.00367913,1,1,1,1,1,0,0,0,0,0,1,0,1,0,0,0
0.00367914,1,1,1,1,1,0,0,0,0,0,0,0,1,0,0,0
0.00367915,1,1,0,0,1,0,0,0,1,1,0,0,1,0,0,0
0.00367919,1,1,1,1,1,0,0,0,1,1,0,0,1,0,0,0
0.00367921,1,1,1,1,1,0,0,0,1,0,0,0,0,0,0,0
0.00367922,1,1,0,0,1,0,0,0,0,1,0,0,1,0,0,0
0.00367923,1,1,0,0,1,0,0,0,1,1,0,0,1,0,0,0
0.00367927,1,1,1,1,1,0,0,0,1,1,0,0,1,0,0,0
0.00367929,1,1,0,0,1,0,0,0,1,1,0,0,1,0,0,0
0.00367969,1,1,0,1,1,1,1,0,1,1,0,0,1,0,0,0
0.00367972,1,1,1,1,1,1,1,1,1,1,0,0,1,0,0,0
0.00367975,1,0,0,0,1,1,1,0,1,1,0,0,1,0,0,0
0.00367979,1,1,1,1,1,1,1,0,1,1,0,0,1,0,0,0
0.00367981,1,0,1,1,1,1,1,0,1,1,0,0,1,0,0,0
0.00367982,1,0,0,0,1,1,1,0,1,1,0,0,1,0,0,0
0.00367987,1,0,1,1,1,1,1,0,1,1,0,0,1,0,0,0
0.00367988,1,0,0,0,1,1,1,0,1,1,0,0,1,0,0,0
0.00368065,1,1,1,0,1,1,1,0,1,1,0,0,1,0,0,0
0.00368066,1,1,1,1,1,1,1,0,1,1,0,0,1,0,0,0
0.00368067,1,0,1,1,1,1,1,1,1,1,0,0,1,0,0,0
0.00368068,1,1,1,1,1,1,1,1,1,1,0,0,1,0,0,0
0.00368072,0,1,0,0,1,0,0,0,1,1,0,0,1,0,0,0
0.00368076,1,1,1,1,1,1,1,0,1,1,0,0,1,0,0,0
0.00368077,1,1,1,1,1,1,1,1,1,1,0,0,1,0,0,0
0.00368078,1,1,1,1,1,1,1,0,1,1,0,0,1,0,0,0
0.00368079,0,1,1,1,1,0,0,0,1,1,0,0,1,0,0,0
0.0036808,0,1,0,0,1,0,0,0,1,1,0,0,1,0,0,0
0.00368084,0,1,1,1,1,0,0,0,1,1,0,0,1,0,0,0
0.00368087,0,1,0,0,1,0,0,0,1,1,0,0,1,0,0,0
0.00368092,0,1,1,0,1,0,0,0,1,1,0,0,1,0,0,0
0.00368093,0,1,0,0,1,0,0,0,1,1,0,0,1,0,0,0
0.00368109,0,1,0,0,1,0,0,0,0,1,0,0,1,0,0,0
0.00368117,0,1,0,0,1,0,0,0,0,0,0,0,0,0,0,0
0.00368118,0,1,0,0,1,0,0,0,0,1,0,0,1,0,0,0
0.00368162,1,1,1,1,1,0,0,0,0,1,0,0,1,0,0,0
0.00368164,1,1,1,1,1,1,1,1,0,1,0,0,1,0,0,0
0.0036817,1,1,0,0,1,1,0,0,0,1,0,0,1,0,0,0
0.00368174,1,1,1,1,1,1,1,1,0,1,0,0,1,0,0,0
0.00368176,1,1,1,1,1,1,0,0,0,1,0,0,1,0,0,0
0.00368177,1,1,0,0,1,1,0,0,0,1,0,0,1,0,0,0
0.00368261,1,1,0,0,1,1,1,0,0,1,0,0,1,0,0,0
0.00368262,1,1,0,1,1,1,1,0,0,1,0,0,1,0,0,0
0.00368264,1,0,1,1,1,1,1,1,0,1,0,0,1,0,0,0
0.00368265,1,1,1,1,1,1,1,1,0,1,0,0,1,0,0,0
0.00368266,1,0,0,0,1,0,0,0,0,1,0,0,1,0,0,0
0.0036827,1,0,1,1,1,0,1,0,0,1,0,0,1,0,0,0
0.00368271,1,0,1,1,1,1,1,1,0,1,0,0,1,0,0,0
0.00368272,1,0,1,1,1,0,0,0,0,1,0,0,1,0,0,0
0.00368273,1,0,0,0,1,0,0,0,0,1,0,0,1,0,0,0
0.00368304,1,0,0,0,1,0,0,0,0,0,0,0,1,0,0,0
0.00368306,1,0,0,0,1,0,0,0,1,0,0,0,1,0,0,0
0.00368312,1,0,0,0,1,0,0,0,0,0,0,0,0,0,0,0
0.00368313,1,0,0,0,1,0,0,0,1,0,0,0,1,0,0,0
0.00368358,1,1,1,1,1,0,0,0,1,0,0,0,1,0,0,0
0.00368359,1,0,1,1,1,1,1,1,1,0,0,0,1,0,0,0
0.00368361,1,1,1,1,1,1,1,1,1,0,0,0,1,0,0,0
0.00368365,1,1,1,1,1,1,1,0,1,0,0,0,1,0,0,0
0.00368366,0,0,1,1,1,0,1,0,1,0,0,0,1,0,0,0
0.0036837,1,1,1,1,1,1,1,1,1,0,0,0,1,0,0,0
0.00368371,1,1,1,1,1,1,1,0,1,0,0,0,1,0,0,0
0.00368372,0,0,1,1,1,0,1,0,1,0,0,0,1,0,0,0
0.00368455,1,0,1,1,1,0,1,0,1,0,0,0,1,0,0,0
0.00368457,1,0,1,1,1,1,1,0,1,0,0,0,1,0,0,0
0.00368458,0,1,1,1,1,1,1,1,1,0,0,0,1,0,0,0
0.00368459,1,1,1,1,1,1,1,1,1,0,0,0,1,0,0,0
0.00368462,1,0,0,0,0,1,1,0,1,0,0,0,1,0,0,0
0.00368463,1,0,0,0,0,0,1,0,1,0,0,0,1,0,0,0
0.00368466,1,1,1,0,0,1,1,0,1,0,0,0,1,0,0,0
0.00368467,1,1,1,1,0,1,1,0,1,0,0,0,1,0,0,0
0.00368468,1,1,1,1,0,1,1,1,1,0,0,0,1,0,0,0
0.00368469,1,1,1,1,0,1,1,0,1,0,0,0,1,0,0,0
0.0036847,1,0,0,0,0,0,1,0,1,0,0,0,1,0,0,0
0.00368475,1,0,0,0,0,1,1,0,1,0,0,0,1,0,0,0
0.00368477,1,0,0,0,0,0,1,0,1,0,0,0,1,0,0,0
0.003685,1,0,0,0,0,0,1,0,1,0,0,0,0,0,1,0
0.00368552,1,0,1,1,0,1,1,0,1,0,0,0,0,0,1,0
0.00368553,1,1,1,1,0,0,1,0,1,0,0,0,0,0,1,0
0.00368554,0,0,0,1,0,0,0,0,1,0,0,0,0,0,1,0
0.00368555,0,1,1,1,0,0,0,0,1,0,0,0,0,0,1,0
0.00368556,1,1,1,1,0,0,0,1,1,0,0,0,0,0,1,0
0.00368557,1,1,1,1,0,1,0,1,1,0,0,0,0,0,1,0
0.00368558,1,1,1,1,1,1,1,1,1,0,0,0,0,0,1,0
0.00368559,1,1,1,1,1,1,0,1,1,0,0,0,0,0,1,0
0.0036856,1,1,1,1,0,0,0,1,1,0,0,0,0,0,1,0
0.00368597,1,1,1,1,0,1,0,1,1,0,0,0,0,0,1,0
0.00368598,1,1,1,1,0,0,0,1,1,0,0,0,0,0,1,0
0.00368644,1,1,1,1,1,1,1,1,1,0,0,0,0,0,1,0
0.00368645,0,1,0,0,0,1,0,1,1,0,0,0,0,0,1,0
0.00368646,0,1,0,0,0,0,1,1,1,0,0,0,0,0,1,0
0.00368649,0,1,1,1,0,1,1,1,1,0,0,0,0,0,1,0
0.00368651,0,1,0,0,0,0,1,1,1,0,0,0,0,0,1,0
0.00368654,1,1,1,1,1,0,1,1,1,0,0,0,0,0,1,0
0.00368655,1,1,1,1,1,1,1,1,1,0,0,0,0,0,1,0
0.00368657,0,1,1,1,1,1,1,0,1,0,0,0,0,0,1,0
0.00368658,0,1,1,1,1,0,0,1,1,0,0,0,0,0,1,0
0.00368659,0,1,1,1,1,0,1,1,1,0,0,0,0,0,1,0
0.0036866,1,1,0,0,1,1,1,1,1,0,0,0,0,0,1,0
0.00368662,0,1,0,0,1,0,1,1,1,0,0,0,0,0,1,0
0.00368665,0,1,0,0,1,1,1,1,1,0,0,0,0,0,1,0
0.00368669,0,1,0,0,1,0,1,1,1,0,0,0,0,0,1,0
0.00368695,0,1,0,0,1,0,1,1,0,0,0,0,0,0,1,0
0.00368696,0,1,0,0,1,0,1,1,0,1,0,0,1,0,1,1
0.00368749,1,1,1,1,1,1,1,1,0,1,0,0,1,0,1,1
0.00368755,1,1,1,1,0,0,0,1,0,1,0,0,1,0,1,1
0.00368759,1,1,1,1,0,1,0,1,0,1,0,0,1,0,1,1
0.00368761,1,1,1,1,0,0,0,1,0,1,0,0,1,0,1,1
0.00368847,1,1,1,1,0,1,0,1,0,1,0,0,1,0,1,1
0.00368848,1,1,1,1,1,1,0,1,0,1,0,0,1,0,1,1
0.00368849,1,1,1,1,1,1,1,1,0,1,0,0,1,0,1,1
0.00368944,0,0,0,0,0,0,0,0,0,1,0,0,1,0,1,1
0.0036895,0,0,0,0,0,1,0,0,0,1,0,0,1,0,1,1
0.00368951,0,0,0,0,0,0,0,0,0,1,0,0,1,0,1,1
0.0036904,1,0,0,0,0,0,0,0,0,1,0,0,1,0,1,1
0.00369042,0,0,0,0,0,0,0,0,0,1,0,0,1,0,1,1
0.00369044,1,1,1,1,1,1,1,1,0,1,0,0,1,0,1,1
0.00369048,0,0,1,0,1,0,0,0,0,1,0,0,1,0,1,1
0.00369049,0,1,1,1,1,1,1,0,0,1,0,0,1,0,1,1
0.0036905,0,1,1,1,1,1,1,1,0,1,0,0,1,0,1,1
0.00369051,1,1,1,1,1,1,1,1,0,1,0,0,1,0,1,1
0.00369053,0,1,0,0,1,1,0,0,0,1,0,0,1,0,1,1
0.00369057,1,1,0,0,1,1,0,1,0,1,0,0,1,0,1,1
0.00369061,1,1,0,0,1,1,0,0,0,1,0,0,1,0,1,1
0.00369062,0,1,0,0,1,1,0,0,0,1,0,0,1,0,1,1
0.00369063,1,1,0,0,1,1,0,0,0,1,0,0,1,0,1,1
0.00369064,1,1,0,0,1,1,0,1,0,1,0,0,1,0,1,1
0.00369069,1,1,0,0,1,1,0,0,0,1,0,0,1,0,1,1
0.00369071,1,1,0,0,1,1,0,1,0,1,0,0,1,0,1,1
0.00369077,1,1,0,0,1,1,0,0,0,1,0,0,1,0,1,1
0.00369078,1,1,0,0,1,1,0,1,0,1,0,0,1,0,1,1
0.00369081,1,1,0,0,1,1,0,0,0,1,0,0,1,0,1,1
0.00369083,1,1,0,0,1,1,0,1,0,1,0,0,1,0,1,1
0.00369086,1,1,0,0,1,1,0,1,0,1,0,0,1,0,0,0
0.00369087,1,1,0,0,1,1,0,0,0,1,0,0,1,1,0,0
0.00369091,1,1,0,0,1,1,0,1,0,1,0,0,1,1,0,0
0.00369093,1,1,0,0,1,1,0,0,0,1,0,0,1,1,0,0
0.00369138,0,1,0,0,1,1,0,0,0,1,0,0,1,1,0,0
0.00369139,0,1,0,1,1,1,0,0,0,1,0,0,1,1,0,0
0.0036914,1,1,0,0,1,1,0,1,0,1,0,0,1,1,0,0
0.00369141,1,1,1,1,1,1,0,0,0,1,0,0,1,1,0,0
0.00369142,1,1,1,1,1,1,1,0,0,1,0,0,1,1,0,0
0.00369143,1,1,1,1,1,1,1,1,0,1,0,0,1,1,0,0
0.00369146,0,0,1,1,1,0,1,0,0,1,0,0,1,1,0,0
0.0036915,1,0,1,1,1,0,1,1,0,1,0,0,1,1,0,0
0.00369153,0,0,1,1,1,0,1,0,0,1,0,0,1,1,0,0
0.00369157,1,0,1,1,1,0,1,0,0,1,0,0,1,1,0,0
0.00369158,1,0,1,1,1,0,1,1,0,1,0,0,1,1,0,0
0.00369159,1,0,1,1,1,0,1,0,0,1,0,0,1,1,0,0
0.0036916,0,0,1,1,1,0,1,0,0,1,0,0,1,1,0,0
0.00369164,1,0,1,1,1,0,1,0,0,1,0,0,1,1,0,0
0.00369166,0,0,1,1,1,0,1,0,0,1,0,0,1,1,0,0
0.00369236,1,0,1,1,1,0,1,0,0,1,0,0,1,1,0,0
0.00369237,1,1,1,1,1,0,1,0,0,1,0,0,1,1,0,0
0.00369238,1,1,1,1,1,1,1,1,0,1,0,0,1,1,0,0
0.00369245,1,1,0,1,0,0,0,0,0,1,0,0,1,1,0,0
0.00369249,1,1,0,1,0,0,0,1,0,1,0,0,1,1,0,0
0.0036925,1,1,1,1,0,1,0,1,0,1,0,0,1,1,0,0
0.00369251,1,1,0,1,0,0,0,1,0,1,0,0,1,1,0,0
0.00369252,1,1,0,1,0,0,0,0,0,1,0,0,1,1,0,0
0.00369336,1,1,1,1,0,1,1,1,0,1,0,0,1,1,0,0
0.00369337,1,1,1,1,1,1,1,1,0,1,0,0,1,1,0,0
0.00369437,0,0,0,1,1,0,1,0,0,1,0,0,1,1,0,0
0.0036944,1,1,1,1,1,1,1,1,0,1,0,0,1,1,0,0
0.00369446,0,0,1,0,1,0,0,0,0,1,0,0,1,1,0,0
0.00369451,1,1,1,0,1,1,0,1,0,1,0,0,1,1,0,0
0.00369452,1,1,1,1,1,1,0,1,0,1,0,0,1,1,0,0
0.00369453,1,0,1,0,1,1,0,0,0,1,0,0,1,1,0,0
0.00369454,0,0,1,0,1,0,0,0,0,1,0,0,1,1,0,0
0.00369476,0,0,1,0,1,0,0,0,0,0,0,0,1,0,0,0
0.00369478,0,0,1,0,1,0,0,0,0,0,1,0,1,0,0,0
0.00369484,0,0,1,0,1,0,0,0,0,0,0,0,0,0,0,0
0.00369485,0,0,1,0,1,0,0,0,0,0,1,0,1,0,0,0
0.00369529,1,0,1,0,1,0,0,0,0,0,1,0,1,0,0,0
0.00369531,1,1,1,0,1,1,1,1,0,0,1,0,1,0,0,0
0.00369532,1,1,1,1,1,1,1,1,0,0,1,0,1,0,0,0
0.00369634,0,0,0,0,0,0,0,1,0,0,1,0,1,0,0,0
0.00369638,1,1,1,1,0,1,1,1,0,0,1,0,1,0,0,0
0.00369642,1,0,0,1,0,1,0,1,0,0,1,0,1,0,0,0
0.00369643,0,0,0,0,0,0,0,1,0,0,1,0,1,0,0,0
0.00369646,1,0,0,1,0,1,0,1,0,0,1,0,1,0,0,0
0.00369647,1,1,1,1,0,1,0,1,0,0,1,0,1,0,0,0
0.00369648,1,1,0,1,0,1,0,1,0,0,1,0,1,0,0,0
0.00369649,1,0,0,1,0,1,0,1,0,0,1,0,1,0,0,0
0.0036965,1,0,0,1,0,0,0,1,0,0,1,0,1,0,0,0
0.00369651,0,0,0,0,0,0,0,1,0,0,1,0,1,0,0,0
0.00369653,0,0,0,1,0,0,0,1,0,0,1,0,1,0,0,0
0.00369654,1,0,0,1,0,1,0,1,0,0,1,0,1,0,0,0
0.00369658,1,0,0,1,0,0,0,1,0,0,1,0,1,0,0,0
0.0036966,0,0,0,0,0,0,0,1,0,0,1,0,1,0,0,0
0.00369661,0,0,0,1,0,0,0,1,0,0,1,0,1,0,0,0
0.00369662,1,0,0,1,0,0,0,1,0,0,1,0,1,0,0,0
0.00369667,0,0,0,0,0,0,0,1,0,0,1,0,1,0,0,0
0.0036967,1,0,0,1,0,0,0,1,0,0,1,0,1,0,0,0
0.00369673,0,0,0,1,0,0,0,1,0,0,1,0,1,0,0,0
0.00369674,0,0,0,0,0,0,0,1,0,0,1,0,1,0,0,0
0.00369677,0,0,0,1,0,0,0,1,0,0,1,0,1,0,0,0
0.00369678,1,0,0,1,0,0,0,1,0,0,1,0,1,0,0,0
0.00369679,1,0,0,0,0,0,0,1,0,0,1,0,1,0,0,0
0.0036968,1,0,0,1,0,0,0,1,0,0,1,0,1,0,0,0
0.00369682,0,0,0,0,0,0,0,1,0,0,1,0,1,0,0,0
0.00369684,1,0,0,1,0,0,0,1,0,0,1,0,1,0,0,0
0.00369685,1,0,0,0,0,0,0,1,0,0,1,0,1,0,0,0
0.00369686,0,0,0,0,0,0,0,1,0,0,1,0,1,0,0,0
0.00369692,1,0,0,0,0,0,0,1,0,0,1,0,1,0,0,0
0.00369693,0,0,0,0,0,0,0,1,0,0,1,0,1,0,0,0
0.00369698,1,0,0,0,0,0,0,1,0,0,1,0,1,0,0,0
0.00369699,0,0,0,0,0,0,0,1,0,0,1,0,1,0,0,0
0.00369724,1,0,0,1,0,0,0,1,0,0,1,0,1,0,0,0
0.00369725,0,0,0,0,0,0,0,1,0,0,1,0,1,0,0,0
0.00369727,1,1,1,1,1,1,0,1,0,0,1,0,1,0,0,0
0.00369728,1,1,1,1,1,1,1,1,0,0,1,0,1,0,0,0
0.00369732,1,1,0,0,1,0,0,0,0,0,1,0,1,0,0,0
0.00369736,1,1,1,1,1,1,1,0,0,0,1,0,1,0,0,0
0.0036974,1,1,1,1,1,0,0,0,0,0,1,0,1,0,0,0
0.00369741,1,1,0,0,1,0,0,0,0,0,1,0,1,0,0,0
0.00369743,1,1,1,1,1,1,0,0,0,0,1,0,1,0,0,0
0.00369744,1,1,1,1,1,1,1,0,0,0,1,0,1,0,0,0
0.00369747,1,1,1,1,1,1,0,0,0,0,1,0,1,0,0,0
0.00369749,1,1,1,1,1,0,0,0,0,0,1,0,1,0,0,0
0.0036975,1,1,1,1,1,1,0,0,0,0,1,0,1,0,0,0
0.00369769,1,1,1,1,1,1,0,0,0,0,0,0,1,0,0,0
0.0036977,1,1,1,1,1,0,0,0,1,1,0,0,1,0,0,0
0.00369772,1,1,1,0,1,0,0,0,1,1,0,0,1,0,0,0
0.00369773,1,1,1,1,1,0,0,0,1,1,0,0,1,0,0,0
0.00369774,1,1,1,1,1,1,0,0,1,1,0,0,1,0,0,0
0.00369776,1,1,1,1,1,1,0,0,1,0,0,0,0,0,0,0
0.00369777,1,1,1,1,1,0,0,0,0,1,0,0,1,0,0,0
0.00369778,1,1,0,0,1,0,0,0,1,1,0,0,1,0,0,0
0.00369779,1,1,1,0,1,0,0,0,1,1,0,0,1,0,0,0
0.00369781,1,1,1,1,1,1,0,0,1,1,0,0,1,0,0,0
0.00369785,1,1,1,0,1,0,0,0,1,1,0,0,1,0,0,0
0.00369788,1,1,1,1,1,0,0,0,1,1,0,0,1,0,0,0
0.00369789,1,1,1,1,1,1,0,0,1,1,0,0,1,0,0,0
0.00369791,1,1,1,1,1,0,0,0,1,1,0,0,1,0,0,0
0.00369792,1,1,1,0,1,0,0,0,1,1,0,0,1,0,0,0
0.00369794,1,1,1,1,1,0,0,0,1,1,0,0,1,0,0,0
0.00369799,1,1,1,0,1,0,0,0,1,1,0,0,1,0,0,0
0.00369801,1,1,1,1,1,0,0,0,1,1,0,0,1,0,0,0
0.00369802,1,1,1,0,1,0,0,0,1,1,0,0,1,0,0,0
0.00369809,1,1,0,0,1,0,0,0,1,1,0,0,1,0,0,0
0.0036981,1,1,1,0,1,0,0,0,1,1,0,0,1,0,0,0
0.00369813,1,1,1,1,1,0,0,0,1,1,0,0,1,0,0,0
0.00369814,1,1,1,0,1,0,0,0,1,1,0,0,1,0,0,0
0.00369815,1,1,0,0,1,0,0,0,1,1,0,0,1,0,0,0
0.00369816,1,1,1,0,1,0,0,0,1,1,0,0,1,0,0,0
0.00369818,1,1,0,0,1,0,0,0,1,1,0,0,1,0,0,0
0.0036982,1,1,1,1,1,0,0,0,1,1,0,0,1,0,0,0
0.00369821,1,1,0,0,1,0,0,0,1,1,0,0,1,0,0,0
0.00369823,1,1,1,0,1,0,0,0,1,1,0,0,1,0,0,0
0.00369824,1,1,1,1,1,1,1,0,1,1,0,0,1,0,0,0
0.00369825,1,1,1,1,1,1,1,1,1,1,0,0,1,0,0,0
0.00369829,1,0,1,1,1,1,1,0,1,1,0,0,1,0,0,0
0.0036983,1,0,0,0,1,1,1,0,1,1,0,0,1,0,0,0
0.00369833,1,1,1,1,1,1,1,1,1,1,0,0,1,0,0,0
0.00369836,1,0,1,0,1,1,1,0,1,1,0,0,1,0,0,0
0.00369837,1,0,0,0,1,1,1,0,1,1,0,0,1,0,0,0
0.0036984,1,0,1,1,1,1,1,0,1,1,0,0,1,0,0,0
0.00369844,1,0,1,0,1,1,1,0,1,1,0,0,1,0,0,0
0.00369845,1,0,0,0,1,1,1,0,1,1,0,0,1,0,0,0
0.00369847,1,0,1,0,1,1,1,0,1,1,0,0,1,0,0,0
0.00369848,1,0,1,1,1,1,1,0,1,1,0,0,1,0,0,0
0.00369851,1,0,1,0,1,1,1,0,1,1,0,0,1,0,0,0
0.00369852,1,0,0,0,1,1,1,0,1,1,0,0,1,0,0,0
0.00369853,1,0,1,0,1,1,1,0,1,1,0,0,1,0,0,0
0.00369855,1,0,1,1,1,1,1,0,1,1,0,0,1,0,0,0
0.00369856,1,0,1,0,1,1,1,0,1,1,0,0,1,0,0,0
0.00369859,1,0,0,0,1,1,1,0,1,1,0,0,1,0,0,0
0.0036986,1,0,1,0,1,1,1,0,1,1,0,0,1,0,0,0
0.00369862,1,0,0,0,1,1,1,0,1,1,0,0,1,0,0,0
0.00369865,1,0,1,0,1,1,1,0,1,1,0,0,1,0,0,0
0.00369866,1,0,0,0,1,1,1,0,1,1,0,0,1,0,0,0
0.0036987,1,0,1,0,1,1,1,0,1,1,0,0,1,0,0,0
0.00369871,1,0,0,0,1,1,1,0,1,1,0,0,1,0,0,0
0.00369919,1,1,1,0,1,1,1,0,1,1,0,0,1,0,0,0
0.0036992,1,1,1,1,1,1,1,0,1,1,0,0,1,0,0,0
0.00369922,1,1,1,1,1,1,1,1,1,1,0,0,1,0,0,0
0.00369928,0,1,0,0,1,0,0,0,1,1,0,0,1,0,0,0
0.00369931,0,1,1,1,1,0,0,0,1,1,0,0,1,0,0,0
0.00369932,1,1,1,1,1,1,1,1,1,1,0,0,1,0,0,0
0.00369935,1,1,1,1,1,0,0,0,1,1,0,0,1,0,0,0
0.00369936,0,1,1,1,1,0,0,0,1,1,0,0,1,0,0,0
0.00369937,0,1,0,0,1,0,0,0,1,1,0,0,1,0,0,0
0.00369939,0,1,1,1,1,0,0,0,1,1,0,0,1,0,0,0
0.00369941,1,1,1,1,1,0,0,0,1,1,0,0,1,0,0,0
0.00369943,0,1,1,1,1,0,0,0,1,1,0,0,1,0,0,0
0.00369964,0,1,1,1,1,0,0,0,0,1,0,0,1,0,0,0
0.00369968,0,1,1,0,1,0,0,0,0,1,0,0,1,0,0,0
0.00369969,0,1,1,1,1,0,0,0,0,1,0,0,1,0,0,0
0.00369972,0,1,1,1,1,0,0,0,0,0,0,0,0,0,0,0
0.00369973,0,1,1,1,1,0,0,0,0,1,0,0,1,0,0,0
0.00369994,0,1,1,0,1,0,0,0,0,1,0,0,1,0,0,0
0.00369995,0,1,1,1,1,0,0,0,0,1,0,0,1,0,0,0
0.00369999,0,1,1,0,1,0,0,0,0,1,0,0,1,0,0,0
0.00370014,0,1,0,0,1,0,0,0,0,1,0,0,1,0,0,0
0.00370015,0,1,1,1,1,0,0,0,0,1,0,0,1,0,0,0
0.00370016,0,1,1,0,1,0,0,0,0,1,0,0,1,0,0,0
0.00370017,1,1,0,0,1,0,0,0,0,1,0,0,1,0,0,0
0.00370018,1,1,1,1,1,0,0,0,0,1,0,0,1,0,0,0
0.00370019,1,1,1,1,1,1,1,0,0,1,0,0,1,0,0,0
0.0037002,1,1,1,1,1,1,1,1,0,1,0,0,1,0,0,0
0.00370024,1,1,0,0,1,1,0,0,0,1,0,0,1,0,0,0
0.00370027,1,1,1,1,1,1,0,0,0,1,0,0,1,0,0,0
0.00370028,1,1,1,1,1,1,1,1,0,1,0,0,1,0,0,0
0.0037003,1,1,1,1,1,1,0,0,0,1,0,0,1,0,0,0
0.00370031,1,1,0,0,1,1,0,0,0,1,0,0,1,0,0,0
0.00370035,1,1,1,1,1,1,0,0,0,1,0,0,1,0,0,0
0.00370037,1,1,1,0,1,1,0,0,0,1,0,0,1,0,0,0
0.00370038,1,1,0,0,1,1,0,0,0,1,0,0,1,0,0,0
0.00370064,1,1,1,0,1,1,0,0,0,1,0,0,1,0,0,0
0.00370065,1,1,0,0,1,1,0,0,0,1,0,0,1,0,0,0
0.00370115,1,1,1,1,1,1,0,0,0,1,0,0,1,0,0,0
0.00370116,1,1,1,1,1,1,1,1,0,1,0,0,1,0,0,0
0.00370123,1,0,0,0,1,0,0,0,0,1,0,0,1,0,0,0
0.00370127,1,1,1,1,1,1,1,1,0,1,0,0,1,0,0,0
0.0037013,1,0,1,1,1,0,1,0,0,1,0,0,1,0,0,0
0.00370131,1,0,1,0,1,0,0,0,0,1,0,0,1,0,0,0
0.00370132,1,0,0,0,1,0,0,0,0,1,0,0,1,0,0,0
0.00370134,1,0,1,0,1,0,0,0,0,1,0,0,1,0,0,0
0.00370135,1,0,1,1,1,0,0,0,0,1,0,0,1,0,0,0
0.00370139,1,0,1,0,1,0,0,0,0,1,0,0,1,0,0,0
0.0037014,1,0,0,0,1,0,0,0,0,1,0,0,1,0,0,0
0.00370141,1,0,1,0,1,0,0,0,0,1,0,0,1,0,0,0
0.00370143,1,0,1,1,1,0,0,0,0,1,0,0,1,0,0,0
0.00370145,1,0,1,0,1,0,0,0,0,1,0,0,1,0,0,0
0.00370155,1,0,0,0,1,0,0,0,0,1,0,0,1,0,0,0
0.00370156,1,0,1,0,1,0,0,0,0,1,0,0,1,0,0,0
0.0037016,1,0,1,0,1,0,0,0,0,0,0,0,1,0,0,0
0.00370161,1,0,0,0,1,0,0,0,1,0,0,0,1,0,0,0
0.00370164,1,0,1,0,1,0,0,0,1,0,0,0,1,0,0,0
0.00370167,1,0,1,0,1,0,0,0,0,0,0,0,0,0,0,0
0.00370168,1,0,0,0,1,0,0,0,1,0,0,0,1,0,0,0
0.00370172,1,0,1,0,1,0,0,0,1,0,0,0,1,0,0,0
0.00370175,1,0,0,0,1,0,0,0,1,0,0,0,1,0,0,0
0.00370212,1,0,1,0,1,0,0,0,1,0,0,0,1,0,0,0
0.00370214,1,1,1,1,1,1,1,0,1,0,0,0,1,0,0,0
0.00370215,1,1,1,1,1,1,1,1,1,0,0,0,1,0,0,0
0.0037022,0,0,1,1,1,0,1,0,1,0,0,0,1,0,0,0
0.00370224,1,1,1,1,1,1,1,1,1,0,0,0,1,0,0,0
0.00370226,0,1,1,1,1,1,1,0,1,0,0,0,1,0,0,0
0.00370227,0,0,1,1,1,0,1,0,1,0,0,0,1,0,0,0
0.00370232,0,1,1,1,1,1,1,0,1,0,0,0,1,0,0,0
0.00370233,0,0,1,1,1,0,1,0,1,0,0,0,1,0,0,0
0.0037031,1,1,1,1,1,0,1,0,1,0,0,0,1,0,0,0
0.00370312,1,1,1,1,1,1,1,1,1,0,0,0,1,0,0,0
0.00370318,1,1,0,0,0,1,1,1,1,0,0,0,1,0,0,0
0.00370319,0,1,0,0,0,0,1,0,1,0,0,0,1,0,0,0
0.00370322,1,1,1,1,0,1,1,1,1,0,0,0,1,0,0,0
0.00370326,1,1,1,1,0,1,1,0,1,0,0,0,1,0,0,0
0.00370327,1,1,1,0,0,1,1,0,1,0,0,0,1,0,0,0
0.00370328,0,1,0,0,0,0,1,0,1,0,0,0,1,0,0,0
0.0037033,1,1,1,1,0,1,1,0,1,0,0,0,1,0,0,0
0.00370335,1,1,1,0,0,1,1,0,1,0,0,0,1,0,0,0
0.00370338,1,1,1,1,0,1,1,0,1,0,0,0,1,0,0,0
0.00370355,1,1,1,1,0,1,1,0,0,0,0,0,0,0,0,0
0.00370356,1,1,1,1,0,1,1,0,0,1,0,0,0,0,1,0
0.00370357,1,1,1,0,0,1,1,0,0,1,0,0,0,0,1,0
0.00370358,1,1,1,0,0,0,1,0,0,1,0,0,0,0,1,0
0.00370359,1,1,1,0,0,1,1,0,0,1,0,0,0,0,1,0
0.0037036,1,1,1,1,0,1,1,0,0,1,0,0,0,0,1,0
0.00370362,1,1,1,1,0,1,1,0,0,0,0,0,0,0,0,0
0.00370363,1,1,1,1,0,1,1,0,0,1,0,0,0,0,1,0
0.00370364,1,1,1,0,0,1,1,0,0,1,0,0,0,0,1,0
0.00370365,0,1,1,0,0,0,1,0,0,1,0,0,0,0,1,0
0.00370367,1,1,1,1,0,1,1,0,0,1,0,0,0,0,1,0
0.00370371,1,1,1,0,0,0,1,0,0,1,0,0,0,0,1,0
0.00370372,0,1,1,0,0,0,1,0,0,1,0,0,0,0,1,0
0.00370374,1,1,1,0,0,0,1,0,0,1,0,0,0,0,1,0
0.00370375,1,1,1,1,0,1,1,0,0,1,0,0,0,0,1,0
0.00370379,1,1,1,0,0,0,1,0,0,1,0,0,0,0,1,0
0.00370384,0,1,1,0,0,0,1,0,0,1,0,0,0,0,1,0
0.00370385,1,1,1,0,0,0,1,0,0,1,0,0,0,0,1,0
0.00370386,1,1,1,1,0,0,1,0,0,1,0,0,0,0,1,0
0.00370387,0,1,1,0,0,0,1,0,0,1,0,0,0,0,1,0
0.00370399,1,1,1,1,0,0,1,0,0,1,0,0,0,0,1,0
0.003704,0,1,1,0,0,0,1,0,0,1,0,0,0,0,1,0
0.00370406,0,1,1,1,0,0,1,0,0,1,0,0,0,0,1,0
0.00370407,1,1,1,1,0,1,1,0,0,1,0,0,0,0,1,0
0.00370408,1,1,1,1,1,1,1,0,0,1,0,0,0,0,1,0
0.00370409,1,0,0,1,0,0,0,0,0,1,0,0,0,0,1,0
0.00370411,1,0,0,1,0,1,0,0,0,1,0,0,0,0,1,0
0.00370412,1,0,1,1,0,1,0,0,0,1,0,0,0,0,1,0
0.00370413,1,1,1,1,1,1,0,1,0,1,0,0,0,0,1,0
0.00370414,1,0,1,1,1,1,0,1,0,1,0,0,0,0,1,0
0.00370415,1,0,1,1,0,1,0,0,0,1,0,0,0,0,1,0
0.00370416,1,0,0,1,0,1,0,0,0,1,0,0,0,0,1,0
0.0037042,1,0,1,1,0,1,0,0,0,1,0,0,0,0,1,0
0.00370452,1,0,1,1,0,1,0,1,0,1,0,0,0,0,1,0
0.00370453,1,0,1,1,0,1,1,0,0,1,0,0,0,0,1,0
0.00370499,1,1,1,1,1,1,1,1,0,1,0,0,0,0,1,0
0.003705,1,0,0,1,0,1,0,0,0,1,0,0,0,0,1,0
0.00370501,0,0,0,1,0,1,0,0,0,1,0,0,0,0,1,0
0.00370502,0,1,0,1,1,1,0,0,0,1,0,0,0,0,1,0
0.00370504,1,1,1,1,1,1,1,1,0,1,0,0,0,0,1,0
0.00370505,1,0,1,1,1,1,1,1,0,1,0,0,0,0,1,0
0.00370506,0,0,0,1,1,1,0,0,0,1,0,0,0,0,1,0
0.00370508,1,0,0,1,0,1,0,0,0,1,0,0,0,0,1,0
0.00370509,1,1,1,1,0,1,0,1,0,1,0,0,0,0,1,0
0.0037051,1,1,1,1,1,1,1,1,0,1,0,0,0,0,1,0
0.00370513,1,1,1,1,1,0,1,0,0,1,0,0,0,0,1,0
0.00370514,1,1,1,1,1,0,1,1,0,1,0,0,0,0,1,0
0.00370515,1,1,1,1,1,1,1,1,0,1,0,0,0,0,1,0
0.00370518,0,1,0,1,1,0,1,1,0,1,0,0,0,0,1,0
0.00370519,0,1,0,0,1,0,1,1,0,1,0,0,0,0,1,0
0.00370524,1,1,1,0,1,0,1,1,0,1,0,0,0,0,1,0
0.00370525,0,1,0,0,1,0,1,1,0,1,0,0,0,0,1,0
0.00370551,0,1,0,0,1,0,1,1,0,1,0,0,1,0,1,1
0.00370605,0,1,1,1,1,0,1,1,0,1,0,0,1,0,1,1
0.00370606,1,1,1,1,1,1,1,1,0,1,0,0,1,0,1,1
0.00370611,1,0,0,1,0,1,0,0,0,1,0,0,1,0,1,1
0.00370615,1,1,1,1,0,1,0,0,0,1,0,0,1,0,1,1
0.00370616,1,1,1,1,0,1,1,1,0,1,0,0,1,0,1,1
0.00370617,1,1,1,1,0,1,0,0,0,1,0,0,1,0,1,1
0.00370618,1,0,1,1,0,1,0,0,0,1,0,0,1,0,1,1
0.00370619,1,0,0,1,0,1,0,0,0,1,0,0,1,0,1,1
0.00370623,1,0,1,1,0,1,0,0,0,1,0,0,1,0,1,1
0.00370626,1,0,0,1,0,1,0,0,0,1,0,0,1,0,1,1
0.0037065,1,0,1,1,0,1,0,0,0,1,0,0,1,0,1,1
0.00370651,1,0,0,1,0,1,0,0,0,1,0,0,1,0,1,1
0.00370701,1,0,1,1,0,1,0,0,0,1,0,0,1,0,1,1
0.00370702,1,1,1,1,0,1,1,0,0,1,0,0,1,0,1,1
0.00370703,1,1,1,1,1,1,1,1,0,1,0,0,1,0,1,1
0.00370799,1,0,0,0,0,0,0,0,0,1,0,0,1,0,1,1
0.003708,0,0,0,0,0,0,0,0,0,1,0,0,1,0,1,1
0.00370802,0,0,1,0,0,0,1,0,0,1,0,0,1,0,1,1
0.00370803,1,1,1,0,0,0,1,0,0,1,0,0,1,0,1,1
0.00370804,1,1,1,0,1,1,1,1,0,1,0,0,1,0,1,1
0.00370805,0,1,1,0,0,0,1,0,0,1,0,0,1,0,1,1
0.00370806,0,0,1,0,0,0,1,0,0,1,0,0,1,0,1,1
0.00370889,1,0,1,0,0,0,1,0,0,1,0,0,1,0,1,1
0.0037089,0,0,1,0,0,0,1,0,0,1,0,0,1,0,1,1
0.00370895,1,1,1,0,0,0,1,0,0,1,0,0,1,0,1,1
0.00370896,1,0,1,0,0,0,1,0,0,1,0,0,1,0,1,1
0.00370897,0,0,1,0,0,0,1,0,0,1,0,0,1,0,1,1
0.00370898,1,0,1,0,0,0,1,0,0,1,0,0,1,0,1,1
0.00370899,1,1,1,1,1,1,1,1,0,1,0,0,1,0,1,1
0.00370902,1,1,0,1,1,0,1,0,0,1,0,0,1,0,1,1
0.00370904,1,1,1,1,1,1,1,1,0,1,0,0,1,0,1,1
0.0037091,0,1,0,0,1,1,0,0,0,1,0,0,1,0,1,1
0.00370915,1,1,1,1,1,1,0,0,0,1,0,0,1,0,1,1
0.00370916,1,1,1,0,1,1,0,0,0,1,0,0,1,0,1,1
0.00370917,1,1,0,0,1,1,0,0,0,1,0,0,1,0,1,1
0.00370918,0,1,0,0,1,1,0,0,0,1,0,0,1,0,1,1
0.00370923,1,1,0,0,1,1,0,0,0,1,0,0,1,0,1,1
0.00370924,0,1,0,0,1,1,0,0,0,1,0,0,1,0,1,1
0.00370941,0,1,0,0,1,1,0,0,0,1,0,0,1,0,0,0
0.00370942,0,1,0,0,1,1,0,0,0,1,0,0,1,1,0,0
0.00370993,1,1,0,0,1,1,0,0,0,1,0,0,1,1,0,0
0.00370994,1,1,0,1,1,1,0,0,0,1,0,0,1,1,0,0
0.00370995,1,1,1,1,1,1,0,0,0,1,0,0,1,1,0,0
0.00370997,1,1,1,1,1,1,1,0,0,1,0,0,1,1,0,0
0.00370998,1,1,1,1,1,1,1,1,0,1,0,0,1,1,0,0
0.00371001,1,1,1,1,1,1,1,0,0,1,0,0,1,1,0,0
0.00371002,1,1,1,1,1,0,1,0,0,1,0,0,1,1,0,0
0.00371006,1,1,1,1,1,1,1,1,0,1,0,0,1,1,0,0
0.00371007,1,1,1,1,1,0,1,0,0,1,0,0,1,1,0,0
0.00371093,1,1,1,1,1,1,1,0,0,1,0,0,1,1,0,0
0.00371096,1,1,1,1,1,1,1,1,0,1,0,0,1,1,0,0
0.00371097,1,1,1,1,1,1,1,0,0,1,0,0,1,1,0,0
0.00371098,1,1,0,1,0,0,0,0,0,1,0,0,1,1,0,0
0.00371103,1,1,1,1,0,1,0,0,0,1,0,0,1,1,0,0
0.00371104,1,1,0,1,0,0,0,0,0,1,0,0,1,1,0,0
0.00371191,1,1,1,1,0,1,0,0,0,1,0,0,1,1,0,0
0.00371192,1,1,1,1,1,1,1,1,0,1,0,0,1,1,0,0
0.00371289,1,1,1,1,1,1,0,0,0,1,0,0,1,1,0,0
0.0037129,1,1,0,1,1,1,0,0,0,1,0,0,1,1,0,0
0.00371291,0,0,0,1,1,0,1,0,0,1,0,0,1,1,0,0
0.00371331,0,0,0,1,1,0,1,0,0,0,0,0,1,0,0,0
0.00371333,0,0,0,1,1,0,1,0,0,0,0,1,1,0,1,0
0.00371387,1,1,1,1,1,1,1,1,0,0,0,1,1,0,1,0
0.00371391,1,1,0,1,1,1,0,0,0,0,0,1,1,0,1,0
0.00371392,1,1,0,0,0,1,0,0,0,0,0,1,1,0,1,0
0.00371485,1,1,0,1,0,1,1,1,0,0,0,1,1,0,1,0
0.00371486,1,1,1,1,1,1,1,1,0,0,0,1,1,0,1,0
0.00371527,1,1,1,1,1,1,1,1,0,1,1,1,1,0,1,0
0.00371528,1,1,1,1,1,1,1,1,1,1,1,1,1,1,1,1
