; CSV, generated by libsigrok4DSL 0.2.0 on Tue Oct  6 09:06:51 2026
; Channels (16/16)
; Sample rate: 100 MHz
; Sample count: 16.777216 M Samples
Time(s), MDR0, MDR1, MDR2, MDR3, MDR4, MDR5, MDR6, MDR7, IRB0, IRB1, IRB2, IRB3, IRB4, IRB5, IRB6, IRB7
0.00132067,1,0,0,0,1,0,0,0,1,0,0,0,1,0,0,0
0.00132077,1,0,0,0,1,0,0,0,0,0,0,0,1,0,0,0
0.00132078,1,0,0,0,1,0,0,0,1,0,0,0,1,0,0,0
0.0013237,1,0,0,0,1,0,0,0,0,0,0,0,1,0,0,0
0.00132371,1,0,0,0,1,0,0,0,1,0,0,0,1,0,0,0
0.00132663,1,0,0,0,1,0,0,0,0,0,0,0,1,0,0,0
0.00132664,1,0,0,0,1,0,0,0,1,0,0,0,1,0,0,0
0.00132858,1,0,0,0,1,0,0,0,0,0,0,0,1,0,0,0
0.00132859,1,0,0,0,1,0,0,0,1,0,0,0,1,0,0,0
0.00133151,1,0,0,0,1,0,0,0,0,0,0,0,1,0,0,0
0.00133152,1,0,0,0,1,0,0,0,1,0,0,0,1,0,0,0
0.00133444,1,0,0,0,1,0,0,0,0,0,0,0,1,0,0,0
0.00133445,1,0,0,0,1,0,0,0,1,0,0,0,1,0,0,0
0.00133737,1,0,0,0,1,0,0,0,0,0,0,0,1,0,0,0
0.00133738,1,0,0,0,1,0,0,0,1,0,0,0,1,0,0,0
0.00133932,1,0,0,0,1,0,0,0,0,0,0,0,1,0,0,0
0.00133933,1,0,0,0,1,0,0,0,1,0,0,0,1,0,0,0
0.00134225,1,0,0,0,1,0,0,0,0,0,0,0,1,0,0,0
0.00134226,1,0,0,0,1,0,0,0,1,0,0,0,1,0,0,0
0.00134518,1,0,0,0,1,0,0,0,0,0,0,0,1,0,0,0
0.00134519,1,0,0,0,1,0,0,0,1,0,0,0,1,0,0,0
0.00134811,1,0,0,0,1,0,0,0,0,0,0,0,1,0,0,0
0.00134812,1,0,0,0,1,0,0,0,1,0,0,0,1,0,0,0
0.00135006,1,0,0,0,1,0,0,0,0,0,0,0,1,0,0,0
0.00135007,1,0,0,0,1,0,0,0,1,0,0,0,1,0,0,0
0.00135299,1,0,0,0,1,0,0,0,0,0,0,0,1,0,0,0
0.001353,1,0,0,0,1,0,0,0,1,0,0,0,1,0,0,0
0.00135592,1,0,0,0,1,0,0,0,0,0,0,0,1,0,0,0
0.00135593,1,0,0,0,1,0,0,0,1,0,0,0,1,0,0,0
0.00135787,1,0,0,0,1,0,0,0,0,0,0,0,1,0,0,0
0.00135788,1,0,0,0,1,0,0,0,1,0,0,0,1,0,0,0
0.0013608,1,0,0,0,1,0,0,0,0,0,0,0,1,0,0,0
0.00136081,1,0,0,0,1,0,0,0,1,0,0,0,1,0,0,0
0.00136373,1,0,0,0,1,0,0,0,0,0,0,0,1,0,0,0
0.00136374,1,0,0,0,1,0,0,0,1,0,0,0,1,0,0,0
0.00136666,1,0,0,0,1,0,0,0,0,0,0,0,1,0,0,0
0.00136667,1,0,0,0,1,0,0,0,1,0,0,0,1,0,0,0
0.00136861,1,0,0,0,1,0,0,0,0,0,0,0,1,0,0,0
0.00136862,1,0,0,0,1,0,0,0,1,0,0,0,1,0,0,0
0.00137154,1,0,0,0,1,0,0,0,0,0,0,0,1,0,0,0
0.00137155,1,0,0,0,1,0,0,0,1,0,0,0,1,0,0,0
0.00137447,1,0,0,0,1,0,0,0,0,0,0,0,1,0,0,0
0.00137448,1,0,0,0,1,0,0,0,1,0,0,0,1,0,0,0
0.0013774,1,0,0,0,1,0,0,0,0,0,0,0,1,0,0,0
0.00137741,1,0,0,0,1,0,0,0,1,0,0,0,1,0,0,0
0.00137935,1,0,0,0,1,0,0,0,0,0,0,0,1,0,0,0
0.00137936,1,0,0,0,1,0,0,0,1,0,0,0,1,0,0,0
0.00138228,1,0,0,0,1,0,0,0,0,0,0,0,1,0,0,0
0.00138229,1,0,0,0,1,0,0,0,1,0,0,0,1,0,0,0
0.00138521,1,0,0,0,1,0,0,0,0,0,0,0,1,0,0,0
0.00138522,1,0,0,0,1,0,0,0,1,0,0,0,1,0,0,0
0.00138814,1,0,0,0,1,0,0,0,0,0,0,0,1,0,0,0
0.00138815,1,0,0,0,1,0,0,0,1,0,0,0,1,0,0,0
0.00139009,1,0,0,0,1,0,0,0,0,0,0,0,1,0,0,0
0.0013901,1,0,0,0,1,0,0,0,1,0,0,0,1,0,0,0
0.00139302,1,0,0,0,1,0,0,0,0,0,0,0,1,0,0,0
0.00139303,1,0,0,0,1,0,0,0,1,0,0,0,1,0,0,0
0.00139595,1,0,0,0,1,0,0,0,0,0,0,0,1,0,0,0
0.00139596,1,0,0,0,1,0,0,0,1,0,0,0,1,0,0,0
0.0013979,1,0,0,0,1,0,0,0,0,0,0,0,1,0,0,0
0.00139791,1,0,0,0,1,0,0,0,1,0,0,0,1,0,0,0
0.00139888,1,0,0,0,1,0,0,0,0,0,0,0,1,0,0,0
0.00139889,1,0,0,0,1,0,0,0,1,0,0,0,1,0,0,0
0.00140083,1,0,0,0,1,0,0,0,0,0,0,0,1,0,0,0
0.00140084,1,0,0,0,1,0,0,0,1,0,0,0,1,0,0,0
0.00140376,1,0,0,0,1,0,0,0,0,0,0,0,1,0,0,0
0.00140377,1,0,0,0,1,0,0,0,1,0,0,0,1,0,0,0
0.00140669,1,0,0,0,1,0,0,0,0,0,0,0,1,0,0,0
0.0014067,1,0,0,0,1,0,0,0,1,0,0,0,1,0,0,0
0.00140864,1,0,0,0,1,0,0,0,0,0,0,0,1,0,0,0
0.00140865,1,0,0,0,1,0,0,0,1,0,0,0,1,0,0,0
0.00141157,1,0,0,0,1,0,0,0,0,0,0,0,1,0,0,0
0.00141158,1,0,0,0,1,0,0,0,1,0,0,0,1,0,0,0
0.0014145,1,0,0,0,1,0,0,0,0,0,0,0,1,0,0,0
0.00141451,1,0,0,0,1,0,0,0,1,0,0,0,1,0,0,0
0.00141743,1,0,0,0,1,0,0,0,0,0,0,0,1,0,0,0
0.00141744,1,0,0,0,1,0,0,0,1,0,0,0,1,0,0,0
0.00141938,1,0,0,0,1,0,0,0,0,0,0,0,1,0,0,0
0.00141939,1,0,0,0,1,0,0,0,1,0,0,0,1,0,0,0
0.00142231,1,0,0,0,1,0,0,0,0,0,0,0,1,0,0,0
0.00142232,1,0,0,0,1,0,0,0,1,0,0,0,1,0,0,0
0.00142524,1,0,0,0,1,0,0,0,0,0,0,0,1,0,0,0
0.00142525,1,0,0,0,1,0,0,0,1,0,0,0,1,0,0,0
0.00142817,1,0,0,0,1,0,0,0,0,0,0,0,1,0,0,0
0.00142818,1,0,0,0,1,0,0,0,1,0,0,0,1,0,0,0
0.00143012,1,0,0,0,1,0,0,0,0,0,0,0,1,0,0,0
0.00143013,1,0,0,0,1,0,0,0,1,0,0,0,1,0,0,0
0.00143305,1,0,0,0,1,0,0,0,0,0,0,0,1,0,0,0
0.00143306,1,0,0,0,1,0,0,0,1,0,0,0,1,0,0,0
0.00143598,1,0,0,0,1,0,0,0,0,0,0,0,1,0,0,0
0.00143599,1,0,0,0,1,0,0,0,1,0,0,0,1,0,0,0
0.00143793,1,0,0,0,1,0,0,0,0,0,0,0,1,0,0,0
0.00143794,1,0,0,0,1,0,0,0,1,0,0,0,1,0,0,0
0.00143891,1,0,0,0,1,0,0,0,0,0,0,0,1,0,0,0
0.00143892,1,0,0,0,1,0,0,0,1,0,0,0,1,0,0,0
0.00144086,1,0,0,0,1,0,0,0,0,0,0,0,1,0,0,0
0.00144087,1,0,0,0,1,0,0,0,1,0,0,0,1,0,0,0
0.00144379,1,0,0,0,1,0,0,0,0,0,0,0,1,0,0,0
0.0014438,1,0,0,0,1,0,0,0,1,0,0,0,1,0,0,0
0.00144672,1,0,0,0,1,0,0,0,0,0,0,0,1,0,0,0
0.00144673,1,0,0,0,1,0,0,0,1,0,0,0,1,0,0,0
0.00144867,1,0,0,0,1,0,0,0,0,0,0,0,1,0,0,0
0.00144868,1,0,0,0,1,0,0,0,1,0,0,0,1,0,0,0
0.0014516,1,0,0,0,1,0,0,0,0,0,0,0,1,0,0,0
0.00145161,1,0,0,0,1,0,0,0,1,0,0,0,1,0,0,0
0.00145453,1,0,0,0,1,0,0,0,0,0,0,0,1,0,0,0
0.00145454,1,0,0,0,1,0,0,0,1,0,0,0,1,0,0,0
0.00145746,1,0,0,0,1,0,0,0,0,0,0,0,1,0,0,0
0.00145747,1,0,0,0,1,0,0,0,1,0,0,0,1,0,0,0
0.00145941,1,0,0,0,1,0,0,0,0,0,0,0,1,0,0,0
0.00145942,1,0,0,0,1,0,0,0,1,0,0,0,1,0,0,0
0.00146234,1,0,0,0,1,0,0,0,0,0,0,0,1,0,0,0
0.00146235,1,0,0,0,1,0,0,0,1,0,0,0,1,0,0,0
0.00146527,1,0,0,0,1,0,0,0,0,0,0,0,1,0,0,0
0.00146528,1,0,0,0,1,0,0,0,1,0,0,0,1,0,0,0
0.0014682,1,0,0,0,1,0,0,0,0,0,0,0,1,0,0,0
0.00146821,1,0,0,0,1,0,0,0,1,0,0,0,1,0,0,0
0.00147015,1,0,0,0,1,0,0,0,0,0,0,0,1,0,0,0
0.00147016,1,0,0,0,1,0,0,0,1,0,0,0,1,0,0,0
0.00147308,1,0,0,0,1,0,0,0,0,0,0,0,1,0,0,0
0.00147309,1,0,0,0,1,0,0,0,1,0,0,0,1,0,0,0
0.00147601,1,0,0,0,1,0,0,0,0,0,0,0,1,0,0,0
0.00147602,1,0,0,0,1,0,0,0,1,0,0,0,1,0,0,0
0.00147894,1,0,0,0,1,0,0,0,0,0,0,0,1,0,0,0
0.00147895,1,0,0,0,1,0,0,0,1,0,0,0,1,0,0,0
0.00148089,1,0,0,0,1,0,0,0,0,0,0,0,1,0,0,0
0.0014809,1,0,0,0,1,0,0,0,1,0,0,0,1,0,0,0
0.00148382,1,0,0,0,1,0,0,0,0,0,0,0,1,0,0,0
0.00148383,1,0,0,0,1,0,0,0,1,0,0,0,1,0,0,0
0.00148675,1,0,0,0,1,0,0,0,0,0,0,0,1,0,0,0
0.00148676,1,0,0,0,1,0,0,0,1,0,0,0,1,0,0,0
0.0014887,1,0,0,0,1,0,0,0,0,0,0,0,1,0,0,0
0.00148871,1,0,0,0,1,0,0,0,1,0,0,0,1,0,0,0
0.00149163,1,0,0,0,1,0,0,0,0,0,0,0,1,0,0,0
0.00149164,1,0,0,0,1,0,0,0,1,0,0,0,1,0,0,0
0.00149456,1,0,0,0,1,0,0,0,0,0,0,0,1,0,0,0
0.00149457,1,0,0,0,1,0,0,0,1,0,0,0,1,0,0,0
0.00149749,1,0,0,0,1,0,0,0,0,0,0,0,1,0,0,0
0.0014975,1,0,0,0,1,0,0,0,1,0,0,0,1,0,0,0
0.00149944,1,0,0,0,1,0,0,0,0,0,0,0,1,0,0,0
0.00149945,1,0,0,0,1,0,0,0,1,0,0,0,1,0,0,0
0.00150237,1,0,0,0,1,0,0,0,0,0,0,0,1,0,0,0
0.00150238,1,0,0,0,1,0,0,0,1,0,0,0,1,0,0,0
0.0015053,1,0,0,0,1,0,0,0,0,0,0,0,1,0,0,0
0.00150531,1,0,0,0,1,0,0,0,1,0,0,0,1,0,0,0
0.00150823,1,0,0,0,1,0,0,0,0,0,0,0,1,0,0,0
0.00150824,1,0,0,0,1,0,0,0,1,0,0,0,1,0,0,0
0.00151018,1,0,0,0,1,0,0,0,0,0,0,0,1,0,0,0
0.00151019,1,0,0,0,1,0,0,0,1,0,0,0,1,0,0,0
0.00151311,1,0,0,0,1,0,0,0,0,0,0,0,1,0,0,0
0.00151312,1,0,0,0,1,0,0,0,1,0,0,0,1,0,0,0
0.00151604,1,0,0,0,1,0,0,0,0,0,0,0,1,0,0,0
0.00151605,1,0,0,0,1,0,0,0,1,0,0,0,1,0,0,0
0.00151897,1,0,0,0,1,0,0,0,0,0,0,0,1,0,0,0
0.00151898,1,0,0,0,1,0,0,0,1,0,0,0,1,0,0,0
0.00152092,1,0,0,0,1,0,0,0,0,0,0,0,1,0,0,0
0.00152093,1,0,0,0,1,0,0,0,1,0,0,0,1,0,0,0
0.00152385,1,0,0,0,1,0,0,0,0,0,0,0,1,0,0,0
0.00152386,1,0,0,0,1,0,0,0,1,0,0,0,1,0,0,0
0.00152678,1,0,0,0,1,0,0,0,0,0,0,0,1,0,0,0
0.00152679,1,0,0,0,1,0,0,0,1,0,0,0,1,0,0,0
0.00152873,1,0,0,0,1,0,0,0,0,0,0,0,1,0,0,0
0.00152874,1,0,0,0,1,0,0,0,1,0,0,0,1,0,0,0
0.00152971,1,0,0,0,1,0,0,0,0,0,0,0,1,0,0,0
0.00152972,1,0,0,0,1,0,0,0,1,0,0,0,1,0,0,0
0.00153166,1,0,0,0,1,0,0,0,0,0,0,0,1,0,0,0
0.00153167,1,0,0,0,1,0,0,0,1,0,0,0,1,0,0,0
0.00153459,1,0,0,0,1,0,0,0,0,0,0,0,1,0,0,0
0.0015346,1,0,0,0,1,0,0,0,1,0,0,0,1,0,0,0
0.00153752,1,0,0,0,1,0,0,0,0,0,0,0,1,0,0,0
0.00153753,1,0,0,0,1,0,0,0,1,0,0,0,1,0,0,0
0.00153947,1,0,0,0,1,0,0,0,0,0,0,0,1,0,0,0
0.00153948,1,0,0,0,1,0,0,0,1,0,0,0,1,0,0,0
0.0015424,1,0,0,0,1,0,0,0,0,0,0,0,1,0,0,0
0.00154241,1,0,0,0,1,0,0,0,1,0,0,0,1,0,0,0
0.00154533,1,0,0,0,1,0,0,0,0,0,0,0,1,0,0,0
0.00154534,1,0,0,0,1,0,0,0,1,0,0,0,1,0,0,0
0.00154826,1,0,0,0,1,0,0,0,0,0,0,0,1,0,0,0
0.00154827,1,0,0,0,1,0,0,0,1,0,0,0,1,0,0,0
0.00155021,1,0,0,0,1,0,0,0,0,0,0,0,1,0,0,0
0.00155022,1,0,0,0,1,0,0,0,1,0,0,0,1,0,0,0
0.00155314,1,0,0,0,1,0,0,0,0,0,0,0,1,0,0,0
0.00155315,1,0,0,0,1,0,0,0,1,0,0,0,1,0,0,0
0.00155607,1,0,0,0,1,0,0,0,0,0,0,0,1,0,0,0
0.00155608,1,0,0,0,1,0,0,0,1,0,0,0,1,0,0,0
0.001559,1,0,0,0,1,0,0,0,0,0,0,0,1,0,0,0
0.00155901,1,0,0,0,1,0,0,0,1,0,0,0,1,0,0,0
0.00156095,1,0,0,0,1,0,0,0,0,0,0,0,1,0,0,0
0.00156096,1,0,0,0,1,0,0,0,1,0,0,0,1,0,0,0
0.00156388,1,0,0,0,1,0,0,0,0,0,0,0,1,0,0,0
0.00156389,1,0,0,0,1,0,0,0,1,0,0,0,1,0,0,0
0.00156681,1,0,0,0,1,0,0,0,0,0,0,0,1,0,0,0
0.00156682,1,0,0,0,1,0,0,0,1,0,0,0,1,0,0,0
0.00156974,1,0,0,0,1,0,0,0,0,0,0,0,1,0,0,0
0.00156975,1,0,0,0,1,0,0,0,1,0,0,0,1,0,0,0
0.00157169,1,0,0,0,1,0,0,0,0,0,0,0,1,0,0,0
0.0015717,1,0,0,0,1,0,0,0,1,0,0,0,1,0,0,0
0.00157462,1,0,0,0,1,0,0,0,0,0,0,0,1,0,0,0
0.00157463,1,0,0,0,1,0,0,0,1,0,0,0,1,0,0,0
0.00157755,1,0,0,0,1,0,0,0,0,0,0,0,1,0,0,0
0.00157756,1,0,0,0,1,0,0,0,1,0,0,0,1,0,0,0
0.0015795,1,0,0,0,1,0,0,0,0,0,0,0,1,0,0,0
0.00157951,1,0,0,0,1,0,0,0,1,0,0,0,1,0,0,0
0.00158243,1,0,0,0,1,0,0,0,0,0,0,0,1,0,0,0
0.00158244,1,0,0,0,1,0,0,0,1,0,0,0,1,0,0,0
0.00158536,1,0,0,0,1,0,0,0,0,0,0,0,1,0,0,0
0.00158537,1,0,0,0,1,0,0,0,1,0,0,0,1,0,0,0
0.00158829,1,0,0,0,1,0,0,0,0,0,0,0,1,0,0,0
0.0015883,1,0,0,0,1,0,0,0,1,0,0,0,1,0,0,0
0.00159024,1,0,0,0,1,0,0,0,0,0,0,0,1,0,0,0
0.00159025,1,0,0,0,1,0,0,0,1,0,0,0,1,0,0,0
0.00159317,1,0,0,0,1,0,0,0,0,0,0,0,1,0,0,0
0.00159318,1,0,0,0,1,0,0,0,1,0,0,0,1,0,0,0
0.0015961,1,0,0,0,1,0,0,0,0,0,0,0,1,0,0,0
0.00159611,1,0,0,0,1,0,0,0,1,0,0,0,1,0,0,0
0.00159903,1,0,0,0,1,0,0,0,0,0,0,0,1,0,0,0
0.00159904,1,0,0,0,1,0,0,0,1,0,0,0,1,0,0,0
0.00160098,1,0,0,0,1,0,0,0,0,0,0,0,1,0,0,0
0.00160099,1,0,0,0,1,0,0,0,1,0,0,0,1,0,0,0
0.00160391,1,0,0,0,1,0,0,0,0,0,0,0,1,0,0,0
0.00160392,1,0,0,0,1,0,0,0,1,0,0,0,1,0,0,0
0.00160684,1,0,0,0,1,0,0,0,0,0,0,0,1,0,0,0
0.00160685,1,0,0,0,1,0,0,0,1,0,0,0,1,0,0,0
0.00160977,1,0,0,0,1,0,0,0,0,0,0,0,1,0,0,0
0.00160978,1,0,0,0,1,0,0,0,1,0,0,0,1,0,0,0
0.00161172,1,0,0,0,1,0,0,0,0,0,0,0,1,0,0,0
0.00161173,1,0,0,0,1,0,0,0,1,0,0,0,1,0,0,0
0.00161465,1,0,0,0,1,0,0,0,0,0,0,0,1,0,0,0
0.00161466,1,0,0,0,1,0,0,0,1,0,0,0,1,0,0,0
0.00161758,1,0,0,0,1,0,0,0,0,0,0,0,1,0,0,0
0.00161759,1,0,0,0,1,0,0,0,1,0,0,0,1,0,0,0
0.00161953,1,0,0,0,1,0,0,0,0,0,0,0,1,0,0,0
0.00161954,1,0,0,0,1,0,0,0,1,0,0,0,1,0,0,0
0.00162246,1,0,0,0,1,0,0,0,0,0,0,0,1,0,0,0
0.00162247,1,0,0,0,1,0,0,0,1,0,0,0,1,0,0,0
0.00162539,1,0,0,0,1,0,0,0,0,0,0,0,1,0,0,0
0.0016254,1,0,0,0,1,0,0,0,1,0,0,0,1,0,0,0
0.00162832,1,0,0,0,1,0,0,0,0,0,0,0,1,0,0,0
0.00162833,1,0,0,0,1,0,0,0,1,0,0,0,1,0,0,0
0.00163027,1,0,0,0,1,0,0,0,0,0,0,0,1,0,0,0
0.00163028,1,0,0,0,1,0,0,0,1,0,0,0,1,0,0,0
0.0016332,1,0,0,0,1,0,0,0,0,0,0,0,1,0,0,0
0.00163321,1,0,0,0,1,0,0,0,1,0,0,0,1,0,0,0
0.00163613,1,0,0,0,1,0,0,0,0,0,0,0,1,0,0,0
0.00163614,1,0,0,0,1,0,0,0,1,0,0,0,1,0,0,0
0.00163906,1,0,0,0,1,0,0,0,0,0,0,0,1,0,0,0
0.00163907,1,0,0,0,1,0,0,0,1,0,0,0,1,0,0,0
0.00164101,1,0,0,0,1,0,0,0,0,0,0,0,1,0,0,0
0.00164102,1,0,0,0,1,0,0,0,1,0,0,0,1,0,0,0
0.00164394,1,0,0,0,1,0,0,0,0,0,0,0,1,0,0,0
0.00164395,1,0,0,0,1,0,0,0,1,0,0,0,1,0,0,0
0.00164687,1,0,0,0,1,0,0,0,0,0,0,0,1,0,0,0
0.00164688,1,0,0,0,1,0,0,0,1,0,0,0,1,0,0,0
0.0016498,1,0,0,0,1,0,0,0,0,0,0,0,1,0,0,0
0.00164981,1,0,0,0,1,0,0,0,1,0,0,0,1,0,0,0
0.00165175,1,0,0,0,1,0,0,0,0,0,0,0,1,0,0,0
0.00165176,1,0,0,0,1,0,0,0,1,0,0,0,1,0,0,0
0.00165468,1,0,0,0,1,0,0,0,0,0,0,0,1,0,0,0
0.00165469,1,0,0,0,1,0,0,0,1,0,0,0,1,0,0,0
0.00165761,1,0,0,0,1,0,0,0,0,0,0,0,1,0,0,0
0.00165762,1,0,0,0,1,0,0,0,1,0,0,0,1,0,0,0
0.00165956,1,0,0,0,1,0,0,0,0,0,0,0,1,0,0,0
0.00165957,1,0,0,0,1,0,0,0,1,0,0,0,1,0,0,0
0.00166249,1,0,0,0,1,0,0,0,0,0,0,0,1,0,0,0
0.0016625,1,0,0,0,1,0,0,0,1,0,0,0,1,0,0,0
0.00166542,1,0,0,0,1,0,0,0,0,0,0,0,1,0,0,0
0.00166543,1,0,0,0,1,0,0,0,1,0,0,0,1,0,0,0
0.00166835,1,0,0,0,1,0,0,0,0,0,0,0,1,0,0,0
0.00166836,1,0,0,0,1,0,0,0,1,0,0,0,1,0,0,0
0.0016703,1,0,0,0,1,0,0,0,0,0,0,0,1,0,0,0
0.00167031,1,0,0,0,1,0,0,0,1,0,0,0,1,0,0,0
0.00167323,1,0,0,0,1,0,0,0,0,0,0,0,1,0,0,0
0.00167324,1,0,0,0,1,0,0,0,1,0,0,0,1,0,0,0
0.00167616,1,0,0,0,1,0,0,0,0,0,0,0,1,0,0,0
0.00167617,1,0,0,0,1,0,0,0,1,0,0,0,1,0,0,0
0.00167909,1,0,0,0,1,0,0,0,0,0,0,0,1,0,0,0
0.0016791,1,0,0,0,1,0,0,0,1,0,0,0,1,0,0,0
0.00168104,1,0,0,0,1,0,0,0,0,0,0,0,1,0,0,0
0.00168105,1,0,0,0,1,0,0,0,1,0,0,0,1,0,0,0
0.00168397,1,0,0,0,1,0,0,0,0,0,0,0,1,0,0,0
0.00168398,1,0,0,0,1,0,0,0,1,0,0,0,1,0,0,0
0.0016869,1,0,0,0,1,0,0,0,0,0,0,0,1,0,0,0
0.00168691,1,0,0,0,1,0,0,0,1,0,0,0,1,0,0,0
0.00168983,1,0,0,0,1,0,0,0,0,0,0,0,1,0,0,0
0.00168984,1,0,0,0,1,0,0,0,1,0,0,0,1,0,0,0
0.00169178,1,0,0,0,1,0,0,0,0,0,0,0,1,0,0,0
0.00169179,1,0,0,0,1,0,0,0,1,0,0,0,1,0,0,0
0.00169471,1,0,0,0,1,0,0,0,0,0,0,0,1,0,0,0
0.00169472,1,0,0,0,1,0,0,0,1,0,0,0,1,0,0,0
0.00169764,1,0,0,0,1,0,0,0,0,0,0,0,1,0,0,0
0.00169765,1,0,0,0,1,0,0,0,1,0,0,0,1,0,0,0
0.00170057,1,0,0,0,1,0,0,0,0,0,0,0,1,0,0,0
0.00170058,1,0,0,0,1,0,0,0,1,0,0,0,1,0,0,0
0.00170252,1,0,0,0,1,0,0,0,0,0,0,0,1,0,0,0
0.00170253,1,0,0,0,1,0,0,0,1,0,0,0,1,0,0,0
0.00170545,1,0,0,0,1,0,0,0,0,0,0,0,1,0,0,0
0.00170546,1,0,0,0,1,0,0,0,1,0,0,0,1,0,0,0
0.00170838,1,0,0,0,1,0,0,0,0,0,0,0,1,0,0,0
0.00170839,1,0,0,0,1,0,0,0,1,0,0,0,1,0,0,0
0.00171033,1,0,0,0,1,0,0,0,0,0,0,0,1,0,0,0
0.00171034,1,0,0,0,1,0,0,0,1,0,0,0,1,0,0,0
0.00171326,1,0,0,0,1,0,0,0,0,0,0,0,1,0,0,0
0.00171327,1,0,0,0,1,0,0,0,1,0,0,0,1,0,0,0
0.00171619,1,0,0,0,1,0,0,0,0,0,0,0,1,0,0,0
0.0017162,1,0,0,0,1,0,0,0,1,0,0,0,1,0,0,0
0.00171912,1,0,0,0,1,0,0,0,0,0,0,0,1,0,0,0
0.00171913,1,0,0,0,1,0,0,0,1,0,0,0,1,0,0,0
0.00172107,1,0,0,0,1,0,0,0,0,0,0,0,1,0,0,0
0.00172108,1,0,0,0,1,0,0,0,1,0,0,0,1,0,0,0
0.001724,1,0,0,0,1,0,0,0,0,0,0,0,1,0,0,0
0.00172401,1,0,0,0,1,0,0,0,1,0,0,0,1,0,0,0
0.00172693,1,0,0,0,1,0,0,0,0,0,0,0,1,0,0,0
0.00172694,1,0,0,0,1,0,0,0,1,0,0,0,1,0,0,0
0.00172986,1,0,0,0,1,0,0,0,0,0,0,0,1,0,0,0
0.00172987,1,0,0,0,1,0,0,0,1,0,0,0,1,0,0,0
0.00173181,1,0,0,0,1,0,0,0,0,0,0,0,1,0,0,0
0.00173182,1,0,0,0,1,0,0,0,1,0,0,0,1,0,0,0
0.00173474,1,0,0,0,1,0,0,0,0,0,0,0,1,0,0,0
0.00173475,1,0,0,0,1,0,0,0,1,0,0,0,1,0,0,0
0.00173767,1,0,0,0,1,0,0,0,0,0,0,0,1,0,0,0
0.00173768,1,0,0,0,1,0,0,0,1,0,0,0,1,0,0,0
0.0017406,1,0,0,0,1,0,0,0,0,0,0,0,1,0,0,0
0.00174061,1,0,0,0,1,0,0,0,1,0,0,0,1,0,0,0
0.00174255,1,0,0,0,1,0,0,0,0,0,0,0,1,0,0,0
0.00174256,1,0,0,0,1,0,0,0,1,0,0,0,1,0,0,0
0.00174548,1,0,0,0,1,0,0,0,0,0,0,0,1,0,0,0
0.00174549,1,0,0,0,1,0,0,0,1,0,0,0,1,0,0,0
0.00174841,1,0,0,0,1,0,0,0,0,0,0,0,1,0,0,0
0.00174842,1,0,0,0,1,0,0,0,1,0,0,0,1,0,0,0
0.00175036,1,0,0,0,1,0,0,0,0,0,0,0,1,0,0,0
0.00175037,1,0,0,0,1,0,0,0,1,0,0,0,1,0,0,0
0.00175329,1,0,0,0,1,0,0,0,0,0,0,0,1,0,0,0
0.0017533,1,0,0,0,1,0,0,0,1,0,0,0,1,0,0,0
0.00175622,1,0,0,0,1,0,0,0,0,0,0,0,1,0,0,0
0.00175623,1,0,0,0,1,0,0,0,1,0,0,0,1,0,0,0
0.00175915,1,0,0,0,1,0,0,0,0,0,0,0,1,0,0,0
0.00175916,1,0,0,0,1,0,0,0,1,0,0,0,1,0,0,0
0.0017611,1,0,0,0,1,0,0,0,0,0,0,0,1,0,0,0
0.00176111,1,0,0,0,1,0,0,0,1,0,0,0,1,0,0,0
0.00176403,1,0,0,0,1,0,0,0,0,0,0,0,1,0,0,0
0.00176404,1,0,0,0,1,0,0,0,1,0,0,0,1,0,0,0
0.00176696,1,0,0,0,1,0,0,0,0,0,0,0,1,0,0,0
0.00176697,1,0,0,0,1,0,0,0,1,0,0,0,1,0,0,0
0.00176989,1,0,0,0,1,0,0,0,0,0,0,0,1,0,0,0
0.0017699,1,0,0,0,1,0,0,0,1,0,0,0,1,0,0,0
0.00177184,1,0,0,0,1,0,0,0,0,0,0,0,1,0,0,0
0.00177185,1,0,0,0,1,0,0,0,1,0,0,0,1,0,0,0
0.00177477,1,0,0,0,1,0,0,0,0,0,0,0,1,0,0,0
0.00177478,1,0,0,0,1,0,0,0,1,0,0,0,1,0,0,0
0.0017777,1,0,0,0,1,0,0,0,0,0,0,0,1,0,0,0
0.00177771,1,0,0,0,1,0,0,0,1,0,0,0,1,0,0,0
0.00178063,1,0,0,0,1,0,0,0,0,0,0,0,1,0,0,0
0.00178064,1,0,0,0,1,0,0,0,1,0,0,0,1,0,0,0
0.00178258,1,0,0,0,1,0,0,0,0,0,0,0,1,0,0,0
0.00178259,1,0,0,0,1,0,0,0,1,0,0,0,1,0,0,0
0.00178551,1,0,0,0,1,0,0,0,0,0,0,0,1,0,0,0
0.00178552,1,0,0,0,1,0,0,0,1,0,0,0,1,0,0,0
0.00178844,1,0,0,0,1,0,0,0,0,0,0,0,1,0,0,0
0.00178845,1,0,0,0,1,0,0,0,1,0,0,0,1,0,0,0
0.00179039,1,0,0,0,1,0,0,0,0,0,0,0,1,0,0,0
0.0017904,1,0,0,0,1,0,0,0,1,0,0,0,1,0,0,0
0.00179137,1,0,0,0,1,0,0,0,0,0,0,0,1,0,0,0
0.00179138,1,0,0,0,1,0,0,0,1,0,0,0,1,0,0,0
0.00179332,1,0,0,0,1,0,0,0,0,0,0,0,1,0,0,0
0.00179333,1,0,0,0,1,0,0,0,1,0,0,0,1,0,0,0
0.00179625,1,0,0,0,1,0,0,0,0,0,0,0,1,0,0,0
0.00179626,1,0,0,0,1,0,0,0,1,0,0,0,1,0,0,0
0.00179918,1,0,0,0,1,0,0,0,0,0,0,0,1,0,0,0
0.00179919,1,0,0,0,1,0,0,0,1,0,0,0,1,0,0,0
0.00180113,1,0,0,0,1,0,0,0,0,0,0,0,1,0,0,0
0.00180114,1,0,0,0,1,0,0,0,1,0,0,0,1,0,0,0
0.00180406,1,0,0,0,1,0,0,0,0,0,0,0,1,0,0,0
0.00180407,1,0,0,0,1,0,0,0,1,0,0,0,1,0,0,0
0.00180699,1,0,0,0,1,0,0,0,0,0,0,0,1,0,0,0
0.001807,1,0,0,0,1,0,0,0,1,0,0,0,1,0,0,0
0.00180992,1,0,0,0,1,0,0,0,0,0,0,0,1,0,0,0
0.00180993,1,0,0,0,1,0,0,0,1,0,0,0,1,0,0,0
0.00181187,1,0,0,0,1,0,0,0,0,0,0,0,1,0,0,0
0.00181188,1,0,0,0,1,0,0,0,1,0,0,0,1,0,0,0
0.0018148,1,0,0,0,1,0,0,0,0,0,0,0,1,0,0,0
0.00181481,1,0,0,0,1,0,0,0,1,0,0,0,1,0,0,0
0.00181773,1,0,0,0,1,0,0,0,0,0,0,0,1,0,0,0
0.00181774,1,0,0,0,1,0,0,0,1,0,0,0,1,0,0,0
0.00182261,1,0,0,0,1,0,0,0,0,0,0,0,1,0,0,0
0.00182262,1,0,0,0,1,0,0,0,1,0,0,0,1,0,0,0
0.00182554,1,0,0,0,1,0,0,0,0,0,0,0,1,0,0,0
0.00182555,1,0,0,0,1,0,0,0,1,0,0,0,1,0,0,0
0.00182847,1,0,0,0,1,0,0,0,0,0,0,0,1,0,0,0
0.00182848,1,0,0,0,1,0,0,0,1,0,0,0,1,0,0,0
0.0018314,1,0,0,0,1,0,0,0,0,0,0,0,1,0,0,0
0.00183141,1,0,0,0,1,0,0,0,1,0,0,0,1,0,0,0
0.00183335,1,0,0,0,1,0,0,0,0,0,0,0,1,0,0,0
0.00183336,1,0,0,0,1,0,0,0,1,0,0,0,1,0,0,0
0.00183628,1,0,0,0,1,0,0,0,0,0,0,0,1,0,0,0
0.00183629,1,0,0,0,1,0,0,0,1,0,0,0,1,0,0,0
0.00183921,1,0,0,0,1,0,0,0,0,0,0,0,1,0,0,0
0.00183922,1,0,0,0,1,0,0,0,1,0,0,0,1,0,0,0
0.00184116,1,0,0,0,1,0,0,0,0,0,0,0,1,0,0,0
0.00184117,1,0,0,0,1,0,0,0,1,0,0,0,1,0,0,0
0.00184409,1,0,0,0,1,0,0,0,0,0,0,0,1,0,0,0
0.0018441,1,0,0,0,1,0,0,0,1,0,0,0,1,0,0,0
0.00184702,1,0,0,0,1,0,0,0,0,0,0,0,1,0,0,0
0.00184703,1,0,0,0,1,0,0,0,1,0,0,0,1,0,0,0
0.00184995,1,0,0,0,1,0,0,0,0,0,0,0,1,0,0,0
0.00184996,1,0,0,0,1,0,0,0,1,0,0,0,1,0,0,0
0.0018519,1,0,0,0,1,0,0,0,0,0,0,0,1,0,0,0
0.00185191,1,0,0,0,1,0,0,0,1,0,0,0,1,0,0,0
0.00185483,1,0,0,0,1,0,0,0,0,0,0,0,1,0,0,0
0.00185484,1,0,0,0,1,0,0,0,1,0,0,0,1,0,0,0
0.00185776,1,0,0,0,1,0,0,0,0,0,0,0,1,0,0,0
0.00185777,1,0,0,0,1,0,0,0,1,0,0,0,1,0,0,0
0.00186069,1,0,0,0,1,0,0,0,0,0,0,0,1,0,0,0
0.0018607,1,0,0,0,1,0,0,0,1,0,0,0,1,0,0,0
0.00186264,1,0,0,0,1,0,0,0,0,0,0,0,1,0,0,0
0.00186265,1,0,0,0,1,0,0,0,1,0,0,0,1,0,0,0
0.00186557,1,0,0,0,1,0,0,0,0,0,0,0,1,0,0,0
0.00186558,1,0,0,0,1,0,0,0,1,0,0,0,1,0,0,0
0.0018685,1,0,0,0,1,0,0,0,0,0,0,0,1,0,0,0
0.00186851,1,0,0,0,1,0,0,0,1,0,0,0,1,0,0,0
0.00187143,1,0,0,0,1,0,0,0,0,0,0,0,1,0,0,0
0.00187144,1,0,0,0,1,0,0,0,1,0,0,0,1,0,0,0
0.00187338,1,0,0,0,1,0,0,0,0,0,0,0,1,0,0,0
0.00187339,1,0,0,0,1,0,0,0,1,0,0,0,1,0,0,0
0.00187631,1,0,0,0,1,0,0,0,0,0,0,0,1,0,0,0
0.00187632,1,0,0,0,1,0,0,0,1,0,0,0,1,0,0,0
0.00187924,1,0,0,0,1,0,0,0,0,0,0,0,1,0,0,0
0.00187925,1,0,0,0,1,0,0,0,1,0,0,0,1,0,0,0
0.00188119,1,0,0,0,1,0,0,0,0,0,0,0,1,0,0,0
0.0018812,1,0,0,0,1,0,0,0,1,0,0,0,1,0,0,0
0.00188412,1,0,0,0,1,0,0,0,0,0,0,0,1,0,0,0
0.00188413,1,0,0,0,1,0,0,0,1,0,0,0,1,0,0,0
0.00188705,1,0,0,0,1,0,0,0,0,0,0,0,1,0,0,0
0.00188706,1,0,0,0,1,0,0,0,1,0,0,0,1,0,0,0
0.00188998,1,0,0,0,1,0,0,0,0,0,0,0,1,0,0,0
0.00188999,1,0,0,0,1,0,0,0,1,0,0,0,1,0,0,0
0.00189193,1,0,0,0,1,0,0,0,0,0,0,0,1,0,0,0
0.00189194,1,0,0,0,1,0,0,0,1,0,0,0,1,0,0,0
0.00189486,1,0,0,0,1,0,0,0,0,0,0,0,1,0,0,0
0.00189487,1,0,0,0,1,0,0,0,1,0,0,0,1,0,0,0
0.00189779,1,0,0,0,1,0,0,0,0,0,0,0,1,0,0,0
0.0018978,1,0,0,0,1,0,0,0,1,0,0,0,1,0,0,0
0.00190072,1,0,0,0,1,0,0,0,0,0,0,0,1,0,0,0
0.00190073,1,0,0,0,1,0,0,0,1,0,0,0,1,0,0,0
0.00190267,1,0,0,0,1,0,0,0,0,0,0,0,1,0,0,0
0.00190268,1,0,0,0,1,0,0,0,1,0,0,0,1,0,0,0
0.0019056,1,0,0,0,1,0,0,0,0,0,0,0,1,0,0,0
0.00190561,1,0,0,0,1,0,0,0,1,0,0,0,1,0,0,0
0.00190853,1,0,0,0,1,0,0,0,0,0,0,0,1,0,0,0
0.00190854,1,0,0,0,1,0,0,0,1,0,0,0,1,0,0,0
0.00191146,1,0,0,0,1,0,0,0,0,0,0,0,1,0,0,0
0.00191147,1,0,0,0,1,0,0,0,1,0,0,0,1,0,0,0
0.00191341,1,0,0,0,1,0,0,0,0,0,0,0,1,0,0,0
0.00191342,1,0,0,0,1,0,0,0,1,0,0,0,1,0,0,0
0.00191634,1,0,0,0,1,0,0,0,0,0,0,0,1,0,0,0
0.00191635,1,0,0,0,1,0,0,0,1,0,0,0,1,0,0,0
0.00191927,1,0,0,0,1,0,0,0,0,0,0,0,1,0,0,0
0.00191928,1,0,0,0,1,0,0,0,1,0,0,0,1,0,0,0
0.00192122,1,0,0,0,1,0,0,0,0,0,0,0,1,0,0,0
0.00192123,1,0,0,0,1,0,0,0,1,0,0,0,1,0,0,0
0.0019222,1,0,0,0,1,0,0,0,0,0,0,0,1,0,0,0
0.00192221,1,0,0,0,1,0,0,0,1,0,0,0,1,0,0,0
0.00192415,1,0,0,0,1,0,0,0,0,0,0,0,1,0,0,0
0.00192416,1,0,0,0,1,0,0,0,1,0,0,0,1,0,0,0
0.00192708,1,0,0,0,1,0,0,0,0,0,0,0,1,0,0,0
0.00192709,1,0,0,0,1,0,0,0,1,0,0,0,1,0,0,0
0.00193001,1,0,0,0,1,0,0,0,0,0,0,0,1,0,0,0
0.00193002,1,0,0,0,1,0,0,0,1,0,0,0,1,0,0,0
0.00193196,1,0,0,0,1,0,0,0,0,0,0,0,1,0,0,0
0.00193197,1,0,0,0,1,0,0,0,1,0,0,0,1,0,0,0
0.00193489,1,0,0,0,1,0,0,0,0,0,0,0,1,0,0,0
0.0019349,1,0,0,0,1,0,0,0,1,0,0,0,1,0,0,0
0.00193782,1,0,0,0,1,0,0,0,0,0,0,0,1,0,0,0
0.00193783,1,0,0,0,1,0,0,0,1,0,0,0,1,0,0,0
0.00194075,1,0,0,0,1,0,0,0,0,0,0,0,1,0,0,0
0.00194076,1,0,0,0,1,0,0,0,1,0,0,0,1,0,0,0
0.0019427,1,0,0,0,1,0,0,0,0,0,0,0,1,0,0,0
0.00194271,1,0,0,0,1,0,0,0,1,0,0,0,1,0,0,0
0.00194563,1,0,0,0,1,0,0,0,0,0,0,0,1,0,0,0
0.00194564,1,0,0,0,1,0,0,0,1,0,0,0,1,0,0,0
0.00194856,1,0,0,0,1,0,0,0,0,0,0,0,1,0,0,0
0.00194857,1,0,0,0,1,0,0,0,1,0,0,0,1,0,0,0
0.00195149,1,0,0,0,1,0,0,0,0,0,0,0,1,0,0,0
0.0019515,1,0,0,0,1,0,0,0,1,0,0,0,1,0,0,0
0.00195344,1,0,0,0,1,0,0,0,0,0,0,0,1,0,0,0
0.00195345,1,0,0,0,1,0,0,0,1,0,0,0,1,0,0,0
0.00195637,1,0,0,0,1,0,0,0,0,0,0,0,1,0,0,0
0.00195638,1,0,0,0,1,0,0,0,1,0,0,0,1,0,0,0
0.0019593,1,0,0,0,1,0,0,0,0,0,0,0,1,0,0,0
0.00195931,1,0,0,0,1,0,0,0,1,0,0,0,1,0,0,0
0.00196223,1,0,0,0,1,0,0,0,0,0,0,0,1,0,0,0
0.00196224,1,0,0,0,1,0,0,0,1,0,0,0,1,0,0,0
0.00196418,1,0,0,0,1,0,0,0,0,0,0,0,1,0,0,0
0.00196419,1,0,0,0,1,0,0,0,1,0,0,0,1,0,0,0
0.00196711,1,0,0,0,1,0,0,0,0,0,0,0,1,0,0,0
0.00196712,1,0,0,0,1,0,0,0,1,0,0,0,1,0,0,0
0.00197004,1,0,0,0,1,0,0,0,0,0,0,0,1,0,0,0
0.00197005,1,0,0,0,1,0,0,0,1,0,0,0,1,0,0,0
0.00197199,1,0,0,0,1,0,0,0,0,0,0,0,1,0,0,0
0.001972,1,0,0,0,1,0,0,0,1,0,0,0,1,0,0,0
0.00197492,1,0,0,0,1,0,0,0,0,0,0,0,1,0,0,0
0.00197493,1,0,0,0,1,0,0,0,1,0,0,0,1,0,0,0
0.00197785,1,0,0,0,1,0,0,0,0,0,0,0,1,0,0,0
0.00197786,1,0,0,0,1,0,0,0,1,0,0,0,1,0,0,0
0.00198078,1,0,0,0,1,0,0,0,0,0,0,0,1,0,0,0
0.00198079,1,0,0,0,1,0,0,0,1,0,0,0,1,0,0,0
0.00198273,1,0,0,0,1,0,0,0,0,0,0,0,1,0,0,0
0.00198274,1,0,0,0,1,0,0,0,1,0,0,0,1,0,0,0
0.00198566,1,0,0,0,1,0,0,0,0,0,0,0,1,0,0,0
0.00198567,1,0,0,0,1,0,0,0,1,0,0,0,1,0,0,0
0.00198859,1,0,0,0,1,0,0,0,0,0,0,0,1,0,0,0
0.0019886,1,0,0,0,1,0,0,0,1,0,0,0,1,0,0,0
0.00199152,1,0,0,0,1,0,0,0,0,0,0,0,1,0,0,0
0.00199153,1,0,0,0,1,0,0,0,1,0,0,0,1,0,0,0
0.00199347,1,0,0,0,1,0,0,0,0,0,0,0,1,0,0,0
0.00199348,1,0,0,0,1,0,0,0,1,0,0,0,1,0,0,0
0.0019964,1,0,0,0,1,0,0,0,0,0,0,0,1,0,0,0
0.00199641,1,0,0,0,1,0,0,0,1,0,0,0,1,0,0,0
0.00199933,1,0,0,0,1,0,0,0,0,0,0,0,1,0,0,0
0.00199934,1,0,0,0,1,0,0,0,1,0,0,0,1,0,0,0
0.00200226,1,0,0,0,1,0,0,0,0,0,0,0,1,0,0,0
0.00200227,1,0,0,0,1,0,0,0,1,0,0,0,1,0,0,0
0.00200421,1,0,0,0,1,0,0,0,0,0,0,0,1,0,0,0
0.00200422,1,0,0,0,1,0,0,0,1,0,0,0,1,0,0,0
0.00200714,1,0,0,0,1,0,0,0,0,0,0,0,1,0,0,0
0.00200715,1,0,0,0,1,0,0,0,1,0,0,0,1,0,0,0
0.00201007,1,0,0,0,1,0,0,0,0,0,0,0,1,0,0,0
0.00201008,1,0,0,0,1,0,0,0,1,0,0,0,1,0,0,0
0.00201202,1,0,0,0,1,0,0,0,0,0,0,0,1,0,0,0
0.00201203,1,0,0,0,1,0,0,0,1,0,0,0,1,0,0,0
0.00201495,1,0,0,0,1,0,0,0,0,0,0,0,1,0,0,0
0.00201496,1,0,0,0,1,0,0,0,1,0,0,0,1,0,0,0
0.00201788,1,0,0,0,1,0,0,0,0,0,0,0,1,0,0,0
0.00201789,1,0,0,0,1,0,0,0,1,0,0,0,1,0,0,0
0.00202081,1,0,0,0,1,0,0,0,0,0,0,0,1,0,0,0
0.00202082,1,0,0,0,1,0,0,0,1,0,0,0,1,0,0,0
0.00202276,1,0,0,0,1,0,0,0,0,0,0,0,1,0,0,0
0.00202277,1,0,0,0,1,0,0,0,1,0,0,0,1,0,0,0
0.00202569,1,0,0,0,1,0,0,0,0,0,0,0,1,0,0,0
0.0020257,1,0,0,0,1,0,0,0,1,0,0,0,1,0,0,0
0.00202862,1,0,0,0,1,0,0,0,0,0,0,0,1,0,0,0
0.00202863,1,0,0,0,1,0,0,0,1,0,0,0,1,0,0,0
0.00203155,1,0,0,0,1,0,0,0,0,0,0,0,1,0,0,0
0.00203156,1,0,0,0,1,0,0,0,1,0,0,0,1,0,0,0
0.0020335,1,0,0,0,1,0,0,0,0,0,0,0,1,0,0,0
0.00203351,1,0,0,0,1,0,0,0,1,0,0,0,1,0,0,0
0.00203643,1,0,0,0,1,0,0,0,0,0,0,0,1,0,0,0
0.00203644,1,0,0,0,1,0,0,0,1,0,0,0,1,0,0,0
0.00203936,1,0,0,0,1,0,0,0,0,0,0,0,1,0,0,0
0.00203937,1,0,0,0,1,0,0,0,1,0,0,0,1,0,0,0
0.00204229,1,0,0,0,1,0,0,0,0,0,0,0,1,0,0,0
0.0020423,1,0,0,0,1,0,0,0,1,0,0,0,1,0,0,0
0.00204424,1,0,0,0,1,0,0,0,0,0,0,0,1,0,0,0
0.00204425,1,0,0,0,1,0,0,0,1,0,0,0,1,0,0,0
0.00204717,1,0,0,0,1,0,0,0,0,0,0,0,1,0,0,0
0.00204718,1,0,0,0,1,0,0,0,1,0,0,0,1,0,0,0
0.0020501,1,0,0,0,1,0,0,0,0,0,0,0,1,0,0,0
0.00205011,1,0,0,0,1,0,0,0,1,0,0,0,1,0,0,0
0.00205303,1,0,0,0,1,0,0,0,0,0,0,0,1,0,0,0
0.00205304,1,0,0,0,1,0,0,0,1,0,0,0,1,0,0,0
0.00205498,1,0,0,0,1,0,0,0,0,0,0,0,1,0,0,0
0.00205499,1,0,0,0,1,0,0,0,1,0,0,0,1,0,0,0
0.00205791,1,0,0,0,1,0,0,0,0,0,0,0,1,0,0,0
0.00205792,1,0,0,0,1,0,0,0,1,0,0,0,1,0,0,0
0.00206084,1,0,0,0,1,0,0,0,0,0,0,0,1,0,0,0
0.00206085,1,0,0,0,1,0,0,0,1,0,0,0,1,0,0,0
0.00206279,1,0,0,0,1,0,0,0,0,0,0,0,1,0,0,0
0.0020628,1,0,0,0,1,0,0,0,1,0,0,0,1,0,0,0
0.00206572,1,0,0,0,1,0,0,0,0,0,0,0,1,0,0,0
0.00206573,1,0,0,0,1,0,0,0,1,0,0,0,1,0,0,0
0.00206865,1,0,0,0,1,0,0,0,0,0,0,0,1,0,0,0
0.00206866,1,0,0,0,1,0,0,0,1,0,0,0,1,0,0,0
0.00207158,1,0,0,0,1,0,0,0,0,0,0,0,1,0,0,0
0.00207159,1,0,0,0,1,0,0,0,1,0,0,0,1,0,0,0
0.00207353,1,0,0,0,1,0,0,0,0,0,0,0,1,0,0,0
0.00207354,1,0,0,0,1,0,0,0,1,0,0,0,1,0,0,0
0.00207646,1,0,0,0,1,0,0,0,0,0,0,0,1,0,0,0
0.00207647,1,0,0,0,1,0,0,0,1,0,0,0,1,0,0,0
0.00207939,1,0,0,0,1,0,0,0,0,0,0,0,1,0,0,0
0.0020794,1,0,0,0,1,0,0,0,1,0,0,0,1,0,0,0
0.00208232,1,0,0,0,1,0,0,0,0,0,0,0,1,0,0,0
0.00208233,1,0,0,0,1,0,0,0,1,0,0,0,1,0,0,0
0.00208427,1,0,0,0,1,0,0,0,0,0,0,0,1,0,0,0
0.00208428,1,0,0,0,1,0,0,0,1,0,0,0,1,0,0,0
0.0020872,1,0,0,0,1,0,0,0,0,0,0,0,1,0,0,0
0.00208721,1,0,0,0,1,0,0,0,1,0,0,0,1,0,0,0
0.00209013,1,0,0,0,1,0,0,0,0,0,0,0,1,0,0,0
0.00209014,1,0,0,0,1,0,0,0,1,0,0,0,1,0,0,0
0.00209306,1,0,0,0,1,0,0,0,0,0,0,0,1,0,0,0
0.00209307,1,0,0,0,1,0,0,0,1,0,0,0,1,0,0,0
0.00209501,1,0,0,0,1,0,0,0,0,0,0,0,1,0,0,0
0.00209502,1,0,0,0,1,0,0,0,1,0,0,0,1,0,0,0
0.00209794,1,0,0,0,1,0,0,0,0,0,0,0,1,0,0,0
0.00209795,1,0,0,0,1,0,0,0,1,0,0,0,1,0,0,0
0.00210087,1,0,0,0,1,0,0,0,0,0,0,0,1,0,0,0
0.00210088,1,0,0,0,1,0,0,0,1,0,0,0,1,0,0,0
0.00210282,1,0,0,0,1,0,0,0,0,0,0,0,1,0,0,0
0.00210283,1,0,0,0,1,0,0,0,1,0,0,0,1,0,0,0
0.00210575,1,0,0,0,1,0,0,0,0,0,0,0,1,0,0,0
0.00210576,1,0,0,0,1,0,0,0,1,0,0,0,1,0,0,0
0.00210868,1,0,0,0,1,0,0,0,0,0,0,0,1,0,0,0
0.00210869,1,0,0,0,1,0,0,0,1,0,0,0,1,0,0,0
0.00211161,1,0,0,0,1,0,0,0,0,0,0,0,1,0,0,0
0.00211162,1,0,0,0,1,0,0,0,1,0,0,0,1,0,0,0
0.00211356,1,0,0,0,1,0,0,0,0,0,0,0,1,0,0,0
0.00211357,1,0,0,0,1,0,0,0,1,0,0,0,1,0,0,0
0.00211649,1,0,0,0,1,0,0,0,0,0,0,0,1,0,0,0
0.0021165,1,0,0,0,1,0,0,0,1,0,0,0,1,0,0,0
0.00211942,1,0,0,0,1,0,0,0,0,0,0,0,1,0,0,0
0.00211943,1,0,0,0,1,0,0,0,1,0,0,0,1,0,0,0
0.00212235,1,0,0,0,1,0,0,0,0,0,0,0,1,0,0,0
0.00212236,1,0,0,0,1,0,0,0,1,0,0,0,1,0,0,0
0.0021243,1,0,0,0,1,0,0,0,0,0,0,0,1,0,0,0
0.00212431,1,0,0,0,1,0,0,0,1,0,0,0,1,0,0,0
0.00212723,1,0,0,0,1,0,0,0,0,0,0,0,1,0,0,0
0.00212724,1,0,0,0,1,0,0,0,1,0,0,0,1,0,0,0
0.00213016,1,0,0,0,1,0,0,0,0,0,0,0,1,0,0,0
0.00213017,1,0,0,0,1,0,0,0,1,0,0,0,1,0,0,0
0.00213309,1,0,0,0,1,0,0,0,0,0,0,0,1,0,0,0
0.0021331,1,0,0,0,1,0,0,0,1,0,0,0,1,0,0,0
0.00213504,1,0,0,0,1,0,0,0,0,0,0,0,1,0,0,0
0.00213505,1,0,0,0,1,0,0,0,1,0,0,0,1,0,0,0
0.00213797,1,0,0,0,1,0,0,0,0,0,0,0,1,0,0,0
0.00213798,1,0,0,0,1,0,0,0,1,0,0,0,1,0,0,0
0.0021409,1,0,0,0,1,0,0,0,0,0,0,0,1,0,0,0
0.00214091,1,0,0,0,1,0,0,0,1,0,0,0,1,0,0,0
0.00214285,1,0,0,0,1,0,0,0,0,0,0,0,1,0,0,0
0.00214286,1,0,0,0,1,0,0,0,1,0,0,0,1,0,0,0
0.00214578,1,0,0,0,1,0,0,0,0,0,0,0,1,0,0,0
0.00214579,1,0,0,0,1,0,0,0,1,0,0,0,1,0,0,0
0.00214871,1,0,0,0,1,0,0,0,0,0,0,0,1,0,0,0
0.00214872,1,0,0,0,1,0,0,0,1,0,0,0,1,0,0,0
0.00215164,1,0,0,0,1,0,0,0,0,0,0,0,1,0,0,0
0.00215165,1,0,0,0,1,0,0,0,1,0,0,0,1,0,0,0
0.00215359,1,0,0,0,1,0,0,0,0,0,0,0,1,0,0,0
0.0021536,1,0,0,0,1,0,0,0,1,0,0,0,1,0,0,0
0.00215652,1,0,0,0,1,0,0,0,0,0,0,0,1,0,0,0
0.00215653,1,0,0,0,1,0,0,0,1,0,0,0,1,0,0,0
0.00215945,1,0,0,0,1,0,0,0,0,0,0,0,1,0,0,0
0.00215946,1,0,0,0,1,0,0,0,1,0,0,0,1,0,0,0
0.00216238,1,0,0,0,1,0,0,0,0,0,0,0,1,0,0,0
0.00216239,1,0,0,0,1,0,0,0,1,0,0,0,1,0,0,0
0.00216433,1,0,0,0,1,0,0,0,0,0,0,0,1,0,0,0
0.00216434,1,0,0,0,1,0,0,0,1,0,0,0,1,0,0,0
0.00216726,1,0,0,0,1,0,0,0,0,0,0,0,1,0,0,0
0.00216727,1,0,0,0,1,0,0,0,1,0,0,0,1,0,0,0
0.00217019,1,0,0,0,1,0,0,0,0,0,0,0,1,0,0,0
0.0021702,1,0,0,0,1,0,0,0,1,0,0,0,1,0,0,0
0.00217312,1,0,0,0,1,0,0,0,0,0,0,0,1,0,0,0
0.00217313,1,0,0,0,1,0,0,0,1,0,0,0,1,0,0,0
0.00217507,1,0,0,0,1,0,0,0,0,0,0,0,1,0,0,0
0.00217508,1,0,0,0,1,0,0,0,1,0,0,0,1,0,0,0
0.002178,1,0,0,0,1,0,0,0,0,0,0,0,1,0,0,0
0.00217801,1,0,0,0,1,0,0,0,1,0,0,0,1,0,0,0
0.00218093,1,0,0,0,1,0,0,0,0,0,0,0,1,0,0,0
0.00218094,1,0,0,0,1,0,0,0,1,0,0,0,1,0,0,0
0.00218581,1,0,0,0,1,0,0,0,0,0,0,0,1,0,0,0
0.00218582,1,0,0,0,1,0,0,0,1,0,0,0,1,0,0,0
0.00218874,1,0,0,0,1,0,0,0,0,0,0,0,1,0,0,0
0.00218875,1,0,0,0,1,0,0,0,1,0,0,0,1,0,0,0
0.00219167,1,0,0,0,1,0,0,0,0,0,0,0,1,0,0,0
0.00219168,1,0,0,0,1,0,0,0,1,0,0,0,1,0,0,0
0.00219362,1,0,0,0,1,0,0,0,0,0,0,0,1,0,0,0
0.00219363,1,0,0,0,1,0,0,0,1,0,0,0,1,0,0,0
0.00219655,1,0,0,0,1,0,0,0,0,0,0,0,1,0,0,0
0.00219656,1,0,0,0,1,0,0,0,1,0,0,0,1,0,0,0
0.00219948,1,0,0,0,1,0,0,0,0,0,0,0,1,0,0,0
0.00219949,1,0,0,0,1,0,0,0,1,0,0,0,1,0,0,0
0.00220241,1,0,0,0,1,0,0,0,0,0,0,0,1,0,0,0
0.00220242,1,0,0,0,1,0,0,0,1,0,0,0,1,0,0,0
0.00220436,1,0,0,0,1,0,0,0,0,0,0,0,1,0,0,0
0.00220437,1,0,0,0,1,0,0,0,1,0,0,0,1,0,0,0
0.00220729,1,0,0,0,1,0,0,0,0,0,0,0,1,0,0,0
0.0022073,1,0,0,0,1,0,0,0,1,0,0,0,1,0,0,0
0.00221022,1,0,0,0,1,0,0,0,0,0,0,0,1,0,0,0
0.00221023,1,0,0,0,1,0,0,0,1,0,0,0,1,0,0,0
0.00221315,1,0,0,0,1,0,0,0,0,0,0,0,1,0,0,0
0.00221316,1,0,0,0,1,0,0,0,1,0,0,0,1,0,0,0
0.0022151,1,0,0,0,1,0,0,0,0,0,0,0,1,0,0,0
0.00221511,1,0,0,0,1,0,0,0,1,0,0,0,1,0,0,0
0.00221803,1,0,0,0,1,0,0,0,0,0,0,0,1,0,0,0
0.00221804,1,0,0,0,1,0,0,0,1,0,0,0,1,0,0,0
0.00222096,1,0,0,0,1,0,0,0,0,0,0,0,1,0,0,0
0.00222097,1,0,0,0,1,0,0,0,1,0,0,0,1,0,0,0
0.00222389,1,0,0,0,1,0,0,0,0,0,0,0,1,0,0,0
0.0022239,1,0,0,0,1,0,0,0,1,0,0,0,1,0,0,0
0.00222584,1,0,0,0,1,0,0,0,0,0,0,0,1,0,0,0
0.00222585,1,0,0,0,1,0,0,0,1,0,0,0,1,0,0,0
0.00222877,1,0,0,0,1,0,0,0,0,0,0,0,1,0,0,0
0.00222878,1,0,0,0,1,0,0,0,1,0,0,0,1,0,0,0
0.0022317,1,0,0,0,1,0,0,0,0,0,0,0,1,0,0,0
0.00223171,1,0,0,0,1,0,0,0,1,0,0,0,1,0,0,0
0.00223365,1,0,0,0,1,0,0,0,0,0,0,0,1,0,0,0
0.00223366,1,0,0,0,1,0,0,0,1,0,0,0,1,0,0,0
0.00223658,1,0,0,0,1,0,0,0,0,0,0,0,1,0,0,0
0.00223659,1,0,0,0,1,0,0,0,1,0,0,0,1,0,0,0
0.00223951,1,0,0,0,1,0,0,0,0,0,0,0,1,0,0,0
0.00223952,1,0,0,0,1,0,0,0,1,0,0,0,1,0,0,0
0.00224244,1,0,0,0,1,0,0,0,0,0,0,0,1,0,0,0
0.00224245,1,0,0,0,1,0,0,0,1,0,0,0,1,0,0,0
0.00224439,1,0,0,0,1,0,0,0,0,0,0,0,1,0,0,0
0.0022444,1,0,0,0,1,0,0,0,1,0,0,0,1,0,0,0
0.00224732,1,0,0,0,1,0,0,0,0,0,0,0,1,0,0,0
0.00224733,1,0,0,0,1,0,0,0,1,0,0,0,1,0,0,0
0.00225025,1,0,0,0,1,0,0,0,0,0,0,0,1,0,0,0
0.00225026,1,0,0,0,1,0,0,0,1,0,0,0,1,0,0,0
0.00225318,1,0,0,0,1,0,0,0,0,0,0,0,1,0,0,0
0.00225319,1,0,0,0,1,0,0,0,1,0,0,0,1,0,0,0
0.00225513,1,0,0,0,1,0,0,0,0,0,0,0,1,0,0,0
0.00225514,1,0,0,0,1,0,0,0,1,0,0,0,1,0,0,0
0.00225806,1,0,0,0,1,0,0,0,0,0,0,0,1,0,0,0
0.00225807,1,0,0,0,1,0,0,0,1,0,0,0,1,0,0,0
0.00226099,1,0,0,0,1,0,0,0,0,0,0,0,1,0,0,0
0.002261,1,0,0,0,1,0,0,0,1,0,0,0,1,0,0,0
0.00226587,1,0,0,0,1,0,0,0,0,0,0,0,1,0,0,0
0.00226588,1,0,0,0,1,0,0,0,1,0,0,0,1,0,0,0
0.0022688,1,0,0,0,1,0,0,0,0,0,0,0,1,0,0,0
0.00226881,1,0,0,0,1,0,0,0,1,0,0,0,1,0,0,0
0.00227173,1,0,0,0,1,0,0,0,0,0,0,0,1,0,0,0
0.00227174,1,0,0,0,1,0,0,0,1,0,0,0,1,0,0,0
0.00227466,1,0,0,0,1,0,0,0,0,0,0,0,1,0,0,0
0.00227467,1,0,0,0,1,0,0,0,1,0,0,0,1,0,0,0
0.00227661,1,0,0,0,1,0,0,0,0,0,0,0,1,0,0,0
0.00227662,1,0,0,0,1,0,0,0,1,0,0,0,1,0,0,0
0.00227954,1,0,0,0,1,0,0,0,0,0,0,0,1,0,0,0
0.00227955,1,0,0,0,1,0,0,0,1,0,0,0,1,0,0,0
0.00228247,1,0,0,0,1,0,0,0,0,0,0,0,1,0,0,0
0.00228248,1,0,0,0,1,0,0,0,1,0,0,0,1,0,0,0
0.00228442,1,0,0,0,1,0,0,0,0,0,0,0,1,0,0,0
0.00228443,1,0,0,0,1,0,0,0,1,0,0,0,1,0,0,0
0.00228735,1,0,0,0,1,0,0,0,0,0,0,0,1,0,0,0
0.00228736,1,0,0,0,1,0,0,0,1,0,0,0,1,0,0,0
0.00229028,1,0,0,0,1,0,0,0,0,0,0,0,1,0,0,0
0.00229029,1,0,0,0,1,0,0,0,1,0,0,0,1,0,0,0
0.00229321,1,0,0,0,1,0,0,0,0,0,0,0,1,0,0,0
0.00229322,1,0,0,0,1,0,0,0,1,0,0,0,1,0,0,0
0.00229516,1,0,0,0,1,0,0,0,0,0,0,0,1,0,0,0
0.00229517,1,0,0,0,1,0,0,0,1,0,0,0,1,0,0,0
0.00229809,1,0,0,0,1,0,0,0,0,0,0,0,1,0,0,0
0.0022981,1,0,0,0,1,0,0,0,1,0,0,0,1,0,0,0
0.00230102,1,0,0,0,1,0,0,0,0,0,0,0,1,0,0,0
0.00230103,1,0,0,0,1,0,0,0,1,0,0,0,1,0,0,0
0.00230395,1,0,0,0,1,0,0,0,0,0,0,0,1,0,0,0
0.00230396,1,0,0,0,1,0,0,0,1,0,0,0,1,0,0,0
0.0023059,1,0,0,0,1,0,0,0,0,0,0,0,1,0,0,0
0.00230591,1,0,0,0,1,0,0,0,1,0,0,0,1,0,0,0
0.00230883,1,0,0,0,1,0,0,0,0,0,0,0,1,0,0,0
0.00230884,1,0,0,0,1,0,0,0,1,0,0,0,1,0,0,0
0.00231176,1,0,0,0,1,0,0,0,0,0,0,0,1,0,0,0
0.00231177,1,0,0,0,1,0,0,0,1,0,0,0,1,0,0,0
0.00231469,1,0,0,0,1,0,0,0,0,0,0,0,1,0,0,0
0.0023147,1,0,0,0,1,0,0,0,1,0,0,0,1,0,0,0
0.00231664,1,0,0,0,1,0,0,0,0,0,0,0,1,0,0,0
0.00231665,1,0,0,0,1,0,0,0,1,0,0,0,1,0,0,0
0.00231957,1,0,0,0,1,0,0,0,0,0,0,0,1,0,0,0
0.00231958,1,0,0,0,1,0,0,0,1,0,0,0,1,0,0,0
0.0023225,1,0,0,0,1,0,0,0,0,0,0,0,1,0,0,0
0.00232251,1,0,0,0,1,0,0,0,1,0,0,0,1,0,0,0
0.00232445,1,0,0,0,1,0,0,0,0,0,0,0,1,0,0,0
0.00232446,1,0,0,0,1,0,0,0,1,0,0,0,1,0,0,0
0.00232738,1,0,0,0,1,0,0,0,0,0,0,0,1,0,0,0
0.00232739,1,0,0,0,1,0,0,0,1,0,0,0,1,0,0,0
0.00233031,1,0,0,0,1,0,0,0,0,0,0,0,1,0,0,0
0.00233032,1,0,0,0,1,0,0,0,1,0,0,0,1,0,0,0
0.00233324,1,0,0,0,1,0,0,0,0,0,0,0,1,0,0,0
0.00233325,1,0,0,0,1,0,0,0,1,0,0,0,1,0,0,0
0.00233519,1,0,0,0,1,0,0,0,0,0,0,0,1,0,0,0
0.0023352,1,0,0,0,1,0,0,0,1,0,0,0,1,0,0,0
0.00233812,1,0,0,0,1,0,0,0,0,0,0,0,1,0,0,0
0.00233813,1,0,0,0,1,0,0,0,1,0,0,0,1,0,0,0
0.00234105,1,0,0,0,1,0,0,0,0,0,0,0,1,0,0,0
0.00234106,1,0,0,0,1,0,0,0,1,0,0,0,1,0,0,0
0.00234398,1,0,0,0,1,0,0,0,0,0,0,0,1,0,0,0
0.00234399,1,0,0,0,1,0,0,0,1,0,0,0,1,0,0,0
0.00234593,1,0,0,0,1,0,0,0,0,0,0,0,1,0,0,0
0.00234594,1,0,0,0,1,0,0,0,1,0,0,0,1,0,0,0
0.00234886,1,0,0,0,1,0,0,0,0,0,0,0,1,0,0,0
0.00234887,1,0,0,0,1,0,0,0,1,0,0,0,1,0,0,0
0.00235179,1,0,0,0,1,0,0,0,0,0,0,0,1,0,0,0
0.0023518,1,0,0,0,1,0,0,0,1,0,0,0,1,0,0,0
0.00235472,1,0,0,0,1,0,0,0,0,0,0,0,1,0,0,0
0.00235473,1,0,0,0,1,0,0,0,1,0,0,0,1,0,0,0
0.00235667,1,0,0,0,1,0,0,0,0,0,0,0,1,0,0,0
0.00235668,1,0,0,0,1,0,0,0,1,0,0,0,1,0,0,0
0.0023596,1,0,0,0,1,0,0,0,0,0,0,0,1,0,0,0
0.00235961,1,0,0,0,1,0,0,0,1,0,0,0,1,0,0,0
0.00236253,1,0,0,0,1,0,0,0,0,0,0,0,1,0,0,0
0.00236254,1,0,0,0,1,0,0,0,1,0,0,0,1,0,0,0
0.00236448,1,0,0,0,1,0,0,0,0,0,0,0,1,0,0,0
0.00236449,1,0,0,0,1,0,0,0,1,0,0,0,1,0,0,0
0.00236741,1,0,0,0,1,0,0,0,0,0,0,0,1,0,0,0
0.00236742,1,0,0,0,1,0,0,0,1,0,0,0,1,0,0,0
0.00237034,1,0,0,0,1,0,0,0,0,0,0,0,1,0,0,0
0.00237035,1,0,0,0,1,0,0,0,1,0,0,0,1,0,0,0
0.00237327,1,0,0,0,1,0,0,0,0,0,0,0,1,0,0,0
0.00237328,1,0,0,0,1,0,0,0,1,0,0,0,1,0,0,0
0.00237522,1,0,0,0,1,0,0,0,0,0,0,0,1,0,0,0
0.00237523,1,0,0,0,1,0,0,0,1,0,0,0,1,0,0,0
0.00237815,1,0,0,0,1,0,0,0,0,0,0,0,1,0,0,0
0.00237816,1,0,0,0,1,0,0,0,1,0,0,0,1,0,0,0
0.00238108,1,0,0,0,1,0,0,0,0,0,0,0,1,0,0,0
0.00238109,1,0,0,0,1,0,0,0,1,0,0,0,1,0,0,0
0.00238401,1,0,0,0,1,0,0,0,0,0,0,0,1,0,0,0
0.00238402,1,0,0,0,1,0,0,0,1,0,0,0,1,0,0,0
0.00238596,1,0,0,0,1,0,0,0,0,0,0,0,1,0,0,0
0.00238597,1,0,0,0,1,0,0,0,1,0,0,0,1,0,0,0
0.00238889,1,0,0,0,1,0,0,0,0,0,0,0,1,0,0,0
0.0023889,1,0,0,0,1,0,0,0,1,0,0,0,1,0,0,0
0.00239182,1,0,0,0,1,0,0,0,0,0,0,0,1,0,0,0
0.00239183,1,0,0,0,1,0,0,0,1,0,0,0,1,0,0,0
0.00239475,1,0,0,0,1,0,0,0,0,0,0,0,1,0,0,0
0.00239476,1,0,0,0,1,0,0,0,1,0,0,0,1,0,0,0
0.0023967,1,0,0,0,1,0,0,0,0,0,0,0,1,0,0,0
0.00239671,1,0,0,0,1,0,0,0,1,0,0,0,1,0,0,0
0.00239963,1,0,0,0,1,0,0,0,0,0,0,0,1,0,0,0
0.00239964,1,0,0,0,1,0,0,0,1,0,0,0,1,0,0,0
0.00240256,1,0,0,0,1,0,0,0,0,0,0,0,1,0,0,0
0.00240257,1,0,0,0,1,0,0,0,1,0,0,0,1,0,0,0
0.00240451,1,0,0,0,1,0,0,0,0,0,0,0,1,0,0,0
0.00240452,1,0,0,0,1,0,0,0,1,0,0,0,1,0,0,0
0.00240549,1,0,0,0,1,0,0,0,0,0,0,0,1,0,0,0
0.0024055,1,0,0,0,1,0,0,0,1,0,0,0,1,0,0,0
0.00240744,1,0,0,0,1,0,0,0,0,0,0,0,1,0,0,0
0.00240745,1,0,0,0,1,0,0,0,1,0,0,0,1,0,0,0
0.00241037,1,0,0,0,1,0,0,0,0,0,0,0,1,0,0,0
0.00241038,1,0,0,0,1,0,0,0,1,0,0,0,1,0,0,0
0.0024133,1,0,0,0,1,0,0,0,0,0,0,0,1,0,0,0
0.00241331,1,0,0,0,1,0,0,0,1,0,0,0,1,0,0,0
0.00241525,1,0,0,0,1,0,0,0,0,0,0,0,1,0,0,0
0.00241526,1,0,0,0,1,0,0,0,1,0,0,0,1,0,0,0
0.00241818,1,0,0,0,1,0,0,0,0,0,0,0,1,0,0,0
0.00241819,1,0,0,0,1,0,0,0,1,0,0,0,1,0,0,0
0.00242111,1,0,0,0,1,0,0,0,0,0,0,0,1,0,0,0
0.00242112,1,0,0,0,1,0,0,0,1,0,0,0,1,0,0,0
0.00242404,1,0,0,0,1,0,0,0,0,0,0,0,1,0,0,0
0.00242405,1,0,0,0,1,0,0,0,1,0,0,0,1,0,0,0
0.00242599,1,0,0,0,1,0,0,0,0,0,0,0,1,0,0,0
0.002426,1,0,0,0,1,0,0,0,1,0,0,0,1,0,0,0
0.00242892,1,0,0,0,1,0,0,0,0,0,0,0,1,0,0,0
0.00242893,1,0,0,0,1,0,0,0,1,0,0,0,1,0,0,0
0.00243185,1,0,0,0,1,0,0,0,0,0,0,0,1,0,0,0
0.00243186,1,0,0,0,1,0,0,0,1,0,0,0,1,0,0,0
0.00243478,1,0,0,0,1,0,0,0,0,0,0,0,1,0,0,0
0.00243479,1,0,0,0,1,0,0,0,1,0,0,0,1,0,0,0
0.00243673,1,0,0,0,1,0,0,0,0,0,0,0,1,0,0,0
0.00243674,1,0,0,0,1,0,0,0,1,0,0,0,1,0,0,0
0.00243966,1,0,0,0,1,0,0,0,0,0,0,0,1,0,0,0
0.00243967,1,0,0,0,1,0,0,0,1,0,0,0,1,0,0,0
0.00244259,1,0,0,0,1,0,0,0,0,0,0,0,1,0,0,0
0.0024426,1,0,0,0,1,0,0,0,1,0,0,0,1,0,0,0
0.00244552,1,0,0,0,1,0,0,0,0,0,0,0,1,0,0,0
0.00244553,1,0,0,0,1,0,0,0,1,0,0,0,1,0,0,0
0.00244747,1,0,0,0,1,0,0,0,0,0,0,0,1,0,0,0
0.00244748,1,0,0,0,1,0,0,0,1,0,0,0,1,0,0,0
0.0024504,1,0,0,0,1,0,0,0,0,0,0,0,1,0,0,0
0.00245041,1,0,0,0,1,0,0,0,1,0,0,0,1,0,0,0
0.00245333,1,0,0,0,1,0,0,0,0,0,0,0,1,0,0,0
0.00245334,1,0,0,0,1,0,0,0,1,0,0,0,1,0,0,0
0.00245528,1,0,0,0,1,0,0,0,0,0,0,0,1,0,0,0
0.00245529,1,0,0,0,1,0,0,0,1,0,0,0,1,0,0,0
0.00245821,1,0,0,0,1,0,0,0,0,0,0,0,1,0,0,0
0.00245822,1,0,0,0,1,0,0,0,1,0,0,0,1,0,0,0
0.00246114,1,0,0,0,1,0,0,0,0,0,0,0,1,0,0,0
0.00246115,1,0,0,0,1,0,0,0,1,0,0,0,1,0,0,0
0.00246407,1,0,0,0,1,0,0,0,0,0,0,0,1,0,0,0
0.00246408,1,0,0,0,1,0,0,0,1,0,0,0,1,0,0,0
0.00246602,1,0,0,0,1,0,0,0,0,0,0,0,1,0,0,0
0.00246603,1,0,0,0,1,0,0,0,1,0,0,0,1,0,0,0
0.00246895,1,0,0,0,1,0,0,0,0,0,0,0,1,0,0,0
0.00246896,1,0,0,0,1,0,0,0,1,0,0,0,1,0,0,0
0.00247188,1,0,0,0,1,0,0,0,0,0,0,0,1,0,0,0
0.00247189,1,0,0,0,1,0,0,0,1,0,0,0,1,0,0,0
0.00247481,1,0,0,0,1,0,0,0,0,0,0,0,1,0,0,0
0.00247482,1,0,0,0,1,0,0,0,1,0,0,0,1,0,0,0
0.00247676,1,0,0,0,1,0,0,0,0,0,0,0,1,0,0,0
0.00247677,1,0,0,0,1,0,0,0,1,0,0,0,1,0,0,0
0.00247969,1,0,0,0,1,0,0,0,0,0,0,0,1,0,0,0
0.0024797,1,0,0,0,1,0,0,0,1,0,0,0,1,0,0,0
0.00248262,1,0,0,0,1,0,0,0,0,0,0,0,1,0,0,0
0.00248263,1,0,0,0,1,0,0,0,1,0,0,0,1,0,0,0
0.0024875,1,0,0,0,1,0,0,0,0,0,0,0,1,0,0,0
0.00248751,1,0,0,0,1,0,0,0,1,0,0,0,1,0,0,0
0.00249043,1,0,0,0,1,0,0,0,0,0,0,0,1,0,0,0
0.00249044,1,0,0,0,1,0,0,0,1,0,0,0,1,0,0,0
0.00249336,1,0,0,0,1,0,0,0,0,0,0,0,1,0,0,0
0.00249337,1,0,0,0,1,0,0,0,1,0,0,0,1,0,0,0
0.00249531,1,0,0,0,1,0,0,0,0,0,0,0,1,0,0,0
0.00249532,1,0,0,0,1,0,0,0,1,0,0,0,1,0,0,0
0.00249629,1,0,0,0,1,0,0,0,0,0,0,0,1,0,0,0
0.0024963,1,0,0,0,1,0,0,0,1,0,0,0,1,0,0,0
0.00249824,1,0,0,0,1,0,0,0,0,0,0,0,1,0,0,0
0.00249825,1,0,0,0,1,0,0,0,1,0,0,0,1,0,0,0
0.00250117,1,0,0,0,1,0,0,0,0,0,0,0,1,0,0,0
0.00250118,1,0,0,0,1,0,0,0,1,0,0,0,1,0,0,0
0.0025041,1,0,0,0,1,0,0,0,0,0,0,0,1,0,0,0
0.00250411,1,0,0,0,1,0,0,0,1,0,0,0,1,0,0,0
0.00250605,1,0,0,0,1,0,0,0,0,0,0,0,1,0,0,0
0.00250606,1,0,0,0,1,0,0,0,1,0,0,0,1,0,0,0
0.00250898,1,0,0,0,1,0,0,0,0,0,0,0,1,0,0,0
0.00250899,1,0,0,0,1,0,0,0,1,0,0,0,1,0,0,0
0.00251191,1,0,0,0,1,0,0,0,0,0,0,0,1,0,0,0
0.00251192,1,0,0,0,1,0,0,0,1,0,0,0,1,0,0,0
0.00251484,1,0,0,0,1,0,0,0,0,0,0,0,1,0,0,0
0.00251485,1,0,0,0,1,0,0,0,1,0,0,0,1,0,0,0
0.00251679,1,0,0,0,1,0,0,0,0,0,0,0,1,0,0,0
0.0025168,1,0,0,0,1,0,0,0,1,0,0,0,1,0,0,0
0.00251972,1,0,0,0,1,0,0,0,0,0,0,0,1,0,0,0
0.00251973,1,0,0,0,1,0,0,0,1,0,0,0,1,0,0,0
0.00252265,1,0,0,0,1,0,0,0,0,0,0,0,1,0,0,0
0.00252266,1,0,0,0,1,0,0,0,1,0,0,0,1,0,0,0
0.00252558,1,0,0,0,1,0,0,0,0,0,0,0,1,0,0,0
0.00252559,1,0,0,0,1,0,0,0,1,0,0,0,1,0,0,0
0.00252753,1,0,0,0,1,0,0,0,0,0,0,0,1,0,0,0
0.00252754,1,0,0,0,1,0,0,0,1,0,0,0,1,0,0,0
0.00253046,1,0,0,0,1,0,0,0,0,0,0,0,1,0,0,0
0.00253047,1,0,0,0,1,0,0,0,1,0,0,0,1,0,0,0
0.00253339,1,0,0,0,1,0,0,0,0,0,0,0,1,0,0,0
0.0025334,1,0,0,0,1,0,0,0,1,0,0,0,1,0,0,0
0.00253632,1,0,0,0,1,0,0,0,0,0,0,0,1,0,0,0
0.00253633,1,0,0,0,1,0,0,0,1,0,0,0,1,0,0,0
0.00253827,1,0,0,0,1,0,0,0,0,0,0,0,1,0,0,0
0.00253828,1,0,0,0,1,0,0,0,1,0,0,0,1,0,0,0
0.0025412,1,0,0,0,1,0,0,0,0,0,0,0,1,0,0,0
0.00254121,1,0,0,0,1,0,0,0,1,0,0,0,1,0,0,0
0.00254413,1,0,0,0,1,0,0,0,0,0,0,0,1,0,0,0
0.00254414,1,0,0,0,1,0,0,0,1,0,0,0,1,0,0,0
0.00254608,1,0,0,0,1,0,0,0,0,0,0,0,1,0,0,0
0.00254609,1,0,0,0,1,0,0,0,1,0,0,0,1,0,0,0
0.00254901,1,0,0,0,1,0,0,0,0,0,0,0,1,0,0,0
0.00254902,1,0,0,0,1,0,0,0,1,0,0,0,1,0,0,0
0.00255194,1,0,0,0,1,0,0,0,0,0,0,0,1,0,0,0
0.00255195,1,0,0,0,1,0,0,0,1,0,0,0,1,0,0,0
0.00255487,1,0,0,0,1,0,0,0,0,0,0,0,1,0,0,0
0.00255488,1,0,0,0,1,0,0,0,1,0,0,0,1,0,0,0
0.00255682,1,0,0,0,1,0,0,0,0,0,0,0,1,0,0,0
0.00255683,1,0,0,0,1,0,0,0,1,0,0,0,1,0,0,0
0.00255975,1,0,0,0,1,0,0,0,0,0,0,0,1,0,0,0
0.00255976,1,0,0,0,1,0,0,0,1,0,0,0,1,0,0,0
0.00256268,1,0,0,0,1,0,0,0,0,0,0,0,1,0,0,0
0.00256269,1,0,0,0,1,0,0,0,1,0,0,0,1,0,0,0
0.00256561,1,0,0,0,1,0,0,0,0,0,0,0,1,0,0,0
0.00256562,1,0,0,0,1,0,0,0,1,0,0,0,1,0,0,0
0.00256756,1,0,0,0,1,0,0,0,0,0,0,0,1,0,0,0
0.00256757,1,0,0,0,1,0,0,0,1,0,0,0,1,0,0,0
0.00257049,1,0,0,0,1,0,0,0,0,0,0,0,1,0,0,0
0.0025705,1,0,0,0,1,0,0,0,1,0,0,0,1,0,0,0
0.00257342,1,0,0,0,1,0,0,0,0,0,0,0,1,0,0,0
0.00257343,1,0,0,0,1,0,0,0,1,0,0,0,1,0,0,0
0.00257635,1,0,0,0,1,0,0,0,0,0,0,0,1,0,0,0
0.00257636,1,0,0,0,1,0,0,0,1,0,0,0,1,0,0,0
0.0025783,1,0,0,0,1,0,0,0,0,0,0,0,1,0,0,0
0.00257831,1,0,0,0,1,0,0,0,1,0,0,0,1,0,0,0
0.00258123,1,0,0,0,1,0,0,0,0,0,0,0,1,0,0,0
0.00258124,1,0,0,0,1,0,0,0,1,0,0,0,1,0,0,0
0.00258416,1,0,0,0,1,0,0,0,0,0,0,0,1,0,0,0
0.00258417,1,0,0,0,1,0,0,0,1,0,0,0,1,0,0,0
0.00258611,1,0,0,0,1,0,0,0,0,0,0,0,1,0,0,0
0.00258612,1,0,0,0,1,0,0,0,1,0,0,0,1,0,0,0
0.00258904,1,0,0,0,1,0,0,0,0,0,0,0,1,0,0,0
0.00258905,1,0,0,0,1,0,0,0,1,0,0,0,1,0,0,0
0.00259197,1,0,0,0,1,0,0,0,0,0,0,0,1,0,0,0
0.00259198,1,0,0,0,1,0,0,0,1,0,0,0,1,0,0,0
0.0025949,1,0,0,0,1,0,0,0,0,0,0,0,1,0,0,0
0.00259491,1,0,0,0,1,0,0,0,1,0,0,0,1,0,0,0
0.00259685,1,0,0,0,1,0,0,0,0,0,0,0,1,0,0,0
0.00259686,1,0,0,0,1,0,0,0,1,0,0,0,1,0,0,0
0.00259978,1,0,0,0,1,0,0,0,0,0,0,0,1,0,0,0
0.00259979,1,0,0,0,1,0,0,0,1,0,0,0,1,0,0,0
0.00260271,1,0,0,0,1,0,0,0,0,0,0,0,1,0,0,0
0.00260272,1,0,0,0,1,0,0,0,1,0,0,0,1,0,0,0
0.00260564,1,0,0,0,1,0,0,0,0,0,0,0,1,0,0,0
0.00260565,1,0,0,0,1,0,0,0,1,0,0,0,1,0,0,0
0.00260759,1,0,0,0,1,0,0,0,0,0,0,0,1,0,0,0
0.0026076,1,0,0,0,1,0,0,0,1,0,0,0,1,0,0,0
0.00261052,1,0,0,0,1,0,0,0,0,0,0,0,1,0,0,0
0.00261053,1,0,0,0,1,0,0,0,1,0,0,0,1,0,0,0
0.00261345,1,0,0,0,1,0,0,0,0,0,0,0,1,0,0,0
0.00261346,1,0,0,0,1,0,0,0,1,0,0,0,1,0,0,0
0.00261638,1,0,0,0,1,0,0,0,0,0,0,0,1,0,0,0
0.00261639,1,0,0,0,1,0,0,0,1,0,0,0,1,0,0,0
0.00261833,1,0,0,0,1,0,0,0,0,0,0,0,1,0,0,0
0.00261834,1,0,0,0,1,0,0,0,1,0,0,0,1,0,0,0
0.00262126,1,0,0,0,1,0,0,0,0,0,0,0,1,0,0,0
0.00262127,1,0,0,0,1,0,0,0,1,0,0,0,1,0,0,0
0.00262419,1,0,0,0,1,0,0,0,0,0,0,0,1,0,0,0
0.0026242,1,0,0,0,1,0,0,0,1,0,0,0,1,0,0,0
0.00262614,1,0,0,0,1,0,0,0,0,0,0,0,1,0,0,0
0.00262615,1,0,0,0,1,0,0,0,1,0,0,0,1,0,0,0
0.00262907,1,0,0,0,1,0,0,0,0,0,0,0,1,0,0,0
0.00262908,1,0,0,0,1,0,0,0,1,0,0,0,1,0,0,0
0.002632,1,0,0,0,1,0,0,0,0,0,0,0,1,0,0,0
0.00263201,1,0,0,0,1,0,0,0,1,0,0,0,1,0,0,0
0.00263493,1,0,0,0,1,0,0,0,0,0,0,0,1,0,0,0
0.00263494,1,0,0,0,1,0,0,0,1,0,0,0,1,0,0,0
0.00263688,1,0,0,0,1,0,0,0,0,0,0,0,1,0,0,0
0.00263689,1,0,0,0,1,0,0,0,1,0,0,0,1,0,0,0
0.00263981,1,0,0,0,1,0,0,0,0,0,0,0,1,0,0,0
0.00263982,1,0,0,0,1,0,0,0,1,0,0,0,1,0,0,0
0.00264274,1,0,0,0,1,0,0,0,0,0,0,0,1,0,0,0
0.00264275,1,0,0,0,1,0,0,0,1,0,0,0,1,0,0,0
0.00264567,1,0,0,0,1,0,0,0,0,0,0,0,1,0,0,0
0.00264568,1,0,0,0,1,0,0,0,1,0,0,0,1,0,0,0
0.00264762,1,0,0,0,1,0,0,0,0,0,0,0,1,0,0,0
0.00264763,1,0,0,0,1,0,0,0,1,0,0,0,1,0,0,0
0.00265055,1,0,0,0,1,0,0,0,0,0,0,0,1,0,0,0
0.00265056,1,0,0,0,1,0,0,0,1,0,0,0,1,0,0,0
0.00265348,1,0,0,0,1,0,0,0,0,0,0,0,1,0,0,0
0.00265349,1,0,0,0,1,0,0,0,1,0,0,0,1,0,0,0
0.00265402,1,0,1,0,1,0,0,0,1,0,0,0,1,0,0,0
0.00265403,1,0,0,0,1,0,0,0,1,0,0,0,1,0,0,0
0.00265404,1,0,0,1,1,1,1,1,1,0,0,0,1,0,0,0
0.00265405,1,1,1,1,1,1,1,1,1,0,0,0,1,0,0,0
0.00265506,1,0,0,0,1,0,0,1,1,0,0,0,1,0,0,0
0.00265544,1,0,0,0,1,0,0,1,1,0,0,0,1,0,1,0
0.00265596,1,0,1,0,1,0,0,1,1,0,0,0,1,0,1,0
0.00265597,1,1,1,1,1,1,1,1,1,0,0,0,1,0,1,0
0.00265696,1,0,0,0,1,1,1,1,1,0,0,0,1,0,1,0
0.00265697,1,0,0,0,1,0,0,1,1,0,0,0,1,0,1,0
0.00265699,1,1,1,1,1,1,1,1,1,0,0,0,1,0,1,0
0.00265707,1,1,1,1,1,1,1,0,1,0,0,0,1,0,1,0
0.00265708,0,0,1,0,1,0,0,0,1,0,0,0,1,0,1,0
0.00265713,0,1,1,1,1,1,1,0,1,0,0,0,1,0,1,0
0.00265714,0,1,1,0,1,1,1,0,1,0,0,0,1,0,1,0
0.00265715,0,0,1,0,1,0,0,0,1,0,0,0,1,0,1,0
0.00265739,0,0,1,0,1,0,0,0,0,0,0,0,1,0,0,0
0.0026574,0,0,1,0,1,0,0,0,0,0,1,0,1,0,0,0
0.00265746,0,0,1,0,1,0,0,0,0,0,0,0,0,0,0,0
0.00265747,1,1,1,0,1,1,1,0,0,0,1,0,1,0,0,0
0.00265748,1,1,1,1,1,1,1,1,0,1,1,0,1,1,1,0
0.00265749,1,1,1,1,1,1,1,1,1,1,1,1,1,1,1,1
0.00265751,0,0,1,0,1,1,1,0,0,0,1,0,1,0,0,0
0.00265752,0,0,1,0,1,0,0,0,0,0,1,0,1,0,0,0
0.00265755,0,0,1,1,1,0,0,0,0,0,1,0,1,0,0,0
0.00265756,1,1,1,1,1,1,1,0,0,0,1,0,1,0,0,0
0.00265757,1,1,1,1,1,1,1,1,0,0,1,0,1,0,0,0
0.00265758,0,1,1,1,1,1,0,0,0,0,1,0,1,0,0,0
0.00265759,0,0,1,0,1,0,0,0,0,0,1,0,1,0,0,0
0.00265792,1,1,1,0,1,0,1,0,0,0,1,0,1,0,0,0
0.00265793,1,1,1,1,1,1,1,1,0,0,1,0,1,0,0,0
0.00265896,0,0,0,0,0,0,1,0,0,0,1,0,1,0,0,0
0.002659,0,1,0,1,0,1,1,0,0,0,1,0,1,0,0,0
0.00265901,1,1,0,1,0,1,1,1,0,0,1,0,1,0,0,0
0.00265902,1,1,1,1,0,1,1,1,0,0,1,0,1,0,0,0
0.00265904,1,0,0,1,0,1,1,1,0,0,1,0,1,0,0,0
0.00265905,0,0,0,0,0,0,1,0,0,0,1,0,1,0,0,0
0.00265908,0,0,0,1,0,0,1,0,0,0,1,0,1,0,0,0
0.00265909,0,0,0,1,0,1,1,0,0,0,1,0,1,0,0,0
0.0026591,1,0,0,1,0,1,1,0,0,0,1,0,1,0,0,0
0.00265912,0,0,0,1,0,1,1,0,0,0,1,0,1,0,0,0
0.00265913,0,0,0,1,0,0,1,0,0,0,1,0,1,0,0,0
0.00265914,0,0,0,0,0,0,1,0,0,0,1,0,1,0,0,0
0.00265916,0,0,0,1,0,1,1,0,0,0,1,0,1,0,0,0
0.00265929,0,0,0,1,0,0,1,0,0,0,1,0,1,0,0,0
0.0026593,0,0,0,1,0,1,1,0,0,0,1,0,1,0,0,0
0.00265931,0,0,0,1,0,0,1,0,0,0,1,0,1,0,0,0
0.00265932,0,0,0,1,0,1,1,0,0,0,1,0,1,0,0,0
0.00265938,0,0,0,1,0,0,1,0,0,0,1,0,1,0,0,0
0.00265939,0,0,0,1,0,1,1,0,0,0,1,0,1,0,0,0
0.00265946,0,0,0,1,0,0,1,0,0,0,1,0,1,0,0,0
0.00265948,0,0,0,1,0,1,1,0,0,0,1,0,1,0,0,0
0.0026595,0,0,0,1,0,0,1,0,0,0,1,0,1,0,0,0
0.00265956,0,0,0,0,0,0,1,0,0,0,1,0,1,0,0,0
0.00265961,0,0,0,1,0,0,1,0,0,0,1,0,1,0,0,0
0.00265962,0,0,0,0,0,0,1,0,0,0,1,0,1,0,0,0
0.00265986,1,0,0,0,0,0,1,0,0,0,1,0,1,0,0,0
0.00265987,1,0,0,1,0,0,1,0,0,0,1,0,1,0,0,0
0.00265988,1,1,0,1,1,0,1,0,0,0,1,0,1,0,0,0
0.00265989,1,1,1,1,1,1,1,1,0,0,1,0,1,0,0,0
0.00265994,1,1,1,1,1,1,0,1,0,0,1,0,1,0,0,0
0.00265995,1,1,0,0,1,0,0,0,0,0,1,0,1,0,0,0
0.00265998,1,1,1,1,1,1,0,1,0,0,1,0,1,0,0,0
0.00266,1,1,1,1,1,1,1,1,0,0,1,0,1,0,0,0
0.00266001,1,1,1,1,1,1,0,1,0,0,1,0,1,0,0,0
0.00266002,1,1,0,0,1,0,0,0,0,0,1,0,1,0,0,0
0.00266006,1,1,1,1,1,1,0,0,0,0,1,0,1,0,0,0
0.00266007,1,1,1,1,1,1,0,1,0,0,1,0,1,0,0,0
0.00266008,1,1,1,1,1,1,0,0,0,0,1,0,1,0,0,0
0.00266009,1,1,0,0,1,0,0,0,0,0,1,0,1,0,0,0
0.00266014,1,1,0,1,1,0,0,0,0,0,1,0,1,0,0,0
0.00266016,1,1,0,0,1,0,0,0,0,0,1,0,1,0,0,0
0.00266032,1,1,0,0,1,0,0,0,0,1,0,0,1,0,0,0
0.00266033,1,1,0,0,1,0,0,0,1,1,0,0,1,0,0,0
0.00266037,1,1,0,1,1,0,0,0,1,1,0,0,1,0,0,0
0.00266038,1,1,0,0,1,0,0,0,1,1,0,0,1,0,0,0
0.00266039,1,1,0,0,1,0,0,0,0,0,0,0,0,0,0,0
0.0026604,1,1,0,0,1,0,0,0,1,1,0,0,1,0,0,0
0.00266045,1,1,0,1,1,0,0,0,1,1,0,0,1,0,0,0
0.00266046,1,1,0,0,1,0,0,0,1,1,0,0,1,0,0,0
0.00266087,1,1,1,1,1,1,1,1,1,1,0,0,1,0,0,0
0.00266091,1,0,0,0,1,1,0,1,1,1,0,0,1,0,0,0
0.00266095,1,0,1,1,1,1,0,1,1,1,0,0,1,0,0,0
0.00266096,1,1,1,1,1,1,0,1,1,1,0,0,1,0,0,0
0.00266097,1,0,1,1,1,1,0,1,1,1,0,0,1,0,0,0
0.00266098,1,0,0,0,1,1,0,1,1,1,0,0,1,0,0,0
0.00266182,1,1,1,1,1,1,0,1,1,1,0,0,1,0,0,0
0.00266183,1,1,1,1,1,1,1,1,1,1,0,0,1,0,0,0
0.0026619,0,1,0,0,1,0,0,0,1,1,0,0,1,0,0,0
0.00266194,0,1,1,1,1,1,0,0,1,1,0,0,1,0,0,0
0.00266195,1,1,1,1,1,1,1,1,1,1,0,0,1,0,0,0
0.00266197,1,1,1,1,1,1,0,0,1,1,0,0,1,0,0,0
0.00266198,0,1,1,1,1,0,0,0,1,1,0,0,1,0,0,0
0.00266199,0,1,0,0,1,0,0,0,1,1,0,0,1,0,0,0
0.00266202,0,1,1,1,1,0,0,0,1,1,0,0,1,0,0,0
0.00266207,0,1,0,0,1,0,0,0,1,1,0,0,1,0,0,0
0.0026621,0,1,1,1,1,0,0,0,1,1,0,0,1,0,0,0
0.00266213,0,1,0,0,1,0,0,0,1,1,0,0,1,0,0,0
0.00266227,0,1,1,1,1,0,0,0,0,1,0,0,1,0,0,0
0.00266228,0,1,0,0,1,0,0,0,0,1,0,0,1,0,0,0
0.00266233,0,1,1,1,1,0,0,0,0,1,0,0,1,0,0,0
0.00266234,0,1,1,0,1,0,0,0,0,0,0,0,0,0,0,0
0.00266235,0,1,0,0,1,0,0,0,0,1,0,0,1,0,0,0
0.00266282,1,1,1,1,1,0,0,1,0,1,0,0,1,0,0,0
0.00266283,1,1,1,1,1,1,1,1,0,1,0,0,1,0,0,0
0.00266287,1,1,0,0,1,1,0,0,0,1,0,0,1,0,0,0
0.00266291,1,1,1,1,1,1,1,1,0,1,0,0,1,0,0,0
0.00266293,1,1,1,1,1,1,0,1,0,1,0,0,1,0,0,0
0.00266294,1,1,0,0,1,1,0,0,0,1,0,0,1,0,0,0
0.00266298,1,1,1,1,1,1,0,0,0,1,0,0,1,0,0,0
0.002663,1,1,1,0,1,1,0,0,0,1,0,0,1,0,0,0
0.00266301,1,1,0,0,1,1,0,0,0,1,0,0,1,0,0,0
0.00266377,1,1,1,1,1,1,0,0,0,1,0,0,1,0,0,0
0.00266378,1,1,1,1,1,1,0,1,0,1,0,0,1,0,0,0
0.00266379,1,1,1,1,1,1,1,1,0,1,0,0,1,0,0,0
0.00266385,1,0,1,0,1,0,1,0,0,1,0,0,1,0,0,0
0.00266386,1,0,0,0,1,0,0,0,0,1,0,0,1,0,0,0
0.00266389,1,0,1,1,1,1,1,1,0,1,0,0,1,0,0,0
0.0026639,1,1,1,1,1,1,1,1,0,1,0,0,1,0,0,0
0.00266393,1,0,1,1,1,0,0,1,0,1,0,0,1,0,0,0
0.00266394,1,0,0,0,1,0,0,0,0,1,0,0,1,0,0,0
0.00266397,1,0,1,1,1,0,0,0,0,1,0,0,1,0,0,0
0.00266398,1,0,1,1,1,1,0,1,0,1,0,0,1,0,0,0
0.002664,1,0,1,1,1,0,0,1,0,1,0,0,1,0,0,0
0.00266401,1,0,1,1,1,0,0,0,0,1,0,0,1,0,0,0
0.00266402,1,0,1,0,1,0,0,0,0,1,0,0,1,0,0,0
0.00266403,1,0,0,0,1,0,0,0,0,1,0,0,1,0,0,0
0.00266404,1,0,1,1,1,0,0,0,0,1,0,0,1,0,0,0
0.00266417,1,0,1,0,1,0,0,0,0,1,0,0,1,0,0,0
0.00266421,1,0,1,1,1,0,0,0,0,1,0,0,1,0,0,0
0.00266422,1,0,1,1,1,0,0,0,0,0,0,0,1,0,0,0
0.00266423,1,0,1,1,1,0,0,0,1,0,0,0,1,0,0,0
0.00266424,1,0,1,0,1,0,0,0,1,0,0,0,1,0,0,0
0.00266425,1,0,0,0,1,0,0,0,1,0,0,0,1,0,0,0
0.00266427,1,0,1,1,1,0,0,0,1,0,0,0,1,0,0,0
0.00266428,1,0,1,1,1,1,0,0,1,0,0,0,1,0,0,0
0.00266429,1,0,1,1,1,0,0,0,1,0,0,0,0,0,0,0
0.0026643,1,0,0,0,1,0,0,0,0,0,0,0,1,0,0,0
0.00266431,1,0,0,0,1,0,0,0,1,0,0,0,1,0,0,0
0.00266435,1,0,1,1,1,0,0,0,1,0,0,0,1,0,0,0
0.00266438,1,0,0,0,1,0,0,0,1,0,0,0,1,0,0,0
0.00266442,1,0,1,0,1,0,0,0,1,0,0,0,1,0,0,0
0.00266444,1,0,0,0,1,0,0,0,1,0,0,0,1,0,0,0
0.00266475,1,0,1,1,1,0,0,0,1,0,0,0,1,0,0,0
0.00266476,1,1,1,1,1,1,0,1,1,0,0,0,1,0,0,0
0.00266477,1,1,1,1,1,1,1,1,1,0,0,0,1,0,0,0
0.00266482,0,0,1,1,1,0,0,1,1,0,0,0,1,0,0,0
0.00266486,1,1,1,1,1,1,1,1,1,0,0,0,1,0,0,0
0.00266488,0,0,1,1,1,1,0,1,1,0,0,0,1,0,0,0
0.00266489,0,0,1,1,1,0,0,1,1,0,0,0,1,0,0,0
0.00266575,1,0,1,1,1,0,0,1,1,0,0,0,1,0,0,0
0.00266576,1,1,1,1,1,1,1,1,1,0,0,0,1,0,0,0
0.0026658,1,0,0,0,1,1,1,0,1,0,0,0,1,0,0,0
0.00266581,1,0,0,0,1,0,0,0,1,0,0,0,1,0,0,0
0.00266584,1,1,1,1,1,1,1,1,1,0,0,0,1,0,0,0
0.00266588,1,1,1,1,1,1,0,0,1,0,0,0,1,0,0,0
0.00266589,1,0,0,0,1,0,0,0,1,0,0,0,1,0,0,0
0.00266592,1,1,1,1,1,1,0,0,1,0,0,0,1,0,0,0
0.00266597,1,0,1,0,1,1,0,0,1,0,0,0,1,0,0,0
0.00266599,1,0,1,1,1,1,0,0,1,0,0,0,1,0,0,0
0.002666,1,1,1,1,1,1,0,0,1,0,0,0,1,0,0,0
0.00266604,1,0,1,1,1,1,0,0,1,0,0,0,1,0,0,0
0.00266606,1,1,1,1,1,1,0,0,1,0,0,0,1,0,0,0
0.00266607,1,0,1,1,1,1,0,0,1,0,0,0,1,0,0,0
0.00266617,1,1,1,1,1,1,0,0,1,0,0,0,1,0,0,0
0.00266618,1,0,1,1,1,1,0,0,1,0,0,0,1,0,0,0
0.0026662,1,0,1,0,1,0,0,0,1,0,0,0,1,0,0,0
0.00266621,1,0,1,1,1,0,0,0,1,0,0,0,1,0,0,0
0.00266622,1,0,1,1,1,1,0,0,1,0,0,0,1,0,0,0
0.00266624,1,1,1,1,1,1,0,0,1,0,0,0,1,0,0,0
0.00266625,1,0,1,0,1,0,0,0,1,0,0,0,1,0,0,0
0.00266627,1,0,1,1,1,1,0,0,1,0,0,0,1,0,0,0
0.00266629,1,0,1,0,1,0,0,0,1,0,0,0,1,0,0,0
0.0026663,1,0,1,1,1,0,0,0,1,0,0,0,1,0,0,0
0.00266631,1,0,1,1,1,1,0,0,1,0,0,0,1,0,0,0
0.00266633,1,0,1,1,1,0,0,0,1,0,0,0,1,0,0,0
0.00266634,1,0,1,0,1,0,0,0,1,0,0,0,1,0,0,0
0.00266635,1,0,1,1,1,0,0,0,1,0,0,0,1,0,0,0
0.00266637,1,0,1,0,1,0,0,0,1,0,0,0,1,0,0,0
0.00266638,1,0,1,1,1,0,0,0,1,0,0,0,1,0,0,0
0.00266642,1,0,1,0,1,0,0,0,1,0,0,0,1,0,0,0
0.00266643,1,0,1,1,1,0,0,0,1,0,0,0,1,0,0,0
0.00266645,1,0,1,0,1,0,0,0,1,0,0,0,1,0,0,0
0.00266646,1,0,1,1,1,0,0,0,1,0,0,0,1,0,0,0
0.00266647,1,0,1,0,1,0,0,0,1,0,0,0,1,0,0,0
0.00266648,1,0,1,1,1,0,0,0,1,0,0,0,1,0,0,0
0.0026665,1,0,1,0,1,0,0,0,1,0,0,0,1,0,0,0
0.0026667,1,1,1,0,1,0,0,0,1,0,0,0,1,0,0,0
0.00266671,1,0,1,1,1,0,0,1,1,0,0,0,1,0,0,0
0.00266672,1,0,1,1,1,1,0,1,1,0,0,0,1,0,0,0
0.00266673,1,1,1,1,1,1,1,1,1,0,0,0,1,0,0,0
0.00266677,1,1,1,0,0,0,0,1,1,0,0,0,1,0,0,0
0.00266681,1,1,1,1,0,1,1,1,1,0,0,0,1,0,0,0
0.00266684,1,1,1,0,0,0,0,1,1,0,0,0,1,0,0,0
0.00266689,1,1,1,1,0,1,0,1,1,0,0,0,1,0,0,0
0.00266691,1,1,1,0,0,0,0,1,1,0,0,0,1,0,0,0
0.00266717,1,1,1,1,0,0,0,1,1,0,0,0,1,0,0,0
0.00266718,1,1,1,0,0,0,0,1,1,0,0,0,1,0,0,0
0.00266771,1,1,1,1,1,1,1,1,1,0,0,0,1,0,0,0
0.00266776,0,1,0,0,1,0,1,1,1,0,0,0,1,0,0,0
0.0026678,0,1,1,1,1,1,1,1,1,0,0,0,1,0,0,0
0.00266781,1,1,1,1,1,1,1,1,1,0,0,0,1,0,0,0
0.00266782,0,1,1,1,1,1,1,1,1,0,0,0,1,0,0,0
0.00266783,0,1,0,0,1,0,1,1,1,0,0,0,1,0,0,0
0.00266788,0,1,0,1,1,0,1,1,1,0,0,0,1,0,0,0
0.00266789,0,1,0,0,1,0,1,1,1,0,0,0,1,0,0,0
0.00266813,0,1,0,0,1,0,1,1,0,1,0,0,1,0,1,1
0.00266866,1,1,1,0,1,0,1,1,0,1,0,0,1,0,1,1
0.00266867,0,1,1,1,1,1,1,1,0,1,0,0,1,0,1,1
0.00266868,1,1,1,1,1,0,1,1,0,1,0,0,1,0,1,1
0.0026687,1,1,1,1,1,1,1,1,0,1,0,0,1,0,1,1
0.00266872,1,1,1,1,0,0,0,1,0,1,0,0,1,0,1,1
0.00266873,1,1,1,0,0,0,0,1,0,1,0,0,1,0,1,1
0.00266876,1,1,1,1,0,0,0,1,0,1,0,0,1,0,1,1
0.00266877,1,1,1,1,0,1,0,1,0,1,0,0,1,0,1,1
0.00266879,1,1,1,0,0,0,0,1,0,1,0,0,1,0,1,1
0.00266964,1,1,1,1,0,1,0,1,0,1,0,0,1,0,1,1
0.00266966,1,1,1,1,1,1,1,1,0,1,0,0,1,0,1,1
0.00267062,0,0,0,0,0,0,0,0,0,1,0,0,1,0,1,1
0.00267067,0,0,1,1,0,0,0,0,0,1,0,0,1,0,1,1
0.00267068,0,0,0,0,0,0,0,0,0,1,0,0,1,0,1,1
0.00267157,0,0,1,0,0,0,0,0,0,1,0,0,1,0,1,1
0.00267158,1,0,1,1,0,0,0,0,0,1,0,0,1,0,1,1
0.00267159,0,0,0,0,0,0,0,0,0,1,0,0,1,0,1,1
0.00267161,1,1,1,1,1,1,1,1,0,1,0,0,1,0,1,1
0.00267165,1,1,0,1,1,0,0,1,0,1,0,0,1,0,1,1
0.00267167,1,1,0,1,1,1,0,1,0,1,0,0,1,0,1,1
0.00267168,1,1,1,1,1,1,1,1,0,1,0,0,1,0,1,1
0.00267169,0,1,1,1,1,1,1,1,0,1,0,0,1,0,1,1
0.0026717,0,1,0,1,1,1,0,1,0,1,0,0,1,0,1,1
0.00267172,1,1,1,0,1,1,0,0,0,1,0,0,1,0,1,1
0.00267173,0,1,0,0,1,1,0,0,0,1,0,0,1,0,1,1
0.00267176,0,1,1,0,1,1,0,0,0,1,0,0,1,0,1,1
0.00267177,1,1,1,0,1,1,1,0,0,1,0,0,1,0,1,1
0.00267179,0,1,1,0,1,1,0,0,0,1,0,0,1,0,1,1
0.0026718,0,1,0,0,1,1,0,0,0,1,0,0,1,0,1,1
0.00267184,0,1,1,0,1,1,0,0,0,1,0,0,1,0,1,1
0.00267187,0,1,0,0,1,1,0,0,0,1,0,0,1,0,1,1
0.00267203,0,1,0,0,1,1,0,0,0,1,0,0,1,0,0,0
0.00267205,0,1,0,0,1,1,0,0,0,1,0,0,1,1,0,0
0.00267257,0,1,1,0,1,1,0,0,0,1,0,0,1,1,0,0
0.00267258,1,1,1,0,1,1,1,0,0,1,0,0,1,1,0,0
0.00267259,1,1,1,1,1,1,1,1,0,1,0,0,1,1,0,0
0.00267263,1,0,1,1,1,1,1,1,0,1,0,0,1,1,0,0
0.00267264,1,0,0,1,1,1,1,1,0,1,0,0,1,1,0,0
0.00267267,1,0,1,1,1,1,1,1,0,1,0,0,1,1,0,0
0.00267268,1,1,1,1,1,1,1,1,0,1,0,0,1,1,0,0
0.00267269,1,0,1,1,1,1,1,1,0,1,0,0,1,1,0,0
0.0026727,1,0,0,1,1,1,1,1,0,1,0,0,1,1,0,0
0.00267353,1,0,1,1,1,1,1,1,0,1,0,0,1,1,0,0
0.00267354,1,1,1,1,1,1,1,1,0,1,0,0,1,1,0,0
0.00267361,1,1,1,1,0,0,0,1,0,1,0,0,1,1,0,0
0.00267362,0,1,0,1,0,0,0,0,0,1,0,0,1,1,0,0
0.00267366,1,1,1,1,0,0,0,0,0,1,0,0,1,1,0,0
0.00267367,1,1,1,1,0,1,0,1,0,1,0,0,1,1,0,0
0.00267368,1,1,1,1,0,0,0,1,0,1,0,0,1,1,0,0
0.00267369,1,1,1,1,0,0,0,0,0,1,0,0,1,1,0,0
0.0026737,0,1,1,1,0,0,0,0,0,1,0,0,1,1,0,0
0.00267371,0,1,0,1,0,0,0,0,0,1,0,0,1,1,0,0
0.00267374,1,1,1,1,0,0,0,0,0,1,0,0,1,1,0,0
0.00267376,0,1,1,1,0,0,0,0,0,1,0,0,1,1,0,0
0.00267379,0,1,0,1,0,0,0,0,0,1,0,0,1,1,0,0
0.00267381,0,1,1,1,0,0,0,0,0,1,0,0,1,1,0,0
0.00267394,0,1,0,1,0,0,0,0,0,1,0,0,1,1,0,0
0.00267397,0,1,1,1,0,0,0,0,0,1,0,0,1,1,0,0
0.00267398,0,1,0,1,0,0,0,0,0,1,0,0,1,1,0,0
0.00267399,0,1,1,1,0,0,0,0,0,1,0,0,1,1,0,0
0.00267401,0,1,0,1,0,0,0,0,0,1,0,0,1,1,0,0
0.00267408,0,1,1,1,0,0,0,0,0,1,0,0,1,1,0,0
0.00267409,0,1,0,1,0,0,0,0,0,1,0,0,1,1,0,0
0.00267452,1,1,1,1,0,0,0,0,0,1,0,0,1,1,0,0
0.00267453,1,1,1,1,0,1,1,1,0,1,0,0,1,1,0,0
0.00267454,1,1,1,1,1,1,1,1,0,1,0,0,1,1,0,0
0.00267554,1,0,1,1,1,0,0,1,0,1,0,0,1,1,0,0
0.00267555,0,0,0,1,1,0,0,1,0,1,0,0,1,1,0,0
0.00267557,1,1,1,1,1,0,0,1,0,1,0,0,1,1,0,0
0.00267558,1,1,1,1,1,1,1,1,0,1,0,0,1,1,0,0
0.00267561,0,1,1,0,1,1,0,0,0,1,0,0,1,1,0,0
0.00267562,0,0,1,0,1,0,0,0,0,1,0,0,1,1,0,0
0.00267566,0,0,1,0,1,1,1,0,0,1,0,0,1,1,0,0
0.00267567,1,0,1,0,1,1,1,0,0,1,0,0,1,1,0,0
0.00267568,0,0,1,0,1,1,1,0,0,1,0,0,1,1,0,0
0.00267569,0,0,1,0,1,1,0,0,0,1,0,0,1,1,0,0
0.0026757,0,0,1,0,1,0,0,0,0,1,0,0,1,1,0,0
0.00267574,0,0,1,0,1,1,0,0,0,1,0,0,1,1,0,0
0.00267577,0,0,1,0,1,0,0,0,0,1,0,0,1,1,0,0
0.00267594,0,0,1,0,1,0,0,0,0,0,0,0,1,0,0,0
0.00267595,0,0,1,0,1,0,0,0,0,0,1,0,1,0,0,0
0.00267602,0,1,1,0,1,0,0,0,0,0,1,0,1,0,0,0
0.00267603,0,1,1,1,1,0,0,0,0,0,1,0,1,0,0,0
0.00267604,0,1,1,1,1,0,0,0,0,1,1,1,1,0,0,0
0.00267605,1,1,1,1,1,1,1,1,0,1,1,1,1,0,0,0
0.00267606,0,0,1,0,1,1,1,1,0,0,1,0,1,0,0,0
0.00267607,0,0,1,0,1,0,0,0,0,0,1,0,1,0,0,0
0.0026761,0,0,1,0,1,1,0,0,0,0,1,0,1,0,0,0
0.00267611,0,0,1,0,1,1,1,0,0,0,1,0,1,0,0,0
0.00267613,0,0,1,0,1,1,0,0,0,0,1,0,1,0,0,0
0.00267614,0,0,1,0,1,0,0,0,0,0,1,0,1,0,0,0
0.00267649,1,1,1,0,1,1,1,1,0,0,1,0,1,0,0,0
0.0026765,1,1,1,1,1,1,1,1,0,0,1,0,1,0,0,0
0.00267751,0,0,0,0,0,0,1,0,0,0,1,0,1,0,0,0
0.00267755,0,0,0,0,0,1,1,0,0,0,1,0,1,0,0,0
0.00267756,1,1,1,1,0,1,1,1,0,0,1,0,1,0,0,0
0.00267759,1,0,0,0,0,1,1,0,0,0,1,0,1,0,0,0
0.0026776,0,0,0,0,0,0,1,0,0,0,1,0,1,0,0,0
0.00267764,0,0,0,0,0,1,1,0,0,0,1,0,1,0,0,0
0.00267769,0,0,0,0,0,0,1,0,0,0,1,0,1,0,0,0
0.00267771,0,0,0,0,0,1,1,0,0,0,1,0,1,0,0,0
0.00267811,0,0,0,0,0,0,1,0,0,0,1,0,1,0,0,0
0.00267812,0,0,0,0,0,1,1,0,0,0,1,0,1,0,0,0
0.00267814,0,0,0,0,0,0,1,0,0,0,1,0,1,0,0,0
0.00267815,0,0,0,0,0,1,1,0,0,0,1,0,1,0,0,0
0.00267818,0,0,0,0,0,0,1,0,0,0,1,0,1,0,0,0
0.0026782,0,0,0,0,0,1,1,0,0,0,1,0,1,0,0,0
0.00267821,0,0,0,0,0,0,1,0,0,0,1,0,1,0,0,0
0.00267827,0,0,0,0,0,1,1,0,0,0,1,0,1,0,0,0
0.00267828,0,0,0,0,0,0,1,0,0,0,1,0,1,0,0,0
0.00267833,0,0,0,0,0,1,1,0,0,0,1,0,1,0,0,0
0.00267835,0,0,0,0,0,0,1,0,0,0,1,0,1,0,0,0
0.00267842,1,1,0,1,0,0,1,0,0,0,1,0,1,0,0,0
0.00267843,1,1,0,1,1,1,1,0,0,0,1,0,1,0,0,0
0.00267844,1,1,1,1,1,1,1,1,0,0,1,0,1,0,0,0
0.00267849,1,1,1,1,1,1,0,1,0,0,1,0,1,0,0,0
0.0026785,1,1,0,0,1,0,0,0,0,0,1,0,1,0,0,0
0.00267854,1,1,1,1,1,1,0,1,0,0,1,0,1,0,0,0
0.00267855,1,1,1,1,1,1,1,1,0,0,1,0,1,0,0,0
0.00267856,1,1,1,1,1,1,0,1,0,0,1,0,1,0,0,0
0.00267857,1,1,0,0,1,0,0,0,0,0,1,0,1,0,0,0
0.00267861,1,1,1,0,1,1,0,0,0,0,1,0,1,0,0,0
0.00267864,1,1,0,0,1,0,0,0,0,0,1,0,1,0,0,0
0.00267887,1,1,0,0,1,0,0,0,0,1,0,0,1,0,0,0
0.00267888,1,1,0,0,1,0,0,0,1,1,0,0,1,0,0,0
0.00267894,1,1,0,0,1,0,0,0,0,0,0,0,0,0,0,0
0.00267895,1,1,0,0,1,0,0,0,1,1,0,0,1,0,0,0
0.00267942,1,1,1,1,1,1,1,1,1,1,0,0,1,0,0,0
0.00267946,1,0,0,0,1,1,0,1,1,1,0,0,1,0,0,0
0.0026795,1,0,1,1,1,1,0,1,1,1,0,0,1,0,0,0
0.00267951,1,1,1,1,1,1,0,1,1,1,0,0,1,0,0,0
0.00267952,1,0,1,0,1,1,0,1,1,1,0,0,1,0,0,0
0.00267953,1,0,0,0,1,1,0,1,1,1,0,0,1,0,0,0
0.00268037,1,1,1,1,1,1,0,1,1,1,0,0,1,0,0,0
0.00268038,1,1,1,1,1,1,1,1,1,1,0,0,1,0,0,0
0.00268045,0,1,0,0,1,0,0,0,1,1,0,0,1,0,0,0
0.00268049,0,1,1,1,1,0,0,0,1,1,0,0,1,0,0,0
0.0026805,1,1,1,1,1,1,1,1,1,1,0,0,1,0,0,0
0.00268052,1,1,1,1,1,0,0,0,1,1,0,0,1,0,0,0
0.00268053,0,1,1,0,1,0,0,0,1,1,0,0,1,0,0,0
0.00268054,0,1,0,0,1,0,0,0,1,1,0,0,1,0,0,0
0.00268057,0,1,1,0,1,0,0,0,1,1,0,0,1,0,0,0
0.00268058,0,1,1,1,1,0,0,0,1,1,0,0,1,0,0,0
0.0026806,0,1,1,0,1,0,0,0,1,1,0,0,1,0,0,0
0.00268061,0,1,0,0,1,0,0,0,1,1,0,0,1,0,0,0
0.00268066,0,1,1,0,1,0,0,0,1,1,0,0,1,0,0,0
0.00268067,0,1,0,0,1,0,0,0,1,1,0,0,1,0,0,0
0.00268082,0,1,1,0,1,0,0,0,0,1,0,0,1,0,0,0
0.00268083,0,1,0,0,1,0,0,0,0,1,0,0,1,0,0,0
0.00268089,0,1,0,0,1,0,0,0,0,0,0,0,0,0,0,0
0.0026809,0,1,0,0,1,0,0,0,0,1,0,0,1,0,0,0
0.00268137,1,1,1,1,1,0,0,1,0,1,0,0,1,0,0,0
0.00268138,1,1,1,1,1,1,1,1,0,1,0,0,1,0,0,0
0.00268142,1,1,0,0,1,1,0,0,0,1,0,0,1,0,0,0
0.00268146,1,1,1,1,1,1,1,1,0,1,0,0,1,0,0,0
0.00268148,1,1,1,1,1,1,0,1,0,1,0,0,1,0,0,0
0.00268149,1,1,0,0,1,1,0,0,0,1,0,0,1,0,0,0
0.00268153,1,1,1,0,1,1,0,0,0,1,0,0,1,0,0,0
0.00268154,1,1,1,1,1,1,0,0,0,1,0,0,1,0,0,0
0.00268155,1,1,1,0,1,1,0,0,0,1,0,0,1,0,0,0
0.00268156,1,1,0,0,1,1,0,0,0,1,0,0,1,0,0,0
0.00268232,1,1,1,1,1,1,0,0,0,1,0,0,1,0,0,0
0.00268233,1,1,1,1,1,1,0,1,0,1,0,0,1,0,0,0
0.00268234,1,1,1,1,1,1,1,1,0,1,0,0,1,0,0,0
0.0026824,1,0,1,1,1,0,1,1,0,1,0,0,1,0,0,0
0.00268241,1,0,0,0,1,0,0,0,0,1,0,0,1,0,0,0
0.00268244,1,0,1,1,1,0,0,1,0,1,0,0,1,0,0,0
0.00268245,1,1,1,1,1,1,1,1,0,1,0,0,1,0,0,0
0.00268248,1,0,1,1,1,0,0,1,0,1,0,0,1,0,0,0
0.00268249,1,0,0,0,1,0,0,0,0,1,0,0,1,0,0,0
0.00268252,1,0,1,1,1,0,0,0,0,1,0,0,1,0,0,0
0.00268253,1,0,1,1,1,1,0,1,0,1,0,0,1,0,0,0
0.00268255,1,0,1,1,1,0,0,0,0,1,0,0,1,0,0,0
0.00268256,1,0,1,0,1,0,0,0,0,1,0,0,1,0,0,0
0.0026826,1,0,1,1,1,0,0,0,0,1,0,0,1,0,0,0
0.00268263,1,0,1,0,1,0,0,0,0,1,0,0,1,0,0,0
0.00268277,1,0,1,1,1,0,0,0,0,0,0,0,1,0,0,0
0.00268278,1,0,1,0,1,0,0,0,1,0,0,0,1,0,0,0
0.00268279,1,0,0,0,1,0,0,0,1,0,0,0,1,0,0,0
0.00268282,1,0,1,0,1,0,0,0,1,0,0,0,1,0,0,0
0.00268283,1,0,1,1,1,0,0,0,1,0,0,0,1,0,0,0
0.00268284,1,0,1,0,1,0,0,0,1,0,0,0,0,0,0,0
0.00268285,1,0,1,0,1,0,0,0,0,0,0,0,0,0,0,0
0.00268286,1,0,0,0,1,0,0,0,1,0,0,0,1,0,0,0
0.0026829,1,0,1,0,1,0,0,0,1,0,0,0,1,0,0,0
0.00268293,1,0,0,0,1,0,0,0,1,0,0,0,1,0,0,0
0.0026833,1,0,1,1,1,0,0,0,1,0,0,0,1,0,0,0
0.00268331,1,1,1,1,1,0,0,1,1,0,0,0,1,0,0,0
0.00268332,1,1,1,1,1,1,1,1,1,0,0,0,1,0,0,0
0.00268337,0,0,1,1,1,0,0,1,1,0,0,0,1,0,0,0
0.00268341,1,1,1,1,1,1,1,1,1,0,0,0,1,0,0,0
0.00268343,0,0,1,1,1,1,0,1,1,0,0,0,1,0,0,0
0.00268344,0,0,1,1,1,0,0,1,1,0,0,0,1,0,0,0
0.00268428,0,1,1,1,1,0,0,1,1,0,0,0,1,0,0,0
0.0026843,0,0,1,1,1,1,0,1,1,0,0,0,1,0,0,0
0.00268431,1,1,1,1,1,1,1,1,1,0,0,0,1,0,0,0
0.00268435,1,1,1,0,1,1,1,0,1,0,0,0,1,0,0,0
0.00268436,0,1,0,0,1,0,0,0,1,0,0,0,1,0,0,0
0.00268439,1,1,1,0,1,1,0,0,1,0,0,0,1,0,0,0
0.0026844,1,1,1,1,1,1,0,0,1,0,0,0,1,0,0,0
0.00268441,1,1,1,1,1,1,1,1,1,0,0,0,1,0,0,0
0.00268443,1,1,1,1,1,1,0,0,1,0,0,0,1,0,0,0
0.00268444,1,1,1,0,1,0,0,0,1,0,0,0,1,0,0,0
0.00268445,0,1,0,0,1,0,0,0,1,0,0,0,1,0,0,0
0.00268447,1,1,1,0,1,0,0,0,1,0,0,0,1,0,0,0
0.00268448,1,1,1,1,1,1,0,0,1,0,0,0,1,0,0,0
0.00268452,1,1,1,0,1,0,0,0,1,0,0,0,1,0,0,0
0.00268453,0,1,1,0,1,0,0,0,1,0,0,0,1,0,0,0
0.00268455,1,1,1,0,1,0,0,0,1,0,0,0,1,0,0,0
0.00268456,1,1,1,1,1,0,0,0,1,0,0,0,1,0,0,0
0.00268457,1,1,1,1,1,1,0,0,1,0,0,0,1,0,0,0
0.00268458,1,1,1,0,1,0,0,0,1,0,0,0,1,0,0,0
0.00268468,0,1,1,0,1,0,0,0,1,0,0,0,1,0,0,0
0.0026847,1,1,1,0,1,0,0,0,1,0,0,0,1,0,0,0
0.00268472,1,1,1,1,1,0,0,0,0,0,0,0,1,0,0,0
0.00268473,1,1,1,0,1,0,0,0,0,1,0,0,1,0,0,0
0.00268474,0,1,1,0,1,0,0,0,0,1,0,0,1,0,0,0
0.00268478,1,1,1,1,1,0,0,0,0,1,0,0,1,0,0,0
0.0026848,0,1,1,0,1,0,0,0,0,1,0,0,1,0,0,0
0.00268486,1,1,1,0,1,0,0,0,0,1,0,0,1,0,0,0
0.00268487,0,1,1,0,1,0,0,0,0,1,0,0,1,0,0,0
0.00268493,1,1,1,0,1,0,0,0,0,1,0,0,1,0,0,0
0.00268494,0,1,1,0,1,0,0,0,0,1,0,0,1,0,0,0
0.00268522,0,1,0,0,1,0,0,0,0,1,0,0,1,0,0,0
0.00268523,0,1,1,0,1,0,0,0,0,1,0,0,1,0,0,0
0.00268526,1,1,1,1,1,0,0,0,0,1,0,0,1,0,0,0
0.00268527,1,1,1,1,1,1,0,1,0,1,0,0,1,0,0,0
0.00268528,1,1,1,1,1,1,1,1,0,1,0,0,1,0,0,0
0.00268532,1,1,1,0,0,1,0,1,0,1,0,0,1,0,0,0
0.00268533,1,1,1,0,0,0,0,1,0,1,0,0,1,0,0,0
0.00268536,1,1,1,1,0,1,0,1,0,1,0,0,1,0,0,0
0.00268537,1,1,1,1,0,1,1,1,0,1,0,0,1,0,0,0
0.00268539,1,1,1,0,0,0,0,1,0,1,0,0,1,0,0,0
0.00268544,1,1,1,1,0,1,0,1,0,1,0,0,1,0,0,0
0.00268546,1,1,1,0,0,0,0,1,0,1,0,0,1,0,0,0
0.00268624,1,1,1,1,1,0,0,1,0,1,0,0,1,0,0,0
0.00268626,1,1,1,1,1,1,1,1,0,1,0,0,1,0,0,0
0.00268631,1,0,0,0,0,0,1,0,0,1,0,0,1,0,0,0
0.00268635,1,0,1,1,0,1,1,1,0,1,0,0,1,0,0,0
0.00268636,1,1,1,1,0,1,1,1,0,1,0,0,1,0,0,0
0.00268638,1,0,1,1,0,1,1,1,0,1,0,0,1,0,0,0
0.00268639,1,0,0,0,0,0,1,0,0,1,0,0,1,0,0,0
0.00268643,1,0,1,1,0,1,1,0,0,1,0,0,1,0,0,0
0.00268647,1,0,0,0,0,0,1,0,0,1,0,0,1,0,0,0
0.0026865,1,0,0,1,0,0,1,0,0,1,0,0,1,0,0,0
0.00268651,1,0,1,1,0,0,1,0,0,1,0,0,1,0,0,0
0.00268652,1,0,1,1,0,1,1,0,0,1,0,0,1,0,0,0
0.00268653,1,0,1,1,0,0,1,0,0,1,0,0,1,0,0,0
0.00268654,1,0,0,0,0,0,1,0,0,1,0,0,1,0,0,0
0.0026866,1,0,1,0,0,0,1,0,0,1,0,0,1,0,0,0
0.00268662,1,0,0,0,0,0,1,0,0,1,0,0,1,0,0,0
0.00268666,1,0,1,0,0,0,1,0,0,1,0,0,1,0,0,0
0.00268668,1,0,1,1,0,1,1,0,0,0,0,0,0,0,0,0
0.00268669,1,0,0,0,0,0,1,0,1,0,0,0,0,0,0,1
0.00268673,1,0,1,1,0,0,1,0,1,0,0,0,0,0,0,1
0.00268674,1,0,1,1,0,1,1,0,1,0,0,0,0,0,0,1
0.00268675,1,0,1,0,0,0,1,0,0,0,0,0,0,0,0,0
0.00268676,1,0,0,0,0,0,1,0,1,0,0,0,0,0,0,1
0.00268681,1,0,1,1,0,0,1,0,1,0,0,0,0,0,0,1
0.00268683,1,0,1,0,0,0,1,0,1,0,0,0,0,0,0,1
0.00268684,1,0,0,0,0,0,1,0,1,0,0,0,0,0,0,1
0.00268688,1,0,1,0,0,0,1,0,1,0,0,0,0,0,0,1
0.00268689,1,0,0,0,0,0,1,0,1,0,0,0,0,0,0,1
0.00268721,1,1,1,0,0,0,1,1,1,0,0,0,0,0,0,1
0.00268723,1,1,1,1,1,1,1,1,1,0,0,0,0,0,0,1
0.00268724,1,1,1,1,1,1,0,1,1,0,0,0,0,0,0,1
0.00268725,1,1,1,1,0,0,0,1,1,0,0,0,0,0,0,1
0.00268726,1,1,1,0,0,0,0,1,1,0,0,0,0,0,0,1
0.00268729,1,1,1,1,0,1,0,1,1,0,0,0,0,0,0,1
0.00268732,1,1,1,0,0,0,0,1,1,0,0,0,0,0,0,1
0.00268821,1,1,1,1,1,0,0,1,1,0,0,0,0,0,0,1
0.00268822,1,1,1,1,1,0,1,1,1,0,0,0,0,0,0,1
0.00268823,1,1,1,1,1,1,1,1,1,0,0,0,0,0,0,1
0.00268825,1,0,1,1,1,1,0,1,1,0,0,0,0,0,0,1
0.00268826,1,1,1,1,1,0,0,1,1,0,0,0,0,0,0,1
0.00268827,1,1,1,1,1,0,1,1,1,0,0,0,0,0,0,1
0.00268828,0,1,1,1,1,1,1,1,1,0,0,0,0,0,0,1
0.00268832,0,1,0,0,1,1,1,1,1,0,0,0,0,0,0,1
0.00268833,0,1,0,0,1,0,1,1,1,0,0,0,0,0,0,1
0.00268836,0,1,0,1,1,1,1,1,1,0,0,0,0,0,0,1
0.00268837,0,1,1,1,1,1,1,1,1,0,0,0,0,0,0,1
0.00268838,0,1,0,0,1,1,1,1,1,0,0,0,0,0,0,1
0.00268863,0,1,0,0,1,1,1,1,0,0,0,0,1,0,1,0
0.00268864,0,1,0,0,1,1,1,1,0,1,0,0,1,0,1,1
0.00268918,0,1,1,1,1,0,1,1,0,1,0,0,1,0,1,1
0.00268919,1,1,1,1,1,1,1,1,0,1,0,0,1,0,1,1
0.00268924,1,1,1,0,0,0,0,1,0,1,0,0,1,0,1,1
0.00268928,1,1,1,0,0,1,0,1,0,1,0,0,1,0,1,1
0.00268929,1,1,1,1,0,1,0,1,0,1,0,0,1,0,1,1
0.00268931,1,1,1,0,0,1,0,1,0,1,0,0,1,0,1,1
0.00268932,1,1,1,0,0,0,0,1,0,1,0,0,1,0,1,1
0.00268936,1,1,1,0,0,1,0,1,0,1,0,0,1,0,1,1
0.00268939,1,1,1,0,0,0,0,1,0,1,0,0,1,0,1,1
0.00269014,1,1,1,0,0,1,0,1,0,1,0,0,1,0,1,1
0.00269015,1,1,1,1,0,1,0,1,0,1,0,0,1,0,1,1
0.00269016,1,1,1,1,1,1,1,1,0,1,0,0,1,0,1,1
0.00269112,0,0,0,0,0,0,0,0,0,1,0,0,1,0,1,1
0.00269208,0,0,1,0,0,0,0,0,0,1,0,0,1,0,1,1
0.00269209,0,0,0,0,0,0,0,0,0,1,0,0,1,0,1,1
0.00269212,1,1,1,1,1,1,1,1,0,1,0,0,1,0,1,1
0.00269215,1,0,0,1,1,0,0,1,0,1,0,0,1,0,1,1
0.00269216,0,0,0,1,1,0,0,1,0,1,0,0,1,0,1,1
0.00269217,0,1,0,1,1,1,0,1,0,1,0,0,1,0,1,1
0.00269218,1,1,0,0,1,1,1,1,0,1,0,0,1,0,1,1
0.00269219,1,1,1,0,1,1,1,1,0,1,0,0,1,0,1,1
0.0026922,0,1,1,0,1,1,0,1,0,1,0,0,1,0,1,1
0.00269222,1,1,1,1,1,1,0,0,0,1,0,0,1,0,1,1
0.00269223,0,1,0,0,1,1,0,0,0,1,0,0,1,0,1,1
0.00269227,1,1,1,0,1,1,0,0,0,1,0,0,1,0,1,1
0.00269228,0,1,1,0,1,1,0,0,0,1,0,0,1,0,1,1
0.00269229,0,1,0,0,1,1,0,0,0,1,0,0,1,0,1,1
0.00269254,0,1,0,0,1,1,0,0,0,1,0,0,1,0,0,0
0.00269255,0,1,0,0,1,1,0,0,0,1,0,0,1,1,0,0
0.00269306,0,1,1,1,1,1,0,0,0,1,0,0,1,1,0,0
0.00269307,1,1,1,1,1,1,0,0,0,1,0,0,1,1,0,0
0.00269308,1,1,1,1,1,1,1,1,0,1,0,0,1,1,0,0
0.00269314,0,0,1,1,1,1,1,1,0,1,0,0,1,1,0,0
0.00269318,1,0,1,1,1,1,1,1,0,1,0,0,1,1,0,0
0.0026932,0,0,1,1,1,1,1,1,0,1,0,0,1,1,0,0
0.00269404,0,1,1,1,1,1,1,1,0,1,0,0,1,1,0,0
0.00269405,1,1,1,1,1,1,1,1,0,1,0,0,1,1,0,0
0.00269411,0,1,0,1,0,0,0,0,0,1,0,0,1,1,0,0
0.00269415,0,1,1,1,0,0,0,0,0,1,0,0,1,1,0,0
0.00269416,1,1,1,1,0,1,0,0,0,1,0,0,1,1,0,0
0.00269417,0,1,1,1,0,0,0,0,0,1,0,0,1,1,0,0
0.00269418,0,1,0,1,0,0,0,0,0,1,0,0,1,1,0,0
0.00269503,0,1,1,1,0,1,0,1,0,1,0,0,1,1,0,0
0.00269504,1,1,1,1,1,1,1,1,0,1,0,0,1,1,0,0
0.00269605,0,0,0,1,1,0,0,1,0,1,0,0,1,1,0,0
0.00269607,0,0,1,1,1,0,0,1,0,1,0,0,1,1,0,0
0.00269608,1,1,1,1,1,1,0,1,0,1,0,0,1,1,0,0
0.00269609,1,1,1,0,1,1,1,0,0,1,0,0,1,1,0,0
0.0026961,0,0,1,0,1,0,0,0,0,1,0,0,1,1,0,0
0.00269615,0,0,1,0,1,1,0,0,0,1,0,0,1,1,0,0
0.00269617,0,0,1,0,1,0,0,0,0,1,0,0,1,1,0,0
0.00269644,0,0,1,0,1,0,0,0,0,0,0,0,1,0,0,0
0.00269645,0,0,1,0,1,0,0,0,0,0,1,0,1,0,0,0
0.00269653,0,1,1,1,1,0,0,0,0,0,1,0,1,0,0,0
0.00269654,0,1,1,1,1,0,0,0,0,1,1,1,1,0,0,0
0.00269655,1,1,1,1,1,1,1,1,0,1,1,1,1,0,0,0
0.00269656,1,0,1,0,1,1,1,1,0,0,1,0,1,0,0,0
0.00269657,0,0,1,0,1,0,0,0,0,0,1,0,1,0,0,0
0.00269661,0,0,1,0,1,1,0,0,0,0,1,0,1,0,0,0
0.00269663,0,0,1,0,1,0,0,0,0,0,1,0,1,0,0,0
0.00269697,1,0,1,0,1,0,0,0,0,0,1,0,1,0,0,0
0.00269698,0,0,1,0,1,0,0,0,0,0,1,0,1,0,0,0
0.00269699,1,1,1,0,1,1,1,1,0,0,1,0,1,0,0,0
0.002697,1,1,1,1,1,1,1,1,0,0,1,0,1,0,0,0
0.00269802,0,0,0,0,0,1,1,0,0,0,1,0,1,0,0,0
0.00269803,0,0,0,0,0,0,1,0,0,0,1,0,1,0,0,0
0.00269807,1,1,1,0,0,1,1,0,0,0,1,0,1,0,0,0
0.00269808,1,1,1,1,0,1,1,1,0,0,1,0,1,0,0,0
0.0026981,1,1,1,0,0,1,1,0,0,0,1,0,1,0,0,0
0.00269811,0,0,0,0,0,0,1,0,0,0,1,0,1,0,0,0
0.00269816,0,0,0,0,0,1,1,0,0,0,1,0,1,0,0,0
0.00269817,0,0,0,0,0,0,1,0,0,0,1,0,1,0,0,0
0.00269892,1,1,0,0,0,0,1,0,0,0,1,0,1,0,0,0
0.00269893,1,1,1,0,0,0,1,0,0,0,1,0,1,0,0,0
0.00269895,1,1,1,1,1,1,1,1,0,0,1,0,1,0,0,0
0.00269899,1,1,0,0,1,0,0,0,0,0,1,0,1,0,0,0
0.00269903,1,1,1,1,1,1,0,1,0,0,1,0,1,0,0,0
0.00269904,1,1,1,1,1,1,1,1,0,0,1,0,1,0,0,0
0.00269905,1,1,1,1,1,1,0,1,0,0,1,0,1,0,0,0
0.00269906,1,1,0,0,1,0,0,0,0,0,1,0,1,0,0,0
0.0026991,1,1,0,0,1,1,0,0,0,0,1,0,1,0,0,0
0.00269911,1,1,1,0,1,1,0,0,0,0,1,0,1,0,0,0
0.00269913,1,1,0,0,1,0,0,0,0,0,1,0,1,0,0,0
0.00269937,1,1,0,0,1,0,0,0,0,0,0,0,1,0,0,0
0.00269938,1,1,0,0,1,0,0,0,1,1,0,0,1,0,0,0
0.00269944,1,1,0,0,1,0,0,0,0,0,0,0,0,0,0,0
0.00269945,1,1,0,0,1,0,0,0,1,1,0,0,1,0,0,0
0.00269989,1,1,1,0,1,0,0,0,1,1,0,0,1,0,0,0
0.0026999,1,1,1,1,1,0,0,0,1,1,0,0,1,0,0,0
0.00269991,1,1,1,1,1,1,0,0,1,1,0,0,1,0,0,0
0.00269992,1,1,1,1,1,1,1,1,1,1,0,0,1,0,0,0
0.00269993,1,1,1,0,1,1,1,1,1,1,0,0,1,0,0,0
0.00269994,1,1,1,1,1,1,1,1,1,1,0,0,1,0,0,0
0.00269998,1,0,0,0,1,1,0,1,1,1,0,0,1,0,0,0
0.00270002,1,1,1,1,1,1,1,1,1,1,0,0,1,0,0,0
0.00270004,1,0,0,0,1,1,0,1,1,1,0,0,1,0,0,0
0.00270009,1,0,1,0,1,1,0,1,1,1,0,0,1,0,0,0
0.00270011,1,0,0,0,1,1,0,1,1,1,0,0,1,0,0,0
0.00270088,1,1,1,1,1,1,0,1,1,1,0,0,1,0,0,0
0.0027009,1,1,1,1,1,1,1,1,1,1,0,0,1,0,0,0
0.00270095,0,1,0,0,1,0,0,0,1,1,0,0,1,0,0,0
0.00270099,1,1,1,1,1,1,0,0,1,1,0,0,1,0,0,0
0.002701,1,1,1,1,1,1,1,1,1,1,0,0,1,0,0,0
0.00270102,1,1,1,1,1,0,0,0,1,1,0,0,1,0,0,0
0.00270103,0,1,1,0,1,0,0,0,1,1,0,0,1,0,0,0
0.00270104,0,1,0,0,1,0,0,0,1,1,0,0,1,0,0,0
0.00270107,0,1,1,1,1,0,0,0,1,1,0,0,1,0,0,0
0.0027011,0,1,1,0,1,0,0,0,1,1,0,0,1,0,0,0
0.00270112,0,1,0,0,1,0,0,0,1,1,0,0,1,0,0,0
0.00270114,0,1,1,0,1,0,0,0,1,1,0,0,1,0,0,0
0.00270119,0,1,0,0,1,0,0,0,1,1,0,0,1,0,0,0
0.00270125,0,1,1,0,1,0,0,0,1,1,0,0,1,0,0,0
0.00270126,0,1,0,0,1,0,0,0,1,1,0,0,1,0,0,0
0.00270132,0,1,1,0,1,0,0,0,0,1,0,0,1,0,0,0
0.00270134,0,1,0,0,1,0,0,0,0,1,0,0,1,0,0,0
0.00270138,0,1,1,0,1,0,0,0,0,1,0,0,1,0,0,0
0.0027014,0,1,0,0,1,0,0,0,0,0,0,0,0,0,0,0
0.00270141,0,1,0,0,1,0,0,0,0,1,0,0,1,0,0,0
0.00270146,0,1,1,0,1,0,0,0,0,1,0,0,1,0,0,0
0.00270147,0,1,0,0,1,0,0,0,0,1,0,0,1,0,0,0
0.00270185,1,1,1,1,1,0,0,0,0,1,0,0,1,0,0,0
0.00270187,1,1,1,1,1,1,1,1,0,1,0,0,1,0,0,0
0.00270193,1,1,0,0,1,1,0,0,0,1,0,0,1,0,0,0
0.00270197,1,1,1,1,1,1,1,1,0,1,0,0,1,0,0,0
0.00270199,1,1,1,1,1,1,0,0,0,1,0,0,1,0,0,0
0.002702,1,1,0,0,1,1,0,0,0,1,0,0,1,0,0,0
0.00270205,1,1,1,0,1,1,0,0,0,1,0,0,1,0,0,0
0.00270206,1,1,0,0,1,1,0,0,0,1,0,0,1,0,0,0
0.00270284,1,1,0,0,1,1,0,1,0,1,0,0,1,0,0,0
0.00270285,1,1,1,1,1,1,1,1,0,1,0,0,1,0,0,0
0.00270289,1,0,1,1,1,0,1,1,0,1,0,0,1,0,0,0
0.0027029,1,0,0,0,1,0,0,0,0,1,0,0,1,0,0,0
0.00270293,1,0,1,1,1,0,0,0,0,1,0,0,1,0,0,0
0.00270294,1,1,1,1,1,1,1,1,0,1,0,0,1,0,0,0
0.00270297,1,0,1,1,1,0,0,0,0,1,0,0,1,0,0,0
0.00270298,1,0,0,0,1,0,0,0,0,1,0,0,1,0,0,0
0.00270301,1,0,1,1,1,0,0,0,0,1,0,0,1,0,0,0
0.00270305,1,0,0,0,1,0,0,0,0,1,0,0,1,0,0,0
0.0027031,1,0,1,0,1,0,0,0,0,1,0,0,1,0,0,0
0.00270312,1,0,0,0,1,0,0,0,0,1,0,0,1,0,0,0
0.00270327,1,0,0,0,1,0,0,0,0,0,0,0,1,0,0,0
0.00270329,1,0,0,0,1,0,0,0,1,0,0,0,1,0,0,0
0.00270335,1,0,0,0,1,0,0,0,0,0,0,0,0,0,0,0
0.00270336,1,0,0,0,1,0,0,0,1,0,0,0,1,0,0,0
0.00270383,1,1,1,1,1,1,1,1,1,0,0,0,1,0,0,0
0.00270388,0,0,1,1,1,0,0,1,1,0,0,0,1,0,0,0
0.00270392,1,1,1,1,1,1,1,1,1,0,0,0,1,0,0,0
0.00270394,0,1,1,1,1,1,0,1,1,0,0,0,1,0,0,0
0.00270395,0,0,1,1,1,0,0,1,1,0,0,0,1,0,0,0
0.002704,0,0,1,1,1,1,0,1,1,0,0,0,1,0,0,0
0.00270401,0,0,1,1,1,0,0,1,1,0,0,0,1,0,0,0
0.00270478,1,1,1,1,1,0,0,1,1,0,0,0,1,0,0,0
0.0027048,1,1,1,1,1,1,1,1,1,0,0,0,1,0,0,0
0.00270485,1,1,0,0,1,1,1,0,1,0,0,0,1,0,0,0
0.00270486,1,1,0,0,1,0,0,0,1,0,0,0,1,0,0,0
0.00270489,1,1,1,1,1,1,0,0,1,0,0,0,1,0,0,0
0.0027049,1,1,1,1,1,1,1,1,1,0,0,0,1,0,0,0
0.00270492,1,1,0,0,1,1,0,0,1,0,0,0,1,0,0,0
0.00270493,1,1,0,0,1,0,0,0,1,0,0,0,1,0,0,0
0.00270498,1,1,1,0,1,0,0,0,1,0,0,0,1,0,0,0
0.00270499,1,1,0,0,1,0,0,0,1,0,0,0,1,0,0,0
0.00270523,1,1,0,0,1,0,0,0,1,1,0,0,1,0,0,0
0.00270531,1,1,0,0,1,0,0,0,0,1,0,0,0,0,0,0
0.00270532,1,1,0,0,1,0,0,0,1,1,0,0,1,0,0,0
0.00270577,1,1,1,0,1,0,0,0,1,1,0,0,1,0,0,0
0.00270578,1,1,1,1,1,1,1,1,1,1,0,0,1,0,0,0
0.00270583,1,1,1,0,0,0,0,1,1,1,0,0,1,0,0,0
0.00270587,1,1,1,1,0,1,0,1,1,1,0,0,1,0,0,0
0.00270588,1,1,1,1,0,1,1,1,1,1,0,0,1,0,0,0
0.0027059,1,1,1,0,0,0,0,1,1,1,0,0,1,0,0,0
0.00270676,1,1,1,1,0,0,1,1,1,1,0,0,1,0,0,0
0.00270678,1,1,1,1,0,1,1,1,1,1,0,0,1,0,0,0
0.00270679,1,1,1,1,1,1,1,1,1,1,0,0,1,0,0,0
0.0027068,0,1,0,1,0,1,1,0,1,1,0,0,1,0,0,0
0.00270681,0,1,0,0,0,0,1,0,1,1,0,0,1,0,0,0
0.00270685,0,1,1,1,0,1,1,0,1,1,0,0,1,0,0,0
0.00270686,0,1,1,1,0,1,1,1,1,1,0,0,1,0,0,0
0.00270687,0,1,0,1,0,1,1,0,1,1,0,0,1,0,0,0
0.00270688,0,1,0,0,0,0,1,0,1,1,0,0,1,0,0,0
0.00270718,0,1,0,0,0,0,1,0,0,1,0,0,0,0,0,0
0.00270719,0,1,0,0,0,0,1,0,0,1,0,0,0,0,0,1
0.00270725,0,1,0,0,0,0,1,0,0,0,0,0,0,0,0,1
0.00270726,0,1,0,0,0,0,1,0,0,1,0,0,0,0,0,0
0.00270727,0,1,0,0,0,0,1,0,0,1,0,0,0,0,0,1
0.00270771,1,1,1,0,0,0,1,0,0,1,0,0,0,0,0,1
0.00270772,1,1,1,0,0,0,1,1,0,1,0,0,0,0,0,1
0.00270773,1,1,1,1,0,1,1,1,0,1,0,0,0,0,0,1
0.00270774,1,1,1,1,1,1,0,1,0,1,0,0,0,0,0,1
0.00270775,1,1,1,0,0,0,0,1,0,1,0,0,0,0,0,1
0.00270872,1,1,1,1,1,1,1,1,0,1,0,0,0,0,0,1
0.00270875,1,0,1,1,1,1,1,1,0,1,0,0,0,0,0,1
0.00270876,0,0,1,1,1,0,0,1,0,1,0,0,0,0,0,1
0.00270877,1,0,1,1,1,0,0,1,0,1,0,0,0,0,0,1
0.00270878,1,1,1,1,1,1,1,1,0,1,0,0,0,0,0,1
0.00270881,0,1,0,0,1,0,1,1,0,1,0,0,0,0,0,1
0.00270886,1,1,1,1,1,1,1,1,0,1,0,0,0,0,0,1
0.00270887,0,1,0,0,1,0,1,1,0,1,0,0,0,0,0,1
0.00270913,0,1,0,0,1,0,1,1,0,1,0,0,0,0,0,0
0.00270914,0,1,0,0,1,0,1,1,0,1,0,0,1,0,1,1
0.00270966,0,1,1,0,1,0,1,1,0,1,0,0,1,0,1,1
0.00270967,1,1,1,0,1,0,1,1,0,1,0,0,1,0,1,1
0.00270968,0,1,1,1,1,0,1,1,0,1,0,0,1,0,1,1
0.00270969,1,1,1,1,1,1,1,1,0,1,0,0,1,0,1,1
0.00270973,1,1,1,1,0,1,0,1,0,1,0,0,1,0,1,1
0.00270974,1,1,1,0,0,0,0,1,0,1,0,0,1,0,1,1
0.00270978,1,1,1,1,0,1,0,1,0,1,0,0,1,0,1,1
0.0027098,1,1,1,0,0,0,0,1,0,1,0,0,1,0,1,1
0.00271065,1,1,1,1,0,1,0,1,0,1,0,0,1,0,1,1
0.00271066,1,1,1,1,1,1,1,1,0,1,0,0,1,0,1,1
0.00271162,1,0,0,0,0,0,0,0,0,1,0,0,1,0,1,1
0.00271163,0,0,0,0,0,0,0,0,0,1,0,0,1,0,1,1
0.00271259,0,0,1,0,0,0,0,0,0,1,0,0,1,0,1,1
0.0027126,0,0,0,0,0,0,0,0,0,1,0,0,1,0,1,1
0.00271262,1,1,1,1,1,1,1,1,0,1,0,0,1,0,1,1
0.00271265,1,1,1,1,1,0,1,1,0,1,0,0,1,0,1,1
0.00271266,1,1,0,1,1,0,0,1,0,1,0,0,1,0,1,1
0.00271267,1,1,1,1,1,0,1,1,0,1,0,0,1,0,1,1
0.00271268,1,1,1,1,1,1,1,1,0,1,0,0,1,0,1,1
0.0027127,1,1,1,1,1,1,0,1,0,1,0,0,1,0,1,1
0.00271273,1,1,1,0,1,1,1,1,0,1,0,0,1,0,1,1
0.00271274,0,1,0,0,1,1,0,0,0,1,0,0,1,0,1,1
0.00271278,1,1,1,0,1,1,0,0,0,1,0,0,1,0,1,1
0.00271279,1,1,1,0,1,1,1,0,0,1,0,0,1,0,1,1
0.0027128,0,1,0,0,1,1,0,0,0,1,0,0,1,0,1,1
0.00271304,0,1,0,0,1,1,0,0,0,1,0,0,1,0,0,0
0.00271305,0,1,0,0,1,1,0,0,0,1,0,0,1,1,0,0
0.00271357,1,1,0,0,1,1,0,0,0,1,0,0,1,1,0,0
0.00271358,1,1,1,0,1,1,0,0,0,1,0,0,1,1,0,0
0.00271359,1,1,1,1,1,1,1,1,0,1,0,0,1,1,0,0
0.00271462,0,1,0,1,0,0,0,0,0,1,0,0,1,1,0,0
0.00271466,1,1,1,1,0,0,0,0,0,1,0,0,1,1,0,0
0.00271467,1,1,1,1,0,1,0,0,0,1,0,0,1,1,0,0
0.00271468,1,1,1,1,0,1,0,1,0,1,0,0,1,1,0,0
0.00271469,1,1,1,1,0,0,0,0,0,1,0,0,1,1,0,0
0.0027147,0,1,0,1,0,0,0,0,0,1,0,0,1,1,0,0
0.00271475,0,1,1,1,0,0,0,0,0,1,0,0,1,1,0,0
0.00271477,0,1,0,1,0,0,0,0,0,1,0,0,1,1,0,0
0.00271553,1,1,1,1,0,1,0,1,0,1,0,0,1,1,0,0
0.00271554,1,1,1,1,1,1,1,1,0,1,0,0,1,1,0,0
0.00271655,0,0,0,1,1,0,0,1,0,1,0,0,1,1,0,0
0.00271657,0,0,1,1,1,0,0,1,0,1,0,0,1,1,0,0
0.00271658,0,0,1,1,1,1,1,1,0,1,0,0,1,1,0,0
0.00271659,1,1,1,1,1,1,1,1,0,1,0,0,1,1,0,0
0.0027166,1,1,1,1,1,1,0,0,0,1,0,0,1,1,0,0
0.00271661,0,0,1,1,1,0,0,0,0,1,0,0,1,1,0,0
0.00271663,0,0,1,0,1,0,0,0,0,1,0,0,1,1,0,0
0.00271694,0,0,1,0,1,0,0,0,0,0,0,0,1,0,0,0
0.00271696,0,0,1,0,1,0,0,0,0,0,1,0,1,0,0,0
0.00271702,0,0,1,0,1,0,0,0,0,0,0,0,0,0,0,0
0.00271703,0,1,1,1,1,0,0,0,0,0,1,0,1,0,0,0
0.00271704,0,1,1,1,1,0,0,0,0,1,1,1,1,0,0,0
0.00271705,1,1,1,1,1,1,0,0,0,1,1,1,1,0,0,0
0.00271706,1,0,1,0,1,1,1,1,0,0,1,0,1,0,0,0
0.00271707,0,0,1,0,1,0,0,0,0,0,1,0,1,0,0,0
0.00271711,0,0,1,0,1,1,0,0,0,0,1,0,1,0,0,0
0.00271712,1,0,1,0,1,1,0,0,0,0,1,0,1,0,0,0
0.00271713,1,0,1,0,1,0,0,0,0,0,1,0,1,0,0,0
0.00271714,0,0,1,0,1,0,0,0,0,0,1,0,1,0,0,0
0.0027175,1,1,1,1,1,1,1,1,0,0,1,0,1,0,0,0
0.00271852,0,0,0,0,0,0,1,0,0,0,1,0,1,0,0,0
0.00271856,1,1,0,0,0,1,1,0,0,0,1,0,1,0,0,0
0.00271857,1,1,1,1,0,1,1,1,0,0,1,0,1,0,0,0
0.00271859,1,1,1,0,0,1,1,1,0,0,1,0,1,0,0,0
0.0027186,0,0,0,0,0,1,1,0,0,0,1,0,1,0,0,0
0.00271861,0,0,0,0,0,0,1,0,0,0,1,0,1,0,0,0
0.00271865,0,0,0,0,0,1,1,0,0,0,1,0,1,0,0,0
0.00271868,0,0,0,0,0,0,1,0,0,0,1,0,1,0,0,0
0.00271942,0,0,1,1,0,0,1,0,0,0,1,0,1,0,0,0
0.00271943,0,0,1,1,1,0,1,0,0,0,1,0,1,0,0,0
0.00271944,0,0,1,1,1,0,1,1,0,0,1,0,1,0,0,0
0.00271945,1,1,1,1,1,1,1,1,0,0,1,0,1,0,0,0
0.0027195,1,1,1,0,1,0,0,1,0,0,1,0,1,0,0,0
0.00271951,1,1,0,0,1,0,0,0,0,0,1,0,1,0,0,0
0.00271954,1,1,1,0,1,1,0,1,0,0,1,0,1,0,0,0
0.00271955,1,1,1,1,1,1,0,1,0,0,1,0,1,0,0,0
0.00271958,1,1,0,0,1,0,0,0,0,0,1,0,1,0,0,0
0.00271962,1,1,1,0,1,1,0,0,0,0,1,0,1,0,0,0
0.00271964,1,1,1,0,1,0,0,0,0,0,1,0,1,0,0,0
0.00271965,1,1,0,0,1,0,0,0,0,0,1,0,1,0,0,0
0.00271987,1,1,0,0,1,0,0,0,0,0,0,0,1,0,0,0
0.00271988,1,1,0,0,1,0,0,0,1,1,0,0,1,0,0,0
0.00271994,1,1,0,0,1,0,0,0,1,1,0,0,0,0,0,0
0.00271995,1,1,0,0,1,0,0,0,0,1,0,0,1,0,0,0
0.00271996,1,1,0,0,1,0,0,0,1,1,0,0,1,0,0,0
0.00272043,1,1,1,1,1,1,1,1,1,1,0,0,1,0,0,0
0.00272047,1,0,0,0,1,1,1,1,1,1,0,0,1,0,0,0
0.00272048,1,0,0,0,1,1,0,1,1,1,0,0,1,0,0,0
0.00272051,1,0,1,0,1,1,0,1,1,1,0,0,1,0,0,0
0.00272052,1,1,1,1,1,1,0,1,1,1,0,0,1,0,0,0
0.00272053,1,0,1,1,1,1,0,1,1,1,0,0,1,0,0,0
0.00272054,1,0,0,0,1,1,0,1,1,1,0,0,1,0,0,0
0.00272138,1,1,1,1,1,1,0,1,1,1,0,0,1,0,0,0
0.0027214,1,1,1,1,1,1,1,1,1,1,0,0,1,0,0,0
0.00272146,0,1,0,0,1,0,0,0,1,1,0,0,1,0,0,0
0.0027215,0,1,1,1,1,1,0,1,1,1,0,0,1,0,0,0
0.00272151,1,1,1,1,1,1,1,1,1,1,0,0,1,0,0,0
0.00272153,1,1,1,1,1,0,0,0,1,1,0,0,1,0,0,0
0.00272154,0,1,0,0,1,0,0,0,1,1,0,0,1,0,0,0
0.00272158,0,1,1,1,1,0,0,0,1,1,0,0,1,0,0,0
0.00272161,0,1,1,0,1,0,0,0,1,1,0,0,1,0,0,0
0.00272162,0,1,0,0,1,0,0,0,1,1,0,0,1,0,0,0
0.00272166,0,1,1,0,1,0,0,0,1,1,0,0,1,0,0,0
0.00272169,0,1,0,0,1,0,0,0,1,1,0,0,1,0,0,0
0.00272182,0,1,1,0,1,0,0,0,1,1,0,0,1,0,0,0
0.00272183,0,1,1,0,1,0,0,0,0,1,0,0,1,0,0,0
0.00272184,0,1,0,0,1,0,0,0,0,1,0,0,1,0,0,0
0.0027219,0,1,0,0,1,0,0,0,0,0,0,0,0,0,0,0
0.00272191,0,1,0,0,1,0,0,0,0,1,0,0,1,0,0,0
0.00272235,1,1,0,0,1,0,0,0,0,1,0,0,1,0,0,0
0.00272237,0,1,1,1,1,1,0,1,0,1,0,0,1,0,0,0
0.00272238,1,1,1,1,1,1,1,1,0,1,0,0,1,0,0,0
0.00272242,1,1,0,0,1,1,0,0,0,1,0,0,1,0,0,0
0.00272246,1,1,1,1,1,1,1,1,0,1,0,0,1,0,0,0
0.00272248,1,1,0,0,1,1,0,0,0,1,0,0,1,0,0,0
0.00272334,1,1,0,0,1,1,0,1,0,1,0,0,1,0,0,0
0.00272336,1,1,0,1,1,1,0,1,0,1,0,0,1,0,0,0
0.00272337,1,1,1,1,1,1,0,1,0,1,0,0,1,0,0,0
0.00272338,1,1,1,1,1,1,1,1,0,1,0,0,1,0,0,0
0.0027234,1,0,1,0,1,0,0,0,0,1,0,0,1,0,0,0
0.00272341,1,0,0,0,1,0,0,0,0,1,0,0,1,0,0,0
0.00272345,1,0,1,1,1,1,0,1,0,1,0,0,1,0,0,0
0.00272347,1,0,1,1,1,0,0,0,0,1,0,0,1,0,0,0
0.00272348,1,0,0,0,1,0,0,0,0,1,0,0,1,0,0,0
0.00272378,1,0,0,0,1,0,0,0,0,0,0,0,1,0,0,0
0.00272379,1,0,0,0,1,0,0,0,1,0,0,0,1,0,0,0
0.00272385,1,0,0,0,1,0,0,0,0,0,0,0,0,0,0,0
0.00272386,1,0,0,0,1,0,0,0,1,0,0,0,1,0,0,0
0.00272431,1,0,1,1,1,0,0,0,1,0,0,0,1,0,0,0
0.00272432,1,0,1,1,1,1,0,1,1,0,0,0,1,0,0,0
0.00272433,1,1,1,1,1,0,0,1,1,0,0,0,1,0,0,0
0.00272436,1,1,1,1,1,1,1,1,1,0,0,0,1,0,0,0
0.00272437,1,0,1,1,1,1,1,1,1,0,0,0,1,0,0,0
0.00272438,0,0,1,1,1,0,0,1,1,0,0,0,1,0,0,0
0.00272531,1,1,1,1,1,0,0,1,1,0,0,0,1,0,0,0
0.00272532,1,1,1,1,1,1,1,1,1,0,0,0,1,0,0,0
0.00272536,0,0,1,0,1,0,0,0,1,0,0,0,1,0,0,0
0.0027254,0,0,1,1,1,1,0,0,1,0,0,0,1,0,0,0
0.00272541,1,0,1,1,1,1,0,1,1,0,0,0,1,0,0,0
0.00272542,1,1,1,1,1,1,1,1,1,0,0,0,1,0,0,0
0.00272543,0,0,1,1,1,1,0,0,1,0,0,0,1,0,0,0
0.00272544,0,0,1,1,1,0,0,0,1,0,0,0,1,0,0,0
0.00272545,0,0,1,0,1,0,0,0,1,0,0,0,1,0,0,0
0.00272548,0,0,1,1,1,0,0,0,1,0,0,0,1,0,0,0
0.00272552,0,0,1,0,1,0,0,0,1,0,0,0,1,0,0,0
0.00272556,0,0,1,1,1,0,0,0,1,0,0,0,1,0,0,0
0.00272559,0,0,1,0,1,0,0,0,1,0,0,0,1,0,0,0
0.00272566,0,0,1,1,1,0,0,0,1,0,0,0,1,0,0,0
0.00272568,0,0,1,0,1,0,0,0,1,0,0,0,1,0,0,0
0.00272572,0,0,1,1,1,0,0,0,1,0,0,0,1,0,0,0
0.00272573,0,0,1,1,1,0,0,0,0,0,0,0,1,0,0,0
0.00272574,0,0,1,1,1,0,0,0,0,0,1,0,1,0,0,0
0.00272575,0,0,1,0,1,0,0,0,0,0,1,0,1,0,0,0
0.00272579,0,0,1,1,1,0,0,0,0,0,1,0,1,0,0,0
0.00272581,0,0,1,0,1,0,0,0,0,0,1,0,0,0,0,0
0.00272582,0,0,1,1,1,0,0,1,0,0,1,0,1,0,0,0
0.00272583,0,0,1,0,1,0,0,1,0,0,1,0,1,0,1,0
0.00272584,1,0,1,1,1,1,1,1,0,0,1,0,1,0,1,0
0.00272585,1,1,1,1,1,0,0,0,0,0,1,0,1,0,0,0
0.00272586,0,0,1,0,1,0,0,0,0,0,1,0,1,0,0,0
0.00272589,0,0,1,1,1,0,0,0,0,0,1,0,1,0,0,0
0.00272594,0,0,1,0,1,0,0,0,0,0,1,0,1,0,0,0
0.00272598,0,0,1,1,1,0,0,0,0,0,1,0,1,0,0,0
0.002726,0,0,1,0,1,0,0,0,0,0,1,0,1,0,0,0
0.00272628,0,0,1,1,1,0,0,1,0,0,1,0,1,0,0,0
0.0027263,1,0,1,1,1,1,0,1,0,0,1,0,1,0,0,0
0.00272631,1,1,1,1,1,1,1,1,0,0,1,0,1,0,0,0
0.00272632,1,0,0,1,0,1,1,1,0,0,1,0,1,0,0,0
0.00272633,0,0,0,0,0,0,0,1,0,0,1,0,1,0,0,0
0.00272637,1,0,0,1,0,1,0,1,0,0,1,0,1,0,0,0
0.00272638,1,1,0,1,0,1,0,1,0,0,1,0,1,0,0,0
0.00272639,1,0,0,1,0,1,0,1,0,0,1,0,1,0,0,0
0.0027264,0,0,0,1,0,0,0,1,0,0,1,0,1,0,0,0
0.00272641,0,0,0,0,0,0,0,1,0,0,1,0,1,0,0,0
0.00272646,0,0,0,1,0,0,0,1,0,0,1,0,1,0,0,0
0.00272647,0,0,0,0,0,0,0,1,0,0,1,0,1,0,0,0
0.00272724,0,1,0,1,0,0,0,1,0,0,1,0,1,0,0,0
0.00272725,0,1,1,0,0,0,1,1,0,0,1,0,1,0,0,0
0.00272726,1,1,0,1,0,1,0,1,0,0,1,0,1,0,0,0
0.00272727,1,1,0,1,1,1,0,1,0,0,1,0,1,0,0,0
0.00272728,1,1,1,1,1,1,1,1,0,0,1,0,1,0,0,0
0.00272732,1,0,0,0,0,0,1,0,0,0,1,0,1,0,0,0
0.00272733,0,0,0,0,0,0,1,0,0,0,1,0,1,0,0,0
0.00272737,1,0,0,1,0,1,1,0,0,0,1,0,1,0,0,0
0.00272738,1,1,1,1,0,1,1,0,0,0,1,0,1,0,0,0
0.00272739,1,1,0,1,0,1,1,0,0,0,1,0,1,0,0,0
0.0027274,1,0,0,0,0,0,1,0,0,0,1,0,1,0,0,0
0.00272741,0,0,0,0,0,0,1,0,0,0,1,0,1,0,0,0
0.00272745,1,0,0,0,0,0,1,0,0,0,1,0,1,0,0,0
0.00272748,0,0,0,0,0,0,1,0,0,0,1,0,1,0,0,0
0.00272821,1,0,0,1,0,0,1,0,0,0,1,0,1,0,0,0
0.00272822,1,1,1,1,0,0,1,0,0,0,1,0,1,0,0,0
0.00272824,1,1,1,1,1,1,1,1,0,0,1,0,1,0,0,0
0.00272828,1,1,1,1,0,1,1,1,0,0,1,0,1,0,0,0
0.00272829,0,0,0,1,0,0,1,0,0,0,1,0,1,0,0,0
0.00272832,1,1,1,1,0,1,1,0,0,0,1,0,1,0,0,0
0.00272833,1,1,1,1,0,1,1,1,0,0,1,0,1,0,0,0
0.00272836,1,0,1,1,0,0,1,0,0,0,1,0,1,0,0,0
0.00272837,0,0,0,1,0,0,1,0,0,0,1,0,1,0,0,0
0.0027284,1,0,0,1,0,0,1,0,0,0,1,0,1,0,0,0
0.00272841,1,0,1,1,0,0,1,0,0,0,1,0,1,0,0,0
0.00272843,1,0,0,1,0,0,1,0,0,0,1,0,1,0,0,0
0.00272844,0,0,0,1,0,0,1,0,0,0,1,0,1,0,0,0
0.00272866,1,0,0,1,0,0,1,0,0,0,0,0,0,0,0,0
0.00272867,0,0,0,1,0,0,1,0,0,0,0,0,0,0,0,1
0.00272868,0,0,0,1,0,0,1,0,0,0,0,1,0,0,0,1
0.00272872,1,0,0,1,0,0,1,0,0,0,0,1,0,0,0,1
0.00272873,0,0,0,1,0,0,1,0,0,0,0,1,0,0,0,1
0.00272874,0,0,0,1,0,0,1,0,0,0,0,1,0,0,0,0
0.00272875,0,0,0,1,0,0,1,0,0,0,0,1,0,0,0,1
0.00272919,1,1,1,1,0,0,1,0,0,0,0,1,0,0,0,1
0.0027292,1,1,1,1,0,1,1,0,0,0,0,1,0,0,0,1
0.00272921,1,0,1,1,1,1,1,1,0,0,0,1,0,0,0,1
0.00272922,1,1,1,1,1,0,1,1,0,0,0,1,0,0,0,1
0.00272923,1,1,1,1,1,1,1,1,0,0,0,1,0,0,0,1
0.00272927,0,0,0,0,0,0,1,0,0,0,0,1,0,0,0,1
0.0027293,0,0,1,0,0,1,1,0,0,0,0,1,0,0,0,1
0.00272931,1,1,1,1,0,1,1,1,0,0,0,1,0,0,0,1
0.00272932,1,1,1,1,1,1,1,1,0,0,0,1,0,0,0,1
0.00272934,1,1,1,1,0,1,1,1,0,0,0,1,0,0,0,1
0.00272935,0,0,0,0,0,0,1,0,0,0,0,1,0,0,0,1
0.00272938,0,0,1,0,0,0,1,0,0,0,0,1,0,0,0,1
0.00272939,1,1,1,1,0,1,1,1,0,0,0,1,0,0,0,1
0.00272942,1,0,1,0,0,1,1,0,0,0,0,1,0,0,0,1
0.00272943,0,0,1,0,0,0,1,0,0,0,0,1,0,0,0,1
0.00272944,0,0,0,0,0,0,1,0,0,0,0,1,0,0,0,1
0.00272945,0,0,1,0,0,0,1,0,0,0,0,1,0,0,0,1
0.00272946,1,0,1,0,0,1,1,0,0,0,0,1,0,0,0,1
0.00272947,1,1,1,0,0,1,1,0,0,0,0,1,0,0,0,1
0.00272948,1,0,1,0,0,1,1,0,0,0,0,1,0,0,0,1
0.0027295,1,0,1,0,0,0,1,0,0,0,0,1,0,0,0,1
0.00272951,0,0,1,0,0,0,1,0,0,0,0,1,0,0,0,1
0.00272954,1,0,1,0,0,1,1,0,0,0,0,1,0,0,0,1
0.00272955,1,0,1,0,0,0,1,0,0,0,0,1,0,0,0,1
0.00272956,1,0,1,0,0,1,1,0,0,0,0,1,0,0,0,1
0.00272957,0,0,1,0,0,0,1,0,0,0,0,1,0,0,0,1
0.00272961,1,0,1,0,0,1,1,0,0,0,0,1,0,0,0,1
0.00272962,0,0,1,0,0,0,1,0,0,0,0,1,0,0,0,1
0.00272963,0,0,0,0,0,0,1,0,0,0,0,1,0,0,0,1
0.00272965,1,0,1,0,0,1,1,0,0,0,0,1,0,0,0,1
0.00272967,0,0,1,0,0,0,1,0,0,0,0,1,0,0,0,1
0.00272968,0,0,0,0,0,0,1,0,0,0,0,1,0,0,0,1
0.00272969,0,0,1,0,0,0,1,0,0,0,0,1,0,0,0,1
0.00272976,0,0,0,0,0,0,1,0,0,0,0,1,0,0,0,1
0.00272981,0,0,1,0,0,0,1,0,0,0,0,1,0,0,0,1
0.00272982,0,0,0,0,0,0,1,0,0,0,0,1,0,0,0,1
0.00273019,1,0,1,0,0,0,1,0,0,0,0,1,0,0,0,1
0.0027302,0,0,0,0,0,0,1,0,0,0,0,1,0,0,0,1
0.00273022,0,0,1,0,0,0,1,0,0,0,0,1,0,0,0,1
0.00273023,0,1,1,1,1,1,1,1,0,0,0,1,0,0,0,1
0.00273025,1,1,1,1,1,1,1,1,0,0,0,1,0,0,0,1
0.00273028,1,1,0,0,1,1,1,1,0,0,0,1,0,0,0,1
0.0027303,1,1,1,0,1,0,1,1,0,0,0,1,0,0,0,1
0.00273031,0,1,0,0,1,0,1,1,0,0,0,1,0,0,0,1
0.00273035,1,1,1,1,1,1,1,1,0,0,0,1,0,0,0,1
0.00273037,0,1,0,0,1,0,1,1,0,0,0,1,0,0,0,1
0.00273061,0,1,0,0,1,0,1,1,0,0,0,0,0,0,0,0
0.00273062,0,1,0,0,1,0,1,1,0,1,0,0,1,0,1,1
0.00273069,0,1,0,0,1,0,1,1,0,1,0,0,0,0,1,0
0.0027307,0,1,0,0,1,0,1,1,0,1,0,0,1,0,1,1
0.00273116,0,1,1,1,1,0,1,1,0,1,0,0,1,0,1,1
0.00273117,1,1,1,1,1,1,1,1,0,1,0,0,1,0,1,1
0.00273121,0,0,0,0,0,0,1,0,0,1,0,0,1,0,1,1
0.00273124,0,0,1,1,0,1,1,0,0,1,0,0,1,0,1,1
0.00273125,1,1,1,1,0,1,1,1,0,1,0,0,1,0,1,1
0.00273126,1,1,1,1,1,1,1,1,0,1,0,0,1,0,1,1
0.00273128,1,1,1,1,0,1,1,1,0,1,0,0,1,0,1,1
0.00273129,0,0,1,1,0,1,1,0,0,1,0,0,1,0,1,1
0.0027313,0,0,0,0,0,0,1,0,0,1,0,0,1,0,1,1
0.00273132,0,0,1,1,0,1,1,0,0,1,0,0,1,0,1,1
0.00273133,1,0,1,1,0,1,1,1,0,1,0,0,1,0,1,1
0.00273137,0,0,1,1,0,1,1,0,0,1,0,0,1,0,1,1
0.00273142,0,0,1,1,0,1,1,1,0,1,0,0,1,0,1,1
0.00273143,0,0,1,1,0,1,1,0,0,1,0,0,1,0,1,1
0.00273144,0,0,1,1,0,1,1,1,0,1,0,0,1,0,1,1
0.00273145,0,0,1,1,0,1,1,0,0,1,0,0,1,0,1,1
0.00273158,0,0,0,0,0,1,1,0,0,1,0,0,1,0,1,1
0.00273159,0,0,1,1,0,1,1,0,0,1,0,0,1,0,1,1
0.00273163,0,0,1,0,0,1,1,0,0,1,0,0,1,0,1,1
0.00273164,0,0,1,1,0,1,1,0,0,1,0,0,1,0,1,1
0.00273166,0,0,1,0,0,1,1,0,0,1,0,0,1,0,1,1
0.00273167,0,0,1,1,0,1,1,0,0,1,0,0,1,0,1,1
0.0027317,0,0,1,0,0,1,1,0,0,1,0,0,1,0,1,1
0.00273175,0,0,0,0,0,1,1,0,0,1,0,0,1,0,1,1
0.00273176,0,0,1,0,0,1,1,0,0,1,0,0,1,0,1,1
0.00273179,0,0,0,0,0,1,1,0,0,1,0,0,1,0,1,1
0.00273181,0,0,0,0,0,0,1,0,0,1,0,0,1,0,1,1
0.00273182,0,0,0,0,0,1,1,0,0,1,0,0,1,0,1,1
0.00273183,0,0,0,0,0,0,1,0,0,1,0,0,1,0,1,1
0.00273186,0,0,1,0,0,1,1,0,0,1,0,0,1,0,1,1
0.00273187,0,0,0,0,0,0,1,0,0,1,0,0,1,0,1,1
0.00273211,0,0,1,1,0,1,1,1,0,1,0,0,1,0,1,1
0.00273212,1,1,1,1,0,1,1,1,0,1,0,0,1,0,1,1
0.00273213,1,1,1,1,1,1,1,1,0,1,0,0,1,0,1,1
0.0027331,0,0,0,0,0,0,0,0,0,1,0,0,1,0,1,1
0.00273314,1,0,1,0,0,0,0,0,0,1,0,0,1,0,1,1
0.00273315,1,1,1,1,0,1,0,1,0,1,0,0,1,0,1,1
0.00273316,0,0,1,0,0,0,0,1,0,1,0,0,1,0,1,1
0.00273317,0,0,0,0,0,0,0,0,0,1,0,0,1,0,1,1
0.00273406,1,1,1,0,0,0,0,1,0,1,0,0,1,0,1,1
0.00273408,0,0,0,0,0,0,0,0,0,1,0,0,1,0,1,1
0.0027341,1,1,1,1,1,1,1,1,0,1,0,0,1,0,1,1
0.00273413,1,1,1,1,1,0,0,1,0,1,0,0,1,0,1,1
0.00273414,0,0,0,1,1,0,0,1,0,1,0,0,1,0,1,1
0.00273415,0,1,0,1,1,0,1,1,0,1,0,0,1,0,1,1
0.00273416,0,1,0,1,1,1,1,1,0,1,0,0,1,0,1,1
0.00273417,1,1,1,1,1,1,1,1,0,1,0,0,1,0,1,1
0.00273419,0,1,0,0,1,1,1,0,0,1,0,0,1,0,1,1
0.0027342,0,1,0,0,1,1,0,0,0,1,0,0,1,0,1,1
0.00273424,1,1,1,0,1,1,0,0,0,1,0,0,1,0,1,1
0.00273427,0,1,0,0,1,1,0,0,0,1,0,0,1,0,1,1
0.00273432,0,1,1,0,1,1,0,0,0,1,0,0,1,0,1,1
0.00273434,0,1,0,0,1,1,0,0,0,1,0,0,1,0,1,1
0.00273452,0,1,0,0,1,1,0,0,0,1,0,0,1,0,0,0
0.00273453,0,1,0,0,1,1,0,0,0,1,0,0,1,1,0,0
0.00273505,0,1,0,1,1,1,0,0,0,1,0,0,1,1,0,0
0.00273506,0,1,1,0,1,1,0,0,0,1,0,0,1,1,0,0
0.00273507,1,1,1,1,1,1,0,1,0,1,0,0,1,1,0,0
0.00273508,1,1,1,1,1,1,1,1,0,1,0,0,1,1,0,0
0.00273512,0,1,0,0,0,0,0,0,0,1,0,0,1,1,0,0
0.00273515,1,1,1,0,0,0,0,0,0,1,0,0,1,1,0,0
0.00273516,1,1,1,1,0,1,1,1,0,1,0,0,1,1,0,0
0.0027352,1,1,1,1,0,0,0,1,0,1,0,0,1,1,0,0
0.00273521,0,1,1,0,0,0,0,0,0,1,0,0,1,1,0,0
0.00273522,0,1,0,0,0,0,0,0,0,1,0,0,1,1,0,0
0.00273523,1,1,1,0,0,0,0,0,0,1,0,0,1,1,0,0
0.00273524,1,1,1,1,0,0,0,1,0,1,0,0,1,1,0,0
0.00273528,1,1,1,1,0,0,0,0,0,1,0,0,1,1,0,0
0.00273529,1,1,1,0,0,0,0,0,0,1,0,0,1,1,0,0
0.00273532,1,1,1,1,0,0,0,0,0,1,0,0,1,1,0,0
0.00273537,1,1,1,0,0,0,0,0,0,1,0,0,1,1,0,0
0.00273539,1,1,1,1,0,0,0,0,0,1,0,0,1,1,0,0
0.00273541,1,1,1,0,0,0,0,0,0,1,0,0,1,1,0,0
0.00273549,0,1,1,0,0,0,0,0,0,1,0,0,1,1,0,0
0.0027355,1,1,1,1,0,0,0,0,0,1,0,0,1,1,0,0
0.00273551,1,1,1,1,0,1,0,1,0,1,0,0,1,1,0,0
0.00273552,1,1,1,0,0,0,0,0,0,1,0,0,1,1,0,0
0.00273595,0,1,1,0,0,0,0,0,0,1,0,0,1,1,0,0
0.00273596,1,1,1,0,0,0,0,0,0,1,0,0,1,1,0,0
0.00273598,0,1,1,0,0,0,0,0,0,1,0,0,1,1,0,0
0.00273599,1,1,1,0,0,0,0,0,0,1,0,0,1,1,0,0
0.002736,0,1,1,0,0,0,0,0,0,1,0,0,1,1,0,0
0.00273603,1,1,1,1,1,0,0,0,0,1,0,0,1,1,0,0
0.00273604,1,1,1,1,1,1,1,1,0,1,0,0,1,1,0,0
0.00273609,1,1,1,1,1,1,0,1,0,1,0,0,1,1,0,0
0.0027361,1,1,0,1,0,0,0,0,0,1,0,0,1,1,0,0
0.00273613,1,1,1,1,0,0,0,0,0,1,0,0,1,1,0,0
0.00273614,1,1,1,1,1,1,1,1,0,1,0,0,1,1,0,0
0.00273616,1,1,1,1,0,1,0,1,0,1,0,0,1,1,0,0
0.00273617,1,1,1,1,0,0,0,0,0,1,0,0,1,1,0,0
0.00273618,1,1,0,1,0,0,0,0,0,1,0,0,1,1,0,0
0.00273621,1,1,1,1,0,0,0,0,0,1,0,0,1,1,0,0
0.00273625,1,1,0,1,0,0,0,0,0,1,0,0,1,1,0,0
0.00273628,1,1,1,1,0,0,0,0,0,1,0,0,1,1,0,0
0.00273633,1,1,0,1,0,0,0,0,0,1,0,0,1,1,0,0
0.00273634,1,1,1,1,0,0,0,0,0,1,0,0,1,1,0,0
0.00273635,1,1,0,1,0,0,0,0,0,1,0,0,1,1,0,0
0.00273636,1,1,1,1,0,0,0,0,0,1,0,0,1,1,0,0
0.0027364,1,1,0,1,0,0,0,0,0,1,0,0,1,1,0,0
0.00273647,1,1,1,1,0,0,0,0,0,1,0,0,1,1,0,0
0.00273649,1,1,0,1,0,0,0,0,0,1,0,0,1,1,0,0
0.00273701,1,1,1,1,0,1,0,1,0,1,0,0,1,1,0,0
0.00273702,1,1,1,1,1,1,1,1,0,1,0,0,1,1,0,0
0.002738,1,1,1,1,1,1,0,0,0,1,0,0,1,1,0,0
0.00273801,1,1,0,1,1,1,0,0,0,1,0,0,1,1,0,0
0.00273802,0,0,0,1,1,0,0,1,0,1,0,0,1,1,0,0
0.00273805,1,1,1,1,1,1,0,1,0,1,0,0,1,1,0,0
0.00273806,1,1,1,1,1,1,1,1,0,1,0,0,1,1,0,0
0.00273811,1,1,1,1,1,0,0,0,0,1,0,0,1,1,0,0
0.00273812,0,0,1,0,1,0,0,0,0,1,0,0,1,1,0,0
0.00273816,1,0,1,1,1,0,0,0,0,1,0,0,1,1,0,0
0.00273817,1,1,1,1,1,1,0,1,0,1,0,0,1,1,0,0
0.00273818,1,0,1,1,1,0,0,0,0,1,0,0,1,1,0,0
0.00273819,0,0,1,0,1,0,0,0,0,1,0,0,1,1,0,0
0.00273842,0,0,1,0,1,0,0,0,0,0,0,0,1,0,0,0
0.00273844,0,0,1,0,1,0,0,0,0,0,1,0,1,0,0,0
0.0027385,0,0,1,0,1,0,0,0,0,0,0,0,0,0,0,0
0.00273851,0,0,1,0,1,0,0,0,0,0,1,0,1,0,0,0
0.00273895,1,1,1,1,1,0,0,0,0,0,1,0,1,0,0,0
0.00273897,1,1,1,1,1,1,1,1,0,0,1,0,1,0,0,0
0.00274,0,0,0,0,0,0,1,0,0,0,1,0,1,0,0,0
0.00274004,1,1,1,1,0,1,1,0,0,0,1,0,1,0,0,0
0.00274005,1,1,1,1,0,1,1,1,0,0,1,0,1,0,0,0
0.00274007,1,1,1,1,0,1,1,0,0,0,1,0,1,0,0,0
0.00274008,1,1,1,1,0,0,1,0,0,0,1,0,1,0,0,0
0.00274009,0,0,0,0,0,0,1,0,0,0,1,0,1,0,0,0
0.00274012,1,0,0,1,0,0,1,0,0,0,1,0,1,0,0,0
0.00274013,1,1,1,1,0,0,1,0,0,0,1,0,1,0,0,0
0.00274015,1,0,1,1,0,0,1,0,0,0,1,0,1,0,0,0
0.00274016,1,0,0,1,0,0,1,0,0,0,1,0,1,0,0,0
0.00274017,1,0,0,0,0,0,1,0,0,0,1,0,1,0,0,0
0.00274018,0,0,0,0,0,0,1,0,0,0,1,0,1,0,0,0
0.0027402,1,0,0,1,0,0,1,0,0,0,1,0,1,0,0,0
0.00274021,1,0,1,1,0,0,1,0,0,0,1,0,1,0,0,0
0.00274024,1,0,0,1,0,0,1,0,0,0,1,0,1,0,0,0
0.00274027,1,0,1,1,0,0,1,0,0,0,1,0,1,0,0,0
0.00274028,1,0,0,1,0,0,1,0,0,0,1,0,1,0,0,0
0.00274031,1,0,1,1,0,0,1,0,0,0,1,0,1,0,0,0
0.00274032,1,0,0,1,0,0,1,0,0,0,1,0,1,0,0,0
0.00274033,0,0,0,0,0,0,1,0,0,0,1,0,1,0,0,0
0.00274034,1,0,0,0,0,0,1,0,0,0,1,0,1,0,0,0
0.00274035,1,0,0,1,0,0,1,0,0,0,1,0,1,0,0,0
0.00274036,1,0,1,1,0,0,1,0,0,0,1,0,1,0,0,0
0.0027404,1,0,0,1,0,0,1,0,0,0,1,0,1,0,0,0
0.00274042,0,0,0,0,0,0,1,0,0,0,1,0,1,0,0,0
0.00274044,1,0,1,1,0,0,1,0,0,0,1,0,1,0,0,0
0.00274046,1,0,0,1,0,0,1,0,0,0,1,0,1,0,0,0
0.00274048,0,0,0,0,0,0,1,0,0,0,1,0,1,0,0,0
0.00274049,0,0,0,1,0,0,1,0,0,0,1,0,1,0,0,0
0.0027405,1,0,0,1,0,0,1,0,0,0,1,0,1,0,0,0
0.00274051,0,0,0,0,0,0,1,0,0,0,1,0,1,0,0,0
0.00274053,1,0,0,0,0,0,1,0,0,0,1,0,1,0,0,0
0.00274054,1,0,1,1,0,0,1,0,0,0,1,0,1,0,0,0
0.00274055,1,0,0,1,0,0,1,0,0,0,1,0,1,0,0,0
0.00274056,0,0,0,0,0,0,1,0,0,0,1,0,1,0,0,0
0.0027406,1,0,0,0,0,0,1,0,0,0,1,0,1,0,0,0
0.00274061,0,0,0,0,0,0,1,0,0,0,1,0,1,0,0,0
0.00274066,1,0,0,0,0,0,1,0,0,0,1,0,1,0,0,0
0.00274068,0,0,0,0,0,0,1,0,0,0,1,0,1,0,0,0
0.00274082,0,0,1,0,0,0,1,0,0,0,1,0,1,0,0,0
0.00274083,0,0,0,0,0,0,1,0,0,0,1,0,1,0,0,0
0.00274087,1,0,0,0,0,0,1,0,0,0,1,0,1,0,0,0
0.00274088,0,0,0,0,0,0,1,0,0,0,1,0,1,0,0,0
0.0027409,1,1,1,1,0,0,1,0,0,0,1,0,1,0,0,0
0.00274092,1,1,1,1,1,1,1,1,0,0,1,0,1,0,0,0
0.00274098,1,1,0,0,1,0,0,0,0,0,1,0,1,0,0,0
0.00274102,1,1,1,1,1,1,0,0,0,0,1,0,1,0,0,0
0.00274103,1,1,1,1,1,1,0,1,0,0,1,0,1,0,0,0
0.00274105,1,1,1,1,1,0,0,0,0,0,1,0,1,0,0,0
0.00274106,1,1,0,0,1,0,0,0,0,0,1,0,1,0,0,0
0.0027411,1,1,1,1,1,0,0,0,0,0,1,0,1,0,0,0
0.00274112,1,1,1,0,1,0,0,0,0,0,1,0,1,0,0,0
0.00274113,1,1,0,0,1,0,0,0,0,0,1,0,1,0,0,0
0.00274135,1,1,0,0,1,0,0,0,0,0,0,0,1,0,0,0
0.00274136,1,1,0,0,1,0,0,0,1,1,0,0,1,0,0,0
0.00274142,1,1,0,0,1,0,0,0,1,0,0,0,0,0,0,0
0.00274143,1,1,0,0,1,0,0,0,0,1,0,0,1,0,0,0
0.00274144,1,1,0,0,1,0,0,0,1,1,0,0,1,0,0,0
0.0027419,1,1,0,1,1,0,0,0,1,1,0,0,1,0,0,0
0.00274191,1,1,1,1,1,1,1,1,1,1,0,0,1,0,0,0
0.00274195,1,0,0,0,1,1,0,1,1,1,0,0,1,0,0,0
0.00274199,1,1,1,1,1,1,0,1,1,1,0,0,1,0,0,0
0.00274201,1,0,0,0,1,1,0,1,1,1,0,0,1,0,0,0
0.00274286,1,1,0,0,1,1,0,1,1,1,0,0,1,0,0,0
0.00274288,1,0,1,1,1,1,0,1,1,1,0,0,1,0,0,0
0.00274289,1,1,1,1,1,1,1,1,1,1,0,0,1,0,0,0
0.00274293,0,1,1,0,1,0,0,0,1,1,0,0,1,0,0,0
0.00274294,0,1,0,0,1,0,0,0,1,1,0,0,1,0,0,0
0.00274297,0,1,1,1,1,0,0,0,1,1,0,0,1,0,0,0
0.00274298,1,1,1,1,1,1,0,1,1,1,0,0,1,0,0,0
0.00274299,1,1,1,1,1,1,1,1,1,1,0,0,1,0,0,0
0.002743,1,1,1,1,1,1,0,1,1,1,0,0,1,0,0,0
0.00274301,1,1,1,1,1,0,0,0,1,1,0,0,1,0,0,0
0.00274302,0,1,1,0,1,0,0,0,1,1,0,0,1,0,0,0
0.00274303,0,1,0,0,1,0,0,0,1,1,0,0,1,0,0,0
0.00274305,0,1,1,1,1,0,0,0,1,1,0,0,1,0,0,0
0.00274306,1,1,1,1,1,0,0,0,1,1,0,0,1,0,0,0
0.00274309,0,1,1,1,1,0,0,0,1,1,0,0,1,0,0,0
0.0027431,0,1,1,0,1,0,0,0,1,1,0,0,1,0,0,0
0.00274313,0,1,1,1,1,0,0,0,1,1,0,0,1,0,0,0
0.00274319,0,1,1,0,1,0,0,0,1,1,0,0,1,0,0,0
0.0027432,0,1,1,1,1,0,0,0,1,1,0,0,1,0,0,0
0.00274324,0,1,1,0,1,0,0,0,1,1,0,0,1,0,0,0
0.00274329,0,1,1,1,1,0,0,0,1,1,0,0,1,0,0,0
0.0027433,1,1,1,1,1,0,0,0,0,1,0,0,1,0,0,0
0.00274332,0,1,1,0,1,0,0,0,0,1,0,0,1,0,0,0
0.00274334,0,1,0,0,1,0,0,0,0,1,0,0,1,0,0,0
0.00274335,0,1,1,0,1,0,0,0,0,1,0,0,1,0,0,0
0.00274336,0,1,1,1,1,0,0,0,0,1,0,0,1,0,0,0
0.00274337,1,1,1,1,1,0,0,0,0,1,0,0,1,0,0,0
0.00274338,0,1,1,0,1,0,0,0,0,0,0,0,0,0,0,0
0.00274339,0,1,0,0,1,0,0,0,0,1,0,0,1,0,0,0
0.0027434,0,1,1,0,1,0,0,0,0,1,0,0,1,0,0,0
0.00274341,0,1,0,0,1,0,0,0,0,1,0,0,1,0,0,0
0.00274343,0,1,1,0,1,0,0,0,0,1,0,0,1,0,0,0
0.00274344,1,1,1,1,1,0,0,0,0,1,0,0,1,0,0,0
0.00274345,0,1,1,1,1,0,0,0,0,1,0,0,1,0,0,0
0.00274346,0,1,1,0,1,0,0,0,0,1,0,0,1,0,0,0
0.00274347,0,1,0,0,1,0,0,0,0,1,0,0,1,0,0,0
0.00274349,0,1,1,0,1,0,0,0,0,1,0,0,1,0,0,0
0.00274351,0,1,0,0,1,0,0,0,0,1,0,0,1,0,0,0
0.00274352,0,1,1,0,1,0,0,0,0,1,0,0,1,0,0,0
0.00274354,0,1,0,0,1,0,0,0,0,1,0,0,1,0,0,0
0.00274357,0,1,1,0,1,0,0,0,0,1,0,0,1,0,0,0
0.00274359,0,1,0,0,1,0,0,0,0,1,0,0,1,0,0,0
0.00274385,1,1,1,1,1,0,0,0,0,1,0,0,1,0,0,0
0.00274386,1,1,1,1,1,1,1,1,0,1,0,0,1,0,0,0
0.00274391,1,1,0,0,1,1,0,0,0,1,0,0,1,0,0,0
0.00274394,1,1,1,1,1,1,0,1,0,1,0,0,1,0,0,0
0.00274395,1,1,1,1,1,1,1,1,0,1,0,0,1,0,0,0
0.00274397,1,1,0,0,1,1,0,0,0,1,0,0,1,0,0,0
0.00274402,1,1,1,1,1,1,0,0,0,1,0,0,1,0,0,0
0.00274404,1,1,0,0,1,1,0,0,0,1,0,0,1,0,0,0
0.00274481,1,1,1,1,1,1,0,0,0,1,0,0,1,0,0,0
0.00274482,1,1,1,1,1,1,0,1,0,1,0,0,1,0,0,0
0.00274483,1,1,1,1,1,1,1,1,0,1,0,0,1,0,0,0
0.00274489,1,0,0,0,1,0,0,0,0,1,0,0,1,0,0,0
0.00274493,1,1,1,1,1,1,1,1,0,1,0,0,1,0,0,0
0.00274496,1,0,1,1,1,0,0,1,0,1,0,0,1,0,0,0
0.00274497,1,0,1,0,1,0,0,0,0,1,0,0,1,0,0,0
0.00274498,1,0,0,0,1,0,0,0,0,1,0,0,1,0,0,0
0.002745,1,0,1,0,1,0,0,0,0,1,0,0,1,0,0,0
0.00274501,1,0,1,1,1,0,0,0,0,1,0,0,1,0,0,0
0.00274505,1,0,1,0,1,0,0,0,0,1,0,0,1,0,0,0
0.00274508,1,0,1,1,1,0,0,0,0,1,0,0,1,0,0,0
0.00274512,1,0,1,0,1,0,0,0,0,1,0,0,1,0,0,0
0.00274516,1,0,1,1,1,0,0,0,0,1,0,0,1,0,0,0
0.00274518,1,0,1,0,1,0,0,0,0,1,0,0,1,0,0,0
0.00274525,1,0,1,1,1,0,0,0,0,1,0,0,1,0,0,0
0.00274526,1,0,1,1,1,0,0,0,0,0,0,0,1,0,0,0
0.00274527,1,0,1,0,1,0,0,0,1,0,0,0,1,0,0,0
0.00274528,1,0,0,0,1,0,0,0,1,0,0,0,1,0,0,0
0.0027453,1,0,1,0,1,0,0,0,1,0,0,0,1,0,0,0
0.00274531,1,0,1,1,1,0,0,0,1,0,0,0,1,0,0,0
0.00274533,1,0,1,1,1,0,0,0,0,0,0,0,0,0,0,0
0.00274534,1,0,1,0,1,0,0,0,1,0,0,0,1,0,0,0
0.00274535,1,0,0,0,1,0,0,0,1,0,0,0,1,0,0,0
0.00274538,1,0,1,0,1,0,0,0,1,0,0,0,1,0,0,0
0.00274539,1,0,1,1,1,0,0,0,1,0,0,0,1,0,0,0
0.00274541,1,0,0,0,1,0,0,0,1,0,0,0,1,0,0,0
0.00274546,1,0,1,0,1,0,0,0,1,0,0,0,1,0,0,0
0.00274549,1,0,0,0,1,0,0,0,1,0,0,0,1,0,0,0
0.0027457,1,0,1,0,1,0,0,0,1,0,0,0,1,0,0,0
0.00274571,1,0,0,0,1,0,0,0,1,0,0,0,1,0,0,0
0.00274578,1,0,1,0,1,0,0,0,1,0,0,0,1,0,0,0
0.00274579,1,0,1,1,1,0,0,0,1,0,0,0,1,0,0,0
0.0027458,1,1,1,1,1,1,1,1,1,0,0,0,1,0,0,0
0.00274581,1,1,1,1,1,0,0,1,1,0,0,0,1,0,0,0
0.00274584,1,1,1,1,1,1,1,1,1,0,0,0,1,0,0,0
0.00274585,1,0,1,1,1,1,1,1,1,0,0,0,1,0,0,0
0.00274586,0,0,1,1,1,0,0,1,1,0,0,0,1,0,0,0
0.0027459,0,1,1,1,1,1,0,1,1,0,0,0,1,0,0,0
0.00274592,0,0,1,1,1,1,0,1,1,0,0,0,1,0,0,0
0.00274593,0,0,1,1,1,0,0,1,1,0,0,0,1,0,0,0
0.00274677,1,1,1,1,1,0,0,1,1,0,0,0,1,0,0,0
0.00274678,0,0,1,1,1,1,0,1,1,0,0,0,1,0,0,0
0.00274679,1,1,1,1,1,0,1,1,1,0,0,0,1,0,0,0
0.00274681,1,1,1,1,1,1,1,1,1,0,0,0,1,0,0,0
0.00274684,1,1,1,1,1,1,1,0,1,0,0,0,1,0,0,0
0.00274685,1,0,1,0,1,0,0,0,1,0,0,0,1,0,0,0
0.00274689,1,1,1,1,1,1,0,0,1,0,0,0,1,0,0,0
0.0027469,1,1,1,1,1,1,1,1,1,0,0,0,1,0,0,0
0.00274691,1,1,1,1,1,1,0,0,1,0,0,0,1,0,0,0
0.00274692,1,0,1,0,1,0,0,0,1,0,0,0,1,0,0,0
0.00274697,1,0,1,1,1,0,0,0,1,0,0,0,1,0,0,0
0.00274699,1,0,1,0,1,0,0,0,1,0,0,0,1,0,0,0
0.00274721,1,0,1,0,1,0,0,0,1,0,1,0,1,0,0,0
0.00274727,1,0,1,1,1,0,0,0,1,0,1,0,1,0,0,0
0.00274728,1,0,1,0,1,0,0,0,1,0,1,0,1,0,0,0
0.0027473,1,0,1,1,1,0,0,1,1,0,1,0,1,0,0,0
0.00274731,1,0,1,1,1,0,0,1,1,0,1,1,1,0,1,0
0.00274733,1,1,1,1,1,1,1,1,1,0,1,1,1,0,1,0
0.00274734,1,0,1,0,1,0,0,0,1,0,1,0,1,0,0,0
0.00274738,1,1,1,1,1,1,0,0,1,0,1,0,1,0,0,0
0.00274739,1,1,1,1,1,1,0,1,1,0,1,0,1,0,0,0
0.0027474,1,1,1,1,1,1,0,0,1,0,1,0,1,0,0,0
0.00274741,1,0,1,1,1,0,0,0,1,0,1,0,1,0,0,0
0.00274742,1,0,1,0,1,0,0,0,1,0,1,0,1,0,0,0
0.00274746,1,0,1,1,1,0,0,0,1,0,1,0,1,0,0,0
0.00274748,1,0,1,0,1,0,0,0,1,0,1,0,1,0,0,0
0.00274774,1,1,1,0,1,0,0,0,1,0,1,0,1,0,0,0
0.00274775,1,1,1,1,1,0,0,0,1,0,1,0,1,0,0,0
0.00274776,1,1,1,1,1,1,1,1,1,0,1,0,1,0,0,0
0.00274781,1,1,1,0,0,0,0,1,1,0,1,0,1,0,0,0
0.00274785,1,1,1,1,0,1,0,1,1,0,1,0,1,0,0,0
0.00274786,1,1,1,1,0,1,1,1,1,0,1,0,1,0,0,0
0.00274787,1,1,1,1,0,1,0,1,1,0,1,0,1,0,0,0
0.00274788,1,1,1,0,0,0,0,1,1,0,1,0,1,0,0,0
0.00274792,1,1,1,1,0,0,0,1,1,0,1,0,1,0,0,0
0.00274795,1,1,1,0,0,0,0,1,1,0,1,0,1,0,0,0
0.00274871,1,1,1,1,0,0,0,1,1,0,1,0,1,0,0,0
0.00274874,1,1,1,1,1,1,1,1,1,0,1,0,1,0,0,0
0.00274879,1,1,1,0,0,0,1,0,1,0,1,0,1,0,0,0
0.00274883,1,1,1,1,0,1,1,1,1,0,1,0,1,0,0,0
0.00274885,1,1,1,1,0,1,1,0,1,0,1,0,1,0,0,0
0.00274886,1,1,1,0,0,0,1,0,1,0,1,0,1,0,0,0
0.00274891,1,1,1,1,0,0,1,0,1,0,1,0,1,0,0,0
0.00274892,1,1,1,0,0,0,1,0,1,0,1,0,1,0,0,0
0.00274916,1,1,1,0,0,0,1,0,1,0,1,0,0,0,0,0
0.00274917,1,1,1,0,0,0,1,0,1,1,1,0,0,0,0,1
0.00274924,1,1,1,0,0,0,1,0,0,1,0,0,0,0,0,0
0.00274925,1,1,1,0,0,0,1,0,1,1,1,0,0,0,0,1
0.0027497,1,1,1,1,0,0,1,0,1,1,1,0,0,0,0,1
0.00274971,1,1,1,1,0,1,1,1,1,1,1,0,0,0,0,1
0.00274972,1,1,1,1,1,1,1,1,1,1,1,0,0,0,0,1
0.00274974,1,1,1,1,1,0,1,1,1,1,1,0,0,0,0,1
0.00274975,1,1,1,1,1,1,1,1,1,1,1,0,0,0,0,1
0.00274976,1,1,1,1,0,1,0,1,1,1,1,0,0,0,0,1
0.00274977,1,1,1,0,0,0,0,1,1,1,1,0,0,0,0,1
0.00274981,1,1,1,1,0,1,0,1,1,1,1,0,0,0,0,1
0.00274983,1,1,1,0,0,0,0,1,1,1,1,0,0,0,0,1
0.0027507,0,0,1,1,1,1,1,1,1,1,1,0,0,0,0,1
0.00275071,0,0,0,0,0,0,1,0,1,1,1,0,0,0,0,1
0.00275074,1,1,1,1,1,1,1,1,1,1,1,0,0,0,0,1
0.00275081,0,1,0,0,1,0,1,1,1,1,1,0,0,0,0,1
0.00275085,0,1,0,1,1,1,1,1,1,1,1,0,0,0,0,1
0.00275086,1,1,1,1,1,1,1,1,1,1,1,0,0,0,0,1
0.00275087,0,1,0,0,1,0,1,1,1,1,1,0,0,0,0,1
0.00275112,0,1,0,0,1,0,1,1,0,1,0,0,0,0,0,1
0.00275113,0,1,0,0,1,0,1,1,0,1,0,0,1,0,1,1
0.00275119,0,1,0,0,1,0,1,1,0,0,0,0,1,0,1,0
0.0027512,0,1,0,0,1,0,1,1,0,1,0,0,1,0,1,1
0.00275167,1,1,1,1,1,0,1,1,0,1,0,0,1,0,1,1
0.00275168,1,1,1,1,1,1,1,1,0,1,0,0,1,0,1,1
0.00275172,1,1,1,0,0,0,0,1,0,1,0,0,1,0,1,1
0.00275176,1,1,1,1,0,1,0,1,0,1,0,0,1,0,1,1
0.00275178,1,1,1,0,0,0,0,1,0,1,0,0,1,0,1,1
0.00275263,1,1,1,1,0,0,0,1,0,1,0,0,1,0,1,1
0.00275264,1,1,1,1,1,1,0,1,0,1,0,0,1,0,1,1
0.00275265,1,1,1,1,1,1,1,1,0,1,0,0,1,0,1,1
0.0027536,1,0,1,1,1,1,1,1,0,1,0,0,1,0,1,1
0.00275361,0,0,0,0,0,0,0,0,0,1,0,0,1,0,1,1
0.00275366,0,0,0,1,0,0,0,0,0,1,0,0,1,0,1,1
0.00275367,0,0,0,0,0,0,0,0,0,1,0,0,1,0,1,1
0.00275457,1,0,1,1,0,0,0,0,0,1,0,0,1,0,1,1
0.00275458,0,0,0,0,0,0,0,0,0,1,0,0,1,0,1,1
0.0027546,1,1,1,1,1,1,1,1,0,1,0,0,1,0,1,1
0.00275464,1,1,0,1,1,0,0,1,0,1,0,0,1,0,1,1
0.00275465,1,1,1,1,1,0,0,1,0,1,0,0,1,0,1,1
0.00275466,1,1,1,1,1,1,1,1,0,1,0,0,1,0,1,1
0.00275468,0,1,1,1,1,1,1,1,0,1,0,0,1,0,1,1
0.00275469,0,1,0,1,1,1,0,0,0,1,0,0,1,0,1,1
0.00275471,0,1,0,0,1,1,0,0,0,1,0,0,1,0,1,1
0.00275502,0,1,0,0,1,1,0,0,0,1,0,0,1,0,0,0
0.00275504,0,1,0,0,1,1,0,0,0,1,0,0,1,1,0,0
0.00275555,1,1,1,1,1,1,0,0,0,1,0,0,1,1,0,0
0.00275557,1,1,1,1,1,1,1,1,0,1,0,0,1,1,0,0
0.00275562,1,1,1,1,0,0,0,1,0,1,0,0,1,1,0,0
0.00275563,1,0,1,0,0,0,0,0,0,1,0,0,1,1,0,0
0.00275567,1,1,1,1,0,1,0,0,0,1,0,0,1,1,0,0
0.00275568,1,1,1,1,0,1,1,1,0,1,0,0,1,1,0,0
0.00275569,1,1,1,1,0,1,0,1,0,1,0,0,1,1,0,0
0.0027557,1,0,1,0,0,0,0,0,0,1,0,0,1,1,0,0
0.00275653,1,1,1,1,0,0,0,0,0,1,0,0,1,1,0,0
0.00275654,1,1,1,1,1,1,0,0,0,1,0,0,1,1,0,0
0.00275655,1,1,1,1,1,1,1,1,0,1,0,0,1,1,0,0
0.00275658,1,1,1,1,0,0,0,0,0,1,0,0,1,1,0,0
0.00275659,1,1,0,1,0,0,0,0,0,1,0,0,1,1,0,0
0.00275663,1,1,0,1,0,1,0,0,0,1,0,0,1,1,0,0
0.00275664,1,1,0,1,0,1,0,1,0,1,0,0,1,1,0,0
0.00275665,1,1,0,1,0,0,0,0,0,1,0,0,1,1,0,0
0.00275752,1,1,0,1,0,1,0,1,0,1,0,0,1,1,0,0
0.00275753,1,1,1,1,1,1,1,1,0,1,0,0,1,1,0,0
0.00275853,0,0,0,1,1,0,0,1,0,1,0,0,1,1,0,0
0.00275856,1,1,1,1,1,1,1,1,0,1,0,0,1,1,0,0
0.00275859,1,1,1,1,1,0,0,0,0,1,0,0,1,1,0,0
0.00275862,0,0,1,0,1,1,1,1,0,1,0,0,1,1,0,0
0.00275863,0,0,1,0,1,0,0,0,0,1,0,0,1,1,0,0
0.00275867,0,0,1,0,1,1,1,0,0,1,0,0,1,1,0,0
0.00275869,0,0,1,0,1,1,0,0,0,1,0,0,1,1,0,0
0.0027587,0,0,1,0,1,0,0,0,0,1,0,0,1,1,0,0
0.00275893,0,0,1,0,1,0,0,0,0,0,0,0,1,0,0,0
0.00275894,0,0,1,0,1,0,0,0,0,0,1,0,1,0,0,0
0.002759,0,0,1,0,1,0,0,0,0,0,1,0,0,0,0,0
0.00275901,0,0,1,0,1,0,0,0,0,0,1,0,1,0,0,0
0.00275946,1,1,1,0,1,0,0,0,0,0,1,0,1,0,0,0
0.00275947,0,0,1,0,1,1,1,0,0,0,1,0,1,0,0,0
0.00275948,1,1,1,0,1,1,1,1,0,0,1,0,1,0,0,0
0.00275949,1,1,1,1,1,1,1,1,0,0,1,0,1,0,0,0
0.00276051,0,0,0,0,0,0,1,0,0,0,1,0,1,0,0,0
0.00276055,0,0,0,0,0,1,1,0,0,0,1,0,1,0,0,0
0.00276056,0,0,1,0,0,1,1,0,0,0,1,0,1,0,0,0
0.00276057,1,1,1,1,0,1,1,0,0,0,1,0,1,0,0,0
0.00276058,0,1,1,0,0,1,1,0,0,0,1,0,1,0,0,0
0.00276059,0,0,0,0,0,0,1,0,0,0,1,0,1,0,0,0
0.00276141,1,1,1,0,0,0,1,0,0,0,1,0,1,0,0,0
0.00276143,1,1,1,1,1,1,1,0,0,0,1,0,1,0,0,0
0.00276144,1,1,1,1,1,1,1,1,0,0,1,0,1,0,0,0
0.00276147,1,1,1,1,1,1,0,1,0,0,1,0,1,0,0,0
0.00276148,1,1,0,0,1,0,0,0,0,0,1,0,1,0,0,0
0.00276151,1,1,1,1,1,1,0,1,0,0,1,0,1,0,0,0
0.00276154,1,1,1,1,1,1,0,0,0,0,1,0,1,0,0,0
0.00276155,1,1,0,0,1,0,0,0,0,0,1,0,1,0,0,0
0.00276159,1,1,1,1,1,1,0,0,0,0,1,0,1,0,0,0
0.00276161,1,1,1,0,1,1,0,0,0,0,1,0,1,0,0,0
0.00276162,1,1,0,0,1,0,0,0,0,0,1,0,1,0,0,0
0.00276167,1,1,1,0,1,0,0,0,0,0,1,0,1,0,0,0
0.00276169,1,1,0,0,1,0,0,0,0,0,1,0,1,0,0,0
0.00276186,1,1,0,0,1,0,0,0,0,1,0,0,1,0,0,0
0.00276187,1,1,0,0,1,0,0,0,1,1,0,0,1,0,0,0
0.00276193,1,1,0,0,1,0,0,0,0,0,0,0,0,0,0,0
0.00276194,1,1,0,0,1,0,0,0,1,1,0,0,1,0,0,0
0.00276199,1,1,1,0,1,0,0,0,1,1,0,0,1,0,0,0
0.002762,1,1,0,0,1,0,0,0,1,1,0,0,1,0,0,0
0.00276241,1,1,1,1,1,1,1,1,1,1,0,0,1,0,0,0
0.00276246,1,0,0,0,1,1,0,1,1,1,0,0,1,0,0,0
0.0027625,1,1,1,1,1,1,1,1,1,1,0,0,1,0,0,0
0.00276252,1,1,1,1,1,1,0,1,1,1,0,0,1,0,0,0
0.00276253,1,0,0,0,1,1,0,1,1,1,0,0,1,0,0,0
0.00276257,1,0,1,0,1,1,0,1,1,1,0,0,1,0,0,0
0.00276258,1,0,1,1,1,1,0,1,1,1,0,0,1,0,0,0
0.00276259,1,0,1,0,1,1,0,1,1,1,0,0,1,0,0,0
0.0027626,1,0,0,0,1,1,0,1,1,1,0,0,1,0,0,0
0.00276336,1,1,0,0,1,1,0,1,1,1,0,0,1,0,0,0
0.00276338,1,1,1,1,1,1,1,1,1,1,0,0,1,0,0,0
0.00276339,1,1,1,1,1,1,0,1,1,1,0,0,1,0,0,0
0.00276341,1,1,1,1,1,1,1,1,1,1,0,0,1,0,0,0
0.00276343,0,1,0,0,1,0,0,0,1,1,0,0,1,0,0,0
0.00276347,0,1,1,1,1,0,0,0,1,1,0,0,1,0,0,0
0.00276348,1,1,1,1,1,1,1,1,1,1,0,0,1,0,0,0
0.00276349,0,1,1,1,1,1,0,0,1,1,0,0,1,0,0,0
0.0027635,0,1,1,0,1,0,0,0,1,1,0,0,1,0,0,0
0.00276351,0,1,0,0,1,0,0,0,1,1,0,0,1,0,0,0
0.00276356,0,1,1,0,1,0,0,0,1,1,0,0,1,0,0,0
0.00276357,0,1,0,0,1,0,0,0,1,1,0,0,1,0,0,0
0.00276381,0,1,0,0,1,0,0,0,0,1,0,0,1,0,0,0
0.00276388,0,1,0,0,1,0,0,0,0,0,0,0,0,0,0,0
0.00276389,0,1,0,0,1,0,0,0,0,1,0,0,1,0,0,0
0.00276434,1,1,1,1,1,0,0,0,0,1,0,0,1,0,0,0
0.00276435,1,1,1,1,1,1,1,1,0,1,0,0,1,0,0,0
0.00276441,1,1,1,0,1,1,0,1,0,1,0,0,1,0,0,0
0.00276442,1,1,0,0,1,1,0,0,0,1,0,0,1,0,0,0
0.00276445,1,1,1,0,1,1,0,0,0,1,0,0,1,0,0,0
0.00276446,1,1,1,1,1,1,1,1,0,1,0,0,1,0,0,0
0.00276447,1,1,1,1,1,1,0,1,0,1,0,0,1,0,0,0
0.00276448,1,1,0,0,1,1,0,0,0,1,0,0,1,0,0,0
0.00276532,1,1,0,0,1,1,0,1,0,1,0,0,1,0,0,0
0.00276534,1,1,1,1,1,1,1,1,0,1,0,0,1,0,0,0
0.00276538,1,0,0,0,1,0,0,0,0,1,0,0,1,0,0,0
0.00276542,1,1,1,1,1,1,0,1,0,1,0,0,1,0,0,0
0.00276543,1,1,1,1,1,1,1,1,0,1,0,0,1,0,0,0
0.00276545,1,1,1,1,1,0,0,0,0,1,0,0,1,0,0,0
0.00276546,1,0,0,0,1,0,0,0,0,1,0,0,1,0,0,0
0.0027655,1,0,1,1,1,0,0,0,0,1,0,0,1,0,0,0
0.00276553,1,0,1,0,1,0,0,0,0,1,0,0,1,0,0,0
0.00276554,1,0,0,0,1,0,0,0,0,1,0,0,1,0,0,0
0.00276576,1,0,0,0,1,0,0,0,0,0,0,0,1,0,0,0
0.00276577,1,0,0,0,1,0,0,0,1,0,0,0,1,0,0,0
0.00276583,1,0,0,0,1,0,0,0,1,0,0,0,0,0,0,0
0.00276584,1,0,0,0,1,0,0,0,0,0,0,0,1,0,0,0
0.00276585,1,0,0,0,1,0,0,0,1,0,0,0,1,0,0,0
0.00276631,1,0,1,0,1,0,0,0,1,0,0,0,1,0,0,0
0.00276632,1,1,1,1,1,1,1,1,1,0,0,0,1,0,0,0
0.00276637,0,0,1,1,1,0,0,1,1,0,0,0,1,0,0,0
0.00276641,0,1,1,1,1,1,0,1,1,0,0,0,1,0,0,0
0.00276642,1,1,1,1,1,1,1,1,1,0,0,0,1,0,0,0
0.00276643,0,1,1,1,1,1,0,1,1,0,0,0,1,0,0,0
0.00276644,0,0,1,1,1,0,0,1,1,0,0,0,1,0,0,0
0.00276727,1,1,1,1,1,0,0,1,1,0,0,0,1,0,0,0
0.00276729,1,1,1,1,1,1,1,1,1,0,0,0,1,0,0,0
0.00276734,0,1,1,0,1,0,0,0,1,0,0,0,1,0,0,0
0.00276739,1,1,1,1,1,1,0,0,1,0,0,0,1,0,0,0
0.00276741,0,1,1,0,1,0,0,0,1,0,0,0,1,0,0,0
0.00276771,0,1,1,0,1,0,0,0,0,0,0,0,1,0,0,0
0.00276772,0,1,1,0,1,0,0,0,0,1,1,0,1,0,0,0
0.00276824,1,1,1,1,1,0,0,0,0,1,1,0,1,0,0,0
0.00276825,0,1,1,1,1,0,0,1,0,1,1,0,1,0,0,0
0.00276826,0,1,1,1,1,0,1,1,0,1,1,0,1,0,0,0
0.00276827,1,1,1,1,1,0,1,1,0,1,1,0,1,0,0,0
0.00276828,1,1,1,1,1,1,1,1,0,1,1,0,1,0,0,0
0.00276832,1,1,1,0,0,0,0,1,0,1,1,0,1,0,0,0
0.00276836,1,1,1,1,0,1,0,1,0,1,1,0,1,0,0,0
0.00276838,1,1,1,0,0,0,0,1,0,1,1,0,1,0,0,0
0.00276922,1,1,1,1,0,0,0,1,0,1,1,0,1,0,0,0
0.00276924,1,1,1,1,0,1,0,1,0,1,1,0,1,0,0,0
0.00276925,1,1,1,1,1,1,1,1,0,1,1,0,1,0,0,0
0.00276929,0,0,0,1,0,0,1,0,0,1,1,0,1,0,0,0
0.00276933,1,0,0,1,0,1,1,0,0,1,1,0,1,0,0,0
0.00276934,1,1,1,1,0,1,1,1,0,1,1,0,1,0,0,0
0.00276936,0,0,0,1,0,1,1,0,0,1,1,0,1,0,0,0
0.00276937,0,0,0,1,0,0,1,0,0,1,1,0,1,0,0,0
0.00276942,0,0,0,1,0,1,1,0,0,1,1,0,1,0,0,0
0.00276943,0,0,0,1,0,0,1,0,0,1,1,0,1,0,0,0
0.00276967,0,0,0,1,0,0,1,0,0,0,0,0,0,0,0,0
0.00276968,0,0,0,1,0,0,1,0,0,0,0,1,0,0,0,1
0.00276974,0,0,0,1,0,0,1,0,0,0,0,1,0,0,0,0
0.00276975,0,0,0,1,0,0,1,0,0,0,0,1,0,0,0,1
0.00277022,1,1,1,1,1,1,1,0,0,0,0,1,0,0,0,1
0.00277023,1,1,1,1,1,1,1,1,0,0,0,1,0,0,0,1
0.00277027,1,1,1,0,0,0,0,1,0,0,0,1,0,0,0,1
0.00277031,1,1,1,0,0,1,0,1,0,0,0,1,0,0,0,1
0.00277032,1,1,1,1,1,1,0,1,0,0,0,1,0,0,0,1
0.00277033,1,1,1,0,0,1,0,1,0,0,0,1,0,0,0,1
0.00277034,1,1,1,0,0,0,0,1,0,0,0,1,0,0,0,1
0.00277123,1,1,1,0,1,1,0,1,0,0,0,1,0,0,0,1
0.00277124,1,1,1,1,1,1,1,1,0,0,0,1,0,0,0,1
0.00277128,1,1,1,1,1,0,1,1,0,0,0,1,0,0,0,1
0.00277131,1,1,0,1,1,1,1,1,0,0,0,1,0,0,0,1
0.00277132,0,1,0,0,1,0,1,1,0,0,0,1,0,0,0,1
0.00277136,1,1,0,1,1,1,1,1,0,0,0,1,0,0,0,1
0.00277137,0,1,0,1,1,1,1,1,0,0,0,1,0,0,0,1
0.00277138,0,1,0,0,1,0,1,1,0,0,0,1,0,0,0,1
0.00277162,0,1,0,0,1,0,1,1,0,0,0,0,0,0,1,0
0.00277163,0,1,0,0,1,0,1,1,0,1,0,0,1,0,1,1
0.0027717,0,1,0,0,1,0,1,1,0,1,0,0,1,0,1,0
0.00277171,0,1,0,0,1,0,1,1,0,1,0,0,1,0,1,1
0.00277215,1,1,0,0,1,0,1,1,0,1,0,0,1,0,1,1
0.00277216,0,1,0,0,1,0,1,1,0,1,0,0,1,0,1,1
0.00277217,1,1,1,1,1,0,1,1,0,1,0,0,1,0,1,1
0.00277218,1,1,1,1,1,1,1,1,0,1,0,0,1,0,1,1
0.00277221,1,1,1,0,0,1,0,1,0,1,0,0,1,0,1,1
0.00277222,1,1,1,0,0,0,0,1,0,1,0,0,1,0,1,1
0.00277225,1,1,1,0,0,1,0,1,0,1,0,0,1,0,1,1
0.00277226,1,1,1,1,0,1,0,1,0,1,0,0,1,0,1,1
0.00277227,1,1,1,0,0,1,0,1,0,1,0,0,1,0,1,1
0.00277228,1,1,1,0,0,0,0,1,0,1,0,0,1,0,1,1
0.00277314,1,1,1,0,0,1,0,1,0,1,0,0,1,0,1,1
0.00277315,1,1,1,1,1,1,1,1,0,1,0,0,1,0,1,1
0.00277411,0,0,0,0,0,0,0,0,0,1,0,0,1,0,1,1
0.00277507,1,0,1,0,0,0,0,0,0,1,0,0,1,0,1,1
0.00277508,0,0,0,0,0,0,0,0,0,1,0,0,1,0,1,1
0.0027751,1,0,1,0,0,0,0,0,0,1,0,0,1,0,1,1
0.00277511,1,1,1,1,1,1,1,1,0,1,0,0,1,0,1,1
0.00277514,1,1,0,1,1,0,0,1,0,1,0,0,1,0,1,1
0.00277516,1,1,1,1,1,1,1,1,0,1,0,0,1,0,1,1
0.00277519,0,1,0,1,1,1,0,1,0,1,0,0,1,0,1,1
0.00277522,1,1,0,0,1,1,0,0,0,1,0,0,1,0,1,1
0.00277523,0,1,0,0,1,1,0,0,0,1,0,0,1,0,1,1
0.00277527,1,1,0,0,1,1,0,0,0,1,0,0,1,0,1,1
0.00277528,0,1,0,0,1,1,0,0,0,1,0,0,1,0,1,1
0.00277553,0,1,0,0,1,1,0,0,0,1,0,0,1,0,0,0
0.00277554,0,1,0,0,1,1,0,0,0,1,0,0,1,1,0,0
0.00277608,1,1,1,1,1,1,1,1,0,1,0,0,1,1,0,0
0.00277612,0,0,0,1,0,0,0,0,0,1,0,0,1,1,0,0
0.00277617,1,1,1,1,0,0,0,1,0,1,0,0,1,1,0,0
0.00277618,1,1,1,1,0,1,1,1,0,1,0,0,1,1,0,0
0.00277619,1,0,1,1,0,0,0,0,0,1,0,0,1,1,0,0
0.0027762,0,0,0,1,0,0,0,0,0,1,0,0,1,1,0,0
0.00277703,1,1,1,1,0,0,0,0,0,1,0,0,1,1,0,0
0.00277704,1,1,1,1,1,1,1,1,0,1,0,0,1,1,0,0
0.0027771,1,1,1,1,0,0,0,0,0,1,0,0,1,1,0,0
0.00277711,1,1,0,1,0,0,0,0,0,1,0,0,1,1,0,0
0.00277715,1,1,1,1,0,1,1,1,0,1,0,0,1,1,0,0
0.00277717,1,1,0,1,0,0,0,0,0,1,0,0,1,1,0,0
0.00277802,1,1,1,1,0,0,0,0,0,1,0,0,1,1,0,0
0.00277803,1,1,1,1,1,1,1,1,0,1,0,0,1,1,0,0
0.00277903,0,0,1,1,1,1,1,1,0,1,0,0,1,1,0,0
0.00277904,0,0,0,1,1,0,0,1,0,1,0,0,1,1,0,0
0.00277906,1,1,1,1,1,1,1,1,0,1,0,0,1,1,0,0
0.0027791,0,1,1,1,1,1,1,1,0,1,0,0,1,1,0,0
0.00277911,0,1,1,0,0,1,1,1,0,1,0,0,1,1,0,0
0.00277912,0,1,1,0,0,1,1,0,0,1,0,0,1,1,0,0
0.00277943,0,1,1,0,0,1,1,0,0,1,0,0,0,1,0,0
0.00277944,0,1,1,0,0,1,1,0,0,1,1,0,0,1,0,1
0.00277951,0,1,1,0,0,1,1,0,0,1,1,0,0,1,0,0
0.00277952,0,1,1,0,0,1,1,0,0,1,1,0,0,1,0,1
0.00277996,1,1,1,1,0,1,1,0,0,1,1,0,0,1,0,1
0.00277997,0,1,1,1,0,1,1,0,0,1,1,0,0,1,0,1
0.00277998,1,1,1,1,1,1,1,1,0,1,1,0,0,1,0,1
0.00278004,0,0,0,0,0,0,0,1,0,1,1,0,0,1,0,1
0.00278008,1,1,1,1,0,1,1,1,0,1,1,0,0,1,0,1
0.00278011,1,1,1,1,0,1,0,1,0,1,1,0,0,1,0,1
0.00278012,0,0,1,1,0,0,0,1,0,1,1,0,0,1,0,1
0.00278013,0,0,0,0,0,0,0,1,0,1,1,0,0,1,0,1
0.00278016,0,0,1,0,0,0,0,1,0,1,1,0,0,1,0,1
0.00278017,0,1,1,1,0,1,0,1,0,1,1,0,0,1,0,1
0.00278018,0,0,1,1,0,0,0,1,0,1,1,0,0,1,0,1
0.00278019,0,0,1,0,0,0,0,1,0,1,1,0,0,1,0,1
0.00278021,0,0,0,0,0,0,0,1,0,1,1,0,0,1,0,1
0.00278024,0,0,1,0,0,0,0,1,0,1,1,0,0,1,0,1
0.00278028,0,0,0,0,0,0,0,1,0,1,1,0,0,1,0,1
0.00278033,0,0,1,0,0,0,0,1,0,1,1,0,0,1,0,1
0.00278035,0,0,0,0,0,0,0,1,0,1,1,0,0,1,0,1
0.00278041,0,0,1,0,0,0,0,1,0,1,1,0,0,1,0,1
0.00278043,0,0,0,0,0,0,0,1,0,1,1,0,0,1,0,1
0.00278094,1,1,1,1,0,0,0,1,0,1,1,0,0,1,0,1
0.00278095,1,1,1,1,1,1,1,1,0,1,1,0,0,1,0,1
0.00278099,0,0,1,0,1,1,1,1,0,1,1,0,0,1,0,1
0.002781,0,0,0,0,0,0,1,0,0,1,1,0,0,1,0,1
0.00278103,1,1,1,1,0,1,1,0,0,1,1,0,0,1,0,1
0.00278104,1,1,1,1,0,1,1,1,0,1,1,0,0,1,0,1
0.00278105,1,1,1,1,1,1,1,1,0,1,1,0,0,1,0,1
0.00278107,1,1,1,1,0,1,1,0,0,1,1,0,0,1,0,1
0.00278108,0,0,1,0,0,1,1,0,0,1,1,0,0,1,0,1
0.00278109,0,0,0,0,0,0,1,0,0,1,1,0,0,1,0,1
0.00278111,0,0,1,1,0,1,1,0,0,1,1,0,0,1,0,1
0.00278112,1,1,1,1,0,1,1,0,0,1,1,0,0,1,0,1
0.00278115,0,1,1,1,0,1,1,0,0,1,1,0,0,1,0,1
0.00278116,0,0,1,1,0,1,1,0,0,1,1,0,0,1,0,1
0.00278117,0,0,1,0,0,1,1,0,0,1,1,0,0,1,0,1
0.00278119,0,0,1,1,0,1,1,0,0,1,1,0,0,1,0,1
0.00278133,0,0,1,0,0,1,1,0,0,1,1,0,0,1,0,1
0.00278139,0,0,1,1,0,1,1,0,0,1,1,0,0,1,0,1
0.00278141,0,0,1,0,0,1,1,0,0,1,1,0,0,1,0,1
0.00278176,0,0,0,0,0,0,1,0,0,1,1,0,0,1,0,1
0.00278177,0,0,1,0,0,1,1,0,0,1,1,0,0,1,0,1
0.00278179,0,0,0,0,0,1,1,0,0,1,1,0,0,1,0,1
0.0027818,0,0,0,0,0,0,1,0,0,1,1,0,0,1,0,1
0.00278182,0,0,1,0,0,1,1,0,0,1,1,0,0,1,0,1
0.00278184,0,0,0,0,0,0,1,0,0,1,1,0,0,1,0,1
0.00278188,0,0,1,0,0,1,1,0,0,1,1,0,0,1,0,1
0.00278189,0,0,0,0,0,0,1,0,0,1,1,0,0,1,0,1
0.0027819,0,0,1,0,0,1,1,0,0,1,1,0,0,1,0,1
0.00278191,0,0,1,0,0,0,1,0,0,1,1,0,0,1,0,1
0.00278192,0,0,0,0,0,0,1,0,0,1,1,0,0,1,0,1
0.00278193,1,0,1,1,0,1,1,0,0,1,1,0,0,1,0,1
0.00278194,1,1,1,1,1,1,1,1,0,1,1,0,0,1,0,1
0.00278198,1,1,1,1,0,1,0,1,0,1,1,0,0,1,0,1
0.00278199,0,1,1,1,0,1,0,0,0,1,1,0,0,1,0,1
0.00278202,1,1,1,1,0,1,0,1,0,1,1,0,0,1,0,1
0.00278203,1,1,1,1,1,1,0,1,0,1,1,0,0,1,0,1
0.00278205,0,1,1,1,0,1,0,0,0,1,1,0,0,1,0,1
0.0027821,1,1,1,1,0,1,0,0,0,1,1,0,0,1,0,1
0.00278211,0,1,1,1,0,1,0,0,0,1,1,0,0,1,0,1
0.00278289,1,1,1,1,0,1,0,1,0,1,1,0,0,1,0,1
0.0027829,1,1,1,1,1,1,0,1,0,1,1,0,0,1,0,1
0.00278291,1,1,1,1,1,1,1,1,0,1,1,0,0,1,0,1
0.00278392,0,1,1,1,0,1,0,0,0,1,1,0,0,1,0,1
0.00278396,1,1,1,1,0,1,0,1,0,1,1,0,0,1,0,1
0.00278397,1,1,1,1,1,1,1,1,0,1,1,0,0,1,0,1
0.00278398,0,1,1,1,0,1,0,1,0,1,1,0,0,1,0,1
0.00278399,0,1,1,1,0,1,0,0,0,1,1,0,0,1,0,1
0.00278495,1,1,1,1,1,1,1,1,0,1,1,0,0,1,0,1
0.00278496,0,0,1,0,1,1,1,1,0,1,1,0,0,1,0,1
0.00278497,0,0,1,0,1,0,0,0,0,1,1,0,0,1,0,1
0.00278501,1,0,1,0,1,0,0,1,0,1,1,0,0,1,0,1
0.00278503,0,0,1,0,1,0,0,0,0,1,1,0,0,1,0,1
0.00278529,0,0,1,0,1,0,0,0,0,0,1,0,0,0,0,0
0.0027853,0,0,1,0,1,0,0,0,0,0,1,0,1,0,0,0
0.00278582,0,0,1,1,1,0,0,0,0,0,1,0,1,0,0,0
0.00278583,0,0,1,0,1,0,0,0,0,0,1,0,1,0,0,0
0.00278584,1,1,1,1,1,1,1,1,0,0,1,0,1,0,0,0
0.00278686,0,0,0,0,0,0,1,0,0,0,1,0,1,0,0,0
0.00278691,1,0,1,1,0,1,1,1,0,0,1,0,1,0,0,0
0.00278692,1,1,1,1,0,1,1,1,0,0,1,0,1,0,0,0
0.00278693,1,0,1,1,0,1,1,1,0,0,1,0,1,0,0,0
0.00278694,0,0,0,0,0,0,1,1,0,0,1,0,1,0,0,0
0.00278695,0,0,0,0,0,0,1,0,0,0,1,0,1,0,0,0
0.00278777,0,0,1,0,0,0,1,0,0,0,1,0,1,0,0,0
0.00278779,0,0,0,1,0,0,1,0,0,0,1,0,1,0,0,0
0.0027878,1,1,1,1,1,1,1,1,0,0,1,0,1,0,0,0
0.00278784,1,1,1,1,1,1,0,1,0,0,1,0,1,0,0,0
0.00278785,1,1,0,0,1,0,0,0,0,0,1,0,1,0,0,0
0.00278789,1,1,1,1,1,1,0,1,0,0,1,0,1,0,0,0
0.00278792,1,1,1,1,1,0,0,0,0,0,1,0,1,0,0,0
0.00278793,1,1,0,0,1,0,0,0,0,0,1,0,1,0,0,0
0.00278796,1,1,1,1,1,0,0,0,0,0,1,0,1,0,0,0
0.00278797,1,1,1,1,1,1,0,1,0,0,1,0,1,0,0,0
0.00278799,1,1,1,0,1,0,0,0,0,0,1,0,1,0,0,0
0.002788,1,1,0,0,1,0,0,0,0,0,1,0,1,0,0,0
0.00278803,1,1,1,0,1,0,0,0,0,0,1,0,1,0,0,0
0.00278816,1,1,0,0,1,0,0,0,0,0,1,0,1,0,0,0
0.00278819,1,1,1,0,1,0,0,0,0,0,1,0,1,0,0,0
0.00278822,1,1,1,0,1,0,0,0,0,1,0,0,1,0,0,0
0.00278823,1,1,0,0,1,0,0,0,1,1,0,0,1,0,0,0
0.00278826,1,1,1,0,1,0,0,0,1,1,0,0,1,0,0,0
0.00278829,1,1,1,0,1,0,0,0,0,0,0,0,0,0,0,0
0.0027883,1,1,0,0,1,0,0,0,1,1,0,0,1,0,0,0
0.00278834,1,1,1,0,1,0,0,0,1,1,0,0,1,0,0,0
0.00278837,1,1,0,0,1,0,0,0,1,1,0,0,1,0,0,0
0.00278875,1,1,1,1,1,0,0,0,1,1,0,0,1,0,0,0
0.00278876,1,1,1,0,1,0,0,0,1,1,0,0,1,0,0,0
0.00278877,1,1,1,1,1,1,1,1,1,1,0,0,1,0,0,0
0.00278882,1,0,0,0,1,1,0,1,1,1,0,0,1,0,0,0
0.00278886,1,1,1,1,1,1,1,1,1,1,0,0,1,0,0,0
0.00278888,1,0,1,1,1,1,0,1,1,1,0,0,1,0,0,0
0.00278889,1,0,0,0,1,1,0,1,1,1,0,0,1,0,0,0
0.00278893,1,0,1,0,1,1,0,1,1,1,0,0,1,0,0,0
0.00278894,1,0,1,1,1,1,0,1,1,1,0,0,1,0,0,0
0.00278895,1,0,1,0,1,1,0,1,1,1,0,0,1,0,0,0
0.00278896,1,0,0,0,1,1,0,1,1,1,0,0,1,0,0,0
0.00278972,1,1,1,1,1,1,0,1,1,1,0,0,1,0,0,0
0.00278974,1,1,1,1,1,1,1,1,1,1,0,0,1,0,0,0
0.0027898,0,1,1,0,1,0,0,0,1,1,0,0,1,0,0,0
0.00278981,0,1,0,0,1,0,0,0,1,1,0,0,1,0,0,0
0.00278984,0,1,1,1,1,0,0,0,1,1,0,0,1,0,0,0
0.00278985,1,1,1,1,1,1,0,1,1,1,0,0,1,0,0,0
0.00278986,1,1,1,1,1,1,1,1,1,1,0,0,1,0,0,0
0.00278987,1,1,1,1,1,1,0,0,1,1,0,0,1,0,0,0
0.00278988,0,1,1,1,1,0,0,0,1,1,0,0,1,0,0,0
0.00278989,0,1,0,0,1,0,0,0,1,1,0,0,1,0,0,0
0.00278992,0,1,1,1,1,0,0,0,1,1,0,0,1,0,0,0
0.00278993,1,1,1,1,1,0,0,0,1,1,0,0,1,0,0,0
0.00278994,0,1,1,1,1,0,0,0,1,1,0,0,1,0,0,0
0.00278997,0,1,1,0,1,0,0,0,1,1,0,0,1,0,0,0
0.00278999,0,1,1,1,1,0,0,0,1,1,0,0,1,0,0,0
0.00279012,0,1,1,0,1,0,0,0,1,1,0,0,1,0,0,0
0.00279015,0,1,1,1,1,0,0,0,1,1,0,0,1,0,0,0
0.00279017,0,1,1,1,1,0,0,0,0,1,0,0,1,0,0,0
0.00279019,0,1,1,0,1,0,0,0,0,1,0,0,1,0,0,0
0.00279022,0,1,1,1,1,0,0,0,0,1,0,0,1,0,0,0
0.00279024,0,1,1,1,1,0,0,0,0,0,0,0,1,0,0,0
0.00279025,0,1,1,0,1,0,0,0,0,1,0,0,1,0,0,0
0.00279028,0,1,0,0,1,0,0,0,0,1,0,0,1,0,0,0
0.00279029,0,1,1,0,1,0,0,0,0,1,0,0,1,0,0,0
0.0027903,0,1,1,1,1,0,0,0,0,1,0,0,1,0,0,0
0.00279032,0,1,1,0,1,0,0,0,0,1,0,0,1,0,0,0
0.00279034,0,1,0,0,1,0,0,0,0,1,0,0,1,0,0,0
0.00279036,0,1,1,0,1,0,0,0,0,1,0,0,1,0,0,0
0.00279044,0,1,0,0,1,0,0,0,0,1,0,0,1,0,0,0
0.00279045,0,1,1,0,1,0,0,0,0,1,0,0,1,0,0,0
0.00279048,0,1,0,0,1,0,0,0,0,1,0,0,1,0,0,0
0.0027905,0,1,1,0,1,0,0,0,0,1,0,0,1,0,0,0
0.00279052,0,1,0,0,1,0,0,0,0,1,0,0,1,0,0,0
0.0027907,1,1,0,0,1,0,0,0,0,1,0,0,1,0,0,0
0.00279071,1,1,1,1,1,0,0,0,0,1,0,0,1,0,0,0
0.00279072,1,1,1,1,1,0,0,1,0,1,0,0,1,0,0,0
0.00279073,1,1,1,1,1,1,1,1,0,1,0,0,1,0,0,0
0.00279076,1,1,0,0,1,1,1,1,0,1,0,0,1,0,0,0
0.00279077,1,1,0,0,1,1,0,0,0,1,0,0,1,0,0,0
0.0027908,1,1,1,1,1,1,0,1,0,1,0,0,1,0,0,0
0.00279081,1,1,1,1,1,1,1,1,0,1,0,0,1,0,0,0
0.00279082,1,1,1,1,1,1,0,0,0,1,0,0,1,0,0,0
0.00279083,1,1,0,0,1,1,0,0,0,1,0,0,1,0,0,0
0.00279088,1,1,1,0,1,1,0,0,0,1,0,0,1,0,0,0
0.0027909,1,1,0,0,1,1,0,0,0,1,0,0,1,0,0,0
0.00279169,1,1,0,0,1,1,0,1,0,1,0,0,1,0,0,0
0.0027917,1,1,1,1,1,1,1,1,0,1,0,0,1,0,0,0
0.00279175,1,0,0,0,1,0,0,0,0,1,0,0,1,0,0,0
0.00279179,1,1,1,1,1,1,1,1,0,1,0,0,1,0,0,0
0.00279182,1,1,1,1,1,1,0,1,0,1,0,0,1,0,0,0
0.00279183,1,0,1,1,1,0,0,0,0,1,0,0,1,0,0,0
0.00279184,1,0,0,0,1,0,0,0,0,1,0,0,1,0,0,0
0.00279186,1,0,1,1,1,0,0,0,0,1,0,0,1,0,0,0
0.00279188,1,0,1,1,1,0,0,1,0,1,0,0,1,0,0,0
0.00279189,1,0,1,1,1,0,0,0,0,1,0,0,1,0,0,0
0.00279207,1,0,1,0,1,0,0,0,0,1,0,0,1,0,0,0
0.00279208,1,0,1,1,1,0,0,0,0,1,0,0,1,0,0,0
0.00279212,1,0,1,1,1,0,0,0,0,0,0,0,1,0,0,0
0.00279213,1,0,1,1,1,0,0,0,1,0,0,0,1,0,0,0
0.00279214,1,0,1,0,1,0,0,0,1,0,0,0,1,0,0,0
0.00279217,1,0,1,1,1,0,0,0,1,0,0,0,1,0,0,0
0.0027922,1,0,1,1,1,0,0,0,0,0,0,0,1,0,0,0
0.00279221,1,0,1,0,1,0,0,0,1,0,0,0,1,0,0,0
0.00279223,1,0,0,0,1,0,0,0,1,0,0,0,1,0,0,0
0.00279224,1,0,1,0,1,0,0,0,1,0,0,0,1,0,0,0
0.00279225,1,0,1,1,1,0,0,0,1,0,0,0,1,0,0,0
0.00279228,1,0,1,0,1,0,0,0,1,0,0,0,1,0,0,0
0.00279249,1,0,0,0,1,0,0,0,1,0,0,0,1,0,0,0
0.0027925,1,0,1,0,1,0,0,0,1,0,0,0,1,0,0,0
0.00279251,1,0,0,0,1,0,0,0,1,0,0,0,1,0,0,0
0.00279253,1,0,1,0,1,0,0,0,1,0,0,0,1,0,0,0
0.00279255,1,0,0,0,1,0,0,0,1,0,0,0,1,0,0,0
0.00279256,1,0,1,0,1,0,0,0,1,0,0,0,1,0,0,0
0.00279258,1,0,0,0,1,0,0,0,1,0,0,0,1,0,0,0
0.00279263,1,0,1,0,1,0,0,0,1,0,0,0,1,0,0,0
0.00279264,1,0,0,0,1,0,0,0,1,0,0,0,1,0,0,0
0.00279265,1,1,1,1,1,0,0,0,1,0,0,0,1,0,0,0
0.00279267,1,1,1,1,1,1,1,1,1,0,0,0,1,0,0,0
0.00279272,0,0,1,1,1,1,0,1,1,0,0,0,1,0,0,0
0.00279273,0,0,1,1,1,0,0,1,1,0,0,0,1,0,0,0
0.00279276,1,1,1,1,1,1,0,1,1,0,0,0,1,0,0,0
0.00279277,1,1,1,1,1,1,1,1,1,0,0,0,1,0,0,0
0.00279278,0,1,1,1,1,1,0,1,1,0,0,0,1,0,0,0
0.00279279,0,0,1,1,1,0,0,1,1,0,0,0,1,0,0,0
0.00279363,1,1,1,1,1,0,0,1,1,0,0,0,1,0,0,0
0.00279365,1,1,1,1,1,1,1,1,1,0,0,0,1,0,0,0
0.00279366,1,0,1,1,1,1,1,1,1,0,0,0,1,0,0,0
0.00279367,1,1,1,1,1,1,1,1,1,0,0,0,1,0,0,0
0.0027937,1,1,1,1,0,1,1,1,1,0,0,0,1,0,0,0
0.00279371,1,0,0,0,0,1,0,0,1,0,0,0,1,0,0,0
0.00279374,1,1,1,0,0,1,0,0,1,0,0,0,1,0,0,0
0.00279375,1,1,1,1,0,1,1,1,1,0,0,0,1,0,0,0
0.00279378,1,1,1,1,0,1,0,1,1,0,0,0,1,0,0,0
0.00279379,1,1,1,0,0,1,0,0,1,0,0,0,1,0,0,0
0.0027938,1,0,0,0,0,1,0,0,1,0,0,0,1,0,0,0
0.00279382,1,1,1,1,0,1,0,0,1,0,0,0,1,0,0,0
0.00279387,1,1,1,0,0,1,0,0,1,0,0,0,1,0,0,0
0.00279389,1,1,1,1,0,1,0,0,1,0,0,0,1,0,0,0
0.00279407,1,1,1,1,0,1,0,0,1,0,0,0,0,0,0,0
0.00279409,1,0,1,1,0,1,0,0,1,0,0,0,0,1,0,0
0.0027941,1,0,1,0,0,1,0,0,1,0,0,0,0,1,0,0
0.00279412,1,1,1,1,0,1,0,0,1,0,0,0,0,1,0,0
0.00279415,1,0,1,1,0,1,0,0,1,0,0,0,0,1,0,0
0.00279417,1,1,1,1,0,1,0,0,1,0,0,0,0,1,0,0
0.00279418,1,0,1,1,0,1,0,0,1,0,0,0,0,1,0,0
0.00279419,1,0,1,0,0,1,0,0,1,0,0,0,0,1,0,0
0.0027942,1,0,1,1,0,1,0,0,1,0,0,0,0,1,0,0
0.00279421,1,1,1,1,0,1,0,0,1,0,0,0,0,1,0,0
0.00279422,1,0,1,1,0,1,0,0,1,0,0,0,0,1,0,0
0.00279424,1,0,1,0,0,1,0,0,1,0,0,0,0,1,0,0
0.00279425,1,0,1,1,0,1,0,0,1,0,0,0,0,1,0,0
0.00279438,1,0,1,0,0,1,0,0,1,0,0,0,0,1,0,0
0.00279443,1,0,1,1,0,1,0,0,1,0,0,0,0,1,0,0
0.00279444,1,0,1,0,0,1,0,0,1,0,0,0,0,1,0,0
0.00279452,1,0,1,1,0,1,0,0,1,0,0,0,0,1,0,0
0.00279453,1,0,1,0,0,1,0,0,1,0,0,0,0,1,0,0
0.00279458,1,0,1,1,0,1,0,0,1,0,0,0,0,1,0,0
0.00279459,1,0,1,0,0,1,0,0,1,0,0,0,0,1,0,0
0.0027946,1,0,0,0,0,1,0,0,1,0,0,0,0,1,0,0
0.00279461,1,0,1,0,0,1,0,0,1,0,0,0,0,1,0,0
0.00279462,1,0,1,1,0,1,0,0,1,0,0,0,0,1,0,0
0.00279463,1,1,1,1,1,1,0,1,1,0,0,0,0,1,0,0
0.00279464,1,1,1,1,1,1,1,1,1,0,0,0,0,1,0,0
0.00279467,0,0,0,0,0,0,0,1,1,0,0,0,0,1,0,0
0.00279471,0,1,1,1,0,0,0,1,1,0,0,0,0,1,0,0
0.00279472,0,1,1,1,0,0,1,1,1,0,0,0,0,1,0,0
0.00279473,0,1,1,1,0,1,1,1,1,0,0,0,0,1,0,0
0.00279474,0,1,1,1,0,0,1,1,1,0,0,0,0,1,0,0
0.00279475,0,0,1,1,0,0,0,1,1,0,0,0,0,1,0,0
0.00279476,0,0,0,0,0,0,0,1,1,0,0,0,0,1,0,0
0.00279479,0,0,1,1,0,0,0,1,1,0,0,0,0,1,0,0
0.00279483,0,0,1,0,0,0,0,1,1,0,0,0,0,1,0,0
0.00279484,0,0,0,0,0,0,0,1,1,0,0,0,0,1,0,0
0.00279487,0,0,1,0,0,0,0,1,1,0,0,0,0,1,0,0
0.00279488,0,0,1,1,0,0,0,1,1,0,0,0,0,1,0,0
0.0027949,0,0,1,0,0,0,0,1,1,0,0,0,0,1,0,0
0.00279493,0,0,0,0,0,0,0,1,1,0,0,0,0,1,0,0
0.00279497,0,0,1,0,0,0,0,1,1,0,0,0,0,1,0,0
0.00279499,0,0,0,0,0,0,0,1,1,0,0,0,0,1,0,0
0.00279503,0,0,1,0,0,0,0,1,1,0,0,0,0,1,0,0
0.00279504,0,0,0,0,0,0,0,1,1,0,0,0,0,1,0,0
0.00279505,0,0,1,0,0,0,0,1,1,0,0,0,0,1,0,0
0.00279506,0,0,0,0,0,0,0,1,1,0,0,0,0,1,0,0
0.00279558,1,1,1,1,0,0,0,1,1,0,0,0,0,1,0,0
0.00279559,1,1,1,1,1,1,1,1,1,0,0,0,0,1,0,0
0.00279566,0,0,0,0,0,0,1,0,1,0,0,0,0,1,0,0
0.0027957,1,1,1,1,0,1,1,0,1,0,0,0,0,1,0,0
0.00279571,1,1,1,1,1,1,1,1,1,0,0,0,0,1,0,0
0.00279572,1,1,1,1,0,1,1,0,1,0,0,0,0,1,0,0
0.00279573,1,1,1,1,0,0,1,0,1,0,0,0,0,1,0,0
0.00279574,0,0,0,0,0,0,1,0,1,0,0,0,0,1,0,0
0.00279578,0,0,1,1,0,0,1,0,1,0,0,0,0,1,0,0
0.00279582,0,0,0,0,0,0,1,0,1,0,0,0,0,1,0,0
0.00279586,0,0,1,0,0,0,1,0,1,0,0,0,0,1,0,0
0.00279588,0,0,1,1,0,0,1,0,1,0,0,0,0,1,0,0
0.00279589,0,0,1,0,0,0,1,0,1,0,0,0,0,1,0,0
0.00279591,0,0,0,0,0,0,1,0,1,0,0,0,0,1,0,0
0.00279593,0,0,1,0,0,0,1,0,1,0,0,0,0,1,0,0
0.00279597,0,0,0,0,0,0,1,0,1,0,0,0,0,1,0,0
0.00279601,0,0,1,0,0,0,1,0,1,0,0,0,0,1,0,0
0.00279602,0,0,0,0,0,0,1,0,1,0,0,0,0,1,0,0
0.00279603,0,0,1,0,0,0,1,0,1,0,0,0,0,1,0,0
0.00279604,0,0,0,0,0,0,1,0,1,0,0,0,0,1,0,0
0.00279656,1,1,1,0,0,0,1,0,1,0,0,0,0,1,0,0
0.00279657,0,1,1,1,0,0,1,0,1,0,0,0,0,1,0,0
0.00279658,1,1,1,1,1,1,1,0,1,0,0,0,0,1,0,0
0.00279659,1,1,1,1,1,1,1,1,1,0,0,0,0,1,0,0
0.00279663,0,1,1,1,0,1,0,0,1,0,0,0,0,1,0,0
0.00279667,1,1,1,1,0,1,0,1,1,0,0,0,0,1,0,0
0.00279668,1,1,1,1,1,1,1,1,1,0,0,0,0,1,0,0
0.00279669,1,1,1,1,0,1,1,1,1,0,0,0,0,1,0,0
0.0027967,0,1,1,1,0,1,0,0,1,0,0,0,0,1,0,0
0.00279675,1,1,1,1,0,1,0,0,1,0,0,0,0,1,0,0
0.00279676,0,1,1,1,0,1,0,0,1,0,0,0,0,1,0,0
0.00279759,0,1,1,1,0,1,1,0,1,0,0,0,0,1,0,0
0.0027976,1,1,1,1,1,1,1,1,1,0,0,0,0,1,0,0
0.00279765,0,1,0,0,1,1,1,1,1,0,0,0,0,1,0,0
0.00279766,0,1,0,0,1,0,1,1,1,0,0,0,0,1,0,0
0.0027977,1,1,0,0,1,0,1,1,1,0,0,0,0,1,0,0
0.00279772,0,1,0,0,1,0,1,1,1,0,0,0,0,1,0,0
0.00279798,0,1,0,0,1,0,1,1,0,1,0,0,0,0,0,0
0.00279799,0,1,0,0,1,0,1,1,0,1,0,0,1,0,1,1
0.00279851,1,1,1,1,1,0,1,1,0,1,0,0,1,0,1,1
0.00279854,1,1,1,1,1,1,1,1,0,1,0,0,1,0,1,1
0.00279858,1,1,1,1,1,1,0,1,0,1,0,0,1,0,1,1
0.00279859,0,1,1,1,0,1,0,0,0,1,0,0,1,0,1,1
0.00279863,1,1,1,1,0,1,0,1,0,1,0,0,1,0,1,1
0.00279864,1,1,1,1,0,1,1,1,0,1,0,0,1,0,1,1
0.00279865,0,1,1,1,0,1,0,0,0,1,0,0,1,0,1,1
0.0027995,1,1,1,1,0,1,0,1,0,1,0,0,1,0,1,1
0.00279951,1,1,1,1,1,1,1,1,0,1,0,0,1,0,1,1
0.00280047,0,0,0,0,0,0,0,0,0,1,0,0,1,0,1,1
0.00280051,1,1,1,0,0,0,0,0,0,1,0,0,1,0,1,1
0.00280052,1,0,0,0,0,0,1,0,0,1,0,0,1,0,1,1
0.00280053,0,0,0,0,0,0,0,0,0,1,0,0,1,0,1,1
0.00280143,1,1,1,0,0,0,0,0,0,1,0,0,1,0,1,1
0.00280144,1,0,1,0,0,0,0,0,0,1,0,0,1,0,1,1
0.00280145,0,0,0,0,0,0,0,0,0,1,0,0,1,0,1,1
0.00280147,0,1,1,1,0,0,0,0,0,1,0,0,1,0,1,1
0.00280148,0,1,1,1,0,1,0,0,0,1,0,0,1,0,1,1
0.00280149,1,1,1,1,0,1,0,0,0,1,0,0,1,0,1,1
0.0028015,1,1,1,1,1,1,1,0,0,1,0,0,1,0,1,1
0.00280151,1,1,1,1,1,1,0,0,0,1,0,0,1,0,1,1
0.00280152,1,1,1,1,1,1,1,1,0,1,0,0,1,0,1,1
0.00280156,0,1,0,0,1,1,0,0,0,1,0,0,1,0,1,1
0.0028016,1,1,1,0,1,1,1,0,0,1,0,0,1,0,1,1
0.00280161,1,1,1,0,1,1,1,1,0,1,0,0,1,0,1,1
0.00280162,1,1,1,0,1,1,0,0,0,1,0,0,1,0,1,1
0.00280163,0,1,0,0,1,1,0,0,0,1,0,0,1,0,1,1
0.00280189,0,1,0,0,1,1,0,0,0,1,0,0,1,0,0,0
0.0028019,0,1,0,0,1,1,0,0,0,1,0,0,1,1,0,0
0.00280244,1,1,1,1,1,1,0,0,0,1,0,0,1,1,0,0
0.00280245,1,1,1,1,1,1,1,1,0,1,0,0,1,1,0,0
0.00280249,1,1,0,1,0,0,0,0,0,1,0,0,1,1,0,0
0.00280253,1,1,1,1,0,1,1,1,0,1,0,0,1,1,0,0
0.00280255,1,1,1,1,0,0,0,0,0,1,0,0,1,1,0,0
0.00280256,1,1,0,1,0,0,0,0,0,1,0,0,1,1,0,0
0.00280261,1,1,1,1,0,0,0,0,0,1,0,0,1,1,0,0
0.00280263,1,1,0,1,0,0,0,0,0,1,0,0,1,1,0,0
0.00280339,1,1,1,1,0,0,0,0,0,1,0,0,1,1,0,0
0.0028034,1,1,1,1,1,1,0,1,0,1,0,0,1,1,0,0
0.00280341,1,1,1,1,1,1,1,1,0,1,0,0,1,1,0,0
0.00280345,1,1,1,1,1,1,0,1,0,1,0,0,1,1,0,0
0.00280346,1,1,0,1,0,0,0,0,0,1,0,0,1,1,0,0
0.00280349,1,1,1,1,0,0,0,0,0,1,0,0,1,1,0,0
0.0028035,1,1,1,1,0,1,1,1,0,1,0,0,1,1,0,0
0.00280351,1,1,1,1,1,1,1,1,0,1,0,0,1,1,0,0
0.00280352,1,1,1,1,0,1,0,0,0,1,0,0,1,1,0,0
0.00280353,1,1,1,1,0,0,0,0,0,1,0,0,1,1,0,0
0.00280354,1,1,0,1,0,0,0,0,0,1,0,0,1,1,0,0
0.00280357,1,1,1,1,0,0,0,0,0,1,0,0,1,1,0,0
0.00280361,1,1,0,1,0,0,0,0,0,1,0,0,1,1,0,0
0.00280366,1,1,1,1,0,0,0,0,0,1,0,0,1,1,0,0
0.00280367,1,1,0,1,0,0,0,0,0,1,0,0,1,1,0,0
0.00280437,1,1,1,1,0,0,0,0,0,1,0,0,1,1,0,0
0.00280438,1,1,1,1,0,1,0,1,0,1,0,0,1,1,0,0
0.00280439,1,1,1,1,1,1,1,1,0,1,0,0,1,1,0,0
0.00280537,1,1,1,1,0,1,1,1,0,1,0,0,1,1,0,0
0.00280538,1,1,1,1,1,1,1,1,0,1,0,0,1,1,0,0
0.00280539,0,0,1,1,1,1,1,1,0,1,0,0,1,1,0,0
0.0028054,0,0,0,1,1,0,0,1,0,1,0,0,1,1,0,0
0.00280542,0,1,1,1,1,1,0,1,0,1,0,0,1,1,0,0
0.00280543,0,1,1,1,1,1,1,1,0,1,0,0,1,1,0,0
0.00280544,1,1,1,1,1,1,1,1,0,1,0,0,1,1,0,0
0.00280546,0,1,1,1,1,1,1,1,0,1,0,0,1,1,0,0
0.00280547,1,1,1,1,1,1,1,1,0,1,0,0,1,1,0,0
0.00280548,1,1,1,0,0,1,1,0,0,1,0,0,1,1,0,0
0.00280549,0,1,1,0,0,1,1,0,0,1,0,0,1,1,0,0
0.00280579,0,1,1,0,0,1,1,0,0,1,0,0,0,1,0,0
0.0028058,0,1,1,0,0,1,1,0,0,1,1,0,0,1,0,1
0.00280587,0,1,1,0,0,1,1,0,0,1,1,0,0,1,0,0
0.00280588,0,1,1,0,0,1,1,0,0,1,1,0,0,1,0,1
0.00280632,0,1,1,1,0,1,1,0,0,1,1,0,0,1,0,1
0.00280633,0,1,1,0,0,1,1,0,0,1,1,0,0,1,0,1
0.00280634,1,1,1,1,1,1,1,0,0,1,1,0,0,1,0,1
0.00280635,1,1,1,1,1,1,1,1,0,1,1,0,0,1,0,1
0.00280639,0,0,0,0,0,0,0,1,0,1,1,0,0,1,0,1
0.00280643,1,1,1,1,0,1,1,1,0,1,1,0,0,1,0,1
0.00280644,1,1,1,1,0,1,0,1,0,1,1,0,0,1,0,1
0.00280645,1,1,1,1,1,1,1,1,0,1,1,0,0,1,0,1
0.00280646,1,1,1,1,0,1,0,1,0,1,1,0,0,1,0,1
0.00280647,1,0,1,1,0,1,0,1,0,1,1,0,0,1,0,1
0.00280648,0,0,0,0,0,0,0,1,0,1,1,0,0,1,0,1
0.00280651,0,0,1,1,0,0,0,1,0,1,1,0,0,1,0,1
0.00280652,1,0,1,1,0,1,0,1,0,1,1,0,0,1,0,1
0.00280654,0,0,1,1,0,0,0,1,0,1,1,0,0,1,0,1
0.00280656,0,0,1,0,0,0,0,1,0,1,1,0,0,1,0,1
0.00280657,0,0,0,0,0,0,0,1,0,1,1,0,0,1,0,1
0.00280658,0,0,1,0,0,0,0,1,0,1,1,0,0,1,0,1
0.0028066,0,0,1,1,0,0,0,1,0,1,1,0,0,1,0,1
0.00280661,0,0,1,0,0,0,0,1,0,1,1,0,0,1,0,1
0.00280676,0,0,0,0,0,0,0,1,0,1,1,0,0,1,0,1
0.00280677,0,0,1,0,0,0,0,1,0,1,1,0,0,1,0,1
0.0028068,0,0,0,0,0,0,0,1,0,1,1,0,0,1,0,1
0.00280682,0,0,1,0,0,0,0,1,0,1,1,0,0,1,0,1
0.00280689,0,0,0,0,0,0,0,1,0,1,1,0,0,1,0,1
0.0028069,0,0,1,0,0,0,0,1,0,1,1,0,0,1,0,1
0.00280698,0,0,0,0,0,0,0,1,0,1,1,0,0,1,0,1
0.002807,0,0,1,0,0,0,0,1,0,1,1,0,0,1,0,1
0.00280702,0,0,0,0,0,0,0,1,0,1,1,0,0,1,0,1
0.00280705,0,0,1,0,0,0,0,1,0,1,1,0,0,1,0,1
0.00280706,0,0,0,0,0,0,0,1,0,1,1,0,0,1,0,1
0.00280726,0,0,1,0,0,0,0,1,0,1,1,0,0,1,0,1
0.00280727,0,0,0,0,0,0,0,1,0,1,1,0,0,1,0,1
0.00280729,0,0,1,0,0,0,0,1,0,1,1,0,0,1,0,1
0.0028073,1,1,0,0,0,0,0,1,0,1,1,0,0,1,0,1
0.00280731,1,1,1,1,1,0,0,1,0,1,1,0,0,1,0,1
0.00280732,1,1,1,1,1,1,1,1,0,1,1,0,0,1,0,1
0.00280738,0,0,0,0,0,0,1,0,0,1,1,0,0,1,0,1
0.00280742,1,1,1,1,0,1,1,0,0,1,1,0,0,1,0,1
0.00280743,1,1,1,1,1,1,1,0,0,1,1,0,0,1,0,1
0.00280745,1,1,1,1,0,1,1,0,0,1,1,0,0,1,0,1
0.00280746,0,0,1,0,0,0,1,0,0,1,1,0,0,1,0,1
0.00280747,0,0,0,0,0,0,1,0,0,1,1,0,0,1,0,1
0.0028075,1,0,1,1,0,1,1,0,0,1,1,0,0,1,0,1
0.00280751,1,1,1,1,0,1,1,0,0,1,1,0,0,1,0,1
0.00280753,0,0,1,1,0,0,1,0,0,1,1,0,0,1,0,1
0.00280754,0,0,1,0,0,0,1,0,0,1,1,0,0,1,0,1
0.00280759,0,0,1,1,0,0,1,0,0,1,1,0,0,1,0,1
0.00280761,0,0,1,0,0,0,1,0,0,1,1,0,0,1,0,1
0.00280797,0,0,0,0,0,0,1,0,0,1,1,0,0,1,0,1
0.00280799,0,0,1,0,0,0,1,0,0,1,1,0,0,1,0,1
0.00280802,0,0,0,0,0,0,1,0,0,1,1,0,0,1,0,1
0.00280827,1,0,1,0,0,0,1,0,0,1,1,0,0,1,0,1
0.00280828,1,1,1,1,0,0,1,0,0,1,1,0,0,1,0,1
0.00280829,1,1,1,1,1,1,1,0,0,1,1,0,0,1,0,1
0.0028083,1,1,1,1,1,1,1,1,0,1,1,0,0,1,0,1
0.00280834,1,1,1,1,1,1,0,1,0,1,1,0,0,1,0,1
0.00280835,0,1,1,1,0,1,0,0,0,1,1,0,0,1,0,1
0.00280839,1,1,1,1,1,1,1,1,0,1,1,0,0,1,0,1
0.00280841,0,1,1,1,0,1,0,0,0,1,1,0,0,1,0,1
0.00280847,1,1,1,1,0,1,0,0,0,1,1,0,0,1,0,1
0.00280848,0,1,1,1,0,1,0,0,0,1,1,0,0,1,0,1
0.00280926,1,1,1,1,0,1,0,1,0,1,1,0,0,1,0,1
0.00280927,1,1,1,1,1,1,1,1,0,1,1,0,0,1,0,1
0.00281028,1,1,1,1,0,1,0,0,0,1,1,0,0,1,0,1
0.00281029,0,1,1,1,0,1,0,0,0,1,1,0,0,1,0,1
0.00281033,1,1,1,1,1,1,1,1,0,1,1,0,0,1,0,1
0.00281034,1,1,1,1,0,1,0,1,0,1,1,0,0,1,0,1
0.00281035,0,1,1,1,0,1,0,0,0,1,1,0,0,1,0,1
0.00281131,1,1,1,1,1,1,0,0,0,1,1,0,0,1,0,1
0.00281132,1,0,1,0,1,1,1,1,0,1,1,0,0,1,0,1
0.00281133,0,0,1,0,1,0,0,0,0,1,1,0,0,1,0,1
0.00281138,1,0,1,0,1,0,0,1,0,1,1,0,0,1,0,1
0.00281139,0,0,1,0,1,0,0,0,0,1,1,0,0,1,0,1
0.00281165,0,0,1,0,1,0,0,0,0,0,1,0,0,0,0,0
0.00281166,0,0,1,0,1,0,0,0,0,0,1,0,1,0,0,0
0.00281218,1,0,1,0,1,0,0,0,0,0,1,0,1,0,0,0
0.00281219,0,0,1,0,1,0,0,0,0,0,1,0,1,0,0,0
0.0028122,0,1,1,0,1,1,1,1,0,0,1,0,1,0,0,0
0.00281221,1,1,1,1,1,1,1,1,0,0,1,0,1,0,0,0
0.00281323,0,0,0,0,0,0,1,0,0,0,1,0,1,0,0,0
0.00281328,1,0,1,1,0,1,1,0,0,0,1,0,1,0,0,0
0.00281329,1,1,1,1,0,1,1,1,0,0,1,0,1,0,0,0
0.0028133,1,0,1,1,0,1,1,1,0,0,1,0,1,0,0,0
0.00281331,0,0,0,0,0,0,1,0,0,0,1,0,1,0,0,0
0.00281413,1,0,1,1,0,0,1,0,0,0,1,0,1,0,0,0
0.00281414,1,1,1,1,0,0,1,0,0,0,1,0,1,0,0,0
0.00281416,1,1,1,1,1,1,1,1,0,0,1,0,1,0,0,0
0.0028142,1,1,0,0,1,0,0,0,0,0,1,0,1,0,0,0
0.00281424,1,1,1,1,1,1,0,1,0,0,1,0,1,0,0,0
0.00281427,1,1,1,0,1,0,0,0,0,0,1,0,1,0,0,0
0.00281428,1,1,0,0,1,0,0,0,0,0,1,0,1,0,0,0
0.00281432,1,1,1,1,1,0,0,0,0,0,1,0,1,0,0,0
0.00281433,1,1,1,1,1,1,0,0,0,0,1,0,1,0,0,0
0.00281434,1,1,1,0,1,0,0,0,0,0,1,0,1,0,0,0
0.00281435,1,1,0,0,1,0,0,0,0,0,1,0,1,0,0,0
0.00281458,1,1,0,0,1,0,0,0,0,0,0,0,1,0,0,0
0.00281459,1,1,0,0,1,0,0,0,1,1,0,0,1,0,0,0
0.00281465,1,1,0,0,1,0,0,0,0,0,0,0,0,0,0,0
0.00281466,1,1,0,0,1,0,0,0,1,1,0,0,1,0,0,0
0.00281511,1,1,1,1,1,0,0,0,1,1,0,0,1,0,0,0
0.00281512,1,1,1,1,1,1,0,1,1,1,0,0,1,0,0,0
0.00281513,1,1,1,0,1,1,1,1,1,1,0,0,1,0,0,0
0.00281514,1,1,1,1,1,1,1,1,1,1,0,0,1,0,0,0
0.00281518,1,0,1,1,1,1,1,1,1,1,0,0,1,0,0,0
0.00281519,1,0,0,0,1,1,0,1,1,1,0,0,1,0,0,0
0.00281522,1,0,1,0,1,1,0,1,1,1,0,0,1,0,0,0
0.00281523,1,1,1,1,1,1,1,1,1,1,0,0,1,0,0,0
0.00281525,1,0,0,0,1,1,0,1,1,1,0,0,1,0,0,0
0.0028153,1,0,1,0,1,1,0,1,1,1,0,0,1,0,0,0
0.00281532,1,0,0,0,1,1,0,1,1,1,0,0,1,0,0,0
0.00281608,1,1,0,0,1,1,0,1,1,1,0,0,1,0,0,0
0.00281609,1,1,1,0,1,1,0,1,1,1,0,0,1,0,0,0
0.0028161,1,1,1,1,1,1,1,1,1,1,0,0,1,0,0,0
0.00281611,1,0,1,1,1,1,1,1,1,1,0,0,1,0,0,0
0.00281612,1,1,1,1,1,1,1,1,1,1,0,0,1,0,0,0
0.00281615,0,1,1,1,1,0,1,0,1,1,0,0,1,0,0,0
0.00281616,0,1,0,0,1,0,0,0,1,1,0,0,1,0,0,0
0.00281619,0,1,1,1,1,0,0,0,1,1,0,0,1,0,0,0
0.0028162,1,1,1,1,1,1,1,1,1,1,0,0,1,0,0,0
0.00281622,0,1,1,1,1,0,0,0,1,1,0,0,1,0,0,0
0.00281623,0,1,1,0,1,0,0,0,1,1,0,0,1,0,0,0
0.00281624,0,1,0,0,1,0,0,0,1,1,0,0,1,0,0,0
0.00281627,0,1,1,0,1,0,0,0,1,1,0,0,1,0,0,0
0.00281628,0,1,1,1,1,0,0,0,1,1,0,0,1,0,0,0
0.0028163,0,1,1,0,1,0,0,0,1,1,0,0,1,0,0,0
0.00281631,0,1,0,0,1,0,0,0,1,1,0,0,1,0,0,0
0.00281653,0,1,0,0,1,0,0,0,0,1,0,0,1,0,0,0
0.00281661,0,1,0,0,1,0,0,0,0,0,0,0,0,0,0,0
0.00281662,0,1,0,0,1,0,0,0,0,1,0,0,1,0,0,0
0.00281706,1,1,1,1,1,0,0,0,0,1,0,0,1,0,0,0
0.00281707,0,1,1,1,1,0,0,0,0,1,0,0,1,0,0,0
0.00281708,1,1,1,1,1,1,1,1,0,1,0,0,1,0,0,0
0.00281713,1,1,1,1,1,1,0,1,0,1,0,0,1,0,0,0
0.00281714,1,1,0,0,1,1,0,0,0,1,0,0,1,0,0,0
0.00281718,1,1,1,1,1,1,1,1,0,1,0,0,1,0,0,0
0.0028172,1,1,0,0,1,1,0,0,0,1,0,0,1,0,0,0
0.00281804,1,1,1,1,1,1,0,0,0,1,0,0,1,0,0,0
0.00281805,1,1,1,0,1,1,0,1,0,1,0,0,1,0,0,0
0.00281806,1,1,1,0,1,1,1,1,0,1,0,0,1,0,0,0
0.00281807,1,1,1,1,1,1,1,1,0,1,0,0,1,0,0,0
0.00281811,1,0,0,0,1,0,0,0,0,1,0,0,1,0,0,0
0.00281815,1,1,1,1,1,1,1,1,0,1,0,0,1,0,0,0
0.00281818,1,1,1,1,1,1,0,1,0,1,0,0,1,0,0,0
0.00281819,1,0,1,0,1,0,0,0,0,1,0,0,1,0,0,0
0.0028182,1,0,0,0,1,0,0,0,0,1,0,0,1,0,0,0
0.00281823,1,0,1,1,1,0,0,0,0,1,0,0,1,0,0,0
0.00281824,1,1,1,1,1,0,0,0,0,1,0,0,1,0,0,0
0.00281826,1,0,1,1,1,0,0,0,0,1,0,0,1,0,0,0
0.00281827,1,0,1,0,1,0,0,0,0,1,0,0,1,0,0,0
0.00281828,1,0,0,0,1,0,0,0,0,1,0,0,1,0,0,0
0.0028183,1,0,1,0,1,0,0,0,0,1,0,0,1,0,0,0
0.00281831,1,0,1,1,1,0,0,0,0,1,0,0,1,0,0,0
0.00281833,1,0,1,0,1,0,0,0,0,1,0,0,1,0,0,0
0.00281842,1,0,0,0,1,0,0,0,0,1,0,0,1,0,0,0
0.00281846,1,0,1,0,1,0,0,0,0,1,0,0,1,0,0,0
0.00281848,1,0,1,0,1,0,0,0,0,0,0,0,1,0,0,0
0.00281849,1,0,1,0,1,0,0,0,1,0,0,0,1,0,0,0
0.0028185,1,0,0,0,1,0,0,0,1,0,0,0,1,0,0,0
0.00281854,1,0,1,0,1,0,0,0,1,0,0,0,1,0,0,0
0.00281856,1,0,0,0,1,0,0,0,0,0,0,0,0,0,0,0
0.00281857,1,0,0,0,1,0,0,0,1,0,0,0,1,0,0,0
0.00281861,1,0,1,0,1,0,0,0,1,0,0,0,1,0,0,0
0.00281864,1,0,0,0,1,0,0,0,1,0,0,0,1,0,0,0
0.00281901,1,1,0,1,1,0,0,0,1,0,0,0,1,0,0,0
0.00281902,1,1,1,1,1,0,0,0,1,0,0,0,1,0,0,0
0.00281903,1,0,1,1,1,1,1,1,1,0,0,0,1,0,0,0
0.00281904,1,1,1,1,1,1,0,1,1,0,0,0,1,0,0,0
0.00281906,1,1,1,1,1,1,1,1,1,0,0,0,1,0,0,0
0.00281909,0,0,1,1,1,0,1,1,1,0,0,0,1,0,0,0
0.0028191,0,0,1,1,1,0,0,1,1,0,0,0,1,0,0,0
0.00281913,0,1,1,1,1,1,0,1,1,0,0,0,1,0,0,0
0.00281914,1,1,1,1,1,1,1,1,1,0,0,0,1,0,0,0
0.00281915,0,1,1,1,1,1,1,1,1,0,0,0,1,0,0,0
0.00281916,0,0,1,1,1,0,0,1,1,0,0,0,1,0,0,0
0.00281921,0,1,1,1,1,0,0,1,1,0,0,0,1,0,0,0
0.00281922,0,0,1,1,1,0,0,1,1,0,0,0,1,0,0,0
0.00281999,0,1,1,1,1,0,0,1,1,0,0,0,1,0,0,0
0.00282,1,1,1,1,1,0,0,1,1,0,0,0,1,0,0,0
0.00282001,1,1,1,1,1,1,1,1,1,0,0,0,1,0,0,0
0.00282002,1,1,1,1,1,1,0,1,1,0,0,0,1,0,0,0
0.00282004,1,1,1,1,1,1,1,1,1,0,0,0,1,0,0,0
0.00282006,0,1,0,0,0,1,0,0,1,0,0,0,1,0,0,0
0.0028201,0,1,0,0,0,1,1,1,1,0,0,0,1,0,0,0
0.00282011,1,1,1,1,0,1,1,1,1,0,0,0,1,0,0,0
0.00282012,0,1,1,1,0,1,1,1,1,0,0,0,1,0,0,0
0.00282013,0,1,0,0,0,1,0,0,1,0,0,0,1,0,0,0
0.00282043,0,1,0,0,0,1,0,0,1,0,0,0,0,0,0,0
0.00282044,0,1,0,0,0,1,0,0,0,1,0,0,0,0,0,0
0.00282045,0,1,0,0,0,1,0,0,0,1,0,0,0,1,0,0
0.00282099,1,1,1,1,1,1,1,1,0,1,0,0,0,1,0,0
0.00282104,0,0,1,0,0,0,0,1,0,1,0,0,0,1,0,0
0.00282105,0,0,0,0,0,0,0,1,0,1,0,0,0,1,0,0
0.00282108,0,0,1,1,0,0,1,1,0,1,0,0,0,1,0,0
0.00282109,1,0,1,1,0,1,1,1,0,1,0,0,0,1,0,0
0.0028211,1,1,1,1,1,1,1,1,0,1,0,0,0,1,0,0
0.00282111,1,1,1,1,0,1,1,1,0,1,0,0,0,1,0,0
0.00282112,1,0,1,1,0,1,1,1,0,1,0,0,0,1,0,0
0.00282113,0,0,1,0,0,0,0,1,0,1,0,0,0,1,0,0
0.00282114,0,0,0,0,0,0,0,1,0,1,0,0,0,1,0,0
0.00282117,0,0,1,1,0,1,1,1,0,1,0,0,0,1,0,0
0.0028212,0,0,1,1,0,0,1,1,0,1,0,0,0,1,0,0
0.00282121,0,0,0,0,0,0,0,1,0,1,0,0,0,1,0,0
0.00282125,0,0,1,0,0,0,0,1,0,1,0,0,0,1,0,0
0.0028213,0,0,0,0,0,0,0,1,0,1,0,0,0,1,0,0
0.00282194,1,1,1,1,0,0,0,1,0,1,0,0,0,1,0,0
0.00282195,1,1,1,1,1,0,0,1,0,1,0,0,0,1,0,0
0.00282196,1,1,1,1,1,1,1,1,0,1,0,0,0,1,0,0
0.00282201,0,0,0,0,0,0,1,0,0,1,0,0,0,1,0,0
0.00282205,1,1,1,1,0,1,1,0,0,1,0,0,0,1,0,0
0.00282206,1,1,1,1,1,1,1,1,0,1,0,0,0,1,0,0
0.00282208,1,1,1,1,0,1,1,0,0,1,0,0,0,1,0,0
0.00282209,0,0,1,1,0,1,1,0,0,1,0,0,0,1,0,0
0.0028221,0,0,0,0,0,0,1,0,0,1,0,0,0,1,0,0
0.00282213,0,0,1,1,0,1,1,0,0,1,0,0,0,1,0,0
0.00282214,1,1,1,1,0,1,1,0,0,1,0,0,0,1,0,0
0.00282216,0,0,1,1,0,1,1,0,0,1,0,0,0,1,0,0
0.00282218,0,0,0,0,0,0,1,0,0,1,0,0,0,1,0,0
0.00282219,0,0,1,0,0,0,1,0,0,1,0,0,0,1,0,0
0.00282221,0,0,1,1,0,1,1,0,0,1,0,0,0,1,0,0
0.00282226,0,0,1,1,0,0,1,0,0,1,0,0,0,1,0,0
0.00282227,0,0,1,0,0,0,1,0,0,1,0,0,0,1,0,0
0.00282228,0,0,1,1,0,0,1,0,0,1,0,0,0,1,0,0
0.00282229,0,0,1,1,0,1,1,0,0,1,0,0,0,1,0,0
0.00282233,0,0,1,0,0,0,1,0,0,1,0,0,0,1,0,0
0.00282235,0,0,0,0,0,0,1,0,0,1,0,0,0,1,0,0
0.00282236,0,0,1,0,0,0,1,0,0,1,0,0,0,1,0,0
0.00282237,0,0,1,1,0,1,1,0,0,1,0,0,0,1,0,0
0.00282238,0,0,1,0,0,0,1,0,0,1,0,0,0,1,0,0
0.00282239,0,0,1,1,0,1,1,0,0,1,0,0,0,1,0,0
0.0028224,0,0,1,0,0,0,1,0,0,1,0,0,0,1,0,0
0.00282249,0,0,0,0,0,0,1,0,0,1,0,0,0,1,0,0
0.00282251,0,0,1,0,0,0,1,0,0,1,0,0,0,1,0,0
0.00282253,0,0,0,0,0,0,1,0,0,1,0,0,0,1,0,0
0.00282259,0,0,1,0,0,0,1,0,0,1,0,0,0,1,0,0
0.0028226,0,0,0,0,0,0,1,0,0,1,0,0,0,1,0,0
0.00282292,0,0,1,1,1,0,1,0,0,1,0,0,0,1,0,0
0.00282293,0,0,1,1,1,0,1,1,0,1,0,0,0,1,0,0
0.00282294,1,1,1,1,1,1,0,1,0,1,0,0,0,1,0,0
0.00282296,0,0,1,1,1,1,0,1,0,1,0,0,0,1,0,0
0.00282297,0,0,1,1,1,0,0,1,0,1,0,0,0,1,0,0
0.00282301,0,0,1,1,1,1,0,1,0,1,0,0,0,1,0,0
0.00282303,0,0,1,1,1,0,0,1,0,1,0,0,0,1,0,0
0.00282395,1,0,1,1,1,0,0,1,0,1,0,0,0,1,0,0
0.00282396,1,1,1,1,1,1,1,1,0,1,0,0,0,1,0,0
0.00282401,1,1,0,0,0,1,0,0,0,1,0,0,0,1,0,0
0.00282402,1,0,0,0,0,1,0,0,0,1,0,0,0,1,0,0
0.00282405,1,1,1,0,0,1,0,1,0,1,0,0,0,1,0,0
0.00282406,1,1,1,1,0,1,1,1,0,1,0,0,0,1,0,0
0.00282407,1,1,1,1,1,1,1,1,0,1,0,0,0,1,0,0
0.00282408,1,1,1,1,0,1,1,1,0,1,0,0,0,1,0,0
0.00282409,1,1,1,0,0,1,0,0,0,1,0,0,0,1,0,0
0.0028241,1,0,0,0,0,1,0,0,0,1,0,0,0,1,0,0
0.00282414,1,1,1,1,0,1,0,1,0,1,0,0,0,1,0,0
0.00282415,1,1,1,1,0,1,0,0,0,1,0,0,0,1,0,0
0.00282416,1,0,1,0,0,1,0,0,0,1,0,0,0,1,0,0
0.00282417,1,0,0,0,0,1,0,0,0,1,0,0,0,1,0,0
0.00282434,1,0,1,0,0,1,0,0,0,0,0,0,0,1,0,0
0.00282435,1,0,0,0,0,1,0,0,1,0,0,0,0,1,0,0
0.0028244,1,0,1,1,0,1,0,0,1,0,0,0,0,1,0,0
0.00282441,1,0,1,0,0,1,0,0,1,0,0,0,0,0,0,0
0.00282442,1,0,0,0,0,1,0,0,0,0,0,0,0,1,0,0
0.00282443,1,0,0,0,0,1,0,0,1,0,0,0,0,1,0,0
0.00282447,1,0,1,0,0,1,0,0,1,0,0,0,0,1,0,0
0.00282448,1,0,1,1,0,1,0,0,1,0,0,0,0,1,0,0
0.00282449,1,0,1,0,0,1,0,0,1,0,0,0,0,1,0,0
0.0028245,1,0,0,0,0,1,0,0,1,0,0,0,0,1,0,0
0.00282489,1,0,1,1,1,1,0,0,1,0,0,0,0,1,0,0
0.0028249,1,0,1,1,1,1,0,1,1,0,0,0,0,1,0,0
0.00282491,1,0,1,1,1,1,1,1,1,0,0,0,0,1,0,0
0.00282492,1,1,1,1,1,1,1,1,1,0,0,0,0,1,0,0
0.00282494,0,0,0,0,0,0,0,1,1,0,0,0,0,1,0,0
0.00282498,0,1,1,1,0,0,0,1,1,0,0,0,0,1,0,0
0.00282499,0,1,1,1,1,1,1,1,1,0,0,0,0,1,0,0
0.00282501,0,1,1,1,0,0,0,1,1,0,0,0,0,1,0,0
0.00282502,0,0,0,0,0,0,0,1,1,0,0,0,0,1,0,0
0.00282507,0,0,1,1,0,0,0,1,1,0,0,0,0,1,0,0
0.00282509,0,0,0,0,0,0,0,1,1,0,0,0,0,1,0,0
0.00282585,1,1,0,0,0,0,0,1,1,0,0,0,0,1,0,0
0.00282586,1,1,1,1,1,0,0,1,1,0,0,0,0,1,0,0
0.00282587,1,1,1,1,1,1,1,1,1,0,0,0,0,1,0,0
0.00282593,0,0,0,0,0,0,1,0,1,0,0,0,0,1,0,0
0.00282597,1,1,1,1,0,1,1,0,1,0,0,0,0,1,0,0
0.00282598,1,1,1,1,1,1,1,1,1,0,0,0,0,1,0,0
0.002826,1,0,1,1,0,0,1,0,1,0,0,0,0,1,0,0
0.00282601,0,0,0,0,0,0,1,0,1,0,0,0,0,1,0,0
0.00282605,0,0,1,1,0,0,1,0,1,0,0,0,0,1,0,0
0.00282608,0,0,1,0,0,0,1,0,1,0,0,0,0,1,0,0
0.00282609,0,0,0,0,0,0,1,0,1,0,0,0,0,1,0,0
0.00282682,0,1,1,0,0,0,1,0,1,0,0,0,0,1,0,0
0.00282683,1,1,1,0,0,0,1,0,1,0,0,0,0,1,0,0
0.00282684,0,1,1,1,0,1,1,1,1,0,0,0,0,1,0,0
0.00282685,1,1,1,1,1,1,1,0,1,0,0,0,0,1,0,0
0.00282686,1,1,1,1,1,1,1,1,1,0,0,0,0,1,0,0
0.0028269,0,0,1,1,1,0,0,1,1,0,0,0,0,1,0,0
0.00282693,1,0,1,1,1,0,0,1,1,0,0,0,0,1,0,0
0.00282694,1,1,1,1,1,1,1,1,1,0,0,0,0,1,0,0
0.00282696,0,0,1,1,1,1,0,1,1,0,0,0,0,1,0,0
0.00282697,0,0,1,1,1,0,0,1,1,0,0,0,0,1,0,0
0.00282786,0,0,1,1,1,0,1,1,1,0,0,0,0,1,0,0
0.00282787,0,1,1,1,1,0,1,1,1,0,0,0,0,1,0,0
0.00282788,1,1,0,0,1,1,1,1,1,0,0,0,0,1,0,0
0.00282789,0,1,0,0,1,0,1,1,1,0,0,0,0,1,0,0
0.00282793,1,1,0,0,1,1,1,1,1,0,0,0,0,1,0,0
0.00282795,0,1,0,0,1,0,1,1,1,0,0,0,0,1,0,0
0.00282825,0,1,0,0,1,0,1,1,0,1,0,0,0,0,0,0
0.00282826,0,1,0,0,1,0,1,1,0,1,0,0,1,0,1,1
0.00282878,1,1,1,1,1,0,1,1,0,1,0,0,1,0,1,1
0.00282879,1,1,1,1,1,1,1,1,0,1,0,0,1,0,1,1
0.00282885,1,1,1,1,1,1,0,1,0,1,0,0,1,0,1,1
0.00282886,0,0,1,1,1,0,0,1,0,1,0,0,1,0,1,1
0.0028289,1,1,1,1,1,1,1,1,0,1,0,0,1,0,1,1
0.00282892,0,0,1,1,1,0,0,1,0,1,0,0,1,0,1,1
0.00282977,1,1,1,1,1,1,1,1,0,1,0,0,1,0,1,1
0.00283074,0,0,0,0,0,0,0,0,0,1,0,0,1,0,1,1
0.00283078,1,0,0,0,0,1,0,0,0,1,0,0,1,0,1,1
0.0028308,0,0,0,0,0,0,0,0,0,1,0,0,1,0,1,1
0.0028317,1,1,1,0,0,1,0,0,0,1,0,0,1,0,1,1
0.00283171,0,0,0,0,0,0,0,0,0,1,0,0,1,0,1,1
0.00283174,0,0,1,1,1,0,0,1,0,1,0,0,1,0,1,1
0.00283176,1,1,1,1,1,1,1,1,0,1,0,0,1,0,1,1
0.00283182,0,1,0,0,1,1,0,0,0,1,0,0,1,0,1,1
0.00283187,1,1,1,1,1,1,1,1,0,1,0,0,1,0,1,1
0.00283189,0,1,0,0,1,1,0,0,0,1,0,0,1,0,1,1
0.00283215,0,1,0,0,1,1,0,0,0,1,0,0,1,0,0,0
0.00283217,0,1,0,0,1,1,0,0,0,1,0,0,1,1,0,0
0.0028327,1,1,1,1,1,1,0,0,0,1,0,0,1,1,0,0
0.00283271,1,1,1,1,1,1,0,1,0,1,0,0,1,1,0,0
0.00283273,1,1,1,1,1,1,1,1,0,1,0,0,1,1,0,0
0.00283275,1,1,1,1,0,0,1,1,0,1,0,0,1,1,0,0
0.00283276,0,1,1,1,0,0,0,0,0,1,0,0,1,1,0,0
0.0028328,1,1,1,1,0,1,0,1,0,1,0,0,1,1,0,0
0.00283281,1,1,1,1,0,1,1,1,0,1,0,0,1,1,0,0
0.00283282,0,1,1,1,0,0,0,0,0,1,0,0,1,1,0,0
0.00283366,1,1,1,1,0,0,0,0,0,1,0,0,1,1,0,0
0.00283367,1,1,1,1,1,1,1,1,0,1,0,0,1,1,0,0
0.00283372,1,1,1,1,0,0,0,0,0,1,0,0,1,1,0,0
0.00283373,1,1,0,1,0,0,0,0,0,1,0,0,1,1,0,0
0.00283377,1,1,1,1,0,1,0,1,0,1,0,0,1,1,0,0
0.00283378,1,1,1,1,0,1,1,1,0,1,0,0,1,1,0,0
0.00283379,1,1,0,1,0,0,0,0,0,1,0,0,1,1,0,0
0.00283464,1,1,1,1,0,0,0,0,0,1,0,0,1,1,0,0
0.00283465,1,1,1,1,0,1,0,1,0,1,0,0,1,1,0,0
0.00283466,1,1,1,1,1,1,1,1,0,1,0,0,1,1,0,0
0.00283566,0,0,1,1,1,0,0,1,0,1,0,0,1,1,0,0
0.00283567,0,0,0,1,1,0,0,1,0,1,0,0,1,1,0,0
0.00283569,1,1,1,1,1,1,1,1,0,1,0,0,1,1,0,0
0.00283575,0,1,1,0,0,1,1,0,0,1,0,0,1,1,0,0
0.0028358,1,1,1,0,0,1,1,0,0,1,0,0,1,1,0,0
0.00283581,0,1,1,0,0,1,1,0,0,1,0,0,1,1,0,0
0.00283606,0,1,1,0,0,1,1,0,0,1,0,0,0,1,0,0
0.00283607,0,1,1,0,0,1,1,0,0,1,1,0,0,1,0,1
0.00283659,0,1,1,1,0,1,1,0,0,1,1,0,0,1,0,1
0.0028366,0,1,1,0,0,1,1,0,0,1,1,0,0,1,0,1
0.00283661,1,1,1,1,1,1,1,1,0,1,1,0,0,1,0,1
0.00283666,0,0,0,0,0,0,0,1,0,1,1,0,0,1,0,1
0.0028367,1,0,0,0,0,1,1,1,0,1,1,0,0,1,0,1
0.00283671,1,0,1,1,0,1,1,1,0,1,1,0,0,1,0,1
0.00283672,1,1,1,1,0,1,1,1,0,1,1,0,0,1,0,1
0.00283674,1,0,0,1,0,1,1,1,0,1,1,0,0,1,0,1
0.00283675,0,0,0,0,0,0,0,1,0,1,1,0,0,1,0,1
0.00283678,0,0,0,0,0,1,0,1,0,1,1,0,0,1,0,1
0.00283679,0,0,0,0,0,1,1,1,0,1,1,0,0,1,0,1
0.00283682,0,0,0,0,0,1,0,1,0,1,1,0,0,1,0,1
0.00283683,0,0,0,0,0,0,0,1,0,1,1,0,0,1,0,1
0.00283685,0,0,0,0,0,1,0,1,0,1,1,0,0,1,0,1
0.00283699,0,0,0,0,0,0,0,1,0,1,1,0,0,1,0,1
0.00283701,0,0,0,0,0,1,0,1,0,1,1,0,0,1,0,1
0.00283703,0,0,0,0,0,0,0,1,0,1,1,0,0,1,0,1
0.00283704,0,0,0,0,0,1,0,1,0,1,1,0,0,1,0,1
0.00283706,0,0,0,0,0,0,0,1,0,1,1,0,0,1,0,1
0.00283709,0,0,0,0,0,1,0,1,0,1,1,0,0,1,0,1
0.0028371,0,0,0,0,0,0,0,1,0,1,1,0,0,1,0,1
0.00283712,0,0,0,0,0,1,0,1,0,1,1,0,0,1,0,1
0.00283713,0,0,0,0,0,0,0,1,0,1,1,0,0,1,0,1
0.00283756,1,1,1,1,0,0,0,1,0,1,1,0,0,1,0,1
0.00283757,1,1,1,1,1,1,1,1,0,1,1,0,0,1,0,1
0.00283764,0,0,1,0,0,1,1,0,0,1,1,0,0,1,0,1
0.00283765,0,0,0,0,0,0,1,0,0,1,1,0,0,1,0,1
0.00283768,1,1,1,1,0,1,1,0,0,1,1,0,0,1,0,1
0.00283769,1,1,1,1,1,1,1,1,0,1,1,0,0,1,0,1
0.00283771,1,1,1,1,0,1,1,0,0,1,1,0,0,1,0,1
0.00283772,0,0,1,0,0,1,1,0,0,1,1,0,0,1,0,1
0.00283773,0,0,0,0,0,0,1,0,0,1,1,0,0,1,0,1
0.00283776,0,0,1,0,0,1,1,0,0,1,1,0,0,1,0,1
0.00283777,1,1,1,1,0,1,1,0,0,1,1,0,0,1,0,1
0.00283779,0,0,1,1,0,1,1,0,0,1,1,0,0,1,0,1
0.0028378,0,0,1,0,0,1,1,0,0,1,1,0,0,1,0,1
0.00283781,0,0,0,0,0,0,1,0,0,1,1,0,0,1,0,1
0.00283784,0,0,1,0,0,1,1,0,0,1,1,0,0,1,0,1
0.00283788,0,0,0,0,0,1,1,0,0,1,1,0,0,1,0,1
0.00283792,0,0,1,0,0,1,1,0,0,1,1,0,0,1,0,1
0.00283795,0,0,0,0,0,1,1,0,0,1,1,0,0,1,0,1
0.00283796,0,0,0,0,0,0,1,0,0,1,1,0,0,1,0,1
0.00283798,0,0,0,0,0,1,1,0,0,1,1,0,0,1,0,1
0.002838,0,0,0,0,0,0,1,0,0,1,1,0,0,1,0,1
0.00283801,0,0,0,0,0,1,1,0,0,1,1,0,0,1,0,1
0.00283802,0,0,1,0,0,1,1,0,0,1,1,0,0,1,0,1
0.00283803,0,0,0,0,0,1,1,0,0,1,1,0,0,1,0,1
0.00283804,0,0,0,0,0,0,1,0,0,1,1,0,0,1,0,1
0.00283854,1,0,1,1,0,0,1,0,0,1,1,0,0,1,0,1
0.00283855,1,1,1,1,0,1,1,0,0,1,1,0,0,1,0,1
0.00283856,1,1,1,1,1,1,1,1,0,1,1,0,0,1,0,1
0.00283861,0,1,1,1,0,1,0,0,0,1,1,0,0,1,0,1
0.00283865,1,1,1,1,0,1,0,1,0,1,1,0,0,1,0,1
0.00283866,1,1,1,1,1,1,1,1,0,1,1,0,0,1,0,1
0.00283867,1,1,1,1,0,1,0,1,0,1,1,0,0,1,0,1
0.00283868,0,1,1,1,0,1,0,0,0,1,1,0,0,1,0,1
0.00283873,1,1,1,1,0,1,0,0,0,1,1,0,0,1,0,1
0.00283875,0,1,1,1,0,1,0,0,0,1,1,0,0,1,0,1
0.00283952,1,1,1,1,0,1,0,0,0,1,1,0,0,1,0,1
0.00283953,1,1,1,1,1,1,1,1,0,1,1,0,0,1,0,1
0.00284055,0,1,1,1,0,1,0,0,0,1,1,0,0,1,0,1
0.00284059,1,1,1,1,0,1,0,1,0,1,1,0,0,1,0,1
0.0028406,1,1,1,1,1,1,1,1,0,1,1,0,0,1,0,1
0.00284061,0,1,1,1,0,1,0,0,0,1,1,0,0,1,0,1
0.00284158,1,1,1,1,1,1,1,1,0,1,1,0,0,1,0,1
0.00284159,0,0,1,0,1,0,1,1,0,1,1,0,0,1,0,1
0.0028416,0,0,1,0,1,0,0,0,0,1,1,0,0,1,0,1
0.00284164,1,0,1,0,1,0,0,1,0,1,1,0,0,1,0,1
0.00284166,0,0,1,0,1,0,0,0,0,1,1,0,0,1,0,1
0.00284192,0,0,1,0,1,0,0,0,0,0,1,0,0,0,0,0
0.00284193,0,0,1,0,1,0,0,0,0,0,1,0,1,0,0,0
0.00284199,0,0,1,0,1,0,0,0,0,0,0,0,1,0,0,0
0.002842,0,0,1,0,1,0,0,0,0,0,1,0,1,0,0,0
0.00284245,1,0,1,0,1,0,0,0,0,0,1,0,1,0,0,0
0.00284246,0,0,1,0,1,0,0,0,0,0,1,0,1,0,0,0
0.00284247,1,1,1,1,1,1,1,1,0,0,1,0,1,0,0,0
0.00284349,1,1,1,1,0,1,1,1,0,0,1,0,1,0,0,0
0.0028435,0,0,0,0,0,0,1,0,0,0,1,0,1,0,0,0
0.00284354,1,0,0,0,0,1,1,0,0,0,1,0,1,0,0,0
0.00284355,1,1,1,1,0,1,1,1,0,0,1,0,1,0,0,0
0.00284357,1,0,1,1,0,0,1,0,0,0,1,0,1,0,0,0
0.00284358,0,0,0,0,0,0,1,0,0,0,1,0,1,0,0,0
0.0028444,1,1,1,1,0,0,1,0,0,0,1,0,1,0,0,0
0.00284442,1,1,1,1,1,1,1,1,0,0,1,0,1,0,0,0
0.00284447,1,1,0,0,1,0,0,0,0,0,1,0,1,0,0,0
0.00284451,1,1,1,1,1,1,0,1,0,0,1,0,1,0,0,0
0.00284454,1,1,1,0,1,0,0,0,0,0,1,0,1,0,0,0
0.00284455,1,1,0,0,1,0,0,0,0,0,1,0,1,0,0,0
0.00284459,1,1,1,1,1,0,0,0,0,0,1,0,1,0,0,0
0.00284461,1,1,1,0,1,0,0,0,0,0,1,0,1,0,0,0
0.00284462,1,1,0,0,1,0,0,0,0,0,1,0,1,0,0,0
0.00284467,1,1,1,0,1,0,0,0,0,0,1,0,1,0,0,0
0.00284468,1,1,0,0,1,0,0,0,0,0,1,0,1,0,0,0
0.00284484,1,1,0,0,1,0,0,0,0,0,0,0,1,0,0,0
0.00284485,1,1,0,0,1,0,0,0,0,1,0,0,1,0,0,0
0.00284486,1,1,0,0,1,0,0,0,1,1,0,0,1,0,0,0
0.0028449,1,1,1,0,1,0,0,0,1,1,0,0,1,0,0,0
0.00284491,1,1,0,0,1,0,0,0,1,1,0,0,1,0,0,0
0.00284492,1,1,0,0,1,0,0,0,0,0,0,0,0,0,0,0
0.00284493,1,1,0,0,1,0,0,0,1,1,0,0,1,0,0,0
0.00284498,1,1,1,0,1,0,0,0,1,1,0,0,1,0,0,0
0.00284499,1,1,0,0,1,0,0,0,1,1,0,0,1,0,0,0
0.00284538,1,1,1,0,1,0,0,0,1,1,0,0,1,0,0,0
0.0028454,1,1,1,1,1,1,1,1,1,1,0,0,1,0,0,0
0.00284545,1,0,0,0,1,1,0,1,1,1,0,0,1,0,0,0
0.00284549,1,0,1,1,1,1,0,1,1,1,0,0,1,0,0,0
0.0028455,1,1,1,1,1,1,1,1,1,1,0,0,1,0,0,0
0.00284551,1,0,1,1,1,1,0,1,1,1,0,0,1,0,0,0
0.00284552,1,0,0,0,1,1,0,1,1,1,0,0,1,0,0,0
0.00284557,1,0,1,0,1,1,0,1,1,1,0,0,1,0,0,0
0.00284559,1,0,0,0,1,1,0,1,1,1,0,0,1,0,0,0
0.00284635,1,1,0,0,1,1,0,1,1,1,0,0,1,0,0,0
0.00284637,1,1,1,1,1,1,1,1,1,1,0,0,1,0,0,0
0.00284638,1,1,0,0,1,1,0,1,1,1,0,0,1,0,0,0
0.0028464,1,1,1,1,1,1,0,1,1,1,0,0,1,0,0,0
0.00284641,1,1,1,1,1,0,1,0,1,1,0,0,1,0,0,0
0.00284642,0,1,0,0,1,0,0,0,1,1,0,0,1,0,0,0
0.00284646,0,1,1,1,1,0,0,0,1,1,0,0,1,0,0,0
0.00284649,0,1,0,0,1,0,0,0,1,1,0,0,1,0,0,0
0.0028468,0,1,0,0,1,0,0,0,0,1,0,0,1,0,0,0
0.00284687,0,1,0,0,1,0,0,0,0,0,0,0,0,0,0,0
0.00284688,0,1,0,0,1,0,0,0,0,1,0,0,1,0,0,0
0.00284735,0,1,1,1,1,0,0,1,0,1,0,0,1,0,0,0
0.00284736,1,1,1,1,1,1,1,1,0,1,0,0,1,0,0,0
0.00284741,1,1,0,0,1,1,0,0,0,1,0,0,1,0,0,0
0.00284745,1,1,1,1,1,1,0,1,0,1,0,0,1,0,0,0
0.00284746,1,1,1,1,1,1,1,1,0,1,0,0,1,0,0,0
0.00284747,1,1,0,0,1,1,0,0,0,1,0,0,1,0,0,0
0.0028483,1,1,1,0,1,1,0,0,0,1,0,0,1,0,0,0
0.00284831,1,1,1,1,1,1,0,1,0,1,0,0,1,0,0,0
0.00284832,1,1,0,0,1,1,1,1,0,1,0,0,1,0,0,0
0.00284833,1,1,1,1,1,1,1,1,0,1,0,0,1,0,0,0
0.00284837,1,1,1,1,1,0,1,1,0,1,0,0,1,0,0,0
0.00284838,1,0,0,0,1,0,0,0,0,1,0,0,1,0,0,0
0.00284842,1,1,1,1,1,1,0,1,0,1,0,0,1,0,0,0
0.00284843,1,1,1,1,1,1,1,1,0,1,0,0,1,0,0,0
0.00284845,1,0,1,1,1,0,0,0,0,1,0,0,1,0,0,0
0.00284846,1,0,0,0,1,0,0,0,0,1,0,0,1,0,0,0
0.0028485,1,0,1,1,1,0,0,0,0,1,0,0,1,0,0,0
0.00284853,1,0,1,0,1,0,0,0,0,1,0,0,1,0,0,0
0.00284854,1,0,0,0,1,0,0,0,0,1,0,0,1,0,0,0
0.00284858,1,0,1,0,1,0,0,0,0,1,0,0,1,0,0,0
0.00284861,1,0,0,0,1,0,0,0,0,1,0,0,1,0,0,0
0.00284875,1,0,1,0,1,0,0,0,0,0,0,0,1,0,0,0
0.00284876,1,0,0,0,1,0,0,0,1,0,0,0,1,0,0,0
0.00284882,1,0,0,0,1,0,0,0,1,0,0,0,0,0,0,0
0.00284883,1,0,0,0,1,0,0,0,0,0,0,0,1,0,0,0
0.00284884,1,0,0,0,1,0,0,0,1,0,0,0,1,0,0,0
0.00284928,1,1,1,1,1,0,0,0,1,0,0,0,1,0,0,0
0.0028493,1,0,1,1,1,1,1,1,1,0,0,0,1,0,0,0
0.00284931,1,1,1,1,1,1,0,1,1,0,0,0,1,0,0,0
0.00284932,1,1,1,1,1,1,1,1,1,0,0,0,1,0,0,0
0.00284936,0,0,1,1,1,0,0,1,1,0,0,0,1,0,0,0
0.0028494,1,1,1,1,1,1,1,1,1,0,0,0,1,0,0,0
0.00284942,0,1,1,1,1,1,0,1,1,0,0,0,1,0,0,0
0.00284943,0,0,1,1,1,0,0,1,1,0,0,0,1,0,0,0
0.00285026,1,1,1,1,1,0,0,1,1,0,0,0,1,0,0,0
0.00285028,1,1,1,1,1,1,1,1,1,0,0,0,1,0,0,0
0.00285032,1,1,1,1,0,1,1,1,1,0,0,0,1,0,0,0
0.00285033,1,1,0,0,0,1,0,0,1,0,0,0,1,0,0,0
0.00285037,1,1,1,1,0,1,1,1,1,0,0,0,1,0,0,0
0.00285039,1,1,1,0,0,1,0,0,1,0,0,0,1,0,0,0
0.0028504,1,1,0,0,0,1,0,0,1,0,0,0,1,0,0,0
0.00285045,1,1,1,0,0,1,0,0,1,0,0,0,1,0,0,0
0.00285046,1,1,0,0,0,1,0,0,1,0,0,0,1,0,0,0
0.0028507,1,1,0,0,0,1,0,0,1,0,0,0,0,0,0,0
0.00285071,1,1,0,0,0,1,0,0,1,1,0,0,0,1,0,0
0.00285125,1,1,1,1,0,1,0,0,1,1,0,0,0,1,0,0
0.00285126,1,1,1,1,1,1,1,1,1,1,0,0,0,1,0,0
0.00285131,0,0,0,0,0,0,0,1,1,1,0,0,0,1,0,0
0.00285135,0,1,1,1,0,1,1,1,1,1,0,0,0,1,0,0
0.00285136,1,1,1,1,0,1,1,1,1,1,0,0,0,1,0,0
0.00285137,1,1,1,1,1,1,1,1,1,1,0,0,0,1,0,0
0.00285138,0,1,1,1,0,1,1,1,1,1,0,0,0,1,0,0
0.00285139,0,0,1,1,0,1,1,1,1,1,0,0,0,1,0,0
0.0028514,0,0,1,1,0,0,0,1,1,1,0,0,0,1,0,0
0.00285141,0,0,0,0,0,0,0,1,1,1,0,0,0,1,0,0
0.00285143,0,0,1,1,0,0,0,1,1,1,0,0,0,1,0,0
0.00285144,0,0,1,1,0,1,1,1,1,1,0,0,0,1,0,0
0.00285146,0,0,1,1,0,0,0,1,1,1,0,0,0,1,0,0
0.00285192,0,0,1,0,0,0,0,1,1,1,0,0,0,1,0,0
0.00285193,0,0,1,1,0,0,0,1,1,1,0,0,0,1,0,0
0.00285197,0,0,1,0,0,0,0,1,1,1,0,0,0,1,0,0
0.00285198,0,0,1,1,0,0,0,1,1,1,0,0,0,1,0,0
0.00285199,0,0,1,0,0,0,0,1,1,1,0,0,0,1,0,0
0.00285212,0,0,1,1,0,0,0,1,1,1,0,0,0,1,0,0
0.00285213,0,0,1,0,0,0,0,1,1,1,0,0,0,1,0,0
0.00285217,0,0,0,0,0,0,0,1,1,1,0,0,0,1,0,0
0.00285221,1,1,1,1,0,0,0,1,1,1,0,0,0,1,0,0
0.00285222,1,1,1,1,1,1,1,1,1,1,0,0,0,1,0,0
0.00285228,0,0,0,0,0,0,1,0,1,1,0,0,0,1,0,0
0.00285231,0,0,1,0,0,0,1,0,1,1,0,0,0,1,0,0
0.00285232,1,1,1,1,0,1,1,0,1,1,0,0,0,1,0,0
0.00285233,1,1,1,1,1,1,1,1,1,1,0,0,0,1,0,0
0.00285235,1,1,1,1,0,1,1,0,1,1,0,0,0,1,0,0
0.00285236,0,0,1,1,0,1,1,0,1,1,0,0,0,1,0,0
0.00285237,0,0,0,0,0,0,1,0,1,1,0,0,0,1,0,0
0.00285239,0,0,1,0,0,0,1,0,1,1,0,0,0,1,0,0
0.0028524,1,1,1,1,0,1,1,0,1,1,0,0,0,1,0,0
0.00285244,0,0,1,1,0,1,1,0,1,1,0,0,0,1,0,0
0.00285245,0,0,1,1,0,0,1,0,1,1,0,0,0,1,0,0
0.00285248,0,0,1,1,0,1,1,0,1,1,0,0,0,1,0,0
0.00285253,0,0,1,1,0,0,1,0,1,1,0,0,0,1,0,0
0.00285257,0,0,1,1,0,1,1,0,1,1,0,0,0,1,0,0
0.0028526,0,0,1,1,0,0,1,0,1,1,0,0,0,1,0,0
0.00285263,0,0,1,1,0,1,1,0,1,1,0,0,0,1,0,0
0.00285264,0,0,1,1,0,0,1,0,1,1,0,0,0,1,0,0
0.00285266,0,0,1,1,0,1,1,0,1,1,0,0,0,1,0,0
0.00285267,0,0,1,1,0,0,1,0,1,1,0,0,0,1,0,0
0.0028527,0,0,1,1,0,1,1,0,1,1,0,0,0,1,0,0
0.00285271,0,0,1,1,0,0,1,0,1,1,0,0,0,1,0,0
0.00285283,0,0,1,0,0,0,1,0,1,1,0,0,0,1,0,0
0.00285285,0,0,1,1,0,0,1,0,1,1,0,0,0,1,0,0
0.00285286,0,0,1,0,0,0,1,0,1,1,0,0,0,1,0,0
0.00285314,0,0,0,0,0,0,1,0,1,1,0,0,0,1,0,0
0.00285315,0,0,1,0,0,0,1,0,1,1,0,0,0,1,0,0
0.00285317,0,0,0,0,0,0,1,0,1,1,0,0,0,1,0,0
0.00285318,1,1,0,1,0,0,1,0,1,1,0,0,0,1,0,0
0.0028532,1,1,1,1,1,1,1,1,1,1,0,0,0,1,0,0
0.00285321,1,0,1,1,1,1,1,1,1,1,0,0,0,1,0,0
0.00285322,1,1,1,1,1,1,1,1,1,1,0,0,0,1,0,0
0.00285326,0,1,1,1,0,1,1,0,1,1,0,0,0,1,0,0
0.00285327,0,1,1,1,0,1,0,0,1,1,0,0,0,1,0,0
0.00285331,1,1,1,1,0,1,0,1,1,1,0,0,0,1,0,0
0.00285333,0,1,1,1,0,1,0,0,1,1,0,0,0,1,0,0
0.00285416,0,1,1,1,1,1,0,1,1,1,0,0,0,1,0,0
0.00285417,1,1,1,1,0,1,1,1,1,1,0,0,0,1,0,0
0.00285418,0,1,1,1,0,1,0,0,1,1,0,0,0,1,0,0
0.00285422,1,1,1,1,1,1,1,0,1,1,0,0,0,1,0,0
0.00285424,1,1,1,1,1,1,1,1,1,1,0,0,0,1,0,0
0.00285425,1,1,0,1,1,1,1,1,1,1,0,0,0,1,0,0
0.00285426,1,1,0,1,1,1,1,0,1,1,0,0,0,1,0,0
0.00285427,1,1,1,1,0,1,1,1,1,1,0,0,0,1,0,0
0.00285428,1,0,0,0,0,0,1,0,1,1,0,0,0,1,0,0
0.00285433,1,1,1,1,0,1,1,1,1,1,0,0,0,1,0,0
0.00285434,1,1,1,1,0,0,1,1,1,1,0,0,0,1,0,0
0.00285435,1,0,0,0,0,0,1,0,1,1,0,0,0,1,0,0
0.00285461,1,0,0,0,0,0,1,0,1,0,0,0,0,0,0,0
0.00285462,1,0,0,0,0,0,1,0,1,0,0,0,0,0,0,1
0.00285514,1,1,1,1,0,1,1,0,1,0,0,0,0,0,0,1
0.00285516,1,1,1,1,1,1,1,1,1,0,0,0,0,0,0,1
0.00285517,0,1,1,1,1,1,0,1,1,0,0,0,0,0,0,1
0.00285518,0,1,1,1,0,1,0,0,1,0,0,0,0,0,0,1
0.00285618,1,1,1,1,1,1,1,1,1,0,0,0,0,0,0,1
0.00285623,0,1,0,0,1,0,1,1,1,0,0,0,0,0,0,1
0.00285627,0,1,1,0,1,1,1,1,1,0,0,0,0,0,0,1
0.00285628,1,1,1,1,1,1,1,1,1,0,0,0,0,0,0,1
0.00285629,0,1,1,1,1,1,1,1,1,0,0,0,0,0,0,1
0.0028563,0,1,0,0,1,0,1,1,1,0,0,0,0,0,0,1
0.00285656,0,1,0,0,1,0,1,1,0,0,0,0,0,0,1,0
0.00285657,0,1,0,0,1,0,1,1,0,1,0,0,1,0,1,1
0.00285709,1,1,1,1,1,0,1,1,0,1,0,0,1,0,1,1
0.0028571,0,1,1,1,1,0,1,1,0,1,0,0,1,0,1,1
0.00285711,1,1,1,1,1,1,1,1,0,1,0,0,1,0,1,1
0.00285716,1,1,1,1,1,1,0,1,0,1,0,0,1,0,1,1
0.00285717,0,1,1,1,0,1,0,0,0,1,0,0,1,0,1,1
0.00285721,1,1,1,1,0,1,0,0,0,1,0,0,1,0,1,1
0.00285722,1,1,1,1,0,1,0,1,0,1,0,0,1,0,1,1
0.00285723,0,1,1,1,0,1,0,0,0,1,0,0,1,0,1,1
0.00285809,1,1,1,1,0,1,1,1,0,1,0,0,1,0,1,1
0.0028581,1,1,1,1,1,1,1,1,0,1,0,0,1,0,1,1
0.00285905,0,0,0,0,0,0,0,0,0,1,0,0,1,0,1,1
0.00285909,1,1,1,0,0,0,0,0,0,1,0,0,1,0,1,1
0.0028591,1,0,1,0,0,0,0,0,0,1,0,0,1,0,1,1
0.00285911,0,0,0,0,0,0,0,0,0,1,0,0,1,0,1,1
0.00286001,1,1,1,0,0,0,0,0,0,1,0,0,1,0,1,1
0.00286002,1,0,1,0,0,0,0,0,0,1,0,0,1,0,1,1
0.00286003,0,0,0,0,0,0,0,0,0,1,0,0,1,0,1,1
0.00286005,0,1,1,1,0,0,0,0,0,1,0,0,1,0,1,1
0.00286006,0,1,1,1,0,1,0,0,0,1,0,0,1,0,1,1
0.00286007,1,1,1,1,0,1,0,0,0,1,0,0,1,0,1,1
0.00286008,1,1,1,1,1,1,1,1,0,1,0,0,1,0,1,1
0.00286014,0,1,0,0,1,1,0,0,0,1,0,0,1,0,1,1
0.00286018,1,1,1,1,1,1,1,1,0,1,0,0,1,0,1,1
0.0028602,1,1,1,0,1,1,0,0,0,1,0,0,1,0,1,1
0.00286021,0,1,0,0,1,1,0,0,0,1,0,0,1,0,1,1
0.00286026,0,1,1,0,1,1,0,0,0,1,0,0,1,0,1,1
0.00286028,0,1,0,0,1,1,0,0,0,1,0,0,1,0,1,1
0.00286047,0,1,0,0,1,1,0,0,0,1,0,0,1,0,0,0
0.00286048,0,1,0,0,1,1,0,0,0,1,0,0,1,1,0,0
0.00286099,1,1,0,1,1,1,0,0,0,1,0,0,1,1,0,0
0.002861,1,1,1,1,1,1,0,0,0,1,0,0,1,1,0,0
0.00286101,1,1,1,1,1,1,1,1,0,1,0,0,1,1,0,0
0.00286107,1,1,1,1,1,0,0,1,0,1,0,0,1,1,0,0
0.00286108,1,0,0,0,1,0,0,0,0,1,0,0,1,1,0,0
0.00286111,1,0,1,0,1,0,0,0,0,1,0,0,1,1,0,0
0.00286112,1,1,1,1,1,1,1,1,0,1,0,0,1,1,0,0
0.00286115,1,0,1,0,1,0,0,0,0,1,0,0,1,1,0,0
0.00286116,1,0,0,0,1,0,0,0,0,1,0,0,1,1,0,0
0.00286119,1,0,1,0,1,0,0,0,0,1,0,0,1,1,0,0
0.0028612,1,0,1,1,1,0,0,0,0,1,0,0,1,1,0,0
0.00286122,1,0,1,0,1,0,0,0,0,1,0,0,1,1,0,0
0.00286124,1,0,0,0,1,0,0,0,0,1,0,0,1,1,0,0
0.00286126,1,0,1,0,1,0,0,0,0,1,0,0,1,1,0,0
0.00286139,1,0,0,0,1,0,0,0,0,1,0,0,1,1,0,0
0.00286142,1,0,1,0,1,0,0,0,0,1,0,0,1,1,0,0
0.00286143,1,0,0,0,1,0,0,0,0,1,0,0,1,1,0,0
0.00286144,1,0,1,0,1,0,0,0,0,1,0,0,1,1,0,0
0.00286146,1,0,0,0,1,0,0,0,0,1,0,0,1,1,0,0
0.00286197,1,1,0,1,1,0,0,0,0,1,0,0,1,1,0,0
0.00286198,1,1,1,1,1,0,0,0,0,1,0,0,1,1,0,0
0.00286199,1,1,1,1,1,1,1,1,0,1,0,0,1,1,0,0
0.00286203,1,1,0,1,0,0,0,0,0,1,0,0,1,1,0,0
0.00286207,1,1,1,1,0,0,0,0,0,1,0,0,1,1,0,0
0.00286208,1,1,1,1,0,1,1,1,0,1,0,0,1,1,0,0
0.00286209,1,1,1,1,0,1,0,1,0,1,0,0,1,1,0,0
0.0028621,1,1,1,1,0,0,0,0,0,1,0,0,1,1,0,0
0.00286211,1,1,0,1,0,0,0,0,0,1,0,0,1,1,0,0
0.00286216,1,1,1,1,0,0,0,0,0,1,0,0,1,1,0,0
0.00286217,1,1,0,1,0,0,0,0,0,1,0,0,1,1,0,0
0.00286296,1,1,1,1,0,0,0,0,0,1,0,0,1,1,0,0
0.00286297,1,1,1,1,1,1,1,1,0,1,0,0,1,1,0,0
0.00286397,0,1,1,1,1,1,1,1,0,1,0,0,1,1,0,0
0.00286398,0,0,0,1,1,0,0,1,0,1,0,0,1,1,0,0
0.002864,1,1,1,1,1,0,0,1,0,1,0,0,1,1,0,0
0.00286401,1,1,1,1,1,1,1,1,0,1,0,0,1,1,0,0
0.00286404,0,1,1,1,1,1,1,1,0,1,0,0,1,1,0,0
0.00286406,1,1,1,1,1,1,1,1,0,1,0,0,1,1,0,0
0.00286407,0,1,1,0,0,1,1,0,0,1,0,0,1,1,0,0
0.00286437,0,1,1,0,0,1,1,0,0,1,0,0,0,1,0,0
0.00286438,0,1,1,0,0,1,1,0,0,1,1,0,0,1,0,1
0.00286445,0,1,1,0,0,1,1,0,0,1,1,0,0,1,0,0
0.00286446,0,1,1,0,0,1,1,0,0,1,1,0,0,1,0,1
0.00286492,1,1,1,1,1,1,1,0,0,1,1,0,0,1,0,1
0.00286493,1,1,1,1,1,1,1,1,0,1,1,0,0,1,0,1
0.00286497,0,0,0,0,0,0,0,1,0,1,1,0,0,1,0,1
0.00286501,0,0,0,0,0,1,0,1,0,1,1,0,0,1,0,1
0.00286502,0,0,0,0,0,1,1,1,0,1,1,0,0,1,0,1
0.00286503,0,1,1,1,0,1,1,1,0,1,1,0,0,1,0,1
0.00286505,0,0,0,0,0,1,1,1,0,1,1,0,0,1,0,1
0.00286507,0,0,0,0,0,0,0,1,0,1,1,0,0,1,0,1
0.0028651,0,0,0,0,0,1,1,1,0,1,1,0,0,1,0,1
0.00286514,0,0,0,0,0,1,0,1,0,1,1,0,0,1,0,1
0.00286515,0,0,0,0,0,0,0,1,0,1,1,0,0,1,0,1
0.00286517,0,0,0,0,0,1,0,1,0,1,1,0,0,1,0,1
0.00286518,0,0,0,0,0,1,1,1,0,1,1,0,0,1,0,1
0.00286521,0,0,0,0,0,1,0,1,0,1,1,0,0,1,0,1
0.00286527,0,0,0,0,0,1,1,1,0,1,1,0,0,1,0,1
0.00286529,0,0,0,0,0,1,0,1,0,1,1,0,0,1,0,1
0.0028653,0,0,0,0,0,0,0,1,0,1,1,0,0,1,0,1
0.00286532,0,0,0,0,0,1,0,1,0,1,1,0,0,1,0,1
0.00286533,0,0,0,0,0,1,1,1,0,1,1,0,0,1,0,1
0.00286534,0,0,0,0,0,0,0,1,0,1,1,0,0,1,0,1
0.00286535,0,0,0,0,0,1,0,1,0,1,1,0,0,1,0,1
0.00286536,0,0,0,0,0,1,1,1,0,1,1,0,0,1,0,1
0.00286538,0,0,0,0,0,0,0,1,0,1,1,0,0,1,0,1
0.00286541,0,0,0,0,0,1,0,1,0,1,1,0,0,1,0,1
0.00286542,0,0,0,0,0,0,0,1,0,1,1,0,0,1,0,1
0.00286545,0,0,0,0,0,1,1,1,0,1,1,0,0,1,0,1
0.00286546,0,0,0,0,0,0,0,1,0,1,1,0,0,1,0,1
0.00286587,0,0,1,0,0,0,0,1,0,1,1,0,0,1,0,1
0.00286588,0,1,1,1,0,1,0,1,0,1,1,0,0,1,0,1
0.00286589,1,1,1,1,1,1,0,1,0,1,1,0,0,1,0,1
0.0028659,1,1,1,1,1,1,1,1,0,1,1,0,0,1,0,1
0.00286596,0,0,0,0,0,0,1,0,0,1,1,0,0,1,0,1
0.00286599,0,0,0,0,0,1,1,0,0,1,1,0,0,1,0,1
0.002866,1,1,1,1,0,1,1,0,0,1,1,0,0,1,0,1
0.00286601,1,1,1,1,1,1,1,1,0,1,1,0,0,1,0,1
0.00286602,1,1,1,1,0,1,1,0,0,1,1,0,0,1,0,1
0.00286603,0,1,1,1,0,1,1,0,0,1,1,0,0,1,0,1
0.00286604,0,0,0,0,0,0,1,0,0,1,1,0,0,1,0,1
0.00286608,0,1,1,1,0,1,1,0,0,1,1,0,0,1,0,1
0.0028661,0,0,1,0,0,1,1,0,0,1,1,0,0,1,0,1
0.00286611,0,0,0,0,0,1,1,0,0,1,1,0,0,1,0,1
0.00286612,0,0,0,0,0,0,1,0,0,1,1,0,0,1,0,1
0.00286616,0,0,0,0,0,1,1,0,0,1,1,0,0,1,0,1
0.0028662,0,0,0,0,0,0,1,0,0,1,1,0,0,1,0,1
0.00286625,0,0,0,0,0,1,1,0,0,1,1,0,0,1,0,1
0.00286626,0,0,0,0,0,0,1,0,0,1,1,0,0,1,0,1
0.00286633,0,0,0,0,0,1,1,0,0,1,1,0,0,1,0,1
0.00286635,0,0,0,0,0,0,1,0,0,1,1,0,0,1,0,1
0.00286685,0,0,1,0,0,0,1,0,0,1,1,0,0,1,0,1
0.00286686,0,0,1,1,0,0,1,0,0,1,1,0,0,1,0,1
0.00286687,1,1,1,1,0,1,1,0,0,1,1,0,0,1,0,1
0.00286688,1,1,1,1,1,1,1,1,0,1,1,0,0,1,0,1
0.00286692,0,1,1,1,0,1,0,0,0,1,1,0,0,1,0,1
0.00286696,1,1,1,1,0,1,1,1,0,1,1,0,0,1,0,1
0.00286698,0,1,1,1,0,1,0,0,0,1,1,0,0,1,0,1
0.00286784,0,1,1,1,0,1,1,0,0,1,1,0,0,1,0,1
0.00286785,1,1,1,1,1,1,1,1,0,1,1,0,0,1,0,1
0.00286886,1,1,1,1,0,1,0,1,0,1,1,0,0,1,0,1
0.00286887,0,1,1,1,0,1,0,0,0,1,1,0,0,1,0,1
0.00286891,1,1,1,1,1,1,1,1,0,1,1,0,0,1,0,1
0.00286892,0,1,1,1,0,1,1,1,0,1,1,0,0,1,0,1
0.00286893,0,1,1,1,0,1,0,0,0,1,1,0,0,1,0,1
0.00286989,1,1,1,1,1,1,0,0,0,1,1,0,0,1,0,1
0.0028699,1,0,1,0,1,1,1,1,0,1,1,0,0,1,0,1
0.00286991,0,0,1,0,1,0,0,0,0,1,1,0,0,1,0,1
0.00286996,1,0,1,0,1,0,1,1,0,1,1,0,0,1,0,1
0.00286997,0,0,1,0,1,0,0,0,0,1,1,0,0,1,0,1
0.00287023,0,0,1,0,1,0,0,0,0,0,1,0,0,0,0,0
0.00287024,0,0,1,0,1,0,0,0,0,0,1,0,1,0,0,0
0.00287076,1,0,1,0,1,0,0,0,0,0,1,0,1,0,0,0
0.00287077,0,0,1,0,1,0,0,0,0,0,1,0,1,0,0,0
0.00287078,0,0,1,0,1,1,1,1,0,0,1,0,1,0,0,0
0.00287079,1,1,1,1,1,1,1,1,0,0,1,0,1,0,0,0
0.00287181,0,0,0,0,0,0,1,0,0,0,1,0,1,0,0,0
0.00287186,1,0,0,1,0,1,1,0,0,0,1,0,1,0,0,0
0.00287187,1,1,1,1,0,1,1,1,0,0,1,0,1,0,0,0
0.00287189,0,0,0,0,0,0,1,0,0,0,1,0,1,0,0,0
0.00287271,1,1,0,0,0,0,1,0,0,0,1,0,1,0,0,0
0.00287272,1,1,1,0,0,0,1,0,0,0,1,0,1,0,0,0
0.00287273,1,1,1,1,0,0,1,0,0,0,1,0,1,0,0,0
0.00287274,1,1,1,1,1,1,1,1,0,0,1,0,1,0,0,0
0.00287278,1,1,0,0,1,0,0,0,0,0,1,0,1,0,0,0
0.00287282,1,1,1,1,1,1,0,1,0,0,1,0,1,0,0,0
0.00287283,1,1,1,1,1,1,1,1,0,0,1,0,1,0,0,0
0.00287284,1,1,1,1,1,1,0,1,0,0,1,0,1,0,0,0
0.00287285,1,1,0,0,1,0,0,0,0,0,1,0,1,0,0,0
0.0028729,1,1,1,1,1,1,0,0,0,0,1,0,1,0,0,0
0.00287291,1,1,1,0,1,0,0,0,0,0,1,0,1,0,0,0
0.00287292,1,1,0,0,1,0,0,0,0,0,1,0,1,0,0,0
0.00287316,1,1,0,0,1,0,0,0,0,0,0,0,1,0,0,0
0.00287317,1,1,0,0,1,0,0,0,1,1,0,0,1,0,0,0
0.00287323,1,1,0,0,1,0,0,0,0,0,0,0,0,0,0,0
0.00287324,1,1,0,0,1,0,0,0,1,1,0,0,1,0,0,0
0.0028737,1,1,1,0,1,0,0,0,1,1,0,0,1,0,0,0
0.00287371,1,1,1,1,1,1,0,1,1,1,0,0,1,0,0,0
0.00287372,1,1,1,1,1,1,1,1,1,1,0,0,1,0,0,0
0.00287376,1,0,1,0,1,1,0,1,1,1,0,0,1,0,0,0
0.00287377,1,0,0,0,1,1,0,1,1,1,0,0,1,0,0,0
0.0028738,1,0,1,1,1,1,1,1,1,1,0,0,1,0,0,0
0.00287381,1,1,1,1,1,1,1,1,1,1,0,0,1,0,0,0
0.00287383,1,0,0,0,1,1,0,1,1,1,0,0,1,0,0,0
0.00287388,1,0,1,0,1,1,0,1,1,1,0,0,1,0,0,0
0.00287389,1,0,0,0,1,1,0,1,1,1,0,0,1,0,0,0
0.00287466,1,0,1,0,1,1,0,1,1,1,0,0,1,0,0,0
0.00287467,1,1,1,1,1,1,0,1,1,1,0,0,1,0,0,0
0.00287469,1,1,1,1,1,1,1,1,1,1,0,0,1,0,0,0
0.00287474,0,1,0,0,1,0,0,0,1,1,0,0,1,0,0,0
0.00287478,1,1,1,1,1,1,0,0,1,1,0,0,1,0,0,0
0.00287479,1,1,1,1,1,1,1,1,1,1,0,0,1,0,0,0
0.00287481,1,1,1,1,1,0,0,0,1,1,0,0,1,0,0,0
0.00287482,0,1,0,0,1,0,0,0,1,1,0,0,1,0,0,0
0.00287486,0,1,1,1,1,0,0,0,1,1,0,0,1,0,0,0
0.00287489,0,1,0,0,1,0,0,0,1,1,0,0,1,0,0,0
0.00287494,0,1,1,0,1,0,0,0,1,1,0,0,1,0,0,0
0.00287495,0,1,0,0,1,0,0,0,1,1,0,0,1,0,0,0
0.00287511,0,1,0,0,1,0,0,0,0,1,0,0,1,0,0,0
0.00287519,0,1,0,0,1,0,0,0,0,0,0,0,0,0,0,0
0.0028752,0,1,0,0,1,0,0,0,0,1,0,0,1,0,0,0
0.00287564,1,1,1,1,1,0,0,0,0,1,0,0,1,0,0,0
0.00287566,1,1,1,1,1,1,0,1,0,1,0,0,1,0,0,0
0.00287568,1,1,1,1,1,1,1,1,0,1,0,0,1,0,0,0
0.00287572,1,1,0,0,1,1,0,0,0,1,0,0,1,0,0,0
0.00287576,1,1,1,1,1,1,1,1,0,1,0,0,1,0,0,0
0.00287578,1,1,0,0,1,1,0,0,0,1,0,0,1,0,0,0
0.00287663,1,1,0,0,1,1,0,1,0,1,0,0,1,0,0,0
0.00287664,1,1,1,1,1,1,1,1,0,1,0,0,1,0,0,0
0.00287668,1,0,0,1,1,0,1,0,0,1,0,0,1,0,0,0
0.00287669,1,0,0,0,1,0,0,0,0,1,0,0,1,0,0,0
0.00287672,1,0,1,1,1,0,0,1,0,1,0,0,1,0,0,0
0.00287673,1,1,1,1,1,1,1,1,0,1,0,0,1,0,0,0
0.00287675,1,1,1,1,1,1,0,1,0,1,0,0,1,0,0,0
0.00287676,1,0,1,1,1,0,0,0,0,1,0,0,1,0,0,0
0.00287677,1,0,0,0,1,0,0,0,0,1,0,0,1,0,0,0
0.0028768,1,0,1,0,1,0,0,0,0,1,0,0,1,0,0,0
0.00287681,1,0,1,1,1,0,0,0,0,1,0,0,1,0,0,0
0.00287683,1,0,1,0,1,0,0,0,0,1,0,0,1,0,0,0
0.00287684,1,0,0,0,1,0,0,0,0,1,0,0,1,0,0,0
0.00287706,1,0,0,0,1,0,0,0,0,0,0,0,1,0,0,0
0.00287708,1,0,0,0,1,0,0,0,1,0,0,0,1,0,0,0
0.00287714,1,0,0,0,1,0,0,0,0,0,0,0,0,0,0,0
0.00287715,1,0,0,0,1,0,0,0,1,0,0,0,1,0,0,0
0.00287759,1,1,1,1,1,0,0,0,1,0,0,0,1,0,0,0
0.00287761,1,1,1,1,1,1,1,1,1,0,0,0,1,0,0,0
0.00287767,0,0,1,1,1,0,0,1,1,0,0,0,1,0,0,0
0.00287771,1,1,1,1,1,1,1,1,1,0,0,0,1,0,0,0
0.00287773,0,1,1,1,1,1,0,1,1,0,0,0,1,0,0,0
0.00287774,0,0,1,1,1,0,0,1,1,0,0,0,1,0,0,0
0.00287857,0,1,1,1,1,0,0,1,1,0,0,0,1,0,0,0
0.00287859,0,0,1,1,1,1,1,1,1,0,0,0,1,0,0,0
0.0028786,0,1,1,1,1,1,1,1,1,0,0,0,1,0,0,0
0.00287862,1,1,1,1,1,1,1,1,1,0,0,0,1,0,0,0
0.00287864,1,1,1,0,0,1,1,1,1,0,0,0,1,0,0,0
0.00287865,0,0,1,0,0,1,0,0,1,0,0,0,1,0,0,0
0.00287868,0,1,1,0,0,1,0,0,1,0,0,0,1,0,0,0
0.00287869,1,1,1,1,0,1,1,1,1,0,0,0,1,0,0,0
0.00287872,1,1,1,0,0,1,0,0,1,0,0,0,1,0,0,0
0.00287873,0,0,1,0,0,1,0,0,1,0,0,0,1,0,0,0
0.00287877,1,1,1,0,0,1,0,0,1,0,0,0,1,0,0,0
0.00287879,0,1,1,0,0,1,0,0,1,0,0,0,1,0,0,0
0.0028788,0,0,1,0,0,1,0,0,1,0,0,0,1,0,0,0
0.00287902,0,0,1,0,0,1,0,0,0,0,0,0,0,0,0,0
0.00287903,0,0,1,0,0,1,0,0,0,0,1,0,0,1,0,0
0.0028791,0,0,1,1,1,1,0,0,0,0,1,0,0,1,0,0
0.00287911,0,0,1,1,1,1,0,1,0,0,1,1,1,1,0,0
0.00287912,0,0,1,1,1,1,0,1,0,0,1,1,1,1,1,0
0.00287913,1,1,1,1,1,1,1,1,0,0,1,1,1,1,1,0
0.00287914,1,1,1,0,0,1,1,0,0,0,1,0,0,1,0,0
0.00287915,0,0,1,0,0,1,0,0,0,0,1,0,0,1,0,0
0.00287918,1,1,1,0,0,1,0,0,0,0,1,0,0,1,0,0
0.00287919,1,1,1,1,0,1,1,1,0,0,1,0,0,1,0,0
0.00287921,1,1,1,1,0,1,0,1,0,0,1,0,0,1,0,0
0.00287922,0,0,1,0,0,1,0,0,0,0,1,0,0,1,0,0
0.00287955,0,1,1,0,0,1,0,0,0,0,1,0,0,1,0,0
0.00287956,0,0,1,1,0,1,0,0,0,0,1,0,0,1,0,0
0.00287957,1,1,1,1,1,1,1,1,0,0,1,0,0,1,0,0
0.00287962,1,1,0,1,0,0,1,1,0,0,1,0,0,1,0,0
0.00287963,0,0,0,0,0,0,0,1,0,0,1,0,0,1,0,0
0.00287966,1,1,0,1,0,1,1,1,0,0,1,0,0,1,0,0
0.00287967,1,1,1,1,0,1,1,1,0,0,1,0,0,1,0,0
0.00287968,1,1,1,1,1,1,1,1,0,0,1,0,0,1,0,0
0.00287969,1,1,1,1,0,1,1,1,0,0,1,0,0,1,0,0
0.0028797,1,1,0,1,0,1,1,1,0,0,1,0,0,1,0,0
0.00287971,1,1,0,1,0,0,0,1,0,0,1,0,0,1,0,0
0.00287972,0,0,0,0,0,0,0,1,0,0,1,0,0,1,0,0
0.00287974,0,0,0,1,0,0,0,1,0,0,1,0,0,1,0,0
0.00287975,1,1,0,1,0,1,1,1,0,0,1,0,0,1,0,0
0.00287978,0,1,0,1,0,1,1,1,0,0,1,0,0,1,0,0
0.00287979,0,0,0,1,0,0,0,1,0,0,1,0,0,1,0,0
0.00287983,0,1,0,1,0,0,0,1,0,0,1,0,0,1,0,0
0.00287985,0,0,0,1,0,0,0,1,0,0,1,0,0,1,0,0
0.00288018,0,0,0,0,0,0,0,1,0,0,1,0,0,1,0,0
0.0028802,0,0,0,1,0,0,0,1,0,0,1,0,0,1,0,0
0.00288022,0,0,0,0,0,0,0,1,0,0,1,0,0,1,0,0
0.00288053,1,1,1,1,0,0,0,1,0,0,1,0,0,1,0,0
0.00288054,1,1,1,1,1,1,1,1,0,0,1,0,0,1,0,0
0.00288059,0,0,0,0,0,0,1,0,0,0,1,0,0,1,0,0
0.00288063,1,1,1,1,0,1,1,1,0,0,1,0,0,1,0,0
0.00288064,1,1,1,1,1,1,1,1,0,0,1,0,0,1,0,0
0.00288066,1,1,1,1,0,1,1,1,0,0,1,0,0,1,0,0
0.00288067,1,0,1,1,0,1,1,0,0,0,1,0,0,1,0,0
0.00288068,0,0,0,0,0,0,1,0,0,0,1,0,0,1,0,0
0.0028807,0,0,0,0,0,1,1,0,0,0,1,0,0,1,0,0
0.00288071,0,0,1,1,0,1,1,0,0,0,1,0,0,1,0,0
0.00288072,1,1,1,1,0,1,1,0,0,0,1,0,0,1,0,0
0.00288074,0,0,1,1,0,1,1,0,0,0,1,0,0,1,0,0
0.00288076,0,0,0,1,0,1,1,0,0,0,1,0,0,1,0,0
0.00288077,0,0,0,0,0,1,1,0,0,0,1,0,0,1,0,0
0.00288078,0,0,0,1,0,1,1,0,0,0,1,0,0,1,0,0
0.00288079,0,0,1,1,0,1,1,0,0,0,1,0,0,1,0,0
0.00288085,0,0,0,1,0,1,1,0,0,0,1,0,0,1,0,0
0.00288086,0,0,1,1,0,1,1,0,0,0,1,0,0,1,0,0
0.00288092,0,0,0,0,0,1,1,0,0,0,1,0,0,1,0,0
0.00288093,0,0,0,1,0,1,1,0,0,0,1,0,0,1,0,0
0.00288095,0,0,1,1,0,1,1,0,0,0,1,0,0,1,0,0
0.00288096,0,0,0,1,0,1,1,0,0,0,1,0,0,1,0,0
0.00288097,0,0,1,1,0,1,1,0,0,0,1,0,0,1,0,0
0.00288099,0,0,0,0,0,1,1,0,0,0,1,0,0,1,0,0
0.00288102,0,0,0,1,0,1,1,0,0,0,1,0,0,1,0,0
0.00288104,0,0,0,0,0,1,1,0,0,0,1,0,0,1,0,0
0.00288105,0,0,0,1,0,1,1,0,0,0,1,0,0,1,0,0
0.00288107,0,0,0,0,0,1,1,0,0,0,1,0,0,1,0,0
0.00288132,0,0,0,0,0,0,1,0,0,0,1,0,0,1,0,0
0.00288133,0,0,0,0,0,1,1,0,0,0,1,0,0,1,0,0
0.00288135,0,0,0,0,0,0,1,0,0,0,1,0,0,1,0,0
0.00288141,0,0,0,0,0,1,1,0,0,0,1,0,0,1,0,0
0.00288142,0,0,0,0,0,0,1,0,0,0,1,0,0,1,0,0
0.00288147,0,0,0,0,0,1,1,0,0,0,1,0,0,1,0,0
0.00288148,0,0,0,0,0,0,1,0,0,0,1,0,0,1,0,0
0.00288152,0,0,1,1,0,1,1,0,0,0,1,0,0,1,0,0
0.00288153,1,1,1,1,1,1,1,1,0,0,1,0,0,1,0,0
0.00288157,1,1,1,1,1,1,0,1,0,0,1,0,0,1,0,0
0.00288158,0,1,1,1,0,1,0,0,0,0,1,0,0,1,0,0
0.00288161,1,1,1,1,0,1,0,1,0,0,1,0,0,1,0,0
0.00288162,1,1,1,1,1,1,1,1,0,0,1,0,0,1,0,0
0.00288164,0,1,1,1,0,1,0,0,0,0,1,0,0,1,0,0
0.0028817,1,1,1,1,0,1,0,0,0,0,1,0,0,1,0,0
0.00288171,0,1,1,1,0,1,0,0,0,0,1,0,0,1,0,0
0.00288247,0,1,1,1,1,1,0,1,0,0,1,0,0,1,0,0
0.00288248,1,1,1,1,1,1,0,1,0,0,1,0,0,1,0,0
0.00288249,1,1,1,1,0,1,0,1,0,0,1,0,0,1,0,0
0.0028825,0,1,1,1,0,1,0,0,0,0,1,0,0,1,0,0
0.00288253,0,1,1,1,0,1,0,1,0,0,1,0,0,1,0,0
0.00288254,1,1,1,1,1,1,1,1,0,0,1,0,0,1,0,0
0.00288259,0,1,0,0,0,0,1,1,0,0,1,0,0,1,0,0
0.0028826,0,1,0,0,0,0,1,0,0,0,1,0,0,1,0,0
0.00288263,1,1,1,1,0,1,1,1,0,0,1,0,0,1,0,0
0.00288264,1,1,1,1,1,1,1,1,0,0,1,0,0,1,0,0
0.00288266,1,1,1,1,0,1,1,1,0,0,1,0,0,1,0,0
0.00288267,1,1,1,1,0,0,1,1,0,0,1,0,0,1,0,0
0.00288268,1,1,0,0,0,0,1,0,0,0,1,0,0,1,0,0
0.00288269,0,1,0,0,0,0,1,0,0,0,1,0,0,1,0,0
0.00288271,1,1,1,1,0,0,1,1,0,0,1,0,0,1,0,0
0.00288275,1,1,1,0,0,0,1,1,0,0,1,0,0,1,0,0
0.00288276,1,1,1,0,0,0,1,0,0,0,1,0,0,1,0,0
0.00288279,1,1,1,1,0,0,1,1,0,0,1,0,0,1,0,0
0.00288282,1,1,1,0,0,0,1,0,0,0,1,0,0,1,0,0
0.00288291,1,1,1,1,0,0,1,0,0,0,1,0,0,1,0,0
0.00288292,1,1,1,1,0,0,1,1,0,0,0,0,0,0,0,0
0.00288293,1,1,1,1,0,0,1,0,0,1,0,0,0,0,0,1
0.00288294,0,1,1,0,0,0,1,0,0,1,0,0,0,0,0,1
0.00288297,1,1,1,1,0,0,1,0,0,1,0,0,0,0,0,1
0.00288298,1,1,1,1,0,0,1,1,0,1,0,0,0,0,0,1
0.00288299,1,1,1,1,0,0,1,0,0,1,0,0,0,0,0,1
0.002883,1,1,1,1,0,0,1,0,0,1,0,0,0,0,0,0
0.00288301,0,1,1,0,0,0,1,0,0,1,0,0,0,0,0,1
0.00288303,0,1,0,0,0,0,1,0,0,1,0,0,0,0,0,1
0.00288304,0,1,1,0,0,0,1,0,0,1,0,0,0,0,0,1
0.00288305,1,1,1,1,0,0,1,0,0,1,0,0,0,0,0,1
0.00288306,1,1,1,1,0,0,1,1,0,1,0,0,0,0,0,1
0.00288307,1,1,1,1,0,0,1,0,0,1,0,0,0,0,0,1
0.00288308,1,1,1,0,0,0,1,0,0,1,0,0,0,0,0,1
0.00288309,0,1,1,0,0,0,1,0,0,1,0,0,0,0,0,1
0.00288313,1,1,1,0,0,0,1,0,0,1,0,0,0,0,0,1
0.00288314,1,1,1,1,0,0,1,0,0,1,0,0,0,0,0,1
0.00288315,0,1,1,0,0,0,1,0,0,1,0,0,0,0,0,1
0.00288344,0,1,0,0,0,0,1,0,0,1,0,0,0,0,0,1
0.00288345,0,1,1,1,0,0,1,0,0,1,0,0,0,0,0,1
0.00288346,0,1,1,1,0,1,1,0,0,1,0,0,0,0,0,1
0.00288347,1,1,1,1,1,1,1,1,0,1,0,0,0,0,0,1
0.00288348,1,1,1,1,1,1,0,1,0,1,0,0,0,0,0,1
0.00288349,1,1,1,1,0,1,0,0,0,1,0,0,0,0,0,1
0.0028835,0,1,1,1,0,1,0,0,0,1,0,0,0,0,0,1
0.00288353,1,1,1,1,0,1,0,0,0,1,0,0,0,0,0,1
0.00288354,1,1,1,1,0,1,0,1,0,1,0,0,0,0,0,1
0.00288355,1,1,1,1,0,1,0,0,0,1,0,0,0,0,0,1
0.00288356,0,1,1,1,0,1,0,0,0,1,0,0,0,0,0,1
0.00288449,1,1,1,1,1,1,1,1,0,1,0,0,0,0,0,1
0.00288454,0,1,0,0,1,1,1,1,0,1,0,0,0,0,0,1
0.00288455,0,1,0,0,1,0,1,1,0,1,0,0,0,0,0,1
0.00288459,1,1,1,1,1,1,1,1,0,1,0,0,0,0,0,1
0.00288461,0,1,0,0,1,0,1,1,0,1,0,0,0,0,0,1
0.00288488,0,1,0,0,1,0,1,1,0,1,0,0,1,0,1,1
0.00288542,0,1,1,1,1,0,1,1,0,1,0,0,1,0,1,1
0.00288543,0,1,1,1,1,1,1,1,0,1,0,0,1,0,1,1
0.00288545,1,1,1,1,1,1,1,1,0,1,0,0,1,0,1,1
0.00288548,1,1,1,1,0,1,0,0,0,1,0,0,1,0,1,1
0.00288549,0,1,1,1,0,1,0,0,0,1,0,0,1,0,1,1
0.00288553,1,1,1,1,0,1,0,1,0,1,0,0,1,0,1,1
0.00288554,1,1,1,1,0,1,0,0,0,1,0,0,1,0,1,1
0.00288555,0,1,1,1,0,1,0,0,0,1,0,0,1,0,1,1
0.0028864,1,1,1,1,0,1,0,1,0,1,0,0,1,0,1,1
0.00288641,1,1,1,1,1,1,1,1,0,1,0,0,1,0,1,1
0.00288736,1,0,1,1,1,1,0,1,0,1,0,0,1,0,1,1
0.00288737,0,0,0,0,0,0,0,0,0,1,0,0,1,0,1,1
0.0028874,1,1,1,0,0,0,0,0,0,1,0,0,1,0,1,1
0.00288741,1,0,1,0,0,0,0,0,0,1,0,0,1,0,1,1
0.00288742,0,0,0,0,0,0,0,0,0,1,0,0,1,0,1,1
0.00288832,0,0,1,0,0,0,0,0,0,1,0,0,1,0,1,1
0.00288833,1,1,1,0,0,0,0,0,0,1,0,0,1,0,1,1
0.00288834,0,0,1,0,0,0,0,0,0,1,0,0,1,0,1,1
0.00288835,0,0,0,0,0,0,0,0,0,1,0,0,1,0,1,1
0.00288836,0,0,1,0,0,0,0,0,0,1,0,0,1,0,1,1
0.00288837,0,1,1,1,0,1,0,0,0,1,0,0,1,0,1,1
0.00288839,1,1,1,1,1,1,1,0,0,1,0,0,1,0,1,1
0.0028884,1,1,1,1,1,1,1,1,0,1,0,0,1,0,1,1
0.00288841,1,1,1,1,1,1,1,0,0,1,0,0,1,0,1,1
0.00288842,0,1,1,1,1,1,0,0,0,1,0,0,1,0,1,1
0.00288843,0,1,1,1,1,1,1,0,0,1,0,0,1,0,1,1
0.00288844,1,1,1,1,1,1,1,1,0,1,0,0,1,0,1,1
0.00288845,0,1,0,0,1,1,1,0,0,1,0,0,1,0,1,1
0.00288846,0,1,0,0,1,1,0,0,0,1,0,0,1,0,1,1
0.00288849,0,1,1,0,1,1,0,0,0,1,0,0,1,0,1,1
0.0028885,1,1,1,0,1,1,1,0,0,1,0,0,1,0,1,1
0.00288851,1,1,1,0,1,1,0,0,0,1,0,0,1,0,1,1
0.00288852,0,1,0,0,1,1,0,0,0,1,0,0,1,0,1,1
0.00288878,0,1,0,0,1,1,0,0,0,1,0,0,1,0,0,0
0.00288879,0,1,0,0,1,1,0,0,0,1,0,0,1,1,0,0
0.00288933,1,1,1,1,1,1,0,0,0,1,0,0,1,1,0,0
0.00288935,1,1,1,1,1,1,1,1,0,1,0,0,1,1,0,0
0.00288939,1,1,1,1,1,0,1,1,0,1,0,0,1,1,0,0
0.0028894,0,0,1,0,1,0,0,0,0,1,0,0,1,1,0,0
0.00288944,1,0,1,0,1,0,1,0,0,1,0,0,1,1,0,0
0.00288945,1,1,1,1,1,1,1,1,0,1,0,0,1,1,0,0
0.00288946,0,1,1,1,1,0,1,0,0,1,0,0,1,1,0,0
0.00288947,0,0,1,0,1,0,0,0,0,1,0,0,1,1,0,0
0.00289029,1,1,1,1,1,0,0,0,0,1,0,0,1,1,0,0
0.0028903,1,1,1,1,1,1,1,1,0,1,0,0,1,1,0,0
0.00289035,1,1,1,1,0,0,0,0,0,1,0,0,1,1,0,0
0.00289036,1,1,0,1,0,0,0,0,0,1,0,0,1,1,0,0
0.0028904,1,1,1,1,0,1,1,1,0,1,0,0,1,1,0,0
0.00289042,1,1,0,1,0,0,0,0,0,1,0,0,1,1,0,0
0.00289128,1,1,1,1,0,1,1,1,0,1,0,0,1,1,0,0
0.00289129,1,1,1,1,1,1,1,1,0,1,0,0,1,1,0,0
0.00289229,0,0,0,1,1,0,0,1,0,1,0,0,1,1,0,0
0.00289232,1,1,1,1,1,1,1,1,0,1,0,0,1,1,0,0
0.00289235,0,1,1,1,1,1,1,1,0,1,0,0,1,1,0,0
0.00289237,1,1,1,1,0,1,1,1,0,1,0,0,1,1,0,0
0.00289238,0,1,1,0,0,1,1,0,0,1,0,0,1,1,0,0
0.00289268,0,1,1,0,0,1,1,0,0,1,0,0,0,1,0,0
0.00289269,0,1,1,0,0,1,1,0,0,1,1,0,0,1,0,0
0.0028927,0,1,1,0,0,1,1,0,0,1,1,0,0,1,0,1
0.00289324,1,1,1,1,1,1,1,1,0,1,1,0,0,1,0,1
0.00289328,0,0,0,0,0,0,0,1,0,1,1,0,0,1,0,1
0.00289332,0,0,0,0,0,1,0,1,0,1,1,0,0,1,0,1
0.00289333,0,1,1,1,0,1,0,1,0,1,1,0,0,1,0,1
0.00289334,1,1,1,1,0,1,1,1,0,1,1,0,0,1,0,1
0.00289336,0,1,1,0,0,1,0,1,0,1,1,0,0,1,0,1
0.00289337,0,0,0,0,0,0,0,1,0,1,1,0,0,1,0,1
0.00289341,0,0,0,0,0,1,0,1,0,1,1,0,0,1,0,1
0.00289343,0,0,0,0,0,0,0,1,0,1,1,0,0,1,0,1
0.0028942,1,1,1,1,0,0,0,1,0,1,1,0,0,1,0,1
0.00289421,1,1,1,1,1,1,1,1,0,1,1,0,0,1,0,1
0.00289426,1,1,1,1,1,1,1,0,0,1,1,0,0,1,0,1
0.00289427,0,0,0,0,0,0,1,0,0,1,1,0,0,1,0,1
0.0028943,0,0,1,0,0,1,1,0,0,1,1,0,0,1,0,1
0.00289431,1,1,1,1,0,1,1,0,0,1,1,0,0,1,0,1
0.00289432,1,1,1,1,1,1,1,0,0,1,1,0,0,1,0,1
0.00289433,1,1,1,1,0,1,1,0,0,1,1,0,0,1,0,1
0.00289435,0,0,1,0,0,0,1,0,0,1,1,0,0,1,0,1
0.00289436,0,0,0,0,0,0,1,0,0,1,1,0,0,1,0,1
0.00289439,1,1,1,1,0,1,1,0,0,1,1,0,0,1,0,1
0.00289442,0,1,1,0,0,0,1,0,0,1,1,0,0,1,0,1
0.00289443,0,0,1,0,0,0,1,0,0,1,1,0,0,1,0,1
0.00289447,0,1,1,0,0,0,1,0,0,1,1,0,0,1,0,1
0.00289449,0,0,1,0,0,0,1,0,0,1,1,0,0,1,0,1
0.00289461,0,0,0,0,0,0,1,0,0,1,1,0,0,1,0,1
0.00289462,0,0,1,0,0,0,1,0,0,1,1,0,0,1,0,1
0.00289463,0,0,0,0,0,0,1,0,0,1,1,0,0,1,0,1
0.00289464,0,0,1,0,0,0,1,0,0,1,1,0,0,1,0,1
0.00289475,0,0,0,0,0,0,1,0,0,1,1,0,0,1,0,1
0.0028948,0,0,1,0,0,0,1,0,0,1,1,0,0,1,0,1
0.00289482,0,0,0,0,0,0,1,0,0,1,1,0,0,1,0,1
0.00289517,1,1,1,1,0,0,1,0,0,1,1,0,0,1,0,1
0.00289518,1,1,1,1,1,1,1,0,0,1,1,0,0,1,0,1
0.00289519,1,1,1,1,1,1,1,1,0,1,1,0,0,1,0,1
0.00289523,1,1,1,1,1,1,0,1,0,1,1,0,0,1,0,1
0.00289524,0,1,1,1,0,1,0,0,0,1,1,0,0,1,0,1
0.00289528,1,1,1,1,1,1,1,1,0,1,1,0,0,1,0,1
0.00289529,1,1,1,1,0,1,1,1,0,1,1,0,0,1,0,1
0.0028953,0,1,1,1,0,1,0,0,0,1,1,0,0,1,0,1
0.00289535,1,1,1,1,0,1,0,0,0,1,1,0,0,1,0,1
0.00289537,0,1,1,1,0,1,0,0,0,1,1,0,0,1,0,1
0.00289615,1,1,1,1,0,1,0,0,0,1,1,0,0,1,0,1
0.00289616,1,1,1,1,1,1,1,1,0,1,1,0,0,1,0,1
0.00289718,0,1,1,1,0,1,0,0,0,1,1,0,0,1,0,1
0.00289722,1,1,1,1,0,1,1,1,0,1,1,0,0,1,0,1
0.00289724,0,1,1,1,0,1,0,0,0,1,1,0,0,1,0,1
0.00289821,1,1,1,1,1,1,1,1,0,1,1,0,0,1,0,1
0.00289822,0,0,1,0,1,0,0,0,0,1,1,0,0,1,0,1
0.00289827,1,0,1,0,1,0,0,1,0,1,1,0,0,1,0,1
0.00289828,1,0,1,0,1,0,0,0,0,1,1,0,0,1,0,1
0.00289829,0,0,1,0,1,0,0,0,0,1,1,0,0,1,0,1
0.00289854,0,0,1,0,1,0,0,0,0,0,1,0,0,0,0,0
0.00289856,0,0,1,0,1,0,0,0,0,0,1,0,1,0,0,0
0.00289862,0,0,1,0,1,0,0,0,0,0,0,0,0,0,0,0
0.00289863,0,0,1,0,1,0,0,0,0,0,1,0,1,0,0,0
0.00289907,1,0,1,0,1,0,0,0,0,0,1,0,1,0,0,0
0.00289909,1,0,1,0,1,0,1,1,0,0,1,0,1,0,0,0
0.0028991,1,1,1,1,1,1,1,1,0,0,1,0,1,0,0,0
0.00290012,0,0,0,0,0,1,1,0,0,0,1,0,1,0,0,0
0.00290013,0,0,0,0,0,0,1,0,0,0,1,0,1,0,0,0
0.00290017,1,0,0,0,0,0,1,0,0,0,1,0,1,0,0,0
0.00290018,1,1,1,1,0,1,1,0,0,0,1,0,1,0,0,0
0.00290019,1,1,1,1,0,0,1,0,0,0,1,0,1,0,0,0
0.0029002,1,0,1,0,0,0,1,0,0,0,1,0,1,0,0,0
0.00290021,0,0,0,0,0,0,1,0,0,0,1,0,1,0,0,0
0.00290102,1,0,0,0,0,0,1,0,0,0,1,0,1,0,0,0
0.00290103,1,1,1,1,0,0,1,0,0,0,1,0,1,0,0,0
0.00290105,1,1,1,1,1,1,1,1,0,0,1,0,1,0,0,0
0.00290109,1,1,1,1,1,1,0,1,0,0,1,0,1,0,0,0
0.0029011,1,1,0,0,1,0,0,0,0,0,1,0,1,0,0,0
0.00290114,1,1,1,1,1,1,0,1,0,0,1,0,1,0,0,0
0.00290116,1,1,1,1,1,1,0,0,0,0,1,0,1,0,0,0
0.00290117,1,1,0,0,1,0,0,0,0,0,1,0,1,0,0,0
0.00290121,1,1,1,0,1,0,0,0,0,0,1,0,1,0,0,0
0.00290122,1,1,1,1,1,0,0,0,0,0,1,0,1,0,0,0
0.00290123,1,1,1,0,1,0,0,0,0,0,1,0,1,0,0,0
0.00290124,1,1,0,0,1,0,0,0,0,0,1,0,1,0,0,0
0.00290147,1,1,0,0,1,0,0,0,0,0,0,0,1,0,0,0
0.00290148,1,1,0,0,1,0,0,0,1,1,0,0,1,0,0,0
0.00290154,1,1,0,0,1,0,0,0,1,0,0,0,0,0,0,0
0.00290155,1,1,0,0,1,0,0,0,0,1,0,0,1,0,0,0
0.00290156,1,1,0,0,1,0,0,0,1,1,0,0,1,0,0,0
0.002902,1,1,1,1,1,0,0,0,1,1,0,0,1,0,0,0
0.00290202,1,1,1,1,1,1,0,1,1,1,0,0,1,0,0,0
0.00290204,1,1,1,1,1,1,1,1,1,1,0,0,1,0,0,0
0.00290208,1,0,0,0,1,1,0,1,1,1,0,0,1,0,0,0
0.00290212,1,1,1,1,1,1,0,1,1,1,0,0,1,0,0,0
0.00290214,1,0,1,1,1,1,0,1,1,1,0,0,1,0,0,0
0.00290215,1,0,0,0,1,1,0,1,1,1,0,0,1,0,0,0
0.0029022,1,0,1,0,1,1,0,1,1,1,0,0,1,0,0,0
0.00290221,1,0,0,0,1,1,0,1,1,1,0,0,1,0,0,0
0.00290298,1,1,1,0,1,1,0,1,1,1,0,0,1,0,0,0
0.00290299,1,1,1,1,1,1,0,1,1,1,0,0,1,0,0,0
0.002903,1,1,1,1,1,1,1,1,1,1,0,0,1,0,0,0
0.00290305,0,1,0,0,1,0,0,0,1,1,0,0,1,0,0,0
0.00290309,1,1,1,1,1,0,0,0,1,1,0,0,1,0,0,0
0.0029031,1,1,1,1,1,1,0,1,1,1,0,0,1,0,0,0
0.00290311,1,1,1,1,1,0,0,0,1,1,0,0,1,0,0,0
0.00290312,0,1,1,1,1,0,0,0,1,1,0,0,1,0,0,0
0.00290313,0,1,0,0,1,0,0,0,1,1,0,0,1,0,0,0
0.00290317,0,1,1,0,1,0,0,0,1,1,0,0,1,0,0,0
0.00290318,0,1,1,1,1,0,0,0,1,1,0,0,1,0,0,0
0.00290319,0,1,1,0,1,0,0,0,1,1,0,0,1,0,0,0
0.0029032,0,1,0,0,1,0,0,0,1,1,0,0,1,0,0,0
0.00290343,0,1,0,0,1,0,0,0,0,1,0,0,1,0,0,0
0.0029035,0,1,0,0,1,0,0,0,0,0,0,0,0,0,0,0
0.00290351,0,1,0,0,1,0,0,0,0,1,0,0,1,0,0,0
0.00290398,1,1,1,1,1,1,1,1,0,1,0,0,1,0,0,0
0.00290403,1,1,0,0,1,1,0,0,0,1,0,0,1,0,0,0
0.00290407,1,1,1,1,1,1,1,1,0,1,0,0,1,0,0,0
0.00290409,1,1,0,0,1,1,0,0,0,1,0,0,1,0,0,0
0.00290415,1,1,1,0,1,1,0,0,0,1,0,0,1,0,0,0
0.00290416,1,1,0,0,1,1,0,0,0,1,0,0,1,0,0,0
0.00290493,1,1,1,1,1,1,0,0,0,1,0,0,1,0,0,0
0.00290494,1,1,1,1,1,1,0,1,0,1,0,0,1,0,0,0
0.00290495,1,1,0,0,1,1,1,1,0,1,0,0,1,0,0,0
0.00290496,1,1,1,1,1,1,1,1,0,1,0,0,1,0,0,0
0.002905,1,0,0,0,1,0,0,0,0,1,0,0,1,0,0,0
0.00290504,1,1,1,1,1,1,0,1,0,1,0,0,1,0,0,0
0.00290505,1,1,1,1,1,1,1,1,0,1,0,0,1,0,0,0
0.00290507,1,0,1,1,1,0,0,1,0,1,0,0,1,0,0,0
0.00290508,1,0,1,1,1,0,0,0,0,1,0,0,1,0,0,0
0.00290509,1,0,0,0,1,0,0,0,0,1,0,0,1,0,0,0
0.00290512,1,0,1,1,1,0,0,0,0,1,0,0,1,0,0,0
0.00290516,1,0,1,0,1,0,0,0,0,1,0,0,1,0,0,0
0.0029052,1,0,1,1,1,0,0,0,0,1,0,0,1,0,0,0
0.00290523,1,0,1,0,1,0,0,0,0,1,0,0,1,0,0,0
0.00290538,1,0,1,1,1,0,0,0,0,0,0,0,1,0,0,0
0.00290539,1,0,1,0,1,0,0,0,1,0,0,0,1,0,0,0
0.0029054,1,0,0,0,1,0,0,0,1,0,0,0,1,0,0,0
0.00290543,1,0,1,1,1,0,0,0,1,0,0,0,1,0,0,0
0.00290545,1,0,1,0,1,0,0,0,0,0,0,0,0,0,0,0
0.00290546,1,0,0,0,1,0,0,0,1,0,0,0,1,0,0,0
0.00290551,1,0,1,0,1,0,0,0,1,0,0,0,1,0,0,0
0.00290552,1,0,1,1,1,0,0,0,1,0,0,0,1,0,0,0
0.00290553,1,0,1,0,1,0,0,0,1,0,0,0,1,0,0,0
0.00290554,1,0,0,0,1,0,0,0,1,0,0,0,1,0,0,0
0.0029059,1,0,1,0,1,0,0,0,1,0,0,0,1,0,0,0
0.00290592,1,1,0,1,1,1,0,1,1,0,0,0,1,0,0,0
0.00290593,1,1,1,1,1,1,0,1,1,0,0,0,1,0,0,0
0.00290595,1,1,1,1,1,1,1,1,1,0,0,0,1,0,0,0
0.00290598,1,0,1,1,1,0,1,1,1,0,0,0,1,0,0,0
0.00290599,0,0,1,1,1,0,0,1,1,0,0,0,1,0,0,0
0.00290603,1,1,1,1,1,1,1,1,1,0,0,0,1,0,0,0
0.00290604,0,1,1,1,1,1,1,1,1,0,0,0,1,0,0,0
0.00290605,0,0,1,1,1,0,0,1,1,0,0,0,1,0,0,0
0.00290688,1,0,1,1,1,0,0,1,1,0,0,0,1,0,0,0
0.0029069,1,1,1,1,1,0,0,1,1,0,0,0,1,0,0,0
0.00290691,1,1,1,1,1,1,0,1,1,0,0,0,1,0,0,0
0.00290694,1,1,1,1,1,1,1,1,1,0,0,0,1,0,0,0
0.00290695,1,1,1,0,0,1,1,1,1,0,0,0,1,0,0,0
0.00290696,1,0,1,0,0,1,0,0,1,0,0,0,1,0,0,0
0.002907,1,1,1,1,0,1,1,1,1,0,0,0,1,0,0,0
0.00290702,1,0,1,0,0,1,0,0,1,0,0,0,1,0,0,0
0.00290733,1,0,1,0,0,1,0,0,1,0,1,0,0,0,0,0
0.00290734,1,0,1,0,0,1,0,0,1,0,1,0,0,1,0,0
0.00290788,1,0,1,1,0,1,1,1,1,0,1,0,0,1,0,0
0.00290789,1,1,1,1,1,1,1,1,1,0,1,0,0,1,0,0
0.00290794,0,0,0,0,0,0,0,1,1,0,1,0,0,1,0,0
0.00290798,0,1,1,1,0,0,0,1,1,0,1,0,0,1,0,0
0.00290799,1,1,1,1,0,1,0,1,1,0,1,0,0,1,0,0
0.00290801,1,1,1,1,0,0,0,1,1,0,1,0,0,1,0,0
0.00290803,0,0,0,0,0,0,0,1,1,0,1,0,0,1,0,0
0.00290806,0,0,0,1,0,0,0,1,1,0,1,0,0,1,0,0
0.00290807,1,1,1,1,0,0,0,1,1,0,1,0,0,1,0,0
0.00290809,0,1,1,1,0,0,0,1,1,0,1,0,0,1,0,0
0.0029081,0,0,1,1,0,0,0,1,1,0,1,0,0,1,0,0
0.00290811,0,0,0,1,0,0,0,1,1,0,1,0,0,1,0,0
0.00290815,0,0,1,1,0,0,0,1,1,0,1,0,0,1,0,0
0.00290817,0,0,0,1,0,0,0,1,1,0,1,0,0,1,0,0
0.00290824,0,0,1,1,0,0,0,1,1,0,1,0,0,1,0,0
0.00290825,0,0,0,1,0,0,0,1,1,0,1,0,0,1,0,0
0.00290831,0,0,1,1,0,0,0,1,1,0,1,0,0,1,0,0
0.00290832,0,0,0,1,0,0,0,1,1,0,1,0,0,1,0,0
0.00290837,0,0,1,1,0,0,0,1,1,0,1,0,0,1,0,0
0.00290838,0,0,0,1,0,0,0,1,1,0,1,0,0,1,0,0
0.00290848,0,0,0,0,0,0,0,1,1,0,1,0,0,1,0,0
0.00290851,0,0,0,1,0,0,0,1,1,0,1,0,0,1,0,0
0.00290852,0,0,0,0,0,0,0,1,1,0,1,0,0,1,0,0
0.00290884,1,1,1,1,0,0,0,1,1,0,1,0,0,1,0,0
0.00290885,1,1,1,1,1,1,1,1,1,0,1,0,0,1,0,0
0.00290891,0,0,0,0,0,0,1,0,1,0,1,0,0,1,0,0
0.00290895,1,1,1,1,0,1,1,0,1,0,1,0,0,1,0,0
0.00290896,1,1,1,1,1,1,1,0,1,0,1,0,0,1,0,0
0.00290897,1,1,1,1,0,1,1,0,1,0,1,0,0,1,0,0
0.00290899,1,0,1,1,0,0,1,0,1,0,1,0,0,1,0,0
0.002909,0,0,0,0,0,0,1,0,1,0,1,0,0,1,0,0
0.00290903,1,0,1,1,0,0,1,0,1,0,1,0,0,1,0,0
0.00290904,1,1,1,1,0,0,1,0,1,0,1,0,0,1,0,0
0.00290905,1,0,1,1,0,0,1,0,1,0,1,0,0,1,0,0
0.00290908,0,0,1,0,0,0,1,0,1,0,1,0,0,1,0,0
0.0029091,0,0,1,1,0,0,1,0,1,0,1,0,0,1,0,0
0.00290911,1,0,1,1,0,0,1,0,1,0,1,0,0,1,0,0
0.00290915,0,0,1,1,0,0,1,0,1,0,1,0,0,1,0,0
0.00290916,0,0,1,0,0,0,1,0,1,0,1,0,0,1,0,0
0.00290918,0,0,1,1,0,0,1,0,1,0,1,0,0,1,0,0
0.00290919,1,0,1,1,0,0,1,0,1,0,1,0,0,1,0,0
0.0029092,0,0,1,1,0,0,1,0,1,0,1,0,0,1,0,0
0.00290923,0,0,1,0,0,0,1,0,1,0,1,0,0,1,0,0
0.00290926,1,0,1,1,0,0,1,0,1,0,1,0,0,1,0,0
0.00290927,0,0,1,1,0,0,1,0,1,0,1,0,0,1,0,0
0.0029093,0,0,1,0,0,0,1,0,1,0,1,0,0,1,0,0
0.00290943,0,0,0,0,0,0,1,0,1,0,1,0,0,1,0,0
0.00290944,0,0,1,0,0,0,1,0,1,0,1,0,0,1,0,0
0.00290949,0,0,0,0,0,0,1,0,1,0,1,0,0,1,0,0
0.0029095,0,0,1,0,0,0,1,0,1,0,1,0,0,1,0,0
0.00290951,0,0,0,0,0,0,1,0,1,0,1,0,0,1,0,0
0.00290954,0,0,1,0,0,0,1,0,1,0,1,0,0,1,0,0
0.00290956,0,0,0,0,0,0,1,0,1,0,1,0,0,1,0,0
0.00290981,1,1,0,0,0,0,1,0,1,0,1,0,0,1,0,0
0.00290982,1,1,0,0,1,1,1,0,1,0,1,0,0,1,0,0
0.00290983,1,1,1,1,1,1,0,0,1,0,1,0,0,1,0,0
0.00290986,1,1,0,0,1,1,0,0,1,0,1,0,0,1,0,0
0.00290989,1,1,1,0,1,1,0,0,1,0,1,0,0,1,0,0
0.00290991,1,1,1,1,1,1,0,0,1,0,1,0,0,1,0,0
0.00290992,1,1,1,0,1,1,0,0,1,0,1,0,0,1,0,0
0.00290993,1,1,0,0,1,1,0,0,1,0,1,0,0,1,0,0
0.00291078,1,1,0,0,1,1,0,1,1,0,1,0,0,1,0,0
0.0029108,1,1,1,1,1,1,0,1,1,0,1,0,0,1,0,0
0.00291081,1,1,1,1,1,1,0,0,1,0,1,0,0,1,0,0
0.00291082,1,1,0,0,1,1,0,0,1,0,1,0,0,1,0,0
0.00291085,1,1,1,1,1,1,1,1,1,0,1,0,0,1,0,0
0.00291088,1,1,1,1,0,1,1,1,1,0,1,0,0,1,0,0
0.00291089,1,1,1,1,1,1,1,1,1,0,1,0,0,1,0,0
0.0029109,1,1,1,1,1,1,0,1,1,0,1,0,0,1,0,0
0.00291091,1,0,0,0,0,1,0,0,1,0,1,0,0,1,0,0
0.00291095,1,0,1,1,0,1,0,0,1,0,1,0,0,1,0,0
0.00291096,1,1,1,1,0,1,0,1,1,0,1,0,0,1,0,0
0.00291097,1,0,1,1,0,1,0,0,1,0,1,0,0,1,0,0
0.00291098,1,0,0,0,0,1,0,0,1,0,1,0,0,1,0,0
0.00291124,1,0,0,0,0,1,0,0,1,0,0,0,0,1,0,0
0.00291179,1,1,1,1,1,1,1,1,1,0,0,0,0,1,0,0
0.00291183,0,0,1,0,0,0,0,1,1,0,0,0,0,1,0,0
0.00291184,0,0,0,0,0,0,0,1,1,0,0,0,0,1,0,0
0.00291188,0,0,1,1,0,0,0,1,1,0,0,0,0,1,0,0
0.00291189,1,1,1,1,1,1,0,1,1,0,0,0,0,1,0,0
0.0029119,1,1,1,1,0,0,0,1,1,0,0,0,0,1,0,0
0.00291191,0,0,1,1,0,0,0,1,1,0,0,0,0,1,0,0
0.00291192,0,0,0,0,0,0,0,1,1,0,0,0,0,1,0,0
0.00291196,0,0,1,0,0,0,0,1,1,0,0,0,0,1,0,0
0.00291197,0,0,1,1,0,0,0,1,1,0,0,0,0,1,0,0
0.00291198,0,0,1,0,0,0,0,1,1,0,0,0,0,1,0,0
0.00291199,0,0,0,0,0,0,0,1,1,0,0,0,0,1,0,0
0.00291275,1,1,1,1,0,0,0,1,1,0,0,0,0,1,0,0
0.00291276,1,1,1,1,1,0,1,1,1,0,0,0,0,1,0,0
0.00291277,1,1,1,1,1,1,1,1,1,0,0,0,0,1,0,0
0.00291281,0,0,0,0,0,1,1,0,1,0,0,0,0,1,0,0
0.00291282,0,0,0,0,0,0,1,0,1,0,0,0,0,1,0,0
0.00291285,0,0,1,0,0,1,1,0,1,0,0,0,0,1,0,0
0.00291286,1,1,1,1,1,1,1,1,1,0,0,0,0,1,0,0
0.00291288,1,1,1,1,0,1,1,0,1,0,0,0,0,1,0,0
0.00291289,0,0,1,0,0,1,1,0,1,0,0,0,0,1,0,0
0.0029129,0,0,0,0,0,0,1,0,1,0,0,0,0,1,0,0
0.00291294,0,0,1,1,0,1,1,0,1,0,0,0,0,1,0,0
0.00291295,0,0,1,0,0,1,1,0,1,0,0,0,0,1,0,0
0.00291296,0,0,0,0,0,1,1,0,1,0,0,0,0,1,0,0
0.00291297,0,0,0,0,0,0,1,0,1,0,0,0,0,1,0,0
0.00291372,0,1,0,0,0,0,1,0,1,0,0,0,0,1,0,0
0.00291373,0,0,0,0,0,0,1,0,1,0,0,0,0,1,0,0
0.00291374,1,0,1,1,0,0,1,0,1,0,0,0,0,1,0,0
0.00291375,1,1,1,1,1,1,1,1,1,0,0,0,0,1,0,0
0.00291379,1,1,0,0,1,1,0,0,1,0,0,0,0,1,0,0
0.00291382,1,1,1,1,1,1,0,1,1,0,0,0,0,1,0,0
0.00291383,1,1,1,1,1,1,1,1,1,0,0,0,0,1,0,0
0.00291386,1,1,1,1,1,1,0,0,1,0,0,0,0,1,0,0
0.00291387,1,1,0,0,1,1,0,0,1,0,0,0,0,1,0,0
0.00291389,1,1,1,1,1,1,0,0,1,0,0,0,0,1,0,0
0.0029139,1,1,1,1,1,1,0,1,1,0,0,0,0,1,0,0
0.00291393,1,1,1,1,1,1,0,0,1,0,0,0,0,1,0,0
0.00291398,1,1,1,1,1,1,0,1,1,0,0,0,0,1,0,0
0.002914,1,1,1,1,1,1,0,0,1,0,0,0,0,1,0,0
0.00291412,1,1,1,0,1,1,0,0,1,0,0,0,0,1,0,0
0.00291414,1,1,1,1,1,1,0,0,1,0,0,0,0,1,0,0
0.00291415,1,1,1,0,1,1,0,0,1,0,0,0,0,1,0,0
0.00291416,1,1,0,0,1,1,0,0,1,0,0,0,0,1,0,0
0.00291418,1,1,1,1,1,1,0,0,1,0,0,0,0,1,0,0
0.00291419,1,1,1,1,1,1,0,1,1,0,0,0,0,1,0,0
0.0029142,1,1,1,0,1,1,0,0,1,0,0,0,0,1,0,0
0.00291422,1,1,0,0,1,1,0,0,1,0,0,0,0,1,0,0
0.00291424,1,1,1,0,1,1,0,0,1,0,0,0,0,1,0,0
0.00291429,1,1,0,0,1,1,0,0,1,0,0,0,0,1,0,0
0.00291475,1,1,0,0,1,1,1,1,1,0,0,0,0,1,0,0
0.00291477,1,1,1,1,1,1,1,1,1,0,0,0,0,1,0,0
0.00291478,0,1,1,1,1,1,1,1,1,0,0,0,0,1,0,0
0.00291479,0,1,0,0,1,0,1,1,1,0,0,0,0,1,0,0
0.00291483,0,1,1,1,1,0,1,1,1,0,0,0,0,1,0,0
0.00291486,0,1,0,0,1,0,1,1,1,0,0,0,0,1,0,0
0.00291491,0,1,1,1,1,0,1,1,1,0,0,0,0,1,0,0
0.00291492,0,1,0,0,1,0,1,1,1,0,0,0,0,1,0,0
0.00291514,0,1,0,0,1,0,1,1,0,1,0,0,0,0,0,0
0.00291515,0,1,0,0,1,0,1,1,0,1,0,0,1,0,1,1
0.00291567,1,1,1,1,1,0,1,1,0,1,0,0,1,0,1,1
0.0029157,1,1,1,1,1,1,1,1,0,1,0,0,1,0,1,1
0.00291574,1,1,1,1,1,1,0,1,0,1,0,0,1,0,1,1
0.00291575,1,1,0,0,1,1,0,0,0,1,0,0,1,0,1,1
0.00291579,1,1,1,1,1,1,1,1,0,1,0,0,1,0,1,1
0.00291581,1,1,1,0,1,1,0,0,0,1,0,0,1,0,1,1
0.00291582,1,1,0,0,1,1,0,0,0,1,0,0,1,0,1,1
0.00291586,1,1,1,1,1,1,0,0,0,1,0,0,1,0,1,1
0.00291588,1,1,0,0,1,1,0,0,0,1,0,0,1,0,1,1
0.00291665,1,1,1,0,1,1,0,0,0,1,0,0,1,0,1,1
0.00291666,1,1,1,1,1,1,0,1,0,1,0,0,1,0,1,1
0.00291667,1,1,1,1,1,1,1,1,0,1,0,0,1,0,1,1
0.00291763,0,0,0,0,0,0,0,0,0,1,0,0,1,0,1,1
0.00291768,0,0,1,0,0,0,0,1,0,1,0,0,1,0,1,1
0.0029177,0,0,0,0,0,0,0,0,0,1,0,0,1,0,1,1
0.00291859,0,0,1,0,0,0,0,0,0,1,0,0,1,0,1,1
0.00291861,0,0,0,0,0,0,0,0,0,1,0,0,1,0,1,1
0.00291863,1,1,0,0,1,1,0,0,0,1,0,0,1,0,1,1
0.00291866,1,1,1,1,1,1,1,1,0,1,0,0,1,0,1,1
0.00291871,1,1,1,1,1,1,0,1,0,1,0,0,1,0,1,1
0.00291872,0,1,0,0,1,1,0,0,0,1,0,0,1,0,1,1
0.00291876,1,1,1,1,1,1,1,1,0,1,0,0,1,0,1,1
0.00291878,1,1,1,0,1,1,0,0,0,1,0,0,1,0,1,1
0.00291879,0,1,0,0,1,1,0,0,0,1,0,0,1,0,1,1
0.00291905,0,1,0,0,1,1,0,0,0,1,0,0,1,0,0,0
0.00291906,0,1,0,0,1,1,0,0,0,1,0,0,1,1,0,0
0.00291957,1,1,1,1,1,1,0,0,0,1,0,0,1,1,0,0
0.00291959,1,1,1,1,1,1,1,1,0,1,0,0,1,1,0,0
0.00291965,1,1,1,0,1,0,0,0,0,1,0,0,1,1,0,0
0.00291969,1,1,1,1,1,0,0,1,0,1,0,0,1,1,0,0
0.0029197,1,1,1,1,1,1,1,1,0,1,0,0,1,1,0,0
0.00291971,1,1,1,0,1,0,0,0,0,1,0,0,1,1,0,0
0.00292055,1,1,1,1,1,0,0,0,0,1,0,0,1,1,0,0
0.00292056,1,1,1,1,1,0,0,1,0,1,0,0,1,1,0,0
0.00292057,1,1,1,1,1,1,1,1,0,1,0,0,1,1,0,0
0.00292062,1,1,0,1,0,0,0,0,0,1,0,0,1,1,0,0
0.00292066,1,1,1,1,0,0,0,0,0,1,0,0,1,1,0,0
0.00292067,1,1,1,1,0,1,0,1,0,1,0,0,1,1,0,0
0.00292069,1,1,0,1,0,0,0,0,0,1,0,0,1,1,0,0
0.00292154,1,1,1,1,0,0,0,0,0,1,0,0,1,1,0,0
0.00292155,1,1,1,1,0,1,0,1,0,1,0,0,1,1,0,0
0.00292156,1,1,1,1,1,1,1,1,0,1,0,0,1,1,0,0
0.00292255,1,0,1,1,1,1,1,1,0,1,0,0,1,1,0,0
0.00292256,0,0,0,1,1,0,0,1,0,1,0,0,1,1,0,0
0.00292259,1,1,1,1,1,1,1,1,0,1,0,0,1,1,0,0
0.00292262,0,1,1,1,1,1,1,1,0,1,0,0,1,1,0,0
0.00292264,0,1,1,0,0,1,1,0,0,1,0,0,1,1,0,0
0.00292295,0,1,1,0,0,1,1,0,0,1,0,0,0,1,0,0
0.00292296,0,1,1,0,0,1,1,0,0,1,1,0,0,1,0,1
0.00292303,0,1,1,0,0,1,1,0,0,1,1,0,0,1,0,0
0.00292304,0,1,1,0,0,1,1,0,0,1,1,0,0,1,0,1
0.0029235,1,1,1,1,0,1,1,0,0,1,1,0,0,1,0,1
0.00292351,1,1,1,1,1,1,1,1,0,1,1,0,0,1,0,1
0.00292355,0,0,0,0,0,0,0,1,0,1,1,0,0,1,0,1
0.00292359,0,1,1,1,0,1,1,1,0,1,1,0,0,1,0,1
0.0029236,1,1,1,1,0,1,0,1,0,1,1,0,0,1,0,1
0.00292361,1,1,1,1,0,1,1,1,0,1,1,0,0,1,0,1
0.00292363,0,0,1,1,0,1,0,1,0,1,1,0,0,1,0,1
0.00292364,0,0,0,0,0,0,0,1,0,1,1,0,0,1,0,1
0.00292367,0,0,1,0,0,0,0,1,0,1,1,0,0,1,0,1
0.00292368,0,0,1,1,0,1,0,1,0,1,1,0,0,1,0,1
0.0029237,0,0,1,0,0,1,0,1,0,1,1,0,0,1,0,1
0.00292371,0,0,0,0,0,0,0,1,0,1,1,0,0,1,0,1
0.00292376,0,0,1,0,0,0,0,1,0,1,1,0,0,1,0,1
0.00292378,0,0,0,0,0,0,0,1,0,1,1,0,0,1,0,1
0.00292394,0,0,1,0,0,0,0,1,0,1,1,0,0,1,0,1
0.00292395,0,0,0,0,0,0,0,1,0,1,1,0,0,1,0,1
0.00292446,1,1,1,1,0,0,0,1,0,1,1,0,0,1,0,1
0.00292448,1,1,1,1,1,1,1,1,0,1,1,0,0,1,0,1
0.00292453,0,0,0,0,0,0,1,0,0,1,1,0,0,1,0,1
0.00292457,1,1,1,1,0,1,1,0,0,1,1,0,0,1,0,1
0.00292459,1,1,1,1,1,1,1,0,0,1,1,0,0,1,0,1
0.0029246,1,1,1,1,0,1,1,0,0,1,1,0,0,1,0,1
0.00292462,0,0,0,0,0,0,1,0,0,1,1,0,0,1,0,1
0.00292465,0,1,1,1,0,0,1,0,0,1,1,0,0,1,0,1
0.00292466,1,1,1,1,0,1,1,0,0,1,1,0,0,1,0,1
0.00292469,0,1,1,0,0,0,1,0,0,1,1,0,0,1,0,1
0.0029247,0,0,1,0,0,0,1,0,0,1,1,0,0,1,0,1
0.00292474,0,1,1,1,0,0,1,0,0,1,1,0,0,1,0,1
0.00292476,0,0,1,0,0,0,1,0,0,1,1,0,0,1,0,1
0.00292491,0,1,1,0,0,0,1,0,0,1,1,0,0,1,0,1
0.00292492,0,0,1,0,0,0,1,0,0,1,1,0,0,1,0,1
0.00292516,0,0,0,0,0,0,1,0,0,1,1,0,0,1,0,1
0.00292518,0,0,1,0,0,0,1,0,0,1,1,0,0,1,0,1
0.00292521,0,0,0,0,0,0,1,0,0,1,1,0,0,1,0,1
0.00292541,0,0,1,0,0,0,1,0,0,1,1,0,0,1,0,1
0.00292542,0,0,0,0,0,0,1,0,0,1,1,0,0,1,0,1
0.00292543,0,0,1,0,0,0,1,0,0,1,1,0,0,1,0,1
0.00292544,1,1,1,1,0,0,1,0,0,1,1,0,0,1,0,1
0.00292545,1,1,1,1,1,1,1,1,0,1,1,0,0,1,0,1
0.0029255,1,1,1,1,0,1,0,1,0,1,1,0,0,1,0,1
0.00292551,0,1,1,1,0,1,0,0,0,1,1,0,0,1,0,1
0.00292554,1,1,1,1,0,1,0,1,0,1,1,0,0,1,0,1
0.00292555,1,1,1,1,1,1,1,1,0,1,1,0,0,1,0,1
0.00292556,1,1,1,1,0,1,0,1,0,1,1,0,0,1,0,1
0.00292557,0,1,1,1,0,1,0,0,0,1,1,0,0,1,0,1
0.00292562,1,1,1,1,0,1,0,0,0,1,1,0,0,1,0,1
0.00292564,0,1,1,1,0,1,0,0,0,1,1,0,0,1,0,1
0.00292641,1,1,1,1,0,1,0,0,0,1,1,0,0,1,0,1
0.00292642,1,1,1,1,0,1,0,1,0,1,1,0,0,1,0,1
0.00292643,1,1,1,1,1,1,1,1,0,1,1,0,0,1,0,1
0.00292744,1,1,1,1,0,1,0,1,0,1,1,0,0,1,0,1
0.00292745,0,1,1,1,0,1,0,0,0,1,1,0,0,1,0,1
0.00292749,1,1,1,1,1,1,1,1,0,1,1,0,0,1,0,1
0.0029275,1,1,1,1,0,1,1,1,0,1,1,0,0,1,0,1
0.00292751,0,1,1,1,0,1,0,0,0,1,1,0,0,1,0,1
0.00292847,1,1,1,1,0,1,0,0,0,1,1,0,0,1,0,1
0.00292848,1,0,1,0,1,1,1,1,0,1,1,0,0,1,0,1
0.00292849,0,0,1,0,1,0,0,0,0,1,1,0,0,1,0,1
0.00292854,1,0,1,0,1,0,1,1,0,1,1,0,0,1,0,1
0.00292855,0,0,1,0,1,0,0,0,0,1,1,0,0,1,0,1
0.00292881,0,0,1,0,1,0,0,0,0,0,1,0,0,0,0,0
0.00292882,0,0,1,0,1,0,0,0,0,0,1,0,1,0,0,0
0.00292889,0,0,1,0,1,0,0,0,0,0,0,0,1,0,0,0
0.0029289,0,0,1,0,1,0,0,0,0,0,1,0,1,0,0,0
0.00292934,1,0,1,0,1,0,0,0,0,0,1,0,1,0,0,0
0.00292935,0,0,1,0,1,0,0,0,0,0,1,0,1,0,0,0
0.00292936,1,1,1,0,1,1,1,1,0,0,1,0,1,0,0,0
0.00292937,1,1,1,1,1,1,1,1,0,0,1,0,1,0,0,0
0.0029304,0,0,0,0,0,0,1,0,0,0,1,0,1,0,0,0
0.00293045,1,0,1,1,0,0,1,0,0,0,1,0,1,0,0,0
0.00293046,1,1,1,1,0,1,1,0,0,0,1,0,1,0,0,0
0.00293047,1,1,1,1,0,0,1,0,0,0,1,0,1,0,0,0
0.00293048,1,0,0,0,0,0,1,0,0,0,1,0,1,0,0,0
0.00293049,0,0,0,0,0,0,1,0,0,0,1,0,1,0,0,0
0.00293129,1,0,1,1,0,0,1,0,0,0,1,0,1,0,0,0
0.0029313,1,1,1,1,0,0,1,0,0,0,1,0,1,0,0,0
0.00293132,1,1,1,1,1,1,1,1,0,0,1,0,1,0,0,0
0.00293136,1,1,1,0,1,0,0,1,0,0,1,0,1,0,0,0
0.00293137,1,1,0,0,1,0,0,0,0,0,1,0,1,0,0,0
0.0029314,1,1,1,1,1,1,0,0,0,0,1,0,1,0,0,0
0.00293141,1,1,1,1,1,1,0,1,0,0,1,0,1,0,0,0
0.00293143,1,1,1,1,1,0,0,0,0,0,1,0,1,0,0,0
0.00293144,1,1,0,0,1,0,0,0,0,0,1,0,1,0,0,0
0.00293148,1,1,1,0,1,0,0,0,0,0,1,0,1,0,0,0
0.00293149,1,1,1,1,1,0,0,0,0,0,1,0,1,0,0,0
0.0029315,1,1,1,0,1,0,0,0,0,0,1,0,1,0,0,0
0.00293151,1,1,0,0,1,0,0,0,0,0,1,0,1,0,0,0
0.00293174,1,1,0,0,1,0,0,0,0,0,0,0,1,0,0,0
0.00293175,1,1,0,0,1,0,0,0,1,1,0,0,1,0,0,0
0.00293181,1,1,0,0,1,0,0,0,0,0,0,0,0,0,0,0
0.00293182,1,1,0,0,1,0,0,0,1,1,0,0,1,0,0,0
0.00293227,1,1,1,1,1,0,0,0,1,1,0,0,1,0,0,0
0.00293228,1,1,1,1,1,1,0,1,1,1,0,0,1,0,0,0
0.00293229,1,1,1,0,1,1,1,1,1,1,0,0,1,0,0,0
0.0029323,1,1,1,1,1,1,1,1,1,1,0,0,1,0,0,0
0.00293234,1,1,1,1,1,1,0,1,1,1,0,0,1,0,0,0
0.00293235,1,0,0,0,1,1,0,1,1,1,0,0,1,0,0,0
0.00293239,1,1,1,1,1,1,0,1,1,1,0,0,1,0,0,0
0.00293241,1,0,1,0,1,1,0,1,1,1,0,0,1,0,0,0
0.00293242,1,0,0,0,1,1,0,1,1,1,0,0,1,0,0,0
0.00293246,1,0,1,0,1,1,0,1,1,1,0,0,1,0,0,0
0.00293248,1,0,0,0,1,1,0,1,1,1,0,0,1,0,0,0
0.00293324,1,1,0,0,1,1,0,1,1,1,0,0,1,0,0,0
0.00293325,1,1,1,0,1,1,0,1,1,1,0,0,1,0,0,0
0.00293326,1,1,1,1,1,1,0,1,1,1,0,0,1,0,0,0
0.00293327,1,0,1,1,1,1,1,1,1,1,0,0,1,0,0,0
0.00293328,1,1,1,1,1,1,1,1,1,1,0,0,1,0,0,0
0.00293331,0,1,1,1,1,0,0,0,1,1,0,0,1,0,0,0
0.00293332,0,1,0,0,1,0,0,0,1,1,0,0,1,0,0,0
0.00293335,0,1,1,0,1,0,0,0,1,1,0,0,1,0,0,0
0.00293336,1,1,1,1,1,0,0,0,1,1,0,0,1,0,0,0
0.00293337,1,1,1,1,1,1,1,1,1,1,0,0,1,0,0,0
0.00293338,1,1,1,1,1,0,0,0,1,1,0,0,1,0,0,0
0.00293339,0,1,1,0,1,0,0,0,1,1,0,0,1,0,0,0
0.0029334,0,1,0,0,1,0,0,0,1,1,0,0,1,0,0,0
0.00293344,0,1,1,0,1,0,0,0,1,1,0,0,1,0,0,0
0.00293346,0,1,0,0,1,0,0,0,1,1,0,0,1,0,0,0
0.00293369,0,1,0,0,1,0,0,0,0,1,0,0,1,0,0,0
0.00293377,0,1,0,0,1,0,0,0,0,0,0,0,0,0,0,0
0.00293378,0,1,0,0,1,0,0,0,0,1,0,0,1,0,0,0
0.00293425,1,1,1,1,1,1,1,1,0,1,0,0,1,0,0,0
0.00293429,1,1,1,0,1,1,0,1,0,1,0,0,1,0,0,0
0.0029343,1,1,0,0,1,1,0,0,0,1,0,0,1,0,0,0
0.00293433,1,1,1,1,1,1,0,0,0,1,0,0,1,0,0,0
0.00293434,1,1,1,1,1,1,1,1,0,1,0,0,1,0,0,0
0.00293435,1,1,1,1,1,1,0,1,0,1,0,0,1,0,0,0
0.00293436,1,1,0,0,1,1,0,0,0,1,0,0,1,0,0,0
0.00293441,1,1,1,0,1,1,0,0,0,1,0,0,1,0,0,0
0.00293443,1,1,0,0,1,1,0,0,0,1,0,0,1,0,0,0
0.0029352,1,1,1,1,1,1,0,0,0,1,0,0,1,0,0,0
0.00293521,1,1,1,1,1,1,0,1,0,1,0,0,1,0,0,0
0.00293522,1,1,0,0,1,1,1,1,0,1,0,0,1,0,0,0
0.00293523,1,1,1,1,1,1,1,1,0,1,0,0,1,0,0,0
0.00293527,1,0,0,0,1,0,0,0,0,1,0,0,1,0,0,0
0.00293531,1,1,1,1,1,1,0,1,0,1,0,0,1,0,0,0
0.00293532,1,1,1,1,1,1,1,1,0,1,0,0,1,0,0,0
0.00293534,1,0,1,1,1,0,0,0,0,1,0,0,1,0,0,0
0.00293535,1,0,1,0,1,0,0,0,0,1,0,0,1,0,0,0
0.00293536,1,0,0,0,1,0,0,0,0,1,0,0,1,0,0,0
0.00293538,1,0,1,0,1,0,0,0,0,1,0,0,1,0,0,0
0.00293539,1,0,1,1,1,0,0,0,0,1,0,0,1,0,0,0
0.00293543,1,0,1,0,1,0,0,0,0,1,0,0,1,0,0,0
0.00293546,1,0,1,1,1,0,0,0,0,1,0,0,1,0,0,0
0.0029355,1,0,1,0,1,0,0,0,0,1,0,0,1,0,0,0
0.0029356,1,0,0,0,1,0,0,0,0,1,0,0,1,0,0,0
0.00293562,1,0,1,0,1,0,0,0,0,1,0,0,1,0,0,0
0.00293564,1,0,1,0,1,0,0,0,0,0,0,0,1,0,0,0
0.00293566,1,0,0,0,1,0,0,0,1,0,0,0,1,0,0,0
0.00293569,1,0,1,0,1,0,0,0,1,0,0,0,1,0,0,0
0.0029357,1,0,1,1,1,0,0,0,1,0,0,0,1,0,0,0
0.00293572,1,0,1,0,1,0,0,0,0,0,0,0,0,0,0,0
0.00293573,1,0,0,0,1,0,0,0,1,0,0,0,1,0,0,0
0.00293577,1,0,1,0,1,0,0,0,1,0,0,0,1,0,0,0
0.00293578,1,0,1,1,1,0,0,0,1,0,0,0,1,0,0,0
0.00293579,1,0,1,0,1,0,0,0,1,0,0,0,1,0,0,0
0.0029358,1,0,0,0,1,0,0,0,1,0,0,0,1,0,0,0
0.00293617,1,1,1,1,1,0,0,0,1,0,0,0,1,0,0,0
0.00293619,1,1,1,1,1,1,1,1,1,0,0,0,1,0,0,0
0.00293625,0,0,1,1,1,0,0,1,1,0,0,0,1,0,0,0
0.00293629,1,1,1,1,1,1,0,1,1,0,0,0,1,0,0,0
0.0029363,1,1,1,1,1,1,1,1,1,0,0,0,1,0,0,0
0.00293631,0,1,1,1,1,1,0,1,1,0,0,0,1,0,0,0
0.00293632,0,0,1,1,1,0,0,1,1,0,0,0,1,0,0,0
0.00293715,0,1,1,1,1,0,0,1,1,0,0,0,1,0,0,0
0.00293716,1,1,1,1,1,0,0,1,1,0,0,0,1,0,0,0
0.00293717,1,1,1,1,1,1,1,1,1,0,0,0,1,0,0,0
0.00293722,0,1,1,0,0,1,0,0,1,0,0,0,1,0,0,0
0.00293726,1,1,1,1,0,1,1,1,1,0,0,0,1,0,0,0
0.00293728,1,1,1,1,0,1,0,0,1,0,0,0,1,0,0,0
0.00293729,0,1,1,0,0,1,0,0,1,0,0,0,1,0,0,0
0.00293734,0,1,1,1,0,1,0,0,1,0,0,0,1,0,0,0
0.00293735,0,1,1,0,0,1,0,0,1,0,0,0,1,0,0,0
0.0029376,0,1,1,0,0,1,0,0,0,1,0,0,0,0,0,0
0.00293761,0,1,1,0,0,1,0,0,0,1,1,0,0,1,0,0
0.00293812,1,1,1,1,0,1,0,0,0,1,1,0,0,1,0,0
0.00293815,1,1,1,1,1,1,1,1,0,1,1,0,0,1,0,0
0.0029382,1,0,0,1,0,0,0,1,0,1,1,0,0,1,0,0
0.00293821,0,0,0,0,0,0,0,1,0,1,1,0,0,1,0,0
0.00293824,1,0,0,1,0,0,0,1,0,1,1,0,0,1,0,0
0.00293825,1,1,1,1,0,1,0,1,0,1,1,0,0,1,0,0
0.00293826,1,1,1,1,0,1,1,1,0,1,1,0,0,1,0,0
0.00293827,1,1,1,1,0,1,0,1,0,1,1,0,0,1,0,0
0.00293828,1,1,1,1,0,0,0,1,0,1,1,0,0,1,0,0
0.00293829,1,0,0,1,0,0,0,1,0,1,1,0,0,1,0,0
0.0029383,0,0,0,0,0,0,0,1,0,1,1,0,0,1,0,0
0.00293832,0,0,0,1,0,0,0,1,0,1,1,0,0,1,0,0
0.00293833,1,1,0,1,0,0,0,1,0,1,1,0,0,1,0,0
0.00293834,1,1,1,1,0,0,0,1,0,1,1,0,0,1,0,0
0.00293835,1,1,0,1,0,0,0,1,0,1,1,0,0,1,0,0
0.00293836,1,0,0,1,0,0,0,1,0,1,1,0,0,1,0,0
0.00293838,0,0,0,1,0,0,0,1,0,1,1,0,0,1,0,0
0.0029384,1,0,0,1,0,0,0,1,0,1,1,0,0,1,0,0
0.00293852,0,0,0,1,0,0,0,1,0,1,1,0,0,1,0,0
0.00293857,1,0,0,1,0,0,0,1,0,1,1,0,0,1,0,0
0.00293858,0,0,0,1,0,0,0,1,0,1,1,0,0,1,0,0
0.00293891,0,0,0,0,0,0,0,1,0,1,1,0,0,1,0,0
0.00293902,0,0,0,1,0,0,0,1,0,1,1,0,0,1,0,0
0.00293903,0,0,0,0,0,0,0,1,0,1,1,0,0,1,0,0
0.0029391,1,1,1,1,0,0,0,1,0,1,1,0,0,1,0,0
0.00293912,1,1,1,1,1,1,1,1,0,1,1,0,0,1,0,0
0.00293917,1,1,1,1,0,1,1,0,0,1,1,0,0,1,0,0
0.00293918,0,0,0,0,0,0,1,0,0,1,1,0,0,1,0,0
0.00293921,0,1,1,1,0,0,1,0,0,1,1,0,0,1,0,0
0.00293922,1,1,1,1,0,1,1,0,0,1,1,0,0,1,0,0
0.00293923,1,1,1,1,1,1,1,0,0,1,1,0,0,1,0,0
0.00293924,1,1,1,1,0,1,1,0,0,1,1,0,0,1,0,0
0.00293925,1,1,1,1,0,0,1,0,0,1,1,0,0,1,0,0
0.00293926,0,0,1,1,0,0,1,0,0,1,1,0,0,1,0,0
0.00293927,0,0,0,0,0,0,1,0,0,1,1,0,0,1,0,0
0.00293929,1,0,1,1,0,0,1,0,0,1,1,0,0,1,0,0
0.0029393,1,1,1,1,0,0,1,0,0,1,1,0,0,1,0,0
0.00293934,1,0,1,1,0,0,1,0,0,1,1,0,0,1,0,0
0.00293935,0,0,0,0,0,0,1,0,0,1,1,0,0,1,0,0
0.00293937,0,0,1,1,0,0,1,0,0,1,1,0,0,1,0,0
0.00293938,1,1,1,1,0,0,1,0,0,1,1,0,0,1,0,0
0.0029394,1,0,1,1,0,0,1,0,0,1,1,0,0,1,0,0
0.00293941,0,0,1,1,0,0,1,0,0,1,1,0,0,1,0,0
0.00293947,1,0,1,1,0,0,1,0,0,1,1,0,0,1,0,0
0.00293948,0,0,1,1,0,0,1,0,0,1,1,0,0,1,0,0
0.00293954,0,0,0,0,0,0,1,0,0,1,1,0,0,1,0,0
0.00293955,0,0,1,1,0,0,1,0,0,1,1,0,0,1,0,0
0.00293958,0,0,1,0,0,0,1,0,0,1,1,0,0,1,0,0
0.0029396,0,0,1,1,0,0,1,0,0,1,1,0,0,1,0,0
0.00293963,0,0,1,0,0,0,1,0,0,1,1,0,0,1,0,0
0.00293964,0,0,0,0,0,0,1,0,0,1,1,0,0,1,0,0
0.00293965,0,0,1,1,0,0,1,0,0,1,1,0,0,1,0,0
0.00293966,0,0,1,0,0,0,1,0,0,1,1,0,0,1,0,0
0.00293968,0,0,0,0,0,0,1,0,0,1,1,0,0,1,0,0
0.0029397,0,0,1,0,0,0,1,0,0,1,1,0,0,1,0,0
0.00293971,0,0,0,0,0,0,1,0,0,1,1,0,0,1,0,0
0.00294005,0,0,1,0,0,0,1,0,0,1,1,0,0,1,0,0
0.00294006,0,0,0,0,0,0,1,0,0,1,1,0,0,1,0,0
0.00294007,1,0,0,0,0,1,1,0,0,1,1,0,0,1,0,0
0.00294008,1,0,0,0,1,1,1,1,0,1,1,0,0,1,0,0
0.0029401,1,1,1,1,1,1,0,1,0,1,1,0,0,1,0,0
0.00294012,1,0,0,0,1,1,0,1,0,1,1,0,0,1,0,0
0.00294016,1,0,1,1,1,1,0,1,0,1,1,0,0,1,0,0
0.00294017,1,1,1,1,1,1,0,1,0,1,1,0,0,1,0,0
0.00294018,1,0,1,1,1,1,0,1,0,1,1,0,0,1,0,0
0.00294019,1,0,0,0,1,1,0,1,0,1,1,0,0,1,0,0
0.00294111,1,0,1,0,1,1,0,1,0,1,1,0,0,1,0,0
0.00294112,1,1,1,1,1,1,0,1,0,1,1,0,0,1,0,0
0.00294113,1,1,1,1,1,1,1,1,0,1,1,0,0,1,0,0
0.00294117,1,0,1,1,0,1,0,0,0,1,1,0,0,1,0,0
0.00294118,1,0,0,0,0,1,0,0,0,1,1,0,0,1,0,0
0.00294121,1,1,1,1,0,1,0,1,0,1,1,0,0,1,0,0
0.00294122,1,1,1,1,0,1,1,1,0,1,1,0,0,1,0,0
0.00294123,1,1,1,1,1,1,1,1,0,1,1,0,0,1,0,0
0.00294124,1,1,1,1,0,1,0,1,0,1,1,0,0,1,0,0
0.00294125,1,1,1,1,0,1,0,0,0,1,1,0,0,1,0,0
0.00294126,1,0,1,0,0,1,0,0,0,1,1,0,0,1,0,0
0.00294127,1,0,0,0,0,1,0,0,0,1,1,0,0,1,0,0
0.00294129,1,0,1,1,0,1,0,0,0,1,1,0,0,1,0,0
0.0029413,1,1,1,1,0,1,0,0,0,1,1,0,0,1,0,0
0.00294133,1,0,1,1,0,1,0,0,0,1,1,0,0,1,0,0
0.00294134,1,0,1,0,0,1,0,0,0,1,1,0,0,1,0,0
0.00294136,1,0,1,1,0,1,0,0,0,1,1,0,0,1,0,0
0.0029415,1,0,1,1,0,1,0,0,0,0,0,0,0,1,0,0
0.00294152,1,0,1,0,0,1,0,0,1,0,0,0,0,1,0,0
0.00294153,1,0,0,0,0,1,0,0,1,0,0,0,0,1,0,0
0.00294155,1,0,1,0,0,1,0,0,1,0,0,0,0,1,0,0
0.00294156,1,0,1,1,0,1,0,0,1,0,0,0,0,1,0,0
0.00294158,1,0,0,0,1,1,0,1,0,0,0,0,0,1,0,0
0.00294159,1,0,0,0,1,1,0,1,1,0,0,0,0,1,0,0
0.0029416,1,0,0,0,1,1,0,1,1,0,0,0,1,1,1,0
0.00294161,1,1,1,1,1,1,1,1,1,0,0,0,1,1,1,0
0.00294162,1,1,1,1,0,1,0,0,1,0,0,0,0,1,0,0
0.00294163,1,0,0,0,0,1,0,0,1,0,0,0,0,1,0,0
0.00294166,1,1,1,1,0,1,0,0,1,0,0,0,0,1,0,0
0.00294167,1,1,1,1,0,1,0,1,1,0,0,0,0,1,0,0
0.0029417,1,0,1,0,0,1,0,0,1,0,0,0,0,1,0,0
0.00294171,1,0,0,0,0,1,0,0,1,0,0,0,0,1,0,0
0.00294174,1,0,1,1,0,1,0,0,1,0,0,0,0,1,0,0
0.00294177,1,0,1,0,0,1,0,0,1,0,0,0,0,1,0,0
0.00294178,1,0,0,0,0,1,0,0,1,0,0,0,0,1,0,0
0.00294183,1,0,1,0,0,1,0,0,1,0,0,0,0,1,0,0
0.00294184,1,0,0,0,0,1,0,0,1,0,0,0,0,1,0,0
0.00294205,1,0,1,1,0,1,0,0,1,0,0,0,0,1,0,0
0.00294206,1,1,1,1,0,1,1,1,1,0,0,0,0,1,0,0
0.00294207,1,1,1,1,1,1,1,1,1,0,0,0,0,1,0,0
0.0029421,0,0,0,0,0,0,0,1,1,0,0,0,0,1,0,0
0.00294214,0,0,1,1,0,0,0,1,1,0,0,0,0,1,0,0
0.00294215,0,1,1,1,1,0,0,1,1,0,0,0,0,1,0,0
0.00294216,0,1,1,1,1,1,1,1,1,0,0,0,0,1,0,0
0.00294217,0,1,1,1,0,0,0,1,1,0,0,0,0,1,0,0
0.00294218,0,0,1,0,0,0,0,1,1,0,0,0,0,1,0,0
0.00294219,0,0,0,0,0,0,0,1,1,0,0,0,0,1,0,0
0.00294222,0,0,1,1,0,0,0,1,1,0,0,0,0,1,0,0
0.00294225,0,0,1,0,0,0,0,1,1,0,0,0,0,1,0,0
0.00294226,0,0,0,0,0,0,0,1,1,0,0,0,0,1,0,0
0.00294301,0,0,1,0,0,0,0,1,1,0,0,0,0,1,0,0
0.00294302,1,1,1,1,0,0,0,1,1,0,0,0,0,1,0,0
0.00294303,1,1,1,1,1,1,1,1,1,0,0,0,0,1,0,0
0.00294308,0,0,0,0,0,0,1,0,1,0,0,0,0,1,0,0
0.00294312,1,1,1,1,0,1,1,0,1,0,0,0,0,1,0,0
0.00294313,1,1,1,1,1,1,1,0,1,0,0,0,0,1,0,0
0.00294314,1,1,1,1,1,1,1,1,1,0,0,0,0,1,0,0
0.00294315,1,1,1,1,0,1,1,0,1,0,0,0,0,1,0,0
0.00294316,0,0,1,1,0,0,1,0,1,0,0,0,0,1,0,0
0.00294317,0,0,0,0,0,0,1,0,1,0,0,0,0,1,0,0
0.0029432,0,0,1,1,0,0,1,0,1,0,0,0,0,1,0,0
0.00294321,0,1,1,1,0,0,1,0,1,0,0,0,0,1,0,0
0.00294323,0,0,1,1,0,0,1,0,1,0,0,0,0,1,0,0
0.00294325,0,0,1,0,0,0,1,0,1,0,0,0,0,1,0,0
0.00294326,0,0,0,0,0,0,1,0,1,0,0,0,0,1,0,0
0.00294328,0,0,1,0,0,0,1,0,1,0,0,0,0,1,0,0
0.00294329,0,0,1,1,0,0,1,0,1,0,0,0,0,1,0,0
0.00294331,0,0,1,0,0,0,1,0,1,0,0,0,0,1,0,0
0.00294334,0,0,0,0,0,0,1,0,1,0,0,0,0,1,0,0
0.00294335,0,0,1,0,0,0,1,0,1,0,0,0,0,1,0,0
0.00294341,0,0,0,0,0,0,1,0,1,0,0,0,0,1,0,0
0.00294343,0,0,1,0,0,0,1,0,1,0,0,0,0,1,0,0
0.00294348,0,0,0,0,0,0,1,0,1,0,0,0,0,1,0,0
0.00294351,0,0,1,0,0,0,1,0,1,0,0,0,0,1,0,0
0.00294352,0,0,0,0,0,0,1,0,1,0,0,0,0,1,0,0
0.00294398,0,1,1,0,0,0,1,0,1,0,0,0,0,1,0,0
0.00294399,1,1,1,0,0,0,1,0,1,0,0,0,0,1,0,0
0.002944,1,0,1,1,1,1,1,1,1,0,0,0,0,1,0,0
0.00294401,1,1,1,1,1,1,1,0,1,0,0,0,0,1,0,0
0.00294402,1,1,1,1,1,1,1,1,1,0,0,0,0,1,0,0
0.00294406,1,0,0,0,1,1,0,1,1,0,0,0,0,1,0,0
0.00294409,1,1,1,1,1,1,0,1,1,0,0,0,0,1,0,0
0.0029441,1,1,1,1,1,1,1,1,1,0,0,0,0,1,0,0
0.00294412,1,1,1,1,1,1,0,1,1,0,0,0,0,1,0,0
0.00294413,1,0,0,0,1,1,0,1,1,0,0,0,0,1,0,0
0.00294417,1,1,1,1,1,1,0,1,1,0,0,0,0,1,0,0
0.00294419,1,0,1,1,1,1,0,1,1,0,0,0,0,1,0,0
0.0029442,1,0,1,0,1,1,0,1,1,0,0,0,0,1,0,0
0.00294421,1,0,0,0,1,1,0,1,1,0,0,0,0,1,0,0
0.00294424,1,0,1,0,1,1,0,1,1,0,0,0,0,1,0,0
0.00294428,1,0,0,0,1,1,0,1,1,0,0,0,0,1,0,0
0.00294431,1,0,1,0,1,1,0,1,1,0,0,0,0,1,0,0
0.00294433,1,0,0,0,1,1,0,1,1,0,0,0,0,1,0,0
0.00294445,1,0,1,1,1,1,0,1,1,0,0,0,0,1,0,0
0.00294446,1,0,1,0,1,1,0,1,1,0,0,0,0,1,0,0
0.00294447,1,0,0,0,1,1,0,1,1,0,0,0,0,1,0,0
0.00294502,1,1,1,0,1,1,0,1,1,0,0,0,0,1,0,0
0.00294503,1,1,1,0,1,1,1,1,1,0,0,0,0,1,0,0
0.00294504,1,1,1,1,1,1,1,1,1,0,0,0,0,1,0,0
0.00294505,0,1,1,1,1,0,1,1,1,0,0,0,0,1,0,0
0.00294506,0,1,1,0,1,0,1,1,1,0,0,0,0,1,0,0
0.00294508,0,1,0,0,1,0,1,1,1,0,0,0,0,1,0,0
0.00294512,0,1,1,1,1,0,1,1,1,0,0,0,0,1,0,0
0.00294514,0,1,0,0,1,0,1,1,1,0,0,0,0,1,0,0
0.00294541,0,1,0,0,1,0,1,1,0,1,0,0,0,0,0,0
0.00294542,0,1,0,0,1,0,1,1,0,1,0,0,1,0,1,1
0.00294596,1,1,1,1,1,0,1,1,0,1,0,0,1,0,1,1
0.00294597,1,1,1,1,1,1,1,1,0,1,0,0,1,0,1,1
0.00294601,1,1,1,1,1,1,0,1,0,1,0,0,1,0,1,1
0.00294602,1,0,0,0,1,1,0,1,0,1,0,0,1,0,1,1
0.00294606,1,1,1,1,1,1,0,1,0,1,0,0,1,0,1,1
0.00294608,1,0,0,0,1,1,0,1,0,1,0,0,1,0,1,1
0.00294692,1,0,1,0,1,1,0,1,0,1,0,0,1,0,1,1
0.00294693,1,1,1,1,1,1,0,1,0,1,0,0,1,0,1,1
0.00294694,1,1,1,1,1,1,1,1,0,1,0,0,1,0,1,1
0.0029479,0,0,0,0,0,0,0,0,0,1,0,0,1,0,1,1
0.00294795,0,0,1,0,0,0,0,0,0,1,0,0,1,0,1,1
0.00294796,0,0,0,0,0,0,0,0,0,1,0,0,1,0,1,1
0.00294886,0,0,1,0,0,0,0,0,0,1,0,0,1,0,1,1
0.00294887,0,0,0,0,0,0,0,0,0,1,0,0,1,0,1,1
0.0029489,1,0,0,0,1,1,0,1,0,1,0,0,1,0,1,1
0.00294892,1,0,1,0,1,1,1,1,0,1,0,0,1,0,1,1
0.00294893,1,1,1,1,1,1,1,1,0,1,0,0,1,0,1,1
0.00294894,1,1,1,1,1,1,0,1,0,1,0,0,1,0,1,1
0.00294895,1,1,1,0,1,1,0,1,0,1,0,0,1,0,1,1
0.00294898,1,1,1,1,1,1,0,0,0,1,0,0,1,0,1,1
0.00294899,0,1,0,0,1,1,0,0,0,1,0,0,1,0,1,1
0.00294903,0,1,1,0,1,1,0,0,0,1,0,0,1,0,1,1
0.00294905,0,1,0,0,1,1,0,0,0,1,0,0,1,0,1,1
0.00294931,0,1,0,0,1,1,0,0,0,1,0,0,1,0,0,0
0.00294933,0,1,0,0,1,1,0,0,0,1,0,0,1,1,0,0
0.00294987,1,1,1,1,1,1,1,1,0,1,0,0,1,1,0,0
0.00294991,1,1,1,1,1,1,0,1,0,1,0,0,1,1,0,0
0.00294992,0,1,0,1,1,0,0,0,0,1,0,0,1,1,0,0
0.00294996,1,1,1,1,1,0,0,0,0,1,0,0,1,1,0,0
0.00294997,1,1,1,1,1,0,0,1,0,1,0,0,1,1,0,0
0.00294998,1,1,1,1,1,0,0,0,0,1,0,0,1,1,0,0
0.00294999,0,1,0,1,1,0,0,0,0,1,0,0,1,1,0,0
0.00295082,1,1,1,1,1,0,0,0,0,1,0,0,1,1,0,0
0.00295083,1,1,1,1,1,1,1,1,0,1,0,0,1,1,0,0
0.00295088,1,1,1,1,0,0,0,1,0,1,0,0,1,1,0,0
0.00295089,1,1,0,1,0,0,0,0,0,1,0,0,1,1,0,0
0.00295093,1,1,1,1,0,1,0,1,0,1,0,0,1,1,0,0
0.00295094,1,1,1,1,0,1,1,1,0,1,0,0,1,1,0,0
0.00295095,1,1,1,1,0,0,0,0,0,1,0,0,1,1,0,0
0.00295096,1,1,0,1,0,0,0,0,0,1,0,0,1,1,0,0
0.00295101,1,1,1,1,0,0,0,0,0,1,0,0,1,1,0,0
0.00295102,1,1,0,1,0,0,0,0,0,1,0,0,1,1,0,0
0.00295181,1,1,1,1,0,1,0,1,0,1,0,0,1,1,0,0
0.00295182,1,1,1,1,1,1,1,1,0,1,0,0,1,1,0,0
0.00295282,0,0,1,1,1,1,1,1,0,1,0,0,1,1,0,0
0.00295283,0,0,0,1,1,0,0,1,0,1,0,0,1,1,0,0
0.00295285,0,1,1,1,1,1,1,1,0,1,0,0,1,1,0,0
0.00295287,1,1,1,1,1,1,1,1,0,1,0,0,1,1,0,0
0.0029529,1,1,1,0,0,1,1,1,0,1,0,0,1,1,0,0
0.00295291,0,1,1,0,0,1,1,0,0,1,0,0,1,1,0,0
0.00295295,1,1,1,0,0,1,1,0,0,1,0,0,1,1,0,0
0.00295297,0,1,1,0,0,1,1,0,0,1,0,0,1,1,0,0
0.00295322,0,1,1,0,0,1,1,0,0,1,0,0,0,1,0,0
0.00295323,0,1,1,0,0,1,1,0,0,1,1,0,0,1,0,1
0.00295377,1,1,1,1,1,1,1,0,0,1,1,0,0,1,0,1
0.00295378,1,1,1,1,1,1,1,1,0,1,1,0,0,1,0,1
0.00295381,1,1,1,1,1,0,0,1,0,1,1,0,0,1,0,1
0.00295382,0,0,0,0,0,0,0,1,0,1,1,0,0,1,0,1
0.00295386,1,0,1,0,0,1,1,1,0,1,1,0,0,1,0,1
0.00295387,1,1,1,1,0,1,1,1,0,1,1,0,0,1,0,1
0.0029539,1,0,0,0,0,0,0,1,0,1,1,0,0,1,0,1
0.00295391,0,0,0,0,0,0,0,1,0,1,1,0,0,1,0,1
0.00295394,1,0,1,0,0,0,0,1,0,1,1,0,0,1,0,1
0.00295395,1,0,1,0,0,1,0,1,0,1,1,0,0,1,0,1
0.00295397,1,0,0,0,0,0,0,1,0,1,1,0,0,1,0,1
0.00295398,0,0,0,0,0,0,0,1,0,1,1,0,0,1,0,1
0.00295421,0,0,1,0,0,0,0,1,0,1,1,0,0,1,0,1
0.00295422,0,0,0,0,0,0,0,1,0,1,1,0,0,1,0,1
0.00295473,1,1,1,1,0,0,0,1,0,1,1,0,0,1,0,1
0.00295474,1,1,1,1,1,1,1,1,0,1,1,0,0,1,0,1
0.0029548,0,0,0,0,0,0,1,0,0,1,1,0,0,1,0,1
0.00295484,1,1,1,1,0,1,1,0,0,1,1,0,0,1,0,1
0.00295485,1,1,1,1,1,1,1,0,0,1,1,0,0,1,0,1
0.00295487,1,1,1,1,0,1,1,0,0,1,1,0,0,1,0,1
0.00295488,1,1,1,0,0,1,1,0,0,1,1,0,0,1,0,1
0.00295489,0,0,0,0,0,0,1,0,0,1,1,0,0,1,0,1
0.00295492,1,1,1,1,0,1,1,0,0,1,1,0,0,1,0,1
0.00295496,1,0,1,0,0,0,1,0,0,1,1,0,0,1,0,1
0.00295497,0,0,1,0,0,0,1,0,0,1,1,0,0,1,0,1
0.002955,1,0,1,0,0,0,1,0,0,1,1,0,0,1,0,1
0.00295502,1,1,1,0,0,0,1,0,0,1,1,0,0,1,0,1
0.00295503,1,0,1,0,0,0,1,0,0,1,1,0,0,1,0,1
0.00295505,0,0,1,0,0,0,1,0,0,1,1,0,0,1,0,1
0.00295531,0,0,0,0,0,0,1,0,0,1,1,0,0,1,0,1
0.00295532,0,0,1,0,0,0,1,0,0,1,1,0,0,1,0,1
0.00295541,0,0,0,0,0,0,1,0,0,1,1,0,0,1,0,1
0.00295544,0,0,1,0,0,0,1,0,0,1,1,0,0,1,0,1
0.00295545,0,0,0,0,0,0,1,0,0,1,1,0,0,1,0,1
0.0029557,1,0,1,0,0,0,1,0,0,1,1,0,0,1,0,1
0.00295571,1,1,1,1,0,0,1,0,0,1,1,0,0,1,0,1
0.00295572,1,1,1,1,1,1,1,1,0,1,1,0,0,1,0,1
0.00295577,0,1,1,1,0,1,0,0,0,1,1,0,0,1,0,1
0.00295581,1,1,1,1,1,1,1,1,0,1,1,0,0,1,0,1
0.00295583,1,1,1,1,0,1,0,0,0,1,1,0,0,1,0,1
0.00295584,0,1,1,1,0,1,0,0,0,1,1,0,0,1,0,1
0.00295588,1,1,1,1,0,1,0,0,0,1,1,0,0,1,0,1
0.00295591,0,1,1,1,0,1,0,0,0,1,1,0,0,1,0,1
0.00295668,1,1,1,1,0,1,0,0,0,1,1,0,0,1,0,1
0.00295669,1,1,1,1,1,1,1,1,0,1,1,0,0,1,0,1
0.00295771,0,1,1,1,0,1,0,0,0,1,1,0,0,1,0,1
0.00295775,1,1,1,1,0,1,0,1,0,1,1,0,0,1,0,1
0.00295776,1,1,1,1,1,1,1,1,0,1,1,0,0,1,0,1
0.00295777,0,1,1,1,0,1,0,0,0,1,1,0,0,1,0,1
0.00295874,1,1,1,1,1,1,1,1,0,1,1,0,0,1,0,1
0.00295875,0,0,1,0,1,1,1,1,0,1,1,0,0,1,0,1
0.00295876,0,0,1,0,1,0,0,0,0,1,1,0,0,1,0,1
0.0029588,1,0,1,0,1,0,0,1,0,1,1,0,0,1,0,1
0.00295882,0,0,1,0,1,0,0,0,0,1,1,0,0,1,0,1
0.00295908,0,0,1,0,1,0,0,0,0,0,1,0,0,0,0,0
0.00295909,0,0,1,0,1,0,0,0,0,0,1,0,1,0,0,0
0.00295963,1,1,1,0,1,1,1,1,0,0,1,0,1,0,0,0
0.00295964,1,1,1,1,1,1,1,1,0,0,1,0,1,0,0,0
0.00295967,0,0,0,0,0,0,0,1,0,0,1,0,1,0,0,0
0.00295973,1,1,1,1,0,1,0,1,0,0,1,0,1,0,0,0
0.00295974,1,0,1,1,0,1,0,1,0,0,1,0,1,0,0,0
0.00295975,0,0,0,0,0,0,0,1,0,0,1,0,1,0,0,0
0.00296059,1,1,1,1,1,1,1,1,0,0,1,0,1,0,0,0
0.00296066,0,0,0,0,0,0,1,0,0,0,1,0,1,0,0,0
0.0029607,1,0,1,1,0,1,1,0,0,0,1,0,1,0,0,0
0.00296071,1,1,1,1,1,1,1,0,0,0,1,0,1,0,0,0
0.00296072,1,1,1,1,0,1,1,0,0,0,1,0,1,0,0,0
0.00296073,0,0,1,1,0,1,1,0,0,0,1,0,1,0,0,0
0.00296074,0,0,0,0,0,0,1,0,0,0,1,0,1,0,0,0
0.00296079,0,0,1,0,0,0,1,0,0,0,1,0,1,0,0,0
0.0029608,0,0,0,0,0,0,1,0,0,0,1,0,1,0,0,0
0.00296156,1,1,1,1,0,0,1,0,0,0,1,0,1,0,0,0
0.00296158,1,1,1,1,1,1,1,1,0,0,1,0,1,0,0,0
0.00296163,1,1,0,0,1,0,0,0,0,0,1,0,1,0,0,0
0.00296167,1,1,1,1,1,1,0,0,0,0,1,0,1,0,0,0
0.00296168,1,1,1,1,1,1,0,1,0,0,1,0,1,0,0,0
0.0029617,1,1,0,0,1,0,0,0,0,0,1,0,1,0,0,0
0.00296175,1,1,1,0,1,0,0,0,0,0,1,0,1,0,0,0
0.00296177,1,1,0,0,1,0,0,0,0,0,1,0,1,0,0,0
0.00296201,1,1,0,0,1,0,0,0,0,1,0,0,1,0,0,0
0.00296202,1,1,0,0,1,0,0,0,1,1,0,0,1,0,0,0
0.00296208,1,1,0,0,1,0,0,0,0,0,0,0,0,0,0,0
0.00296209,1,1,0,0,1,0,0,0,1,1,0,0,1,0,0,0
0.00296253,1,1,1,1,1,0,0,0,1,1,0,0,1,0,0,0
0.00296255,1,1,1,0,1,1,1,1,1,1,0,0,1,0,0,0
0.00296256,1,1,1,1,1,1,0,1,1,1,0,0,1,0,0,0
0.00296258,1,1,1,1,1,1,1,1,1,1,0,0,1,0,0,0
0.00296261,1,0,1,0,1,1,1,1,1,1,0,0,1,0,0,0
0.00296262,1,0,0,0,1,1,0,1,1,1,0,0,1,0,0,0
0.00296265,1,0,1,0,1,1,0,1,1,1,0,0,1,0,0,0
0.00296266,1,1,1,1,1,1,1,1,1,1,0,0,1,0,0,0
0.00296267,1,1,1,1,1,1,0,1,1,1,0,0,1,0,0,0
0.00296268,1,0,0,0,1,1,0,1,1,1,0,0,1,0,0,0
0.00296351,1,1,0,0,1,1,0,1,1,1,0,0,1,0,0,0
0.00296352,1,1,1,0,1,1,0,1,1,1,0,0,1,0,0,0
0.00296353,1,1,1,1,1,1,1,1,1,1,0,0,1,0,0,0
0.00296354,1,0,1,1,1,1,0,1,1,1,0,0,1,0,0,0
0.00296355,1,1,1,1,1,1,0,1,1,1,0,0,1,0,0,0
0.00296356,1,1,1,1,1,1,1,1,1,1,0,0,1,0,0,0
0.00296358,0,1,0,0,1,0,0,0,1,1,0,0,1,0,0,0
0.00296363,1,1,1,1,1,0,0,0,1,1,0,0,1,0,0,0
0.00296364,0,1,1,1,1,0,0,0,1,1,0,0,1,0,0,0
0.00296365,0,1,1,0,1,0,0,0,1,1,0,0,1,0,0,0
0.00296366,0,1,0,0,1,0,0,0,1,1,0,0,1,0,0,0
0.00296396,0,1,0,0,1,0,0,0,0,1,0,0,1,0,0,0
0.00296403,0,1,0,0,1,0,0,0,0,0,0,0,0,0,0,0
0.00296404,0,1,0,0,1,0,0,0,0,1,0,0,1,0,0,0
0.00296451,1,1,1,1,1,1,0,0,0,1,0,0,1,0,0,0
0.00296452,1,1,1,1,1,1,0,1,0,1,0,0,1,0,0,0
0.00296453,1,1,1,1,1,1,1,1,0,1,0,0,1,0,0,0
0.00296456,1,1,0,0,1,1,0,0,0,1,0,0,1,0,0,0
0.0029646,1,1,1,1,1,1,0,0,0,1,0,0,1,0,0,0
0.00296461,1,1,1,1,1,1,1,1,0,1,0,0,1,0,0,0
0.00296462,1,1,1,0,1,1,0,0,0,1,0,0,1,0,0,0
0.00296463,1,1,0,0,1,1,0,0,0,1,0,0,1,0,0,0
0.00296547,1,1,1,1,1,1,0,0,0,1,0,0,1,0,0,0
0.00296548,1,1,0,0,1,1,1,1,0,1,0,0,1,0,0,0
0.00296549,1,1,1,0,1,1,1,1,0,1,0,0,1,0,0,0
0.0029655,1,1,1,1,1,1,1,1,0,1,0,0,1,0,0,0
0.00296553,1,0,1,1,1,0,1,1,0,1,0,0,1,0,0,0
0.00296554,1,0,0,0,1,0,0,0,0,1,0,0,1,0,0,0
0.00296557,1,0,1,1,1,0,0,0,0,1,0,0,1,0,0,0
0.00296558,1,1,1,1,1,1,0,1,0,1,0,0,1,0,0,0
0.00296559,1,1,1,1,1,1,1,1,0,1,0,0,1,0,0,0
0.0029656,1,1,1,1,1,0,0,1,0,1,0,0,1,0,0,0
0.00296561,1,0,1,1,1,0,0,0,0,1,0,0,1,0,0,0
0.00296562,1,0,0,0,1,0,0,0,0,1,0,0,1,0,0,0
0.00296565,1,0,1,0,1,0,0,0,0,1,0,0,1,0,0,0
0.00296566,1,0,1,1,1,0,0,0,0,1,0,0,1,0,0,0
0.00296568,1,0,1,0,1,0,0,0,0,1,0,0,1,0,0,0
0.00296569,1,0,0,0,1,0,0,0,0,1,0,0,1,0,0,0
0.00296574,1,0,1,0,1,0,0,0,0,1,0,0,1,0,0,0
0.00296576,1,0,0,0,1,0,0,0,0,1,0,0,1,0,0,0
0.00296591,1,0,0,0,1,0,0,0,0,0,0,0,1,0,0,0
0.00296592,1,0,0,0,1,0,0,0,1,0,0,0,1,0,0,0
0.00296597,1,0,1,0,1,0,0,0,1,0,0,0,1,0,0,0
0.00296598,1,0,0,0,1,0,0,0,1,0,0,0,0,0,0,0
0.00296599,1,0,0,0,1,0,0,0,0,0,0,0,1,0,0,0
0.002966,1,0,0,0,1,0,0,0,1,0,0,0,1,0,0,0
0.00296644,1,1,1,0,1,0,0,0,1,0,0,0,1,0,0,0
0.00296646,1,1,1,1,1,1,1,1,1,0,0,0,1,0,0,0
0.00296647,1,1,1,1,1,1,0,1,1,0,0,0,1,0,0,0
0.00296648,1,1,1,1,1,1,1,1,1,0,0,0,1,0,0,0
0.00296652,0,0,1,1,1,0,0,1,1,0,0,0,1,0,0,0
0.00296656,1,1,1,1,1,1,1,1,1,0,0,0,1,0,0,0
0.00296658,0,1,1,1,1,0,0,1,1,0,0,0,1,0,0,0
0.00296659,0,0,1,1,1,0,0,1,1,0,0,0,1,0,0,0
0.00296742,1,1,1,1,1,0,0,1,1,0,0,0,1,0,0,0
0.00296744,1,1,1,1,1,1,1,1,1,0,0,0,1,0,0,0
0.00296745,1,1,1,1,1,1,0,1,1,0,0,0,1,0,0,0
0.00296747,1,1,1,1,1,1,1,1,1,0,0,0,1,0,0,0
0.00296748,1,1,1,1,0,1,1,1,1,0,0,0,1,0,0,0
0.00296749,1,1,1,0,0,1,0,0,1,0,0,0,1,0,0,0
0.00296753,1,1,1,1,0,1,1,1,1,0,0,0,1,0,0,0
0.00296754,1,1,1,1,0,1,1,0,1,0,0,0,1,0,0,0
0.00296755,1,1,1,0,0,1,0,0,1,0,0,0,1,0,0,0
0.00296786,1,1,1,0,0,1,0,0,1,0,0,0,0,0,0,0
0.00296787,1,1,1,0,0,1,0,0,1,1,1,0,0,1,0,0
0.00296841,1,1,1,1,0,1,0,0,1,1,1,0,0,1,0,0
0.00296842,1,1,1,1,0,1,1,1,1,1,1,0,0,1,0,0
0.00296844,1,1,1,0,0,1,0,1,1,1,1,0,0,1,0,0
0.00296845,1,1,1,1,1,1,1,1,1,1,1,0,0,1,0,0
0.00296847,0,0,0,1,0,0,0,1,1,1,1,0,0,1,0,0
0.00296848,0,0,0,0,0,0,0,1,1,1,1,0,0,1,0,0
0.00296852,0,0,0,1,0,1,0,1,1,1,1,0,0,1,0,0
0.00296853,0,0,0,1,0,1,1,1,1,1,1,0,0,1,0,0
0.00296854,0,0,0,0,0,0,0,1,1,1,1,0,0,1,0,0
0.00296939,0,0,0,0,0,0,1,1,1,1,1,0,0,1,0,0
0.00296941,0,1,1,1,0,0,1,0,1,1,1,0,0,1,0,0
0.00296942,0,0,0,0,0,0,1,0,1,1,1,0,0,1,0,0
0.00297038,0,0,0,0,0,0,0,0,1,1,1,0,0,1,0,0
0.00297041,0,1,1,1,0,1,0,0,1,1,1,0,0,1,0,0
0.00297043,1,1,1,1,1,1,0,1,1,1,1,0,0,1,0,0
0.00297044,1,1,1,1,1,1,1,1,1,1,1,0,0,1,0,0
0.00297045,0,1,1,1,0,1,0,0,1,1,1,0,0,1,0,0
0.00297139,1,1,1,1,1,1,0,1,1,1,1,0,0,1,0,0
0.00297141,1,1,1,1,1,1,1,1,1,1,1,0,0,1,0,0
0.00297146,1,1,0,0,1,1,1,1,1,1,1,0,0,1,0,0
0.00297147,0,1,0,0,1,0,1,1,1,1,1,0,0,1,0,0
0.00297151,1,1,1,1,1,1,1,1,1,1,1,0,0,1,0,0
0.00297152,0,1,1,1,1,1,1,1,1,1,1,0,0,1,0,0
0.00297153,0,1,0,0,1,0,1,1,1,1,1,0,0,1,0,0
0.00297177,0,1,0,0,1,0,1,1,0,1,0,0,0,0,0,0
0.00297178,0,1,0,0,1,0,1,1,0,1,0,0,1,0,1,1
0.0029723,0,1,1,1,1,0,1,1,0,1,0,0,1,0,1,1
0.00297231,1,1,1,1,1,1,1,1,0,1,0,0,1,0,1,1
0.00297232,1,1,1,1,1,0,1,1,0,1,0,0,1,0,1,1
0.00297233,1,1,1,1,1,1,1,1,0,1,0,0,1,0,1,1
0.00297237,0,1,1,1,0,1,0,0,0,1,0,0,1,0,1,1
0.00297241,1,1,1,1,0,1,0,0,0,1,0,0,1,0,1,1
0.00297242,1,1,1,1,0,1,0,1,0,1,0,0,1,0,1,1
0.00297243,1,1,1,1,0,1,0,0,0,1,0,0,1,0,1,1
0.00297244,0,1,1,1,0,1,0,0,0,1,0,0,1,0,1,1
0.00297329,1,1,1,1,0,1,0,1,0,1,0,0,1,0,1,1
0.0029733,1,1,1,1,1,1,1,1,0,1,0,0,1,0,1,1
0.00297426,0,0,0,0,0,0,0,0,0,1,0,0,1,0,1,1
0.00297429,1,0,1,0,0,0,0,0,0,1,0,0,1,0,1,1
0.00297431,1,0,0,0,0,0,0,0,0,1,0,0,1,0,1,1
0.00297432,0,0,0,0,0,0,0,0,0,1,0,0,1,0,1,1
0.00297522,1,0,1,0,0,0,0,0,0,1,0,0,1,0,1,1
0.00297523,0,0,1,0,0,0,0,0,0,1,0,0,1,0,1,1
0.00297524,0,0,0,0,0,0,0,0,0,1,0,0,1,0,1,1
0.00297526,0,1,1,1,0,1,0,0,0,1,0,0,1,0,1,1
0.00297528,1,1,1,1,0,1,0,0,0,1,0,0,1,0,1,1
0.00297529,1,1,1,1,1,1,1,1,0,1,0,0,1,0,1,1
0.00297534,1,1,1,1,1,1,0,1,0,1,0,0,1,0,1,1
0.00297535,0,1,0,0,1,1,0,0,0,1,0,0,1,0,1,1
0.00297539,1,1,1,1,1,1,1,1,0,1,0,0,1,0,1,1
0.00297541,1,1,1,0,1,1,0,0,0,1,0,0,1,0,1,1
0.00297542,0,1,0,0,1,1,0,0,0,1,0,0,1,0,1,1
0.00297547,0,1,1,0,1,1,0,0,0,1,0,0,1,0,1,1
0.00297548,0,1,0,0,1,1,0,0,0,1,0,0,1,0,1,1
0.00297568,0,1,0,0,1,1,0,0,0,1,0,0,1,0,0,0
0.00297569,0,1,0,0,1,1,0,0,0,1,0,0,1,1,0,0
0.00297621,1,1,1,1,1,1,0,0,0,1,0,0,1,1,0,0
0.00297622,1,1,1,1,1,1,1,1,0,1,0,0,1,1,0,0
0.00297627,1,0,1,1,1,0,0,0,0,1,0,0,1,1,0,0
0.00297632,1,0,1,1,1,0,1,1,0,1,0,0,1,1,0,0
0.00297633,1,0,1,1,1,0,0,0,0,1,0,0,1,1,0,0
0.00297719,1,1,1,1,1,0,0,0,0,1,0,0,1,1,0,0
0.0029772,1,1,1,1,1,1,1,1,0,1,0,0,1,1,0,0
0.00297725,1,1,1,1,0,0,0,0,0,1,0,0,1,1,0,0
0.00297726,1,1,0,1,0,0,0,0,0,1,0,0,1,1,0,0
0.0029773,1,1,1,1,0,0,0,0,0,1,0,0,1,1,0,0
0.00297731,1,1,1,1,0,1,0,1,0,1,0,0,1,1,0,0
0.00297732,1,1,0,1,0,0,0,0,0,1,0,0,1,1,0,0
0.00297817,1,1,1,1,0,0,0,0,0,1,0,0,1,1,0,0
0.00297818,1,1,1,1,1,1,1,1,0,1,0,0,1,1,0,0
0.00297918,0,0,1,1,1,1,1,1,0,1,0,0,1,1,0,0
0.00297919,0,0,0,1,1,0,0,1,0,1,0,0,1,1,0,0
0.00297921,0,1,1,1,1,1,1,1,0,1,0,0,1,1,0,0
0.00297923,1,1,1,1,1,1,1,1,0,1,0,0,1,1,0,0
0.00297926,1,1,1,0,0,1,1,1,0,1,0,0,1,1,0,0
0.00297927,0,1,1,0,0,1,1,0,0,1,0,0,1,1,0,0
0.00297931,1,1,1,0,0,1,1,0,0,1,0,0,1,1,0,0
0.00297933,0,1,1,0,0,1,1,0,0,1,0,0,1,1,0,0
0.00297958,0,1,1,0,0,1,1,0,0,1,0,0,0,1,0,0
0.00297959,0,1,1,0,0,1,1,0,0,1,1,0,0,1,0,1
0.00297966,0,1,1,0,0,1,1,0,0,1,1,0,0,1,0,0
0.00297967,0,1,1,0,0,1,1,0,0,1,1,0,0,1,0,1
0.00298011,1,1,1,1,0,1,1,0,0,1,1,0,0,1,0,1
0.00298013,1,1,1,1,1,1,1,1,0,1,1,0,0,1,0,1
0.00298019,0,0,0,0,0,0,0,1,0,1,1,0,0,1,0,1
0.00298023,1,0,1,1,0,1,1,1,0,1,1,0,0,1,0,1
0.00298024,1,1,1,1,0,1,1,1,0,1,1,0,0,1,0,1
0.00298027,1,0,1,1,0,1,1,1,0,1,1,0,0,1,0,1
0.00298028,0,0,0,0,0,0,0,1,0,1,1,0,0,1,0,1
0.00298031,1,0,0,0,0,1,0,1,0,1,1,0,0,1,0,1
0.00298032,1,0,1,1,0,1,0,1,0,1,1,0,0,1,0,1
0.00298034,1,0,0,0,0,1,0,1,0,1,1,0,0,1,0,1
0.00298035,0,0,0,0,0,0,0,1,0,1,1,0,0,1,0,1
0.0029804,0,0,0,0,0,1,0,1,0,1,1,0,0,1,0,1
0.00298041,0,0,0,0,0,0,0,1,0,1,1,0,0,1,0,1
0.00298054,0,0,0,0,0,1,0,1,0,1,1,0,0,1,0,1
0.00298055,0,0,0,0,0,0,0,1,0,1,1,0,0,1,0,1
0.00298057,1,0,1,0,0,1,0,1,0,1,1,0,0,1,0,1
0.00298058,0,0,0,0,0,0,0,1,0,1,1,0,0,1,0,1
0.00298109,1,1,1,1,0,0,0,1,0,1,1,0,0,1,0,1
0.0029811,1,1,1,1,1,1,1,1,0,1,1,0,0,1,0,1
0.00298115,0,0,0,0,0,0,1,0,0,1,1,0,0,1,0,1
0.00298118,0,1,1,1,0,1,1,0,0,1,1,0,0,1,0,1
0.00298119,1,1,1,1,0,1,1,1,0,1,1,0,0,1,0,1
0.0029812,1,1,1,1,1,1,1,1,0,1,1,0,0,1,0,1
0.00298122,1,1,1,1,0,1,1,1,0,1,1,0,0,1,0,1
0.00298123,1,0,1,1,0,1,1,0,0,1,1,0,0,1,0,1
0.00298124,0,0,0,0,0,0,1,0,0,1,1,0,0,1,0,1
0.00298126,0,0,1,1,0,1,1,0,0,1,1,0,0,1,0,1
0.00298127,1,1,1,1,0,1,1,0,0,1,1,0,0,1,0,1
0.00298128,1,1,1,1,0,1,1,1,0,1,1,0,0,1,0,1
0.00298129,1,1,1,1,0,1,1,0,0,1,1,0,0,1,0,1
0.00298131,0,0,1,1,0,1,1,0,0,1,1,0,0,1,0,1
0.00298134,1,0,1,1,0,1,1,0,0,1,1,0,0,1,0,1
0.00298135,1,1,1,1,0,1,1,0,0,1,1,0,0,1,0,1
0.00298136,1,0,1,1,0,1,1,0,0,1,1,0,0,1,0,1
0.00298139,0,0,1,1,0,1,1,0,0,1,1,0,0,1,0,1
0.00298143,1,0,1,1,0,1,1,0,0,1,1,0,0,1,0,1
0.00298145,0,0,1,1,0,1,1,0,0,1,1,0,0,1,0,1
0.00298154,1,0,1,1,0,1,1,0,0,1,1,0,0,1,0,1
0.00298156,0,0,1,1,0,1,1,0,0,1,1,0,0,1,0,1
0.00298169,0,0,1,0,0,1,1,0,0,1,1,0,0,1,0,1
0.0029817,0,0,1,1,0,1,1,0,0,1,1,0,0,1,0,1
0.00298173,0,0,1,0,0,1,1,0,0,1,1,0,0,1,0,1
0.00298196,0,0,0,0,0,1,1,0,0,1,1,0,0,1,0,1
0.00298197,0,0,1,0,0,1,1,0,0,1,1,0,0,1,0,1
0.00298201,0,0,0,0,0,0,1,0,0,1,1,0,0,1,0,1
0.00298203,0,0,1,0,0,1,1,0,0,1,1,0,0,1,0,1
0.00298204,0,0,0,0,0,1,1,0,0,1,1,0,0,1,0,1
0.00298205,0,0,1,0,0,1,1,0,0,1,1,0,0,1,0,1
0.00298206,1,1,1,1,0,0,1,0,0,1,1,0,0,1,0,1
0.00298208,1,1,1,1,1,1,1,1,0,1,1,0,0,1,0,1
0.00298214,0,1,1,1,0,1,0,0,0,1,1,0,0,1,0,1
0.00298218,1,1,1,1,1,1,0,1,0,1,1,0,0,1,0,1
0.00298219,1,1,1,1,1,1,1,1,0,1,1,0,0,1,0,1
0.0029822,1,1,1,1,0,1,0,1,0,1,1,0,0,1,0,1
0.00298221,0,1,1,1,0,1,0,0,0,1,1,0,0,1,0,1
0.00298305,1,1,1,1,1,1,1,1,0,1,1,0,0,1,0,1
0.00298407,0,1,1,1,0,1,0,0,0,1,1,0,0,1,0,1
0.00298411,1,1,1,1,0,1,0,1,0,1,1,0,0,1,0,1
0.00298412,1,1,1,1,1,1,1,1,0,1,1,0,0,1,0,1
0.00298413,0,1,1,1,0,1,0,1,0,1,1,0,0,1,0,1
0.00298414,0,1,1,1,0,1,0,0,0,1,1,0,0,1,0,1
0.0029851,1,1,1,1,0,1,1,1,0,1,1,0,0,1,0,1
0.00298511,1,0,1,0,1,1,1,1,0,1,1,0,0,1,0,1
0.00298512,0,0,1,0,1,0,0,0,0,1,1,0,0,1,0,1
0.00298516,1,0,1,0,1,0,0,1,0,1,1,0,0,1,0,1
0.00298517,1,0,1,0,1,0,1,1,0,1,1,0,0,1,0,1
0.00298518,0,0,1,0,1,0,0,0,0,1,1,0,0,1,0,1
0.00298544,0,0,1,0,1,0,0,0,0,0,1,0,0,0,0,0
0.00298545,0,0,1,0,1,0,0,0,0,0,1,0,1,0,0,0
0.00298597,1,0,1,0,1,0,0,0,0,0,1,0,1,0,0,0
0.00298598,0,0,1,0,1,0,0,0,0,0,1,0,1,0,0,0
0.00298599,1,1,1,1,1,1,1,1,0,0,1,0,1,0,0,0
0.00298605,0,0,0,0,0,0,0,1,0,0,1,0,1,0,0,0
0.00298609,1,0,0,1,0,1,1,1,0,0,1,0,1,0,0,0
0.0029861,1,1,1,1,0,1,1,1,0,0,1,0,1,0,0,0
0.00298612,1,0,1,1,0,1,0,1,0,0,1,0,1,0,0,0
0.00298613,0,0,0,0,0,0,0,1,0,0,1,0,1,0,0,0
0.00298618,0,0,0,0,0,1,0,1,0,0,1,0,1,0,0,0
0.0029862,0,0,0,0,0,0,0,1,0,0,1,0,1,0,0,0
0.00298695,1,1,1,1,0,0,1,1,0,0,1,0,1,0,0,0
0.00298696,1,1,1,1,1,1,1,1,0,0,1,0,1,0,0,0
0.00298701,0,1,1,0,0,1,1,1,0,0,1,0,1,0,0,0
0.00298702,0,0,0,0,0,0,1,0,0,0,1,0,1,0,0,0
0.00298705,0,0,1,0,0,1,1,0,0,0,1,0,1,0,0,0
0.00298706,1,1,1,1,1,1,1,1,0,0,1,0,1,0,0,0
0.00298708,1,1,1,1,0,1,1,1,0,0,1,0,1,0,0,0
0.00298709,0,0,1,1,0,1,1,0,0,0,1,0,1,0,0,0
0.0029871,0,0,0,0,0,0,1,0,0,0,1,0,1,0,0,0
0.00298714,0,0,1,0,0,1,1,0,0,0,1,0,1,0,0,0
0.00298717,0,0,0,0,0,1,1,0,0,0,1,0,1,0,0,0
0.00298718,0,0,0,0,0,0,1,0,0,0,1,0,1,0,0,0
0.00298722,0,0,0,0,0,1,1,0,0,0,1,0,1,0,0,0
0.00298724,0,0,0,0,0,0,1,0,0,0,1,0,1,0,0,0
0.00298793,1,0,0,0,0,0,1,0,0,0,1,0,1,0,0,0
0.00298794,0,0,1,1,0,1,1,0,0,0,1,0,1,0,0,0
0.00298795,1,1,1,1,1,1,1,1,0,0,1,0,1,0,0,0
0.00298799,1,1,1,1,1,1,0,1,0,0,1,0,1,0,0,0
0.002988,1,1,0,0,1,0,0,0,0,0,1,0,1,0,0,0
0.00298803,1,1,1,1,1,1,0,1,0,0,1,0,1,0,0,0
0.00298804,1,1,1,1,1,1,1,1,0,0,1,0,1,0,0,0
0.00298806,1,1,1,1,1,1,0,1,0,0,1,0,1,0,0,0
0.00298807,1,1,1,0,1,0,0,0,0,0,1,0,1,0,0,0
0.00298808,1,1,0,0,1,0,0,0,0,0,1,0,1,0,0,0
0.00298811,1,1,1,1,1,1,0,1,0,0,1,0,1,0,0,0
0.00298814,1,1,1,0,1,1,0,0,0,0,1,0,1,0,0,0
0.00298815,1,1,0,0,1,0,0,0,0,0,1,0,1,0,0,0
0.00298818,1,1,1,0,1,1,0,0,0,0,1,0,1,0,0,0
0.00298822,1,1,1,0,1,0,0,0,0,0,1,0,1,0,0,0
0.00298823,1,1,0,0,1,0,0,0,0,0,1,0,1,0,0,0
0.00298826,1,1,1,0,1,0,0,0,0,0,1,0,1,0,0,0
0.00298828,1,1,0,0,1,0,0,0,0,0,1,0,1,0,0,0
0.00298837,1,1,0,0,1,0,0,0,0,1,0,0,1,0,0,0
0.00298838,1,1,0,0,1,0,0,0,1,1,0,0,1,0,0,0
0.00298842,1,1,1,0,1,1,0,0,1,1,0,0,1,0,0,0
0.00298844,1,1,1,0,1,0,0,0,0,0,0,0,0,0,0,0
0.00298845,1,1,0,0,1,0,0,0,1,1,0,0,1,0,0,0
0.00298849,1,1,1,0,1,1,0,0,1,1,0,0,1,0,0,0
0.00298851,1,1,0,0,1,0,0,0,1,1,0,0,1,0,0,0
0.0029889,1,1,1,0,1,0,0,0,1,1,0,0,1,0,0,0
0.00298892,1,1,1,1,1,1,1,1,1,1,0,0,1,0,0,0
0.00298897,1,0,0,0,1,1,0,1,1,1,0,0,1,0,0,0
0.00298901,1,1,1,1,1,1,1,1,1,1,0,0,1,0,0,0
0.00298903,1,0,1,1,1,1,0,1,1,1,0,0,1,0,0,0
0.00298904,1,0,0,0,1,1,0,1,1,1,0,0,1,0,0,0
0.00298908,1,0,1,1,1,1,0,1,1,1,0,0,1,0,0,0
0.0029891,1,0,1,0,1,1,0,1,1,1,0,0,1,0,0,0
0.00298911,1,0,0,0,1,1,0,1,1,1,0,0,1,0,0,0
0.00298987,1,1,0,0,1,1,0,1,1,1,0,0,1,0,0,0
0.00298989,1,1,1,1,1,1,1,1,1,1,0,0,1,0,0,0
0.0029899,1,0,1,1,1,1,0,1,1,1,0,0,1,0,0,0
0.00298991,1,1,1,1,1,1,0,1,1,1,0,0,1,0,0,0
0.00298993,1,1,1,1,1,1,1,1,1,1,0,0,1,0,0,0
0.00298995,0,1,1,0,1,0,1,0,1,1,0,0,1,0,0,0
0.00298996,0,1,0,0,1,0,0,0,1,1,0,0,1,0,0,0
0.00298999,0,1,1,0,1,0,0,0,1,1,0,0,1,0,0,0
0.00299,1,1,1,1,1,1,1,1,1,1,0,0,1,0,0,0
0.00299002,1,1,1,1,1,0,0,0,1,1,0,0,1,0,0,0
0.00299003,0,1,1,0,1,0,0,0,1,1,0,0,1,0,0,0
0.00299004,0,1,0,0,1,0,0,0,1,1,0,0,1,0,0,0
0.00299007,0,1,1,0,1,0,0,0,1,1,0,0,1,0,0,0
0.00299008,0,1,1,1,1,0,0,0,1,1,0,0,1,0,0,0
0.0029901,0,1,1,0,1,0,0,0,1,1,0,0,1,0,0,0
0.00299011,0,1,0,0,1,0,0,0,1,1,0,0,1,0,0,0
0.00299016,0,1,1,0,1,0,0,0,1,1,0,0,1,0,0,0
0.00299018,0,1,0,0,1,0,0,0,1,1,0,0,1,0,0,0
0.00299032,0,1,0,0,1,0,0,0,0,1,0,0,1,0,0,0
0.00299039,0,1,0,0,1,0,0,0,0,0,0,0,1,0,0,0
0.0029904,0,1,0,0,1,0,0,0,0,1,0,0,1,0,0,0
0.00299085,1,1,0,0,1,0,0,0,0,1,0,0,1,0,0,0
0.00299086,0,1,1,1,1,0,0,0,0,1,0,0,1,0,0,0
0.00299087,1,1,1,1,1,1,0,0,0,1,0,0,1,0,0,0
0.00299088,1,1,1,1,1,1,0,1,0,1,0,0,1,0,0,0
0.00299089,1,1,1,1,1,1,1,1,0,1,0,0,1,0,0,0
0.00299091,1,1,0,0,1,1,1,1,0,1,0,0,1,0,0,0
0.00299092,1,1,0,0,1,1,0,0,0,1,0,0,1,0,0,0
0.00299095,1,1,1,1,1,1,0,0,0,1,0,0,1,0,0,0
0.00299096,1,1,1,1,1,1,1,1,0,1,0,0,1,0,0,0
0.00299097,1,1,1,1,1,1,0,0,0,1,0,0,1,0,0,0
0.00299098,1,1,0,0,1,1,0,0,0,1,0,0,1,0,0,0
0.00299184,1,1,0,0,1,1,0,1,0,1,0,0,1,0,0,0
0.00299185,1,1,1,1,1,1,1,1,0,1,0,0,1,0,0,0
0.0029919,1,1,1,1,1,0,1,1,0,1,0,0,1,0,0,0
0.00299191,1,0,0,0,1,0,0,0,0,1,0,0,1,0,0,0
0.00299195,1,1,1,1,1,1,1,1,0,1,0,0,1,0,0,0
0.00299198,1,0,1,1,1,0,0,0,0,1,0,0,1,0,0,0
0.00299199,1,0,0,0,1,0,0,0,0,1,0,0,1,0,0,0
0.00299203,1,0,1,1,1,0,0,0,0,1,0,0,1,0,0,0
0.00299206,1,0,1,0,1,0,0,0,0,1,0,0,1,0,0,0
0.00299207,1,0,0,0,1,0,0,0,0,1,0,0,1,0,0,0
0.00299211,1,0,1,0,1,0,0,0,0,1,0,0,1,0,0,0
0.00299214,1,0,0,0,1,0,0,0,0,1,0,0,1,0,0,0
0.00299227,1,0,0,0,1,0,0,0,0,0,0,0,1,0,0,0
0.00299228,1,0,0,0,1,0,0,0,1,0,0,0,1,0,0,0
0.00299233,1,0,1,0,1,0,0,0,1,0,0,0,1,0,0,0
0.00299234,1,0,0,0,1,0,0,0,1,0,0,0,1,0,0,0
0.00299235,1,0,0,0,1,0,0,0,0,0,0,0,0,0,0,0
0.00299236,1,0,0,0,1,0,0,0,1,0,0,0,1,0,0,0
0.0029928,1,1,1,0,1,0,0,0,1,0,0,0,1,0,0,0
0.00299281,1,1,1,1,1,0,0,0,1,0,0,0,1,0,0,0
0.00299282,1,1,1,1,1,1,1,1,1,0,0,0,1,0,0,0
0.00299288,0,0,1,1,1,0,0,1,1,0,0,0,1,0,0,0
0.00299291,0,0,1,1,1,1,0,1,1,0,0,0,1,0,0,0
0.00299292,1,1,1,1,1,1,1,1,1,0,0,0,1,0,0,0
0.00299294,0,0,1,1,1,0,0,1,1,0,0,0,1,0,0,0
0.00299299,0,0,1,1,1,1,0,1,1,0,0,0,1,0,0,0
0.002993,0,1,1,1,1,1,0,1,1,0,0,0,1,0,0,0
0.00299301,0,0,1,1,1,0,0,1,1,0,0,0,1,0,0,0
0.00299378,1,1,1,1,1,0,0,1,1,0,0,0,1,0,0,0
0.00299379,1,1,1,1,1,1,0,1,1,0,0,0,1,0,0,0
0.0029938,1,1,1,1,1,1,1,1,1,0,0,0,1,0,0,0
0.00299386,0,0,0,1,0,1,0,0,1,0,0,0,1,0,0,0
0.0029939,1,1,1,1,0,1,1,1,1,0,0,0,1,0,0,0
0.00299393,1,1,1,1,0,1,0,1,1,0,0,0,1,0,0,0
0.00299394,0,0,0,1,0,1,0,0,1,0,0,0,1,0,0,0
0.00299398,0,0,1,1,0,1,0,0,1,0,0,0,1,0,0,0
0.00299399,1,1,1,1,0,1,0,0,1,0,0,0,1,0,0,0
0.002994,1,0,1,1,0,1,0,0,1,0,0,0,1,0,0,0
0.00299401,0,0,1,1,0,1,0,0,1,0,0,0,1,0,0,0
0.00299402,0,0,0,1,0,1,0,0,1,0,0,0,1,0,0,0
0.00299422,0,0,1,1,0,1,0,0,1,0,0,0,0,0,0,0
0.00299423,0,0,1,1,0,1,0,0,0,0,0,0,0,0,0,0
0.00299424,0,0,0,1,0,1,0,0,0,0,0,1,0,1,0,0
0.00299428,0,0,1,1,0,1,0,0,0,0,0,1,0,1,0,0
0.0029943,0,0,1,1,0,1,0,0,0,0,0,0,0,1,0,0
0.00299431,0,0,0,1,0,1,0,0,0,0,0,1,0,1,0,0
0.00299436,0,0,1,1,0,1,0,0,0,0,0,1,0,1,0,0
0.00299438,0,0,0,1,0,1,0,0,0,0,0,1,0,1,0,0
0.00299476,0,0,1,1,0,1,0,0,0,0,0,1,0,1,0,0
0.00299477,1,1,1,1,0,1,1,1,0,0,0,1,0,1,0,0
0.00299478,1,1,1,1,1,1,1,1,0,0,0,1,0,1,0,0
0.0029948,1,1,1,1,0,1,1,1,0,0,0,1,0,1,0,0
0.00299481,0,0,0,1,0,1,0,1,0,0,0,1,0,1,0,0
0.00299482,1,1,0,0,0,1,1,1,0,0,0,1,0,1,0,0
0.00299483,0,0,0,0,0,0,0,1,0,0,0,1,0,1,0,0
0.00299487,1,1,1,0,0,0,1,1,0,0,0,1,0,1,0,0
0.00299489,1,1,1,0,0,0,0,1,0,0,0,1,0,1,0,0
0.0029949,0,0,0,0,0,0,0,1,0,0,0,1,0,1,0,0
0.00299575,0,0,0,0,0,0,1,1,0,0,0,1,0,1,0,0
0.00299576,1,1,1,0,0,0,1,0,0,0,0,1,0,1,0,0
0.00299577,0,0,1,0,0,0,1,0,0,0,0,1,0,1,0,0
0.00299578,0,0,0,0,0,0,1,0,0,0,0,1,0,1,0,0
0.00299671,1,0,0,0,0,0,1,0,0,0,0,1,0,1,0,0
0.00299673,1,1,1,0,0,0,0,0,0,0,0,1,0,1,0,0
0.00299675,1,0,1,1,1,0,0,1,0,0,0,1,0,1,0,0
0.00299676,0,0,1,1,1,0,0,1,0,0,0,1,0,1,0,0
0.00299677,0,0,1,1,1,1,1,1,0,0,0,1,0,1,0,0
0.00299678,0,0,1,1,1,0,0,1,0,0,0,1,0,1,0,0
0.00299775,1,1,1,1,1,1,1,1,0,0,0,1,0,1,0,0
0.0029978,1,1,1,0,1,1,1,1,0,0,0,1,0,1,0,0
0.00299781,1,0,0,0,1,1,0,0,0,0,0,1,0,1,0,0
0.00299782,1,0,0,0,0,1,0,0,0,0,0,1,0,1,0,0
0.00299787,1,0,0,0,0,1,0,1,0,0,0,1,0,1,0,0
0.00299788,1,0,0,0,0,1,0,0,0,0,0,1,0,1,0,0
0.00299813,1,0,0,0,0,1,0,0,0,0,0,0,0,1,0,0
0.00299814,1,0,0,0,0,1,0,0,1,0,0,0,0,1,0,0
0.0029982,1,0,0,0,0,1,0,0,0,0,0,0,0,0,0,0
0.00299821,1,0,0,0,0,1,0,0,1,0,0,0,0,1,0,0
0.00299868,1,0,1,0,0,1,0,0,1,0,0,0,0,1,0,0
0.00299869,1,1,1,1,1,1,1,1,1,0,0,0,0,1,0,0
0.00299874,0,0,0,0,0,0,0,1,1,0,0,0,0,1,0,0
0.00299878,0,0,1,0,0,0,1,1,1,0,0,0,0,1,0,0
0.00299879,1,1,1,1,1,1,1,1,1,0,0,0,0,1,0,0
0.00299881,0,0,1,1,1,1,1,1,1,0,0,0,0,1,0,0
0.00299882,0,0,1,0,0,0,0,1,1,0,0,0,0,1,0,0
0.00299883,0,0,0,0,0,0,0,1,1,0,0,0,0,1,0,0
0.00299887,0,0,1,0,0,0,0,1,1,0,0,0,0,1,0,0
0.00299889,0,0,0,0,0,0,0,1,1,0,0,0,0,1,0,0
0.00299964,1,1,1,1,0,0,0,1,1,0,0,0,0,1,0,0
0.00299965,1,1,1,1,1,1,1,1,1,0,0,0,0,1,0,0
0.00299971,0,0,0,0,0,0,1,0,1,0,0,0,0,1,0,0
0.00299975,1,1,1,1,0,1,1,0,1,0,0,0,0,1,0,0
0.00299976,1,1,1,1,1,1,1,1,1,0,0,0,0,1,0,0
0.00299977,1,1,1,1,1,1,1,0,1,0,0,0,0,1,0,0
0.00299978,1,1,1,1,0,1,1,0,1,0,0,0,0,1,0,0
0.00299979,0,0,1,0,0,0,1,0,1,0,0,0,0,1,0,0
0.0029998,0,0,0,0,0,0,1,0,1,0,0,0,0,1,0,0
0.00299983,1,0,1,1,0,0,1,0,1,0,0,0,0,1,0,0
0.00299984,1,0,1,1,0,1,1,0,1,0,0,0,0,1,0,0
0.00299986,0,0,1,0,0,0,1,0,1,0,0,0,0,1,0,0
0.00299988,0,0,0,0,0,0,1,0,1,0,0,0,0,1,0,0
0.00299991,0,0,1,0,0,0,1,0,1,0,0,0,0,1,0,0
0.00299995,0,0,0,0,0,0,1,0,1,0,0,0,0,1,0,0
0.003,0,0,1,0,0,0,1,0,1,0,0,0,0,1,0,0
0.00300001,0,0,0,0,0,0,1,0,1,0,0,0,0,1,0,0
0.00300006,0,0,1,0,0,0,1,0,1,0,0,0,0,1,0,0
0.00300007,0,0,0,0,0,0,1,0,1,0,0,0,0,1,0,0
0.00300061,1,1,1,1,0,0,1,0,1,0,0,0,0,1,0,0
0.00300063,1,1,1,1,1,1,1,1,1,0,0,0,0,1,0,0
0.0030007,0,0,1,1,1,0,0,1,1,0,0,0,0,1,0,0
0.00300074,1,1,1,1,1,1,1,1,1,0,0,0,0,1,0,0
0.00300076,0,0,1,1,1,1,0,1,1,0,0,0,0,1,0,0
0.00300077,0,0,1,1,1,0,0,1,1,0,0,0,0,1,0,0
0.00300165,1,0,1,1,1,0,1,1,1,0,0,0,0,1,0,0
0.00300166,1,1,1,1,1,0,1,1,1,0,0,0,0,1,0,0
0.00300167,1,1,1,0,1,1,1,1,1,0,0,0,0,1,0,0
0.00300168,1,1,0,0,1,1,1,1,1,0,0,0,0,1,0,0
0.00300169,1,1,0,0,1,0,1,1,1,0,0,0,0,1,0,0
0.00300171,0,1,1,0,1,1,1,1,1,0,0,0,0,1,0,0
0.00300172,0,1,0,0,1,0,1,1,1,0,0,0,0,1,0,0
0.00300203,0,1,0,0,1,0,1,1,1,0,0,0,0,0,0,0
0.00300204,0,1,0,0,1,0,1,1,0,1,0,0,0,0,0,0
0.00300205,0,1,0,0,1,0,1,1,0,1,0,0,1,0,1,1
0.00300257,0,1,1,1,1,0,1,1,0,1,0,0,1,0,1,1
0.00300258,1,1,1,1,1,1,1,1,0,1,0,0,1,0,1,1
0.00300259,1,1,1,1,1,0,1,1,0,1,0,0,1,0,1,1
0.0030026,1,1,1,1,1,1,1,1,0,1,0,0,1,0,1,1
0.00300263,0,0,1,1,1,1,0,1,0,1,0,0,1,0,1,1
0.00300264,0,0,1,1,1,0,0,1,0,1,0,0,1,0,1,1
0.00300268,1,1,1,1,1,1,0,1,0,1,0,0,1,0,1,1
0.00300269,0,0,1,1,1,1,0,1,0,1,0,0,1,0,1,1
0.0030027,0,0,1,1,1,0,0,1,0,1,0,0,1,0,1,1
0.00300356,1,1,1,1,1,1,0,1,0,1,0,0,1,0,1,1
0.00300357,1,1,1,1,1,1,1,1,0,1,0,0,1,0,1,1
0.00300453,0,0,0,0,0,0,0,0,0,1,0,0,1,0,1,1
0.00300457,0,0,0,0,0,1,0,0,0,1,0,0,1,0,1,1
0.00300459,0,0,0,0,0,0,0,0,0,1,0,0,1,0,1,1
0.00300549,1,0,1,0,0,1,0,0,0,1,0,0,1,0,1,1
0.0030055,0,0,0,0,0,0,0,0,0,1,0,0,1,0,1,1
0.00300553,0,0,1,1,1,0,0,1,0,1,0,0,1,0,1,1
0.00300555,1,1,1,1,1,1,1,1,0,1,0,0,1,0,1,1
0.00300561,0,1,0,0,1,1,0,0,0,1,0,0,1,0,1,1
0.00300566,1,1,1,1,1,1,1,1,0,1,0,0,1,0,1,1
0.00300567,1,1,1,1,1,1,0,1,0,1,0,0,1,0,1,1
0.00300568,0,1,0,0,1,1,0,0,0,1,0,0,1,0,1,1
0.00300594,0,1,0,0,1,1,0,0,0,1,0,0,1,0,0,0
0.00300596,0,1,0,0,1,1,0,0,0,1,0,0,1,1,0,0
0.00300647,0,1,0,1,1,1,0,0,0,1,0,0,1,1,0,0
0.00300648,1,1,1,1,1,1,0,0,0,1,0,0,1,1,0,0
0.0030065,1,1,1,1,1,1,1,1,0,1,0,0,1,1,0,0
0.00300654,1,0,1,1,0,1,1,1,0,1,0,0,1,1,0,0
0.00300655,0,0,0,0,0,1,0,0,0,1,0,0,1,1,0,0
0.00300658,1,0,1,1,0,1,0,1,0,1,0,0,1,1,0,0
0.00300659,1,1,1,1,0,1,1,1,0,1,0,0,1,1,0,0
0.00300662,1,1,1,1,0,1,0,1,0,1,0,0,1,1,0,0
0.00300663,0,0,1,0,0,1,0,0,0,1,0,0,1,1,0,0
0.00300664,0,0,0,0,0,1,0,0,0,1,0,0,1,1,0,0
0.00300666,0,0,1,1,0,1,0,0,0,1,0,0,1,1,0,0
0.00300667,1,0,1,1,0,1,0,0,0,1,0,0,1,1,0,0
0.00300668,1,0,1,1,0,1,0,1,0,1,0,0,1,1,0,0
0.00300669,1,0,1,1,0,1,0,0,0,1,0,0,1,1,0,0
0.00300671,0,0,1,1,0,1,0,0,0,1,0,0,1,1,0,0
0.00300672,0,0,1,0,0,1,0,0,0,1,0,0,1,1,0,0
0.00300675,1,0,1,1,0,1,0,0,0,1,0,0,1,1,0,0
0.00300677,0,0,1,1,0,1,0,0,0,1,0,0,1,1,0,0
0.00300679,0,0,1,0,0,1,0,0,0,1,0,0,1,1,0,0
0.00300684,0,0,1,1,0,1,0,0,0,1,0,0,1,1,0,0
0.00300685,0,0,1,0,0,1,0,0,0,1,0,0,1,1,0,0
0.00300727,0,0,0,0,0,1,0,0,0,1,0,0,1,1,0,0
0.00300742,0,0,1,0,0,1,0,0,0,1,0,0,1,1,0,0
0.00300743,0,0,0,0,0,1,0,0,0,1,0,0,1,1,0,0
0.00300744,0,1,1,0,0,1,0,0,0,1,0,0,1,1,0,0
0.00300745,1,1,1,1,0,1,0,0,0,1,0,0,1,1,0,0
0.00300746,1,1,1,1,1,1,1,0,0,1,0,0,1,1,0,0
0.00300747,1,1,1,1,1,1,1,1,0,1,0,0,1,1,0,0
0.00300752,1,1,1,1,0,0,0,1,0,1,0,0,1,1,0,0
0.00300753,1,1,0,1,0,0,0,0,0,1,0,0,1,1,0,0
0.00300756,1,1,1,1,0,0,0,0,0,1,0,0,1,1,0,0
0.00300757,1,1,1,1,1,0,1,1,0,1,0,0,1,1,0,0
0.00300759,1,1,1,1,0,0,0,0,0,1,0,0,1,1,0,0
0.0030076,1,1,0,1,0,0,0,0,0,1,0,0,1,1,0,0
0.00300765,1,1,1,1,0,0,0,0,0,1,0,0,1,1,0,0
0.00300767,1,1,0,1,0,0,0,0,0,1,0,0,1,1,0,0
0.00300844,1,1,1,1,1,0,1,1,0,1,0,0,1,1,0,0
0.00300845,1,1,1,1,1,1,1,1,0,1,0,0,1,1,0,0
0.00300945,0,0,0,1,1,0,0,1,0,1,0,0,1,1,0,0
0.00300948,1,1,1,1,1,1,1,1,0,1,0,0,1,1,0,0
0.00300952,0,1,1,1,0,1,1,0,0,1,0,0,1,1,0,0
0.00300953,0,1,1,0,0,1,1,0,0,1,0,0,1,1,0,0
0.00300985,0,1,1,0,0,1,1,0,0,1,0,0,0,1,0,0
0.00300986,0,1,1,0,0,1,1,0,0,1,1,0,0,1,0,1
0.0030104,1,1,1,1,1,1,1,1,0,1,1,0,0,1,0,1
0.00301045,0,0,0,1,1,0,0,1,0,1,1,0,0,1,0,1
0.00301046,0,0,0,0,0,0,0,1,0,1,1,0,0,1,0,1
0.0030105,1,0,1,1,0,1,1,1,0,1,1,0,0,1,0,1
0.00301051,1,1,1,1,0,1,1,1,0,1,1,0,0,1,0,1
0.00301053,0,0,1,1,0,1,1,1,0,1,1,0,0,1,0,1
0.00301054,0,0,0,0,0,0,0,1,0,1,1,0,0,1,0,1
0.00301058,0,0,0,1,0,1,1,1,0,1,1,0,0,1,0,1
0.00301061,0,0,0,0,0,1,0,1,0,1,1,0,0,1,0,1
0.00301062,0,0,0,0,0,0,0,1,0,1,1,0,0,1,0,1
0.00301067,0,0,0,0,0,1,0,1,0,1,1,0,0,1,0,1
0.00301069,0,0,0,0,0,0,0,1,0,1,1,0,0,1,0,1
0.00301135,0,0,1,1,0,0,0,1,0,1,1,0,0,1,0,1
0.00301136,1,1,1,1,1,0,1,1,0,1,1,0,0,1,0,1
0.00301137,1,1,1,1,1,1,1,1,0,1,1,0,0,1,0,1
0.00301142,0,0,0,0,0,0,1,0,0,1,1,0,0,1,0,1
0.00301146,1,1,1,1,0,1,1,0,0,1,1,0,0,1,0,1
0.00301147,1,1,1,1,1,1,1,0,0,1,1,0,0,1,0,1
0.00301149,1,1,1,1,0,1,1,0,0,1,1,0,0,1,0,1
0.0030115,0,1,1,1,0,1,1,0,0,1,1,0,0,1,0,1
0.00301151,0,0,0,0,0,0,1,0,0,1,1,0,0,1,0,1
0.00301154,0,0,1,1,0,1,1,0,0,1,1,0,0,1,0,1
0.00301155,0,1,1,1,0,1,1,0,0,1,1,0,0,1,0,1
0.00301157,0,0,1,1,0,1,1,0,0,1,1,0,0,1,0,1
0.00301158,0,0,1,0,0,1,1,0,0,1,1,0,0,1,0,1
0.00301159,0,0,1,0,0,0,1,0,0,1,1,0,0,1,0,1
0.0030116,0,0,0,0,0,0,1,0,0,1,1,0,0,1,0,1
0.00301162,0,0,1,0,0,1,1,0,0,1,1,0,0,1,0,1
0.00301163,0,0,1,1,0,1,1,0,0,1,1,0,0,1,0,1
0.00301165,0,0,1,0,0,1,1,0,0,1,1,0,0,1,0,1
0.00301169,0,0,1,0,0,0,1,0,0,1,1,0,0,1,0,1
0.00301171,0,0,1,0,0,1,1,0,0,1,1,0,0,1,0,1
0.00301175,0,0,0,0,0,0,1,0,0,1,1,0,0,1,0,1
0.00301177,0,0,1,0,0,0,1,0,0,1,1,0,0,1,0,1
0.00301178,0,0,1,0,0,1,1,0,0,1,1,0,0,1,0,1
0.00301179,0,0,0,0,0,0,1,0,0,1,1,0,0,1,0,1
0.00301181,0,0,1,1,0,1,1,0,0,1,1,0,0,1,0,1
0.00301182,0,0,1,0,0,1,1,0,0,1,1,0,0,1,0,1
0.00301183,0,0,0,0,0,0,1,0,0,1,1,0,0,1,0,1
0.00301232,0,0,1,0,0,0,1,0,0,1,1,0,0,1,0,1
0.00301233,1,1,1,1,0,0,1,0,0,1,1,0,0,1,0,1
0.00301234,0,1,1,1,0,0,1,0,0,1,1,0,0,1,0,1
0.00301235,1,1,1,1,1,1,1,1,0,1,1,0,0,1,0,1
0.0030124,1,1,1,1,1,1,0,1,0,1,1,0,0,1,0,1
0.00301241,0,1,1,1,0,1,0,0,0,1,1,0,0,1,0,1
0.00301245,1,1,1,1,1,1,0,1,0,1,1,0,0,1,0,1
0.00301246,1,1,1,1,1,1,1,1,0,1,1,0,0,1,0,1
0.00301247,0,1,1,1,0,1,0,0,0,1,1,0,0,1,0,1
0.00301332,1,1,1,1,1,1,1,1,0,1,1,0,0,1,0,1
0.00301434,0,1,1,1,0,1,0,0,0,1,1,0,0,1,0,1
0.00301438,1,1,1,1,0,1,0,1,0,1,1,0,0,1,0,1
0.00301439,1,1,1,1,1,1,1,1,0,1,1,0,0,1,0,1
0.0030144,0,1,1,1,0,1,0,0,0,1,1,0,0,1,0,1
0.00301537,1,1,1,1,1,1,1,1,0,1,1,0,0,1,0,1
0.00301538,0,0,1,0,1,0,1,1,0,1,1,0,0,1,0,1
0.00301539,0,0,1,0,1,0,0,0,0,1,1,0,0,1,0,1
0.00301543,1,0,1,0,1,0,0,1,0,1,1,0,0,1,0,1
0.00301545,0,0,1,0,1,0,0,0,0,1,1,0,0,1,0,1
0.0030157,0,0,1,0,1,0,0,0,0,0,1,0,0,1,0,1
0.00301571,0,0,1,0,1,0,0,0,0,0,1,0,0,0,0,0
0.00301572,0,0,1,0,1,0,0,0,0,0,1,0,1,0,0,0
0.00301578,0,0,1,0,1,0,0,0,0,0,0,0,1,0,0,0
0.00301579,0,0,1,0,1,0,0,0,0,0,1,0,1,0,0,0
0.00301626,1,1,1,1,1,1,1,1,0,0,1,0,1,0,0,0
0.00301629,1,0,1,1,1,1,0,1,0,0,1,0,1,0,0,0
0.0030163,0,0,1,1,1,0,0,1,0,0,1,0,1,0,0,0
0.00301631,0,0,0,0,0,0,0,1,0,0,1,0,1,0,0,0
0.00301722,1,0,0,0,1,1,1,1,0,0,1,0,1,0,0,0
0.00301723,1,1,1,1,1,1,1,1,0,0,1,0,1,0,0,0
0.00301728,0,0,0,0,0,1,1,1,0,0,1,0,1,0,0,0
0.00301729,0,0,0,0,0,0,1,0,0,0,1,0,1,0,0,0
0.00301733,0,0,0,1,0,0,1,0,0,0,1,0,1,0,0,0
0.00301734,1,1,1,1,0,1,1,1,0,0,1,0,1,0,0,0
0.00301735,0,0,0,0,0,0,1,0,0,0,1,0,1,0,0,0
0.00301819,1,0,0,1,0,0,1,0,0,0,1,0,1,0,0,0
0.0030182,1,1,0,1,1,0,1,0,0,0,1,0,1,0,0,0
0.00301821,1,1,1,1,1,1,1,1,0,0,1,0,1,0,0,0
0.00301826,1,1,1,0,1,0,0,1,0,0,1,0,1,0,0,0
0.00301827,1,1,0,0,1,0,0,0,0,0,1,0,1,0,0,0
0.00301831,1,1,1,1,1,1,0,1,0,0,1,0,1,0,0,0
0.00301833,1,1,0,0,1,0,0,0,0,0,1,0,1,0,0,0
0.00301863,1,1,0,0,1,0,0,0,0,0,0,0,1,0,0,0
0.00301864,1,1,0,0,1,0,0,0,1,1,0,0,1,0,0,0
0.00301871,1,1,0,0,1,0,0,0,0,1,0,0,1,0,0,0
0.00301872,1,1,0,0,1,0,0,0,1,1,0,0,1,0,0,0
0.00301917,1,1,1,0,1,0,0,0,1,1,0,0,1,0,0,0
0.00301919,1,1,1,1,1,1,1,1,1,1,0,0,1,0,0,0
0.00301923,1,0,0,0,1,1,0,1,1,1,0,0,1,0,0,0
0.00301927,1,0,1,1,1,1,0,1,1,1,0,0,1,0,0,0
0.00301929,1,0,0,0,1,1,0,1,1,1,0,0,1,0,0,0
0.00302017,1,1,1,1,1,1,1,1,1,1,0,0,1,0,0,0
0.00302021,1,1,1,1,1,0,1,1,1,1,0,0,1,0,0,0
0.00302022,0,1,0,0,1,0,0,0,1,1,0,0,1,0,0,0
0.00302025,0,1,1,0,1,0,0,0,1,1,0,0,1,0,0,0
0.00302026,1,1,1,1,1,1,1,1,1,1,0,0,1,0,0,0
0.00302029,1,1,1,1,1,0,0,0,1,1,0,0,1,0,0,0
0.0030203,0,1,1,0,1,0,0,0,1,1,0,0,1,0,0,0
0.00302031,0,1,0,0,1,0,0,0,1,1,0,0,1,0,0,0
0.00302033,0,1,1,0,1,0,0,0,1,1,0,0,1,0,0,0
0.00302034,0,1,1,1,1,0,0,0,1,1,0,0,1,0,0,0
0.00302038,0,1,1,0,1,0,0,0,1,1,0,0,1,0,0,0
0.00302039,0,1,0,0,1,0,0,0,1,1,0,0,1,0,0,0
0.0030204,0,1,1,0,1,0,0,0,1,1,0,0,1,0,0,0
0.00302041,0,1,1,1,1,0,0,0,1,1,0,0,1,0,0,0
0.00302045,0,1,1,0,1,0,0,0,1,1,0,0,1,0,0,0
0.00302048,0,1,0,0,1,0,0,0,1,1,0,0,1,0,0,0
0.00302049,0,1,1,0,1,0,0,0,1,1,0,0,1,0,0,0
0.00302058,0,1,1,1,1,0,0,0,1,1,0,0,1,0,0,0
0.00302059,0,1,1,1,1,0,0,0,0,1,0,0,1,0,0,0
0.0030206,0,1,1,0,1,0,0,0,0,1,0,0,1,0,0,0
0.00302061,0,1,0,0,1,0,0,0,0,1,0,0,1,0,0,0
0.00302064,0,1,1,0,1,0,0,0,0,1,0,0,1,0,0,0
0.00302066,0,1,1,0,1,0,0,0,0,0,0,0,0,0,0,0
0.00302067,0,1,0,0,1,0,0,0,0,1,0,0,1,0,0,0
0.00302072,0,1,1,0,1,0,0,0,0,1,0,0,1,0,0,0
0.00302074,0,1,0,0,1,0,0,0,0,1,0,0,1,0,0,0
0.00302114,1,1,1,1,1,1,1,1,0,1,0,0,1,0,0,0
0.00302119,1,1,0,0,1,1,0,0,0,1,0,0,1,0,0,0
0.00302122,1,1,1,1,1,1,0,0,0,1,0,0,1,0,0,0
0.00302123,1,1,1,1,1,1,1,1,0,1,0,0,1,0,0,0
0.00302125,1,1,0,0,1,1,0,0,0,1,0,0,1,0,0,0
0.0030213,1,1,1,1,1,1,0,0,0,1,0,0,1,0,0,0
0.00302132,1,1,0,0,1,1,0,0,0,1,0,0,1,0,0,0
0.00302209,1,1,1,1,1,1,0,0,0,1,0,0,1,0,0,0
0.0030221,1,1,1,1,1,1,0,1,0,1,0,0,1,0,0,0
0.00302211,1,1,1,1,1,1,1,1,0,1,0,0,1,0,0,0
0.00302213,1,1,1,1,1,1,0,1,0,1,0,0,1,0,0,0
0.00302215,1,1,1,1,1,1,1,1,0,1,0,0,1,0,0,0
0.00302217,1,0,0,0,1,0,0,0,0,1,0,0,1,0,0,0
0.00302221,1,0,1,1,1,1,1,1,0,1,0,0,1,0,0,0
0.00302222,1,1,1,1,1,1,1,1,0,1,0,0,1,0,0,0
0.00302224,1,0,1,1,1,0,0,1,0,1,0,0,1,0,0,0
0.00302225,1,0,0,0,1,0,0,0,0,1,0,0,1,0,0,0
0.00302229,1,0,1,0,1,0,0,0,0,1,0,0,1,0,0,0
0.0030223,1,0,1,1,1,0,0,0,0,1,0,0,1,0,0,0
0.00302231,1,0,1,0,1,0,0,0,0,1,0,0,1,0,0,0
0.00302232,1,0,0,0,1,0,0,0,0,1,0,0,1,0,0,0
0.00302254,1,0,0,0,1,0,0,0,0,0,0,0,1,0,0,0
0.00302255,1,0,0,0,1,0,0,0,1,0,0,0,1,0,0,0
0.00302261,1,0,0,0,1,0,0,0,0,0,0,0,0,0,0,0
0.00302262,1,0,0,0,1,0,0,0,1,0,0,0,1,0,0,0
0.00302307,1,0,1,1,1,0,0,0,1,0,0,0,1,0,0,0
0.00302308,1,1,1,1,1,1,0,1,1,0,0,0,1,0,0,0
0.00302312,1,1,1,1,1,1,1,1,1,0,0,0,1,0,0,0
0.00302314,0,0,1,1,1,0,0,1,1,0,0,0,1,0,0,0
0.00302318,0,1,1,1,1,1,1,1,1,0,0,0,1,0,0,0
0.0030232,0,0,1,1,1,0,0,1,1,0,0,0,1,0,0,0
0.00302404,1,1,1,1,1,0,0,1,1,0,0,0,1,0,0,0
0.00302405,1,1,1,1,1,0,1,1,1,0,0,0,1,0,0,0
0.00302406,1,1,1,1,1,1,1,1,1,0,0,0,1,0,0,0
0.00302412,1,1,1,1,0,1,1,1,1,0,0,0,1,0,0,0
0.00302413,1,0,0,1,0,1,0,0,1,0,0,0,1,0,0,0
0.00302417,1,1,1,1,0,1,1,1,1,0,0,0,1,0,0,0
0.00302419,1,0,1,1,0,1,0,0,1,0,0,0,1,0,0,0
0.0030242,1,0,0,1,0,1,0,0,1,0,0,0,1,0,0,0
0.00302425,1,0,1,1,0,1,0,0,1,0,0,0,1,0,0,0
0.00302426,1,0,0,1,0,1,0,0,1,0,0,0,1,0,0,0
0.00302449,1,0,0,1,0,1,0,0,1,0,0,0,0,0,0,0
0.0030245,1,0,0,1,0,1,0,0,1,0,0,1,0,1,0,0
0.00302503,1,0,1,1,0,1,0,0,1,0,0,1,0,1,0,0
0.00302504,1,1,1,1,0,1,1,1,1,0,0,1,0,1,0,0
0.00302505,1,1,1,1,1,1,1,1,1,0,0,1,0,1,0,0
0.00302507,1,0,0,1,0,1,1,1,1,0,0,1,0,1,0,0
0.00302509,0,1,1,0,1,1,1,1,1,0,0,1,0,1,0,0
0.0030251,0,0,0,0,0,0,0,1,1,0,0,1,0,1,0,0
0.00302514,0,0,1,0,0,0,0,1,1,0,0,1,0,1,0,0
0.00302515,0,1,1,0,0,0,1,1,1,0,0,1,0,1,0,0
0.00302516,0,0,1,0,0,0,0,1,1,0,0,1,0,1,0,0
0.00302517,0,0,0,0,0,0,0,1,1,0,0,1,0,1,0,0
0.00302601,0,0,0,0,0,0,1,1,1,0,0,1,0,1,0,0
0.00302603,0,1,1,0,0,0,1,0,1,0,0,1,0,1,0,0
0.00302604,0,0,0,0,0,0,1,0,1,0,0,1,0,1,0,0
0.003027,1,0,0,1,0,1,1,0,1,0,0,1,0,1,0,0
0.00302701,1,0,1,1,0,1,0,0,1,0,0,1,0,1,0,0
0.00302703,1,1,1,1,0,1,0,0,1,0,0,1,0,1,0,0
0.00302705,1,1,1,1,0,1,0,1,1,0,0,1,0,1,0,0
0.00302706,0,1,1,1,1,1,1,1,1,0,0,1,0,1,0,0
0.00302707,0,1,1,1,0,1,0,0,1,0,0,1,0,1,0,0
0.00302795,0,1,1,1,1,1,0,1,1,0,0,1,0,1,0,0
0.00302796,0,1,1,1,0,1,0,0,1,0,0,1,0,1,0,0
0.00302801,0,1,1,1,0,1,1,1,1,0,0,1,0,1,0,0
0.00302802,1,1,1,1,1,1,1,1,1,0,0,1,0,1,0,0
0.00302807,1,1,1,0,0,1,1,0,1,0,0,1,0,1,0,0
0.00302808,1,0,0,0,0,1,1,0,1,0,0,1,0,1,0,0
0.00302809,1,0,0,0,0,0,1,0,1,0,0,1,0,1,0,0
0.0030284,1,0,0,0,0,0,1,0,1,0,0,0,0,0,0,0
0.00302841,1,0,0,0,0,0,1,0,1,0,0,0,0,0,0,1
0.00302847,1,0,0,0,0,0,1,0,0,0,0,0,0,0,0,0
0.00302848,1,0,0,0,0,0,1,0,1,0,0,0,0,0,0,1
0.00302892,1,0,1,0,0,0,1,0,1,0,0,0,0,0,0,1
0.00302893,1,1,1,1,0,1,1,0,1,0,0,0,0,0,0,1
0.00302895,0,1,1,1,1,1,1,1,1,0,0,0,0,0,0,1
0.00302896,0,1,1,1,0,1,0,0,1,0,0,0,0,0,0,1
0.00302997,1,1,1,1,1,1,1,1,1,0,0,0,0,0,0,1
0.00303002,0,1,0,0,1,0,1,1,1,0,0,0,0,0,0,1
0.00303007,0,1,1,1,1,1,1,1,1,0,0,0,0,0,0,1
0.00303008,0,1,1,0,1,0,1,1,1,0,0,0,0,0,0,1
0.00303009,0,1,0,0,1,0,1,1,1,0,0,0,0,0,0,1
0.00303035,0,1,0,0,1,0,1,1,0,0,0,0,1,0,1,0
0.00303036,0,1,0,0,1,0,1,1,0,1,0,0,1,0,1,1
0.00303088,0,1,1,1,1,0,1,1,0,1,0,0,1,0,1,1
0.00303089,1,1,1,1,1,0,1,1,0,1,0,0,1,0,1,1
0.00303091,1,1,1,1,1,1,1,1,0,1,0,0,1,0,1,1
0.00303095,0,1,1,1,0,1,0,0,0,1,0,0,1,0,1,1
0.00303099,1,1,1,1,0,1,0,0,0,1,0,0,1,0,1,1
0.00303101,0,1,1,1,0,1,0,0,0,1,0,0,1,0,1,1
0.00303188,1,1,1,1,0,1,1,1,0,1,0,0,1,0,1,1
0.00303189,1,1,1,1,1,1,1,1,0,1,0,0,1,0,1,1
0.00303284,0,0,0,0,0,0,0,0,0,1,0,0,1,0,1,1
0.00303288,1,0,1,0,0,0,0,0,0,1,0,0,1,0,1,1
0.0030329,0,0,0,0,0,0,0,0,0,1,0,0,1,0,1,1
0.0030338,1,1,1,0,0,0,0,0,0,1,0,0,1,0,1,1
0.00303381,0,0,1,0,0,0,0,0,0,1,0,0,1,0,1,1
0.00303382,0,0,0,0,0,0,0,0,0,1,0,0,1,0,1,1
0.00303384,0,1,1,1,0,0,0,0,0,1,0,0,1,0,1,1
0.00303385,0,1,1,1,0,1,0,0,0,1,0,0,1,0,1,1
0.00303386,1,1,1,1,0,1,0,0,0,1,0,0,1,0,1,1
0.00303387,1,1,1,1,1,1,1,1,0,1,0,0,1,0,1,1
0.00303393,0,1,0,0,1,1,0,0,0,1,0,0,1,0,1,1
0.00303397,1,1,1,1,1,1,1,1,0,1,0,0,1,0,1,1
0.00303399,0,1,1,0,1,1,0,0,0,1,0,0,1,0,1,1
0.003034,0,1,0,0,1,1,0,0,0,1,0,0,1,0,1,1
0.00303405,0,1,1,0,1,1,0,0,0,1,0,0,1,0,1,1
0.00303407,0,1,0,0,1,1,0,0,0,1,0,0,1,0,1,1
0.00303426,0,1,0,0,1,1,0,0,0,1,0,0,1,0,0,0
0.00303427,0,1,0,0,1,1,0,0,0,1,0,0,1,1,0,0
0.00303481,1,1,1,1,1,1,1,1,0,1,0,0,1,1,0,0
0.00303485,1,1,1,1,0,1,1,1,0,1,0,0,1,1,0,0
0.00303486,1,1,0,0,0,1,0,0,0,1,0,0,1,1,0,0
0.00303489,1,1,1,1,0,1,0,1,0,1,0,0,1,1,0,0
0.0030349,1,1,1,1,0,1,1,1,0,1,0,0,1,1,0,0
0.00303492,1,1,1,1,0,1,0,1,0,1,0,0,1,1,0,0
0.00303493,1,1,1,0,0,1,0,0,0,1,0,0,1,1,0,0
0.00303494,1,1,0,0,0,1,0,0,0,1,0,0,1,1,0,0
0.00303497,1,1,1,0,0,1,0,0,0,1,0,0,1,1,0,0
0.00303498,1,1,1,1,0,1,0,0,0,1,0,0,1,1,0,0
0.00303499,1,1,1,0,0,1,0,0,0,1,0,0,1,1,0,0
0.00303501,1,1,0,0,0,1,0,0,0,1,0,0,1,1,0,0
0.00303504,1,1,1,0,0,1,0,0,0,1,0,0,1,1,0,0
0.00303508,1,1,0,0,0,1,0,0,0,1,0,0,1,1,0,0
0.00303514,1,1,1,0,0,1,0,0,0,1,0,0,1,1,0,0
0.00303516,1,1,0,0,0,1,0,0,0,1,0,0,1,1,0,0
0.00303523,1,1,1,0,0,1,0,0,0,1,0,0,1,1,0,0
0.00303524,1,1,0,0,0,1,0,0,0,1,0,0,1,1,0,0
0.00303576,1,1,1,0,0,1,0,0,0,1,0,0,1,1,0,0
0.00303577,1,1,1,1,0,1,1,0,0,1,0,0,1,1,0,0
0.00303578,1,1,1,1,1,1,1,1,0,1,0,0,1,1,0,0
0.00303583,1,1,1,1,1,0,1,1,0,1,0,0,1,1,0,0
0.00303584,1,1,0,1,0,0,0,0,0,1,0,0,1,1,0,0
0.00303588,1,1,1,1,0,0,1,1,0,1,0,0,1,1,0,0
0.00303589,1,1,1,1,1,1,1,1,0,1,0,0,1,1,0,0
0.0030359,1,1,1,1,0,0,0,1,0,1,0,0,1,1,0,0
0.00303591,1,1,0,1,0,0,0,0,0,1,0,0,1,1,0,0
0.00303596,1,1,1,1,0,0,0,0,0,1,0,0,1,1,0,0
0.00303598,1,1,0,1,0,0,0,0,0,1,0,0,1,1,0,0
0.00303675,1,1,1,1,0,0,0,1,0,1,0,0,1,1,0,0
0.00303676,1,1,1,1,1,1,1,1,0,1,0,0,1,1,0,0
0.00303774,1,1,1,1,0,0,0,0,0,1,0,0,1,1,0,0
0.00303775,1,1,0,1,1,0,0,0,0,1,0,0,1,1,0,0
0.00303776,0,0,0,1,1,0,0,1,0,1,0,0,1,1,0,0
0.00303778,1,1,1,1,1,0,0,1,0,1,0,0,1,1,0,0
0.00303779,1,1,1,1,1,1,1,1,0,1,0,0,1,1,0,0
0.00303782,0,1,1,1,1,1,1,1,0,1,0,0,1,1,0,0
0.00303784,1,1,1,1,1,1,1,1,0,1,0,0,1,1,0,0
0.00303785,1,1,1,0,0,1,1,0,0,1,0,0,1,1,0,0
0.00303786,0,1,1,0,0,1,1,0,0,1,0,0,1,1,0,0
0.00303789,1,1,1,0,0,1,1,0,0,1,0,0,1,1,0,0
0.0030379,1,1,1,0,0,1,1,1,0,1,0,0,1,1,0,0
0.00303791,1,1,1,0,0,1,1,0,0,1,0,0,1,1,0,0
0.00303792,0,1,1,0,0,1,1,0,0,1,0,0,1,1,0,0
0.00303816,0,1,1,0,0,1,1,0,0,1,0,0,0,1,0,0
0.00303817,0,1,1,0,0,1,1,0,0,1,1,0,0,1,0,1
0.00303824,0,1,1,0,0,1,1,0,0,1,1,0,0,1,0,0
0.00303825,0,1,1,0,0,1,1,0,0,1,1,0,0,1,0,1
0.00303871,1,1,1,1,1,1,1,0,0,1,1,0,0,1,0,1
0.00303872,1,1,1,1,1,1,1,1,0,1,1,0,0,1,0,1
0.00303877,0,0,0,0,0,0,0,1,0,1,1,0,0,1,0,1
0.00303882,1,1,1,1,0,1,0,1,0,1,1,0,0,1,0,1
0.00303883,1,1,1,1,0,1,1,1,0,1,1,0,0,1,0,1
0.00303885,1,0,1,0,0,0,0,1,0,1,1,0,0,1,0,1
0.00303886,0,0,0,0,0,0,0,1,0,1,1,0,0,1,0,1
0.0030389,1,0,0,0,0,0,0,1,0,1,1,0,0,1,0,1
0.00303892,0,0,0,0,0,0,0,1,0,1,1,0,0,1,0,1
0.00303967,1,1,1,1,0,0,0,1,0,1,1,0,0,1,0,1
0.00303968,1,1,1,1,1,1,1,1,0,1,1,0,0,1,0,1
0.00303974,0,0,0,0,0,0,1,0,0,1,1,0,0,1,0,1
0.00303978,1,1,1,1,0,1,1,0,0,1,1,0,0,1,0,1
0.00303979,1,1,1,1,1,1,1,0,0,1,1,0,0,1,0,1
0.00303981,1,1,1,1,0,1,1,0,0,1,1,0,0,1,0,1
0.00303982,0,0,1,0,0,0,1,0,0,1,1,0,0,1,0,1
0.00303983,0,0,0,0,0,0,1,0,0,1,1,0,0,1,0,1
0.00303986,1,1,1,0,0,0,1,0,0,1,1,0,0,1,0,1
0.00303987,1,1,1,1,0,1,1,0,0,1,1,0,0,1,0,1
0.00303989,0,0,1,0,0,0,1,0,0,1,1,0,0,1,0,1
0.00303991,0,0,0,0,0,0,1,0,0,1,1,0,0,1,0,1
0.00303994,0,0,1,0,0,0,1,0,0,1,1,0,0,1,0,1
0.00303998,0,0,0,0,0,0,1,0,0,1,1,0,0,1,0,1
0.00304003,0,0,1,0,0,0,1,0,0,1,1,0,0,1,0,1
0.00304004,0,0,0,0,0,0,1,0,0,1,1,0,0,1,0,1
0.00304012,0,0,1,0,0,0,1,0,0,1,1,0,0,1,0,1
0.00304014,0,0,0,0,0,0,1,0,0,1,1,0,0,1,0,1
0.00304064,1,1,1,1,0,0,1,0,0,1,1,0,0,1,0,1
0.00304066,1,1,1,1,1,1,1,0,0,1,1,0,0,1,0,1
0.00304067,1,1,1,1,1,1,1,1,0,1,1,0,0,1,0,1
0.00304072,0,1,1,1,0,1,0,0,0,1,1,0,0,1,0,1
0.00304076,1,1,1,1,0,1,0,0,0,1,1,0,0,1,0,1
0.00304077,1,1,1,1,1,1,1,1,0,1,1,0,0,1,0,1
0.00304078,1,1,1,1,0,1,0,0,0,1,1,0,0,1,0,1
0.00304079,0,1,1,1,0,1,0,0,0,1,1,0,0,1,0,1
0.00304163,1,1,1,1,0,1,0,1,0,1,1,0,0,1,0,1
0.00304164,1,1,1,1,1,1,1,1,0,1,1,0,0,1,0,1
0.00304265,0,1,1,1,0,1,0,0,0,1,1,0,0,1,0,1
0.0030427,1,1,1,1,1,1,1,1,0,1,1,0,0,1,0,1
0.00304271,0,1,1,1,0,1,0,1,0,1,1,0,0,1,0,1
0.00304272,0,1,1,1,0,1,0,0,0,1,1,0,0,1,0,1
0.00304368,1,1,1,1,0,1,0,0,0,1,1,0,0,1,0,1
0.00304369,1,0,1,0,1,1,1,1,0,1,1,0,0,1,0,1
0.0030437,0,0,1,0,1,0,0,0,0,1,1,0,0,1,0,1
0.00304374,1,0,1,0,1,0,0,0,0,1,1,0,0,1,0,1
0.00304375,1,0,1,0,1,0,0,1,0,1,1,0,0,1,0,1
0.00304376,0,0,1,0,1,0,0,0,0,1,1,0,0,1,0,1
0.00304402,0,0,1,0,1,0,0,0,0,0,1,0,0,0,0,0
0.00304403,0,0,1,0,1,0,0,0,0,0,1,0,1,0,0,0
0.00304457,1,0,1,0,1,0,1,1,0,0,1,0,1,0,0,0
0.00304458,1,1,1,1,1,1,1,1,0,0,1,0,1,0,0,0
0.00304463,0,0,0,0,0,0,0,1,0,0,1,0,1,0,0,0
0.00304467,1,0,0,1,0,1,1,1,0,0,1,0,1,0,0,0
0.00304468,1,1,1,1,0,1,1,1,0,0,1,0,1,0,0,0
0.0030447,1,0,0,1,0,1,0,1,0,0,1,0,1,0,0,0
0.00304471,0,0,0,0,0,0,0,1,0,0,1,0,1,0,0,0
0.00304476,0,0,0,0,0,1,0,1,0,0,1,0,1,0,0,0
0.00304478,0,0,0,0,0,0,0,1,0,0,1,0,1,0,0,0
0.00304553,1,1,1,1,1,1,1,1,0,0,1,0,1,0,0,0
0.0030456,0,0,0,0,0,0,1,0,0,0,1,0,1,0,0,0
0.00304564,1,1,1,1,0,1,1,1,0,0,1,0,1,0,0,0
0.00304565,1,1,1,1,1,1,1,1,0,0,1,0,1,0,0,0
0.00304566,1,1,1,1,0,1,1,1,0,0,1,0,1,0,0,0
0.00304567,0,0,1,1,0,1,1,0,0,0,1,0,1,0,0,0
0.00304568,0,0,0,0,0,0,1,0,0,0,1,0,1,0,0,0
0.00304572,0,0,1,0,0,1,1,0,0,0,1,0,1,0,0,0
0.00304573,0,0,1,1,0,1,1,0,0,0,1,0,1,0,0,0
0.00304574,0,0,1,0,0,1,1,0,0,0,1,0,1,0,0,0
0.00304575,0,0,0,0,0,0,1,0,0,0,1,0,1,0,0,0
0.0030465,1,1,1,1,0,0,1,0,0,0,1,0,1,0,0,0
0.00304651,1,1,1,1,1,1,1,1,0,0,1,0,1,0,0,0
0.00304657,1,1,1,1,1,1,0,1,0,0,1,0,1,0,0,0
0.00304658,1,1,0,0,1,0,0,0,0,0,1,0,1,0,0,0
0.00304662,1,1,1,1,1,1,0,1,0,0,1,0,1,0,0,0
0.00304665,1,1,0,0,1,0,0,0,0,0,1,0,1,0,0,0
0.00304695,1,1,0,0,1,0,0,0,0,0,0,0,1,0,0,0
0.00304696,1,1,0,0,1,0,0,0,1,1,0,0,1,0,0,0
0.00304702,1,1,0,0,1,0,0,0,0,0,0,0,0,0,0,0
0.00304703,1,1,0,0,1,0,0,0,1,1,0,0,1,0,0,0
0.00304749,1,1,1,0,1,0,0,0,1,1,0,0,1,0,0,0
0.0030475,1,1,1,1,1,1,0,1,1,1,0,0,1,0,0,0
0.00304751,1,1,1,1,1,1,1,1,1,1,0,0,1,0,0,0
0.00304754,1,0,0,0,1,1,0,1,1,1,0,0,1,0,0,0
0.00304758,1,0,1,1,1,1,0,1,1,1,0,0,1,0,0,0
0.00304759,1,1,1,1,1,1,0,1,1,1,0,0,1,0,0,0
0.0030476,1,0,1,0,1,1,0,1,1,1,0,0,1,0,0,0
0.00304761,1,0,0,0,1,1,0,1,1,1,0,0,1,0,0,0
0.00304845,1,1,1,1,1,1,0,1,1,1,0,0,1,0,0,0
0.00304846,1,1,1,1,1,1,1,1,1,1,0,0,1,0,0,0
0.00304853,0,1,1,1,1,0,1,0,1,1,0,0,1,0,0,0
0.00304854,0,1,0,0,1,0,0,0,1,1,0,0,1,0,0,0
0.00304857,0,1,1,0,1,0,0,0,1,1,0,0,1,0,0,0
0.00304858,1,1,1,1,1,1,0,0,1,1,0,0,1,0,0,0
0.00304859,1,1,1,1,1,1,1,1,1,1,0,0,1,0,0,0
0.0030486,1,1,1,1,1,0,0,0,1,1,0,0,1,0,0,0
0.00304861,0,1,1,1,1,0,0,0,1,1,0,0,1,0,0,0
0.00304862,0,1,0,0,1,0,0,0,1,1,0,0,1,0,0,0
0.00304865,0,1,1,0,1,0,0,0,1,1,0,0,1,0,0,0
0.00304866,0,1,1,1,1,0,0,0,1,1,0,0,1,0,0,0
0.00304869,0,1,0,0,1,0,0,0,1,1,0,0,1,0,0,0
0.00304874,0,1,1,0,1,0,0,0,1,1,0,0,1,0,0,0
0.00304876,0,1,0,0,1,0,0,0,1,1,0,0,1,0,0,0
0.0030489,0,1,1,0,1,0,0,0,0,1,0,0,1,0,0,0
0.00304891,0,1,0,0,1,0,0,0,0,1,0,0,1,0,0,0
0.00304945,1,1,1,1,1,0,0,0,0,1,0,0,1,0,0,0
0.00304946,1,1,1,1,1,1,1,1,0,1,0,0,1,0,0,0
0.0030495,1,1,0,0,1,1,0,0,0,1,0,0,1,0,0,0
0.00304954,1,1,1,1,1,1,1,1,0,1,0,0,1,0,0,0
0.00304956,1,1,1,1,1,1,0,1,0,1,0,0,1,0,0,0
0.00304957,1,1,0,0,1,1,0,0,0,1,0,0,1,0,0,0
0.00304961,1,1,1,0,1,1,0,0,0,1,0,0,1,0,0,0
0.00304962,1,1,1,1,1,1,0,0,0,1,0,0,1,0,0,0
0.00304963,1,1,1,0,1,1,0,0,0,1,0,0,1,0,0,0
0.00304964,1,1,0,0,1,1,0,0,0,1,0,0,1,0,0,0
0.0030504,1,1,1,1,1,1,0,0,0,1,0,0,1,0,0,0
0.00305041,1,1,1,1,1,1,0,1,0,1,0,0,1,0,0,0
0.00305043,1,1,1,1,1,1,1,1,0,1,0,0,1,0,0,0
0.00305048,1,1,1,1,1,0,1,1,0,1,0,0,1,0,0,0
0.00305049,1,0,0,0,1,0,0,0,0,1,0,0,1,0,0,0
0.00305052,1,0,1,1,1,0,0,0,0,1,0,0,1,0,0,0
0.00305053,1,1,1,1,1,1,1,1,0,1,0,0,1,0,0,0
0.00305056,1,0,1,1,1,0,0,1,0,1,0,0,1,0,0,0
0.00305057,1,0,0,0,1,0,0,0,0,1,0,0,1,0,0,0
0.0030506,1,0,1,1,1,0,0,0,0,1,0,0,1,0,0,0
0.00305061,1,0,1,1,1,0,0,1,0,1,0,0,1,0,0,0
0.00305063,1,0,1,1,1,0,0,0,0,1,0,0,1,0,0,0
0.00305064,1,0,1,0,1,0,0,0,0,1,0,0,1,0,0,0
0.00305066,1,0,0,0,1,0,0,0,0,1,0,0,1,0,0,0
0.00305067,1,0,1,0,1,0,0,0,0,1,0,0,1,0,0,0
0.00305069,1,0,1,1,1,0,0,0,0,1,0,0,1,0,0,0
0.00305071,1,0,1,0,1,0,0,0,0,1,0,0,1,0,0,0
0.00305081,1,0,0,0,1,0,0,0,0,1,0,0,1,0,0,0
0.00305082,1,0,1,0,1,0,0,0,0,1,0,0,1,0,0,0
0.00305085,1,0,1,0,1,0,0,0,0,0,0,0,1,0,0,0
0.00305086,1,0,1,0,1,0,0,0,1,0,0,0,1,0,0,0
0.00305087,1,0,0,0,1,0,0,0,1,0,0,0,1,0,0,0
0.00305091,1,0,1,0,1,0,0,0,1,0,0,0,1,0,0,0
0.00305093,1,0,1,0,1,0,0,0,0,0,0,0,0,0,0,0
0.00305094,1,0,0,0,1,0,0,0,1,0,0,0,1,0,0,0
0.00305098,1,0,1,0,1,0,0,0,1,0,0,0,1,0,0,0
0.00305101,1,0,0,0,1,0,0,0,1,0,0,0,1,0,0,0
0.00305138,1,0,1,1,1,0,0,0,1,0,0,0,1,0,0,0
0.0030514,1,1,1,1,1,1,1,1,1,0,0,0,1,0,0,0
0.00305145,0,1,1,1,1,0,0,1,1,0,0,0,1,0,0,0
0.00305146,0,0,1,1,1,0,0,1,1,0,0,0,1,0,0,0
0.00305149,0,1,1,1,1,1,0,1,1,0,0,0,1,0,0,0
0.0030515,1,1,1,1,1,1,1,1,1,0,0,0,1,0,0,0
0.00305151,0,1,1,1,1,1,0,1,1,0,0,0,1,0,0,0
0.00305152,0,0,1,1,1,0,0,1,1,0,0,0,1,0,0,0
0.00305239,1,1,1,1,1,1,1,1,1,0,0,0,1,0,0,0
0.00305243,1,1,1,1,0,1,1,1,1,0,0,0,1,0,0,0
0.00305244,0,1,0,1,0,1,0,0,1,0,0,0,1,0,0,0
0.00305248,1,1,1,1,0,1,1,1,1,0,0,0,1,0,0,0
0.0030525,1,1,1,1,0,1,0,0,1,0,0,0,1,0,0,0
0.00305251,0,1,0,1,0,1,0,0,1,0,0,0,1,0,0,0
0.00305256,1,1,1,1,0,1,0,0,1,0,0,0,1,0,0,0
0.00305258,0,1,0,1,0,1,0,0,1,0,0,0,1,0,0,0
0.0030528,0,1,0,1,0,1,0,0,1,0,0,0,0,0,0,0
0.00305281,0,1,0,1,0,1,0,0,0,1,0,0,0,0,0,0
0.00305282,0,1,0,1,0,1,0,0,0,1,0,1,0,1,0,0
0.00305286,0,1,1,1,0,1,0,0,0,1,0,1,0,1,0,0
0.00305288,0,1,0,1,0,1,0,0,0,1,0,1,0,1,0,0
0.00305334,0,1,1,1,0,1,0,0,0,1,0,1,0,1,0,0
0.00305335,1,1,1,1,0,1,0,1,0,1,0,1,0,1,0,0
0.00305336,1,1,1,1,0,1,1,1,0,1,0,1,0,1,0,0
0.00305337,1,1,1,1,1,1,1,1,0,1,0,1,0,1,0,0
0.00305338,1,1,1,1,0,1,1,1,0,1,0,1,0,1,0,0
0.00305339,0,1,0,1,0,1,1,1,0,1,0,1,0,1,0,0
0.0030534,1,1,1,0,1,1,1,1,0,1,0,1,0,1,0,0
0.00305341,0,0,0,0,0,0,0,1,0,1,0,1,0,1,0,0
0.00305345,0,0,1,0,0,0,0,1,0,1,0,1,0,1,0,0
0.00305346,1,0,1,0,0,0,1,1,0,1,0,1,0,1,0,0
0.00305348,0,0,1,0,0,0,0,1,0,1,0,1,0,1,0,0
0.00305349,0,0,0,0,0,0,0,1,0,1,0,1,0,1,0,0
0.00305354,0,0,1,0,0,0,0,1,0,1,0,1,0,1,0,0
0.00305355,0,0,0,0,0,0,0,1,0,1,0,1,0,1,0,0
0.00305433,0,0,0,0,0,0,1,1,0,1,0,1,0,1,0,0
0.00305434,1,0,1,0,0,0,1,0,0,1,0,1,0,1,0,0
0.00305435,0,0,1,0,0,0,1,0,0,1,0,1,0,1,0,0
0.00305436,0,0,0,0,0,0,1,0,0,1,0,1,0,1,0,0
0.00305533,1,1,0,0,1,1,1,0,0,1,0,1,0,1,0,0
0.00305534,1,1,0,0,1,1,0,0,0,1,0,1,0,1,0,0
0.00305535,1,1,1,1,1,1,0,0,0,1,0,1,0,1,0,0
0.00305536,1,1,1,0,1,1,0,0,0,1,0,1,0,1,0,0
0.00305537,1,1,0,0,1,1,0,0,0,1,0,1,0,1,0,0
0.00305626,1,1,0,0,1,1,0,1,0,1,0,1,0,1,0,0
0.00305628,1,1,1,0,1,1,0,1,0,1,0,1,0,1,0,0
0.00305629,1,1,1,0,1,1,0,0,0,1,0,1,0,1,0,0
0.0030563,1,1,0,0,1,1,0,0,0,1,0,1,0,1,0,0
0.00305633,1,1,1,1,1,1,1,1,0,1,0,1,0,1,0,0
0.00305638,1,1,0,1,1,1,0,0,0,1,0,1,0,1,0,0
0.00305639,1,1,0,0,1,1,0,0,0,1,0,1,0,1,0,0
0.0030564,1,0,0,0,0,1,0,0,0,1,0,1,0,1,0,0
0.00305671,1,0,0,0,0,1,0,0,0,0,0,0,0,1,0,0
0.00305672,1,0,0,0,0,1,0,0,1,0,0,0,0,1,0,0
0.00305679,1,0,0,0,0,1,0,0,0,0,0,0,0,1,0,0
0.0030568,1,0,0,0,0,1,0,0,1,0,0,0,0,1,0,0
0.00305727,1,1,1,1,1,1,1,1,1,0,0,0,0,1,0,0
0.00305732,0,0,0,0,0,0,0,1,1,0,0,0,0,1,0,0
0.00305737,1,0,1,1,0,0,0,1,1,0,0,0,0,1,0,0
0.00305738,1,1,1,1,0,1,0,1,1,0,0,0,0,1,0,0
0.00305739,1,1,1,1,0,0,0,1,1,0,0,0,0,1,0,0
0.0030574,0,0,1,0,0,0,0,1,1,0,0,0,0,1,0,0
0.00305741,0,0,0,0,0,0,0,1,1,0,0,0,0,1,0,0
0.00305746,0,0,1,0,0,0,0,1,1,0,0,0,0,1,0,0
0.00305747,0,0,0,0,0,0,0,1,1,0,0,0,0,1,0,0
0.00305822,0,0,0,0,0,0,1,1,1,0,0,0,0,1,0,0
0.00305823,1,1,1,1,0,0,1,1,1,0,0,0,0,1,0,0
0.00305825,1,1,1,1,1,1,1,1,1,0,0,0,0,1,0,0
0.00305827,0,0,0,0,0,0,1,1,1,0,0,0,0,1,0,0
0.00305828,0,0,0,0,0,0,1,0,1,0,0,0,0,1,0,0
0.00305832,1,0,1,0,0,0,1,0,1,0,0,0,0,1,0,0
0.00305833,1,1,1,1,0,1,1,0,1,0,0,0,0,1,0,0
0.00305834,1,0,1,1,0,1,1,0,1,0,0,0,0,1,0,0
0.00305835,0,0,0,0,0,0,1,0,1,0,0,0,0,1,0,0
0.00305922,1,1,1,1,1,1,1,0,1,0,0,0,0,1,0,0
0.00305923,1,1,1,1,1,1,1,1,1,0,0,0,0,1,0,0
0.00305927,1,1,0,0,1,1,0,0,1,0,0,0,0,1,0,0
0.00305931,1,1,1,1,1,1,1,1,1,0,0,0,0,1,0,0
0.00305933,1,1,1,0,1,1,0,0,1,0,0,0,0,1,0,0
0.00305934,1,1,0,0,1,1,0,0,1,0,0,0,0,1,0,0
0.00305939,1,1,1,0,1,1,0,0,1,0,0,0,0,1,0,0
0.0030594,1,1,0,0,1,1,0,0,1,0,0,0,0,1,0,0
0.00306023,1,1,1,1,1,1,1,1,1,0,0,0,0,1,0,0
0.00306032,0,1,0,0,1,0,1,1,1,0,0,0,0,1,0,0
0.00306036,1,1,1,1,1,1,1,1,1,0,0,0,0,1,0,0
0.00306038,0,1,1,1,1,0,1,1,1,0,0,0,0,1,0,0
0.00306039,0,1,0,0,1,0,1,1,1,0,0,0,0,1,0,0
0.00306062,0,1,0,0,1,0,1,1,0,1,0,0,0,0,0,0
0.00306063,0,1,0,0,1,0,1,1,0,1,0,0,1,0,1,1
0.00306115,1,1,1,1,1,0,1,1,0,1,0,0,1,0,1,1
0.00306116,1,1,1,1,1,1,1,1,0,1,0,0,1,0,1,1
0.00306117,1,1,1,1,1,0,1,1,0,1,0,0,1,0,1,1
0.00306118,1,1,1,1,1,1,1,1,0,1,0,0,1,0,1,1
0.00306121,1,1,1,1,1,1,0,1,0,1,0,0,1,0,1,1
0.00306122,1,1,0,0,1,1,0,0,0,1,0,0,1,0,1,1
0.00306126,1,1,1,1,1,1,1,1,0,1,0,0,1,0,1,1
0.00306128,1,1,1,0,1,1,0,0,0,1,0,0,1,0,1,1
0.00306129,1,1,0,0,1,1,0,0,0,1,0,0,1,0,1,1
0.00306133,1,1,1,1,1,1,0,0,0,1,0,0,1,0,1,1
0.00306135,1,1,0,0,1,1,0,0,0,1,0,0,1,0,1,1
0.00306212,1,1,1,0,1,1,0,0,0,1,0,0,1,0,1,1
0.00306213,1,1,1,1,1,1,0,0,0,1,0,0,1,0,1,1
0.00306214,1,1,1,1,1,1,1,1,0,1,0,0,1,0,1,1
0.0030631,1,1,1,1,0,1,1,1,0,1,0,0,1,0,1,1
0.00306311,0,0,0,0,0,0,0,0,0,1,0,0,1,0,1,1
0.00306316,0,0,1,0,0,0,0,1,0,1,0,0,1,0,1,1
0.00306317,0,0,0,0,0,0,0,0,0,1,0,0,1,0,1,1
0.00306407,1,0,1,0,0,0,0,0,0,1,0,0,1,0,1,1
0.00306408,0,0,0,0,0,0,0,0,0,1,0,0,1,0,1,1
0.00306411,1,1,0,0,1,1,0,0,0,1,0,0,1,0,1,1
0.00306413,1,1,1,1,1,1,1,1,0,1,0,0,1,0,1,1
0.00306419,0,1,0,0,1,1,0,0,0,1,0,0,1,0,1,1
0.00306423,0,1,1,0,1,1,0,1,0,1,0,0,1,0,1,1
0.00306424,1,1,1,1,1,1,1,1,0,1,0,0,1,0,1,1
0.00306426,0,1,0,0,1,1,0,0,0,1,0,0,1,0,1,1
0.00306452,0,1,0,0,1,1,0,0,0,1,0,0,1,0,0,0
0.00306454,0,1,0,0,1,1,0,0,0,1,0,0,1,1,0,0
0.00306505,0,1,1,0,1,1,0,0,0,1,0,0,1,1,0,0
0.00306507,1,1,1,1,1,1,0,0,0,1,0,0,1,1,0,0
0.00306508,1,1,1,1,1,1,1,1,0,1,0,0,1,1,0,0
0.00306511,1,1,1,1,0,1,1,1,0,1,0,0,1,1,0,0
0.00306512,0,1,1,0,0,1,0,0,0,1,0,0,1,1,0,0
0.00306516,1,1,1,1,0,1,1,1,0,1,0,0,1,1,0,0
0.00306518,0,1,1,0,0,1,0,0,0,1,0,0,1,1,0,0
0.00306603,1,1,1,1,0,1,0,0,0,1,0,0,1,1,0,0
0.00306605,1,1,1,1,1,1,1,1,0,1,0,0,1,1,0,0
0.0030661,1,1,0,1,0,0,0,0,0,1,0,0,1,1,0,0
0.00306614,1,1,1,1,0,0,0,1,0,1,0,0,1,1,0,0
0.00306615,1,1,1,1,0,1,1,1,0,1,0,0,1,1,0,0
0.00306616,1,1,1,1,0,0,0,1,0,1,0,0,1,1,0,0
0.00306617,1,1,0,1,0,0,0,0,0,1,0,0,1,1,0,0
0.00306702,1,1,1,1,0,1,0,1,0,1,0,0,1,1,0,0
0.00306703,1,1,1,1,1,1,1,1,0,1,0,0,1,1,0,0
0.00306803,0,0,1,1,1,0,0,1,0,1,0,0,1,1,0,0
0.00306804,0,0,0,1,1,0,0,1,0,1,0,0,1,1,0,0
0.00306806,1,1,1,1,1,1,1,1,0,1,0,0,1,1,0,0
0.00306809,0,1,1,1,1,1,1,1,0,1,0,0,1,1,0,0
0.00306811,1,1,1,1,1,1,1,1,0,1,0,0,1,1,0,0
0.00306812,0,1,1,0,0,1,1,0,0,1,0,0,1,1,0,0
0.00306843,0,1,1,0,0,1,1,0,0,1,0,0,0,1,0,0
0.00306844,0,1,1,0,0,1,1,0,0,1,1,0,0,1,0,1
0.00306896,1,1,1,1,0,1,1,0,0,1,1,0,0,1,0,1
0.00306898,1,1,1,1,1,1,1,1,0,1,1,0,0,1,0,1
0.00306903,1,0,0,1,1,0,0,1,0,1,1,0,0,1,0,1
0.00306904,0,0,0,0,0,0,0,1,0,1,1,0,0,1,0,1
0.00306907,0,0,1,0,0,0,0,1,0,1,1,0,0,1,0,1
0.00306908,1,1,1,1,0,1,1,1,0,1,1,0,0,1,0,1
0.00306911,1,1,1,1,0,1,0,1,0,1,1,0,0,1,0,1
0.00306912,0,0,1,0,0,0,0,1,0,1,1,0,0,1,0,1
0.00306913,0,0,0,0,0,0,0,1,0,1,1,0,0,1,0,1
0.00306915,0,0,1,0,0,0,0,1,0,1,1,0,0,1,0,1
0.00306916,1,0,1,1,0,0,0,1,0,1,1,0,0,1,0,1
0.00306919,0,0,1,0,0,0,0,1,0,1,1,0,0,1,0,1
0.00306975,0,0,0,0,0,0,0,1,0,1,1,0,0,1,0,1
0.00306976,0,0,1,0,0,0,0,1,0,1,1,0,0,1,0,1
0.00306986,0,0,0,0,0,0,0,1,0,1,1,0,0,1,0,1
0.00306987,0,0,1,0,0,0,0,1,0,1,1,0,0,1,0,1
0.00306988,0,0,0,0,0,0,0,1,0,1,1,0,0,1,0,1
0.00306991,0,0,1,0,0,0,0,1,0,1,1,0,0,1,0,1
0.00306992,0,0,0,0,0,0,0,1,0,1,1,0,0,1,0,1
0.00306993,0,0,1,0,0,0,0,1,0,1,1,0,0,1,0,1
0.00306994,1,1,1,1,0,0,1,1,0,1,1,0,0,1,0,1
0.00306995,1,1,1,1,1,1,1,1,0,1,1,0,0,1,0,1
0.00306999,0,0,0,0,0,1,1,0,0,1,1,0,0,1,0,1
0.00307,0,0,0,0,0,0,1,0,0,1,1,0,0,1,0,1
0.00307003,1,1,1,1,0,1,1,0,0,1,1,0,0,1,0,1
0.00307004,1,1,1,1,1,1,1,1,0,1,1,0,0,1,0,1
0.00307007,1,1,1,1,0,1,1,0,0,1,1,0,0,1,0,1
0.00307008,0,0,1,0,0,1,1,0,0,1,1,0,0,1,0,1
0.00307009,0,0,0,0,0,0,1,0,0,1,1,0,0,1,0,1
0.0030701,0,0,1,0,0,0,1,0,0,1,1,0,0,1,0,1
0.00307011,1,1,1,1,0,1,1,0,0,1,1,0,0,1,0,1
0.00307016,0,0,1,1,0,1,1,0,0,1,1,0,0,1,0,1
0.00307019,1,1,1,1,0,1,1,0,0,1,1,0,0,1,0,1
0.00307023,0,1,1,1,0,1,1,0,0,1,1,0,0,1,0,1
0.00307025,0,0,1,1,0,1,1,0,0,1,1,0,0,1,0,1
0.00307026,0,1,1,1,0,1,1,0,0,1,1,0,0,1,0,1
0.00307027,0,0,1,1,0,1,1,0,0,1,1,0,0,1,0,1
0.00307039,0,1,1,1,0,1,1,0,0,1,1,0,0,1,0,1
0.0030704,0,0,1,1,0,1,1,0,0,1,1,0,0,1,0,1
0.00307056,0,0,1,0,0,1,1,0,0,1,1,0,0,1,0,1
0.00307059,0,0,1,1,0,1,1,0,0,1,1,0,0,1,0,1
0.0030706,0,0,1,0,0,1,1,0,0,1,1,0,0,1,0,1
0.00307071,0,0,1,0,0,0,1,0,0,1,1,0,0,1,0,1
0.00307072,0,0,1,0,0,1,1,0,0,1,1,0,0,1,0,1
0.00307075,0,0,1,0,0,0,1,0,0,1,1,0,0,1,0,1
0.00307082,0,0,1,0,0,1,1,0,0,1,1,0,0,1,0,1
0.00307083,0,0,1,0,0,0,1,0,0,1,1,0,0,1,0,1
0.00307086,0,0,0,0,0,0,1,0,0,1,1,0,0,1,0,1
0.00307087,0,0,1,0,0,0,1,0,0,1,1,0,0,1,0,1
0.00307088,0,0,1,0,0,1,1,0,0,1,1,0,0,1,0,1
0.00307089,0,0,1,0,0,0,1,0,0,1,1,0,0,1,0,1
0.0030709,1,1,1,1,0,0,1,0,0,1,1,0,0,1,0,1
0.00307092,1,1,1,1,1,1,1,1,0,1,1,0,0,1,0,1
0.00307098,1,1,1,1,0,1,0,1,0,1,1,0,0,1,0,1
0.00307099,0,1,1,1,0,1,0,0,0,1,1,0,0,1,0,1
0.00307102,1,1,1,1,0,1,0,0,0,1,1,0,0,1,0,1
0.00307103,1,1,1,1,1,1,1,1,0,1,1,0,0,1,0,1
0.00307104,1,1,1,1,1,1,0,1,0,1,1,0,0,1,0,1
0.00307105,0,1,1,1,0,1,0,0,0,1,1,0,0,1,0,1
0.00307189,1,1,1,1,0,1,0,0,0,1,1,0,0,1,0,1
0.0030719,1,1,1,1,1,1,1,1,0,1,1,0,0,1,0,1
0.00307292,0,1,1,1,0,1,0,0,0,1,1,0,0,1,0,1
0.00307296,1,1,1,1,0,1,0,1,0,1,1,0,0,1,0,1
0.00307297,1,1,1,1,1,1,1,1,0,1,1,0,0,1,0,1
0.00307298,0,1,1,1,0,1,0,0,0,1,1,0,0,1,0,1
0.00307395,1,1,1,1,1,1,1,1,0,1,1,0,0,1,0,1
0.00307396,0,0,1,0,1,0,1,1,0,1,1,0,0,1,0,1
0.00307397,0,0,1,0,1,0,0,0,0,1,1,0,0,1,0,1
0.00307401,1,0,1,0,1,0,0,1,0,1,1,0,0,1,0,1
0.00307403,0,0,1,0,1,0,0,0,0,1,1,0,0,1,0,1
0.00307429,0,0,1,0,1,0,0,0,0,0,1,0,0,0,0,0
0.0030743,0,0,1,0,1,0,0,0,0,0,1,0,1,0,0,0
0.00307436,0,0,1,0,1,0,0,0,0,0,0,0,1,0,0,0
0.00307437,0,0,1,0,1,0,0,0,0,0,1,0,1,0,0,0
0.00307481,1,0,1,0,1,0,0,0,0,0,1,0,1,0,0,0
0.00307482,1,1,1,0,1,0,0,0,0,0,1,0,1,0,0,0
0.00307483,1,0,1,0,1,0,1,1,0,0,1,0,1,0,0,0
0.00307484,1,1,1,1,1,1,1,1,0,0,1,0,1,0,0,0
0.00307489,0,0,0,0,0,0,0,1,0,0,1,0,1,0,0,0
0.00307494,1,1,1,1,0,1,0,1,0,0,1,0,1,0,0,0
0.00307497,1,0,1,1,0,1,0,1,0,0,1,0,1,0,0,0
0.00307498,0,0,0,0,0,0,0,1,0,0,1,0,1,0,0,0
0.00307502,0,0,1,1,0,0,0,1,0,0,1,0,1,0,0,0
0.00307503,1,0,1,1,0,0,0,1,0,0,1,0,1,0,0,0
0.00307504,0,0,1,0,0,0,0,1,0,0,1,0,1,0,0,0
0.00307505,0,0,0,0,0,0,0,1,0,0,1,0,1,0,0,0
0.00307579,0,0,1,0,0,0,0,1,0,0,1,0,1,0,0,0
0.0030758,1,1,1,1,0,0,1,1,0,0,1,0,1,0,0,0
0.00307582,1,1,1,1,1,1,1,1,0,0,1,0,1,0,0,0
0.00307586,0,0,0,0,0,1,1,0,0,0,1,0,1,0,0,0
0.00307587,0,0,0,0,0,0,1,0,0,0,1,0,1,0,0,0
0.0030759,1,1,1,1,0,1,1,0,0,0,1,0,1,0,0,0
0.00307591,1,1,1,1,1,1,1,1,0,0,1,0,1,0,0,0
0.00307593,1,1,1,1,0,1,1,1,0,0,1,0,1,0,0,0
0.00307594,0,0,1,0,0,1,1,0,0,0,1,0,1,0,0,0
0.00307595,0,0,0,0,0,0,1,0,0,0,1,0,1,0,0,0
0.00307599,0,0,1,0,0,1,1,0,0,0,1,0,1,0,0,0
0.00307602,0,0,0,0,0,0,1,0,0,0,1,0,1,0,0,0
0.00307677,1,0,0,0,0,0,1,0,0,0,1,0,1,0,0,0
0.00307678,0,0,0,0,0,0,1,0,0,0,1,0,1,0,0,0
0.00307679,0,1,1,1,1,1,1,0,0,0,1,0,1,0,0,0
0.0030768,1,1,1,1,1,1,1,1,0,0,1,0,1,0,0,0
0.00307684,1,1,0,0,1,0,0,0,0,0,1,0,1,0,0,0
0.00307688,1,1,1,1,1,1,0,1,0,0,1,0,1,0,0,0
0.00307691,1,1,1,1,1,1,0,0,0,0,1,0,1,0,0,0
0.00307692,1,1,0,0,1,0,0,0,0,0,1,0,1,0,0,0
0.00307695,1,1,1,0,1,0,0,0,0,0,1,0,1,0,0,0
0.00307696,1,1,1,1,1,1,0,0,0,0,1,0,1,0,0,0
0.00307698,1,1,1,0,1,1,0,0,0,0,1,0,1,0,0,0
0.00307699,1,1,1,0,1,0,0,0,0,0,1,0,1,0,0,0
0.003077,1,1,0,0,1,0,0,0,0,0,1,0,1,0,0,0
0.00307703,1,1,1,0,1,0,0,0,0,0,1,0,1,0,0,0
0.00307704,1,1,1,0,1,1,0,0,0,0,1,0,1,0,0,0
0.00307705,1,1,1,0,1,0,0,0,0,0,1,0,1,0,0,0
0.00307707,1,1,0,0,1,0,0,0,0,0,1,0,1,0,0,0
0.0030771,1,1,1,0,1,0,0,0,0,0,1,0,1,0,0,0
0.00307712,1,1,0,0,1,0,0,0,0,0,1,0,1,0,0,0
0.00307719,1,1,1,0,1,0,0,0,0,0,1,0,1,0,0,0
0.00307721,1,1,1,0,1,0,0,0,0,0,0,0,1,0,0,0
0.00307722,1,1,0,0,1,0,0,0,1,1,0,0,1,0,0,0
0.00307726,1,1,1,0,1,0,0,0,1,1,0,0,1,0,0,0
0.00307729,1,1,1,0,1,0,0,0,0,0,0,0,0,0,0,0
0.0030773,1,1,0,0,1,0,0,0,1,1,0,0,1,0,0,0
0.00307734,1,1,1,0,1,0,0,0,1,1,0,0,1,0,0,0
0.00307736,1,1,0,0,1,0,0,0,1,1,0,0,1,0,0,0
0.00307774,1,1,1,0,1,0,0,0,1,1,0,0,1,0,0,0
0.00307775,1,1,1,1,1,0,0,0,1,1,0,0,1,0,0,0
0.00307776,1,1,1,0,1,0,0,0,1,1,0,0,1,0,0,0
0.00307777,1,1,1,1,1,1,1,1,1,1,0,0,1,0,0,0
0.00307781,1,0,1,1,1,1,1,1,1,1,0,0,1,0,0,0
0.00307782,1,0,0,0,1,1,0,1,1,1,0,0,1,0,0,0
0.00307785,1,0,1,1,1,1,0,1,1,1,0,0,1,0,0,0
0.00307786,1,1,1,1,1,1,1,1,1,1,0,0,1,0,0,0
0.00307787,1,1,1,1,1,1,0,1,1,1,0,0,1,0,0,0
0.00307788,1,0,0,0,1,1,0,1,1,1,0,0,1,0,0,0
0.00307793,1,0,1,1,1,1,0,1,1,1,0,0,1,0,0,0
0.00307794,1,0,1,0,1,1,0,1,1,1,0,0,1,0,0,0
0.00307795,1,0,0,0,1,1,0,1,1,1,0,0,1,0,0,0
0.00307872,1,1,1,1,1,1,0,1,1,1,0,0,1,0,0,0
0.00307874,1,1,1,1,1,1,1,1,1,1,0,0,1,0,0,0
0.00307876,1,1,1,1,1,1,0,1,1,1,0,0,1,0,0,0
0.00307878,1,1,1,1,1,1,1,1,1,1,0,0,1,0,0,0
0.0030788,0,1,0,0,1,0,0,0,1,1,0,0,1,0,0,0
0.00307884,0,1,1,1,1,0,0,0,1,1,0,0,1,0,0,0
0.00307885,1,1,1,1,1,1,0,0,1,1,0,0,1,0,0,0
0.00307886,0,1,1,1,1,1,0,0,1,1,0,0,1,0,0,0
0.00307887,0,1,1,1,1,0,0,0,1,1,0,0,1,0,0,0
0.00307888,0,1,0,0,1,0,0,0,1,1,0,0,1,0,0,0
0.00307893,0,1,1,0,1,0,0,0,1,1,0,0,1,0,0,0
0.00307895,0,1,0,0,1,0,0,0,1,1,0,0,1,0,0,0
0.00307917,0,1,0,0,1,0,0,0,0,1,0,0,1,0,0,0
0.00307924,0,1,0,0,1,0,0,0,0,0,0,0,0,0,0,0
0.00307925,0,1,0,0,1,0,0,0,0,1,0,0,1,0,0,0
0.0030797,1,1,0,0,1,0,0,0,0,1,0,0,1,0,0,0
0.00307971,0,1,1,1,1,0,0,0,0,1,0,0,1,0,0,0
0.00307972,1,1,1,1,1,0,0,0,0,1,0,0,1,0,0,0
0.00307973,1,1,1,1,1,1,0,0,0,1,0,0,1,0,0,0
0.00307974,1,1,1,1,1,1,1,1,0,1,0,0,1,0,0,0
0.00307976,1,1,0,0,1,1,0,0,0,1,0,0,1,0,0,0
0.0030798,1,1,1,1,1,1,0,0,0,1,0,0,1,0,0,0
0.00307982,1,1,1,0,1,1,0,0,0,1,0,0,1,0,0,0
0.00307983,1,1,0,0,1,1,0,0,0,1,0,0,1,0,0,0
0.00308068,1,1,0,0,1,1,0,1,0,1,0,0,1,0,0,0
0.0030807,1,1,1,1,1,1,1,1,0,1,0,0,1,0,0,0
0.00308075,1,0,0,0,1,0,0,0,0,1,0,0,1,0,0,0
0.00308079,1,0,1,0,1,0,0,0,0,1,0,0,1,0,0,0
0.0030808,1,1,1,1,1,1,0,1,0,1,0,0,1,0,0,0
0.00308081,1,1,1,1,1,1,1,1,0,1,0,0,1,0,0,0
0.00308082,1,1,1,1,1,0,0,1,0,1,0,0,1,0,0,0
0.00308083,1,0,1,0,1,0,0,0,0,1,0,0,1,0,0,0
0.00308084,1,0,0,0,1,0,0,0,0,1,0,0,1,0,0,0
0.00308087,1,0,1,0,1,0,0,0,0,1,0,0,1,0,0,0
0.00308088,1,0,1,1,1,0,0,0,0,1,0,0,1,0,0,0
0.0030809,1,0,1,0,1,0,0,0,0,1,0,0,1,0,0,0
0.00308091,1,0,0,0,1,0,0,0,0,1,0,0,1,0,0,0
0.00308096,1,0,1,0,1,0,0,0,0,1,0,0,1,0,0,0
0.00308097,1,0,0,0,1,0,0,0,0,1,0,0,1,0,0,0
0.00308112,1,0,0,0,1,0,0,0,0,0,0,0,1,0,0,0
0.00308113,1,0,0,0,1,0,0,0,1,0,0,0,1,0,0,0
0.00308119,1,0,0,0,1,0,0,0,0,0,0,0,0,0,0,0
0.0030812,1,0,0,0,1,0,0,0,1,0,0,0,1,0,0,0
0.00308165,1,1,1,1,1,0,0,0,1,0,0,0,1,0,0,0
0.00308166,1,1,1,1,1,1,0,0,1,0,0,0,1,0,0,0
0.00308167,1,1,0,1,1,1,1,1,1,0,0,0,1,0,0,0
0.00308168,1,1,1,1,1,1,1,1,1,0,0,0,1,0,0,0
0.00308172,0,0,1,1,1,0,0,1,1,0,0,0,1,0,0,0
0.00308176,1,1,1,1,1,1,0,1,1,0,0,0,1,0,0,0
0.00308177,1,1,1,1,1,1,1,1,1,0,0,0,1,0,0,0
0.00308178,0,1,1,1,1,1,0,1,1,0,0,0,1,0,0,0
0.00308179,0,0,1,1,1,0,0,1,1,0,0,0,1,0,0,0
0.00308184,0,1,1,1,1,0,0,1,1,0,0,0,1,0,0,0
0.00308185,0,0,1,1,1,0,0,1,1,0,0,0,1,0,0,0
0.00308262,1,1,1,1,1,0,0,1,1,0,0,0,1,0,0,0
0.00308264,1,1,1,1,1,1,1,1,1,0,0,0,1,0,0,0
0.0030827,1,1,0,1,0,1,1,0,1,0,0,0,1,0,0,0
0.00308271,1,1,0,1,0,1,0,0,1,0,0,0,1,0,0,0
0.00308274,1,1,1,1,0,1,0,0,1,0,0,0,1,0,0,0
0.00308275,1,1,1,1,0,1,1,1,1,0,0,0,1,0,0,0
0.00308276,1,1,1,1,0,1,0,0,1,0,0,0,1,0,0,0
0.00308277,1,1,0,1,0,1,0,0,1,0,0,0,1,0,0,0
0.00308307,1,1,0,1,0,1,0,0,1,0,0,0,0,0,0,0
0.00308308,1,1,0,1,0,1,0,0,1,1,0,1,0,1,0,0
0.00308315,1,1,0,1,0,1,0,0,0,0,0,0,0,1,0,0
0.00308316,1,1,0,1,0,1,0,0,1,1,0,1,0,1,0,0
0.00308361,1,1,1,1,0,1,0,0,1,1,0,1,0,1,0,0
0.00308362,1,1,1,1,0,1,0,1,1,1,0,1,0,1,0,0
0.00308363,1,1,1,1,0,1,1,1,1,1,0,1,0,1,0,0
0.00308365,1,1,0,1,0,1,1,1,1,1,0,1,0,1,0,0
0.00308366,1,1,1,1,1,1,1,1,1,1,0,1,0,1,0,0
0.00308368,0,0,1,0,1,0,0,1,1,1,0,1,0,1,0,0
0.00308369,0,0,0,0,0,0,0,1,1,1,0,1,0,1,0,0
0.00308373,0,0,1,0,0,1,1,1,1,1,0,1,0,1,0,0
0.00308375,0,0,1,0,0,0,0,1,1,1,0,1,0,1,0,0
0.00308376,0,0,0,0,0,0,0,1,1,1,0,1,0,1,0,0
0.00308459,0,0,0,0,0,0,1,1,1,1,0,1,0,1,0,0
0.00308461,0,1,1,0,0,0,1,0,1,1,0,1,0,1,0,0
0.00308462,0,0,0,0,0,0,1,0,1,1,0,1,0,1,0,0
0.00308558,1,1,0,0,1,0,1,1,1,1,0,1,0,1,0,0
0.0030856,1,1,1,1,1,1,1,1,1,1,0,1,0,1,0,0
0.00308563,1,1,1,1,1,1,0,1,1,1,0,1,0,1,0,0
0.00308564,0,1,1,1,0,1,0,0,1,1,0,1,0,1,0,0
0.00308653,0,1,1,1,1,1,0,1,1,1,0,1,0,1,0,0
0.00308654,0,1,1,1,0,1,0,1,1,1,0,1,0,1,0,0
0.00308655,0,1,1,1,0,1,0,0,1,1,0,1,0,1,0,0
0.00308659,0,1,1,1,0,1,1,0,1,1,0,1,0,1,0,0
0.0030866,1,1,1,1,1,1,1,1,1,1,0,1,0,1,0,0
0.00308665,0,1,0,0,1,0,1,1,1,1,0,1,0,1,0,0
0.00308666,0,1,0,0,0,0,1,0,1,1,0,1,0,1,0,0
0.00308698,0,1,0,0,0,0,1,0,0,1,0,0,0,0,0,0
0.00308699,0,1,0,0,0,0,1,0,0,1,0,0,0,0,0,1
0.00308751,0,1,1,1,0,1,1,0,0,1,0,0,0,0,0,1
0.00308753,1,1,1,1,1,1,0,0,0,1,0,0,0,0,0,1
0.00308755,0,1,1,1,0,1,0,0,0,1,0,0,0,0,0,1
0.00308855,1,1,1,1,1,1,1,1,0,1,0,0,0,0,0,1
0.0030886,0,1,0,0,1,0,1,1,0,1,0,0,0,0,0,1
0.00308865,1,1,1,1,1,1,1,1,0,1,0,0,0,0,0,1
0.00308866,0,1,1,0,1,0,1,1,0,1,0,0,0,0,0,1
0.00308867,0,1,0,0,1,0,1,1,0,1,0,0,0,0,0,1
0.00308893,0,1,0,0,1,0,1,1,0,1,0,0,1,0,1,0
0.00308894,0,1,0,0,1,0,1,1,0,1,0,0,1,0,1,1
0.00308946,0,1,1,1,1,0,1,1,0,1,0,0,1,0,1,1
0.00308947,1,1,1,1,1,1,1,1,0,1,0,0,1,0,1,1
0.00308948,1,1,1,1,1,0,1,1,0,1,0,0,1,0,1,1
0.00308949,1,1,1,1,1,1,1,1,0,1,0,0,1,0,1,1
0.00308952,1,1,1,1,1,1,0,1,0,1,0,0,1,0,1,1
0.00308953,0,1,1,1,0,1,0,0,0,1,0,0,1,0,1,1
0.00308957,1,1,1,1,0,1,0,0,0,1,0,0,1,0,1,1
0.00308959,0,1,1,1,0,1,0,0,0,1,0,0,1,0,1,1
0.00309045,1,1,1,1,0,1,0,0,0,1,0,0,1,0,1,1
0.00309046,1,1,1,1,1,1,0,1,0,1,0,0,1,0,1,1
0.00309048,1,1,1,1,1,1,1,1,0,1,0,0,1,0,1,1
0.00309142,0,0,0,0,0,0,0,0,0,1,0,0,1,0,1,1
0.00309146,1,0,1,0,0,0,0,0,0,1,0,0,1,0,1,1
0.00309147,1,0,0,0,0,0,0,0,0,1,0,0,1,0,1,1
0.00309148,0,0,0,0,0,0,0,0,0,1,0,0,1,0,1,1
0.00309238,1,0,1,0,0,0,0,0,0,1,0,0,1,0,1,1
0.0030924,0,0,0,0,0,0,0,0,0,1,0,0,1,0,1,1
0.00309242,0,1,1,1,0,0,0,0,0,1,0,0,1,0,1,1
0.00309243,0,1,1,1,0,1,0,0,0,1,0,0,1,0,1,1
0.00309245,1,1,1,1,1,1,1,1,0,1,0,0,1,0,1,1
0.00309251,0,1,0,0,1,1,0,0,0,1,0,0,1,0,1,1
0.00309255,1,1,1,1,1,1,1,0,0,1,0,0,1,0,1,1
0.00309256,1,1,1,1,1,1,1,1,0,1,0,0,1,0,1,1
0.00309257,1,1,1,0,1,1,0,0,0,1,0,0,1,0,1,1
0.00309258,0,1,0,0,1,1,0,0,0,1,0,0,1,0,1,1
0.00309263,0,1,1,0,1,1,0,0,0,1,0,0,1,0,1,1
0.00309264,0,1,0,0,1,1,0,0,0,1,0,0,1,0,1,1
0.00309284,0,1,0,0,1,1,0,0,0,1,0,0,1,0,0,0
0.00309285,0,1,0,0,1,1,0,0,0,1,0,0,1,1,0,0
0.00309337,1,1,0,0,1,1,0,0,0,1,0,0,1,1,0,0
0.00309338,0,1,1,1,1,1,0,0,0,1,0,0,1,1,0,0
0.00309339,1,1,1,1,1,1,1,1,0,1,0,0,1,1,0,0
0.00309343,1,0,0,1,0,1,0,0,0,1,0,0,1,1,0,0
0.00309348,1,0,1,1,0,1,0,0,0,1,0,0,1,1,0,0
0.0030935,1,0,0,1,0,1,0,0,0,1,0,0,1,1,0,0
0.00309434,1,1,1,1,0,1,0,0,0,1,0,0,1,1,0,0
0.00309435,1,1,1,1,1,1,1,1,0,1,0,0,1,1,0,0
0.00309441,1,1,1,1,0,0,0,0,0,1,0,0,1,1,0,0
0.00309442,1,1,0,1,0,0,0,0,0,1,0,0,1,1,0,0
0.00309446,1,1,1,1,0,0,0,1,0,1,0,0,1,1,0,0
0.00309448,1,1,0,1,0,0,0,0,0,1,0,0,1,1,0,0
0.00309533,1,1,1,1,0,0,0,0,0,1,0,0,1,1,0,0
0.00309534,1,1,1,1,0,1,0,1,0,1,0,0,1,1,0,0
0.00309535,1,1,1,1,1,1,1,1,0,1,0,0,1,1,0,0
0.00309634,0,1,1,1,1,1,1,1,0,1,0,0,1,1,0,0
0.00309635,0,0,0,1,1,0,0,1,0,1,0,0,1,1,0,0
0.00309637,0,1,0,1,1,0,0,1,0,1,0,0,1,1,0,0
0.00309638,1,1,1,1,1,1,1,1,0,1,0,0,1,1,0,0
0.00309643,1,1,1,0,0,1,1,0,0,1,0,0,1,1,0,0
0.00309644,0,1,1,0,0,1,1,0,0,1,0,0,1,1,0,0
0.00309648,1,1,1,0,0,1,1,0,0,1,0,0,1,1,0,0
0.0030965,0,1,1,0,0,1,1,0,0,1,0,0,1,1,0,0
0.00309674,0,1,1,0,0,1,1,0,0,1,0,0,0,1,0,0
0.00309675,0,1,1,0,0,1,1,0,0,1,1,0,0,1,0,1
0.00309682,0,1,1,0,0,1,1,0,0,1,1,0,0,1,0,0
0.00309683,0,1,1,0,0,1,1,0,0,1,1,0,0,1,0,1
0.00309727,1,1,1,1,0,1,1,0,0,1,1,0,0,1,0,1
0.00309729,1,1,1,1,1,1,1,1,0,1,1,0,0,1,0,1
0.00309735,0,0,0,0,0,0,0,1,0,1,1,0,0,1,0,1
0.00309739,1,1,1,1,0,1,1,1,0,1,1,0,0,1,0,1
0.0030974,1,1,1,1,0,1,0,1,0,1,1,0,0,1,0,1
0.00309741,1,1,1,1,0,1,1,1,0,1,1,0,0,1,0,1
0.00309742,1,1,1,1,0,1,0,1,0,1,1,0,0,1,0,1
0.00309744,0,0,0,0,0,0,0,1,0,1,1,0,0,1,0,1
0.00309747,1,0,1,1,0,0,0,1,0,1,1,0,0,1,0,1
0.00309748,1,1,1,1,0,0,0,1,0,1,1,0,0,1,0,1
0.0030975,1,0,1,1,0,0,0,1,0,1,1,0,0,1,0,1
0.00309752,1,0,0,0,0,0,0,1,0,1,1,0,0,1,0,1
0.00309753,0,0,0,0,0,0,0,1,0,1,1,0,0,1,0,1
0.00309755,0,0,1,1,0,0,0,1,0,1,1,0,0,1,0,1
0.00309756,1,0,1,1,0,0,0,1,0,1,1,0,0,1,0,1
0.0030976,0,0,1,0,0,0,0,1,0,1,1,0,0,1,0,1
0.00309764,1,0,1,0,0,0,0,1,0,1,1,0,0,1,0,1
0.00309765,0,0,1,0,0,0,0,1,0,1,1,0,0,1,0,1
0.00309766,0,0,1,1,0,0,0,1,0,1,1,0,0,1,0,1
0.00309767,0,0,0,0,0,0,0,1,0,1,1,0,0,1,0,1
0.0030977,0,0,1,0,0,0,0,1,0,1,1,0,0,1,0,1
0.00309771,0,0,0,0,0,0,0,1,0,1,1,0,0,1,0,1
0.00309772,1,0,1,0,0,0,0,1,0,1,1,0,0,1,0,1
0.00309773,1,0,1,1,0,0,0,1,0,1,1,0,0,1,0,1
0.00309774,0,0,1,0,0,0,0,1,0,1,1,0,0,1,0,1
0.00309775,0,0,0,0,0,0,0,1,0,1,1,0,0,1,0,1
0.00309777,0,0,1,0,0,0,0,1,0,1,1,0,0,1,0,1
0.00309779,0,0,0,0,0,0,0,1,0,1,1,0,0,1,0,1
0.0030978,0,0,1,0,0,0,0,1,0,1,1,0,0,1,0,1
0.00309783,0,0,0,0,0,0,0,1,0,1,1,0,0,1,0,1
0.00309793,0,0,1,0,0,0,0,1,0,1,1,0,0,1,0,1
0.00309794,0,0,0,0,0,0,0,1,0,1,1,0,0,1,0,1
0.00309825,1,1,1,1,0,0,0,1,0,1,1,0,0,1,0,1
0.00309826,1,1,1,1,0,0,1,1,0,1,1,0,0,1,0,1
0.00309827,1,1,1,1,1,1,1,1,0,1,1,0,0,1,0,1
0.00309831,0,0,0,0,0,0,1,0,0,1,1,0,0,1,0,1
0.00309834,1,1,1,1,0,1,1,0,0,1,1,0,0,1,0,1
0.00309835,1,1,1,1,0,1,1,1,0,1,1,0,0,1,0,1
0.00309836,1,1,1,1,1,1,1,1,0,1,1,0,0,1,0,1
0.00309838,1,1,1,1,0,1,1,0,0,1,1,0,0,1,0,1
0.00309839,0,0,1,0,0,1,1,0,0,1,1,0,0,1,0,1
0.0030984,0,0,0,0,0,0,1,0,0,1,1,0,0,1,0,1
0.00309842,0,0,1,1,0,1,1,0,0,1,1,0,0,1,0,1
0.00309843,1,1,1,1,0,1,1,0,0,1,1,0,0,1,0,1
0.00309847,0,0,1,1,0,1,1,0,0,1,1,0,0,1,0,1
0.00309848,0,0,1,0,0,1,1,0,0,1,1,0,0,1,0,1
0.00309849,0,0,1,1,0,1,1,0,0,1,1,0,0,1,0,1
0.00309851,1,0,1,1,0,1,1,0,0,1,1,0,0,1,0,1
0.00309852,1,1,1,1,0,1,1,0,0,1,1,0,0,1,0,1
0.00309854,0,0,1,1,0,1,1,0,0,1,1,0,0,1,0,1
0.00309865,0,0,1,0,0,1,1,0,0,1,1,0,0,1,0,1
0.00309866,0,0,1,1,0,1,1,0,0,1,1,0,0,1,0,1
0.00309869,0,0,1,0,0,1,1,0,0,1,1,0,0,1,0,1
0.0030987,0,0,1,1,0,1,1,0,0,1,1,0,0,1,0,1
0.00309873,0,0,1,0,0,1,1,0,0,1,1,0,0,1,0,1
0.00309874,0,0,1,1,0,1,1,0,0,1,1,0,0,1,0,1
0.00309878,0,0,1,0,0,1,1,0,0,1,1,0,0,1,0,1
0.00309879,0,0,1,1,0,1,1,0,0,1,1,0,0,1,0,1
0.00309881,0,0,1,0,0,1,1,0,0,1,1,0,0,1,0,1
0.00309901,0,0,1,0,0,0,1,0,0,1,1,0,0,1,0,1
0.00309902,0,0,1,0,0,1,1,0,0,1,1,0,0,1,0,1
0.00309904,0,0,1,0,0,0,1,0,0,1,1,0,0,1,0,1
0.00309905,0,0,0,0,0,0,1,0,0,1,1,0,0,1,0,1
0.00309906,0,0,1,0,0,0,1,0,0,1,1,0,0,1,0,1
0.0030991,0,0,0,0,0,0,1,0,0,1,1,0,0,1,0,1
0.00309911,0,0,1,0,0,0,1,0,0,1,1,0,0,1,0,1
0.00309912,0,0,0,0,0,0,1,0,0,1,1,0,0,1,0,1
0.00309913,0,0,1,0,0,0,1,0,0,1,1,0,0,1,0,1
0.00309914,0,0,1,0,0,1,1,0,0,1,1,0,0,1,0,1
0.00309915,0,0,0,0,0,0,1,0,0,1,1,0,0,1,0,1
0.00309916,0,0,1,0,0,0,1,0,0,1,1,0,0,1,0,1
0.00309917,0,0,0,0,0,0,1,0,0,1,1,0,0,1,0,1
0.00309919,0,0,1,0,0,0,1,0,0,1,1,0,0,1,0,1
0.0030992,0,0,0,0,0,0,1,0,0,1,1,0,0,1,0,1
0.00309922,0,0,1,0,0,0,1,0,0,1,1,0,0,1,0,1
0.00309923,0,0,0,0,0,0,1,0,0,1,1,0,0,1,0,1
0.00309924,1,0,1,1,0,1,1,0,0,1,1,0,0,1,0,1
0.00309925,1,1,1,1,1,1,1,1,0,1,1,0,0,1,0,1
0.00309929,1,1,1,1,1,1,0,1,0,1,1,0,0,1,0,1
0.0030993,0,1,1,1,0,1,0,0,0,1,1,0,0,1,0,1
0.00309934,1,1,1,1,1,1,0,1,0,1,1,0,0,1,0,1
0.00309936,1,1,1,1,0,1,0,0,0,1,1,0,0,1,0,1
0.00309937,0,1,1,1,0,1,0,0,0,1,1,0,0,1,0,1
0.00309941,1,1,1,1,0,1,0,0,0,1,1,0,0,1,0,1
0.00309944,0,1,1,1,0,1,0,0,0,1,1,0,0,1,0,1
0.0031002,1,1,1,1,0,1,0,0,0,1,1,0,0,1,0,1
0.00310021,1,1,1,1,0,1,0,1,0,1,1,0,0,1,0,1
0.00310022,1,1,1,1,1,1,1,1,0,1,1,0,0,1,0,1
0.00310123,1,1,1,1,0,1,0,1,0,1,1,0,0,1,0,1
0.00310124,0,1,1,1,0,1,0,0,0,1,1,0,0,1,0,1
0.00310128,1,1,1,1,1,1,1,1,0,1,1,0,0,1,0,1
0.00310129,1,1,1,1,0,1,0,1,0,1,1,0,0,1,0,1
0.0031013,0,1,1,1,0,1,0,0,0,1,1,0,0,1,0,1
0.00310226,1,1,1,1,1,1,0,0,0,1,1,0,0,1,0,1
0.00310227,1,0,1,0,1,1,1,1,0,1,1,0,0,1,0,1
0.00310228,0,0,1,0,1,0,0,0,0,1,1,0,0,1,0,1
0.00310233,1,0,1,0,1,0,0,1,0,1,1,0,0,1,0,1
0.00310234,0,0,1,0,1,0,0,0,0,1,1,0,0,1,0,1
0.0031026,0,0,1,0,1,0,0,0,0,0,1,0,0,0,0,0
0.00310261,0,0,1,0,1,0,0,0,0,0,1,0,1,0,0,0
0.00310313,1,1,1,1,1,0,0,0,0,0,1,0,1,0,0,0
0.00310314,0,1,1,0,1,0,0,0,0,0,1,0,1,0,0,0
0.00310315,1,1,1,0,1,1,1,1,0,0,1,0,1,0,0,0
0.00310316,1,1,1,1,1,1,1,1,0,0,1,0,1,0,0,0
0.0031032,1,1,1,1,0,1,1,1,0,0,1,0,1,0,0,0
0.00310321,0,0,0,0,0,0,0,1,0,0,1,0,1,0,0,0
0.00310325,1,0,1,1,0,1,0,1,0,0,1,0,1,0,0,0
0.00310326,1,1,1,1,0,1,0,1,0,0,1,0,1,0,0,0
0.00310328,1,0,1,1,0,1,0,1,0,0,1,0,1,0,0,0
0.00310329,0,0,0,0,0,0,0,1,0,0,1,0,1,0,0,0
0.00310334,1,0,1,0,0,0,0,1,0,0,1,0,1,0,0,0
0.00310335,0,0,1,0,0,0,0,1,0,0,1,0,1,0,0,0
0.00310336,0,0,0,0,0,0,0,1,0,0,1,0,1,0,0,0
0.00310411,1,1,1,1,0,0,1,1,0,0,1,0,1,0,0,0
0.00310412,1,1,1,1,1,0,1,1,0,0,1,0,1,0,0,0
0.00310413,1,1,1,1,0,1,1,1,0,0,1,0,1,0,0,0
0.00310414,1,1,1,1,1,1,1,1,0,0,1,0,1,0,0,0
0.00310418,0,0,0,0,0,0,1,0,0,0,1,0,1,0,0,0
0.00310422,1,1,1,1,0,1,1,1,0,0,1,0,1,0,0,0
0.00310423,1,1,1,1,1,1,1,1,0,0,1,0,1,0,0,0
0.00310424,1,1,1,1,0,1,1,1,0,0,1,0,1,0,0,0
0.00310425,0,0,1,1,0,1,1,0,0,0,1,0,1,0,0,0
0.00310426,0,0,0,0,0,0,1,0,0,0,1,0,1,0,0,0
0.0031043,0,0,1,0,0,1,1,0,0,0,1,0,1,0,0,0
0.00310433,0,0,0,0,0,0,1,0,0,0,1,0,1,0,0,0
0.00310508,1,0,0,0,0,0,1,0,0,0,1,0,1,0,0,0
0.00310509,1,0,1,1,0,0,1,0,0,0,1,0,1,0,0,0
0.0031051,0,1,1,1,0,1,1,0,0,0,1,0,1,0,0,0
0.00310511,1,1,1,1,1,1,1,1,0,0,1,0,1,0,0,0
0.00310516,1,1,0,0,1,0,0,0,0,0,1,0,1,0,0,0
0.0031052,1,1,1,1,1,1,0,1,0,0,1,0,1,0,0,0
0.00310523,1,1,1,1,1,1,0,0,0,0,1,0,1,0,0,0
0.00310524,1,1,0,0,1,0,0,0,0,0,1,0,1,0,0,0
0.00310528,1,1,1,0,1,0,0,0,0,0,1,0,1,0,0,0
0.00310529,1,1,1,1,1,1,0,0,0,0,1,0,1,0,0,0
0.0031053,1,1,1,0,1,0,0,0,0,0,1,0,1,0,0,0
0.00310531,1,1,0,0,1,0,0,0,0,0,1,0,1,0,0,0
0.00310553,1,1,0,0,1,0,0,0,0,0,0,0,1,0,0,0
0.00310554,1,1,0,0,1,0,0,0,1,1,0,0,1,0,0,0
0.0031056,1,1,1,0,1,0,0,0,0,0,0,0,0,0,0,0
0.00310561,1,1,0,0,1,0,0,0,1,1,0,0,1,0,0,0
0.00310606,1,1,1,1,1,0,0,0,1,1,0,0,1,0,0,0
0.00310607,1,1,1,0,1,0,0,0,1,1,0,0,1,0,0,0
0.00310608,1,1,1,1,1,1,1,1,1,1,0,0,1,0,0,0
0.00310613,1,0,0,0,1,1,0,1,1,1,0,0,1,0,0,0
0.00310617,1,1,1,1,1,1,1,1,1,1,0,0,1,0,0,0
0.00310619,1,0,1,1,1,1,0,1,1,1,0,0,1,0,0,0
0.0031062,1,0,0,0,1,1,0,1,1,1,0,0,1,0,0,0
0.00310625,1,0,1,0,1,1,0,1,1,1,0,0,1,0,0,0
0.00310627,1,0,0,0,1,1,0,1,1,1,0,0,1,0,0,0
0.00310703,1,1,1,1,1,1,0,1,1,1,0,0,1,0,0,0
0.00310705,1,1,1,1,1,1,1,1,1,1,0,0,1,0,0,0
0.00310711,0,1,1,1,1,0,1,0,1,1,0,0,1,0,0,0
0.00310712,0,1,0,0,1,0,0,0,1,1,0,0,1,0,0,0
0.00310715,0,1,1,1,1,0,0,0,1,1,0,0,1,0,0,0
0.00310716,1,1,1,1,1,1,0,0,1,1,0,0,1,0,0,0
0.00310717,1,1,1,1,1,1,1,1,1,1,0,0,1,0,0,0
0.00310718,1,1,1,1,1,1,0,0,1,1,0,0,1,0,0,0
0.00310719,0,1,1,1,1,0,0,0,1,1,0,0,1,0,0,0
0.0031072,0,1,0,0,1,0,0,0,1,1,0,0,1,0,0,0
0.00310723,0,1,1,1,1,0,0,0,1,1,0,0,1,0,0,0
0.00310728,0,1,1,0,1,0,0,0,1,1,0,0,1,0,0,0
0.0031073,0,1,1,1,1,0,0,0,1,1,0,0,1,0,0,0
0.00310736,0,1,1,0,1,0,0,0,1,1,0,0,1,0,0,0
0.0031074,0,1,1,1,1,0,0,0,1,1,0,0,1,0,0,0
0.00310741,0,1,1,0,1,0,0,0,1,1,0,0,1,0,0,0
0.00310747,0,1,1,1,1,0,0,0,1,1,0,0,1,0,0,0
0.00310748,0,1,1,1,1,0,0,0,0,1,0,0,1,0,0,0
0.0031075,0,1,1,0,1,0,0,0,0,1,0,0,1,0,0,0
0.00310751,0,1,0,0,1,0,0,0,0,1,0,0,1,0,0,0
0.00310753,0,1,1,0,1,0,0,0,0,1,0,0,1,0,0,0
0.00310754,0,1,1,1,1,0,0,0,0,1,0,0,1,0,0,0
0.00310755,0,1,1,0,1,0,0,0,0,1,0,0,1,0,0,0
0.00310756,0,1,1,0,1,0,0,0,0,0,0,0,0,0,0,0
0.00310757,0,1,1,0,1,0,0,0,0,1,0,0,1,0,0,0
0.00310759,0,1,0,0,1,0,0,0,0,1,0,0,1,0,0,0
0.00310761,0,1,1,0,1,0,0,0,0,1,0,0,1,0,0,0
0.00310762,0,1,1,1,1,0,0,0,0,1,0,0,1,0,0,0
0.00310763,0,1,1,0,1,0,0,0,0,1,0,0,1,0,0,0
0.00310765,0,1,0,0,1,0,0,0,0,1,0,0,1,0,0,0
0.00310766,0,1,1,0,1,0,0,0,0,1,0,0,1,0,0,0
0.00310771,0,1,0,0,1,0,0,0,0,1,0,0,1,0,0,0
0.00310775,0,1,1,0,1,0,0,0,0,1,0,0,1,0,0,0
0.00310776,0,1,0,0,1,0,0,0,0,1,0,0,1,0,0,0
0.00310801,1,1,0,0,1,0,0,0,0,1,0,0,1,0,0,0
0.00310802,1,1,1,1,1,0,0,0,0,1,0,0,1,0,0,0
0.00310803,1,1,1,1,1,1,1,1,0,1,0,0,1,0,0,0
0.00310808,1,1,0,0,1,1,0,0,0,1,0,0,1,0,0,0
0.00310811,1,1,1,1,1,1,0,0,0,1,0,0,1,0,0,0
0.00310812,1,1,1,1,1,1,1,1,0,1,0,0,1,0,0,0
0.00310813,1,1,1,1,1,1,0,0,0,1,0,0,1,0,0,0
0.00310814,1,1,0,0,1,1,0,0,0,1,0,0,1,0,0,0
0.00310819,1,1,1,0,1,1,0,0,0,1,0,0,1,0,0,0
0.00310821,1,1,0,0,1,1,0,0,0,1,0,0,1,0,0,0
0.003109,1,1,0,0,1,1,0,1,0,1,0,0,1,0,0,0
0.00310901,1,1,1,1,1,1,1,1,0,1,0,0,1,0,0,0
0.00310906,1,0,0,0,1,0,0,0,0,1,0,0,1,0,0,0
0.0031091,1,0,1,1,1,1,1,1,0,1,0,0,1,0,0,0
0.00310911,1,1,1,1,1,1,1,1,0,1,0,0,1,0,0,0
0.00310913,1,1,1,1,1,1,0,1,0,1,0,0,1,0,0,0
0.00310914,1,0,1,1,1,0,0,0,0,1,0,0,1,0,0,0
0.00310915,1,0,0,0,1,0,0,0,0,1,0,0,1,0,0,0
0.00310917,1,0,1,0,1,0,0,0,0,1,0,0,1,0,0,0
0.00310918,1,0,1,1,1,0,0,0,0,1,0,0,1,0,0,0
0.00310919,1,0,1,1,1,0,0,1,0,1,0,0,1,0,0,0
0.0031092,1,0,1,1,1,0,0,0,0,1,0,0,1,0,0,0
0.00310923,1,0,1,0,1,0,0,0,0,1,0,0,1,0,0,0
0.00310925,1,0,1,1,1,0,0,0,0,1,0,0,1,0,0,0
0.00310943,1,0,1,1,1,0,0,0,0,0,0,0,1,0,0,0
0.00310944,1,0,1,1,1,0,0,0,1,0,0,0,1,0,0,0
0.00310945,1,0,1,0,1,0,0,0,1,0,0,0,1,0,0,0
0.00310948,1,0,1,1,1,0,0,0,1,0,0,0,1,0,0,0
0.00310951,1,0,1,1,1,0,0,0,0,0,0,0,0,0,0,0
0.00310952,1,0,1,0,1,0,0,0,1,0,0,0,1,0,0,0
0.00310954,1,0,0,0,1,0,0,0,1,0,0,0,1,0,0,0
0.00310956,1,0,1,1,1,0,0,0,1,0,0,0,1,0,0,0
0.00310959,1,0,1,0,1,0,0,0,1,0,0,0,1,0,0,0
0.0031096,1,0,0,0,1,0,0,0,1,0,0,0,1,0,0,0
0.00310961,1,0,1,0,1,0,0,0,1,0,0,0,1,0,0,0
0.00310973,1,0,0,0,1,0,0,0,1,0,0,0,1,0,0,0
0.00310974,1,0,1,0,1,0,0,0,1,0,0,0,1,0,0,0
0.00310977,1,0,0,0,1,0,0,0,1,0,0,0,1,0,0,0
0.00310979,1,0,1,0,1,0,0,0,1,0,0,0,1,0,0,0
0.00310981,1,0,0,0,1,0,0,0,1,0,0,0,1,0,0,0
0.00310996,1,0,1,1,1,0,0,0,1,0,0,0,1,0,0,0
0.00310997,1,1,1,1,1,0,0,0,1,0,0,0,1,0,0,0
0.00310998,1,1,1,1,1,1,1,1,1,0,0,0,1,0,0,0
0.00311003,0,1,1,1,1,1,0,1,1,0,0,0,1,0,0,0
0.00311004,0,0,1,1,1,0,0,1,1,0,0,0,1,0,0,0
0.00311007,0,1,1,1,1,1,0,1,1,0,0,0,1,0,0,0
0.00311008,1,1,1,1,1,1,1,1,1,0,0,0,1,0,0,0
0.00311009,0,1,1,1,1,1,0,1,1,0,0,0,1,0,0,0
0.0031101,0,0,1,1,1,0,0,1,1,0,0,0,1,0,0,0
0.00311094,1,1,1,1,1,0,0,1,1,0,0,0,1,0,0,0
0.00311096,1,1,1,1,1,1,1,1,1,0,0,0,1,0,0,0
0.00311097,1,1,1,1,1,1,0,1,1,0,0,0,1,0,0,0
0.003111,1,1,1,1,1,1,1,1,1,0,0,0,1,0,0,0
0.00311102,0,0,1,1,0,1,0,0,1,0,0,0,1,0,0,0
0.00311106,1,1,1,1,0,1,1,1,1,0,0,0,1,0,0,0
0.00311108,0,0,1,1,0,1,0,0,1,0,0,0,1,0,0,0
0.00311138,0,0,1,1,0,1,0,0,1,0,0,0,0,0,0,0
0.00311139,0,0,1,1,0,1,0,0,0,0,1,0,0,0,0,0
0.0031114,0,0,1,1,0,1,0,0,0,0,1,1,0,1,0,0
0.00311193,1,1,1,1,0,1,0,1,0,0,1,1,0,1,0,0
0.00311194,1,1,1,1,0,1,1,1,0,0,1,1,0,1,0,0
0.00311195,1,1,1,1,1,1,1,1,0,0,1,1,0,1,0,0
0.00311196,1,1,1,1,0,1,1,1,0,0,1,1,0,1,0,0
0.00311197,1,0,1,1,0,1,1,1,0,0,1,1,0,1,0,0
0.00311198,1,1,0,0,1,1,1,1,0,0,1,1,0,1,0,0
0.00311199,1,0,0,0,0,0,0,1,0,0,1,1,0,1,0,0
0.003112,0,0,0,0,0,0,0,1,0,0,1,1,0,1,0,0
0.00311204,1,1,0,0,0,0,1,1,0,0,1,1,0,1,0,0
0.00311206,0,0,0,0,0,0,0,1,0,0,1,1,0,1,0,0
0.00311292,0,0,0,0,0,0,1,1,0,0,1,1,0,1,0,0
0.00311293,0,0,0,0,0,0,1,0,0,0,1,1,0,1,0,0
0.00311386,0,1,0,0,0,0,1,0,0,0,1,1,0,1,0,0
0.00311387,1,1,0,0,0,0,1,0,0,0,1,1,0,1,0,0
0.00311388,1,1,1,0,0,0,0,0,0,0,1,1,0,1,0,0
0.00311389,1,1,1,1,1,0,0,0,0,0,1,1,0,1,0,0
0.0031139,1,1,0,0,0,1,0,0,0,0,1,1,0,1,0,0
0.00311391,1,1,0,0,1,1,0,1,0,0,1,1,0,1,0,0
0.00311392,1,0,0,0,1,1,0,1,0,0,1,1,0,1,0,0
0.00311491,1,1,1,1,1,1,0,1,0,0,1,1,0,1,0,0
0.00311493,1,1,1,1,1,1,1,1,0,0,1,1,0,1,0,0
0.00311496,1,0,1,1,0,1,1,1,0,0,1,1,0,1,0,0
0.00311497,1,0,0,1,0,1,0,0,0,0,1,1,0,1,0,0
0.00311498,1,0,0,0,0,1,0,0,0,0,1,1,0,1,0,0
0.00311529,1,0,0,0,0,1,0,0,0,0,0,0,0,1,0,0
0.0031153,1,0,0,0,0,1,0,0,1,0,0,0,0,1,0,0
0.00311537,1,0,0,0,0,1,0,1,0,0,0,0,0,1,0,0
0.00311538,1,0,0,0,1,1,0,1,1,0,0,0,0,1,0,0
0.00311539,1,0,0,0,1,1,0,1,1,0,0,0,1,1,1,0
0.0031154,1,1,1,1,0,1,1,1,1,0,0,0,1,1,1,0
0.00311541,1,0,0,0,0,1,0,0,1,0,0,0,0,1,0,0
0.00311582,1,1,1,1,0,1,0,0,1,0,0,0,0,1,0,0
0.00311584,1,1,1,1,1,1,1,1,1,0,0,0,0,1,0,0
0.0031159,0,0,0,0,0,0,0,1,1,0,0,0,0,1,0,0
0.00311594,0,0,0,1,0,0,0,1,1,0,0,0,0,1,0,0
0.00311595,1,1,1,1,0,0,0,1,1,0,0,0,0,1,0,0
0.00311597,1,0,1,1,0,0,0,1,1,0,0,0,0,1,0,0
0.00311598,0,0,0,0,0,0,0,1,1,0,0,0,0,1,0,0
0.0031168,0,1,1,1,0,0,0,1,1,0,0,0,0,1,0,0
0.00311681,1,1,1,1,1,1,1,1,1,0,0,0,0,1,0,0
0.00311686,1,1,1,1,0,1,1,0,1,0,0,0,0,1,0,0
0.00311687,0,0,0,0,0,0,1,0,1,0,0,0,0,1,0,0
0.00311691,1,1,1,1,0,1,1,0,1,0,0,0,0,1,0,0
0.00311692,1,1,1,1,1,1,1,1,1,0,0,0,0,1,0,0
0.00311693,1,1,1,1,0,1,1,0,1,0,0,0,0,1,0,0
0.00311695,0,0,0,0,0,0,1,0,1,0,0,0,0,1,0,0
0.00311699,1,0,1,1,0,0,1,0,1,0,0,0,0,1,0,0
0.00311702,0,0,1,0,0,0,1,0,1,0,0,0,0,1,0,0
0.00311703,0,0,0,0,0,0,1,0,1,0,0,0,0,1,0,0
0.00311777,1,1,0,0,0,0,1,0,1,0,0,0,0,1,0,0
0.0031178,1,1,1,1,1,1,1,1,1,0,0,0,0,1,0,0
0.00311785,1,0,0,0,1,1,1,1,1,0,0,0,0,1,0,0
0.00311786,1,0,0,0,1,1,0,1,1,0,0,0,0,1,0,0
0.0031179,1,1,1,1,1,1,0,1,1,0,0,0,0,1,0,0
0.00311792,1,0,0,0,1,1,0,1,1,0,0,0,0,1,0,0
0.00311881,1,1,1,1,1,1,0,1,1,0,0,0,0,1,0,0
0.00311882,1,1,1,1,1,1,1,1,1,0,0,0,0,1,0,0
0.00311886,1,1,0,0,1,1,1,1,1,0,0,0,0,1,0,0
0.00311887,0,1,0,0,1,0,1,1,1,0,0,0,0,1,0,0
0.00311891,0,1,1,1,1,0,1,1,1,0,0,0,0,1,0,0
0.00311892,0,1,1,1,1,1,1,1,1,0,0,0,0,1,0,0
0.00311893,0,1,0,0,1,0,1,1,1,0,0,0,0,1,0,0
0.0031192,0,1,0,0,1,0,1,1,0,1,0,0,0,0,0,0
0.00311921,0,1,0,0,1,0,1,1,0,1,0,0,1,0,1,1
0.00311973,1,1,0,0,1,0,1,1,0,1,0,0,1,0,1,1
0.00311974,0,1,0,0,1,0,1,1,0,1,0,0,1,0,1,1
0.00311975,1,1,1,1,1,0,1,1,0,1,0,0,1,0,1,1
0.00311976,1,1,1,1,1,1,1,1,0,1,0,0,1,0,1,1
0.00311979,1,0,1,1,1,1,0,1,0,1,0,0,1,0,1,1
0.0031198,1,0,0,0,1,1,0,1,0,1,0,0,1,0,1,1
0.00311984,1,0,1,1,1,1,0,1,0,1,0,0,1,0,1,1
0.00311985,1,0,0,0,1,1,0,1,0,1,0,0,1,0,1,1
0.00312072,1,1,1,1,1,1,0,1,0,1,0,0,1,0,1,1
0.00312073,1,1,1,1,1,1,1,1,0,1,0,0,1,0,1,1
0.00312169,0,0,0,0,0,0,0,0,0,1,0,0,1,0,1,1
0.00312174,0,0,1,0,0,0,0,0,0,1,0,0,1,0,1,1
0.00312175,0,0,0,0,0,0,0,0,0,1,0,0,1,0,1,1
0.00312265,0,0,1,0,0,0,0,0,0,1,0,0,1,0,1,1
0.00312266,0,0,0,0,0,0,0,0,0,1,0,0,1,0,1,1
0.00312269,1,0,0,0,1,1,0,1,0,1,0,0,1,0,1,1
0.00312271,1,1,1,0,1,1,1,1,0,1,0,0,1,0,1,1
0.00312272,1,1,1,1,1,1,1,1,0,1,0,0,1,0,1,1
0.00312277,1,1,1,0,1,1,0,0,0,1,0,0,1,0,1,1
0.00312278,0,1,0,0,1,1,0,0,0,1,0,0,1,0,1,1
0.00312282,1,1,1,1,1,1,1,1,0,1,0,0,1,0,1,1
0.00312284,0,1,0,0,1,1,0,0,0,1,0,0,1,0,1,1
0.0031231,0,1,0,0,1,1,0,0,0,1,0,0,1,0,0,0
0.00312312,0,1,0,0,1,1,0,0,0,1,0,0,1,1,0,0
0.00312363,0,1,1,1,1,1,0,0,0,1,0,0,1,1,0,0
0.00312364,1,1,1,1,1,1,0,0,0,1,0,0,1,1,0,0
0.00312365,1,1,1,1,1,1,1,1,0,1,0,0,1,1,0,0
0.0031237,0,0,1,1,0,1,0,1,0,1,0,0,1,1,0,0
0.00312371,0,0,1,1,0,1,0,0,0,1,0,0,1,1,0,0
0.00312374,1,0,1,1,0,1,0,1,0,1,0,0,1,1,0,0
0.00312375,1,1,1,1,0,1,1,1,0,1,0,0,1,1,0,0
0.00312377,0,0,1,1,0,1,0,0,0,1,0,0,1,1,0,0
0.00312461,1,1,1,1,0,1,0,0,0,1,0,0,1,1,0,0
0.00312462,1,1,1,1,1,1,1,0,0,1,0,0,1,1,0,0
0.00312463,1,1,1,1,1,1,1,1,0,1,0,0,1,1,0,0
0.00312468,1,1,0,1,0,0,0,0,0,1,0,0,1,1,0,0
0.00312473,1,1,1,1,0,0,1,1,0,1,0,0,1,1,0,0
0.00312474,1,1,1,1,0,0,0,1,0,1,0,0,1,1,0,0
0.00312475,1,1,0,1,0,0,0,0,0,1,0,0,1,1,0,0
0.0031256,1,1,1,1,0,0,0,1,0,1,0,0,1,1,0,0
0.00312561,1,1,1,1,1,1,1,1,0,1,0,0,1,1,0,0
0.00312659,1,1,1,1,1,0,0,0,0,1,0,0,1,1,0,0
0.0031266,0,0,0,1,1,0,0,1,0,1,0,0,1,1,0,0
0.00312663,0,0,1,1,1,0,0,1,0,1,0,0,1,1,0,0
0.00312665,0,1,1,1,1,0,0,1,0,1,0,0,1,1,0,0
0.00312666,1,1,1,1,1,0,0,1,0,1,0,0,1,1,0,0
0.00312667,0,0,1,1,1,0,0,1,0,1,0,0,1,1,0,0
0.00312669,1,1,1,1,1,0,0,1,0,1,0,0,1,1,0,0
0.0031267,0,0,1,0,1,0,0,0,0,1,0,0,1,1,0,0
0.00312675,1,1,1,0,1,0,0,0,0,1,0,0,1,1,0,0
0.00312676,0,0,1,0,1,0,0,0,0,1,0,0,1,1,0,0
0.00312701,0,0,1,0,1,0,0,0,0,0,0,0,1,0,0,0
0.00312702,0,0,1,0,1,0,0,0,0,0,1,0,1,0,0,0
0.00312756,1,1,1,0,1,1,0,1,0,0,1,0,1,0,0,0
0.00312757,1,1,1,1,1,1,0,1,0,0,1,0,1,0,0,0
0.00312758,1,1,1,1,1,1,1,1,0,0,1,0,1,0,0,0
0.00312858,1,1,1,1,0,1,1,1,0,0,1,0,1,0,0,0
0.00312859,0,0,0,0,0,0,1,0,0,0,1,0,1,0,0,0
0.00312863,1,1,0,0,0,0,1,0,0,0,1,0,1,0,0,0
0.00312864,1,1,1,1,0,1,1,0,0,0,1,0,1,0,0,0
0.00312866,1,1,1,0,0,0,1,0,0,0,1,0,1,0,0,0
0.00312867,0,0,0,0,0,0,1,0,0,0,1,0,1,0,0,0
0.00312872,1,0,0,0,0,0,1,0,0,0,1,0,1,0,0,0
0.00312873,1,0,1,0,0,0,1,0,0,0,1,0,1,0,0,0
0.00312874,1,0,0,0,0,0,1,0,0,0,1,0,1,0,0,0
0.00312875,0,0,0,0,0,0,1,0,0,0,1,0,1,0,0,0
0.00312949,1,1,1,1,0,0,1,0,0,0,1,0,1,0,0,0
0.0031295,1,1,1,1,1,1,1,0,0,0,1,0,1,0,0,0
0.00312951,1,1,1,1,1,1,1,1,0,0,1,0,1,0,0,0
0.00312956,1,1,1,1,1,1,0,1,0,0,1,0,1,0,0,0
0.00312957,1,0,0,0,1,1,0,0,0,0,1,0,1,0,0,0
0.00312961,1,1,1,1,1,1,0,1,0,0,1,0,1,0,0,0
0.00312963,1,1,1,1,1,1,0,0,0,0,1,0,1,0,0,0
0.00312964,1,0,0,0,1,1,0,0,0,0,1,0,1,0,0,0
0.00312969,1,0,1,0,1,1,0,0,0,0,1,0,1,0,0,0
0.00312971,1,0,0,0,1,1,0,0,0,0,1,0,1,0,0,0
0.00312994,1,0,0,0,1,1,0,0,0,0,0,0,1,0,0,0
0.00312995,1,0,0,0,1,1,0,0,1,0,0,0,1,1,0,0
0.00313001,1,0,0,0,1,1,0,0,0,0,0,0,0,0,0,0
0.00313002,1,0,0,0,1,1,0,0,1,0,0,0,1,1,0,0
0.00313047,1,0,0,1,1,1,0,0,1,0,0,0,1,1,0,0
0.00313048,1,1,1,0,1,1,0,0,1,0,0,0,1,1,0,0
0.00313049,1,1,1,1,1,1,1,1,1,0,0,0,1,1,0,0
0.00313053,0,0,1,1,1,1,0,1,1,0,0,0,1,1,0,0
0.00313054,0,0,0,1,1,1,0,1,1,0,0,0,1,1,0,0
0.00313057,0,1,1,1,1,1,0,1,1,0,0,0,1,1,0,0
0.00313058,1,1,1,1,1,1,0,1,1,0,0,0,1,1,0,0
0.00313059,0,0,1,1,1,1,0,1,1,0,0,0,1,1,0,0
0.0031306,0,0,0,1,1,1,0,1,1,0,0,0,1,1,0,0
0.00313145,1,1,1,1,1,1,0,1,1,0,0,0,1,1,0,0
0.00313146,1,1,1,1,1,1,1,1,1,0,0,0,1,1,0,0
0.00313151,1,1,1,1,0,0,0,0,1,0,0,0,1,1,0,0
0.00313152,1,0,0,0,0,0,0,0,1,0,0,0,1,1,0,0
0.00313156,1,1,1,1,0,0,0,0,1,0,0,0,1,1,0,0
0.00313157,1,1,1,1,0,0,0,1,1,0,0,0,1,1,0,0
0.00313159,1,1,1,1,0,0,0,0,1,0,0,0,1,1,0,0
0.0031316,1,1,1,0,0,0,0,0,1,0,0,0,1,1,0,0
0.00313161,1,0,0,0,0,0,0,0,1,0,0,0,1,1,0,0
0.00313163,1,0,1,0,0,0,0,0,1,0,0,0,1,1,0,0
0.00313164,1,1,1,1,0,0,0,0,1,0,0,0,1,1,0,0
0.00313167,1,1,1,0,0,0,0,0,1,0,0,0,1,1,0,0
0.00313168,1,0,1,0,0,0,0,0,1,0,0,0,1,1,0,0
0.0031317,1,0,0,0,0,0,0,0,1,0,0,0,1,1,0,0
0.00313171,1,0,1,0,0,0,0,0,1,0,0,0,1,1,0,0
0.00313173,1,1,1,0,0,0,0,0,1,0,0,0,1,1,0,0
0.00313174,1,0,1,0,0,0,0,0,1,0,0,0,1,1,0,0
0.00313188,1,0,0,0,0,0,0,0,1,0,0,0,1,1,0,0
0.00313189,1,0,1,0,0,0,0,0,1,0,0,0,1,1,0,0
0.00313192,1,0,0,0,0,0,0,0,1,0,0,0,1,1,0,0
0.00313194,1,0,1,0,0,0,0,0,1,0,0,0,1,1,0,0
0.00313197,1,0,0,0,0,0,0,0,1,0,0,0,1,1,0,0
0.00313198,1,0,1,0,0,0,0,0,1,0,0,0,1,1,0,0
0.00313201,1,0,0,0,0,0,0,0,1,0,0,0,1,1,0,0
0.00313203,1,0,1,0,0,0,0,0,1,0,0,0,1,1,0,0
0.00313204,1,0,0,0,0,0,0,0,1,0,0,0,1,1,0,0
0.00313211,1,0,1,0,0,0,0,0,1,0,0,0,1,1,0,0
0.00313212,1,0,0,0,0,0,0,0,1,0,0,0,1,1,0,0
0.00313242,1,0,1,0,0,0,0,0,1,0,0,0,1,1,0,0
0.00313243,1,1,1,1,0,0,0,1,1,0,0,0,1,1,0,0
0.00313244,1,1,1,1,1,1,1,1,1,0,0,0,1,1,0,0
0.00313345,0,0,1,0,1,0,0,0,1,0,0,0,1,1,0,0
0.00313349,0,1,1,1,1,1,0,0,1,0,0,0,1,1,0,0
0.0031335,1,1,1,1,1,1,1,1,1,0,0,0,1,1,0,0
0.00313351,1,1,1,1,1,1,0,1,1,0,0,0,1,1,0,0
0.00313352,0,0,1,1,1,0,0,0,1,0,0,0,1,1,0,0
0.00313353,0,0,1,0,1,0,0,0,1,0,0,0,1,1,0,0
0.00313358,0,0,1,1,1,0,0,0,1,0,0,0,1,1,0,0
0.0031336,0,0,1,0,1,0,0,0,1,0,0,0,1,1,0,0
0.00313384,0,0,1,0,1,0,0,0,0,0,0,0,1,0,0,0
0.00313385,0,0,1,0,1,0,0,0,0,0,1,0,1,0,0,0
0.00313392,1,0,1,0,1,0,0,0,0,0,0,0,0,0,0,0
0.00313393,1,0,1,0,1,0,0,0,0,0,1,0,1,0,0,0
0.00313394,1,0,1,0,1,0,0,0,1,0,1,0,1,0,0,0
0.00313395,0,0,1,1,1,1,1,1,1,0,1,0,1,0,0,0
0.00313396,0,0,1,0,1,1,0,1,0,0,1,0,1,0,0,0
0.00313397,0,0,1,0,1,0,0,0,0,0,1,0,1,0,0,0
0.00313437,1,1,1,0,1,0,0,0,0,0,1,0,1,0,0,0
0.00313438,1,1,1,1,1,0,0,0,0,0,1,0,1,0,0,0
0.00313439,1,1,1,1,1,1,1,1,0,0,1,0,1,0,0,0
0.00313542,1,1,0,1,0,1,1,1,0,0,1,0,1,0,0,0
0.00313543,0,0,0,0,0,0,1,0,0,0,1,0,1,0,0,0
0.00313547,1,1,1,1,0,1,1,0,0,0,1,0,1,0,0,0
0.00313548,1,1,1,1,0,1,1,1,0,0,1,0,1,0,0,0
0.0031355,1,1,1,1,0,0,1,0,0,0,1,0,1,0,0,0
0.00313551,1,0,0,1,0,0,1,0,0,0,1,0,1,0,0,0
0.00313552,0,0,0,0,0,0,1,0,0,0,1,0,1,0,0,0
0.00313555,1,0,0,1,0,0,1,0,0,0,1,0,1,0,0,0
0.00313556,1,1,1,1,0,0,1,0,0,0,1,0,1,0,0,0
0.00313558,1,0,0,1,0,0,1,0,0,0,1,0,1,0,0,0
0.00313559,0,0,0,1,0,0,1,0,0,0,1,0,1,0,0,0
0.0031356,0,0,0,0,0,0,1,0,0,0,1,0,1,0,0,0
0.00313562,0,0,0,1,0,0,1,0,0,0,1,0,1,0,0,0
0.00313563,1,0,0,1,0,0,1,0,0,0,1,0,1,0,0,0
0.00313564,0,0,0,1,0,0,1,0,0,0,1,0,1,0,0,0
0.00313578,1,0,0,1,0,0,1,0,0,0,1,0,1,0,0,0
0.0031358,0,0,0,1,0,0,1,0,0,0,1,0,1,0,0,0
0.00313594,0,0,0,0,0,0,1,0,0,0,1,0,1,0,0,0
0.00313595,0,0,0,1,0,0,1,0,0,0,1,0,1,0,0,0
0.00313599,0,0,0,0,0,0,1,0,0,0,1,0,1,0,0,0
0.003136,0,0,0,1,0,0,1,0,0,0,1,0,1,0,0,0
0.00313601,0,0,0,0,0,0,1,0,0,0,1,0,1,0,0,0
0.00313602,0,0,0,1,0,0,1,0,0,0,1,0,1,0,0,0
0.00313603,0,0,0,0,0,0,1,0,0,0,1,0,1,0,0,0
0.00313606,0,0,0,1,0,0,1,0,0,0,1,0,1,0,0,0
0.00313607,0,0,0,0,0,0,1,0,0,0,1,0,1,0,0,0
0.00313624,0,0,0,1,0,0,1,0,0,0,1,0,1,0,0,0
0.00313625,0,0,0,0,0,0,1,0,0,0,1,0,1,0,0,0
0.00313632,0,1,0,0,0,0,1,0,0,0,1,0,1,0,0,0
0.00313633,1,1,1,1,0,0,1,0,0,0,1,0,1,0,0,0
0.00313635,1,1,1,1,1,1,1,1,0,0,1,0,1,0,0,0
0.00313639,0,1,1,1,1,0,0,1,0,0,1,0,1,0,0,0
0.0031364,0,1,0,0,1,0,0,0,0,0,1,0,1,0,0,0
0.00313643,1,1,1,1,1,1,0,1,0,0,1,0,1,0,0,0
0.00313647,1,1,1,1,1,0,0,0,0,0,1,0,1,0,0,0
0.00313648,0,1,0,0,1,0,0,0,0,0,1,0,1,0,0,0
0.0031365,0,1,0,1,1,0,0,0,0,0,1,0,1,0,0,0
0.00313651,1,1,1,1,1,1,0,0,0,0,1,0,1,0,0,0
0.00313652,1,1,1,1,1,1,0,1,0,0,1,0,1,0,0,0
0.00313653,1,1,1,1,1,1,0,0,0,0,1,0,1,0,0,0
0.00313655,1,1,1,1,1,0,0,0,0,0,1,0,1,0,0,0
0.00313656,0,1,1,1,1,0,0,0,0,0,1,0,1,0,0,0
0.00313658,1,1,1,1,1,0,0,0,0,0,1,0,1,0,0,0
0.00313677,1,1,1,1,1,0,0,0,0,0,0,0,1,0,0,0
0.00313678,1,1,1,1,1,0,0,0,0,1,0,0,1,0,0,0
0.00313679,0,1,1,1,1,0,0,0,0,1,0,0,1,0,0,0
0.0031368,0,1,0,0,1,0,0,0,0,1,0,0,1,0,0,0
0.00313681,0,1,1,1,1,0,0,0,0,1,0,0,1,0,0,0
0.00313682,1,1,1,1,1,0,0,0,0,1,0,0,1,0,0,0
0.00313684,1,1,1,1,1,0,0,0,0,0,0,0,0,0,0,0
0.00313685,0,1,1,1,1,0,0,0,0,1,0,0,1,0,0,0
0.00313686,0,1,1,0,1,0,0,0,0,1,0,0,1,0,0,0
0.00313687,0,1,1,1,1,0,0,0,0,1,0,0,1,0,0,0
0.00313688,0,1,0,0,1,0,0,0,0,1,0,0,1,0,0,0
0.00313689,0,1,1,1,1,0,0,0,0,1,0,0,1,0,0,0
0.0031369,1,1,1,1,1,0,0,0,0,1,0,0,1,0,0,0
0.00313693,0,1,1,1,1,0,0,0,0,1,0,0,1,0,0,0
0.00313694,0,1,0,0,1,0,0,0,0,1,0,0,1,0,0,0
0.00313696,0,1,1,1,1,0,0,0,0,1,0,0,1,0,0,0
0.00313699,1,1,1,1,1,0,0,0,0,1,0,0,1,0,0,0
0.003137,0,1,1,1,1,0,0,0,0,1,0,0,1,0,0,0
0.00313701,0,1,1,0,1,0,0,0,0,1,0,0,1,0,0,0
0.00313702,0,1,0,0,1,0,0,0,0,1,0,0,1,0,0,0
0.00313704,0,1,1,0,1,0,0,0,0,1,0,0,1,0,0,0
0.00313705,0,1,1,1,1,0,0,0,0,1,0,0,1,0,0,0
0.00313706,0,1,1,0,1,0,0,0,0,1,0,0,1,0,0,0
0.00313707,0,1,0,0,1,0,0,0,0,1,0,0,1,0,0,0
0.00313714,0,1,1,0,1,0,0,0,0,1,0,0,1,0,0,0
0.00313715,0,1,0,0,1,0,0,0,0,1,0,0,1,0,0,0
0.00313727,0,1,1,0,1,0,0,0,0,1,0,0,1,0,0,0
0.00313728,0,1,0,0,1,0,0,0,0,1,0,0,1,0,0,0
0.00313732,1,1,1,1,1,0,0,0,0,1,0,0,1,0,0,0
0.00313733,1,1,1,1,1,0,1,1,0,1,0,0,1,0,0,0
0.00313734,1,1,1,1,1,1,1,1,0,1,0,0,1,0,0,0
0.00313737,1,1,1,1,0,1,1,1,0,1,0,0,1,0,0,0
0.00313738,1,0,0,0,0,0,0,0,0,1,0,0,1,0,0,0
0.00313741,1,0,1,1,0,1,0,1,0,1,0,0,1,0,0,0
0.00313742,1,1,1,1,0,1,0,1,0,1,0,0,1,0,0,0
0.00313743,1,1,1,1,0,1,1,1,0,1,0,0,1,0,0,0
0.00313745,1,1,1,1,0,1,0,1,0,1,0,0,1,0,0,0
0.00313746,1,0,1,1,0,1,0,0,0,1,0,0,1,0,0,0
0.00313747,1,0,0,0,0,0,0,0,0,1,0,0,1,0,0,0
0.00313749,1,0,1,1,0,1,0,0,0,1,0,0,1,0,0,0
0.0031375,1,0,1,1,0,1,0,1,0,1,0,0,1,0,0,0
0.00313751,1,1,1,1,0,1,0,1,0,1,0,0,1,0,0,0
0.00313752,1,0,1,1,0,1,0,1,0,1,0,0,1,0,0,0
0.00313754,1,0,1,1,0,1,0,0,0,1,0,0,1,0,0,0
0.00313759,1,0,1,1,0,1,0,1,0,1,0,0,1,0,0,0
0.00313761,1,0,1,1,0,1,0,0,0,1,0,0,1,0,0,0
0.00313779,1,0,1,1,0,0,0,0,0,1,0,0,1,0,0,0
0.0031378,1,0,1,1,0,1,0,0,0,1,0,0,1,0,0,0
0.00313788,1,0,1,1,0,0,0,0,0,1,0,0,1,0,0,0
0.0031381,1,0,1,0,0,0,0,0,0,1,0,0,1,0,0,0
0.00313813,1,0,1,1,0,0,0,0,0,1,0,0,1,0,0,0
0.00313815,1,0,1,0,0,0,0,0,0,1,0,0,1,0,0,0
0.00313819,1,0,1,1,0,0,0,0,0,1,0,0,1,0,0,0
0.0031382,1,0,0,0,0,0,0,0,0,1,0,0,1,0,0,0
0.00313821,1,0,1,0,0,0,0,0,0,1,0,0,1,0,0,0
0.00313824,1,0,0,0,0,0,0,0,0,1,0,0,1,0,0,0
0.00313826,1,0,1,1,0,0,0,0,0,1,0,0,1,0,0,0
0.00313827,1,0,0,0,0,0,0,0,0,1,0,0,1,0,0,0
0.00313828,1,1,1,1,0,0,0,0,0,1,0,0,1,0,0,0
0.00313829,1,1,1,1,0,1,0,1,0,1,0,0,1,0,0,0
0.0031383,1,1,1,1,1,1,1,1,0,1,0,0,1,0,0,0
0.00313835,1,0,0,0,1,0,0,0,0,1,0,0,1,0,0,0
0.00313838,1,0,1,0,1,0,0,0,0,1,0,0,1,0,0,0
0.00313839,1,1,1,1,1,1,1,1,0,1,0,0,1,0,0,0
0.00313841,1,1,1,1,1,1,0,1,0,1,0,0,1,0,0,0
0.00313842,1,0,1,1,1,1,0,0,0,1,0,0,1,0,0,0
0.00313843,1,0,0,0,1,0,0,0,0,1,0,0,1,0,0,0
0.00313846,1,0,1,1,1,0,0,0,0,1,0,0,1,0,0,0
0.00313847,1,0,1,1,1,1,0,1,0,1,0,0,1,0,0,0
0.00313849,1,0,1,1,1,1,0,0,0,1,0,0,1,0,0,0
0.0031385,1,0,1,1,1,0,0,0,0,1,0,0,1,0,0,0
0.00313851,1,0,0,0,1,0,0,0,0,1,0,0,1,0,0,0
0.00313854,1,0,1,1,1,0,0,0,0,1,0,0,1,0,0,0
0.00313858,1,0,0,0,1,0,0,0,0,1,0,0,1,0,0,0
0.00313862,1,0,1,1,1,0,0,0,0,1,0,0,1,0,0,0
0.00313863,1,0,0,0,1,0,0,0,0,1,0,0,1,0,0,0
0.00313872,1,0,1,0,1,0,0,0,0,0,0,0,1,0,0,0
0.00313873,1,0,0,0,1,0,0,0,0,0,0,0,1,0,0,0
0.00313874,1,0,0,0,1,0,0,0,1,0,0,0,1,0,0,0
0.00313878,1,0,1,1,1,0,0,0,1,0,0,0,1,0,0,0
0.00313879,1,0,1,0,1,0,0,0,1,0,0,0,1,0,0,0
0.0031388,1,0,0,0,1,0,0,0,0,0,0,0,0,0,0,0
0.00313881,1,0,0,0,1,0,0,0,1,0,0,0,1,0,0,0
0.00313886,1,0,1,1,1,0,0,0,1,0,0,0,1,0,0,0
0.00313887,1,0,0,0,1,0,0,0,1,0,0,0,1,0,0,0
0.00313925,1,1,1,1,1,0,0,0,1,0,0,0,1,0,0,0
0.00313927,1,1,1,1,1,1,1,1,1,0,0,0,1,0,0,0
0.00313933,0,1,0,0,0,0,0,0,1,0,0,0,1,0,0,0
0.00313937,0,1,1,1,0,1,0,1,1,0,0,0,1,0,0,0
0.00313939,1,1,1,1,0,1,1,1,1,0,0,0,1,0,0,0
0.0031394,1,1,1,1,0,1,0,1,1,0,0,0,1,0,0,0
0.00313941,0,1,1,1,0,1,0,1,1,0,0,0,1,0,0,0
0.00313942,0,1,0,0,0,0,0,0,1,0,0,0,1,0,0,0
0.00313945,0,1,1,1,0,0,0,0,1,0,0,0,1,0,0,0
0.00313946,0,1,1,1,0,1,0,0,1,0,0,0,1,0,0,0
0.00313947,0,1,1,1,0,1,0,1,1,0,0,0,1,0,0,0
0.00313948,0,1,1,1,0,1,0,0,1,0,0,0,1,0,0,0
0.0031395,0,1,1,1,0,0,0,0,1,0,0,0,1,0,0,0
0.00313951,0,1,1,0,0,0,0,0,1,0,0,0,1,0,0,0
0.00313953,0,1,1,1,0,0,0,0,1,0,0,0,1,0,0,0
0.00313965,0,1,1,0,0,0,0,0,1,0,0,0,1,0,0,0
0.00313967,0,1,1,1,0,0,0,0,1,0,0,0,1,0,0,0
0.00313969,0,1,0,0,0,0,0,0,1,0,0,0,1,0,0,0
0.0031397,0,1,1,0,0,0,0,0,1,0,0,0,1,0,0,0
0.00313971,0,1,1,1,0,0,0,0,1,0,0,0,1,0,0,0
0.00313974,0,1,1,0,0,0,0,0,1,0,0,0,1,0,0,0
0.00313984,0,1,0,0,0,0,0,0,1,0,0,0,1,0,0,0
0.00313985,0,1,1,0,0,0,0,0,1,0,0,0,1,0,0,0
0.00313992,0,1,0,0,0,0,0,0,1,0,0,0,1,0,0,0
0.00313994,0,1,1,0,0,0,0,0,1,0,0,0,1,0,0,0
0.00313996,0,1,0,0,0,0,0,0,1,0,0,0,1,0,0,0
0.00314026,1,1,1,1,1,1,0,1,1,0,0,0,1,0,0,0
0.00314027,1,1,1,1,1,1,1,1,1,0,0,0,1,0,0,0
0.0031403,0,1,0,0,0,0,0,1,1,0,0,0,1,0,0,0
0.00314034,1,1,1,1,0,1,0,1,1,0,0,0,1,0,0,0
0.00314038,0,1,0,0,0,0,0,1,1,0,0,0,1,0,0,0
0.00314042,0,1,1,1,0,0,0,1,1,0,0,0,1,0,0,0
0.00314043,0,1,1,1,0,1,0,1,1,0,0,0,1,0,0,0
0.00314044,0,1,1,1,0,0,0,1,1,0,0,0,1,0,0,0
0.00314045,0,1,1,0,0,0,0,1,1,0,0,0,1,0,0,0
0.00314046,0,1,0,0,0,0,0,1,1,0,0,0,1,0,0,0
0.0031405,0,1,1,0,0,0,0,1,1,0,0,0,1,0,0,0
0.00314051,0,1,0,0,0,0,0,1,1,0,0,0,1,0,0,0
0.00314052,0,1,1,0,0,0,0,1,1,0,0,0,1,0,0,0
0.00314053,0,1,0,0,0,0,0,1,1,0,0,0,1,0,0,0
0.00314068,0,1,0,0,0,0,0,1,0,0,0,0,0,0,1,0
0.00314069,0,1,0,0,0,0,0,1,0,1,0,0,0,0,1,0
0.00314075,0,1,0,0,0,0,0,1,0,0,0,0,0,0,0,0
0.00314076,0,1,0,0,0,0,0,1,0,1,0,0,0,0,1,0
0.0031412,1,1,1,1,0,1,0,1,0,1,0,0,0,0,1,0
0.00314121,1,0,1,1,1,0,0,1,0,1,0,0,0,0,1,0
0.00314122,0,0,0,0,0,0,0,0,0,1,0,0,0,0,1,0
0.00314123,1,0,0,0,0,1,1,1,0,1,0,0,0,0,1,0
0.00314124,1,0,1,1,0,1,0,0,0,1,0,0,0,0,1,0
0.00314125,1,0,1,1,1,1,0,0,0,1,0,0,0,0,1,0
0.00314126,1,0,0,0,0,1,0,0,0,1,0,0,0,0,1,0
0.00314127,1,0,0,0,0,0,0,0,0,1,0,0,0,0,1,0
0.0031413,1,0,1,1,0,0,0,0,0,1,0,0,0,0,1,0
0.00314132,1,0,0,0,0,0,0,0,0,1,0,0,0,0,1,0
0.00314165,1,1,1,1,0,0,0,0,0,1,0,0,0,0,1,0
0.00314168,1,1,1,1,0,1,0,0,0,1,0,0,0,0,1,0
0.00314169,1,1,1,1,0,0,0,0,0,1,0,0,0,0,1,0
0.00314212,1,1,1,1,0,1,1,1,0,1,0,0,0,0,1,0
0.00314213,0,1,1,1,0,0,0,0,0,1,0,0,0,0,1,0
0.00314221,0,1,1,1,0,1,0,0,0,1,0,0,0,0,1,0
0.00314222,1,1,1,1,1,1,1,1,0,1,0,0,0,0,1,0
0.00314225,0,0,1,0,1,1,1,1,0,1,0,0,0,0,1,0
0.00314226,0,0,1,0,1,0,1,1,0,1,0,0,0,0,1,0
0.00314227,0,1,1,0,1,1,1,1,0,1,0,0,0,0,1,0
0.00314228,1,1,0,1,1,1,1,1,0,1,0,0,0,0,1,0
0.0031423,1,1,1,1,1,1,1,1,0,1,0,0,0,0,1,0
0.00314232,1,1,0,1,1,1,0,0,0,1,0,0,0,0,1,0
0.00314233,0,1,0,0,1,1,0,0,0,1,0,0,0,0,1,0
0.00314236,1,1,0,1,1,1,0,0,0,1,0,0,0,0,1,0
0.00314237,1,1,1,1,1,1,0,0,0,1,0,0,0,0,1,0
0.00314238,1,1,0,1,1,1,0,0,0,1,0,0,0,0,1,0
0.00314241,0,1,0,0,1,1,0,0,0,1,0,0,0,0,1,0
0.00314243,1,1,0,1,1,1,0,0,0,1,0,0,0,0,1,0
0.00314263,1,1,0,1,1,1,0,0,0,1,0,0,1,0,0,0
0.00314264,1,1,0,1,1,1,0,0,0,1,0,0,1,1,0,0
0.00314305,0,1,0,1,1,1,0,0,0,1,0,0,1,1,0,0
0.00314306,1,1,0,1,1,1,0,0,0,1,0,0,1,1,0,0
0.00314308,0,1,0,1,1,1,0,0,0,1,0,0,1,1,0,0
0.00314311,1,1,0,1,1,1,0,0,0,1,0,0,1,1,0,0
0.00314312,0,1,0,1,1,1,0,0,0,1,0,0,1,1,0,0
0.00314314,1,1,0,1,1,1,0,0,0,1,0,0,1,1,0,0
0.00314315,0,1,0,1,1,1,0,0,0,1,0,0,1,1,0,0
0.00314316,1,1,1,0,1,1,0,0,0,1,0,0,1,1,0,0
0.00314317,1,1,0,1,1,1,0,0,0,1,0,0,1,1,0,0
0.00314318,1,1,1,1,1,1,0,0,0,1,0,0,1,1,0,0
0.00314319,1,1,1,1,1,1,1,1,0,1,0,0,1,1,0,0
0.00314323,0,1,1,1,0,0,1,0,0,1,0,0,1,1,0,0
0.00314324,0,1,1,0,0,0,1,0,0,1,0,0,1,1,0,0
0.00314327,1,1,1,1,0,1,1,1,0,1,0,0,1,1,0,0
0.0031433,1,1,1,1,0,0,1,0,0,1,0,0,1,1,0,0
0.00314332,0,1,1,0,0,0,1,0,0,1,0,0,1,1,0,0
0.00314334,1,1,1,1,0,0,1,0,0,1,0,0,1,1,0,0
0.00314406,0,1,1,1,0,0,1,0,0,1,0,0,1,1,0,0
0.00314407,1,1,1,1,0,0,1,0,0,1,0,0,1,1,0,0
0.00314408,0,1,1,1,0,0,1,0,0,1,0,0,1,1,0,0
0.00314409,0,1,1,0,0,0,1,0,0,1,0,0,1,1,0,0
0.0031441,1,1,1,1,0,0,1,0,0,1,0,0,1,1,0,0
0.00314412,0,1,1,1,0,0,1,0,0,1,0,0,1,1,0,0
0.00314413,1,1,1,1,0,0,1,0,0,1,0,0,1,1,0,0
0.00314414,1,1,1,1,1,0,1,1,0,1,0,0,1,1,0,0
0.00314415,1,1,1,1,1,1,1,1,0,1,0,0,1,1,0,0
0.00314421,1,0,0,1,0,1,0,1,0,1,0,0,1,1,0,0
0.00314422,1,0,0,0,0,0,0,0,0,1,0,0,1,1,0,0
0.00314425,1,0,0,1,0,0,0,0,0,1,0,0,1,1,0,0
0.00314426,1,0,1,1,0,1,0,1,0,1,0,0,1,1,0,0
0.00314427,1,1,1,1,1,1,0,1,0,1,0,0,1,1,0,0
0.00314428,1,0,1,1,0,1,0,1,0,1,0,0,1,1,0,0
0.00314429,1,0,0,1,0,1,0,0,0,1,0,0,1,1,0,0
0.0031443,1,0,0,1,0,0,0,0,0,1,0,0,1,1,0,0
0.00314431,1,0,0,0,0,0,0,0,0,1,0,0,1,1,0,0
0.00314433,1,0,0,1,0,0,0,0,0,1,0,0,1,1,0,0
0.00314435,1,0,0,1,0,1,0,0,0,1,0,0,1,1,0,0
0.00314436,1,0,0,1,0,0,0,0,0,1,0,0,1,1,0,0
0.00314439,1,0,0,0,0,0,0,0,0,1,0,0,1,1,0,0
0.0031444,1,0,0,1,0,0,0,0,0,1,0,0,1,1,0,0
0.00314462,1,0,0,0,0,0,0,0,0,1,0,0,1,1,0,0
0.00314463,1,0,0,1,0,0,0,0,0,1,0,0,1,1,0,0
0.00314471,1,0,0,0,0,0,0,0,0,1,0,0,1,1,0,0
0.00314474,1,0,0,1,0,0,0,0,0,1,0,0,1,1,0,0
0.00314475,1,0,0,0,0,0,0,0,0,1,0,0,1,1,0,0
0.00314512,1,0,0,1,0,1,0,0,0,1,0,0,1,1,0,0
0.00314513,1,1,1,1,1,1,1,1,0,1,0,0,1,1,0,0
0.00314614,1,1,1,1,1,0,0,0,0,1,0,0,1,1,0,0
0.00314615,0,1,0,0,1,0,0,0,0,1,0,0,1,1,0,0
0.00314619,1,1,1,1,1,1,0,1,0,1,0,0,1,1,0,0
0.0031462,1,1,1,1,1,1,1,1,0,1,0,0,1,1,0,0
0.00314621,1,1,1,1,1,1,0,0,0,1,0,0,1,1,0,0
0.00314622,0,1,0,0,1,0,0,0,0,1,0,0,1,1,0,0
0.00314627,0,1,1,1,1,0,0,0,0,1,0,0,1,1,0,0
0.00314628,0,1,0,1,1,0,0,0,0,1,0,0,1,1,0,0
0.00314629,0,1,0,0,1,0,0,0,0,1,0,0,1,1,0,0
0.00314653,0,1,0,0,1,0,0,0,0,1,0,0,1,0,0,0
0.00314661,0,1,0,0,1,0,0,0,0,0,0,0,0,0,0,0
0.00314662,0,1,0,0,1,0,0,0,0,1,0,0,1,0,0,0
0.00314709,1,1,1,1,1,1,1,1,0,1,0,0,1,0,0,0
0.00314713,1,1,1,1,0,1,1,1,0,1,0,0,1,0,0,0
0.00314714,0,1,0,0,0,0,0,0,0,1,0,0,1,0,0,0
0.00314717,1,1,1,1,0,1,0,0,0,1,0,0,1,0,0,0
0.00314718,1,1,1,1,0,1,1,1,0,1,0,0,1,0,0,0
0.00314721,1,1,1,1,0,1,0,1,0,1,0,0,1,0,0,0
0.00314723,0,1,1,0,0,0,0,0,0,1,0,0,1,0,0,0
0.00314724,0,1,0,0,0,0,0,0,0,1,0,0,1,0,0,0
0.00314725,1,1,1,1,0,1,0,0,0,1,0,0,1,0,0,0
0.00314726,1,1,1,1,0,1,0,1,0,1,0,0,1,0,0,0
0.00314731,1,1,1,1,0,1,0,0,0,1,0,0,1,0,0,0
0.00314734,1,1,1,1,0,1,0,1,0,1,0,0,1,0,0,0
0.00314738,1,1,1,1,0,1,0,0,0,1,0,0,1,0,0,0
0.00314775,1,1,1,1,0,0,0,0,0,1,0,0,1,0,0,0
0.00314776,1,1,1,1,0,1,0,0,0,1,0,0,1,0,0,0
0.00314779,1,1,1,1,0,0,0,0,0,1,0,0,1,0,0,0
0.00314797,0,1,1,0,0,0,0,0,0,1,0,0,1,0,0,0
0.00314798,1,1,1,1,0,0,0,0,0,1,0,0,1,0,0,0
0.00314799,0,1,1,0,0,0,0,0,0,1,0,0,1,0,0,0
0.003148,1,1,1,1,0,0,0,0,0,1,0,0,1,0,0,0
0.00314802,0,1,1,1,0,0,0,0,0,1,0,0,1,0,0,0
0.00314803,1,1,1,1,0,1,0,0,0,1,0,0,1,0,0,0
0.00314804,1,1,1,1,0,0,0,0,0,1,0,0,1,0,0,0
0.00314805,1,1,1,1,1,1,1,1,0,1,0,0,1,0,0,0
0.00314812,1,0,0,0,1,0,0,0,0,1,0,0,1,0,0,0
0.00314816,1,1,1,1,1,1,1,1,0,1,0,0,1,0,0,0
0.00314818,1,0,1,1,1,1,1,1,0,1,0,0,1,0,0,0
0.00314819,1,0,1,1,1,1,0,0,0,1,0,0,1,0,0,0
0.0031482,1,0,0,0,1,0,0,0,0,1,0,0,1,0,0,0
0.00314823,1,0,1,1,1,0,0,0,0,1,0,0,1,0,0,0
0.00314824,1,0,1,1,1,1,0,0,0,1,0,0,1,0,0,0
0.00314827,1,0,1,1,1,0,0,0,0,1,0,0,1,0,0,0
0.00314828,1,0,1,0,1,0,0,0,0,1,0,0,1,0,0,0
0.00314829,1,0,0,0,1,0,0,0,0,1,0,0,1,0,0,0
0.0031483,1,0,1,0,1,0,0,0,0,1,0,0,1,0,0,0
0.00314831,1,0,1,1,1,0,0,0,0,1,0,0,1,0,0,0
0.00314835,1,0,1,0,1,0,0,0,0,1,0,0,1,0,0,0
0.00314841,1,0,1,1,1,0,0,0,0,1,0,0,1,0,0,0
0.00314842,1,0,1,0,1,0,0,0,0,1,0,0,1,0,0,0
0.00314848,1,0,1,1,1,0,0,0,0,1,0,0,1,0,0,0
0.00314849,1,0,1,1,1,0,0,0,0,0,0,0,1,0,0,0
0.0031485,1,0,0,0,1,0,0,0,1,0,0,0,1,0,0,0
0.00314853,1,0,1,0,1,0,0,0,1,0,0,0,1,0,0,0
0.00314854,1,0,1,1,1,0,0,0,1,0,0,0,1,0,0,0
0.00314856,1,0,1,0,1,0,0,0,0,0,0,0,0,0,0,0
0.00314857,1,0,0,0,1,0,0,0,1,0,0,0,1,0,0,0
0.00314862,1,0,1,1,1,0,0,0,1,0,0,0,1,0,0,0
0.00314864,1,0,1,0,1,0,0,0,1,0,0,0,1,0,0,0
0.00314865,1,0,0,0,1,0,0,0,1,0,0,0,1,0,0,0
0.00314901,1,0,1,0,1,0,0,0,1,0,0,0,1,0,0,0
0.00314902,1,1,1,0,1,0,0,0,1,0,0,0,1,0,0,0
0.00314903,1,1,0,0,1,0,0,0,1,0,0,0,1,0,0,0
0.00314904,1,1,1,1,1,1,1,1,1,0,0,0,1,0,0,0
0.00314909,0,1,0,0,0,0,0,0,1,0,0,0,1,0,0,0
0.00314913,1,1,1,1,0,1,1,1,1,0,0,0,1,0,0,0
0.00314914,1,1,1,1,0,1,0,1,1,0,0,0,1,0,0,0
0.00314915,1,1,1,1,0,1,1,1,1,0,0,0,1,0,0,0
0.00314917,1,1,1,1,0,1,0,1,1,0,0,0,1,0,0,0
0.00314918,0,1,1,1,0,0,0,0,1,0,0,0,1,0,0,0
0.00314919,0,1,0,0,0,0,0,0,1,0,0,0,1,0,0,0
0.0031492,0,1,1,0,0,0,0,0,1,0,0,0,1,0,0,0
0.00314921,1,1,1,1,0,1,0,0,1,0,0,0,1,0,0,0
0.00314922,1,1,1,1,0,1,0,1,1,0,0,0,1,0,0,0
0.00314925,1,1,1,1,0,1,0,0,1,0,0,0,1,0,0,0
0.00314927,0,1,1,1,0,0,0,0,1,0,0,0,1,0,0,0
0.00314929,1,1,1,1,0,1,0,0,1,0,0,0,1,0,0,0
0.00314941,1,1,1,1,0,0,0,0,1,0,0,0,1,0,0,0
0.00314942,0,1,1,1,0,0,0,0,1,0,0,0,1,0,0,0
0.00314943,1,1,1,1,0,0,0,0,1,0,0,0,1,0,0,0
0.00314944,1,1,1,1,0,1,0,0,1,0,0,0,1,0,0,0
0.00314945,0,1,1,1,0,0,0,0,1,0,0,0,1,0,0,0
0.00314946,1,1,1,1,0,0,0,0,1,0,0,0,1,0,0,0
0.00314947,1,1,1,1,0,1,0,0,1,0,0,0,1,0,0,0
0.0031495,1,1,1,1,0,0,0,0,1,0,0,0,1,0,0,0
0.00314951,0,1,1,1,0,0,0,0,1,0,0,0,1,0,0,0
0.00314952,1,1,1,1,0,0,0,0,1,0,0,0,1,0,0,0
0.0031496,0,1,1,1,0,0,0,0,1,0,0,0,1,0,0,0
0.00314962,1,1,1,1,0,0,0,0,1,0,0,0,1,0,0,0
0.00314965,0,1,1,1,0,0,0,0,1,0,0,0,1,0,0,0
0.00314966,1,1,1,1,0,0,0,0,1,0,0,0,1,0,0,0
0.00314968,0,1,1,1,0,0,0,0,1,0,0,0,1,0,0,0
0.00314974,1,1,1,1,0,0,0,0,1,0,0,0,1,0,0,0
0.00314975,0,1,1,1,0,0,0,0,1,0,0,0,1,0,0,0
0.00314978,0,1,1,0,0,0,0,0,1,0,0,0,1,0,0,0
0.00314979,0,1,1,1,0,0,0,0,1,0,0,0,1,0,0,0
0.0031498,1,1,1,1,0,0,0,0,1,0,0,0,1,0,0,0
0.00314981,0,1,1,1,0,0,0,0,1,0,0,0,1,0,0,0
0.00314982,0,1,1,0,0,0,0,0,1,0,0,0,1,0,0,0
0.00314989,0,1,1,1,0,0,0,0,1,0,0,0,1,0,0,0
0.00314992,0,1,1,0,0,0,0,0,1,0,0,0,1,0,0,0
0.00314993,0,1,1,1,0,0,0,0,1,0,0,0,1,0,0,0
0.00314994,0,1,1,0,0,0,0,0,1,0,0,0,1,0,0,0
0.00314995,0,1,0,0,0,0,0,0,1,0,0,0,1,0,0,0
0.00314996,1,1,1,1,0,0,0,0,1,0,0,0,1,0,0,0
0.00314997,0,1,1,0,0,0,0,0,1,0,0,0,1,0,0,0
0.00314999,1,1,1,1,0,0,0,0,1,0,0,0,1,0,0,0
0.00315,1,1,1,1,1,0,0,0,1,0,0,0,1,0,0,0
0.00315001,1,1,1,1,1,1,1,1,1,0,0,0,1,0,0,0
0.00315007,1,1,1,1,1,1,0,1,1,0,0,0,1,0,0,0
0.00315008,0,1,0,0,0,0,0,1,1,0,0,0,1,0,0,0
0.00315011,1,1,1,1,0,1,1,1,1,0,0,0,1,0,0,0
0.00315012,1,1,1,1,1,1,1,1,1,0,0,0,1,0,0,0
0.00315014,1,1,1,1,0,1,1,1,1,0,0,0,1,0,0,0
0.00315015,1,1,1,1,0,1,0,1,1,0,0,0,1,0,0,0
0.00315016,0,1,1,0,0,0,0,1,1,0,0,0,1,0,0,0
0.00315017,0,1,0,0,0,0,0,1,1,0,0,0,1,0,0,0
0.00315018,0,1,1,1,0,0,0,1,1,0,0,0,1,0,0,0
0.00315019,1,1,1,1,0,1,0,1,1,0,0,0,1,0,0,0
0.00315025,1,1,1,1,0,0,0,1,1,0,0,0,1,0,0,0
0.00315026,1,1,1,1,0,1,0,1,1,0,0,0,1,0,0,0
0.00315032,0,1,1,1,0,1,0,1,1,0,0,0,1,0,0,0
0.00315033,1,1,1,1,0,1,0,1,1,0,0,0,1,0,0,0
0.00315044,1,1,1,1,0,1,0,1,0,0,0,0,0,0,0,0
0.00315045,1,1,1,1,0,1,0,1,0,1,0,0,0,0,1,0
0.00315046,0,1,1,1,0,0,0,1,0,1,0,0,0,0,1,0
0.00315048,1,1,1,1,0,0,0,1,0,1,0,0,0,0,1,0
0.00315049,1,1,1,1,0,1,0,1,0,1,0,0,0,0,1,0
0.00315051,1,1,1,1,0,1,0,1,0,0,0,0,0,0,0,0
0.00315052,1,1,1,1,0,0,0,1,0,1,0,0,0,0,1,0
0.00315054,0,1,1,1,0,0,0,1,0,1,0,0,0,0,1,0
0.00315055,0,1,1,0,0,0,0,1,0,1,0,0,0,0,1,0
0.00315056,0,1,1,1,0,0,0,1,0,1,0,0,0,0,1,0
0.00315057,1,1,1,1,0,1,0,1,0,1,0,0,0,0,1,0
0.00315059,0,1,1,1,0,0,0,1,0,1,0,0,0,0,1,0
0.00315065,1,1,1,1,0,0,0,1,0,1,0,0,0,0,1,0
0.00315067,0,1,1,1,0,0,0,1,0,1,0,0,0,0,1,0
0.00315071,1,1,1,1,0,0,0,1,0,1,0,0,0,0,1,0
0.00315072,0,1,1,1,0,0,0,1,0,1,0,0,0,0,1,0
0.00315078,0,1,1,0,0,0,0,1,0,1,0,0,0,0,1,0
0.00315079,0,1,1,1,0,0,0,1,0,1,0,0,0,0,1,0
0.00315082,0,1,1,0,0,0,0,1,0,1,0,0,0,0,1,0
0.00315083,0,1,1,1,0,0,0,1,0,1,0,0,0,0,1,0
0.00315084,0,1,1,0,0,0,0,1,0,1,0,0,0,0,1,0
0.00315088,0,1,1,1,0,0,0,1,0,1,0,0,0,0,1,0
0.0031509,0,1,1,0,0,0,0,1,0,1,0,0,0,0,1,0
0.00315095,0,1,1,1,0,0,0,1,0,1,0,0,0,0,1,0
0.00315096,1,1,1,1,0,1,0,1,0,1,0,0,0,0,1,0
0.00315097,1,1,1,1,1,1,0,1,0,1,0,0,0,0,1,0
0.00315098,1,0,0,1,0,0,0,0,0,1,0,0,0,0,1,0
0.00315099,0,0,0,0,0,1,0,1,0,1,0,0,0,0,1,0
0.003151,0,0,0,1,0,1,1,1,0,1,0,0,0,0,1,0
0.00315101,1,0,1,1,1,1,0,0,0,1,0,0,0,0,1,0
0.00315102,1,0,1,1,0,1,0,0,0,1,0,0,0,0,1,0
0.00315103,0,0,0,0,0,0,0,0,0,1,0,0,0,0,1,0
0.00315106,1,0,1,1,0,1,0,0,0,1,0,0,0,0,1,0
0.0031511,0,0,1,1,0,0,0,0,0,1,0,0,0,0,1,0
0.00315111,0,0,0,0,0,0,0,0,0,1,0,0,0,0,1,0
0.00315114,0,0,1,0,0,0,0,0,0,1,0,0,0,0,1,0
0.00315115,1,0,1,1,0,0,0,0,0,1,0,0,0,0,1,0
0.00315117,0,0,1,1,0,0,0,0,0,1,0,0,0,0,1,0
0.00315118,0,0,1,0,0,0,0,0,0,1,0,0,0,0,1,0
0.00315119,0,0,0,0,0,0,0,0,0,1,0,0,0,0,1,0
0.0031512,0,0,1,0,0,0,0,0,0,1,0,0,0,0,1,0
0.00315125,0,0,1,1,0,0,0,0,0,1,0,0,0,0,1,0
0.00315126,0,0,1,0,0,0,0,0,0,1,0,0,0,0,1,0
0.00315128,0,0,0,0,0,0,0,0,0,1,0,0,0,0,1,0
0.0031513,0,0,1,0,0,0,0,0,0,1,0,0,0,0,1,0
0.00315131,0,0,0,0,0,0,0,0,0,1,0,0,0,0,1,0
0.00315132,0,0,1,0,0,0,0,0,0,1,0,0,0,0,1,0
0.00315134,0,0,0,0,0,0,0,0,0,1,0,0,0,0,1,0
0.00315139,0,0,1,1,0,0,0,0,0,1,0,0,0,0,1,0
0.0031514,0,0,1,0,0,0,0,0,0,1,0,0,0,0,1,0
0.00315141,0,1,0,1,0,0,0,0,0,1,0,0,0,0,1,0
0.00315142,0,1,1,1,0,0,0,0,0,1,0,0,0,0,1,0
0.00315143,1,1,1,1,0,0,0,0,0,1,0,0,0,0,1,0
0.00315144,1,1,1,1,0,1,1,0,0,1,0,0,0,0,1,0
0.00315145,1,1,1,1,0,1,0,0,0,1,0,0,0,0,1,0
0.00315146,0,1,1,1,0,0,0,0,0,1,0,0,0,0,1,0
0.00315188,1,1,1,1,1,1,1,1,0,1,0,0,0,0,1,0
0.00315189,0,0,1,1,0,1,0,0,0,1,0,0,0,0,1,0
0.0031519,0,0,1,1,0,0,0,0,0,1,0,0,0,0,1,0
0.00315193,1,0,1,1,0,1,0,0,0,1,0,0,0,0,1,0
0.00315195,0,0,1,1,0,0,0,0,0,1,0,0,0,0,1,0
0.00315198,1,0,1,1,1,1,1,1,0,1,0,0,0,0,1,0
0.00315199,1,1,1,1,1,1,1,1,0,1,0,0,0,0,1,0
0.00315202,0,1,0,0,1,1,0,0,0,1,0,0,0,0,1,0
0.00315206,1,1,1,1,1,1,0,0,0,1,0,0,0,0,1,0
0.00315207,1,1,1,1,1,1,1,1,0,1,0,0,0,0,1,0
0.00315208,1,1,1,1,1,1,0,0,0,1,0,0,0,0,1,0
0.00315209,1,1,1,0,1,1,0,0,0,1,0,0,0,0,1,0
0.0031521,0,1,0,0,1,1,0,0,0,1,0,0,0,0,1,0
0.00315213,0,1,1,0,1,1,0,0,0,1,0,0,0,0,1,0
0.00315214,1,1,1,0,1,1,0,0,0,1,0,0,0,0,1,0
0.00315216,0,1,1,0,1,1,0,0,0,1,0,0,0,0,1,0
0.00315217,0,1,0,0,1,1,0,0,0,1,0,0,0,0,1,0
0.00315221,0,1,1,0,1,1,0,0,0,1,0,0,0,0,1,0
0.00315224,0,1,0,0,1,1,0,0,0,1,0,0,0,0,1,0
0.00315233,0,1,1,0,1,1,0,0,0,1,0,0,0,0,1,0
0.00315234,0,1,0,0,1,1,0,0,0,1,0,0,0,0,1,0
0.00315238,0,1,1,0,1,1,0,0,0,1,0,0,0,0,1,0
0.00315239,0,1,1,0,1,1,0,0,0,1,0,0,0,0,0,0
0.0031524,0,1,0,0,1,1,0,0,0,1,0,0,1,0,0,0
0.00315241,0,1,0,0,1,1,0,0,0,1,0,0,1,1,0,0
0.00315244,0,1,1,0,1,1,0,0,0,1,0,0,1,1,0,0
0.00315246,0,1,0,0,1,1,0,0,0,1,0,0,1,1,0,0
0.00315252,0,1,1,0,1,1,0,0,0,1,0,0,1,1,0,0
0.00315254,0,1,0,0,1,1,0,0,0,1,0,0,1,1,0,0
0.00315294,0,1,1,1,1,1,0,0,0,1,0,0,1,1,0,0
0.00315295,1,1,1,1,1,1,1,1,0,1,0,0,1,1,0,0
0.003153,0,1,0,0,1,1,0,0,0,1,0,0,1,1,0,0
0.00315303,0,1,1,0,1,1,0,0,0,1,0,0,1,1,0,0
0.00315304,1,1,1,1,1,1,1,1,0,1,0,0,1,1,0,0
0.00315306,1,1,1,1,1,1,0,0,0,1,0,0,1,1,0,0
0.00315307,1,1,1,0,1,1,0,0,0,1,0,0,1,1,0,0
0.00315308,0,1,0,0,1,1,0,0,0,1,0,0,1,1,0,0
0.00315311,1,1,1,1,1,1,0,0,0,1,0,0,1,1,0,0
0.00315314,0,1,1,1,1,1,0,0,0,1,0,0,1,1,0,0
0.00315315,0,1,1,0,1,1,0,0,0,1,0,0,1,1,0,0
0.00315319,0,1,1,1,1,1,0,0,0,1,0,0,1,1,0,0
0.00315321,0,1,1,0,1,1,0,0,0,1,0,0,1,1,0,0
0.00315363,0,1,0,0,1,1,0,0,0,1,0,0,1,1,0,0
0.00315364,0,1,1,0,1,1,0,0,0,1,0,0,1,1,0,0
0.00315366,0,1,0,0,1,1,0,0,0,1,0,0,1,1,0,0
0.00315369,0,1,1,0,1,1,0,0,0,1,0,0,1,1,0,0
0.0031537,0,1,0,0,1,1,0,0,0,1,0,0,1,1,0,0
0.00315381,0,1,1,0,1,1,0,0,0,1,0,0,1,1,0,0
0.00315382,0,1,0,0,1,1,0,0,0,1,0,0,1,1,0,0
0.0031539,1,1,1,1,1,1,0,0,0,1,0,0,1,1,0,0
0.00315391,1,1,1,1,1,1,1,1,0,1,0,0,1,1,0,0
0.00315396,1,1,1,1,0,0,0,1,0,1,0,0,1,1,0,0
0.00315397,1,1,0,1,0,0,0,0,0,1,0,0,1,1,0,0
0.003154,1,1,1,1,0,0,0,0,0,1,0,0,1,1,0,0
0.00315401,1,1,1,1,0,0,0,1,0,1,0,0,1,1,0,0
0.00315402,1,1,1,1,0,1,1,1,0,1,0,0,1,1,0,0
0.00315403,1,1,1,1,0,0,0,0,0,1,0,0,1,1,0,0
0.00315405,1,1,0,1,0,0,0,0,0,1,0,0,1,1,0,0
0.00315408,1,1,1,1,0,0,0,0,0,1,0,0,1,1,0,0
0.00315411,1,1,0,1,0,0,0,0,0,1,0,0,1,1,0,0
0.00315417,1,1,1,1,0,0,0,0,0,1,0,0,1,1,0,0
0.00315418,1,1,0,1,0,0,0,0,0,1,0,0,1,1,0,0
0.00315488,1,1,1,1,0,0,0,0,0,1,0,0,1,1,0,0
0.00315489,1,1,1,1,0,0,0,1,0,1,0,0,1,1,0,0
0.0031549,1,1,1,1,1,1,1,1,0,1,0,0,1,1,0,0
0.00315587,1,1,1,1,0,1,1,1,0,1,0,0,1,1,0,0
0.00315589,1,1,1,1,1,1,1,1,0,1,0,0,1,1,0,0
0.0031559,0,0,1,1,1,0,0,1,0,1,0,0,1,1,0,0
0.00315591,0,0,0,1,1,0,0,1,0,1,0,0,1,1,0,0
0.00315593,1,1,1,1,1,1,1,1,0,1,0,0,1,1,0,0
0.00315597,0,1,1,1,1,1,1,1,0,1,0,0,1,1,0,0
0.00315598,0,1,1,1,0,1,1,1,0,1,0,0,1,1,0,0
0.00315599,0,1,1,0,0,1,1,0,0,1,0,0,1,1,0,0
0.0031563,0,1,1,0,0,1,1,0,0,1,0,0,0,1,0,0
0.00315631,0,1,1,0,0,1,1,0,0,1,1,0,0,1,0,1
0.00315683,0,1,1,1,0,1,1,0,0,1,1,0,0,1,0,1
0.00315684,0,1,1,0,0,1,1,0,0,1,1,0,0,1,0,1
0.00315685,1,1,1,1,1,1,1,0,0,1,1,0,0,1,0,1
0.00315686,1,1,1,1,1,1,1,1,0,1,1,0,0,1,0,1
0.00315689,1,0,1,1,1,1,1,1,0,1,1,0,0,1,0,1
0.0031569,0,0,0,0,0,1,0,1,0,1,1,0,0,1,0,1
0.00315694,0,0,0,1,0,1,1,1,0,1,1,0,0,1,0,1
0.00315695,1,0,1,1,0,1,1,1,0,1,1,0,0,1,0,1
0.00315696,0,0,1,1,0,1,1,1,0,1,1,0,0,1,0,1
0.00315697,0,0,0,0,0,1,0,1,0,1,1,0,0,1,0,1
0.00315781,1,1,0,0,0,1,0,1,0,1,1,0,0,1,0,1
0.00315782,1,1,1,1,1,1,0,1,0,1,1,0,0,1,0,1
0.00315783,1,1,1,1,1,1,1,1,0,1,1,0,0,1,0,1
0.00315788,1,1,1,1,1,0,1,1,0,1,1,0,0,1,0,1
0.00315789,0,0,0,0,0,0,1,0,0,1,1,0,0,1,0,1
0.00315793,1,1,1,1,0,0,1,0,0,1,1,0,0,1,0,1
0.00315794,1,1,1,1,1,1,1,1,0,1,1,0,0,1,0,1
0.00315795,1,1,1,1,0,0,1,1,0,1,1,0,0,1,0,1
0.00315796,0,0,1,1,0,0,1,0,0,1,1,0,0,1,0,1
0.00315797,0,0,0,0,0,0,1,0,0,1,1,0,0,1,0,1
0.00315801,0,0,1,1,0,0,1,0,0,1,1,0,0,1,0,1
0.00315804,0,0,1,0,0,0,1,0,0,1,1,0,0,1,0,1
0.00315805,0,0,0,0,0,0,1,0,0,1,1,0,0,1,0,1
0.00315809,0,0,1,0,0,0,1,0,0,1,1,0,0,1,0,1
0.00315811,0,0,0,0,0,0,1,0,0,1,1,0,0,1,0,1
0.00315826,0,0,1,0,0,0,1,0,0,1,1,0,0,1,0,1
0.00315827,0,0,0,0,0,0,1,0,0,1,1,0,0,1,0,1
0.00315878,1,0,0,0,0,0,1,0,0,1,1,0,0,1,0,1
0.00315879,0,0,0,0,0,0,1,0,0,1,1,0,0,1,0,1
0.0031588,0,1,1,1,1,1,1,0,0,1,1,0,0,1,0,1
0.00315881,1,1,1,1,1,1,1,1,0,1,1,0,0,1,0,1
0.00315885,1,1,1,1,1,1,0,1,0,1,1,0,0,1,0,1
0.00315886,0,0,0,0,0,0,0,0,0,1,1,0,0,1,0,1
0.00315889,1,1,1,1,0,1,0,1,0,1,1,0,0,1,0,1
0.00315891,1,1,1,1,1,1,0,1,0,1,1,0,0,1,0,1
0.00315894,1,1,1,1,0,1,0,1,0,1,1,0,0,1,0,1
0.00315895,1,1,1,1,0,0,0,0,0,1,1,0,0,1,0,1
0.00315896,0,0,1,1,0,0,0,0,0,1,1,0,0,1,0,1
0.00315897,1,1,1,1,0,1,0,0,0,1,1,0,0,1,0,1
0.00315898,1,1,1,1,0,1,0,1,0,1,1,0,0,1,0,1
0.00315919,1,1,1,1,0,1,0,0,0,1,1,0,0,1,0,1
0.0031592,1,1,1,1,0,1,0,1,0,1,1,0,0,1,0,1
0.00315927,1,1,1,1,0,1,0,0,0,1,1,0,0,1,0,1
0.00315929,1,1,1,1,0,1,0,1,0,1,1,0,0,1,0,1
0.00315932,1,1,1,1,0,1,0,0,0,1,1,0,0,1,0,1
0.00315954,1,1,1,1,0,0,0,0,0,1,1,0,0,1,0,1
0.00315955,1,1,1,1,0,1,0,0,0,1,1,0,0,1,0,1
0.00315959,1,1,1,1,0,0,0,0,0,1,1,0,0,1,0,1
0.00315966,1,1,1,1,0,1,0,0,0,1,1,0,0,1,0,1
0.00315968,1,1,1,1,0,0,0,0,0,1,1,0,0,1,0,1
0.00315975,1,1,1,1,0,1,0,1,0,1,1,0,0,1,0,1
0.00315976,1,1,1,1,1,1,0,1,0,1,1,0,0,1,0,1
0.00315977,1,1,1,1,1,1,1,1,0,1,1,0,0,1,0,1
0.00316079,1,0,1,1,0,0,0,1,0,1,1,0,0,1,0,1
0.0031608,0,0,0,0,0,0,0,0,0,1,1,0,0,1,0,1
0.00316083,1,1,1,1,0,1,0,1,0,1,1,0,0,1,0,1
0.00316084,1,1,1,1,1,1,1,1,0,1,1,0,0,1,0,1
0.00316087,1,1,1,1,0,1,0,1,0,1,1,0,0,1,0,1
0.00316089,0,0,0,0,0,0,0,0,0,1,1,0,0,1,0,1
0.00316091,0,0,1,1,0,1,0,0,0,1,1,0,0,1,0,1
0.00316092,1,1,1,1,0,1,0,1,0,1,1,0,0,1,0,1
0.00316097,1,0,1,1,0,1,0,0,0,1,1,0,0,1,0,1
0.00316098,0,0,1,1,0,1,0,0,0,1,1,0,0,1,0,1
0.00316099,1,0,1,1,0,1,0,1,0,1,1,0,0,1,0,1
0.003161,1,1,1,1,0,1,0,1,0,1,1,0,0,1,0,1
0.00316113,1,0,1,1,0,1,0,0,0,1,1,0,0,1,0,1
0.00316116,1,1,1,1,0,1,0,1,0,1,1,0,0,1,0,1
0.00316117,1,1,1,1,0,1,0,0,0,1,1,0,0,1,0,1
0.00316119,1,1,1,1,0,1,0,1,0,1,1,0,0,1,0,1
0.00316122,1,0,1,1,0,1,0,0,0,1,1,0,0,1,0,1
0.00316124,1,1,1,1,0,1,0,0,0,1,1,0,0,1,0,1
0.00316125,1,0,1,1,0,1,0,0,0,1,1,0,0,1,0,1
0.00316128,1,1,1,1,0,1,0,0,0,1,1,0,0,1,0,1
0.00316129,1,0,1,1,0,1,0,0,0,1,1,0,0,1,0,1
0.00316131,0,0,1,1,0,1,0,0,0,1,1,0,0,1,0,1
0.00316133,1,1,1,1,0,1,0,0,0,1,1,0,0,1,0,1
0.00316134,1,0,1,1,0,1,0,0,0,1,1,0,0,1,0,1
0.00316135,0,0,1,1,0,1,0,0,0,1,1,0,0,1,0,1
0.00316137,1,0,1,1,0,1,0,0,0,1,1,0,0,1,0,1
0.00316139,0,0,1,1,0,1,0,0,0,1,1,0,0,1,0,1
0.0031614,1,0,1,1,0,1,0,0,0,1,1,0,0,1,0,1
0.00316141,0,0,1,1,0,1,0,0,0,1,1,0,0,1,0,1
0.00316147,1,0,1,1,0,1,0,0,0,1,1,0,0,1,0,1
0.00316148,0,0,1,1,0,1,0,0,0,1,1,0,0,1,0,1
0.00316154,0,0,1,1,0,0,0,0,0,1,1,0,0,1,0,1
0.00316155,0,0,1,1,0,1,0,0,0,1,1,0,0,1,0,1
0.00316157,0,0,1,1,0,0,0,0,0,1,1,0,0,1,0,1
0.00316162,0,0,1,1,0,1,0,0,0,1,1,0,0,1,0,1
0.00316164,0,0,1,1,0,0,0,0,0,1,1,0,0,1,0,1
0.00316173,0,0,1,1,0,1,0,0,0,1,1,0,0,1,0,1
0.00316174,0,0,1,1,0,0,0,0,0,1,1,0,0,1,0,1
0.00316175,0,0,1,0,0,0,0,0,0,1,1,0,0,1,0,1
0.00316177,1,0,1,1,0,1,0,0,0,1,1,0,0,1,0,1
0.00316178,0,0,1,1,0,0,0,0,0,1,1,0,0,1,0,1
0.00316179,0,0,1,0,0,0,0,0,0,1,1,0,0,1,0,1
0.0031618,0,0,1,1,0,0,0,0,0,1,1,0,0,1,0,1
0.00316181,0,0,1,0,0,0,0,0,0,1,1,0,0,1,0,1
0.00316182,0,0,1,0,1,0,0,0,0,1,1,0,0,1,0,1
0.00316183,0,0,1,1,1,0,0,0,0,1,1,0,0,1,0,1
0.00316184,1,1,1,1,1,1,1,1,0,1,1,0,0,1,0,1
0.00316186,1,1,1,1,1,1,0,1,0,1,1,0,0,1,0,1
0.00316187,0,0,1,1,1,0,0,0,0,1,1,0,0,1,0,1
0.00316188,0,0,1,0,1,0,0,0,0,1,1,0,0,1,0,1
0.00316191,0,0,1,1,1,0,0,0,0,1,1,0,0,1,0,1
0.00316192,0,0,1,1,1,1,0,0,0,1,1,0,0,1,0,1
0.00316194,0,0,1,1,1,0,0,0,0,1,1,0,0,1,0,1
0.00316196,0,0,1,0,1,0,0,0,0,1,1,0,0,1,0,1
0.003162,0,0,1,1,1,0,0,0,0,1,1,0,0,1,0,1
0.00316203,0,0,1,0,1,0,0,0,0,1,1,0,0,1,0,1
0.00316215,0,0,1,1,1,0,0,0,0,1,1,0,0,1,0,1
0.00316216,0,0,1,1,1,0,0,0,0,0,1,0,0,0,0,0
0.00316217,0,0,1,0,1,0,0,0,0,0,1,0,1,0,0,0
0.00316222,0,0,1,1,1,0,0,0,0,0,1,0,1,0,0,0
0.00316224,0,0,1,0,1,0,0,0,0,0,1,0,1,0,0,0
0.00316268,1,0,1,0,1,0,0,0,0,0,1,0,1,0,0,0
0.00316269,1,1,1,0,1,0,0,0,0,0,1,0,1,0,0,0
0.0031627,1,1,1,1,1,1,1,1,0,0,1,0,1,0,0,0
0.00316374,0,0,0,0,0,0,1,0,0,0,1,0,1,0,0,0
0.00316378,1,1,1,1,0,1,1,1,0,0,1,0,1,0,0,0
0.00316382,1,0,0,1,0,1,1,0,0,0,1,0,1,0,0,0
0.00316383,0,0,0,0,0,0,1,0,0,0,1,0,1,0,0,0
0.00316386,1,1,1,1,0,1,1,0,0,0,1,0,1,0,0,0
0.00316387,1,1,1,1,0,1,1,1,0,0,1,0,1,0,0,0
0.00316388,1,1,1,1,0,1,1,0,0,0,1,0,1,0,0,0
0.00316389,1,0,1,1,0,1,1,0,0,0,1,0,1,0,0,0
0.0031639,1,0,0,1,0,1,1,0,0,0,1,0,1,0,0,0
0.00316391,0,0,0,1,0,0,1,0,0,0,1,0,1,0,0,0
0.00316394,1,0,0,1,0,1,1,0,0,0,1,0,1,0,0,0
0.00316395,1,0,1,1,0,1,1,0,0,0,1,0,1,0,0,0
0.00316397,1,0,0,1,0,1,1,0,0,0,1,0,1,0,0,0
0.00316398,0,0,0,1,0,0,1,0,0,0,1,0,1,0,0,0
0.003164,1,0,0,1,0,0,1,0,0,0,1,0,1,0,0,0
0.00316401,0,0,0,1,0,0,1,0,0,0,1,0,1,0,0,0
0.00316403,1,0,1,1,0,1,1,0,0,0,1,0,1,0,0,0
0.00316406,0,0,0,1,0,0,1,0,0,0,1,0,1,0,0,0
0.00316409,1,0,1,1,0,1,1,0,0,0,1,0,1,0,0,0
0.0031641,1,0,1,1,0,0,1,0,0,0,1,0,1,0,0,0
0.00316411,1,0,1,1,0,1,1,0,0,0,1,0,1,0,0,0
0.00316412,0,0,1,1,0,1,1,0,0,0,1,0,1,0,0,0
0.00316413,1,0,0,1,0,0,1,0,0,0,1,0,1,0,0,0
0.00316414,0,0,0,1,0,0,1,0,0,0,1,0,1,0,0,0
0.00316417,1,0,1,1,0,0,1,0,0,0,1,0,1,0,0,0
0.00316419,0,0,0,1,0,0,1,0,0,0,1,0,1,0,0,0
0.0031642,1,0,1,1,0,0,1,0,0,0,1,0,1,0,0,0
0.00316421,0,0,0,1,0,0,1,0,0,0,1,0,1,0,0,0
0.00316427,1,0,1,1,0,0,1,0,0,0,1,0,1,0,0,0
0.00316428,0,0,0,1,0,0,1,0,0,0,1,0,1,0,0,0
0.00316458,0,0,0,0,0,0,1,0,0,0,1,0,1,0,0,0
0.00316459,0,0,0,1,0,0,1,0,0,0,1,0,1,0,0,0
0.0031646,0,0,0,0,0,0,1,0,0,0,1,0,1,0,0,0
0.00316462,0,0,0,1,0,0,1,0,0,0,1,0,1,0,0,0
0.00316463,0,0,0,0,0,0,1,0,0,0,1,0,1,0,0,0
0.00316464,1,1,1,1,0,0,1,0,0,0,1,0,1,0,0,0
0.00316466,1,1,1,1,1,1,1,1,0,0,1,0,1,0,0,0
0.00316471,1,1,0,0,1,1,0,0,0,0,1,0,1,0,0,0
0.00316475,1,1,1,1,1,1,0,1,0,0,1,0,1,0,0,0
0.00316478,1,1,0,0,1,1,0,0,0,0,1,0,1,0,0,0
0.00316482,1,1,1,1,1,1,0,0,0,0,1,0,1,0,0,0
0.00316483,1,1,1,1,1,1,0,1,0,0,1,0,1,0,0,0
0.00316484,1,1,1,1,1,1,0,0,0,0,1,0,1,0,0,0
0.00316485,1,1,0,0,1,1,0,0,0,0,1,0,1,0,0,0
0.00316508,1,1,0,0,1,1,0,0,0,0,0,0,1,0,0,0
0.00316509,1,1,0,0,1,1,0,0,0,1,0,0,1,1,0,0
0.0031651,1,1,0,0,1,1,0,0,1,1,0,0,1,1,0,0
0.00316562,1,1,1,1,1,1,0,0,1,1,0,0,1,1,0,0
0.00316563,1,1,1,1,1,1,0,1,1,1,0,0,1,1,0,0
0.00316565,1,1,1,1,1,1,1,1,1,1,0,0,1,1,0,0
0.00316566,1,1,1,1,1,1,0,1,1,1,0,0,1,1,0,0
0.00316567,1,1,1,1,1,1,1,1,1,1,0,0,1,1,0,0
0.00316663,0,0,0,0,0,0,1,0,1,1,0,0,1,1,0,0
0.00316666,0,0,1,0,0,0,1,0,1,1,0,0,1,1,0,0
0.00316667,1,1,1,1,0,1,1,1,1,1,0,0,1,1,0,0
0.00316668,1,1,1,1,1,1,1,1,1,1,0,0,1,1,0,0
0.00316669,1,1,1,1,0,1,1,1,1,1,0,0,1,1,0,0
0.0031667,1,0,1,1,0,1,1,1,1,1,0,0,1,1,0,0
0.00316671,0,0,1,0,0,0,1,0,1,1,0,0,1,1,0,0
0.00316672,0,0,0,0,0,0,1,0,1,1,0,0,1,1,0,0
0.00316674,0,0,1,1,0,0,1,0,1,1,0,0,1,1,0,0
0.00316675,1,1,1,1,0,1,1,1,1,1,0,0,1,1,0,0
0.00316677,1,0,1,1,0,1,1,1,1,1,0,0,1,1,0,0
0.00316678,0,0,1,1,0,0,1,0,1,1,0,0,1,1,0,0
0.0031668,0,0,1,0,0,0,1,0,1,1,0,0,1,1,0,0
0.00316681,0,0,1,1,0,0,1,0,1,1,0,0,1,1,0,0
0.00316683,1,0,1,1,0,0,1,0,1,1,0,0,1,1,0,0
0.00316684,0,0,1,1,0,0,1,0,1,1,0,0,1,1,0,0
0.00316706,1,0,1,1,0,0,1,0,1,1,0,0,1,1,0,0
0.00316707,0,0,0,0,0,0,1,0,1,1,0,0,1,1,0,0
0.00316709,0,0,1,1,0,0,1,0,1,1,0,0,1,1,0,0
0.00316724,0,0,1,0,0,0,1,0,1,1,0,0,1,1,0,0
0.00316725,0,0,1,1,0,0,1,0,1,1,0,0,1,1,0,0
0.00316736,0,0,1,0,0,0,1,0,1,1,0,0,1,1,0,0
0.00316737,0,0,1,1,0,0,1,0,1,1,0,0,1,1,0,0
0.00316738,0,0,1,0,0,0,1,0,1,1,0,0,1,1,0,0
0.0031674,0,0,1,1,0,0,1,0,1,1,0,0,1,1,0,0
0.00316741,0,0,0,0,0,0,1,0,1,1,0,0,1,1,0,0
0.00316743,0,0,1,0,0,0,1,0,1,1,0,0,1,1,0,0
0.00316746,0,0,0,0,0,0,1,0,1,1,0,0,1,1,0,0
0.00316747,0,0,1,0,0,0,1,0,1,1,0,0,1,1,0,0
0.00316748,0,0,1,1,0,0,1,0,1,1,0,0,1,1,0,0
0.00316749,0,0,0,0,0,0,1,0,1,1,0,0,1,1,0,0
0.00316756,0,0,1,1,0,0,1,0,1,1,0,0,1,1,0,0
0.00316757,1,0,0,0,0,0,1,0,1,1,0,0,1,1,0,0
0.00316759,1,1,1,1,1,1,0,0,1,1,0,0,1,1,0,0
0.0031676,1,1,1,1,0,0,0,0,1,1,0,0,1,1,0,0
0.00316761,1,0,0,0,0,0,0,0,1,1,0,0,1,1,0,0
0.00316764,1,0,1,1,0,0,0,0,1,1,0,0,1,1,0,0
0.00316765,1,1,1,1,0,0,0,0,1,1,0,0,1,1,0,0
0.00316766,1,1,1,1,0,1,0,0,1,1,0,0,1,1,0,0
0.00316767,1,0,1,1,0,0,0,0,1,1,0,0,1,1,0,0
0.00316768,1,0,0,0,0,0,0,0,1,1,0,0,1,1,0,0
0.00316773,1,0,1,0,0,0,0,0,1,1,0,0,1,1,0,0
0.00316774,1,0,0,0,0,0,0,0,1,1,0,0,1,1,0,0
0.00316855,1,1,1,1,1,1,0,1,1,1,0,0,1,1,0,0
0.00316856,1,1,1,1,1,1,1,1,1,1,0,0,1,1,0,0
0.00316955,1,1,0,0,1,1,0,0,1,1,0,0,1,1,0,0
0.00316958,0,1,1,1,1,1,1,1,1,1,0,0,1,1,0,0
0.0031705,1,1,1,1,1,1,1,1,1,1,0,0,1,1,0,0
0.00317052,0,0,0,0,0,0,1,0,1,1,0,0,1,1,0,0
0.00317056,1,1,1,1,0,1,1,1,1,1,0,0,1,1,0,0
0.00317057,1,1,1,1,1,1,1,1,1,1,0,0,1,1,0,0
0.00317058,1,1,1,1,0,1,1,1,1,1,0,0,1,1,0,0
0.00317059,0,0,1,1,0,0,1,0,1,1,0,0,1,1,0,0
0.0031706,0,0,0,0,0,0,1,0,1,1,0,0,1,1,0,0
0.00317064,0,0,1,1,0,0,1,0,1,1,0,0,1,1,0,0
0.00317067,0,0,0,0,0,0,1,0,1,1,0,0,1,1,0,0
0.00317073,0,0,1,0,0,0,1,0,1,1,0,0,1,1,0,0
0.00317074,0,0,0,0,0,0,1,0,1,1,0,0,1,1,0,0
0.00317096,0,0,1,1,0,0,1,0,1,1,0,0,1,1,0,0
0.00317097,0,0,0,0,0,0,1,0,1,1,0,0,1,1,0,0
0.003171,0,0,1,0,0,0,1,0,1,1,0,0,1,1,0,0
0.00317101,0,0,0,0,0,0,1,0,1,1,0,0,1,1,0,0
0.00317148,0,1,1,0,1,0,1,0,1,1,0,0,1,1,0,0
0.00317151,1,1,1,1,1,1,1,1,1,1,0,0,1,1,0,0
0.00317153,0,1,1,1,1,1,1,1,1,1,0,0,1,1,0,0
0.00317154,0,1,1,0,1,0,1,0,1,1,0,0,1,1,0,0
0.00317159,0,1,1,1,1,0,1,0,1,1,0,0,1,1,0,0
0.0031716,0,1,1,0,1,0,1,0,1,1,0,0,1,1,0,0
0.00317246,0,1,1,1,1,1,1,1,1,1,0,0,1,1,0,0
0.00317248,1,1,1,1,1,1,1,1,1,1,0,0,1,1,0,0
0.0031725,0,1,1,1,1,1,1,1,1,1,0,0,1,1,0,0
0.00317253,1,1,1,1,1,1,1,1,1,1,0,0,1,1,0,0
0.00317344,1,1,1,0,1,1,1,1,1,1,0,0,1,1,0,0
0.00317345,1,1,0,0,1,1,0,0,1,1,0,0,1,1,0,0
0.00317347,0,1,1,0,1,0,1,0,1,1,0,0,1,1,0,0
0.00317348,0,1,1,1,1,0,1,1,1,1,0,0,1,1,0,0
0.00317349,1,1,1,1,1,1,1,1,1,1,0,0,1,1,0,0
0.00317354,1,1,1,0,1,1,1,0,1,1,0,0,1,1,0,0
0.00317355,1,1,0,0,1,1,1,0,1,1,0,0,1,1,0,0
0.00317356,1,1,0,0,0,1,1,0,1,1,0,0,1,1,0,0
0.0031736,1,1,0,1,0,1,1,0,1,1,0,0,1,1,0,0
0.00317361,1,1,0,1,0,1,1,1,1,1,0,0,1,1,0,0
0.00317362,1,1,0,0,0,1,1,0,1,1,0,0,1,1,0,0
0.00317441,1,1,1,1,1,1,1,0,1,1,0,0,1,1,0,0
0.00317442,1,1,1,1,1,1,1,1,1,1,0,0,1,1,0,0
0.00317446,1,1,1,1,0,1,1,1,1,1,0,0,1,1,0,0
0.00317447,1,0,0,0,0,0,0,0,1,1,0,0,1,1,0,0
0.00317452,1,1,1,1,0,1,1,1,1,1,0,0,1,1,0,0
0.00317454,1,0,0,0,0,0,0,0,1,1,0,0,1,1,0,0
0.00317538,1,1,1,0,0,0,0,0,1,1,0,0,1,1,0,0
0.00317539,1,1,1,1,0,1,1,1,1,1,0,0,1,1,0,0
0.0031754,1,1,1,1,1,1,1,1,1,1,0,0,1,1,0,0
0.0031764,1,1,1,1,0,1,1,1,1,1,0,0,1,1,0,0
0.00317641,0,1,1,0,0,1,1,0,1,1,0,0,1,1,0,0
0.00317645,0,1,1,1,0,1,1,0,1,1,0,0,1,1,0,0
0.00317646,0,1,1,1,0,1,1,1,1,1,0,0,1,1,0,0
0.00317647,0,1,1,0,0,1,1,0,1,1,0,0,1,1,0,0
0.0031768,0,1,1,0,0,1,1,0,0,1,0,0,0,1,0,0
0.00317681,0,1,1,0,0,1,1,0,0,1,1,0,0,1,0,1
0.00317688,0,1,1,0,0,1,1,0,0,0,0,0,0,0,0,0
0.00317689,0,1,1,0,0,1,1,0,0,1,1,0,0,1,0,1
0.00317735,1,1,1,1,1,1,1,0,0,1,1,0,0,1,0,1
0.00317736,1,1,1,1,1,1,1,1,0,1,1,0,0,1,0,1
0.00317741,0,0,0,0,0,1,0,1,0,1,1,0,0,1,0,1
0.00317745,1,0,0,1,0,1,1,1,0,1,1,0,0,1,0,1
0.00317746,1,1,1,1,0,1,1,1,0,1,1,0,0,1,0,1
0.00317748,0,0,0,1,0,1,1,1,0,1,1,0,0,1,0,1
0.00317749,0,0,0,0,0,1,0,1,0,1,1,0,0,1,0,1
0.00317754,0,0,0,1,0,1,1,1,0,1,1,0,0,1,0,1
0.00317755,0,0,0,0,0,1,0,1,0,1,1,0,0,1,0,1
0.00317831,1,1,1,1,0,1,0,1,0,1,1,0,0,1,0,1
0.00317832,1,1,1,1,1,1,1,1,0,1,1,0,0,1,0,1
0.00317837,1,1,1,1,1,0,1,1,0,1,1,0,0,1,0,1
0.00317838,0,0,0,0,0,0,1,0,0,1,1,0,0,1,0,1
0.00317842,1,1,1,1,0,0,1,0,0,1,1,0,0,1,0,1
0.00317843,1,1,1,1,1,1,1,1,0,1,1,0,0,1,0,1
0.00317844,1,1,1,1,0,0,1,0,0,1,1,0,0,1,0,1
0.00317846,0,0,1,1,0,0,1,0,0,1,1,0,0,1,0,1
0.00317847,0,0,0,0,0,0,1,0,0,1,1,0,0,1,0,1
0.0031785,1,1,1,1,0,0,1,0,0,1,1,0,0,1,0,1
0.00317854,0,0,1,0,0,0,1,0,0,1,1,0,0,1,0,1
0.00317856,0,0,0,0,0,0,1,0,0,1,1,0,0,1,0,1
0.00317857,0,0,1,0,0,0,1,0,0,1,1,0,0,1,0,1
0.00317858,0,0,1,1,0,0,1,0,0,1,1,0,0,1,0,1
0.00317862,0,0,1,0,0,0,1,0,0,1,1,0,0,1,0,1
0.00317871,0,0,0,0,0,0,1,0,0,1,1,0,0,1,0,1
0.00317872,0,0,1,0,0,0,1,0,0,1,1,0,0,1,0,1
0.00317879,0,0,0,0,0,0,1,0,0,1,1,0,0,1,0,1
0.00317882,0,0,1,0,0,0,1,0,0,1,1,0,0,1,0,1
0.00317885,0,0,0,0,0,0,1,0,0,1,1,0,0,1,0,1
0.00317928,1,1,1,1,0,0,1,0,0,1,1,0,0,1,0,1
0.0031793,1,1,1,1,1,1,1,1,0,1,1,0,0,1,0,1
0.00317936,1,0,0,1,0,1,0,1,0,1,1,0,0,1,0,1
0.0031794,1,1,1,1,0,1,0,1,0,1,1,0,0,1,0,1
0.00317941,1,1,1,1,1,1,1,1,0,1,1,0,0,1,0,1
0.00317942,1,1,1,1,0,1,0,1,0,1,1,0,0,1,0,1
0.00317943,1,0,0,1,0,1,0,1,0,1,1,0,0,1,0,1
0.00317948,1,0,1,1,0,1,0,1,0,1,1,0,0,1,0,1
0.00317949,1,0,0,1,0,1,0,1,0,1,1,0,0,1,0,1
0.00318026,1,0,1,1,0,1,0,1,0,1,1,0,0,1,0,1
0.00318027,1,1,1,1,0,1,1,1,0,1,1,0,0,1,0,1
0.00318028,1,1,1,1,1,1,1,1,0,1,1,0,0,1,0,1
0.00318129,1,0,1,1,0,1,0,1,0,1,1,0,0,1,0,1
0.0031813,1,0,0,1,0,1,0,1,0,1,1,0,0,1,0,1
0.00318134,1,1,1,1,1,1,1,1,0,1,1,0,0,1,0,1
0.00318135,1,1,1,1,0,1,1,1,0,1,1,0,0,1,0,1
0.00318136,1,0,0,1,0,1,0,1,0,1,1,0,0,1,0,1
0.00318232,1,0,1,1,0,1,0,1,0,1,1,0,0,1,0,1
0.00318233,1,1,1,1,1,1,0,0,0,1,1,0,0,1,0,1
0.00318234,0,0,1,0,1,1,0,0,0,1,1,0,0,1,0,1
0.00318239,0,1,1,0,1,1,1,0,0,1,1,0,0,1,0,1
0.0031824,0,0,1,0,1,1,0,0,0,1,1,0,0,1,0,1
0.00318266,0,0,1,0,1,1,0,0,0,0,1,0,0,1,0,0
0.00318267,0,0,1,0,1,1,0,0,0,0,1,0,1,1,0,0
0.00318321,0,1,1,0,1,1,0,0,0,0,1,0,1,1,0,0
0.00318322,1,1,1,1,1,1,1,0,0,0,1,0,1,1,0,0
0.00318323,1,1,1,1,1,1,1,1,0,0,1,0,1,1,0,0
0.00318418,0,0,1,0,1,1,0,1,0,0,1,0,1,1,0,0
0.00318419,0,0,1,0,1,1,0,0,0,0,1,0,1,1,0,0
0.00318422,0,1,1,1,1,1,1,1,0,0,1,0,1,1,0,0
0.00318424,1,1,1,1,1,1,1,1,0,0,1,0,1,1,0,0
0.00318427,0,1,1,1,1,1,1,1,0,0,1,0,1,1,0,0
0.00318515,1,1,1,1,1,1,1,1,0,0,1,0,1,1,0,0
0.00318517,1,1,1,1,0,0,1,1,0,0,1,0,1,1,0,0
0.00318518,0,0,0,0,0,0,1,0,0,0,1,0,1,1,0,0
0.00318522,1,1,1,1,0,0,1,1,0,0,1,0,1,1,0,0
0.00318523,1,1,1,1,0,1,1,1,0,0,1,0,1,1,0,0
0.00318524,1,1,1,1,0,0,1,1,0,0,1,0,1,1,0,0
0.00318525,1,0,0,0,0,0,1,0,0,0,1,0,1,1,0,0
0.00318526,0,0,0,0,0,0,1,0,0,0,1,0,1,1,0,0
0.0031853,1,0,0,0,0,0,1,0,0,0,1,0,1,1,0,0
0.00318531,0,0,0,0,0,0,1,0,0,0,1,0,1,1,0,0
0.00318613,0,1,1,1,1,1,1,1,0,0,1,0,1,1,0,0
0.00318614,1,1,1,1,1,1,1,1,0,0,1,0,1,1,0,0
0.00318616,1,1,1,1,0,1,1,1,0,0,1,0,1,1,0,0
0.00318617,0,0,0,1,0,1,1,0,0,0,1,0,1,1,0,0
0.00318619,0,1,1,1,0,1,1,0,0,0,1,0,1,1,0,0
0.0031862,1,1,1,1,1,1,1,1,0,0,1,0,1,1,0,0
0.00318621,1,1,1,0,1,1,1,1,0,0,1,0,1,1,0,0
0.00318622,0,1,1,0,1,0,1,0,0,0,1,0,1,1,0,0
0.00318711,1,1,1,1,1,0,1,1,0,0,1,0,1,1,0,0
0.00318712,1,1,1,1,1,1,1,1,0,0,1,0,1,1,0,0
0.00318809,0,1,1,0,1,0,1,0,0,0,1,0,1,1,0,0
0.00318813,1,1,1,1,1,1,1,1,0,0,1,0,1,1,0,0
0.00318908,0,0,0,0,0,0,1,0,0,0,1,0,1,1,0,0
0.00318912,0,0,1,1,0,1,1,1,0,0,1,0,1,1,0,0
0.00318913,1,1,1,1,0,1,1,1,0,0,1,0,1,1,0,0
0.00318915,0,0,1,1,0,1,1,1,0,0,1,0,1,1,0,0
0.00318916,0,0,0,0,0,0,1,0,0,0,1,0,1,1,0,0
0.0031892,0,0,0,1,0,0,1,0,0,0,1,0,1,1,0,0
0.00318921,0,0,1,1,0,1,1,0,0,0,1,0,1,1,0,0
0.00318923,0,0,0,0,0,0,1,0,0,0,1,0,1,1,0,0
0.00319002,0,0,1,0,0,0,1,0,0,0,1,0,1,1,0,0
0.00319003,0,1,1,1,1,1,1,0,0,0,1,0,1,1,0,0
0.00319004,1,1,1,1,1,1,1,1,0,0,1,0,1,1,0,0
0.00319007,0,0,0,1,0,1,1,0,0,0,1,0,1,1,0,0
0.00319009,1,0,0,1,0,1,1,0,0,0,1,0,1,1,0,0
0.0031901,1,1,1,1,1,1,1,1,0,0,1,0,1,1,0,0
0.00319011,1,1,1,0,0,0,0,0,0,0,1,0,1,1,0,0
0.00319012,1,0,0,0,0,0,0,0,0,0,1,0,1,1,0,0
0.00319015,1,0,1,0,0,0,0,0,0,0,1,0,1,1,0,0
0.00319016,1,1,1,1,0,1,0,1,0,0,1,0,1,1,0,0
0.00319018,1,0,1,0,0,0,0,0,0,0,1,0,1,1,0,0
0.00319019,1,0,0,0,0,0,0,0,0,0,1,0,1,1,0,0
0.00319101,1,1,1,1,0,1,0,1,0,0,1,0,1,1,0,0
0.00319102,1,1,1,1,1,1,0,1,0,0,1,0,1,1,0,0
0.00319105,1,1,1,1,0,1,0,1,0,0,1,0,1,1,0,0
0.00319106,1,0,0,0,0,0,0,0,0,0,1,0,1,1,0,0
0.00319111,1,0,1,1,0,0,0,0,0,0,1,0,1,1,0,0
0.00319112,1,0,0,0,0,0,0,0,0,0,1,0,1,1,0,0
0.00319201,1,1,1,0,1,0,1,0,0,0,1,0,1,1,0,0
0.00319202,0,1,1,1,1,1,1,1,0,0,1,0,1,1,0,0
0.00319204,1,1,1,1,1,1,1,1,0,0,1,0,1,1,0,0
0.00319205,1,1,1,0,1,0,1,0,0,0,1,0,1,1,0,0
0.00319206,0,1,1,0,1,0,1,0,0,0,1,0,1,1,0,0
0.0031921,0,1,1,1,1,1,1,1,0,0,1,0,1,1,0,0
0.00319211,0,1,1,0,1,0,1,0,0,0,1,0,1,1,0,0
0.00319298,0,1,1,1,1,1,1,1,0,0,1,0,1,1,0,0
0.00319299,1,1,1,1,1,1,1,1,0,0,1,0,1,1,0,0
0.00319594,1,1,1,0,0,1,1,0,0,0,1,0,1,1,0,0
0.00319595,1,1,0,0,0,1,1,0,0,0,1,0,1,1,0,0
0.00319597,1,1,1,1,1,1,1,0,0,0,1,0,1,1,0,0
0.00319598,1,1,1,1,1,1,1,1,0,0,1,0,1,1,0,0
0.00319601,1,0,1,0,0,1,0,1,0,0,1,0,1,1,0,0
0.00319602,1,0,0,0,0,1,0,0,0,0,1,0,1,1,0,0
0.00319606,1,0,0,0,0,1,0,1,0,0,1,0,1,1,0,0
0.00319607,1,0,1,0,0,1,0,1,0,0,1,0,1,1,0,0
0.00319608,1,0,0,0,0,1,0,1,0,0,1,0,1,1,0,0
0.0031961,1,0,0,0,0,1,0,0,0,0,1,0,1,1,0,0
0.00319633,1,0,0,0,0,1,0,0,0,0,0,0,0,1,0,0
0.00319634,1,0,0,0,0,1,0,0,1,0,0,0,0,1,0,0
0.0031964,1,0,0,0,0,1,0,0,1,0,0,0,0,0,0,0
0.00319641,1,0,0,0,0,1,0,0,1,0,0,0,0,1,0,0
0.00319686,1,0,1,0,0,1,0,0,1,0,0,0,0,1,0,0
0.00319687,1,0,0,0,0,1,0,0,1,0,0,0,0,1,0,0
0.00319688,1,1,1,1,0,1,0,1,1,0,0,0,0,1,0,0
0.00319689,1,1,1,1,1,1,1,1,1,0,0,0,0,1,0,0
0.00319693,0,0,0,0,0,1,0,1,1,0,0,0,0,1,0,0
0.00319697,0,0,1,0,0,1,0,1,1,0,0,0,0,1,0,0
0.00319698,0,1,1,1,0,1,0,1,1,0,0,0,0,1,0,0
0.00319699,0,1,1,1,0,1,1,1,1,0,0,0,0,1,0,0
0.003197,0,1,1,1,0,1,0,1,1,0,0,0,0,1,0,0
0.00319701,0,0,1,0,0,1,0,1,1,0,0,0,0,1,0,0
0.00319702,0,0,0,0,0,1,0,1,1,0,0,0,0,1,0,0
0.00319706,0,0,1,0,0,1,0,1,1,0,0,0,0,1,0,0
0.00319708,0,0,0,0,0,1,0,1,1,0,0,0,0,1,0,0
0.00319783,1,1,0,0,0,1,0,1,1,0,0,0,0,1,0,0
0.00319784,1,1,1,1,1,1,0,1,1,0,0,0,0,1,0,0
0.00319785,1,1,1,1,1,1,1,1,1,0,0,0,0,1,0,0
0.00319791,0,1,1,1,0,0,1,0,1,0,0,0,0,1,0,0
0.00319792,0,0,0,0,0,0,1,0,1,0,0,0,0,1,0,0
0.00319795,0,1,1,1,0,0,1,0,1,0,0,0,0,1,0,0
0.00319796,1,1,1,1,1,0,1,1,1,0,0,0,0,1,0,0
0.00319797,1,1,1,1,1,1,1,1,1,0,0,0,0,1,0,0
0.00319798,1,1,1,1,0,0,1,1,1,0,0,0,0,1,0,0
0.00319799,1,0,1,1,0,0,1,0,1,0,0,0,0,1,0,0
0.003198,0,0,0,0,0,0,1,0,1,0,0,0,0,1,0,0
0.00319803,0,0,1,0,0,0,1,0,1,0,0,0,0,1,0,0
0.00319804,0,0,1,1,0,0,1,0,1,0,0,0,0,1,0,0
0.00319805,1,0,1,1,0,0,1,0,1,0,0,0,0,1,0,0
0.00319806,0,0,1,1,0,0,1,0,1,0,0,0,0,1,0,0
0.00319807,0,0,1,0,0,0,1,0,1,0,0,0,0,1,0,0
0.00319809,0,0,0,0,0,0,1,0,1,0,0,0,0,1,0,0
0.00319811,0,0,1,0,0,0,1,0,1,0,0,0,0,1,0,0
0.00319823,0,0,0,0,0,0,1,0,1,0,0,0,0,1,0,0
0.00319826,0,0,1,0,0,0,1,0,1,0,0,0,0,1,0,0
0.00319827,0,0,0,0,0,0,1,0,1,0,0,0,0,1,0,0
0.00319828,0,0,1,0,0,0,1,0,1,0,0,0,0,1,0,0
0.00319831,0,0,0,0,0,0,1,0,1,0,0,0,0,1,0,0
0.00319881,0,1,0,0,0,0,1,0,1,0,0,0,0,1,0,0
0.00319883,0,0,1,1,0,0,1,0,1,0,0,0,0,1,0,0
0.00319884,1,1,1,1,1,1,1,1,1,0,0,0,0,1,0,0
0.00319888,1,0,0,1,0,1,0,1,1,0,0,0,0,1,0,0
0.00319891,1,0,1,1,0,1,0,1,1,0,0,0,0,1,0,0
0.00319892,1,1,1,1,1,1,1,1,1,0,0,0,0,1,0,0
0.00319895,1,1,1,1,0,1,0,1,1,0,0,0,0,1,0,0
0.00319896,1,0,1,1,0,1,0,1,1,0,0,0,0,1,0,0
0.00319897,1,0,0,1,0,1,0,1,1,0,0,0,0,1,0,0
0.00319899,1,1,1,1,0,1,0,1,1,0,0,0,0,1,0,0
0.00319903,1,0,1,1,0,1,0,1,1,0,0,0,0,1,0,0
0.00319907,1,1,1,1,0,1,0,1,1,0,0,0,0,1,0,0
0.0031991,1,0,1,1,0,1,0,1,1,0,0,0,0,1,0,0
0.00319913,1,1,1,1,0,1,0,1,1,0,0,0,0,1,0,0
0.00319914,1,0,1,1,0,1,0,1,1,0,0,0,0,1,0,0
0.00319923,1,1,1,1,0,1,0,1,1,0,0,0,0,1,0,0
0.00319924,1,0,1,1,0,1,0,1,1,0,0,0,0,1,0,0
0.00319928,1,1,1,1,0,1,0,1,1,0,0,0,0,1,0,0
0.00319929,1,0,1,1,0,1,0,1,1,0,0,0,0,1,0,0
0.00319967,1,0,0,1,0,1,0,1,1,0,0,0,0,1,0,0
0.0031997,1,0,1,1,0,1,0,1,1,0,0,0,0,1,0,0
0.00319971,1,0,0,1,0,1,0,1,1,0,0,0,0,1,0,0
0.00319972,1,0,1,1,0,1,0,1,1,0,0,0,0,1,0,0
0.00319973,1,0,0,1,0,1,0,1,1,0,0,0,0,1,0,0
0.00319975,1,0,1,1,0,1,0,1,1,0,0,0,0,1,0,0
0.00319976,1,0,0,1,0,1,0,1,1,0,0,0,0,1,0,0
0.0031998,1,0,1,1,0,1,0,1,1,0,0,0,0,1,0,0
0.00319983,1,0,0,1,0,1,0,1,1,0,0,0,0,1,0,0
0.00319984,1,0,1,1,0,1,0,1,1,0,0,0,0,1,0,0
0.00319985,1,1,0,1,0,1,1,1,1,0,0,0,0,1,0,0
0.00319986,1,1,0,1,1,1,1,1,1,0,0,0,0,1,0,0
0.00319987,1,1,1,1,1,1,1,1,1,0,0,0,0,1,0,0
0.00319988,0,1,0,0,1,0,1,1,1,0,0,0,0,1,0,0
0.00319992,0,1,1,1,1,0,1,1,1,0,0,0,0,1,0,0
0.00319994,0,1,1,0,1,0,1,1,1,0,0,0,0,1,0,0
0.00319995,0,1,0,0,1,0,1,1,1,0,0,0,0,1,0,0
0.00319999,0,1,1,0,1,0,1,1,1,0,0,0,0,1,0,0
0.00320002,0,1,0,0,1,0,1,1,1,0,0,0,0,1,0,0
0.00320023,0,1,0,0,1,0,1,1,0,0,0,0,0,0,0,0
0.00320024,0,1,0,0,1,0,1,1,0,1,0,0,0,0,0,0
0.00320025,0,1,0,0,1,0,1,1,0,1,0,0,1,0,1,1
0.00320078,0,1,1,0,1,0,1,1,0,1,0,0,1,0,1,1
0.00320079,1,1,1,1,1,0,1,1,0,1,0,0,1,0,1,1
0.0032008,1,1,1,1,1,1,1,1,0,1,0,0,1,0,1,1
0.00320084,1,0,0,1,0,1,0,1,0,1,0,0,1,0,1,1
0.00320088,1,0,1,1,0,1,0,1,0,1,0,0,1,0,1,1
0.00320089,1,1,1,1,0,1,1,1,0,1,0,0,1,0,1,1
0.0032009,1,0,1,1,0,1,0,1,0,1,0,0,1,0,1,1
0.00320091,1,0,0,1,0,1,0,1,0,1,0,0,1,0,1,1
0.00320175,1,0,1,1,0,1,0,1,0,1,0,0,1,0,1,1
0.00320176,1,1,1,1,1,1,1,1,0,1,0,0,1,0,1,1
0.00320272,1,0,1,0,0,0,0,0,0,1,0,0,1,0,1,1
0.00320273,0,0,0,0,0,0,0,0,0,1,0,0,1,0,1,1
0.00320276,1,1,1,0,0,0,0,0,0,1,0,0,1,0,1,1
0.00320277,0,0,1,0,0,0,0,0,0,1,0,0,1,0,1,1
0.00320278,0,0,0,0,0,0,0,0,0,1,0,0,1,0,1,1
0.00320368,0,0,1,0,0,0,0,0,0,1,0,0,1,0,1,1
0.00320369,1,0,1,0,0,0,0,0,0,1,0,0,1,0,1,1
0.0032037,0,0,0,0,0,0,0,0,0,1,0,0,1,0,1,1
0.00320373,1,0,0,1,0,1,0,1,0,1,0,0,1,0,1,1
0.00320375,1,1,1,1,1,1,1,1,0,1,0,0,1,0,1,1
0.00320381,0,1,0,0,1,1,0,0,0,1,0,0,1,0,1,1
0.00320385,1,1,1,0,1,1,0,0,0,1,0,0,1,0,1,1
0.00320386,1,1,1,1,1,1,1,1,0,1,0,0,1,0,1,1
0.00320387,1,1,1,0,1,1,0,0,0,1,0,0,1,0,1,1
0.00320388,0,1,0,0,1,1,0,0,0,1,0,0,1,0,1,1
0.00320414,0,1,0,0,1,1,0,0,0,1,0,0,1,0,0,0
0.00320415,0,1,0,0,1,1,0,0,0,1,0,0,1,1,0,0
0.00320467,1,1,1,1,1,1,0,0,0,1,0,0,1,1,0,0
0.00320468,1,1,1,1,1,1,0,1,0,1,0,0,1,1,0,0
0.00320469,1,1,1,1,1,1,0,0,0,1,0,0,1,1,0,0
0.00320471,1,1,1,1,1,1,1,1,0,1,0,0,1,1,0,0
0.00320474,1,1,1,1,1,1,0,1,0,1,0,0,1,1,0,0
0.00320475,1,0,1,0,1,1,0,0,0,1,0,0,1,1,0,0
0.00320479,1,0,1,1,1,1,0,0,0,1,0,0,1,1,0,0
0.00320481,1,0,1,0,1,1,0,0,0,1,0,0,1,1,0,0
0.00320565,1,1,1,1,1,1,0,0,0,1,0,0,1,1,0,0
0.00320567,1,1,1,1,1,1,1,1,0,1,0,0,1,1,0,0
0.00320569,1,1,1,1,1,1,0,0,0,1,0,0,1,1,0,0
0.0032057,1,1,1,1,1,1,1,1,0,1,0,0,1,1,0,0
0.00320571,1,1,0,1,0,0,1,0,0,1,0,0,1,1,0,0
0.00320572,1,1,0,1,0,0,0,0,0,1,0,0,1,1,0,0
0.00320664,1,1,1,1,0,0,0,0,0,1,0,0,1,1,0,0
0.00320665,1,1,1,1,0,0,1,1,0,1,0,0,1,1,0,0
0.00320666,1,1,1,1,1,1,1,1,0,1,0,0,1,1,0,0
0.00320765,0,0,0,1,1,0,0,1,0,1,0,0,1,1,0,0
0.00320768,1,1,1,1,1,1,0,1,0,1,0,0,1,1,0,0
0.00320769,1,1,1,1,1,1,1,1,0,1,0,0,1,1,0,0
0.00320771,1,0,1,1,1,1,1,1,0,1,0,0,1,1,0,0
0.00320772,1,0,0,1,1,1,0,1,0,1,0,0,1,1,0,0
0.00320773,1,0,0,0,1,1,0,0,0,1,0,0,1,1,0,0
0.00320778,1,0,1,0,1,1,1,0,0,1,0,0,1,1,0,0
0.0032078,1,0,0,0,1,1,0,0,0,1,0,0,1,1,0,0
0.00320804,1,0,0,0,1,1,0,0,0,0,0,0,1,1,0,0
0.00320806,1,0,0,0,1,1,0,0,1,0,0,0,1,1,0,0
0.00320812,1,0,0,0,1,1,0,0,0,0,0,0,0,0,0,0
0.00320813,1,0,0,0,1,1,0,0,1,0,0,0,1,1,0,0
0.00320857,1,0,1,0,1,1,0,0,1,0,0,0,1,1,0,0
0.00320858,1,1,1,0,1,1,0,0,1,0,0,0,1,1,0,0
0.00320859,1,0,1,0,1,1,1,0,1,0,0,0,1,1,0,0
0.0032086,1,1,1,1,1,1,1,1,1,0,0,0,1,1,0,0
0.00320865,1,1,0,1,0,1,1,0,1,0,0,0,1,1,0,0
0.00320869,1,1,1,1,0,1,1,0,1,0,0,0,1,1,0,0
0.00320871,1,1,0,1,0,1,1,0,1,0,0,0,1,1,0,0
0.00320955,1,1,1,1,0,1,1,0,1,0,0,0,1,1,0,0
0.00320957,1,1,1,1,1,1,1,1,1,0,0,0,1,1,0,0
0.00320963,1,0,0,0,0,0,0,0,1,0,0,0,1,1,0,0
0.00320967,1,0,1,0,0,0,0,0,1,0,0,0,1,1,0,0
0.00320968,1,1,1,0,0,1,0,0,1,0,0,0,1,1,0,0
0.00320969,1,1,1,1,0,1,1,1,1,0,0,0,1,1,0,0
0.0032097,1,1,1,0,0,0,0,0,1,0,0,0,1,1,0,0
0.00320971,1,0,1,0,0,0,0,0,1,0,0,0,1,1,0,0
0.00320972,1,0,0,0,0,0,0,0,1,0,0,0,1,1,0,0
0.00320976,1,0,1,0,0,0,0,0,1,0,0,0,1,1,0,0
0.00320979,1,0,0,0,0,0,0,0,1,0,0,0,1,1,0,0
0.00321054,1,1,1,1,0,1,1,1,1,0,0,0,1,1,0,0
0.00321055,1,1,1,1,1,1,1,1,1,0,0,0,1,1,0,0
0.00321156,0,0,1,0,1,0,0,0,1,0,0,0,1,1,0,0
0.0032116,0,1,1,1,1,1,0,0,1,0,0,0,1,1,0,0
0.00321161,1,1,1,1,1,1,1,1,1,0,0,0,1,1,0,0
0.00321162,0,1,1,1,1,1,1,1,1,0,0,0,1,1,0,0
0.00321163,0,0,1,0,1,0,0,0,1,0,0,0,1,1,0,0
0.00321195,0,0,1,0,1,0,0,0,0,0,0,0,1,0,0,0
0.00321196,0,0,1,0,1,0,0,0,0,0,1,0,1,0,0,0
0.00321203,1,0,1,0,1,0,0,0,0,0,1,0,1,0,0,0
0.00321205,1,0,1,1,1,0,0,0,1,0,1,0,1,0,0,0
0.00321206,0,0,1,1,1,1,1,1,0,0,1,0,1,0,0,0
0.00321207,0,0,1,0,1,0,0,0,0,0,1,0,1,0,0,0
0.0032125,1,1,1,0,1,1,1,1,0,0,1,0,1,0,0,0
0.00321251,1,1,1,1,1,1,1,1,0,0,1,0,1,0,0,0
0.00321352,0,0,0,1,0,1,1,1,0,0,1,0,1,0,0,0
0.00321353,0,0,0,0,0,0,1,0,0,0,1,0,1,0,0,0
0.00321356,0,0,0,0,0,1,1,1,0,0,1,0,1,0,0,0
0.00321357,1,1,1,1,0,1,1,1,0,0,1,0,1,0,0,0
0.00321361,0,0,0,0,0,0,1,0,0,0,1,0,1,0,0,0
0.00321365,0,0,0,1,0,1,1,0,0,0,1,0,1,0,0,0
0.00321366,1,1,0,1,0,1,1,1,0,0,1,0,1,0,0,0
0.00321367,0,0,0,1,0,1,1,0,0,0,1,0,1,0,0,0
0.00321369,0,0,0,1,0,0,1,0,0,0,1,0,1,0,0,0
0.0032137,0,0,0,0,0,0,1,0,0,0,1,0,1,0,0,0
0.00321372,0,0,0,1,0,0,1,0,0,0,1,0,1,0,0,0
0.00321373,0,0,0,1,0,1,1,0,0,0,1,0,1,0,0,0
0.00321377,0,0,0,1,0,0,1,0,0,0,1,0,1,0,0,0
0.00321379,0,0,0,0,0,0,1,0,0,0,1,0,1,0,0,0
0.0032138,0,0,0,1,0,0,1,0,0,0,1,0,1,0,0,0
0.00321382,0,0,0,1,0,1,1,0,0,0,1,0,1,0,0,0
0.00321384,0,0,0,1,0,0,1,0,0,0,1,0,1,0,0,0
0.00321386,0,0,0,0,0,0,1,0,0,0,1,0,1,0,0,0
0.00321387,0,0,0,1,0,0,1,0,0,0,1,0,1,0,0,0
0.00321394,0,0,0,0,0,0,1,0,0,0,1,0,1,0,0,0
0.00321396,0,0,0,1,0,0,1,0,0,0,1,0,1,0,0,0
0.00321401,0,0,0,0,0,0,1,0,0,0,1,0,1,0,0,0
0.00321402,0,0,0,1,0,0,1,0,0,0,1,0,1,0,0,0
0.00321404,0,0,0,0,0,0,1,0,0,0,1,0,1,0,0,0
0.00321405,0,0,0,1,0,0,1,0,0,0,1,0,1,0,0,0
0.00321406,0,0,0,0,0,0,1,0,0,0,1,0,1,0,0,0
0.00321409,0,0,0,1,0,0,1,0,0,0,1,0,1,0,0,0
0.0032141,0,0,0,0,0,0,1,0,0,0,1,0,1,0,0,0
0.00321443,1,1,1,1,0,0,1,0,0,0,1,0,1,0,0,0
0.00321444,1,1,1,1,1,1,1,0,0,0,1,0,1,0,0,0
0.00321445,1,1,1,1,1,1,1,1,0,0,1,0,1,0,0,0
0.00321451,0,0,1,0,1,0,0,1,0,0,1,0,1,0,0,0
0.00321452,0,0,1,0,1,0,0,0,0,0,1,0,1,0,0,0
0.00321455,1,1,1,1,1,1,0,1,0,0,1,0,1,0,0,0
0.00321459,0,0,1,0,1,0,0,0,0,0,1,0,1,0,0,0
0.00321463,1,1,1,1,1,1,0,0,0,0,1,0,1,0,0,0
0.00321464,1,1,1,1,1,1,0,1,0,0,1,0,1,0,0,0
0.00321465,1,1,1,1,1,1,0,0,0,0,1,0,1,0,0,0
0.00321466,0,0,1,1,1,0,0,0,0,0,1,0,1,0,0,0
0.00321467,0,0,1,0,1,0,0,0,0,0,1,0,1,0,0,0
0.00321471,0,0,1,1,1,0,0,0,0,0,1,0,1,0,0,0
0.00321474,0,0,1,0,1,0,0,0,0,0,1,0,1,0,0,0
0.00321541,1,0,1,0,1,0,0,0,0,0,1,0,1,0,0,0
0.00321542,1,0,1,1,1,0,0,0,0,0,1,0,1,0,0,0
0.00321543,1,1,1,1,1,1,1,1,0,0,1,0,1,0,0,0
0.00321548,1,0,0,1,1,1,1,0,0,0,1,0,1,0,0,0
0.00321552,1,1,0,1,1,1,1,1,0,0,1,0,1,0,0,0
0.00321554,1,0,0,1,1,1,1,0,0,0,1,0,1,0,0,0
0.00321639,1,0,1,1,1,1,1,0,0,0,1,0,1,0,0,0
0.0032164,1,1,1,1,1,1,1,1,0,0,1,0,1,0,0,0
0.00321646,1,1,1,0,0,0,0,1,0,0,1,0,1,0,0,0
0.00321647,1,0,0,0,0,0,0,0,0,0,1,0,1,0,0,0
0.0032165,1,1,0,0,0,0,0,0,0,0,1,0,1,0,0,0
0.00321651,1,1,1,1,0,1,0,1,0,0,1,0,1,0,0,0
0.00321652,1,1,1,1,0,1,1,1,0,0,1,0,1,0,0,0
0.00321653,1,1,1,1,0,1,0,1,0,0,1,0,1,0,0,0
0.00321655,1,0,0,0,0,0,0,0,0,0,1,0,1,0,0,0
0.00321659,1,1,1,1,0,0,0,1,0,0,1,0,1,0,0,0
0.0032166,1,1,1,1,0,1,0,1,0,0,1,0,1,0,0,0
0.00321661,1,1,1,1,0,0,0,0,0,0,1,0,1,0,0,0
0.00321663,1,0,0,0,0,0,0,0,0,0,1,0,1,0,0,0
0.00321667,1,1,0,1,0,0,0,0,0,0,1,0,1,0,0,0
0.00321669,1,0,0,0,0,0,0,0,0,0,1,0,1,0,0,0
0.00321736,1,1,1,1,0,0,0,0,0,0,1,0,1,0,0,0
0.00321739,1,1,1,1,1,1,1,1,0,0,1,0,1,0,0,0
0.00321743,1,1,1,0,0,0,1,0,0,0,1,0,1,0,0,0
0.00321747,1,1,1,1,0,1,1,1,0,0,1,0,1,0,0,0
0.00321748,1,1,1,1,1,1,1,1,0,0,1,0,1,0,0,0
0.00321749,1,1,1,1,0,1,1,1,0,0,1,0,1,0,0,0
0.0032175,1,1,1,0,0,0,1,0,0,0,1,0,1,0,0,0
0.00321754,1,1,1,1,0,0,1,0,0,0,1,0,1,0,0,0
0.00321755,1,1,1,1,0,1,1,0,0,0,1,0,1,0,0,0
0.00321756,1,1,1,1,0,0,1,0,0,0,1,0,1,0,0,0
0.00321757,1,1,1,0,0,0,1,0,0,0,1,0,1,0,0,0
0.00321781,1,1,1,0,0,0,1,0,0,1,1,0,0,0,0,1
0.00321782,1,1,1,0,0,0,1,0,1,1,1,0,0,0,0,1
0.00321834,1,1,1,1,0,1,1,0,1,1,1,0,0,0,0,1
0.00321835,1,1,1,1,0,1,1,1,1,1,1,0,0,0,0,1
0.00321836,1,1,1,1,1,1,1,1,1,1,1,0,0,0,0,1
0.00321839,1,0,0,1,1,1,1,1,1,1,1,0,0,0,0,1
0.0032184,1,0,0,1,1,1,1,0,1,1,1,0,0,0,0,1
0.00321843,1,0,1,1,1,1,1,1,1,1,1,0,0,0,0,1
0.00321845,1,0,0,1,1,1,1,0,1,1,1,0,0,0,0,1
0.00321933,1,1,0,1,1,1,1,0,1,1,1,0,0,0,0,1
0.00321934,1,1,1,1,1,1,1,1,1,1,1,0,0,0,0,1
0.00321935,1,1,1,1,0,0,0,1,1,1,1,0,0,0,0,1
0.00321936,1,0,0,0,0,0,0,0,1,1,1,0,0,0,0,1
0.00321938,1,1,1,1,1,0,1,1,1,1,1,0,0,0,0,1
0.0032194,1,1,1,1,1,1,1,1,1,1,1,0,0,0,0,1
0.00321942,1,0,1,1,0,0,1,0,1,1,1,0,0,0,0,1
0.00321943,1,0,1,0,0,0,1,0,1,1,1,0,0,0,0,1
0.00321947,1,0,1,0,0,1,1,0,1,1,1,0,0,0,0,1
0.00321948,1,1,1,1,0,1,1,1,1,1,1,0,0,0,0,1
0.00321949,1,0,1,1,0,1,1,0,1,1,1,0,0,0,0,1
0.0032195,1,0,1,0,0,0,1,0,1,1,1,0,0,0,0,1
0.00321976,1,0,1,0,0,0,1,0,1,0,1,0,0,0,0,0
0.00321977,1,0,1,0,0,0,1,0,1,0,1,0,0,0,0,1
0.00322029,1,0,1,1,0,1,1,0,1,0,1,0,0,0,0,1
0.0032203,1,0,1,1,1,1,1,0,1,0,1,0,0,0,0,1
0.00322031,1,0,1,1,1,1,1,1,1,0,1,0,0,0,0,1
0.00322032,1,1,1,1,1,1,1,1,1,0,1,0,0,0,0,1
0.00322033,1,0,0,1,1,1,1,0,1,0,1,0,0,0,0,1
0.00322129,1,1,1,1,1,1,1,0,1,0,1,0,0,0,0,1
0.00322131,1,1,1,1,1,0,1,1,1,0,1,0,0,0,0,1
0.00322132,1,1,1,1,1,1,1,1,1,0,1,0,0,0,0,1
0.00322133,0,0,1,0,1,0,0,0,1,0,1,0,0,0,0,1
0.00322135,0,0,1,0,1,0,1,0,1,0,1,0,0,0,0,1
0.00322136,0,0,0,1,0,0,1,0,1,0,1,0,0,0,0,1
0.00322171,0,0,0,1,0,0,1,0,0,0,0,0,0,0,0,0
0.00322172,0,0,0,1,0,0,1,0,0,0,0,0,0,0,0,1
0.00322173,0,0,0,1,0,0,1,0,0,0,0,1,0,0,0,1
0.00322179,0,0,0,1,0,0,1,0,0,0,0,0,0,0,0,0
0.0032218,0,0,0,1,0,0,1,0,0,0,0,1,0,0,0,1
0.00322227,1,1,1,1,1,1,1,0,0,0,0,1,0,0,0,1
0.00322228,1,1,1,1,1,1,1,1,0,0,0,1,0,0,0,1
0.00322232,1,0,0,0,0,0,0,0,0,0,0,1,0,0,0,1
0.00322236,1,0,1,0,0,1,0,1,0,0,0,1,0,0,0,1
0.00322237,1,1,1,1,0,1,1,1,0,0,0,1,0,0,0,1
0.00322239,1,0,1,0,0,1,0,1,0,0,0,1,0,0,0,1
0.0032224,1,0,0,0,0,0,0,0,0,0,0,1,0,0,0,1
0.00322244,1,0,0,0,0,1,0,0,0,0,0,1,0,0,0,1
0.00322247,1,0,0,0,0,0,0,0,0,0,0,1,0,0,0,1
0.00322328,1,0,1,1,1,1,0,1,0,0,0,1,0,0,0,1
0.00322329,1,1,1,1,1,1,1,1,0,0,0,1,0,0,0,1
0.00322332,1,1,0,0,0,1,1,1,0,0,0,1,0,0,0,1
0.00322333,1,1,0,0,0,0,1,0,0,0,0,1,0,0,0,1
0.00322336,1,1,0,1,0,1,1,0,0,0,0,1,0,0,0,1
0.00322337,1,1,1,1,0,1,1,1,0,0,0,1,0,0,0,1
0.00322339,1,1,0,0,0,0,1,0,0,0,0,1,0,0,0,1
0.00322366,1,1,0,0,0,0,1,0,0,0,0,0,0,0,0,1
0.00322368,1,1,0,0,0,0,1,0,1,1,0,0,0,0,0,1
0.00322374,1,1,0,0,0,0,1,0,0,0,0,0,0,0,0,0
0.00322375,1,1,0,0,0,0,1,0,1,1,0,0,0,0,0,1
0.0032242,1,1,1,1,0,1,1,0,1,1,0,0,0,0,0,1
0.00322421,1,1,1,1,1,1,1,1,1,1,0,0,0,0,0,1
0.00322422,1,0,1,1,1,1,0,1,1,1,0,0,0,0,0,1
0.00322423,1,0,0,0,0,0,0,0,1,1,0,0,0,0,0,1
0.00322427,1,0,1,1,0,1,0,1,1,1,0,0,0,0,0,1
0.00322429,1,0,0,0,0,1,0,0,1,1,0,0,0,0,0,1
0.0032243,1,0,0,0,0,0,0,0,1,1,0,0,0,0,0,1
0.0032252,1,0,1,1,0,1,0,0,1,1,0,0,0,0,0,1
0.00322521,1,1,1,1,1,1,1,1,1,1,0,0,0,0,0,1
0.00322524,0,1,1,1,1,1,1,1,1,1,0,0,0,0,0,1
0.00322525,0,0,1,0,1,0,0,0,1,1,0,0,0,0,0,1
0.00322526,0,0,1,0,1,1,0,0,1,1,0,0,0,0,0,1
0.00322527,1,0,1,0,1,1,0,0,1,1,0,0,0,0,0,1
0.00322528,1,1,1,1,1,1,1,1,1,1,0,0,0,0,0,1
0.00322531,1,0,1,1,1,1,1,1,1,1,0,0,0,0,0,1
0.00322532,1,0,1,0,1,1,0,0,1,1,0,0,0,0,0,1
0.00322535,1,0,1,1,1,1,0,0,1,1,0,0,0,0,0,1
0.00322536,1,0,1,1,1,1,0,1,1,1,0,0,0,0,0,1
0.00322538,1,0,1,1,1,1,0,0,1,1,0,0,0,0,0,1
0.00322539,1,0,1,0,1,1,0,0,1,1,0,0,0,0,0,1
0.00322543,1,0,1,1,1,1,0,0,1,1,0,0,0,0,0,1
0.00322546,1,0,1,0,1,1,0,0,1,1,0,0,0,0,0,1
0.00322562,1,0,1,1,1,1,0,0,1,0,0,0,0,0,0,0
0.00322563,1,0,1,0,1,1,0,0,1,0,1,0,1,1,0,0
0.00322567,1,0,1,1,1,1,0,0,1,0,1,0,1,1,0,0
0.00322568,1,0,1,0,1,1,0,0,1,0,1,0,1,1,0,0
0.00322615,1,1,1,1,1,1,1,0,1,0,1,0,1,1,0,0
0.00322616,1,1,1,1,1,1,1,1,1,0,1,0,1,1,0,0
0.00322617,1,1,0,1,1,1,1,1,1,0,1,0,1,1,0,0
0.00322618,1,0,0,1,1,1,1,0,1,0,1,0,1,1,0,0
0.00322622,1,0,0,1,1,1,1,1,1,0,1,0,1,1,0,0
0.00322623,1,0,0,1,1,1,1,0,1,0,1,0,1,1,0,0
0.00322713,1,1,0,1,1,1,1,0,1,0,1,0,1,1,0,0
0.00322714,1,1,1,1,1,1,1,0,1,0,1,0,1,1,0,0
0.00322715,1,1,1,1,0,1,1,1,1,0,1,0,1,1,0,0
0.00322716,1,0,0,0,0,0,0,0,1,0,1,0,1,1,0,0
0.00322721,1,1,1,1,0,1,1,1,1,0,1,0,1,1,0,0
0.00322722,1,1,0,1,0,0,0,1,1,0,1,0,1,1,0,0
0.00322723,1,0,0,0,0,0,0,0,1,0,1,0,1,1,0,0
0.00322812,1,1,1,1,0,1,1,1,1,0,1,0,1,1,0,0
0.00322813,1,1,1,1,1,1,1,1,1,0,1,0,1,1,0,0
0.00322908,1,0,0,1,1,1,1,0,1,0,1,0,1,1,0,0
0.00322911,1,1,1,1,1,1,1,1,1,0,1,0,1,1,0,0
0.00322914,0,0,1,0,1,0,0,0,1,0,1,0,1,1,0,0
0.00322919,0,0,1,1,1,0,0,1,1,0,1,0,1,1,0,0
0.0032292,0,1,1,1,1,1,0,1,1,0,1,0,1,1,0,0
0.00322921,0,0,1,1,1,0,0,0,1,0,1,0,1,1,0,0
0.00322922,0,0,1,0,1,0,0,0,1,0,1,0,1,1,0,0
0.00322952,0,0,1,0,1,0,0,0,0,0,1,0,1,0,0,0
0.0032296,0,0,1,0,1,0,0,0,0,0,0,0,0,0,0,0
0.00322961,1,0,1,0,1,0,0,0,0,0,1,0,1,0,0,0
0.00322962,1,0,1,0,1,0,0,0,1,0,1,0,1,0,0,0
0.00322963,1,0,1,1,1,0,0,0,1,0,1,0,1,0,0,0
0.00322964,0,0,1,1,1,1,1,1,1,0,1,0,1,0,0,0
0.00322965,0,0,1,0,1,0,0,0,0,0,1,0,1,0,0,0
0.00323005,1,1,1,0,1,0,0,0,0,0,1,0,1,0,0,0
0.00323006,1,1,1,1,1,0,0,0,0,0,1,0,1,0,0,0
0.00323007,1,1,1,1,1,1,1,1,0,0,1,0,1,0,0,0
0.0032311,0,0,0,0,0,0,1,0,0,0,1,0,1,0,0,0
0.00323114,1,1,0,1,0,1,1,1,0,0,1,0,1,0,0,0
0.00323115,1,1,1,1,0,1,1,1,0,0,1,0,1,0,0,0
0.00323118,0,0,0,1,0,0,1,1,0,0,1,0,1,0,0,0
0.00323119,0,0,0,0,0,0,1,0,0,0,1,0,1,0,0,0
0.00323122,0,0,0,1,0,0,1,0,0,0,1,0,1,0,0,0
0.00323123,0,0,0,1,0,1,1,0,0,0,1,0,1,0,0,0
0.00323124,0,0,0,1,0,0,1,0,0,0,1,0,1,0,0,0
0.00323126,0,0,0,0,0,0,1,0,0,0,1,0,1,0,0,0
0.00323131,0,0,0,1,0,0,1,0,0,0,1,0,1,0,0,0
0.00323134,0,0,0,0,0,0,1,0,0,0,1,0,1,0,0,0
0.003232,0,0,0,1,0,0,1,0,0,0,1,0,1,0,0,0
0.00323201,0,0,0,0,0,0,1,0,0,0,1,0,1,0,0,0
0.00323203,1,1,1,1,0,0,1,0,0,0,1,0,1,0,0,0
0.00323204,1,1,1,1,1,1,1,1,0,0,1,0,1,0,0,0
0.00323208,1,1,1,1,1,1,0,1,0,0,1,0,1,0,0,0
0.00323209,0,0,1,0,1,0,0,0,0,0,1,0,1,0,0,0
0.00323212,1,1,1,1,1,1,0,1,0,0,1,0,1,0,0,0
0.00323217,1,0,1,1,1,0,0,0,0,0,1,0,1,0,0,0
0.00323218,0,0,1,0,1,0,0,0,0,0,1,0,1,0,0,0
0.00323219,0,0,1,1,1,0,0,0,0,0,1,0,1,0,0,0
0.0032322,1,1,1,1,1,1,0,1,0,0,1,0,1,0,0,0
0.00323225,1,0,1,1,1,1,0,0,0,0,1,0,1,0,0,0
0.00323226,1,0,1,1,1,0,0,0,0,0,1,0,1,0,0,0
0.00323227,1,1,1,1,1,1,0,0,0,0,1,0,1,0,0,0
0.00323228,1,1,1,1,1,1,0,1,0,0,1,0,1,0,0,0
0.00323232,1,1,1,1,1,1,0,0,0,0,1,0,1,0,0,0
0.00323241,1,0,1,1,1,0,0,0,0,0,1,0,1,0,0,0
0.00323243,1,1,1,1,1,1,0,0,0,0,1,0,1,0,0,0
0.00323245,1,1,1,1,1,1,0,1,0,0,1,0,1,0,0,0
0.00323246,1,1,1,1,1,1,0,0,0,0,1,0,1,0,0,0
0.00323247,1,0,1,1,1,0,0,0,0,0,1,0,1,0,0,0
0.00323248,0,0,1,1,1,0,0,0,0,0,1,0,1,0,0,0
0.0032325,1,1,1,1,1,1,0,0,0,0,1,0,1,0,0,0
0.00323253,1,0,1,1,1,0,0,0,0,0,1,0,1,0,0,0
0.00323265,0,0,1,1,1,0,0,0,0,0,1,0,1,0,0,0
0.00323267,1,0,1,1,1,0,0,0,0,0,1,0,1,0,0,0
0.00323269,0,0,1,1,1,0,0,0,0,0,1,0,1,0,0,0
0.00323275,1,0,1,1,1,0,0,0,0,0,1,0,1,0,0,0
0.00323276,0,0,1,1,1,0,0,0,0,0,1,0,1,0,0,0
0.00323296,1,0,1,1,1,0,0,0,0,0,1,0,1,0,0,0
0.00323297,0,0,1,0,1,0,0,0,0,0,1,0,1,0,0,0
0.00323298,1,1,1,0,1,0,0,0,0,0,1,0,1,0,0,0
0.00323299,1,1,1,1,1,0,0,0,0,0,1,0,1,0,0,0
0.003233,1,1,1,1,1,1,1,1,0,0,1,0,1,0,0,0
0.00323305,1,1,0,1,0,1,1,1,0,0,1,0,1,0,0,0
0.00323306,1,1,0,0,0,0,1,1,0,0,1,0,1,0,0,0
0.00323309,1,1,1,1,0,1,1,1,0,0,1,0,1,0,0,0
0.00323312,1,1,0,1,0,0,1,1,0,0,1,0,1,0,0,0
0.00323313,1,1,0,0,0,0,1,1,0,0,1,0,1,0,0,0
0.00323316,1,1,0,1,0,0,1,1,0,0,1,0,1,0,0,0
0.00323317,1,1,0,1,0,1,1,1,0,0,1,0,1,0,0,0
0.00323319,1,1,0,1,0,0,1,1,0,0,1,0,1,0,0,0
0.0032332,1,1,0,0,0,0,1,1,0,0,1,0,1,0,0,0
0.00323324,1,1,0,1,0,0,1,1,0,0,1,0,1,0,0,0
0.00323327,1,1,0,0,0,0,1,1,0,0,1,0,1,0,0,0
0.00323396,1,1,1,1,0,0,1,1,0,0,1,0,1,0,0,0
0.00323397,1,1,1,1,1,1,1,1,0,0,1,0,1,0,0,0
0.00323403,1,1,1,1,1,1,0,1,0,0,1,0,1,0,0,0
0.00323404,1,0,0,0,0,0,0,0,0,0,1,0,1,0,0,0
0.00323408,1,1,1,1,0,1,0,1,0,0,1,0,1,0,0,0
0.00323409,1,1,1,1,1,1,1,1,0,0,1,0,1,0,0,0
0.0032341,1,1,1,1,0,1,0,1,0,0,1,0,1,0,0,0
0.00323411,1,1,1,1,0,1,0,0,0,0,1,0,1,0,0,0
0.00323412,1,0,1,1,0,0,0,0,0,0,1,0,1,0,0,0
0.00323413,1,0,0,0,0,0,0,0,0,0,1,0,1,0,0,0
0.00323416,1,1,1,1,0,1,0,0,0,0,1,0,1,0,0,0
0.0032342,1,0,1,1,0,0,0,0,0,0,1,0,1,0,0,0
0.00323421,1,0,0,1,0,0,0,0,0,0,1,0,1,0,0,0
0.00323424,1,1,1,1,0,1,0,0,0,0,1,0,1,0,0,0
0.00323428,1,0,0,1,0,0,0,0,0,0,1,0,1,0,0,0
0.0032343,1,0,1,1,0,0,0,0,0,0,1,0,1,0,0,0
0.00323431,1,1,1,1,0,0,0,0,0,0,1,0,1,0,0,0
0.00323432,1,0,1,1,0,0,0,0,0,0,1,0,1,0,0,0
0.00323434,1,1,1,1,0,0,0,0,0,0,1,0,1,0,0,0
0.00323435,1,0,1,1,0,0,0,0,0,0,1,0,1,0,0,0
0.00323436,1,0,0,1,0,0,0,0,0,0,1,0,1,0,0,0
0.00323438,1,1,1,1,0,1,0,0,0,0,1,0,1,0,0,0
0.00323439,1,0,0,1,0,0,0,0,0,0,1,0,1,0,0,0
0.0032344,1,1,1,1,0,0,0,0,0,0,1,0,1,0,0,0
0.00323441,1,0,0,1,0,0,0,0,0,0,1,0,1,0,0,0
0.00323445,1,0,0,0,0,0,0,0,0,0,1,0,1,0,0,0
0.00323446,1,0,0,1,0,0,0,0,0,0,1,0,1,0,0,0
0.00323451,1,0,0,0,0,0,0,0,0,0,1,0,1,0,0,0
0.00323453,1,0,0,1,0,0,0,0,0,0,1,0,1,0,0,0
0.00323454,1,0,0,0,0,0,0,0,0,0,1,0,1,0,0,0
0.00323493,1,1,1,0,0,0,0,0,0,0,1,0,1,0,0,0
0.00323494,1,1,1,1,0,0,0,0,0,0,1,0,1,0,0,0
0.00323496,1,1,1,1,1,1,1,1,0,0,1,0,1,0,0,0
0.003235,1,1,1,1,1,1,1,0,0,0,1,0,1,0,0,0
0.00323501,0,1,1,0,1,1,0,0,0,0,1,0,1,0,0,0
0.00323504,0,1,1,1,1,1,0,0,0,0,1,0,1,0,0,0
0.00323505,0,1,1,1,1,1,1,1,0,0,1,0,1,0,0,0
0.00323506,0,1,1,1,1,1,0,1,0,0,1,0,1,0,0,0
0.00323507,0,1,1,1,1,1,0,0,0,0,1,0,1,0,0,0
0.00323508,0,1,1,0,1,1,0,0,0,0,1,0,1,0,0,0
0.00323512,0,1,1,1,1,1,0,0,0,0,1,0,1,0,0,0
0.00323514,0,1,1,0,1,1,0,0,0,0,1,0,1,0,0,0
0.00323538,0,1,1,0,1,1,0,0,0,1,1,0,1,0,0,0
0.00323539,0,1,1,0,1,1,0,0,0,1,1,0,1,1,0,0
0.00323592,0,1,1,1,1,1,0,0,0,1,1,0,1,1,0,0
0.00323593,1,1,1,1,1,1,0,1,0,1,1,0,1,1,0,0
0.00323594,1,1,1,1,1,1,1,1,0,1,1,0,1,1,0,0
0.00323596,1,1,1,0,1,1,1,1,0,1,1,0,1,1,0,0
0.00323598,1,1,1,1,0,0,1,1,0,1,1,0,1,1,0,0
0.00323599,1,1,0,0,0,0,1,1,0,1,1,0,1,1,0,0
0.00323603,1,1,1,1,0,1,1,1,0,1,1,0,1,1,0,0
0.00323605,1,1,0,0,0,0,1,1,0,1,1,0,1,1,0,0
0.00323691,1,1,0,1,1,0,1,1,0,1,1,0,1,1,0,0
0.00323692,1,1,1,1,1,1,1,1,0,1,1,0,1,1,0,0
0.00323693,1,0,1,1,1,1,0,0,0,1,1,0,1,1,0,0
0.00323694,1,0,0,0,0,0,0,0,0,1,1,0,1,1,0,0
0.00323698,1,0,1,1,0,1,0,0,0,1,1,0,1,1,0,0
0.003237,1,0,0,0,0,0,0,0,0,1,1,0,1,1,0,0
0.00323788,1,1,0,0,0,0,1,1,0,1,1,0,1,1,0,0
0.0032379,1,1,1,1,0,0,1,1,0,1,1,0,1,1,0,0
0.00323791,1,1,0,0,0,0,1,1,0,1,1,0,1,1,0,0
0.00323795,1,1,1,1,1,1,1,1,0,1,1,0,1,1,0,0
0.00323888,1,1,1,1,1,1,0,1,0,1,1,0,1,1,0,0
0.00323889,0,0,1,0,1,0,0,0,0,1,1,0,1,1,0,0
0.00323894,1,1,1,1,1,1,0,0,0,1,1,0,1,1,0,0
0.00323896,0,0,1,0,1,0,0,0,0,1,1,0,1,1,0,0
0.00323929,0,0,1,0,1,0,0,0,0,0,1,0,1,0,0,0
0.00323984,1,1,1,1,1,1,1,1,0,0,1,0,1,0,0,0
0.00324086,0,0,0,0,0,0,1,0,0,0,1,0,1,0,0,0
0.0032409,0,1,0,0,0,1,1,0,0,0,1,0,1,0,0,0
0.00324091,1,1,1,1,0,1,1,1,0,0,1,0,1,0,0,0
0.00324094,1,1,0,1,0,1,1,0,0,0,1,0,1,0,0,0
0.00324095,0,0,0,0,0,0,1,0,0,0,1,0,1,0,0,0
0.00324099,1,0,0,1,0,0,1,0,0,0,1,0,1,0,0,0
0.003241,1,1,0,1,0,0,1,0,0,0,1,0,1,0,0,0
0.00324101,1,0,0,1,0,0,1,0,0,0,1,0,1,0,0,0
0.00324102,0,0,0,1,0,0,1,0,0,0,1,0,1,0,0,0
0.00324103,0,0,0,0,0,0,1,0,0,0,1,0,1,0,0,0
0.00324107,1,0,0,1,0,0,1,0,0,0,1,0,1,0,0,0
0.0032411,0,0,0,0,0,0,1,0,0,0,1,0,1,0,0,0
0.00324116,1,0,0,1,0,0,1,0,0,0,1,0,1,0,0,0
0.00324117,0,0,0,0,0,0,1,0,0,0,1,0,1,0,0,0
0.00324122,0,0,0,1,0,0,1,0,0,0,1,0,1,0,0,0
0.00324123,0,0,0,0,0,0,1,0,0,0,1,0,1,0,0,0
0.00324176,1,0,0,0,0,0,1,0,0,0,1,0,1,0,0,0
0.00324177,1,1,1,1,0,0,1,0,0,0,1,0,1,0,0,0
0.00324178,1,1,1,1,0,1,1,0,0,0,1,0,1,0,0,0
0.00324179,1,1,1,1,1,1,1,1,0,0,1,0,1,0,0,0
0.00324184,1,1,1,1,1,1,0,1,0,0,1,0,1,0,0,0
0.00324185,0,1,0,0,1,0,0,0,0,0,1,0,1,0,0,0
0.00324189,1,1,1,1,1,1,0,1,0,0,1,0,1,0,0,0
0.00324192,1,1,1,1,1,1,0,0,0,0,1,0,1,0,0,0
0.00324193,0,1,0,0,1,0,0,0,0,0,1,0,1,0,0,0
0.00324196,1,1,0,0,1,0,0,0,0,0,1,0,1,0,0,0
0.00324197,1,1,1,1,1,1,0,0,0,0,1,0,1,0,0,0
0.00324199,1,1,1,1,1,0,0,0,0,0,1,0,1,0,0,0
0.00324201,0,1,0,0,1,0,0,0,0,0,1,0,1,0,0,0
0.00324203,1,1,0,0,1,0,0,0,0,0,1,0,1,0,0,0
0.00324204,1,1,1,1,1,0,0,0,0,0,1,0,1,0,0,0
0.00324208,1,1,0,0,1,0,0,0,0,0,1,0,1,0,0,0
0.00324212,1,1,1,0,1,0,0,0,0,0,1,0,1,0,0,0
0.00324213,1,1,1,1,1,0,0,0,0,0,1,0,1,0,0,0
0.00324214,1,1,0,0,1,0,0,0,0,0,1,0,1,0,0,0
0.00324217,0,1,0,0,1,0,0,0,0,0,1,0,1,0,0,0
0.0032422,1,1,0,0,1,0,0,0,0,0,1,0,1,0,0,0
0.00324221,1,1,0,1,1,0,0,0,0,0,1,0,1,0,0,0
0.00324222,1,1,1,1,1,0,0,0,0,0,0,0,1,0,0,0
0.00324223,0,1,0,0,1,0,0,0,0,1,0,0,1,0,0,0
0.00324227,1,1,0,1,1,0,0,0,0,1,0,0,1,0,0,0
0.00324228,1,1,0,0,1,0,0,0,0,1,0,0,1,0,0,0
0.00324229,1,1,0,0,1,0,0,0,0,0,0,0,0,0,0,0
0.0032423,0,1,0,0,1,0,0,0,0,1,0,0,1,0,0,0
0.00324235,1,1,1,1,1,0,0,0,0,1,0,0,1,0,0,0
0.00324236,1,1,0,0,1,0,0,0,0,1,0,0,1,0,0,0
0.00324237,0,1,0,0,1,0,0,0,0,1,0,0,1,0,0,0
0.00324277,1,1,1,1,1,1,0,1,0,1,0,0,1,0,0,0
0.00324278,1,1,1,1,1,1,1,1,0,1,0,0,1,0,0,0
0.00324281,0,0,0,0,0,1,0,1,0,1,0,0,1,0,0,0
0.00324282,0,0,0,0,0,1,0,0,0,1,0,0,1,0,0,0
0.00324285,0,0,0,1,0,1,0,0,0,1,0,0,1,0,0,0
0.00324286,1,0,1,1,0,1,0,1,0,1,0,0,1,0,0,0
0.00324287,1,1,1,1,0,1,1,1,0,1,0,0,1,0,0,0
0.00324288,1,0,1,1,0,1,0,1,0,1,0,0,1,0,0,0
0.0032429,0,0,0,0,0,1,0,0,0,1,0,0,1,0,0,0
0.00324294,1,0,1,1,0,1,0,0,0,1,0,0,1,0,0,0
0.00324296,0,0,1,1,0,1,0,0,0,1,0,0,1,0,0,0
0.00324297,0,0,0,0,0,1,0,0,0,1,0,0,1,0,0,0
0.00324372,1,1,1,1,0,1,0,0,0,1,0,0,1,0,0,0
0.00324373,1,1,1,1,1,1,1,1,0,1,0,0,1,0,0,0
0.0032438,1,0,0,0,1,0,0,0,0,1,0,0,1,0,0,0
0.00324384,1,1,1,1,1,0,1,1,0,1,0,0,1,0,0,0
0.00324385,1,1,1,1,1,1,1,1,0,1,0,0,1,0,0,0
0.00324387,1,1,1,1,1,0,0,0,0,1,0,0,1,0,0,0
0.00324388,1,0,0,0,1,0,0,0,0,1,0,0,1,0,0,0
0.00324392,1,0,1,1,1,0,0,0,0,1,0,0,1,0,0,0
0.00324393,1,1,1,1,1,0,0,0,0,1,0,0,1,0,0,0
0.00324394,1,0,1,1,1,0,0,0,0,1,0,0,1,0,0,0
0.00324395,1,0,1,0,1,0,0,0,0,1,0,0,1,0,0,0
0.00324396,1,0,0,0,1,0,0,0,0,1,0,0,1,0,0,0
0.003244,1,0,1,0,1,0,0,0,0,1,0,0,1,0,0,0
0.00324403,1,0,0,0,1,0,0,0,0,1,0,0,1,0,0,0
0.00324417,1,0,0,0,1,0,0,0,0,0,0,0,1,0,0,0
0.00324418,1,0,0,0,1,0,0,0,1,0,0,0,1,0,0,0
0.00324423,1,0,1,0,1,0,0,0,1,0,0,0,1,0,0,0
0.00324424,1,0,0,0,1,0,0,0,0,0,0,0,0,0,0,0
0.00324425,1,0,0,0,1,0,0,0,1,0,0,0,1,0,0,0
0.0032443,1,0,1,0,1,0,0,0,1,0,0,0,1,0,0,0
0.00324431,1,0,0,0,1,0,0,0,1,0,0,0,1,0,0,0
0.0032447,1,0,1,0,1,0,0,0,1,0,0,0,1,0,0,0
0.00324472,1,1,1,1,1,1,1,1,1,0,0,0,1,0,0,0
0.00324477,0,0,0,0,1,0,0,0,1,0,0,0,1,0,0,0
0.00324481,0,1,1,1,1,1,0,1,1,0,0,0,1,0,0,0
0.00324482,1,1,1,1,1,1,0,1,1,0,0,0,1,0,0,0
0.00324483,1,1,1,1,1,1,1,1,1,0,0,0,1,0,0,0
0.00324484,1,1,1,1,1,1,0,1,1,0,0,0,1,0,0,0
0.00324486,0,0,1,1,1,0,0,0,1,0,0,0,1,0,0,0
0.00324487,0,0,0,0,1,0,0,0,1,0,0,0,1,0,0,0
0.00324488,0,0,1,0,1,0,0,0,1,0,0,0,1,0,0,0
0.00324489,0,1,1,1,1,0,0,0,1,0,0,0,1,0,0,0
0.0032449,1,1,1,1,1,1,0,1,1,0,0,0,1,0,0,0
0.00324492,1,1,1,1,1,0,0,0,1,0,0,0,1,0,0,0
0.00324494,0,0,1,1,1,0,0,0,1,0,0,0,1,0,0,0
0.00324496,0,1,1,1,1,0,0,0,1,0,0,0,1,0,0,0
0.00324503,0,0,1,1,1,0,0,0,1,0,0,0,1,0,0,0
0.00324506,0,1,1,1,1,0,0,0,1,0,0,0,1,0,0,0
0.00324508,0,0,1,1,1,0,0,0,1,0,0,0,1,0,0,0
0.00324517,0,1,1,1,1,0,0,0,1,0,0,0,1,0,0,0
0.00324518,0,0,1,1,1,0,0,0,1,0,0,0,1,0,0,0
0.0032456,0,0,1,0,1,0,0,0,1,0,0,0,1,0,0,0
0.00324561,0,0,1,1,1,0,0,0,1,0,0,0,1,0,0,0
0.00324563,0,0,0,0,1,0,0,0,1,0,0,0,1,0,0,0
0.00324564,0,0,1,1,1,0,0,0,1,0,0,0,1,0,0,0
0.00324566,0,0,1,0,1,0,0,0,1,0,0,0,1,0,0,0
0.00324567,1,1,1,1,1,0,0,0,1,0,0,0,1,0,0,0
0.00324569,1,1,1,1,1,1,1,1,1,0,0,0,1,0,0,0
0.00324575,1,0,1,1,0,1,0,1,1,0,0,0,1,0,0,0
0.00324576,1,0,0,1,0,0,0,1,1,0,0,0,1,0,0,0
0.00324579,1,1,1,1,0,1,0,1,1,0,0,0,1,0,0,0
0.0032458,1,1,1,1,0,1,1,1,1,0,0,0,1,0,0,0
0.00324582,1,1,1,1,0,0,0,1,1,0,0,0,1,0,0,0
0.00324583,1,0,1,1,0,0,0,1,1,0,0,0,1,0,0,0
0.00324584,1,0,0,1,0,0,0,1,1,0,0,0,1,0,0,0
0.00324586,1,0,1,1,0,0,0,1,1,0,0,0,1,0,0,0
0.00324587,1,1,1,1,0,0,0,1,1,0,0,0,1,0,0,0
0.00324588,1,1,1,1,0,1,0,1,1,0,0,0,1,0,0,0
0.00324589,1,0,1,1,0,0,0,1,1,0,0,0,1,0,0,0
0.00324608,1,0,0,1,0,0,0,1,1,0,0,0,1,0,0,0
0.00324609,1,0,1,1,0,0,0,1,1,0,0,0,1,0,0,0
0.00324612,1,0,1,1,0,0,0,1,1,0,0,0,0,0,0,0
0.00324613,1,0,0,1,0,0,0,1,1,0,0,1,0,0,1,0
0.00324616,1,0,1,1,0,0,0,1,1,0,0,1,0,0,1,0
0.00324621,1,0,0,1,0,0,0,1,1,0,0,1,0,0,1,0
0.00324622,1,0,1,1,0,0,0,1,1,0,0,1,0,0,1,0
0.00324623,1,0,0,1,0,0,0,1,1,0,0,1,0,0,1,0
0.00324624,1,0,1,1,0,0,0,1,1,0,0,1,0,0,1,0
0.00324627,1,0,0,1,0,0,0,1,1,0,0,1,0,0,1,0
0.00324663,1,0,1,1,0,0,0,1,1,0,0,1,0,0,1,0
0.00324664,1,0,1,1,0,1,0,1,1,0,0,1,0,0,1,0
0.00324665,1,1,1,1,0,1,0,1,1,0,0,1,0,0,1,0
0.00324666,1,1,1,0,0,0,0,0,1,0,0,1,0,0,1,0
0.00324667,0,0,0,0,0,0,0,0,1,0,0,1,0,0,1,0
0.00324668,0,0,0,0,1,1,1,1,1,0,0,1,0,0,1,0
0.0032467,1,1,1,1,1,1,1,1,1,0,0,1,0,0,1,0
0.00324672,0,1,1,0,1,1,1,1,1,0,0,1,0,0,1,0
0.00324673,0,0,0,0,1,1,1,1,1,0,0,1,0,0,1,0
0.00324677,0,0,1,0,1,1,1,1,1,0,0,1,0,0,1,0
0.0032468,0,0,0,0,1,1,1,1,1,0,0,1,0,0,1,0
0.00324756,1,1,1,1,1,1,1,1,1,0,0,1,0,0,1,0
0.00324757,0,0,0,0,1,1,1,1,1,0,0,1,0,0,1,0
0.00324761,1,1,1,1,1,1,1,1,1,0,0,1,0,0,1,0
0.00324762,0,1,1,1,1,1,1,1,1,0,0,1,0,0,1,0
0.00324763,0,0,0,0,1,1,1,1,1,0,0,1,0,0,1,0
0.00324766,1,1,1,1,1,1,1,1,1,0,0,1,0,0,1,0
0.0032477,1,1,1,0,1,0,0,0,1,0,0,1,0,0,1,0
0.00324771,1,1,1,0,1,1,0,0,1,0,0,1,0,0,1,0
0.00324773,1,1,1,1,1,1,1,1,1,0,0,1,0,0,1,0
0.00324776,1,1,1,0,1,1,0,0,1,0,0,1,0,0,1,0
0.0032478,1,1,1,1,1,1,0,0,1,0,0,1,0,0,1,0
0.00324783,1,1,1,0,1,1,0,0,1,0,0,1,0,0,1,0
0.00324807,1,1,1,0,1,1,0,0,1,0,0,0,0,0,0,0
0.00324809,1,1,1,0,1,1,0,0,1,1,1,0,1,1,0,0
0.00324813,1,1,1,1,1,1,0,0,1,1,1,0,1,1,0,0
0.00324814,1,1,1,0,1,1,0,0,1,1,1,0,1,1,0,0
0.00324816,1,1,1,0,1,1,1,1,1,1,1,0,1,1,0,0
0.00324817,1,1,1,0,1,1,1,1,1,1,1,0,1,1,1,1
0.00324818,1,1,1,1,1,1,1,1,1,1,1,0,1,1,1,1
0.00324819,1,1,1,1,1,1,0,0,1,1,1,0,1,1,0,0
0.0032482,1,1,1,0,1,1,0,0,1,1,1,0,1,1,0,0
0.00324823,1,1,1,1,1,1,0,0,1,1,1,0,1,1,0,0
0.00324824,1,1,1,1,1,1,1,1,1,1,1,0,1,1,0,0
0.00324826,1,1,1,0,1,1,0,0,1,1,1,0,1,1,0,0
0.00324831,1,1,1,1,1,1,0,0,1,1,1,0,1,1,0,0
0.00324832,1,1,1,0,1,1,0,0,1,1,1,0,1,1,0,0
0.00324862,1,1,1,1,1,1,1,1,1,1,1,0,1,1,0,0
0.00324868,1,0,0,0,1,0,1,1,1,1,1,0,1,1,0,0
0.00324872,1,0,1,1,1,1,1,1,1,1,1,0,1,1,0,0
0.00324873,1,1,1,1,1,1,1,1,1,1,1,0,1,1,0,0
0.00324874,1,0,1,1,1,1,1,1,1,1,1,0,1,1,0,0
0.00324875,1,0,0,0,1,0,1,1,1,1,1,0,1,1,0,0
0.0032488,1,0,0,1,1,0,1,1,1,1,1,0,1,1,0,0
0.00324882,1,0,0,0,1,0,1,1,1,1,1,0,1,1,0,0
0.00324958,1,1,1,1,1,0,1,1,1,1,1,0,1,1,0,0
0.00324959,1,1,1,1,1,1,1,1,1,1,1,0,1,1,0,0
0.00324965,1,0,0,0,0,0,0,0,1,1,1,0,1,1,0,0
0.00324969,1,1,1,1,0,1,0,0,1,1,1,0,1,1,0,0
0.0032497,1,1,1,1,0,1,0,1,1,1,1,0,1,1,0,0
0.00324971,1,1,1,1,0,1,1,1,1,1,1,0,1,1,0,0
0.00324972,1,1,1,1,0,1,0,1,1,1,1,0,1,1,0,0
0.00324973,1,0,1,1,0,1,0,0,1,1,1,0,1,1,0,0
0.00324974,1,0,0,0,0,0,0,0,1,1,1,0,1,1,0,0
0.00324977,1,0,1,1,0,1,0,0,1,1,1,0,1,1,0,0
0.00324978,1,1,1,1,0,1,0,0,1,1,1,0,1,1,0,0
0.00324979,1,0,1,1,0,1,0,0,1,1,1,0,1,1,0,0
0.00324981,1,0,1,1,0,0,0,0,1,1,1,0,1,1,0,0
0.00324982,1,0,0,0,0,0,0,0,1,1,1,0,1,1,0,0
0.00324984,1,0,1,0,0,0,0,0,1,1,1,0,1,1,0,0
0.00324985,1,0,1,1,0,0,0,0,1,1,1,0,1,1,0,0
0.00324986,1,0,1,1,0,1,0,0,1,1,1,0,1,1,0,0
0.00324988,1,0,1,0,0,0,0,0,1,1,1,0,1,1,0,0
0.00324997,1,0,0,0,0,0,0,0,1,1,1,0,1,1,0,0
0.00324999,1,0,1,0,0,0,0,0,1,1,1,0,1,1,0,0
0.00325002,1,0,0,0,0,0,0,0,1,1,1,0,1,1,0,0
0.00325003,1,0,1,0,0,0,0,0,1,1,1,0,1,1,0,0
0.00325005,1,0,0,0,0,0,0,0,1,1,1,0,1,1,0,0
0.00325055,1,0,1,0,0,0,0,0,1,1,1,0,1,1,0,0
0.00325056,1,0,1,1,0,1,0,0,1,1,1,0,1,1,0,0
0.00325057,1,1,1,1,0,1,1,1,1,1,1,0,1,1,0,0
0.00325058,1,1,1,1,1,1,1,1,1,1,1,0,1,1,0,0
0.00325158,1,1,1,0,1,0,0,0,1,1,1,0,1,1,0,0
0.00325159,0,1,0,0,1,0,0,0,1,1,1,0,1,1,0,0
0.00325163,1,1,1,1,1,1,0,0,1,1,1,0,1,1,0,0
0.00325164,1,1,1,1,1,1,0,1,1,1,1,0,1,1,0,0
0.00325165,0,1,1,1,1,0,0,0,1,1,1,0,1,1,0,0
0.00325166,0,1,1,0,1,0,0,0,1,1,1,0,1,1,0,0
0.00325167,0,1,0,0,1,0,0,0,1,1,1,0,1,1,0,0
0.00325171,0,1,1,0,1,0,0,0,1,1,1,0,1,1,0,0
0.00325174,0,1,0,0,1,0,0,0,1,1,1,0,1,1,0,0
0.00325198,0,1,1,0,1,0,0,0,0,1,0,0,1,0,0,0
0.00325199,0,1,0,0,1,0,0,0,0,1,0,0,1,0,0,0
0.00325251,1,1,1,1,1,0,0,0,0,1,0,0,1,0,0,0
0.00325252,1,1,1,1,1,1,0,1,0,1,0,0,1,0,0,0
0.00325253,1,1,1,1,1,1,0,0,0,1,0,0,1,0,0,0
0.00325255,1,1,1,1,1,1,1,1,0,1,0,0,1,0,0,0
0.00325259,0,0,0,0,1,0,0,0,0,1,0,0,1,0,0,0
0.00325263,1,0,1,1,1,1,0,1,0,1,0,0,1,0,0,0
0.00325264,1,1,1,1,1,1,0,1,0,1,0,0,1,0,0,0
0.00325265,1,1,1,1,1,1,1,1,0,1,0,0,1,0,0,0
0.00325266,1,1,1,1,1,1,0,1,0,1,0,0,1,0,0,0
0.00325267,1,0,1,1,1,0,0,0,0,1,0,0,1,0,0,0
0.00325268,0,0,0,0,1,0,0,0,0,1,0,0,1,0,0,0
0.0032527,0,0,1,0,1,0,0,0,0,1,0,0,1,0,0,0
0.00325271,1,0,1,1,1,0,0,0,0,1,0,0,1,0,0,0
0.00325272,1,0,1,1,1,1,0,0,0,1,0,0,1,0,0,0
0.00325273,1,0,1,1,1,0,0,0,0,1,0,0,1,0,0,0
0.00325276,0,0,1,1,1,0,0,0,0,1,0,0,1,0,0,0
0.00325277,0,0,1,0,1,0,0,0,0,1,0,0,1,0,0,0
0.00325278,0,0,1,1,1,0,0,0,0,1,0,0,1,0,0,0
0.00325279,1,0,1,1,1,0,0,0,0,1,0,0,1,0,0,0
0.00325282,0,0,1,1,1,0,0,0,0,1,0,0,1,0,0,0
0.00325288,1,0,1,1,1,0,0,0,0,1,0,0,1,0,0,0
0.00325289,0,0,1,1,1,0,0,0,0,1,0,0,1,0,0,0
0.00325291,0,0,1,0,1,0,0,0,0,1,0,0,1,0,0,0
0.00325293,1,0,1,1,1,0,0,0,0,1,0,0,1,0,0,0
0.00325294,0,0,1,0,1,0,0,0,0,1,0,0,1,0,0,0
0.00325295,0,0,1,1,1,0,0,0,0,1,0,0,1,0,0,0
0.00325296,0,0,1,0,1,0,0,0,0,1,0,0,1,0,0,0
0.00325297,1,0,1,1,1,0,0,0,0,1,0,0,1,0,0,0
0.00325299,0,0,1,1,1,0,0,0,0,1,0,0,1,0,0,0
0.003253,0,0,1,0,1,0,0,0,0,1,0,0,1,0,0,0
0.00325302,0,0,1,1,1,0,0,0,0,1,0,0,1,0,0,0
0.00325303,0,0,1,0,1,0,0,0,0,1,0,0,1,0,0,0
0.00325332,0,0,0,0,1,0,0,0,0,1,0,0,1,0,0,0
0.00325333,0,0,1,0,1,0,0,0,0,1,0,0,1,0,0,0
0.00325335,0,0,0,0,1,0,0,0,0,1,0,0,1,0,0,0
0.00325337,0,0,1,0,1,0,0,0,0,1,0,0,1,0,0,0
0.00325338,0,0,0,0,1,0,0,0,0,1,0,0,1,0,0,0
0.0032534,0,0,1,0,1,0,0,0,0,1,0,0,1,0,0,0
0.00325341,0,0,0,0,1,0,0,0,0,1,0,0,1,0,0,0
0.00325343,0,0,1,0,1,0,0,0,0,1,0,0,1,0,0,0
0.00325344,0,0,0,0,1,0,0,0,0,1,0,0,1,0,0,0
0.00325348,1,0,0,0,1,0,0,0,0,1,0,0,1,0,0,0
0.00325349,1,1,1,0,1,0,0,0,0,1,0,0,1,0,0,0
0.0032535,0,0,1,1,1,1,1,1,0,1,0,0,1,0,0,0
0.00325351,1,1,1,1,1,1,1,1,0,1,0,0,1,0,0,0
0.00325352,1,1,1,1,1,1,0,0,0,1,0,0,1,0,0,0
0.00325354,1,1,1,1,1,1,1,1,0,1,0,0,1,0,0,0
0.00325355,1,0,0,0,1,0,0,0,0,1,0,0,1,0,0,0
0.00325359,1,1,1,1,1,1,0,1,0,1,0,0,1,0,0,0
0.0032536,1,1,1,1,1,1,1,1,0,1,0,0,1,0,0,0
0.00325361,1,1,1,1,1,1,0,1,0,1,0,0,1,0,0,0
0.00325362,1,0,1,1,1,0,0,0,0,1,0,0,1,0,0,0
0.00325363,1,0,0,0,1,0,0,0,0,1,0,0,1,0,0,0
0.00325367,1,0,1,1,1,0,0,0,0,1,0,0,1,0,0,0
0.00325369,1,0,1,0,1,0,0,0,0,1,0,0,1,0,0,0
0.0032537,1,0,0,0,1,0,0,0,0,1,0,0,1,0,0,0
0.00325393,1,0,0,0,1,0,0,0,0,0,0,0,1,0,0,0
0.00325394,1,0,0,0,1,0,0,0,1,0,0,0,1,0,0,0
0.00325401,1,0,0,0,1,0,0,0,0,0,0,0,0,0,0,0
0.00325402,1,0,0,0,1,0,0,0,1,0,0,0,1,0,0,0
0.00325449,1,1,1,1,1,1,1,1,1,0,0,0,1,0,0,0
0.00325454,0,0,0,0,0,1,0,0,1,0,0,0,1,0,0,0
0.00325458,0,1,1,1,0,1,1,1,1,0,0,0,1,0,0,0
0.00325459,1,1,1,1,0,1,0,1,1,0,0,0,1,0,0,0
0.0032546,1,1,1,1,0,1,1,1,1,0,0,0,1,0,0,0
0.00325461,1,1,1,1,0,1,0,1,1,0,0,0,1,0,0,0
0.00325462,0,0,1,1,0,1,0,1,1,0,0,0,1,0,0,0
0.00325463,0,0,0,0,0,1,0,0,1,0,0,0,1,0,0,0
0.00325465,0,0,1,0,0,1,0,0,1,0,0,0,1,0,0,0
0.00325466,0,0,1,1,0,1,0,0,1,0,0,0,1,0,0,0
0.00325467,0,1,1,1,0,1,0,0,1,0,0,0,1,0,0,0
0.00325469,0,0,1,1,0,1,0,0,1,0,0,0,1,0,0,0
0.00325472,0,0,1,0,0,1,0,0,1,0,0,0,1,0,0,0
0.00325473,0,0,1,1,0,1,0,0,1,0,0,0,1,0,0,0
0.00325486,0,0,1,0,0,1,0,0,1,0,0,0,1,0,0,0
0.00325487,0,0,1,1,0,1,0,0,1,0,0,0,1,0,0,0
0.0032549,0,0,1,0,0,1,0,0,1,0,0,0,1,0,0,0
0.00325492,0,0,1,1,0,1,0,0,1,0,0,0,1,0,0,0
0.00325495,0,0,1,0,0,1,0,0,1,0,0,0,1,0,0,0
0.00325517,0,0,0,0,0,1,0,0,1,0,0,0,1,0,0,0
0.00325518,0,0,1,0,0,1,0,0,1,0,0,0,1,0,0,0
0.00325522,0,0,0,0,0,1,0,0,1,0,0,0,1,0,0,0
0.00325523,0,0,1,0,0,1,0,0,1,0,0,0,1,0,0,0
0.00325525,0,0,0,0,0,1,0,0,1,0,0,0,1,0,0,0
0.00325527,0,0,1,0,0,1,0,0,1,0,0,0,1,0,0,0
0.00325528,0,0,0,0,0,1,0,0,1,0,0,0,1,0,0,0
0.00325535,0,0,1,0,0,1,0,0,1,0,0,0,1,0,0,0
0.00325536,0,0,0,0,0,1,0,0,1,0,0,0,1,0,0,0
0.00325544,1,1,1,1,0,1,0,0,1,0,0,0,1,0,0,0
0.00325546,1,1,1,1,1,1,1,1,1,0,0,0,1,0,0,0
0.00325551,1,0,0,1,0,0,0,1,1,0,0,0,1,0,0,0
0.00325555,1,1,1,1,0,0,1,1,1,0,0,0,1,0,0,0
0.00325556,1,1,1,1,1,1,1,1,1,0,0,0,1,0,0,0
0.00325557,1,1,1,1,0,0,0,1,1,0,0,0,1,0,0,0
0.00325558,1,0,0,1,0,0,0,1,1,0,0,0,1,0,0,0
0.00325563,1,0,1,1,0,0,0,1,1,0,0,0,1,0,0,0
0.00325566,1,0,0,1,0,0,0,1,1,0,0,0,1,0,0,0
0.00325588,1,0,0,1,0,0,0,1,1,0,0,0,0,0,0,0
0.00325589,1,0,0,1,0,0,0,1,1,0,0,1,0,0,1,0
0.00325641,1,1,1,1,0,0,0,1,1,0,0,1,0,0,1,0
0.00325642,1,1,1,1,0,0,0,0,1,0,0,1,0,0,1,0
0.00325643,0,0,0,0,0,0,0,0,1,0,0,1,0,0,1,0
0.00325644,0,0,0,0,1,0,0,0,1,0,0,1,0,0,1,0
0.00325647,0,0,1,0,1,0,0,0,1,0,0,1,0,0,1,0
0.00325648,0,1,1,1,1,1,0,0,1,0,0,1,0,0,1,0
0.00325649,0,0,1,0,1,0,0,0,1,0,0,1,0,0,1,0
0.0032565,0,0,0,0,1,0,0,0,1,0,0,1,0,0,1,0
0.00325738,0,0,1,0,1,0,0,0,1,0,0,1,0,0,1,0
0.0032574,0,0,0,0,1,0,0,0,1,0,0,1,0,0,1,0
0.00325743,1,1,1,1,1,1,1,1,1,0,0,1,0,0,1,0
0.00325746,1,1,1,1,1,1,0,0,1,0,0,1,0,0,1,0
0.00325749,1,1,1,1,1,1,0,1,1,0,0,1,0,0,1,0
0.0032575,1,1,1,0,1,1,1,1,1,0,0,1,0,0,1,0
0.00325751,1,1,1,0,1,1,0,0,1,0,0,1,0,0,1,0
0.00325784,1,1,1,0,1,1,0,0,1,0,0,0,0,0,0,0
0.00325785,1,1,1,0,1,1,0,0,1,1,1,0,1,1,0,0
0.00325792,1,1,1,0,1,1,0,0,0,1,1,0,1,1,0,0
0.00325793,1,1,1,0,1,1,0,0,1,1,1,0,1,1,0,0
0.00325794,1,1,1,1,1,1,0,0,1,1,1,0,1,1,0,0
0.00325796,1,1,1,0,1,1,1,1,1,1,1,0,1,1,0,0
0.00325797,1,1,1,0,1,1,0,0,1,1,1,0,1,1,0,0
0.00325837,1,1,1,1,1,1,0,0,1,1,1,0,1,1,0,0
0.00325843,1,1,1,1,1,1,1,1,1,1,1,0,1,1,0,0
0.00325844,0,1,1,1,1,1,1,1,1,1,1,0,1,1,0,0
0.00325845,0,1,1,1,1,1,0,0,1,1,1,0,1,1,0,0
0.00325849,0,1,1,1,1,1,0,1,1,1,1,0,1,1,0,0
0.0032585,0,1,1,1,1,1,0,0,1,1,1,0,1,1,0,0
0.00325934,1,1,1,1,1,1,0,0,1,1,1,0,1,1,0,0
0.00325935,1,1,1,1,1,1,1,1,1,1,1,0,1,1,0,0
0.00325941,1,1,1,1,0,0,0,1,1,1,1,0,1,1,0,0
0.00325942,1,1,0,1,0,0,0,0,1,1,1,0,1,1,0,0
0.00325946,1,1,1,1,0,0,0,0,1,1,1,0,1,1,0,0
0.00325947,1,1,1,1,0,0,0,1,1,1,1,0,1,1,0,0
0.00325948,1,1,0,1,0,0,0,0,1,1,1,0,1,1,0,0
0.00326034,1,1,1,1,0,1,0,1,1,1,1,0,1,1,0,0
0.00326035,1,1,1,1,1,1,1,1,1,1,1,0,1,1,0,0
0.00326134,0,0,1,1,1,1,1,1,1,1,1,0,1,1,0,0
0.00326135,0,0,0,1,1,0,0,1,1,1,1,0,1,1,0,0
0.00326137,1,0,0,1,1,0,0,1,1,1,1,0,1,1,0,0
0.00326138,1,1,1,1,1,1,1,1,1,1,1,0,1,1,0,0
0.00326144,0,0,1,0,1,0,0,0,1,1,1,0,1,1,0,0
0.00326149,1,1,1,0,1,1,0,0,1,1,1,0,1,1,0,0
0.0032615,1,1,1,1,1,1,0,0,1,1,1,0,1,1,0,0
0.00326151,0,0,1,0,1,0,0,0,1,1,1,0,1,1,0,0
0.00326174,0,0,1,0,1,0,0,0,0,0,1,0,1,0,0,0
0.00326227,1,1,1,1,1,0,0,0,0,0,1,0,1,0,0,0
0.00326229,1,1,1,0,1,1,1,1,0,0,1,0,1,0,0,0
0.0032623,1,1,1,1,1,1,1,1,0,0,1,0,1,0,0,0
0.00326332,0,0,0,0,0,0,1,0,0,0,1,0,1,0,0,0
0.00326336,1,1,1,1,0,1,1,1,0,0,1,0,1,0,0,0
0.0032634,1,0,0,1,0,1,1,0,0,0,1,0,1,0,0,0
0.00326341,0,0,0,0,0,0,1,0,0,0,1,0,1,0,0,0
0.00326344,0,0,0,1,0,1,1,0,0,0,1,0,1,0,0,0
0.00326345,1,0,1,1,0,1,1,0,0,0,1,0,1,0,0,0
0.00326347,1,0,0,1,0,1,1,0,0,0,1,0,1,0,0,0
0.00326348,0,0,0,0,0,0,1,0,0,0,1,0,1,0,0,0
0.00326352,0,0,0,1,0,0,1,0,0,0,1,0,1,0,0,0
0.00326353,0,0,0,1,0,1,1,0,0,0,1,0,1,0,0,0
0.00326354,0,0,0,0,0,0,1,0,0,0,1,0,1,0,0,0
0.00326355,0,0,0,1,0,0,1,0,0,0,1,0,1,0,0,0
0.00326357,0,0,0,0,0,0,1,0,0,0,1,0,1,0,0,0
0.00326422,1,0,1,1,0,0,1,0,0,0,1,0,1,0,0,0
0.00326423,0,0,0,0,0,0,1,0,0,0,1,0,1,0,0,0
0.00326424,0,1,0,0,0,0,1,0,0,0,1,0,1,0,0,0
0.00326425,1,1,1,1,0,0,1,0,0,0,1,0,1,0,0,0
0.00326426,1,1,1,1,1,1,1,1,0,0,1,0,1,0,0,0
0.0032643,0,1,0,0,1,1,0,1,0,0,1,0,1,0,0,0
0.00326431,0,1,0,0,1,0,0,0,0,0,1,0,1,0,0,0
0.00326434,1,1,1,1,1,1,0,1,0,0,1,0,1,0,0,0
0.00326439,1,1,1,0,1,0,0,0,0,0,1,0,1,0,0,0
0.0032644,0,1,0,0,1,0,0,0,0,0,1,0,1,0,0,0
0.00326441,1,1,1,1,1,0,0,0,0,0,1,0,1,0,0,0
0.00326442,1,1,1,1,1,1,0,1,0,0,1,0,1,0,0,0
0.00326446,1,1,1,1,1,1,0,0,0,0,1,0,1,0,0,0
0.00326467,1,1,1,1,1,1,0,0,0,0,0,0,1,0,0,0
0.00326468,1,1,1,1,1,1,0,0,0,1,0,0,1,0,0,0
0.0032647,1,1,1,1,1,0,0,0,0,1,0,0,1,0,0,0
0.00326472,1,1,1,1,1,1,0,0,0,1,0,0,1,0,0,0
0.00326475,1,1,1,1,1,1,0,0,0,1,0,0,0,0,0,0
0.00326476,1,1,1,1,1,1,0,0,0,1,0,0,1,0,0,0
0.00326477,1,1,1,1,1,0,0,0,0,1,0,0,1,0,0,0
0.00326478,1,1,1,0,1,0,0,0,0,1,0,0,1,0,0,0
0.00326479,1,1,1,1,1,0,0,0,0,1,0,0,1,0,0,0
0.0032648,1,1,1,1,1,1,0,0,0,1,0,0,1,0,0,0
0.00326484,1,1,1,1,1,0,0,0,0,1,0,0,1,0,0,0
0.00326487,1,1,1,1,1,1,0,0,0,1,0,0,1,0,0,0
0.0032649,1,1,1,1,1,0,0,0,0,1,0,0,1,0,0,0
0.00326507,0,1,1,1,1,0,0,0,0,1,0,0,1,0,0,0
0.00326508,1,1,1,1,1,0,0,0,0,1,0,0,1,0,0,0
0.00326513,1,1,1,0,1,0,0,0,0,1,0,0,1,0,0,0
0.00326514,1,1,1,1,1,0,0,0,0,1,0,0,1,0,0,0
0.00326515,1,1,1,0,1,0,0,0,0,1,0,0,1,0,0,0
0.00326516,0,1,1,0,1,0,0,0,0,1,0,0,1,0,0,0
0.00326518,1,1,1,1,1,0,0,0,0,1,0,0,1,0,0,0
0.00326519,1,1,1,0,1,0,0,0,0,1,0,0,1,0,0,0
0.0032652,1,1,0,0,1,0,0,0,0,1,0,0,1,0,0,0
0.00326521,1,1,1,1,1,0,0,0,0,1,0,0,1,0,0,0
0.00326522,1,1,1,1,1,1,0,1,0,1,0,0,1,0,0,0
0.00326523,1,1,1,1,1,1,1,1,0,1,0,0,1,0,0,0
0.00326527,1,0,0,0,0,0,0,0,0,1,0,0,1,0,0,0
0.00326531,1,1,1,1,0,1,0,1,0,1,0,0,1,0,0,0
0.00326533,1,1,1,1,0,1,1,1,0,1,0,0,1,0,0,0
0.00326535,1,0,1,1,0,1,0,1,0,1,0,0,1,0,0,0
0.00326536,1,0,1,1,0,0,0,0,0,1,0,0,1,0,0,0
0.00326537,1,0,0,0,0,0,0,0,0,1,0,0,1,0,0,0
0.00326538,1,0,1,1,0,0,0,0,0,1,0,0,1,0,0,0
0.00326539,1,0,1,1,0,1,0,1,0,1,0,0,1,0,0,0
0.00326541,1,1,1,1,0,1,0,1,0,1,0,0,1,0,0,0
0.00326542,1,0,1,1,0,1,0,1,0,1,0,0,1,0,0,0
0.00326544,1,0,1,1,0,1,0,0,0,1,0,0,1,0,0,0
0.00326547,1,0,1,1,0,1,0,1,0,1,0,0,1,0,0,0
0.00326553,1,0,1,1,0,1,0,0,0,1,0,0,1,0,0,0
0.00326555,1,0,1,1,0,1,0,1,0,1,0,0,1,0,0,0
0.00326558,1,0,1,1,0,1,0,0,0,1,0,0,1,0,0,0
0.00326563,1,0,1,1,0,1,0,1,0,1,0,0,1,0,0,0
0.00326564,1,0,1,1,0,1,0,0,0,1,0,0,1,0,0,0
0.00326598,1,0,1,1,0,0,0,0,0,1,0,0,1,0,0,0
0.00326599,1,0,1,1,0,1,0,0,0,1,0,0,1,0,0,0
0.00326602,1,0,1,1,0,0,0,0,0,1,0,0,1,0,0,0
0.00326609,1,0,1,1,0,1,0,0,0,1,0,0,1,0,0,0
0.0032661,1,0,1,1,0,0,0,0,0,1,0,0,1,0,0,0
0.00326612,1,0,1,1,0,1,0,0,0,1,0,0,1,0,0,0
0.00326613,1,0,1,0,0,0,0,0,0,1,0,0,1,0,0,0
0.00326614,1,0,1,1,0,0,0,0,0,1,0,0,1,0,0,0
0.00326618,1,1,1,1,0,0,0,0,0,1,0,0,1,0,0,0
0.00326619,1,1,1,1,1,0,0,0,0,1,0,0,1,0,0,0
0.0032662,1,1,1,1,1,1,1,1,0,1,0,0,1,0,0,0
0.00326625,1,0,1,0,1,1,1,1,0,1,0,0,1,0,0,0
0.00326626,1,0,0,0,1,0,0,0,0,1,0,0,1,0,0,0
0.00326629,1,1,1,1,1,1,0,1,0,1,0,0,1,0,0,0
0.00326631,1,1,1,1,1,1,1,1,0,1,0,0,1,0,0,0
0.00326632,1,1,1,1,1,1,0,1,0,1,0,0,1,0,0,0
0.00326633,1,1,1,1,1,1,0,0,0,1,0,0,1,0,0,0
0.00326634,1,0,0,0,1,0,0,0,0,1,0,0,1,0,0,0
0.00326637,1,0,1,1,1,0,0,0,0,1,0,0,1,0,0,0
0.00326638,1,1,1,1,1,1,0,0,0,1,0,0,1,0,0,0
0.00326639,1,1,1,1,1,1,0,1,0,1,0,0,1,0,0,0
0.0032664,1,0,1,1,1,0,0,0,0,1,0,0,1,0,0,0
0.00326642,1,0,1,0,1,0,0,0,0,1,0,0,1,0,0,0
0.00326644,1,0,1,1,1,0,0,0,0,1,0,0,1,0,0,0
0.00326657,1,0,1,0,1,0,0,0,0,1,0,0,1,0,0,0
0.00326659,1,0,1,1,1,0,0,0,0,1,0,0,1,0,0,0
0.00326662,1,0,1,1,1,0,0,0,0,0,0,0,1,0,0,0
0.00326664,1,0,1,0,1,0,0,0,1,0,0,0,1,0,0,0
0.00326668,1,0,1,1,1,0,0,0,1,0,0,0,1,0,0,0
0.0032667,1,0,1,1,1,0,0,0,0,0,0,0,0,0,0,0
0.00326671,1,0,0,0,1,0,0,0,1,0,0,0,1,0,0,0
0.00326672,1,0,1,0,1,0,0,0,1,0,0,0,1,0,0,0
0.00326673,1,0,0,0,1,0,0,0,1,0,0,0,1,0,0,0
0.00326675,1,0,1,1,1,0,0,0,1,0,0,0,1,0,0,0
0.00326678,1,0,1,0,1,0,0,0,1,0,0,0,1,0,0,0
0.00326679,1,0,0,0,1,0,0,0,1,0,0,0,1,0,0,0
0.00326681,1,0,1,0,1,0,0,0,1,0,0,0,1,0,0,0
0.00326688,1,0,0,0,1,0,0,0,1,0,0,0,1,0,0,0
0.0032669,1,0,1,0,1,0,0,0,1,0,0,0,1,0,0,0
0.00326692,1,0,0,0,1,0,0,0,1,0,0,0,1,0,0,0
0.00326693,1,0,1,0,1,0,0,0,1,0,0,0,1,0,0,0
0.00326694,1,0,0,0,1,0,0,0,1,0,0,0,1,0,0,0
0.00326707,1,0,1,0,1,0,0,0,1,0,0,0,1,0,0,0
0.00326708,1,0,0,0,1,0,0,0,1,0,0,0,1,0,0,0
0.00326715,1,1,0,0,1,0,0,0,1,0,0,0,1,0,0,0
0.00326717,1,0,1,1,1,1,0,1,1,0,0,0,1,0,0,0
0.00326718,1,1,1,1,1,1,1,0,1,0,0,0,1,0,0,0
0.0032672,1,1,1,1,1,1,1,1,1,0,0,0,1,0,0,0
0.00326722,0,1,1,1,0,0,0,0,1,0,0,0,1,0,0,0
0.00326723,0,1,0,0,0,0,0,0,1,0,0,0,1,0,0,0
0.00326727,0,1,1,1,0,1,0,1,1,0,0,0,1,0,0,0
0.0032673,0,1,1,1,0,0,0,0,1,0,0,0,1,0,0,0
0.00326731,0,1,0,0,0,0,0,0,1,0,0,0,1,0,0,0
0.00326735,0,1,1,1,0,0,0,0,1,0,0,0,1,0,0,0
0.00326737,0,1,1,0,0,0,0,0,1,0,0,0,1,0,0,0
0.00326738,0,1,0,0,0,0,0,0,1,0,0,0,1,0,0,0
0.00326813,0,1,1,1,0,0,0,0,1,0,0,0,1,0,0,0
0.00326814,1,1,1,1,0,0,0,0,1,0,0,0,1,0,0,0
0.00326815,0,1,1,0,0,1,0,1,1,0,0,0,1,0,0,0
0.00326816,0,1,1,1,1,1,1,1,1,0,0,0,1,0,0,0
0.00326817,1,1,1,1,1,1,1,1,1,0,0,0,1,0,0,0
0.00326821,0,1,1,0,0,1,0,1,1,0,0,0,1,0,0,0
0.00326822,0,1,0,0,0,0,0,1,1,0,0,0,1,0,0,0
0.00326825,1,1,1,1,0,1,0,1,1,0,0,0,1,0,0,0
0.00326827,1,1,1,1,1,1,1,1,1,0,0,0,1,0,0,0
0.00326828,1,1,1,1,0,1,0,1,1,0,0,0,1,0,0,0
0.0032683,0,1,0,0,0,0,0,1,1,0,0,0,1,0,0,0
0.00326833,0,1,1,1,0,0,0,1,1,0,0,0,1,0,0,0
0.00326834,1,1,1,1,0,1,0,1,1,0,0,0,1,0,0,0
0.00326836,0,1,1,1,0,0,0,1,1,0,0,0,1,0,0,0
0.00326838,0,1,1,0,0,0,0,1,1,0,0,0,1,0,0,0
0.00326841,0,1,1,1,0,0,0,1,1,0,0,0,1,0,0,0
0.00326845,0,1,1,0,0,0,0,1,1,0,0,0,1,0,0,0
0.00326856,0,1,1,1,0,0,0,1,1,0,0,0,1,0,0,0
0.00326857,0,1,1,0,0,0,0,1,1,0,0,0,1,0,0,0
0.00326858,0,1,1,1,0,0,0,1,0,0,0,0,0,0,1,0
0.00326859,0,1,1,0,0,0,0,1,0,1,0,0,0,0,1,0
0.0032686,0,1,0,0,0,0,0,1,0,1,0,0,0,0,1,0
0.00326862,0,1,1,0,0,0,0,1,0,1,0,0,0,0,1,0
0.00326864,0,1,1,1,0,0,0,1,0,1,0,0,0,0,1,0
0.00326865,0,1,1,1,0,0,0,1,0,0,0,0,0,0,0,0
0.00326866,0,1,0,0,0,0,0,1,0,1,0,0,0,0,1,0
0.0032687,0,1,1,0,0,0,0,1,0,1,0,0,0,0,1,0
0.00326871,0,1,1,1,0,0,0,1,0,1,0,0,0,0,1,0
0.00326872,0,1,1,0,0,0,0,1,0,1,0,0,0,0,1,0
0.00326874,0,1,0,0,0,0,0,1,0,1,0,0,0,0,1,0
0.00326878,0,1,1,0,0,0,0,1,0,1,0,0,0,0,1,0
0.0032688,0,1,0,0,0,0,0,1,0,1,0,0,0,0,1,0
0.00326909,0,1,1,0,0,0,0,1,0,1,0,0,0,0,1,0
0.0032691,1,1,1,1,0,1,0,1,0,1,0,0,0,0,1,0
0.00326911,1,1,1,1,1,1,0,1,0,1,0,0,0,0,1,0
0.00326912,0,0,0,1,0,0,0,0,0,1,0,0,0,0,1,0
0.00326913,1,0,0,0,0,1,0,1,0,1,0,0,0,0,1,0
0.00326914,1,0,1,1,0,0,0,0,0,1,0,0,0,0,1,0
0.00326915,1,0,1,1,1,1,0,0,0,1,0,0,0,0,1,0
0.00326916,1,0,1,1,0,1,0,0,0,1,0,0,0,0,1,0
0.00326917,1,0,0,0,0,0,0,0,0,1,0,0,0,0,1,0
0.0032692,1,0,1,1,0,0,0,0,0,1,0,0,0,0,1,0
0.00326922,1,0,1,0,0,0,0,0,0,1,0,0,0,0,1,0
0.00326923,1,0,0,0,0,0,0,0,0,1,0,0,0,0,1,0
0.00326955,1,1,1,1,0,0,0,0,0,1,0,0,0,0,1,0
0.00326958,1,1,1,1,1,1,1,0,0,1,0,0,0,0,1,0
0.00326959,1,1,1,1,0,1,0,0,0,1,0,0,0,0,1,0
0.0032696,1,1,1,1,0,0,0,0,0,1,0,0,0,0,1,0
0.00327002,1,1,1,1,0,1,1,1,0,1,0,0,0,0,1,0
0.00327003,0,1,1,1,0,0,0,0,0,1,0,0,0,0,1,0
0.00327007,0,1,1,1,0,1,0,0,0,1,0,0,0,0,1,0
0.00327008,0,1,1,1,0,0,0,0,0,1,0,0,0,0,1,0
0.00327012,1,1,1,1,1,1,1,1,0,1,0,0,0,0,1,0
0.00327015,1,0,1,1,1,1,1,1,0,1,0,0,0,0,1,0
0.00327016,0,0,0,1,1,0,0,1,0,1,0,0,0,0,1,0
0.00327017,0,1,1,1,1,0,0,1,0,1,0,0,0,0,1,0
0.00327018,0,1,1,1,1,0,0,0,0,1,0,0,0,0,1,0
0.00327019,1,1,1,1,1,1,0,0,0,1,0,0,0,0,1,0
0.0032702,1,1,1,1,1,1,1,0,0,1,0,0,0,0,1,0
0.00327022,1,1,1,1,1,1,1,1,0,1,0,0,0,0,1,0
0.00327023,0,0,1,0,1,1,1,1,0,1,0,0,0,0,1,0
0.00327024,0,0,1,0,1,0,0,0,0,1,0,0,0,0,1,0
0.00327027,0,0,1,0,1,1,0,0,0,1,0,0,0,0,1,0
0.00327028,1,0,1,1,1,1,1,0,0,1,0,0,0,0,1,0
0.0032703,1,0,1,0,1,1,0,0,0,1,0,0,0,0,1,0
0.00327031,0,0,1,0,1,0,0,0,0,1,0,0,0,0,1,0
0.00327035,0,0,1,0,1,1,0,0,0,1,0,0,0,0,1,0
0.00327039,0,0,1,0,1,0,0,0,0,1,0,0,0,0,1,0
0.00327053,0,0,1,0,1,0,0,0,0,0,0,0,0,0,0,0
0.00327054,0,0,1,0,1,0,0,0,0,0,1,0,1,0,0,0
0.00327059,0,0,1,0,1,1,0,0,0,0,1,0,1,0,0,0
0.0032706,0,0,1,0,1,0,0,0,0,0,1,0,1,0,0,0
0.00327062,0,1,1,1,1,0,0,0,0,0,1,0,1,0,0,0
0.00327063,0,1,1,1,1,0,0,0,0,1,1,1,1,0,0,0
0.00327064,1,1,1,1,1,1,1,1,0,1,1,1,1,0,0,0
0.00327065,1,0,1,0,1,1,1,1,0,0,1,0,1,0,0,0
0.00327066,0,0,1,0,1,0,0,0,0,0,1,0,1,0,0,0
0.0032707,1,0,1,0,1,1,1,0,0,0,1,0,1,0,0,0
0.00327072,1,0,1,0,1,1,0,0,0,0,1,0,1,0,0,0
0.00327073,0,0,1,0,1,0,0,0,0,0,1,0,1,0,0,0
0.00327079,0,0,1,0,1,1,0,0,0,0,1,0,1,0,0,0
0.0032708,0,0,1,0,1,0,0,0,0,0,1,0,1,0,0,0
0.00327106,1,1,1,0,1,0,0,0,0,0,1,0,1,0,0,0
0.00327108,1,1,1,1,1,1,1,1,0,0,1,0,1,0,0,0
0.00327114,0,0,1,1,0,1,1,1,0,0,1,0,1,0,0,0
0.00327118,1,0,1,1,0,1,1,1,0,0,1,0,1,0,0,0
0.0032712,0,0,1,1,0,1,1,1,0,0,1,0,1,0,0,0
0.00327204,1,0,1,1,0,1,1,1,0,0,1,0,1,0,0,0
0.00327205,1,1,1,1,0,1,1,1,0,0,1,0,1,0,0,0
0.00327207,1,1,1,1,1,1,1,1,0,0,1,0,1,0,0,0
0.0032721,1,1,1,0,1,1,0,0,0,0,1,0,1,0,0,0
0.00327211,1,0,0,0,0,0,0,0,0,0,1,0,1,0,0,0
0.00327215,1,1,1,1,0,1,1,0,0,0,1,0,1,0,0,0
0.00327216,1,1,1,1,1,1,1,1,0,0,1,0,1,0,0,0
0.00327218,1,0,1,1,0,1,0,0,0,0,1,0,1,0,0,0
0.00327219,1,0,0,0,0,1,0,0,0,0,1,0,1,0,0,0
0.0032722,1,0,0,0,0,0,0,0,0,0,1,0,1,0,0,0
0.00327223,1,0,0,0,0,1,0,0,0,0,1,0,1,0,0,0
0.00327224,1,0,1,0,0,1,0,0,0,0,1,0,1,0,0,0
0.00327225,1,0,0,0,0,1,0,0,0,0,1,0,1,0,0,0
0.00327227,1,0,0,0,0,0,0,0,0,0,1,0,1,0,0,0
0.00327231,1,0,0,0,0,1,0,0,0,0,1,0,1,0,0,0
0.00327237,1,0,0,0,0,0,0,0,0,0,1,0,1,0,0,0
0.0032724,1,0,0,0,0,1,0,0,0,0,1,0,1,0,0,0
0.00327243,1,0,0,0,0,0,0,0,0,0,1,0,1,0,0,0
0.00327246,1,0,0,0,0,1,0,0,0,0,1,0,1,0,0,0
0.00327249,1,0,0,0,0,0,0,0,0,0,1,0,1,0,0,0
0.00327251,1,0,0,0,0,1,0,0,0,0,1,0,1,0,0,0
0.00327252,1,0,0,0,0,0,0,0,0,0,1,0,1,0,0,0
0.00327301,1,0,1,0,0,0,0,0,0,0,1,0,1,0,0,0
0.00327304,1,1,1,1,1,1,1,1,0,0,1,0,1,0,0,0
0.00327309,1,1,1,0,0,0,1,0,0,0,1,0,1,0,0,0
0.00327312,1,1,1,0,0,1,1,0,0,0,1,0,1,0,0,0
0.00327313,1,1,1,1,1,1,1,1,0,0,1,0,1,0,0,0
0.00327315,1,1,1,0,0,1,1,0,0,0,1,0,1,0,0,0
0.00327316,1,1,1,0,0,0,1,0,0,0,1,0,1,0,0,0
0.0032732,1,1,1,0,0,1,1,0,0,0,1,0,1,0,0,0
0.00327321,1,1,1,1,0,1,1,0,0,0,1,0,1,0,0,0
0.00327322,1,1,1,0,0,0,1,0,0,0,1,0,1,0,0,0
0.00327346,1,1,1,0,0,0,1,0,0,1,1,0,0,0,0,0
0.00327347,1,1,1,0,0,0,1,0,1,1,1,0,0,0,0,1
0.003274,1,1,1,1,0,1,1,0,1,1,1,0,0,0,0,1
0.00327401,1,1,1,1,1,1,1,1,1,1,1,0,0,0,0,1
0.00327403,1,1,1,1,0,0,1,0,1,1,1,0,0,0,0,1
0.00327404,1,1,1,1,0,1,1,1,1,1,1,0,0,0,0,1
0.00327405,0,0,1,1,1,1,1,1,1,1,1,0,0,0,0,1
0.00327407,0,0,1,1,0,1,1,1,1,1,1,0,0,0,0,1
0.00327498,1,1,1,1,0,1,1,1,1,1,1,0,0,0,0,1
0.00327499,1,1,1,1,1,1,1,1,1,1,1,0,0,0,0,1
0.00327501,1,0,0,0,0,0,0,0,1,1,1,0,0,0,0,1
0.00327504,1,1,1,1,1,1,1,1,1,1,1,0,0,0,0,1
0.00327511,1,0,1,0,0,0,1,0,1,1,1,0,0,0,0,1
0.00327515,1,1,1,1,0,1,1,1,1,1,1,0,0,0,0,1
0.00327516,1,1,1,1,1,1,1,1,1,1,1,0,0,0,0,1
0.00327517,1,1,1,1,0,0,1,0,1,1,1,0,0,0,0,1
0.00327518,1,0,1,0,0,0,1,0,1,1,1,0,0,0,0,1
0.00327523,1,0,1,1,0,0,1,0,1,1,1,0,0,0,0,1
0.00327525,1,0,1,0,0,0,1,0,1,1,1,0,0,0,0,1
0.00327541,1,0,1,0,0,0,1,0,1,0,1,0,0,0,0,0
0.00327542,1,0,1,0,0,0,1,0,1,0,1,0,0,0,0,1
0.00327594,1,0,1,1,0,0,1,0,1,0,1,0,0,0,0,1
0.00327595,1,0,1,1,0,1,1,1,1,0,1,0,0,0,0,1
0.00327596,1,1,1,1,1,1,1,1,1,0,1,0,0,0,0,1
0.00327597,0,0,1,1,1,1,1,1,1,0,1,0,0,0,0,1
0.00327598,0,0,1,1,0,1,1,1,1,0,1,0,0,0,0,1
0.00327693,1,0,1,1,0,1,1,1,1,0,1,0,0,0,0,1
0.00327694,1,1,1,1,0,1,1,1,1,0,1,0,0,0,0,1
0.00327695,1,1,1,1,1,1,1,1,1,0,1,0,0,0,0,1
0.00327698,0,1,0,1,1,0,0,1,1,0,1,0,0,0,0,1
0.00327699,0,0,0,1,1,0,0,1,1,0,1,0,0,0,0,1
0.00327701,0,0,0,1,1,0,1,1,1,0,1,0,0,0,0,1
0.00327702,0,1,1,1,1,1,1,1,1,0,1,0,0,0,0,1
0.00327703,1,1,1,1,1,1,1,1,1,0,1,0,0,0,0,1
0.00327705,1,1,1,1,0,1,1,0,1,0,1,0,0,0,0,1
0.00327706,0,0,0,1,0,0,1,0,1,0,1,0,0,0,0,1
0.0032771,0,1,1,1,0,1,1,0,1,0,1,0,0,0,0,1
0.00327711,1,1,1,1,0,1,1,0,1,0,1,0,0,0,0,1
0.00327712,0,1,1,1,0,1,1,0,1,0,1,0,0,0,0,1
0.00327713,0,0,1,1,0,0,1,0,1,0,1,0,0,0,0,1
0.00327714,0,0,0,1,0,0,1,0,1,0,1,0,0,0,0,1
0.00327718,0,0,1,1,0,0,1,0,1,0,1,0,0,0,0,1
0.00327721,0,0,0,1,0,0,1,0,1,0,1,0,0,0,0,1
0.00327736,0,0,1,1,0,0,1,0,1,0,0,0,0,0,0,0
0.00327737,0,0,1,1,0,0,1,0,0,0,0,0,0,0,0,1
0.00327738,0,0,0,1,0,0,1,0,0,0,0,1,0,0,0,1
0.00327743,0,0,1,1,0,0,1,0,0,0,0,1,0,0,0,1
0.00327744,0,0,1,1,0,0,1,0,0,0,0,0,0,0,0,0
0.00327745,0,0,0,1,0,0,1,0,0,0,0,1,0,0,0,1
0.0032775,0,0,1,1,0,0,1,0,0,0,0,1,0,0,0,1
0.00327752,0,0,0,1,0,0,1,0,0,0,0,1,0,0,0,1
0.00327789,1,1,0,1,0,0,1,0,0,0,0,1,0,0,0,1
0.0032779,1,1,1,1,0,0,1,0,0,0,0,1,0,0,0,1
0.00327791,0,0,1,1,0,1,1,0,0,0,0,1,0,0,0,1
0.00327792,0,1,1,1,1,1,1,1,0,0,0,1,0,0,0,1
0.00327793,1,1,1,1,1,1,1,1,0,0,0,1,0,0,0,1
0.00327796,1,0,1,0,0,1,0,1,0,0,0,1,0,0,0,1
0.00327797,1,0,0,0,0,0,0,0,0,0,0,1,0,0,0,1
0.003278,1,0,1,0,0,0,0,0,0,0,0,1,0,0,0,1
0.00327801,1,1,1,0,0,1,0,0,0,0,0,1,0,0,0,1
0.00327802,1,1,1,1,0,1,1,1,0,0,0,1,0,0,0,1
0.00327803,1,1,1,0,0,1,1,0,0,0,0,1,0,0,0,1
0.00327804,1,1,1,0,0,1,0,0,0,0,0,1,0,0,0,1
0.00327805,1,0,0,0,0,0,0,0,0,0,0,1,0,0,0,1
0.00327808,1,0,1,0,0,0,0,0,0,0,0,1,0,0,0,1
0.0032781,1,0,1,0,0,1,0,0,0,0,0,1,0,0,0,1
0.00327811,1,0,1,0,0,0,0,0,0,0,0,1,0,0,0,1
0.00327813,1,0,0,0,0,0,0,0,0,0,0,1,0,0,0,1
0.00327817,1,0,1,0,0,0,0,0,0,0,0,1,0,0,0,1
0.00327819,1,0,0,0,0,0,0,0,0,0,0,1,0,0,0,1
0.0032782,1,0,1,0,0,0,0,0,0,0,0,1,0,0,0,1
0.00327821,1,0,0,0,0,0,0,0,0,0,0,1,0,0,0,1
0.00327836,1,0,1,0,0,0,0,0,0,0,0,1,0,0,0,1
0.00327837,1,0,0,0,0,0,0,0,0,0,0,1,0,0,0,1
0.00327893,1,0,0,1,1,0,0,0,0,0,0,1,0,0,0,1
0.00327894,1,1,0,1,1,0,1,0,0,0,0,1,0,0,0,1
0.00327895,1,1,0,1,1,0,1,1,0,0,0,1,0,0,0,1
0.00327896,1,1,1,1,1,1,1,1,0,0,0,1,0,0,0,1
0.00327898,1,1,1,1,1,1,1,0,0,0,0,1,0,0,0,1
0.00327899,1,1,1,0,1,0,1,0,0,0,0,1,0,0,0,1
0.003279,1,1,0,0,0,0,1,0,0,0,0,1,0,0,0,1
0.00327904,1,1,1,1,0,1,1,0,0,0,0,1,0,0,0,1
0.00327905,1,1,1,1,0,1,1,1,0,0,0,1,0,0,0,1
0.00327906,1,1,1,0,0,1,1,0,0,0,0,1,0,0,0,1
0.00327907,1,1,0,0,0,0,1,0,0,0,0,1,0,0,0,1
0.00327932,1,1,0,0,0,0,1,0,0,0,0,0,0,0,0,1
0.00327933,1,1,0,0,0,0,1,0,1,1,0,0,0,0,0,1
0.00327939,1,1,0,0,0,0,1,0,0,0,0,0,0,0,0,0
0.0032794,1,1,0,0,0,0,1,0,1,1,0,0,0,0,0,1
0.00327984,1,1,1,1,0,0,1,0,1,1,0,0,0,0,0,1
0.00327985,1,1,1,1,1,1,1,0,1,1,0,0,0,0,0,1
0.00327986,1,1,1,1,1,1,1,1,1,1,0,0,0,0,0,1
0.00327988,1,0,0,0,0,0,0,0,1,1,0,0,0,0,0,1
0.00327992,1,0,1,0,0,1,0,0,1,1,0,0,0,0,0,1
0.00327993,1,0,1,1,0,1,0,1,1,1,0,0,0,0,0,1
0.00327994,1,0,1,1,0,1,0,0,1,1,0,0,0,0,0,1
0.00327995,1,0,0,0,0,0,0,0,1,1,0,0,0,0,0,1
0.00328086,1,1,1,1,1,1,1,1,1,1,0,0,0,0,0,1
0.00328089,0,1,1,1,1,1,0,1,1,1,0,0,0,0,0,1
0.0032809,0,1,1,1,1,0,0,1,1,1,0,0,0,0,0,1
0.00328091,1,1,1,1,1,1,1,1,1,1,0,0,0,0,0,1
0.00328096,0,0,1,1,1,1,0,0,1,1,0,0,0,0,0,1
0.00328097,0,0,0,1,1,1,0,0,1,1,0,0,0,0,0,1
0.003281,0,0,1,1,1,1,0,0,1,1,0,0,0,0,0,1
0.00328101,1,1,1,1,1,1,1,1,1,1,0,0,0,0,0,1
0.00328102,0,1,1,1,1,1,1,1,1,1,0,0,0,0,0,1
0.00328103,0,0,0,1,1,1,0,0,1,1,0,0,0,0,0,1
0.00328127,0,0,0,1,1,1,0,0,0,0,0,0,0,0,0,0
0.00328128,0,0,0,1,1,1,0,0,0,0,0,1,1,1,0,0
0.0032818,0,1,1,1,1,1,0,0,0,0,0,1,1,1,0,0
0.00328181,0,0,1,1,1,1,1,1,0,0,0,1,1,1,0,0
0.00328182,1,1,1,1,0,1,1,1,0,0,0,1,1,1,0,0
0.00328183,0,0,1,1,0,1,1,1,0,0,0,1,1,1,0,0
0.00328277,1,0,1,1,0,1,1,1,0,0,0,1,1,1,0,0
0.00328278,1,1,1,1,0,1,1,1,0,0,0,1,1,1,0,0
0.00328279,1,1,1,1,1,1,0,1,0,0,0,1,1,1,0,0
0.0032828,1,0,0,0,0,0,0,0,0,0,0,1,1,1,0,0
0.00328284,1,1,0,0,0,0,0,0,0,0,0,1,1,1,0,0
0.00328285,1,1,1,1,0,1,0,1,0,0,0,1,1,1,0,0
0.00328286,1,1,1,0,0,0,0,0,0,0,0,1,1,1,0,0
0.00328287,1,0,0,0,0,0,0,0,0,0,0,1,1,1,0,0
0.00328377,1,1,1,1,0,1,0,1,0,0,0,1,1,1,0,0
0.00328378,1,1,1,1,1,1,1,1,0,0,0,1,1,1,0,0
0.00328473,1,0,1,1,0,1,1,1,0,0,0,1,1,1,0,0
0.00328476,1,1,1,1,1,1,1,1,0,0,0,1,1,1,0,0
0.00328479,0,1,0,0,1,0,0,0,0,0,0,1,1,1,0,0
0.00328483,0,1,1,0,1,0,0,0,0,0,0,1,1,1,0,0
0.00328484,1,1,1,1,1,1,0,1,0,0,0,1,1,1,0,0
0.00328486,0,1,1,1,1,1,0,0,0,0,0,1,1,1,0,0
0.00328487,0,1,0,0,1,0,0,0,0,0,0,1,1,1,0,0
0.00328492,0,1,1,0,1,0,0,0,0,0,0,1,1,1,0,0
0.00328494,0,1,0,0,1,0,0,0,0,0,0,1,1,1,0,0
0.00328517,0,1,0,0,1,0,0,0,0,0,0,0,1,1,0,0
0.00328518,0,1,0,0,1,0,0,0,0,0,0,0,1,0,0,0
0.00328519,0,1,0,0,1,0,0,0,0,1,0,0,1,0,0,0
0.00328525,0,1,0,0,1,0,0,0,0,0,0,0,0,0,0,0
0.00328526,1,1,1,1,1,1,1,1,0,1,0,0,1,0,0,0
0.00328527,1,1,1,1,1,1,1,1,0,1,1,1,1,1,1,1
0.00328528,1,1,1,1,1,1,1,1,0,1,0,0,1,1,1,1
0.00328529,1,1,1,1,1,0,0,0,0,1,1,1,1,0,0,0
0.0032853,0,1,0,0,1,0,0,0,0,1,0,0,1,0,0,0
0.00328534,1,1,1,1,1,1,0,1,0,1,0,0,1,0,0,0
0.00328535,1,1,1,1,1,1,1,1,0,1,0,0,1,0,0,0
0.00328536,1,1,1,1,1,1,0,1,0,1,0,0,1,0,0,0
0.00328537,0,1,1,0,1,0,0,0,0,1,0,0,1,0,0,0
0.00328538,0,1,0,0,1,0,0,0,0,1,0,0,1,0,0,0
0.00328543,0,1,1,0,1,0,0,0,0,1,0,0,1,0,0,0
0.00328544,0,1,0,0,1,0,0,0,0,1,0,0,1,0,0,0
0.00328573,1,1,1,1,1,1,1,1,0,1,0,0,1,0,0,0
0.00328577,1,1,1,1,0,1,1,1,0,1,0,0,1,0,0,0
0.00328578,0,1,0,0,0,0,0,0,0,1,0,0,1,0,0,0
0.00328581,1,1,1,1,0,1,0,1,0,1,0,0,1,0,0,0
0.00328582,1,1,1,1,0,1,1,1,0,1,0,0,1,0,0,0
0.00328585,1,1,1,1,0,1,0,1,0,1,0,0,1,0,0,0
0.00328586,1,1,1,1,0,1,0,0,0,1,0,0,1,0,0,0
0.00328587,0,1,0,0,0,0,0,0,0,1,0,0,1,0,0,0
0.00328589,1,1,1,1,0,0,0,0,0,1,0,0,1,0,0,0
0.0032859,1,1,1,1,0,1,0,1,0,1,0,0,1,0,0,0
0.00328594,1,1,1,1,0,1,0,0,0,1,0,0,1,0,0,0
0.00328595,1,1,1,1,0,0,0,0,0,1,0,0,1,0,0,0
0.00328597,1,1,1,1,0,1,0,0,0,1,0,0,1,0,0,0
0.00328599,1,1,1,1,0,1,0,1,0,1,0,0,1,0,0,0
0.003286,1,1,1,1,0,1,0,0,0,1,0,0,1,0,0,0
0.0032861,1,1,1,1,0,0,0,0,0,1,0,0,1,0,0,0
0.00328611,1,1,1,1,0,1,0,0,0,1,0,0,1,0,0,0
0.00328614,1,1,1,1,0,0,0,0,0,1,0,0,1,0,0,0
0.00328615,1,1,1,1,0,1,0,0,0,1,0,0,1,0,0,0
0.00328619,1,1,1,1,0,0,0,0,0,1,0,0,1,0,0,0
0.00328625,0,1,1,1,0,0,0,0,0,1,0,0,1,0,0,0
0.00328626,1,1,1,1,0,0,0,0,0,1,0,0,1,0,0,0
0.00328641,0,1,1,1,0,0,0,0,0,1,0,0,1,0,0,0
0.00328643,1,1,1,1,0,0,0,0,0,1,0,0,1,0,0,0
0.00328645,0,1,1,1,0,0,0,0,0,1,0,0,1,0,0,0
0.00328646,1,1,1,1,0,0,0,0,0,1,0,0,1,0,0,0
0.00328647,1,1,1,0,0,0,0,0,0,1,0,0,1,0,0,0
0.00328648,0,1,1,1,0,0,0,0,0,1,0,0,1,0,0,0
0.00328649,0,1,1,0,0,0,0,0,0,1,0,0,1,0,0,0
0.00328652,0,1,1,1,0,0,0,0,0,1,0,0,1,0,0,0
0.00328653,0,1,1,0,0,0,0,0,0,1,0,0,1,0,0,0
0.00328662,1,1,1,1,0,0,0,0,0,1,0,0,1,0,0,0
0.00328663,0,1,1,0,0,0,0,0,0,1,0,0,1,0,0,0
0.00328664,0,1,0,0,0,0,0,0,0,1,0,0,1,0,0,0
0.00328665,0,1,1,0,0,0,0,0,0,1,0,0,1,0,0,0
0.00328668,0,1,0,1,0,0,0,0,0,1,0,0,1,0,0,0
0.00328669,0,1,1,1,0,1,1,1,0,1,0,0,1,0,0,0
0.0032867,1,1,1,1,0,1,1,1,0,1,0,0,1,0,0,0
0.00328671,1,1,1,1,1,1,1,1,0,1,0,0,1,0,0,0
0.00328676,1,0,0,0,1,0,0,0,0,1,0,0,1,0,0,0
0.0032868,1,0,1,1,1,1,1,1,0,1,0,0,1,0,0,0
0.00328681,1,1,1,1,1,1,1,1,0,1,0,0,1,0,0,0
0.00328682,1,0,1,1,1,1,1,1,0,1,0,0,1,0,0,0
0.00328683,1,0,1,1,1,1,0,0,0,1,0,0,1,0,0,0
0.00328684,1,0,1,0,1,0,0,0,0,1,0,0,1,0,0,0
0.00328685,1,0,0,0,1,0,0,0,0,1,0,0,1,0,0,0
0.00328687,1,0,1,0,1,0,0,0,0,1,0,0,1,0,0,0
0.00328688,1,0,1,1,1,1,0,0,0,1,0,0,1,0,0,0
0.0032869,1,0,1,1,1,0,0,0,0,1,0,0,1,0,0,0
0.00328692,1,0,1,0,1,0,0,0,0,1,0,0,1,0,0,0
0.00328696,1,0,1,1,1,0,0,0,0,1,0,0,1,0,0,0
0.00328699,1,0,1,0,1,0,0,0,0,1,0,0,1,0,0,0
0.00328706,1,0,1,1,1,0,0,0,0,1,0,0,1,0,0,0
0.00328707,1,0,1,0,1,0,0,0,0,1,0,0,1,0,0,0
0.00328712,1,0,1,1,1,0,0,0,0,1,0,0,1,0,0,0
0.00328713,1,0,1,1,1,0,0,0,0,0,0,0,1,0,0,0
0.00328714,1,0,0,0,1,0,0,0,1,0,0,0,1,0,0,0
0.00328715,1,0,1,0,1,0,0,0,1,0,0,0,1,0,0,0
0.00328719,1,0,1,1,1,0,0,0,1,0,0,0,1,0,0,0
0.0032872,1,0,1,0,1,0,0,0,0,0,0,0,0,0,0,0
0.00328721,1,0,0,0,1,0,0,0,1,0,0,0,1,0,0,0
0.00328725,1,0,1,0,1,0,0,0,1,0,0,0,1,0,0,0
0.00328726,1,0,1,1,1,0,0,0,1,0,0,0,1,0,0,0
0.00328728,1,0,1,0,1,0,0,0,1,0,0,0,1,0,0,0
0.00328729,1,0,0,0,1,0,0,0,1,0,0,0,1,0,0,0
0.00328733,1,0,1,0,1,0,0,0,1,0,0,0,1,0,0,0
0.00328736,1,0,0,0,1,0,0,0,1,0,0,0,1,0,0,0
0.00328766,1,1,0,0,1,0,0,0,1,0,0,0,1,0,0,0
0.00328767,1,0,1,1,1,1,0,0,1,0,0,0,1,0,0,0
0.00328768,1,1,1,1,1,0,0,0,1,0,0,0,1,0,0,0
0.0032877,1,1,1,1,1,1,0,1,1,0,0,0,1,0,0,0
0.00328771,1,1,1,1,1,1,1,1,1,0,0,0,1,0,0,0
0.00328772,1,1,1,1,0,1,1,1,1,0,0,0,1,0,0,0
0.00328773,0,1,0,0,0,0,0,0,1,0,0,0,1,0,0,0
0.00328777,0,1,1,1,0,1,0,1,1,0,0,0,1,0,0,0
0.00328778,0,1,1,1,0,1,1,1,1,0,0,0,1,0,0,0
0.00328779,0,1,1,1,0,1,0,1,1,0,0,0,1,0,0,0
0.0032878,0,1,1,1,0,0,0,0,1,0,0,0,1,0,0,0
0.00328781,0,1,0,0,0,0,0,0,1,0,0,0,1,0,0,0
0.00328785,0,1,1,0,0,0,0,0,1,0,0,0,1,0,0,0
0.00328788,0,1,0,0,0,0,0,0,1,0,0,0,1,0,0,0
0.00328866,1,1,1,1,0,0,0,0,1,0,0,0,1,0,0,0
0.00328867,1,1,1,1,1,0,1,1,1,0,0,0,1,0,0,0
0.00328868,1,1,1,1,1,1,1,1,1,0,0,0,1,0,0,0
0.00328872,0,1,0,0,0,0,0,1,1,0,0,0,1,0,0,0
0.00328876,1,1,1,1,0,1,0,1,1,0,0,0,1,0,0,0
0.00328877,1,1,1,1,0,1,1,1,1,0,0,0,1,0,0,0
0.00328878,1,1,1,1,0,1,0,1,1,0,0,0,1,0,0,0
0.00328879,0,1,1,0,0,1,0,1,1,0,0,0,1,0,0,0
0.0032888,0,1,0,0,0,0,0,1,1,0,0,0,1,0,0,0
0.00328884,0,1,1,0,0,1,0,1,1,0,0,0,1,0,0,0
0.00328886,0,1,0,0,0,0,0,1,1,0,0,0,1,0,0,0
0.00328908,0,1,0,0,0,0,0,1,0,0,0,0,0,0,0,0
0.00328909,0,1,0,0,0,0,0,1,0,1,0,0,0,0,1,0
0.00328915,0,1,0,0,0,0,0,1,0,0,0,0,0,0,0,0
0.00328916,0,1,0,0,0,0,0,1,0,1,0,0,0,0,1,0
0.0032896,1,1,0,0,0,0,0,1,0,1,0,0,0,0,1,0
0.00328961,1,1,1,1,0,1,0,1,0,1,0,0,0,0,1,0
0.00328962,1,0,0,1,0,0,0,0,0,1,0,0,0,0,1,0
0.00328963,0,0,0,0,0,1,0,0,0,1,0,0,0,0,1,0
0.00328964,0,0,0,0,0,1,1,1,0,1,0,0,0,0,1,0
0.00328965,1,0,1,1,0,0,0,0,0,1,0,0,0,0,1,0
0.00328966,0,0,1,1,0,1,0,0,0,1,0,0,0,0,1,0
0.00328967,0,0,0,0,0,0,0,0,0,1,0,0,0,0,1,0
0.00328971,0,0,1,1,0,1,0,0,0,1,0,0,0,0,1,0
0.00328972,0,0,0,0,0,0,0,0,0,1,0,0,0,0,1,0
0.00329005,0,1,0,0,0,0,0,0,0,1,0,0,0,0,1,0
0.00329006,0,1,1,1,0,0,0,0,0,1,0,0,0,0,1,0
0.00329008,0,1,1,1,0,1,0,0,0,1,0,0,0,0,1,0
0.0032901,0,1,1,1,0,0,0,0,0,1,0,0,0,0,1,0
0.00329052,0,1,1,1,0,1,1,1,0,1,0,0,0,0,1,0
0.00329053,0,0,1,1,0,0,0,0,0,1,0,0,0,0,1,0
0.00329058,0,0,1,1,0,1,0,0,0,1,0,0,0,0,1,0
0.00329059,0,0,1,1,0,0,0,0,0,1,0,0,0,0,1,0
0.00329062,1,0,1,1,1,1,1,1,0,1,0,0,0,0,1,0
0.00329063,1,1,1,1,1,1,1,1,0,1,0,0,0,0,1,0
0.00329066,0,1,1,0,1,0,0,0,0,1,0,0,0,0,1,0
0.0032907,1,0,1,1,1,1,1,1,0,1,0,0,0,0,1,0
0.00329071,0,0,1,0,1,0,0,0,0,1,0,0,0,0,1,0
0.00329103,0,0,1,0,1,0,0,0,0,0,0,0,0,0,0,0
0.00329104,0,0,1,0,1,0,0,0,0,0,0,0,1,0,0,0
0.00329105,0,0,1,0,1,0,0,0,0,0,1,0,1,0,0,0
0.00329111,0,0,1,0,1,0,0,0,0,0,0,0,0,0,0,0
0.00329112,0,0,1,1,1,0,0,0,0,0,1,0,1,0,0,0
0.00329113,0,0,1,1,1,0,0,0,0,0,1,1,1,0,0,0
0.00329115,1,0,1,0,1,1,1,1,0,0,1,1,1,0,0,0
0.00329116,0,0,1,0,1,0,0,0,0,0,1,0,1,0,0,0
0.00329156,1,1,1,1,1,0,0,0,0,0,1,0,1,0,0,0
0.00329157,1,1,1,0,1,0,0,0,0,0,1,0,1,0,0,0
0.00329158,1,1,1,1,1,0,0,1,0,0,1,0,1,0,0,0
0.0032916,1,1,1,1,1,0,1,1,0,0,1,0,1,0,0,0
0.00329161,1,1,1,1,1,1,1,1,0,0,1,0,1,0,0,0
0.00329164,1,0,0,0,0,1,1,1,0,0,1,0,1,0,0,0
0.00329165,1,0,0,0,0,0,0,1,0,0,1,0,1,0,0,0
0.00329169,1,0,1,1,0,1,0,1,0,0,1,0,1,0,0,0
0.00329171,1,0,0,0,0,1,0,1,0,0,1,0,1,0,0,0
0.00329172,1,0,0,0,0,0,0,1,0,0,1,0,1,0,0,0
0.00329255,1,1,1,1,0,0,0,1,0,0,1,0,1,0,0,0
0.00329257,1,1,1,1,1,0,0,1,0,0,1,0,1,0,0,0
0.00329258,1,1,1,1,1,1,0,1,0,0,1,0,1,0,0,0
0.0032926,1,1,1,1,1,1,1,1,0,0,1,0,1,0,0,0
0.00329261,1,1,0,1,0,0,0,0,0,0,1,0,1,0,0,0
0.00329265,1,1,1,1,0,1,0,0,0,0,1,0,1,0,0,0
0.00329266,1,1,1,1,0,1,1,0,0,0,1,0,1,0,0,0
0.00329267,1,1,1,1,0,1,0,0,0,0,1,0,1,0,0,0
0.00329268,1,1,0,1,0,0,0,0,0,0,1,0,1,0,0,0
0.00329354,1,1,1,1,0,1,0,0,0,0,1,0,1,0,0,0
0.00329355,1,1,1,1,1,1,1,1,0,0,1,0,1,0,0,0
0.00329358,1,1,1,1,0,1,1,0,0,0,1,0,1,0,0,0
0.00329359,1,1,1,0,0,0,1,0,0,0,1,0,1,0,0,0
0.00329396,1,1,1,0,0,0,1,0,0,0,1,0,0,0,0,0
0.00329397,1,1,1,0,0,0,1,0,1,1,1,0,0,0,0,1
0.00329451,1,1,1,1,0,0,1,0,1,1,1,0,0,0,0,1
0.00329452,1,1,1,1,0,1,1,0,1,1,1,0,0,0,0,1
0.00329454,1,0,1,1,0,1,1,1,1,1,1,0,0,0,0,1
0.00329455,1,0,1,0,0,1,1,1,1,1,1,0,0,0,0,1
0.00329456,1,0,0,0,0,0,0,1,1,1,1,0,0,0,0,1
0.00329461,1,0,0,1,0,0,0,1,1,1,1,0,0,0,0,1
0.00329462,1,0,0,0,0,0,0,1,1,1,1,0,0,0,0,1
0.00329549,1,1,0,1,0,0,0,1,1,1,1,0,0,0,0,1
0.0032955,1,1,1,1,0,0,0,0,1,1,1,0,0,0,0,1
0.00329552,1,1,0,1,0,0,0,0,1,1,1,0,0,0,0,1
0.00329553,1,1,0,1,0,1,0,0,1,1,1,0,0,0,0,1
0.00329554,1,1,1,1,1,1,1,1,1,1,1,0,0,0,0,1
0.00329557,1,1,1,0,0,0,1,0,1,1,1,0,0,0,0,1
0.00329559,1,0,1,0,0,0,1,0,1,1,1,0,0,0,0,1
0.00329592,1,0,1,0,0,0,1,0,1,0,1,0,0,0,0,1
0.00329645,1,1,1,1,0,1,1,1,1,0,1,0,0,0,0,1
0.00329646,1,1,1,1,1,1,1,1,1,0,1,0,0,0,0,1
0.00329647,1,1,0,1,1,1,0,1,1,0,1,0,0,0,0,1
0.00329648,1,0,0,0,0,0,0,1,1,0,1,0,0,0,0,1
0.00329743,1,0,1,0,0,0,0,1,1,0,1,0,0,0,0,1
0.00329745,1,1,1,1,1,1,1,1,1,0,1,0,0,0,0,1
0.00329749,1,1,0,0,1,0,0,0,1,0,1,0,0,0,0,1
0.00329751,1,1,1,1,0,0,1,0,1,0,1,0,0,0,0,1
0.00329752,1,1,1,1,0,1,1,1,1,0,1,0,0,0,0,1
0.00329753,1,1,0,1,0,1,1,1,1,0,1,0,0,0,0,1
0.00329754,1,0,0,1,0,1,1,1,1,0,1,0,0,0,0,1
0.00329755,0,0,0,1,0,1,1,1,1,0,1,0,0,0,0,1
0.00329756,0,0,0,1,0,0,1,0,1,0,1,0,0,0,0,1
0.00329759,0,0,0,1,0,1,1,0,1,0,1,0,0,0,0,1
0.0032976,0,0,0,1,0,1,1,1,1,0,1,0,0,0,0,1
0.00329762,0,0,0,1,0,1,1,0,1,0,1,0,0,0,0,1
0.00329763,0,0,0,1,0,0,1,0,1,0,1,0,0,0,0,1
0.00329767,0,0,0,1,0,1,1,0,1,0,1,0,0,0,0,1
0.0032977,0,0,0,1,0,0,1,0,1,0,1,0,0,0,0,1
0.00329787,0,0,0,1,0,0,1,0,0,0,0,0,0,0,0,1
0.00329788,0,0,0,1,0,0,1,0,0,0,0,1,0,0,0,1
0.00329795,0,0,0,1,0,0,1,0,0,0,0,1,0,0,0,0
0.00329796,0,0,0,1,0,0,1,0,0,0,0,1,0,0,0,1
0.0032984,1,0,0,1,0,0,1,0,0,0,0,1,0,0,0,1
0.00329841,0,0,0,1,0,1,1,1,0,0,0,1,0,0,0,1
0.00329842,1,1,1,1,0,0,1,0,0,0,0,1,0,0,0,1
0.00329845,1,1,0,1,0,1,1,1,0,0,0,1,0,0,0,1
0.00329847,1,1,0,1,0,0,0,0,0,0,0,1,0,0,0,1
0.00329851,1,1,0,1,0,1,0,0,0,0,0,1,0,0,0,1
0.00329852,1,1,0,1,0,1,0,1,0,0,0,1,0,0,0,1
0.00329853,1,1,0,1,0,1,0,0,0,0,0,1,0,0,0,1
0.00329854,1,1,0,1,0,0,0,0,0,0,0,1,0,0,0,1
0.00329944,1,1,0,1,1,0,1,0,0,0,0,1,0,0,0,1
0.00329945,1,1,0,1,0,0,1,1,0,0,0,1,0,0,0,1
0.00329946,1,1,0,0,0,1,1,1,0,0,0,1,0,0,0,1
0.00329947,1,1,0,0,0,0,1,0,0,0,0,1,0,0,0,1
0.00329952,1,1,0,0,0,1,1,0,0,0,0,1,0,0,0,1
0.00329953,1,1,0,0,0,0,1,0,0,0,0,1,0,0,0,1
0.00329982,1,1,0,0,0,0,1,0,0,0,0,0,0,0,0,0
0.00329983,1,1,0,0,0,0,1,0,1,1,0,0,0,0,0,1
0.00329989,1,1,0,0,0,0,1,0,1,1,0,0,0,0,0,0
0.0032999,1,1,0,0,0,0,1,0,0,1,0,0,0,0,0,0
0.00329991,1,1,0,0,0,0,1,0,1,1,0,0,0,0,0,1
0.00330035,1,1,1,1,0,0,1,0,1,1,0,0,0,0,0,1
0.00330036,1,1,1,1,1,1,1,0,1,1,0,0,0,0,0,1
0.00330037,1,1,1,1,1,1,0,1,1,1,0,0,0,0,0,1
0.00330038,1,1,0,1,0,0,0,0,1,1,0,0,0,0,0,1
0.00330043,1,1,0,1,0,1,0,0,1,1,0,0,0,0,0,1
0.00330044,1,1,0,1,0,0,0,0,1,1,0,0,0,0,0,1
0.00330136,1,1,0,1,1,1,1,1,1,1,0,0,0,0,0,1
0.00330137,1,1,1,1,1,1,1,1,1,1,0,0,0,0,0,1
0.00330139,0,1,1,1,1,1,1,1,1,1,0,0,0,0,0,1
0.0033014,0,1,0,1,1,0,0,0,1,1,0,0,0,0,0,1
0.00330141,0,1,0,1,1,1,0,0,1,1,0,0,0,0,0,1
0.00330143,0,0,1,1,1,1,1,1,1,1,0,0,0,0,0,1
0.00330145,0,0,0,1,1,1,0,0,1,1,0,0,0,0,0,1
0.00330177,0,0,0,1,1,1,0,0,0,0,0,0,0,0,0,0
0.00330178,0,0,0,1,1,1,0,0,0,0,0,0,1,0,0,0
0.00330179,0,0,0,1,1,1,0,0,0,0,0,1,1,1,0,0
0.0033023,0,0,1,1,1,1,0,0,0,0,0,1,1,1,0,0
0.00330231,1,1,1,1,1,1,1,1,0,0,0,1,1,1,0,0
0.00330232,1,1,1,1,0,1,1,1,0,0,0,1,1,1,0,0
0.00330233,1,0,0,0,0,0,0,1,0,0,0,1,1,1,0,0
0.00330238,1,0,1,0,0,0,0,1,0,0,0,1,1,1,0,0
0.0033024,1,0,0,0,0,0,0,1,0,0,0,1,1,1,0,0
0.00330328,1,1,0,1,0,0,0,1,0,0,0,1,1,1,0,0
0.00330329,1,1,1,1,0,0,0,0,0,0,0,1,1,1,0,0
0.00330331,1,1,0,1,0,0,0,0,0,0,0,1,1,1,0,0
0.00330428,1,1,0,1,0,0,0,1,0,0,0,1,1,1,0,0
0.00330429,1,1,1,1,0,0,1,1,0,0,0,1,1,1,0,0
0.0033043,1,1,1,1,0,1,1,1,0,0,0,1,1,1,0,0
0.00330433,1,1,1,1,1,1,1,1,0,0,0,1,1,1,0,0
0.00330524,1,1,0,1,0,0,0,1,0,0,0,1,1,1,0,0
0.00330527,1,1,1,1,1,1,1,1,0,0,0,1,1,1,0,0
0.00330529,1,0,1,1,1,1,1,1,0,0,0,1,1,1,0,0
0.0033053,0,0,1,1,1,0,0,1,0,0,0,1,1,1,0,0
0.00330532,1,1,1,1,1,1,1,1,0,0,0,1,1,1,0,0
0.00330536,1,1,1,1,1,0,0,0,0,0,0,1,1,1,0,0
0.00330537,0,0,1,0,1,0,0,0,0,0,0,1,1,1,0,0
0.00330542,1,0,1,0,1,0,1,0,0,0,0,1,1,1,0,0
0.00330543,0,0,1,0,1,0,0,0,0,0,0,1,1,1,0,0
0.00330568,0,0,1,0,1,0,0,0,0,0,0,0,1,0,0,0
0.00330569,0,0,1,0,1,0,0,0,0,0,1,0,1,0,0,0
0.00330621,1,1,1,1,1,0,0,0,0,0,1,0,1,0,0,0
0.00330623,1,1,1,1,1,1,1,1,0,0,1,0,1,0,0,0
0.00330725,0,0,0,1,0,1,1,1,0,0,1,0,1,0,0,0
0.00330726,0,0,0,0,0,0,1,0,0,0,1,0,1,0,0,0
0.0033073,1,1,0,1,0,1,1,1,0,0,1,0,1,0,0,0
0.00330731,1,1,1,1,0,1,1,1,0,0,1,0,1,0,0,0
0.00330733,1,0,0,1,0,1,1,0,0,0,1,0,1,0,0,0
0.00330734,0,0,0,0,0,0,1,0,0,0,1,0,1,0,0,0
0.00330738,0,0,0,1,0,0,1,0,0,0,1,0,1,0,0,0
0.00330739,1,0,0,1,0,0,1,0,0,0,1,0,1,0,0,0
0.00330741,0,0,0,1,0,0,1,0,0,0,1,0,1,0,0,0
0.00330742,0,0,0,0,0,0,1,0,0,0,1,0,1,0,0,0
0.00330819,1,1,1,1,1,1,1,0,0,0,1,0,1,0,0,0
0.0033082,1,1,1,1,1,1,1,1,0,0,1,0,1,0,0,0
0.00330823,1,1,1,1,1,1,0,1,0,0,1,0,1,0,0,0
0.00330824,0,1,0,0,1,0,0,0,0,0,1,0,1,0,0,0
0.00330827,0,1,1,0,1,0,0,0,0,0,1,0,1,0,0,0
0.00330828,1,1,1,1,1,1,0,1,0,0,1,0,1,0,0,0
0.00330832,1,1,1,1,1,1,0,0,0,0,1,0,1,0,0,0
0.00330833,0,1,0,0,1,0,0,0,0,0,1,0,1,0,0,0
0.00330835,1,1,1,1,1,0,0,0,0,0,1,0,1,0,0,0
0.00330836,1,1,1,1,1,1,0,1,0,0,1,0,1,0,0,0
0.00330839,1,1,1,1,1,1,0,0,0,0,1,0,1,0,0,0
0.00330841,1,1,1,1,1,0,0,0,0,0,1,0,1,0,0,0
0.00330843,1,1,1,1,1,1,0,0,0,0,1,0,1,0,0,0
0.00330856,1,1,1,1,1,0,0,0,0,0,1,0,1,0,0,0
0.00330858,1,1,1,1,1,1,0,0,0,0,1,0,1,0,0,0
0.00330861,1,1,1,1,1,1,0,0,0,0,0,0,1,0,0,0
0.00330862,1,1,1,1,1,0,0,0,0,1,0,0,1,0,0,0
0.00330866,1,1,1,1,1,1,0,0,0,1,0,0,1,0,0,0
0.00330868,1,1,1,1,1,1,0,0,0,0,0,0,0,0,0,0
0.00330869,1,1,1,1,1,0,0,0,0,1,0,0,1,0,0,0
0.00330874,1,1,1,1,1,1,0,0,0,1,0,0,1,0,0,0
0.00330876,1,1,1,1,1,0,0,0,0,1,0,0,1,0,0,0
0.00330901,1,1,1,0,1,0,0,0,0,1,0,0,1,0,0,0
0.00330903,1,1,1,1,1,0,0,0,0,1,0,0,1,0,0,0
0.00330906,0,1,1,0,1,0,0,0,0,1,0,0,1,0,0,0
0.00330907,1,1,1,1,1,0,0,0,0,1,0,0,1,0,0,0
0.00330908,1,1,1,0,1,0,0,0,0,1,0,0,1,0,0,0
0.00330909,1,1,1,1,1,0,0,0,0,1,0,0,1,0,0,0
0.0033091,0,1,0,0,1,0,0,0,0,1,0,0,1,0,0,0
0.00330911,0,1,1,0,1,0,0,0,0,1,0,0,1,0,0,0
0.00330912,1,1,1,1,1,0,0,0,0,1,0,0,1,0,0,0
0.00330913,0,1,0,0,1,0,0,0,0,1,0,0,1,0,0,0
0.00330914,0,1,0,1,1,0,0,0,0,1,0,0,1,0,0,0
0.00330915,1,1,1,1,1,0,0,0,0,1,0,0,1,0,0,0
0.00330916,1,1,1,1,1,1,0,1,0,1,0,0,1,0,0,0
0.00330917,1,1,1,1,1,1,1,1,0,1,0,0,1,0,0,0
0.00330921,0,0,0,0,0,1,0,0,0,1,0,0,1,0,0,0
0.00330924,0,0,1,1,0,1,0,0,0,1,0,0,1,0,0,0
0.00330925,1,1,1,1,0,1,1,1,0,1,0,0,1,0,0,0
0.00330929,1,0,1,1,0,1,0,1,0,1,0,0,1,0,0,0
0.0033093,0,0,1,0,0,1,0,0,0,1,0,0,1,0,0,0
0.00330931,0,0,0,0,0,1,0,0,0,1,0,0,1,0,0,0
0.00330932,1,0,1,1,0,1,0,0,0,1,0,0,1,0,0,0
0.00330933,1,0,1,1,0,1,0,1,0,1,0,0,1,0,0,0
0.00330938,1,0,1,1,0,1,0,0,0,1,0,0,1,0,0,0
0.0033094,1,0,1,1,0,1,0,1,0,1,0,0,1,0,0,0
0.00330953,1,0,1,1,0,1,0,0,0,1,0,0,1,0,0,0
0.00330956,1,0,1,1,0,1,0,1,0,1,0,0,1,0,0,0
0.00330957,1,0,1,1,0,1,0,0,0,1,0,0,1,0,0,0
0.00330959,1,0,1,1,0,1,0,1,0,1,0,0,1,0,0,0
0.00330962,1,0,1,1,0,1,0,0,0,1,0,0,1,0,0,0
0.00331001,0,0,1,1,0,1,0,0,0,1,0,0,1,0,0,0
0.00331002,1,0,1,1,0,1,0,0,0,1,0,0,1,0,0,0
0.00331004,0,0,1,0,0,1,0,0,0,1,0,0,1,0,0,0
0.00331005,1,0,1,1,0,1,0,0,0,1,0,0,1,0,0,0
0.00331007,0,0,0,0,0,1,0,0,0,1,0,0,1,0,0,0
0.00331008,1,0,1,1,0,1,0,0,0,1,0,0,1,0,0,0
0.00331009,0,0,1,1,0,1,0,0,0,1,0,0,1,0,0,0
0.00331011,1,1,1,1,0,1,0,0,0,1,0,0,1,0,0,0
0.00331012,1,1,1,1,1,1,0,0,0,1,0,0,1,0,0,0
0.00331013,1,1,1,1,1,1,1,1,0,1,0,0,1,0,0,0
0.00331015,1,1,1,1,1,1,0,1,0,1,0,0,1,0,0,0
0.00331017,1,1,1,1,1,1,1,1,0,1,0,0,1,0,0,0
0.00331019,1,0,0,0,1,0,1,1,0,1,0,0,1,0,0,0
0.0033102,1,0,0,0,1,0,0,0,0,1,0,0,1,0,0,0
0.00331023,1,1,1,1,1,0,0,1,0,1,0,0,1,0,0,0
0.00331024,1,1,1,1,1,1,1,1,0,1,0,0,1,0,0,0
0.00331026,1,1,1,1,1,0,0,1,0,1,0,0,1,0,0,0
0.00331027,1,0,1,0,1,0,0,0,0,1,0,0,1,0,0,0
0.00331028,1,0,0,0,1,0,0,0,0,1,0,0,1,0,0,0
0.00331031,1,0,1,1,1,0,0,0,0,1,0,0,1,0,0,0
0.00331032,1,0,1,1,1,0,0,1,0,1,0,0,1,0,0,0
0.00331033,1,0,1,1,1,0,0,0,0,1,0,0,1,0,0,0
0.00331035,1,0,0,0,1,0,0,0,0,1,0,0,1,0,0,0
0.00331039,1,0,1,1,1,0,0,0,0,1,0,0,1,0,0,0
0.00331041,1,0,1,0,1,0,0,0,0,1,0,0,1,0,0,0
0.00331042,1,0,0,0,1,0,0,0,0,1,0,0,1,0,0,0
0.00331056,1,0,1,0,1,0,0,0,0,0,0,0,1,0,0,0
0.00331057,1,0,0,0,1,0,0,0,1,0,0,0,1,0,0,0
0.00331062,1,0,1,0,1,0,0,0,1,0,0,0,1,0,0,0
0.00331063,1,0,1,0,1,0,0,0,1,0,0,0,0,0,0,0
0.00331064,1,0,0,0,1,0,0,0,0,0,0,0,1,0,0,0
0.00331065,1,0,0,0,1,0,0,0,1,0,0,0,1,0,0,0
0.0033107,1,0,1,0,1,0,0,0,1,0,0,0,1,0,0,0
0.00331071,1,0,0,0,1,0,0,0,1,0,0,0,1,0,0,0
0.0033111,1,0,1,0,1,0,0,0,1,0,0,0,1,0,0,0
0.00331111,1,1,1,1,1,0,0,0,1,0,0,0,1,0,0,0
0.00331112,1,1,1,1,1,1,1,0,1,0,0,0,1,0,0,0
0.00331113,1,1,1,1,1,1,1,1,1,0,0,0,1,0,0,0
0.00331115,1,1,1,1,1,0,0,1,1,0,0,0,1,0,0,0
0.00331116,0,0,0,0,1,0,0,0,1,0,0,0,1,0,0,0
0.0033112,0,0,1,1,1,0,0,1,1,0,0,0,1,0,0,0
0.00331121,1,1,1,1,1,1,1,1,1,0,0,0,1,0,0,0
0.00331122,1,1,1,1,1,1,0,1,1,0,0,0,1,0,0,0
0.00331123,0,0,1,1,1,0,0,0,1,0,0,0,1,0,0,0
0.00331124,0,0,0,0,1,0,0,0,1,0,0,0,1,0,0,0
0.00331129,0,0,1,1,1,0,0,0,1,0,0,0,1,0,0,0
0.0033113,0,0,1,0,1,0,0,0,1,0,0,0,1,0,0,0
0.00331131,0,0,0,0,1,0,0,0,1,0,0,0,1,0,0,0
0.00331207,1,0,1,1,1,0,0,0,1,0,0,0,1,0,0,0
0.00331208,1,1,1,1,1,0,0,0,1,0,0,0,1,0,0,0
0.00331209,1,0,1,1,1,1,1,1,1,0,0,0,1,0,0,0
0.0033121,1,1,1,1,1,1,1,1,1,0,0,0,1,0,0,0
0.00331215,1,0,0,1,0,0,0,1,1,0,0,0,1,0,0,0
0.00331219,1,1,1,1,0,1,1,1,1,0,0,0,1,0,0,0
0.00331221,1,1,1,1,0,1,0,1,1,0,0,0,1,0,0,0
0.00331222,1,0,1,1,0,0,0,1,1,0,0,0,1,0,0,0
0.00331223,1,0,0,1,0,0,0,1,1,0,0,0,1,0,0,0
0.00331227,1,0,1,1,0,0,0,1,1,0,0,0,1,0,0,0
0.0033123,1,0,0,1,0,0,0,1,1,0,0,0,1,0,0,0
0.00331251,1,0,0,1,0,0,0,1,1,0,0,0,0,0,0,0
0.00331252,1,0,0,1,0,0,0,1,1,0,0,1,0,0,1,0
0.00331304,1,1,1,1,0,1,0,1,1,0,0,1,0,0,1,0
0.00331305,1,0,1,0,0,0,0,0,1,0,0,1,0,0,1,0
0.00331306,0,0,0,0,0,0,0,0,1,0,0,1,0,0,1,0
0.00331307,0,0,0,0,1,1,1,1,1,0,0,1,0,0,1,0
0.00331309,1,1,1,1,1,1,1,1,1,0,0,1,0,0,1,0
0.00331311,0,1,1,0,1,1,1,1,1,0,0,1,0,0,1,0
0.00331312,0,0,0,0,1,1,1,1,1,0,0,1,0,0,1,0
0.00331395,1,1,1,1,1,1,1,1,1,0,0,1,0,0,1,0
0.00331396,0,0,0,0,1,1,1,1,1,0,0,1,0,0,1,0
0.003314,0,1,1,0,1,1,1,1,1,0,0,1,0,0,1,0
0.00331402,0,0,0,0,1,1,1,1,1,0,0,1,0,0,1,0
0.00331405,1,0,1,1,1,1,1,1,1,0,0,1,0,0,1,0
0.00331406,1,1,1,1,1,1,1,1,1,0,0,1,0,0,1,0
0.00331409,0,0,0,1,1,0,0,1,1,0,0,1,0,0,1,0
0.00331412,0,0,1,1,1,0,0,1,1,0,0,1,0,0,1,0
0.00331414,1,1,1,1,1,1,0,1,1,0,0,1,0,0,1,0
0.00331415,1,1,1,1,1,1,1,1,1,0,0,1,0,0,1,0
0.00331416,0,0,1,0,1,0,0,0,1,0,0,1,0,0,1,0
0.00331421,1,1,1,0,1,1,0,0,1,0,0,1,0,0,1,0
0.00331423,0,0,1,0,1,0,0,0,1,0,0,1,0,0,1,0
0.00331447,0,0,1,0,1,0,0,0,0,0,0,0,0,0,0,0
0.00331448,0,0,1,0,1,0,0,0,0,0,1,0,1,0,0,0
0.00331499,0,1,1,0,1,0,0,0,0,0,1,0,1,0,0,0
0.003315,1,1,1,0,1,0,0,0,0,0,1,0,1,0,0,0
0.00331502,1,1,1,1,1,1,1,1,0,0,1,0,1,0,0,0
0.00331507,0,0,1,1,0,0,0,0,0,0,1,0,1,0,0,0
0.00331512,1,1,1,1,0,1,0,1,0,0,1,0,1,0,0,0
0.00331513,1,1,1,1,0,1,1,1,0,0,1,0,1,0,0,0
0.00331514,1,1,1,1,0,1,0,0,0,0,1,0,1,0,0,0
0.00331515,0,0,1,1,0,0,0,0,0,0,1,0,1,0,0,0
0.00331598,1,1,1,1,0,0,0,0,0,0,1,0,1,0,0,0
0.003316,1,1,1,1,1,1,0,1,0,0,1,0,1,0,0,0
0.00331601,1,1,1,1,1,1,1,1,0,0,1,0,1,0,0,0
0.00331604,1,1,0,0,1,1,1,1,0,0,1,0,1,0,0,0
0.00331605,0,1,0,0,0,0,0,0,0,0,1,0,1,0,0,0
0.00331609,1,1,1,1,0,1,0,1,0,0,1,0,1,0,0,0
0.0033161,1,1,1,1,1,1,1,1,0,0,1,0,1,0,0,0
0.00331611,1,1,1,1,0,1,0,1,0,0,1,0,1,0,0,0
0.00331612,1,1,1,0,0,1,0,1,0,0,1,0,1,0,0,0
0.00331613,0,1,0,0,0,0,0,0,0,0,1,0,1,0,0,0
0.00331617,1,1,0,0,0,0,0,0,0,0,1,0,1,0,0,0
0.00331618,1,1,1,0,0,1,0,0,0,0,1,0,1,0,0,0
0.00331619,1,1,0,0,0,1,0,0,0,0,1,0,1,0,0,0
0.0033162,1,1,0,0,0,0,0,0,0,0,1,0,1,0,0,0
0.00331621,0,1,0,0,0,0,0,0,0,0,1,0,1,0,0,0
0.00331698,1,1,1,1,1,1,1,1,0,0,1,0,1,0,0,0
0.00331702,1,1,1,1,0,1,1,1,0,0,1,0,1,0,0,0
0.00331703,1,1,1,0,0,0,1,0,0,0,1,0,1,0,0,0
0.00331706,1,1,1,1,0,1,1,1,0,0,1,0,1,0,0,0
0.00331707,1,1,1,1,1,1,1,1,0,0,1,0,1,0,0,0
0.00331709,1,1,1,0,0,0,1,0,0,0,1,0,1,0,0,0
0.00331714,1,1,1,1,0,1,1,0,0,0,1,0,1,0,0,0
0.00331715,1,1,1,0,0,0,1,0,0,0,1,0,1,0,0,0
0.00331739,1,1,1,0,0,0,1,0,0,0,1,0,0,0,0,0
0.0033174,1,1,1,0,0,0,1,0,1,1,1,0,0,0,0,1
0.00331794,1,1,1,1,1,1,1,1,1,1,1,0,0,0,0,1
0.00331798,0,0,1,1,1,1,1,1,1,1,1,0,0,0,0,1
0.00331799,0,0,1,1,0,0,0,0,1,1,1,0,0,0,0,1
0.00331804,0,0,1,1,0,1,0,1,1,1,1,0,0,0,0,1
0.00331805,0,0,1,1,0,1,0,0,1,1,1,0,0,0,0,1
0.00331806,0,0,1,1,0,0,0,0,1,1,1,0,0,0,0,1
0.00331893,1,1,1,0,0,1,0,1,1,1,1,0,0,0,0,1
0.00331894,0,1,0,0,0,1,1,1,1,1,1,0,0,0,0,1
0.00331895,0,1,0,0,0,0,0,0,1,1,1,0,0,0,0,1
0.00331897,1,1,1,1,1,1,1,1,1,1,1,0,0,0,0,1
0.003319,1,1,1,1,1,0,1,1,1,1,1,0,0,0,0,1
0.00331901,1,1,1,1,1,0,1,0,1,1,1,0,0,0,0,1
0.00331903,1,1,1,1,0,1,1,1,1,1,1,0,0,0,0,1
0.00331904,1,0,1,0,0,0,1,0,1,1,1,0,0,0,0,1
0.00331909,1,0,1,0,0,1,1,0,1,1,1,0,0,0,0,1
0.0033191,1,0,1,0,0,0,1,0,1,1,1,0,0,0,0,1
0.00331935,1,0,1,0,0,0,1,0,1,0,1,0,0,0,0,1
0.00331988,1,0,1,1,0,1,1,0,1,0,1,0,0,0,0,1
0.00331989,1,0,1,1,1,1,1,1,1,0,1,0,0,0,0,1
0.0033199,0,1,1,1,1,1,0,1,1,0,1,0,0,0,0,1
0.00331991,0,0,1,1,0,0,0,0,1,0,1,0,0,0,0,1
0.00331996,0,0,1,1,0,1,0,0,1,0,1,0,0,0,0,1
0.00331997,0,0,1,1,0,0,0,0,1,0,1,0,0,0,0,1
0.00332087,1,0,1,1,0,0,1,0,1,0,1,0,0,0,0,1
0.00332088,1,0,1,1,0,1,1,1,1,0,1,0,0,0,0,1
0.00332089,1,1,1,1,1,1,1,1,1,0,1,0,0,0,0,1
0.00332092,1,1,0,1,1,0,0,1,1,0,1,0,0,0,0,1
0.00332094,1,1,1,1,1,1,1,1,1,0,1,0,0,0,0,1
0.00332099,1,1,1,1,0,1,1,0,1,0,1,0,0,0,0,1
0.003321,0,0,0,1,0,0,1,0,1,0,1,0,0,0,0,1
0.00332104,1,0,0,1,0,1,1,0,1,0,1,0,0,0,0,1
0.00332105,1,1,1,1,0,1,1,0,1,0,1,0,0,0,0,1
0.00332106,1,0,1,1,0,1,1,0,1,0,1,0,0,0,0,1
0.00332107,0,0,0,1,0,0,1,0,1,0,1,0,0,0,0,1
0.0033213,0,0,0,1,0,0,1,0,0,0,0,0,0,0,0,0
0.00332131,0,0,0,1,0,0,1,0,0,0,0,1,0,0,0,1
0.00332138,0,0,0,1,0,0,1,0,0,0,0,1,0,0,0,0
0.00332139,0,0,0,1,0,0,1,0,0,0,0,1,0,0,0,1
0.00332183,1,1,0,1,0,0,1,0,0,0,0,1,0,0,0,1
0.00332184,1,0,1,1,0,0,1,0,0,0,0,1,0,0,0,1
0.00332185,0,0,1,1,0,1,1,0,0,0,0,1,0,0,0,1
0.00332186,1,1,1,1,1,1,1,1,0,0,0,1,0,0,0,1
0.0033219,0,1,0,0,0,0,0,0,0,0,0,1,0,0,0,1
0.00332194,1,1,1,0,0,1,0,0,0,0,0,1,0,0,0,1
0.00332195,1,1,1,0,0,1,0,1,0,0,0,1,0,0,0,1
0.00332196,1,1,1,1,1,1,1,1,0,0,0,1,0,0,0,1
0.00332197,1,1,1,0,0,1,0,1,0,0,0,1,0,0,0,1
0.00332198,1,1,1,0,0,1,0,0,0,0,0,1,0,0,0,1
0.00332199,0,1,0,0,0,0,0,0,0,0,0,1,0,0,0,1
0.00332203,0,1,1,0,0,1,0,0,0,0,0,1,0,0,0,1
0.00332205,0,1,1,0,0,0,0,0,0,0,0,1,0,0,0,1
0.00332206,0,1,0,0,0,0,0,0,0,0,0,1,0,0,0,1
0.00332287,1,1,1,1,1,0,1,1,0,0,0,1,0,0,0,1
0.00332289,1,1,1,1,1,1,1,1,0,0,0,1,0,0,0,1
0.00332291,1,1,0,1,1,1,1,1,0,0,0,1,0,0,0,1
0.00332292,1,1,0,1,1,0,1,1,0,0,0,1,0,0,0,1
0.00332293,1,1,1,1,0,0,1,1,0,0,0,1,0,0,0,1
0.00332294,1,1,0,0,0,0,1,0,0,0,0,1,0,0,0,1
0.00332298,1,1,1,1,0,1,1,0,0,0,0,1,0,0,0,1
0.00332299,1,1,1,1,1,1,1,1,0,0,0,1,0,0,0,1
0.003323,1,1,1,0,0,1,1,1,0,0,0,1,0,0,0,1
0.00332301,1,1,0,0,0,0,1,0,0,0,0,1,0,0,0,1
0.00332325,1,1,0,0,0,0,1,0,0,0,0,0,0,0,0,0
0.00332326,1,1,0,0,0,0,1,0,1,1,0,0,0,0,0,1
0.00332333,1,1,0,0,0,0,1,0,0,1,0,0,0,0,0,0
0.00332334,1,1,0,0,0,0,1,0,1,1,0,0,0,0,0,1
0.00332378,1,1,1,1,0,0,1,0,1,1,0,0,0,0,0,1
0.00332379,1,1,1,1,1,1,1,1,1,1,0,0,0,0,0,1
0.00332381,0,1,1,1,0,0,0,1,1,1,0,0,0,0,0,1
0.00332382,0,1,0,0,0,0,0,0,1,1,0,0,0,0,0,1
0.00332386,0,1,1,1,0,1,0,1,1,1,0,0,0,0,0,1
0.00332388,0,1,1,0,0,1,0,0,1,1,0,0,0,0,0,1
0.00332389,0,1,0,0,0,0,0,0,1,1,0,0,0,0,0,1
0.00332479,1,1,1,1,1,1,0,1,1,1,0,0,0,0,0,1
0.0033248,1,1,1,1,1,1,1,1,1,1,0,0,0,0,0,1
0.00332486,1,1,1,1,1,1,0,1,1,1,0,0,0,0,0,1
0.00332487,1,1,0,1,1,1,0,0,1,1,0,0,0,0,0,1
0.0033249,1,0,0,1,1,1,1,1,1,1,0,0,0,0,0,1
0.00332491,1,0,0,1,1,1,0,1,1,1,0,0,0,0,0,1
0.00332492,1,0,0,1,1,1,0,0,1,1,0,0,0,0,0,1
0.00332521,1,0,0,1,1,1,0,0,1,0,0,0,1,0,0,0
0.00332522,1,0,0,1,1,1,0,0,1,0,0,1,1,1,0,0
0.00332574,1,1,1,1,1,1,1,0,1,0,0,1,1,1,0,0
0.00332575,1,1,1,1,1,1,1,1,1,0,0,1,1,1,0,0
0.00332576,0,0,1,1,0,0,1,0,1,0,0,1,1,1,0,0
0.00332577,0,0,1,1,0,0,0,0,1,0,0,1,1,1,0,0
0.00332671,0,1,1,1,0,0,0,0,1,0,0,1,1,1,0,0
0.00332672,1,1,0,0,0,1,1,1,1,0,0,1,1,1,0,0
0.00332673,0,1,0,0,0,0,0,0,1,0,0,1,1,1,0,0
0.00332772,0,1,1,0,0,1,1,1,1,0,0,1,1,1,0,0
0.00332773,0,1,1,1,1,1,1,1,1,0,0,1,1,1,0,0
0.00332774,1,1,1,1,1,1,1,1,1,0,0,1,1,1,0,0
0.00332867,0,1,1,1,0,0,0,0,1,0,0,1,1,1,0,0
0.0033287,1,1,1,1,1,1,1,1,1,0,0,1,1,1,0,0
0.00332873,0,1,0,0,1,0,0,0,1,0,0,1,1,1,0,0
0.00332878,0,1,0,0,1,1,0,1,1,0,0,1,1,1,0,0
0.00332879,0,1,0,0,1,1,1,1,1,0,0,1,1,1,0,0
0.0033288,0,1,0,0,1,1,0,1,1,0,0,1,1,1,0,0
0.00332881,0,1,0,0,1,0,0,0,1,0,0,1,1,1,0,0
0.00332911,0,1,0,0,1,0,0,0,0,0,0,0,1,0,0,0
0.00332912,0,1,0,0,1,0,0,0,0,1,0,0,1,0,0,0
0.00332919,0,1,1,1,1,0,0,0,0,1,0,0,1,0,0,0
0.0033292,0,1,1,1,1,0,0,0,0,1,0,1,1,0,0,0
0.00332921,0,1,1,1,1,0,0,0,0,1,1,1,1,0,0,0
0.00332922,1,1,1,1,1,1,1,1,0,1,1,1,1,0,0,0
0.00332923,0,1,0,0,1,1,1,1,0,1,0,0,1,0,0,0
0.00332924,0,1,0,0,1,0,0,0,0,1,0,0,1,0,0,0
0.00332928,0,1,0,0,1,1,0,1,0,1,0,0,1,0,0,0
0.0033293,0,1,0,0,1,0,0,0,0,1,0,0,1,0,0,0
0.00332966,0,1,1,0,1,0,0,1,0,1,0,0,1,0,0,0
0.00332967,1,1,1,1,1,1,1,1,0,1,0,0,1,0,0,0
0.00332971,0,0,1,0,1,1,1,1,0,1,0,0,1,0,0,0
0.00332972,0,0,0,0,1,0,0,0,0,1,0,0,1,0,0,0
0.00332975,0,0,1,0,1,1,0,0,0,1,0,0,1,0,0,0
0.00332976,1,0,1,1,1,1,0,1,0,1,0,0,1,0,0,0
0.00332977,1,1,1,1,1,1,1,1,0,1,0,0,1,0,0,0
0.00332979,1,0,1,1,1,1,0,1,0,1,0,0,1,0,0,0
0.0033298,0,0,0,0,1,0,0,0,0,1,0,0,1,0,0,0
0.00332984,0,0,1,1,1,1,0,0,0,1,0,0,1,0,0,0
0.00332985,1,0,1,1,1,1,0,0,0,1,0,0,1,0,0,0
0.00332987,0,0,1,1,1,1,0,0,0,1,0,0,1,0,0,0
0.00332988,0,0,0,0,1,0,0,0,0,1,0,0,1,0,0,0
0.00332992,0,0,1,0,1,0,0,0,0,1,0,0,1,0,0,0
0.00332994,0,0,0,0,1,0,0,0,0,1,0,0,1,0,0,0
0.00333061,0,0,1,0,1,0,0,0,0,1,0,0,1,0,0,0
0.00333062,1,1,1,1,1,0,0,0,0,1,0,0,1,0,0,0
0.00333063,1,1,1,1,1,1,1,1,0,1,0,0,1,0,0,0
0.0033307,1,0,0,0,1,0,0,0,0,1,0,0,1,0,0,0
0.00333073,1,1,1,1,1,1,0,0,0,1,0,0,1,0,0,0
0.00333074,1,1,1,1,1,1,1,1,0,1,0,0,1,0,0,0
0.00333077,1,1,1,1,1,0,0,0,0,1,0,0,1,0,0,0
0.00333078,1,0,0,0,1,0,0,0,0,1,0,0,1,0,0,0
0.00333081,1,0,1,1,1,0,0,0,0,1,0,0,1,0,0,0
0.00333082,1,1,1,1,1,1,0,1,0,1,0,0,1,0,0,0
0.00333084,1,0,1,1,1,0,0,0,0,1,0,0,1,0,0,0
0.00333085,1,0,1,0,1,0,0,0,0,1,0,0,1,0,0,0
0.00333086,1,0,0,0,1,0,0,0,0,1,0,0,1,0,0,0
0.00333088,1,0,1,0,1,0,0,0,0,1,0,0,1,0,0,0
0.0033309,1,0,1,1,1,0,0,0,0,1,0,0,1,0,0,0
0.00333091,1,0,1,0,1,0,0,0,0,1,0,0,1,0,0,0
0.00333102,1,0,0,0,1,0,0,0,0,1,0,0,1,0,0,0
0.00333104,1,0,1,0,1,0,0,0,0,1,0,0,1,0,0,0
0.00333105,1,0,0,0,1,0,0,0,0,1,0,0,1,0,0,0
0.00333106,1,0,1,0,1,0,0,0,0,0,0,0,1,0,0,0
0.00333107,1,0,1,0,1,0,0,0,1,0,0,0,1,0,0,0
0.00333108,1,0,0,0,1,0,0,0,1,0,0,0,1,0,0,0
0.00333112,1,0,1,0,1,0,0,0,1,0,0,0,1,0,0,0
0.00333114,1,0,1,0,1,0,0,0,0,0,0,0,0,0,0,0
0.00333115,1,0,0,0,1,0,0,0,1,0,0,0,1,0,0,0
0.00333119,1,0,1,0,1,0,0,0,1,0,0,0,1,0,0,0
0.00333122,1,0,0,0,1,0,0,0,1,0,0,0,1,0,0,0
0.0033316,1,1,0,0,1,0,0,0,1,0,0,0,1,0,0,0
0.00333161,1,1,1,0,1,0,0,0,1,0,0,0,1,0,0,0
0.00333162,1,1,1,1,1,1,1,1,1,0,0,0,1,0,0,0
0.00333166,0,0,0,0,0,1,0,0,1,0,0,0,1,0,0,0
0.0033317,0,0,1,0,0,1,0,0,1,0,0,0,1,0,0,0
0.00333171,0,1,1,1,0,1,0,1,1,0,0,0,1,0,0,0
0.00333172,1,1,1,1,0,1,1,1,1,0,0,0,1,0,0,0
0.00333173,0,1,1,1,0,1,0,1,1,0,0,0,1,0,0,0
0.00333174,0,0,1,1,0,1,0,1,1,0,0,0,1,0,0,0
0.00333175,0,0,0,0,0,1,0,0,1,0,0,0,1,0,0,0
0.00333179,0,0,1,1,0,1,0,0,1,0,0,0,1,0,0,0
0.00333182,0,0,1,0,0,1,0,0,1,0,0,0,1,0,0,0
0.00333183,0,0,0,0,0,1,0,0,1,0,0,0,1,0,0,0
0.00333187,0,0,1,0,0,1,0,0,1,0,0,0,1,0,0,0
0.00333189,0,0,0,0,0,1,0,0,1,0,0,0,1,0,0,0
0.00333257,1,0,1,1,0,1,0,0,1,0,0,0,1,0,0,0
0.00333259,0,1,1,1,0,1,1,1,1,0,0,0,1,0,0,0
0.0033326,1,1,1,1,1,1,1,1,1,0,0,0,1,0,0,0
0.00333265,1,0,0,1,0,0,0,1,1,0,0,0,1,0,0,0
0.00333269,1,1,1,1,0,0,1,1,1,0,0,0,1,0,0,0
0.0033327,1,1,1,1,1,1,1,1,1,0,0,0,1,0,0,0
0.00333271,1,1,1,1,0,1,1,1,1,0,0,0,1,0,0,0
0.00333272,1,0,1,1,0,0,0,1,1,0,0,0,1,0,0,0
0.00333273,1,0,0,1,0,0,0,1,1,0,0,0,1,0,0,0
0.00333277,1,0,1,1,0,0,0,1,1,0,0,0,1,0,0,0
0.00333278,1,1,1,1,0,0,0,1,1,0,0,0,1,0,0,0
0.00333279,1,0,1,1,0,0,0,1,1,0,0,0,1,0,0,0
0.0033328,1,0,0,1,0,0,0,1,1,0,0,0,1,0,0,0
0.00333285,1,0,1,1,0,0,0,1,1,0,0,0,1,0,0,0
0.00333287,1,0,0,1,0,0,0,1,1,0,0,0,1,0,0,0
0.00333302,1,0,0,1,0,0,0,1,1,0,0,1,0,0,1,0
0.00333354,1,1,1,1,0,1,0,1,1,0,0,1,0,0,1,0
0.00333355,1,1,1,1,0,0,0,1,1,0,0,1,0,0,1,0
0.00333356,0,0,0,0,0,0,0,0,1,0,0,1,0,0,1,0
0.00333358,0,0,0,0,1,0,0,0,1,0,0,1,0,0,1,0
0.0033336,0,1,1,1,1,1,1,0,1,0,0,1,0,0,1,0
0.00333362,0,0,1,0,1,0,0,0,1,0,0,1,0,0,1,0
0.00333363,0,0,0,0,1,0,0,0,1,0,0,1,0,0,1,0
0.00333451,0,1,1,0,1,0,0,0,1,0,0,1,0,0,1,0
0.00333452,0,0,1,0,1,0,0,0,1,0,0,1,0,0,1,0
0.00333453,0,0,0,0,1,0,0,0,1,0,0,1,0,0,1,0
0.00333456,1,1,1,1,1,1,1,1,1,0,0,1,0,0,1,0
0.0033346,0,1,1,0,1,0,0,0,1,0,0,1,0,0,1,0
0.00333463,0,1,1,1,1,1,0,1,1,0,0,1,0,0,1,0
0.00333464,0,0,1,1,1,1,1,1,1,0,0,1,0,0,1,0
0.00333465,0,0,1,0,1,0,0,0,1,0,0,1,0,0,1,0
0.00333497,0,0,1,0,1,0,0,0,0,0,0,0,0,0,0,0
0.00333498,0,0,1,0,1,0,0,0,0,0,1,0,1,0,0,0
0.0033355,1,1,1,1,1,0,0,0,0,0,1,0,1,0,0,0
0.00333551,1,1,1,0,1,0,0,0,0,0,1,0,1,0,0,0
0.00333552,1,1,1,1,1,1,1,1,0,0,1,0,1,0,0,0
0.00333558,0,0,1,0,0,0,0,1,0,0,1,0,1,0,0,0
0.00333562,1,1,1,1,0,1,1,1,0,0,1,0,1,0,0,0
0.00333565,0,0,1,1,0,1,0,1,0,0,1,0,1,0,0,0
0.00333566,0,0,1,0,0,0,0,1,0,0,1,0,1,0,0,0
0.00333571,0,0,1,1,0,1,0,1,0,0,1,0,1,0,0,0
0.00333572,0,0,1,0,0,1,0,1,0,0,1,0,1,0,0,0
0.00333573,0,0,1,0,0,0,0,1,0,0,1,0,1,0,0,0
0.00333648,1,1,1,1,0,0,0,1,0,0,1,0,1,0,0,0
0.00333649,1,1,1,1,1,0,0,1,0,0,1,0,1,0,0,0
0.0033365,1,1,1,1,0,0,0,1,0,0,1,0,1,0,0,0
0.00333651,1,1,1,1,1,1,1,1,0,0,1,0,1,0,0,0
0.00333654,1,1,1,1,1,1,0,0,0,0,1,0,1,0,0,0
0.00333655,1,1,0,1,0,0,0,0,0,0,1,0,1,0,0,0
0.00333659,1,1,1,1,0,1,1,1,0,0,1,0,1,0,0,0
0.0033366,1,1,1,1,1,1,1,1,0,0,1,0,1,0,0,0
0.00333661,1,1,0,1,0,1,0,0,0,0,1,0,1,0,0,0
0.00333662,1,1,0,1,0,0,0,0,0,0,1,0,1,0,0,0
0.00333748,1,1,1,1,1,1,1,1,0,0,1,0,1,0,0,0
0.00333752,1,1,1,0,0,0,1,0,0,0,1,0,1,0,0,0
0.00333757,1,1,1,0,0,1,1,0,0,0,1,0,1,0,0,0
0.00333758,1,1,1,0,0,0,1,0,0,0,1,0,1,0,0,0
0.0033379,1,1,1,0,0,0,1,0,0,1,1,0,0,0,0,0
0.00333791,1,1,1,0,0,0,1,0,1,1,1,0,0,0,0,1
0.00333845,1,1,1,1,0,1,1,0,1,1,1,0,0,0,0,1
0.00333846,1,1,1,1,1,1,1,1,1,1,1,0,0,0,0,1
0.00333848,0,0,1,1,1,1,1,1,1,1,1,0,0,0,0,1
0.00333849,0,0,1,0,0,0,0,1,1,1,1,0,0,0,0,1
0.00333855,0,0,1,1,0,0,0,1,1,1,1,0,0,0,0,1
0.00333856,0,0,1,0,0,0,0,1,1,1,1,0,0,0,0,1
0.00333942,1,0,1,0,0,0,0,1,1,1,1,0,0,0,0,1
0.00333943,1,1,1,1,0,0,0,1,1,1,1,0,0,0,0,1
0.00333944,1,1,1,1,1,0,0,0,1,1,1,0,0,0,0,1
0.00333945,1,1,0,1,0,1,0,0,1,1,1,0,0,0,0,1
0.00333946,1,1,0,1,0,0,0,0,1,1,1,0,0,0,0,1
0.00333947,1,1,0,1,1,1,1,0,1,1,1,0,0,0,0,1
0.00333948,1,1,1,1,1,1,1,1,1,1,1,0,0,0,0,1
0.00333951,1,1,1,0,0,0,1,0,1,1,1,0,0,0,0,1
0.00333953,1,0,1,0,0,0,1,0,1,1,1,0,0,0,0,1
0.00333985,1,0,1,0,0,0,1,0,1,0,1,0,0,0,0,0
0.00333986,1,0,1,0,0,0,1,0,1,0,1,0,0,0,0,1
0.00334038,1,1,1,1,0,0,1,0,1,0,1,0,0,0,0,1
0.00334039,1,0,1,1,1,1,1,1,1,0,1,0,0,0,0,1
0.0033404,1,1,1,1,1,1,1,1,1,0,1,0,0,0,0,1
0.00334041,0,0,1,1,1,1,0,1,1,0,1,0,0,0,0,1
0.00334042,0,0,1,0,0,0,0,1,1,0,1,0,0,0,0,1
0.00334047,0,0,1,1,0,0,0,1,1,0,1,0,0,0,0,1
0.00334048,0,0,1,0,0,0,0,1,1,0,1,0,0,0,0,1
0.00334137,1,0,1,0,0,0,0,1,1,0,1,0,0,0,0,1
0.00334138,1,0,1,0,0,0,1,1,1,0,1,0,0,0,0,1
0.00334139,1,1,1,1,1,1,1,1,1,0,1,0,0,0,0,1
0.00334143,1,1,0,0,1,0,0,0,1,0,1,0,0,0,0,1
0.00334144,1,1,0,1,1,0,0,0,1,0,1,0,0,0,0,1
0.00334145,1,1,1,1,0,0,1,0,1,0,1,0,0,0,0,1
0.00334146,1,1,1,1,0,1,1,1,1,0,1,0,0,0,0,1
0.00334147,1,1,0,1,0,1,1,1,1,0,1,0,0,0,0,1
0.00334148,0,0,0,1,0,1,1,1,1,0,1,0,0,0,0,1
0.00334149,0,0,0,1,0,0,1,0,1,0,1,0,0,0,0,1
0.00334153,0,0,0,1,0,1,1,1,1,0,1,0,0,0,0,1
0.00334156,0,0,0,1,0,1,1,0,1,0,1,0,0,0,0,1
0.00334157,0,0,0,1,0,0,1,0,1,0,1,0,0,0,0,1
0.0033416,0,0,0,1,0,1,1,0,1,0,1,0,0,0,0,1
0.00334164,0,0,0,1,0,0,1,0,1,0,1,0,0,0,0,1
0.00334168,0,0,0,1,0,1,1,0,1,0,1,0,0,0,0,1
0.00334171,0,0,0,1,0,0,1,0,1,0,1,0,0,0,0,1
0.0033418,0,0,0,1,0,1,1,0,0,0,0,0,0,0,0,0
0.00334181,0,0,0,1,0,0,1,0,0,0,0,0,0,0,0,1
0.00334182,0,0,0,1,0,0,1,0,0,0,0,1,0,0,0,1
0.00334186,0,0,0,1,0,1,1,0,0,0,0,1,0,0,0,1
0.00334188,0,0,0,1,0,0,1,0,0,0,0,0,0,0,0,0
0.00334189,0,0,0,1,0,0,1,0,0,0,0,1,0,0,0,1
0.00334235,0,0,0,1,0,1,1,1,0,0,0,1,0,0,0,1
0.00334236,0,0,1,1,1,1,1,1,0,0,0,1,0,0,0,1
0.00334237,1,1,1,1,1,1,1,1,0,0,0,1,0,0,0,1
0.0033424,1,1,0,1,0,0,0,0,0,0,0,1,0,0,0,1
0.00334244,1,1,0,1,0,1,0,0,0,0,0,1,0,0,0,1
0.00334245,1,1,0,1,0,1,0,1,0,0,0,1,0,0,0,1
0.00334247,1,1,0,1,0,0,0,0,0,0,0,1,0,0,0,1
0.00334337,1,1,0,1,0,0,1,0,0,0,0,1,0,0,0,1
0.00334338,1,1,1,1,1,0,1,0,0,0,0,1,0,0,0,1
0.00334339,1,1,1,1,1,1,1,1,0,0,0,1,0,0,0,1
0.0033434,1,1,1,0,0,1,1,1,0,0,0,1,0,0,0,1
0.00334341,1,1,0,0,0,0,1,0,0,0,0,1,0,0,0,1
0.00334345,1,1,0,0,0,1,1,1,0,0,0,1,0,0,0,1
0.00334347,1,1,0,0,0,0,1,0,0,0,0,1,0,0,0,1
0.00334376,1,1,0,0,0,0,1,0,0,0,0,0,0,0,0,1
0.00334377,1,1,0,0,0,0,1,0,1,1,0,0,0,0,0,1
0.00334383,1,1,0,0,0,0,1,0,0,0,0,0,0,0,0,0
0.00334384,1,1,0,0,0,0,1,0,1,1,0,0,0,0,0,1
0.00334428,1,1,1,0,0,0,1,0,1,1,0,0,0,0,0,1
0.00334429,1,1,1,1,1,1,1,0,1,1,0,0,0,0,0,1
0.0033443,1,1,1,1,1,1,1,1,1,1,0,0,0,0,0,1
0.00334431,1,1,1,1,0,1,0,1,1,1,0,0,0,0,0,1
0.00334432,1,1,0,1,0,0,0,0,1,1,0,0,0,0,0,1
0.00334436,1,1,0,1,0,1,0,0,1,1,0,0,0,0,0,1
0.00334437,1,1,0,1,0,1,0,1,1,1,0,0,0,0,0,1
0.00334438,1,1,0,1,0,0,0,0,1,1,0,0,0,0,0,1
0.00334529,1,1,0,1,0,1,0,1,1,1,0,0,0,0,0,1
0.0033453,1,1,1,1,1,1,1,1,1,1,0,0,0,0,0,1
0.00334533,1,1,1,1,1,0,0,0,1,1,0,0,0,0,0,1
0.00334535,1,1,1,1,1,1,0,0,1,1,0,0,0,0,0,1
0.00334536,1,1,1,1,1,1,1,1,1,1,0,0,0,0,0,1
0.00334537,1,0,0,1,1,1,1,1,1,1,0,0,0,0,0,1
0.00334538,1,0,0,1,1,1,0,0,1,1,0,0,0,0,0,1
0.00334542,1,0,0,1,1,1,1,1,1,1,0,0,0,0,0,1
0.00334544,1,0,0,1,1,1,0,1,1,1,0,0,0,0,0,1
0.00334545,1,0,0,1,1,1,0,0,1,1,0,0,0,0,0,1
0.00334571,1,0,0,1,1,1,0,0,1,0,0,0,0,0,0,0
0.00334572,1,0,0,1,1,1,0,0,1,0,0,1,1,1,0,0
0.00334624,1,0,1,1,1,1,0,0,1,0,0,1,1,1,0,0
0.00334625,1,1,1,1,1,1,1,1,1,0,0,1,1,1,0,0
0.00334627,0,0,1,0,0,0,0,1,1,0,0,1,1,1,0,0
0.00334632,0,0,1,0,0,0,1,1,1,0,0,1,1,1,0,0
0.00334634,0,0,1,0,0,0,0,1,1,0,0,1,1,1,0,0
0.00334721,1,1,1,0,0,0,0,1,1,0,0,1,1,1,0,0
0.00334722,1,1,1,1,0,0,0,1,1,0,0,1,1,1,0,0
0.00334723,1,1,1,1,1,1,0,0,1,0,0,1,1,1,0,0
0.00334724,1,1,0,1,0,0,0,0,1,0,0,1,1,1,0,0
0.00334821,1,1,0,1,0,0,0,1,1,0,0,1,1,1,0,0
0.00334822,1,1,0,1,0,1,1,1,1,0,0,1,1,1,0,0
0.00334824,1,1,0,1,1,1,1,1,1,0,0,1,1,1,0,0
0.00334828,1,1,1,1,1,1,1,1,1,0,0,1,1,1,0,0
0.00334918,1,1,0,1,0,0,0,1,1,0,0,1,1,1,0,0
0.00334919,0,0,0,1,0,0,0,0,1,0,0,1,1,1,0,0
0.00334921,1,1,1,1,1,1,1,1,1,0,0,1,1,1,0,0
0.00334924,0,1,1,1,1,0,0,1,1,0,0,1,1,1,0,0
0.00334925,0,1,1,1,1,1,1,1,1,0,0,1,1,1,0,0
0.00334926,0,1,1,1,1,1,0,1,1,0,0,1,1,1,0,0
0.00334927,1,1,1,1,1,1,0,1,1,0,0,1,1,1,0,0
0.00334928,0,1,1,1,1,1,0,1,1,0,0,1,1,1,0,0
0.0033493,1,1,1,1,1,0,0,0,1,0,0,1,1,1,0,0
0.00334931,0,0,1,0,1,0,0,0,1,0,0,1,1,1,0,0
0.00334936,1,0,1,0,1,0,0,0,1,0,0,1,1,1,0,0
0.00334938,0,0,1,0,1,0,0,0,1,0,0,1,1,1,0,0
0.00334961,0,0,1,0,1,0,0,0,1,0,0,0,1,0,0,0
0.00334962,0,0,1,0,1,0,0,0,0,0,0,0,1,0,0,0
0.00334963,0,0,1,0,1,0,0,0,0,0,1,0,1,0,0,0
0.00335014,1,0,1,0,1,0,0,0,0,0,1,0,1,0,0,0
0.00335015,1,1,1,1,1,0,0,0,0,0,1,0,1,0,0,0
0.00335016,1,1,1,0,1,0,1,0,0,0,1,0,1,0,0,0
0.00335017,1,1,1,1,1,1,1,1,0,0,1,0,1,0,0,0
0.00335119,0,0,0,0,0,0,1,0,0,0,1,0,1,0,0,0
0.00335124,1,0,0,1,0,1,1,1,0,0,1,0,1,0,0,0
0.00335125,1,1,1,1,0,1,1,1,0,0,1,0,1,0,0,0
0.00335126,1,0,0,1,0,0,1,0,0,0,1,0,1,0,0,0
0.00335127,0,0,0,0,0,0,1,0,0,0,1,0,1,0,0,0
0.00335212,1,0,1,1,0,0,1,0,0,0,1,0,1,0,0,0
0.00335213,1,1,1,1,1,0,1,1,0,0,1,0,1,0,0,0
0.00335214,1,1,1,1,1,1,1,1,0,0,1,0,1,0,0,0
0.00335217,0,0,1,0,1,0,0,0,0,0,1,0,1,0,0,0
0.00335221,1,1,1,1,1,1,0,1,0,0,1,0,1,0,0,0
0.00335224,1,0,1,1,1,1,0,0,0,0,1,0,1,0,0,0
0.00335225,0,0,1,0,1,0,0,0,0,0,1,0,1,0,0,0
0.00335307,0,1,1,0,1,0,0,0,0,0,1,0,1,0,0,0
0.00335309,1,0,1,0,1,1,1,1,0,0,1,0,1,0,0,0
0.0033531,1,1,1,1,1,1,1,1,0,0,1,0,1,0,0,0
0.00335314,0,1,0,0,1,1,0,1,0,0,1,0,1,0,0,0
0.00335315,0,1,0,0,1,1,0,0,0,0,1,0,1,0,0,0
0.00335319,1,1,1,1,1,1,0,1,0,0,1,0,1,0,0,0
0.00335321,1,1,0,1,1,1,0,0,0,0,1,0,1,0,0,0
0.00335322,0,1,0,0,1,1,0,0,0,0,1,0,1,0,0,0
0.00335405,1,1,1,1,1,1,0,0,0,0,1,0,1,0,0,0
0.00335406,1,1,1,1,1,1,1,1,0,0,1,0,1,0,0,0
0.00335412,1,1,1,1,0,1,1,1,0,0,1,0,1,0,0,0
0.00335413,0,1,0,0,0,0,0,0,0,0,1,0,1,0,0,0
0.00335417,1,1,1,1,0,1,0,1,0,0,1,0,1,0,0,0
0.00335418,1,1,1,1,0,1,1,1,0,0,1,0,1,0,0,0
0.0033542,1,1,1,1,0,0,0,1,0,0,1,0,1,0,0,0
0.00335421,0,1,1,0,0,0,0,0,0,0,1,0,1,0,0,0
0.00335422,0,1,0,0,0,0,0,0,0,0,1,0,1,0,0,0
0.00335425,1,1,1,1,0,0,0,0,0,0,1,0,1,0,0,0
0.00335429,0,1,1,0,0,0,0,0,0,0,1,0,1,0,0,0
0.0033543,0,1,0,0,0,0,0,0,0,0,1,0,1,0,0,0
0.00335433,0,1,1,0,0,0,0,0,0,0,1,0,1,0,0,0
0.00335434,1,1,1,1,0,0,0,0,0,0,1,0,1,0,0,0
0.00335435,0,1,1,0,0,0,0,0,0,0,1,0,1,0,0,0
0.00335437,0,1,0,0,0,0,0,0,0,0,1,0,1,0,0,0
0.00335442,0,1,1,0,0,0,0,0,0,0,1,0,1,0,0,0
0.00335444,0,1,0,0,0,0,0,0,0,0,1,0,1,0,0,0
0.00335502,1,1,0,0,0,0,0,0,0,0,1,0,1,0,0,0
0.00335503,1,1,1,0,0,0,0,0,0,0,1,0,1,0,0,0
0.00335505,1,1,1,1,1,0,1,1,0,0,1,0,1,0,0,0
0.00335507,1,1,1,1,1,1,1,1,0,0,1,0,1,0,0,0
0.00335509,1,1,1,0,0,0,1,0,0,0,1,0,1,0,0,0
0.00335513,1,1,1,1,0,1,1,1,0,0,1,0,1,0,0,0
0.00335514,1,1,1,1,1,1,1,1,0,0,1,0,1,0,0,0
0.00335515,1,1,1,1,0,1,1,1,0,0,1,0,1,0,0,0
0.00335516,1,1,1,0,0,0,1,0,0,0,1,0,1,0,0,0
0.00335521,1,1,1,1,0,0,1,0,0,0,1,0,1,0,0,0
0.00335522,1,1,1,0,0,0,1,0,0,0,1,0,1,0,0,0
0.00335547,1,1,1,0,0,0,1,0,0,0,1,0,0,0,0,0
0.00335548,1,1,1,0,0,0,1,0,1,1,1,0,0,0,0,1
0.00335601,1,1,1,1,0,0,1,0,1,1,1,0,0,0,0,1
0.00335602,1,1,1,1,0,1,1,1,1,1,1,0,0,0,0,1
0.00335603,1,1,1,1,1,1,1,1,1,1,1,0,0,0,0,1
0.00335605,0,1,1,1,1,1,1,1,1,1,1,0,0,0,0,1
0.00335606,0,1,1,0,1,1,0,1,1,1,1,0,0,0,0,1
0.00335607,0,1,0,0,1,1,0,0,1,1,1,0,0,0,0,1
0.00335611,0,1,1,1,1,1,0,1,1,1,1,0,0,0,0,1
0.00335612,0,1,0,1,1,1,0,0,1,1,1,0,0,0,0,1
0.00335613,0,1,0,0,1,1,0,0,1,1,1,0,0,0,0,1
0.00335701,1,1,1,1,0,0,1,0,1,1,1,0,0,0,0,1
0.00335702,0,1,0,0,0,0,0,0,1,1,1,0,0,0,0,1
0.00335705,1,1,1,1,1,1,1,1,1,1,1,0,0,0,0,1
0.00335709,1,1,0,0,0,1,0,0,1,1,1,0,0,0,0,1
0.00335712,0,1,0,0,0,1,0,0,1,1,1,0,0,0,0,1
0.00335713,0,1,0,0,0,1,1,1,1,1,1,0,0,0,0,1
0.00335714,0,1,0,0,0,1,0,0,1,1,1,0,0,0,0,1
0.00335715,0,1,1,0,0,1,0,0,1,1,1,0,0,0,0,1
0.00335716,0,1,0,0,0,1,0,0,1,1,1,0,0,0,0,1
0.00335743,0,1,0,0,0,1,0,0,0,1,0,0,0,0,0,0
0.00335744,0,1,0,0,0,1,0,0,0,1,0,0,0,1,0,0
0.00335796,1,1,0,1,0,1,0,0,0,1,0,0,0,1,0,0
0.00335797,0,1,1,1,0,1,0,0,0,1,0,0,0,1,0,0
0.00335798,1,1,1,1,1,1,1,1,0,1,0,0,0,1,0,0
0.00335803,0,0,0,0,1,0,0,1,0,1,0,0,0,1,0,0
0.00335807,0,0,1,1,1,0,0,1,0,1,0,0,0,1,0,0
0.00335808,1,0,1,1,1,1,1,1,0,1,0,0,0,1,0,0
0.0033581,0,0,1,1,1,1,0,1,0,1,0,0,0,1,0,0
0.00335811,0,0,0,0,1,0,0,1,0,1,0,0,0,1,0,0
0.00335815,0,0,1,0,1,0,0,1,0,1,0,0,0,1,0,0
0.00335816,0,0,1,1,1,0,0,1,0,1,0,0,0,1,0,0
0.00335818,0,0,1,0,1,0,0,1,0,1,0,0,0,1,0,0
0.00335819,0,0,0,0,1,0,0,1,0,1,0,0,0,1,0,0
0.00335893,1,1,1,1,1,0,0,1,0,1,0,0,0,1,0,0
0.00335894,1,1,1,1,1,0,1,1,0,1,0,0,0,1,0,0
0.00335895,1,1,1,1,1,1,1,1,0,1,0,0,0,1,0,0
0.00335901,0,0,0,0,0,0,1,0,0,1,0,0,0,1,0,0
0.00335905,0,1,1,1,0,1,1,0,0,1,0,0,0,1,0,0
0.00335906,1,1,1,1,0,1,1,1,0,1,0,0,0,1,0,0
0.00335908,1,1,1,1,0,1,1,0,0,1,0,0,0,1,0,0
0.00335909,0,0,1,0,0,0,1,0,0,1,0,0,0,1,0,0
0.0033591,0,0,0,0,0,0,1,0,0,1,0,0,0,1,0,0
0.00335913,0,0,1,0,0,0,1,0,0,1,0,0,0,1,0,0
0.00335914,0,0,1,1,0,1,1,0,0,1,0,0,0,1,0,0
0.00335916,0,0,1,1,0,0,1,0,0,1,0,0,0,1,0,0
0.00335917,0,0,0,0,0,0,1,0,0,1,0,0,0,1,0,0
0.00335922,0,0,1,0,0,0,1,0,0,1,0,0,0,1,0,0
0.00335924,0,0,0,0,0,0,1,0,0,1,0,0,0,1,0,0
0.00335939,0,0,1,0,0,0,1,0,0,1,0,0,0,1,0,0
0.0033594,0,0,0,0,0,0,1,0,0,1,0,0,0,1,0,0
0.00335991,0,1,0,0,1,1,1,0,0,1,0,0,0,1,0,0
0.00335993,1,1,1,1,1,1,0,0,0,1,0,0,0,1,0,0
0.00335995,0,1,0,0,1,1,0,0,0,1,0,0,0,1,0,0
0.00336095,1,1,1,1,1,1,1,1,0,1,0,0,0,1,0,0
0.003361,0,0,0,1,0,0,1,1,0,1,0,0,0,1,0,0
0.00336101,0,0,0,1,0,0,1,0,0,1,0,0,0,1,0,0
0.00336104,0,0,1,1,0,0,1,1,0,1,0,0,0,1,0,0
0.00336105,1,1,1,1,0,1,1,1,0,1,0,0,0,1,0,0
0.00336107,1,0,1,1,0,1,1,1,0,1,0,0,0,1,0,0
0.00336108,0,0,1,1,0,0,1,0,0,1,0,0,0,1,0,0
0.00336109,0,0,0,1,0,0,1,0,0,1,0,0,0,1,0,0
0.00336112,0,0,1,1,0,0,1,0,0,1,0,0,0,1,0,0
0.00336113,0,0,1,1,0,0,1,1,0,1,0,0,0,1,0,0
0.00336114,0,0,1,1,0,0,1,0,0,1,0,0,0,1,0,0
0.00336117,0,0,0,1,0,0,1,0,0,1,0,0,0,1,0,0
0.0033612,0,0,1,1,0,0,1,0,0,1,0,0,0,1,0,0
0.00336125,0,0,0,1,0,0,1,0,0,1,0,0,0,1,0,0
0.00336126,0,0,1,1,0,0,1,0,0,1,0,0,0,1,0,0
0.00336127,0,0,0,1,0,0,1,0,0,1,0,0,0,1,0,0
0.0033613,0,0,1,1,0,0,1,0,0,1,0,0,0,1,0,0
0.00336132,0,0,0,1,0,0,1,0,0,1,0,0,0,1,0,0
0.00336133,0,0,1,1,0,0,1,0,0,0,0,0,0,0,0,0
0.00336134,0,0,0,1,0,0,1,0,0,0,0,1,0,0,0,1
0.00336139,0,0,1,1,0,0,1,0,0,0,0,1,0,0,0,1
0.00336141,0,0,0,1,0,0,1,0,0,0,0,1,0,0,0,0
0.00336142,0,0,0,1,0,0,1,0,0,0,0,1,0,0,0,1
0.00336188,1,0,1,1,0,1,1,0,0,0,0,1,0,0,0,1
0.00336189,1,1,1,1,1,1,1,1,0,0,0,1,0,0,0,1
0.00336193,1,1,1,0,1,1,0,1,0,0,0,1,0,0,0,1
0.00336194,0,1,0,0,0,0,0,0,0,0,0,1,0,0,0,1
0.00336197,1,1,1,0,0,1,0,1,0,0,0,1,0,0,0,1
0.00336198,1,1,1,1,1,1,0,1,0,0,0,1,0,0,0,1
0.00336199,1,1,1,1,1,1,1,1,0,0,0,1,0,0,0,1
0.00336201,1,1,1,0,0,1,0,1,0,0,0,1,0,0,0,1
0.00336202,1,1,1,0,0,1,0,0,0,0,0,1,0,0,0,1
0.00336203,0,1,0,0,0,0,0,0,0,0,0,1,0,0,0,1
0.00336205,1,1,1,0,0,1,0,1,0,0,0,1,0,0,0,1
0.00336206,1,1,1,1,0,1,0,1,0,0,0,1,0,0,0,1
0.00336208,1,1,1,0,0,1,0,1,0,0,0,1,0,0,0,1
0.0033621,0,1,1,0,0,1,0,0,0,0,0,1,0,0,0,1
0.00336212,1,1,1,0,0,1,0,0,0,0,0,1,0,0,0,1
0.00336213,1,1,1,0,0,1,0,1,0,0,0,1,0,0,0,1
0.00336218,0,1,1,0,0,1,0,0,0,0,0,1,0,0,0,1
0.00336219,1,1,1,0,0,1,0,0,0,0,0,1,0,0,0,1
0.0033622,1,1,1,0,0,1,0,1,0,0,0,1,0,0,0,1
0.00336226,1,1,1,0,0,1,0,0,0,0,0,1,0,0,0,1
0.00336227,0,1,1,0,0,1,0,0,0,0,0,1,0,0,0,1
0.00336229,1,1,1,0,0,1,0,0,0,0,0,1,0,0,0,1
0.0033623,0,1,1,0,0,1,0,0,0,0,0,1,0,0,0,1
0.00336232,1,1,1,0,0,1,0,1,0,0,0,1,0,0,0,1
0.00336234,1,1,1,0,0,1,0,0,0,0,0,1,0,0,0,1
0.00336235,0,1,1,0,0,1,0,0,0,0,0,1,0,0,0,1
0.00336267,0,1,1,0,0,0,0,0,0,0,0,1,0,0,0,1
0.00336269,0,1,1,0,0,1,0,0,0,0,0,1,0,0,0,1
0.0033627,0,1,1,0,0,0,0,0,0,0,0,1,0,0,0,1
0.00336275,0,1,1,0,0,1,0,0,0,0,0,1,0,0,0,1
0.00336276,0,1,1,0,0,0,0,0,0,0,0,1,0,0,0,1
0.00336283,0,1,1,0,0,1,0,0,0,0,0,1,0,0,0,1
0.00336284,0,1,1,0,0,0,0,0,0,0,0,1,0,0,0,1
0.00336285,0,1,0,0,0,0,0,0,0,0,0,1,0,0,0,1
0.00336286,0,1,1,0,0,0,0,0,0,0,0,1,0,0,0,1
0.00336288,0,1,0,0,0,0,0,0,0,0,0,1,0,0,0,1
0.00336289,0,1,1,0,0,0,0,0,0,0,0,1,0,0,0,1
0.0033629,1,1,0,1,1,1,0,0,0,0,0,1,0,0,0,1
0.00336292,1,1,1,1,1,1,1,1,0,0,0,1,0,0,0,1
0.00336296,0,1,0,0,0,1,0,0,0,0,0,1,0,0,0,1
0.003363,1,1,1,1,1,1,1,1,0,0,0,1,0,0,0,1
0.00336303,0,1,1,0,0,1,0,0,0,0,0,1,0,0,0,1
0.00336304,0,1,0,0,0,1,0,0,0,0,0,1,0,0,0,1
0.00336308,0,1,1,0,0,1,0,0,0,0,0,1,0,0,0,1
0.00336309,0,1,1,0,0,1,0,1,0,0,0,1,0,0,0,1
0.0033631,0,1,1,0,0,1,0,0,0,0,0,1,0,0,0,1
0.00336312,0,1,0,0,0,1,0,0,0,0,0,1,0,0,0,1
0.00336316,0,1,1,0,0,1,0,0,0,0,0,1,0,0,0,1
0.00336318,0,1,0,0,0,1,0,0,0,0,0,1,0,0,0,1
0.00336328,0,1,0,0,0,1,0,0,0,0,0,0,0,0,0,0
0.00336329,0,1,0,0,0,1,0,0,0,1,0,0,0,1,0,0
0.00336334,0,1,1,0,0,1,0,0,0,1,0,0,0,1,0,0
0.00336335,0,1,0,0,0,1,0,0,0,1,0,0,0,1,0,0
0.00336383,0,1,1,1,0,1,0,0,0,1,0,0,0,1,0,0
0.00336384,1,1,1,1,1,1,1,1,0,1,0,0,0,1,0,0
0.00336389,1,0,0,0,1,0,0,1,0,1,0,0,0,1,0,0
0.00336393,1,0,1,1,1,1,0,1,0,1,0,0,0,1,0,0
0.00336394,1,1,1,1,1,1,1,1,0,1,0,0,0,1,0,0
0.00336395,1,0,1,1,1,1,1,1,0,1,0,0,0,1,0,0
0.00336396,1,0,0,0,1,0,0,1,0,1,0,0,0,1,0,0
0.00336401,1,0,1,0,1,0,0,1,0,1,0,0,0,1,0,0
0.00336403,1,0,0,0,1,0,0,1,0,1,0,0,0,1,0,0
0.00336478,1,0,1,0,1,0,0,1,0,1,0,0,0,1,0,0
0.00336479,1,1,1,1,1,0,0,1,0,1,0,0,0,1,0,0
0.0033648,1,1,1,1,1,0,1,1,0,1,0,0,0,1,0,0
0.00336481,1,1,1,1,1,1,1,1,0,1,0,0,0,1,0,0
0.00336486,1,1,1,1,0,1,1,1,0,1,0,0,0,1,0,0
0.00336487,0,0,0,0,0,0,1,0,0,1,0,0,0,1,0,0
0.00336491,1,1,1,1,0,1,1,0,0,1,0,0,0,1,0,0
0.00336492,1,1,1,1,0,1,1,1,0,1,0,0,0,1,0,0
0.00336494,0,0,1,1,0,1,1,0,0,1,0,0,0,1,0,0
0.00336495,0,0,0,0,0,0,1,0,0,1,0,0,0,1,0,0
0.00336499,0,0,1,0,0,0,1,0,0,1,0,0,0,1,0,0
0.003365,0,0,1,1,0,1,1,0,0,1,0,0,0,1,0,0
0.00336502,0,0,1,0,0,0,1,0,0,1,0,0,0,1,0,0
0.00336503,0,0,0,0,0,0,1,0,0,1,0,0,0,1,0,0
0.00336576,0,0,1,0,0,0,1,0,0,1,0,0,0,1,0,0
0.00336577,0,1,1,0,0,0,1,0,0,1,0,0,0,1,0,0
0.00336578,1,1,1,1,1,1,0,0,0,1,0,0,0,1,0,0
0.00336579,1,1,1,1,0,0,0,0,0,1,0,0,0,1,0,0
0.0033658,0,1,0,0,0,0,0,0,0,1,0,0,0,1,0,0
0.00336584,1,1,1,1,0,0,0,0,0,1,0,0,0,1,0,0
0.00336585,0,1,0,0,0,0,0,0,0,1,0,0,0,1,0,0
0.00336681,1,1,1,1,1,1,1,1,0,1,0,0,0,1,0,0
0.00336686,0,0,1,0,1,0,0,0,0,1,0,0,0,1,0,0
0.0033669,1,0,1,1,1,1,0,0,0,1,0,0,0,1,0,0
0.00336691,1,1,1,1,1,1,0,1,0,1,0,0,0,1,0,0
0.00336693,1,0,1,1,1,1,0,0,0,1,0,0,0,1,0,0
0.00336694,1,0,1,0,1,0,0,0,0,1,0,0,0,1,0,0
0.00336695,0,0,1,0,1,0,0,0,0,1,0,0,0,1,0,0
0.00336699,1,0,1,1,1,0,0,0,0,1,0,0,0,1,0,0
0.00336701,0,0,1,0,1,0,0,0,0,1,0,0,0,1,0,0
0.00336719,0,0,1,0,1,0,0,0,0,0,0,0,0,0,0,0
0.0033672,0,0,1,0,1,0,0,0,0,0,1,0,1,0,0,0
0.00336771,1,1,1,0,1,0,0,0,0,0,1,0,1,0,0,0
0.00336772,1,1,1,1,1,0,0,0,0,0,1,0,1,0,0,0
0.00336774,1,1,1,1,1,1,1,1,0,0,1,0,1,0,0,0
0.00336876,0,0,0,1,0,1,1,1,0,0,1,0,1,0,0,0
0.00336877,0,0,0,0,0,0,1,0,0,0,1,0,1,0,0,0
0.0033688,0,1,0,1,0,1,1,0,0,0,1,0,1,0,0,0
0.00336881,1,1,1,1,0,1,1,1,0,0,1,0,1,0,0,0
0.00336885,0,0,0,0,0,0,1,0,0,0,1,0,1,0,0,0
0.00336889,1,1,1,1,0,1,1,0,0,0,1,0,1,0,0,0
0.00336891,1,0,1,1,0,1,1,0,0,0,1,0,1,0,0,0
0.00336892,1,0,0,1,0,0,1,0,0,0,1,0,1,0,0,0
0.00336893,0,0,0,1,0,0,1,0,0,0,1,0,1,0,0,0
0.00336894,0,0,0,0,0,0,1,0,0,0,1,0,1,0,0,0
0.00336896,0,0,0,1,0,0,1,0,0,0,1,0,1,0,0,0
0.00336897,1,0,0,1,0,0,1,0,0,0,1,0,1,0,0,0
0.00336901,0,0,0,1,0,0,1,0,0,0,1,0,1,0,0,0
0.00336907,1,0,0,1,0,0,1,0,0,0,1,0,1,0,0,0
0.00336909,0,0,0,1,0,0,1,0,0,0,1,0,1,0,0,0
0.0033691,0,0,0,0,0,0,1,0,0,0,1,0,1,0,0,0
0.00336911,0,0,0,1,0,0,1,0,0,0,1,0,1,0,0,0
0.00336913,1,0,0,1,0,0,1,0,0,0,1,0,1,0,0,0
0.00336915,0,0,0,1,0,0,1,0,0,0,1,0,1,0,0,0
0.00336919,1,0,0,1,0,0,1,0,0,0,1,0,1,0,0,0
0.00336921,0,0,0,1,0,0,1,0,0,0,1,0,1,0,0,0
0.00336924,0,0,0,0,0,0,1,0,0,0,1,0,1,0,0,0
0.00336925,0,0,0,1,0,0,1,0,0,0,1,0,1,0,0,0
0.00336926,1,0,0,1,0,0,1,0,0,0,1,0,1,0,0,0
0.00336927,0,0,0,1,0,0,1,0,0,0,1,0,1,0,0,0
0.00336928,0,0,0,0,0,0,1,0,0,0,1,0,1,0,0,0
0.0033693,0,0,0,1,0,0,1,0,0,0,1,0,1,0,0,0
0.00336931,0,0,0,0,0,0,1,0,0,0,1,0,1,0,0,0
0.00336935,0,0,0,1,0,0,1,0,0,0,1,0,1,0,0,0
0.00336936,0,0,0,0,0,0,1,0,0,0,1,0,1,0,0,0
0.00336947,1,0,0,0,0,0,1,0,0,0,1,0,1,0,0,0
0.00336948,0,0,0,0,0,0,1,0,0,0,1,0,1,0,0,0
0.00336967,1,1,1,1,0,0,1,0,0,0,1,0,1,0,0,0
0.00336968,1,1,1,1,1,0,1,0,0,0,1,0,1,0,0,0
0.00336969,1,1,1,1,1,1,1,1,0,0,1,0,1,0,0,0
0.00336975,0,1,0,1,1,1,0,0,0,0,1,0,1,0,0,0
0.00336979,1,1,1,1,1,1,0,1,0,0,1,0,1,0,0,0
0.00336982,0,1,0,1,1,1,0,0,0,0,1,0,1,0,0,0
0.00336986,0,1,1,1,1,1,0,0,0,0,1,0,1,0,0,0
0.00336987,1,1,1,1,1,1,0,0,0,0,1,0,1,0,0,0
0.00336988,0,1,0,1,1,1,0,0,0,0,1,0,1,0,0,0
0.00337012,0,1,0,1,1,1,0,0,0,1,0,0,1,0,0,0
0.00337013,0,1,0,1,1,1,0,0,0,1,0,1,1,1,0,0
0.00337067,1,1,1,1,1,1,1,1,0,1,0,1,1,1,0,0
0.00337071,1,0,1,0,1,0,1,1,0,1,0,1,1,1,0,0
0.00337072,0,0,0,0,1,0,0,1,0,1,0,1,1,1,0,0
0.00337075,0,0,1,0,1,0,0,1,0,1,0,1,1,1,0,0
0.00337076,1,1,1,1,1,1,0,1,0,1,0,1,1,1,0,0
0.00337079,1,0,1,0,1,0,0,1,0,1,0,1,1,1,0,0
0.0033708,0,0,0,0,1,0,0,1,0,1,0,1,1,1,0,0
0.00337083,0,0,1,0,1,0,0,1,0,1,0,1,1,1,0,0
0.00337084,1,0,1,0,1,0,0,1,0,1,0,1,1,1,0,0
0.00337086,0,0,1,0,1,0,0,1,0,1,0,1,1,1,0,0
0.00337088,0,0,0,0,1,0,0,1,0,1,0,1,1,1,0,0
0.00337092,0,0,1,0,1,0,0,1,0,1,0,1,1,1,0,0
0.00337095,0,0,0,0,1,0,0,1,0,1,0,1,1,1,0,0
0.0033711,0,0,1,0,1,0,0,1,0,1,0,1,1,1,0,0
0.00337111,0,0,0,0,1,0,0,1,0,1,0,1,1,1,0,0
0.00337163,1,1,1,1,1,0,0,1,0,1,0,1,1,1,0,0
0.00337164,1,1,1,1,1,1,1,1,0,1,0,1,1,1,0,0
0.0033717,0,0,0,0,0,0,1,0,0,1,0,1,1,1,0,0
0.00337174,1,1,1,1,0,1,1,0,0,1,0,1,1,1,0,0
0.00337175,1,1,1,1,0,1,1,1,0,1,0,1,1,1,0,0
0.00337177,1,1,1,1,0,1,1,0,0,1,0,1,1,1,0,0
0.00337178,1,0,1,1,0,0,1,0,0,1,0,1,1,1,0,0
0.00337179,0,0,0,0,0,0,1,0,0,1,0,1,1,1,0,0
0.00337182,1,0,1,1,0,1,1,0,0,1,0,1,1,1,0,0
0.00337183,1,1,1,1,0,1,1,0,0,1,0,1,1,1,0,0
0.00337185,1,0,1,1,0,1,1,0,0,1,0,1,1,1,0,0
0.00337186,0,0,1,1,0,0,1,0,0,1,0,1,1,1,0,0
0.00337187,0,0,1,0,0,0,1,0,0,1,0,1,1,1,0,0
0.00337188,0,0,0,0,0,0,1,0,0,1,0,1,1,1,0,0
0.00337189,0,0,1,0,0,0,1,0,0,1,0,1,1,1,0,0
0.0033719,0,0,1,1,0,0,1,0,0,1,0,1,1,1,0,0
0.00337191,1,0,1,1,0,0,1,0,0,1,0,1,1,1,0,0
0.00337192,0,0,1,1,0,0,1,0,0,1,0,1,1,1,0,0
0.00337195,0,0,1,0,0,0,1,0,0,1,0,1,1,1,0,0
0.00337197,0,0,1,1,0,0,1,0,0,1,0,1,1,1,0,0
0.00337202,0,0,1,0,0,0,1,0,0,1,0,1,1,1,0,0
0.00337207,0,0,1,1,0,0,1,0,0,1,0,1,1,1,0,0
0.00337209,0,0,0,0,0,0,1,0,0,1,0,1,1,1,0,0
0.00337211,0,0,1,0,0,0,1,0,0,1,0,1,1,1,0,0
0.00337215,0,0,0,0,0,0,1,0,0,1,0,1,1,1,0,0
0.00337216,0,0,1,0,0,0,1,0,0,1,0,1,1,1,0,0
0.00337218,0,0,0,0,0,0,1,0,0,1,0,1,1,1,0,0
0.0033726,1,0,1,0,0,0,1,0,0,1,0,1,1,1,0,0
0.00337261,1,1,1,1,0,0,1,0,0,1,0,1,1,1,0,0
0.00337262,1,1,1,1,0,1,1,0,0,1,0,1,1,1,0,0
0.00337263,1,1,1,1,1,1,1,1,0,1,0,1,1,1,0,0
0.00337267,0,1,0,0,1,1,0,1,0,1,0,1,1,1,0,0
0.00337269,0,1,0,0,1,1,0,0,0,1,0,1,1,1,0,0
0.00337271,0,1,1,1,1,1,0,0,0,1,0,1,1,1,0,0
0.00337272,1,1,1,1,1,1,0,0,0,1,0,1,1,1,0,0
0.00337276,0,1,0,0,1,1,0,0,0,1,0,1,1,1,0,0
0.00337279,1,1,1,1,1,1,0,0,0,1,0,1,1,1,0,0
0.00337284,0,1,1,0,1,1,0,0,0,1,0,1,1,1,0,0
0.00337286,0,1,1,1,1,1,0,0,0,1,0,1,1,1,0,0
0.00337287,1,1,1,1,1,1,0,0,0,1,0,1,1,1,0,0
0.00337298,0,1,1,1,1,1,0,0,0,1,0,1,1,1,0,0
0.00337299,0,1,1,0,1,1,0,0,0,1,0,1,1,1,0,0
0.00337304,1,1,1,0,1,1,0,0,0,1,0,1,1,1,0,0
0.00337305,0,1,1,0,1,1,0,0,0,1,0,1,1,1,0,0
0.00337311,1,1,1,0,1,1,0,0,0,1,0,1,1,1,0,0
0.00337312,0,1,1,0,1,1,0,0,0,1,0,1,1,1,0,0
0.00337317,0,1,0,0,1,1,0,0,0,1,0,1,1,1,0,0
0.0033732,0,1,1,0,1,1,0,0,0,1,0,1,1,1,0,0
0.00337321,0,1,0,0,1,1,0,0,0,1,0,1,1,1,0,0
0.00337327,0,1,1,0,1,1,0,0,0,1,0,1,1,1,0,0
0.00337328,0,1,0,0,1,1,0,0,0,1,0,1,1,1,0,0
0.00337357,0,1,1,1,1,1,0,0,0,1,0,1,1,1,0,0
0.00337358,1,1,1,1,1,1,0,0,0,1,0,1,1,1,0,0
0.0033736,0,1,1,0,1,1,0,0,0,1,0,1,1,1,0,0
0.00337361,0,1,0,0,1,1,0,0,0,1,0,1,1,1,0,0
0.00337364,1,1,0,0,1,1,0,0,0,1,0,1,1,1,0,0
0.00337365,1,1,0,0,1,1,0,1,0,1,0,1,1,1,0,0
0.00337366,1,1,1,1,1,1,1,1,0,1,0,1,1,1,0,0
0.00337367,1,0,1,1,1,0,0,1,0,1,0,1,1,1,0,0
0.00337368,1,0,0,0,1,0,0,1,0,1,0,1,1,1,0,0
0.00337371,1,0,1,1,1,0,0,1,0,1,0,1,1,1,0,0
0.00337372,1,0,1,1,1,1,0,1,0,1,0,1,1,1,0,0
0.00337373,1,0,1,1,1,0,0,1,0,1,0,1,1,1,0,0
0.00337374,1,0,1,0,1,0,0,1,0,1,0,1,1,1,0,0
0.00337375,1,0,0,0,1,0,0,1,0,1,0,1,1,1,0,0
0.0033738,1,0,1,0,1,0,0,1,0,1,0,1,1,1,0,0
0.00337381,1,0,0,0,1,0,0,1,0,1,0,1,1,1,0,0
0.00337455,1,0,0,1,1,0,0,1,0,1,0,1,1,1,0,0
0.00337456,1,1,0,0,1,0,0,1,0,1,0,1,1,1,0,0
0.00337457,1,1,1,0,1,0,0,1,0,1,0,1,1,1,0,0
0.00337458,1,1,1,1,1,1,1,1,0,1,0,1,1,1,0,0
0.00337463,0,0,0,0,0,0,1,0,0,1,0,1,1,1,0,0
0.00337467,0,1,1,1,0,1,1,0,0,1,0,1,1,1,0,0
0.00337468,1,1,1,1,0,1,1,1,0,1,0,1,1,1,0,0
0.00337471,1,0,1,1,0,1,1,0,0,1,0,1,1,1,0,0
0.00337472,0,0,0,0,0,0,1,0,0,1,0,1,1,1,0,0
0.00337475,0,0,1,1,0,0,1,0,0,1,0,1,1,1,0,0
0.00337476,0,0,1,1,0,1,1,0,0,1,0,1,1,1,0,0
0.00337477,1,0,1,1,0,1,1,0,0,1,0,1,1,1,0,0
0.00337478,0,0,1,1,0,0,1,0,0,1,0,1,1,1,0,0
0.00337481,0,0,0,0,0,0,1,0,0,1,0,1,1,1,0,0
0.00337482,0,0,1,0,0,0,1,0,0,1,0,1,1,1,0,0
0.00337483,0,0,1,1,0,0,1,0,0,1,0,1,1,1,0,0
0.00337495,0,0,1,0,0,0,1,0,0,1,0,1,1,1,0,0
0.00337497,0,0,1,1,0,0,1,0,0,1,0,1,1,1,0,0
0.00337499,0,0,0,0,0,0,1,0,0,1,0,1,1,1,0,0
0.003375,0,0,1,1,0,0,1,0,0,1,0,1,1,1,0,0
0.00337502,0,0,0,0,0,0,1,0,0,1,0,1,1,1,0,0
0.00337504,0,0,1,0,0,0,1,0,0,1,0,1,1,1,0,0
0.00337507,0,0,0,0,0,0,1,0,0,1,0,1,1,1,0,0
0.00337509,0,0,1,0,0,0,1,0,0,1,0,1,1,1,0,0
0.00337511,0,0,0,0,0,0,1,0,0,1,0,1,1,1,0,0
0.00337517,0,0,1,0,0,0,1,0,0,1,0,1,1,1,0,0
0.00337518,0,0,0,0,0,0,1,0,0,1,0,1,1,1,0,0
0.00337553,0,0,0,1,0,0,1,0,0,1,0,1,1,1,0,0
0.00337554,1,1,0,1,1,0,1,1,0,1,0,1,1,1,0,0
0.00337555,1,1,1,1,1,1,1,1,0,1,0,1,1,1,0,0
0.00337556,1,0,1,1,1,1,1,1,0,1,0,1,1,1,0,0
0.00337557,1,1,1,1,1,1,1,1,0,1,0,1,1,1,0,0
0.00337558,0,1,1,1,1,1,1,1,0,1,0,1,1,1,0,0
0.00337559,1,1,1,1,1,1,0,1,0,1,0,1,1,1,0,0
0.0033756,1,1,1,0,0,0,0,0,0,1,0,1,1,1,0,0
0.00337561,0,1,0,0,0,0,0,0,0,1,0,1,1,1,0,0
0.00337564,0,1,1,0,0,0,0,0,0,1,0,1,1,1,0,0
0.00337565,1,1,1,1,0,1,0,1,0,1,0,1,1,1,0,0
0.00337568,0,1,0,0,0,0,0,0,0,1,0,1,1,1,0,0
0.00337573,0,1,1,0,0,0,0,0,0,1,0,1,1,1,0,0
0.00337575,0,1,0,0,0,0,0,0,0,1,0,1,1,1,0,0
0.00337652,1,1,1,1,0,1,0,1,0,1,0,1,1,1,0,0
0.00337653,1,1,1,1,1,1,0,1,0,1,0,1,1,1,0,0
0.00337654,1,1,1,1,1,1,1,1,0,1,0,1,1,1,0,0
0.00337655,1,1,1,1,1,1,0,1,0,1,0,1,1,1,0,0
0.00337656,1,1,1,0,0,0,0,0,0,1,0,1,1,1,0,0
0.00337657,0,1,0,0,0,0,0,0,0,1,0,1,1,1,0,0
0.00337661,0,1,1,0,0,0,0,0,0,1,0,1,1,1,0,0
0.00337663,0,1,0,0,0,0,0,0,0,1,0,1,1,1,0,0
0.00337751,0,1,0,0,1,1,0,0,0,1,0,1,1,1,0,0
0.00337755,1,1,1,1,1,1,0,0,0,1,0,1,1,1,0,0
0.00337756,0,1,0,0,1,1,0,0,0,1,0,1,1,1,0,0
0.00337848,1,1,1,1,1,1,0,1,0,1,0,1,1,1,0,0
0.00337852,1,1,1,1,1,1,1,1,0,1,0,1,1,1,0,0
0.00337947,1,0,1,0,1,0,0,1,0,1,0,1,1,1,0,0
0.00337948,0,0,1,0,1,0,0,0,0,1,0,1,1,1,0,0
0.00337952,0,0,1,1,1,1,0,1,0,1,0,1,1,1,0,0
0.00337953,1,1,1,1,1,1,0,1,0,1,0,1,1,1,0,0
0.00337954,0,0,1,1,1,1,0,1,0,1,0,1,1,1,0,0
0.00337955,0,0,1,0,1,0,0,0,0,1,0,1,1,1,0,0
0.00337988,0,0,1,0,1,0,0,0,0,0,0,0,1,0,0,0
0.0033799,0,0,1,0,1,0,0,0,0,0,1,0,1,0,0,0
0.00338041,1,0,1,0,1,0,0,0,0,0,1,0,1,0,0,0
0.00338042,0,0,1,0,1,0,0,0,0,0,1,0,1,0,0,0
0.00338043,1,1,1,1,1,1,1,1,0,0,1,0,1,0,0,0
0.00338146,0,0,0,0,0,0,1,0,0,0,1,0,1,0,0,0
0.0033815,0,1,0,0,0,1,1,1,0,0,1,0,1,0,0,0
0.00338151,1,1,1,1,0,1,1,1,0,0,1,0,1,0,0,0
0.00338154,0,0,0,1,0,1,1,0,0,0,1,0,1,0,0,0
0.00338155,0,0,0,0,0,0,1,0,0,0,1,0,1,0,0,0
0.00338159,0,0,0,1,0,1,1,0,0,0,1,0,1,0,0,0
0.00338162,0,0,0,0,0,0,1,0,0,0,1,0,1,0,0,0
0.00338168,0,0,0,1,0,0,1,0,0,0,1,0,1,0,0,0
0.00338169,0,0,0,0,0,0,1,0,0,0,1,0,1,0,0,0
0.00338236,1,0,1,1,0,0,1,0,0,0,1,0,1,0,0,0
0.00338237,1,1,1,1,0,0,1,0,0,0,1,0,1,0,0,0
0.00338239,1,1,1,1,1,1,1,1,0,0,1,0,1,0,0,0
0.00338243,1,1,1,1,1,1,0,1,0,0,1,0,1,0,0,0
0.00338244,0,1,0,0,1,0,0,0,0,0,1,0,1,0,0,0
0.00338247,1,1,1,1,1,1,0,0,0,0,1,0,1,0,0,0
0.00338248,1,1,1,1,1,1,0,1,0,0,1,0,1,0,0,0
0.00338251,1,1,1,1,1,1,0,0,0,0,1,0,1,0,0,0
0.00338252,0,1,0,0,1,0,0,0,0,0,1,0,1,0,0,0
0.00338255,1,1,1,1,1,0,0,0,0,0,1,0,1,0,0,0
0.00338256,1,1,1,1,1,1,0,1,0,0,1,0,1,0,0,0
0.00338258,1,1,1,1,1,1,0,0,0,0,1,0,1,0,0,0
0.00338259,1,1,1,1,1,0,0,0,0,0,1,0,1,0,0,0
0.0033826,0,1,1,0,1,0,0,0,0,0,1,0,1,0,0,0
0.00338261,0,1,0,0,1,0,0,0,0,0,1,0,1,0,0,0
0.00338263,1,1,1,1,1,0,0,0,0,0,1,0,1,0,0,0
0.00338267,0,1,1,1,1,0,0,0,0,0,1,0,1,0,0,0
0.00338268,0,1,1,0,1,0,0,0,0,0,1,0,1,0,0,0
0.00338269,0,1,1,1,1,0,0,0,0,0,1,0,1,0,0,0
0.00338275,0,1,1,0,1,0,0,0,0,0,1,0,1,0,0,0
0.00338276,0,1,0,0,1,0,0,0,0,0,1,0,1,0,0,0
0.00338279,0,1,1,0,1,0,0,0,0,0,1,0,1,0,0,0
0.0033828,0,1,0,0,1,0,0,0,0,0,1,0,1,0,0,0
0.00338281,1,1,1,1,1,0,0,0,0,0,0,0,1,0,0,0
0.00338282,0,1,1,0,1,0,0,0,0,1,0,0,1,0,0,0
0.00338283,0,1,0,0,1,0,0,0,0,1,0,0,1,0,0,0
0.00338286,0,1,1,0,1,0,0,0,0,1,0,0,1,0,0,0
0.00338287,1,1,1,1,1,0,0,0,0,1,0,0,1,0,0,0
0.00338288,1,1,1,1,1,0,0,0,0,0,0,0,0,0,0,0
0.00338289,0,1,0,0,1,0,0,0,0,1,0,0,1,0,0,0
0.00338294,0,1,1,1,1,0,0,0,0,1,0,0,1,0,0,0
0.00338296,0,1,0,0,1,0,0,0,0,1,0,0,1,0,0,0
0.00338334,1,1,1,1,1,0,0,0,0,1,0,0,1,0,0,0
0.00338335,1,1,1,1,1,1,0,1,0,1,0,0,1,0,0,0
0.00338336,1,1,1,1,1,1,1,1,0,1,0,0,1,0,0,0
0.00338342,1,0,0,0,0,0,0,0,0,1,0,0,1,0,0,0
0.00338345,1,0,1,1,0,0,0,0,0,1,0,0,1,0,0,0
0.00338346,1,1,1,1,0,1,1,1,0,1,0,0,1,0,0,0
0.00338349,1,1,1,1,0,1,0,1,0,1,0,0,1,0,0,0
0.0033835,1,0,1,1,0,1,0,1,0,1,0,0,1,0,0,0
0.00338351,1,0,0,0,0,0,0,0,0,1,0,0,1,0,0,0
0.00338353,1,0,1,1,0,0,0,0,0,1,0,0,1,0,0,0
0.00338354,1,1,1,1,0,1,0,1,0,1,0,0,1,0,0,0
0.00338357,1,0,1,1,0,1,0,1,0,1,0,0,1,0,0,0
0.00338359,1,0,1,1,0,1,0,0,0,1,0,0,1,0,0,0
0.00338363,1,0,1,1,0,1,0,1,0,1,0,0,1,0,0,0
0.00338365,1,0,1,1,0,1,0,0,0,1,0,0,1,0,0,0
0.00338378,1,0,1,1,0,0,0,0,0,1,0,0,1,0,0,0
0.00338379,1,0,1,1,0,1,0,0,0,1,0,0,1,0,0,0
0.00338392,1,0,1,1,0,0,0,0,0,1,0,0,1,0,0,0
0.00338415,1,0,1,0,0,0,0,0,0,1,0,0,1,0,0,0
0.00338418,1,0,1,1,0,0,0,0,0,1,0,0,1,0,0,0
0.00338419,1,0,1,0,0,0,0,0,0,1,0,0,1,0,0,0
0.00338423,1,0,1,1,0,0,0,0,0,1,0,0,1,0,0,0
0.00338424,1,0,0,0,0,0,0,0,0,1,0,0,1,0,0,0
0.00338425,1,0,1,1,0,0,0,0,0,1,0,0,1,0,0,0
0.00338426,1,0,1,0,0,0,0,0,0,1,0,0,1,0,0,0
0.00338427,1,0,1,1,0,0,0,0,0,1,0,0,1,0,0,0
0.00338428,1,0,1,0,0,0,0,0,0,1,0,0,1,0,0,0
0.00338431,1,0,0,0,0,0,0,0,0,1,0,0,1,0,0,0
0.00338432,1,0,1,1,0,0,0,0,0,1,0,0,1,0,0,0
0.00338433,1,0,1,0,1,0,0,0,0,1,0,0,1,0,0,0
0.00338434,1,1,1,1,1,1,1,1,0,1,0,0,1,0,0,0
0.00338438,1,0,0,1,1,1,0,1,0,1,0,0,1,0,0,0
0.00338439,1,0,0,0,1,0,0,0,0,1,0,0,1,0,0,0
0.00338442,1,1,1,1,1,1,0,1,0,1,0,0,1,0,0,0
0.00338443,1,1,1,1,1,1,1,1,0,1,0,0,1,0,0,0
0.00338445,1,1,1,1,1,1,0,1,0,1,0,0,1,0,0,0
0.00338446,1,0,1,1,1,1,0,0,0,1,0,0,1,0,0,0
0.00338447,1,0,0,0,1,0,0,0,0,1,0,0,1,0,0,0
0.0033845,1,1,1,1,1,1,0,0,0,1,0,0,1,0,0,0
0.00338451,1,1,1,1,1,1,0,1,0,1,0,0,1,0,0,0
0.00338453,1,0,1,1,1,1,0,0,0,1,0,0,1,0,0,0
0.00338454,1,0,1,1,1,0,0,0,0,1,0,0,1,0,0,0
0.00338456,1,0,0,0,1,0,0,0,0,1,0,0,1,0,0,0
0.00338457,1,0,1,1,1,0,0,0,0,1,0,0,1,0,0,0
0.00338458,1,0,1,1,1,1,0,0,0,1,0,0,1,0,0,0
0.00338461,1,0,1,1,1,0,0,0,0,1,0,0,1,0,0,0
0.00338471,1,0,1,0,1,0,0,0,0,1,0,0,1,0,0,0
0.00338472,1,0,1,1,1,0,0,0,0,1,0,0,1,0,0,0
0.00338476,1,0,1,1,1,0,0,0,0,0,0,0,1,0,0,0
0.00338477,1,0,1,1,1,0,0,0,1,0,0,0,1,0,0,0
0.00338478,1,0,0,0,1,0,0,0,1,0,0,0,1,0,0,0
0.00338481,1,0,1,1,1,0,0,0,1,0,0,0,1,0,0,0
0.00338482,1,0,1,1,1,1,0,0,1,0,0,0,1,0,0,0
0.00338483,1,0,1,1,1,0,0,0,1,0,0,0,1,0,0,0
0.00338484,1,0,1,0,1,0,0,0,0,0,0,0,0,0,0,0
0.00338485,1,0,0,0,1,0,0,0,1,0,0,0,1,0,0,0
0.00338489,1,0,1,1,1,0,0,0,1,0,0,0,1,0,0,0
0.00338492,1,0,0,0,1,0,0,0,1,0,0,0,1,0,0,0
0.00338529,1,1,1,1,1,0,0,0,1,0,0,0,1,0,0,0
0.00338531,1,1,1,1,1,1,1,1,1,0,0,0,1,0,0,0
0.00338537,0,1,0,0,0,0,0,0,1,0,0,0,1,0,0,0
0.00338541,0,1,1,1,0,1,0,1,1,0,0,0,1,0,0,0
0.00338542,1,1,1,1,0,1,0,1,1,0,0,0,1,0,0,0
0.00338543,1,1,1,1,0,1,1,1,1,0,0,0,1,0,0,0
0.00338544,1,1,1,1,0,1,0,1,1,0,0,0,1,0,0,0
0.00338545,0,1,1,1,0,1,0,1,1,0,0,0,1,0,0,0
0.00338546,0,1,1,0,0,0,0,0,1,0,0,0,1,0,0,0
0.00338547,0,1,0,0,0,0,0,0,1,0,0,0,1,0,0,0
0.00338549,0,1,1,1,0,1,0,0,1,0,0,0,1,0,0,0
0.0033855,0,1,1,1,0,1,0,1,1,0,0,0,1,0,0,0
0.00338552,0,1,1,1,0,1,0,0,1,0,0,0,1,0,0,0
0.00338554,0,1,1,1,0,0,0,0,1,0,0,0,1,0,0,0
0.00338557,0,1,1,1,0,1,0,0,1,0,0,0,1,0,0,0
0.00338561,0,1,1,1,0,0,0,0,1,0,0,0,1,0,0,0
0.00338576,0,1,1,1,0,1,0,0,1,0,0,0,1,0,0,0
0.00338577,0,1,1,1,0,0,0,0,1,0,0,0,1,0,0,0
0.00338578,0,1,1,0,0,0,0,0,1,0,0,0,1,0,0,0
0.00338579,0,1,1,1,0,0,0,0,1,0,0,0,1,0,0,0
0.00338588,0,1,1,0,0,0,0,0,1,0,0,0,1,0,0,0
0.00338589,0,1,1,1,0,0,0,0,1,0,0,0,1,0,0,0
0.00338592,0,1,1,0,0,0,0,0,1,0,0,0,1,0,0,0
0.00338619,0,1,0,0,0,0,0,0,1,0,0,0,1,0,0,0
0.00338621,0,1,1,0,0,0,0,0,1,0,0,0,1,0,0,0
0.00338623,0,1,0,0,0,0,0,0,1,0,0,0,1,0,0,0
0.00338625,0,1,1,0,0,0,0,0,1,0,0,0,1,0,0,0
0.00338626,0,1,0,0,0,0,0,0,1,0,0,0,1,0,0,0
0.00338627,1,1,1,1,0,0,0,0,1,0,0,0,1,0,0,0
0.00338629,1,1,1,1,1,1,1,1,1,0,0,0,1,0,0,0
0.00338634,0,1,1,1,0,1,0,1,1,0,0,0,1,0,0,0
0.00338635,0,1,0,0,0,0,0,1,1,0,0,0,1,0,0,0
0.00338638,1,1,1,1,0,1,0,1,1,0,0,0,1,0,0,0
0.00338639,1,1,1,1,1,1,0,1,1,0,0,0,1,0,0,0
0.0033864,1,1,1,1,1,1,1,1,1,0,0,0,1,0,0,0
0.00338641,1,1,1,1,0,1,0,1,1,0,0,0,1,0,0,0
0.00338643,0,1,0,0,0,0,0,1,1,0,0,0,1,0,0,0
0.00338645,0,1,1,0,0,0,0,1,1,0,0,0,1,0,0,0
0.00338646,1,1,1,1,0,1,0,1,1,0,0,0,1,0,0,0
0.0033865,0,1,1,1,0,0,0,1,1,0,0,0,1,0,0,0
0.00338654,1,1,1,1,0,0,0,1,1,0,0,0,1,0,0,0
0.00338655,1,1,1,1,0,1,0,1,1,0,0,0,1,0,0,0
0.00338656,1,1,1,1,0,0,0,1,1,0,0,0,1,0,0,0
0.00338658,0,1,1,1,0,0,0,1,1,0,0,0,1,0,0,0
0.00338671,0,1,1,1,0,0,0,1,1,0,0,0,0,0,0,0
0.00338672,0,1,1,1,0,0,0,1,0,1,0,0,0,0,1,0
0.00338674,0,1,1,0,0,0,0,1,0,1,0,0,0,0,1,0
0.00338676,0,1,1,1,0,0,0,1,0,1,0,0,0,0,1,0
0.00338677,1,1,1,1,0,0,0,1,0,1,0,0,0,0,1,0
0.00338678,0,1,1,1,0,0,0,1,0,1,0,0,0,0,1,0
0.0033868,0,1,1,0,0,0,0,1,0,1,0,0,0,0,1,0
0.00338681,0,1,1,1,0,0,0,1,0,1,0,0,0,0,1,0
0.00338683,0,1,1,0,0,0,0,1,0,1,0,0,0,0,1,0
0.00338684,0,1,1,1,0,0,0,1,0,1,0,0,0,0,1,0
0.00338687,0,1,1,0,0,0,0,1,0,1,0,0,0,0,1,0
0.00338689,0,1,1,1,0,0,0,1,0,1,0,0,0,0,1,0
0.00338691,0,1,1,0,0,0,0,1,0,1,0,0,0,0,1,0
0.00338693,0,1,1,1,0,0,0,1,0,1,0,0,0,0,1,0
0.00338695,0,1,1,0,0,0,0,1,0,1,0,0,0,0,1,0
0.0033872,0,1,0,0,0,0,0,1,0,1,0,0,0,0,1,0
0.00338721,0,1,1,0,0,0,0,1,0,1,0,0,0,0,1,0
0.00338723,1,1,1,0,0,0,0,1,0,1,0,0,0,0,1,0
0.00338724,1,1,1,1,0,1,0,1,0,1,0,0,0,0,1,0
0.00338725,1,0,1,1,1,0,0,0,0,1,0,0,0,0,1,0
0.00338726,0,0,0,0,0,0,0,0,0,1,0,0,0,0,1,0
0.00338727,1,0,0,0,0,1,1,1,0,1,0,0,0,0,1,0
0.00338728,1,0,1,1,0,0,0,0,0,1,0,0,0,0,1,0
0.00338729,1,0,1,1,1,1,0,0,0,1,0,0,0,0,1,0
0.0033873,1,0,1,1,0,1,0,0,0,1,0,0,0,0,1,0
0.00338731,1,0,0,0,0,0,0,0,0,1,0,0,0,0,1,0
0.00338734,1,0,1,1,0,1,0,0,0,1,0,0,0,0,1,0
0.00338735,1,0,1,1,0,0,0,0,0,1,0,0,0,0,1,0
0.00338737,1,0,1,0,0,0,0,0,0,1,0,0,0,0,1,0
0.00338739,1,0,0,0,0,0,0,0,0,1,0,0,0,0,1,0
0.00338742,1,0,1,0,0,0,0,0,0,1,0,0,0,0,1,0
0.00338743,1,0,1,1,0,0,0,0,0,1,0,0,0,0,1,0
0.00338745,1,0,1,0,0,0,0,0,0,1,0,0,0,0,1,0
0.00338746,1,0,0,0,0,0,0,0,0,1,0,0,0,0,1,0
0.0033875,1,0,1,0,0,0,0,0,0,1,0,0,0,0,1,0
0.00338751,1,0,0,0,0,0,0,0,0,1,0,0,0,0,1,0
0.00338769,1,1,1,1,0,0,0,0,0,1,0,0,0,0,1,0
0.00338771,1,1,1,1,0,1,0,0,0,1,0,0,0,0,1,0
0.00338772,1,1,1,1,1,1,1,1,0,1,0,0,0,0,1,0
0.00338773,1,1,1,1,0,0,0,0,0,1,0,0,0,0,1,0
0.00338815,1,1,1,1,0,1,0,0,0,1,0,0,0,0,1,0
0.00338816,1,1,1,1,0,1,1,1,0,1,0,0,0,0,1,0
0.00338817,0,1,1,1,0,0,0,0,0,1,0,0,0,0,1,0
0.00338821,0,1,1,1,0,1,0,0,0,1,0,0,0,0,1,0
0.00338822,0,1,1,1,0,0,0,0,0,1,0,0,0,0,1,0
0.00338825,0,1,1,1,1,1,0,0,0,1,0,0,0,0,1,0
0.00338826,1,1,1,1,1,1,0,1,0,1,0,0,0,0,1,0
0.00338827,1,1,1,1,1,1,1,1,0,1,0,0,0,0,1,0
0.00338829,0,0,1,0,1,0,0,0,0,1,0,0,0,0,1,0
0.00338833,0,0,1,0,1,1,0,0,0,1,0,0,0,0,1,0
0.00338834,1,0,1,1,1,1,0,1,0,1,0,0,0,0,1,0
0.00338835,0,0,1,1,1,1,0,0,0,1,0,0,0,0,1,0
0.00338836,0,0,1,0,1,0,0,0,0,1,0,0,0,0,1,0
0.00338867,0,0,1,0,1,0,0,0,0,0,0,0,0,0,0,0
0.00338868,0,0,1,0,1,0,0,0,0,0,1,0,1,0,0,0
0.00338876,0,1,1,1,1,0,0,0,0,0,1,0,1,0,0,0
0.00338877,0,1,1,1,1,0,0,0,0,1,1,1,1,0,0,0
0.00338878,1,1,1,1,1,1,1,1,0,1,1,1,1,0,0,0
0.00338879,0,0,1,0,1,1,1,1,0,0,1,0,1,0,0,0
0.0033888,0,0,1,0,1,0,0,0,0,0,1,0,1,0,0,0
0.00338884,0,0,1,0,1,1,0,0,0,0,1,0,1,0,0,0
0.00338886,0,0,1,0,1,0,0,0,0,0,1,0,1,0,0,0
0.00338922,1,0,1,1,1,1,1,1,0,0,1,0,1,0,0,0
0.00338923,1,1,1,1,1,1,1,1,0,0,1,0,1,0,0,0
0.00338926,0,0,0,0,1,0,0,1,0,0,1,0,1,0,0,0
0.0033893,0,0,0,0,1,1,0,1,0,0,1,0,1,0,0,0
0.00338931,1,0,1,1,1,1,0,1,0,0,1,0,1,0,0,0
0.00338933,1,0,0,1,1,1,0,1,0,0,1,0,1,0,0,0
0.00338934,0,0,0,0,1,0,0,1,0,0,1,0,1,0,0,0
0.00339018,1,1,1,1,1,0,0,1,0,0,1,0,1,0,0,0
0.00339021,1,1,1,1,1,1,1,1,0,0,1,0,1,0,0,0
0.00339025,0,1,0,0,0,0,0,0,0,0,1,0,1,0,0,0
0.00339029,1,1,1,1,0,1,0,0,0,0,1,0,1,0,0,0
0.0033903,1,1,1,1,0,1,0,1,0,0,1,0,1,0,0,0
0.00339031,1,1,1,1,0,1,1,1,0,0,1,0,1,0,0,0
0.00339032,1,1,1,1,0,1,0,0,0,0,1,0,1,0,0,0
0.00339033,1,1,1,1,0,0,0,0,0,0,1,0,1,0,0,0
0.00339034,0,1,0,0,0,0,0,0,0,0,1,0,1,0,0,0
0.00339037,0,1,1,0,0,0,0,0,0,0,1,0,1,0,0,0
0.00339038,1,1,1,1,0,1,0,0,0,0,1,0,1,0,0,0
0.00339039,0,1,1,1,0,1,0,0,0,0,1,0,1,0,0,0
0.0033904,0,1,1,0,0,0,0,0,0,0,1,0,1,0,0,0
0.00339042,0,1,0,0,0,0,0,0,0,0,1,0,1,0,0,0
0.00339046,0,1,1,0,0,0,0,0,0,0,1,0,1,0,0,0
0.00339049,0,1,0,0,0,0,0,0,0,0,1,0,1,0,0,0
0.00339115,1,1,1,1,0,0,0,0,0,0,1,0,1,0,0,0
0.00339117,1,1,1,1,0,1,0,0,0,0,1,0,1,0,0,0
0.00339118,1,1,1,1,1,1,1,1,0,0,1,0,1,0,0,0
0.00339122,1,1,1,0,0,0,1,0,0,0,1,0,1,0,0,0
0.00339126,1,1,1,1,0,1,1,1,0,0,1,0,1,0,0,0
0.00339127,1,1,1,1,1,1,1,1,0,0,1,0,1,0,0,0
0.00339128,1,1,1,1,0,1,1,0,0,0,1,0,1,0,0,0
0.00339129,1,1,1,0,0,0,1,0,0,0,1,0,1,0,0,0
0.00339134,1,1,1,1,0,0,1,0,0,0,1,0,1,0,0,0
0.00339135,1,1,1,0,0,0,1,0,0,0,1,0,1,0,0,0
0.0033916,1,1,1,0,0,0,1,0,0,1,1,0,0,0,0,1
0.00339161,1,1,1,0,0,0,1,0,1,1,1,0,0,0,0,1
0.00339214,1,1,1,1,0,1,1,1,1,1,1,0,0,0,0,1
0.00339215,1,1,1,1,1,1,1,1,1,1,1,0,0,0,0,1
0.00339217,1,1,1,1,0,0,1,0,1,1,1,0,0,0,0,1
0.00339218,1,1,1,1,1,1,1,1,1,1,1,0,0,0,0,1
0.0033922,0,0,0,1,1,1,0,1,1,1,1,0,0,0,0,1
0.00339221,0,0,0,0,1,0,0,1,1,1,1,0,0,0,0,1
0.00339224,0,0,0,0,1,1,0,1,1,1,1,0,0,0,0,1
0.00339225,0,0,1,1,1,1,0,1,1,1,1,0,0,0,0,1
0.00339226,0,0,1,1,1,1,1,1,1,1,1,0,0,0,0,1
0.00339227,0,0,0,0,1,1,0,1,1,1,1,0,0,0,0,1
0.00339228,0,0,0,0,1,0,0,1,1,1,1,0,0,0,0,1
0.00339312,0,1,0,0,1,0,0,1,1,1,1,0,0,0,0,1
0.00339313,1,1,1,1,1,0,0,1,1,1,1,0,0,0,0,1
0.00339314,1,1,1,1,0,0,0,0,1,1,1,0,0,0,0,1
0.00339315,0,1,0,0,0,0,0,0,1,1,1,0,0,0,0,1
0.00339317,0,1,1,1,1,1,1,1,1,1,1,0,0,0,0,1
0.00339318,1,1,1,1,1,1,1,1,1,1,1,0,0,0,0,1
0.00339321,0,1,0,0,0,1,1,0,1,1,1,0,0,0,0,1
0.00339322,0,1,0,0,0,1,0,0,1,1,1,0,0,0,0,1
0.00339326,1,1,1,1,0,1,1,1,1,1,1,0,0,0,0,1
0.00339329,0,1,0,0,0,1,0,0,1,1,1,0,0,0,0,1
0.00339355,0,1,0,0,0,1,0,0,0,1,0,0,0,0,0,0
0.00339356,0,1,0,0,0,1,0,0,0,1,0,0,0,1,0,0
0.0033941,1,1,1,1,1,1,0,0,0,1,0,0,0,1,0,0
0.00339411,1,1,1,1,1,1,0,1,0,1,0,0,0,1,0,0
0.00339412,1,1,1,1,1,1,1,1,0,1,0,0,0,1,0,0
0.00339414,1,0,1,1,1,1,1,1,0,1,0,0,0,1,0,0
0.00339415,0,0,0,0,1,0,0,1,0,1,0,0,0,1,0,0
0.00339419,0,0,1,1,1,0,1,1,0,1,0,0,0,1,0,0
0.0033942,1,0,1,1,1,0,1,1,0,1,0,0,0,1,0,0
0.00339421,0,0,1,1,1,0,1,1,0,1,0,0,0,1,0,0
0.00339422,0,0,0,0,1,0,0,1,0,1,0,0,0,1,0,0
0.00339506,1,1,1,1,1,0,0,1,0,1,0,0,0,1,0,0
0.00339508,1,1,1,1,1,1,1,1,0,1,0,0,0,1,0,0
0.00339514,1,0,0,0,0,0,1,0,0,1,0,0,0,1,0,0
0.00339515,0,0,0,0,0,0,1,0,0,1,0,0,0,1,0,0
0.00339519,1,0,1,1,0,1,1,0,0,1,0,0,0,1,0,0
0.0033952,1,0,1,1,0,1,1,1,0,1,0,0,0,1,0,0
0.00339521,1,0,0,0,0,0,1,0,0,1,0,0,0,1,0,0
0.00339522,0,0,0,0,0,0,1,0,0,1,0,0,0,1,0,0
0.00339604,1,0,0,0,1,1,1,1,0,1,0,0,0,1,0,0
0.00339605,1,1,1,1,1,1,0,1,0,1,0,0,0,1,0,0
0.00339606,1,0,1,1,1,0,0,1,0,1,0,0,0,1,0,0
0.00339607,0,0,0,0,1,0,0,1,0,1,0,0,0,1,0,0
0.00339707,1,1,1,1,1,0,0,1,0,1,0,0,0,1,0,0
0.00339708,1,1,1,1,1,1,1,1,0,1,0,0,0,1,0,0
0.00339713,0,0,0,1,0,0,1,0,0,1,0,0,0,1,0,0
0.00339717,1,0,1,1,0,1,1,0,0,1,0,0,0,1,0,0
0.00339718,1,1,1,1,0,1,1,1,0,1,0,0,0,1,0,0
0.00339719,1,0,1,1,0,1,1,1,0,1,0,0,0,1,0,0
0.0033972,0,0,0,1,0,0,1,0,0,1,0,0,0,1,0,0
0.00339745,0,0,0,1,0,0,1,0,0,0,0,0,0,0,0,0
0.00339747,0,0,0,1,0,0,1,0,0,0,0,1,0,0,0,1
0.00339798,1,1,1,1,0,0,1,0,0,0,0,1,0,0,0,1
0.003398,1,1,1,1,1,1,1,1,0,0,0,1,0,0,0,1
0.00339801,1,0,1,1,1,1,1,1,0,0,0,1,0,0,0,1
0.00339802,1,1,1,1,1,1,1,1,0,0,0,1,0,0,0,1
0.00339806,0,1,0,0,0,0,0,0,0,0,0,1,0,0,0,1
0.0033981,1,1,1,1,0,1,0,1,0,0,0,1,0,0,0,1
0.00339811,1,1,1,1,1,1,1,1,0,0,0,1,0,0,0,1
0.00339813,1,1,1,1,1,1,0,1,0,0,0,1,0,0,0,1
0.00339814,1,1,1,0,0,1,0,1,0,0,0,1,0,0,0,1
0.00339815,0,1,0,0,0,0,0,0,0,0,0,1,0,0,0,1
0.00339818,1,1,1,0,0,1,0,1,0,0,0,1,0,0,0,1
0.00339822,0,1,1,0,0,1,0,0,0,0,0,1,0,0,0,1
0.00339823,0,1,1,0,0,0,0,0,0,0,0,1,0,0,0,1
0.00339825,0,1,1,0,0,1,0,0,0,0,0,1,0,0,0,1
0.00339827,0,1,1,0,0,1,0,1,0,0,0,1,0,0,0,1
0.00339829,0,1,1,0,0,1,0,0,0,0,0,1,0,0,0,1
0.00339839,0,1,1,0,0,0,0,0,0,0,0,1,0,0,0,1
0.0033984,0,1,1,0,0,1,0,0,0,0,0,1,0,0,0,1
0.00339842,0,1,1,0,0,0,0,0,0,0,0,1,0,0,0,1
0.00339843,0,1,1,0,0,1,0,0,0,0,0,1,0,0,0,1
0.00339847,0,1,1,0,0,0,0,0,0,0,0,1,0,0,0,1
0.0033985,0,1,1,0,0,1,0,0,0,0,0,1,0,0,0,1
0.00339851,0,1,1,0,0,0,0,0,0,0,0,1,0,0,0,1
0.00339858,0,1,0,0,0,0,0,0,0,0,0,1,0,0,0,1
0.00339859,0,1,1,0,0,0,0,0,0,0,0,1,0,0,0,1
0.00339862,0,1,0,0,0,0,0,0,0,0,0,1,0,0,0,1
0.00339902,0,1,0,0,0,1,0,0,0,0,0,1,0,0,0,1
0.00339903,1,1,1,1,1,1,1,1,0,0,0,1,0,0,0,1
0.00339908,0,1,0,0,0,1,1,0,0,0,0,1,0,0,0,1
0.0033991,0,1,0,0,0,1,0,0,0,0,0,1,0,0,0,1
0.00339912,0,1,1,0,0,1,0,0,0,0,0,1,0,0,0,1
0.00339913,1,1,1,1,0,1,0,0,0,0,0,1,0,0,0,1
0.00339914,1,1,1,1,0,1,0,1,0,0,0,1,0,0,0,1
0.00339916,1,1,1,1,0,1,0,0,0,0,0,1,0,0,0,1
0.00339917,0,1,0,0,0,1,0,0,0,0,0,1,0,0,0,1
0.00339921,0,1,1,0,0,1,0,0,0,0,0,1,0,0,0,1
0.00339922,1,1,1,0,0,1,0,0,0,0,0,1,0,0,0,1
0.00339924,0,1,1,0,0,1,0,0,0,0,0,1,0,0,0,1
0.00339925,0,1,0,0,0,1,0,0,0,0,0,1,0,0,0,1
0.00339929,0,1,1,0,0,1,0,0,0,0,0,1,0,0,0,1
0.00339932,0,1,0,0,0,1,0,0,0,0,0,1,0,0,0,1
0.00339941,0,1,1,0,0,1,0,0,0,0,0,0,0,1,0,0
0.00339942,0,1,0,0,0,1,0,0,0,1,0,0,0,1,0,0
0.00339946,0,1,1,0,0,1,0,0,0,1,0,0,0,1,0,0
0.00339948,0,1,0,0,0,1,0,0,0,0,0,0,0,0,0,0
0.00339949,0,1,0,0,0,1,0,0,0,1,0,0,0,1,0,0
0.00339994,1,1,0,0,0,1,0,0,0,1,0,0,0,1,0,0
0.00339995,0,1,1,1,0,1,0,0,0,1,0,0,0,1,0,0
0.00339996,1,1,1,1,1,1,0,1,0,1,0,0,0,1,0,0
0.00339997,1,1,1,1,1,1,1,1,0,1,0,0,0,1,0,0
0.0034,1,1,1,1,1,0,1,1,0,1,0,0,0,1,0,0
0.00340001,1,0,0,0,1,0,0,1,0,1,0,0,0,1,0,0
0.00340005,1,0,1,1,1,0,0,1,0,1,0,0,0,1,0,0
0.00340008,1,0,0,0,1,0,0,1,0,1,0,0,0,1,0,0
0.00340092,1,1,1,1,1,0,0,1,0,1,0,0,0,1,0,0
0.00340093,1,1,1,1,1,1,1,1,0,1,0,0,0,1,0,0
0.00340099,0,0,0,0,0,0,1,0,0,1,0,0,0,1,0,0
0.00340103,1,1,1,1,0,1,1,0,0,1,0,0,0,1,0,0
0.00340107,0,0,1,1,0,0,1,0,0,1,0,0,0,1,0,0
0.00340108,0,0,0,0,0,0,1,0,0,1,0,0,0,1,0,0
0.00340111,0,0,1,1,0,0,1,0,0,1,0,0,0,1,0,0
0.00340115,0,0,1,0,0,0,1,0,0,1,0,0,0,1,0,0
0.00340116,0,0,0,0,0,0,1,0,0,1,0,0,0,1,0,0
0.00340119,0,0,1,0,0,0,1,0,0,1,0,0,0,1,0,0
0.00340124,0,0,0,0,0,0,1,0,0,1,0,0,0,1,0,0
0.00340126,0,0,1,0,0,0,1,0,0,1,0,0,0,1,0,0
0.0034013,0,0,0,0,0,0,1,0,0,1,0,0,0,1,0,0
0.00340134,0,0,1,0,0,0,1,0,0,1,0,0,0,1,0,0
0.00340135,0,0,0,0,0,0,1,0,0,1,0,0,0,1,0,0
0.00340136,0,0,1,0,0,0,1,0,0,1,0,0,0,1,0,0
0.00340138,0,0,0,0,0,0,1,0,0,1,0,0,0,1,0,0
0.00340189,1,1,1,0,0,0,1,0,0,1,0,0,0,1,0,0
0.0034019,1,1,1,1,0,1,1,0,0,1,0,0,0,1,0,0
0.00340191,1,1,1,1,1,1,0,1,0,1,0,0,0,1,0,0
0.00340192,0,1,0,0,0,0,0,0,0,1,0,0,0,1,0,0
0.00340196,1,1,1,1,0,0,0,0,0,1,0,0,0,1,0,0
0.00340197,1,1,1,1,0,1,0,0,0,1,0,0,0,1,0,0
0.00340198,1,1,1,0,0,0,0,0,0,1,0,0,0,1,0,0
0.00340199,0,1,1,0,0,0,0,0,0,1,0,0,0,1,0,0
0.003402,0,1,0,0,0,0,0,0,0,1,0,0,0,1,0,0
0.00340293,1,1,1,1,1,1,0,1,0,1,0,0,0,1,0,0
0.00340294,1,1,1,1,1,1,1,1,0,1,0,0,0,1,0,0
0.00340298,1,1,1,1,1,1,0,1,0,1,0,0,0,1,0,0
0.00340299,0,0,1,0,1,0,0,0,0,1,0,0,0,1,0,0
0.00340303,1,1,1,1,1,1,0,1,0,1,0,0,0,1,0,0
0.00340306,1,0,1,1,1,0,0,0,0,1,0,0,0,1,0,0
0.00340307,0,0,1,0,1,0,0,0,0,1,0,0,0,1,0,0
0.00340311,1,0,1,1,1,0,0,0,0,1,0,0,0,1,0,0
0.00340314,0,0,1,0,1,0,0,0,0,1,0,0,0,1,0,0
0.00340331,0,0,1,0,1,0,0,0,0,0,0,0,0,0,0,0
0.00340333,0,0,1,0,1,0,0,0,0,0,1,0,1,0,0,0
0.00340339,0,0,1,0,1,0,0,0,0,0,0,0,1,0,0,0
0.0034034,0,0,1,0,1,0,0,0,0,0,1,0,1,0,0,0
0.00340384,1,1,1,1,1,0,0,0,0,0,1,0,1,0,0,0
0.00340386,1,1,1,1,1,1,1,1,0,0,1,0,1,0,0,0
0.00340489,0,0,0,0,0,0,1,0,0,0,1,0,1,0,0,0
0.00340493,1,1,1,1,0,1,1,1,0,0,1,0,1,0,0,0
0.00340497,1,0,0,1,0,1,1,1,0,0,1,0,1,0,0,0
0.00340498,0,0,0,0,0,0,1,0,0,0,1,0,1,0,0,0
0.00340501,1,0,0,1,0,1,1,1,0,0,1,0,1,0,0,0
0.00340502,1,1,0,1,0,1,1,1,0,0,1,0,1,0,0,0
0.00340503,1,0,0,1,0,1,1,1,0,0,1,0,1,0,0,0
0.00340504,1,0,0,1,0,1,1,0,0,0,1,0,1,0,0,0
0.00340505,0,0,0,1,0,0,1,0,0,0,1,0,1,0,0,0
0.00340506,0,0,0,0,0,0,1,0,0,0,1,0,1,0,0,0
0.00340508,0,0,0,1,0,0,1,0,0,0,1,0,1,0,0,0
0.0034051,0,0,0,1,0,1,1,0,0,0,1,0,1,0,0,0
0.00340511,1,0,0,1,0,1,1,0,0,0,1,0,1,0,0,0
0.00340512,0,0,0,1,0,0,1,0,0,0,1,0,1,0,0,0
0.00340526,1,0,0,1,0,0,1,0,0,0,1,0,1,0,0,0
0.00340527,0,0,0,1,0,0,1,0,0,0,1,0,1,0,0,0
0.00340545,0,0,0,0,0,0,1,0,0,0,1,0,1,0,0,0
0.00340547,0,0,0,1,0,0,1,0,0,0,1,0,1,0,0,0
0.0034055,0,0,0,0,0,0,1,0,0,0,1,0,1,0,0,0
0.00340571,0,0,0,1,0,0,1,0,0,0,1,0,1,0,0,0
0.00340572,0,0,0,0,0,0,1,0,0,0,1,0,1,0,0,0
0.00340579,1,1,1,1,0,0,1,0,0,0,1,0,1,0,0,0
0.0034058,1,1,1,1,1,1,1,1,0,0,1,0,1,0,0,0
0.00340586,1,1,1,1,1,1,0,1,0,0,1,0,1,0,0,0
0.00340587,1,1,0,1,1,1,0,0,0,0,1,0,1,0,0,0
0.00340591,1,1,1,1,1,1,0,1,0,0,1,0,1,0,0,0
0.00340593,1,1,1,1,1,1,0,0,0,0,1,0,1,0,0,0
0.00340594,1,1,0,1,1,1,0,0,0,0,1,0,1,0,0,0
0.00340624,1,1,0,1,1,1,0,0,0,0,0,0,1,0,0,0
0.00340625,1,1,0,1,1,1,0,0,1,1,0,1,1,1,0,0
0.00340679,1,1,1,1,1,1,0,1,1,1,0,1,1,1,0,0
0.0034068,1,1,1,1,1,1,1,1,1,1,0,1,1,1,0,0
0.00340685,0,0,0,0,1,0,0,1,1,1,0,1,1,1,0,0
0.00340688,0,0,1,0,1,0,0,1,1,1,0,1,1,1,0,0
0.00340689,1,1,1,1,1,1,0,1,1,1,0,1,1,1,0,0
0.00340692,1,0,1,1,1,1,0,1,1,1,0,1,1,1,0,0
0.00340693,0,0,1,1,1,0,0,1,1,1,0,1,1,1,0,0
0.00340694,0,0,0,0,1,0,0,1,1,1,0,1,1,1,0,0
0.00340696,0,0,1,1,1,0,0,1,1,1,0,1,1,1,0,0
0.00340697,1,0,1,1,1,1,0,1,1,1,0,1,1,1,0,0
0.00340699,0,0,1,1,1,1,0,1,1,1,0,1,1,1,0,0
0.00340701,0,0,1,1,1,0,0,1,1,1,0,1,1,1,0,0
0.00340702,0,0,0,0,1,0,0,1,1,1,0,1,1,1,0,0
0.00340703,0,0,1,1,1,0,0,1,1,1,0,1,1,1,0,0
0.00340706,0,0,1,1,1,1,0,1,1,1,0,1,1,1,0,0
0.00340708,0,0,1,1,1,0,0,1,1,1,0,1,1,1,0,0
0.00340717,0,0,0,1,1,0,0,1,1,1,0,1,1,1,0,0
0.00340718,0,0,1,1,1,0,0,1,1,1,0,1,1,1,0,0
0.00340721,0,0,0,0,1,0,0,1,1,1,0,1,1,1,0,0
0.00340722,0,0,0,1,1,0,0,1,1,1,0,1,1,1,0,0
0.00340723,0,0,1,1,1,1,0,1,1,1,0,1,1,1,0,0
0.00340724,0,0,1,1,1,0,0,1,1,1,0,1,1,1,0,0
0.00340725,0,0,0,1,1,0,0,1,1,1,0,1,1,1,0,0
0.00340727,0,0,1,1,1,0,0,1,1,1,0,1,1,1,0,0
0.00340729,0,0,0,1,1,0,0,1,1,1,0,1,1,1,0,0
0.00340733,0,0,1,1,1,0,0,1,1,1,0,1,1,1,0,0
0.00340734,0,0,0,1,1,0,0,1,1,1,0,1,1,1,0,0
0.00340748,0,0,0,0,1,0,0,1,1,1,0,1,1,1,0,0
0.0034075,0,0,0,1,1,0,0,1,1,1,0,1,1,1,0,0
0.00340753,0,0,0,0,1,0,0,1,1,1,0,1,1,1,0,0
0.0034076,0,0,0,1,1,0,0,1,1,1,0,1,1,1,0,0
0.00340761,0,0,0,0,1,0,0,1,1,1,0,1,1,1,0,0
0.00340766,0,0,0,1,1,0,0,1,1,1,0,1,1,1,0,0
0.00340767,0,0,0,0,1,0,0,1,1,1,0,1,1,1,0,0
0.00340772,0,0,0,1,1,0,0,1,1,1,0,1,1,1,0,0
0.00340773,0,0,0,0,1,0,0,1,1,1,0,1,1,1,0,0
0.00340774,1,0,0,0,1,0,0,1,1,1,0,1,1,1,0,0
0.00340775,1,1,1,1,1,0,0,1,1,1,0,1,1,1,0,0
0.00340777,1,1,1,1,1,1,1,1,1,1,0,1,1,1,0,0
0.00340782,1,1,1,1,0,1,1,1,1,1,0,1,1,1,0,0
0.00340783,0,0,0,0,0,0,1,0,1,1,0,1,1,1,0,0
0.00340786,0,0,1,1,0,1,1,0,1,1,0,1,1,1,0,0
0.00340787,1,1,1,1,0,1,1,0,1,1,0,1,1,1,0,0
0.00340788,1,1,1,1,0,1,1,1,1,1,0,1,1,1,0,0
0.00340789,1,1,1,1,0,1,1,0,1,1,0,1,1,1,0,0
0.00340791,0,0,1,1,0,0,1,0,1,1,0,1,1,1,0,0
0.00340792,0,0,0,0,0,0,1,0,1,1,0,1,1,1,0,0
0.00340794,0,0,0,1,0,0,1,0,1,1,0,1,1,1,0,0
0.00340795,1,1,1,1,0,1,1,0,1,1,0,1,1,1,0,0
0.00340798,1,0,1,1,0,1,1,0,1,1,0,1,1,1,0,0
0.00340799,1,0,1,1,0,0,1,0,1,1,0,1,1,1,0,0
0.003408,0,0,0,1,0,0,1,0,1,1,0,1,1,1,0,0
0.00340802,0,0,1,1,0,0,1,0,1,1,0,1,1,1,0,0
0.00340803,0,0,1,1,0,1,1,0,1,1,0,1,1,1,0,0
0.00340804,1,0,1,1,0,1,1,0,1,1,0,1,1,1,0,0
0.00340807,0,0,1,1,0,0,1,0,1,1,0,1,1,1,0,0
0.0034082,1,0,1,1,0,0,1,0,1,1,0,1,1,1,0,0
0.00340821,0,0,1,1,0,0,1,0,1,1,0,1,1,1,0,0
0.00340823,0,0,0,1,0,0,1,0,1,1,0,1,1,1,0,0
0.00340824,0,0,1,1,0,0,1,0,1,1,0,1,1,1,0,0
0.00340827,0,0,0,1,0,0,1,0,1,1,0,1,1,1,0,0
0.00340829,0,0,1,1,0,0,1,0,1,1,0,1,1,1,0,0
0.0034083,0,0,0,0,0,0,1,0,1,1,0,1,1,1,0,0
0.00340831,0,0,0,1,0,0,1,0,1,1,0,1,1,1,0,0
0.00340832,0,0,1,1,0,0,1,0,1,1,0,1,1,1,0,0
0.00340833,0,0,0,1,0,0,1,0,1,1,0,1,1,1,0,0
0.00340835,0,0,0,0,0,0,1,0,1,1,0,1,1,1,0,0
0.00340872,1,0,0,0,0,0,1,0,1,1,0,1,1,1,0,0
0.00340874,0,0,1,1,0,1,1,0,1,1,0,1,1,1,0,0
0.00340875,1,1,1,1,1,1,1,0,1,1,0,1,1,1,0,0
0.00340876,1,1,1,1,1,1,1,1,1,1,0,1,1,1,0,0
0.00340879,0,0,0,0,1,0,0,1,1,1,0,1,1,1,0,0
0.00340883,1,1,1,1,1,1,0,1,1,1,0,1,1,1,0,0
0.00340888,0,0,0,0,1,0,0,1,1,1,0,1,1,1,0,0
0.00340891,1,1,1,1,1,1,0,1,1,1,0,1,1,1,0,0
0.00340895,0,0,1,1,1,1,0,1,1,1,0,1,1,1,0,0
0.00340896,0,0,1,0,1,0,0,1,1,1,0,1,1,1,0,0
0.00340898,0,0,1,1,1,1,0,1,1,1,0,1,1,1,0,0
0.00340899,1,0,1,1,1,1,0,1,1,1,0,1,1,1,0,0
0.00340902,0,0,1,1,1,1,0,1,1,1,0,1,1,1,0,0
0.00340905,0,0,1,1,1,0,0,1,1,1,0,1,1,1,0,0
0.00340906,0,0,1,1,1,1,0,1,1,1,0,1,1,1,0,0
0.00340911,0,0,1,0,1,0,0,1,1,1,0,1,1,1,0,0
0.00340914,0,0,1,1,1,0,0,1,1,1,0,1,1,1,0,0
0.00340915,0,0,1,1,1,1,0,1,1,1,0,1,1,1,0,0
0.00340917,0,0,1,1,1,0,0,1,1,1,0,1,1,1,0,0
0.00340919,0,0,1,0,1,0,0,1,1,1,0,1,1,1,0,0
0.00340923,0,0,1,1,1,0,0,1,1,1,0,1,1,1,0,0
0.00340924,0,0,1,0,1,0,0,1,1,1,0,1,1,1,0,0
0.00340929,0,0,0,0,1,0,0,1,1,1,0,1,1,1,0,0
0.00340935,0,0,1,0,1,0,0,1,1,1,0,1,1,1,0,0
0.00340936,0,0,0,0,1,0,0,1,1,1,0,1,1,1,0,0
0.00340969,0,0,1,1,1,0,0,1,1,1,0,1,1,1,0,0
0.0034097,1,1,1,1,1,1,0,1,1,1,0,1,1,1,0,0
0.00340973,0,0,0,0,1,0,0,1,1,1,0,1,1,1,0,0
0.00340976,1,0,0,0,1,0,0,1,1,1,0,1,1,1,0,0
0.00340978,1,0,1,1,1,0,0,1,1,1,0,1,1,1,0,0
0.00340979,1,1,1,1,1,1,0,1,1,1,0,1,1,1,0,0
0.00340981,1,0,0,0,1,0,0,1,1,1,0,1,1,1,0,0
0.0034107,1,1,1,1,1,1,0,1,1,1,0,1,1,1,0,0
0.00341071,1,1,1,1,1,1,1,1,1,1,0,1,1,1,0,0
0.00341075,0,0,0,0,0,0,1,0,1,1,0,1,1,1,0,0
0.00341079,1,1,1,1,0,1,1,0,1,1,0,1,1,1,0,0
0.00341081,1,1,1,1,0,1,1,1,1,1,0,1,1,1,0,0
0.00341083,1,1,1,1,0,1,1,0,1,1,0,1,1,1,0,0
0.00341084,0,0,1,1,0,1,1,0,1,1,0,1,1,1,0,0
0.00341085,0,0,0,0,0,0,1,0,1,1,0,1,1,1,0,0
0.00341086,0,0,1,0,0,0,1,0,1,1,0,1,1,1,0,0
0.00341087,0,1,1,1,0,1,1,0,1,1,0,1,1,1,0,0
0.00341088,1,1,1,1,0,1,1,0,1,1,0,1,1,1,0,0
0.00341092,0,0,1,1,0,1,1,0,1,1,0,1,1,1,0,0
0.00341096,0,1,1,1,0,1,1,0,1,1,0,1,1,1,0,0
0.00341098,0,0,1,1,0,1,1,0,1,1,0,1,1,1,0,0
0.00341113,1,0,1,1,0,1,1,0,1,1,0,1,1,1,0,0
0.00341114,0,0,1,1,0,1,1,0,1,1,0,1,1,1,0,0
0.00341136,0,0,1,1,0,0,1,0,1,1,0,1,1,1,0,0
0.00341143,0,0,1,0,0,0,1,0,1,1,0,1,1,1,0,0
0.00341144,0,0,1,1,0,0,1,0,1,1,0,1,1,1,0,0
0.00341147,0,0,1,0,0,0,1,0,1,1,0,1,1,1,0,0
0.00341149,0,0,1,1,0,0,1,0,1,1,0,1,1,1,0,0
0.0034115,0,0,1,0,0,0,1,0,1,1,0,1,1,1,0,0
0.00341152,0,0,1,1,0,0,1,0,1,1,0,1,1,1,0,0
0.00341153,0,0,1,0,0,0,1,0,1,1,0,1,1,1,0,0
0.00341157,0,0,1,1,0,0,1,0,1,1,0,1,1,1,0,0
0.00341158,0,0,1,0,0,0,1,0,1,1,0,1,1,1,0,0
0.00341162,0,0,0,0,0,0,1,0,1,1,0,1,1,1,0,0
0.00341163,0,0,1,0,0,0,1,0,1,1,0,1,1,1,0,0
0.00341164,0,0,0,0,0,0,1,0,1,1,0,1,1,1,0,0
0.00341165,1,1,1,1,0,0,1,0,1,1,0,1,1,1,0,0
0.00341166,1,1,1,1,1,0,1,0,1,1,0,1,1,1,0,0
0.00341167,1,1,1,1,1,1,1,1,1,1,0,1,1,1,0,0
0.00341172,1,1,1,1,1,1,0,1,1,1,0,1,1,1,0,0
0.00341173,0,1,0,0,0,0,0,0,1,1,0,1,1,1,0,0
0.00341176,0,1,1,1,0,1,0,0,1,1,0,1,1,1,0,0
0.00341177,1,1,1,1,0,1,0,1,1,1,0,1,1,1,0,0
0.00341178,1,1,1,1,1,1,0,1,1,1,0,1,1,1,0,0
0.0034118,1,1,1,1,0,1,0,1,1,1,0,1,1,1,0,0
0.00341181,0,1,1,1,0,1,0,0,1,1,0,1,1,1,0,0
0.00341182,0,1,0,0,0,0,0,0,1,1,0,1,1,1,0,0
0.00341184,0,1,1,1,0,1,0,0,1,1,0,1,1,1,0,0
0.00341185,1,1,1,1,0,1,0,1,1,1,0,1,1,1,0,0
0.00341188,0,1,1,1,0,1,0,0,1,1,0,1,1,1,0,0
0.00341194,1,1,1,1,0,1,0,0,1,1,0,1,1,1,0,0
0.00341195,0,1,1,1,0,1,0,0,1,1,0,1,1,1,0,0
0.00341219,0,1,1,1,0,0,0,0,1,1,0,1,1,1,0,0
0.00341221,0,1,1,1,0,1,0,0,1,1,0,1,1,1,0,0
0.00341223,0,1,1,1,0,0,0,0,1,1,0,1,1,1,0,0
0.00341234,0,1,1,0,0,0,0,0,1,1,0,1,1,1,0,0
0.00341235,0,1,1,1,0,0,0,0,1,1,0,1,1,1,0,0
0.00341236,0,1,1,0,0,0,0,0,1,1,0,1,1,1,0,0
0.00341237,0,1,0,0,0,0,0,0,1,1,0,1,1,1,0,0
0.00341238,0,1,1,0,0,0,0,0,1,1,0,1,1,1,0,0
0.00341239,0,1,1,1,0,0,0,0,1,1,0,1,1,1,0,0
0.0034124,0,1,1,0,0,0,0,0,1,1,0,1,1,1,0,0
0.00341241,0,1,0,0,0,0,0,0,1,1,0,1,1,1,0,0
0.00341254,0,1,1,0,0,0,0,0,1,1,0,1,1,1,0,0
0.00341255,0,1,0,0,0,0,0,0,1,1,0,1,1,1,0,0
0.00341263,0,1,1,1,0,1,0,0,1,1,0,1,1,1,0,0
0.00341264,1,1,1,1,1,1,0,1,1,1,0,1,1,1,0,0
0.00341265,1,1,1,1,1,1,1,1,1,1,0,1,1,1,0,0
0.00341269,0,1,0,0,0,0,0,0,1,1,0,1,1,1,0,0
0.00341273,1,1,1,1,0,1,0,0,1,1,0,1,1,1,0,0
0.00341274,1,1,1,1,0,1,0,1,1,1,0,1,1,1,0,0
0.00341276,0,1,1,1,0,1,0,0,1,1,0,1,1,1,0,0
0.00341277,0,1,0,0,0,0,0,0,1,1,0,1,1,1,0,0
0.00341364,0,1,0,1,1,0,0,1,1,1,0,1,1,1,0,0
0.00341365,0,0,0,0,1,1,0,1,1,1,0,1,1,1,0,0
0.00341366,0,0,0,0,1,0,0,1,1,1,0,1,1,1,0,0
0.0034146,1,0,1,1,1,1,0,1,1,1,0,1,1,1,0,0
0.00341461,1,1,1,1,1,1,1,1,1,1,0,1,1,1,0,0
0.0034156,0,0,0,0,1,0,0,0,1,1,0,1,1,1,0,0
0.00341561,0,1,0,0,1,0,0,0,1,1,0,1,1,1,0,0
0.00341564,0,1,1,1,1,1,0,1,1,1,0,1,1,1,0,0
0.00341565,1,1,1,1,1,1,1,1,1,1,0,1,1,1,0,0
0.00341566,0,1,1,1,1,1,0,1,1,1,0,1,1,1,0,0
0.00341567,0,1,0,0,1,1,0,1,1,1,0,1,1,1,0,0
0.00341568,0,1,0,0,1,0,0,0,1,1,0,1,1,1,0,0
0.00341572,0,1,0,0,1,0,0,1,1,1,0,1,1,1,0,0
0.00341575,0,1,0,0,1,0,0,0,1,1,0,1,1,1,0,0
0.00341601,0,1,0,0,1,0,0,1,0,1,0,0,1,0,0,0
0.00341602,0,1,0,0,1,0,0,0,0,1,0,0,1,0,0,0
0.00341657,0,1,0,0,1,0,0,1,0,1,0,0,1,0,0,0
0.00341658,1,1,1,0,0,0,0,1,0,1,0,0,1,0,0,0
0.00341659,0,1,0,0,0,0,0,0,0,1,0,0,1,0,0,0
0.00341663,0,1,0,0,0,0,0,1,0,1,0,0,1,0,0,0
0.00341666,0,1,0,0,0,0,0,0,0,1,0,0,1,0,0,0
0.00341751,1,1,1,0,0,0,0,0,0,1,0,0,1,0,0,0
0.00341753,0,1,0,1,0,1,1,1,0,1,0,0,1,0,0,0
0.00341754,0,1,0,1,1,0,1,1,0,1,0,0,1,0,0,0
0.00341755,1,1,1,1,1,0,1,1,0,1,0,0,1,0,0,0
0.00341756,1,1,1,1,1,1,1,1,0,1,0,0,1,0,0,0
0.00341759,1,0,0,0,1,0,0,0,0,1,0,0,1,0,0,0
0.00341764,1,0,1,1,1,1,0,1,0,1,0,0,1,0,0,0
0.00341766,1,0,0,0,1,0,0,0,0,1,0,0,1,0,0,0
0.00341796,1,0,0,0,1,0,0,0,0,0,0,0,1,0,0,0
0.00341797,1,0,0,0,1,0,0,0,1,0,0,0,1,0,0,0
0.00341803,1,0,0,0,1,0,0,0,0,0,0,0,0,0,0,0
0.00341804,1,0,0,0,1,0,0,0,1,0,0,0,1,0,0,0
0.00341849,1,1,0,0,1,0,0,0,1,0,0,0,1,0,0,0
0.00341851,1,1,1,1,1,0,0,0,1,0,0,0,1,0,0,0
0.00341852,1,1,1,1,1,0,1,1,1,0,0,0,1,0,0,0
0.00341853,1,1,1,1,1,1,1,1,1,0,0,0,1,0,0,0
0.00341855,0,1,1,1,0,0,1,1,1,0,0,0,1,0,0,0
0.00341856,0,1,0,0,0,0,0,0,1,0,0,0,1,0,0,0
0.00341861,0,1,1,1,0,1,0,1,1,0,0,0,1,0,0,0
0.00341863,0,1,0,0,0,0,0,0,1,0,0,0,1,0,0,0
0.0034195,1,1,1,1,1,1,1,1,1,0,0,0,1,0,0,0
0.00341954,0,1,0,0,0,0,0,1,1,0,0,0,1,0,0,0
0.00341958,1,1,1,1,0,1,0,1,1,0,0,0,1,0,0,0
0.00341962,0,1,0,0,0,0,0,1,1,0,0,0,1,0,0,0
0.00341966,0,1,1,0,0,0,0,1,1,0,0,0,1,0,0,0
0.00341967,1,1,1,1,0,0,0,1,1,0,0,0,1,0,0,0
0.00341968,0,1,1,0,0,0,0,1,1,0,0,0,1,0,0,0
0.00341969,0,1,0,0,0,0,0,1,1,0,0,0,1,0,0,0
0.00341991,0,1,0,0,0,0,0,1,0,0,0,0,0,0,0,0
0.00341992,0,1,0,0,0,0,0,1,0,1,0,0,0,0,1,0
0.00341998,0,1,0,0,0,0,0,1,0,0,0,0,0,0,0,0
0.00341999,0,1,0,0,0,0,0,1,0,1,0,0,0,0,1,0
0.00342043,1,1,0,0,0,0,0,1,0,1,0,0,0,0,1,0
0.00342044,1,1,1,1,0,1,0,1,0,1,0,0,0,0,1,0
0.00342045,1,0,0,1,0,0,0,0,0,1,0,0,0,0,1,0
0.00342046,0,0,0,0,0,1,0,0,0,1,0,0,0,0,1,0
0.00342047,0,0,0,0,0,1,1,1,0,1,0,0,0,0,1,0
0.00342048,1,0,1,1,0,0,0,0,0,1,0,0,0,0,1,0
0.0034205,0,0,0,0,0,0,0,0,0,1,0,0,0,0,1,0
0.00342054,1,0,1,1,0,0,0,0,0,1,0,0,0,0,1,0
0.00342055,0,0,0,0,0,0,0,0,0,1,0,0,0,0,1,0
0.00342089,0,1,1,1,0,0,0,0,0,1,0,0,0,0,1,0
0.0034209,1,1,1,1,0,0,0,0,0,1,0,0,0,0,1,0
0.00342091,1,1,1,1,0,1,0,0,0,1,0,0,0,0,1,0
0.00342093,0,1,1,1,0,0,0,0,0,1,0,0,0,0,1,0
0.00342135,0,1,1,1,0,1,1,0,0,1,0,0,0,0,1,0
0.00342136,0,0,1,1,0,0,0,0,0,1,0,0,0,0,1,0
0.0034214,1,0,1,1,0,0,0,0,0,1,0,0,0,0,1,0
0.00342141,1,0,1,1,0,1,0,0,0,1,0,0,0,0,1,0
0.00342142,0,0,1,1,0,0,0,0,0,1,0,0,0,0,1,0
0.00342145,1,0,1,1,1,1,1,1,0,1,0,0,0,0,1,0
0.00342146,1,1,1,1,1,1,1,1,0,1,0,0,0,0,1,0
0.00342149,0,1,1,0,1,0,0,0,0,1,0,0,0,0,1,0
0.0034215,0,0,1,0,1,0,0,0,0,1,0,0,0,0,1,0
0.00342186,0,0,1,0,1,0,0,0,0,0,0,0,0,0,0,0
0.00342187,0,0,1,0,1,0,0,0,0,0,0,0,1,0,0,0
0.00342188,0,0,1,0,1,0,0,0,0,0,1,0,1,0,0,0
0.00342194,0,0,1,0,1,0,0,0,0,0,0,0,0,0,0,0
0.00342195,0,0,1,1,1,0,0,0,0,0,1,0,1,0,0,0
0.00342196,0,0,1,1,1,0,0,0,0,0,1,1,1,0,0,0
0.00342198,1,0,1,0,1,1,1,1,0,0,1,1,1,0,0,0
0.00342199,0,0,1,0,1,0,0,0,0,0,1,0,1,0,0,0
0.00342239,1,1,1,1,1,0,0,0,0,0,1,0,1,0,0,0
0.0034224,1,1,1,0,1,0,0,0,0,0,1,0,1,0,0,0
0.00342241,1,1,1,1,1,0,1,1,0,0,1,0,1,0,0,0
0.00342244,1,1,1,1,1,1,1,1,0,0,1,0,1,0,0,0
0.00342247,0,1,0,1,0,0,0,1,0,0,1,0,1,0,0,0
0.00342252,1,1,1,1,0,1,0,1,0,0,1,0,1,0,0,0
0.00342253,0,1,0,1,0,0,0,1,0,0,1,0,1,0,0,0
0.00342338,1,1,1,1,0,0,0,1,0,0,1,0,1,0,0,0
0.0034234,1,1,1,1,1,0,0,1,0,0,1,0,1,0,0,0
0.00342343,1,1,1,1,1,1,1,1,0,0,1,0,1,0,0,0
0.00342344,1,1,0,1,0,0,0,0,0,0,1,0,1,0,0,0
0.00342349,1,1,1,1,0,1,0,0,0,0,1,0,1,0,0,0
0.0034235,1,1,0,1,0,0,0,0,0,0,1,0,1,0,0,0
0.00342434,1,1,1,1,0,0,0,0,0,0,1,0,1,0,0,0
0.00342435,1,1,1,1,1,1,0,1,0,0,1,0,1,0,0,0
0.00342436,1,1,1,1,1,1,1,1,0,0,1,0,1,0,0,0
0.00342441,1,1,1,1,0,0,1,1,0,0,1,0,1,0,0,0
0.00342442,1,1,1,0,0,0,1,0,0,0,1,0,1,0,0,0
0.00342479,1,1,1,0,0,0,1,0,0,0,1,0,0,0,0,0
0.0034248,1,1,1,0,0,0,1,0,1,1,1,0,0,0,0,1
0.00342534,1,1,1,1,0,0,1,0,1,1,1,0,0,0,0,1
0.00342536,1,1,1,1,0,1,1,0,1,1,1,0,0,0,0,1
0.00342537,0,1,1,1,0,1,1,1,1,1,1,0,0,0,0,1
0.00342538,0,1,1,1,0,0,1,1,1,1,1,0,0,0,0,1
0.00342539,0,1,0,1,0,0,0,1,1,1,1,0,0,0,0,1
0.00342632,1,1,0,1,0,0,0,1,1,1,1,0,0,0,0,1
0.00342633,1,1,0,1,0,0,0,0,1,1,1,0,0,0,0,1
0.00342637,1,1,1,1,1,1,1,1,1,1,1,0,0,0,0,1
0.0034264,1,1,1,0,1,1,0,1,1,1,1,0,0,0,0,1
0.00342641,0,1,0,0,0,1,0,0,1,1,1,0,0,0,0,1
0.00342646,1,1,1,1,0,1,0,0,1,1,1,0,0,0,0,1
0.00342647,1,1,1,0,0,1,0,0,1,1,1,0,0,0,0,1
0.00342648,0,1,0,0,0,1,0,0,1,1,1,0,0,0,0,1
0.00342675,0,1,0,0,0,1,0,0,0,1,0,0,0,0,0,0
0.00342676,0,1,0,0,0,1,0,0,0,1,0,0,0,1,0,0
0.00342727,0,1,0,1,0,1,0,0,0,1,0,0,0,1,0,0
0.00342728,1,1,1,1,0,1,0,0,0,1,0,0,0,1,0,0
0.00342729,0,1,1,1,0,1,0,1,0,1,0,0,0,1,0,0
0.0034273,1,1,1,1,1,1,1,1,0,1,0,0,0,1,0,0
0.00342735,1,0,1,1,1,0,1,1,0,1,0,0,0,1,0,0
0.00342736,0,0,0,0,1,0,0,1,0,1,0,0,0,1,0,0
0.0034274,1,0,1,1,1,0,0,1,0,1,0,0,0,1,0,0
0.00342741,1,0,1,1,1,1,1,1,0,1,0,0,0,1,0,0
0.00342742,1,0,1,1,1,0,0,1,0,1,0,0,0,1,0,0
0.00342743,0,0,0,0,1,0,0,1,0,1,0,0,0,1,0,0
0.00342826,1,1,1,1,1,0,1,1,0,1,0,0,0,1,0,0
0.00342827,1,1,1,1,1,1,1,1,0,1,0,0,0,1,0,0
0.00342831,0,0,0,0,0,0,1,0,0,1,0,0,0,1,0,0
0.00342835,0,0,1,1,0,1,1,0,0,1,0,0,0,1,0,0
0.00342836,1,0,1,1,0,1,1,1,0,1,0,0,0,1,0,0
0.00342837,1,1,1,1,0,1,1,1,0,1,0,0,0,1,0,0
0.00342838,1,0,1,1,0,1,1,1,0,1,0,0,0,1,0,0
0.00342839,0,0,1,0,0,1,1,0,0,1,0,0,0,1,0,0
0.0034284,0,0,0,0,0,0,1,0,0,1,0,0,0,1,0,0
0.00342844,0,0,1,1,0,1,1,0,0,1,0,0,0,1,0,0
0.00342846,0,0,0,0,0,1,1,0,0,1,0,0,0,1,0,0
0.00342847,0,0,0,0,0,0,1,0,0,1,0,0,0,1,0,0
0.00342923,0,1,0,1,0,0,1,1,0,1,0,0,0,1,0,0
0.00342925,1,1,1,1,1,1,0,1,0,1,0,0,0,1,0,0
0.00342926,1,1,1,1,0,0,0,1,0,1,0,0,0,1,0,0
0.00342927,0,1,0,1,0,0,0,1,0,1,0,0,0,1,0,0
0.00343027,1,1,1,1,1,1,1,1,0,1,0,0,0,1,0,0
0.00343032,1,0,0,1,0,1,1,0,0,1,0,0,0,1,0,0
0.00343033,0,0,0,1,0,1,1,0,0,1,0,0,0,1,0,0
0.00343034,0,0,0,1,0,0,1,0,0,1,0,0,0,1,0,0
0.00343038,0,0,0,1,0,1,1,0,0,1,0,0,0,1,0,0
0.00343039,1,0,1,1,0,1,1,0,0,1,0,0,0,1,0,0
0.0034304,0,0,0,1,0,0,1,0,0,1,0,0,0,1,0,0
0.00343065,0,0,0,1,0,0,1,0,0,0,0,0,0,0,0,0
0.00343066,0,0,0,1,0,0,1,0,0,0,0,1,0,0,0,1
0.00343073,0,0,0,1,0,0,1,0,0,0,0,1,0,0,0,0
0.00343074,0,0,0,1,0,0,1,0,0,0,0,1,0,0,0,1
0.00343118,0,1,0,1,0,0,1,0,0,0,0,1,0,0,0,1
0.00343119,1,0,1,1,0,0,1,0,0,0,0,1,0,0,0,1
0.0034312,1,0,1,1,1,1,1,1,0,0,0,1,0,0,0,1
0.00343121,1,1,1,1,1,1,1,1,0,0,0,1,0,0,0,1
0.00343125,1,1,0,1,0,0,0,0,0,0,0,1,0,0,0,1
0.00343129,1,1,1,1,0,1,0,0,0,0,0,1,0,0,0,1
0.0034313,1,1,1,1,1,1,1,1,0,0,0,1,0,0,0,1
0.00343131,1,1,1,1,0,1,0,1,0,0,0,1,0,0,0,1
0.00343132,1,1,0,1,0,0,0,0,0,0,0,1,0,0,0,1
0.00343222,1,1,0,1,0,1,0,0,0,0,0,1,0,0,0,1
0.00343224,1,1,1,1,1,1,1,1,0,0,0,1,0,0,0,1
0.00343225,0,1,0,0,0,1,1,1,0,0,0,1,0,0,0,1
0.00343226,0,1,0,0,0,1,0,0,0,0,0,1,0,0,0,1
0.0034323,0,1,1,0,0,1,0,1,0,0,0,1,0,0,0,1
0.00343231,0,1,0,0,0,1,0,0,0,0,0,1,0,0,0,1
0.0034326,0,1,0,0,0,1,0,0,0,0,0,0,0,0,0,0
0.00343261,0,1,0,0,0,1,0,0,0,1,0,0,0,1,0,0
0.00343313,1,1,0,0,0,1,0,0,0,1,0,0,0,1,0,0
0.00343314,0,1,0,0,0,1,0,0,0,1,0,0,0,1,0,0
0.00343316,1,1,1,1,1,1,1,1,0,1,0,0,0,1,0,0
0.00343321,1,0,0,0,1,0,0,1,0,1,0,0,0,1,0,0
0.00343326,1,1,1,1,1,1,0,1,0,1,0,0,0,1,0,0
0.00343327,1,1,1,1,1,1,1,1,0,1,0,0,0,1,0,0
0.00343328,1,0,0,0,1,0,0,1,0,1,0,0,0,1,0,0
0.00343412,1,1,1,1,1,0,1,1,0,1,0,0,0,1,0,0
0.00343414,1,1,1,1,1,1,1,1,0,1,0,0,0,1,0,0
0.00343416,1,0,0,0,1,0,1,1,0,1,0,0,0,1,0,0
0.00343417,0,0,0,0,0,0,1,0,0,1,0,0,0,1,0,0
0.00343422,0,0,1,0,0,0,1,0,0,1,0,0,0,1,0,0
0.00343423,0,1,1,1,0,1,1,0,0,1,0,0,0,1,0,0
0.00343424,0,0,0,0,0,0,1,0,0,1,0,0,0,1,0,0
0.00343509,1,1,0,1,0,0,1,0,0,1,0,0,0,1,0,0
0.0034351,1,1,1,1,0,0,0,0,0,1,0,0,0,1,0,0
0.00343511,1,1,1,1,1,0,0,0,0,1,0,0,0,1,0,0
0.00343512,1,1,0,1,0,0,0,0,0,1,0,0,0,1,0,0
0.00343612,1,1,0,1,1,1,0,0,0,1,0,0,0,1,0,0
0.00343613,1,1,1,1,1,1,1,0,0,1,0,0,0,1,0,0
0.00343615,1,1,1,1,1,1,1,1,0,1,0,0,0,1,0,0
0.00343618,0,0,1,1,1,0,0,0,0,1,0,0,0,1,0,0
0.0034362,0,0,1,0,1,0,0,0,0,1,0,0,0,1,0,0
0.00343651,0,0,1,0,1,0,0,0,0,0,0,0,0,0,0,0
0.00343652,0,0,1,0,1,0,0,0,0,0,1,0,1,0,0,0
0.00343704,1,0,1,0,1,0,0,0,0,0,1,0,1,0,0,0
0.00343705,0,0,1,0,1,0,0,0,0,0,1,0,1,0,0,0
0.00343706,0,1,1,1,1,1,1,1,0,0,1,0,1,0,0,0
0.00343707,1,1,1,1,1,1,1,1,0,0,1,0,1,0,0,0
0.00343809,0,0,0,0,0,0,1,0,0,0,1,0,1,0,0,0
0.00343814,0,0,0,1,0,0,1,0,0,0,1,0,1,0,0,0
0.00343815,1,1,1,1,0,1,1,0,0,0,1,0,1,0,0,0
0.00343816,1,1,1,1,0,0,1,0,0,0,1,0,1,0,0,0
0.00343817,0,0,0,0,0,0,1,0,0,0,1,0,1,0,0,0
0.00343899,1,1,1,1,0,0,1,0,0,0,1,0,1,0,0,0
0.00343902,1,1,1,1,1,1,1,1,0,0,1,0,1,0,0,0
0.00343905,1,1,1,1,1,1,0,1,0,0,1,0,1,0,0,0
0.00343906,1,1,0,1,1,1,0,0,0,0,1,0,1,0,0,0
0.00343909,1,1,1,1,1,1,0,0,0,0,1,0,1,0,0,0
0.0034391,1,1,1,1,1,1,0,1,0,0,1,0,1,0,0,0
0.00343911,1,1,1,1,1,1,0,0,0,0,1,0,1,0,0,0
0.00343912,1,1,0,1,1,1,0,0,0,0,1,0,1,0,0,0
0.00343944,1,1,0,1,1,1,0,0,0,1,0,0,1,0,0,0
0.00343945,1,1,0,1,1,1,0,0,1,1,0,1,1,1,0,0
0.00343999,1,1,1,1,1,1,1,1,1,1,0,1,1,1,0,0
0.00344004,0,0,1,0,1,0,1,1,1,1,0,1,1,1,0,0
0.00344005,0,0,0,0,1,0,0,1,1,1,0,1,1,1,0,0
0.00344008,0,0,1,0,1,0,0,1,1,1,0,1,1,1,0,0
0.00344009,1,1,1,1,1,1,0,1,1,1,0,1,1,1,0,0
0.00344012,0,0,1,1,1,0,0,1,1,1,0,1,1,1,0,0
0.00344013,0,0,0,0,1,0,0,1,1,1,0,1,1,1,0,0
0.00344016,0,0,1,0,1,0,0,1,1,1,0,1,1,1,0,0
0.00344017,0,0,1,1,1,0,0,1,1,1,0,1,1,1,0,0
0.00344021,0,0,0,0,1,0,0,1,1,1,0,1,1,1,0,0
0.00344024,0,0,1,0,1,0,0,1,1,1,0,1,1,1,0,0
0.00344025,0,0,1,1,1,0,0,1,1,1,0,1,1,1,0,0
0.00344027,0,0,1,0,1,0,0,1,1,1,0,1,1,1,0,0
0.00344028,0,0,0,0,1,0,0,1,1,1,0,1,1,1,0,0
0.00344033,0,0,1,1,1,0,0,1,1,1,0,1,1,1,0,0
0.00344035,0,0,0,0,1,0,0,1,1,1,0,1,1,1,0,0
0.00344039,0,0,1,1,1,0,0,1,1,1,0,1,1,1,0,0
0.0034404,0,0,0,0,1,0,0,1,1,1,0,1,1,1,0,0
0.00344042,0,0,1,0,1,0,0,1,1,1,0,1,1,1,0,0
0.00344043,0,0,1,1,1,0,0,1,1,1,0,1,1,1,0,0
0.00344044,0,0,0,0,1,0,0,1,1,1,0,1,1,1,0,0
0.00344094,1,1,1,1,1,0,0,1,1,1,0,1,1,1,0,0
0.00344096,1,1,1,1,1,1,1,1,1,1,0,1,1,1,0,0
0.00344101,0,0,0,0,0,1,1,0,1,1,0,1,1,1,0,0
0.00344102,0,0,0,0,0,0,1,0,1,1,0,1,1,1,0,0
0.00344105,1,1,1,1,0,1,1,0,1,1,0,1,1,1,0,0
0.0034411,0,0,0,0,0,0,1,0,1,1,0,1,1,1,0,0
0.00344113,1,0,1,1,0,0,1,0,1,1,0,1,1,1,0,0
0.00344114,1,1,1,1,0,1,1,0,1,1,0,1,1,1,0,0
0.00344117,1,0,1,1,0,0,1,0,1,1,0,1,1,1,0,0
0.00344118,0,0,1,1,0,0,1,0,1,1,0,1,1,1,0,0
0.00344123,1,0,1,1,0,0,1,0,1,1,0,1,1,1,0,0
0.00344126,0,0,1,1,0,0,1,0,1,1,0,1,1,1,0,0
0.00344133,1,0,1,1,0,0,1,0,1,1,0,1,1,1,0,0
0.00344134,0,0,1,1,0,0,1,0,1,1,0,1,1,1,0,0
0.00344153,0,0,0,1,0,0,1,0,1,1,0,1,1,1,0,0
0.00344154,0,0,0,0,0,0,1,0,1,1,0,1,1,1,0,0
0.00344155,0,0,0,1,0,0,1,0,1,1,0,1,1,1,0,0
0.00344156,0,0,1,1,0,0,1,0,1,1,0,1,1,1,0,0
0.00344157,0,0,0,1,0,0,1,0,1,1,0,1,1,1,0,0
0.00344158,0,0,0,0,0,0,1,0,1,1,0,1,1,1,0,0
0.00344192,1,1,1,1,0,0,1,0,1,1,0,1,1,1,0,0
0.00344194,1,1,1,1,1,1,1,1,1,1,0,1,1,1,0,0
0.00344195,1,0,1,1,1,1,1,1,1,1,0,1,1,1,0,0
0.00344196,1,1,1,1,1,1,1,1,1,1,0,1,1,1,0,0
0.00344199,1,1,1,1,0,1,0,1,1,1,0,1,1,1,0,0
0.003442,0,1,0,1,0,0,0,1,1,1,0,1,1,1,0,0
0.00344203,1,1,1,1,0,1,0,1,1,1,0,1,1,1,0,0
0.00344204,1,1,1,1,1,1,0,1,1,1,0,1,1,1,0,0
0.00344205,1,1,1,1,1,1,1,1,1,1,0,1,1,1,0,0
0.00344206,1,1,1,1,0,1,0,1,1,1,0,1,1,1,0,0
0.00344207,1,1,1,1,0,0,0,1,1,1,0,1,1,1,0,0
0.00344208,0,1,0,1,0,0,0,1,1,1,0,1,1,1,0,0
0.00344211,1,1,1,1,0,1,0,1,1,1,0,1,1,1,0,0
0.00344215,1,1,1,1,0,0,0,1,1,1,0,1,1,1,0,0
0.00344216,0,1,1,1,0,0,0,1,1,1,0,1,1,1,0,0
0.00344217,1,1,1,1,0,0,0,1,1,1,0,1,1,1,0,0
0.00344231,0,1,1,1,0,0,0,1,1,1,0,1,1,1,0,0
0.00344233,1,1,1,1,0,0,0,1,1,1,0,1,1,1,0,0
0.00344234,0,1,1,1,0,0,0,1,1,1,0,1,1,1,0,0
0.00344235,1,1,1,1,0,0,0,1,1,1,0,1,1,1,0,0
0.00344239,0,1,1,1,0,0,0,1,1,1,0,1,1,1,0,0
0.0034424,0,1,0,1,0,0,0,1,1,1,0,1,1,1,0,0
0.00344241,0,1,1,1,0,0,0,1,1,1,0,1,1,1,0,0
0.00344244,0,1,0,1,0,0,0,1,1,1,0,1,1,1,0,0
0.0034425,0,1,1,1,0,0,0,1,1,1,0,1,1,1,0,0
0.00344251,0,1,0,1,0,0,0,1,1,1,0,1,1,1,0,0
0.00344289,0,1,1,1,0,0,0,1,1,1,0,1,1,1,0,0
0.0034429,1,1,1,1,0,1,0,1,1,1,0,1,1,1,0,0
0.00344292,1,1,1,1,0,0,0,1,1,1,0,1,1,1,0,0
0.00344293,0,1,0,1,0,0,0,1,1,1,0,1,1,1,0,0
0.00344296,1,1,1,1,1,0,0,1,1,1,0,1,1,1,0,0
0.00344298,1,1,1,1,1,1,1,1,1,1,0,1,1,1,0,0
0.00344299,1,1,1,0,1,1,1,1,1,1,0,1,1,1,0,0
0.003443,1,1,1,0,1,0,0,1,1,1,0,1,1,1,0,0
0.00344301,1,1,0,0,1,1,0,1,1,1,0,1,1,1,0,0
0.00344302,1,0,0,0,1,0,0,1,1,1,0,1,1,1,0,0
0.00344306,1,0,1,0,1,1,0,1,1,1,0,1,1,1,0,0
0.00344307,1,0,1,1,1,1,1,1,1,1,0,1,1,1,0,0
0.00344308,1,0,1,0,1,1,0,1,1,1,0,1,1,1,0,0
0.00344309,1,0,0,0,1,0,0,1,1,1,0,1,1,1,0,0
0.00344388,1,1,0,0,1,0,0,1,1,1,0,1,1,1,0,0
0.00344389,1,1,1,0,1,0,0,1,1,1,0,1,1,1,0,0
0.0034439,1,1,1,1,1,0,1,1,1,1,0,1,1,1,0,0
0.00344392,1,1,1,1,1,1,1,1,1,1,0,1,1,1,0,0
0.00344394,0,0,0,0,0,0,1,0,1,1,0,1,1,1,0,0
0.00344398,0,0,1,0,0,1,1,0,1,1,0,1,1,1,0,0
0.00344399,1,0,1,1,0,1,1,0,1,1,0,1,1,1,0,0
0.003444,1,1,1,1,0,1,1,1,1,1,0,1,1,1,0,0
0.00344401,1,0,1,1,0,1,1,0,1,1,0,1,1,1,0,0
0.00344402,0,0,0,0,0,0,1,0,1,1,0,1,1,1,0,0
0.00344485,1,1,1,1,0,0,1,0,1,1,0,1,1,1,0,0
0.00344486,1,1,1,1,1,1,1,1,1,1,0,1,1,1,0,0
0.00344492,1,1,1,1,0,0,0,1,1,1,0,1,1,1,0,0
0.00344493,1,1,0,1,0,0,0,0,1,1,0,1,1,1,0,0
0.00344497,1,1,1,1,0,1,0,1,1,1,0,1,1,1,0,0
0.00344499,1,1,0,1,0,0,0,0,1,1,0,1,1,1,0,0
0.00344584,1,1,1,1,0,1,0,1,1,1,0,1,1,1,0,0
0.00344585,1,1,1,1,1,1,0,1,1,1,0,1,1,1,0,0
0.00344586,1,1,1,1,1,1,1,1,1,1,0,1,1,1,0,0
0.00344587,1,1,1,1,1,1,0,1,1,1,0,1,1,1,0,0
0.00344588,1,1,0,1,0,0,0,0,1,1,0,1,1,1,0,0
0.00344684,0,1,0,1,0,1,0,1,1,1,0,1,1,1,0,0
0.00344685,0,1,0,1,0,0,0,1,1,1,0,1,1,1,0,0
0.0034478,0,1,1,1,0,1,0,1,1,1,0,1,1,1,0,0
0.00344782,1,1,1,1,1,1,0,1,1,1,0,1,1,1,0,0
0.00344783,1,1,1,1,1,1,1,1,1,1,0,1,1,1,0,0
0.00344878,1,1,1,1,1,0,0,1,1,1,0,1,1,1,0,0
0.00344879,0,1,0,1,1,0,0,0,1,1,0,1,1,1,0,0
0.0034488,0,0,0,1,1,0,0,1,1,1,0,1,1,1,0,0
0.00344882,1,1,1,1,1,0,0,1,1,1,0,1,1,1,0,0
0.00344883,1,1,1,1,1,1,1,1,1,1,0,1,1,1,0,0
0.00344887,1,1,1,1,1,1,0,1,1,1,0,1,1,1,0,0
0.00344888,1,1,1,1,1,0,0,0,1,1,0,1,1,1,0,0
0.00344889,0,0,1,0,1,0,0,0,1,1,0,1,1,1,0,0
0.00344894,1,1,1,0,1,0,0,0,1,1,0,1,1,1,0,0
0.00344895,0,1,1,0,1,0,0,0,1,1,0,1,1,1,0,0
0.00344896,0,0,1,0,1,0,0,0,1,1,0,1,1,1,0,0
0.0034492,0,0,1,0,1,0,0,0,0,0,0,0,1,0,0,0
0.00344922,0,0,1,0,1,0,0,0,0,0,1,0,1,0,0,0
0.00344973,1,1,1,0,1,0,0,0,0,0,1,0,1,0,0,0
0.00344974,1,1,1,1,1,0,0,0,0,0,1,0,1,0,0,0
0.00344975,1,1,1,1,1,0,1,1,0,0,1,0,1,0,0,0
0.00344976,1,1,1,1,1,1,1,1,0,0,1,0,1,0,0,0
0.00345078,0,0,0,0,0,0,1,0,0,0,1,0,1,0,0,0
0.00345083,1,1,0,1,0,0,1,0,0,0,1,0,1,0,0,0
0.00345084,1,1,1,1,0,0,1,0,0,0,1,0,1,0,0,0
0.00345087,0,0,0,0,0,0,1,0,0,0,1,0,1,0,0,0
0.00345091,1,0,0,1,0,0,1,0,0,0,1,0,1,0,0,0
0.00345092,1,1,0,1,0,0,1,0,0,0,1,0,1,0,0,0
0.00345094,0,0,0,0,0,0,1,0,0,0,1,0,1,0,0,0
0.00345168,0,1,0,0,0,0,1,0,0,0,1,0,1,0,0,0
0.00345169,1,1,1,1,0,0,1,0,0,0,1,0,1,0,0,0
0.00345171,1,1,1,1,1,1,1,1,0,0,1,0,1,0,0,0
0.00345175,0,1,0,0,1,0,0,0,0,0,1,0,1,0,0,0
0.00345179,1,1,1,1,1,1,0,1,0,0,1,0,1,0,0,0
0.00345183,1,1,1,1,1,0,0,0,0,0,1,0,1,0,0,0
0.00345184,0,1,0,0,1,0,0,0,0,0,1,0,1,0,0,0
0.00345187,1,1,1,1,1,0,0,0,0,0,1,0,1,0,0,0
0.00345192,0,1,1,1,1,0,0,0,0,0,1,0,1,0,0,0
0.00345193,0,1,1,0,1,0,0,0,0,0,1,0,1,0,0,0
0.00345194,1,1,1,1,1,0,0,0,0,0,1,0,1,0,0,0
0.00345201,0,1,1,1,1,0,0,0,0,0,1,0,1,0,0,0
0.00345203,1,1,1,1,1,0,0,0,0,0,1,0,1,0,0,0
0.00345207,0,1,1,1,1,0,0,0,0,0,1,0,1,0,0,0
0.00345208,0,1,1,0,1,0,0,0,0,0,1,0,1,0,0,0
0.00345209,0,1,1,1,1,0,0,0,0,0,1,0,1,0,0,0
0.00345213,1,1,1,1,1,0,0,0,0,0,0,0,1,0,0,0
0.00345214,0,1,1,1,1,0,0,0,0,1,0,0,1,0,0,0
0.00345215,0,1,0,0,1,0,0,0,0,1,0,0,1,0,0,0
0.00345218,0,1,1,1,1,0,0,0,0,1,0,0,1,0,0,0
0.00345219,1,1,1,1,1,0,0,0,0,1,0,0,1,0,0,0
0.0034522,1,1,1,1,1,0,0,0,0,0,0,0,0,0,0,0
0.00345221,0,1,1,1,1,0,0,0,0,1,0,0,1,0,0,0
0.00345222,0,1,0,0,1,0,0,0,0,1,0,0,1,0,0,0
0.00345226,1,1,1,1,1,0,0,0,0,1,0,0,1,0,0,0
0.00345228,0,1,1,1,1,0,0,0,0,1,0,0,1,0,0,0
0.00345229,0,1,0,0,1,0,0,0,0,1,0,0,1,0,0,0
0.00345268,1,1,1,1,1,0,0,1,0,1,0,0,1,0,0,0
0.00345269,1,1,1,1,1,1,1,1,0,1,0,0,1,0,0,0
0.00345273,1,0,1,1,0,1,1,1,0,1,0,0,1,0,0,0
0.00345274,0,0,0,0,0,1,0,0,0,1,0,0,1,0,0,0
0.00345277,1,0,1,1,0,1,0,1,0,1,0,0,1,0,0,0
0.00345278,1,1,1,1,0,1,1,1,0,1,0,0,1,0,0,0
0.0034528,1,1,1,1,0,1,0,1,0,1,0,0,1,0,0,0
0.00345282,1,0,1,1,0,1,0,1,0,1,0,0,1,0,0,0
0.00345283,0,0,0,0,0,1,0,0,0,1,0,0,1,0,0,0
0.00345285,1,0,1,1,0,1,0,0,0,1,0,0,1,0,0,0
0.00345286,1,0,1,1,0,1,0,1,0,1,0,0,1,0,0,0
0.00345287,1,1,1,1,0,1,0,1,0,1,0,0,1,0,0,0
0.00345288,1,0,1,1,0,1,0,1,0,1,0,0,1,0,0,0
0.00345289,1,0,1,1,0,1,0,0,0,1,0,0,1,0,0,0
0.00345324,0,0,1,1,0,1,0,0,0,1,0,0,1,0,0,0
0.00345325,1,0,1,1,0,1,0,0,0,1,0,0,1,0,0,0
0.00345338,0,0,1,1,0,1,0,0,0,1,0,0,1,0,0,0
0.00345339,1,0,1,1,0,1,0,0,0,1,0,0,1,0,0,0
0.00345342,0,0,1,1,0,1,0,0,0,1,0,0,1,0,0,0
0.00345344,1,0,1,1,0,1,0,0,0,1,0,0,1,0,0,0
0.00345345,0,0,1,1,0,1,0,0,0,1,0,0,1,0,0,0
0.00345352,1,0,1,1,0,1,0,0,0,1,0,0,1,0,0,0
0.00345353,0,0,1,1,0,1,0,0,0,1,0,0,1,0,0,0
0.00345354,1,0,1,1,0,1,0,0,0,1,0,0,1,0,0,0
0.00345356,0,0,1,0,0,1,0,0,0,1,0,0,1,0,0,0
0.00345357,0,0,1,1,0,1,0,0,0,1,0,0,1,0,0,0
0.0034536,0,0,1,0,0,1,0,0,0,1,0,0,1,0,0,0
0.00345361,0,0,1,1,0,1,0,0,0,1,0,0,1,0,0,0
0.00345362,1,0,1,1,0,1,0,0,0,1,0,0,1,0,0,0
0.00345363,1,0,1,0,0,1,0,0,0,1,0,0,1,0,0,0
0.00345364,1,1,1,1,0,1,0,0,0,1,0,0,1,0,0,0
0.00345366,1,1,1,1,1,1,0,1,0,1,0,0,1,0,0,0
0.00345367,1,1,1,1,1,1,1,1,0,1,0,0,1,0,0,0
0.00345371,1,0,0,0,1,0,0,0,0,1,0,0,1,0,0,0
0.00345374,1,0,1,0,1,0,0,0,0,1,0,0,1,0,0,0
0.00345375,1,1,1,1,1,1,1,1,0,1,0,0,1,0,0,0
0.00345378,1,1,1,1,1,0,0,1,0,1,0,0,1,0,0,0
0.00345379,1,0,0,0,1,0,0,0,0,1,0,0,1,0,0,0
0.00345382,1,0,1,1,1,0,0,0,0,1,0,0,1,0,0,0
0.00345383,1,1,1,1,1,0,0,1,0,1,0,0,1,0,0,0
0.00345385,1,1,1,1,1,0,0,0,0,1,0,0,1,0,0,0
0.00345386,1,0,1,1,1,0,0,0,0,1,0,0,1,0,0,0
0.00345387,1,0,1,0,1,0,0,0,0,1,0,0,1,0,0,0
0.0034539,1,0,1,1,1,0,0,0,0,1,0,0,1,0,0,0
0.00345403,1,0,1,0,1,0,0,0,0,1,0,0,1,0,0,0
0.00345406,1,0,1,1,1,0,0,0,0,1,0,0,1,0,0,0
0.00345408,1,0,1,1,1,0,0,0,0,0,0,0,1,0,0,0
0.00345409,1,0,1,1,1,0,0,0,1,0,0,0,1,0,0,0
0.0034541,1,0,1,0,1,0,0,0,1,0,0,0,1,0,0,0
0.00345412,1,0,0,0,1,0,0,0,1,0,0,0,1,0,0,0
0.00345413,1,0,1,0,1,0,0,0,1,0,0,0,1,0,0,0
0.00345414,1,0,1,1,1,0,0,0,1,0,0,0,1,0,0,0
0.00345416,1,0,1,1,1,0,0,0,0,0,0,0,0,0,0,0
0.00345417,1,0,0,0,1,0,0,0,1,0,0,0,1,0,0,0
0.00345421,1,0,1,1,1,0,0,0,1,0,0,0,1,0,0,0
0.00345424,1,0,0,0,1,0,0,0,1,0,0,0,1,0,0,0
0.00345427,1,0,1,0,1,0,0,0,1,0,0,0,1,0,0,0
0.00345432,1,0,0,0,1,0,0,0,1,0,0,0,1,0,0,0
0.00345438,1,0,1,0,1,0,0,0,1,0,0,0,1,0,0,0
0.00345439,1,0,0,0,1,0,0,0,1,0,0,0,1,0,0,0
0.00345461,1,0,0,1,1,0,0,0,1,0,0,0,1,0,0,0
0.00345462,1,1,1,1,1,0,0,0,1,0,0,0,1,0,0,0
0.00345463,1,1,1,0,1,1,1,1,1,0,0,0,1,0,0,0
0.00345464,1,1,1,1,1,1,1,1,1,0,0,0,1,0,0,0
0.00345469,0,0,0,0,1,0,0,0,1,0,0,0,1,0,0,0
0.00345473,1,1,1,1,1,1,0,1,1,0,0,0,1,0,0,0
0.00345475,1,1,1,1,1,1,1,1,1,0,0,0,1,0,0,0
0.00345476,1,1,1,1,1,1,0,1,1,0,0,0,1,0,0,0
0.00345478,0,0,1,1,1,0,0,0,1,0,0,0,1,0,0,0
0.00345479,0,0,0,0,1,0,0,0,1,0,0,0,1,0,0,0
0.0034548,0,0,1,1,1,0,0,0,1,0,0,0,1,0,0,0
0.00345481,1,1,1,1,1,0,0,0,1,0,0,0,1,0,0,0
0.00345482,1,1,1,1,1,1,0,1,1,0,0,0,1,0,0,0
0.00345484,1,1,1,1,1,1,0,0,1,0,0,0,1,0,0,0
0.00345485,1,1,1,1,1,0,0,0,1,0,0,0,1,0,0,0
0.00345486,0,1,1,1,1,0,0,0,1,0,0,0,1,0,0,0
0.00345487,0,0,1,1,1,0,0,0,1,0,0,0,1,0,0,0
0.00345489,0,1,1,1,1,0,0,0,1,0,0,0,1,0,0,0
0.0034549,1,1,1,1,1,0,0,0,1,0,0,0,1,0,0,0
0.00345491,0,1,1,1,1,0,0,0,1,0,0,0,1,0,0,0
0.00345492,1,1,1,1,1,0,0,0,1,0,0,0,1,0,0,0
0.00345494,0,1,1,1,1,0,0,0,1,0,0,0,1,0,0,0
0.00345496,0,0,1,1,1,0,0,0,1,0,0,0,1,0,0,0
0.00345497,0,1,1,1,1,0,0,0,1,0,0,0,1,0,0,0
0.00345501,0,0,1,1,1,0,0,0,1,0,0,0,1,0,0,0
0.00345503,0,1,1,1,1,0,0,0,1,0,0,0,1,0,0,0
0.00345504,0,0,1,1,1,0,0,0,1,0,0,0,1,0,0,0
0.00345507,1,1,1,1,1,0,0,0,1,0,0,0,1,0,0,0
0.00345509,0,0,1,1,1,0,0,0,1,0,0,0,1,0,0,0
0.00345551,0,0,1,0,1,0,0,0,1,0,0,0,1,0,0,0
0.00345552,0,0,1,1,1,0,0,0,1,0,0,0,1,0,0,0
0.00345555,0,0,1,0,1,0,0,0,1,0,0,0,1,0,0,0
0.00345556,0,0,1,1,1,0,0,0,1,0,0,0,1,0,0,0
0.00345558,0,0,1,0,1,0,0,0,1,0,0,0,1,0,0,0
0.00345559,1,0,0,1,1,0,0,0,1,0,0,0,1,0,0,0
0.0034556,1,1,1,1,1,0,0,0,1,0,0,0,1,0,0,0
0.00345561,1,1,1,1,1,1,1,1,1,0,0,0,1,0,0,0
0.00345562,1,1,1,1,1,1,0,1,1,0,0,0,1,0,0,0
0.00345563,1,1,1,1,1,1,1,1,1,0,0,0,1,0,0,0
0.00345566,1,0,0,1,0,0,0,1,1,0,0,0,1,0,0,0
0.0034557,1,1,1,1,0,1,0,1,1,0,0,0,1,0,0,0
0.00345571,1,1,1,1,0,1,1,1,1,0,0,0,1,0,0,0
0.00345572,1,1,1,1,0,1,0,1,1,0,0,0,1,0,0,0
0.00345573,1,0,1,1,0,0,0,1,1,0,0,0,1,0,0,0
0.00345574,1,0,0,1,0,0,0,1,1,0,0,0,1,0,0,0
0.00345577,1,0,1,1,0,0,0,1,1,0,0,0,1,0,0,0
0.00345579,1,1,1,1,0,0,0,1,1,0,0,0,1,0,0,0
0.0034558,1,0,1,1,0,0,0,1,1,0,0,0,1,0,0,0
0.00345582,1,0,0,1,0,0,0,1,1,0,0,0,1,0,0,0
0.00345585,1,0,1,1,0,0,0,1,1,0,0,0,1,0,0,0
0.00345589,1,0,0,1,0,0,0,1,1,0,0,0,1,0,0,0
0.00345593,1,0,1,1,0,0,0,1,1,0,0,0,1,0,0,0
0.00345595,1,0,0,1,0,0,0,1,1,0,0,0,1,0,0,0
0.00345601,1,0,1,1,0,0,0,1,1,0,0,0,1,0,0,0
0.00345602,1,0,0,1,0,0,0,1,1,0,0,0,1,0,0,0
0.00345603,1,0,0,1,0,0,0,1,1,0,0,0,0,0,0,0
0.00345604,1,0,0,1,0,0,0,1,1,0,0,1,0,0,1,0
0.00345609,1,0,1,1,0,0,0,1,1,0,0,1,0,0,1,0
0.0034561,1,0,0,1,0,0,0,1,1,0,0,1,0,0,1,0
0.00345655,1,0,1,1,0,0,0,1,1,0,0,1,0,0,1,0
0.00345656,1,1,1,1,0,1,0,1,1,0,0,1,0,0,1,0
0.00345657,1,0,1,1,0,0,0,1,1,0,0,1,0,0,1,0
0.00345658,0,0,0,0,0,0,0,0,1,0,0,1,0,0,1,0
0.00345659,0,0,0,0,0,1,1,1,1,0,0,1,0,0,1,0
0.0034566,0,0,0,0,1,1,1,1,1,0,0,1,0,0,1,0
0.00345661,1,1,1,1,1,1,1,1,1,0,0,1,0,0,1,0
0.00345664,0,0,0,0,1,1,1,1,1,0,0,1,0,0,1,0
0.00345668,0,0,1,0,1,1,1,1,1,0,0,1,0,0,1,0
0.0034567,0,0,0,0,1,1,1,1,1,0,0,1,0,0,1,0
0.00345747,1,1,1,1,1,1,1,1,1,0,0,1,0,0,1,0
0.00345748,1,0,1,0,1,1,1,1,1,0,0,1,0,0,1,0
0.00345749,0,0,0,0,1,1,1,1,1,0,0,1,0,0,1,0
0.00345752,1,0,1,1,1,1,1,1,1,0,0,1,0,0,1,0
0.00345753,1,1,1,1,1,1,1,1,1,0,0,1,0,0,1,0
0.00345754,0,0,0,0,1,1,1,1,1,0,0,1,0,0,1,0
0.00345757,1,0,1,0,1,1,1,1,1,0,0,1,0,0,1,0
0.00345758,1,1,1,1,1,1,1,1,1,0,0,1,0,0,1,0
0.00345761,1,1,1,1,1,0,0,1,1,0,0,1,0,0,1,0
0.00345763,1,1,1,1,1,1,1,1,1,0,0,1,0,0,1,0
0.00345768,0,0,1,0,1,0,0,0,1,0,0,1,0,0,1,0
0.00345772,1,1,1,0,1,0,0,0,1,0,0,1,0,0,1,0
0.00345773,1,1,1,1,1,1,0,0,1,0,0,1,0,0,1,0
0.00345775,1,1,1,1,1,0,0,0,1,0,0,1,0,0,1,0
0.00345776,1,0,1,0,1,0,0,0,1,0,0,1,0,0,1,0
0.00345777,0,0,1,0,1,0,0,0,1,0,0,1,0,0,1,0
0.0034578,1,0,1,0,1,0,0,0,1,0,0,1,0,0,1,0
0.00345781,1,0,1,1,1,0,0,0,1,0,0,1,0,0,1,0
0.00345782,1,0,1,0,1,0,0,0,1,0,0,1,0,0,1,0
0.00345783,0,0,1,0,1,0,0,0,1,0,0,1,0,0,1,0
0.00345799,0,0,1,0,1,0,0,0,0,0,0,0,0,0,0,0
0.003458,0,0,1,0,1,0,0,0,0,0,1,0,1,0,0,0
0.00345852,1,1,1,0,1,0,0,0,0,0,1,0,1,0,0,0
0.00345853,1,0,1,1,1,0,0,0,0,0,1,0,1,0,0,0
0.00345854,1,1,1,1,1,1,1,1,0,0,1,0,1,0,0,0
0.00345859,0,1,1,0,0,0,1,0,0,0,1,0,1,0,0,0
0.00345863,1,1,1,1,0,1,1,1,0,0,1,0,1,0,0,0
0.00345866,1,1,1,1,0,0,1,0,0,0,1,0,1,0,0,0
0.00345867,0,1,1,0,0,0,1,0,0,0,1,0,1,0,0,0
0.00345871,1,1,1,1,0,0,1,0,0,0,1,0,1,0,0,0
0.00345873,1,1,1,0,0,0,1,0,0,0,1,0,1,0,0,0
0.00345875,0,1,1,0,0,0,1,0,0,0,1,0,1,0,0,0
0.00345878,1,1,1,0,0,0,1,0,0,0,1,0,1,0,0,0
0.00345881,0,1,1,0,0,0,1,0,0,0,1,0,1,0,0,0
0.00345887,1,1,1,0,0,0,1,0,0,0,1,0,1,0,0,0
0.00345888,0,1,1,0,0,0,1,0,0,0,1,0,1,0,0,0
0.0034595,1,1,1,1,0,0,1,0,0,0,1,0,1,0,0,0
0.00345953,1,1,1,1,1,1,1,1,0,0,1,0,1,0,0,0
0.00345957,0,1,0,0,0,0,0,1,0,0,1,0,1,0,0,0
0.00345958,0,1,0,0,0,0,0,0,0,0,1,0,1,0,0,0
0.00345961,1,1,0,1,0,1,0,1,0,0,1,0,1,0,0,0
0.00345962,1,1,1,1,0,1,0,1,0,0,1,0,1,0,0,0
0.00345963,1,1,1,1,1,1,0,1,0,0,1,0,1,0,0,0
0.00345964,1,1,1,1,0,1,0,1,0,0,1,0,1,0,0,0
0.00345966,1,1,0,1,0,0,0,0,0,0,1,0,1,0,0,0
0.00345967,0,1,0,0,0,0,0,0,0,0,1,0,1,0,0,0
0.00345969,1,1,0,1,0,1,0,0,0,0,1,0,1,0,0,0
0.0034597,1,1,1,1,0,1,0,0,0,0,1,0,1,0,0,0
0.00345971,1,1,1,1,0,1,0,1,0,0,1,0,1,0,0,0
0.00345972,1,1,0,1,0,1,0,0,0,0,1,0,1,0,0,0
0.00345974,1,1,0,1,0,0,0,0,0,0,1,0,1,0,0,0
0.00345978,1,1,0,1,0,1,0,0,0,0,1,0,1,0,0,0
0.00345981,1,1,0,1,0,0,0,0,0,0,1,0,1,0,0,0
0.00346011,0,1,0,0,0,0,0,0,0,0,1,0,1,0,0,0
0.00346012,1,1,0,1,0,0,0,0,0,0,1,0,1,0,0,0
0.00346021,0,1,0,0,0,0,0,0,0,0,1,0,1,0,0,0
0.00346022,1,1,0,1,0,0,0,0,0,0,1,0,1,0,0,0
0.00346024,1,1,0,0,0,0,0,0,0,0,1,0,1,0,0,0
0.00346029,0,1,0,0,0,0,0,0,0,0,1,0,1,0,0,0
0.00346033,1,1,0,0,0,0,0,0,0,0,1,0,1,0,0,0
0.00346034,0,1,0,0,0,0,0,0,0,0,1,0,1,0,0,0
0.00346039,1,1,0,0,0,0,0,0,0,0,1,0,1,0,0,0
0.0034604,0,1,0,0,0,0,0,0,0,0,1,0,1,0,0,0
0.00346047,1,1,1,0,0,0,0,0,0,0,1,0,1,0,0,0
0.00346048,1,1,1,1,0,0,0,0,0,0,1,0,1,0,0,0
0.00346049,1,1,1,1,0,1,0,0,0,0,1,0,1,0,0,0
0.0034605,1,1,1,1,1,1,1,1,0,0,1,0,1,0,0,0
0.00346054,1,1,1,0,0,0,1,0,0,0,1,0,1,0,0,0
0.00346057,1,1,1,1,0,1,1,1,0,0,1,0,1,0,0,0
0.00346058,1,1,1,1,1,1,1,1,0,0,1,0,1,0,0,0
0.00346059,1,1,1,1,0,1,1,1,0,0,1,0,1,0,0,0
0.0034606,1,1,1,0,0,0,1,0,0,0,1,0,1,0,0,0
0.00346065,1,1,1,1,0,1,1,0,0,0,1,0,1,0,0,0
0.00346066,1,1,1,1,0,0,1,0,0,0,1,0,1,0,0,0
0.00346067,1,1,1,0,0,0,1,0,0,0,1,0,1,0,0,0
0.00346092,1,1,1,0,0,0,1,0,0,1,1,0,0,0,0,1
0.00346093,1,1,1,0,0,0,1,0,1,1,1,0,0,0,0,1
0.00346146,1,1,1,1,0,1,1,1,1,1,1,0,0,0,0,1
0.00346147,1,1,1,1,1,1,1,1,1,1,1,0,0,0,0,1
0.0034615,0,1,1,1,1,1,1,1,1,1,1,0,0,0,0,1
0.00346151,0,1,1,0,0,0,1,0,1,1,1,0,0,0,0,1
0.00346155,0,1,1,1,0,1,1,1,1,1,1,0,0,0,0,1
0.00346156,1,1,1,1,0,1,1,1,1,1,1,0,0,0,0,1
0.00346157,0,1,1,1,0,0,1,0,1,1,1,0,0,0,0,1
0.00346158,0,1,1,0,0,0,1,0,1,1,1,0,0,0,0,1
0.00346245,1,1,1,1,1,1,1,1,1,1,1,0,0,0,0,1
0.00346246,1,1,0,0,0,1,0,0,1,1,1,0,0,0,0,1
0.00346247,0,1,0,0,0,0,0,0,1,1,1,0,0,0,0,1
0.00346249,1,1,0,1,1,1,0,1,1,1,1,0,0,0,0,1
0.0034625,1,1,1,1,1,1,1,1,1,1,1,0,0,0,0,1
0.00346253,0,1,0,1,1,1,0,1,1,1,1,0,0,0,0,1
0.00346255,0,1,0,1,0,1,0,0,1,1,1,0,0,0,0,1
0.00346256,0,1,0,0,0,1,0,0,1,1,1,0,0,0,0,1
0.00346261,1,1,0,1,0,1,0,0,1,1,1,0,0,0,0,1
0.00346262,0,1,0,0,0,1,0,0,1,1,1,0,0,0,0,1
0.00346287,0,1,0,0,0,1,0,0,0,1,0,0,0,0,0,0
0.00346288,0,1,0,0,0,1,0,0,0,1,0,0,0,1,0,0
0.0034634,0,1,0,1,0,1,0,0,0,1,0,0,0,1,0,0
0.00346341,0,1,0,0,0,1,0,0,0,1,0,0,0,1,0,0
0.00346342,1,1,1,0,0,1,0,0,0,1,0,0,0,1,0,0
0.00346343,1,1,1,1,1,1,1,1,0,1,0,0,0,1,0,0
0.00346347,0,0,0,0,1,0,0,1,0,1,0,0,0,1,0,0
0.00346351,0,0,1,0,1,0,0,1,0,1,0,0,0,1,0,0
0.00346352,1,0,1,1,1,0,0,1,0,1,0,0,0,1,0,0
0.00346353,1,1,1,1,1,1,0,1,0,1,0,0,0,1,0,0
0.00346354,1,0,1,1,1,0,0,1,0,1,0,0,0,1,0,0
0.00346355,0,0,1,0,1,0,0,1,0,1,0,0,0,1,0,0
0.00346356,0,0,0,0,1,0,0,1,0,1,0,0,0,1,0,0
0.0034636,1,0,1,1,1,0,0,1,0,1,0,0,0,1,0,0
0.00346362,0,0,0,0,1,0,0,1,0,1,0,0,0,1,0,0
0.00346437,0,0,1,1,1,0,0,1,0,1,0,0,0,1,0,0
0.00346438,1,1,1,1,1,0,0,1,0,1,0,0,0,1,0,0
0.00346439,1,1,1,1,1,1,1,1,0,1,0,0,0,1,0,0
0.00346445,0,0,0,0,0,0,1,0,0,1,0,0,0,1,0,0
0.00346449,1,1,1,1,0,1,1,0,0,1,0,0,0,1,0,0
0.00346453,1,0,1,1,0,0,1,0,0,1,0,0,0,1,0,0
0.00346454,0,0,0,0,0,0,1,0,0,1,0,0,0,1,0,0
0.00346457,0,0,1,0,0,0,1,0,0,1,0,0,0,1,0,0
0.00346458,1,0,1,1,0,0,1,0,0,1,0,0,0,1,0,0
0.00346461,0,0,1,0,0,0,1,0,0,1,0,0,0,1,0,0
0.00346462,0,0,0,0,0,0,1,0,0,1,0,0,0,1,0,0
0.00346466,0,0,1,0,0,0,1,0,0,1,0,0,0,1,0,0
0.00346468,0,0,0,0,0,0,1,0,0,1,0,0,0,1,0,0
0.00346535,0,1,1,0,0,0,1,0,0,1,0,0,0,1,0,0
0.00346537,1,1,1,0,0,0,1,0,0,1,0,0,0,1,0,0
0.00346538,1,1,1,1,0,1,1,0,0,1,0,0,0,1,0,0
0.0034654,1,1,1,1,0,0,1,0,0,1,0,0,0,1,0,0
0.00346541,0,1,1,0,0,0,1,0,0,1,0,0,0,1,0,0
0.00346639,1,1,1,1,1,1,1,0,0,1,0,0,0,1,0,0
0.0034664,1,1,1,1,1,1,1,1,0,1,0,0,0,1,0,0
0.00346645,0,0,0,1,0,0,1,0,0,1,0,0,0,1,0,0
0.00346649,1,0,1,1,0,1,1,1,0,1,0,0,0,1,0,0
0.0034665,1,1,1,1,1,1,1,1,0,1,0,0,0,1,0,0
0.00346651,1,1,1,1,0,1,1,1,0,1,0,0,0,1,0,0
0.00346652,1,0,1,1,0,1,1,0,0,1,0,0,0,1,0,0
0.00346653,0,0,0,1,0,0,1,0,0,1,0,0,0,1,0,0
0.00346657,1,0,1,1,0,0,1,0,0,1,0,0,0,1,0,0
0.00346658,0,0,1,1,0,0,1,0,0,1,0,0,0,1,0,0
0.0034666,0,0,0,1,0,0,1,0,0,1,0,0,0,1,0,0
0.00346677,0,0,0,1,0,0,1,0,0,0,0,0,0,0,0,0
0.00346679,0,0,0,1,0,0,1,0,0,0,0,1,0,0,0,1
0.0034673,1,1,1,1,0,0,1,0,0,0,0,1,0,0,0,1
0.00346732,1,1,1,1,1,1,1,1,0,0,0,1,0,0,0,1
0.00346738,0,1,0,0,0,0,0,0,0,0,0,1,0,0,0,1
0.00346742,1,1,1,1,0,1,0,1,0,0,0,1,0,0,0,1
0.00346743,1,1,1,1,1,1,0,1,0,0,0,1,0,0,0,1
0.00346744,1,1,1,1,1,1,1,1,0,0,0,1,0,0,0,1
0.00346745,1,1,1,1,1,1,0,1,0,0,0,1,0,0,0,1
0.00346746,1,1,1,0,0,1,0,1,0,0,0,1,0,0,0,1
0.00346747,0,1,0,0,0,0,0,0,0,0,0,1,0,0,0,1
0.0034675,1,1,1,0,0,1,0,1,0,0,0,1,0,0,0,1
0.00346751,1,1,1,1,0,1,0,1,0,0,0,1,0,0,0,1
0.00346752,1,1,1,0,0,1,0,1,0,0,0,1,0,0,0,1
0.00346754,0,1,1,0,0,1,0,0,0,0,0,1,0,0,0,1
0.00346758,1,1,1,0,0,1,0,0,0,0,0,1,0,0,0,1
0.00346761,0,1,1,0,0,1,0,0,0,0,0,1,0,0,0,1
0.00346766,1,1,1,0,0,1,0,0,0,0,0,1,0,0,0,1
0.00346768,0,1,1,0,0,1,0,0,0,0,0,1,0,0,0,1
0.00346771,0,1,1,0,0,0,0,0,0,0,0,1,0,0,0,1
0.00346772,0,1,1,0,0,1,0,0,0,0,0,1,0,0,0,1
0.00346774,0,1,1,0,0,0,0,0,0,0,0,1,0,0,0,1
0.00346775,0,1,1,0,0,1,0,0,0,0,0,1,0,0,0,1
0.00346777,1,1,1,0,0,1,0,0,0,0,0,1,0,0,0,1
0.00346778,0,1,1,0,0,1,0,0,0,0,0,1,0,0,0,1
0.00346779,0,1,1,0,0,0,0,0,0,0,0,1,0,0,0,1
0.0034678,0,1,1,0,0,1,0,0,0,0,0,1,0,0,0,1
0.00346781,0,1,1,0,0,0,0,0,0,0,0,1,0,0,0,1
0.00346782,0,1,1,0,0,1,0,0,0,0,0,1,0,0,0,1
0.00346784,0,1,1,0,0,0,0,0,0,0,0,1,0,0,0,1
0.00346785,0,1,1,0,0,1,0,0,0,0,0,1,0,0,0,1
0.00346787,0,1,1,0,0,0,0,0,0,0,0,1,0,0,0,1
0.00346821,0,1,0,0,0,0,0,0,0,0,0,1,0,0,0,1
0.00346822,0,1,1,0,0,0,0,0,0,0,0,1,0,0,0,1
0.00346823,0,1,0,0,0,0,0,0,0,0,0,1,0,0,0,1
0.00346824,0,1,1,0,0,0,0,0,0,0,0,1,0,0,0,1
0.00346826,0,1,0,0,0,0,0,0,0,0,0,1,0,0,0,1
0.00346827,0,1,1,0,0,0,0,0,0,0,0,1,0,0,0,1
0.00346829,0,1,0,0,0,0,0,0,0,0,0,1,0,0,0,1
0.00346831,0,1,1,0,0,0,0,0,0,0,0,1,0,0,0,1
0.00346832,0,1,0,0,0,0,0,0,0,0,0,1,0,0,0,1
0.00346834,1,1,1,1,0,0,0,0,0,0,0,1,0,0,0,1
0.00346835,1,1,1,1,0,1,0,0,0,0,0,1,0,0,0,1
0.00346837,1,1,1,1,1,1,1,1,0,0,0,1,0,0,0,1
0.0034684,0,1,0,0,1,1,1,1,0,0,0,1,0,0,0,1
0.00346841,0,1,0,0,0,1,0,0,0,0,0,1,0,0,0,1
0.00346844,0,1,1,0,0,1,0,0,0,0,0,1,0,0,0,1
0.00346845,1,1,1,1,1,1,1,1,0,0,0,1,0,0,0,1
0.00346847,1,1,1,1,0,1,0,1,0,0,0,1,0,0,0,1
0.00346848,0,1,0,0,0,1,0,0,0,0,0,1,0,0,0,1
0.00346853,0,1,1,0,0,1,0,0,0,0,0,1,0,0,0,1
0.00346855,0,1,0,0,0,1,0,0,0,0,0,1,0,0,0,1
0.00346873,0,1,0,0,0,1,0,0,0,0,0,0,0,1,0,0
0.00346874,0,1,0,0,0,1,0,0,0,1,0,0,0,1,0,0
0.0034688,0,1,0,0,0,1,0,0,0,0,0,0,0,0,0,0
0.00346881,0,1,0,0,0,1,0,0,0,1,0,0,0,1,0,0
0.00346926,0,1,1,0,0,1,0,0,0,1,0,0,0,1,0,0
0.00346927,0,1,0,0,0,1,0,0,0,1,0,0,0,1,0,0
0.00346928,1,1,1,1,1,1,0,0,0,1,0,0,0,1,0,0
0.00346929,1,1,1,1,1,1,1,1,0,1,0,0,0,1,0,0
0.00346933,1,0,0,0,1,0,0,1,0,1,0,0,0,1,0,0
0.00346937,1,1,1,1,1,1,1,1,0,1,0,0,0,1,0,0
0.0034694,1,0,1,1,1,0,0,1,0,1,0,0,0,1,0,0
0.00346941,1,0,0,0,1,0,0,1,0,1,0,0,0,1,0,0
0.00346945,1,0,1,1,1,0,0,1,0,1,0,0,0,1,0,0
0.00346947,1,0,1,0,1,0,0,1,0,1,0,0,0,1,0,0
0.00346949,1,0,0,0,1,0,0,1,0,1,0,0,0,1,0,0
0.00346952,1,0,1,0,1,0,0,1,0,1,0,0,0,1,0,0
0.00346956,1,0,0,0,1,0,0,1,0,1,0,0,0,1,0,0
0.00346963,1,0,1,0,1,0,0,1,0,1,0,0,0,1,0,0
0.00346964,1,0,0,0,1,0,0,1,0,1,0,0,0,1,0,0
0.00346968,1,0,1,0,1,0,0,1,0,1,0,0,0,1,0,0
0.00346969,1,0,0,0,1,0,0,1,0,1,0,0,0,1,0,0
0.00347023,1,1,1,1,1,0,0,1,0,1,0,0,0,1,0,0
0.00347025,1,1,1,1,1,1,1,1,0,1,0,0,0,1,0,0
0.00347031,0,0,0,0,0,0,1,0,0,1,0,0,0,1,0,0
0.00347035,0,1,1,1,0,1,1,0,0,1,0,0,0,1,0,0
0.00347036,1,1,1,1,0,1,1,0,0,1,0,0,0,1,0,0
0.00347037,1,1,1,1,0,1,1,1,0,1,0,0,0,1,0,0
0.00347038,1,1,1,1,0,1,1,0,0,1,0,0,0,1,0,0
0.00347039,0,1,1,1,0,0,1,0,0,1,0,0,0,1,0,0
0.0034704,0,0,0,0,0,0,1,0,0,1,0,0,0,1,0,0
0.00347043,0,0,1,0,0,0,1,0,0,1,0,0,0,1,0,0
0.00347044,0,1,1,1,0,0,1,0,0,1,0,0,0,1,0,0
0.00347046,0,0,1,1,0,0,1,0,0,1,0,0,0,1,0,0
0.00347047,0,0,1,0,0,0,1,0,0,1,0,0,0,1,0,0
0.00347049,0,0,0,0,0,0,1,0,0,1,0,0,0,1,0,0
0.0034705,0,0,1,0,0,0,1,0,0,1,0,0,0,1,0,0
0.00347053,0,0,1,1,0,0,1,0,0,1,0,0,0,1,0,0
0.00347054,0,0,1,0,0,0,1,0,0,1,0,0,0,1,0,0
0.00347067,0,0,0,0,0,0,1,0,0,1,0,0,0,1,0,0
0.00347068,0,0,1,0,0,0,1,0,0,1,0,0,0,1,0,0
0.0034707,0,0,0,0,0,0,1,0,0,1,0,0,0,1,0,0
0.00347071,0,0,1,0,0,0,1,0,0,1,0,0,0,1,0,0
0.00347075,0,0,0,0,0,0,1,0,0,1,0,0,0,1,0,0
0.00347121,0,1,1,0,0,0,1,0,0,1,0,0,0,1,0,0
0.00347122,1,1,1,1,0,1,1,0,0,1,0,0,0,1,0,0
0.00347123,1,1,1,1,1,1,0,0,0,1,0,0,0,1,0,0
0.00347124,0,1,1,0,0,0,0,0,0,1,0,0,0,1,0,0
0.00347125,0,1,0,0,0,0,0,0,0,1,0,0,0,1,0,0
0.00347128,1,1,1,1,0,0,0,0,0,1,0,0,0,1,0,0
0.0034713,0,1,1,0,0,0,0,0,0,1,0,0,0,1,0,0
0.00347131,0,1,0,0,0,0,0,0,0,1,0,0,0,1,0,0
0.00347225,1,1,1,1,1,1,0,1,0,1,0,0,0,1,0,0
0.00347226,1,1,1,1,1,1,1,1,0,1,0,0,0,1,0,0
0.0034723,1,1,1,1,1,1,0,1,0,1,0,0,0,1,0,0
0.00347231,0,0,1,0,1,0,0,0,0,1,0,0,0,1,0,0
0.00347235,1,0,1,1,1,1,0,1,0,1,0,0,0,1,0,0
0.00347236,1,1,1,1,1,1,0,1,0,1,0,0,0,1,0,0
0.00347238,1,0,1,1,1,0,0,0,0,1,0,0,0,1,0,0
0.00347239,0,0,1,0,1,0,0,0,0,1,0,0,0,1,0,0
0.00347243,1,0,1,1,1,0,0,0,0,1,0,0,0,1,0,0
0.00347246,0,0,1,0,1,0,0,0,0,1,0,0,0,1,0,0
0.00347263,0,0,1,0,1,0,0,0,0,0,0,0,0,0,0,0
0.00347265,0,0,1,0,1,0,0,0,0,0,1,0,1,0,0,0
0.00347271,0,0,1,0,1,0,0,0,0,0,0,0,1,0,0,0
0.00347272,0,0,1,0,1,0,0,0,0,0,1,0,1,0,0,0
0.00347318,1,0,1,0,1,0,0,0,0,0,1,0,1,0,0,0
0.00347319,1,1,1,1,1,1,1,1,0,0,1,0,1,0,0,0
0.00347421,0,0,0,0,0,0,1,0,0,0,1,0,1,0,0,0
0.00347425,1,1,1,1,0,1,1,1,0,0,1,0,1,0,0,0
0.00347429,1,0,0,1,0,1,1,1,0,0,1,0,1,0,0,0
0.0034743,0,0,0,0,0,0,1,0,0,0,1,0,1,0,0,0
0.00347433,1,0,0,1,0,1,1,0,0,0,1,0,1,0,0,0
0.00347434,1,1,1,1,0,1,1,1,0,0,1,0,1,0,0,0
0.00347435,1,1,0,1,0,1,1,1,0,0,1,0,1,0,0,0
0.00347436,1,0,0,1,0,1,1,0,0,0,1,0,1,0,0,0
0.00347437,1,0,0,1,0,0,1,0,0,0,1,0,1,0,0,0
0.00347438,0,0,0,1,0,0,1,0,0,0,1,0,1,0,0,0
0.00347442,1,0,0,1,0,1,1,0,0,0,1,0,1,0,0,0
0.00347444,1,0,0,1,0,0,1,0,0,0,1,0,1,0,0,0
0.00347445,0,0,0,1,0,0,1,0,0,0,1,0,1,0,0,0
0.00347451,1,0,0,1,0,0,1,0,0,0,1,0,1,0,0,0
0.00347452,0,0,0,1,0,0,1,0,0,0,1,0,1,0,0,0
0.00347453,1,0,0,1,0,0,1,0,0,0,1,0,1,0,0,0
0.00347454,0,0,0,1,0,0,1,0,0,0,1,0,1,0,0,0
0.00347457,1,0,0,1,0,0,1,0,0,0,1,0,1,0,0,0
0.00347459,0,0,0,1,0,0,1,0,0,0,1,0,1,0,0,0
0.0034746,1,0,0,1,0,0,1,0,0,0,1,0,1,0,0,0
0.00347462,0,0,0,1,0,0,1,0,0,0,1,0,1,0,0,0
0.00347486,0,0,0,0,0,0,1,0,0,0,1,0,1,0,0,0
0.00347487,0,0,0,1,0,0,1,0,0,0,1,0,1,0,0,0
0.0034749,0,0,0,0,0,0,1,0,0,0,1,0,1,0,0,0
0.00347493,0,0,0,1,0,0,1,0,0,0,1,0,1,0,0,0
0.00347494,0,0,0,0,0,0,1,0,0,0,1,0,1,0,0,0
0.003475,0,0,0,1,0,0,1,0,0,0,1,0,1,0,0,0
0.00347501,0,0,0,0,0,0,1,0,0,0,1,0,1,0,0,0
0.00347503,0,0,0,1,0,0,1,0,0,0,1,0,1,0,0,0
0.00347504,0,0,0,0,0,0,1,0,0,0,1,0,1,0,0,0
0.00347511,1,0,0,1,0,0,1,0,0,0,1,0,1,0,0,0
0.00347512,0,0,0,0,0,0,1,0,0,0,1,0,1,0,0,0
0.00347514,1,0,1,1,1,1,1,0,0,0,1,0,1,0,0,0
0.00347515,1,1,1,1,1,1,1,1,0,0,1,0,1,0,0,0
0.00347519,0,0,1,1,1,1,0,1,0,0,1,0,1,0,0,0
0.0034752,0,0,1,1,1,1,0,0,0,0,1,0,1,0,0,0
0.00347523,1,1,1,1,1,1,0,1,0,0,1,0,1,0,0,0
0.00347526,0,0,1,1,1,1,0,0,0,0,1,0,1,0,0,0
0.0034753,1,0,1,1,1,1,0,0,0,0,1,0,1,0,0,0
0.00347531,1,1,1,1,1,1,0,0,0,0,1,0,1,0,0,0
0.00347532,1,0,1,1,1,1,0,0,0,0,1,0,1,0,0,0
0.00347533,0,0,1,1,1,1,0,0,0,0,1,0,1,0,0,0
0.00347557,0,0,1,1,1,1,0,0,0,0,1,1,1,1,0,0
0.00347611,1,1,1,1,1,1,0,1,0,0,1,1,1,1,0,0
0.00347614,1,1,1,1,1,1,1,1,0,0,1,1,1,1,0,0
0.00347616,0,0,0,0,1,0,0,1,0,0,1,1,1,1,0,0
0.0034762,1,1,1,1,1,1,0,1,0,0,1,1,1,1,0,0
0.00347623,1,0,0,0,1,0,0,1,0,0,1,1,1,1,0,0
0.00347624,0,0,0,0,1,0,0,1,0,0,1,1,1,1,0,0
0.00347628,1,0,0,0,1,0,0,1,0,0,1,1,1,1,0,0
0.0034763,0,0,0,0,1,0,0,1,0,0,1,1,1,1,0,0
0.00347707,0,1,1,1,1,0,0,1,0,0,1,1,1,1,0,0
0.00347708,1,1,1,1,1,0,1,1,0,0,1,1,1,1,0,0
0.00347709,1,1,1,1,1,1,1,1,0,0,1,1,1,1,0,0
0.00347715,0,0,0,0,0,0,1,0,0,0,1,1,1,1,0,0
0.00347719,1,1,1,1,0,1,1,0,0,0,1,1,1,1,0,0
0.0034772,1,1,1,1,0,1,1,1,0,0,1,1,1,1,0,0
0.00347722,1,1,1,1,0,1,1,0,0,0,1,1,1,1,0,0
0.00347723,0,0,1,0,0,0,1,0,0,0,1,1,1,1,0,0
0.00347724,0,0,0,0,0,0,1,0,0,0,1,1,1,1,0,0
0.00347727,1,0,1,1,0,0,1,0,0,0,1,1,1,1,0,0
0.00347728,1,1,1,1,0,1,1,0,0,0,1,1,1,1,0,0
0.00347729,1,0,1,1,0,1,1,0,0,0,1,1,1,1,0,0
0.0034773,0,0,1,1,0,0,1,0,0,0,1,1,1,1,0,0
0.00347731,0,0,1,0,0,0,1,0,0,0,1,1,1,1,0,0
0.00347732,0,0,0,0,0,0,1,0,0,0,1,1,1,1,0,0
0.00347735,0,0,1,0,0,0,1,0,0,0,1,1,1,1,0,0
0.00347736,0,0,1,1,0,0,1,0,0,0,1,1,1,1,0,0
0.00347738,0,0,1,0,0,0,1,0,0,0,1,1,1,1,0,0
0.00347739,0,0,0,0,0,0,1,0,0,0,1,1,1,1,0,0
0.00347744,0,0,1,0,0,0,1,0,0,0,1,1,1,1,0,0
0.00347745,0,0,0,0,0,0,1,0,0,0,1,1,1,1,0,0
0.00347804,1,0,1,0,0,0,1,0,0,0,1,1,1,1,0,0
0.00347806,1,1,1,1,0,1,1,1,0,0,1,1,1,1,0,0
0.00347807,1,1,1,1,1,1,1,1,0,0,1,1,1,1,0,0
0.00347812,0,1,1,1,0,1,1,0,0,0,1,1,1,1,0,0
0.00347813,0,1,1,0,0,0,1,0,0,0,1,1,1,1,0,0
0.00347818,1,1,1,1,0,1,1,1,0,0,1,1,1,1,0,0
0.00347819,1,1,1,1,0,1,1,0,0,0,1,1,1,1,0,0
0.0034782,0,1,1,0,0,0,1,0,0,0,1,1,1,1,0,0
0.00347903,1,1,1,1,0,1,1,0,0,0,1,1,1,1,0,0
0.00347904,0,1,1,1,0,1,1,0,0,0,1,1,1,1,0,0
0.00347905,0,1,1,0,0,0,1,0,0,0,1,1,1,1,0,0
0.00347908,0,1,1,0,0,1,1,0,0,0,1,1,1,1,0,0
0.00347909,1,1,1,1,1,1,1,1,0,0,1,1,1,1,0,0
0.00347914,1,0,0,0,1,0,0,1,0,0,1,1,1,1,0,0
0.00347918,1,0,0,0,1,1,0,1,0,0,1,1,1,1,0,0
0.00347919,1,1,1,1,1,1,0,1,0,0,1,1,1,1,0,0
0.00347921,1,0,0,1,1,1,0,1,0,0,1,1,1,1,0,0
0.00347922,1,0,0,0,1,0,0,1,0,0,1,1,1,1,0,0
0.00347927,1,0,0,1,1,0,0,1,0,0,1,1,1,1,0,0
0.00347928,1,0,0,0,1,0,0,1,0,0,1,1,1,1,0,0
0.00347999,1,0,0,1,1,0,0,1,0,0,1,1,1,1,0,0
0.00348,1,1,1,1,1,0,0,1,0,0,1,1,1,1,0,0
0.00348001,1,1,1,0,1,0,0,1,0,0,1,1,1,1,0,0
0.00348002,1,1,1,1,1,1,1,1,0,0,1,1,1,1,0,0
0.00348007,1,1,1,1,0,1,1,1,0,0,1,1,1,1,0,0
0.00348008,0,0,0,0,0,0,1,0,0,0,1,1,1,1,0,0
0.00348012,1,1,1,1,0,1,1,1,0,0,1,1,1,1,0,0
0.00348015,1,1,1,1,0,1,1,0,0,0,1,1,1,1,0,0
0.00348016,0,0,1,1,0,1,1,0,0,0,1,1,1,1,0,0
0.00348017,0,0,0,0,0,0,1,0,0,0,1,1,1,1,0,0
0.0034802,0,0,1,1,0,1,1,0,0,0,1,1,1,1,0,0
0.00348021,0,1,1,1,0,1,1,0,0,0,1,1,1,1,0,0
0.00348022,0,0,1,1,0,1,1,0,0,0,1,1,1,1,0,0
0.00348025,0,0,0,0,0,0,1,0,0,0,1,1,1,1,0,0
0.00348027,0,0,1,1,0,0,1,0,0,0,1,1,1,1,0,0
0.00348028,0,0,1,1,0,1,1,0,0,0,1,1,1,1,0,0
0.00348032,0,0,1,1,0,0,1,0,0,0,1,1,1,1,0,0
0.00348033,0,0,1,0,0,0,1,0,0,0,1,1,1,1,0,0
0.00348034,0,0,1,1,0,0,1,0,0,0,1,1,1,1,0,0
0.00348039,0,0,1,0,0,0,1,0,0,0,1,1,1,1,0,0
0.0034804,0,0,0,0,0,0,1,0,0,0,1,1,1,1,0,0
0.00348042,0,0,1,1,0,0,1,0,0,0,1,1,1,1,0,0
0.00348043,0,0,1,0,0,0,1,0,0,0,1,1,1,1,0,0
0.00348045,0,0,1,1,0,0,1,0,0,0,1,1,1,1,0,0
0.00348046,0,0,0,0,0,0,1,0,0,0,1,1,1,1,0,0
0.00348098,1,1,1,1,1,1,1,1,0,0,1,1,1,1,0,0
0.00348104,1,1,1,1,0,1,0,1,0,0,1,1,1,1,0,0
0.00348105,0,1,0,0,0,0,0,0,0,0,1,1,1,1,0,0
0.00348108,0,1,1,1,0,1,0,1,0,0,1,1,1,1,0,0
0.00348109,1,1,1,1,0,1,0,1,0,0,1,1,1,1,0,0
0.0034811,1,1,1,1,1,1,1,1,0,0,1,1,1,1,0,0
0.00348112,1,1,1,1,0,1,0,1,0,0,1,1,1,1,0,0
0.00348113,0,1,1,1,0,1,0,0,0,0,1,1,1,1,0,0
0.00348114,0,1,0,0,0,0,0,0,0,0,1,1,1,1,0,0
0.00348116,0,1,1,1,0,1,0,0,0,0,1,1,1,1,0,0
0.00348117,1,1,1,1,0,1,0,1,0,0,1,1,1,1,0,0
0.0034812,0,1,1,1,0,1,0,0,0,0,1,1,1,1,0,0
0.00348137,0,1,1,1,0,0,0,0,0,0,1,1,1,1,0,0
0.00348139,0,1,1,1,0,1,0,0,0,0,1,1,1,1,0,0
0.00348145,0,1,1,1,0,0,0,0,0,0,1,1,1,1,0,0
0.00348148,0,1,1,1,0,1,0,0,0,0,1,1,1,1,0,0
0.00348149,0,1,1,1,0,0,0,0,0,0,1,1,1,1,0,0
0.00348151,0,1,1,1,0,1,0,0,0,0,1,1,1,1,0,0
0.00348152,0,1,1,1,0,0,0,0,0,0,1,1,1,1,0,0
0.00348153,0,1,0,1,0,0,0,0,0,0,1,1,1,1,0,0
0.00348154,0,1,0,0,0,0,0,0,0,0,1,1,1,1,0,0
0.00348156,0,1,1,1,0,0,0,0,0,0,1,1,1,1,0,0
0.00348158,0,1,0,0,0,0,0,0,0,0,1,1,1,1,0,0
0.00348195,0,1,1,1,0,0,0,0,0,0,1,1,1,1,0,0
0.00348196,1,1,1,1,0,1,1,1,0,0,1,1,1,1,0,0
0.00348197,1,1,1,1,1,1,1,1,0,0,1,1,1,1,0,0
0.00348201,0,1,0,0,0,0,0,0,0,0,1,1,1,1,0,0
0.00348205,0,1,1,1,0,1,0,0,0,0,1,1,1,1,0,0
0.00348206,1,1,1,1,0,1,0,1,0,0,1,1,1,1,0,0
0.00348208,0,1,1,0,0,0,0,0,0,0,1,1,1,1,0,0
0.00348209,0,1,0,0,0,0,0,0,0,0,1,1,1,1,0,0
0.00348296,0,1,1,0,0,0,1,0,0,0,1,1,1,1,0,0
0.00348299,0,1,1,1,0,1,1,0,0,0,1,1,1,1,0,0
0.003483,1,1,1,1,0,1,1,1,0,0,1,1,1,1,0,0
0.00348301,0,1,1,0,0,0,1,0,0,0,1,1,1,1,0,0
0.00348392,0,1,1,1,0,1,1,1,0,0,1,1,1,1,0,0
0.00348393,1,1,1,1,1,1,1,1,0,0,1,1,1,1,0,0
0.00348492,1,1,0,0,1,0,0,0,0,0,1,1,1,1,0,0
0.00348493,0,1,0,0,1,0,0,0,0,0,1,1,1,1,0,0
0.00348497,0,1,1,1,1,1,0,1,0,0,1,1,1,1,0,0
0.00348498,0,1,1,1,1,1,1,1,0,0,1,1,1,1,0,0
0.00348499,0,1,0,0,1,0,0,0,0,0,1,1,1,1,0,0
0.00348533,0,1,0,0,1,0,0,0,0,0,0,0,1,0,0,0
0.00348534,0,1,0,0,1,0,0,0,0,1,0,0,1,0,0,0
0.0034854,0,1,0,0,1,0,0,0,0,0,0,0,0,0,0,0
0.00348541,0,1,0,0,1,0,0,0,0,1,0,0,1,0,0,0
0.00348588,1,1,1,1,1,1,1,1,0,1,0,0,1,0,0,0
0.00348593,0,0,0,0,1,0,0,0,0,1,0,0,1,0,0,0
0.00348597,1,0,1,1,1,1,1,1,0,1,0,0,1,0,0,0
0.00348598,1,1,1,1,1,1,1,1,0,1,0,0,1,0,0,0
0.00348601,1,0,1,1,1,1,0,0,0,1,0,0,1,0,0,0
0.00348602,0,0,0,0,1,0,0,0,0,1,0,0,1,0,0,0
0.00348605,0,0,1,1,1,0,0,0,0,1,0,0,1,0,0,0
0.00348606,1,0,1,1,1,1,0,0,0,1,0,0,1,0,0,0
0.00348608,1,0,1,1,1,0,0,0,0,1,0,0,1,0,0,0
0.00348609,0,0,1,1,1,0,0,0,0,1,0,0,1,0,0,0
0.0034861,0,0,1,0,1,0,0,0,0,1,0,0,1,0,0,0
0.00348613,0,0,1,1,1,0,0,0,0,1,0,0,1,0,0,0
0.00348616,0,0,1,0,1,0,0,0,0,1,0,0,1,0,0,0
0.00348617,0,0,1,1,1,0,0,0,0,1,0,0,1,0,0,0
0.00348618,0,0,1,0,1,0,0,0,0,1,0,0,1,0,0,0
0.00348629,0,0,0,0,1,0,0,0,0,1,0,0,1,0,0,0
0.0034863,0,0,1,0,1,0,0,0,0,1,0,0,1,0,0,0
0.00348643,0,0,0,0,1,0,0,0,0,1,0,0,1,0,0,0
0.00348645,0,0,1,0,1,0,0,0,0,1,0,0,1,0,0,0
0.00348648,0,0,0,0,1,0,0,0,0,1,0,0,1,0,0,0
0.0034865,0,0,1,0,1,0,0,0,0,1,0,0,1,0,0,0
0.00348651,0,0,0,0,1,0,0,0,0,1,0,0,1,0,0,0
0.00348654,0,0,1,0,1,0,0,0,0,1,0,0,1,0,0,0
0.00348655,0,0,0,0,1,0,0,0,0,1,0,0,1,0,0,0
0.00348683,1,1,1,1,1,0,0,0,0,1,0,0,1,0,0,0
0.00348684,1,1,1,1,1,1,1,1,0,1,0,0,1,0,0,0
0.00348691,1,0,0,0,1,0,0,0,0,1,0,0,1,0,0,0
0.00348695,1,1,1,1,1,1,1,1,0,1,0,0,1,0,0,0
0.00348698,1,1,1,1,1,0,0,0,0,1,0,0,1,0,0,0
0.00348699,1,0,0,0,1,0,0,0,0,1,0,0,1,0,0,0
0.00348702,1,0,1,0,1,0,0,0,0,1,0,0,1,0,0,0
0.00348703,1,1,1,1,1,1,0,0,0,1,0,0,1,0,0,0
0.00348705,1,1,1,1,1,0,0,0,0,1,0,0,1,0,0,0
0.00348706,1,0,1,0,1,0,0,0,0,1,0,0,1,0,0,0
0.00348707,1,0,0,0,1,0,0,0,0,1,0,0,1,0,0,0
0.0034871,1,0,1,0,1,0,0,0,0,1,0,0,1,0,0,0
0.00348715,1,0,0,0,1,0,0,0,0,1,0,0,1,0,0,0
0.00348717,1,0,1,0,1,0,0,0,0,1,0,0,1,0,0,0
0.00348721,1,0,0,0,1,0,0,0,0,1,0,0,1,0,0,0
0.00348726,1,0,1,0,1,0,0,0,0,1,0,0,1,0,0,0
0.00348728,1,0,1,0,1,0,0,0,0,0,0,0,1,0,0,0
0.00348729,1,0,0,0,1,0,0,0,1,0,0,0,1,0,0,0
0.00348733,1,0,1,0,1,0,0,0,1,0,0,0,1,0,0,0
0.00348735,1,0,1,0,1,0,0,0,0,0,0,0,0,0,0,0
0.00348736,1,0,0,0,1,0,0,0,1,0,0,0,1,0,0,0
0.00348741,1,0,1,0,1,0,0,0,1,0,0,0,1,0,0,0
0.00348743,1,0,0,0,1,0,0,0,1,0,0,0,1,0,0,0
0.00348781,1,0,1,0,1,0,0,0,1,0,0,0,1,0,0,0
0.00348782,1,1,0,0,1,0,0,0,1,0,0,0,1,0,0,0
0.00348783,1,1,1,1,1,1,0,1,1,0,0,0,1,0,0,0
0.00348784,1,1,1,1,1,1,1,1,1,0,0,0,1,0,0,0
0.00348788,0,0,0,0,0,1,1,1,1,0,0,0,1,0,0,0
0.00348789,0,0,0,0,0,1,0,0,1,0,0,0,1,0,0,0
0.00348792,0,1,1,1,0,1,1,1,1,0,0,0,1,0,0,0
0.00348793,1,1,1,1,0,1,1,1,1,0,0,0,1,0,0,0
0.00348796,1,1,1,1,0,1,0,1,1,0,0,0,1,0,0,0
0.00348797,0,0,1,0,0,1,0,0,1,0,0,0,1,0,0,0
0.00348798,0,0,0,0,0,1,0,0,1,0,0,0,1,0,0,0
0.003488,0,0,1,1,0,1,0,0,1,0,0,0,1,0,0,0
0.00348801,0,1,1,1,0,1,0,1,1,0,0,0,1,0,0,0
0.00348804,0,0,1,1,0,1,0,0,1,0,0,0,1,0,0,0
0.00348806,0,0,1,0,0,1,0,0,1,0,0,0,1,0,0,0
0.00348807,0,0,1,1,0,1,0,0,1,0,0,0,1,0,0,0
0.00348821,0,0,1,0,0,1,0,0,1,0,0,0,1,0,0,0
0.00348823,0,0,1,1,0,1,0,0,1,0,0,0,1,0,0,0
0.00348824,0,0,1,0,0,1,0,0,1,0,0,0,1,0,0,0
0.00348825,0,0,1,1,0,1,0,0,1,0,0,0,1,0,0,0
0.00348826,0,0,1,0,0,1,0,0,1,0,0,0,1,0,0,0
0.00348827,0,0,1,1,0,1,0,0,1,0,0,0,1,0,0,0
0.0034883,0,0,1,0,0,1,0,0,1,0,0,0,1,0,0,0
0.0034886,0,0,0,0,0,1,0,0,1,0,0,0,1,0,0,0
0.00348861,0,0,1,0,0,1,0,0,1,0,0,0,1,0,0,0
0.00348864,0,0,0,0,0,1,0,0,1,0,0,0,1,0,0,0
0.0034887,0,0,1,0,0,1,0,0,1,0,0,0,1,0,0,0
0.00348871,0,0,0,0,0,1,0,0,1,0,0,0,1,0,0,0
0.00348872,0,0,1,0,0,1,0,0,1,0,0,0,1,0,0,0
0.00348873,0,0,0,0,0,1,0,0,1,0,0,0,1,0,0,0
0.00348875,0,0,1,0,0,1,0,0,1,0,0,0,1,0,0,0
0.00348876,0,0,0,0,0,1,0,0,1,0,0,0,1,0,0,0
0.00348878,1,1,1,1,0,1,0,0,1,0,0,0,1,0,0,0
0.0034888,1,1,1,1,1,1,1,1,1,0,0,0,1,0,0,0
0.00348886,1,0,1,1,0,0,0,1,1,0,0,0,1,0,0,0
0.00348887,1,0,0,1,0,0,0,1,1,0,0,0,1,0,0,0
0.0034889,1,1,1,1,0,0,1,1,1,0,0,0,1,0,0,0
0.00348891,1,1,1,1,1,1,1,1,1,0,0,0,1,0,0,0
0.00348892,1,1,1,1,0,1,1,1,1,0,0,0,1,0,0,0
0.00348893,1,0,1,1,0,0,0,1,1,0,0,0,1,0,0,0
0.00348894,1,0,0,1,0,0,0,1,1,0,0,0,1,0,0,0
0.00348898,1,1,1,1,0,0,0,1,1,0,0,0,1,0,0,0
0.003489,1,0,1,1,0,0,0,1,1,0,0,0,1,0,0,0
0.00348902,1,0,0,1,0,0,0,1,1,0,0,0,1,0,0,0
0.00348905,1,0,1,1,0,0,0,1,1,0,0,0,1,0,0,0
0.00348909,1,0,0,1,0,0,0,1,1,0,0,0,1,0,0,0
0.00348923,1,0,1,1,0,0,0,1,1,0,0,0,0,0,0,0
0.00348924,1,0,0,1,0,0,0,1,1,0,0,1,0,0,1,0
0.00348929,1,0,1,1,0,0,0,1,1,0,0,1,0,0,1,0
0.0034893,1,0,0,1,0,0,0,1,1,0,0,1,0,0,1,0
0.00348975,1,0,1,1,0,0,0,1,1,0,0,1,0,0,1,0
0.00348976,1,1,1,1,1,1,0,1,1,0,0,1,0,0,1,0
0.00348977,1,0,0,0,0,0,0,0,1,0,0,1,0,0,1,0
0.00348978,0,0,0,0,0,0,0,0,1,0,0,1,0,0,1,0
0.00348979,0,0,0,0,1,0,0,0,1,0,0,1,0,0,1,0
0.00348981,0,1,1,0,1,0,0,0,1,0,0,1,0,0,1,0
0.00348982,1,1,1,1,1,1,1,1,1,0,0,1,0,0,1,0
0.00348983,0,1,1,0,1,0,0,0,1,0,0,1,0,0,1,0
0.00348984,0,0,0,0,1,0,0,0,1,0,0,1,0,0,1,0
0.00349073,0,1,1,1,1,0,0,0,1,0,0,1,0,0,1,0
0.00349074,0,0,0,0,1,0,0,0,1,0,0,1,0,0,1,0
0.00349077,1,1,1,1,1,0,0,0,1,0,0,1,0,0,1,0
0.00349078,1,1,1,1,1,1,1,1,1,0,0,1,0,0,1,0
0.00349081,1,1,1,0,1,0,0,0,1,0,0,1,0,0,1,0
0.00349082,0,0,1,0,1,0,0,0,1,0,0,1,0,0,1,0
0.00349088,1,1,1,1,1,0,0,0,1,0,0,1,0,0,1,0
0.00349089,0,0,1,0,1,0,0,0,1,0,0,1,0,0,1,0
0.00349118,0,0,1,0,1,0,0,0,1,0,0,0,0,0,0,0
0.00349119,0,0,1,0,1,0,0,0,0,0,0,0,0,0,0,0
0.0034912,0,0,1,0,1,0,0,0,0,0,1,0,1,0,0,0
0.00349174,1,1,1,1,1,1,1,1,0,0,1,0,1,0,0,0
0.00349179,1,0,1,1,0,0,0,1,0,0,1,0,1,0,0,0
0.00349183,1,1,1,1,0,0,0,1,0,0,1,0,1,0,0,0
0.00349184,1,1,1,1,0,1,0,1,0,0,1,0,1,0,0,0
0.00349185,1,0,1,1,0,0,0,1,0,0,1,0,1,0,0,0
0.0034927,1,1,1,1,1,1,1,1,0,0,1,0,1,0,0,0
0.00349275,1,1,1,1,0,0,0,0,0,0,1,0,1,0,0,0
0.00349276,1,1,0,1,0,0,0,0,0,0,1,0,1,0,0,0
0.0034928,1,1,1,1,0,1,0,0,0,0,1,0,1,0,0,0
0.00349282,1,1,0,1,0,0,0,0,0,0,1,0,1,0,0,0
0.00349369,1,1,0,1,0,1,0,0,0,0,1,0,1,0,0,0
0.0034937,1,1,1,1,1,1,1,1,0,0,1,0,1,0,0,0
0.00349373,1,1,1,1,0,1,1,1,0,0,1,0,1,0,0,0
0.00349374,1,1,1,0,0,0,1,0,0,0,1,0,1,0,0,0
0.00349411,1,1,1,0,0,0,1,0,0,0,1,0,0,0,0,0
0.00349412,1,1,1,0,0,0,1,0,1,1,1,0,0,0,0,1
0.00349466,1,1,1,1,0,0,1,0,1,1,1,0,0,0,0,1
0.00349467,1,1,1,1,0,1,1,1,1,1,1,0,0,0,0,1
0.00349468,1,1,1,1,1,1,1,1,1,1,1,0,0,0,0,1
0.00349469,1,0,1,1,1,1,1,1,1,1,1,0,0,0,0,1
0.0034947,1,0,1,1,0,0,1,1,1,1,1,0,0,0,0,1
0.00349471,1,0,1,1,0,0,0,1,1,1,1,0,0,0,0,1
0.00349564,1,1,1,1,0,0,0,1,1,1,1,0,0,0,0,1
0.00349566,1,1,0,1,0,0,0,0,1,1,1,0,0,0,0,1
0.00349569,1,1,1,1,0,1,1,0,1,1,1,0,0,0,0,1
0.0034957,1,1,1,1,1,1,1,1,1,1,1,0,0,0,0,1
0.00349572,0,1,1,0,1,1,0,1,1,1,1,0,0,0,0,1
0.00349573,0,1,0,0,0,1,0,0,1,1,1,0,0,0,0,1
0.00349607,0,1,0,0,0,1,0,0,0,1,0,0,0,0,0,0
0.00349608,0,1,0,0,0,1,0,0,0,1,0,0,0,1,0,0
0.00349662,1,1,1,1,1,1,0,0,0,1,0,0,0,1,0,0
0.00349663,1,1,1,1,1,1,1,0,0,1,0,0,0,1,0,0
0.00349664,1,1,1,1,1,1,1,1,0,1,0,0,0,1,0,0
0.00349668,0,0,0,0,1,0,0,1,0,1,0,0,0,1,0,0
0.00349673,1,0,1,1,1,1,0,1,0,1,0,0,0,1,0,0
0.00349675,0,0,0,0,1,0,0,1,0,1,0,0,0,1,0,0
0.00349757,0,1,0,0,1,0,0,1,0,1,0,0,0,1,0,0
0.00349758,0,1,0,0,1,0,1,1,0,1,0,0,0,1,0,0
0.0034976,0,1,0,0,1,1,1,1,0,1,0,0,0,1,0,0
0.00349761,1,1,1,1,1,1,1,1,0,1,0,0,0,1,0,0
0.00349763,1,1,1,1,0,0,1,0,0,1,0,0,0,1,0,0
0.00349764,0,0,0,0,0,0,1,0,0,1,0,0,0,1,0,0
0.00349769,1,1,1,1,0,1,1,0,0,1,0,0,0,1,0,0
0.0034977,0,0,1,1,0,1,1,0,0,1,0,0,0,1,0,0
0.00349771,0,0,0,0,0,0,1,0,0,1,0,0,0,1,0,0
0.00349855,1,1,1,1,0,0,1,0,0,1,0,0,0,1,0,0
0.00349856,1,1,1,1,0,1,1,1,0,1,0,0,0,1,0,0
0.00349857,1,1,1,1,1,1,0,1,0,1,0,0,0,1,0,0
0.00349858,1,0,1,1,0,0,0,1,0,1,0,0,0,1,0,0
0.00349959,1,1,1,1,1,1,0,1,0,1,0,0,0,1,0,0
0.0034996,1,1,1,1,1,1,1,1,0,1,0,0,0,1,0,0
0.00349964,0,0,0,1,0,0,1,1,0,1,0,0,0,1,0,0
0.00349965,0,0,0,1,0,0,1,0,0,1,0,0,0,1,0,0
0.0034997,0,0,1,1,0,1,1,0,0,1,0,0,0,1,0,0
0.00349971,0,0,0,1,0,0,1,0,0,1,0,0,0,1,0,0
0.00349997,0,0,0,1,0,0,1,0,0,0,0,0,0,0,0,0
0.00349998,0,0,0,1,0,0,1,0,0,0,0,1,0,0,0,1
0.00350005,0,0,0,1,0,0,1,0,0,0,0,1,0,0,0,0
0.00350006,0,0,0,1,0,0,1,0,0,0,0,1,0,0,0,1
0.0035005,0,1,0,1,0,0,1,0,0,0,0,1,0,0,0,1
0.00350051,0,0,0,1,0,0,1,0,0,0,0,1,0,0,0,1
0.00350052,0,0,0,1,0,1,1,0,0,0,0,1,0,0,0,1
0.00350053,1,1,1,1,1,1,1,1,0,0,0,1,0,0,0,1
0.00350057,1,1,0,1,0,0,0,0,0,0,0,1,0,0,0,1
0.00350061,1,1,1,1,0,1,0,0,0,0,0,1,0,0,0,1
0.00350062,1,1,1,1,0,1,0,1,0,0,0,1,0,0,0,1
0.00350063,1,1,0,1,0,1,0,0,0,0,0,1,0,0,0,1
0.00350064,1,1,0,1,0,0,0,0,0,0,0,1,0,0,0,1
0.00350154,1,1,0,1,0,1,0,0,0,0,0,1,0,0,0,1
0.00350156,1,1,1,1,1,1,1,1,0,0,0,1,0,0,0,1
0.00350157,0,1,0,0,0,1,1,1,0,0,0,1,0,0,0,1
0.00350158,0,1,0,0,0,1,0,0,0,0,0,1,0,0,0,1
0.00350162,0,1,1,0,0,1,0,0,0,0,0,1,0,0,0,1
0.00350164,0,1,0,0,0,1,0,0,0,0,0,1,0,0,0,1
0.00350192,0,1,0,0,0,1,0,0,0,0,0,0,0,0,0,0
0.00350193,0,1,0,0,0,1,0,0,0,1,0,0,0,1,0,0
0.003502,0,1,0,0,0,1,0,0,0,1,0,0,0,0,0,0
0.00350201,0,1,0,0,0,1,0,0,0,1,0,0,0,1,0,0
0.00350248,1,1,1,1,1,1,1,1,0,1,0,0,0,1,0,0
0.00350253,1,0,0,0,1,0,0,1,0,1,0,0,0,1,0,0
0.00350258,1,0,1,0,1,1,0,1,0,1,0,0,0,1,0,0
0.00350259,1,0,1,0,1,1,1,1,0,1,0,0,0,1,0,0
0.0035026,1,0,0,0,1,0,0,1,0,1,0,0,0,1,0,0
0.00350343,1,1,1,1,1,0,0,1,0,1,0,0,0,1,0,0
0.00350344,1,1,1,1,1,1,1,1,0,1,0,0,0,1,0,0
0.0035035,0,0,0,0,0,0,1,0,0,1,0,0,0,1,0,0
0.00350354,0,0,1,0,0,1,1,0,0,1,0,0,0,1,0,0
0.00350355,1,1,1,1,0,1,1,0,0,1,0,0,0,1,0,0
0.00350357,0,1,1,1,0,1,1,0,0,1,0,0,0,1,0,0
0.00350358,0,0,1,0,0,0,1,0,0,1,0,0,0,1,0,0
0.00350359,0,0,0,0,0,0,1,0,0,1,0,0,0,1,0,0
0.00350363,0,0,1,0,0,1,1,0,0,1,0,0,0,1,0,0
0.00350365,0,0,0,0,0,0,1,0,0,1,0,0,0,1,0,0
0.0035044,1,1,1,1,0,0,1,0,0,1,0,0,0,1,0,0
0.00350442,1,1,1,1,1,1,1,1,0,1,0,0,0,1,0,0
0.00350443,1,1,1,1,1,1,0,1,0,1,0,0,0,1,0,0
0.00350444,1,1,0,1,0,0,0,0,0,1,0,0,0,1,0,0
0.00350448,1,1,1,1,0,1,0,0,0,1,0,0,0,1,0,0
0.00350451,1,1,0,1,0,0,0,0,0,1,0,0,0,1,0,0
0.00350544,1,1,0,1,0,1,0,0,0,1,0,0,0,1,0,0
0.00350545,1,1,1,1,1,1,1,1,0,1,0,0,0,1,0,0
0.0035055,0,0,1,0,1,0,0,0,0,1,0,0,0,1,0,0
0.00350555,1,0,1,1,1,1,0,0,0,1,0,0,0,1,0,0
0.00350556,1,1,1,1,1,1,0,1,0,1,0,0,0,1,0,0
0.00350557,1,1,1,1,1,1,0,0,0,1,0,0,0,1,0,0
0.00350558,0,0,1,0,1,0,0,0,0,1,0,0,0,1,0,0
0.00350583,0,0,1,0,1,0,0,0,0,0,0,0,0,0,0,0
0.00350584,0,0,1,0,1,0,0,0,0,0,1,0,1,0,0,0
0.00350636,1,1,1,1,1,0,0,0,0,0,1,0,1,0,0,0
0.00350637,1,1,1,1,1,1,0,0,0,0,1,0,1,0,0,0
0.00350638,1,1,1,1,1,1,1,1,0,0,1,0,1,0,0,0
0.00350741,0,0,0,0,0,0,1,0,0,0,1,0,1,0,0,0
0.00350745,1,1,0,1,0,1,1,1,0,0,1,0,1,0,0,0
0.00350746,1,1,1,1,0,1,1,1,0,0,1,0,1,0,0,0
0.00350749,1,1,1,1,0,1,1,0,0,0,1,0,1,0,0,0
0.0035075,0,0,0,0,0,0,1,0,0,0,1,0,1,0,0,0
0.00350753,1,0,0,1,0,0,1,0,0,0,1,0,1,0,0,0
0.00350754,1,1,0,1,0,1,1,0,0,0,1,0,1,0,0,0
0.00350755,1,1,1,1,0,1,1,0,0,0,1,0,1,0,0,0
0.00350756,1,1,0,1,0,0,1,0,0,0,1,0,1,0,0,0
0.00350757,1,0,0,1,0,0,1,0,0,0,1,0,1,0,0,0
0.00350758,0,0,0,1,0,0,1,0,0,0,1,0,1,0,0,0
0.00350759,0,0,0,0,0,0,1,0,0,0,1,0,1,0,0,0
0.0035076,0,0,0,1,0,0,1,0,0,0,1,0,1,0,0,0
0.00350761,1,0,0,1,0,0,1,0,0,0,1,0,1,0,0,0
0.00350771,0,0,0,1,0,0,1,0,0,0,1,0,1,0,0,0
0.00350772,1,0,0,1,0,0,1,0,0,0,1,0,1,0,0,0
0.00350799,0,0,0,1,0,0,1,0,0,0,1,0,1,0,0,0
0.00350801,1,0,0,1,0,0,1,0,0,0,1,0,1,0,0,0
0.00350803,0,0,0,1,0,0,1,0,0,0,1,0,1,0,0,0
0.00350806,1,0,0,1,0,0,1,0,0,0,1,0,1,0,0,0
0.00350808,0,0,0,1,0,0,1,0,0,0,1,0,1,0,0,0
0.00350809,1,0,0,1,0,0,1,0,0,0,1,0,1,0,0,0
0.00350811,0,0,0,1,0,0,1,0,0,0,1,0,1,0,0,0
0.00350812,0,0,0,0,0,0,1,0,0,0,1,0,1,0,0,0
0.00350815,0,0,0,1,0,0,1,0,0,0,1,0,1,0,0,0
0.00350817,0,0,0,0,0,0,1,0,0,0,1,0,1,0,0,0
0.0035082,1,0,0,0,0,0,1,0,0,0,1,0,1,0,0,0
0.00350821,0,0,0,0,0,0,1,0,0,0,1,0,1,0,0,0
0.00350822,0,0,0,1,0,0,1,0,0,0,1,0,1,0,0,0
0.00350823,1,0,0,0,0,0,1,0,0,0,1,0,1,0,0,0
0.00350824,0,0,0,0,0,0,1,0,0,0,1,0,1,0,0,0
0.00350826,0,0,0,1,0,0,1,0,0,0,1,0,1,0,0,0
0.00350827,0,0,0,0,0,0,1,0,0,0,1,0,1,0,0,0
0.00350829,0,0,0,1,0,0,1,0,0,0,1,0,1,0,0,0
0.0035083,0,0,0,0,0,0,1,0,0,0,1,0,1,0,0,0
0.00350831,1,1,1,1,0,0,1,0,0,0,1,0,1,0,0,0
0.00350832,1,1,1,1,1,0,1,0,0,0,1,0,1,0,0,0
0.00350833,1,1,1,1,1,1,1,1,0,0,1,0,1,0,0,0
0.00350838,0,0,1,1,1,1,0,1,0,0,1,0,1,0,0,0
0.00350839,0,0,1,1,1,1,0,0,0,0,1,0,1,0,0,0
0.00350842,1,1,1,1,1,1,0,1,0,0,1,0,1,0,0,0
0.00350845,0,0,1,1,1,1,0,0,0,0,1,0,1,0,0,0
0.0035085,1,1,1,1,1,1,0,0,0,0,1,0,1,0,0,0
0.00350851,1,0,1,1,1,1,0,0,0,0,1,0,1,0,0,0
0.00350852,0,0,1,1,1,1,0,0,0,0,1,0,1,0,0,0
0.00350876,0,0,1,1,1,1,0,0,0,0,1,1,1,1,0,0
0.00350929,1,1,1,1,1,1,0,0,0,0,1,1,1,1,0,0
0.00350931,1,1,1,1,1,1,1,1,0,0,1,1,1,1,0,0
0.00350937,0,0,0,0,1,0,0,1,0,0,1,1,1,1,0,0
0.00350941,1,1,1,1,1,1,0,1,0,0,1,1,1,1,0,0
0.00350942,1,1,1,1,1,1,1,1,0,0,1,1,1,1,0,0
0.00350943,1,1,1,1,1,1,0,1,0,0,1,1,1,1,0,0
0.00350945,0,0,0,0,1,0,0,1,0,0,1,1,1,1,0,0
0.00350949,1,0,1,1,1,1,0,1,0,0,1,1,1,1,0,0
0.0035095,1,1,1,1,1,1,0,1,0,0,1,1,1,1,0,0
0.00350951,1,0,1,1,1,1,0,1,0,0,1,1,1,1,0,0
0.00350952,0,0,0,0,1,0,0,1,0,0,1,1,1,1,0,0
0.00351027,1,1,1,1,1,0,0,1,0,0,1,1,1,1,0,0
0.00351028,1,1,1,1,1,1,1,1,0,0,1,1,1,1,0,0
0.00351032,0,0,0,0,0,0,1,0,0,0,1,1,1,1,0,0
0.00351036,0,0,0,0,0,1,1,0,0,0,1,1,1,1,0,0
0.00351037,0,0,1,1,0,1,1,0,0,0,1,1,1,1,0,0
0.00351038,1,1,1,1,1,1,1,1,0,0,1,1,1,1,0,0
0.00351039,1,1,1,1,0,1,1,1,0,0,1,1,1,1,0,0
0.0035104,0,0,1,1,0,1,1,0,0,0,1,1,1,1,0,0
0.00351041,0,0,0,0,0,0,1,0,0,0,1,1,1,1,0,0
0.00351045,0,0,0,0,0,1,1,0,0,0,1,1,1,1,0,0
0.00351046,0,0,1,1,0,1,1,0,0,0,1,1,1,1,0,0
0.00351047,0,0,1,0,0,1,1,0,0,0,1,1,1,1,0,0
0.00351048,0,0,0,0,0,1,1,0,0,0,1,1,1,1,0,0
0.00351049,0,0,0,0,0,0,1,0,0,0,1,1,1,1,0,0
0.00351052,0,0,0,0,0,1,1,0,0,0,1,1,1,1,0,0
0.00351057,0,0,0,0,0,0,1,0,0,0,1,1,1,1,0,0
0.0035106,0,0,0,0,0,1,1,0,0,0,1,1,1,1,0,0
0.00351063,0,0,0,0,0,0,1,0,0,0,1,1,1,1,0,0
0.00351069,0,0,0,0,0,1,1,0,0,0,1,1,1,1,0,0
0.0035107,0,0,0,0,0,0,1,0,0,0,1,1,1,1,0,0
0.00351126,0,0,1,0,0,0,1,0,0,0,1,1,1,1,0,0
0.00351127,1,1,1,1,1,1,1,1,0,0,1,1,1,1,0,0
0.00351131,1,1,1,1,0,1,0,1,0,0,1,1,1,1,0,0
0.00351132,1,0,1,1,0,0,0,1,0,0,1,1,1,1,0,0
0.00351135,1,1,1,1,0,1,0,1,0,0,1,1,1,1,0,0
0.00351136,1,1,1,1,1,1,1,1,0,0,1,1,1,1,0,0
0.00351138,1,0,1,1,0,1,0,1,0,0,1,1,1,1,0,0
0.00351139,1,0,1,1,0,0,0,1,0,0,1,1,1,1,0,0
0.00351142,1,0,1,1,0,1,0,1,0,0,1,1,1,1,0,0
0.00351144,1,1,1,1,0,1,0,1,0,0,1,1,1,1,0,0
0.00351145,1,0,1,1,0,1,0,1,0,0,1,1,1,1,0,0
0.00351147,1,0,1,1,0,0,0,1,0,0,1,1,1,1,0,0
0.0035115,1,0,1,1,0,1,0,1,0,0,1,1,1,1,0,0
0.00351153,1,0,1,1,0,0,0,1,0,0,1,1,1,1,0,0
0.00351156,1,0,1,1,0,1,0,1,0,0,1,1,1,1,0,0
0.00351159,1,0,1,1,0,0,0,1,0,0,1,1,1,1,0,0
0.00351162,1,0,1,1,0,1,0,1,0,0,1,1,1,1,0,0
0.00351163,1,0,1,1,0,0,0,1,0,0,1,1,1,1,0,0
0.00351167,1,0,1,1,0,1,0,1,0,0,1,1,1,1,0,0
0.00351168,1,0,1,1,0,0,0,1,0,0,1,1,1,1,0,0
0.00351221,1,0,1,1,0,1,0,1,0,0,1,1,1,1,0,0
0.00351222,1,1,1,1,0,1,0,1,0,0,1,1,1,1,0,0
0.00351223,1,1,1,1,0,1,1,1,0,0,1,1,1,1,0,0
0.00351224,1,0,1,1,0,0,0,1,0,0,1,1,1,1,0,0
0.00351228,1,0,1,1,1,0,0,1,0,0,1,1,1,1,0,0
0.00351229,1,1,1,1,1,1,0,1,0,0,1,1,1,1,0,0
0.0035123,1,1,0,0,1,1,1,1,0,0,1,1,1,1,0,0
0.00351231,1,0,0,0,1,0,0,1,0,0,1,1,1,1,0,0
0.00351235,1,1,0,0,1,1,1,1,0,0,1,1,1,1,0,0
0.00351237,1,1,0,0,1,1,0,1,0,0,1,1,1,1,0,0
0.00351238,1,0,0,0,1,0,0,1,0,0,1,1,1,1,0,0
0.0035132,1,0,1,1,1,0,0,1,0,0,1,1,1,1,0,0
0.00351322,1,1,1,1,1,1,1,1,0,0,1,1,1,1,0,0
0.00351326,0,1,1,1,0,1,1,0,0,0,1,1,1,1,0,0
0.00351327,0,0,0,0,0,0,1,0,0,0,1,1,1,1,0,0
0.00351331,0,1,1,1,0,1,1,0,0,0,1,1,1,1,0,0
0.00351332,1,1,1,1,0,1,1,1,0,0,1,1,1,1,0,0
0.00351333,1,1,1,1,0,1,1,0,0,0,1,1,1,1,0,0
0.00351334,0,0,1,0,0,1,1,0,0,0,1,1,1,1,0,0
0.00351335,0,0,0,0,0,0,1,0,0,0,1,1,1,1,0,0
0.0035134,0,0,0,0,0,1,1,0,0,0,1,1,1,1,0,0
0.00351341,0,0,0,0,0,0,1,0,0,0,1,1,1,1,0,0
0.00351417,0,0,1,0,0,1,1,0,0,0,1,1,1,1,0,0
0.00351418,1,1,1,1,1,1,1,1,0,0,1,1,1,1,0,0
0.00351425,1,1,1,1,0,1,0,1,0,0,1,1,1,1,0,0
0.00351426,1,1,0,1,0,0,0,0,0,0,1,1,1,1,0,0
0.0035143,1,1,1,1,1,1,0,1,0,0,1,1,1,1,0,0
0.00351432,1,1,0,1,0,0,0,0,0,0,1,1,1,1,0,0
0.00351516,1,1,1,1,0,1,0,1,0,0,1,1,1,1,0,0
0.00351517,1,1,1,1,1,1,1,1,0,0,1,1,1,1,0,0
0.0035152,1,1,0,1,0,0,0,0,0,0,1,1,1,1,0,0
0.00351615,1,1,1,1,0,0,0,0,0,0,1,1,1,1,0,0
0.00351616,1,0,1,1,0,0,0,1,0,0,1,1,1,1,0,0
0.00351712,1,0,1,1,0,1,0,1,0,0,1,1,1,1,0,0
0.00351714,1,0,1,1,1,1,1,1,0,0,1,1,1,1,0,0
0.00351715,1,1,1,1,1,1,1,1,0,0,1,1,1,1,0,0
0.00351812,0,0,0,1,1,0,0,1,0,0,1,1,1,1,0,0
0.00351815,1,1,1,1,1,1,0,1,0,0,1,1,1,1,0,0
0.00351816,1,1,1,1,1,1,1,1,0,0,1,1,1,1,0,0
0.00351821,1,1,1,1,0,1,1,1,0,0,1,1,1,1,0,0
0.00351822,0,1,1,0,0,1,1,0,0,0,1,1,1,1,0,0
0.00351826,1,1,1,0,0,1,1,0,0,0,1,1,1,1,0,0
0.00351828,0,1,1,0,0,1,1,0,0,0,1,1,1,1,0,0
0.00351852,0,1,1,0,0,1,1,0,0,0,1,0,0,1,0,0
0.00351853,0,1,1,0,0,1,1,0,0,1,1,0,0,1,0,1
0.0035186,1,1,1,0,0,1,1,0,0,1,1,0,0,1,0,0
0.00351861,1,1,1,0,0,1,1,0,0,1,1,0,0,1,0,1
0.00351862,1,1,1,1,0,1,1,0,1,1,1,0,0,1,0,1
0.00351863,1,1,1,1,0,1,1,0,1,1,1,1,0,1,0,1
0.00351864,0,1,1,1,1,1,1,1,0,1,1,0,0,1,0,1
0.00351865,0,1,1,0,0,1,1,0,0,1,1,0,0,1,0,1
0.00351869,1,1,1,0,0,1,1,0,0,1,1,0,0,1,0,1
0.00351871,0,1,1,0,0,1,1,0,0,1,1,0,0,1,0,1
0.00351907,1,1,1,1,0,1,1,0,0,1,1,0,0,1,0,1
0.00351908,1,1,1,1,1,1,1,1,0,1,1,0,0,1,0,1
0.00351912,0,0,0,0,1,0,0,1,0,1,1,0,0,1,0,1
0.00351917,1,0,1,1,1,1,1,1,0,1,1,0,0,1,0,1
0.00351918,1,1,1,1,1,1,1,1,0,1,1,0,0,1,0,1
0.00351919,1,0,1,1,1,1,1,1,0,1,1,0,0,1,0,1
0.0035192,0,0,0,0,1,1,0,1,0,1,1,0,0,1,0,1
0.00351921,0,0,0,0,1,0,0,1,0,1,1,0,0,1,0,1
0.00351925,0,0,0,0,1,1,0,1,0,1,1,0,0,1,0,1
0.00351927,0,0,0,0,1,0,0,1,0,1,1,0,0,1,0,1
0.00352003,1,1,1,1,1,0,0,1,0,1,1,0,0,1,0,1
0.00352004,1,1,1,1,1,1,1,1,0,1,1,0,0,1,0,1
0.00352011,0,0,0,0,0,1,1,0,0,1,1,0,0,1,0,1
0.00352012,0,0,0,0,0,0,1,0,0,1,1,0,0,1,0,1
0.00352015,1,1,1,1,0,1,1,0,0,1,1,0,0,1,0,1
0.00352017,1,1,1,1,0,1,1,1,0,1,1,0,0,1,0,1
0.00352018,1,1,1,1,0,1,1,0,0,1,1,0,0,1,0,1
0.00352019,1,0,1,1,0,1,1,0,0,1,1,0,0,1,0,1
0.0035202,0,0,0,0,0,0,1,0,0,1,1,0,0,1,0,1
0.00352023,0,0,1,0,0,1,1,0,0,1,1,0,0,1,0,1
0.00352024,1,0,1,1,0,1,1,0,0,1,1,0,0,1,0,1
0.00352026,0,0,1,1,0,1,1,0,0,1,1,0,0,1,0,1
0.00352027,0,0,1,0,0,1,1,0,0,1,1,0,0,1,0,1
0.00352028,0,0,0,0,0,0,1,0,0,1,1,0,0,1,0,1
0.00352032,0,0,1,0,0,1,1,0,0,1,1,0,0,1,0,1
0.00352035,0,0,1,0,0,0,1,0,0,1,1,0,0,1,0,1
0.00352036,0,0,0,0,0,0,1,0,0,1,1,0,0,1,0,1
0.00352041,0,0,1,0,0,0,1,0,0,1,1,0,0,1,0,1
0.00352042,0,0,0,0,0,0,1,0,0,1,1,0,0,1,0,1
0.00352045,0,0,1,0,0,0,1,0,0,1,1,0,0,1,0,1
0.00352046,0,0,0,0,0,0,1,0,0,1,1,0,0,1,0,1
0.00352048,0,0,1,0,0,0,1,0,0,1,1,0,0,1,0,1
0.00352049,0,0,1,0,0,1,1,0,0,1,1,0,0,1,0,1
0.0035205,0,0,0,0,0,0,1,0,0,1,1,0,0,1,0,1
0.003521,1,0,0,0,0,0,1,0,0,1,1,0,0,1,0,1
0.00352101,1,0,1,0,0,0,1,0,0,1,1,0,0,1,0,1
0.00352102,0,1,1,1,0,1,1,0,0,1,1,0,0,1,0,1
0.00352103,1,1,1,1,1,1,1,1,0,1,1,0,0,1,0,1
0.00352108,0,0,0,0,0,0,0,1,0,1,1,0,0,1,0,1
0.00352112,1,1,1,1,0,1,1,1,0,1,1,0,0,1,0,1
0.00352113,1,1,1,1,1,1,1,1,0,1,1,0,0,1,0,1
0.00352115,1,1,1,1,0,1,1,1,0,1,1,0,0,1,0,1
0.00352116,1,1,1,1,0,1,0,1,0,1,1,0,0,1,0,1
0.00352117,0,0,0,0,0,0,0,1,0,1,1,0,0,1,0,1
0.00352119,0,0,1,0,0,1,0,1,0,1,1,0,0,1,0,1
0.0035212,1,1,1,1,0,1,0,1,0,1,1,0,0,1,0,1
0.00352124,0,0,1,1,0,1,0,1,0,1,1,0,0,1,0,1
0.0035213,1,0,1,1,0,1,0,1,0,1,1,0,0,1,0,1
0.00352131,0,0,1,1,0,1,0,1,0,1,1,0,0,1,0,1
0.00352167,0,0,1,0,0,1,0,1,0,1,1,0,0,1,0,1
0.00352183,0,0,0,0,0,1,0,1,0,1,1,0,0,1,0,1
0.00352184,0,0,1,0,0,1,0,1,0,1,1,0,0,1,0,1
0.00352191,0,0,0,0,0,0,0,1,0,1,1,0,0,1,0,1
0.00352197,0,0,1,1,0,1,0,1,0,1,1,0,0,1,0,1
0.00352198,1,1,1,1,0,1,1,1,0,1,1,0,0,1,0,1
0.00352199,1,1,1,1,1,1,1,1,0,1,1,0,0,1,0,1
0.00352302,0,0,0,0,0,0,0,1,0,1,1,0,0,1,0,1
0.00352305,0,0,1,0,0,1,0,1,0,1,1,0,0,1,0,1
0.00352306,1,1,1,1,0,1,1,1,0,1,1,0,0,1,0,1
0.00352307,1,1,1,1,1,1,1,1,0,1,1,0,0,1,0,1
0.00352308,1,1,1,1,0,1,1,1,0,1,1,0,0,1,0,1
0.00352309,1,1,1,1,0,1,0,1,0,1,1,0,0,1,0,1
0.0035231,0,0,1,0,0,1,0,1,0,1,1,0,0,1,0,1
0.00352311,0,0,0,0,0,0,0,1,0,1,1,0,0,1,0,1
0.00352314,1,0,1,1,0,1,0,1,0,1,1,0,0,1,0,1
0.00352315,1,1,1,1,0,1,0,1,0,1,1,0,0,1,0,1
0.00352317,0,0,1,1,0,1,0,1,0,1,1,0,0,1,0,1
0.00352319,0,0,1,0,0,1,0,1,0,1,1,0,0,1,0,1
0.00352321,0,0,1,1,0,1,0,1,0,1,1,0,0,1,0,1
0.00352336,0,0,1,0,0,1,0,1,0,1,1,0,0,1,0,1
0.00352337,0,0,1,1,0,1,0,1,0,1,1,0,0,1,0,1
0.00352342,0,0,1,0,0,0,0,1,0,1,1,0,0,1,0,1
0.00352343,0,0,1,1,0,1,0,1,0,1,1,0,0,1,0,1
0.00352345,0,0,1,0,0,0,0,1,0,1,1,0,0,1,0,1
0.00352346,0,0,1,0,0,1,0,1,0,1,1,0,0,1,0,1
0.00352347,0,0,1,1,0,1,0,1,0,1,1,0,0,1,0,1
0.0035235,0,0,1,0,0,1,0,1,0,1,1,0,0,1,0,1
0.00352351,0,0,1,0,0,0,0,1,0,1,1,0,0,1,0,1
0.00352352,0,0,1,0,0,1,0,1,0,1,1,0,0,1,0,1
0.00352353,0,0,1,0,0,0,0,1,0,1,1,0,0,1,0,1
0.00352356,0,0,1,0,0,1,0,1,0,1,1,0,0,1,0,1
0.00352357,0,0,1,0,0,0,0,1,0,1,1,0,0,1,0,1
0.00352369,0,0,0,0,0,0,0,1,0,1,1,0,0,1,0,1
0.0035237,0,0,1,0,0,0,0,1,0,1,1,0,0,1,0,1
0.00352373,0,0,0,0,0,0,0,1,0,1,1,0,0,1,0,1
0.00352374,0,0,1,0,0,0,0,1,0,1,1,0,0,1,0,1
0.00352377,0,0,0,0,0,0,0,1,0,1,1,0,0,1,0,1
0.00352385,0,0,1,0,0,0,0,1,0,1,1,0,0,1,0,1
0.00352386,0,0,0,0,0,0,0,1,0,1,1,0,0,1,0,1
0.00352399,0,0,1,0,0,0,0,1,0,1,1,0,0,1,0,1
0.003524,0,0,0,0,0,0,0,1,0,1,1,0,0,1,0,1
0.00352403,0,1,1,0,0,0,0,1,0,1,1,0,0,1,0,1
0.00352405,0,1,1,1,0,1,1,1,0,1,1,0,0,1,0,1
0.00352406,1,1,1,1,1,1,1,0,0,1,1,0,0,1,0,1
0.00352407,1,1,1,1,0,1,1,0,0,1,1,0,0,1,0,1
0.00352408,0,1,1,0,0,1,1,0,0,1,1,0,0,1,0,1
0.00352438,0,1,1,0,0,1,1,0,0,1,1,0,0,1,0,0
0.00352439,0,1,1,0,0,1,1,0,0,1,1,0,0,1,0,1
0.00352446,0,1,1,0,0,1,1,0,0,1,1,0,0,1,0,0
0.00352447,0,1,1,0,0,1,1,0,0,1,1,0,0,1,0,1
0.00352448,0,1,1,0,0,1,1,1,0,1,1,0,0,1,1,1
0.00352449,0,1,1,1,0,1,1,1,0,1,1,0,0,1,1,1
0.0035245,1,1,1,1,1,1,1,0,0,1,1,0,0,1,0,1
0.00352451,0,1,1,0,0,1,1,0,0,1,1,0,0,1,0,1
0.00352455,0,1,1,1,0,1,1,0,0,1,1,0,0,1,0,1
0.00352457,0,1,1,0,0,1,1,0,0,1,1,0,0,1,0,1
0.00352491,1,1,1,0,0,1,1,0,0,1,1,0,0,1,0,1
0.00352492,1,1,1,1,0,1,1,0,0,1,1,0,0,1,0,1
0.00352493,1,1,1,1,1,1,1,0,0,1,1,0,0,1,0,1
0.00352494,1,1,1,1,1,1,1,1,0,1,1,0,0,1,0,1
0.00352498,1,0,0,0,1,0,0,1,0,1,1,0,0,1,0,1
0.00352502,1,0,0,1,1,1,0,1,0,1,1,0,0,1,0,1
0.00352503,1,1,1,1,1,1,1,1,0,1,1,0,0,1,0,1
0.00352505,1,0,0,1,1,1,0,1,0,1,1,0,0,1,0,1
0.00352506,1,0,0,0,1,0,0,1,0,1,1,0,0,1,0,1
0.00352511,1,0,0,1,1,0,0,1,0,1,1,0,0,1,0,1
0.00352512,1,0,0,0,1,0,0,1,0,1,1,0,0,1,0,1
0.00352589,1,1,1,1,1,0,0,1,0,1,1,0,0,1,0,1
0.0035259,1,1,1,1,1,0,1,1,0,1,1,0,0,1,0,1
0.00352591,1,1,1,1,1,1,1,1,0,1,1,0,0,1,0,1
0.00352596,0,0,0,0,0,0,1,0,0,1,1,0,0,1,0,1
0.003526,0,1,1,1,0,1,1,0,0,1,1,0,0,1,0,1
0.00352601,1,1,1,1,0,1,1,0,0,1,1,0,0,1,0,1
0.00352604,0,0,1,1,0,1,1,0,0,1,1,0,0,1,0,1
0.00352605,0,0,0,0,0,0,1,0,0,1,1,0,0,1,0,1
0.00352608,0,0,1,1,0,1,1,0,0,1,1,0,0,1,0,1
0.00352613,0,0,0,0,0,0,1,0,0,1,1,0,0,1,0,1
0.00352616,0,0,1,0,0,0,1,0,0,1,1,0,0,1,0,1
0.00352617,0,0,1,0,0,1,1,0,0,1,1,0,0,1,0,1
0.00352618,0,0,1,1,0,1,1,0,0,1,1,0,0,1,0,1
0.00352619,0,0,1,0,0,1,1,0,0,1,1,0,0,1,0,1
0.0035262,0,0,1,0,0,0,1,0,0,1,1,0,0,1,0,1
0.00352622,0,0,0,0,0,0,1,0,0,1,1,0,0,1,0,1
0.00352623,0,0,1,0,0,0,1,0,0,1,1,0,0,1,0,1
0.00352628,0,0,0,0,0,0,1,0,0,1,1,0,0,1,0,1
0.00352633,0,0,1,0,0,0,1,0,0,1,1,0,0,1,0,1
0.00352635,0,0,0,0,0,0,1,0,0,1,1,0,0,1,0,1
0.00352686,1,0,0,0,0,0,1,0,0,1,1,0,0,1,0,1
0.00352688,1,1,1,1,1,1,1,0,0,1,1,0,0,1,0,1
0.00352689,1,1,1,1,1,1,1,1,0,1,1,0,0,1,0,1
0.00352693,0,0,1,1,0,1,1,1,0,1,1,0,0,1,0,1
0.00352694,0,0,0,0,0,0,1,0,0,1,1,0,0,1,0,1
0.00352697,1,1,1,1,0,1,1,1,0,1,1,0,0,1,0,1
0.00352699,1,1,1,1,1,1,1,1,0,1,1,0,0,1,0,1
0.00352701,1,1,1,1,0,1,1,1,0,1,1,0,0,1,0,1
0.00352702,1,1,1,1,0,1,1,0,0,1,1,0,0,1,0,1
0.00352703,0,0,1,0,0,0,1,0,0,1,1,0,0,1,0,1
0.00352704,0,0,1,1,0,0,1,0,0,1,1,0,0,1,0,1
0.00352705,1,1,1,1,0,1,1,0,0,1,1,0,0,1,0,1
0.00352706,1,1,1,1,0,1,1,1,0,1,1,0,0,1,0,1
0.00352709,1,1,1,1,0,1,1,0,0,1,1,0,0,1,0,1
0.00352749,1,0,1,1,0,1,1,0,0,1,1,0,0,1,0,1
0.0035275,1,1,1,1,0,1,1,0,0,1,1,0,0,1,0,1
0.00352753,1,0,1,1,0,1,1,0,0,1,1,0,0,1,0,1
0.00352754,1,1,1,1,0,1,1,0,0,1,1,0,0,1,0,1
0.00352756,1,0,1,1,0,1,1,0,0,1,1,0,0,1,0,1
0.00352759,1,1,1,1,0,1,1,0,0,1,1,0,0,1,0,1
0.0035276,1,0,1,1,0,1,1,0,0,1,1,0,0,1,0,1
0.00352765,0,0,1,1,0,1,1,0,0,1,1,0,0,1,0,1
0.00352766,1,0,1,1,0,1,1,0,0,1,1,0,0,1,0,1
0.00352779,0,0,1,1,0,0,1,0,0,1,1,0,0,1,0,1
0.0035278,1,0,1,1,0,0,1,0,0,1,1,0,0,1,0,1
0.00352781,1,0,1,1,0,1,1,0,0,1,1,0,0,1,0,1
0.00352783,1,1,1,1,0,1,1,0,0,1,1,0,0,1,0,1
0.00352784,1,1,1,1,0,1,1,1,0,1,1,0,0,1,0,1
0.00352785,1,1,1,1,1,1,1,1,0,1,1,0,0,1,0,1
0.00352887,1,1,1,1,0,1,1,1,0,1,1,0,0,1,0,1
0.00352888,0,0,0,0,0,0,1,0,0,1,1,0,0,1,0,1
0.00352891,1,1,1,1,0,1,1,1,0,1,1,0,0,1,0,1
0.00352893,1,1,1,1,1,1,1,1,0,1,1,0,0,1,0,1
0.00352894,1,1,1,1,0,1,1,1,0,1,1,0,0,1,0,1
0.00352896,0,0,1,0,0,0,1,0,0,1,1,0,0,1,0,1
0.00352897,0,0,0,0,0,0,1,0,0,1,1,0,0,1,0,1
0.00352899,0,0,1,1,0,0,1,0,0,1,1,0,0,1,0,1
0.003529,1,1,1,1,0,1,1,1,0,1,1,0,0,1,0,1
0.00352902,1,0,1,1,0,1,1,1,0,1,1,0,0,1,0,1
0.00352903,1,0,1,1,0,1,1,0,0,1,1,0,0,1,0,1
0.00352904,0,0,1,1,0,1,1,0,0,1,1,0,0,1,0,1
0.00352905,0,0,1,1,0,0,1,0,0,1,1,0,0,1,0,1
0.00352907,0,0,1,1,0,1,1,0,0,1,1,0,0,1,0,1
0.00352909,1,0,1,1,0,1,1,0,0,1,1,0,0,1,0,1
0.0035291,0,0,1,1,0,1,1,0,0,1,1,0,0,1,0,1
0.00352921,0,0,1,1,0,0,1,0,0,1,1,0,0,1,0,1
0.00352924,0,0,1,1,0,1,1,0,0,1,1,0,0,1,0,1
0.00352928,0,0,1,1,0,0,1,0,0,1,1,0,0,1,0,1
0.00352948,0,0,1,0,0,0,1,0,0,1,1,0,0,1,0,1
0.00352949,0,0,1,1,0,0,1,0,0,1,1,0,0,1,0,1
0.00352951,0,0,1,0,0,0,1,0,0,1,1,0,0,1,0,1
0.00352952,0,0,1,1,0,0,1,0,0,1,1,0,0,1,0,1
0.00352953,0,0,1,0,0,0,1,0,0,1,1,0,0,1,0,1
0.00352974,0,0,0,0,0,0,1,0,0,1,1,0,0,1,0,1
0.00352976,0,0,1,0,0,0,1,0,0,1,1,0,0,1,0,1
0.00352977,0,0,0,0,0,0,1,0,0,1,1,0,0,1,0,1
0.00352979,0,0,1,0,0,0,1,0,0,1,1,0,0,1,0,1
0.00352982,0,0,1,1,0,0,1,0,0,1,1,0,0,1,0,1
0.00352983,0,0,0,0,0,0,1,0,0,1,1,0,0,1,0,1
0.00352985,0,0,1,1,0,0,1,0,0,1,1,0,0,1,0,1
0.00352986,0,0,0,0,0,0,1,0,0,1,1,0,0,1,0,1
0.00352989,0,1,1,0,0,1,1,0,0,1,1,0,0,1,0,1
0.00352991,0,1,1,1,0,1,1,1,0,1,1,0,0,1,0,1
0.00352992,1,1,1,1,1,1,1,1,0,1,1,0,0,1,0,1
0.00352994,1,1,1,1,0,1,1,1,0,1,1,0,0,1,0,1
0.00352995,0,1,1,0,0,1,1,0,0,1,1,0,0,1,0,1
0.00352999,0,1,1,1,0,1,1,0,0,1,1,0,0,1,0,1
0.00353,1,1,1,1,0,1,1,0,0,1,1,0,0,1,0,1
0.00353001,0,1,1,1,0,1,1,0,0,1,1,0,0,1,0,1
0.00353002,0,1,1,0,0,1,1,0,0,1,1,0,0,1,0,1
0.00353024,0,1,1,0,0,1,1,0,0,1,1,0,0,1,0,0
0.00353025,0,1,1,0,0,1,1,0,0,1,1,0,0,1,0,1
0.00353032,0,1,1,0,0,1,1,0,0,1,1,0,0,1,0,0
0.00353033,0,1,1,0,0,1,1,0,0,1,1,0,0,1,0,1
0.00353079,1,1,1,1,1,1,1,0,0,1,1,0,0,1,0,1
0.0035308,1,1,1,1,1,1,1,1,0,1,1,0,0,1,0,1
0.00353083,1,0,0,1,1,1,1,1,0,1,1,0,0,1,0,1
0.00353084,0,0,0,0,0,0,0,1,0,1,1,0,0,1,0,1
0.00353088,1,0,0,1,0,1,0,1,0,1,1,0,0,1,0,1
0.00353089,1,0,1,1,1,1,0,1,0,1,1,0,0,1,0,1
0.0035309,1,1,1,1,1,1,1,1,0,1,1,0,0,1,0,1
0.00353091,1,0,1,1,0,1,0,1,0,1,1,0,0,1,0,1
0.00353092,0,0,0,1,0,1,0,1,0,1,1,0,0,1,0,1
0.00353093,0,0,0,0,0,0,0,1,0,1,1,0,0,1,0,1
0.00353096,0,0,0,1,0,1,0,1,0,1,1,0,0,1,0,1
0.003531,0,0,0,1,0,0,0,1,0,1,1,0,0,1,0,1
0.00353101,0,0,0,0,0,0,0,1,0,1,1,0,0,1,0,1
0.00353103,0,0,0,1,0,0,0,1,0,1,1,0,0,1,0,1
0.00353104,0,0,0,1,0,1,0,1,0,1,1,0,0,1,0,1
0.00353108,0,0,0,1,0,0,0,1,0,1,1,0,0,1,0,1
0.0035311,0,0,0,0,0,0,0,1,0,1,1,0,0,1,0,1
0.00353112,0,0,0,1,0,0,0,1,0,1,1,0,0,1,0,1
0.00353116,0,0,0,0,0,0,0,1,0,1,1,0,0,1,0,1
0.00353122,0,0,0,1,0,0,0,1,0,1,1,0,0,1,0,1
0.00353123,0,0,0,1,0,1,0,1,0,1,1,0,0,1,0,1
0.00353124,0,0,0,0,0,0,0,1,0,1,1,0,0,1,0,1
0.00353174,1,1,1,1,0,0,0,1,0,1,1,0,0,1,0,1
0.00353175,1,1,1,1,1,1,1,1,0,1,1,0,0,1,0,1
0.00353182,0,0,0,0,0,0,1,0,0,1,1,0,0,1,0,1
0.00353186,1,1,1,1,0,1,1,0,0,1,1,0,0,1,0,1
0.00353187,1,1,1,1,1,1,1,1,0,1,1,0,0,1,0,1
0.00353189,1,1,1,1,0,1,1,0,0,1,1,0,0,1,0,1
0.0035319,0,0,1,1,0,1,1,0,0,1,1,0,0,1,0,1
0.00353191,0,0,0,0,0,0,1,0,0,1,1,0,0,1,0,1
0.00353194,0,0,1,1,0,1,1,0,0,1,1,0,0,1,0,1
0.00353195,1,1,1,1,0,1,1,0,0,1,1,0,0,1,0,1
0.00353196,1,0,1,1,0,1,1,0,0,1,1,0,0,1,0,1
0.00353197,0,0,1,1,0,1,1,0,0,1,1,0,0,1,0,1
0.00353198,0,0,1,0,0,1,1,0,0,1,1,0,0,1,0,1
0.00353199,0,0,0,0,0,0,1,0,0,1,1,0,0,1,0,1
0.00353202,0,0,1,1,0,1,1,0,0,1,1,0,0,1,0,1
0.00353205,0,0,1,0,0,1,1,0,0,1,1,0,0,1,0,1
0.00353206,0,0,0,0,0,0,1,0,0,1,1,0,0,1,0,1
0.00353211,0,0,0,0,0,1,1,0,0,1,1,0,0,1,0,1
0.00353212,0,0,1,0,0,1,1,0,0,1,1,0,0,1,0,1
0.00353213,0,0,0,0,0,0,1,0,0,1,1,0,0,1,0,1
0.00353217,0,0,1,0,0,1,1,0,0,1,1,0,0,1,0,1
0.00353218,0,0,0,0,0,0,1,0,0,1,1,0,0,1,0,1
0.00353272,1,1,1,1,0,0,1,0,0,1,1,0,0,1,0,1
0.00353273,1,1,1,1,1,1,1,0,0,1,1,0,0,1,0,1
0.00353274,1,1,1,1,1,1,1,1,0,1,1,0,0,1,0,1
0.00353279,0,1,1,1,0,1,0,0,0,1,1,0,0,1,0,1
0.00353283,1,1,1,1,0,1,0,1,0,1,1,0,0,1,0,1
0.00353284,1,1,1,1,1,1,1,1,0,1,1,0,0,1,0,1
0.00353285,1,1,1,1,0,1,0,1,0,1,1,0,0,1,0,1
0.00353286,0,1,1,1,0,1,0,0,0,1,1,0,0,1,0,1
0.00353292,1,1,1,1,0,1,0,0,0,1,1,0,0,1,0,1
0.00353293,0,1,1,1,0,1,0,0,0,1,1,0,0,1,0,1
0.0035337,1,1,1,1,0,1,0,0,0,1,1,0,0,1,0,1
0.00353371,1,1,1,1,1,1,1,1,0,1,1,0,0,1,0,1
0.00353473,0,1,1,1,0,1,0,0,0,1,1,0,0,1,0,1
0.00353477,1,1,1,1,0,1,0,1,0,1,1,0,0,1,0,1
0.00353478,1,1,1,1,1,1,1,1,0,1,1,0,0,1,0,1
0.00353479,0,1,1,1,0,1,0,0,0,1,1,0,0,1,0,1
0.00353576,1,1,1,1,1,1,1,1,0,1,1,0,0,1,0,1
0.00353577,0,0,1,0,1,0,1,1,0,1,1,0,0,1,0,1
0.00353578,0,0,1,0,1,0,0,0,0,1,1,0,0,1,0,1
0.00353582,1,0,1,0,1,0,0,1,0,1,1,0,0,1,0,1
0.00353584,0,0,1,0,1,0,0,0,0,1,1,0,0,1,0,1
0.0035361,0,0,1,0,1,0,0,0,0,0,1,0,0,0,0,0
0.00353611,0,0,1,0,1,0,0,0,0,0,1,0,1,0,0,0
0.00353617,0,0,1,0,1,0,0,0,0,0,0,0,1,0,0,0
0.00353618,0,0,1,0,1,0,0,0,0,0,1,0,1,0,0,0
0.00353663,1,0,1,0,1,0,0,0,0,0,1,0,1,0,0,0
0.00353664,0,0,1,0,1,0,0,0,0,0,1,0,1,0,0,0
0.00353665,1,1,1,1,1,1,1,1,0,0,1,0,1,0,0,0
0.00353767,1,1,1,1,0,1,1,1,0,0,1,0,1,0,0,0
0.00353768,0,0,0,0,0,0,1,0,0,0,1,0,1,0,0,0
0.00353772,1,0,0,0,0,1,1,0,0,0,1,0,1,0,0,0
0.00353773,1,1,1,1,0,1,1,1,0,0,1,0,1,0,0,0
0.00353775,1,0,1,1,0,0,1,0,0,0,1,0,1,0,0,0
0.00353776,0,0,0,0,0,0,1,0,0,0,1,0,1,0,0,0
0.00353858,1,1,1,1,0,0,1,0,0,0,1,0,1,0,0,0
0.0035386,1,1,1,1,1,1,1,1,0,0,1,0,1,0,0,0
0.00353865,1,1,0,0,1,0,0,0,0,0,1,0,1,0,0,0
0.00353869,1,1,1,1,1,1,0,1,0,0,1,0,1,0,0,0
0.00353872,1,1,1,0,1,0,0,0,0,0,1,0,1,0,0,0
0.00353873,1,1,0,0,1,0,0,0,0,0,1,0,1,0,0,0
0.00353877,1,1,1,1,1,0,0,0,0,0,1,0,1,0,0,0
0.00353879,1,1,0,0,1,0,0,0,0,0,1,0,1,0,0,0
0.00353902,1,1,0,0,1,0,0,0,0,0,0,0,1,0,0,0
0.00353903,1,1,0,0,1,0,0,0,0,1,0,0,1,0,0,0
0.00353904,1,1,0,0,1,0,0,0,1,1,0,0,1,0,0,0
0.0035391,1,1,0,0,1,0,0,0,0,0,0,0,0,0,0,0
0.00353911,1,1,0,0,1,0,0,0,1,1,0,0,1,0,0,0
0.00353956,1,1,1,0,1,0,0,0,1,1,0,0,1,0,0,0
0.00353958,1,1,1,1,1,1,1,1,1,1,0,0,1,0,0,0
0.00353963,1,0,0,0,1,1,0,1,1,1,0,0,1,0,0,0
0.00353967,1,0,1,1,1,1,0,1,1,1,0,0,1,0,0,0
0.00353968,1,1,1,1,1,1,1,1,1,1,0,0,1,0,0,0
0.00353969,1,1,1,1,1,1,0,1,1,1,0,0,1,0,0,0
0.0035397,1,0,0,0,1,1,0,1,1,1,0,0,1,0,0,0
0.00353975,1,0,1,0,1,1,0,1,1,1,0,0,1,0,0,0
0.00353977,1,0,0,0,1,1,0,1,1,1,0,0,1,0,0,0
0.00354053,1,1,0,0,1,1,0,1,1,1,0,0,1,0,0,0
0.00354055,1,1,1,1,1,1,1,1,1,1,0,0,1,0,0,0
0.00354056,1,1,1,1,1,1,0,1,1,1,0,0,1,0,0,0
0.00354058,1,1,1,1,1,1,1,1,1,1,0,0,1,0,0,0
0.0035406,0,1,0,0,1,0,0,0,1,1,0,0,1,0,0,0
0.00354064,0,1,1,1,1,0,0,0,1,1,0,0,1,0,0,0
0.00354065,1,1,1,1,1,1,1,1,1,1,0,0,1,0,0,0
0.00354066,0,1,1,1,1,1,0,0,1,1,0,0,1,0,0,0
0.00354067,0,1,1,0,1,0,0,0,1,1,0,0,1,0,0,0
0.00354068,0,1,0,0,1,0,0,0,1,1,0,0,1,0,0,0
0.00354098,0,1,0,0,1,0,0,0,0,1,0,0,1,0,0,0
0.00354105,0,1,0,0,1,0,0,0,0,0,0,0,0,0,0,0
0.00354106,0,1,0,0,1,0,0,0,0,1,0,0,1,0,0,0
0.00354153,1,1,1,1,1,0,1,0,0,1,0,0,1,0,0,0
0.00354154,1,1,1,1,1,0,1,1,0,1,0,0,1,0,0,0
0.00354155,1,1,1,1,1,1,1,1,0,1,0,0,1,0,0,0
0.00354158,1,1,1,1,1,1,0,1,0,1,0,0,1,0,0,0
0.00354159,1,1,0,0,1,1,0,0,0,1,0,0,1,0,0,0
0.00354163,1,1,1,1,1,1,1,1,0,1,0,0,1,0,0,0
0.00354165,1,1,0,0,1,1,0,0,0,1,0,0,1,0,0,0
0.00354248,1,1,1,1,1,1,0,0,0,1,0,0,1,0,0,0
0.00354249,1,1,1,1,1,1,0,1,0,1,0,0,1,0,0,0
0.0035425,1,1,1,1,1,1,1,1,0,1,0,0,1,0,0,0
0.00354251,1,1,1,0,1,1,1,1,0,1,0,0,1,0,0,0
0.00354252,1,1,1,1,1,1,1,1,0,1,0,0,1,0,0,0
0.00354256,1,0,0,0,1,0,0,0,0,1,0,0,1,0,0,0
0.0035426,1,1,1,1,1,1,1,1,0,1,0,0,1,0,0,0
0.00354263,1,1,1,1,1,0,0,0,0,1,0,0,1,0,0,0
0.00354264,1,0,0,0,1,0,0,0,0,1,0,0,1,0,0,0
0.00354267,1,0,1,0,1,0,0,0,0,1,0,0,1,0,0,0
0.00354268,1,0,1,1,1,0,0,0,0,1,0,0,1,0,0,0
0.00354269,1,1,1,1,1,0,0,0,0,1,0,0,1,0,0,0
0.0035427,1,0,1,1,1,0,0,0,0,1,0,0,1,0,0,0
0.00354271,1,0,1,0,1,0,0,0,0,1,0,0,1,0,0,0
0.00354272,1,0,0,0,1,0,0,0,0,1,0,0,1,0,0,0
0.00354275,1,0,1,0,1,0,0,0,0,1,0,0,1,0,0,0
0.0035428,1,0,0,0,1,0,0,0,0,1,0,0,1,0,0,0
0.00354293,1,0,1,0,1,0,0,0,0,0,0,0,1,0,0,0
0.00354294,1,0,0,0,1,0,0,0,1,0,0,0,1,0,0,0
0.00354299,1,0,1,0,1,0,0,0,1,0,0,0,1,0,0,0
0.003543,1,0,1,0,1,0,0,0,1,0,0,0,0,0,0,0
0.00354301,1,0,0,0,1,0,0,0,0,0,0,0,1,0,0,0
0.00354302,1,0,0,0,1,0,0,0,1,0,0,0,1,0,0,0
0.00354307,1,0,1,0,1,0,0,0,1,0,0,0,1,0,0,0
0.00354308,1,0,0,0,1,0,0,0,1,0,0,0,1,0,0,0
0.00354345,1,0,1,0,1,0,0,0,1,0,0,0,1,0,0,0
0.00354346,1,1,1,1,1,0,0,0,1,0,0,0,1,0,0,0
0.00354348,1,1,1,1,1,1,1,1,1,0,0,0,1,0,0,0
0.00354354,0,0,1,1,1,0,0,1,1,0,0,0,1,0,0,0
0.00354358,1,1,1,1,1,1,1,1,1,0,0,0,1,0,0,0
0.0035436,0,1,1,1,1,1,0,1,1,0,0,0,1,0,0,0
0.00354361,0,0,1,1,1,0,0,1,1,0,0,0,1,0,0,0
0.00354366,0,1,1,1,1,0,0,1,1,0,0,0,1,0,0,0
0.00354367,0,0,1,1,1,0,0,1,1,0,0,0,1,0,0,0
0.00354444,1,1,1,1,1,0,0,1,1,0,0,0,1,0,0,0
0.00354446,0,1,1,1,1,1,1,1,1,0,0,0,1,0,0,0
0.00354447,1,1,1,1,1,1,1,1,1,0,0,0,1,0,0,0
0.00354451,1,0,1,1,1,1,0,0,1,0,0,0,1,0,0,0
0.00354454,1,1,1,1,1,1,0,0,1,0,0,0,1,0,0,0
0.00354455,1,1,1,1,1,1,1,1,1,0,0,0,1,0,0,0
0.00354456,1,0,1,1,1,1,0,0,1,0,0,0,1,0,0,0
0.00354489,1,0,1,1,1,1,0,0,1,0,1,1,1,1,0,0
0.00354543,1,1,1,1,1,1,1,1,1,0,1,1,1,1,0,0
0.00354549,0,0,0,0,1,0,0,1,1,0,1,1,1,1,0,0
0.00354553,0,1,0,0,1,1,1,1,1,0,1,1,1,1,0,0
0.00354554,1,1,1,1,1,1,1,1,1,0,1,1,1,1,0,0
0.00354556,0,1,0,0,1,1,0,1,1,0,1,1,1,1,0,0
0.00354557,0,0,0,0,1,1,0,1,1,0,1,1,1,1,0,0
0.00354558,0,0,0,0,1,0,0,1,1,0,1,1,1,1,0,0
0.00354561,0,0,0,0,1,1,0,1,1,0,1,1,1,1,0,0
0.00354566,0,0,0,0,1,0,0,1,1,0,1,1,1,1,0,0
0.00354568,0,0,0,0,1,1,0,1,1,0,1,1,1,1,0,0
0.00354575,0,0,0,0,1,0,0,1,1,0,1,1,1,1,0,0
0.00354576,0,0,0,0,1,1,0,1,1,0,1,1,1,1,0,0
0.00354581,0,0,0,0,1,0,0,1,1,0,1,1,1,1,0,0
0.00354586,0,0,0,0,1,1,0,1,1,0,1,1,1,1,0,0
0.00354588,0,0,0,0,1,0,0,1,1,0,1,1,1,1,0,0
0.00354591,0,0,0,0,1,1,0,1,1,0,1,1,1,1,0,0
0.00354592,0,0,0,0,1,0,0,1,1,0,1,1,1,1,0,0
0.00354639,1,1,1,1,1,0,0,1,1,0,1,1,1,1,0,0
0.0035464,1,1,1,1,1,1,1,1,1,0,1,1,1,1,0,0
0.00354645,1,1,1,1,0,1,1,1,1,0,1,1,1,1,0,0
0.00354646,0,0,0,0,0,0,1,0,1,0,1,1,1,1,0,0
0.00354649,0,0,0,0,0,1,1,0,1,0,1,1,1,1,0,0
0.0035465,1,1,1,1,0,1,1,0,1,0,1,1,1,1,0,0
0.00354651,1,1,1,1,0,1,1,1,1,0,1,1,1,1,0,0
0.00354652,1,1,1,1,0,1,1,0,1,0,1,1,1,1,0,0
0.00354654,1,0,1,1,0,1,1,0,1,0,1,1,1,1,0,0
0.00354655,0,0,0,0,0,0,1,0,1,0,1,1,1,1,0,0
0.00354658,1,0,1,1,0,1,1,0,1,0,1,1,1,1,0,0
0.00354659,1,1,1,1,0,1,1,0,1,0,1,1,1,1,0,0
0.0035466,1,0,1,1,0,1,1,0,1,0,1,1,1,1,0,0
0.00354662,0,0,1,1,0,1,1,0,1,0,1,1,1,1,0,0
0.00354663,0,0,1,0,0,1,1,0,1,0,1,1,1,1,0,0
0.00354666,0,0,1,1,0,1,1,0,1,0,1,1,1,1,0,0
0.00354667,1,0,1,1,0,1,1,0,1,0,1,1,1,1,0,0
0.00354668,0,0,1,1,0,1,1,0,1,0,1,1,1,1,0,0
0.00354671,0,0,1,0,0,1,1,0,1,0,1,1,1,1,0,0
0.00354674,0,0,1,1,0,1,1,0,1,0,1,1,1,1,0,0
0.00354675,0,0,1,0,0,1,1,0,1,0,1,1,1,1,0,0
0.00354676,0,0,1,1,0,1,1,0,1,0,1,1,1,1,0,0
0.00354678,0,0,1,0,0,1,1,0,1,0,1,1,1,1,0,0
0.00354681,0,0,1,1,0,1,1,0,1,0,1,1,1,1,0,0
0.00354682,0,0,1,0,0,1,1,0,1,0,1,1,1,1,0,0
0.00354684,0,0,1,1,0,1,1,0,1,0,1,1,1,1,0,0
0.00354685,0,0,1,0,0,1,1,0,1,0,1,1,1,1,0,0
0.00354692,0,0,0,0,0,0,1,0,1,0,1,1,1,1,0,0
0.00354693,0,0,1,0,0,1,1,0,1,0,1,1,1,1,0,0
0.00354696,0,0,0,0,0,0,1,0,1,0,1,1,1,1,0,0
0.00354697,0,0,1,0,0,0,1,0,1,0,1,1,1,1,0,0
0.00354701,0,0,0,0,0,0,1,0,1,0,1,1,1,1,0,0
0.00354703,0,0,1,0,0,0,1,0,1,0,1,1,1,1,0,0
0.00354705,0,0,0,0,0,0,1,0,1,0,1,1,1,1,0,0
0.00354736,1,1,1,1,0,0,1,0,1,0,1,1,1,1,0,0
0.00354738,1,1,1,1,1,1,1,1,1,0,1,1,1,1,0,0
0.00354739,1,0,1,1,1,1,1,1,1,0,1,1,1,1,0,0
0.0035474,1,1,1,1,1,1,1,1,1,0,1,1,1,1,0,0
0.00354744,0,0,0,0,0,0,1,1,1,0,1,1,1,1,0,0
0.00354745,0,0,0,0,0,0,0,1,1,0,1,1,1,1,0,0
0.00354748,0,0,1,0,0,0,0,1,1,0,1,1,1,1,0,0
0.00354749,1,0,1,1,0,0,0,1,1,0,1,1,1,1,0,0
0.0035475,1,1,1,1,0,1,0,1,1,0,1,1,1,1,0,0
0.00354751,1,1,1,1,0,1,1,1,1,0,1,1,1,1,0,0
0.00354752,1,1,1,1,0,1,0,1,1,0,1,1,1,1,0,0
0.00354753,0,0,0,0,0,0,0,1,1,0,1,1,1,1,0,0
0.00354757,0,0,1,0,0,0,0,1,1,0,1,1,1,1,0,0
0.00354758,1,0,1,1,0,0,0,1,1,0,1,1,1,1,0,0
0.0035476,0,0,1,0,0,0,0,1,1,0,1,1,1,1,0,0
0.00354761,0,0,0,0,0,0,0,1,1,0,1,1,1,1,0,0
0.00354767,0,0,1,0,0,0,0,1,1,0,1,1,1,1,0,0
0.00354768,0,0,0,0,0,0,0,1,1,0,1,1,1,1,0,0
0.00354834,0,0,1,0,0,0,0,1,1,0,1,1,1,1,0,0
0.00354835,1,1,1,1,0,1,1,1,1,0,1,1,1,1,0,0
0.00354837,0,0,0,0,0,0,0,1,1,0,1,1,1,1,0,0
0.0035484,0,0,1,0,0,0,0,1,1,0,1,1,1,1,0,0
0.00354841,1,1,1,1,1,1,1,1,1,0,1,1,1,1,0,0
0.00354846,1,0,0,0,1,0,0,1,1,0,1,1,1,1,0,0
0.0035485,1,1,1,1,1,1,1,1,1,0,1,1,1,1,0,0
0.00354853,1,0,1,1,1,1,0,1,1,0,1,1,1,1,0,0
0.00354854,1,0,0,0,1,0,0,1,1,0,1,1,1,1,0,0
0.00354857,1,0,1,0,1,0,0,1,1,0,1,1,1,1,0,0
0.00354858,1,1,1,1,1,1,0,1,1,0,1,1,1,1,0,0
0.0035486,1,0,1,1,1,1,0,1,1,0,1,1,1,1,0,0
0.00354861,1,0,1,0,1,0,0,1,1,0,1,1,1,1,0,0
0.00354862,1,0,0,0,1,0,0,1,1,0,1,1,1,1,0,0
0.00354865,1,0,1,0,1,0,0,1,1,0,1,1,1,1,0,0
0.00354866,1,0,1,1,1,1,0,1,1,0,1,1,1,1,0,0
0.00354867,1,0,1,0,1,0,0,1,1,0,1,1,1,1,0,0
0.00354869,1,0,0,0,1,0,0,1,1,0,1,1,1,1,0,0
0.00354872,1,0,1,0,1,0,0,1,1,0,1,1,1,1,0,0
0.00354874,1,0,0,0,1,0,0,1,1,0,1,1,1,1,0,0
0.00354877,1,0,1,0,1,0,0,1,1,0,1,1,1,1,0,0
0.00354878,1,0,0,0,1,0,0,1,1,0,1,1,1,1,0,0
0.0035488,1,0,1,0,1,0,0,1,1,0,1,1,1,1,0,0
0.00354881,1,0,0,0,1,0,0,1,1,0,1,1,1,1,0,0
0.00354884,1,0,1,0,1,0,0,1,1,0,1,1,1,1,0,0
0.00354886,1,0,0,0,1,0,0,1,1,0,1,1,1,1,0,0
0.00354933,1,0,1,0,1,0,0,1,1,0,1,1,1,1,0,0
0.00354934,1,1,1,1,1,1,1,1,1,0,1,1,1,1,0,0
0.00354938,0,1,1,1,0,1,1,0,1,0,1,1,1,1,0,0
0.00354939,0,0,0,0,0,0,1,0,1,0,1,1,1,1,0,0
0.00354942,0,0,1,1,0,1,1,0,1,0,1,1,1,1,0,0
0.00354943,0,1,1,1,0,1,1,0,1,0,1,1,1,1,0,0
0.00354944,1,1,1,1,0,1,1,1,1,0,1,1,1,1,0,0
0.00354946,0,1,1,1,0,1,1,0,1,0,1,1,1,1,0,0
0.00354947,0,0,0,0,0,0,1,0,1,0,1,1,1,1,0,0
0.0035495,0,0,1,0,0,1,1,0,1,0,1,1,1,1,0,0
0.00354951,0,0,1,1,0,1,1,0,1,0,1,1,1,1,0,0
0.00354956,0,0,0,0,0,0,1,0,1,0,1,1,1,1,0,0
0.00354957,0,0,1,0,0,0,1,0,1,0,1,1,1,1,0,0
0.00354958,0,0,1,1,0,1,1,0,1,0,1,1,1,1,0,0
0.00354963,0,0,1,0,0,1,1,0,1,0,1,1,1,1,0,0
0.00354965,0,0,1,1,0,1,1,0,1,0,1,1,1,1,0,0
0.00354971,0,0,1,0,0,0,1,0,1,0,1,1,1,1,0,0
0.00354974,0,0,1,1,0,1,1,0,1,0,1,1,1,1,0,0
0.00354975,0,0,1,1,0,0,1,0,1,0,1,1,1,1,0,0
0.00354976,0,0,1,0,0,1,1,0,1,0,1,1,1,1,0,0
0.00354978,0,0,1,0,0,0,1,0,1,0,1,1,1,1,0,0
0.00354987,0,0,1,0,0,1,1,0,1,0,1,1,1,1,0,0
0.00354988,0,0,0,0,0,0,1,0,1,0,1,1,1,1,0,0
0.00355029,0,0,1,1,0,1,1,0,1,0,1,1,1,1,0,0
0.0035503,1,1,1,1,1,1,1,1,1,0,1,1,1,1,0,0
0.00355037,0,1,0,0,0,0,1,0,1,0,1,1,1,1,0,0
0.00355038,0,0,0,0,0,0,1,0,1,0,1,1,1,1,0,0
0.00355042,1,1,1,1,0,1,1,0,1,0,1,1,1,1,0,0
0.00355043,1,1,1,1,0,1,1,1,1,0,1,1,1,1,0,0
0.00355044,1,1,1,1,0,1,1,0,1,0,1,1,1,1,0,0
0.00355045,0,0,0,0,0,0,1,0,1,0,1,1,1,1,0,0
0.0035505,0,1,0,0,0,0,1,0,1,0,1,1,1,1,0,0
0.00355052,0,0,0,0,0,0,1,0,1,0,1,1,1,1,0,0
0.00355128,0,1,1,1,0,1,1,0,1,0,1,1,1,1,0,0
0.00355129,1,1,1,1,1,1,1,1,1,0,1,1,1,1,0,0
0.00355132,1,1,1,1,0,1,1,1,1,0,1,1,1,1,0,0
0.00355133,0,0,0,0,0,0,1,0,1,0,1,1,1,1,0,0
0.00355138,0,1,1,1,0,1,1,0,1,0,1,1,1,1,0,0
0.00355139,0,0,0,0,0,0,1,0,1,0,1,1,1,1,0,0
0.00355228,0,0,0,0,0,0,1,1,1,0,1,1,1,1,0,0
0.00355229,0,0,1,0,0,1,0,1,1,0,1,1,1,1,0,0
0.0035523,0,0,0,0,0,0,0,1,1,0,1,1,1,1,0,0
0.00355324,0,0,1,0,0,0,1,1,1,0,1,1,1,1,0,0
0.00355325,0,1,1,1,0,1,1,1,1,0,1,1,1,1,0,0
0.00355326,1,1,1,1,1,1,0,0,1,0,1,1,1,1,0,0
0.00355327,1,1,1,1,0,1,0,0,1,0,1,1,1,1,0,0
0.00355328,0,1,1,1,0,1,0,0,1,0,1,1,1,1,0,0
0.00355427,1,1,1,1,1,1,1,1,1,0,1,1,1,1,0,0
0.00355432,0,1,1,1,1,1,1,1,1,0,1,1,1,1,0,0
0.00355433,0,1,0,0,1,1,1,1,1,0,1,1,1,1,0,0
0.00355434,0,1,0,0,1,0,1,1,1,0,1,1,1,1,0,0
0.00355465,0,1,0,0,1,0,1,1,0,0,0,0,1,0,0,0
0.00355466,0,1,0,0,1,0,1,1,0,1,0,0,1,0,1,1
0.00355518,0,1,1,1,1,0,1,1,0,1,0,0,1,0,1,1
0.00355519,0,1,1,0,1,0,1,1,0,1,0,0,1,0,1,1
0.0035552,1,1,1,1,1,0,1,1,0,1,0,0,1,0,1,1
0.00355521,1,1,1,1,1,1,1,1,0,1,0,0,1,0,1,1
0.00355524,1,1,1,1,1,1,0,1,0,1,0,0,1,0,1,1
0.00355525,0,1,1,1,0,1,0,0,0,1,0,0,1,0,1,1
0.00355617,0,1,1,1,0,1,0,1,0,1,0,0,1,0,1,1
0.00355618,0,1,1,1,1,1,1,1,0,1,0,0,1,0,1,1
0.00355619,1,1,1,1,1,1,1,1,0,1,0,0,1,0,1,1
0.00355714,0,0,0,0,0,0,0,0,0,1,0,0,1,0,1,1
0.00355717,1,1,1,0,0,0,0,0,0,1,0,0,1,0,1,1
0.00355718,1,0,1,0,0,0,0,0,0,1,0,0,1,0,1,1
0.00355719,0,0,0,0,0,0,0,0,0,1,0,0,1,0,1,1
0.0035581,1,1,1,0,0,0,0,0,0,1,0,0,1,0,1,1
0.00355811,0,0,0,0,0,0,0,0,0,1,0,0,1,0,1,1
0.00355814,0,1,1,1,0,1,0,0,0,1,0,0,1,0,1,1
0.00355816,1,1,1,1,1,1,1,1,0,1,0,0,1,0,1,1
0.00355817,0,1,1,1,1,1,1,1,0,1,0,0,1,0,1,1
0.00355819,1,1,1,1,1,1,1,1,0,1,0,0,1,0,1,1
0.00355822,1,1,0,0,1,1,0,0,0,1,0,0,1,0,1,1
0.00355823,0,1,0,0,1,1,0,0,0,1,0,0,1,0,1,1
0.00355827,1,1,1,1,1,1,1,1,0,1,0,0,1,0,1,1
0.00355829,0,1,0,0,1,1,0,0,0,1,0,0,1,0,1,1
0.00355855,0,1,0,0,1,1,0,0,0,1,0,0,1,0,0,0
0.00355857,0,1,0,0,1,1,0,0,0,1,0,0,1,1,0,0
0.0035591,1,1,1,0,1,1,0,0,0,1,0,0,1,1,0,0
0.00355911,1,1,1,1,1,1,1,1,0,1,0,0,1,1,0,0
0.00355915,0,0,0,0,1,0,0,1,0,1,0,0,1,1,0,0
0.0035592,1,0,1,1,1,0,0,1,0,1,0,0,1,1,0,0
0.00355921,1,0,1,1,1,1,1,1,0,1,0,0,1,1,0,0
0.00355922,0,0,1,0,1,0,0,1,0,1,0,0,1,1,0,0
0.00355923,0,0,0,0,1,0,0,1,0,1,0,0,1,1,0,0
0.00356006,1,1,1,1,1,0,0,1,0,1,0,0,1,1,0,0
0.00356008,1,1,1,1,1,1,1,1,0,1,0,0,1,1,0,0
0.00356013,1,1,0,1,0,0,0,0,0,1,0,0,1,1,0,0
0.00356017,1,1,1,1,0,1,0,0,0,1,0,0,1,1,0,0
0.00356018,1,1,1,1,0,1,1,0,0,1,0,0,1,1,0,0
0.00356019,1,1,1,1,0,1,0,0,0,1,0,0,1,1,0,0
0.0035602,1,1,0,1,0,0,0,0,0,1,0,0,1,1,0,0
0.00356105,1,1,1,1,0,1,0,0,0,1,0,0,1,1,0,0
0.00356106,1,1,1,1,1,1,1,1,0,1,0,0,1,1,0,0
0.00356206,0,0,0,1,1,0,0,1,0,1,0,0,1,1,0,0
0.00356209,1,1,1,1,1,1,1,1,0,1,0,0,1,1,0,0
0.00356214,0,1,1,0,0,1,1,1,0,1,0,0,1,1,0,0
0.00356215,0,1,1,0,0,1,1,0,0,1,0,0,1,1,0,0
0.00356246,0,1,1,0,0,1,1,0,0,1,0,0,0,1,0,0
0.00356247,0,1,1,0,0,1,1,0,0,1,1,0,0,1,0,1
0.00356299,1,1,1,1,0,1,1,0,0,1,1,0,0,1,0,1
0.00356301,1,1,1,1,1,1,1,1,0,1,1,0,0,1,0,1
0.00356307,0,0,0,0,1,0,0,1,0,1,1,0,0,1,0,1
0.00356311,0,0,0,1,1,1,1,1,0,1,1,0,0,1,0,1
0.00356312,1,1,1,1,1,1,1,1,0,1,1,0,0,1,0,1
0.00356314,0,0,0,1,1,1,0,1,0,1,1,0,0,1,0,1
0.00356315,0,0,0,0,1,0,0,1,0,1,1,0,0,1,0,1
0.00356319,0,0,0,0,1,1,0,1,0,1,1,0,0,1,0,1
0.0035632,0,0,0,1,1,1,0,1,0,1,1,0,0,1,0,1
0.00356321,0,0,0,0,1,1,0,1,0,1,1,0,0,1,0,1
0.00356323,0,0,0,0,1,0,0,1,0,1,1,0,0,1,0,1
0.00356397,1,1,1,1,1,0,1,1,0,1,1,0,0,1,0,1
0.00356398,1,1,1,1,1,1,1,1,0,1,1,0,0,1,0,1
0.00356402,0,0,0,0,0,1,1,0,0,1,1,0,0,1,0,1
0.00356403,0,0,0,0,0,0,1,0,0,1,1,0,0,1,0,1
0.00356406,0,0,1,0,0,1,1,0,0,1,1,0,0,1,0,1
0.00356407,0,0,1,1,0,1,1,0,0,1,1,0,0,1,0,1
0.00356408,1,1,1,1,1,1,1,1,0,1,1,0,0,1,0,1
0.00356409,1,1,1,1,0,1,1,1,0,1,1,0,0,1,0,1
0.0035641,0,0,1,1,0,1,1,0,0,1,1,0,0,1,0,1
0.00356411,0,0,0,0,0,1,1,0,0,1,1,0,0,1,0,1
0.00356412,0,0,0,0,0,0,1,0,0,1,1,0,0,1,0,1
0.00356414,0,0,0,0,0,1,1,0,0,1,1,0,0,1,0,1
0.00356415,0,0,1,0,0,1,1,0,0,1,1,0,0,1,0,1
0.00356418,0,0,0,0,0,1,1,0,0,1,1,0,0,1,0,1
0.0035644,0,0,0,0,0,0,1,0,0,1,1,0,0,1,0,1
0.00356441,0,0,0,0,0,1,1,0,0,1,1,0,0,1,0,1
0.00356466,0,0,0,0,0,0,1,0,0,1,1,0,0,1,0,1
0.00356467,0,0,0,0,0,1,1,0,0,1,1,0,0,1,0,1
0.00356468,0,0,0,0,0,0,1,0,0,1,1,0,0,1,0,1
0.00356496,1,1,1,1,1,1,1,0,0,1,1,0,0,1,0,1
0.00356497,1,1,1,1,1,1,1,1,0,1,1,0,0,1,0,1
0.00356502,0,0,0,0,0,0,1,1,0,1,1,0,0,1,0,1
0.00356503,0,0,0,0,0,0,0,1,0,1,1,0,0,1,0,1
0.00356506,0,0,1,1,0,1,0,1,0,1,1,0,0,1,0,1
0.00356507,1,1,1,1,0,1,1,1,0,1,1,0,0,1,0,1
0.00356508,1,1,1,1,1,1,1,1,0,1,1,0,0,1,0,1
0.00356509,0,0,1,1,0,1,1,1,0,1,1,0,0,1,0,1
0.0035651,0,0,0,0,0,1,0,1,0,1,1,0,0,1,0,1
0.00356511,0,0,0,0,0,0,0,1,0,1,1,0,0,1,0,1
0.00356515,0,0,0,0,0,1,0,1,0,1,1,0,0,1,0,1
0.00356518,0,0,0,0,0,0,0,1,0,1,1,0,0,1,0,1
0.00356592,0,1,1,1,0,1,1,1,0,1,1,0,0,1,0,1
0.00356593,1,1,1,1,1,1,1,1,0,1,1,0,0,1,0,1
0.00356695,0,0,0,0,0,0,0,1,0,1,1,0,0,1,0,1
0.00356699,0,1,1,1,0,1,1,1,0,1,1,0,0,1,0,1
0.003567,1,1,1,1,1,1,1,1,0,1,1,0,0,1,0,1
0.00356702,1,1,1,1,0,1,1,1,0,1,1,0,0,1,0,1
0.00356703,0,0,1,1,0,1,0,1,0,1,1,0,0,1,0,1
0.00356704,0,0,0,0,0,0,0,1,0,1,1,0,0,1,0,1
0.00356708,0,0,1,1,0,1,0,1,0,1,1,0,0,1,0,1
0.00356711,0,0,1,0,0,1,0,1,0,1,1,0,0,1,0,1
0.00356712,0,0,0,0,0,0,0,1,0,1,1,0,0,1,0,1
0.00356716,0,0,1,0,0,1,0,1,0,1,1,0,0,1,0,1
0.00356718,0,0,0,0,0,0,0,1,0,1,1,0,0,1,0,1
0.00356797,0,1,1,0,0,1,0,1,0,1,1,0,0,1,0,1
0.00356798,0,1,1,0,0,1,1,1,0,1,1,0,0,1,0,1
0.00356799,1,1,1,1,1,1,1,1,0,1,1,0,0,1,0,1
0.003568,1,1,1,1,1,1,1,0,0,1,1,0,0,1,0,1
0.00356801,0,1,1,0,0,1,1,0,0,1,1,0,0,1,0,1
0.0035684,0,1,1,0,0,1,1,1,0,1,1,0,0,1,0,1
0.00356841,0,1,1,0,0,1,1,1,0,1,1,0,0,1,1,1
0.00356843,1,1,1,1,1,1,1,1,0,1,1,0,0,1,1,1
0.00356844,1,1,1,1,0,1,1,0,0,1,1,0,0,1,0,1
0.00356845,0,1,1,0,0,1,1,0,0,1,1,0,0,1,0,1
0.00356849,0,1,1,1,0,1,1,0,0,1,1,0,0,1,0,1
0.0035685,0,1,1,0,0,1,1,0,0,1,1,0,0,1,0,1
0.00356884,1,1,1,1,0,1,1,0,0,1,1,0,0,1,0,1
0.00356886,1,1,1,1,1,1,1,0,0,1,1,0,0,1,0,1
0.00356887,1,1,1,1,1,1,1,1,0,1,1,0,0,1,0,1
0.00356892,1,0,0,1,1,0,0,1,0,1,1,0,0,1,0,1
0.00356893,1,0,0,0,1,0,0,1,0,1,1,0,0,1,0,1
0.00356897,1,1,1,1,1,1,1,1,0,1,1,0,0,1,0,1
0.00356899,1,1,1,1,1,0,0,1,0,1,1,0,0,1,0,1
0.003569,1,0,0,0,1,0,0,1,0,1,1,0,0,1,0,1
0.00356904,1,0,0,1,1,0,0,1,0,1,1,0,0,1,0,1
0.00356905,1,0,1,1,1,0,0,1,0,1,1,0,0,1,0,1
0.00356906,1,0,0,1,1,0,0,1,0,1,1,0,0,1,0,1
0.00356907,1,0,0,0,1,0,0,1,0,1,1,0,0,1,0,1
0.00356982,1,0,1,0,1,0,0,1,0,1,1,0,0,1,0,1
0.00356983,1,1,1,1,1,0,1,1,0,1,1,0,0,1,0,1
0.00356984,1,1,1,1,1,1,1,1,0,1,1,0,0,1,0,1
0.00356988,0,0,0,0,0,0,1,0,0,1,1,0,0,1,0,1
0.00356993,0,0,1,1,0,1,1,0,0,1,1,0,0,1,0,1
0.00356994,1,1,1,1,0,1,1,0,0,1,1,0,0,1,0,1
0.00356996,0,0,1,1,0,1,1,0,0,1,1,0,0,1,0,1
0.00356997,0,0,0,0,0,0,1,0,0,1,1,0,0,1,0,1
0.00357001,0,0,1,0,0,0,1,0,0,1,1,0,0,1,0,1
0.00357003,0,0,0,0,0,0,1,0,0,1,1,0,0,1,0,1
0.00357082,1,1,1,1,1,1,1,0,0,1,1,0,0,1,0,1
0.00357084,1,1,1,1,1,1,1,1,0,1,1,0,0,1,0,1
0.00357087,0,0,0,0,0,0,1,1,0,1,1,0,0,1,0,1
0.00357088,0,0,0,0,0,0,1,0,0,1,1,0,0,1,0,1
0.00357091,1,1,1,1,0,1,1,1,0,1,1,0,0,1,0,1
0.00357093,1,1,1,1,1,1,1,1,0,1,1,0,0,1,0,1
0.00357094,1,1,1,1,0,1,1,1,0,1,1,0,0,1,0,1
0.00357096,0,0,1,0,0,0,1,0,0,1,1,0,0,1,0,1
0.00357097,0,0,0,0,0,0,1,0,0,1,1,0,0,1,0,1
0.00357099,1,1,1,1,0,1,1,0,0,1,1,0,0,1,0,1
0.00357104,1,0,1,1,0,0,1,0,0,1,1,0,0,1,0,1
0.00357105,0,0,1,1,0,0,1,0,0,1,1,0,0,1,0,1
0.00357107,1,0,1,1,0,0,1,0,0,1,1,0,0,1,0,1
0.00357108,1,1,1,1,0,1,1,0,0,1,1,0,0,1,0,1
0.0035711,1,0,1,1,0,1,1,0,0,1,1,0,0,1,0,1
0.00357111,1,0,1,1,0,0,1,0,0,1,1,0,0,1,0,1
0.00357116,0,0,1,1,0,0,1,0,0,1,1,0,0,1,0,1
0.00357117,1,0,1,1,0,0,1,0,0,1,1,0,0,1,0,1
0.0035712,0,0,1,1,0,0,1,0,0,1,1,0,0,1,0,1
0.00357122,1,0,1,1,0,0,1,0,0,1,1,0,0,1,0,1
0.00357124,0,0,1,1,0,0,1,0,0,1,1,0,0,1,0,1
0.00357126,1,0,1,1,0,0,1,0,0,1,1,0,0,1,0,1
0.00357128,0,0,1,1,0,0,1,0,0,1,1,0,0,1,0,1
0.00357131,1,0,1,1,0,0,1,0,0,1,1,0,0,1,0,1
0.00357132,0,0,1,1,0,0,1,0,0,1,1,0,0,1,0,1
0.00357133,0,0,1,0,0,0,1,0,0,1,1,0,0,1,0,1
0.00357135,0,0,1,1,0,0,1,0,0,1,1,0,0,1,0,1
0.00357138,0,0,1,0,0,0,1,0,0,1,1,0,0,1,0,1
0.0035717,0,0,0,0,0,0,1,0,0,1,1,0,0,1,0,1
0.00357171,0,0,1,0,0,0,1,0,0,1,1,0,0,1,0,1
0.00357172,0,0,0,0,0,0,1,0,0,1,1,0,0,1,0,1
0.00357176,0,0,1,0,0,0,1,0,0,1,1,0,0,1,0,1
0.00357177,1,1,1,1,0,1,1,0,0,1,1,0,0,1,0,1
0.00357178,1,1,1,1,1,1,1,1,0,1,1,0,0,1,0,1
0.00357281,0,0,0,0,0,0,1,0,0,1,1,0,0,1,0,1
0.00357285,1,1,1,1,0,1,1,1,0,1,1,0,0,1,0,1
0.00357286,1,1,1,1,1,1,1,1,0,1,1,0,0,1,0,1
0.00357288,1,1,1,1,0,1,1,1,0,1,1,0,0,1,0,1
0.00357289,0,0,1,1,0,1,1,0,0,1,1,0,0,1,0,1
0.0035729,0,0,0,0,0,0,1,0,0,1,1,0,0,1,0,1
0.00357293,0,0,1,1,0,1,1,0,0,1,1,0,0,1,0,1
0.00357294,1,1,1,1,0,1,1,1,0,1,1,0,0,1,0,1
0.00357295,1,0,1,1,0,1,1,1,0,1,1,0,0,1,0,1
0.00357296,0,0,1,1,0,1,1,0,0,1,1,0,0,1,0,1
0.00357297,0,0,1,0,0,0,1,0,0,1,1,0,0,1,0,1
0.00357299,0,0,0,0,0,0,1,0,0,1,1,0,0,1,0,1
0.003573,0,0,1,0,0,0,1,0,0,1,1,0,0,1,0,1
0.00357301,0,0,1,1,0,0,1,0,0,1,1,0,0,1,0,1
0.00357305,0,0,1,0,0,0,1,0,0,1,1,0,0,1,0,1
0.00357318,0,0,1,1,0,0,1,0,0,1,1,0,0,1,0,1
0.00357319,0,0,1,0,0,0,1,0,0,1,1,0,0,1,0,1
0.00357337,0,0,0,0,0,0,1,0,0,1,1,0,0,1,0,1
0.00357339,0,0,1,0,0,0,1,0,0,1,1,0,0,1,0,1
0.00357341,0,0,0,0,0,0,1,0,0,1,1,0,0,1,0,1
0.00357347,0,0,1,0,0,0,1,0,0,1,1,0,0,1,0,1
0.00357348,0,0,0,0,0,0,1,0,0,1,1,0,0,1,0,1
0.00357375,0,0,1,0,0,0,1,0,0,1,1,0,0,1,0,1
0.00357376,0,0,0,0,0,0,1,0,0,1,1,0,0,1,0,1
0.00357382,0,0,1,0,0,0,1,0,0,1,1,0,0,1,0,1
0.00357383,0,1,1,0,0,1,1,0,0,1,1,0,0,1,0,1
0.00357385,1,1,1,1,1,1,1,1,0,1,1,0,0,1,0,1
0.00357388,0,1,1,0,0,1,1,0,0,1,1,0,0,1,0,1
0.00357393,0,1,1,1,0,1,1,0,0,1,1,0,0,1,0,1
0.00357395,0,1,1,0,0,1,1,0,0,1,1,0,0,1,0,1
0.00357417,0,1,1,0,0,1,1,0,0,1,1,0,0,1,0,0
0.00357418,0,1,1,0,0,1,1,0,0,1,1,0,0,1,0,1
0.00357425,0,1,1,0,0,1,1,0,0,1,1,0,0,1,0,0
0.00357426,0,1,1,0,0,1,1,0,0,1,1,0,0,1,0,1
0.0035747,1,1,1,1,0,1,1,0,0,1,1,0,0,1,0,1
0.00357472,1,1,1,1,1,1,1,1,0,1,1,0,0,1,0,1
0.00357478,0,0,0,0,0,0,0,1,0,1,1,0,0,1,0,1
0.00357482,1,1,1,1,0,1,0,1,0,1,1,0,0,1,0,1
0.00357483,1,1,1,1,1,1,0,1,0,1,1,0,0,1,0,1
0.00357485,1,1,1,1,0,1,0,1,0,1,1,0,0,1,0,1
0.00357487,1,0,1,1,0,0,0,1,0,1,1,0,0,1,0,1
0.00357488,0,0,0,0,0,0,0,1,0,1,1,0,0,1,0,1
0.00357489,0,0,0,1,0,0,0,1,0,1,1,0,0,1,0,1
0.0035749,1,1,1,1,0,0,0,1,0,1,1,0,0,1,0,1
0.00357496,1,0,1,1,0,0,0,1,0,1,1,0,0,1,0,1
0.00357497,1,1,1,1,0,0,0,1,0,1,1,0,0,1,0,1
0.00357505,0,0,1,1,0,0,0,1,0,1,1,0,0,1,0,1
0.00357506,1,1,1,1,0,0,0,1,0,1,1,0,0,1,0,1
0.00357514,1,0,1,1,0,0,0,1,0,1,1,0,0,1,0,1
0.00357515,1,1,1,1,0,0,0,1,0,1,1,0,0,1,0,1
0.00357518,0,0,1,1,0,0,0,1,0,1,1,0,0,1,0,1
0.00357519,1,1,1,1,0,0,0,1,0,1,1,0,0,1,0,1
0.00357523,0,1,1,1,0,0,0,1,0,1,1,0,0,1,0,1
0.00357524,1,1,1,1,0,0,0,1,0,1,1,0,0,1,0,1
0.00357528,0,1,1,1,0,0,0,1,0,1,1,0,0,1,0,1
0.00357529,1,1,1,1,0,0,0,1,0,1,1,0,0,1,0,1
0.00357531,0,1,1,1,0,0,0,1,0,1,1,0,0,1,0,1
0.00357533,1,1,1,1,0,0,0,1,0,1,1,0,0,1,0,1
0.00357535,0,1,1,1,0,0,0,1,0,1,1,0,0,1,0,1
0.00357539,0,0,1,1,0,0,0,1,0,1,1,0,0,1,0,1
0.00357542,0,1,1,1,0,0,0,1,0,1,1,0,0,1,0,1
0.00357544,0,0,1,1,0,0,0,1,0,1,1,0,0,1,0,1
0.00357564,0,0,1,0,0,0,0,1,0,1,1,0,0,1,0,1
0.00357565,0,0,1,1,0,0,0,1,0,1,1,0,0,1,0,1
0.00357567,0,0,0,0,0,0,0,1,0,1,1,0,0,1,0,1
0.00357568,1,1,1,1,0,0,0,1,0,1,1,0,0,1,0,1
0.00357569,1,1,1,1,0,0,1,1,0,1,1,0,0,1,0,1
0.0035757,1,1,1,1,1,1,1,1,0,1,1,0,0,1,0,1
0.00357574,0,0,0,0,0,0,1,0,0,1,1,0,0,1,0,1
0.00357577,1,1,1,1,0,1,1,0,0,1,1,0,0,1,0,1
0.00357578,1,1,1,1,0,1,1,1,0,1,1,0,0,1,0,1
0.00357579,1,1,1,1,1,1,1,1,0,1,1,0,0,1,0,1
0.00357581,1,1,1,1,0,1,1,1,0,1,1,0,0,1,0,1
0.00357582,0,0,1,1,0,1,1,0,0,1,1,0,0,1,0,1
0.00357583,0,0,0,0,0,0,1,0,0,1,1,0,0,1,0,1
0.00357585,0,0,1,1,0,1,1,0,0,1,1,0,0,1,0,1
0.00357586,1,1,1,1,0,1,1,0,0,1,1,0,0,1,0,1
0.00357591,0,0,1,1,0,1,1,0,0,1,1,0,0,1,0,1
0.00357593,1,1,1,1,0,1,1,0,0,1,1,0,0,1,0,1
0.003576,0,0,1,1,0,1,1,0,0,1,1,0,0,1,0,1
0.00357601,0,1,1,1,0,1,1,0,0,1,1,0,0,1,0,1
0.00357602,1,1,1,1,0,1,1,0,0,1,1,0,0,1,0,1
0.00357605,0,1,1,1,0,1,1,0,0,1,1,0,0,1,0,1
0.00357606,1,1,1,1,0,1,1,0,0,1,1,0,0,1,0,1
0.00357607,0,1,1,1,0,1,1,0,0,1,1,0,0,1,0,1
0.00357608,0,0,1,1,0,1,1,0,0,1,1,0,0,1,0,1
0.00357611,1,1,1,1,0,1,1,0,0,1,1,0,0,1,0,1
0.00357612,0,0,1,1,0,1,1,0,0,1,1,0,0,1,0,1
0.00357613,1,1,1,1,0,1,1,0,0,1,1,0,0,1,0,1
0.00357614,0,0,1,1,0,1,1,0,0,1,1,0,0,1,0,1
0.00357649,0,0,1,0,0,0,1,0,0,1,1,0,0,1,0,1
0.0035765,0,0,1,1,0,1,1,0,0,1,1,0,0,1,0,1
0.00357653,0,0,1,0,0,0,1,0,0,1,1,0,0,1,0,1
0.00357656,0,0,1,1,0,1,1,0,0,1,1,0,0,1,0,1
0.00357658,0,0,1,0,0,0,1,0,0,1,1,0,0,1,0,1
0.00357661,0,0,0,0,0,0,1,0,0,1,1,0,0,1,0,1
0.00357662,0,0,1,1,0,0,1,0,0,1,1,0,0,1,0,1
0.00357663,0,0,1,0,0,0,1,0,0,1,1,0,0,1,0,1
0.00357665,1,1,1,1,0,0,1,0,0,1,1,0,0,1,0,1
0.00357667,1,1,1,1,1,1,1,1,0,1,1,0,0,1,0,1
0.00357673,0,1,1,1,0,1,0,0,0,1,1,0,0,1,0,1
0.00357677,1,1,1,1,1,1,0,1,0,1,1,0,0,1,0,1
0.00357678,1,1,1,1,1,1,1,1,0,1,1,0,0,1,0,1
0.00357679,1,1,1,1,0,1,0,1,0,1,1,0,0,1,0,1
0.0035768,0,1,1,1,0,1,0,0,0,1,1,0,0,1,0,1
0.00357685,1,1,1,1,0,1,0,0,0,1,1,0,0,1,0,1
0.00357686,0,1,1,1,0,1,0,0,0,1,1,0,0,1,0,1
0.00357764,1,1,1,1,1,1,0,1,0,1,1,0,0,1,0,1
0.00357765,1,1,1,1,1,1,1,1,0,1,1,0,0,1,0,1
0.00357866,1,1,1,1,1,1,0,1,0,1,1,0,0,1,0,1
0.00357867,0,1,1,1,0,1,0,0,0,1,1,0,0,1,0,1
0.00357871,1,1,1,1,1,1,1,1,0,1,1,0,0,1,0,1
0.00357872,1,1,1,1,0,1,1,1,0,1,1,0,0,1,0,1
0.00357873,0,1,1,1,0,1,0,0,0,1,1,0,0,1,0,1
0.0035797,1,1,1,1,1,1,1,1,0,1,1,0,0,1,0,1
0.00357971,0,0,1,0,1,0,0,0,0,1,1,0,0,1,0,1
0.00357976,1,0,1,0,1,0,0,1,0,1,1,0,0,1,0,1
0.00357977,0,0,1,0,1,0,0,0,0,1,1,0,0,1,0,1
0.00358003,0,0,1,0,1,0,0,0,0,0,1,0,0,0,0,0
0.00358005,0,0,1,0,1,0,0,0,0,0,1,0,1,0,0,0
0.00358011,0,0,1,0,1,0,0,0,0,0,0,0,1,0,0,0
0.00358012,0,0,1,0,1,0,0,0,0,0,1,0,1,0,0,0
0.00358056,1,1,1,0,1,0,0,0,0,0,1,0,1,0,0,0
0.00358057,1,1,1,1,1,0,0,0,0,0,1,0,1,0,0,0
0.00358058,1,0,1,0,1,1,1,1,0,0,1,0,1,0,0,0
0.00358059,1,1,1,1,1,1,1,1,0,0,1,0,1,0,0,0
0.0035816,1,1,1,1,0,1,1,1,0,0,1,0,1,0,0,0
0.00358161,0,0,0,0,0,0,1,0,0,0,1,0,1,0,0,0
0.00358165,0,0,0,1,0,1,1,1,0,0,1,0,1,0,0,0
0.00358166,1,1,1,1,0,1,1,1,0,0,1,0,1,0,0,0
0.00358168,0,0,1,1,0,1,1,1,0,0,1,0,1,0,0,0
0.00358169,0,0,0,0,0,0,1,0,0,0,1,0,1,0,0,0
0.00358252,1,0,0,0,0,0,1,0,0,0,1,0,1,0,0,0
0.00358253,0,0,1,1,0,0,1,0,0,0,1,0,1,0,0,0
0.00358254,1,1,1,1,1,1,1,0,0,0,1,0,1,0,0,0
0.00358255,1,1,1,1,1,1,1,1,0,0,1,0,1,0,0,0
0.00358258,1,1,1,1,1,1,0,1,0,0,1,0,1,0,0,0
0.00358259,1,1,0,0,1,0,0,0,0,0,1,0,1,0,0,0
0.00358262,1,1,1,0,1,0,0,0,0,0,1,0,1,0,0,0
0.00358263,1,1,1,1,1,1,0,1,0,0,1,0,1,0,0,0
0.00358266,1,1,1,0,1,0,0,0,0,0,1,0,1,0,0,0
0.00358267,1,1,0,0,1,0,0,0,0,0,1,0,1,0,0,0
0.0035827,1,1,1,1,1,1,0,0,0,0,1,0,1,0,0,0
0.00358271,1,1,1,1,1,1,0,1,0,0,1,0,1,0,0,0
0.00358273,1,1,1,0,1,0,0,0,0,0,1,0,1,0,0,0
0.00358279,1,1,1,1,1,0,0,0,0,0,1,0,1,0,0,0
0.0035828,1,1,1,0,1,0,0,0,0,0,1,0,1,0,0,0
0.00358291,1,1,0,0,1,0,0,0,0,0,1,0,1,0,0,0
0.00358293,1,1,1,0,1,0,0,0,0,0,1,0,1,0,0,0
0.00358296,1,1,1,0,1,0,0,0,0,0,0,0,1,0,0,0
0.00358297,1,1,0,0,1,0,0,0,1,1,0,0,1,0,0,0
0.00358301,1,1,1,0,1,0,0,0,1,1,0,0,1,0,0,0
0.00358302,1,1,1,1,1,0,0,0,1,1,0,0,1,0,0,0
0.00358303,1,1,1,1,1,0,0,0,0,0,0,0,0,0,0,0
0.00358304,1,1,0,0,1,0,0,0,1,1,0,0,1,0,0,0
0.00358308,1,1,1,0,1,0,0,0,1,1,0,0,1,0,0,0
0.00358309,1,1,1,1,1,0,0,0,1,1,0,0,1,0,0,0
0.0035831,1,1,1,0,1,0,0,0,1,1,0,0,1,0,0,0
0.00358312,1,1,0,0,1,0,0,0,1,1,0,0,1,0,0,0
0.00358316,1,1,1,0,1,0,0,0,1,1,0,0,1,0,0,0
0.00358318,1,1,0,0,1,0,0,0,1,1,0,0,1,0,0,0
0.00358349,1,1,1,1,1,0,0,0,1,1,0,0,1,0,0,0
0.0035835,1,1,1,0,1,0,0,0,1,1,0,0,1,0,0,0
0.00358351,1,1,1,1,1,1,0,1,1,1,0,0,1,0,0,0
0.00358352,1,1,1,1,1,1,1,1,1,1,0,0,1,0,0,0
0.00358356,1,0,0,0,1,1,0,1,1,1,0,0,1,0,0,0
0.0035836,1,1,1,1,1,1,0,1,1,1,0,0,1,0,0,0
0.00358362,1,0,1,1,1,1,0,1,1,1,0,0,1,0,0,0
0.00358363,1,0,0,0,1,1,0,1,1,1,0,0,1,0,0,0
0.00358367,1,0,1,1,1,1,0,1,1,1,0,0,1,0,0,0
0.00358369,1,0,1,0,1,1,0,1,1,1,0,0,1,0,0,0
0.0035837,1,0,0,0,1,1,0,1,1,1,0,0,1,0,0,0
0.00358446,1,1,0,0,1,1,0,1,1,1,0,0,1,0,0,0
0.00358448,1,1,1,1,1,1,0,1,1,1,0,0,1,0,0,0
0.00358449,1,0,1,1,1,1,1,1,1,1,0,0,1,0,0,0
0.0035845,1,1,1,1,1,1,1,1,1,1,0,0,1,0,0,0
0.00358454,1,1,1,1,1,0,0,0,1,1,0,0,1,0,0,0
0.00358455,0,1,0,0,1,0,0,0,1,1,0,0,1,0,0,0
0.00358458,0,1,1,1,1,0,0,0,1,1,0,0,1,0,0,0
0.00358459,1,1,1,1,1,1,1,1,1,1,0,0,1,0,0,0
0.00358461,1,1,1,1,1,1,0,1,1,1,0,0,1,0,0,0
0.00358462,1,1,1,1,1,0,0,0,1,1,0,0,1,0,0,0
0.00358463,0,1,1,0,1,0,0,0,1,1,0,0,1,0,0,0
0.00358464,0,1,0,0,1,0,0,0,1,1,0,0,1,0,0,0
0.00358466,0,1,1,1,1,0,0,0,1,1,0,0,1,0,0,0
0.00358467,1,1,1,1,1,0,0,0,1,1,0,0,1,0,0,0
0.00358469,0,1,1,1,1,0,0,0,1,1,0,0,1,0,0,0
0.00358491,0,1,1,1,1,0,0,0,0,1,0,0,1,0,0,0
0.00358494,0,1,1,0,1,0,0,0,0,1,0,0,1,0,0,0
0.00358496,0,1,1,1,1,0,0,0,0,1,0,0,1,0,0,0
0.00358497,1,1,1,1,1,0,0,0,0,1,0,0,1,0,0,0
0.00358498,0,1,1,1,1,0,0,0,0,1,0,0,1,0,0,0
0.00358499,0,1,1,1,1,0,0,0,0,0,0,0,0,0,0,0
0.003585,0,1,1,0,1,0,0,0,0,1,0,0,1,0,0,0
0.00358501,0,1,1,1,1,0,0,0,0,1,0,0,1,0,0,0
0.00358502,0,1,1,0,1,0,0,0,0,1,0,0,1,0,0,0
0.00358504,0,1,1,1,1,0,0,0,0,1,0,0,1,0,0,0
0.00358508,0,1,1,0,1,0,0,0,0,1,0,0,1,0,0,0
0.00358511,0,1,1,1,1,0,0,0,0,1,0,0,1,0,0,0
0.00358514,0,1,1,0,1,0,0,0,0,1,0,0,1,0,0,0
0.00358541,0,1,0,0,1,0,0,0,0,1,0,0,1,0,0,0
0.00358542,0,1,1,0,1,0,0,0,0,1,0,0,1,0,0,0
0.00358543,0,1,0,0,1,0,0,0,0,1,0,0,1,0,0,0
0.00358544,1,1,0,0,1,0,0,0,0,1,0,0,1,0,0,0
0.00358545,1,1,1,1,1,0,0,0,0,1,0,0,1,0,0,0
0.00358547,1,1,1,1,1,1,0,0,0,1,0,0,1,0,0,0
0.00358548,1,1,1,1,1,1,0,1,0,1,0,0,1,0,0,0
0.00358549,1,1,1,1,1,1,1,1,0,1,0,0,1,0,0,0
0.0035855,1,1,1,0,1,1,1,1,0,1,0,0,1,0,0,0
0.00358551,1,1,0,0,1,1,0,0,0,1,0,0,1,0,0,0
0.00358555,1,1,1,1,1,1,1,1,0,1,0,0,1,0,0,0
0.00358556,1,1,1,1,1,1,0,1,0,1,0,0,1,0,0,0
0.00358557,1,1,1,1,1,1,0,0,0,1,0,0,1,0,0,0
0.00358558,1,1,0,0,1,1,0,0,0,1,0,0,1,0,0,0
0.00358562,1,1,1,1,1,1,0,0,0,1,0,0,1,0,0,0
0.00358564,1,1,1,0,1,1,0,0,0,1,0,0,1,0,0,0
0.00358565,1,1,0,0,1,1,0,0,0,1,0,0,1,0,0,0
0.00358591,1,1,1,0,1,1,0,0,0,1,0,0,1,0,0,0
0.00358592,1,1,0,0,1,1,0,0,0,1,0,0,1,0,0,0
0.00358643,1,1,0,0,1,1,0,1,0,1,0,0,1,0,0,0
0.00358644,1,1,0,0,1,1,1,1,0,1,0,0,1,0,0,0
0.00358645,1,1,1,1,1,1,1,1,0,1,0,0,1,0,0,0
0.0035865,1,0,0,0,1,0,0,0,0,1,0,0,1,0,0,0
0.00358654,1,1,1,1,1,1,1,1,0,1,0,0,1,0,0,0
0.00358657,1,1,1,1,1,0,0,1,0,1,0,0,1,0,0,0
0.00358658,1,0,1,1,1,0,0,0,0,1,0,0,1,0,0,0
0.00358659,1,0,0,0,1,0,0,0,0,1,0,0,1,0,0,0
0.00358661,1,0,1,0,1,0,0,0,0,1,0,0,1,0,0,0
0.00358662,1,0,1,1,1,0,0,0,0,1,0,0,1,0,0,0
0.00358663,1,1,1,1,1,0,0,0,0,1,0,0,1,0,0,0
0.00358665,1,0,1,1,1,0,0,0,0,1,0,0,1,0,0,0
0.00358666,1,0,1,0,1,0,0,0,0,1,0,0,1,0,0,0
0.00358669,1,0,1,1,1,0,0,0,0,1,0,0,1,0,0,0
0.0035868,1,0,1,0,1,0,0,0,0,1,0,0,1,0,0,0
0.00358681,1,0,1,1,1,0,0,0,0,1,0,0,1,0,0,0
0.00358682,1,0,1,0,1,0,0,0,0,1,0,0,1,0,0,0
0.00358685,1,0,1,1,1,0,0,0,0,1,0,0,1,0,0,0
0.00358686,1,0,1,1,1,0,0,0,0,0,0,0,1,0,0,0
0.00358688,1,0,1,0,1,0,0,0,1,0,0,0,1,0,0,0
0.0035869,1,0,0,0,1,0,0,0,1,0,0,0,1,0,0,0
0.00358691,1,0,1,0,1,0,0,0,1,0,0,0,1,0,0,0
0.00358692,1,0,1,1,1,0,0,0,1,0,0,0,1,0,0,0
0.00358694,1,0,1,1,1,0,0,0,0,0,0,0,0,0,0,0
0.00358695,1,0,0,0,1,0,0,0,1,0,0,0,1,0,0,0
0.00358696,1,0,1,0,1,0,0,0,1,0,0,0,1,0,0,0
0.00358697,1,0,0,0,1,0,0,0,1,0,0,0,1,0,0,0
0.00358699,1,0,1,0,1,0,0,0,1,0,0,0,1,0,0,0
0.003587,1,0,1,1,1,0,0,0,1,0,0,0,1,0,0,0
0.00358702,1,0,1,0,1,0,0,0,1,0,0,0,1,0,0,0
0.00358703,1,0,0,0,1,0,0,0,1,0,0,0,1,0,0,0
0.00358705,1,0,1,0,1,0,0,0,1,0,0,0,1,0,0,0
0.00358711,1,0,0,0,1,0,0,0,1,0,0,0,1,0,0,0
0.00358712,1,0,1,0,1,0,0,0,1,0,0,0,1,0,0,0
0.00358715,1,0,0,0,1,0,0,0,1,0,0,0,1,0,0,0
0.00358718,1,0,1,0,1,0,0,0,1,0,0,0,1,0,0,0
0.0035872,1,0,0,0,1,0,0,0,1,0,0,0,1,0,0,0
0.00358739,1,0,1,1,1,0,0,0,1,0,0,0,1,0,0,0
0.0035874,1,1,1,1,1,0,0,0,1,0,0,0,1,0,0,0
0.00358741,1,1,1,1,1,1,1,1,1,0,0,0,1,0,0,0
0.00358747,0,0,1,1,1,0,0,1,1,0,0,0,1,0,0,0
0.00358751,1,1,1,1,1,1,1,1,1,0,0,0,1,0,0,0
0.00358753,0,1,1,1,1,0,0,1,1,0,0,0,1,0,0,0
0.00358754,0,0,1,1,1,0,0,1,1,0,0,0,1,0,0,0
0.00358759,0,1,1,1,1,0,0,1,1,0,0,0,1,0,0,0
0.0035876,0,0,1,1,1,0,0,1,1,0,0,0,1,0,0,0
0.00358837,1,1,1,1,1,0,0,1,1,0,0,0,1,0,0,0
0.00358839,1,1,1,1,1,1,1,1,1,0,0,0,1,0,0,0
0.0035884,1,0,1,1,1,1,1,1,1,0,0,0,1,0,0,0
0.00358841,1,1,1,1,1,1,1,1,1,0,0,0,1,0,0,0
0.00358845,0,1,1,1,1,1,0,0,1,0,0,0,1,0,0,0
0.00358849,1,1,1,1,1,1,1,1,1,0,0,0,1,0,0,0
0.00358851,0,1,1,1,1,1,0,0,1,0,0,0,1,0,0,0
0.00358882,0,1,1,1,1,1,0,0,0,1,1,1,1,1,0,0
0.00358937,1,1,1,1,1,1,0,1,0,1,1,1,1,1,0,0
0.00358939,1,1,1,1,1,1,1,1,0,1,1,1,1,1,0,0
0.00358941,1,1,0,0,1,1,1,1,0,1,1,1,1,1,0,0
0.00358942,0,0,0,0,1,0,0,1,0,1,1,1,1,1,0,0
0.00358946,1,1,0,1,1,1,0,1,0,1,1,1,1,1,0,0
0.00358947,1,1,1,1,1,1,1,1,0,1,1,1,1,1,0,0
0.00358948,1,1,1,1,1,1,0,1,0,1,1,1,1,1,0,0
0.00358949,0,0,0,0,1,0,0,1,0,1,1,1,1,1,0,0
0.00359033,1,1,1,1,1,0,0,1,0,1,1,1,1,1,0,0
0.00359034,1,1,1,1,1,0,1,1,0,1,1,1,1,1,0,0
0.00359035,1,1,1,1,1,1,1,1,0,1,1,1,1,1,0,0
0.00359039,1,1,1,1,0,1,1,1,0,1,1,1,1,1,0,0
0.0035904,0,0,0,0,0,0,1,0,0,1,1,1,1,1,0,0
0.00359044,1,1,1,1,0,1,1,0,0,1,1,1,1,1,0,0
0.00359045,1,1,1,1,0,1,1,1,0,1,1,1,1,1,0,0
0.00359047,1,1,1,1,0,1,1,0,0,1,1,1,1,1,0,0
0.00359048,0,0,1,0,0,0,1,0,0,1,1,1,1,1,0,0
0.00359049,0,0,0,0,0,0,1,0,0,1,1,1,1,1,0,0
0.00359052,0,0,1,1,0,1,1,0,0,1,1,1,1,1,0,0
0.00359053,1,1,1,1,0,1,1,0,0,1,1,1,1,1,0,0
0.00359055,0,0,1,1,0,1,1,0,0,1,1,1,1,1,0,0
0.00359056,0,0,1,0,0,0,1,0,0,1,1,1,1,1,0,0
0.00359057,0,0,0,0,0,0,1,0,0,1,1,1,1,1,0,0
0.0035906,0,0,1,0,0,0,1,0,0,1,1,1,1,1,0,0
0.00359064,0,0,0,0,0,0,1,0,0,1,1,1,1,1,0,0
0.0035913,1,0,1,0,0,0,1,0,0,1,1,1,1,1,0,0
0.00359131,1,1,1,1,0,0,1,0,0,1,1,1,1,1,0,0
0.00359132,0,0,1,1,0,1,1,1,0,1,1,1,1,1,0,0
0.00359133,1,1,1,1,1,1,1,1,0,1,1,1,1,1,0,0
0.00359137,0,0,1,1,0,1,0,1,0,1,1,1,1,1,0,0
0.00359138,0,0,0,0,0,0,0,1,0,1,1,1,1,1,0,0
0.00359141,1,1,1,1,0,1,0,1,0,1,1,1,1,1,0,0
0.00359143,1,1,1,1,1,1,0,1,0,1,1,1,1,1,0,0
0.00359145,1,1,1,1,0,1,0,1,0,1,1,1,1,1,0,0
0.00359146,0,0,1,1,0,1,0,1,0,1,1,1,1,1,0,0
0.00359147,0,0,0,0,0,0,0,1,0,1,1,1,1,1,0,0
0.00359149,0,0,1,1,0,1,0,1,0,1,1,1,1,1,0,0
0.0035915,1,1,1,1,0,1,0,1,0,1,1,1,1,1,0,0
0.00359154,0,0,1,1,0,1,0,1,0,1,1,1,1,1,0,0
0.00359195,0,0,1,0,0,1,0,1,0,1,1,1,1,1,0,0
0.00359196,0,0,1,1,0,1,0,1,0,1,1,1,1,1,0,0
0.00359199,0,0,1,0,0,1,0,1,0,1,1,1,1,1,0,0
0.00359214,0,0,1,0,0,0,0,1,0,1,1,1,1,1,0,0
0.00359219,0,0,1,1,0,1,0,1,0,1,1,1,1,1,0,0
0.0035922,0,0,1,0,0,0,0,1,0,1,1,1,1,1,0,0
0.00359222,0,0,0,0,0,0,0,1,0,1,1,1,1,1,0,0
0.00359224,0,0,1,0,0,0,0,1,0,1,1,1,1,1,0,0
0.00359226,0,0,1,0,0,1,0,1,0,1,1,1,1,1,0,0
0.00359227,0,0,1,1,0,1,0,1,0,1,1,1,1,1,0,0
0.00359228,1,1,1,1,0,1,0,1,0,1,1,1,1,1,0,0
0.00359229,1,1,1,1,1,1,1,1,0,1,1,1,1,1,0,0
0.0035923,1,1,1,1,0,1,0,1,0,1,1,1,1,1,0,0
0.00359231,0,0,0,0,0,0,0,1,0,1,1,1,1,1,0,0
0.00359234,1,0,0,0,1,0,0,1,0,1,1,1,1,1,0,0
0.00359236,1,1,1,1,1,1,0,1,0,1,1,1,1,1,0,0
0.00359237,1,1,1,1,1,1,1,1,0,1,1,1,1,1,0,0
0.00359238,1,1,1,1,1,1,0,1,0,1,1,1,1,1,0,0
0.00359239,1,0,1,0,1,0,0,1,0,1,1,1,1,1,0,0
0.0035924,1,0,0,0,1,0,0,1,0,1,1,1,1,1,0,0
0.00359244,1,0,1,1,1,1,0,1,0,1,1,1,1,1,0,0
0.00359246,1,0,1,0,1,1,0,1,0,1,1,1,1,1,0,0
0.00359247,1,0,0,0,1,0,0,1,0,1,1,1,1,1,0,0
0.00359325,1,1,1,1,1,0,0,1,0,1,1,1,1,1,0,0
0.00359327,1,1,1,1,1,1,1,1,0,1,1,1,1,1,0,0
0.00359333,0,0,0,0,0,0,1,0,0,1,1,1,1,1,0,0
0.00359337,1,1,1,1,0,1,1,1,0,1,1,1,1,1,0,0
0.00359341,1,1,1,1,0,1,1,0,0,1,1,1,1,1,0,0
0.00359342,0,0,1,1,0,0,1,0,0,1,1,1,1,1,0,0
0.00359343,0,0,0,0,0,0,1,0,0,1,1,1,1,1,0,0
0.00359344,0,0,1,0,0,0,1,0,0,1,1,1,1,1,0,0
0.00359345,0,1,1,1,0,1,1,0,0,1,1,1,1,1,0,0
0.00359346,1,1,1,1,0,1,1,0,0,1,1,1,1,1,0,0
0.00359349,0,0,1,1,0,1,1,0,0,1,1,1,1,1,0,0
0.00359354,1,0,1,1,0,1,1,0,0,1,1,1,1,1,0,0
0.00359355,0,0,1,1,0,1,1,0,0,1,1,1,1,1,0,0
0.00359385,0,0,1,1,0,0,1,0,0,1,1,1,1,1,0,0
0.00359386,0,0,1,1,0,1,1,0,0,1,1,1,1,1,0,0
0.00359389,0,0,1,1,0,0,1,0,0,1,1,1,1,1,0,0
0.00359395,0,0,1,0,0,0,1,0,0,1,1,1,1,1,0,0
0.00359396,0,0,1,1,0,0,1,0,0,1,1,1,1,1,0,0
0.00359403,0,0,1,0,0,0,1,0,0,1,1,1,1,1,0,0
0.00359404,0,0,1,1,0,0,1,0,0,1,1,1,1,1,0,0
0.00359407,0,0,1,0,0,0,1,0,0,1,1,1,1,1,0,0
0.00359414,0,0,1,1,0,0,1,0,0,1,1,1,1,1,0,0
0.00359415,0,0,1,0,0,0,1,0,0,1,1,1,1,1,0,0
0.00359419,0,0,0,0,0,0,1,0,0,1,1,1,1,1,0,0
0.00359421,0,0,1,1,0,0,1,0,0,1,1,1,1,1,0,0
0.00359422,0,0,1,1,1,0,1,0,0,1,1,1,1,1,0,0
0.00359423,1,1,1,1,1,1,1,1,0,1,1,1,1,1,0,0
0.00359424,1,1,0,0,0,1,1,1,0,1,1,1,1,1,0,0
0.00359425,1,1,1,1,1,1,1,0,0,1,1,1,1,1,0,0
0.00359426,1,1,1,1,1,1,1,1,0,1,1,1,1,1,0,0
0.00359429,1,0,0,0,0,1,1,0,0,1,1,1,1,1,0,0
0.0035943,0,0,0,0,0,0,1,0,0,1,1,1,1,1,0,0
0.00359434,1,0,1,1,0,1,1,0,0,1,1,1,1,1,0,0
0.00359435,1,1,1,1,1,1,1,1,0,1,1,1,1,1,0,0
0.00359436,1,1,1,1,0,1,1,1,0,1,1,1,1,1,0,0
0.00359437,1,0,1,1,0,1,1,0,0,1,1,1,1,1,0,0
0.00359438,0,0,0,0,0,0,1,0,0,1,1,1,1,1,0,0
0.00359442,0,0,1,0,0,0,1,0,0,1,1,1,1,1,0,0
0.00359443,1,0,1,1,0,1,1,0,0,1,1,1,1,1,0,0
0.00359444,1,0,1,1,0,0,1,0,0,1,1,1,1,1,0,0
0.00359445,0,0,0,0,0,0,1,0,0,1,1,1,1,1,0,0
0.00359521,1,0,1,0,0,0,1,0,0,1,1,1,1,1,0,0
0.00359522,1,1,1,1,1,1,1,1,0,1,1,1,1,1,0,0
0.00359526,1,0,1,1,0,1,1,0,0,1,1,1,1,1,0,0
0.00359527,0,0,0,0,0,0,1,0,0,1,1,1,1,1,0,0
0.00359531,1,0,1,1,0,1,1,0,0,1,1,1,1,1,0,0
0.00359533,0,0,0,0,0,0,1,0,0,1,1,1,1,1,0,0
0.00359622,0,0,0,0,0,1,0,1,0,1,1,1,1,1,0,0
0.00359623,1,0,1,1,0,0,0,1,0,1,1,1,1,1,0,0
0.00359624,0,0,0,0,0,0,0,1,0,1,1,1,1,1,0,0
0.00359717,0,0,0,0,0,0,1,1,0,1,1,1,1,1,0,0
0.00359718,0,1,1,1,0,0,1,1,0,1,1,1,1,1,0,0
0.00359719,0,1,1,1,0,1,0,1,0,1,1,1,1,1,0,0
0.0035972,1,1,1,1,1,1,0,1,0,1,1,1,1,1,0,0
0.00359721,1,1,1,1,0,1,0,0,0,1,1,1,1,1,0,0
0.00359722,0,1,1,1,0,1,0,0,0,1,1,1,1,1,0,0
0.0035982,0,1,1,1,0,1,1,0,0,1,1,1,1,1,0,0
0.00359821,1,1,1,1,1,1,1,1,0,1,1,1,1,1,0,0
0.00359822,1,0,0,0,0,0,1,1,0,1,1,1,1,1,0,0
0.00359823,1,0,0,0,0,0,1,0,0,1,1,1,1,1,0,0
0.00359825,1,0,0,1,0,0,1,0,0,1,1,1,1,1,0,0
0.00359827,1,1,0,0,1,1,1,1,0,1,1,1,1,1,0,0
0.00359828,1,0,0,0,0,0,1,0,0,1,1,1,1,1,0,0
0.00359858,1,0,0,0,0,0,1,0,0,0,0,0,0,0,0,0
0.0035986,1,0,0,0,0,0,1,0,1,0,0,0,0,0,0,1
0.00359866,1,0,0,0,0,0,1,0,1,0,0,0,0,0,0,0
0.00359867,1,0,0,0,0,0,1,0,1,0,0,0,0,0,0,1
0.00359911,1,1,1,1,0,0,1,0,1,0,0,0,0,0,0,1
0.00359912,1,1,1,1,0,1,1,0,1,0,0,0,0,0,0,1
0.00359913,1,1,1,1,1,1,1,1,1,0,0,0,0,0,0,1
0.00359914,0,1,1,1,1,1,0,1,1,0,0,0,0,0,0,1
0.00359915,0,1,1,1,0,1,0,0,1,0,0,0,0,0,0,1
0.00360015,1,1,1,1,1,1,1,1,1,0,0,0,0,0,0,1
0.0036002,1,1,0,0,1,1,1,1,1,0,0,0,0,0,0,1
0.00360021,0,1,0,0,1,0,1,1,1,0,0,0,0,0,0,1
0.00360025,0,1,1,0,1,1,1,1,1,0,0,0,0,0,0,1
0.00360026,1,1,1,1,1,1,1,1,1,0,0,0,0,0,0,1
0.00360027,0,1,0,0,1,0,1,1,1,0,0,0,0,0,0,1
0.00360053,0,1,0,0,1,0,1,1,0,0,0,0,0,0,0,1
0.00360054,0,1,0,0,1,0,1,1,0,1,0,0,1,0,1,1
0.00360106,0,1,1,1,1,0,1,1,0,1,0,0,1,0,1,1
0.00360107,1,1,1,1,1,0,1,1,0,1,0,0,1,0,1,1
0.00360108,1,1,1,1,1,1,1,1,0,1,0,0,1,0,1,1
0.00360113,1,1,1,1,0,1,0,0,0,1,0,0,1,0,1,1
0.00360114,0,1,1,1,0,1,0,0,0,1,0,0,1,0,1,1
0.00360117,1,1,1,1,0,1,0,0,0,1,0,0,1,0,1,1
0.0036012,0,1,1,1,0,1,0,0,0,1,0,0,1,0,1,1
0.00360205,1,1,1,1,0,1,0,0,0,1,0,0,1,0,1,1
0.00360206,1,1,1,1,0,1,0,1,0,1,0,0,1,0,1,1
0.00360207,1,1,1,1,1,1,0,1,0,1,0,0,1,0,1,1
0.00360208,1,1,1,1,1,1,1,1,0,1,0,0,1,0,1,1
0.00360302,1,0,0,0,0,0,0,1,0,1,0,0,1,0,1,1
0.00360303,0,0,0,0,0,0,0,0,0,1,0,0,1,0,1,1
0.00360306,1,1,1,0,0,0,0,0,0,1,0,0,1,0,1,1
0.00360307,1,0,1,0,0,0,0,0,0,1,0,0,1,0,1,1
0.00360308,0,0,0,0,0,0,0,0,0,1,0,0,1,0,1,1
0.00360398,0,0,1,0,0,0,0,0,0,1,0,0,1,0,1,1
0.00360399,1,0,1,0,0,0,0,0,0,1,0,0,1,0,1,1
0.003604,0,0,0,0,0,0,0,0,0,1,0,0,1,0,1,1
0.00360402,0,0,1,0,0,0,0,0,0,1,0,0,1,0,1,1
0.00360403,0,1,1,1,0,1,0,0,0,1,0,0,1,0,1,1
0.00360405,1,1,1,1,1,1,1,1,0,1,0,0,1,0,1,1
0.00360411,0,1,0,0,1,1,0,0,0,1,0,0,1,0,1,1
0.00360415,1,1,1,0,1,1,0,0,0,1,0,0,1,0,1,1
0.00360416,1,1,1,1,1,1,1,1,0,1,0,0,1,0,1,1
0.00360417,1,1,1,1,1,1,0,0,0,1,0,0,1,0,1,1
0.00360418,0,1,0,0,1,1,0,0,0,1,0,0,1,0,1,1
0.00360423,0,1,1,0,1,1,0,0,0,1,0,0,1,0,1,1
0.00360425,0,1,0,0,1,1,0,0,0,1,0,0,1,0,1,1
0.00360444,0,1,0,0,1,1,0,0,0,1,0,0,1,0,0,0
0.00360445,0,1,0,0,1,1,0,0,0,1,0,0,1,1,0,0
0.00360497,1,1,0,0,1,1,0,0,0,1,0,0,1,1,0,0
0.00360498,0,1,1,0,1,1,0,0,0,1,0,0,1,1,0,0
0.00360499,1,1,1,1,1,1,0,0,0,1,0,0,1,1,0,0
0.003605,1,1,1,1,1,1,0,1,0,1,0,0,1,1,0,0
0.00360501,1,1,1,1,1,1,1,1,0,1,0,0,1,1,0,0
0.00360503,1,1,1,0,1,0,1,1,0,1,0,0,1,1,0,0
0.00360504,1,1,0,0,1,0,0,1,0,1,0,0,1,1,0,0
0.00360508,1,1,1,1,1,0,1,1,0,1,0,0,1,1,0,0
0.00360509,1,1,1,0,1,0,0,1,0,1,0,0,1,1,0,0
0.0036051,1,1,0,0,1,0,0,1,0,1,0,0,1,1,0,0
0.00360595,1,1,1,1,1,0,0,1,0,1,0,0,1,1,0,0
0.00360597,1,1,1,1,1,1,1,1,0,1,0,0,1,1,0,0
0.00360601,1,1,1,1,0,1,0,0,0,1,0,0,1,1,0,0
0.00360602,1,1,0,1,0,0,0,0,0,1,0,0,1,1,0,0
0.00360606,1,1,1,1,0,1,0,0,0,1,0,0,1,1,0,0
0.00360607,1,1,1,1,0,1,1,1,0,1,0,0,1,1,0,0
0.00360608,1,1,1,1,0,0,0,0,0,1,0,0,1,1,0,0
0.00360609,1,1,0,1,0,0,0,0,0,1,0,0,1,1,0,0
0.00360614,1,1,1,1,0,0,0,0,0,1,0,0,1,1,0,0
0.00360615,1,1,0,1,0,0,0,0,0,1,0,0,1,1,0,0
0.00360694,1,1,1,1,0,1,0,1,0,1,0,0,1,1,0,0
0.00360695,1,1,1,1,1,1,1,1,0,1,0,0,1,1,0,0
0.00360795,0,0,0,1,1,0,0,1,0,1,0,0,1,1,0,0
0.00360798,1,1,1,1,1,1,1,1,0,1,0,0,1,1,0,0
0.00360801,0,1,1,0,0,1,1,0,0,1,0,0,1,1,0,0
0.00360806,1,1,1,1,0,1,1,1,0,1,0,0,1,1,0,0
0.00360807,0,1,1,0,0,1,1,0,0,1,0,0,1,1,0,0
0.00360834,0,1,1,0,0,1,1,0,0,1,0,0,0,1,0,0
0.00360835,0,1,1,0,0,1,1,0,0,1,1,0,0,1,0,1
0.00360887,1,1,1,1,0,1,1,0,0,1,1,0,0,1,0,1
0.00360889,1,1,1,1,1,1,1,1,0,1,1,0,0,1,0,1
0.00360895,1,0,0,1,1,0,0,1,0,1,1,0,0,1,0,1
0.00360896,0,0,0,0,1,0,0,1,0,1,1,0,0,1,0,1
0.00360899,0,0,0,1,1,1,0,1,0,1,1,0,0,1,0,1
0.003609,1,0,1,1,1,1,1,1,0,1,1,0,0,1,0,1
0.00360901,1,1,1,1,1,1,1,1,0,1,1,0,0,1,0,1
0.00360902,1,1,1,1,1,1,0,1,0,1,1,0,0,1,0,1
0.00360903,1,0,0,1,1,0,0,1,0,1,1,0,0,1,0,1
0.00360904,0,0,0,0,1,0,0,1,0,1,1,0,0,1,0,1
0.00360907,0,0,0,1,1,0,0,1,0,1,1,0,0,1,0,1
0.00360908,1,0,1,1,1,1,0,1,0,1,1,0,0,1,0,1
0.0036091,0,0,0,1,1,0,0,1,0,1,1,0,0,1,0,1
0.00360912,0,0,0,0,1,0,0,1,0,1,1,0,0,1,0,1
0.00360915,0,0,0,1,1,0,0,1,0,1,1,0,0,1,0,1
0.00360919,0,0,0,0,1,0,0,1,0,1,1,0,0,1,0,1
0.00360925,0,0,0,1,1,0,0,1,0,1,1,0,0,1,0,1
0.00360926,0,0,0,0,1,0,0,1,0,1,1,0,0,1,0,1
0.0036093,0,0,0,1,1,0,0,1,0,1,1,0,0,1,0,1
0.00360931,0,0,0,0,1,0,0,1,0,1,1,0,0,1,0,1
0.00360933,0,0,0,1,1,0,0,1,0,1,1,0,0,1,0,1
0.00360935,0,0,0,0,1,0,0,1,0,1,1,0,0,1,0,1
0.00360986,1,1,1,1,1,0,1,1,0,1,1,0,0,1,0,1
0.00360988,1,1,1,1,1,1,1,1,0,1,1,0,0,1,0,1
0.00360991,0,0,0,0,0,0,1,0,0,1,1,0,0,1,0,1
0.00360995,0,0,0,0,0,1,1,0,0,1,1,0,0,1,0,1
0.00360996,1,0,1,1,0,1,1,0,0,1,1,0,0,1,0,1
0.00360997,1,1,1,1,0,1,1,1,0,1,1,0,0,1,0,1
0.00360998,1,1,1,1,0,1,1,0,0,1,1,0,0,1,0,1
0.00360999,0,0,0,0,0,1,1,0,0,1,1,0,0,1,0,1
0.00361,0,0,0,0,0,0,1,0,0,1,1,0,0,1,0,1
0.00361004,0,0,0,0,0,1,1,0,0,1,1,0,0,1,0,1
0.00361007,0,0,0,0,0,0,1,0,0,1,1,0,0,1,0,1
0.00361085,1,1,1,1,1,1,1,0,0,1,1,0,0,1,0,1
0.00361086,1,1,1,1,1,1,1,1,0,1,1,0,0,1,0,1
0.00361091,0,0,0,0,0,0,0,1,0,1,1,0,0,1,0,1
0.00361095,1,1,1,1,0,1,0,1,0,1,1,0,0,1,0,1
0.00361096,1,1,1,1,1,1,0,1,0,1,1,0,0,1,0,1
0.00361098,1,1,1,1,0,1,0,1,0,1,1,0,0,1,0,1
0.00361099,1,0,1,1,0,1,0,1,0,1,1,0,0,1,0,1
0.003611,0,0,0,0,0,0,0,1,0,1,1,0,0,1,0,1
0.00361103,0,0,1,1,0,1,0,1,0,1,1,0,0,1,0,1
0.00361104,1,0,1,1,0,1,0,1,0,1,1,0,0,1,0,1
0.00361105,1,1,1,1,0,1,0,1,0,1,1,0,0,1,0,1
0.00361106,1,0,1,1,0,1,0,1,0,1,1,0,0,1,0,1
0.00361107,0,0,1,0,0,1,0,1,0,1,1,0,0,1,0,1
0.00361108,0,0,0,0,0,0,0,1,0,1,1,0,0,1,0,1
0.0036111,0,0,1,0,0,0,0,1,0,1,1,0,0,1,0,1
0.00361111,0,0,1,0,0,1,0,1,0,1,1,0,0,1,0,1
0.00361112,0,0,1,1,0,1,0,1,0,1,1,0,0,1,0,1
0.00361113,0,0,1,0,0,1,0,1,0,1,1,0,0,1,0,1
0.00361116,0,0,1,0,0,0,0,1,0,1,1,0,0,1,0,1
0.00361122,0,0,0,0,0,0,0,1,0,1,1,0,0,1,0,1
0.00361124,0,0,1,0,0,0,0,1,0,1,1,0,0,1,0,1
0.00361129,0,0,0,0,0,0,0,1,0,1,1,0,0,1,0,1
0.0036113,0,0,1,0,0,0,0,1,0,1,1,0,0,1,0,1
0.00361131,0,0,0,0,0,0,0,1,0,1,1,0,0,1,0,1
0.00361133,0,0,1,0,0,0,0,1,0,1,1,0,0,1,0,1
0.00361134,0,0,0,0,0,0,0,1,0,1,1,0,0,1,0,1
0.0036118,0,0,1,1,0,1,0,1,0,1,1,0,0,1,0,1
0.00361181,1,1,1,1,1,1,0,1,0,1,1,0,0,1,0,1
0.00361182,1,1,1,1,1,1,1,1,0,1,1,0,0,1,0,1
0.00361284,0,0,0,0,0,0,0,1,0,1,1,0,0,1,0,1
0.00361288,1,1,1,1,0,1,1,1,0,1,1,0,0,1,0,1
0.00361289,1,1,1,1,1,1,1,1,0,1,1,0,0,1,0,1
0.00361291,1,1,1,1,0,1,0,1,0,1,1,0,0,1,0,1
0.00361292,0,0,1,1,0,1,0,1,0,1,1,0,0,1,0,1
0.00361293,0,0,0,0,0,0,0,1,0,1,1,0,0,1,0,1
0.00361296,0,0,1,1,0,1,0,1,0,1,1,0,0,1,0,1
0.00361297,1,1,1,1,0,1,0,1,0,1,1,0,0,1,0,1
0.00361298,1,0,1,1,0,1,0,1,0,1,1,0,0,1,0,1
0.00361299,0,0,1,1,0,1,0,1,0,1,1,0,0,1,0,1
0.00361301,0,0,0,0,0,0,0,1,0,1,1,0,0,1,0,1
0.00361304,0,0,1,1,0,1,0,1,0,1,1,0,0,1,0,1
0.00361308,0,0,1,0,0,1,0,1,0,1,1,0,0,1,0,1
0.00361309,0,0,1,0,0,0,0,1,0,1,1,0,0,1,0,1
0.00361313,0,0,1,1,0,1,0,1,0,1,1,0,0,1,0,1
0.00361315,0,0,1,0,0,0,0,1,0,1,1,0,0,1,0,1
0.00361336,0,0,0,0,0,0,0,1,0,1,1,0,0,1,0,1
0.0036134,0,0,1,0,0,0,0,1,0,1,1,0,0,1,0,1
0.00361342,0,0,0,0,0,0,0,1,0,1,1,0,0,1,0,1
0.00361385,0,0,1,0,0,0,0,1,0,1,1,0,0,1,0,1
0.00361386,0,1,1,0,0,0,0,1,0,1,1,0,0,1,0,1
0.00361387,0,1,1,0,0,1,1,1,0,1,1,0,0,1,0,1
0.00361388,1,1,1,1,1,1,1,0,0,1,1,0,0,1,0,1
0.0036139,0,1,1,0,0,1,1,0,0,1,1,0,0,1,0,1
0.0036142,0,1,1,0,0,1,1,0,0,1,1,0,0,1,0,0
0.00361421,0,1,1,0,0,1,1,0,0,1,1,0,0,1,0,1
0.00361428,0,1,1,0,0,1,1,0,0,1,1,0,0,1,0,0
0.00361429,0,1,1,0,0,1,1,0,0,1,1,0,0,1,0,1
0.0036143,0,1,1,0,0,1,1,1,0,1,1,0,0,1,0,1
0.00361431,0,1,1,0,0,1,1,1,0,1,1,0,0,1,1,1
0.00361432,1,1,1,1,1,1,1,0,0,1,1,0,0,1,1,1
0.00361433,1,1,1,1,0,1,1,0,0,1,1,0,0,1,0,1
0.00361434,0,1,1,0,0,1,1,0,0,1,1,0,0,1,0,1
0.00361473,1,1,1,1,0,1,1,0,0,1,1,0,0,1,0,1
0.00361475,1,1,1,1,1,1,1,0,0,1,1,0,0,1,0,1
0.00361476,1,1,1,1,1,1,1,1,0,1,1,0,0,1,0,1
0.00361481,1,0,0,0,1,0,0,1,0,1,1,0,0,1,0,1
0.00361485,1,1,1,1,1,1,0,1,0,1,1,0,0,1,0,1
0.00361486,1,1,1,1,1,1,1,1,0,1,1,0,0,1,0,1
0.00361488,1,1,1,1,1,0,0,1,0,1,1,0,0,1,0,1
0.00361489,1,0,0,0,1,0,0,1,0,1,1,0,0,1,0,1
0.00361493,1,0,1,1,1,0,0,1,0,1,1,0,0,1,0,1
0.00361494,1,1,1,1,1,0,0,1,0,1,1,0,0,1,0,1
0.00361495,1,0,0,1,1,0,0,1,0,1,1,0,0,1,0,1
0.00361496,1,0,0,0,1,0,0,1,0,1,1,0,0,1,0,1
0.00361571,1,1,1,1,1,0,0,1,0,1,1,0,0,1,0,1
0.00361572,1,1,1,1,1,0,1,1,0,1,1,0,0,1,0,1
0.00361573,1,1,1,1,1,1,1,1,0,1,1,0,0,1,0,1
0.00361577,0,0,0,0,0,0,1,0,0,1,1,0,0,1,0,1
0.00361581,0,0,0,0,0,1,1,0,0,1,1,0,0,1,0,1
0.00361582,0,0,1,1,0,1,1,0,0,1,1,0,0,1,0,1
0.00361583,1,1,1,1,0,1,1,0,0,1,1,0,0,1,0,1
0.00361585,0,0,1,0,0,0,1,0,0,1,1,0,0,1,0,1
0.00361586,0,0,0,0,0,0,1,0,0,1,1,0,0,1,0,1
0.0036159,0,0,1,0,0,0,1,0,0,1,1,0,0,1,0,1
0.00361592,0,0,0,0,0,0,1,0,0,1,1,0,0,1,0,1
0.00361671,1,1,1,1,1,1,1,1,0,1,1,0,0,1,0,1
0.00361676,0,0,0,0,0,0,1,0,0,1,1,0,0,1,0,1
0.0036168,1,1,1,1,0,1,1,1,0,1,1,0,0,1,0,1
0.00361681,1,1,1,1,1,1,1,1,0,1,1,0,0,1,0,1
0.00361683,1,1,1,1,0,1,1,1,0,1,1,0,0,1,0,1
0.00361685,0,0,1,0,0,0,1,0,0,1,1,0,0,1,0,1
0.00361686,0,0,0,0,0,0,1,0,0,1,1,0,0,1,0,1
0.00361687,1,0,1,1,0,0,1,0,0,1,1,0,0,1,0,1
0.00361688,1,1,1,1,0,1,1,0,0,1,1,0,0,1,0,1
0.00361689,1,1,1,1,0,1,1,1,0,1,1,0,0,1,0,1
0.0036169,1,1,1,1,0,1,1,0,0,1,1,0,0,1,0,1
0.00361709,1,0,1,1,0,0,1,0,0,1,1,0,0,1,0,1
0.0036171,1,1,1,1,0,0,1,0,0,1,1,0,0,1,0,1
0.00361711,1,1,1,1,0,1,1,0,0,1,1,0,0,1,0,1
0.00361717,1,0,1,1,0,0,1,0,0,1,1,0,0,1,0,1
0.00361719,1,1,1,1,0,0,1,0,0,1,1,0,0,1,0,1
0.0036172,1,1,1,1,0,1,1,0,0,1,1,0,0,1,0,1
0.00361721,1,1,1,1,0,0,1,0,0,1,1,0,0,1,0,1
0.00361722,1,0,1,1,0,0,1,0,0,1,1,0,0,1,0,1
0.00361733,1,1,1,1,0,0,1,0,0,1,1,0,0,1,0,1
0.00361734,1,0,1,1,0,0,1,0,0,1,1,0,0,1,0,1
0.00361742,0,0,1,1,0,0,1,0,0,1,1,0,0,1,0,1
0.00361745,0,0,1,0,0,0,1,0,0,1,1,0,0,1,0,1
0.00361746,0,0,1,1,0,0,1,0,0,1,1,0,0,1,0,1
0.00361747,1,0,1,1,0,0,1,0,0,1,1,0,0,1,0,1
0.00361749,0,0,1,0,0,0,1,0,0,1,1,0,0,1,0,1
0.00361757,1,0,1,1,0,0,1,0,0,1,1,0,0,1,0,1
0.00361758,0,0,1,1,0,0,1,0,0,1,1,0,0,1,0,1
0.00361759,0,0,1,0,0,0,1,0,0,1,1,0,0,1,0,1
0.00361765,1,0,1,1,0,0,1,0,0,1,1,0,0,1,0,1
0.00361766,1,1,1,1,0,1,1,0,0,1,1,0,0,1,0,1
0.00361767,1,1,1,1,1,1,1,1,0,1,1,0,0,1,0,1
0.0036187,0,0,0,0,0,0,1,0,0,1,1,0,0,1,0,1
0.00361874,1,1,1,1,0,1,1,1,0,1,1,0,0,1,0,1
0.00361875,1,1,1,1,1,1,1,1,0,1,1,0,0,1,0,1
0.00361877,1,1,1,1,0,1,1,1,0,1,1,0,0,1,0,1
0.00361878,0,0,1,1,0,0,1,0,0,1,1,0,0,1,0,1
0.00361879,0,0,0,0,0,0,1,0,0,1,1,0,0,1,0,1
0.00361882,1,0,1,1,0,1,1,0,0,1,1,0,0,1,0,1
0.00361883,1,1,1,1,0,1,1,1,0,1,1,0,0,1,0,1
0.00361885,0,0,1,1,0,1,1,0,0,1,1,0,0,1,0,1
0.00361886,0,0,1,1,0,0,1,0,0,1,1,0,0,1,0,1
0.00361887,0,0,1,0,0,0,1,0,0,1,1,0,0,1,0,1
0.0036189,0,0,1,1,0,0,1,0,0,1,1,0,0,1,0,1
0.00361891,1,0,1,1,0,1,1,0,0,1,1,0,0,1,0,1
0.00361893,0,0,1,1,0,0,1,0,0,1,1,0,0,1,0,1
0.00361895,0,0,1,0,0,0,1,0,0,1,1,0,0,1,0,1
0.00361896,0,0,1,1,0,0,1,0,0,1,1,0,0,1,0,1
0.00361903,0,0,1,0,0,0,1,0,0,1,1,0,0,1,0,1
0.00361906,0,0,1,1,0,0,1,0,0,1,1,0,0,1,0,1
0.00361908,0,0,1,0,0,0,1,0,0,1,1,0,0,1,0,1
0.0036191,0,0,1,1,0,0,1,0,0,1,1,0,0,1,0,1
0.00361912,0,0,1,0,0,0,1,0,0,1,1,0,0,1,0,1
0.00361935,0,0,0,0,0,0,1,0,0,1,1,0,0,1,0,1
0.00361936,0,0,1,0,0,0,1,0,0,1,1,0,0,1,0,1
0.00361944,0,0,0,0,0,0,1,0,0,1,1,0,0,1,0,1
0.00361946,0,0,1,0,0,0,1,0,0,1,1,0,0,1,0,1
0.00361948,0,0,0,0,0,0,1,0,0,1,1,0,0,1,0,1
0.00361952,0,0,1,0,0,0,1,0,0,1,1,0,0,1,0,1
0.00361954,0,0,0,0,0,0,1,0,0,1,1,0,0,1,0,1
0.00361964,0,0,1,0,0,0,1,0,0,1,1,0,0,1,0,1
0.00361965,0,0,0,0,0,0,1,0,0,1,1,0,0,1,0,1
0.00361967,0,0,1,0,0,0,1,0,0,1,1,0,0,1,0,1
0.00361968,0,0,0,0,0,0,1,0,0,1,1,0,0,1,0,1
0.00361971,0,1,1,0,0,0,1,0,0,1,1,0,0,1,0,1
0.00361972,0,1,1,0,0,1,1,0,0,1,1,0,0,1,0,1
0.00361974,1,1,1,1,1,1,1,1,0,1,1,0,0,1,0,1
0.00361976,1,1,1,1,0,1,1,1,0,1,1,0,0,1,0,1
0.00361977,0,1,1,0,0,1,1,0,0,1,1,0,0,1,0,1
0.00361982,1,1,1,1,0,1,1,0,0,1,1,0,0,1,0,1
0.00361983,0,1,1,1,0,1,1,0,0,1,1,0,0,1,0,1
0.00361984,0,1,1,0,0,1,1,0,0,1,1,0,0,1,0,1
0.00362006,0,1,1,0,0,1,1,0,0,1,1,0,0,1,0,0
0.00362007,0,1,1,0,0,1,1,0,0,1,1,0,0,1,0,1
0.00362014,0,1,1,0,0,1,1,0,0,1,1,0,0,1,0,0
0.00362015,0,1,1,0,0,1,1,0,0,1,1,0,0,1,0,1
0.00362059,1,1,1,1,0,1,1,0,0,1,1,0,0,1,0,1
0.00362061,1,1,1,1,1,1,1,1,0,1,1,0,0,1,0,1
0.00362066,1,1,1,1,1,1,0,1,0,1,1,0,0,1,0,1
0.00362067,0,0,0,0,0,0,0,1,0,1,1,0,0,1,0,1
0.00362071,1,1,1,1,0,1,0,1,0,1,1,0,0,1,0,1
0.00362072,1,1,1,1,1,1,0,1,0,1,1,0,0,1,0,1
0.00362074,1,1,1,1,0,1,0,1,0,1,1,0,0,1,0,1
0.00362075,1,1,1,1,0,0,0,1,0,1,1,0,0,1,0,1
0.00362076,0,0,0,1,0,0,0,1,0,1,1,0,0,1,0,1
0.00362077,0,0,0,0,0,0,0,1,0,1,1,0,0,1,0,1
0.00362078,0,0,0,1,0,0,0,1,0,1,1,0,0,1,0,1
0.00362079,1,1,1,1,0,0,0,1,0,1,1,0,0,1,0,1
0.0036208,1,1,1,1,0,1,0,1,0,1,1,0,0,1,0,1
0.00362081,1,1,1,1,0,0,0,1,0,1,1,0,0,1,0,1
0.00362085,1,0,1,1,0,0,0,1,0,1,1,0,0,1,0,1
0.00362086,1,1,1,1,0,0,0,1,0,1,1,0,0,1,0,1
0.00362103,1,0,1,1,0,0,0,1,0,1,1,0,0,1,0,1
0.00362104,1,1,1,1,0,0,0,1,0,1,1,0,0,1,0,1
0.00362107,0,0,1,1,0,0,0,1,0,1,1,0,0,1,0,1
0.00362108,1,1,1,1,0,0,0,1,0,1,1,0,0,1,0,1
0.00362116,0,1,1,1,0,0,0,1,0,1,1,0,0,1,0,1
0.00362117,1,1,1,1,0,0,0,1,0,1,1,0,0,1,0,1
0.00362124,0,1,1,1,0,0,0,1,0,1,1,0,0,1,0,1
0.00362125,0,0,1,1,0,0,0,1,0,1,1,0,0,1,0,1
0.00362126,1,1,1,1,0,0,0,1,0,1,1,0,0,1,0,1
0.00362128,0,1,1,1,0,0,0,1,0,1,1,0,0,1,0,1
0.00362129,0,0,1,1,0,0,0,1,0,1,1,0,0,1,0,1
0.0036213,0,1,1,1,0,0,0,1,0,1,1,0,0,1,0,1
0.00362132,0,0,1,1,0,0,0,1,0,1,1,0,0,1,0,1
0.00362133,0,1,1,1,0,0,0,1,0,1,1,0,0,1,0,1
0.00362134,0,0,1,1,0,0,0,1,0,1,1,0,0,1,0,1
0.00362136,0,1,1,1,0,0,0,1,0,1,1,0,0,1,0,1
0.00362138,0,0,1,1,0,0,0,1,0,1,1,0,0,1,0,1
0.00362148,0,1,1,1,0,0,0,1,0,1,1,0,0,1,0,1
0.00362149,0,0,1,1,0,0,0,1,0,1,1,0,0,1,0,1
0.00362151,0,0,1,0,0,0,0,1,0,1,1,0,0,1,0,1
0.00362152,0,0,1,1,0,0,0,1,0,1,1,0,0,1,0,1
0.00362153,0,0,1,0,0,0,0,1,0,1,1,0,0,1,0,1
0.00362154,0,0,1,1,0,0,0,1,0,1,1,0,0,1,0,1
0.00362155,0,0,1,0,0,0,0,1,0,1,1,0,0,1,0,1
0.00362156,0,0,0,0,0,0,0,1,0,1,1,0,0,1,0,1
0.00362157,1,1,1,1,0,0,0,1,0,1,1,0,0,1,0,1
0.00362158,1,1,1,1,0,0,1,1,0,1,1,0,0,1,0,1
0.00362159,1,1,1,1,1,1,1,1,0,1,1,0,0,1,0,1
0.00362162,0,1,1,1,1,1,1,1,0,1,1,0,0,1,0,1
0.00362163,0,0,0,0,0,0,1,0,0,1,1,0,0,1,0,1
0.00362166,1,1,1,1,0,1,1,0,0,1,1,0,0,1,0,1
0.00362167,1,1,1,1,1,1,1,1,0,1,1,0,0,1,0,1
0.0036217,1,1,1,1,0,1,1,1,0,1,1,0,0,1,0,1
0.00362171,0,0,1,1,0,1,1,0,0,1,1,0,0,1,0,1
0.00362172,0,0,0,0,0,0,1,0,0,1,1,0,0,1,0,1
0.00362174,0,1,1,1,0,1,1,0,0,1,1,0,0,1,0,1
0.00362175,1,1,1,1,0,1,1,0,0,1,1,0,0,1,0,1
0.00362179,0,0,1,1,0,1,1,0,0,1,1,0,0,1,0,1
0.00362182,0,1,1,1,0,1,1,0,0,1,1,0,0,1,0,1
0.00362183,1,1,1,1,0,1,1,0,0,1,1,0,0,1,0,1
0.00362187,0,1,1,1,0,1,1,0,0,1,1,0,0,1,0,1
0.00362188,0,0,1,1,0,1,1,0,0,1,1,0,0,1,0,1
0.00362191,0,1,1,1,0,1,1,0,0,1,1,0,0,1,0,1
0.00362192,0,0,1,1,0,1,1,0,0,1,1,0,0,1,0,1
0.00362231,0,0,1,0,0,1,1,0,0,1,1,0,0,1,0,1
0.00362232,0,0,1,0,0,0,1,0,0,1,1,0,0,1,0,1
0.00362235,0,0,1,0,0,1,1,0,0,1,1,0,0,1,0,1
0.00362237,0,0,1,0,0,0,1,0,0,1,1,0,0,1,0,1
0.00362245,0,0,1,1,0,0,1,0,0,1,1,0,0,1,0,1
0.00362246,0,0,1,0,0,1,1,0,0,1,1,0,0,1,0,1
0.00362247,0,0,1,0,0,0,1,0,0,1,1,0,0,1,0,1
0.00362249,0,0,0,0,0,0,1,0,0,1,1,0,0,1,0,1
0.00362251,0,0,1,0,0,0,1,0,0,1,1,0,0,1,0,1
0.00362254,1,1,1,1,0,0,1,0,0,1,1,0,0,1,0,1
0.00362255,1,1,1,1,1,0,1,0,0,1,1,0,0,1,0,1
0.00362256,1,1,1,1,1,1,1,1,0,1,1,0,0,1,0,1
0.00362261,1,1,1,1,1,1,0,1,0,1,1,0,0,1,0,1
0.00362262,0,1,1,1,0,1,0,0,0,1,1,0,0,1,0,1
0.00362266,1,1,1,1,1,1,0,1,0,1,1,0,0,1,0,1
0.00362268,0,1,1,1,0,1,0,0,0,1,1,0,0,1,0,1
0.00362353,1,1,1,1,1,1,0,1,0,1,1,0,0,1,0,1
0.00362354,1,1,1,1,1,1,1,1,0,1,1,0,0,1,0,1
0.00362455,1,1,1,1,0,1,0,1,0,1,1,0,0,1,0,1
0.00362456,0,1,1,1,0,1,0,0,0,1,1,0,0,1,0,1
0.0036246,1,1,1,1,1,1,1,1,0,1,1,0,0,1,0,1
0.00362461,1,1,1,1,0,1,0,1,0,1,1,0,0,1,0,1
0.00362462,0,1,1,1,0,1,0,0,0,1,1,0,0,1,0,1
0.00362558,1,1,1,1,0,1,0,0,0,1,1,0,0,1,0,1
0.00362559,1,0,1,0,1,1,1,1,0,1,1,0,0,1,0,1
0.0036256,0,0,1,0,1,0,0,0,0,1,1,0,0,1,0,1
0.00362565,1,0,1,0,1,0,0,1,0,1,1,0,0,1,0,1
0.00362566,0,0,1,0,1,0,0,0,0,1,1,0,0,1,0,1
0.00362592,0,0,1,0,1,0,0,0,0,0,1,0,0,0,0,0
0.00362593,0,0,1,0,1,0,0,0,0,0,1,0,1,0,0,0
0.00362645,1,1,1,0,1,0,0,0,0,0,1,0,1,0,0,0
0.00362646,0,0,1,0,1,0,0,0,0,0,1,0,1,0,0,0
0.00362647,1,1,1,0,1,1,1,1,0,0,1,0,1,0,0,0
0.00362648,1,1,1,1,1,1,1,1,0,0,1,0,1,0,0,0
0.00362749,0,0,0,0,0,0,1,0,0,0,1,0,1,0,0,0
0.00362754,1,0,1,1,0,1,1,1,0,0,1,0,1,0,0,0
0.00362755,1,1,1,1,0,1,1,1,0,0,1,0,1,0,0,0
0.00362757,0,0,0,0,0,0,1,1,0,0,1,0,1,0,0,0
0.00362758,0,0,0,0,0,0,1,0,0,0,1,0,1,0,0,0
0.0036284,1,0,0,0,0,0,1,0,0,0,1,0,1,0,0,0
0.00362842,0,0,0,0,0,0,1,0,0,0,1,0,1,0,0,0
0.00362843,1,1,1,1,1,1,1,0,0,0,1,0,1,0,0,0
0.00362844,1,1,1,1,1,1,1,1,0,0,1,0,1,0,0,0
0.00362847,1,1,1,1,1,1,0,1,0,0,1,0,1,0,0,0
0.00362848,1,1,0,0,1,0,0,0,0,0,1,0,1,0,0,0
0.00362851,1,1,1,0,1,0,0,0,0,0,1,0,1,0,0,0
0.00362852,1,1,1,1,1,1,0,1,0,0,1,0,1,0,0,0
0.00362855,1,1,1,0,1,0,0,0,0,0,1,0,1,0,0,0
0.00362856,1,1,0,0,1,0,0,0,0,0,1,0,1,0,0,0
0.00362859,1,1,1,1,1,1,0,0,0,0,1,0,1,0,0,0
0.0036286,1,1,1,1,1,1,0,1,0,0,1,0,1,0,0,0
0.00362862,1,1,1,1,1,0,0,0,0,0,1,0,1,0,0,0
0.00362863,1,1,1,0,1,0,0,0,0,0,1,0,1,0,0,0
0.00362864,1,1,0,0,1,0,0,0,0,0,1,0,1,0,0,0
0.00362866,1,1,1,0,1,0,0,0,0,0,1,0,1,0,0,0
0.00362867,1,1,1,1,1,0,0,0,0,0,1,0,1,0,0,0
0.0036287,1,1,1,0,1,0,0,0,0,0,1,0,1,0,0,0
0.00362885,1,1,1,0,1,0,0,0,0,0,0,0,1,0,0,0
0.00362886,1,1,1,0,1,0,0,0,1,1,0,0,1,0,0,0
0.00362887,1,1,0,0,1,0,0,0,1,1,0,0,1,0,0,0
0.00362889,1,1,1,0,1,0,0,0,1,1,0,0,1,0,0,0
0.0036289,1,1,1,1,1,0,0,0,1,1,0,0,1,0,0,0
0.00362891,1,1,1,0,1,0,0,0,1,1,0,0,1,0,0,0
0.00362892,1,1,1,1,1,0,0,0,0,0,0,0,0,0,0,0
0.00362893,1,1,0,0,1,0,0,0,1,1,0,0,1,0,0,0
0.00362897,1,1,1,0,1,0,0,0,1,1,0,0,1,0,0,0
0.00362898,1,1,1,1,1,0,0,0,1,1,0,0,1,0,0,0
0.00362899,1,1,1,0,1,0,0,0,1,1,0,0,1,0,0,0
0.003629,1,1,0,0,1,0,0,0,1,1,0,0,1,0,0,0
0.00362905,1,1,1,0,1,0,0,0,1,1,0,0,1,0,0,0
0.00362906,1,1,0,0,1,0,0,0,1,1,0,0,1,0,0,0
0.00362938,1,1,1,1,1,0,0,0,1,1,0,0,1,0,0,0
0.00362939,1,1,1,0,1,0,0,0,1,1,0,0,1,0,0,0
0.0036294,1,1,1,1,1,1,1,1,1,1,0,0,1,0,0,0
0.00362945,1,0,0,0,1,1,0,1,1,1,0,0,1,0,0,0
0.00362949,1,1,1,1,1,1,0,1,1,1,0,0,1,0,0,0
0.00362951,1,0,1,1,1,1,0,1,1,1,0,0,1,0,0,0
0.00362952,1,0,0,0,1,1,0,1,1,1,0,0,1,0,0,0
0.00362956,1,0,1,1,1,1,0,1,1,1,0,0,1,0,0,0
0.00362958,1,0,1,0,1,1,0,1,1,1,0,0,1,0,0,0
0.00362959,1,0,0,0,1,1,0,1,1,1,0,0,1,0,0,0
0.00363035,1,1,0,0,1,1,0,1,1,1,0,0,1,0,0,0
0.00363037,1,1,1,1,1,1,0,1,1,1,0,0,1,0,0,0
0.00363038,1,0,1,1,1,1,1,1,1,1,0,0,1,0,0,0
0.00363039,1,1,1,1,1,1,1,1,1,1,0,0,1,0,0,0
0.00363043,0,1,1,0,1,0,0,0,1,1,0,0,1,0,0,0
0.00363044,0,1,0,0,1,0,0,0,1,1,0,0,1,0,0,0
0.00363047,0,1,1,1,1,0,0,0,1,1,0,0,1,0,0,0
0.00363048,1,1,1,1,1,1,0,1,1,1,0,0,1,0,0,0
0.00363049,1,1,1,1,1,1,1,1,1,1,0,0,1,0,0,0
0.0036305,1,1,1,1,1,1,0,1,1,1,0,0,1,0,0,0
0.00363051,1,1,1,1,1,0,0,0,1,1,0,0,1,0,0,0
0.00363052,0,1,1,0,1,0,0,0,1,1,0,0,1,0,0,0
0.00363053,0,1,0,0,1,0,0,0,1,1,0,0,1,0,0,0
0.00363055,0,1,1,1,1,0,0,0,1,1,0,0,1,0,0,0
0.00363056,1,1,1,1,1,0,0,0,1,1,0,0,1,0,0,0
0.00363057,0,1,1,1,1,0,0,0,1,1,0,0,1,0,0,0
0.00363061,0,1,1,0,1,0,0,0,1,1,0,0,1,0,0,0
0.00363062,0,1,1,1,1,0,0,0,1,1,0,0,1,0,0,0
0.00363075,0,1,1,0,1,0,0,0,1,1,0,0,1,0,0,0
0.00363076,0,1,1,1,1,0,0,0,1,1,0,0,1,0,0,0
0.0036308,0,1,1,1,1,0,0,0,0,1,0,0,1,0,0,0
0.00363083,0,1,1,0,1,0,0,0,0,1,0,0,1,0,0,0
0.00363085,0,1,1,1,1,0,0,0,0,1,0,0,1,0,0,0
0.00363086,1,1,1,1,1,0,0,0,0,1,0,0,1,0,0,0
0.00363087,0,1,1,1,1,0,0,0,0,1,0,0,1,0,0,0
0.00363088,0,1,1,1,1,0,0,0,0,0,0,0,0,0,0,0
0.00363089,0,1,1,0,1,0,0,0,0,1,0,0,1,0,0,0
0.00363093,0,1,1,1,1,0,0,0,0,1,0,0,1,0,0,0
0.00363096,0,1,1,0,1,0,0,0,0,1,0,0,1,0,0,0
0.00363129,0,1,0,0,1,0,0,0,0,1,0,0,1,0,0,0
0.00363131,0,1,1,0,1,0,0,0,0,1,0,0,1,0,0,0
0.00363132,0,1,0,0,1,0,0,0,0,1,0,0,1,0,0,0
0.00363133,1,1,0,0,1,0,0,0,0,1,0,0,1,0,0,0
0.00363134,1,1,1,1,1,0,0,0,0,1,0,0,1,0,0,0
0.00363136,1,1,1,1,1,1,0,0,0,1,0,0,1,0,0,0
0.00363137,1,1,1,1,1,1,0,1,0,1,0,0,1,0,0,0
0.00363138,1,1,1,1,1,1,1,1,0,1,0,0,1,0,0,0
0.00363139,1,1,0,0,1,1,1,1,0,1,0,0,1,0,0,0
0.0036314,1,1,0,0,1,1,0,0,0,1,0,0,1,0,0,0
0.00363143,1,1,1,1,1,1,0,0,0,1,0,0,1,0,0,0
0.00363144,1,1,1,1,1,1,1,1,0,1,0,0,1,0,0,0
0.00363145,1,1,1,1,1,1,0,1,0,1,0,0,1,0,0,0
0.00363146,1,1,1,1,1,1,0,0,0,1,0,0,1,0,0,0
0.00363147,1,1,0,0,1,1,0,0,0,1,0,0,1,0,0,0
0.00363151,1,1,1,1,1,1,0,0,0,1,0,0,1,0,0,0
0.00363152,1,1,1,0,1,1,0,0,0,1,0,0,1,0,0,0
0.00363153,1,1,0,0,1,1,0,0,0,1,0,0,1,0,0,0
0.00363231,1,1,1,0,1,1,0,0,0,1,0,0,1,0,0,0
0.00363232,1,1,0,0,1,1,0,1,0,1,0,0,1,0,0,0
0.00363233,1,1,0,1,1,1,1,1,0,1,0,0,1,0,0,0
0.00363234,1,1,1,1,1,1,1,1,0,1,0,0,1,0,0,0
0.00363238,1,1,1,1,1,0,1,1,0,1,0,0,1,0,0,0
0.00363239,1,0,0,0,1,0,0,0,0,1,0,0,1,0,0,0
0.00363242,1,0,1,1,1,0,0,0,0,1,0,0,1,0,0,0
0.00363243,1,1,1,1,1,1,1,1,0,1,0,0,1,0,0,0
0.00363245,1,1,1,1,1,1,0,1,0,1,0,0,1,0,0,0
0.00363246,1,0,1,1,1,0,0,0,0,1,0,0,1,0,0,0
0.00363247,1,0,1,0,1,0,0,0,0,1,0,0,1,0,0,0
0.00363248,1,0,0,0,1,0,0,0,0,1,0,0,1,0,0,0
0.0036325,1,0,1,1,1,0,0,0,0,1,0,0,1,0,0,0
0.00363252,1,1,1,1,1,0,0,0,0,1,0,0,1,0,0,0
0.00363253,1,0,1,1,1,0,0,0,0,1,0,0,1,0,0,0
0.00363255,1,0,1,0,1,0,0,0,0,1,0,0,1,0,0,0
0.00363258,1,0,1,1,1,0,0,0,0,1,0,0,1,0,0,0
0.00363262,1,0,1,0,1,0,0,0,0,1,0,0,1,0,0,0
0.00363266,1,0,1,1,1,0,0,0,0,1,0,0,1,0,0,0
0.00363269,1,0,1,0,1,0,0,0,0,1,0,0,1,0,0,0
0.00363275,1,0,1,1,1,0,0,0,0,0,0,0,1,0,0,0
0.00363276,1,0,1,0,1,0,0,0,1,0,0,0,1,0,0,0
0.00363278,1,0,0,0,1,0,0,0,1,0,0,0,1,0,0,0
0.0036328,1,0,1,0,1,0,0,0,1,0,0,0,1,0,0,0
0.00363281,1,1,1,1,1,0,0,0,1,0,0,0,1,0,0,0
0.00363282,1,0,1,1,1,0,0,0,1,0,0,0,1,0,0,0
0.00363283,1,0,1,0,1,0,0,0,0,0,0,0,0,0,0,0
0.00363284,1,0,0,0,1,0,0,0,1,0,0,0,1,0,0,0
0.00363288,1,0,1,1,1,0,0,0,1,0,0,0,1,0,0,0
0.0036329,1,0,1,0,1,0,0,0,1,0,0,0,1,0,0,0
0.00363291,1,0,0,0,1,0,0,0,1,0,0,0,1,0,0,0
0.00363294,1,0,1,0,1,0,0,0,1,0,0,0,1,0,0,0
0.00363299,1,0,0,0,1,0,0,0,1,0,0,0,1,0,0,0
0.00363328,1,1,1,1,1,0,0,0,1,0,0,0,1,0,0,0
0.0036333,1,1,1,1,1,1,1,1,1,0,0,0,1,0,0,0
0.00363335,1,1,1,1,1,1,0,1,1,0,0,0,1,0,0,0
0.00363336,0,0,1,1,1,0,0,1,1,0,0,0,1,0,0,0
0.0036334,1,1,1,1,1,1,1,1,1,0,0,0,1,0,0,0
0.00363342,0,0,1,1,1,0,0,1,1,0,0,0,1,0,0,0
0.00363347,0,1,1,1,1,0,0,1,1,0,0,0,1,0,0,0
0.00363349,0,0,1,1,1,0,0,1,1,0,0,0,1,0,0,0
0.00363426,1,1,1,1,1,0,0,1,1,0,0,0,1,0,0,0
0.00363428,1,1,1,1,1,1,1,1,1,0,0,0,1,0,0,0
0.00363429,1,0,1,1,1,1,1,1,1,0,0,0,1,0,0,0
0.0036343,1,1,1,1,1,1,1,1,1,0,0,0,1,0,0,0
0.00363433,1,1,1,1,1,1,0,0,1,0,0,0,1,0,0,0
0.00363438,1,1,1,1,1,1,1,1,1,0,0,0,1,0,0,0
0.00363439,1,1,1,1,1,1,0,0,1,0,0,0,1,0,0,0
0.00363471,1,1,1,1,1,1,0,0,1,1,1,1,1,1,0,0
0.00363481,1,1,1,1,1,1,1,1,1,1,1,1,1,1,0,0
0.00363482,1,1,1,1,1,1,1,1,1,1,1,1,1,1,1,0
0.00363483,1,1,1,1,1,1,0,0,1,1,1,1,1,1,0,0
0.00363526,1,1,1,1,1,1,0,1,1,1,1,1,1,1,0,0
0.00363528,1,1,1,1,1,1,1,1,1,1,1,1,1,1,0,0
0.0036353,1,1,1,0,1,1,1,1,1,1,1,1,1,1,0,0
0.00363531,0,0,0,0,1,0,0,1,1,1,1,1,1,1,0,0
0.00363535,0,0,0,1,1,1,1,1,1,1,1,1,1,1,0,0
0.00363536,1,1,1,1,1,1,1,1,1,1,1,1,1,1,0,0
0.00363537,0,1,1,1,1,1,1,1,1,1,1,1,1,1,0,0
0.00363538,0,0,0,0,1,1,0,1,1,1,1,1,1,1,0,0
0.00363539,0,0,0,0,1,0,0,1,1,1,1,1,1,1,0,0
0.00363544,0,0,0,0,1,1,0,1,1,1,1,1,1,1,0,0
0.00363545,0,0,0,0,1,0,0,1,1,1,1,1,1,1,0,0
0.00363622,1,1,1,1,1,0,0,1,1,1,1,1,1,1,0,0
0.00363623,1,1,1,1,1,0,1,1,1,1,1,1,1,1,0,0
0.00363624,1,1,1,1,1,1,1,1,1,1,1,1,1,1,0,0
0.00363628,1,1,1,1,0,1,1,1,1,1,1,1,1,1,0,0
0.00363629,0,0,0,0,0,0,1,0,1,1,1,1,1,1,0,0
0.00363632,0,0,0,0,0,1,1,0,1,1,1,1,1,1,0,0
0.00363633,1,1,1,1,0,1,1,0,1,1,1,1,1,1,0,0
0.00363634,1,1,1,1,0,1,1,1,1,1,1,1,1,1,0,0
0.00363636,1,1,1,1,0,1,1,0,1,1,1,1,1,1,0,0
0.00363637,0,0,0,0,0,0,1,0,1,1,1,1,1,1,0,0
0.00363641,1,0,1,1,0,1,1,0,1,1,1,1,1,1,0,0
0.00363643,0,0,1,1,0,1,1,0,1,1,1,1,1,1,0,0
0.00363645,0,0,0,0,0,0,1,0,1,1,1,1,1,1,0,0
0.00363649,0,0,1,0,0,1,1,0,1,1,1,1,1,1,0,0
0.0036365,0,0,1,1,0,1,1,0,1,1,1,1,1,1,0,0
0.00363651,0,0,1,0,0,1,1,0,1,1,1,1,1,1,0,0
0.00363652,0,0,0,0,0,0,1,0,1,1,1,1,1,1,0,0
0.00363719,1,0,1,0,0,0,1,0,1,1,1,1,1,1,0,0
0.0036372,1,1,1,1,0,1,1,0,1,1,1,1,1,1,0,0
0.00363721,1,0,1,1,0,1,1,0,1,1,1,1,1,1,0,0
0.00363722,1,1,1,1,1,1,1,1,1,1,1,1,1,1,0,0
0.00363726,1,0,0,0,0,0,0,1,1,1,1,1,1,1,0,0
0.00363728,0,0,0,0,0,0,0,1,1,1,1,1,1,1,0,0
0.0036373,0,0,0,0,0,1,0,1,1,1,1,1,1,1,0,0
0.00363731,0,0,1,1,0,1,0,1,1,1,1,1,1,1,0,0
0.00363732,0,1,1,1,1,1,0,1,1,1,1,1,1,1,0,0
0.00363733,0,1,1,1,0,1,0,1,1,1,1,1,1,1,0,0
0.00363734,0,0,1,1,0,1,0,1,1,1,1,1,1,1,0,0
0.00363735,0,0,0,0,0,0,0,1,1,1,1,1,1,1,0,0
0.00363738,0,0,0,0,0,1,0,1,1,1,1,1,1,1,0,0
0.00363739,0,0,1,0,0,1,0,1,1,1,1,1,1,1,0,0
0.00363742,0,0,0,0,0,1,0,1,1,1,1,1,1,1,0,0
0.00363744,0,0,0,0,0,0,0,1,1,1,1,1,1,1,0,0
0.00363746,0,0,0,0,0,1,0,1,1,1,1,1,1,1,0,0
0.00363753,0,0,0,0,0,0,0,1,1,1,1,1,1,1,0,0
0.00363754,0,0,0,0,0,1,0,1,1,1,1,1,1,1,0,0
0.00363758,0,0,0,0,0,0,0,1,1,1,1,1,1,1,0,0
0.00363761,0,0,0,0,0,1,0,1,1,1,1,1,1,1,0,0
0.00363765,0,0,0,0,0,0,0,1,1,1,1,1,1,1,0,0
0.00363816,0,0,0,0,0,1,0,1,1,1,1,1,1,1,0,0
0.00363817,0,1,1,1,0,1,0,1,1,1,1,1,1,1,0,0
0.00363818,1,1,1,1,1,1,1,1,1,1,1,1,1,1,0,0
0.00363819,0,0,1,0,0,1,0,1,1,1,1,1,1,1,0,0
0.0036382,0,0,0,0,0,0,0,1,1,1,1,1,1,1,0,0
0.00363823,1,0,0,0,1,0,0,1,1,1,1,1,1,1,0,0
0.00363825,1,0,1,1,1,1,0,1,1,1,1,1,1,1,0,0
0.00363826,1,1,1,1,1,1,1,1,1,1,1,1,1,1,0,0
0.00363827,1,1,1,1,1,1,0,1,1,1,1,1,1,1,0,0
0.00363828,1,0,0,0,1,0,0,1,1,1,1,1,1,1,0,0
0.00363914,1,1,1,1,1,0,0,1,1,1,1,1,1,1,0,0
0.00363916,1,1,1,1,1,1,1,1,1,1,1,1,1,1,0,0
0.00363922,0,0,0,0,0,0,1,0,1,1,1,1,1,1,0,0
0.00363926,1,1,1,1,0,1,1,1,1,1,1,1,1,1,0,0
0.00363929,1,1,1,1,0,1,1,0,1,1,1,1,1,1,0,0
0.0036393,0,0,1,1,0,1,1,0,1,1,1,1,1,1,0,0
0.00363931,0,0,0,0,0,0,1,0,1,1,1,1,1,1,0,0
0.00363934,0,0,1,1,0,1,1,0,1,1,1,1,1,1,0,0
0.00363935,0,1,1,1,0,1,1,0,1,1,1,1,1,1,0,0
0.00363937,0,0,1,1,0,1,1,0,1,1,1,1,1,1,0,0
0.0036394,0,0,1,0,0,0,1,0,1,1,1,1,1,1,0,0
0.00363941,0,0,1,1,0,1,1,0,1,1,1,1,1,1,0,0
0.00363955,0,0,1,1,0,0,1,0,1,1,1,1,1,1,0,0
0.00363956,0,0,1,1,0,1,1,0,1,1,1,1,1,1,0,0
0.00363961,0,0,1,0,0,0,1,0,1,1,1,1,1,1,0,0
0.00363964,0,0,1,1,0,0,1,0,1,1,1,1,1,1,0,0
0.00363966,0,0,1,1,0,1,1,0,1,1,1,1,1,1,0,0
0.00363967,0,0,1,0,0,0,1,0,1,1,1,1,1,1,0,0
0.00363983,0,0,0,0,0,0,1,0,1,1,1,1,1,1,0,0
0.00364012,1,1,1,1,0,1,1,0,1,1,1,1,1,1,0,0
0.00364013,1,1,1,1,1,1,1,0,1,1,1,1,1,1,0,0
0.00364014,1,1,1,1,0,1,1,1,1,1,1,1,1,1,0,0
0.00364015,1,1,1,1,1,1,1,1,1,1,1,1,1,1,0,0
0.00364019,0,0,1,0,1,0,1,0,1,1,1,1,1,1,0,0
0.0036402,0,0,0,0,0,0,1,0,1,1,1,1,1,1,0,0
0.00364024,1,1,1,1,0,1,1,1,1,1,1,1,1,1,0,0
0.00364025,1,1,1,1,1,1,1,1,1,1,1,1,1,1,0,0
0.00364027,0,0,1,1,0,0,1,0,1,1,1,1,1,1,0,0
0.00364028,0,0,0,0,0,0,1,0,1,1,1,1,1,1,0,0
0.00364033,0,0,1,0,0,0,1,0,1,1,1,1,1,1,0,0
0.00364034,0,0,0,0,0,0,1,0,1,1,1,1,1,1,0,0
0.0036411,0,0,1,0,0,0,1,0,1,1,1,1,1,1,0,0
0.00364111,1,1,1,1,1,1,1,1,1,1,1,1,1,1,0,0
0.00364115,0,0,0,0,0,0,1,0,1,1,1,1,1,1,0,0
0.0036412,0,0,1,1,0,0,1,0,1,1,1,1,1,1,0,0
0.00364121,0,0,1,0,0,0,1,0,1,1,1,1,1,1,0,0
0.00364122,0,0,0,0,0,0,1,0,1,1,1,1,1,1,0,0
0.0036421,0,0,0,0,0,0,1,1,1,1,1,1,1,1,0,0
0.00364211,0,0,0,0,0,1,0,1,1,1,1,1,1,1,0,0
0.00364212,0,0,1,0,0,0,0,1,1,1,1,1,1,1,0,0
0.00364213,0,0,0,0,0,0,0,1,1,1,1,1,1,1,0,0
0.00364305,0,0,1,1,1,0,0,1,1,1,1,1,1,1,0,0
0.00364308,1,1,1,1,1,1,0,1,1,1,1,1,1,1,0,0
0.00364309,1,0,1,1,1,1,0,1,1,1,1,1,1,1,0,0
0.0036431,0,0,1,1,1,0,0,1,1,1,1,1,1,1,0,0
0.00364409,1,0,1,1,1,0,0,1,1,1,1,1,1,1,0,0
0.0036441,1,1,1,1,1,1,1,1,1,1,1,1,1,1,0,0
0.00364411,1,1,0,0,0,0,0,0,1,1,1,1,1,1,0,0
0.00364412,1,0,0,0,0,0,0,0,1,1,1,1,1,1,0,0
0.00364413,1,0,0,0,0,1,0,0,1,1,1,1,1,1,0,0
0.00364414,1,0,0,0,0,1,0,1,1,1,1,1,1,1,0,0
0.00364415,1,1,1,1,0,1,0,1,1,1,1,1,1,1,0,0
0.00364416,1,1,1,1,1,1,0,0,1,1,1,1,1,1,0,0
0.00364417,1,0,0,0,0,1,0,0,1,1,1,1,1,1,0,0
0.00364447,1,0,0,0,0,1,0,0,1,0,0,0,0,1,0,0
0.003645,1,1,1,1,0,1,0,0,1,0,0,0,0,1,0,0
0.00364502,1,1,1,1,1,1,1,1,1,0,0,0,0,1,0,0
0.00364507,1,1,1,1,1,0,0,1,1,0,0,0,0,1,0,0
0.00364508,0,0,0,0,0,0,0,1,1,0,0,0,0,1,0,0
0.00364512,1,0,1,1,0,0,0,1,1,0,0,0,0,1,0,0
0.00364513,1,1,1,1,0,0,0,1,1,0,0,0,0,1,0,0
0.00364515,1,0,1,1,0,0,0,1,1,0,0,0,0,1,0,0
0.00364516,0,0,0,0,0,0,0,1,1,0,0,0,0,1,0,0
0.00364521,0,0,1,0,0,0,0,1,1,0,0,0,0,1,0,0
0.00364522,0,0,0,0,0,0,0,1,1,0,0,0,0,1,0,0
0.00364598,1,1,1,1,0,0,0,1,1,0,0,0,0,1,0,0
0.00364599,1,1,1,1,1,1,1,1,1,0,0,0,0,1,0,0
0.00364604,1,1,1,1,0,1,1,0,1,0,0,0,0,1,0,0
0.00364605,0,0,0,0,0,0,1,0,1,0,0,0,0,1,0,0
0.00364609,1,1,1,1,0,1,1,0,1,0,0,0,0,1,0,0
0.0036461,1,1,1,1,1,1,1,0,1,0,0,0,0,1,0,0
0.00364611,1,1,1,1,0,1,1,0,1,0,0,0,0,1,0,0
0.00364612,1,0,1,1,0,0,1,0,1,0,0,0,0,1,0,0
0.00364613,0,0,0,0,0,0,1,0,1,0,0,0,0,1,0,0
0.00364617,1,0,1,1,0,0,1,0,1,0,0,0,0,1,0,0
0.0036462,1,0,1,0,0,0,1,0,1,0,0,0,0,1,0,0
0.00364621,0,0,0,0,0,0,1,0,1,0,0,0,0,1,0,0
0.00364626,0,0,1,0,0,0,1,0,1,0,0,0,0,1,0,0
0.00364628,0,0,0,0,0,0,1,0,1,0,0,0,0,1,0,0
0.00364695,0,1,1,1,0,0,1,0,1,0,0,0,0,1,0,0
0.00364697,1,1,1,1,0,0,1,0,1,0,0,0,0,1,0,0
0.00364698,1,1,1,1,1,1,1,1,1,0,0,0,0,1,0,0
0.00364704,0,0,1,1,1,0,0,1,1,0,0,0,0,1,0,0
0.00364708,1,1,1,1,1,1,0,1,1,0,0,0,0,1,0,0
0.00364711,0,0,1,1,1,0,0,1,1,0,0,0,0,1,0,0
0.00364799,1,1,1,1,1,1,1,1,1,0,0,0,0,1,0,0
0.00364805,0,1,0,0,1,0,1,1,1,0,0,0,0,1,0,0
0.00364809,1,1,1,1,1,1,1,1,1,0,0,0,0,1,0,0
0.00364811,0,1,0,0,1,0,1,1,1,0,0,0,0,1,0,0
0.00364837,0,1,0,0,1,0,1,1,0,0,0,0,0,0,0,0
0.00364838,0,1,0,0,1,0,1,1,0,1,0,0,0,0,0,0
0.00364839,0,1,0,0,1,0,1,1,0,1,0,0,1,0,1,1
0.0036489,0,1,1,1,1,0,1,1,0,1,0,0,1,0,1,1
0.00364892,1,1,1,1,1,1,1,1,0,1,0,0,1,0,1,1
0.00364897,0,0,1,1,1,0,0,1,0,1,0,0,1,0,1,1
0.00364901,1,0,1,1,1,0,0,1,0,1,0,0,1,0,1,1
0.00364902,1,1,1,1,1,1,0,1,0,1,0,0,1,0,1,1
0.00364903,0,0,1,1,1,0,0,1,0,1,0,0,1,0,1,1
0.00364989,1,1,1,1,1,0,0,1,0,1,0,0,1,0,1,1
0.0036499,1,1,1,1,1,1,0,1,0,1,0,0,1,0,1,1
0.00364992,1,1,1,1,1,1,1,1,0,1,0,0,1,0,1,1
0.00365086,1,1,1,1,0,1,0,0,0,1,0,0,1,0,1,1
0.00365087,0,0,0,0,0,0,0,0,0,1,0,0,1,0,1,1
0.00365091,1,0,1,0,0,1,0,0,0,1,0,0,1,0,1,1
0.00365092,0,0,0,0,0,1,0,0,0,1,0,0,1,0,1,1
0.00365093,0,0,0,0,0,0,0,0,0,1,0,0,1,0,1,1
0.00365182,0,0,1,0,0,0,0,0,0,1,0,0,1,0,1,1
0.00365183,1,0,1,0,0,0,0,0,0,1,0,0,1,0,1,1
0.00365184,0,0,0,0,0,0,0,0,0,1,0,0,1,0,1,1
0.00365187,0,0,1,1,1,0,0,1,0,1,0,0,1,0,1,1
0.00365189,1,1,1,1,1,1,1,1,0,1,0,0,1,0,1,1
0.00365195,0,1,0,0,1,1,0,0,0,1,0,0,1,0,1,1
0.00365199,1,1,1,0,1,1,0,0,0,1,0,0,1,0,1,1
0.003652,1,1,1,1,1,1,1,1,0,1,0,0,1,0,1,1
0.00365201,1,1,1,1,1,1,0,1,0,1,0,0,1,0,1,1
0.00365202,0,1,0,0,1,1,0,0,0,1,0,0,1,0,1,1
0.00365208,0,1,1,0,1,1,0,0,0,1,0,0,1,0,1,1
0.00365209,0,1,0,0,1,1,0,0,0,1,0,0,1,0,1,1
0.00365228,0,1,0,0,1,1,0,0,0,1,0,0,1,0,0,0
0.00365229,0,1,0,0,1,1,0,0,0,1,0,0,1,1,0,0
0.00365281,1,1,1,0,1,1,0,0,0,1,0,0,1,1,0,0
0.00365282,1,1,1,1,1,1,0,0,0,1,0,0,1,1,0,0
0.00365283,1,1,1,1,1,1,1,1,0,1,0,0,1,1,0,0
0.00365288,0,1,1,0,1,0,0,1,0,1,0,0,1,1,0,0
0.00365292,1,1,1,1,1,0,0,1,0,1,0,0,1,1,0,0
0.00365293,1,1,1,1,1,1,1,1,0,1,0,0,1,1,0,0
0.00365294,1,1,1,1,1,0,0,1,0,1,0,0,1,1,0,0
0.00365295,0,1,1,0,1,0,0,1,0,1,0,0,1,1,0,0
0.003653,1,1,1,0,1,0,0,1,0,1,0,0,1,1,0,0
0.00365301,0,1,1,0,1,0,0,1,0,1,0,0,1,1,0,0
0.00365379,1,1,1,1,1,0,0,1,0,1,0,0,1,1,0,0
0.00365381,1,1,1,1,1,1,1,1,0,1,0,0,1,1,0,0
0.00365386,1,1,0,1,0,0,0,0,0,1,0,0,1,1,0,0
0.0036539,1,1,1,1,0,0,0,0,0,1,0,0,1,1,0,0
0.00365391,1,1,1,1,0,1,1,1,0,1,0,0,1,1,0,0
0.00365392,1,1,1,1,0,1,0,0,0,1,0,0,1,1,0,0
0.00365393,1,1,0,1,0,0,0,0,0,1,0,0,1,1,0,0
0.00365478,1,1,1,1,0,1,0,1,0,1,0,0,1,1,0,0
0.00365479,1,1,1,1,1,1,1,1,0,1,0,0,1,1,0,0
0.00365576,1,1,1,1,1,1,0,1,0,1,0,0,1,1,0,0
0.00365577,1,1,0,1,1,0,0,0,0,1,0,0,1,1,0,0
0.00365578,0,0,0,1,1,0,0,1,0,1,0,0,1,1,0,0
0.00365581,1,1,1,1,1,1,0,1,0,1,0,0,1,1,0,0
0.00365582,1,1,1,1,1,1,1,1,0,1,0,0,1,1,0,0
0.00365587,1,1,1,1,1,0,0,0,0,1,0,0,1,1,0,0
0.00365588,0,1,0,0,1,0,0,0,0,1,0,0,1,1,0,0
0.00365592,1,1,1,0,1,0,0,0,0,1,0,0,1,1,0,0
0.00365593,1,1,1,1,1,0,0,0,0,1,0,0,1,1,0,0
0.00365594,1,1,1,0,1,0,0,0,0,1,0,0,1,1,0,0
0.00365595,1,1,0,0,1,0,0,0,0,1,0,0,1,1,0,0
0.00365596,0,1,0,0,1,0,0,0,0,1,0,0,1,1,0,0
0.003656,1,1,0,0,1,0,0,0,0,1,0,0,1,1,0,0
0.00365603,0,1,0,0,1,0,0,0,0,1,0,0,1,1,0,0
0.00365619,0,1,0,0,1,0,0,0,0,1,0,0,1,0,0,0
0.00365626,0,1,0,0,1,0,0,0,0,0,0,0,1,0,0,0
0.00365627,0,1,0,0,1,0,0,0,0,1,0,0,1,0,0,0
0.00365674,1,1,1,1,1,1,0,1,0,1,0,0,1,0,0,0
0.00365676,1,1,1,1,1,1,1,1,0,1,0,0,1,0,0,0
0.00365679,1,1,1,1,0,0,0,0,0,1,0,0,1,0,0,0
0.00365684,1,1,1,1,0,1,0,1,0,1,0,0,1,0,0,0
0.00365686,1,1,1,1,0,0,0,0,0,1,0,0,1,0,0,0
0.00365771,1,1,1,1,1,0,0,0,0,1,0,0,1,0,0,0
0.00365772,1,1,1,1,1,1,1,1,0,1,0,0,1,0,0,0
0.00365777,1,0,0,0,1,0,0,0,0,1,0,0,1,0,0,0
0.00365781,1,1,1,1,1,1,0,1,0,1,0,0,1,0,0,0
0.00365782,1,1,1,1,1,1,1,1,0,1,0,0,1,0,0,0
0.00365783,1,1,1,1,1,1,0,1,0,1,0,0,1,0,0,0
0.00365784,1,1,1,1,1,1,0,0,0,1,0,0,1,0,0,0
0.00365785,1,0,0,0,1,0,0,0,0,1,0,0,1,0,0,0
0.00365789,1,0,1,1,1,0,0,0,0,1,0,0,1,0,0,0
0.0036579,1,1,1,1,1,1,0,0,0,1,0,0,1,0,0,0
0.00365791,1,0,1,1,1,0,0,0,0,1,0,0,1,0,0,0
0.00365792,1,0,0,0,1,0,0,0,0,1,0,0,1,0,0,0
0.00365814,1,0,0,0,1,0,0,0,0,0,0,0,1,0,0,0
0.00365815,1,0,0,0,1,0,0,0,1,0,0,0,1,0,0,0
0.0036582,1,0,1,0,1,0,0,0,1,0,0,0,1,0,0,0
0.00365821,1,0,1,0,1,0,0,0,0,0,0,0,0,0,0,0
0.00365822,1,0,0,0,1,0,0,0,1,0,0,0,1,0,0,0
0.00365827,1,0,1,0,1,0,0,0,1,0,0,0,1,0,0,0
0.00365828,1,0,0,0,1,0,0,0,1,0,0,0,1,0,0,0
0.00365867,1,1,1,0,1,0,0,0,1,0,0,0,1,0,0,0
0.00365868,1,1,0,0,1,0,0,0,1,0,0,0,1,0,0,0
0.00365869,1,1,1,1,1,1,1,1,1,0,0,0,1,0,0,0
0.00365875,0,0,0,0,1,1,1,1,1,0,0,0,1,0,0,0
0.00365879,1,1,1,1,1,1,1,1,1,0,0,0,1,0,0,0
0.00365881,0,0,1,1,1,1,1,1,1,0,0,0,1,0,0,0
0.00365882,0,0,0,0,1,1,1,1,1,0,0,0,1,0,0,0
0.00365886,0,0,1,0,1,1,1,1,1,0,0,0,1,0,0,0
0.00365887,0,0,1,1,1,1,1,1,1,0,0,0,1,0,0,0
0.00365888,0,0,0,0,1,1,1,1,1,0,0,0,1,0,0,0
0.00365965,1,0,1,0,1,1,1,1,1,0,0,0,1,0,0,0
0.00365966,1,1,1,1,1,1,1,1,1,0,0,0,1,0,0,0
0.00365971,0,1,1,1,0,0,0,1,1,0,0,0,1,0,0,0
0.00365972,0,0,0,0,0,0,0,1,1,0,0,0,1,0,0,0
0.00365975,1,1,1,1,0,1,0,1,1,0,0,0,1,0,0,0
0.00365977,1,1,1,1,0,1,1,1,1,0,0,0,1,0,0,0
0.00365979,1,1,1,1,0,1,0,1,1,0,0,0,1,0,0,0
0.0036598,0,0,1,0,0,0,0,1,1,0,0,0,1,0,0,0
0.00365981,0,0,0,0,0,0,0,1,1,0,0,0,1,0,0,0
0.00365983,0,0,1,1,0,0,0,1,1,0,0,0,1,0,0,0
0.00365984,0,1,1,1,0,1,0,1,1,0,0,0,1,0,0,0
0.00365987,0,0,1,1,0,0,0,1,1,0,0,0,1,0,0,0
0.00365989,0,0,1,0,0,0,0,1,1,0,0,0,1,0,0,0
0.00365991,0,0,1,1,0,0,0,1,1,0,0,0,1,0,0,0
0.00366004,0,0,1,0,0,0,0,1,1,0,0,0,1,0,0,0
0.00366006,0,0,1,1,0,0,0,1,1,0,0,0,1,0,0,0
0.00366009,0,0,1,1,0,0,0,1,0,0,0,0,0,0,0,0
0.0036601,0,0,1,1,0,0,0,1,0,0,0,0,0,0,1,0
0.00366012,0,0,1,0,0,0,0,1,0,0,0,0,0,0,1,0
0.00366013,0,0,0,0,0,0,0,1,0,0,0,0,0,0,1,0
0.00366014,0,0,1,0,0,0,0,1,0,0,0,0,0,0,1,0
0.00366015,0,0,1,1,0,0,0,1,0,0,0,0,0,0,1,0
0.00366017,0,0,0,0,0,1,0,1,0,0,0,0,0,0,1,0
0.00366018,0,0,0,0,1,1,1,1,0,0,0,0,0,0,1,0
0.00366019,0,0,0,0,1,1,1,1,0,0,0,0,1,1,1,1
0.0036602,1,1,1,1,1,1,1,1,0,0,0,0,1,1,1,1
0.00366021,1,1,1,1,0,0,0,1,0,0,0,0,0,0,1,0
0.00366022,0,0,0,0,0,0,0,1,0,0,0,0,0,0,1,0
0.00366026,1,1,1,1,0,1,0,1,0,0,0,0,0,0,1,0
0.00366027,1,1,1,1,0,1,1,1,0,0,0,0,0,0,1,0
0.00366029,0,1,1,1,0,1,0,1,0,0,0,0,0,0,1,0
0.0036603,0,0,0,0,0,0,0,1,0,0,0,0,0,0,1,0
0.00366034,0,0,1,1,0,0,0,1,0,0,0,0,0,0,1,0
0.00366035,0,0,1,1,0,1,0,1,0,0,0,0,0,0,1,0
0.00366036,0,0,1,1,0,0,0,1,0,0,0,0,0,0,1,0
0.00366037,0,0,1,0,0,0,0,1,0,0,0,0,0,0,1,0
0.00366038,0,0,0,0,0,0,0,1,0,0,0,0,0,0,1,0
0.00366042,0,0,1,0,0,0,0,1,0,0,0,0,0,0,1,0
0.00366045,0,0,0,0,0,0,0,1,0,0,0,0,0,0,1,0
0.00366061,1,1,1,1,0,0,0,1,0,0,0,0,0,0,1,0
0.00366062,1,1,1,1,0,1,0,1,0,0,0,0,0,0,1,0
0.00366063,1,1,1,1,0,0,0,0,0,0,0,0,0,0,1,0
0.00366064,0,0,0,0,0,0,0,0,0,0,0,0,0,0,1,0
0.00366068,1,1,1,1,0,1,0,0,0,0,0,0,0,0,1,0
0.0036607,0,0,1,1,0,1,0,0,0,0,0,0,0,0,1,0
0.00366071,0,0,1,0,0,0,0,0,0,0,0,0,0,0,1,0
0.00366072,0,0,0,0,0,0,0,0,0,0,0,0,0,0,1,0
0.00366077,0,0,1,0,0,0,0,0,0,0,0,0,0,0,1,0
0.00366078,0,0,0,0,0,0,0,0,0,0,0,0,0,0,1,0
0.00366158,0,0,1,1,0,1,0,0,0,0,0,0,0,0,1,0
0.00366159,1,1,1,1,0,1,0,0,0,0,0,0,0,0,1,0
0.0036616,0,0,0,0,0,0,0,0,0,0,0,0,0,0,1,0
0.00366163,1,1,1,1,1,1,0,0,0,0,0,0,0,0,1,0
0.00366164,1,1,1,1,1,1,0,1,0,0,0,0,0,0,1,0
0.00366165,1,1,1,1,1,1,1,1,0,0,0,0,0,0,1,0
0.00366167,1,1,1,1,1,0,0,1,0,0,0,0,0,0,1,0
0.00366168,1,1,1,1,1,1,1,1,0,0,0,0,0,0,1,0
0.00366172,0,1,0,1,1,1,1,1,0,0,0,0,0,0,1,0
0.00366173,0,1,0,0,1,1,0,0,0,0,0,0,0,0,1,0
0.00366177,0,1,1,1,1,1,0,0,0,0,0,0,0,0,1,0
0.00366178,1,1,1,1,1,1,1,0,0,0,0,0,0,0,1,0
0.00366179,0,1,1,1,1,1,0,0,0,0,0,0,0,0,1,0
0.0036618,0,1,0,0,1,1,0,0,0,0,0,0,0,0,1,0
0.00366204,0,1,0,0,1,1,0,0,0,0,0,0,0,0,0,0
0.00366205,0,1,0,0,1,1,0,0,0,1,0,0,1,1,0,0
0.0036626,1,1,1,1,1,1,1,1,0,1,0,0,1,1,0,0
0.00366265,1,0,0,1,1,0,0,1,0,1,0,0,1,1,0,0
0.00366269,1,0,1,1,1,1,0,1,0,1,0,0,1,1,0,0
0.0036627,1,1,1,1,1,1,1,1,0,1,0,0,1,1,0,0
0.00366271,1,0,0,1,1,0,0,1,0,1,0,0,1,1,0,0
0.00366355,1,1,1,1,1,0,0,1,0,1,0,0,1,1,0,0
0.00366357,1,1,1,1,1,1,1,1,0,1,0,0,1,1,0,0
0.00366362,1,1,1,1,0,1,0,0,0,1,0,0,1,1,0,0
0.00366363,1,1,0,1,0,0,0,0,0,1,0,0,1,1,0,0
0.00366367,1,1,1,1,0,1,0,0,0,1,0,0,1,1,0,0
0.00366368,1,1,1,1,0,1,1,1,0,1,0,0,1,1,0,0
0.00366369,1,1,1,1,0,0,0,0,0,1,0,0,1,1,0,0
0.0036637,1,1,0,1,0,0,0,0,0,1,0,0,1,1,0,0
0.00366454,1,1,1,1,0,1,0,0,0,1,0,0,1,1,0,0
0.00366455,1,1,1,1,1,1,1,1,0,1,0,0,1,1,0,0
0.00366555,0,0,1,1,1,1,1,1,0,1,0,0,1,1,0,0
0.00366556,0,0,0,1,1,0,0,1,0,1,0,0,1,1,0,0
0.00366558,0,1,0,1,1,0,0,1,0,1,0,0,1,1,0,0
0.0036656,1,1,1,1,1,1,1,1,0,1,0,0,1,1,0,0
0.00366562,0,1,0,1,1,1,0,1,0,1,0,0,1,1,0,0
0.00366563,1,1,1,1,1,1,0,1,0,1,0,0,1,1,0,0
0.00366564,1,1,0,0,1,0,0,0,0,1,0,0,1,1,0,0
0.00366565,0,1,0,0,1,0,0,0,0,1,0,0,1,1,0,0
0.00366569,0,1,1,0,1,1,1,0,0,1,0,0,1,1,0,0
0.00366571,0,1,0,0,1,1,0,0,0,1,0,0,1,1,0,0
0.00366572,0,1,0,0,1,0,0,0,0,1,0,0,1,1,0,0
0.00366595,0,1,0,0,1,0,0,0,0,1,0,0,1,0,0,0
0.00366648,1,1,1,1,1,0,0,0,0,1,0,0,1,0,0,0
0.00366649,0,1,1,1,1,0,0,0,0,1,0,0,1,0,0,0
0.0036665,1,1,1,1,1,1,1,1,0,1,0,0,1,0,0,0
0.00366655,1,1,1,1,0,0,0,0,0,1,0,0,1,0,0,0
0.00366659,1,1,1,1,0,1,0,0,0,1,0,0,1,0,0,0
0.0036666,1,1,1,1,0,1,1,1,0,1,0,0,1,0,0,0
0.00366661,1,1,1,1,0,1,0,0,0,1,0,0,1,0,0,0
0.00366662,1,1,1,1,0,0,0,0,0,1,0,0,1,0,0,0
0.00366747,1,1,1,1,1,0,0,0,0,1,0,0,1,0,0,0
0.00366748,1,1,1,1,1,1,1,1,0,1,0,0,1,0,0,0
0.00366753,1,0,0,0,1,0,0,0,0,1,0,0,1,0,0,0
0.00366757,1,1,1,0,1,1,0,1,0,1,0,0,1,0,0,0
0.00366758,1,1,1,1,1,1,1,1,0,1,0,0,1,0,0,0
0.0036676,1,1,1,0,1,1,0,0,0,1,0,0,1,0,0,0
0.00366761,1,0,0,0,1,0,0,0,0,1,0,0,1,0,0,0
0.00366765,1,0,1,0,1,1,0,0,0,1,0,0,1,0,0,0
0.00366766,1,1,1,0,1,1,0,0,0,1,0,0,1,0,0,0
0.00366767,1,0,1,0,1,1,0,0,0,1,0,0,1,0,0,0
0.00366768,1,0,0,0,1,0,0,0,0,1,0,0,1,0,0,0
0.0036679,1,0,0,0,1,0,0,0,0,0,0,0,1,0,0,0
0.00366791,1,0,0,0,1,0,0,0,1,0,0,0,1,0,0,0
0.00366798,1,0,0,0,1,0,0,0,0,0,0,0,0,0,0,0
0.00366799,1,0,0,0,1,0,0,0,1,0,0,0,1,0,0,0
0.00366843,1,1,1,1,1,0,0,0,1,0,0,0,1,0,0,0
0.00366845,1,1,1,1,1,1,1,1,1,0,0,0,1,0,0,0
0.00366846,1,1,1,1,1,0,0,1,1,0,0,0,1,0,0,0
0.00366847,1,1,1,1,1,1,1,1,1,0,0,0,1,0,0,0
0.00366851,1,1,1,1,1,0,0,0,1,0,0,0,1,0,0,0
0.00366855,1,1,1,1,1,1,1,1,1,0,0,0,1,0,0,0
0.00366857,1,1,1,1,1,0,0,0,1,0,0,0,1,0,0,0
0.00366943,1,1,1,1,1,1,0,1,1,0,0,0,1,0,0,0
0.00366944,1,1,1,1,1,1,1,1,1,0,0,0,1,0,0,0
0.00366948,0,0,0,0,0,0,0,1,1,0,0,0,1,0,0,0
0.00366951,0,0,1,0,0,1,0,1,1,0,0,0,1,0,0,0
0.00366952,0,1,1,1,0,1,0,1,1,0,0,0,1,0,0,0
0.00366953,1,1,1,1,0,1,1,1,1,0,0,0,1,0,0,0
0.00366956,0,1,1,1,0,1,0,1,1,0,0,0,1,0,0,0
0.00366957,0,0,0,0,0,0,0,1,1,0,0,0,1,0,0,0
0.00366959,0,0,1,0,0,1,0,1,1,0,0,0,1,0,0,0
0.0036696,0,1,1,1,0,1,0,1,1,0,0,0,1,0,0,0
0.00366965,0,0,1,0,0,1,0,1,1,0,0,0,1,0,0,0
0.00366967,0,0,1,1,0,1,0,1,1,0,0,0,1,0,0,0
0.00366968,0,1,1,1,0,1,0,1,1,0,0,0,1,0,0,0
0.00366972,0,0,1,1,0,1,0,1,1,0,0,0,1,0,0,0
0.00366977,0,1,1,1,0,1,0,1,1,0,0,0,1,0,0,0
0.00366979,0,0,1,1,0,1,0,1,1,0,0,0,1,0,0,0
0.00366981,0,0,1,0,0,1,0,1,1,0,0,0,1,0,0,0
0.00366982,0,0,1,1,0,1,0,1,1,0,0,0,1,0,0,0
0.00366983,0,1,1,1,0,1,0,1,1,0,0,0,1,0,0,0
0.00366985,0,1,1,1,0,1,0,1,0,0,0,0,0,0,0,0
0.00366986,0,1,1,1,0,1,0,1,0,0,0,0,0,0,1,0
0.00366988,0,0,1,1,0,1,0,1,0,0,0,0,0,0,1,0
0.00366989,0,0,1,0,0,0,0,1,0,0,0,0,0,0,1,0
0.00366991,0,1,1,1,0,1,0,1,0,0,0,0,0,0,1,0
0.00366993,0,0,1,1,0,1,0,1,0,0,0,0,0,0,0,0
0.00366994,1,1,1,1,1,0,0,1,0,0,0,0,0,0,1,0
0.00366995,1,1,1,1,1,0,0,1,0,1,1,1,1,0,1,0
0.00366996,1,1,1,1,1,1,1,1,1,1,1,1,1,0,1,0
0.00366997,1,1,1,1,1,1,1,1,1,1,1,1,1,1,1,1
0.00366998,0,1,1,0,0,1,1,1,0,0,0,0,0,0,1,0
0.00366999,0,0,0,0,0,0,0,1,0,0,0,0,0,0,1,0
0.00367002,0,1,1,1,0,1,0,1,0,0,0,0,0,0,1,0
0.00367003,1,1,1,1,1,1,1,1,0,0,0,0,0,0,1,0
0.00367005,1,1,1,1,0,1,1,1,0,0,0,0,0,0,1,0
0.00367006,0,1,1,1,0,1,0,1,0,0,0,0,0,0,1,0
0.00367007,0,0,0,0,0,0,0,1,0,0,0,0,0,0,1,0
0.0036701,0,0,1,1,0,1,0,1,0,0,0,0,0,0,1,0
0.00367011,0,1,1,1,0,1,0,1,0,0,0,0,0,0,1,0
0.00367014,0,0,1,1,0,0,0,1,0,0,0,0,0,0,1,0
0.00367015,0,0,1,0,0,0,0,1,0,0,0,0,0,0,1,0
0.00367019,0,1,1,1,0,1,0,1,0,0,0,0,0,0,1,0
0.00367021,0,0,1,1,0,0,0,1,0,0,0,0,0,0,1,0
0.00367022,0,0,1,0,0,0,0,1,0,0,0,0,0,0,1,0
0.00367029,0,0,1,1,0,0,0,1,0,0,0,0,0,0,1,0
0.00367031,0,0,1,0,0,0,0,1,0,0,0,0,0,0,1,0
0.00367034,0,0,0,0,0,0,0,1,0,0,0,0,0,0,1,0
0.00367035,0,0,1,0,0,0,0,1,0,0,0,0,0,0,1,0
0.00367037,1,1,1,1,0,1,0,1,0,0,0,0,0,0,1,0
0.00367039,1,1,1,1,0,0,0,0,0,0,0,0,0,0,1,0
0.00367042,1,1,1,1,0,1,0,0,0,0,0,0,0,0,1,0
0.00367043,1,1,1,1,1,1,1,0,0,0,0,0,0,0,1,0
0.00367045,1,1,1,1,0,1,0,0,0,0,0,0,0,0,1,0
0.00367046,1,1,1,1,0,0,0,0,0,0,0,0,0,0,1,0
0.0036705,1,1,1,1,0,1,0,0,0,0,0,0,0,0,1,0
0.00367053,1,1,1,1,0,0,0,0,0,0,0,0,0,0,1,0
0.00367129,1,1,1,1,0,1,1,0,0,0,0,0,0,0,1,0
0.0036713,1,1,1,1,0,0,0,0,0,0,0,0,0,0,1,0
0.00367134,1,1,1,1,0,1,0,0,0,0,0,0,0,0,1,0
0.00367135,1,1,1,1,0,1,1,0,0,0,0,0,0,0,1,0
0.00367136,1,1,1,1,0,0,0,0,0,0,0,0,0,0,1,0
0.00367139,1,1,1,1,0,1,0,0,0,0,0,0,0,0,1,0
0.0036714,1,1,1,1,1,1,1,1,0,0,0,0,0,0,1,0
0.00367143,1,0,1,1,1,0,0,1,0,0,0,0,0,0,1,0
0.00367144,1,1,1,1,1,0,0,1,0,0,0,0,0,0,1,0
0.00367145,1,1,1,1,1,1,1,1,0,0,0,0,0,0,1,0
0.0036715,0,1,0,0,1,1,0,0,0,0,0,0,0,0,1,0
0.00367154,1,1,1,1,1,1,1,0,0,0,0,0,0,0,1,0
0.00367157,0,1,1,0,1,1,0,0,0,0,0,0,0,0,1,0
0.00367158,0,1,0,0,1,1,0,0,0,0,0,0,0,0,1,0
0.00367162,0,1,1,0,1,1,0,0,0,0,0,0,0,0,1,0
0.00367164,0,1,0,0,1,1,0,0,0,0,0,0,0,0,1,0
0.00367181,0,1,0,0,1,1,0,0,0,1,0,0,1,0,0,0
0.00367182,0,1,0,0,1,1,0,0,0,1,0,0,1,1,0,0
0.00367234,0,1,0,1,1,1,0,0,0,1,0,0,1,1,0,0
0.00367235,1,1,1,0,1,1,0,0,0,1,0,0,1,1,0,0
0.00367236,1,1,1,1,1,1,0,0,0,1,0,0,1,1,0,0
0.00367237,1,1,1,1,1,1,1,1,0,1,0,0,1,1,0,0
0.00367241,0,1,0,0,1,0,0,0,0,1,0,0,1,1,0,0
0.00367245,1,1,1,1,1,1,1,1,0,1,0,0,1,1,0,0
0.00367248,1,1,1,1,1,1,0,1,0,1,0,0,1,1,0,0
0.00367249,1,1,1,1,1,0,0,0,0,1,0,0,1,1,0,0
0.0036725,0,1,1,0,1,0,0,0,0,1,0,0,1,1,0,0
0.00367251,0,1,0,0,1,0,0,0,0,1,0,0,1,1,0,0
0.00367252,1,1,1,1,1,0,0,0,0,1,0,0,1,1,0,0
0.00367254,1,1,1,1,1,1,0,1,0,1,0,0,1,1,0,0
0.00367255,1,1,1,1,1,0,0,0,0,1,0,0,1,1,0,0
0.00367306,0,1,1,1,1,0,0,0,0,1,0,0,1,1,0,0
0.00367307,1,1,1,1,1,0,0,0,0,1,0,0,1,1,0,0
0.00367316,0,1,1,1,1,0,0,0,0,1,0,0,1,1,0,0
0.00367317,1,1,1,1,1,0,0,0,0,1,0,0,1,1,0,0
0.00367319,0,1,1,1,1,0,0,0,0,1,0,0,1,1,0,0
0.00367322,1,1,1,1,1,0,0,0,0,1,0,0,1,1,0,0
0.00367324,0,1,1,0,1,0,0,0,0,1,0,0,1,1,0,0
0.00367325,0,1,1,1,1,0,0,0,0,1,0,0,1,1,0,0
0.00367327,0,1,1,0,1,0,0,0,0,1,0,0,1,1,0,0
0.00367328,1,1,1,1,1,0,0,0,0,1,0,0,1,1,0,0
0.00367329,0,1,1,0,1,0,0,0,0,1,0,0,1,1,0,0
0.00367331,1,1,1,1,1,0,0,0,0,1,0,0,1,1,0,0
0.00367332,1,1,1,1,1,1,0,0,0,1,0,0,1,1,0,0
0.00367333,1,1,1,1,1,1,1,1,0,1,0,0,1,1,0,0
0.00367339,1,1,0,0,0,0,0,0,0,1,0,0,1,1,0,0
0.00367343,1,1,1,1,0,1,1,1,0,1,0,0,1,1,0,0
0.00367346,1,1,1,1,0,1,0,1,0,1,0,0,1,1,0,0
0.00367347,1,1,0,0,0,0,0,0,0,1,0,0,1,1,0,0
0.00367351,1,1,1,1,0,0,0,0,0,1,0,0,1,1,0,0
0.00367352,1,1,1,1,0,1,0,0,0,1,0,0,1,1,0,0
0.00367353,1,1,1,1,0,0,0,0,0,1,0,0,1,1,0,0
0.00367354,1,1,1,0,0,0,0,0,0,1,0,0,1,1,0,0
0.00367356,1,1,0,0,0,0,0,0,0,1,0,0,1,1,0,0
0.00367357,1,1,1,0,0,0,0,0,0,1,0,0,1,1,0,0
0.00367371,1,1,0,0,0,0,0,0,0,1,0,0,1,1,0,0
0.00367372,1,1,1,0,0,0,0,0,0,1,0,0,1,1,0,0
0.00367375,1,1,0,0,0,0,0,0,0,1,0,0,1,1,0,0
0.00367376,1,1,1,0,0,0,0,0,0,1,0,0,1,1,0,0
0.00367379,1,1,0,0,0,0,0,0,0,1,0,0,1,1,0,0
0.00367381,1,1,1,0,0,0,0,0,0,1,0,0,1,1,0,0
0.00367383,1,1,0,0,0,0,0,0,0,1,0,0,1,1,0,0
0.00367384,1,1,1,0,0,0,0,0,0,1,0,0,1,1,0,0
0.00367385,1,1,0,0,0,0,0,0,0,1,0,0,1,1,0,0
0.0036743,1,1,1,1,0,1,0,1,0,1,0,0,1,1,0,0
0.00367431,1,1,1,1,1,1,1,1,0,1,0,0,1,1,0,0
0.00367532,0,0,1,0,1,0,0,0,0,1,0,0,1,1,0,0
0.00367536,0,0,1,1,1,1,0,1,0,1,0,0,1,1,0,0
0.00367537,1,0,1,1,1,1,1,1,0,1,0,0,1,1,0,0
0.00367539,0,0,1,1,1,1,0,0,0,1,0,0,1,1,0,0
0.0036754,0,0,1,0,1,0,0,0,0,1,0,0,1,1,0,0
0.00367545,0,0,1,1,1,1,0,0,0,1,0,0,1,1,0,0
0.00367546,0,0,1,1,1,0,0,0,0,1,0,0,1,1,0,0
0.00367547,0,0,1,0,1,0,0,0,0,1,0,0,1,1,0,0
0.00367571,0,0,1,0,1,0,0,0,0,0,0,0,1,0,0,0
0.00367573,0,0,1,0,1,0,0,0,0,0,1,0,1,0,0,0
0.00367579,0,0,1,0,1,0,0,0,0,0,0,0,0,0,0,0
0.0036758,0,0,1,0,1,0,0,0,0,0,1,0,1,0,0,0
0.00367624,1,0,1,0,1,0,0,0,0,0,1,0,1,0,0,0
0.00367625,1,0,1,1,1,0,0,0,0,0,1,0,1,0,0,0
0.00367626,1,1,1,1,1,1,1,1,0,0,1,0,1,0,0,0
0.00367729,0,0,0,1,0,1,1,1,0,0,1,0,1,0,0,0
0.0036773,0,0,0,0,0,0,1,0,0,0,1,0,1,0,0,0
0.00367733,0,0,0,1,0,1,1,1,0,0,1,0,1,0,0,0
0.00367734,1,1,1,1,0,1,1,1,0,0,1,0,1,0,0,0
0.00367738,0,0,0,0,0,0,1,0,0,0,1,0,1,0,0,0
0.00367742,1,0,0,1,0,1,1,0,0,0,1,0,1,0,0,0
0.00367743,1,0,1,1,0,1,1,1,0,0,1,0,1,0,0,0
0.00367744,1,0,0,1,0,1,1,0,0,0,1,0,1,0,0,0
0.00367745,0,0,0,1,0,1,1,0,0,0,1,0,1,0,0,0
0.00367746,0,0,0,1,0,0,1,0,0,0,1,0,1,0,0,0
0.00367747,0,0,0,0,0,0,1,0,0,0,1,0,1,0,0,0
0.00367749,0,0,0,1,0,0,1,0,0,0,1,0,1,0,0,0
0.00367751,1,0,0,1,0,1,1,0,0,0,1,0,1,0,0,0
0.00367752,1,0,0,1,0,0,1,0,0,0,1,0,1,0,0,0
0.00367753,0,0,0,1,0,0,1,0,0,0,1,0,1,0,0,0
0.00367794,0,0,0,0,0,0,1,0,0,0,1,0,1,0,0,0
0.00367796,0,0,0,1,0,0,1,0,0,0,1,0,1,0,0,0
0.00367799,0,0,0,0,0,0,1,0,0,0,1,0,1,0,0,0
0.00367806,0,0,0,1,0,0,1,0,0,0,1,0,1,0,0,0
0.00367807,0,0,0,0,0,0,1,0,0,0,1,0,1,0,0,0
0.00367811,0,0,0,1,0,0,1,0,0,0,1,0,1,0,0,0
0.00367812,0,0,0,0,0,0,1,0,0,0,1,0,1,0,0,0
0.00367819,1,0,1,0,0,0,1,0,0,0,1,0,1,0,0,0
0.0036782,1,1,1,1,0,0,1,0,0,0,1,0,1,0,0,0
0.00367822,1,1,1,1,1,1,1,1,0,0,1,0,1,0,0,0
0.00367826,1,1,1,1,1,1,0,1,0,0,1,0,1,0,0,0
0.00367827,1,1,0,0,1,0,0,0,0,0,1,0,1,0,0,0
0.0036783,1,1,1,1,1,1,0,0,0,0,1,0,1,0,0,0
0.00367831,1,1,1,1,1,1,0,1,0,0,1,0,1,0,0,0
0.00367832,1,1,1,1,1,1,1,1,0,0,1,0,1,0,0,0
0.00367833,1,1,1,1,1,1,0,1,0,0,1,0,1,0,0,0
0.00367834,1,1,1,0,1,0,0,0,0,0,1,0,1,0,0,0
0.00367835,1,1,0,0,1,0,0,0,0,0,1,0,1,0,0,0
0.00367838,1,1,1,1,1,1,0,0,0,0,1,0,1,0,0,0
0.00367839,1,1,1,1,1,1,0,1,0,0,1,0,1,0,0,0
0.0036784,1,1,1,1,1,1,0,0,0,0,1,0,1,0,0,0
0.00367841,1,1,1,1,1,0,0,0,0,0,1,0,1,0,0,0
0.00367842,1,1,0,0,1,0,0,0,0,0,1,0,1,0,0,0
0.00367846,1,1,1,1,1,0,0,0,0,0,1,0,1,0,0,0
0.00367848,1,1,0,0,1,0,0,0,0,0,1,0,1,0,0,0
0.00367864,1,1,0,0,1,0,0,0,0,0,0,0,1,0,0,0
0.00367865,1,1,0,0,1,0,0,0,1,1,0,0,1,0,0,0
0.0036787,1,1,1,1,1,0,0,0,1,1,0,0,1,0,0,0
0.00367871,1,1,1,1,1,0,0,0,1,0,0,0,0,0,0,0
0.00367872,1,1,0,0,1,0,0,0,0,1,0,0,1,0,0,0
0.00367873,1,1,0,0,1,0,0,0,1,1,0,0,1,0,0,0
0.00367877,1,1,1,1,1,0,0,0,1,1,0,0,1,0,0,0
0.00367879,1,1,0,0,1,0,0,0,1,1,0,0,1,0,0,0
0.00367917,1,1,0,1,1,0,0,0,1,1,0,0,1,0,0,0
0.00367918,1,1,1,1,1,0,0,0,1,1,0,0,1,0,0,0
0.00367919,1,1,0,1,1,1,0,1,1,1,0,0,1,0,0,0
0.00367922,1,1,1,1,1,1,1,1,1,1,0,0,1,0,0,0
0.00367925,1,0,0,0,1,1,0,1,1,1,0,0,1,0,0,0
0.00367929,1,0,1,1,1,1,0,1,1,1,0,0,1,0,0,0
0.0036793,1,1,1,1,1,1,0,1,1,1,0,0,1,0,0,0
0.00367931,1,0,1,1,1,1,0,1,1,1,0,0,1,0,0,0
0.00367932,1,0,0,0,1,1,0,1,1,1,0,0,1,0,0,0
0.00367937,1,0,1,1,1,1,0,1,1,1,0,0,1,0,0,0
0.00367938,1,0,0,0,1,1,0,1,1,1,0,0,1,0,0,0
0.00368015,1,1,1,0,1,1,0,1,1,1,0,0,1,0,0,0
0.00368016,1,1,1,1,1,1,0,1,1,1,0,0,1,0,0,0
0.00368017,1,0,1,1,1,1,1,1,1,1,0,0,1,0,0,0
0.00368018,1,1,1,1,1,1,1,1,1,1,0,0,1,0,0,0
0.00368022,0,1,0,0,1,0,0,0,1,1,0,0,1,0,0,0
0.00368026,1,1,1,1,1,1,0,1,1,1,0,0,1,0,0,0
0.00368027,1,1,1,1,1,1,1,1,1,1,0,0,1,0,0,0
0.00368028,1,1,1,1,1,1,0,1,1,1,0,0,1,0,0,0
0.00368029,0,1,1,1,1,0,0,0,1,1,0,0,1,0,0,0
0.0036803,0,1,0,0,1,0,0,0,1,1,0,0,1,0,0,0
0.00368034,0,1,1,1,1,0,0,0,1,1,0,0,1,0,0,0
0.00368036,0,1,0,0,1,0,0,0,1,1,0,0,1,0,0,0
0.00368059,0,1,0,0,1,0,0,0,0,1,0,0,1,0,0,0
0.00368067,0,1,0,0,1,0,0,0,0,0,0,0,0,0,0,0
0.00368068,0,1,0,0,1,0,0,0,0,1,0,0,1,0,0,0
0.00368112,1,1,1,1,1,0,0,0,0,1,0,0,1,0,0,0
0.00368114,1,1,1,1,1,1,1,1,0,1,0,0,1,0,0,0
0.0036812,1,1,0,0,1,1,0,0,0,1,0,0,1,0,0,0
0.00368124,1,1,1,1,1,1,1,1,0,1,0,0,1,0,0,0
0.00368126,1,1,1,1,1,1,0,0,0,1,0,0,1,0,0,0
0.00368127,1,1,0,0,1,1,0,0,0,1,0,0,1,0,0,0
0.00368211,1,1,0,0,1,1,0,1,0,1,0,0,1,0,0,0
0.00368212,1,1,0,1,1,1,0,1,0,1,0,0,1,0,0,0
0.00368214,1,0,1,1,1,1,1,1,0,1,0,0,1,0,0,0
0.00368216,1,0,0,0,1,0,0,0,0,1,0,0,1,0,0,0
0.0036822,1,0,1,1,1,0,0,0,0,1,0,0,1,0,0,0
0.00368221,1,0,1,1,1,1,0,1,0,1,0,0,1,0,0,0
0.00368222,1,0,1,1,1,0,0,1,0,1,0,0,1,0,0,0
0.00368223,1,0,0,0,1,0,0,0,0,1,0,0,1,0,0,0
0.00368255,1,0,0,0,1,0,0,0,0,0,0,0,1,0,0,0
0.00368256,1,0,0,0,1,0,0,0,1,0,0,0,1,0,0,0
0.00368262,1,0,0,0,1,0,0,0,0,0,0,0,0,0,0,0
0.00368263,1,0,0,0,1,0,0,0,1,0,0,0,1,0,0,0
0.00368308,1,1,1,1,1,0,0,0,1,0,0,0,1,0,0,0
0.00368309,1,1,1,1,1,1,0,1,1,0,0,0,1,0,0,0
0.0036831,1,0,1,1,1,1,1,1,1,0,0,0,1,0,0,0
0.00368311,1,1,1,1,1,1,1,1,1,0,0,0,1,0,0,0
0.00368315,1,1,1,1,1,1,0,1,1,0,0,0,1,0,0,0
0.00368316,0,0,1,1,1,0,0,1,1,0,0,0,1,0,0,0
0.0036832,1,1,1,1,1,1,1,1,1,0,0,0,1,0,0,0
0.00368321,1,1,1,1,1,1,0,1,1,0,0,0,1,0,0,0
0.00368322,0,0,1,1,1,0,0,1,1,0,0,0,1,0,0,0
0.00368405,1,0,1,1,1,0,0,1,1,0,0,0,1,0,0,0
0.00368406,1,1,1,1,1,0,0,1,1,0,0,0,1,0,0,0
0.00368407,1,1,1,1,1,1,0,1,1,0,0,0,1,0,0,0
0.00368408,0,1,1,1,1,1,1,1,1,0,0,0,1,0,0,0
0.00368409,1,1,1,1,1,1,1,1,1,0,0,0,1,0,0,0
0.00368412,1,0,0,0,0,1,0,1,1,0,0,0,1,0,0,0
0.00368413,1,0,0,0,0,0,0,1,1,0,0,0,1,0,0,0
0.00368416,1,1,0,0,0,1,0,1,1,0,0,0,1,0,0,0
0.00368417,1,1,1,1,0,1,0,1,1,0,0,0,1,0,0,0
0.00368419,1,1,1,0,0,1,0,1,1,0,0,0,1,0,0,0
0.0036842,1,0,0,0,0,0,0,1,1,0,0,0,1,0,0,0
0.0036845,1,0,0,0,0,0,0,1,1,0,0,0,0,0,0,0
0.00368451,1,0,0,0,0,0,0,1,1,0,0,0,0,0,1,0
0.00368502,1,0,1,1,0,1,0,1,1,0,0,0,0,0,1,0
0.00368503,1,1,1,1,0,0,0,1,1,0,0,0,0,0,1,0
0.00368504,0,0,0,1,0,0,0,0,1,0,0,0,0,0,1,0
0.00368505,0,1,1,1,0,0,0,0,1,0,0,0,0,0,1,0
0.00368506,1,1,1,1,0,0,1,0,1,0,0,0,0,0,1,0
0.00368508,1,1,1,1,1,1,1,1,1,0,0,0,0,0,1,0
0.00368509,1,1,1,1,1,1,1,0,1,0,0,0,0,0,1,0
0.0036851,1,1,1,1,0,0,1,0,1,0,0,0,0,0,1,0
0.00368547,1,1,1,1,0,1,1,0,1,0,0,0,0,0,1,0
0.00368548,1,1,1,1,0,0,1,0,1,0,0,0,0,0,1,0
0.00368594,1,1,1,1,1,1,1,1,1,0,0,0,0,0,1,0
0.00368595,0,1,0,0,0,1,1,0,1,0,0,0,0,0,1,0
0.00368596,0,1,0,0,0,0,1,1,1,0,0,0,0,0,1,0
0.00368599,0,1,1,1,0,1,1,1,1,0,0,0,0,0,1,0
0.00368601,0,1,0,0,0,0,1,1,1,0,0,0,0,0,1,0
0.00368604,1,1,1,1,1,0,1,1,1,0,0,0,0,0,1,0
0.00368605,1,1,1,1,1,1,1,1,1,0,0,0,0,0,1,0
0.00368607,1,1,1,1,1,1,0,1,1,0,0,0,0,0,1,0
0.00368608,0,1,1,1,1,0,0,0,1,0,0,0,0,0,1,0
0.00368609,0,1,1,1,1,0,1,1,1,0,0,0,0,0,1,0
0.0036861,1,1,1,0,1,1,1,1,1,0,0,0,0,0,1,0
0.00368611,1,1,0,0,1,1,1,1,1,0,0,0,0,0,1,0
0.00368612,0,1,0,0,1,0,1,1,1,0,0,0,0,0,1,0
0.00368615,0,1,0,0,1,1,1,1,1,0,0,0,0,0,1,0
0.00368618,0,1,0,0,1,0,1,1,1,0,0,0,0,0,1,0
0.00368645,0,1,0,0,1,0,1,1,0,0,0,0,0,0,1,0
0.00368646,0,1,0,0,1,0,1,1,0,1,0,0,1,0,1,1
0.00368699,1,1,1,1,1,0,1,1,0,1,0,0,1,0,1,1
0.003687,1,1,1,1,1,1,1,1,0,1,0,0,1,0,1,1
0.00368705,1,1,1,1,0,0,1,0,0,1,0,0,1,0,1,1
0.00368709,1,1,1,1,0,1,1,0,0,1,0,0,1,0,1,1
0.00368711,1,1,1,1,0,0,1,0,0,1,0,0,1,0,1,1
0.00368797,1,1,1,1,0,1,1,0,0,1,0,0,1,0,1,1
0.00368799,1,1,1,1,1,1,1,1,0,1,0,0,1,0,1,1
0.00368894,1,0,0,0,0,0,0,0,0,1,0,0,1,0,1,1
0.00368895,0,0,0,0,0,0,0,0,0,1,0,0,1,0,1,1
0.003689,0,0,0,0,0,1,0,0,0,1,0,0,1,0,1,1
0.00368901,0,0,0,0,0,0,0,0,0,1,0,0,1,0,1,1
0.00368991,1,0,0,0,0,0,0,0,0,1,0,0,1,0,1,1
0.00368992,0,0,0,0,0,0,0,0,0,1,0,0,1,0,1,1
0.00368994,1,1,1,1,1,1,1,1,0,1,0,0,1,0,1,1
0.00368998,0,0,1,0,1,0,0,0,0,1,0,0,1,0,1,1
0.00368999,0,1,1,0,1,1,0,1,0,1,0,0,1,0,1,1
0.00369,0,1,1,1,1,1,0,1,0,1,0,0,1,0,1,1
0.00369001,1,1,1,1,1,1,1,1,0,1,0,0,1,0,1,1
0.00369003,0,1,0,0,1,1,1,0,0,1,0,0,1,0,1,1
0.00369004,0,1,0,0,1,1,0,0,0,1,0,0,1,0,1,1
0.00369007,1,1,0,0,1,1,1,0,0,1,0,0,1,0,1,1
0.00369011,1,1,0,0,1,1,0,0,0,1,0,0,1,0,1,1
0.00369012,0,1,0,0,1,1,0,0,0,1,0,0,1,0,1,1
0.00369013,1,1,0,0,1,1,0,0,0,1,0,0,1,0,1,1
0.00369014,1,1,0,0,1,1,1,0,0,1,0,0,1,0,1,1
0.00369019,1,1,0,0,1,1,0,0,0,1,0,0,1,0,1,1
0.00369022,1,1,0,0,1,1,1,0,0,1,0,0,1,0,1,1
0.00369025,1,1,0,0,1,1,0,0,0,1,0,0,1,0,1,1
0.00369034,1,1,0,0,1,1,1,0,0,1,0,0,1,0,1,1
0.00369035,1,1,0,0,1,1,0,0,0,1,0,0,1,0,1,1
0.00369036,1,1,0,0,1,1,1,0,0,1,0,0,1,0,0,0
0.00369037,1,1,0,0,1,1,0,0,0,1,0,0,1,1,0,0
0.00369041,1,1,0,0,1,1,1,0,0,1,0,0,1,1,0,0
0.00369042,1,1,0,0,1,1,0,0,0,1,0,0,1,1,0,0
0.00369088,0,1,0,0,1,1,0,0,0,1,0,0,1,1,0,0
0.00369089,0,1,1,1,1,1,0,0,0,1,0,0,1,1,0,0
0.0036909,1,1,0,0,1,1,1,0,0,1,0,0,1,1,0,0
0.00369091,1,1,1,1,1,1,0,0,0,1,0,0,1,1,0,0
0.00369092,1,1,1,1,1,1,0,1,0,1,0,0,1,1,0,0
0.00369093,1,1,1,1,1,1,1,1,0,1,0,0,1,1,0,0
0.00369096,0,0,1,1,1,0,0,1,0,1,0,0,1,1,0,0
0.003691,1,0,1,1,1,0,1,1,0,1,0,0,1,1,0,0
0.00369103,0,0,1,1,1,0,0,1,0,1,0,0,1,1,0,0
0.00369107,1,0,1,1,1,0,0,1,0,1,0,0,1,1,0,0
0.0036911,0,0,1,1,1,0,0,1,0,1,0,0,1,1,0,0
0.00369187,1,1,1,1,1,0,0,1,0,1,0,0,1,1,0,0
0.00369188,1,1,1,1,1,1,1,1,0,1,0,0,1,1,0,0
0.00369195,1,1,0,1,0,0,0,0,0,1,0,0,1,1,0,0
0.00369199,1,1,0,1,0,0,1,0,0,1,0,0,1,1,0,0
0.003692,1,1,1,1,0,1,1,0,0,1,0,0,1,1,0,0
0.00369201,1,1,0,1,0,0,0,0,0,1,0,0,1,1,0,0
0.00369286,1,1,1,1,0,1,1,1,0,1,0,0,1,1,0,0
0.00369287,1,1,1,1,1,1,1,1,0,1,0,0,1,1,0,0
0.00369387,0,0,0,1,1,0,0,1,0,1,0,0,1,1,0,0
0.0036939,1,1,1,1,1,1,1,1,0,1,0,0,1,1,0,0
0.00369396,0,0,1,0,1,0,0,0,0,1,0,0,1,1,0,0
0.00369401,1,1,1,0,1,1,1,0,0,1,0,0,1,1,0,0
0.00369402,1,1,1,1,1,1,1,0,0,1,0,0,1,1,0,0
0.00369403,1,0,1,0,1,1,0,0,0,1,0,0,1,1,0,0
0.00369404,0,0,1,0,1,0,0,0,0,1,0,0,1,1,0,0
0.00369426,0,0,1,0,1,0,0,0,0,0,0,0,1,0,0,0
0.00369428,0,0,1,0,1,0,0,0,0,0,1,0,1,0,0,0
0.00369434,0,0,1,0,1,0,0,0,0,0,0,0,0,0,0,0
0.00369435,0,1,1,0,1,0,0,0,0,0,1,0,1,0,0,0
0.00369436,0,1,1,0,1,0,0,0,0,1,1,0,1,0,0,0
0.00369437,1,1,1,1,1,0,0,0,0,1,1,0,1,0,0,0
0.00369438,0,0,1,1,1,1,1,1,0,0,1,0,1,0,0,0
0.00369439,0,0,1,0,1,0,0,0,0,0,1,0,1,0,0,0
0.00369479,1,1,1,0,1,0,0,0,0,0,1,0,1,0,0,0
0.0036948,1,1,1,1,1,0,0,0,0,0,1,0,1,0,0,0
0.00369481,1,1,1,1,1,1,1,1,0,0,1,0,1,0,0,0
0.00369584,0,0,0,0,0,0,1,0,0,0,1,0,1,0,0,0
0.00369588,1,1,1,1,0,1,1,1,0,0,1,0,1,0,0,0
0.00369592,1,0,0,1,0,1,1,0,0,0,1,0,1,0,0,0
0.00369593,0,0,0,0,0,0,1,0,0,0,1,0,1,0,0,0
0.00369596,1,0,0,1,0,1,1,0,0,0,1,0,1,0,0,0
0.003696,0,0,0,1,0,0,1,0,0,0,1,0,1,0,0,0
0.00369601,0,0,0,0,0,0,1,0,0,0,1,0,1,0,0,0
0.00369605,1,0,0,1,0,1,1,0,0,0,1,0,1,0,0,0
0.00369607,1,0,0,1,0,0,1,0,0,0,1,0,1,0,0,0
0.00369608,0,0,0,1,0,0,1,0,0,0,1,0,1,0,0,0
0.00369609,0,0,0,0,0,0,1,0,0,0,1,0,1,0,0,0
0.00369613,1,0,0,1,0,0,1,0,0,0,1,0,1,0,0,0
0.00369615,0,0,0,1,0,0,1,0,0,0,1,0,1,0,0,0
0.00369616,0,0,0,0,0,0,1,0,0,0,1,0,1,0,0,0
0.0036962,1,0,0,1,0,0,1,0,0,0,1,0,1,0,0,0
0.00369621,0,0,0,1,0,0,1,0,0,0,1,0,1,0,0,0
0.00369622,0,0,0,0,0,0,1,0,0,0,1,0,1,0,0,0
0.00369674,1,0,0,1,0,0,1,0,0,0,1,0,1,0,0,0
0.00369675,0,0,0,0,0,0,1,0,0,0,1,0,1,0,0,0
0.00369677,1,1,1,1,1,0,1,0,0,0,1,0,1,0,0,0
0.00369678,1,1,1,1,1,1,1,1,0,0,1,0,1,0,0,0
0.00369682,1,1,0,0,1,0,0,0,0,0,1,0,1,0,0,0
0.00369686,1,1,1,1,1,1,0,1,0,0,1,0,1,0,0,0
0.00369687,1,1,1,1,1,1,1,1,0,0,1,0,1,0,0,0
0.00369688,1,1,1,1,1,1,0,1,0,0,1,0,1,0,0,0
0.0036969,1,1,1,1,1,0,0,0,0,0,1,0,1,0,0,0
0.00369691,1,1,0,0,1,0,0,0,0,0,1,0,1,0,0,0
0.00369693,1,1,1,1,1,1,0,0,0,0,1,0,1,0,0,0
0.00369694,1,1,1,1,1,1,0,1,0,0,1,0,1,0,0,0
0.00369697,1,1,1,1,1,1,0,0,0,0,1,0,1,0,0,0
0.00369698,1,1,1,1,1,0,0,0,0,0,1,0,1,0,0,0
0.00369699,1,1,1,0,1,0,0,0,0,0,1,0,1,0,0,0
0.003697,1,1,1,1,1,1,0,0,0,0,1,0,1,0,0,0
0.00369714,1,1,1,1,1,0,0,0,0,0,1,0,1,0,0,0
0.00369717,1,1,1,1,1,1,0,0,0,0,1,0,1,0,0,0
0.00369719,1,1,1,1,1,1,0,0,0,0,0,0,1,0,0,0
0.0036972,1,1,1,0,1,0,0,0,1,1,0,0,1,0,0,0
0.00369723,1,1,1,1,1,0,0,0,1,1,0,0,1,0,0,0
0.00369724,1,1,1,1,1,1,0,0,1,1,0,0,1,0,0,0
0.00369726,1,1,1,1,1,1,0,0,1,0,0,0,0,0,0,0
0.00369727,1,1,1,1,1,0,0,0,0,1,0,0,1,0,0,0
0.00369728,1,1,0,0,1,0,0,0,1,1,0,0,1,0,0,0
0.00369731,1,1,1,1,1,0,0,0,1,1,0,0,1,0,0,0
0.00369732,1,1,1,1,1,1,0,0,1,1,0,0,1,0,0,0
0.00369734,1,1,1,1,1,0,0,0,1,1,0,0,1,0,0,0
0.00369735,1,1,0,0,1,0,0,0,1,1,0,0,1,0,0,0
0.00369737,1,1,1,0,1,0,0,0,1,1,0,0,1,0,0,0
0.00369738,1,1,1,1,1,0,0,0,1,1,0,0,1,0,0,0
0.00369742,1,1,1,0,1,0,0,0,1,1,0,0,1,0,0,0
0.00369753,1,1,0,0,1,0,0,0,1,1,0,0,1,0,0,0
0.00369754,1,1,1,0,1,0,0,0,1,1,0,0,1,0,0,0
0.00369756,1,1,0,0,1,0,0,0,1,1,0,0,1,0,0,0
0.00369758,1,1,1,0,1,0,0,0,1,1,0,0,1,0,0,0
0.0036976,1,1,0,0,1,0,0,0,1,1,0,0,1,0,0,0
0.00369763,1,1,1,0,1,0,0,0,1,1,0,0,1,0,0,0
0.00369765,1,1,0,0,1,0,0,0,1,1,0,0,1,0,0,0
0.0036977,1,1,1,1,1,0,0,0,1,1,0,0,1,0,0,0
0.00369771,1,1,0,0,1,0,0,0,1,1,0,0,1,0,0,0
0.00369772,1,1,1,1,1,0,0,0,1,1,0,0,1,0,0,0
0.00369774,1,1,1,1,1,1,0,1,1,1,0,0,1,0,0,0
0.00369775,1,1,1,1,1,1,1,1,1,1,0,0,1,0,0,0
0.00369779,1,0,1,1,1,1,0,1,1,1,0,0,1,0,0,0
0.0036978,1,0,0,0,1,1,0,1,1,1,0,0,1,0,0,0
0.00369783,1,0,1,1,1,1,1,1,1,1,0,0,1,0,0,0
0.00369784,1,1,1,1,1,1,1,1,1,1,0,0,1,0,0,0
0.00369786,1,0,1,1,1,1,0,1,1,1,0,0,1,0,0,0
0.00369787,1,0,0,0,1,1,0,1,1,1,0,0,1,0,0,0
0.0036979,1,0,1,1,1,1,0,1,1,1,0,0,1,0,0,0
0.00369794,1,0,0,0,1,1,0,1,1,1,0,0,1,0,0,0
0.00369798,1,0,1,1,1,1,0,1,1,1,0,0,1,0,0,0
0.003698,1,0,1,0,1,1,0,1,1,1,0,0,1,0,0,0
0.00369801,1,0,0,0,1,1,0,1,1,1,0,0,1,0,0,0
0.00369804,1,0,1,0,1,1,0,1,1,1,0,0,1,0,0,0
0.00369806,1,0,0,0,1,1,0,1,1,1,0,0,1,0,0,0
0.00369869,1,0,1,0,1,1,0,1,1,1,0,0,1,0,0,0
0.0036987,1,1,1,1,1,1,0,1,1,1,0,0,1,0,0,0
0.00369872,1,1,1,1,1,1,1,1,1,1,0,0,1,0,0,0
0.00369878,0,1,0,0,1,0,0,0,1,1,0,0,1,0,0,0
0.00369881,0,1,1,0,1,0,0,0,1,1,0,0,1,0,0,0
0.00369882,1,1,1,1,1,1,1,1,1,1,0,0,1,0,0,0
0.00369885,1,1,1,1,1,0,0,0,1,1,0,0,1,0,0,0
0.00369886,0,1,1,1,1,0,0,0,1,1,0,0,1,0,0,0
0.00369887,0,1,0,0,1,0,0,0,1,1,0,0,1,0,0,0
0.00369889,0,1,1,1,1,0,0,0,1,1,0,0,1,0,0,0
0.00369915,0,1,1,1,1,0,0,0,0,1,0,0,1,0,0,0
0.00369918,0,1,1,0,1,0,0,0,0,1,0,0,1,0,0,0
0.00369919,0,1,1,1,1,0,0,0,0,1,0,0,1,0,0,0
0.00369922,0,1,1,1,1,0,0,0,0,0,0,0,0,0,0,0
0.00369923,0,1,1,1,1,0,0,0,0,1,0,0,1,0,0,0
0.00369925,0,1,1,0,1,0,0,0,0,1,0,0,1,0,0,0
0.00369927,0,1,1,1,1,0,0,0,0,1,0,0,1,0,0,0
0.00369931,0,1,1,0,1,0,0,0,0,1,0,0,1,0,0,0
0.00369934,0,1,1,1,1,0,0,0,0,1,0,0,1,0,0,0
0.00369937,0,1,1,0,1,0,0,0,0,1,0,0,1,0,0,0
0.0036994,0,1,1,1,1,0,0,0,0,1,0,0,1,0,0,0
0.00369941,0,1,1,0,1,0,0,0,0,1,0,0,1,0,0,0
0.0036996,0,1,0,0,1,0,0,0,0,1,0,0,1,0,0,0
0.00369961,0,1,1,0,1,0,0,0,0,1,0,0,1,0,0,0
0.00369962,0,1,0,0,1,0,0,0,0,1,0,0,1,0,0,0
0.00369963,0,1,1,0,1,0,0,0,0,1,0,0,1,0,0,0
0.00369964,0,1,0,0,1,0,0,0,0,1,0,0,1,0,0,0
0.00369965,0,1,1,0,1,0,0,0,0,1,0,0,1,0,0,0
0.00369966,0,1,0,0,1,0,0,0,0,1,0,0,1,0,0,0
0.00369967,1,1,0,0,1,0,0,0,0,1,0,0,1,0,0,0
0.00369968,1,1,1,1,1,0,0,0,0,1,0,0,1,0,0,0
0.00369969,0,1,1,1,1,1,0,1,0,1,0,0,1,0,0,0
0.0036997,1,1,1,1,1,1,1,1,0,1,0,0,1,0,0,0
0.00369974,1,1,0,0,1,1,0,0,0,1,0,0,1,0,0,0
0.00369978,1,1,1,1,1,1,1,1,0,1,0,0,1,0,0,0
0.0036998,1,1,1,1,1,1,0,0,0,1,0,0,1,0,0,0
0.00369981,1,1,0,0,1,1,0,0,0,1,0,0,1,0,0,0
0.00369985,1,1,1,1,1,1,0,0,0,1,0,0,1,0,0,0
0.00369987,1,1,1,0,1,1,0,0,0,1,0,0,1,0,0,0
0.00369988,1,1,0,0,1,1,0,0,0,1,0,0,1,0,0,0
0.00370065,1,1,1,1,1,1,0,0,0,1,0,0,1,0,0,0
0.00370066,1,1,1,1,1,1,1,1,0,1,0,0,1,0,0,0
0.00370073,1,0,0,0,1,0,0,0,0,1,0,0,1,0,0,0
0.00370077,1,0,1,1,1,1,1,1,0,1,0,0,1,0,0,0
0.00370078,1,1,1,1,1,1,1,1,0,1,0,0,1,0,0,0
0.0037008,1,0,1,1,1,0,0,1,0,1,0,0,1,0,0,0
0.00370081,1,0,1,0,1,0,0,0,0,1,0,0,1,0,0,0
0.00370082,1,0,0,0,1,0,0,0,0,1,0,0,1,0,0,0
0.00370085,1,0,1,1,1,0,0,0,0,1,0,0,1,0,0,0
0.00370089,1,0,1,0,1,0,0,0,0,1,0,0,1,0,0,0
0.0037009,1,0,0,0,1,0,0,0,0,1,0,0,1,0,0,0
0.00370092,1,0,1,0,1,0,0,0,0,1,0,0,1,0,0,0
0.00370093,1,0,1,1,1,0,0,0,0,1,0,0,1,0,0,0
0.00370095,1,0,1,0,1,0,0,0,0,1,0,0,1,0,0,0
0.00370104,1,0,0,0,1,0,0,0,0,1,0,0,1,0,0,0
0.00370107,1,0,1,0,1,0,0,0,0,1,0,0,1,0,0,0
0.0037011,1,0,1,0,1,0,0,0,0,0,0,0,1,0,0,0
0.00370111,1,0,0,0,1,0,0,0,1,0,0,0,1,0,0,0
0.00370115,1,0,1,0,1,0,0,0,1,0,0,0,1,0,0,0
0.00370117,1,0,1,0,1,0,0,0,0,0,0,0,0,0,0,0
0.00370118,1,0,0,0,1,0,0,0,1,0,0,0,1,0,0,0
0.00370123,1,0,1,0,1,0,0,0,1,0,0,0,1,0,0,0
0.00370125,1,0,0,0,1,0,0,0,1,0,0,0,1,0,0,0
0.00370162,1,0,1,0,1,0,0,0,1,0,0,0,1,0,0,0
0.00370163,1,1,1,1,1,0,0,0,1,0,0,0,1,0,0,0
0.00370164,1,1,1,1,1,1,1,1,1,0,0,0,1,0,0,0
0.00370165,1,1,0,1,1,1,1,1,1,0,0,0,1,0,0,0
0.00370166,1,1,1,1,1,1,1,1,1,0,0,0,1,0,0,0
0.0037017,0,0,1,1,1,0,0,1,1,0,0,0,1,0,0,0
0.00370174,1,1,1,1,1,1,1,1,1,0,0,0,1,0,0,0
0.00370176,0,1,1,1,1,1,0,1,1,0,0,0,1,0,0,0
0.00370177,0,0,1,1,1,0,0,1,1,0,0,0,1,0,0,0
0.0037026,1,1,1,1,1,0,0,1,1,0,0,0,1,0,0,0
0.00370261,1,1,1,1,1,0,1,1,1,0,0,0,1,0,0,0
0.00370262,1,1,1,1,1,1,1,1,1,0,0,0,1,0,0,0
0.00370263,1,0,1,1,1,1,1,1,1,0,0,0,1,0,0,0
0.00370264,1,1,1,1,1,1,1,1,1,0,0,0,1,0,0,0
0.00370268,1,1,0,0,0,1,1,1,1,0,0,0,1,0,0,0
0.00370269,0,1,0,0,0,0,0,1,1,0,0,0,1,0,0,0
0.00370272,1,1,1,1,0,1,0,1,1,0,0,0,1,0,0,0
0.00370273,1,1,1,1,0,1,1,1,1,0,0,0,1,0,0,0
0.00370276,1,1,1,1,0,1,0,1,1,0,0,0,1,0,0,0
0.00370277,1,1,0,0,0,0,0,1,1,0,0,0,1,0,0,0
0.00370278,0,1,0,0,0,0,0,1,1,0,0,0,1,0,0,0
0.0037028,1,1,1,0,0,1,0,1,1,0,0,0,1,0,0,0
0.00370281,1,1,1,1,0,1,0,1,1,0,0,0,1,0,0,0
0.00370285,1,1,1,0,0,1,0,1,1,0,0,0,1,0,0,0
0.00370286,1,1,1,0,0,0,0,1,1,0,0,0,1,0,0,0
0.00370287,1,1,1,0,0,1,0,1,1,0,0,0,1,0,0,0
0.00370289,1,1,1,1,0,1,0,1,1,0,0,0,1,0,0,0
0.00370291,1,1,1,0,0,1,0,1,1,0,0,0,1,0,0,0
0.00370293,1,1,1,1,0,1,0,1,1,0,0,0,1,0,0,0
0.00370294,1,1,1,0,0,1,0,1,1,0,0,0,1,0,0,0
0.00370297,1,1,1,1,0,1,0,1,1,0,0,0,1,0,0,0
0.00370299,1,1,1,0,0,1,0,1,1,0,0,0,1,0,0,0
0.003703,1,1,1,0,0,0,0,1,1,0,0,0,1,0,0,0
0.00370301,1,1,1,0,0,1,0,1,1,0,0,0,1,0,0,0
0.00370305,1,1,1,1,0,1,0,1,0,0,0,0,0,0,0,0
0.00370306,1,1,1,1,0,1,0,1,0,1,0,0,0,0,1,0
0.00370307,1,1,1,0,0,0,0,1,0,1,0,0,0,0,1,0
0.00370308,0,1,1,0,0,0,0,1,0,1,0,0,0,0,1,0
0.0037031,1,1,1,1,0,1,0,1,0,1,0,0,0,0,1,0
0.00370312,1,1,1,1,0,1,0,1,0,0,0,0,0,0,0,0
0.00370313,1,1,1,0,0,0,0,1,0,1,0,0,0,0,1,0
0.00370314,0,1,1,0,0,0,0,1,0,1,0,0,0,0,1,0
0.00370316,0,1,0,0,0,0,0,1,0,1,0,0,0,0,1,0
0.00370317,0,1,1,0,0,0,0,1,0,1,0,0,0,0,1,0
0.00370318,1,1,1,1,0,1,0,1,0,1,0,0,0,0,1,0
0.00370321,0,1,1,0,0,0,0,1,0,1,0,0,0,0,1,0
0.00370354,0,1,0,0,0,0,0,1,0,1,0,0,0,0,1,0
0.00370356,0,1,1,1,0,0,0,1,0,1,0,0,0,0,1,0
0.00370357,1,1,1,1,0,1,0,1,0,1,0,0,0,0,1,0
0.00370358,1,1,1,1,1,1,0,1,0,1,0,0,0,0,1,0
0.00370359,1,0,0,1,0,0,0,0,0,1,0,0,0,0,1,0
0.00370361,1,0,0,1,0,1,0,0,0,1,0,0,0,0,1,0
0.00370362,1,0,1,1,0,1,0,0,0,1,0,0,0,0,1,0
0.00370363,1,1,1,1,1,1,1,0,0,1,0,0,0,0,1,0
0.00370364,1,0,1,1,0,1,1,0,0,1,0,0,0,0,1,0
0.00370365,1,0,1,1,0,1,0,0,0,1,0,0,0,0,1,0
0.00370366,1,0,0,1,0,1,0,0,0,1,0,0,0,0,1,0
0.0037037,1,0,1,1,0,1,0,0,0,1,0,0,0,0,1,0
0.00370374,1,0,0,1,0,1,0,0,0,1,0,0,0,0,1,0
0.00370377,1,0,1,1,0,1,0,0,0,1,0,0,0,0,1,0
0.00370386,1,0,0,1,0,1,0,0,0,1,0,0,0,0,1,0
0.00370387,1,0,1,1,0,1,0,0,0,1,0,0,0,0,1,0
0.0037039,1,0,0,1,0,1,0,0,0,1,0,0,0,0,1,0
0.00370392,1,0,1,1,0,1,0,0,0,1,0,0,0,0,1,0
0.00370394,1,0,0,1,0,1,0,0,0,1,0,0,0,0,1,0
0.00370395,1,0,1,1,0,1,0,0,0,1,0,0,0,0,1,0
0.00370396,1,0,0,1,0,1,0,0,0,1,0,0,0,0,1,0
0.00370401,1,0,1,1,0,1,0,0,0,1,0,0,0,0,1,0
0.00370402,1,0,1,1,0,1,1,0,0,1,0,0,0,0,1,0
0.00370403,1,0,1,1,0,1,0,1,0,1,0,0,0,0,1,0
0.00370449,1,1,1,1,1,1,1,1,0,1,0,0,0,0,1,0
0.0037045,1,0,1,1,0,1,0,0,0,1,0,0,0,0,1,0
0.00370451,0,0,0,1,0,1,0,0,0,1,0,0,0,0,1,0
0.00370452,0,0,0,1,1,1,0,0,0,1,0,0,0,0,1,0
0.00370453,0,1,0,1,1,1,0,0,0,1,0,0,0,0,1,0
0.00370454,1,1,1,1,1,1,1,0,0,1,0,0,0,0,1,0
0.00370455,1,0,1,1,1,1,1,1,0,1,0,0,0,0,1,0
0.00370456,0,0,0,1,1,1,0,0,0,1,0,0,0,0,1,0
0.00370458,0,0,0,1,0,1,0,0,0,1,0,0,0,0,1,0
0.00370459,1,1,1,1,0,1,0,0,0,1,0,0,0,0,1,0
0.0037046,1,1,1,1,1,1,1,1,0,1,0,0,0,0,1,0
0.00370463,1,1,1,1,1,0,0,1,0,1,0,0,0,0,1,0
0.00370465,1,1,1,1,1,1,1,1,0,1,0,0,0,0,1,0
0.00370468,0,1,0,1,1,0,1,1,0,1,0,0,0,0,1,0
0.00370469,0,1,0,0,1,0,1,1,0,1,0,0,0,0,1,0
0.00370474,0,1,1,0,1,0,1,1,0,1,0,0,0,0,1,0
0.00370475,0,1,0,0,1,0,1,1,0,1,0,0,0,0,1,0
0.00370501,0,1,0,0,1,0,1,1,0,1,0,0,1,0,1,1
0.00370555,0,1,1,0,1,0,1,1,0,1,0,0,1,0,1,1
0.00370556,1,1,1,1,1,1,1,1,0,1,0,0,1,0,1,1
0.00370561,1,0,0,1,0,1,0,0,0,1,0,0,1,0,1,1
0.00370565,1,1,1,1,0,1,0,0,0,1,0,0,1,0,1,1
0.00370566,1,1,1,1,0,1,0,1,0,1,0,0,1,0,1,1
0.00370567,1,1,1,1,0,1,0,0,0,1,0,0,1,0,1,1
0.00370568,1,0,1,1,0,1,0,0,0,1,0,0,1,0,1,1
0.00370569,1,0,0,1,0,1,0,0,0,1,0,0,1,0,1,1
0.00370573,1,0,1,1,0,1,0,0,0,1,0,0,1,0,1,1
0.00370575,1,0,0,1,0,1,0,0,0,1,0,0,1,0,1,1
0.003706,1,0,1,1,0,1,0,0,0,1,0,0,1,0,1,1
0.00370601,1,0,0,1,0,1,0,0,0,1,0,0,1,0,1,1
0.00370651,1,0,1,1,0,1,0,0,0,1,0,0,1,0,1,1
0.00370652,1,1,1,1,0,1,0,1,0,1,0,0,1,0,1,1
0.00370653,1,1,1,1,1,1,1,1,0,1,0,0,1,0,1,1
0.00370749,1,0,1,0,0,0,0,0,0,1,0,0,1,0,1,1
0.0037075,0,0,0,0,0,0,0,0,0,1,0,0,1,0,1,1
0.00370752,0,0,1,0,0,0,0,1,0,1,0,0,1,0,1,1
0.00370753,1,1,1,0,0,0,0,1,0,1,0,0,1,0,1,1
0.00370754,1,1,1,0,1,0,1,1,0,1,0,0,1,0,1,1
0.00370755,0,1,1,0,0,0,0,1,0,1,0,0,1,0,1,1
0.00370756,0,0,1,0,0,0,0,1,0,1,0,0,1,0,1,1
0.00370839,1,0,1,0,0,0,0,1,0,1,0,0,1,0,1,1
0.0037084,0,0,1,0,0,0,0,1,0,1,0,0,1,0,1,1
0.00370845,1,1,1,0,0,0,0,1,0,1,0,0,1,0,1,1
0.00370846,1,0,1,0,0,0,0,1,0,1,0,0,1,0,1,1
0.00370847,0,0,1,0,0,0,0,1,0,1,0,0,1,0,1,1
0.00370849,1,1,1,1,1,1,1,1,0,1,0,0,1,0,1,1
0.00370852,1,1,0,1,1,0,0,1,0,1,0,0,1,0,1,1
0.00370854,1,1,1,1,1,1,1,1,0,1,0,0,1,0,1,1
0.0037086,0,1,0,0,1,1,0,0,0,1,0,0,1,0,1,1
0.00370865,1,1,1,0,1,1,0,0,0,1,0,0,1,0,1,1
0.00370867,1,1,0,0,1,1,0,0,0,1,0,0,1,0,1,1
0.00370868,0,1,0,0,1,1,0,0,0,1,0,0,1,0,1,1
0.00370891,0,1,0,0,1,1,0,0,0,1,0,0,1,0,0,0
0.00370892,0,1,0,0,1,1,0,0,0,1,0,0,1,1,0,0
0.00370944,1,1,0,1,1,1,0,0,0,1,0,0,1,1,0,0
0.00370945,1,1,1,1,1,1,0,0,0,1,0,0,1,1,0,0
0.00370947,1,1,1,1,1,1,0,1,0,1,0,0,1,1,0,0
0.00370948,1,1,1,1,1,1,1,1,0,1,0,0,1,1,0,0
0.00370951,1,1,1,1,1,1,0,1,0,1,0,0,1,1,0,0
0.00370952,1,1,1,1,1,0,0,1,0,1,0,0,1,1,0,0
0.00370956,1,1,1,1,1,1,1,1,0,1,0,0,1,1,0,0
0.00370957,1,1,1,1,1,0,0,1,0,1,0,0,1,1,0,0
0.00371043,1,1,1,1,1,1,0,1,0,1,0,0,1,1,0,0
0.00371046,1,1,1,1,1,1,1,1,0,1,0,0,1,1,0,0
0.00371047,1,1,1,1,1,1,0,1,0,1,0,0,1,1,0,0
0.00371048,1,1,0,1,0,0,0,0,0,1,0,0,1,1,0,0
0.00371053,1,1,1,1,0,1,0,0,0,1,0,0,1,1,0,0
0.00371054,1,1,0,1,0,0,0,0,0,1,0,0,1,1,0,0
0.00371141,1,1,1,1,0,0,0,0,0,1,0,0,1,1,0,0
0.00371142,1,1,1,1,1,1,0,1,0,1,0,0,1,1,0,0
0.00371143,1,1,1,1,1,1,1,1,0,1,0,0,1,1,0,0
0.00371239,1,1,1,1,1,1,0,0,0,1,0,0,1,1,0,0
0.0037124,1,1,0,1,1,1,0,0,0,1,0,0,1,1,0,0
0.00371241,0,0,0,1,1,0,0,1,0,1,0,0,1,1,0,0
0.00371281,0,0,0,1,1,0,0,1,0,0,0,0,1,0,0,0
0.00371283,0,0,0,1,1,0,0,1,0,0,0,1,1,0,1,0
0.00371337,1,1,1,1,1,1,1,1,0,0,0,1,1,0,1,0
0.00371341,1,1,0,1,1,1,0,0,0,0,0,1,1,0,1,0
0.00371342,1,1,0,0,0,1,0,0,0,0,0,1,1,0,1,0
0.00371435,1,1,0,0,0,1,1,1,0,0,0,1,1,0,1,0
0.00371436,1,1,1,1,1,1,1,1,0,0,0,1,1,0,1,0
0.00371477,1,1,1,1,1,1,1,1,0,1,1,1,1,0,1,0
0.00371478,1,1,1,1,1,1,1,1,1,1,1,1,1,1,1,1
